Date,prcp(mm/day),srad(W/m2),tmax(C),tmin(C),vp(Pa),flow(mm/day)
1980-01-01,0.0,335.07,16.04,-1.47,203.65,0.00914206796048483
1980-01-02,0.0,341.95,15.95,-2.66,185.72,0.00914206796048483
1980-01-03,0.0,340.41,15.29,-2.58,189.43,0.007999309465424227
1980-01-04,0.0,353.39,16.91,-3.93,165.34,0.007999309465424227
1980-01-05,0.0,353.0,16.97,-3.12,174.88,0.007999309465424227
1980-01-06,0.0,317.15,14.89,0.12,245.72,0.007999309465424227
1980-01-07,0.0,289.04,15.18,2.73,305.29,0.007999309465424227
1980-01-08,0.34,220.35,12.32,3.53,439.91,0.00914206796048483
1980-01-09,18.98,177.59,12.44,2.87,518.18,0.010856205703075735
1980-01-10,34.95,85.03,9.92,5.64,918.52,0.03542551334687872
1980-01-11,27.11,83.73,10.31,6.12,953.32,1.1027619477334827
1980-01-12,11.84,89.5,12.62,8.07,1085.86,2.1826687255657533
1980-01-13,9.51,144.71,15.27,8.53,1122.18,0.5370964926784838
1980-01-14,0.0,199.16,14.82,6.96,1006.95,0.2399792839627268
1980-01-15,8.67,233.0,14.1,3.55,792.87,0.6342309647586352
1980-01-16,0.0,304.77,14.44,1.11,662.1,0.2571206613886359
1980-01-17,6.9,254.12,13.79,1.03,663.68,0.1828413592096966
1980-01-18,13.91,139.82,12.3,5.14,890.95,0.19426894416030266
1980-01-19,13.57,186.77,9.8,0.17,628.11,2.1598135556645413
1980-01-20,1.57,286.33,10.54,-0.93,576.22,0.7370792293140894
1980-01-21,3.95,170.8,11.15,2.5,733.6,0.5713792475303019
1980-01-22,0.64,216.46,10.34,2.1,712.02,0.4742447754501506
1980-01-23,0.0,354.51,13.34,-3.19,492.81,0.30283100119106
1980-01-24,0.0,377.53,15.75,-4.31,454.54,0.22855169901212077
1980-01-25,0.0,374.0,15.69,-3.14,490.13,0.19426894416030266
1980-01-26,0.0,376.66,14.55,-4.11,460.14,0.1771275667343936
1980-01-27,0.0,362.84,15.16,-1.49,551.71,0.14855860435787852
1980-01-28,0.0,297.23,13.26,1.79,698.46,0.13713101940727246
1980-01-29,33.65,144.53,11.11,4.39,840.71,0.41710685069712045
1980-01-30,34.89,148.78,13.13,6.16,949.82,13.484550241715125
1980-01-31,0.0,292.81,17.09,6.09,945.98,2.085534253485602
1980-02-01,0.0,367.81,19.19,2.91,764.08,1.0113412681286345
1980-02-02,0.0,394.79,20.26,0.41,642.14,0.6685137196104532
1980-02-03,0.0,396.84,21.71,1.71,697.73,0.49138615287605963
1980-02-04,0.0,399.79,20.46,0.79,656.75,0.40567926574651436
1980-02-05,0.0,401.52,22.18,1.9,707.17,0.3542551334687872
1980-02-06,0.0,392.46,22.38,3.7,802.43,0.33711375604287813
1980-02-07,0.0,371.2,16.36,0.97,666.6,0.30283100119106
1980-02-08,0.0,304.98,11.98,1.07,662.47,0.28568962376515095
1980-02-09,0.0,359.96,11.37,-2.71,506.61,0.2628344538639389
1980-02-10,0.0,395.46,12.8,-4.58,443.67,0.24569307643802982
1980-02-11,0.0,410.95,14.8,-4.79,439.38,0.22855169901212077
1980-02-12,0.0,411.1,16.39,-3.51,480.56,0.21141032158621173
1980-02-13,22.65,274.71,15.63,-0.13,614.14,0.19998273663560567
1980-02-14,32.87,149.58,13.17,5.9,934.36,9.484895509003012
1980-02-15,36.67,129.58,13.31,7.22,1018.47,25.597790289357526
1980-02-16,21.28,174.73,12.5,4.28,832.33,7.885033615918167
1980-02-17,13.64,173.85,13.1,4.93,871.65,6.627999271351502
1980-02-18,18.27,127.69,13.0,7.21,1020.41,4.6453132824213546
1980-02-19,44.9,143.74,13.6,7.14,1017.26,14.97013628529391
1980-02-20,36.66,207.83,13.3,3.72,804.57,19.141204792265114
1980-02-21,16.49,169.75,11.85,4.33,839.78,19.141204792265114
1980-02-22,3.95,279.87,15.12,4.33,835.24,13.655964015974215
1980-02-23,0.0,399.23,16.06,0.96,660.99,4.433902960835143
1980-02-24,0.0,428.7,18.86,1.37,681.87,2.9483169172563577
1980-02-25,0.0,439.12,19.67,1.36,686.86,2.1883825180410565
1980-02-26,0.0,455.13,22.08,1.59,699.61,1.75984808239333
1980-02-27,0.0,467.84,23.96,1.25,682.45,1.5312963833812092
1980-02-28,0.0,459.44,23.37,1.97,712.92,1.1884688348630281
1980-02-29,0.0,452.89,21.91,1.53,691.67,1.0284826455545435
1980-03-01,0.0,439.51,19.36,0.68,655.12,1.0513378154557556
1980-03-02,0.0,311.13,17.71,6.48,963.17,0.9313481734743921
1980-03-03,17.61,222.0,16.82,6.69,984.58,1.3313136467456033
1980-03-04,9.4,239.29,15.26,4.6,850.57,1.3484550241715125
1980-03-05,0.0,420.91,16.89,1.54,687.16,0.9484895509003012
1980-03-06,0.0,410.54,17.11,2.56,735.95,0.9142067960484831
1980-03-07,9.27,319.62,15.92,1.05,663.33,1.0113412681286345
1980-03-08,0.0,464.91,16.06,-1.54,554.63,0.7542206067399986
1980-03-09,0.0,470.23,18.0,-0.27,605.32,0.7713619841659075
1980-03-10,12.42,310.43,16.57,4.71,857.79,0.868496456246059
1980-03-11,19.75,192.67,13.91,6.28,953.6,2.011254951306663
1980-03-12,1.52,380.87,15.71,3.48,791.52,1.1313309101099978
1980-03-13,0.0,492.15,18.89,-0.04,623.11,0.891351626147271
1980-03-14,0.0,491.12,20.22,1.46,689.05,0.6856550970363623
1980-03-15,0.0,483.69,19.49,1.32,681.89,0.6342309647586352
1980-03-16,0.0,459.11,18.07,1.72,698.87,0.5828068324809079
1980-03-17,0.0,490.9,18.08,-0.79,590.36,0.49138615287605963
1980-03-18,0.0,476.41,18.62,0.74,651.06,0.39425168079590833
1980-03-19,14.42,297.68,17.54,3.86,804.83,0.7827895691165135
1980-03-20,0.0,451.31,17.21,0.8,651.26,0.7885033615918167
1980-03-21,0.0,466.89,18.21,0.73,650.24,0.7199378518881804
1980-03-22,0.9,397.39,17.88,3.18,769.78,0.7027964744622714
1980-03-23,2.09,343.26,13.41,0.76,652.91,0.891351626147271
1980-03-24,0.0,443.77,16.67,0.77,653.77,0.9199205885237861
1980-03-25,0.0,376.82,16.23,3.75,804.49,0.8056447390177257
1980-03-26,0.0,292.73,12.79,3.79,806.48,0.7485068142646955
1980-03-27,0.16,384.56,14.8,2.57,743.2,0.7313654368387864
1980-03-28,0.0,374.27,13.15,1.78,703.62,0.5542378701043928
1980-03-29,0.0,460.09,14.17,-0.74,588.66,0.5256689077278778
1980-03-30,0.0,529.59,17.71,-2.08,535.64,0.5028137378266657
1980-03-31,0.0,497.35,17.57,0.43,640.0,0.4799585679254536
1980-04-01,0.0,508.95,15.48,-2.25,525.65,0.45710339802424155
1980-04-02,12.35,294.99,13.11,1.06,662.18,0.5713792475303019
1980-04-03,0.0,520.97,16.32,-2.72,513.22,0.5256689077278778
1980-04-04,0.0,530.39,20.88,0.63,646.93,0.4856723604007566
1980-04-05,0.0,504.26,21.09,2.84,757.48,0.45710339802424155
1980-04-06,0.0,500.25,20.56,2.69,753.08,0.4399620205983325
1980-04-07,0.0,515.02,22.21,3.12,776.3,0.4285344356477265
1980-04-08,0.0,544.55,23.68,1.79,716.69,0.41710685069712045
1980-04-09,0.0,542.3,25.36,3.23,783.47,0.4113930582218174
1980-04-10,0.0,544.09,26.1,3.32,788.76,0.39996547327121135
1980-04-11,0.0,542.09,25.24,2.62,758.05,0.3885378883206053
1980-04-12,0.0,445.9,18.56,3.32,790.28,0.3771103033699993
1980-04-13,0.0,482.89,19.06,2.01,719.0,0.3656827184193932
1980-04-14,0.0,543.39,22.74,0.61,659.69,0.3599689259440902
1980-04-15,0.0,549.69,26.19,2.98,773.38,0.34854134099348416
1980-04-16,0.0,550.2,28.47,4.63,873.94,0.34282754851818115
1980-04-17,0.0,545.86,29.35,5.72,939.79,0.3313999635675751
1980-04-18,0.0,527.08,29.98,7.74,1073.1,0.3256861710922721
1980-04-19,0.0,513.45,30.62,9.24,1182.25,0.314258586141666
1980-04-20,0.0,458.2,30.11,12.27,1432.42,0.308544793666363
1980-04-21,0.0,395.02,28.25,13.79,1578.99,0.30283100119106
1980-04-22,0.0,471.98,25.95,8.16,1099.02,0.29140341624045396
1980-04-23,0.0,465.88,20.68,3.96,816.03,0.28568962376515095
1980-04-24,0.0,463.74,15.27,-0.96,586.09,0.2742620388145449
1980-04-25,0.0,509.43,21.2,1.39,693.77,0.28568962376515095
1980-04-26,0.0,494.1,24.48,5.4,909.39,0.27997583128984793
1980-04-27,0.0,457.47,27.1,9.47,1197.76,0.25140686891333286
1980-04-28,0.0,503.6,27.34,6.99,1016.03,0.24569307643802982
1980-04-29,11.89,344.81,25.62,8.61,1132.0,0.2571206613886359
1980-04-30,11.02,269.17,16.96,4.82,873.53,0.29711720871575703
1980-05-01,2.04,350.18,17.71,4.9,884.71,0.29711720871575703
1980-05-02,0.0,474.58,23.19,5.44,920.67,0.2571206613886359
1980-05-03,0.0,498.48,25.34,5.94,957.43,0.2399792839627268
1980-05-04,0.0,483.97,27.43,8.6,1143.93,0.22855169901212077
1980-05-05,0.0,456.22,27.82,10.53,1294.56,0.22283790653681776
1980-05-06,0.0,501.05,28.09,8.19,1111.36,0.21712411406151474
1980-05-07,0.0,427.78,27.24,11.4,1359.79,0.21141032158621173
1980-05-08,0.0,497.04,26.14,7.04,1021.92,0.21141032158621173
1980-05-09,0.0,495.08,26.19,7.28,1035.08,0.21141032158621173
1980-05-10,0.0,413.22,24.46,9.96,1236.91,0.19998273663560567
1980-05-11,0.0,353.33,20.99,9.4,1193.41,0.19998273663560567
1980-05-12,0.0,523.31,19.62,0.26,638.2,0.2056965291109087
1980-05-13,0.0,532.97,23.49,2.88,770.18,0.19998273663560567
1980-05-14,0.0,423.07,23.58,8.97,1158.69,0.18855515168499964
1980-05-15,1.06,473.57,21.47,4.98,887.71,0.1828413592096966
1980-05-16,0.12,481.92,23.25,6.3,973.09,0.19426894416030266
1980-05-17,0.0,498.85,25.88,7.81,1054.51,0.14855860435787852
1980-05-18,0.0,529.64,28.28,7.96,1044.77,0.15998618930848452
1980-05-19,0.0,537.99,29.95,8.85,1068.95,0.14855860435787852
1980-05-20,0.0,548.05,32.35,10.27,1031.61,0.14284481188257547
1980-05-21,0.0,546.81,31.92,10.28,902.35,0.13713101940727246
1980-05-22,0.0,553.28,30.0,8.36,734.89,0.13713101940727246
1980-05-23,0.0,529.87,26.5,6.93,693.85,0.13141722693196944
1980-05-24,0.0,506.11,25.49,7.3,742.9,0.13141722693196944
1980-05-25,0.0,537.76,21.15,1.33,501.57,0.12570343445666643
1980-05-26,0.0,534.93,24.24,4.52,594.55,0.12570343445666643
1980-05-27,0.0,543.55,25.48,4.99,599.75,0.1199896419813634
1980-05-28,0.0,541.25,25.3,5.06,603.84,0.11427584950606039
1980-05-29,0.0,572.97,26.37,3.36,515.94,0.11427584950606039
1980-05-30,0.0,573.26,27.76,4.29,540.39,0.10856205703075737
1980-05-31,0.0,553.76,27.56,5.5,600.86,0.10856205703075737
1980-06-01,0.0,550.75,26.47,4.63,576.74,0.10284826455545434
1980-06-02,0.0,556.23,26.77,4.65,499.45,0.09713447208015133
1980-06-03,0.0,534.38,28.78,8.17,586.83,0.09713447208015133
1980-06-04,0.0,558.21,30.46,7.8,544.0,0.0914206796048483
1980-06-05,0.0,557.81,31.1,8.33,560.97,0.08570688712954529
1980-06-06,0.0,527.6,30.77,10.2,616.03,0.08570688712954529
1980-06-07,0.0,548.44,32.53,10.21,586.51,0.07999309465424226
1980-06-08,0.0,576.68,34.53,9.46,528.64,0.07999309465424226
1980-06-09,0.0,576.54,35.35,10.18,518.38,0.07427930217893926
1980-06-10,0.0,572.38,35.34,10.52,485.75,0.07427930217893926
1980-06-11,0.0,570.37,34.86,10.17,474.75,0.07427930217893926
1980-06-12,0.0,554.86,34.71,11.36,512.88,0.06856550970363623
1980-06-13,0.0,542.01,34.69,12.17,545.18,0.06856550970363623
1980-06-14,0.0,537.81,34.24,12.01,541.24,0.06285171722833321
1980-06-15,0.0,580.88,35.34,8.87,431.75,0.06285171722833321
1980-06-16,0.0,572.21,36.55,10.75,491.96,0.05713792475303019
1980-06-17,0.0,562.59,36.81,11.87,530.83,0.05713792475303019
1980-06-18,0.0,537.03,36.65,13.84,598.02,0.055995166257969596
1980-06-19,0.0,518.11,36.17,14.77,640.8,0.05370964926784839
1980-06-20,0.0,541.62,36.15,13.04,568.46,0.05199551152525748
1980-06-21,0.0,527.27,35.96,13.93,602.22,0.050281373782666575
1980-06-22,0.0,543.09,36.06,12.76,558.77,0.048567236040075665
1980-06-23,0.0,546.98,35.95,12.27,538.77,0.046853098297484755
1980-06-24,0.0,550.56,35.85,11.82,525.02,0.04513896055489385
1980-06-25,0.0,544.14,36.87,13.12,574.43,0.04342482281230294
1980-06-26,0.0,540.18,38.33,14.63,639.81,0.042282064317242345
1980-06-27,0.0,491.4,38.28,18.02,794.9,0.040567926574651435
1980-06-28,0.0,507.66,39.43,18.01,794.82,0.03885378883206053
1980-06-29,0.0,475.59,39.28,19.89,902.12,0.03771103033699992
1980-06-30,2.26,409.82,37.57,18.22,808.92,0.03656827184193932
1980-07-01,3.49,361.16,34.64,15.84,702.4,0.19998273663560567
1980-07-02,0.0,463.97,34.18,16.02,698.24,0.08570688712954529
1980-07-03,0.0,522.64,35.63,13.8,602.4,0.03256861710922721
1980-07-04,0.0,546.37,37.21,13.37,586.5,0.03142585861416661
1980-07-05,0.0,527.32,37.96,15.39,674.87,0.030854479366636305
1980-07-06,0.0,449.98,36.32,18.76,831.66,0.029140341624045395
1980-07-07,0.0,434.81,34.37,17.8,789.64,0.028568962376515097
1980-07-08,0.0,472.1,36.32,17.71,782.91,0.027426203881454492
1980-07-09,0.0,505.26,36.74,16.18,710.13,0.026283445386393888
1980-07-10,0.0,404.16,36.5,21.36,985.46,0.025712066138863586
1980-07-11,0.0,488.17,37.94,18.5,824.36,0.02456930764380298
1980-07-12,0.0,462.7,36.31,18.54,827.64,0.023997928396272683
1980-07-13,7.39,436.17,35.76,16.32,702.67,0.05713792475303019
1980-07-14,0.0,490.92,35.75,16.55,717.61,0.040567926574651435
1980-07-15,0.0,535.59,37.51,15.2,663.87,0.029140341624045395
1980-07-16,0.0,553.01,39.11,15.22,662.32,0.02056965291109087
1980-07-17,0.0,527.87,38.94,17.15,752.1,0.019998273663560565
1980-07-18,0.0,515.96,38.35,17.46,770.58,0.019426894416030266
1980-07-19,0.0,488.91,37.36,18.3,814.16,0.01828413592096966
1980-07-20,0.0,477.82,36.56,18.29,814.38,0.01771275667343936
1980-07-21,0.0,477.92,36.68,18.42,823.28,0.019426894416030266
1980-07-22,0.0,495.01,37.56,18.3,819.45,0.02171241140615147
1980-07-23,0.84,461.84,36.86,18.09,831.0,0.023997928396272683
1980-07-24,0.0,471.17,36.75,19.08,867.95,0.029140341624045395
1980-07-25,0.0,493.51,37.3,18.43,826.0,0.02456930764380298
1980-07-26,6.58,364.76,38.26,19.47,933.23,0.01885551516849996
1980-07-27,0.0,468.87,38.31,20.73,974.41,0.03256861710922721
1980-07-28,3.71,400.33,39.36,19.03,902.25,0.022855169901212075
1980-07-29,0.25,458.51,36.89,20.06,918.64,0.022855169901212075
1980-07-30,0.0,442.48,35.36,19.57,884.84,0.021141032158621172
1980-07-31,0.0,485.98,36.74,18.54,828.19,0.019426894416030266
1980-08-01,0.0,478.16,36.83,19.07,857.27,0.017141377425909057
1980-08-02,0.0,395.85,34.82,21.21,975.96,0.014855860435787849
1980-08-03,1.4,407.48,34.36,19.91,894.77,0.013141722693196944
1980-08-04,0.0,454.0,34.17,18.32,810.75,0.013141722693196944
1980-08-05,0.0,467.88,34.9,18.27,812.95,0.010856205703075735
1980-08-06,0.0,508.66,36.05,16.95,744.96,0.00914206796048483
1980-08-07,0.0,523.8,37.49,17.18,755.22,0.007999309465424227
1980-08-08,0.0,489.95,38.06,19.83,897.87,0.007999309465424227
1980-08-09,0.32,427.18,35.98,20.93,962.08,0.006856550970363623
1980-08-10,4.36,405.75,37.16,18.25,816.56,0.005713792475303019
1980-08-11,7.56,386.14,36.76,17.42,776.68,0.006285171722833322
1980-08-12,0.0,467.45,36.02,19.11,860.16,0.005028137378266657
1980-08-13,22.34,305.71,33.36,19.5,987.58,0.004685309829748475
1980-08-14,29.03,294.75,31.76,17.99,1269.91,0.03542551334687872
1980-08-15,0.0,360.29,30.29,18.02,1467.26,0.046853098297484755
1980-08-16,0.0,488.66,31.55,13.71,882.19,0.028568962376515097
1980-08-17,0.0,538.93,32.81,11.6,695.04,0.022283790653681777
1980-08-18,0.0,530.87,32.17,11.52,706.49,0.019998273663560565
1980-08-19,0.0,492.59,31.08,12.91,834.61,0.016569998178378755
1980-08-20,0.0,514.07,32.04,12.24,771.36,0.01885551516849996
1980-08-21,0.0,537.12,34.16,12.2,727.06,0.01885551516849996
1980-08-22,0.0,514.89,34.09,13.78,837.1,0.016569998178378755
1980-08-23,0.0,409.15,31.37,16.83,1251.3,0.016569998178378755
1980-08-24,1.76,310.63,28.98,17.79,1601.56,0.01885551516849996
1980-08-25,1.09,474.57,31.58,13.19,910.44,0.010856205703075735
1980-08-26,0.0,487.41,32.31,13.84,925.54,0.007999309465424227
1980-08-27,0.0,488.02,33.59,14.87,978.82,0.010856205703075735
1980-08-28,0.0,482.09,33.48,14.98,995.74,0.00914206796048483
1980-08-29,0.0,471.35,33.15,15.18,1031.68,0.00914206796048483
1980-08-30,0.0,483.84,32.89,14.14,950.46,0.010856205703075735
1980-08-31,0.0,501.06,32.09,12.24,822.89,0.007999309465424227
1980-09-01,0.0,521.87,32.54,10.74,719.87,0.007999309465424227
1980-09-02,0.0,509.77,33.18,11.87,792.62,0.00914206796048483
1980-09-03,0.0,480.46,33.96,14.37,974.68,0.00914206796048483
1980-09-04,0.0,434.94,33.36,16.3,1200.81,0.01885551516849996
1980-09-05,19.94,300.44,30.75,15.19,1429.74,0.03142585861416661
1980-09-06,0.0,416.43,31.01,14.87,1312.56,0.014855860435787849
1980-09-07,0.0,390.51,31.28,16.28,1494.16,0.00914206796048483
1980-09-08,13.43,305.56,30.93,16.36,1650.13,0.005085275303019688
1980-09-09,0.0,414.72,30.44,14.22,1343.98,0.004342482281230294
1980-09-10,0.11,369.24,28.75,14.85,1468.88,0.005085275303019688
1980-09-11,0.0,439.56,29.49,12.09,1137.21,0.006856550970363623
1980-09-12,0.0,469.55,30.48,10.84,1007.22,0.005713792475303019
1980-09-13,0.0,460.04,30.02,10.88,1022.22,0.004342482281230294
1980-09-14,0.0,451.4,30.52,11.54,1076.39,0.006856550970363623
1980-09-15,0.0,444.67,32.07,13.06,1196.01,0.007999309465424227
1980-09-16,0.0,459.88,32.95,12.66,1142.22,0.006856550970363623
1980-09-17,0.0,462.18,33.96,13.19,1169.21,0.007999309465424227
1980-09-18,0.0,459.23,35.26,14.19,1238.41,0.006856550970363623
1980-09-19,0.0,439.22,35.18,15.33,1366.93,0.005713792475303019
1980-09-20,0.0,442.82,34.46,14.45,1296.39,0.004342482281230294
1980-09-21,0.0,475.98,34.02,11.3,1021.79,0.0035996892594409025
1980-09-22,0.0,481.05,31.02,8.05,837.94,0.00297117208715757
1980-09-23,0.0,435.37,28.91,9.5,986.54,0.0030283100119106003
1980-09-24,0.0,450.51,32.86,11.39,1078.1,0.0031997237861696908
1980-09-25,0.0,458.0,34.15,11.49,1069.25,0.0029140341624045397
1980-09-26,0.0,431.53,33.98,13.06,1239.87,0.0036568271841939323
1980-09-27,0.0,400.5,31.43,12.87,1295.39,0.0031997237861696908
1980-09-28,0.0,402.28,32.08,13.24,1312.25,0.003142585861416661
1980-09-29,0.0,419.06,34.13,13.66,1284.46,0.004456758130736355
1980-09-30,0.0,436.1,35.07,12.95,1167.56,0.004742447754501505
1980-10-01,0.0,441.15,35.89,12.91,1156.82,0.005256689077278778
1980-10-02,0.0,451.8,35.96,11.64,1048.22,0.004799585679254537
1980-10-03,0.0,426.67,34.95,12.88,1180.32,0.005713792475303019
1980-10-04,0.0,420.5,34.27,12.46,1170.21,0.007427930217893924
1980-10-05,0.0,419.71,33.77,11.84,1126.32,0.006285171722833322
1980-10-06,0.0,419.4,33.76,11.55,1110.63,0.006285171722833322
1980-10-07,0.0,398.37,32.71,12.01,1180.99,0.004742447754501505
1980-10-08,0.0,403.43,32.5,11.15,1112.78,0.0034282754851818116
1980-10-09,0.0,383.86,31.41,11.45,1163.2,0.0038853788832060535
1980-10-10,0.0,371.62,31.52,12.09,1245.88,0.0045138960554893855
1980-10-11,0.0,335.77,30.12,13.11,1366.08,0.006285171722833322
1980-10-12,0.0,342.76,29.99,12.49,1293.34,0.007427930217893924
1980-10-13,7.96,259.68,28.4,10.36,1239.49,0.00914206796048483
1980-10-14,0.0,294.38,25.47,11.15,1267.91,0.006856550970363623
1980-10-15,0.31,356.09,21.21,3.21,728.16,0.005713792475303019
1980-10-16,0.0,342.8,17.81,1.24,645.5,0.005713792475303019
1980-10-17,0.0,365.91,18.14,-0.25,588.12,0.005428102851537868
1980-10-18,0.0,378.69,20.78,0.97,629.43,0.005256689077278778
1980-10-19,0.0,381.84,23.63,3.03,714.47,0.005313827002031808
1980-10-20,0.0,363.3,23.61,4.41,795.4,0.004342482281230294
1980-10-21,0.0,354.7,23.3,4.67,811.97,0.0051424132277727175
1980-10-22,0.0,364.71,23.5,3.99,762.08,0.005085275303019688
1980-10-23,0.0,378.02,24.67,3.58,731.4,0.006856550970363623
1980-10-24,0.0,369.08,24.47,3.99,761.93,0.006856550970363623
1980-10-25,0.0,369.38,24.53,3.84,733.4,0.006285171722833322
1980-10-26,0.0,274.41,22.89,8.98,1104.93,0.006856550970363623
1980-10-27,0.0,317.1,17.38,1.24,632.73,0.007999309465424227
1980-10-28,0.0,319.79,18.28,1.79,666.78,0.011427584950606038
1980-10-29,0.0,337.69,19.36,1.36,642.91,0.010856205703075735
1980-10-30,0.0,343.05,21.22,2.4,691.27,0.00914206796048483
1980-10-31,0.0,357.64,22.98,2.6,679.19,0.007999309465424227
1980-11-01,0.0,366.92,24.61,2.83,686.63,0.007999309465424227
1980-11-02,0.0,376.24,25.08,1.85,635.27,0.008570688712954529
1980-11-03,0.0,373.11,26.41,2.86,679.9,0.006285171722833322
1980-11-04,0.0,363.1,27.77,4.86,787.66,0.005599516625796959
1980-11-05,0.0,354.39,27.59,5.52,824.49,0.005713792475303019
1980-11-06,0.0,348.31,27.47,5.78,837.55,0.006285171722833322
1980-11-07,0.0,353.16,27.17,4.73,779.73,0.006856550970363623
1980-11-08,0.0,353.46,27.01,4.21,755.11,0.006285171722833322
1980-11-09,0.0,348.07,26.29,3.94,730.23,0.006856550970363623
1980-11-10,0.0,338.34,26.52,4.95,760.79,0.007427930217893924
1980-11-11,0.0,327.77,24.79,4.23,736.97,0.00914206796048483
1980-11-12,0.0,291.67,23.28,6.14,758.34,0.010856205703075735
1980-11-13,0.0,281.62,20.66,4.63,545.04,0.00914206796048483
1980-11-14,0.0,315.61,18.16,-0.56,357.63,0.009713447208015133
1980-11-15,0.0,309.5,17.2,-1.12,350.37,0.00914206796048483
1980-11-16,0.0,260.34,14.82,0.27,434.45,0.008570688712954529
1980-11-17,0.0,283.02,13.22,-2.95,335.39,0.009713447208015133
1980-11-18,0.0,292.28,14.54,-2.63,336.09,0.008570688712954529
1980-11-19,0.0,303.08,15.24,-3.0,316.11,0.005256689077278778
1980-11-20,0.0,291.16,15.72,-1.55,357.13,0.005256689077278778
1980-11-21,0.0,254.77,15.95,1.45,476.45,0.005256689077278778
1980-11-22,0.0,278.89,15.0,-1.23,378.04,0.005256689077278778
1980-11-23,0.0,299.86,16.05,-2.16,332.04,0.005028137378266657
1980-11-24,0.0,230.39,15.18,2.23,526.01,0.005256689077278778
1980-11-25,0.0,241.34,14.85,1.18,480.41,0.006285171722833322
1980-11-26,0.0,311.28,16.36,-3.33,297.06,0.006285171722833322
1980-11-27,0.0,323.98,18.72,-3.03,288.28,0.006285171722833322
1980-11-28,0.0,337.22,22.26,-2.15,291.41,0.006285171722833322
1980-11-29,0.0,336.67,23.88,-0.95,316.16,0.006285171722833322
1980-11-30,0.0,323.79,23.1,0.05,349.3,0.006285171722833322
1980-12-01,0.0,315.82,20.17,-1.65,322.79,0.005713792475303019
1980-12-02,0.0,315.64,19.9,-2.01,313.99,0.006285171722833322
1980-12-03,0.0,304.21,20.97,0.28,380.02,0.006285171722833322
1980-12-04,0.0,294.91,19.98,0.3,392.94,0.006285171722833322
1980-12-05,0.0,256.18,17.44,1.81,345.07,0.006285171722833322
1980-12-06,3.02,171.72,15.13,1.44,483.69,0.006856550970363623
1980-12-07,6.98,155.94,13.46,1.36,542.86,0.007427930217893924
1980-12-08,3.99,159.55,11.23,-0.71,423.05,0.007999309465424227
1980-12-09,0.0,265.88,10.96,-4.51,225.8,0.008570688712954529
1980-12-10,0.0,277.71,14.84,-1.68,238.73,0.008570688712954529
1980-12-11,0.0,308.49,18.19,-1.76,205.48,0.008570688712954529
1980-12-12,0.0,276.61,16.39,-0.16,257.26,0.008570688712954529
1980-12-13,0.0,146.96,13.36,5.43,677.23,0.00914206796048483
1980-12-14,0.0,267.22,16.98,1.24,297.62,0.009713447208015133
1980-12-15,0.0,312.46,19.76,-0.78,215.37,0.009713447208015133
1980-12-16,0.0,312.21,23.0,1.95,260.06,0.007427930217893924
1980-12-17,0.0,307.9,22.43,1.94,262.92,0.007999309465424227
1980-12-18,0.0,312.59,21.72,0.48,237.15,0.007999309465424227
1980-12-19,0.0,309.47,20.04,-0.79,220.41,0.008570688712954529
1980-12-20,0.0,295.82,19.06,-0.09,238.0,0.008570688712954529
1980-12-21,0.0,265.4,16.9,0.64,292.85,0.008570688712954529
1980-12-22,0.0,295.63,18.16,-1.08,220.01,0.008570688712954529
1980-12-23,0.0,295.65,19.38,0.13,241.08,0.008570688712954529
1980-12-24,0.0,300.99,19.41,-0.62,229.46,0.008570688712954529
1980-12-25,0.0,305.5,21.22,0.28,238.62,0.008570688712954529
1980-12-26,0.0,323.92,23.39,-0.68,215.31,0.008570688712954529
1980-12-27,0.0,317.38,23.55,0.95,243.59,0.008570688712954529
1980-12-28,0.0,312.1,23.62,1.72,258.49,0.00914206796048483
1980-12-29,0.0,305.22,23.52,2.84,279.01,0.00914206796048483
1980-12-30,0.0,280.48,21.73,4.08,330.03,0.009713447208015133
1980-12-31,0.0,292.85,22.63,3.46,304.52,0.009713447208015133
1981-01-01,0.0,307.94,22.17,2.19,717.03,0.007999309465424227
1981-01-02,0.0,303.37,21.92,3.09,652.63,0.010856205703075735
1981-01-03,0.0,318.49,21.39,0.81,551.28,0.01885551516849996
1981-01-04,0.0,300.98,19.49,1.38,593.36,0.02456930764380298
1981-01-05,0.0,302.01,19.52,1.4,593.21,0.02456930764380298
1981-01-06,0.0,292.94,18.54,1.55,612.56,0.01885551516849996
1981-01-07,0.0,200.3,15.74,5.49,892.01,0.02171241140615147
1981-01-08,0.0,278.86,14.93,-0.37,566.6,0.02171241140615147
1981-01-09,0.0,327.79,18.42,-2.11,452.75,0.01885551516849996
1981-01-10,0.0,305.82,18.96,1.15,581.67,0.01885551516849996
1981-01-11,0.0,237.53,17.66,5.31,852.75,0.012570343445666644
1981-01-12,10.04,107.31,13.02,6.04,950.27,0.012570343445666644
1981-01-13,4.77,99.54,11.62,5.27,901.11,0.007999309465424227
1981-01-14,0.0,231.85,15.6,3.9,816.37,0.007427930217893924
1981-01-15,0.0,289.74,16.69,1.07,648.79,0.007427930217893924
1981-01-16,0.0,218.53,15.83,4.96,869.89,0.015427239683318153
1981-01-17,0.0,225.78,13.98,2.95,765.21,0.013713101940727246
1981-01-18,0.0,284.68,14.44,-0.24,597.39,0.015998618930848453
1981-01-19,0.0,320.17,15.26,-2.35,496.44,0.016569998178378755
1981-01-20,0.0,320.22,16.09,-1.34,525.07,0.012570343445666644
1981-01-21,0.0,300.86,17.98,2.14,671.91,0.012570343445666644
1981-01-22,0.0,352.65,19.06,-1.93,475.81,0.012570343445666644
1981-01-23,0.0,342.31,17.99,-1.25,505.83,0.012570343445666644
1981-01-24,0.0,339.11,17.25,-1.36,506.85,0.010856205703075735
1981-01-25,0.0,342.64,15.8,-2.81,463.69,0.010856205703075735
1981-01-26,0.0,359.84,15.41,-4.93,391.53,0.00914206796048483
1981-01-27,0.0,346.65,15.22,-3.27,443.07,0.010856205703075735
1981-01-28,0.0,273.38,14.4,1.46,647.26,0.012570343445666644
1981-01-29,2.94,254.69,13.2,-1.35,547.86,0.010856205703075735
1981-01-30,0.0,310.17,12.72,-1.98,508.32,0.010856205703075735
1981-01-31,0.0,325.8,9.59,-5.7,392.49,0.012570343445666644
1981-02-01,0.0,365.56,11.1,-7.38,337.47,0.012570343445666644
1981-02-02,0.0,380.81,14.15,-6.01,359.68,0.014855860435787849
1981-02-03,0.0,377.07,15.53,-4.01,407.21,0.016569998178378755
1981-02-04,0.0,379.0,14.91,-4.54,394.61,0.014855860435787849
1981-02-05,0.0,396.85,16.11,-5.49,358.3,0.014855860435787849
1981-02-06,0.0,388.83,15.69,-4.83,379.72,0.014855860435787849
1981-02-07,0.0,388.56,16.52,-3.92,401.29,0.014855860435787849
1981-02-08,0.0,357.48,14.99,-2.1,476.15,0.012570343445666644
1981-02-09,18.14,208.59,13.13,1.16,674.3,0.05142413227772717
1981-02-10,10.62,182.95,11.79,1.73,699.09,0.03999654732712113
1981-02-11,0.0,348.7,14.39,-1.64,559.81,0.03542551334687872
1981-02-12,0.0,357.71,17.66,0.66,639.57,0.02456930764380298
1981-02-13,0.0,362.64,19.92,2.3,702.03,0.016569998178378755
1981-02-14,0.0,374.5,20.67,2.04,679.62,0.012570343445666644
1981-02-15,0.0,389.92,21.95,1.76,658.61,0.014855860435787849
1981-02-16,0.0,395.04,23.28,2.43,675.82,0.012570343445666644
1981-02-17,0.0,384.08,23.03,3.37,720.64,0.013141722693196944
1981-02-18,0.0,388.74,24.26,4.21,753.58,0.016569998178378755
1981-02-19,0.0,412.74,25.52,3.05,679.98,0.01885551516849996
1981-02-20,0.0,401.12,25.57,4.46,751.45,0.01885551516849996
1981-02-21,0.0,413.06,22.59,0.95,596.87,0.01828413592096966
1981-02-22,0.0,417.59,21.66,-0.24,557.75,0.02056965291109087
1981-02-23,0.0,430.52,21.91,-0.99,511.52,0.026854824633924194
1981-02-24,0.0,436.8,22.36,-1.17,500.61,0.025712066138863586
1981-02-25,0.0,398.62,21.28,1.82,635.59,0.023997928396272683
1981-02-26,6.56,195.27,18.23,6.98,999.91,0.029140341624045395
1981-02-27,0.0,347.61,16.44,1.35,622.98,0.02456930764380298
1981-02-28,0.0,366.68,17.78,1.78,525.52,0.02056965291109087
1981-03-01,6.66,221.29,16.44,4.22,714.48,0.016569998178378755
1981-03-02,14.06,216.11,15.48,3.68,735.01,0.022855169901212075
1981-03-03,10.58,190.44,10.64,0.79,659.38,0.03256861710922721
1981-03-04,4.03,198.13,12.09,2.15,723.06,0.029140341624045395
1981-03-05,9.92,169.33,11.5,3.15,774.72,0.026283445386393888
1981-03-06,18.4,195.3,10.36,0.88,658.23,0.14284481188257547
1981-03-07,7.27,238.25,12.04,0.92,661.42,0.22283790653681776
1981-03-08,0.0,406.15,15.17,-0.82,572.06,0.19426894416030266
1981-03-09,0.0,426.16,18.06,0.94,618.05,0.14855860435787852
1981-03-10,0.0,411.68,18.82,2.72,699.03,0.12570343445666643
1981-03-11,0.0,419.52,18.67,2.11,670.82,0.13141722693196944
1981-03-12,0.04,395.48,18.29,3.11,726.39,0.0914206796048483
1981-03-13,2.99,325.54,17.32,1.3,668.69,0.04970999453513626
1981-03-14,0.0,383.01,15.03,1.0,646.69,0.03599689259440902
1981-03-15,0.0,473.84,18.93,-1.16,514.08,0.029140341624045395
1981-03-16,0.0,451.47,19.43,1.41,616.71,0.030854479366636305
1981-03-17,0.0,480.14,20.18,0.07,547.36,0.03999654732712113
1981-03-18,0.0,492.8,20.75,-0.38,524.23,0.05313827002031808
1981-03-19,0.0,470.24,20.84,1.89,619.51,0.05713792475303019
1981-03-20,2.47,342.64,20.55,6.56,934.27,0.05713792475303019
1981-03-21,0.0,460.88,17.28,-0.2,560.2,0.06285171722833321
1981-03-22,0.0,483.03,19.63,0.64,576.25,0.06856550970363623
1981-03-23,0.0,499.92,22.39,2.04,604.47,0.033711375604287816
1981-03-24,0.0,486.3,23.33,4.25,704.55,0.029140341624045395
1981-03-25,0.0,507.93,24.07,3.32,647.04,0.02171241140615147
1981-03-26,0.0,483.46,23.77,5.33,751.8,0.015998618930848453
1981-03-27,0.0,483.46,21.31,3.32,669.85,0.015427239683318153
1981-03-28,0.01,459.68,17.77,1.48,617.87,0.013141722693196944
1981-03-29,0.0,461.54,19.02,2.65,660.08,0.011998964198136342
1981-03-30,0.0,508.83,20.07,0.52,545.37,0.010856205703075735
1981-03-31,0.0,520.34,21.24,0.52,535.97,0.010284826455545435
1981-04-01,0.0,529.01,23.56,1.73,558.2,0.010284826455545435
1981-04-02,0.0,487.25,23.43,4.71,709.82,0.014855860435787849
1981-04-03,11.33,320.97,15.49,0.52,638.91,0.04171068506971204
1981-04-04,0.8,456.64,17.27,-0.6,559.62,0.040567926574651435
1981-04-05,0.0,526.62,23.27,1.07,572.55,0.030854479366636305
1981-04-06,0.0,520.35,25.52,3.65,664.53,0.029140341624045395
1981-04-07,0.0,501.74,25.16,4.75,723.59,0.02171241140615147
1981-04-08,0.0,493.94,24.32,4.61,729.49,0.019426894416030266
1981-04-09,0.0,522.92,25.65,3.62,659.44,0.017141377425909057
1981-04-10,0.0,523.62,26.23,4.06,671.16,0.017141377425909057
1981-04-11,0.0,528.18,25.88,3.34,637.69,0.014284481188257548
1981-04-12,0.0,425.91,24.17,8.12,978.19,0.022855169901212075
1981-04-13,0.0,472.12,25.36,6.43,826.04,0.022855169901212075
1981-04-14,0.0,485.79,27.17,7.67,837.4,0.02456930764380298
1981-04-15,0.0,420.95,26.83,10.93,1110.59,0.02171241140615147
1981-04-16,0.0,459.11,27.4,9.6,981.76,0.019426894416030266
1981-04-17,0.0,488.01,28.19,8.81,891.89,0.019998273663560565
1981-04-18,2.24,379.98,27.39,11.25,1165.29,0.01771275667343936
1981-04-19,0.0,442.36,25.81,9.3,979.64,0.014855860435787849
1981-04-20,0.0,493.37,22.8,3.82,661.63,0.014855860435787849
1981-04-21,0.0,504.01,25.41,5.55,717.13,0.01771275667343936
1981-04-22,0.0,521.76,26.76,5.7,696.56,0.015427239683318153
1981-04-23,0.0,471.46,27.47,9.41,938.69,0.014284481188257548
1981-04-24,0.0,516.85,27.82,7.05,766.55,0.014284481188257548
1981-04-25,0.0,523.53,29.61,8.12,808.55,0.014284481188257548
1981-04-26,0.0,511.15,29.68,9.07,859.33,0.012570343445666644
1981-04-27,0.0,512.11,29.28,8.64,840.56,0.011998964198136342
1981-04-28,0.0,483.5,30.25,11.18,1019.49,0.011998964198136342
1981-04-29,0.0,441.89,31.45,14.42,1301.63,0.011427584950606038
1981-04-30,2.67,439.56,32.17,11.63,1075.77,0.011427584950606038
1981-05-01,0.0,418.89,29.23,13.71,1294.57,0.012570343445666644
1981-05-02,0.0,478.93,27.97,9.78,935.74,0.013141722693196944
1981-05-03,0.0,427.62,27.16,11.54,1113.96,0.010856205703075735
1981-05-04,0.0,505.96,27.53,7.85,809.77,0.010284826455545435
1981-05-05,0.0,500.36,27.37,8.19,823.42,0.00914206796048483
1981-05-06,0.0,515.49,26.75,6.82,740.76,0.008570688712954529
1981-05-07,0.0,520.11,27.1,6.85,737.74,0.008570688712954529
1981-05-08,0.0,496.8,26.78,7.94,829.32,0.008570688712954529
1981-05-09,0.0,479.68,27.16,9.36,922.07,0.006856550970363623
1981-05-10,0.0,508.28,28.57,9.03,863.86,0.007999309465424227
1981-05-11,0.0,514.61,29.58,9.86,800.67,0.008570688712954529
1981-05-12,0.0,492.96,29.3,11.04,804.06,0.007999309465424227
1981-05-13,0.0,509.18,29.93,10.72,768.07,0.008570688712954529
1981-05-14,0.0,537.79,29.7,8.7,640.54,0.008570688712954529
1981-05-15,0.0,497.32,28.33,9.9,749.05,0.00914206796048483
1981-05-16,0.0,383.27,22.05,9.27,915.63,0.010856205703075735
1981-05-17,0.0,503.3,25.02,6.44,622.91,0.008570688712954529
1981-05-18,0.0,548.0,27.25,5.74,529.84,0.007427930217893924
1981-05-19,0.0,502.56,27.76,9.14,710.7,0.006285171722833322
1981-05-20,0.0,371.83,26.05,13.45,1165.72,0.005713792475303019
1981-05-21,0.0,494.68,24.53,6.73,637.06,0.005713792475303019
1981-05-22,0.0,536.51,26.2,5.94,545.36,0.006285171722833322
1981-05-23,0.0,477.44,28.08,11.0,824.48,0.005199551152525747
1981-05-24,0.0,541.79,30.36,9.37,649.59,0.0042282064317242345
1981-05-25,0.0,524.53,31.0,11.05,747.76,0.003999654732712113
1981-05-26,0.0,398.8,29.31,15.55,1233.08,0.004628171904995446
1981-05-27,0.0,501.17,29.46,11.27,798.94,0.004113930582218174
1981-05-28,11.8,346.86,27.74,11.35,1013.34,0.010284826455545435
1981-05-29,11.51,352.21,26.04,9.41,953.32,0.008570688712954529
1981-05-30,0.0,486.98,28.6,11.24,912.15,0.004056792657465143
1981-05-31,1.4,393.1,29.39,14.24,1194.92,0.003142585861416661
1981-06-01,0.0,505.31,31.08,12.77,811.93,0.003771103033699993
1981-06-02,0.19,506.69,31.08,12.48,721.44,0.004056792657465143
1981-06-03,0.0,482.31,31.4,14.48,812.06,0.003313999635675751
1981-06-04,0.0,522.73,32.37,13.36,667.01,0.0023426549148742376
1981-06-05,0.0,546.32,34.97,14.31,633.83,0.002171241140615147
1981-06-06,0.0,544.17,35.64,15.08,656.57,0.002171241140615147
1981-06-07,0.0,541.88,36.4,15.85,691.92,0.0015427239683318155
1981-06-08,0.0,550.45,36.89,15.55,674.68,0.0015998618930848454
1981-06-09,0.0,544.81,36.34,15.45,669.22,0.0016569998178378755
1981-06-10,0.0,539.14,36.26,15.79,684.86,0.001485586043578785
1981-06-11,0.0,523.59,35.15,15.8,688.35,0.0013141722693196945
1981-06-12,0.0,526.55,33.71,14.35,623.91,0.0010856205703075735
1981-06-13,0.0,513.83,32.83,14.37,626.24,0.0011998964198136342
1981-06-14,0.0,513.38,31.67,13.35,584.6,0.0011998964198136342
1981-06-15,0.0,483.0,30.85,14.16,623.08,0.0007999309465424227
1981-06-16,0.0,514.92,33.7,15.02,650.42,0.0007427930217893925
1981-06-17,0.0,548.71,35.63,14.47,629.89,0.0007427930217893925
1981-06-18,0.0,578.34,37.76,13.62,591.14,0.0007427930217893925
1981-06-19,0.0,563.87,37.81,14.76,640.3,0.0007999309465424227
1981-06-20,0.0,564.76,38.75,15.3,663.37,0.0011998964198136342
1981-06-21,0.0,540.09,38.78,17.29,760.07,0.0010856205703075735
1981-06-22,0.0,526.6,39.26,18.56,824.0,0.0010856205703075735
1981-06-23,0.0,526.13,38.85,18.24,806.69,0.0010856205703075735
1981-06-24,0.0,532.3,39.29,18.11,805.28,0.0010856205703075735
1981-06-25,0.0,502.92,39.42,20.0,916.73,0.0011998964198136342
1981-06-26,0.0,462.54,37.66,20.69,963.2,0.0013141722693196945
1981-06-27,0.0,442.36,36.45,20.6,956.9,0.0010856205703075735
1981-06-28,1.12,394.32,33.32,19.39,944.71,0.0011427584950606039
1981-06-29,0.0,468.32,35.14,18.15,814.27,0.0009713447208015134
1981-06-30,0.0,423.28,33.8,19.07,886.98,0.0009142067960484831
1981-07-01,0.0,394.46,32.62,19.24,900.29,0.0007427930217893925
1981-07-02,0.0,519.68,35.33,15.57,682.7,0.0007427930217893925
1981-07-03,0.0,512.87,37.98,18.28,810.8,0.0006285171722833321
1981-07-04,0.0,511.85,39.08,19.26,868.76,0.0006285171722833321
1981-07-05,0.0,516.01,39.2,19.15,856.73,0.0006285171722833321
1981-07-06,0.0,492.71,39.04,20.44,934.8,0.0006285171722833321
1981-07-07,0.0,430.52,36.02,20.94,976.33,0.0006285171722833321
1981-07-08,0.0,431.37,35.26,20.33,935.87,0.0006285171722833321
1981-07-09,0.0,466.4,35.52,19.03,854.69,0.0005142413227772717
1981-07-10,6.69,360.08,34.42,20.63,1007.25,0.00045710339802424154
1981-07-11,4.21,368.82,32.9,20.22,1048.22,0.00039996547327121135
1981-07-12,16.05,308.33,32.68,18.89,1028.67,0.014284481188257548
1981-07-13,3.81,394.81,32.29,18.21,975.25,0.0005142413227772717
1981-07-14,0.0,465.53,33.21,17.27,860.51,0.00022855169901212077
1981-07-15,0.0,466.35,34.96,18.81,941.24,0.00017141377425909055
1981-07-16,10.1,365.17,33.93,18.06,1020.83,0.00028568962376515096
1981-07-17,0.0,461.25,33.29,17.57,930.49,0.00022855169901212077
1981-07-18,0.0,509.78,35.67,17.44,838.56,0.00017141377425909055
1981-07-19,0.0,514.88,36.93,18.31,881.09,0.00017141377425909055
1981-07-20,0.0,503.34,37.48,19.52,959.88,0.00011427584950606039
1981-07-21,0.0,486.84,37.82,20.78,1056.4,0.00011427584950606039
1981-07-22,0.0,492.24,36.71,19.67,993.05,0.00011427584950606039
1981-07-23,0.0,482.49,36.91,20.41,1039.22,0.00017141377425909055
1981-07-24,0.0,508.48,36.38,18.73,925.22,0.00011427584950606039
1981-07-25,0.0,440.82,34.3,20.06,1102.92,0.00011427584950606039
1981-07-26,0.0,486.21,34.07,17.91,898.78,5.713792475303019e-05
1981-07-27,1.3,424.78,34.15,19.94,1138.43,0.007427930217893924
1981-07-28,0.0,503.54,36.08,18.73,938.63,0.010284826455545435
1981-07-29,0.0,468.05,35.16,19.59,1054.97,0.00011427584950606039
1981-07-30,0.0,452.09,33.72,19.08,1010.46,0.00011427584950606039
1981-07-31,0.0,349.81,31.97,21.12,1398.87,5.713792475303019e-05
1981-08-01,0.2,391.47,32.93,20.66,1236.47,0.0051424132277727175
1981-08-02,0.0,473.36,34.71,19.33,988.49,0.07999309465424226
1981-08-03,0.0,507.0,35.18,18.19,896.07,0.0012570343445666642
1981-08-04,0.0,487.46,35.25,19.23,988.09,0.00022855169901212077
1981-08-05,0.0,491.41,36.31,20.04,1022.43,0.00017141377425909055
1981-08-06,0.0,439.23,36.54,22.49,1266.37,0.00017141377425909055
1981-08-07,0.0,461.4,36.14,21.24,1144.13,0.00022855169901212077
1981-08-08,5.74,352.39,35.21,20.12,1310.58,0.007999309465424227
1981-08-09,2.79,452.12,35.68,18.27,1033.73,0.06285171722833321
1981-08-10,0.0,402.43,34.27,21.41,1432.08,0.0005713792475303019
1981-08-11,4.23,338.24,31.3,16.79,1241.61,0.00028568962376515096
1981-08-12,0.0,436.96,30.07,16.36,1043.31,0.00017141377425909055
1981-08-13,3.6,392.17,30.89,15.05,1066.43,0.0005713792475303019
1981-08-14,0.0,475.21,31.36,15.77,978.27,0.00022855169901212077
1981-08-15,0.0,502.57,32.55,15.44,900.98,0.00022855169901212077
1981-08-16,0.0,498.58,33.2,16.09,944.9,0.00017141377425909055
1981-08-17,0.0,492.38,33.96,17.06,1011.16,0.0005713792475303019
1981-08-18,0.0,473.07,34.15,18.2,1125.99,0.0005142413227772717
1981-08-19,0.0,491.95,35.25,18.08,1086.56,0.0009713447208015134
1981-08-20,0.0,490.7,35.78,18.59,1114.76,0.00028568962376515096
1981-08-21,0.0,470.24,36.01,19.77,1243.28,0.00022855169901212077
1981-08-22,0.0,483.74,35.84,18.9,1151.54,0.00022855169901212077
1981-08-23,0.0,489.45,35.85,18.52,1121.51,0.00028568962376515096
1981-08-24,0.0,465.25,36.6,20.28,1295.9,0.0003428275485181811
1981-08-25,0.0,459.67,36.97,20.78,1352.7,0.0003428275485181811
1981-08-26,0.0,472.56,37.31,20.28,1286.24,0.00028568962376515096
1981-08-27,0.0,475.02,37.49,20.59,1149.74,0.00028568962376515096
1981-08-28,0.0,468.65,36.86,20.63,1042.65,0.00028568962376515096
1981-08-29,0.0,483.24,37.52,20.28,1003.62,0.00028568962376515096
1981-08-30,0.0,440.57,36.7,21.54,1127.84,0.00028568962376515096
1981-08-31,0.0,413.41,34.3,20.44,1122.81,0.0003428275485181811
1981-09-01,9.87,401.38,34.09,18.03,1018.35,0.00022855169901212077
1981-09-02,0.0,425.35,32.61,18.22,1089.29,0.00022855169901212077
1981-09-03,0.0,448.34,34.32,18.63,1058.4,0.00022855169901212077
1981-09-04,0.0,421.73,33.01,18.64,1124.67,0.00028568962376515096
1981-09-05,4.99,285.7,30.06,17.34,1409.27,0.0003428275485181811
1981-09-06,6.3,284.93,28.67,15.85,1364.44,0.00017141377425909055
1981-09-07,0.31,470.3,30.33,12.54,818.22,0.00011427584950606039
1981-09-08,0.0,456.22,31.32,15.05,980.99,0.00011427584950606039
1981-09-09,0.0,442.8,31.25,15.5,1038.69,0.00011427584950606039
1981-09-10,0.0,437.92,30.46,14.93,1015.65,0.00028568962376515096
1981-09-11,0.0,477.84,32.05,13.92,879.75,0.00045710339802424154
1981-09-12,0.0,487.92,33.01,13.83,857.71,0.00045710339802424154
1981-09-13,0.0,471.24,33.22,14.89,945.93,0.0005142413227772717
1981-09-14,0.0,481.73,33.34,14.15,882.13,0.0006285171722833321
1981-09-15,0.0,482.11,33.48,13.96,878.99,0.0006285171722833321
1981-09-16,0.0,479.41,32.88,13.45,859.67,0.0007427930217893925
1981-09-17,0.0,456.72,32.61,14.43,966.45,0.0013141722693196945
1981-09-18,0.0,405.03,31.58,16.3,1191.68,0.0007427930217893925
1981-09-19,0.0,442.77,31.22,13.87,970.27,0.0007427930217893925
1981-09-20,0.0,454.31,31.83,13.46,923.81,0.0006285171722833321
1981-09-21,0.0,436.01,31.8,14.45,1019.25,0.0005142413227772717
1981-09-22,0.0,398.15,30.34,15.12,1144.38,0.00039996547327121135
1981-09-23,24.2,236.6,28.48,16.69,1676.78,0.29711720871575703
1981-09-24,0.0,402.65,29.4,13.51,1245.92,0.0022855169901212077
1981-09-25,0.0,428.59,29.19,11.88,1078.79,0.00039996547327121135
1981-09-26,0.0,460.51,30.87,10.76,959.66,0.00017141377425909055
1981-09-27,0.0,469.47,32.45,10.97,948.87,0.0006285171722833321
1981-09-28,0.0,448.19,33.27,13.18,1110.82,0.002685482463392419
1981-09-29,0.0,412.83,31.57,13.89,1228.61,0.003142585861416661
1981-09-30,0.0,409.82,30.07,12.64,1156.43,0.0022855169901212077
1981-10-01,13.01,238.31,28.34,15.43,1704.43,0.0022855169901212077
1981-10-02,20.6,186.23,24.64,15.08,1717.3,0.12570343445666643
1981-10-03,32.02,294.19,24.08,7.41,1053.45,0.019426894416030266
1981-10-04,0.0,393.68,24.85,8.2,1105.51,0.007999309465424227
1981-10-05,0.0,394.03,26.66,9.51,1192.73,0.006285171722833322
1981-10-06,0.0,413.06,28.61,9.52,1177.76,0.006285171722833322
1981-10-07,0.0,367.79,28.16,11.96,1394.81,0.004456758130736355
1981-10-08,0.0,339.54,27.06,12.47,1445.72,0.004456758130736355
1981-10-09,0.0,386.86,25.83,8.56,1116.55,0.005256689077278778
1981-10-10,0.0,373.76,26.58,9.82,1224.16,0.0051424132277727175
1981-10-11,0.18,331.92,25.37,10.97,1329.63,0.0051424132277727175
1981-10-12,0.0,246.02,21.95,12.12,1418.38,0.0051424132277727175
1981-10-13,0.0,335.62,20.29,6.54,980.33,0.0051424132277727175
1981-10-14,0.0,336.3,20.7,6.87,1003.97,0.0051424132277727175
1981-10-15,0.0,323.89,19.32,6.28,952.67,0.0048567236040075665
1981-10-16,0.0,398.13,19.19,1.66,675.2,0.004571033980242415
1981-10-17,0.0,421.38,22.41,2.07,677.13,0.004571033980242415
1981-10-18,0.0,403.87,24.67,5.32,839.93,0.004571033980242415
1981-10-19,0.0,369.31,25.68,8.53,1089.96,0.004571033980242415
1981-10-20,0.0,394.8,26.32,6.95,948.56,0.004571033980242415
1981-10-21,0.0,403.34,25.98,5.55,858.03,0.003999654732712113
1981-10-22,0.0,396.98,26.14,5.85,882.45,0.003999654732712113
1981-10-23,0.0,386.15,25.59,5.97,896.45,0.003999654732712113
1981-10-24,0.0,367.58,22.71,4.72,849.62,0.003999654732712113
1981-10-25,0.0,381.45,23.52,3.95,802.08,0.003999654732712113
1981-10-26,0.0,387.9,24.49,3.93,788.4,0.003999654732712113
1981-10-27,0.0,377.1,24.71,4.83,848.78,0.003999654732712113
1981-10-28,0.0,295.18,24.71,10.75,1298.66,0.003999654732712113
1981-10-29,0.0,282.34,23.93,10.68,1284.09,0.003999654732712113
1981-10-30,0.0,372.04,19.68,0.64,643.47,0.003999654732712113
1981-10-31,0.0,352.22,21.23,3.36,769.72,0.003999654732712113
1981-11-01,0.0,370.26,23.74,3.3,764.27,0.003999654732712113
1981-11-02,0.0,372.24,24.4,3.25,762.62,0.003999654732712113
1981-11-03,0.0,375.18,24.86,2.84,738.93,0.003999654732712113
1981-11-04,0.0,371.91,25.2,2.93,754.46,0.0034282754851818116
1981-11-05,0.0,353.97,25.18,4.59,852.76,0.0034282754851818116
1981-11-06,0.0,304.53,24.5,8.08,1076.51,0.0034282754851818116
1981-11-07,0.0,283.13,21.4,6.67,990.29,0.0034282754851818116
1981-11-08,0.0,324.35,21.73,3.73,813.48,0.0034282754851818116
1981-11-09,0.0,307.92,22.78,5.9,927.82,0.0034282754851818116
1981-11-10,0.0,315.95,22.67,4.92,863.86,0.0034282754851818116
1981-11-11,0.0,337.57,23.17,2.91,748.02,0.003999654732712113
1981-11-12,0.0,338.72,23.79,2.97,737.27,0.004285344356477264
1981-11-13,0.0,334.39,23.95,3.19,744.65,0.004571033980242415
1981-11-14,0.0,324.47,24.12,3.91,795.12,0.0051424132277727175
1981-11-15,0.0,323.61,25.27,4.46,842.82,0.005713792475303019
1981-11-16,0.0,330.58,25.52,3.93,788.82,0.006285171722833322
1981-11-17,0.0,330.69,24.95,3.15,748.93,0.006856550970363623
1981-11-18,0.0,323.82,22.67,1.69,686.2,0.006856550970363623
1981-11-19,0.0,297.23,21.14,2.83,757.27,0.006856550970363623
1981-11-20,0.0,317.73,20.77,0.25,628.69,0.006285171722833322
1981-11-21,0.0,325.79,21.75,-0.08,612.96,0.006856550970363623
1981-11-22,0.0,316.9,22.03,1.05,656.24,0.007999309465424227
1981-11-23,0.0,328.31,23.32,0.25,621.64,0.007999309465424227
1981-11-24,0.0,320.54,23.53,1.28,660.06,0.007999309465424227
1981-11-25,0.0,288.62,21.84,3.12,758.49,0.007999309465424227
1981-11-26,0.0,319.51,15.35,-6.07,399.8,0.009713447208015133
1981-11-27,2.2,208.61,12.39,-0.68,587.42,0.014855860435787849
1981-11-28,23.46,81.11,12.18,6.2,945.05,0.028568962376515097
1981-11-29,23.73,111.41,11.8,3.51,794.21,0.1542723968331815
1981-11-30,15.77,134.83,10.47,0.45,635.14,0.07999309465424226
1981-12-01,0.0,253.28,12.85,-2.03,535.64,0.019426894416030266
1981-12-02,0.0,296.55,16.75,-2.51,517.12,0.010856205703075735
1981-12-03,0.0,300.34,19.91,-0.11,612.53,0.010284826455545435
1981-12-04,0.0,290.99,20.54,1.38,686.12,0.009713447208015133
1981-12-05,0.0,227.68,20.25,6.62,981.92,0.008570688712954529
1981-12-06,0.0,290.84,20.54,1.21,680.62,0.007999309465424227
1981-12-07,0.0,293.55,21.96,2.0,713.22,0.007427930217893924
1981-12-08,0.0,301.28,22.51,1.35,684.91,0.006856550970363623
1981-12-09,0.0,281.47,22.57,3.59,795.45,0.006285171722833322
1981-12-10,0.0,276.05,20.84,2.55,746.56,0.006285171722833322
1981-12-11,0.0,196.01,19.68,7.9,1071.94,0.006285171722833322
1981-12-12,0.0,226.49,17.11,3.58,795.32,0.006285171722833322
1981-12-13,0.0,246.89,15.08,0.17,629.66,0.006856550970363623
1981-12-14,0.0,268.11,16.27,-0.38,604.04,0.007427930217893924
1981-12-15,0.0,287.59,18.62,-0.23,608.37,0.007427930217893924
1981-12-16,0.0,287.54,18.83,0.03,620.1,0.007427930217893924
1981-12-17,0.0,286.89,18.61,-0.05,616.24,0.007427930217893924
1981-12-18,0.0,303.53,18.41,-2.33,529.98,0.007427930217893924
1981-12-19,0.0,295.54,18.82,-1.0,580.73,0.007427930217893924
1981-12-20,0.0,286.74,20.43,1.51,684.34,0.007427930217893924
1981-12-21,0.0,288.33,18.79,-0.04,615.63,0.007427930217893924
1981-12-22,0.0,266.6,13.22,-2.84,503.91,0.007427930217893924
1981-12-23,0.0,278.49,11.28,-5.5,419.9,0.007427930217893924
1981-12-24,0.0,296.96,12.25,-6.35,391.12,0.007427930217893924
1981-12-25,0.0,267.19,11.62,-3.93,464.19,0.007427930217893924
1981-12-26,0.0,282.71,13.44,-3.52,476.85,0.008570688712954529
1981-12-27,0.0,286.04,13.68,-3.77,470.82,0.007999309465424227
1981-12-28,0.0,296.14,15.55,-3.4,483.29,0.007427930217893924
1981-12-29,0.0,290.52,16.54,-2.09,530.54,0.008570688712954529
1981-12-30,0.0,275.41,15.51,-1.67,548.4,0.008570688712954529
1981-12-31,0.0,156.36,12.96,4.33,826.96,0.008570688712954529
1982-01-01,25.88,88.34,11.58,6.37,959.7,0.23426549148742376
1982-01-02,14.74,129.75,9.38,1.58,699.01,0.8627826637707559
1982-01-03,9.32,206.2,6.6,-5.93,401.98,0.28568962376515095
1982-01-04,0.0,284.57,8.03,-4.93,437.75,0.1542723968331815
1982-01-05,0.0,187.24,10.18,2.22,720.32,0.0914206796048483
1982-01-06,4.59,149.15,11.43,3.27,779.47,0.07427930217893926
1982-01-07,0.0,235.69,9.78,-0.46,604.2,0.07999309465424226
1982-01-08,0.0,300.97,13.53,-1.26,562.89,0.07427930217893926
1982-01-09,0.0,343.05,16.87,-2.92,505.16,0.06856550970363623
1982-01-10,0.0,329.88,18.16,-0.07,613.01,0.05542378701043928
1982-01-11,9.52,199.63,16.59,3.66,799.59,0.03542551334687872
1982-01-12,13.09,100.0,10.87,5.16,884.64,0.07427930217893926
1982-01-13,17.54,210.78,9.22,-3.58,477.58,0.29140341624045396
1982-01-14,0.0,344.27,13.82,-4.36,449.13,0.18855515168499964
1982-01-15,0.0,345.66,15.16,-3.09,491.02,0.14855860435787852
1982-01-16,0.0,342.89,15.35,-2.39,516.81,0.11427584950606039
1982-01-17,0.0,342.99,16.81,-0.94,572.68,0.0914206796048483
1982-01-18,0.0,338.71,16.38,-0.74,579.39,0.08570688712954529
1982-01-19,0.0,251.9,14.82,3.78,799.54,0.06285171722833321
1982-01-20,0.0,305.3,12.91,-0.96,570.54,0.04571033980242415
1982-01-21,4.39,256.09,12.4,0.53,638.19,0.10856205703075737
1982-01-22,0.33,293.59,6.76,-5.84,407.43,0.1542723968331815
1982-01-23,0.0,368.03,10.59,-8.29,338.84,0.10856205703075737
1982-01-24,0.0,364.3,15.62,-2.86,499.66,0.09713447208015133
1982-01-25,0.0,379.62,21.0,-0.19,607.48,0.10856205703075737
1982-01-26,0.0,371.89,21.22,1.45,681.14,0.11427584950606039
1982-01-27,0.0,354.98,18.87,1.44,680.81,0.11427584950606039
1982-01-28,0.0,313.12,17.32,3.45,787.42,0.09713447208015133
1982-01-29,6.07,215.2,13.95,1.81,699.29,0.09713447208015133
1982-01-30,0.0,305.97,11.8,-1.13,564.23,0.10284826455545434
1982-01-31,0.0,361.67,13.22,-4.05,463.56,0.08570688712954529
1982-02-01,0.0,335.07,12.6,-2.47,514.85,0.08570688712954529
1982-02-02,0.0,357.11,11.83,-4.8,433.79,0.07999309465424226
1982-02-03,0.0,359.22,11.7,-5.0,427.5,0.06856550970363623
1982-02-04,0.0,339.79,11.73,-3.55,475.6,0.054281028515378686
1982-02-05,0.0,329.81,12.61,-2.05,537.52,0.04285344356477264
1982-02-06,0.0,330.0,13.12,-1.56,551.54,0.02456930764380298
1982-02-07,0.0,304.55,12.84,-0.14,609.14,0.02171241140615147
1982-02-08,0.0,241.25,11.39,1.83,700.55,0.02456930764380298
1982-02-09,12.12,199.64,9.1,-1.28,562.94,0.010856205703075735
1982-02-10,16.24,153.56,10.56,2.8,749.03,0.008570688712954529
1982-02-11,30.74,167.08,13.97,5.42,901.92,1.799844629720451
1982-02-12,0.0,359.16,15.73,0.24,632.77,1.1199033251593917
1982-02-13,0.0,386.82,18.52,0.65,650.9,0.5770930400056049
1982-02-14,0.0,361.39,17.79,2.38,733.89,0.3713965108946963
1982-02-15,0.0,391.55,19.1,1.38,684.72,0.28568962376515095
1982-02-16,0.0,365.56,17.88,2.56,743.54,0.28568962376515095
1982-02-17,0.0,389.08,20.24,3.08,771.35,0.27997583128984793
1982-02-18,4.56,244.0,19.0,5.97,936.55,0.25140686891333286
1982-02-19,0.0,382.23,19.6,3.09,775.09,0.22855169901212077
1982-02-20,0.0,425.4,23.29,2.4,742.24,0.21141032158621173
1982-02-21,0.0,418.21,23.12,3.17,783.54,0.19426894416030266
1982-02-22,0.0,414.81,24.39,4.83,874.97,0.1828413592096966
1982-02-23,0.0,404.32,23.66,5.35,902.5,0.17141377425909057
1982-02-24,1.04,350.02,19.87,5.65,924.97,0.15998618930848452
1982-02-25,18.43,137.41,13.97,7.69,1058.35,0.1542723968331815
1982-02-26,0.14,304.98,16.08,5.26,894.02,0.14855860435787852
1982-02-27,0.0,391.81,17.94,2.77,758.94,0.14284481188257547
1982-02-28,0.0,432.45,20.75,2.13,724.59,0.14284481188257547
1982-03-01,0.0,431.6,20.23,1.99,714.98,0.13713101940727246
1982-03-02,0.2,333.04,19.29,7.1,1007.84,0.13713101940727246
1982-03-03,0.0,372.69,16.94,3.32,782.56,0.12570343445666643
1982-03-04,0.0,434.74,16.74,-0.45,599.24,0.11427584950606039
1982-03-05,0.0,427.67,15.36,-1.03,581.65,0.1199896419813634
1982-03-06,0.0,438.45,16.22,-0.83,584.09,0.10856205703075737
1982-03-07,0.0,482.27,19.31,-2.37,524.37,0.06856550970363623
1982-03-08,0.0,449.14,20.45,2.1,714.59,0.06285171722833321
1982-03-09,0.0,461.13,22.32,2.61,745.48,0.07427930217893926
1982-03-10,0.0,424.29,22.35,5.39,897.61,0.07427930217893926
1982-03-11,0.0,347.23,21.53,8.72,1133.19,0.050281373782666575
1982-03-12,21.02,189.77,16.34,7.76,1069.22,1.1427584950606038
1982-03-13,30.02,192.53,14.39,5.76,931.33,1.0799067778322706
1982-03-14,17.33,194.96,14.9,6.33,961.93,1.9941135738807538
1982-03-15,19.41,229.47,13.15,3.23,780.37,2.136958385763329
1982-03-16,11.7,216.71,13.36,4.29,836.09,1.4170205338751487
1982-03-17,0.0,407.08,16.33,2.47,740.06,1.0341964380298465
1982-03-18,0.0,343.77,15.33,4.41,842.16,0.7656481916906046
1982-03-19,7.93,318.86,10.8,-0.14,610.74,1.0570516079310586
1982-03-20,0.0,455.28,13.42,-2.19,528.41,1.4398757037763608
1982-03-21,0.0,492.22,16.66,-1.73,547.5,1.0684791928816646
1982-03-22,0.0,483.76,18.67,1.03,664.37,0.8056447390177257
1982-03-23,0.0,496.5,19.32,0.83,656.48,0.5999482099068171
1982-03-24,0.0,506.19,19.52,0.43,639.71,0.45710339802424155
1982-03-25,0.0,493.14,20.87,2.73,753.01,0.3713965108946963
1982-03-26,16.05,273.87,19.43,7.95,1076.72,0.39996547327121135
1982-03-27,6.46,356.3,18.42,5.55,909.33,0.6399447572339381
1982-03-28,0.0,471.6,20.34,3.8,809.28,0.4456758130736355
1982-03-29,1.82,352.83,17.97,5.5,912.4,0.3771103033699993
1982-03-30,0.0,419.96,16.14,3.03,767.84,0.3542551334687872
1982-03-31,0.0,504.51,19.59,1.64,691.46,0.31997237861696903
1982-04-01,0.0,501.45,20.9,2.9,754.24,0.2742620388145449
1982-04-02,0.0,481.62,19.07,2.46,728.79,0.2628344538639389
1982-04-03,0.0,495.14,19.7,2.46,735.62,0.22855169901212077
1982-04-04,0.0,518.22,20.83,1.91,702.96,0.19998273663560567
1982-04-05,0.0,522.31,21.38,2.15,712.62,0.19426894416030266
1982-04-06,0.0,387.36,20.3,8.34,1099.77,0.2056965291109087
1982-04-07,0.0,301.34,18.52,9.84,1222.54,0.1771275667343936
1982-04-08,0.0,538.52,18.84,-0.28,601.13,0.15998618930848452
1982-04-09,0.0,372.89,20.32,9.48,1191.51,0.14284481188257547
1982-04-10,0.0,539.94,23.77,3.51,791.06,0.13141722693196944
1982-04-11,0.0,530.77,26.0,6.2,933.09,0.13141722693196944
1982-04-12,0.0,437.71,26.46,11.94,1369.13,0.11427584950606039
1982-04-13,0.0,516.72,26.13,7.15,978.48,0.10856205703075737
1982-04-14,0.0,544.13,24.46,3.51,738.3,0.0914206796048483
1982-04-15,0.0,520.51,23.6,4.43,798.22,0.07999309465424226
1982-04-16,0.0,533.17,24.0,3.64,763.29,0.07427930217893926
1982-04-17,0.0,524.75,24.75,4.81,822.33,0.06856550970363623
1982-04-18,0.0,532.85,25.4,4.55,802.01,0.06856550970363623
1982-04-19,0.0,534.85,25.89,4.75,806.33,0.06856550970363623
1982-04-20,0.0,495.48,25.19,6.89,948.74,0.05542378701043928
1982-04-21,0.0,495.56,21.79,4.0,782.84,0.04113930582218174
1982-04-22,0.0,486.83,19.0,2.12,694.07,0.042282064317242345
1982-04-23,0.0,481.71,20.98,4.28,795.36,0.04571033980242415
1982-04-24,0.0,536.03,24.03,3.54,736.82,0.04571033980242415
1982-04-25,0.0,541.44,25.82,4.43,777.0,0.04571033980242415
1982-04-26,0.0,524.11,26.42,6.1,875.56,0.043996202059833255
1982-04-27,0.0,519.6,28.03,7.66,974.91,0.046281719049954456
1982-04-28,0.0,517.56,28.66,8.18,1007.57,0.03999654732712113
1982-04-29,0.0,493.66,28.53,9.5,1109.52,0.03656827184193932
1982-04-30,0.0,485.78,28.69,10.16,1154.01,0.030283100119106
1982-05-01,0.0,441.11,28.9,12.68,1377.86,0.026283445386393888
1982-05-02,10.35,315.48,27.04,11.88,1392.03,0.026283445386393888
1982-05-03,10.27,389.13,27.64,10.68,1247.94,0.026854824633924194
1982-05-04,15.81,292.35,26.87,13.12,1498.12,0.022855169901212075
1982-05-05,16.45,283.6,22.15,9.6,1208.13,0.022855169901212075
1982-05-06,0.0,467.13,23.13,6.46,981.62,0.019998273663560565
1982-05-07,0.0,508.29,26.0,6.64,959.04,0.019998273663560565
1982-05-08,0.0,491.53,26.78,8.35,1059.02,0.017141377425909057
1982-05-09,0.0,430.01,26.28,10.84,1264.96,0.017141377425909057
1982-05-10,0.0,426.0,22.37,7.72,1035.19,0.014284481188257548
1982-05-11,0.0,488.44,23.14,5.51,887.58,0.014284481188257548
1982-05-12,6.4,320.53,20.82,6.25,951.6,0.014284481188257548
1982-05-13,0.07,507.86,22.33,3.67,745.07,0.011427584950606038
1982-05-14,0.0,519.53,26.15,6.56,882.5,0.011427584950606038
1982-05-15,0.0,518.08,26.68,7.06,919.67,0.011427584950606038
1982-05-16,0.0,522.28,27.29,7.36,933.24,0.011427584950606038
1982-05-17,0.0,513.99,29.56,9.8,1088.95,0.011427584950606038
1982-05-18,0.0,488.62,30.01,11.68,1235.14,0.010856205703075735
1982-05-19,0.0,528.03,29.6,9.03,1023.8,0.008570688712954529
1982-05-20,0.0,540.87,29.62,8.09,945.79,0.006856550970363623
1982-05-21,0.0,539.44,30.6,8.99,991.93,0.006285171722833322
1982-05-22,0.0,501.34,30.64,11.41,1197.04,0.004685309829748475
1982-05-23,0.0,535.01,30.73,9.21,1014.55,0.004571033980242415
1982-05-24,0.0,513.18,31.88,11.65,1196.01,0.003828240958453023
1982-05-25,0.0,505.02,31.54,11.91,1226.75,0.003999654732712113
1982-05-26,0.0,501.49,31.08,11.75,1220.95,0.0045138960554893855
1982-05-27,3.05,408.1,29.76,12.51,1326.28,0.0035996892594409025
1982-05-28,0.0,515.42,27.6,8.16,939.91,0.003771103033699993
1982-05-29,0.0,519.48,28.4,8.63,961.57,0.003771103033699993
1982-05-30,0.0,517.81,28.89,9.15,990.0,0.0028568962376515094
1982-05-31,0.0,552.16,30.95,8.2,895.87,0.0021141032158621172
1982-06-01,0.0,508.61,30.54,10.84,1092.59,0.0022283790653681774
1982-06-02,0.0,531.85,29.57,8.5,925.62,0.004571033980242415
1982-06-03,0.0,542.51,30.49,8.26,903.49,0.006285171722833322
1982-06-04,0.0,537.81,30.32,8.29,909.18,0.006285171722833322
1982-06-05,0.0,468.84,29.03,11.31,1169.28,0.0045138960554893855
1982-06-06,0.0,525.57,28.77,7.82,894.54,0.003771103033699993
1982-06-07,0.0,522.4,30.1,9.08,965.32,0.003142585861416661
1982-06-08,0.0,523.04,30.14,8.92,961.47,0.0036568271841939323
1982-06-09,0.0,538.97,31.05,8.34,911.0,0.0031997237861696908
1982-06-10,0.0,531.49,32.29,9.8,1004.81,0.0027997583128984795
1982-06-11,0.0,534.73,33.29,10.49,970.72,0.002171241140615147
1982-06-12,0.0,528.49,32.87,10.88,877.75,0.002171241140615147
1982-06-13,0.0,525.42,32.17,10.67,797.21,0.002056965291109087
1982-06-14,0.0,507.48,31.07,11.05,747.79,0.002171241140615147
1982-06-15,0.0,522.73,32.47,11.49,680.83,0.0019998273663560566
1982-06-16,0.0,522.69,34.42,13.12,749.07,0.0028568962376515094
1982-06-17,0.0,460.7,34.89,17.06,1073.68,0.0022855169901212077
1982-06-18,0.0,523.61,33.73,12.64,697.83,0.0019426894416030268
1982-06-19,0.0,519.08,33.12,12.35,686.91,0.0019426894416030268
1982-06-20,0.0,518.08,33.57,12.85,711.68,0.0021141032158621172
1982-06-21,0.0,524.72,33.66,12.49,690.14,0.0019426894416030268
1982-06-22,0.0,523.05,33.1,12.14,680.52,0.0019426894416030268
1982-06-23,0.0,527.28,33.42,12.1,670.85,0.0015998618930848454
1982-06-24,0.0,537.02,33.76,11.67,643.35,0.0015998618930848454
1982-06-25,0.0,526.27,34.23,13.0,635.88,0.0013141722693196945
1982-06-26,0.0,541.19,35.91,13.41,613.3,0.0013141722693196945
1982-06-27,0.0,544.6,36.97,14.06,642.43,0.0010856205703075735
1982-06-28,0.0,535.66,36.48,14.28,651.53,0.0010856205703075735
1982-06-29,0.0,512.87,35.25,14.69,683.17,0.0009142067960484831
1982-06-30,0.0,428.26,33.38,17.49,917.82,0.0009142067960484831
1982-07-01,0.0,497.84,31.7,12.51,607.53,0.0006285171722833321
1982-07-02,0.0,529.9,32.61,11.34,538.6,0.0006285171722833321
1982-07-03,0.0,527.37,33.75,12.53,583.47,0.0006285171722833321
1982-07-04,0.0,501.7,33.55,14.03,662.82,0.0006856550970363622
1982-07-05,0.0,426.28,31.4,15.85,830.81,0.0009142067960484831
1982-07-06,0.0,449.13,30.72,14.24,706.07,0.0010284826455545435
1982-07-07,8.5,238.76,27.9,16.69,1294.44,0.0012570343445666642
1982-07-08,0.0,452.3,31.09,14.56,771.89,0.0014284481188257547
1982-07-09,0.0,474.02,34.04,16.28,828.95,0.0015998618930848454
1982-07-10,0.0,507.35,36.12,16.26,786.03,0.0010856205703075735
1982-07-11,0.0,530.38,37.5,16.06,763.9,0.0013141722693196945
1982-07-12,0.0,545.57,37.95,15.36,723.35,0.0013141722693196945
1982-07-13,0.0,528.32,37.98,16.64,800.01,0.0013141722693196945
1982-07-14,0.0,506.47,37.98,18.0,895.2,0.0015998618930848454
1982-07-15,0.0,485.46,37.58,18.87,966.65,0.0015998618930848454
1982-07-16,0.0,411.21,36.26,21.23,1251.8,0.0015998618930848454
1982-07-17,0.0,432.36,35.01,19.26,1072.68,0.0015998618930848454
1982-07-18,0.0,368.29,33.26,20.34,1312.66,0.0015998618930848454
1982-07-19,0.0,480.75,36.33,18.27,923.18,0.0015998618930848454
1982-07-20,0.0,429.98,36.45,20.87,1204.2,0.0015998618930848454
1982-07-21,2.56,331.85,36.56,22.63,1634.22,0.0015998618930848454
1982-07-22,2.05,400.45,35.16,19.23,1175.08,0.0015998618930848454
1982-07-23,0.81,412.05,35.77,20.11,1254.05,0.0019426894416030268
1982-07-24,0.0,472.17,36.21,19.07,1048.31,0.002685482463392419
1982-07-25,0.63,409.65,34.02,19.86,1237.03,0.050281373782666575
1982-07-26,0.42,421.52,33.66,18.89,1135.19,0.007999309465424227
1982-07-27,0.0,426.56,32.37,18.07,1086.33,0.007999309465424227
1982-07-28,0.0,418.99,33.32,19.34,1184.1,0.007999309465424227
1982-07-29,0.09,401.62,33.46,20.22,1299.74,0.006856550970363623
1982-07-30,6.25,311.45,34.08,19.84,1516.22,0.006285171722833322
1982-07-31,8.2,344.29,34.03,17.89,1331.7,0.019426894416030266
1982-08-01,6.49,283.6,33.11,21.01,1826.42,0.006856550970363623
1982-08-02,0.0,424.22,32.97,19.3,1201.9,0.006285171722833322
1982-08-03,0.0,431.67,33.15,19.63,1000.34,0.006285171722833322
1982-08-04,0.0,511.93,33.84,16.66,732.22,0.006285171722833322
1982-08-05,0.0,502.84,34.86,18.06,802.17,0.006285171722833322
1982-08-06,0.0,474.28,34.13,18.72,843.51,0.006285171722833322
1982-08-07,0.0,469.24,34.72,19.51,882.7,0.006856550970363623
1982-08-08,0.0,503.53,36.04,18.93,851.12,0.006856550970363623
1982-08-09,0.0,488.22,36.59,20.29,928.6,0.007999309465424227
1982-08-10,0.0,507.93,36.68,19.38,879.21,0.007999309465424227
1982-08-11,2.18,469.43,35.36,19.81,891.04,0.010856205703075735
1982-08-12,25.42,353.61,32.09,17.26,798.02,0.01828413592096966
1982-08-13,18.39,268.54,27.68,17.03,1409.52,0.019426894416030266
1982-08-14,0.88,430.75,30.94,17.32,1200.56,0.007999309465424227
1982-08-15,0.0,448.51,32.41,18.31,1196.33,0.007999309465424227
1982-08-16,0.0,459.7,33.35,18.66,1194.28,0.007999309465424227
1982-08-17,0.0,444.56,34.82,20.45,1366.37,0.007999309465424227
1982-08-18,0.0,478.79,34.64,18.83,1159.75,0.007999309465424227
1982-08-19,0.0,458.24,35.62,20.54,1336.18,0.009713447208015133
1982-08-20,0.0,463.22,37.54,21.84,1414.77,0.012570343445666644
1982-08-21,2.71,351.28,35.11,21.19,1716.72,0.012570343445666644
1982-08-22,0.0,463.38,35.21,19.78,1310.29,0.012570343445666644
1982-08-23,0.0,420.77,33.55,20.13,1458.86,0.012570343445666644
1982-08-24,4.93,356.78,31.0,17.07,1403.79,0.014855860435787849
1982-08-25,3.08,374.84,30.42,17.11,1435.7,0.06285171722833321
1982-08-26,0.0,441.35,30.55,16.53,1236.86,0.017141377425909057
1982-08-27,0.0,460.12,32.24,17.05,1226.79,0.014855860435787849
1982-08-28,0.0,470.1,33.25,17.34,1222.28,0.012570343445666644
1982-08-29,0.0,479.59,34.59,17.82,1227.12,0.012570343445666644
1982-08-30,0.0,460.25,34.33,18.55,1326.3,0.012570343445666644
1982-08-31,0.0,469.86,35.04,18.48,1293.2,0.009713447208015133
1982-09-01,0.0,499.74,36.86,17.94,1181.64,0.009713447208015133
1982-09-02,0.0,504.12,38.15,18.38,1195.0,0.009713447208015133
1982-09-03,0.0,462.41,37.37,20.16,1444.26,0.009713447208015133
1982-09-04,0.0,418.64,35.35,20.56,1631.45,0.009713447208015133
1982-09-05,0.0,478.26,35.28,17.42,1209.46,0.009713447208015133
1982-09-06,0.0,488.59,36.3,17.37,1181.74,0.010284826455545435
1982-09-07,0.0,437.29,34.88,18.98,1423.73,0.012570343445666644
1982-09-08,0.52,371.76,29.97,17.11,1457.99,0.012570343445666644
1982-09-09,0.0,405.28,30.1,16.28,1340.63,0.012570343445666644
1982-09-10,11.71,327.55,28.91,16.4,1506.75,0.2571206613886359
1982-09-11,26.18,223.22,23.97,14.51,1591.2,0.2571206613886359
1982-09-12,14.63,285.91,24.1,12.05,1391.38,0.14284481188257547
1982-09-13,0.0,422.71,24.56,10.17,1128.66,0.025140686891333287
1982-09-14,0.0,404.82,26.81,12.88,1351.72,0.012570343445666644
1982-09-15,0.0,450.59,28.49,11.9,1211.38,0.009713447208015133
1982-09-16,0.0,468.78,28.7,10.75,1105.87,0.006856550970363623
1982-09-17,0.0,363.4,25.98,13.6,1467.84,0.006856550970363623
1982-09-18,1.28,410.05,29.12,12.56,1335.39,0.007999309465424227
1982-09-19,0.0,460.47,31.06,12.69,1270.87,0.006285171722833322
1982-09-20,0.0,435.79,31.7,14.53,1456.23,0.005256689077278778
1982-09-21,0.0,420.08,32.86,16.18,1632.95,0.004456758130736355
1982-09-22,0.0,427.1,34.53,16.71,1699.33,0.003142585861416661
1982-09-23,0.0,452.2,35.6,15.58,1530.75,0.003142585861416661
1982-09-24,0.0,445.75,35.42,15.6,1536.39,0.002685482463392419
1982-09-25,0.0,421.65,34.41,16.22,1638.18,0.0022855169901212077
1982-09-26,0.0,400.31,32.01,15.43,1605.31,0.0022855169901212077
1982-09-27,0.0,358.48,29.2,14.97,1576.57,0.0022855169901212077
1982-09-28,3.06,390.38,23.15,6.51,926.43,0.003771103033699993
1982-09-29,0.0,450.57,24.9,5.82,852.07,0.003142585861416661
1982-09-30,0.0,351.41,24.93,11.44,1291.98,0.0022855169901212077
1982-10-01,0.0,472.2,23.67,2.55,677.56,0.002056965291109087
1982-10-02,0.0,480.96,27.61,4.11,740.65,0.002742620388145449
1982-10-03,0.0,470.48,29.03,6.1,845.65,0.0023997928396272683
1982-10-04,0.0,459.24,28.84,6.77,888.64,0.0022855169901212077
1982-10-05,0.0,462.09,27.63,5.05,796.17,0.0019426894416030268
1982-10-06,0.0,457.46,27.98,5.49,806.88,0.0019426894416030268
1982-10-07,0.0,448.89,27.63,5.71,820.5,0.0018284135920969662
1982-10-08,0.0,422.63,24.14,4.64,799.16,0.001485586043578785
1982-10-09,0.0,346.04,21.19,6.69,953.09,0.0013141722693196945
1982-10-10,0.0,398.59,22.27,4.2,796.53,0.0011427584950606039
1982-10-11,0.0,400.09,21.63,3.22,737.92,0.0013713101940727244
1982-10-12,0.0,399.33,21.57,2.82,724.56,0.0016569998178378755
1982-10-13,0.0,407.72,23.23,3.26,745.58,0.0015998618930848454
1982-10-14,0.0,377.87,25.1,6.83,957.96,0.0015998618930848454
1982-10-15,0.0,397.99,26.91,6.52,924.36,0.0015427239683318155
1982-10-16,0.0,370.63,28.38,9.7,1144.73,0.0013141722693196945
1982-10-17,0.0,390.75,27.86,7.3,969.04,0.0021141032158621172
1982-10-18,0.0,406.94,28.07,5.61,859.81,0.0012570343445666642
1982-10-19,0.0,392.88,26.79,5.57,864.36,0.0012570343445666642
1982-10-20,0.0,370.8,25.62,6.19,909.28,0.0010856205703075735
1982-10-21,0.0,398.53,26.4,3.98,773.28,0.0011998964198136342
1982-10-22,0.0,380.97,27.6,6.33,911.91,0.0010856205703075735
1982-10-23,0.0,364.22,27.4,7.43,988.27,0.0010284826455545435
1982-10-24,0.0,352.8,27.55,8.25,1043.04,0.0009713447208015134
1982-10-25,0.0,345.19,26.2,7.51,1006.87,0.0013141722693196945
1982-10-26,0.0,260.07,24.35,11.15,1315.02,0.0015998618930848454
1982-10-27,0.01,250.04,21.18,8.81,1136.91,0.0019998273663560566
1982-10-28,0.0,350.52,19.8,1.02,657.17,0.0022283790653681774
1982-10-29,0.0,372.39,21.6,0.26,614.08,0.0019426894416030268
1982-10-30,0.0,347.15,22.11,2.83,715.43,0.0018284135920969662
1982-10-31,0.0,295.16,21.66,6.13,901.53,0.0015427239683318155
1982-11-01,0.0,344.17,21.68,2.46,695.31,0.0013141722693196945
1982-11-02,0.0,337.91,21.14,2.44,693.01,0.0013713101940727244
1982-11-03,0.0,318.5,19.54,2.43,706.38,0.0012570343445666642
1982-11-04,0.0,361.24,21.87,0.48,600.3,0.0011998964198136342
1982-11-05,0.0,343.0,22.58,2.77,707.94,0.0013141722693196945
1982-11-06,0.0,355.41,22.18,0.92,623.66,0.0016569998178378755
1982-11-07,0.0,342.43,21.42,1.33,648.4,0.0021141032158621172
1982-11-08,0.0,263.85,19.81,5.71,915.67,0.0042282064317242345
1982-11-09,30.72,86.55,14.57,8.96,1156.66,0.03542551334687872
1982-11-10,16.44,118.75,15.38,7.53,1047.27,0.04113930582218174
1982-11-11,29.61,177.11,12.23,0.44,640.57,0.14855860435787852
1982-11-12,0.0,314.82,15.13,-2.16,536.92,0.03599689259440902
1982-11-13,0.0,284.29,15.21,0.25,629.87,0.015427239683318153
1982-11-14,0.0,328.33,18.52,-0.51,598.7,0.012570343445666644
1982-11-15,0.0,312.45,19.36,1.58,695.78,0.010856205703075735
1982-11-16,0.0,247.62,18.1,5.18,895.63,0.009713447208015133
1982-11-17,26.05,89.78,14.12,8.4,1113.35,0.01771275667343936
1982-11-18,35.52,62.92,12.84,9.17,1174.6,1.1541860800112098
1982-11-19,3.63,178.27,14.65,5.74,930.47,0.5770930400056049
1982-11-20,0.0,186.28,16.09,7.37,1035.19,0.15998618930848452
1982-11-21,0.0,274.25,16.24,2.63,757.45,0.08570688712954529
1982-11-22,0.0,280.89,15.63,1.71,705.08,0.06285171722833321
1982-11-23,0.0,294.57,17.13,2.05,718.64,0.06285171722833321
1982-11-24,0.0,249.4,15.39,3.55,794.55,0.05713792475303019
1982-11-25,0.0,250.13,14.24,2.41,735.97,0.047995856792545366
1982-11-26,0.0,241.24,13.79,2.42,729.2,0.04113930582218174
1982-11-27,0.26,255.31,13.33,1.04,664.57,0.04113930582218174
1982-11-28,0.0,265.96,13.24,0.68,649.53,0.04113930582218174
1982-11-29,2.91,186.68,12.68,4.19,827.85,0.04113930582218174
1982-11-30,34.8,98.7,11.84,6.33,960.81,5.605230418272262
1982-12-01,30.38,148.68,10.32,2.01,710.26,4.588175357668324
1982-12-02,0.0,250.74,8.94,-1.77,544.21,1.1427584950606038
1982-12-03,0.0,303.56,10.13,-4.15,458.22,0.617089587332726
1982-12-04,0.0,318.59,14.07,-2.03,532.25,0.3771103033699993
1982-12-05,0.0,333.0,16.88,-1.76,546.26,0.2571206613886359
1982-12-06,0.0,338.47,17.95,-1.81,543.8,0.1828413592096966
1982-12-07,0.0,326.56,16.35,-1.18,567.05,0.17141377425909057
1982-12-08,18.41,206.87,14.22,1.4,683.68,0.15998618930848452
1982-12-09,28.22,106.94,12.82,7.05,1007.81,2.056965291109087
1982-12-10,22.92,85.43,10.37,5.91,932.97,5.308113209556504
1982-12-11,0.0,185.32,11.92,4.46,842.04,3.239720333496812
1982-12-12,0.0,274.6,13.56,1.35,680.95,1.2798895144678761
1982-12-13,0.0,280.57,12.78,0.17,622.27,0.7599343992153015
1982-12-14,0.0,318.63,13.02,-3.05,499.26,0.5142413227772717
1982-12-15,0.0,317.72,12.65,-3.15,491.06,0.3713965108946963
1982-12-16,0.0,328.18,16.21,-2.02,531.79,0.29140341624045396
1982-12-17,0.0,332.56,18.36,-1.72,544.33,0.2399792839627268
1982-12-18,0.0,332.0,19.14,-1.76,543.31,0.2056965291109087
1982-12-19,0.0,330.38,19.18,-1.91,539.56,0.1771275667343936
1982-12-20,0.0,329.12,19.02,-2.19,529.27,0.1542723968331815
1982-12-21,0.0,316.36,17.74,-1.21,565.19,0.14284481188257547
1982-12-22,2.04,216.15,15.77,5.08,883.56,0.12570343445666643
1982-12-23,20.61,126.93,12.95,5.29,891.88,1.6627136103131785
1982-12-24,10.58,180.27,8.39,-2.11,528.74,0.9142067960484831
1982-12-25,0.0,246.43,7.89,-3.46,481.24,0.5256689077278778
1982-12-26,0.0,257.14,10.03,-2.12,528.27,0.4113930582218174
1982-12-27,0.0,285.89,9.32,-4.82,431.89,0.3542551334687872
1982-12-28,0.0,271.07,8.17,-4.81,433.27,0.30283100119106
1982-12-29,0.0,275.32,7.05,-6.25,392.03,0.2571206613886359
1982-12-30,5.49,142.25,5.82,-1.18,562.84,0.23426549148742376
1982-12-31,0.0,249.36,7.85,-3.85,467.65,0.21712411406151474
1983-01-01,0.0,308.84,10.9,-6.44,389.05,0.19998273663560567
1983-01-02,0.0,319.29,12.3,-6.63,384.64,0.1828413592096966
1983-01-03,0.0,311.36,13.4,-4.24,457.96,0.16569998178378756
1983-01-04,0.0,315.03,14.1,-3.73,470.53,0.1542723968331815
1983-01-05,0.0,303.18,16.31,-0.23,598.89,0.16569998178378756
1983-01-06,0.0,300.23,16.76,0.47,631.49,0.14284481188257547
1983-01-07,0.0,300.45,16.95,0.78,645.16,0.12570343445666643
1983-01-08,0.0,308.29,18.15,1.15,663.02,0.11427584950606039
1983-01-09,0.0,312.34,17.65,0.44,632.45,0.10856205703075737
1983-01-10,0.0,301.37,17.12,1.17,667.5,0.09713447208015133
1983-01-11,0.0,321.17,18.66,0.58,638.72,0.0914206796048483
1983-01-12,0.0,283.83,19.14,4.44,843.04,0.07999309465424226
1983-01-13,0.0,309.86,19.43,2.7,746.15,0.07427930217893926
1983-01-14,0.0,317.13,19.93,2.62,740.42,0.06856550970363623
1983-01-15,0.0,253.72,18.18,5.87,929.53,0.06285171722833321
1983-01-16,0.0,248.0,16.28,4.55,847.57,0.06285171722833321
1983-01-17,0.0,191.35,14.99,6.47,966.67,0.06856550970363623
1983-01-18,0.0,260.25,14.83,2.88,758.32,0.07427930217893926
1983-01-19,0.0,256.89,13.09,1.42,678.73,0.06856550970363623
1983-01-20,0.0,210.95,10.27,1.24,671.27,0.06856550970363623
1983-01-21,0.0,300.4,8.72,-5.08,424.12,0.06285171722833321
1983-01-22,0.0,315.58,10.76,-4.11,453.52,0.05713792475303019
1983-01-23,0.0,268.89,12.26,0.38,626.78,0.05542378701043928
1983-01-24,0.0,281.95,13.22,0.61,640.06,0.05085275303019687
1983-01-25,0.0,277.33,14.43,2.14,716.05,0.04913861528760596
1983-01-26,0.0,325.92,15.63,0.11,620.74,0.04571033980242415
1983-01-27,0.0,306.61,16.43,2.33,724.75,0.07999309465424226
1983-01-28,19.22,227.55,15.17,3.07,765.35,0.628517172283332
1983-01-29,27.59,175.64,10.42,0.9,663.25,4.616744320044839
1983-01-30,28.18,133.32,9.82,2.85,754.18,3.7082513164716597
1983-01-31,0.0,223.82,9.28,0.68,649.6,1.542723968331815
1983-02-01,1.32,253.46,9.45,-0.41,600.46,1.3598826091221188
1983-02-02,0.0,306.8,9.1,-2.93,501.56,1.0170550606039375
1983-02-03,32.39,138.09,7.27,0.89,654.6,1.6512860253625725
1983-02-04,17.47,93.14,7.28,3.25,775.14,12.513205520913612
1983-02-05,11.03,131.86,8.81,3.04,764.87,4.422475375884537
1983-02-06,11.89,152.96,9.62,3.09,767.71,2.8226134827996914
1983-02-07,12.77,144.81,10.1,4.14,825.09,4.285344356477265
1983-02-08,12.44,123.38,10.51,5.6,910.08,5.588089040846352
1983-02-09,2.28,307.8,12.89,2.64,740.75,3.7939582036012047
1983-02-10,0.0,355.32,13.71,1.9,705.6,2.2626618202199955
1983-02-11,0.0,388.82,15.41,1.41,679.2,1.6627136103131785
1983-02-12,0.0,405.84,16.21,0.99,664.92,1.2856033069431791
1983-02-13,0.0,407.45,17.21,1.86,702.38,1.0456240229804525
1983-02-14,0.0,404.1,16.88,2.01,709.36,0.8742102487213619
1983-02-15,0.0,425.97,17.2,0.32,628.0,0.7370792293140894
1983-02-16,0.0,425.11,17.33,0.48,640.24,0.6399447572339381
1983-02-17,0.0,427.33,18.91,1.71,694.45,0.5713792475303019
1983-02-18,0.0,417.57,19.09,2.97,756.53,0.49709994535136265
1983-02-19,0.0,419.24,18.04,1.98,706.42,0.45710339802424155
1983-02-20,0.0,435.17,17.65,0.23,625.76,0.3828240958453023
1983-02-21,0.0,445.04,19.69,0.79,652.29,0.34854134099348416
1983-02-22,0.0,448.4,20.57,1.15,673.76,0.31997237861696903
1983-02-23,0.0,443.04,21.89,3.04,766.43,0.30283100119106
1983-02-24,0.0,425.9,21.18,4.31,835.8,0.2742620388145449
1983-02-25,0.0,358.2,16.72,4.63,853.23,0.2571206613886359
1983-02-26,0.0,387.0,14.14,1.12,666.0,0.24569307643802982
1983-02-27,0.0,347.14,13.56,2.71,746.99,0.23426549148742376
1983-02-28,0.0,305.2,15.85,6.49,964.8,0.21141032158621173
1983-03-01,0.0,384.51,18.62,5.76,923.39,0.19998273663560567
1983-03-02,0.0,296.0,17.57,8.38,1110.47,0.21712411406151474
1983-03-03,29.33,235.98,14.66,5.04,882.27,1.9312618566524204
1983-03-04,47.07,146.38,8.84,3.49,789.82,11.141895326840887
1983-03-05,13.88,214.65,11.8,3.66,795.66,5.496668361241504
1983-03-06,0.0,385.33,14.64,2.57,742.31,2.2455204427940867
1983-03-07,0.0,350.23,14.87,4.17,826.19,1.4455894962516638
1983-03-08,1.29,403.98,18.05,3.64,797.99,1.1199033251593917
1983-03-09,0.0,462.96,22.08,4.04,821.19,0.8627826637707559
1983-03-10,0.0,440.52,23.15,6.48,972.41,0.6570861346598472
1983-03-11,0.0,416.25,22.74,7.63,1053.6,0.5485240776290898
1983-03-12,0.0,422.53,21.99,6.69,986.62,0.4856723604007566
1983-03-13,0.0,429.81,21.21,5.69,921.84,0.4342482281230295
1983-03-14,0.0,370.33,19.47,7.17,1018.59,0.5770930400056049
1983-03-15,0.0,410.77,15.7,2.18,721.9,0.5313827002031808
1983-03-16,0.0,449.41,15.93,0.41,632.15,0.3885378883206053
1983-03-17,3.46,403.95,15.15,0.49,639.85,0.3713965108946963
1983-03-18,16.97,162.63,11.9,5.71,915.83,1.1084757402087857
1983-03-19,25.06,202.8,10.54,3.04,762.15,3.4568444475583266
1983-03-20,7.45,314.51,12.73,2.1,715.2,2.2169514804175714
1983-03-21,10.94,338.38,11.82,1.06,668.43,1.7484204974427238
1983-03-22,19.28,293.12,11.84,0.89,657.86,2.651199708540601
1983-03-23,12.97,259.36,12.5,3.26,775.59,2.2569480277446927
1983-03-24,10.47,293.82,12.4,3.3,780.7,3.468272032508933
1983-03-25,16.72,273.28,10.72,1.62,692.36,2.982599672108176
1983-03-26,0.43,476.58,12.36,-1.09,571.22,1.7312791200168147
1983-03-27,0.0,488.14,15.52,1.48,684.28,1.3027446843690884
1983-03-28,0.0,514.16,17.36,1.43,683.36,1.0341964380298465
1983-03-29,0.0,516.01,19.34,2.86,758.44,0.8627826637707559
1983-03-30,0.0,529.37,23.65,4.89,871.68,0.7256516443634835
1983-03-31,0.0,516.7,23.39,6.01,943.66,0.617089587332726
1983-04-01,0.0,524.87,22.35,4.34,845.77,0.5256689077278778
1983-04-02,0.0,525.57,21.61,3.59,796.41,0.4799585679254536
1983-04-03,0.0,474.32,20.61,5.8,927.15,0.45138960554893853
1983-04-04,0.0,509.59,15.45,-0.91,580.78,0.4342482281230295
1983-04-05,0.0,489.17,13.48,-1.49,556.06,0.42282064317242346
1983-04-06,0.0,417.38,12.71,0.99,663.14,0.42282064317242346
1983-04-07,0.0,429.03,13.17,1.13,670.7,0.4285344356477265
1983-04-08,0.0,521.89,15.71,-1.13,572.61,0.42282064317242346
1983-04-09,0.0,537.42,19.0,0.66,648.5,0.3828240958453023
1983-04-10,0.0,528.97,20.07,2.32,730.98,0.3713965108946963
1983-04-11,0.0,432.02,19.28,6.69,985.74,0.33711375604287813
1983-04-12,3.9,318.93,14.37,2.49,733.66,0.33711375604287813
1983-04-13,2.39,412.33,11.98,-0.88,580.29,0.33711375604287813
1983-04-14,0.0,515.78,15.38,-0.36,601.15,0.3256861710922721
1983-04-15,0.0,551.76,20.14,1.28,674.31,0.308544793666363
1983-04-16,0.0,556.6,23.29,3.31,781.91,0.308544793666363
1983-04-17,0.0,545.32,25.42,5.55,909.69,0.29711720871575703
1983-04-18,0.0,505.43,24.49,7.22,1022.72,0.29140341624045396
1983-04-19,0.0,482.13,22.22,6.64,983.8,0.28568962376515095
1983-04-20,0.0,472.43,21.43,6.3,964.51,0.2742620388145449
1983-04-21,9.55,246.89,15.07,5.77,930.14,0.3828240958453023
1983-04-22,5.17,430.34,19.87,3.51,792.41,0.4113930582218174
1983-04-23,0.0,517.83,23.17,5.09,888.91,0.29711720871575703
1983-04-24,0.0,494.25,25.27,8.05,1085.31,0.2628344538639389
1983-04-25,0.0,488.45,24.03,7.21,1022.46,0.24569307643802982
1983-04-26,0.0,497.73,22.02,5.05,882.84,0.23426549148742376
1983-04-27,0.0,517.76,23.93,5.49,915.44,0.2399792839627268
1983-04-28,0.0,461.85,23.75,8.42,1116.98,0.2571206613886359
1983-04-29,0.0,455.0,23.09,8.27,1107.56,0.22283790653681776
1983-04-30,5.07,301.11,20.88,9.37,1189.6,0.22855169901212077
1983-05-01,0.9,466.68,18.98,3.4,788.49,0.2399792839627268
1983-05-02,0.0,512.64,20.14,3.13,776.68,0.2399792839627268
1983-05-03,0.0,520.33,23.62,5.62,921.56,0.22855169901212077
1983-05-04,0.0,520.52,25.67,7.33,1025.81,0.21712411406151474
1983-05-05,0.0,503.49,25.43,8.06,1068.36,0.21712411406151474
1983-05-06,0.0,489.53,23.27,6.93,998.17,0.2056965291109087
1983-05-07,0.0,542.02,26.86,6.35,946.0,0.19998273663560567
1983-05-08,0.0,536.85,28.99,8.55,1072.34,0.18855515168499964
1983-05-09,0.0,515.05,27.96,9.22,1110.22,0.18855515168499964
1983-05-10,0.0,509.38,26.86,8.72,1069.51,0.17141377425909057
1983-05-11,0.0,474.79,25.48,9.3,1132.47,0.1542723968331815
1983-05-12,0.0,506.87,24.24,6.48,926.73,0.1542723968331815
1983-05-13,0.0,522.32,23.77,5.02,837.83,0.1542723968331815
1983-05-14,0.0,515.42,24.05,5.61,876.49,0.16569998178378756
1983-05-15,0.0,534.61,25.71,5.77,876.36,0.17141377425909057
1983-05-16,0.0,516.16,25.58,6.88,960.8,0.1542723968331815
1983-05-17,0.0,524.58,24.83,5.76,887.71,0.14284481188257547
1983-05-18,0.0,476.16,25.22,8.82,1103.17,0.14284481188257547
1983-05-19,0.0,525.09,26.66,7.23,971.38,0.14284481188257547
1983-05-20,0.0,504.47,26.53,8.34,1051.25,0.13141722693196944
1983-05-21,0.0,516.95,28.69,9.03,1098.92,0.1199896419813634
1983-05-22,0.0,533.43,32.09,10.42,1186.1,0.11427584950606039
1983-05-23,0.0,519.43,34.58,13.18,1425.21,0.10856205703075737
1983-05-24,0.0,532.34,35.76,13.14,1395.67,0.09713447208015133
1983-05-25,0.0,528.15,36.17,13.66,1437.63,0.0914206796048483
1983-05-26,0.0,520.81,35.94,13.88,1471.85,0.0914206796048483
1983-05-27,0.0,508.36,36.29,14.94,1580.91,0.0914206796048483
1983-05-28,0.0,470.57,36.73,17.43,1862.77,0.08570688712954529
1983-05-29,0.0,430.3,36.32,19.13,2104.67,0.07999309465424226
1983-05-30,0.0,452.57,34.45,16.5,1783.87,0.07999309465424226
1983-05-31,0.0,444.08,32.97,15.7,1702.12,0.06856550970363623
1983-06-01,0.0,434.01,31.28,14.84,1622.07,0.06856550970363623
1983-06-02,0.0,462.65,27.24,10.18,1166.16,0.06856550970363623
1983-06-03,0.0,514.64,28.66,8.8,892.35,0.06856550970363623
1983-06-04,0.0,510.62,29.1,9.52,891.26,0.07427930217893926
1983-06-05,0.0,535.03,30.71,9.16,837.97,0.07427930217893926
1983-06-06,0.0,490.28,31.92,13.0,1123.6,0.06856550970363623
1983-06-07,0.0,474.33,33.38,15.08,1293.43,0.06856550970363623
1983-06-08,0.0,475.22,32.77,14.57,1250.63,0.06285171722833321
1983-06-09,0.0,473.76,31.92,13.94,1211.03,0.06285171722833321
1983-06-10,0.0,485.76,32.99,14.16,1206.42,0.06285171722833321
1983-06-11,0.0,477.88,33.07,14.64,1252.37,0.05542378701043928
1983-06-12,0.0,428.32,31.18,15.41,1405.35,0.05542378701043928
1983-06-13,0.0,519.16,31.79,11.14,962.16,0.050281373782666575
1983-06-14,0.0,479.59,32.95,14.49,1240.06,0.050281373782666575
1983-06-15,0.0,519.07,33.58,12.73,1048.03,0.04571033980242415
1983-06-16,0.0,508.15,34.41,14.07,1142.21,0.03656827184193932
1983-06-17,0.0,503.34,35.57,15.47,1145.61,0.03256861710922721
1983-06-18,0.0,495.97,35.4,16.12,1054.32,0.03256861710922721
1983-06-19,0.0,517.08,35.24,14.85,901.53,0.03256861710922721
1983-06-20,0.0,506.6,34.64,15.08,859.02,0.028568962376515097
1983-06-21,0.0,533.06,34.22,13.48,641.53,0.028568962376515097
1983-06-22,0.0,522.44,34.07,14.19,636.5,0.025140686891333287
1983-06-23,0.0,469.27,32.85,16.17,723.71,0.025140686891333287
1983-06-24,0.0,495.64,33.12,15.22,653.26,0.022283790653681777
1983-06-25,0.0,555.46,33.87,11.85,525.46,0.022283790653681777
1983-06-26,0.0,547.42,33.32,12.16,527.91,0.022283790653681777
1983-06-27,0.0,527.63,32.86,13.11,562.72,0.022283790653681777
1983-06-28,0.0,511.47,32.74,13.97,596.25,0.022283790653681777
1983-06-29,0.0,515.84,33.52,14.37,609.4,0.022283790653681777
1983-06-30,0.0,532.06,34.56,14.18,605.39,0.025140686891333287
1983-07-01,0.0,513.55,34.51,15.23,648.54,0.022283790653681777
1983-07-02,0.0,507.08,34.1,15.17,645.48,0.025140686891333287
1983-07-03,0.0,539.4,34.77,13.7,588.56,0.022283790653681777
1983-07-04,0.0,537.97,37.86,16.43,709.56,0.025140686891333287
1983-07-05,0.0,552.27,39.88,16.97,742.29,0.022283790653681777
1983-07-06,0.0,454.78,39.68,22.81,1076.89,0.022283790653681777
1983-07-07,0.0,428.73,37.82,22.49,1058.52,0.017141377425909057
1983-07-08,12.54,310.86,34.89,20.38,950.56,0.019426894416030266
1983-07-09,7.64,359.14,32.86,18.94,957.54,0.03256861710922721
1983-07-10,0.0,433.03,35.37,20.14,999.16,0.022283790653681777
1983-07-11,0.0,494.81,37.16,18.74,868.54,0.014855860435787849
1983-07-12,0.0,462.46,36.9,20.18,956.82,0.017141377425909057
1983-07-13,0.0,495.07,37.11,18.76,846.78,0.014855860435787849
1983-07-14,0.0,444.27,36.51,20.79,992.02,0.014855860435787849
1983-07-15,0.0,424.31,36.19,21.42,1058.92,0.012570343445666644
1983-07-16,0.0,467.45,35.78,19.23,882.73,0.014855860435787849
1983-07-17,0.0,537.75,37.58,16.69,731.29,0.017141377425909057
1983-07-18,0.0,531.62,37.6,17.04,753.14,0.012570343445666644
1983-07-19,0.0,456.15,38.03,21.77,1053.98,0.012570343445666644
1983-07-20,0.0,384.44,36.16,23.19,1220.04,0.017141377425909057
1983-07-21,0.0,397.13,33.72,20.71,970.96,0.019426894416030266
1983-07-22,12.83,252.76,30.07,19.49,1004.49,0.022283790653681777
1983-07-23,0.8,380.72,32.32,19.7,953.33,0.022283790653681777
1983-07-24,0.41,433.93,34.08,19.65,913.23,0.017141377425909057
1983-07-25,2.89,403.71,34.17,19.98,989.05,0.017141377425909057
1983-07-26,0.0,438.08,34.83,20.6,984.82,0.017141377425909057
1983-07-27,0.0,454.65,34.92,20.08,950.29,0.017141377425909057
1983-07-28,0.0,487.59,34.63,18.33,835.09,0.019426894416030266
1983-07-29,5.33,348.15,34.79,19.35,996.83,0.019426894416030266
1983-07-30,2.96,382.88,34.96,20.43,1059.89,0.019426894416030266
1983-07-31,0.0,484.72,36.04,19.97,934.98,0.017141377425909057
1983-08-01,0.0,461.28,35.87,20.97,1011.46,0.019426894416030266
1983-08-02,6.74,347.16,35.01,19.95,1062.57,0.03256861710922721
1983-08-03,0.0,445.58,35.98,21.94,1134.64,0.022283790653681777
1983-08-04,0.0,468.61,35.16,20.36,1014.61,0.028568962376515097
1983-08-05,0.0,500.85,36.15,19.77,936.61,0.022283790653681777
1983-08-06,0.0,506.26,36.84,20.01,949.12,0.022283790653681777
1983-08-07,1.36,456.38,36.61,21.23,1080.2,0.019426894416030266
1983-08-08,9.87,348.62,34.57,19.52,1107.54,0.1828413592096966
1983-08-09,0.0,484.69,33.81,18.17,924.64,0.07999309465424226
1983-08-10,8.47,375.31,31.01,17.44,1046.55,0.019426894416030266
1983-08-11,9.27,336.84,31.11,18.88,1345.55,0.017141377425909057
1983-08-12,0.0,502.53,34.19,17.46,989.67,0.017141377425909057
1983-08-13,0.0,528.17,36.74,17.89,976.63,0.04113930582218174
1983-08-14,8.98,402.83,35.8,20.21,1362.73,0.050281373782666575
1983-08-15,26.26,340.42,34.83,19.39,1548.37,0.007999309465424227
1983-08-16,18.63,319.77,33.05,18.77,1799.1,0.003142585861416661
1983-08-17,20.82,283.77,29.78,17.87,1880.18,0.006285171722833322
1983-08-18,13.68,243.07,26.12,17.14,1952.13,0.014855860435787849
1983-08-19,0.0,386.08,29.2,17.32,1847.33,0.009713447208015133
1983-08-20,0.0,446.2,30.71,16.2,1629.51,0.005256689077278778
1983-08-21,0.0,456.26,30.8,15.68,1564.57,0.004456758130736355
1983-08-22,0.0,490.04,31.57,14.42,1397.87,0.003771103033699993
1983-08-23,0.0,501.84,33.48,15.02,1426.4,0.003771103033699993
1983-08-24,0.0,442.63,33.45,18.04,1810.08,0.003771103033699993
1983-08-25,0.0,482.47,34.84,16.93,1635.59,0.003771103033699993
1983-08-26,0.0,474.1,36.23,18.25,1789.15,0.003771103033699993
1983-08-27,0.0,454.39,36.07,19.13,1918.97,0.002685482463392419
1983-08-28,0.0,371.65,34.7,21.67,2401.71,0.003142585861416661
1983-08-29,0.0,371.34,33.68,20.85,2284.6,0.003142585861416661
1983-08-30,0.0,432.02,35.41,19.65,2031.35,0.003142585861416661
1983-08-31,0.0,443.26,36.89,20.08,2059.42,0.002685482463392419
1983-09-01,0.0,454.94,37.36,19.63,1988.13,0.0022855169901212077
1983-09-02,0.0,471.5,38.01,18.82,1881.81,0.09713447208015133
1983-09-03,0.0,394.97,37.42,22.34,2452.78,0.025140686891333287
1983-09-04,0.0,434.79,37.17,20.2,2090.7,0.007999309465424227
1983-09-05,0.0,443.74,35.68,18.53,1894.34,0.005256689077278778
1983-09-06,7.57,356.93,34.89,19.98,2201.83,0.028568962376515097
1983-09-07,9.17,336.4,32.97,18.18,2024.0,0.04113930582218174
1983-09-08,0.0,420.02,33.89,18.02,1942.04,0.009713447208015133
1983-09-09,0.0,428.71,35.66,18.79,2008.26,0.006856550970363623
1983-09-10,0.0,406.23,35.99,20.01,2191.44,0.010856205703075735
1983-09-11,0.0,410.95,35.96,19.68,2143.98,0.06285171722833321
1983-09-12,0.0,402.98,35.57,19.74,2179.91,0.022283790653681777
1983-09-13,0.0,385.74,34.52,19.7,2177.42,0.012570343445666644
1983-09-14,0.0,384.1,34.59,19.77,2197.17,0.005256689077278778
1983-09-15,0.0,363.69,34.87,20.83,2375.95,0.006285171722833322
1983-09-16,0.66,389.67,33.58,18.03,1992.22,0.008570688712954529
1983-09-17,0.0,354.98,32.1,18.65,2087.4,0.006285171722833322
1983-09-18,0.0,356.41,31.71,18.19,2045.1,0.008570688712954529
1983-09-19,0.0,322.48,31.47,19.38,2223.7,0.008570688712954529
1983-09-20,2.31,271.56,29.21,17.83,2045.29,0.006285171722833322
1983-09-21,0.0,415.42,31.6,15.05,1656.07,0.007999309465424227
1983-09-22,0.0,376.23,32.31,17.65,1956.66,0.004571033980242415
1983-09-23,0.0,372.58,31.36,16.92,1862.03,0.003713965108946962
1983-09-24,7.28,309.95,29.42,15.81,1792.64,0.005085275303019688
1983-09-25,0.0,396.05,30.83,15.36,1704.28,0.0036568271841939323
1983-09-26,0.0,380.48,31.13,16.3,1806.95,0.004685309829748475
1983-09-27,0.0,395.24,30.5,14.88,1661.0,0.005199551152525747
1983-09-28,17.36,269.19,29.12,16.21,1845.01,0.008570688712954529
1983-09-29,48.77,201.92,22.61,13.25,1531.17,0.33711375604287813
1983-09-30,36.27,150.81,20.28,13.73,1573.36,0.7713619841659075
1983-10-01,22.52,186.88,20.74,12.62,1469.23,1.4170205338751487
1983-10-02,16.78,221.37,20.91,11.29,1351.12,0.5485240776290898
1983-10-03,0.0,357.95,23.21,10.89,1318.79,0.18855515168499964
1983-10-04,0.0,366.78,24.85,11.92,1406.86,0.07999309465424226
1983-10-05,0.0,319.74,24.26,13.37,1539.13,0.03256861710922721
1983-10-06,0.0,383.09,26.23,12.22,1434.23,0.019426894416030266
1983-10-07,0.0,389.72,26.82,12.23,1435.34,0.012570343445666644
1983-10-08,13.57,268.77,26.56,13.43,1548.82,0.03256861710922721
1983-10-09,0.0,368.16,25.89,12.52,1465.66,0.04571033980242415
1983-10-10,0.0,388.07,27.43,12.55,1465.09,0.019426894416030266
1983-10-11,0.0,390.94,27.24,12.12,1426.17,0.009713447208015133
1983-10-12,0.0,413.94,27.67,10.62,1289.95,0.006285171722833322
1983-10-13,0.0,396.53,26.45,10.66,1293.0,0.005256689077278778
1983-10-14,0.0,348.55,25.17,12.27,1427.25,0.004456758130736355
1983-10-15,0.0,391.17,23.81,8.62,1136.3,0.004456758130736355
1983-10-16,0.0,386.68,25.35,10.03,1242.29,0.004456758130736355
1983-10-17,0.0,332.55,23.71,11.41,1355.11,0.004456758130736355
1983-10-18,0.0,383.09,25.49,10.0,1240.91,0.004456758130736355
1983-10-19,0.34,319.38,25.23,13.04,1500.36,0.004456758130736355
1983-10-20,0.0,377.96,25.43,9.82,1225.91,0.004456758130736355
1983-10-21,0.0,386.94,25.79,9.25,1180.92,0.003771103033699993
1983-10-22,0.0,387.83,26.95,9.76,1222.81,0.003142585861416661
1983-10-23,0.0,368.6,26.67,10.81,1308.27,0.003142585861416661
1983-10-24,0.0,360.37,25.4,10.05,1244.17,0.003142585861416661
1983-10-25,0.0,314.38,24.65,12.13,1422.47,0.002685482463392419
1983-10-26,0.0,296.26,23.47,11.84,1392.68,0.0022855169901212077
1983-10-27,0.0,203.6,20.0,12.58,1459.44,0.0022855169901212077
1983-10-28,0.0,322.59,22.33,9.65,1212.79,0.002456930764380298
1983-10-29,0.0,332.81,23.47,9.71,1217.15,0.0025140686891333285
1983-10-30,0.0,322.57,24.48,10.84,1307.32,0.0025140686891333285
1983-10-31,0.0,306.52,24.1,11.16,1333.73,0.0025140686891333285
1983-11-01,0.0,320.2,23.81,9.92,1233.62,0.0022855169901212077
1983-11-02,0.0,309.01,24.0,10.65,1294.83,0.0022855169901212077
1983-11-03,0.0,319.89,24.32,10.09,1247.24,0.0023426549148742376
1983-11-04,0.0,280.2,23.19,11.21,1336.59,0.002171241140615147
1983-11-05,0.0,297.72,21.71,8.9,1152.05,0.0022855169901212077
1983-11-06,0.0,325.09,23.44,8.55,1125.95,0.0025140686891333285
1983-11-07,0.0,322.61,23.51,8.55,1124.67,0.002456930764380298
1983-11-08,0.0,290.52,21.07,8.29,1106.63,0.002456930764380298
1983-11-09,0.0,351.78,20.08,2.83,759.99,0.002456930764380298
1983-11-10,0.0,343.83,21.5,4.52,846.15,0.0025140686891333285
1983-11-11,0.0,316.33,21.59,6.69,979.08,0.002456930764380298
1983-11-12,0.0,291.49,20.5,7.31,1029.87,0.002685482463392419
1983-11-13,0.0,267.06,20.89,8.84,1146.81,0.003142585861416661
1983-11-14,0.0,309.43,20.53,5.94,935.72,0.003142585861416661
1983-11-15,0.0,345.29,21.14,3.07,769.49,0.0034282754851818116
1983-11-16,0.0,329.57,21.04,4.2,831.19,0.0035425513346878717
1983-11-17,0.0,315.36,20.12,4.49,846.72,0.003771103033699993
1983-11-18,0.0,220.17,17.17,7.34,1028.68,0.004456758130736355
1983-11-19,0.0,313.17,15.27,0.19,623.67,0.006285171722833322
1983-11-20,0.0,289.42,14.24,0.86,651.72,0.006856550970363623
1983-11-21,26.09,183.25,13.82,3.16,769.12,0.2056965291109087
1983-11-22,8.82,176.29,6.91,-2.71,507.48,0.12570343445666643
1983-11-23,0.0,259.36,8.22,-2.49,514.77,0.06856550970363623
1983-11-24,0.0,315.58,12.2,-2.59,510.19,0.05142413227772717
1983-11-25,10.17,171.89,10.65,0.93,655.43,0.04742447754501506
1983-11-26,9.32,183.04,8.21,-2.16,525.28,0.05542378701043928
1983-11-27,0.0,287.33,9.29,-3.58,473.87,0.06856550970363623
1983-11-28,0.0,306.96,10.51,-3.99,458.84,0.06285171722833321
1983-11-29,0.0,314.55,11.7,-3.7,469.73,0.05713792475303019
1983-11-30,0.0,318.05,14.13,-2.07,529.64,0.05713792475303019
1983-12-01,0.0,229.4,13.36,3.06,760.17,0.055995166257969596
1983-12-02,26.56,94.36,11.66,6.37,954.75,0.1542723968331815
1983-12-03,16.53,104.34,10.62,4.84,863.99,1.0799067778322706
1983-12-04,3.54,130.22,11.18,5.36,897.14,1.2913170994184824
1983-12-05,0.0,276.3,9.76,-2.67,508.81,0.868496456246059
1983-12-06,0.0,321.61,13.39,-3.53,475.94,0.5942344174315141
1983-12-07,0.0,325.11,16.31,-1.9,535.2,0.4685309829748475
1983-12-08,0.0,307.56,17.1,0.88,654.53,0.3599689259440902
1983-12-09,0.0,296.82,16.66,1.44,677.97,0.29140341624045396
1983-12-10,0.0,287.16,17.15,2.76,747.23,0.24569307643802982
1983-12-11,0.0,302.22,17.41,1.55,684.94,0.18855515168499964
1983-12-12,0.0,283.48,15.41,1.34,673.74,0.15998618930848452
1983-12-13,0.0,286.26,13.07,-1.12,565.6,0.14284481188257547
1983-12-14,0.0,289.28,13.92,-0.61,587.45,0.12570343445666643
1983-12-15,0.0,293.27,15.24,0.27,625.35,0.10284826455545434
1983-12-16,0.0,300.74,16.05,0.27,625.23,0.0914206796048483
1983-12-17,0.0,270.08,16.14,2.99,759.3,0.08570688712954529
1983-12-18,0.0,282.81,15.99,1.71,692.04,0.07999309465424226
1983-12-19,0.0,285.85,14.96,0.54,636.9,0.07427930217893926
1983-12-20,0.0,222.46,11.62,1.58,684.42,0.06856550970363623
1983-12-21,0.0,198.35,11.13,2.48,734.11,0.06285171722833321
1983-12-22,0.0,215.18,12.48,3.02,763.96,0.06285171722833321
1983-12-23,0.0,229.15,14.19,3.9,813.57,0.06285171722833321
1983-12-24,0.0,272.07,16.41,3.24,775.1,0.055995166257969596
1983-12-25,22.64,169.08,14.8,4.55,848.97,0.06285171722833321
1983-12-26,17.77,112.53,11.13,4.81,864.44,0.1199896419813634
1983-12-27,13.47,96.44,11.67,6.37,949.35,4.073934034891052
1983-12-28,0.02,189.07,11.56,3.77,806.73,1.257034344566664
1983-12-29,0.0,296.22,11.83,-2.06,531.21,0.628517172283332
1983-12-30,0.0,313.55,15.4,-0.76,582.28,0.4285344356477265
1983-12-31,0.0,293.72,15.66,1.54,683.97,0.314258586141666
1984-01-01,0.0,255.42,14.97,2.56,736.63,0.2571206613886359
1984-01-02,0.0,197.15,13.28,4.18,827.09,0.21712411406151474
1984-01-03,0.0,235.35,14.13,3.06,768.49,0.19998273663560567
1984-01-04,0.0,282.93,16.43,1.96,707.35,0.1771275667343936
1984-01-05,2.35,211.09,16.18,5.2,885.69,0.16569998178378756
1984-01-06,7.44,195.07,16.42,3.94,814.7,0.1828413592096966
1984-01-07,0.0,265.41,17.61,4.62,848.11,0.1542723968331815
1984-01-08,0.0,280.08,17.09,3.17,770.05,0.13713101940727246
1984-01-09,0.0,288.25,16.52,2.12,713.82,0.13141722693196944
1984-01-10,0.0,282.11,16.01,2.23,723.19,0.12570343445666643
1984-01-11,0.0,283.42,13.29,-0.33,600.65,0.11427584950606039
1984-01-12,0.0,288.57,12.6,-1.19,564.02,0.10856205703075737
1984-01-13,0.0,220.7,10.84,1.04,656.18,0.10284826455545434
1984-01-14,3.56,145.17,10.0,2.44,732.52,0.09713447208015133
1984-01-15,0.0,257.4,12.37,0.87,652.89,0.11427584950606039
1984-01-16,0.0,295.44,12.29,-1.55,550.13,0.10856205703075737
1984-01-17,0.0,272.24,10.91,-1.21,564.6,0.0914206796048483
1984-01-18,0.0,334.27,10.96,-5.81,402.32,0.08570688712954529
1984-01-19,0.0,307.7,11.52,-2.81,497.38,0.07999309465424226
1984-01-20,0.0,329.98,11.72,-4.32,447.87,0.07999309465424226
1984-01-21,0.0,312.37,12.32,-2.22,520.13,0.07427930217893926
1984-01-22,0.0,295.08,11.25,-1.88,534.99,0.07427930217893926
1984-01-23,0.0,306.74,11.2,-2.6,507.77,0.07427930217893926
1984-01-24,0.0,329.27,14.37,-1.16,563.64,0.06856550970363623
1984-01-25,0.0,335.81,16.89,0.69,639.84,0.06856550970363623
1984-01-26,0.0,340.52,16.26,-0.13,608.39,0.06285171722833321
1984-01-27,0.0,313.76,17.3,3.09,765.37,0.05713792475303019
1984-01-28,0.0,355.7,19.06,1.17,667.08,0.055995166257969596
1984-01-29,0.0,367.32,20.98,1.72,691.36,0.06285171722833321
1984-01-30,0.0,347.14,20.17,3.43,787.0,0.054852407762908985
1984-01-31,0.0,340.27,18.94,3.09,765.14,0.050281373782666575
1984-02-01,0.0,318.74,17.53,3.37,781.29,0.050281373782666575
1984-02-02,0.0,328.54,17.82,3.04,760.56,0.050281373782666575
1984-02-03,0.0,368.75,19.75,1.38,678.26,0.050281373782666575
1984-02-04,0.0,369.99,20.62,2.03,710.26,0.04913861528760596
1984-02-05,0.0,363.98,19.77,1.94,706.97,0.04571033980242415
1984-02-06,0.0,327.61,19.52,4.66,853.78,0.04571033980242415
1984-02-07,0.0,361.61,19.41,2.13,719.48,0.04742447754501506
1984-02-08,0.0,364.62,18.44,1.24,671.21,0.04571033980242415
1984-02-09,0.0,353.87,17.06,0.94,654.38,0.04113930582218174
1984-02-10,0.0,343.46,15.91,0.8,647.01,0.04571033980242415
1984-02-11,0.0,355.16,13.76,-1.89,535.35,0.04571033980242415
1984-02-12,0.0,380.33,15.24,-2.42,515.2,0.04571033980242415
1984-02-13,0.0,378.15,17.76,-0.1,608.04,0.04571033980242415
1984-02-14,0.0,324.03,15.98,1.73,695.6,0.04571033980242415
1984-02-15,0.0,397.86,16.01,-3.14,490.6,0.04571033980242415
1984-02-16,0.0,369.46,17.05,0.13,617.81,0.04571033980242415
1984-02-17,0.0,359.36,15.02,-0.8,580.55,0.04113930582218174
1984-02-18,0.0,368.57,12.07,-3.88,464.2,0.04113930582218174
1984-02-19,0.0,314.24,13.06,0.23,624.91,0.04113930582218174
1984-02-20,0.0,305.74,12.51,0.25,626.13,0.04571033980242415
1984-02-21,0.0,415.3,16.83,-2.71,504.46,0.04113930582218174
1984-02-22,0.0,350.29,16.07,1.4,674.34,0.04113930582218174
1984-02-23,0.0,396.73,16.22,-1.26,559.16,0.03828240958453023
1984-02-24,0.0,395.38,16.89,-0.49,587.28,0.025140686891333287
1984-02-25,0.0,388.39,15.42,-1.19,562.96,0.025140686891333287
1984-02-26,0.0,356.13,13.33,-1.08,567.41,0.028568962376515097
1984-02-27,0.0,390.79,16.69,0.3,627.05,0.028568962376515097
1984-02-28,0.0,407.64,19.65,1.99,708.88,0.028568962376515097
1984-02-29,0.0,405.81,21.25,3.69,798.65,0.028568962376515097
1984-03-01,0.0,417.64,21.16,2.84,741.91,0.025140686891333287
1984-03-02,0.0,419.77,21.31,2.88,746.25,0.03142585861416661
1984-03-03,0.0,423.23,20.8,2.28,715.61,0.027997583128984798
1984-03-04,0.0,412.59,18.55,1.28,671.28,0.02456930764380298
1984-03-05,0.0,349.09,13.95,0.82,655.35,0.022283790653681777
1984-03-06,0.0,433.78,15.85,-2.05,525.98,0.021141032158621172
1984-03-07,0.0,443.29,18.54,-0.29,594.41,0.025140686891333287
1984-03-08,0.0,442.9,20.93,1.99,685.14,0.025140686891333287
1984-03-09,0.0,434.51,20.96,2.8,719.92,0.022283790653681777
1984-03-10,0.0,435.24,22.2,3.97,776.29,0.025712066138863586
1984-03-11,0.0,429.97,21.72,3.99,780.93,0.028568962376515097
1984-03-12,0.0,428.38,22.22,4.72,789.46,0.030854479366636305
1984-03-13,0.0,414.53,23.44,6.9,859.44,0.034282754851818115
1984-03-14,0.0,357.84,22.13,8.78,958.03,0.027426203881454492
1984-03-15,0.0,408.51,21.39,5.83,710.32,0.027426203881454492
1984-03-16,0.0,451.84,21.87,4.04,587.04,0.028568962376515097
1984-03-17,0.0,466.4,21.44,2.76,527.67,0.026854824633924194
1984-03-18,0.0,473.94,20.32,1.28,475.97,0.026854824633924194
1984-03-19,0.0,484.94,21.61,1.62,470.88,0.029711720871575698
1984-03-20,0.0,493.86,24.92,3.81,523.33,0.026283445386393888
1984-03-21,0.0,477.57,24.57,4.84,538.25,0.023997928396272683
1984-03-22,0.0,459.03,22.45,4.4,553.86,0.019998273663560565
1984-03-23,0.0,451.82,20.52,3.16,521.23,0.016569998178378755
1984-03-24,0.0,467.8,21.27,2.97,494.9,0.016569998178378755
1984-03-25,0.0,450.21,21.78,4.64,565.75,0.01771275667343936
1984-03-26,0.0,404.8,21.08,6.43,689.0,0.02056965291109087
1984-03-27,0.16,317.95,18.36,7.31,845.66,0.019998273663560565
1984-03-28,0.0,456.38,19.31,2.75,360.69,0.019998273663560565
1984-03-29,0.0,475.19,20.12,2.67,259.98,0.01771275667343936
1984-03-30,0.0,392.48,19.22,5.97,335.98,0.017141377425909057
1984-03-31,0.0,487.28,18.64,0.84,235.74,0.016569998178378755
1984-04-01,0.0,446.55,17.65,2.38,262.13,0.015427239683318153
1984-04-02,0.0,406.24,15.88,2.74,269.39,0.017141377425909057
1984-04-03,0.0,505.0,19.88,1.45,244.42,0.01771275667343936
1984-04-04,0.0,522.32,22.71,2.83,268.22,0.01771275667343936
1984-04-05,0.0,512.65,24.15,4.95,313.72,0.017141377425909057
1984-04-06,0.42,447.14,21.0,5.65,329.99,0.033711375604287816
1984-04-07,14.43,298.23,17.9,5.26,319.86,0.06856550970363623
1984-04-08,0.0,466.49,20.08,4.5,302.64,0.05370964926784839
1984-04-09,0.0,443.12,19.92,5.58,328.28,0.03713965108946963
1984-04-10,0.0,501.66,21.36,4.04,291.69,0.026283445386393888
1984-04-11,0.0,514.09,23.94,5.77,333.22,0.022283790653681777
1984-04-12,0.0,525.27,25.59,6.56,352.54,0.01885551516849996
1984-04-13,0.0,539.33,28.24,7.81,385.42,0.016569998178378755
1984-04-14,0.0,526.36,29.64,9.94,444.59,0.014284481188257548
1984-04-15,0.0,520.7,30.38,11.08,486.42,0.013141722693196944
1984-04-16,0.0,529.35,30.78,10.87,477.15,0.013141722693196944
1984-04-17,0.0,508.11,29.65,11.27,487.76,0.014855860435787849
1984-04-18,0.0,480.29,26.27,9.86,442.57,0.015998618930848453
1984-04-19,0.0,420.56,21.97,8.77,415.9,0.016569998178378755
1984-04-20,0.0,467.56,18.35,3.47,283.92,0.015427239683318153
1984-04-21,0.0,542.49,21.71,2.41,261.45,0.015427239683318153
1984-04-22,0.0,521.37,24.0,6.11,341.61,0.014284481188257548
1984-04-23,0.0,551.97,27.58,7.3,371.66,0.014284481188257548
1984-04-24,0.0,520.74,26.68,8.54,405.45,0.013713101940727246
1984-04-25,0.0,452.01,23.84,9.54,435.55,0.011998964198136342
1984-04-26,0.0,345.12,15.07,5.0,317.33,0.011998964198136342
1984-04-27,0.0,395.47,12.8,1.27,240.38,0.011427584950606038
1984-04-28,0.0,320.41,11.96,3.05,273.22,0.015998618930848453
1984-04-29,7.43,353.14,15.67,1.18,238.07,0.019998273663560565
1984-04-30,0.0,539.92,20.37,2.14,254.28,0.011427584950606038
1984-05-01,0.0,527.75,22.53,4.99,314.81,0.010284826455545435
1984-05-02,0.0,515.3,23.9,6.94,358.68,0.00914206796048483
1984-05-03,0.0,538.74,27.42,8.85,413.5,0.00914206796048483
1984-05-04,0.0,506.93,27.93,11.23,489.92,0.008570688712954529
1984-05-05,0.0,484.45,27.84,12.39,528.56,0.007427930217893924
1984-05-06,0.0,519.67,28.06,10.82,477.38,0.007427930217893924
1984-05-07,0.0,536.26,28.47,10.04,454.69,0.006285171722833322
1984-05-08,0.0,553.14,31.23,11.26,495.55,0.004685309829748475
1984-05-09,0.0,543.84,32.43,12.92,551.79,0.004628171904995446
1984-05-10,0.0,556.4,32.91,12.35,529.25,0.004342482281230294
1984-05-11,0.0,544.22,32.34,12.71,541.85,0.0036568271841939323
1984-05-12,0.0,535.99,32.19,13.16,561.28,0.0038853788832060535
1984-05-13,0.0,550.63,33.91,13.66,587.24,0.003313999635675751
1984-05-14,0.0,483.29,32.96,16.87,728.78,0.00297117208715757
1984-05-15,4.82,372.85,29.73,14.36,608.77,0.0030283100119106003
1984-05-16,0.0,526.23,28.88,11.11,486.73,0.0021141032158621172
1984-05-17,0.0,514.77,29.02,11.92,512.82,0.0019426894416030268
1984-05-18,0.0,528.62,30.19,12.17,523.89,0.0018284135920969662
1984-05-19,0.0,540.26,32.06,13.01,554.68,0.001485586043578785
1984-05-20,0.0,533.12,33.01,14.16,596.73,0.0015427239683318155
1984-05-21,0.0,541.96,33.05,13.65,576.46,0.0017712756673439359
1984-05-22,0.0,555.63,34.18,13.64,577.52,0.0013141722693196945
1984-05-23,0.0,549.89,35.69,15.41,655.83,0.0013141722693196945
1984-05-24,0.0,546.44,35.64,15.44,654.6,0.0009713447208015134
1984-05-25,0.0,525.87,34.6,15.78,671.59,0.0007999309465424227
1984-05-26,0.0,535.38,34.94,15.29,651.28,0.0007999309465424227
1984-05-27,0.0,565.07,36.64,14.27,608.75,0.0006285171722833321
1984-05-28,0.0,545.56,37.71,16.42,705.46,0.0006285171722833321
1984-05-29,0.0,478.84,36.65,19.4,864.37,0.0005713792475303019
1984-05-30,0.0,476.46,35.56,18.67,825.1,0.00039996547327121135
1984-05-31,0.0,487.63,35.08,17.68,772.45,0.00045710339802424154
1984-06-01,0.0,455.3,33.95,18.26,801.79,0.00039996547327121135
1984-06-02,0.0,494.54,32.81,15.23,643.97,0.0005142413227772717
1984-06-03,0.0,460.98,32.02,16.19,691.44,0.0006856550970363622
1984-06-04,0.0,479.87,30.27,13.77,585.68,0.00039996547327121135
1984-06-05,0.0,371.17,26.59,14.82,631.1,0.00039996547327121135
1984-06-06,0.0,438.48,27.11,12.92,552.87,0.0005713792475303019
1984-06-07,0.0,395.58,27.49,15.1,644.25,0.0005142413227772717
1984-06-08,0.0,499.56,28.52,11.6,502.23,0.0005142413227772717
1984-06-09,0.0,531.28,30.85,12.0,515.26,0.00045710339802424154
1984-06-10,0.0,518.58,32.1,13.86,583.26,0.0003428275485181811
1984-06-11,0.0,536.59,32.26,12.9,545.91,0.00028568962376515096
1984-06-12,0.0,544.4,32.88,13.01,551.0,0.00028568962376515096
1984-06-13,0.0,526.25,33.4,14.52,612.42,0.00017141377425909055
1984-06-14,0.0,526.44,33.49,14.52,613.84,0.00017141377425909055
1984-06-15,0.0,495.71,32.97,15.74,668.77,0.00017141377425909055
1984-06-16,0.0,522.08,32.29,13.7,581.12,0.00017141377425909055
1984-06-17,0.0,550.98,33.89,13.18,557.77,0.00017141377425909055
1984-06-18,0.0,522.16,34.02,15.14,639.41,0.00011427584950606039
1984-06-19,0.0,502.98,34.29,16.55,711.0,0.00011427584950606039
1984-06-20,0.0,506.62,34.17,16.27,696.64,5.713792475303019e-05
1984-06-21,0.0,560.29,34.5,13.05,554.47,5.713792475303019e-05
1984-06-22,0.0,534.24,35.5,15.81,674.94,5.713792475303019e-05
1984-06-23,0.0,529.41,36.76,17.23,746.27,0.00011427584950606039
1984-06-24,0.0,456.03,35.56,20.0,897.14,0.00011427584950606039
1984-06-25,2.1,396.72,32.89,18.73,830.55,0.00011427584950606039
1984-06-26,1.55,386.86,33.43,19.49,872.03,0.00011427584950606039
1984-06-27,0.0,439.53,35.78,21.52,993.07,0.025140686891333287
1984-06-28,0.0,485.21,36.6,20.18,909.15,0.009713447208015133
1984-06-29,0.0,487.78,36.92,20.3,922.5,0.003771103033699993
1984-06-30,0.0,416.0,32.97,19.92,895.29,0.0022283790653681774
1984-07-01,0.0,435.04,34.51,20.66,936.38,0.002056965291109087
1984-07-02,9.86,356.53,34.57,18.87,833.85,0.0018284135920969662
1984-07-03,0.62,448.7,34.84,19.42,869.18,0.002456930764380298
1984-07-04,0.0,509.98,38.88,20.93,956.14,0.0018855515168499965
1984-07-05,0.0,521.52,39.06,20.21,917.01,0.0011427584950606039
1984-07-06,4.03,410.75,37.59,21.83,1021.14,0.0010856205703075735
1984-07-07,9.22,372.08,36.32,19.05,845.6,0.0032568617109227206
1984-07-08,0.0,447.6,34.52,19.88,893.87,0.0007427930217893925
1984-07-09,0.0,452.62,34.32,19.53,875.24,0.0007427930217893925
1984-07-10,0.0,462.92,35.47,20.24,918.32,0.0008570688712954529
1984-07-11,0.0,448.21,34.84,20.38,927.26,0.0009142067960484831
1984-07-12,5.13,351.57,34.39,20.66,1023.96,0.01771275667343936
1984-07-13,9.33,349.46,33.82,18.62,917.83,0.0048567236040075665
1984-07-14,0.0,476.02,33.79,18.45,835.45,0.24569307643802982
1984-07-15,0.0,470.65,34.58,19.43,883.94,0.010856205703075735
1984-07-16,0.0,454.07,34.1,19.78,927.98,0.007999309465424227
1984-07-17,0.27,465.55,34.0,19.17,889.44,0.005713792475303019
1984-07-18,8.33,412.11,32.94,18.15,850.52,0.007427930217893924
1984-07-19,3.44,395.73,32.15,18.41,1037.24,0.0042282064317242345
1984-07-20,16.54,347.29,32.3,17.39,1098.1,0.004399620205983325
1984-07-21,12.21,310.25,30.16,17.31,1440.25,0.03885378883206053
1984-07-22,2.78,327.12,28.21,17.11,1543.2,0.013141722693196944
1984-07-23,6.35,336.75,30.82,16.91,1499.55,0.009713447208015133
1984-07-24,2.52,431.63,33.05,18.69,1487.38,0.013141722693196944
1984-07-25,0.0,439.36,34.34,20.38,1633.71,0.012570343445666644
1984-07-26,0.0,432.11,32.45,18.97,1520.08,0.008570688712954529
1984-07-27,2.8,384.03,31.0,18.38,1598.99,0.006285171722833322
1984-07-28,6.71,315.6,29.32,16.41,1613.78,0.028568962376515097
1984-07-29,0.0,469.47,32.0,17.31,1337.95,0.009713447208015133
1984-07-30,0.83,432.21,32.22,18.45,1505.85,0.008570688712954529
1984-07-31,0.0,471.05,34.67,19.36,1500.13,0.003142585861416661
1984-08-01,0.0,448.31,34.31,20.03,1607.5,0.003142585861416661
1984-08-02,0.0,477.37,34.93,19.33,1474.19,0.0007427930217893925
1984-08-03,0.0,498.66,35.97,19.16,1405.89,0.00039996547327121135
1984-08-04,0.0,454.37,35.39,20.73,1660.64,0.0034282754851818116
1984-08-05,0.0,425.33,32.96,19.8,1657.55,0.014855860435787849
1984-08-06,0.0,462.13,33.49,18.92,1486.46,0.014855860435787849
1984-08-07,10.87,358.49,36.28,19.78,1822.59,0.014855860435787849
1984-08-08,1.54,442.8,35.53,20.21,1746.23,0.014284481188257548
1984-08-09,10.0,378.68,35.13,17.0,1597.65,0.014284481188257548
1984-08-10,5.92,325.42,31.77,17.73,1864.19,0.014284481188257548
1984-08-11,1.48,323.94,29.52,18.69,1995.27,0.014284481188257548
1984-08-12,1.53,373.46,31.77,19.1,1945.5,0.014284481188257548
1984-08-13,0.0,394.27,32.21,20.0,2028.32,0.014284481188257548
1984-08-14,1.51,388.74,31.04,18.58,1867.88,0.014855860435787849
1984-08-15,0.0,388.11,30.2,18.61,1885.1,0.011427584950606038
1984-08-16,0.0,408.71,31.92,19.37,1928.13,0.010856205703075735
1984-08-17,0.37,440.06,31.71,17.87,1681.59,0.012570343445666644
1984-08-18,5.46,347.15,29.38,17.81,1850.56,0.011998964198136342
1984-08-19,13.85,283.28,28.35,18.34,2074.78,0.010284826455545435
1984-08-20,4.29,290.51,29.02,17.39,1986.3,0.07427930217893926
1984-08-21,0.0,452.4,31.28,16.9,1714.02,0.014855860435787849
1984-08-22,0.0,429.75,32.32,18.62,1937.04,0.011427584950606038
1984-08-23,7.62,277.86,31.32,19.91,2311.68,0.010284826455545435
1984-08-24,0.0,461.92,32.09,16.9,1738.15,0.009713447208015133
1984-08-25,11.72,317.58,31.33,17.86,2037.91,0.009713447208015133
1984-08-26,0.0,413.98,31.93,18.66,2058.27,0.010856205703075735
1984-08-27,0.0,458.89,33.8,18.06,1906.92,0.00914206796048483
1984-08-28,0.0,423.94,34.08,19.81,2186.16,0.023426549148742377
1984-08-29,0.0,477.26,36.93,19.05,1981.5,0.016569998178378755
1984-08-30,0.0,470.26,37.97,19.99,2101.18,0.010856205703075735
1984-08-31,0.0,435.13,35.83,20.2,2217.16,0.009713447208015133
1984-09-01,0.0,403.88,34.19,20.34,2292.67,0.11427584950606039
1984-09-02,19.41,341.14,31.76,15.71,1790.8,2.079820461010299
1984-09-03,0.0,439.45,32.99,17.59,1961.14,0.019426894416030266
1984-09-04,0.0,426.77,34.13,18.94,2137.74,0.00914206796048483
1984-09-05,0.0,448.13,34.72,18.18,2017.32,0.007427930217893924
1984-09-06,0.0,447.97,32.58,16.46,1813.98,0.006856550970363623
1984-09-07,0.0,474.78,32.31,14.61,1607.69,0.006285171722833322
1984-09-08,0.0,450.01,33.13,16.63,1836.89,0.006285171722833322
1984-09-09,0.0,419.21,33.0,17.97,2030.1,0.006285171722833322
1984-09-10,1.91,360.59,31.56,19.02,2201.83,0.004685309829748475
1984-09-11,21.55,304.04,29.65,15.55,1773.8,0.006285171722833322
1984-09-12,0.0,415.3,31.02,16.25,1850.59,0.005256689077278778
1984-09-13,0.0,417.64,33.25,17.67,2027.78,0.004285344356477264
1984-09-14,0.0,430.14,34.49,17.62,2034.89,0.003771103033699993
1984-09-15,0.0,334.45,33.67,21.39,2547.14,0.003942516807959083
1984-09-16,0.0,370.37,32.58,19.05,2226.16,0.002685482463392419
1984-09-17,0.0,363.73,32.56,19.21,2250.3,0.002456930764380298
1984-09-18,0.0,370.18,33.46,19.45,2272.64,0.0021141032158621172
1984-09-19,0.0,398.34,34.09,18.35,2116.16,0.0017712756673439359
1984-09-20,0.0,420.25,33.75,16.7,1906.7,0.0017141377425909058
1984-09-21,0.0,384.39,31.76,16.86,1925.1,0.0017141377425909058
1984-09-22,0.0,385.04,30.68,15.95,1823.56,0.0021141032158621172
1984-09-23,0.0,335.9,29.17,16.78,1918.07,0.0018284135920969662
1984-09-24,0.0,370.41,28.9,14.98,1706.15,0.0017141377425909058
1984-09-25,0.0,289.56,26.27,16.16,1851.01,0.003485413409934842
1984-09-26,29.26,107.08,19.18,14.7,1677.83,0.06856550970363623
1984-09-27,27.05,273.62,24.98,11.99,1415.6,0.015427239683318153
1984-09-28,0.0,426.77,28.11,11.34,1358.59,0.007427930217893924
1984-09-29,0.0,399.93,29.02,13.64,1562.96,0.006285171722833322
1984-09-30,0.0,345.28,27.05,14.6,1664.47,0.005656654550549989
1984-10-01,0.0,316.18,25.64,14.53,1657.84,0.005028137378266657
1984-10-02,0.0,319.68,24.49,13.45,1552.8,0.004913861528760596
1984-10-03,28.14,245.79,22.17,11.04,1328.01,0.5028137378266657
1984-10-04,12.46,275.34,21.0,8.27,1105.35,0.3713965108946963
1984-10-05,0.0,384.41,22.86,9.15,1173.68,0.06856550970363623
1984-10-06,0.0,409.48,25.83,10.09,1247.19,0.026854824633924194
1984-10-07,0.0,417.66,26.96,10.26,1261.86,0.01771275667343936
1984-10-08,0.0,408.38,28.06,11.61,1372.43,0.013141722693196944
1984-10-09,0.0,425.51,28.11,10.03,1244.11,0.012570343445666644
1984-10-10,0.0,419.41,27.66,9.84,1228.86,0.011427584950606038
1984-10-11,0.0,392.17,26.03,10.25,1264.3,0.011427584950606038
1984-10-12,6.4,283.22,23.69,12.34,1450.76,0.011427584950606038
1984-10-13,0.0,379.01,25.15,10.19,1255.51,0.011427584950606038
1984-10-14,0.0,355.52,23.67,10.09,1247.03,0.011427584950606038
1984-10-15,0.0,304.88,20.97,9.94,1236.78,0.010856205703075735
1984-10-16,1.62,363.67,17.77,3.12,770.81,0.010856205703075735
1984-10-17,0.0,291.39,16.99,6.68,984.23,0.013141722693196944
1984-10-18,0.0,369.39,19.29,5.14,889.44,0.013141722693196944
1984-10-19,0.0,377.97,17.55,2.85,753.1,0.013713101940727246
1984-10-20,0.0,355.92,17.4,4.04,818.99,0.013713101940727246
1984-10-21,2.1,287.87,16.58,3.82,808.12,0.013713101940727246
1984-10-22,2.59,326.58,18.99,3.49,789.06,0.013713101940727246
1984-10-23,0.0,375.14,18.52,3.34,781.18,0.013141722693196944
1984-10-24,0.0,323.69,17.7,5.43,904.7,0.013713101940727246
1984-10-25,0.0,327.2,18.5,5.92,939.68,0.012570343445666644
1984-10-26,0.0,303.59,18.32,6.56,980.23,0.012570343445666644
1984-10-27,0.0,273.3,18.31,7.9,1075.56,0.013141722693196944
1984-10-28,0.0,336.23,20.47,6.66,982.25,0.012570343445666644
1984-10-29,0.0,356.13,22.04,6.56,976.92,0.012570343445666644
1984-10-30,0.0,360.56,22.69,6.43,965.28,0.012570343445666644
1984-10-31,0.0,357.97,21.99,5.66,918.03,0.013141722693196944
1984-11-01,0.0,370.74,23.06,5.09,883.83,0.012570343445666644
1984-11-02,0.0,353.42,23.39,6.38,956.64,0.011998964198136342
1984-11-03,0.0,367.16,23.49,4.86,864.14,0.011998964198136342
1984-11-04,0.0,376.91,25.13,4.48,846.02,0.013141722693196944
1984-11-05,0.0,353.84,24.98,6.59,969.94,0.015427239683318153
1984-11-06,0.0,322.79,22.69,6.99,999.75,0.015998618930848453
1984-11-07,0.0,333.12,21.1,4.67,854.2,0.015998618930848453
1984-11-08,0.0,293.23,19.13,5.56,909.12,0.015998618930848453
1984-11-09,0.0,327.23,18.71,3.09,768.95,0.014855860435787849
1984-11-10,0.0,349.8,19.75,1.72,696.82,0.013713101940727246
1984-11-11,0.0,339.25,21.14,3.49,791.38,0.012570343445666644
1984-11-12,0.0,337.22,21.74,3.9,808.53,0.011427584950606038
1984-11-13,0.0,298.53,21.09,6.12,943.77,0.010856205703075735
1984-11-14,0.0,303.74,20.1,4.8,863.24,0.012570343445666644
1984-11-15,0.0,308.52,19.29,3.58,794.5,0.012570343445666644
1984-11-16,0.0,267.5,18.62,5.54,907.86,0.012570343445666644
1984-11-17,0.0,238.84,15.53,4.24,830.78,0.012570343445666644
1984-11-18,0.0,288.57,15.84,1.48,684.7,0.012570343445666644
1984-11-19,0.18,267.61,16.44,3.41,785.63,0.012570343445666644
1984-11-20,0.0,305.65,17.06,1.07,663.88,0.012570343445666644
1984-11-21,0.0,234.89,15.37,4.05,819.74,0.012570343445666644
1984-11-22,0.0,198.03,14.29,5.12,884.75,0.012570343445666644
1984-11-23,23.35,101.99,10.68,4.55,848.7,0.019426894416030266
1984-11-24,13.82,171.36,10.23,-0.22,605.26,0.013141722693196944
1984-11-25,14.54,118.05,9.21,2.16,718.91,0.6856550970363623
1984-11-26,4.73,186.69,7.25,-3.83,467.03,0.19998273663560567
1984-11-27,0.0,289.08,8.31,-5.47,413.34,0.13141722693196944
1984-11-28,0.0,310.35,12.26,-3.63,470.87,0.09713447208015133
1984-11-29,0.0,302.07,13.16,-2.16,525.03,0.07999309465424226
1984-11-30,0.0,287.95,12.85,-1.44,553.18,0.05713792475303019
1984-12-01,0.0,289.37,12.46,-1.86,536.67,0.05142413227772717
1984-12-02,0.0,309.34,14.12,-2.1,526.69,0.03999654732712113
1984-12-03,0.0,272.8,13.56,0.14,618.43,0.034282754851818115
1984-12-04,8.04,128.46,10.42,2.76,745.61,0.028568962376515097
1984-12-05,2.16,194.71,11.27,0.94,658.36,0.025140686891333287
1984-12-06,0.0,253.13,14.44,2.61,741.15,0.01828413592096966
1984-12-07,0.0,270.66,16.87,3.66,800.95,0.014284481188257548
1984-12-08,7.44,132.69,14.03,6.13,942.76,0.015427239683318153
1984-12-09,0.0,253.75,13.92,2.31,725.01,0.023997928396272683
1984-12-10,0.0,238.26,13.19,2.58,737.67,0.03599689259440902
1984-12-11,14.84,118.24,11.69,5.1,881.24,0.2399792839627268
1984-12-12,18.17,97.57,10.18,5.02,875.57,0.9313481734743921
1984-12-13,18.33,162.77,8.82,0.2,629.18,3.268289295873327
1984-12-14,6.81,186.86,4.95,-4.54,442.72,1.1313309101099978
1984-12-15,0.0,244.07,6.38,-2.76,500.91,0.617089587332726
1984-12-16,0.0,246.86,8.51,-0.91,570.97,0.40567926574651436
1984-12-17,0.0,311.36,11.52,-2.04,530.75,0.30283100119106
1984-12-18,0.0,280.85,12.19,0.5,629.47,0.25140686891333286
1984-12-19,0.0,244.65,11.24,1.42,678.92,0.23426549148742376
1984-12-20,7.72,121.19,9.69,3.78,808.28,0.24569307643802982
1984-12-21,0.0,297.55,10.1,-2.55,512.67,0.2399792839627268
1984-12-22,0.0,300.2,10.69,-2.33,519.44,0.19998273663560567
1984-12-23,0.0,310.13,13.35,-1.22,560.68,0.2056965291109087
1984-12-24,0.0,314.72,13.52,-1.66,543.69,0.18855515168499964
1984-12-25,0.0,294.98,15.5,1.81,698.7,0.17141377425909057
1984-12-26,0.0,256.13,14.11,3.24,772.64,0.1542723968331815
1984-12-27,25.3,116.04,11.73,5.77,920.63,4.896720151334687
1984-12-28,30.76,83.85,10.45,6.39,961.07,4.959571868563021
1984-12-29,12.33,164.43,11.58,3.44,789.47,3.6968237315210533
1984-12-30,0.0,316.33,14.62,-0.29,609.41,1.5084412134799972
1984-12-31,6.16,240.38,13.1,1.58,699.44,0.9542033433756042
1985-01-01,0.0,282.92,11.07,-1.67,544.91,0.6970826819869683
1985-01-02,0.0,286.55,10.59,-2.27,522.26,0.5142413227772717
1985-01-03,0.0,297.81,10.97,-2.73,504.21,0.39996547327121135
1985-01-04,0.0,321.58,13.98,-2.29,521.12,0.3256861710922721
1985-01-05,0.0,315.02,15.77,0.17,620.18,0.2685482463392419
1985-01-06,0.0,315.66,15.32,-0.15,605.85,0.24569307643802982
1985-01-07,0.0,225.5,12.09,2.88,754.59,0.21712411406151474
1985-01-08,14.24,120.76,10.22,3.85,810.87,0.628517172283332
1985-01-09,6.69,212.67,8.63,-1.6,548.11,0.925634380999089
1985-01-10,0.0,313.9,12.49,-2.06,529.53,0.6228033798080291
1985-01-11,0.0,315.89,13.21,-1.41,556.58,0.4856723604007566
1985-01-12,0.0,281.72,11.64,-0.28,602.37,0.40567926574651436
1985-01-13,0.0,211.76,8.17,0.03,616.5,0.3599689259440902
1985-01-14,0.0,296.22,12.2,-0.49,594.2,0.308544793666363
1985-01-15,0.0,304.36,12.15,-0.96,575.56,0.27997583128984793
1985-01-16,0.0,291.2,11.31,-0.89,574.5,0.25140686891333286
1985-01-17,0.0,336.2,13.59,-2.1,527.51,0.22855169901212077
1985-01-18,0.0,354.31,16.91,-1.35,556.22,0.21712411406151474
1985-01-19,0.0,353.53,17.43,-0.48,588.79,0.19998273663560567
1985-01-20,0.0,353.32,17.31,-0.31,600.2,0.18855515168499964
1985-01-21,0.0,330.06,16.25,1.4,674.61,0.17141377425909057
1985-01-22,1.55,236.16,13.02,2.72,745.58,0.16569998178378756
1985-01-23,2.63,166.2,11.91,5.08,879.19,0.1828413592096966
1985-01-24,0.0,216.25,12.26,4.36,837.89,0.1828413592096966
1985-01-25,0.0,316.11,13.56,0.73,648.03,0.1542723968331815
1985-01-26,20.14,151.57,11.64,4.21,827.34,0.5428102851537868
1985-01-27,16.72,146.96,10.77,3.75,799.79,1.491299836054088
1985-01-28,8.03,226.93,9.8,0.44,634.32,1.2513205520913613
1985-01-29,8.56,187.42,9.81,1.33,674.22,0.9656309283262102
1985-01-30,0.0,267.21,7.95,-1.52,552.35,0.8342137013942409
1985-01-31,0.0,328.53,4.13,-8.07,342.7,0.7313654368387864
1985-02-01,0.0,307.75,1.27,-9.55,305.7,0.6228033798080291
1985-02-02,0.0,272.99,0.99,-8.02,339.66,0.49138615287605963
1985-02-03,12.1,152.48,2.88,-3.41,480.11,0.5142413227772717
1985-02-04,11.2,202.84,5.26,-3.12,490.48,0.5485240776290898
1985-02-05,0.0,404.86,6.84,-9.85,302.45,0.6399447572339381
1985-02-06,0.0,394.59,8.58,-6.82,372.12,0.628517172283332
1985-02-07,0.0,412.14,10.77,-6.77,375.83,0.628517172283332
1985-02-08,0.0,402.35,12.88,-3.64,470.67,0.6570861346598472
1985-02-09,0.0,289.67,11.5,1.69,688.33,0.7485068142646955
1985-02-10,0.0,324.73,12.1,1.15,667.11,0.7770757766412106
1985-02-11,0.0,415.01,16.47,-0.95,576.49,0.6856550970363623
1985-02-12,0.0,425.21,19.83,0.4,632.82,0.5770930400056049
1985-02-13,0.0,411.28,20.13,2.44,731.02,0.5142413227772717
1985-02-14,0.0,419.97,20.51,1.82,701.97,0.4628171904995445
1985-02-15,0.0,427.16,22.07,2.23,724.15,0.41710685069712045
1985-02-16,0.0,417.57,21.42,3.05,764.27,0.3771103033699993
1985-02-17,0.0,407.81,21.48,4.11,825.48,0.33711375604287813
1985-02-18,0.0,384.64,20.62,5.34,894.02,0.308544793666363
1985-02-19,0.0,378.92,20.07,5.41,900.15,0.27997583128984793
1985-02-20,7.03,333.01,18.67,1.8,697.89,0.25140686891333286
1985-02-21,5.26,248.54,15.1,3.38,780.47,0.4856723604007566
1985-02-22,0.05,192.52,8.84,2.91,755.86,0.49138615287605963
1985-02-23,0.01,355.88,11.76,-0.26,604.76,0.42282064317242346
1985-02-24,0.0,413.28,15.91,0.26,624.72,0.3599689259440902
1985-02-25,0.0,443.66,18.33,-0.36,598.09,0.3313999635675751
1985-02-26,0.0,442.96,20.29,1.13,661.13,0.30283100119106
1985-02-27,0.0,416.67,20.13,3.26,769.57,0.28568962376515095
1985-02-28,0.0,369.72,19.38,5.27,884.83,0.2742620388145449
1985-03-01,0.0,406.18,18.54,2.65,730.12,0.24569307643802982
1985-03-02,0.0,375.72,16.43,2.41,720.2,0.22855169901212077
1985-03-03,0.0,372.06,12.71,-0.72,581.04,0.21712411406151474
1985-03-04,0.0,420.01,11.25,-4.74,435.94,0.19998273663560567
1985-03-05,0.0,461.25,17.55,-2.48,502.34,0.18855515168499964
1985-03-06,0.0,353.7,17.22,4.02,805.36,0.1771275667343936
1985-03-07,0.0,353.78,16.24,3.48,788.74,0.16569998178378756
1985-03-08,0.0,406.82,17.66,2.2,719.31,0.1542723968331815
1985-03-09,0.0,290.15,18.33,8.44,1115.23,0.1542723968331815
1985-03-10,0.0,320.58,21.52,10.05,1225.73,0.5142413227772717
1985-03-11,5.68,204.6,18.54,9.29,1183.32,0.897065418622574
1985-03-12,10.76,179.65,14.11,6.57,979.88,1.1427584950606038
1985-03-13,0.0,445.96,18.07,1.56,624.69,0.628517172283332
1985-03-14,3.56,332.48,17.27,5.14,835.64,0.5142413227772717
1985-03-15,10.67,262.0,15.09,3.94,816.77,0.39996547327121135
1985-03-16,3.88,334.01,15.59,3.83,811.35,0.34282754851818115
1985-03-17,0.0,435.53,18.55,3.86,768.5,0.29711720871575703
1985-03-18,0.0,423.18,19.05,5.11,829.01,0.2685482463392419
1985-03-19,4.67,352.95,16.93,1.74,675.93,0.23426549148742376
1985-03-20,0.0,471.75,17.65,1.45,641.59,0.21141032158621173
1985-03-21,0.0,468.24,19.4,3.38,720.02,0.19426894416030266
1985-03-22,0.0,495.35,19.59,1.86,636.15,0.1771275667343936
1985-03-23,0.0,511.25,21.35,1.96,626.86,0.16569998178378756
1985-03-24,0.0,496.04,22.61,4.05,722.62,0.1542723968331815
1985-03-25,0.0,488.35,22.35,4.25,737.1,0.17141377425909057
1985-03-26,0.0,422.09,20.99,6.68,901.72,0.15998618930848452
1985-03-27,0.0,404.35,18.02,5.16,835.09,0.14855860435787852
1985-03-28,1.17,320.91,15.09,5.5,883.12,0.14284481188257547
1985-03-29,14.39,348.7,13.48,-1.04,571.31,0.31997237861696903
1985-03-30,0.02,489.06,13.48,-2.15,510.95,0.34282754851818115
1985-03-31,0.0,516.29,16.95,-0.56,547.99,0.29711720871575703
1985-04-01,0.0,500.88,22.35,5.06,798.89,0.2742620388145449
1985-04-02,0.0,538.36,26.23,5.46,784.01,0.24569307643802982
1985-04-03,0.0,515.55,26.86,7.87,933.09,0.23426549148742376
1985-04-04,0.0,502.8,25.04,7.16,900.28,0.22283790653681776
1985-04-05,0.0,498.85,24.71,7.09,899.97,0.19998273663560567
1985-04-06,0.0,516.13,26.23,7.08,884.67,0.18855515168499964
1985-04-07,0.0,525.28,28.34,8.08,927.5,0.17141377425909057
1985-04-08,0.0,508.97,29.79,10.27,1078.86,0.14855860435787852
1985-04-09,0.0,491.67,29.09,10.9,1099.63,0.14284481188257547
1985-04-10,0.0,470.98,28.55,11.55,1144.96,0.13141722693196944
1985-04-11,0.0,491.68,28.25,9.91,1003.61,0.11427584950606039
1985-04-12,0.0,521.18,29.56,9.06,915.48,0.10284826455545434
1985-04-13,0.0,512.36,30.71,10.49,1006.67,0.0914206796048483
1985-04-14,0.0,512.3,31.03,10.62,1012.51,0.08570688712954529
1985-04-15,0.0,506.22,30.38,10.38,1004.12,0.07999309465424226
1985-04-16,0.0,479.78,28.88,10.74,1063.17,0.07999309465424226
1985-04-17,0.0,392.06,27.21,13.4,1376.41,0.07999309465424226
1985-04-18,2.24,396.09,23.86,8.65,1001.17,0.06856550970363623
1985-04-19,0.0,446.43,21.12,5.79,825.2,0.06856550970363623
1985-04-20,0.0,463.99,21.14,5.01,765.85,0.06856550970363623
1985-04-21,7.52,277.34,19.31,7.4,1015.79,0.06856550970363623
1985-04-22,7.52,297.95,18.3,6.04,932.0,0.07999309465424226
1985-04-23,0.0,506.28,24.13,5.81,799.91,0.06856550970363623
1985-04-24,0.0,496.18,25.66,7.78,894.29,0.054281028515378686
1985-04-25,0.0,445.92,25.42,10.08,1089.39,0.048567236040075665
1985-04-26,3.24,383.39,20.46,5.51,827.57,0.04342482281230294
1985-04-27,6.66,291.15,14.23,3.37,766.48,0.047995856792545366
1985-04-28,9.91,240.89,14.52,4.81,859.02,0.06856550970363623
1985-04-29,0.0,466.48,21.1,5.61,756.89,0.06285171722833321
1985-04-30,0.0,519.07,27.93,9.01,819.81,0.04742447754501506
1985-05-01,0.0,466.05,28.98,12.74,1104.04,0.03885378883206053
1985-05-02,0.0,472.94,30.42,13.82,1167.87,0.03142585861416661
1985-05-03,0.0,432.77,29.79,15.08,1332.79,0.027997583128984798
1985-05-04,0.0,491.6,29.47,12.21,1027.96,0.029140341624045395
1985-05-05,0.0,524.73,28.87,10.06,793.87,0.031997237861696906
1985-05-06,0.0,522.27,27.4,9.15,694.31,0.029140341624045395
1985-05-07,0.0,521.78,27.65,9.47,708.97,0.027997583128984798
1985-05-08,0.0,529.17,30.24,11.35,778.67,0.027997583128984798
1985-05-09,0.0,464.93,29.7,14.14,1033.8,0.026283445386393888
1985-05-10,0.0,483.11,27.47,11.35,861.05,0.023426549148742377
1985-05-11,0.0,506.32,21.56,5.04,566.12,0.022283790653681777
1985-05-12,0.0,505.14,22.36,5.97,601.04,0.02056965291109087
1985-05-13,0.0,514.25,23.77,6.92,620.12,0.02056965291109087
1985-05-14,0.0,551.87,26.74,7.4,587.36,0.01885551516849996
1985-05-15,0.0,548.73,28.99,9.61,672.28,0.016569998178378755
1985-05-16,0.0,455.0,29.32,14.78,1083.54,0.014855860435787849
1985-05-17,0.0,475.11,28.66,13.36,958.53,0.013713101940727246
1985-05-18,0.0,510.27,29.19,12.05,831.03,0.014284481188257548
1985-05-19,0.0,501.55,28.95,12.23,859.33,0.014855860435787849
1985-05-20,0.0,536.02,28.76,10.24,710.64,0.015998618930848453
1985-05-21,0.0,517.59,27.71,10.23,733.76,0.015427239683318153
1985-05-22,0.0,516.19,28.46,10.95,717.9,0.014284481188257548
1985-05-23,0.0,516.03,30.29,12.67,767.4,0.014284481188257548
1985-05-24,0.0,516.8,31.62,13.75,823.72,0.011998964198136342
1985-05-25,0.0,519.51,32.26,14.11,835.2,0.008570688712954529
1985-05-26,0.0,515.37,30.66,12.91,775.86,0.005313827002031808
1985-05-27,0.0,530.04,30.78,12.03,708.52,0.003828240958453023
1985-05-28,0.0,527.41,30.8,11.88,716.75,0.0032568617109227206
1985-05-29,0.0,514.37,31.07,12.83,771.68,0.0030283100119106003
1985-05-30,0.0,377.14,26.62,14.73,1117.46,0.003085447936663631
1985-05-31,0.0,331.67,24.43,14.26,1200.6,0.0029140341624045397
1985-06-01,0.0,500.53,27.06,10.35,681.56,0.0019426894416030268
1985-06-02,0.0,519.71,27.56,9.71,632.26,0.002056965291109087
1985-06-03,0.0,461.39,27.05,12.04,814.18,0.0019998273663560566
1985-06-04,0.0,496.42,26.09,9.73,658.56,0.0019998273663560566
1985-06-05,0.0,541.38,31.19,11.73,672.89,0.002171241140615147
1985-06-06,0.0,540.21,33.93,14.18,786.66,0.0019426894416030268
1985-06-07,0.0,526.45,37.3,17.82,1004.61,0.0018284135920969662
1985-06-08,0.0,533.36,39.02,18.64,1043.38,0.0017712756673439359
1985-06-09,0.0,527.69,38.42,18.31,1042.71,0.0015998618930848454
1985-06-10,0.0,541.28,37.37,16.62,885.04,0.001485586043578785
1985-06-11,0.0,498.32,35.34,17.62,933.21,0.0011427584950606039
1985-06-12,0.0,507.18,36.44,18.13,941.44,0.0011427584950606039
1985-06-13,0.0,513.7,36.71,18.12,900.52,0.0011427584950606039
1985-06-14,0.0,531.86,36.35,16.88,772.12,0.0011427584950606039
1985-06-15,0.0,546.06,37.32,16.69,740.68,0.0011427584950606039
1985-06-16,0.0,552.24,38.65,17.18,762.13,0.0005713792475303019
1985-06-17,0.0,559.04,39.31,17.05,752.56,0.0005713792475303019
1985-06-18,0.0,545.52,39.09,17.84,787.26,0.0005713792475303019
1985-06-19,0.0,504.71,36.74,18.34,841.68,0.0005713792475303019
1985-06-20,0.0,455.44,34.81,19.08,920.09,0.0005713792475303019
1985-06-21,0.0,505.66,34.29,16.22,725.33,0.0005142413227772717
1985-06-22,0.0,511.97,34.84,16.34,725.67,0.0005142413227772717
1985-06-23,0.0,424.46,34.98,20.58,1040.33,0.00045710339802424154
1985-06-24,0.0,413.73,33.39,19.43,1023.68,0.00045710339802424154
1985-06-25,0.0,479.34,30.8,14.59,663.02,0.00039996547327121135
1985-06-26,0.0,518.74,33.26,14.74,647.81,0.00039996547327121135
1985-06-27,0.0,542.93,34.66,14.42,628.37,0.0003428275485181811
1985-06-28,0.0,532.61,36.17,16.41,705.95,0.0003428275485181811
1985-06-29,0.0,520.67,36.91,17.63,768.91,0.0003428275485181811
1985-06-30,0.0,501.29,36.2,17.93,788.61,0.00028568962376515096
1985-07-01,0.0,541.26,37.69,16.65,719.07,0.00028568962376515096
1985-07-02,0.0,539.4,39.52,18.22,800.01,0.00028568962376515096
1985-07-03,0.0,488.03,39.57,21.3,979.73,0.00022855169901212077
1985-07-04,0.0,484.03,38.79,20.87,952.94,0.00022855169901212077
1985-07-05,0.0,482.69,38.53,20.82,950.32,0.00022855169901212077
1985-07-06,0.0,469.49,37.56,20.7,949.56,0.00022855169901212077
1985-07-07,0.0,467.28,38.61,21.78,1019.84,0.00022855169901212077
1985-07-08,0.0,470.18,39.44,22.4,1060.56,0.00022855169901212077
1985-07-09,0.0,473.11,38.54,21.53,1000.33,0.00022855169901212077
1985-07-10,0.3,457.43,36.67,20.34,935.42,0.00028568962376515096
1985-07-11,0.04,472.92,36.84,20.06,914.48,0.00022855169901212077
1985-07-12,0.0,466.42,38.59,22.01,1036.19,0.0003428275485181811
1985-07-13,0.0,463.91,39.1,22.63,1076.79,0.0003428275485181811
1985-07-14,0.0,420.58,36.63,22.44,1078.94,0.00039996547327121135
1985-07-15,1.11,441.3,36.5,21.25,986.12,0.00039996547327121135
1985-07-16,9.32,359.15,34.07,17.97,842.04,0.0006285171722833321
1985-07-17,11.75,340.59,33.75,18.43,930.81,0.0005713792475303019
1985-07-18,7.95,360.04,31.17,17.06,939.77,0.0007427930217893925
1985-07-19,0.0,407.88,29.87,17.02,934.05,0.0007427930217893925
1985-07-20,13.36,284.23,30.55,18.35,1378.65,0.0007427930217893925
1985-07-21,0.0,436.22,31.66,17.64,980.66,0.0016569998178378755
1985-07-22,0.0,401.56,32.24,19.55,1120.4,0.001485586043578785
1985-07-23,0.0,435.77,33.34,19.31,1025.55,0.0010284826455545435
1985-07-24,0.0,477.37,33.7,17.96,871.75,0.0009142067960484831
1985-07-25,0.0,496.79,34.0,17.26,810.65,0.0010856205703075735
1985-07-26,0.0,479.32,34.68,18.76,890.4,0.0011998964198136342
1985-07-27,0.0,398.95,34.77,22.19,1185.84,0.0014284481188257547
1985-07-28,0.0,453.22,33.74,19.53,883.87,0.0015998618930848454
1985-07-29,9.42,315.12,32.39,19.35,1024.7,0.0017712756673439359
1985-07-30,0.6,461.29,33.28,18.75,862.64,0.0017712756673439359
1985-07-31,0.0,480.24,33.87,18.79,856.77,0.0018855515168499965
1985-08-01,0.0,463.19,33.35,19.19,887.16,0.0019426894416030268
1985-08-02,0.0,402.58,29.67,18.19,902.12,0.019426894416030266
1985-08-03,5.58,413.87,31.93,18.38,892.65,0.0029140341624045397
1985-08-04,0.0,512.72,33.48,17.26,785.01,0.0035425513346878717
1985-08-05,0.0,520.47,34.79,17.94,822.03,0.002171241140615147
1985-08-06,0.0,513.6,35.13,18.61,859.38,0.0019998273663560566
1985-08-07,0.0,511.52,35.53,19.06,882.72,0.0019426894416030268
1985-08-08,0.0,483.25,34.3,19.38,923.7,0.0018284135920969662
1985-08-09,0.0,470.3,34.06,19.71,967.81,0.0019426894416030268
1985-08-10,0.0,505.76,34.34,18.38,848.68,0.0010284826455545435
1985-08-11,0.0,463.42,33.21,19.31,945.05,0.0010856205703075735
1985-08-12,0.0,518.79,32.53,16.06,722.3,0.0029140341624045397
1985-08-13,0.0,539.5,33.72,15.72,699.16,0.003142585861416661
1985-08-14,0.0,557.26,34.43,14.83,652.24,0.003313999635675751
1985-08-15,0.0,562.64,34.57,14.29,629.67,0.0035425513346878717
1985-08-16,0.0,544.43,34.64,15.56,693.95,0.004171068506971204
1985-08-17,0.0,506.02,34.36,17.6,812.41,0.004056792657465143
1985-08-18,0.0,474.72,34.07,18.81,900.49,0.0036568271841939323
1985-08-19,0.0,481.02,34.96,19.1,925.26,0.0033711375604287813
1985-08-20,8.24,357.22,31.48,15.64,915.23,0.003485413409934842
1985-08-21,0.0,448.29,31.69,17.34,943.52,0.003142585861416661
1985-08-22,0.0,504.27,35.69,17.99,880.21,0.003085447936663631
1985-08-23,0.0,519.84,37.32,18.29,883.32,0.00297117208715757
1985-08-24,0.0,503.97,39.02,20.51,1033.99,0.00297117208715757
1985-08-25,0.0,483.79,38.61,21.19,1108.39,0.003142585861416661
1985-08-26,0.15,469.61,35.12,18.69,986.22,0.003142585861416661
1985-08-27,0.0,433.61,34.0,19.36,1110.28,0.003313999635675751
1985-08-28,0.0,456.18,34.55,18.75,1023.27,0.003142585861416661
1985-08-29,0.0,456.55,36.15,19.99,1096.16,0.0034282754851818116
1985-08-30,0.0,444.86,36.81,20.93,1205.71,0.0035425513346878717
1985-08-31,6.09,406.99,36.56,18.85,1159.95,0.030854479366636305
1985-09-01,0.0,450.41,33.3,17.24,1023.8,0.010856205703075735
1985-09-02,0.0,400.67,31.28,17.52,1157.72,0.0036568271841939323
1985-09-03,0.0,369.42,31.67,18.97,1360.96,0.002171241140615147
1985-09-04,0.0,429.45,30.84,15.89,1005.41,0.0014284481188257547
1985-09-05,0.0,464.03,27.78,11.48,718.09,0.0013141722693196945
1985-09-06,0.0,436.73,26.62,11.7,775.44,0.0013713101940727244
1985-09-07,1.67,405.96,27.03,12.1,837.84,0.0011427584950606039
1985-09-08,0.0,453.27,28.13,12.03,777.85,0.0011427584950606039
1985-09-09,0.0,434.76,28.31,12.95,856.98,0.0011427584950606039
1985-09-10,0.4,365.73,27.19,14.64,1093.0,0.0011427584950606039
1985-09-11,10.54,226.17,25.31,15.1,1452.47,0.048567236040075665
1985-09-12,3.68,455.96,25.78,7.5,652.36,0.021141032158621172
1985-09-13,0.0,479.61,29.34,11.06,799.55,0.007427930217893924
1985-09-14,0.0,460.33,32.21,14.68,1021.48,0.005599516625796959
1985-09-15,0.0,386.07,32.27,18.34,1458.5,0.005085275303019688
1985-09-16,0.0,439.6,32.36,15.87,1143.91,0.004970999453513626
1985-09-17,2.01,439.57,31.33,14.13,1034.5,0.004970999453513626
1985-09-18,31.49,290.25,27.21,13.17,1273.75,0.29711720871575703
1985-09-19,18.94,288.14,21.63,9.72,1165.86,0.03142585861416661
1985-09-20,0.0,393.1,22.91,9.12,1066.02,0.005485240776290898
1985-09-21,0.0,428.89,25.21,9.36,1050.17,0.004628171904995446
1985-09-22,0.0,435.94,26.59,10.08,1090.06,0.004456758130736355
1985-09-23,0.0,432.62,27.64,11.12,1165.63,0.004456758130736355
1985-09-24,0.0,449.11,29.81,11.69,1180.9,0.004456758130736355
1985-09-25,0.0,444.07,29.89,11.89,1202.66,0.004456758130736355
1985-09-26,0.0,432.0,30.04,12.54,1271.86,0.004970999453513626
1985-09-27,1.46,363.73,29.05,14.64,1530.41,0.005256689077278778
1985-09-28,14.62,204.92,22.82,13.19,1519.91,0.006285171722833322
1985-09-29,0.0,394.73,23.58,8.88,1113.78,0.006856550970363623
1985-09-30,0.0,389.13,24.01,9.59,1140.93,0.006856550970363623
1985-10-01,0.0,380.99,25.1,10.88,1258.21,0.007999309465424227
1985-10-02,0.0,407.97,26.6,10.54,1209.22,0.007427930217893924
1985-10-03,0.0,404.59,27.52,11.25,1263.33,0.006856550970363623
1985-10-04,0.0,404.22,28.98,12.28,1338.71,0.006856550970363623
1985-10-05,0.0,375.48,29.2,13.99,1523.46,0.005485240776290898
1985-10-06,0.0,360.1,27.74,13.49,1494.82,0.005370964926784838
1985-10-07,0.68,341.64,27.54,13.51,1492.46,0.004970999453513626
1985-10-08,0.0,283.43,22.32,11.95,1388.1,0.004799585679254537
1985-10-09,0.0,311.25,20.87,9.59,1190.23,0.004799585679254537
1985-10-10,14.36,244.0,21.72,9.54,1206.91,0.005199551152525747
1985-10-11,6.65,316.5,19.19,6.23,954.96,0.005713792475303019
1985-10-12,0.0,361.35,19.92,6.14,943.25,0.005028137378266657
1985-10-13,0.0,372.06,21.37,6.84,985.58,0.004799585679254537
1985-10-14,0.0,366.79,20.89,6.62,973.08,0.004628171904995446
1985-10-15,0.0,392.25,24.62,8.09,1054.17,0.0045138960554893855
1985-10-16,15.62,252.55,22.91,9.59,1203.98,0.004685309829748475
1985-10-17,18.3,155.17,16.64,9.43,1196.75,0.004342482281230294
1985-10-18,10.38,228.17,18.08,7.37,1036.95,0.0051424132277727175
1985-10-19,0.0,328.13,21.93,9.32,1174.9,0.004456758130736355
1985-10-20,0.0,339.21,23.77,10.21,1238.77,0.003828240958453023
1985-10-21,0.0,333.28,23.71,10.34,1246.95,0.003828240958453023
1985-10-22,0.0,338.95,21.31,7.88,1055.13,0.003828240958453023
1985-10-23,0.0,366.61,21.96,6.83,985.63,0.003828240958453023
1985-10-24,0.0,374.68,24.59,8.32,1082.3,0.003828240958453023
1985-10-25,0.0,357.16,26.01,10.56,1260.76,0.003828240958453023
1985-10-26,0.0,353.08,26.02,10.77,1280.7,0.003828240958453023
1985-10-27,0.0,348.02,26.34,11.13,1310.47,0.003999654732712113
1985-10-28,0.0,325.19,26.92,12.76,1445.22,0.003828240958453023
1985-10-29,0.0,355.14,26.07,9.97,1204.45,0.003828240958453023
1985-10-30,0.0,354.47,25.58,9.34,1155.4,0.003828240958453023
1985-10-31,1.17,303.28,23.42,10.02,1229.41,0.0042282064317242345
1985-11-01,0.94,291.5,18.13,5.59,902.45,0.004799585679254537
1985-11-02,0.0,354.56,20.63,4.8,849.7,0.004799585679254537
1985-11-03,0.0,358.81,22.62,5.95,922.13,0.004799585679254537
1985-11-04,0.0,334.51,23.92,8.65,1113.96,0.004799585679254537
1985-11-05,0.0,325.22,23.44,8.7,1120.41,0.004799585679254537
1985-11-06,0.0,344.93,21.4,5.37,890.09,0.004742447754501505
1985-11-07,0.0,341.81,21.45,5.3,885.55,0.005028137378266657
1985-11-08,0.0,321.78,20.67,5.71,909.79,0.006285171722833322
1985-11-09,0.0,297.24,19.73,6.25,945.42,0.006285171722833322
1985-11-10,0.0,266.33,19.0,7.31,1024.98,0.006285171722833322
1985-11-11,13.52,197.76,17.71,7.16,1011.27,0.007999309465424227
1985-11-12,20.15,233.25,15.46,1.23,673.87,0.014284481188257548
1985-11-13,8.98,182.56,7.47,-2.04,531.99,0.010284826455545435
1985-11-14,0.0,286.28,8.96,-2.8,503.81,0.008570688712954529
1985-11-15,0.0,312.9,12.0,-1.77,540.44,0.006856550970363623
1985-11-16,0.0,332.58,16.13,0.13,622.2,0.006856550970363623
1985-11-17,0.0,286.71,15.83,2.62,740.93,0.007427930217893924
1985-11-18,0.0,262.54,11.78,0.25,623.34,0.004913861528760596
1985-11-19,0.0,316.2,10.98,-3.78,470.35,0.005370964926784838
1985-11-20,0.0,312.77,12.46,-2.36,517.4,0.004799585679254537
1985-11-21,0.0,303.36,15.19,0.46,627.33,0.004285344356477264
1985-11-22,0.0,311.12,15.55,-0.02,613.41,0.004399620205983325
1985-11-23,0.0,312.18,17.48,1.42,675.91,0.004799585679254537
1985-11-24,0.0,292.89,17.52,2.92,759.49,0.004799585679254537
1985-11-25,28.61,177.58,16.76,5.77,924.82,0.005370964926784838
1985-11-26,26.37,106.87,12.23,6.08,942.35,2.5540652364604495
1985-11-27,0.03,241.83,13.17,2.46,733.45,0.5828068324809079
1985-11-28,0.0,203.88,12.52,3.79,806.68,0.21141032158621173
1985-11-29,12.54,168.87,12.6,3.59,799.39,0.10856205703075737
1985-11-30,9.52,158.4,12.12,3.54,795.11,1.9998273663560568
1985-12-01,0.0,244.57,11.63,1.08,665.59,0.5599516625796959
1985-12-02,0.0,233.06,13.79,3.72,800.9,0.30283100119106
1985-12-03,0.2,220.7,13.95,4.65,854.94,0.19998273663560567
1985-12-04,0.0,297.72,16.62,2.27,723.53,0.13713101940727246
1985-12-05,0.0,289.88,17.7,3.79,806.37,0.09713447208015133
1985-12-06,0.0,298.04,16.49,2.01,707.87,0.07427930217893926
1985-12-07,0.0,299.46,16.22,1.62,689.44,0.05713792475303019
1985-12-08,0.0,301.85,15.67,0.79,647.44,0.05142413227772717
1985-12-09,0.0,276.97,12.74,-0.15,604.52,0.046853098297484755
1985-12-10,0.0,285.21,9.68,-3.41,479.09,0.042282064317242345
1985-12-11,18.22,197.13,7.77,-3.87,461.13,0.05313827002031808
1985-12-12,23.54,93.24,2.4,-2.34,518.07,0.1199896419813634
1985-12-13,0.0,262.22,5.79,-5.31,416.96,0.07999309465424226
1985-12-14,0.0,302.35,9.89,-4.5,442.67,0.06285171722833321
1985-12-15,0.0,312.22,12.63,-3.11,489.47,0.05713792475303019
1985-12-16,0.0,305.56,14.47,-0.79,579.59,0.05542378701043928
1985-12-17,0.0,315.66,16.37,-0.44,596.58,0.054281028515378686
1985-12-18,0.0,311.37,16.26,-0.23,605.81,0.052566890772787776
1985-12-19,0.0,313.12,17.59,0.56,639.31,0.050281373782666575
1985-12-20,0.0,322.63,19.25,0.38,632.62,0.04742447754501506
1985-12-21,0.0,316.1,19.35,1.37,675.14,0.04571033980242415
1985-12-22,0.0,320.78,19.98,0.98,654.56,0.043996202059833255
1985-12-23,0.0,321.18,19.43,0.42,631.53,0.042282064317242345
1985-12-24,0.0,312.88,18.69,0.77,645.93,0.03999654732712113
1985-12-25,0.0,314.68,18.89,0.51,636.04,0.03771103033699992
1985-12-26,0.0,307.95,19.1,1.2,661.63,0.03542551334687872
1985-12-27,0.0,298.92,17.39,0.56,638.5,0.03313999635675751
1985-12-28,0.0,299.48,17.05,0.01,611.65,0.03142585861416661
1985-12-29,0.0,291.06,16.87,0.48,634.15,0.03142585861416661
1985-12-30,0.0,277.28,16.75,1.51,677.44,0.030854479366636305
1985-12-31,0.0,257.0,16.1,2.51,734.23,0.030854479366636305
1986-01-01,0.0,247.35,15.4,1.25,671.86,0.029140341624045395
1986-01-02,0.0,278.13,17.17,0.38,634.45,0.028568962376515097
1986-01-03,0.0,252.15,16.5,2.03,710.85,0.027426203881454492
1986-01-04,0.0,263.8,16.09,0.8,650.32,0.026854824633924194
1986-01-05,0.0,250.21,16.11,1.89,701.41,0.026283445386393888
1986-01-06,0.0,263.85,15.43,0.34,628.39,0.025140686891333287
1986-01-07,0.0,256.73,15.2,0.63,639.64,0.025140686891333287
1986-01-08,0.0,264.91,14.75,-0.23,605.3,0.023997928396272683
1986-01-09,0.0,285.49,15.82,-0.84,577.63,0.023997928396272683
1986-01-10,0.0,298.59,18.06,0.02,615.61,0.023997928396272683
1986-01-11,0.0,300.33,20.04,1.79,668.55,0.022283790653681777
1986-01-12,0.0,308.09,20.47,1.52,656.33,0.022283790653681777
1986-01-13,0.0,293.77,20.5,3.11,738.61,0.02171241140615147
1986-01-14,0.0,247.73,18.26,4.7,852.91,0.021141032158621172
1986-01-15,0.0,171.66,14.72,5.84,922.99,0.022855169901212075
1986-01-16,0.0,273.66,15.9,0.95,652.14,0.02171241140615147
1986-01-17,0.0,291.4,17.46,1.12,655.67,0.021141032158621172
1986-01-18,0.0,300.55,19.53,2.33,696.06,0.021141032158621172
1986-01-19,0.0,327.32,23.56,3.35,715.56,0.021141032158621172
1986-01-20,0.0,316.34,21.78,3.15,717.28,0.021141032158621172
1986-01-21,0.0,314.98,20.86,2.7,701.94,0.02056965291109087
1986-01-22,0.0,316.17,20.47,2.43,688.64,0.019998273663560565
1986-01-23,0.0,323.33,20.67,2.1,665.49,0.02056965291109087
1986-01-24,0.0,324.89,19.69,1.3,632.57,0.02056965291109087
1986-01-25,0.0,322.09,20.12,2.11,664.54,0.02056965291109087
1986-01-26,0.0,331.19,21.1,2.29,668.22,0.019426894416030266
1986-01-27,0.0,323.49,21.51,3.57,730.46,0.019426894416030266
1986-01-28,0.0,352.75,21.82,1.18,597.84,0.019998273663560565
1986-01-29,0.0,356.63,22.31,1.42,601.39,0.019426894416030266
1986-01-30,0.0,325.87,20.6,3.04,704.15,0.019998273663560565
1986-01-31,8.56,187.22,17.61,5.45,903.5,0.022855169901212075
1986-02-01,6.61,187.25,17.55,6.78,990.54,0.025140686891333287
1986-02-02,0.0,229.07,16.08,5.53,905.05,0.025712066138863586
1986-02-03,0.0,311.08,16.81,1.77,683.3,0.02456930764380298
1986-02-04,0.88,249.57,13.79,2.16,717.34,0.02456930764380298
1986-02-05,0.0,298.18,12.8,-0.78,580.52,0.023426549148742377
1986-02-06,0.0,256.01,11.11,-0.01,613.45,0.022855169901212075
1986-02-07,0.0,332.97,10.1,-5.2,418.76,0.021141032158621172
1986-02-08,3.13,248.67,8.04,-2.78,504.25,0.02056965291109087
1986-02-09,14.42,120.23,6.38,0.24,619.67,0.0914206796048483
1986-02-10,0.05,234.54,6.58,-2.39,519.27,0.10284826455545434
1986-02-11,0.0,320.88,8.5,-4.38,447.97,0.06285171722833321
1986-02-12,0.0,375.6,12.36,-4.03,459.94,0.050281373782666575
1986-02-13,0.0,336.0,14.87,1.04,660.25,0.046853098297484755
1986-02-14,0.0,301.37,16.61,4.49,841.11,0.048567236040075665
1986-02-15,17.96,198.93,16.73,6.37,957.52,0.08570688712954529
1986-02-16,0.0,203.85,14.48,6.87,990.31,2.114103215862117
1986-02-17,0.0,253.6,14.58,5.14,882.61,0.7599343992153015
1986-02-18,0.0,345.02,18.03,4.54,827.53,0.4456758130736355
1986-02-19,0.0,346.98,18.9,5.48,877.64,0.308544793666363
1986-02-20,0.0,324.52,18.44,6.3,926.57,0.2399792839627268
1986-02-21,0.0,420.29,17.29,-0.31,562.23,0.18855515168499964
1986-02-22,0.0,439.06,19.51,0.03,555.78,0.14855860435787852
1986-02-23,0.0,444.4,20.96,0.92,582.08,0.12570343445666643
1986-02-24,0.0,448.79,24.66,3.65,682.71,0.10856205703075737
1986-02-25,0.0,451.25,27.33,5.69,770.3,0.0914206796048483
1986-02-26,0.0,455.48,27.81,5.66,762.14,0.07999309465424226
1986-02-27,0.0,447.61,27.33,6.77,828.43,0.06856550970363623
1986-02-28,0.0,440.26,26.69,7.32,870.92,0.06285171722833321
1986-03-01,0.0,430.38,25.02,7.1,875.42,0.06285171722833321
1986-03-02,0.0,406.62,24.28,8.24,967.1,0.054281028515378686
1986-03-03,0.0,410.34,22.91,6.82,885.03,0.05199551152525748
1986-03-04,0.0,409.31,23.52,7.45,920.21,0.047995856792545366
1986-03-05,0.0,438.6,24.16,6.05,803.88,0.04571033980242415
1986-03-06,0.0,453.73,25.37,5.85,773.21,0.04456758130736355
1986-03-07,0.0,451.07,24.63,5.67,710.0,0.042282064317242345
1986-03-08,0.0,424.66,23.06,6.42,678.94,0.04113930582218174
1986-03-09,0.01,341.69,20.7,8.62,837.51,0.03999654732712113
1986-03-10,3.57,288.56,15.84,5.7,780.04,0.03942516807959083
1986-03-11,17.67,172.58,10.98,3.53,792.33,0.5942344174315141
1986-03-12,8.45,225.23,11.8,1.82,698.59,1.0856205703075736
1986-03-13,10.08,270.94,13.04,0.71,642.94,0.9427757584249982
1986-03-14,8.11,201.09,11.41,2.82,749.75,1.0341964380298465
1986-03-15,4.5,249.12,12.22,1.39,679.49,1.0570516079310586
1986-03-16,3.54,346.59,14.17,2.19,701.0,0.6456585497092412
1986-03-17,15.97,243.99,12.21,1.82,700.72,6.17089587332726
1986-03-18,5.09,246.33,12.23,1.8,699.73,2.5826341988369648
1986-03-19,0.0,409.05,15.31,1.42,663.41,1.6112894780354514
1986-03-20,0.0,470.82,19.63,1.9,641.22,1.0627654004063616
1986-03-21,0.0,475.3,22.08,3.8,705.33,0.6913688895116654
1986-03-22,0.0,467.9,24.11,6.09,806.31,0.5142413227772717
1986-03-23,0.0,489.86,25.76,6.01,774.31,0.39425168079590833
1986-03-24,0.0,483.4,25.41,6.4,800.81,0.31997237861696903
1986-03-25,0.0,483.25,25.52,6.7,817.17,0.2742620388145449
1986-03-26,0.0,487.52,26.58,7.5,852.46,0.23426549148742376
1986-03-27,0.0,483.3,28.94,10.0,994.62,0.19998273663560567
1986-03-28,0.0,443.62,28.73,12.51,1223.83,0.1771275667343936
1986-03-29,0.0,468.91,27.05,9.84,1023.04,0.15998618930848452
1986-03-30,0.0,466.85,27.67,10.7,1065.42,0.14284481188257547
1986-03-31,0.0,448.65,26.11,10.52,1081.96,0.12570343445666643
1986-04-01,0.4,346.98,22.0,10.87,1256.33,0.1199896419813634
1986-04-02,0.0,289.68,17.57,9.05,1151.3,0.1199896419813634
1986-04-03,0.0,493.83,18.01,1.46,589.31,0.10856205703075737
1986-04-04,0.0,490.21,19.95,3.6,672.4,0.0914206796048483
1986-04-05,0.0,523.76,22.32,3.67,641.27,0.08570688712954529
1986-04-06,0.0,480.66,23.45,7.5,855.66,0.07427930217893926
1986-04-07,0.0,395.88,21.91,9.89,1102.73,0.07427930217893926
1986-04-08,0.0,479.03,21.21,5.85,783.23,0.06285171722833321
1986-04-09,0.0,531.53,23.82,4.76,671.96,0.05713792475303019
1986-04-10,0.0,517.67,24.09,5.75,726.7,0.054852407762908985
1986-04-11,0.0,516.71,24.43,5.94,736.51,0.054281028515378686
1986-04-12,0.0,453.23,23.28,8.3,927.65,0.052566890772787776
1986-04-13,0.0,389.21,22.93,10.48,1139.15,0.04970999453513626
1986-04-14,0.0,526.15,23.59,4.42,658.47,0.046281719049954456
1986-04-15,0.0,466.45,25.07,9.1,946.16,0.046281719049954456
1986-04-16,0.0,434.65,24.68,9.99,1040.66,0.04456758130736355
1986-04-17,0.0,458.59,21.94,6.48,813.98,0.04171068506971204
1986-04-18,0.0,485.31,18.8,2.39,616.74,0.03942516807959083
1986-04-19,0.0,509.23,21.9,3.95,650.86,0.03713965108946963
1986-04-20,0.0,529.67,27.02,7.15,758.19,0.03713965108946963
1986-04-21,0.0,527.84,30.24,9.97,896.4,0.03713965108946963
1986-04-22,0.0,516.22,29.93,10.58,947.11,0.03542551334687872
1986-04-23,0.0,475.46,27.35,10.69,1013.1,0.033711375604287816
1986-04-24,0.0,487.04,26.97,9.99,959.31,0.027426203881454492
1986-04-25,0.0,372.38,25.1,13.21,1354.98,0.027426203881454492
1986-04-26,0.0,345.78,23.83,13.13,1392.93,0.026283445386393888
1986-04-27,0.0,537.2,24.95,5.69,696.68,0.02456930764380298
1986-04-28,0.0,542.46,26.98,7.16,741.6,0.02456930764380298
1986-04-29,0.0,512.14,28.44,10.35,935.15,0.02456930764380298
1986-04-30,0.0,520.55,28.61,9.99,910.68,0.022855169901212075
1986-05-01,0.0,516.62,28.98,10.38,932.3,0.022855169901212075
1986-05-02,0.0,517.47,30.43,11.43,937.53,0.022283790653681777
1986-05-03,0.0,479.66,30.63,13.63,1087.7,0.02171241140615147
1986-05-04,0.0,455.47,27.94,12.42,1056.41,0.019998273663560565
1986-05-05,0.0,538.9,25.5,5.99,629.14,0.019426894416030266
1986-05-06,0.0,439.65,23.67,9.3,897.68,0.019426894416030266
1986-05-07,0.0,450.5,21.17,6.65,759.3,0.019998273663560565
1986-05-08,0.0,501.69,18.7,1.95,538.06,0.02056965291109087
1986-05-09,0.0,510.43,21.82,4.51,605.14,0.02056965291109087
1986-05-10,0.0,520.64,25.27,7.11,675.88,0.021141032158621172
1986-05-11,0.0,540.7,27.14,7.75,591.9,0.021141032158621172
1986-05-12,0.0,557.29,28.51,7.68,566.29,0.019998273663560565
1986-05-13,0.0,542.51,28.56,8.6,613.28,0.01885551516849996
1986-05-14,0.0,549.74,29.2,8.64,602.74,0.01828413592096966
1986-05-15,0.0,497.32,27.44,10.12,736.59,0.01885551516849996
1986-05-16,0.0,522.89,28.24,9.39,675.55,0.01885551516849996
1986-05-17,0.0,490.54,27.03,10.31,618.87,0.01828413592096966
1986-05-18,0.0,544.72,29.91,9.73,526.65,0.01828413592096966
1986-05-19,0.0,545.01,32.97,12.43,612.07,0.01828413592096966
1986-05-20,0.0,543.66,33.9,13.33,650.34,0.01771275667343936
1986-05-21,0.0,497.16,31.87,14.21,755.39,0.01828413592096966
1986-05-22,0.0,499.67,30.14,12.71,683.52,0.02171241140615147
1986-05-23,0.0,458.96,29.84,14.36,828.91,0.025140686891333287
1986-05-24,0.0,521.8,30.94,12.26,632.23,0.025712066138863586
1986-05-25,0.0,544.76,33.14,12.57,616.33,0.023426549148742377
1986-05-26,0.0,533.43,34.61,14.35,699.85,0.02056965291109087
1986-05-27,0.0,529.32,33.88,13.97,689.88,0.01885551516849996
1986-05-28,0.0,513.71,33.86,14.92,749.99,0.01885551516849996
1986-05-29,0.0,463.87,33.34,17.0,935.07,0.01828413592096966
1986-05-30,0.0,426.73,31.48,16.96,1025.79,0.019426894416030266
1986-05-31,0.0,485.37,29.98,13.09,717.13,0.02056965291109087
1986-06-01,0.0,492.58,30.9,13.6,727.18,0.02056965291109087
1986-06-02,0.0,494.25,31.49,14.06,741.27,0.019998273663560565
1986-06-03,0.0,495.22,31.86,14.3,751.91,0.022283790653681777
1986-06-04,0.0,464.14,32.85,16.73,920.49,0.022283790653681777
1986-06-05,0.0,473.07,32.83,16.26,879.21,0.02056965291109087
1986-06-06,0.0,506.97,32.85,14.51,737.42,0.019998273663560565
1986-06-07,0.0,522.52,33.09,13.81,684.77,0.01771275667343936
1986-06-08,0.0,505.97,32.07,13.79,706.79,0.02171241140615147
1986-06-09,0.0,494.91,30.61,13.13,664.97,0.023426549148742377
1986-06-10,0.0,514.86,32.09,13.7,589.47,0.023426549148742377
1986-06-11,0.0,517.65,34.13,15.43,659.85,0.022283790653681777
1986-06-12,0.0,533.76,35.83,15.93,685.85,0.02056965291109087
1986-06-13,0.0,537.67,36.32,16.11,690.95,0.01828413592096966
1986-06-14,0.0,542.86,35.84,15.25,654.88,0.012570343445666644
1986-06-15,0.0,511.41,36.22,17.6,765.77,0.008570688712954529
1986-06-16,0.0,519.25,36.84,17.63,769.35,0.009713447208015133
1986-06-17,0.0,487.59,36.86,19.5,870.49,0.004913861528760596
1986-06-18,0.0,496.84,36.4,18.53,815.21,0.0028568962376515094
1986-06-19,0.0,536.89,35.92,15.81,673.03,0.0022283790653681774
1986-06-20,0.0,545.99,36.17,15.33,655.05,0.0016569998178378755
1986-06-21,0.0,527.4,34.09,14.7,631.93,0.0011427584950606039
1986-06-22,0.0,538.64,36.82,16.23,696.99,0.0007999309465424227
1986-06-23,0.0,508.52,37.12,18.4,811.47,0.0003428275485181811
1986-06-24,0.0,456.62,35.24,19.51,873.58,0.0
1986-06-25,0.0,438.93,34.27,19.5,870.6,0.0
1986-06-26,0.0,529.42,36.43,16.71,727.77,0.0
1986-06-27,0.0,512.98,37.95,19.01,857.56,0.0
1986-06-28,0.0,452.6,37.86,22.18,1039.97,0.0
1986-06-29,0.0,365.39,34.78,22.94,1087.07,5.713792475303019e-05
1986-06-30,0.0,427.25,32.95,18.94,842.05,0.0
1986-07-01,0.0,446.54,34.38,19.46,872.51,0.00028568962376515096
1986-07-02,10.54,357.01,34.67,18.66,826.1,0.0007999309465424227
1986-07-03,7.52,310.08,32.77,19.34,861.8,0.010856205703075735
1986-07-04,9.51,258.98,30.15,19.47,867.3,0.015998618930848453
1986-07-05,4.78,302.59,29.86,18.14,797.41,0.011427584950606038
1986-07-06,0.0,504.31,32.35,15.2,654.1,0.006285171722833322
1986-07-07,0.0,408.37,32.75,19.88,891.49,0.0048567236040075665
1986-07-08,0.0,456.16,32.95,18.29,805.85,0.005199551152525747
1986-07-09,0.0,486.98,34.48,18.24,810.39,0.0025712066138863588
1986-07-10,0.0,468.98,34.01,18.77,836.15,0.0015427239683318155
1986-07-11,0.0,474.49,33.88,18.46,817.25,0.0006285171722833321
1986-07-12,0.0,491.28,34.48,18.29,806.88,5.713792475303019e-05
1986-07-13,0.0,499.57,35.5,18.83,838.0,0.0
1986-07-14,0.0,461.07,34.56,19.99,903.45,0.0
1986-07-15,0.0,435.34,32.31,19.12,852.91,0.0
1986-07-16,16.14,314.36,31.84,19.28,872.12,0.0
1986-07-17,1.71,451.86,31.97,17.63,783.69,0.0
1986-07-18,0.0,414.14,31.29,19.18,893.15,0.0
1986-07-19,0.0,454.5,32.39,18.87,852.88,0.0
1986-07-20,14.81,360.29,33.85,19.21,953.4,0.0
1986-07-21,10.84,385.28,33.11,16.08,908.24,0.004571033980242415
1986-07-22,9.41,305.61,27.55,16.4,1342.4,0.006285171722833322
1986-07-23,0.43,471.66,30.43,15.82,985.23,0.034282754851818115
1986-07-24,0.0,502.09,32.98,17.2,992.94,0.009713447208015133
1986-07-25,0.0,506.23,33.89,17.75,1009.44,0.003828240958453023
1986-07-26,0.0,549.28,34.06,15.49,806.99,0.0016569998178378755
1986-07-27,0.0,563.56,34.43,14.76,748.77,0.0015427239683318155
1986-07-28,0.0,559.39,34.83,15.29,778.7,0.002685482463392419
1986-07-29,0.0,511.13,36.76,19.57,1104.28,0.002628344538639389
1986-07-30,0.0,550.77,37.97,17.99,922.23,0.0025712066138863588
1986-07-31,0.0,552.15,39.36,18.78,959.91,0.0025140686891333285
1986-08-01,0.0,521.3,39.39,20.67,1144.53,0.0022283790653681774
1986-08-02,0.0,488.94,38.07,21.15,1279.76,0.0022283790653681774
1986-08-03,0.0,465.75,36.66,20.93,1324.45,0.0015998618930848454
1986-08-04,0.0,469.98,36.75,20.68,1297.31,0.0010856205703075735
1986-08-05,0.0,482.42,37.55,20.76,1271.93,0.0010284826455545435
1986-08-06,0.0,450.6,35.58,20.46,1350.81,0.0010284826455545435
1986-08-07,0.0,454.51,36.62,21.11,1384.04,0.0012570343445666642
1986-08-08,0.0,448.61,35.56,20.46,1353.76,0.0015998618930848454
1986-08-09,0.29,416.27,35.14,20.99,1498.59,0.0017141377425909058
1986-08-10,7.58,402.04,35.07,19.77,1453.59,0.0016569998178378755
1986-08-11,0.0,417.78,34.43,20.58,1575.82,0.0019998273663560566
1986-08-12,2.08,378.42,34.04,21.29,1757.63,0.0021141032158621172
1986-08-13,0.0,397.62,34.19,21.12,1707.46,0.0018284135920969662
1986-08-14,0.0,453.22,35.01,19.58,1421.09,0.0018855515168499965
1986-08-15,1.09,438.17,35.52,20.35,1510.89,0.0018284135920969662
1986-08-16,0.0,449.78,35.61,20.07,1470.93,0.0017712756673439359
1986-08-17,0.0,434.97,35.39,20.37,1559.44,0.0017141377425909058
1986-08-18,0.0,422.41,34.78,20.35,1586.92,0.0017141377425909058
1986-08-19,0.0,445.15,36.03,20.36,1518.74,0.0017141377425909058
1986-08-20,0.0,470.84,37.81,20.58,1450.94,0.0013141722693196945
1986-08-21,0.0,455.51,37.88,21.17,1550.03,0.0010284826455545435
1986-08-22,0.0,475.62,37.6,19.83,1385.97,0.0011998964198136342
1986-08-23,0.0,371.72,34.54,21.68,1874.13,0.0011427584950606039
1986-08-24,0.0,358.74,30.75,18.89,1642.58,0.0014284481188257547
1986-08-25,3.14,339.38,30.98,18.64,1664.76,0.0013141722693196945
1986-08-26,2.85,356.61,31.39,17.81,1586.28,0.0013141722693196945
1986-08-27,8.18,264.1,30.48,18.82,1974.58,0.0014284481188257547
1986-08-28,24.87,254.74,30.64,19.41,2110.72,0.022283790653681777
1986-08-29,22.46,281.98,30.49,17.96,1998.45,0.007999309465424227
1986-08-30,11.86,365.07,30.97,16.84,1786.27,0.002456930764380298
1986-08-31,6.03,340.83,30.83,18.82,2054.09,0.0021141032158621172
1986-09-01,0.0,417.97,31.29,17.32,1830.64,0.0018284135920969662
1986-09-02,0.0,452.41,32.34,16.51,1694.26,0.0014284481188257547
1986-09-03,0.0,455.34,33.75,17.36,1771.73,0.0010856205703075735
1986-09-04,0.0,477.28,34.57,16.63,1657.19,0.0009142067960484831
1986-09-05,0.0,475.58,36.04,17.59,1756.14,0.00039996547327121135
1986-09-06,0.0,478.86,36.88,17.73,1765.53,0.00011427584950606039
1986-09-07,0.0,427.99,36.23,20.06,2120.97,5.713792475303019e-05
1986-09-08,0.0,383.63,33.15,19.59,2127.05,0.0
1986-09-09,0.0,391.76,30.02,16.71,1815.97,0.0
1986-09-10,0.9,293.09,28.8,18.71,2116.24,0.0
1986-09-11,0.0,485.77,28.84,10.69,1158.87,0.0
1986-09-12,0.0,461.76,30.32,13.14,1372.95,5.713792475303019e-05
1986-09-13,0.0,449.34,29.97,13.44,1414.58,0.00011427584950606039
1986-09-14,0.0,492.92,30.03,10.38,1126.36,5.713792475303019e-05
1986-09-15,0.0,454.18,30.13,12.89,1361.57,5.713792475303019e-05
1986-09-16,0.0,469.08,29.93,11.58,1244.05,0.00011427584950606039
1986-09-17,0.0,486.54,30.18,10.11,1117.54,0.00011427584950606039
1986-09-18,0.0,464.67,30.06,11.42,1234.58,0.00017141377425909055
1986-09-19,0.0,455.68,30.06,11.86,1274.74,0.00017141377425909055
1986-09-20,0.0,434.2,29.46,12.56,1353.32,0.00011427584950606039
1986-09-21,0.0,401.62,27.87,12.97,1425.99,0.00017141377425909055
1986-09-22,0.0,256.7,25.18,16.32,1836.59,0.00022855169901212077
1986-09-23,1.03,267.92,22.81,13.68,1568.66,0.00045710339802424154
1986-09-24,9.2,281.83,20.48,7.38,1043.6,0.0007999309465424227
1986-09-25,3.23,232.84,17.89,8.56,1131.7,0.0006285171722833321
1986-09-26,0.0,276.79,20.62,11.48,1362.01,0.0005713792475303019
1986-09-27,0.0,421.53,23.83,7.98,1053.04,0.00028568962376515096
1986-09-28,0.0,413.7,24.48,8.78,1112.68,0.00017141377425909055
1986-09-29,0.04,392.64,24.09,9.44,1175.88,0.0
1986-09-30,0.0,419.98,24.76,8.24,1073.94,0.0009142067960484831
1986-10-01,0.0,421.77,26.06,9.01,1106.29,0.0016569998178378755
1986-10-02,0.0,345.98,25.55,12.51,1412.11,0.0008570688712954529
1986-10-03,0.0,373.73,21.52,7.64,1036.85,0.0009142067960484831
1986-10-04,0.0,407.77,23.97,7.91,1013.79,0.0010284826455545435
1986-10-05,0.0,359.75,24.0,10.49,1233.49,0.0013141722693196945
1986-10-06,0.24,379.33,26.23,11.0,1262.64,0.0015427239683318155
1986-10-07,0.0,343.01,26.7,13.62,1508.25,0.0017712756673439359
1986-10-08,6.21,313.81,28.4,12.88,1438.23,0.0013141722693196945
1986-10-09,11.93,270.1,28.09,13.37,1529.93,0.0017712756673439359
1986-10-10,19.49,256.58,24.63,11.11,1331.95,0.0019426894416030268
1986-10-11,15.81,155.51,16.79,9.64,1212.5,0.2056965291109087
1986-10-12,20.29,232.26,15.84,4.91,877.86,0.17141377425909057
1986-10-13,0.0,382.31,18.7,4.09,831.33,0.011427584950606038
1986-10-14,0.0,429.68,23.16,4.16,839.19,0.003713965108946962
1986-10-15,0.0,404.64,24.58,7.23,1033.67,0.0019998273663560566
1986-10-16,0.0,338.36,26.2,12.77,1483.6,0.0017141377425909058
1986-10-17,0.0,351.12,26.2,12.02,1407.22,0.0017141377425909058
1986-10-18,0.0,389.0,25.27,8.76,1137.04,0.0017141377425909058
1986-10-19,0.0,389.24,22.52,6.33,955.72,0.0017141377425909058
1986-10-20,0.0,383.97,19.89,4.32,833.36,0.0017141377425909058
1986-10-21,0.0,404.95,21.11,3.51,784.99,0.0017141377425909058
1986-10-22,0.0,369.91,21.31,5.93,935.42,0.001485586043578785
1986-10-23,0.0,369.05,21.92,6.17,946.37,0.0014284481188257547
1986-10-24,0.0,392.45,23.65,5.39,892.06,0.0013141722693196945
1986-10-25,0.0,388.09,24.58,6.0,932.8,0.0011998964198136342
1986-10-26,0.0,379.42,25.64,7.12,1003.62,0.0013141722693196945
1986-10-27,0.0,347.8,25.2,8.94,1144.48,0.0019998273663560566
1986-10-28,0.0,391.51,27.0,6.14,945.64,0.0021141032158621172
1986-10-29,0.0,339.86,26.59,10.18,1248.12,0.0021141032158621172
1986-10-30,0.0,359.99,25.96,7.89,1066.78,0.0022855169901212077
1986-10-31,0.0,353.28,24.73,7.15,1013.44,0.0018284135920969662
1986-11-01,1.0,239.32,21.81,10.56,1284.79,0.0017712756673439359
1986-11-02,3.8,190.88,18.16,7.53,1052.46,0.0027997583128984795
1986-11-03,3.68,174.73,15.6,6.25,957.45,0.003828240958453023
1986-11-04,0.45,252.13,16.53,5.61,920.65,0.004342482281230294
1986-11-05,0.0,337.71,19.92,3.76,809.24,0.0036568271841939323
1986-11-06,0.0,325.76,19.88,4.4,842.23,0.002628344538639389
1986-11-07,0.0,323.38,16.28,1.19,672.73,0.0025712066138863588
1986-11-08,0.0,324.53,14.97,-0.25,606.44,0.0025712066138863588
1986-11-09,0.0,354.34,18.86,0.37,635.68,0.0025712066138863588
1986-11-10,0.0,339.88,19.64,1.87,704.31,0.0025712066138863588
1986-11-11,0.0,354.23,21.78,1.62,699.64,0.002628344538639389
1986-11-12,0.0,343.5,22.14,2.73,757.4,0.0025712066138863588
1986-11-13,0.0,283.76,22.27,7.78,1063.42,0.0025712066138863588
1986-11-14,0.0,296.24,18.58,3.61,797.98,0.0025140686891333285
1986-11-15,0.0,299.42,20.06,4.49,846.91,0.002456930764380298
1986-11-16,0.0,271.34,19.85,6.15,953.58,0.0025140686891333285
1986-11-17,0.0,265.14,19.79,6.42,980.4,0.002742620388145449
1986-11-18,0.06,167.07,18.8,10.84,1307.21,0.24569307643802982
1986-11-19,16.17,146.87,18.28,8.96,1156.78,0.4113930582218174
1986-11-20,0.0,296.9,20.67,5.03,885.93,0.04571033980242415
1986-11-21,0.0,296.48,21.03,5.22,897.99,0.015427239683318153
1986-11-22,0.0,277.85,18.85,4.61,857.35,0.010856205703075735
1986-11-23,0.0,238.42,14.89,3.42,789.01,0.006856550970363623
1986-11-24,0.0,304.88,16.25,0.2,631.87,0.005713792475303019
1986-11-25,0.0,300.67,15.81,0.14,624.32,0.004285344356477264
1986-11-26,0.0,272.05,15.26,1.57,686.21,0.0029140341624045397
1986-11-27,0.0,299.0,16.82,1.16,670.11,0.0019426894416030268
1986-11-28,0.0,314.19,20.24,2.49,733.27,0.0013141722693196945
1986-11-29,0.0,321.11,19.3,0.68,649.75,0.002171241140615147
1986-11-30,0.0,313.24,16.98,-0.53,596.66,0.010284826455545435
1986-12-01,0.0,316.2,17.94,-0.4,598.93,0.011427584950606038
1986-12-02,0.0,317.5,19.02,-0.07,613.67,0.007999309465424227
1986-12-03,0.0,324.8,19.97,-0.95,579.03,0.006285171722833322
1986-12-04,0.0,292.71,18.66,1.44,686.26,0.004799585679254537
1986-12-05,0.02,215.34,17.49,6.17,944.89,0.006856550970363623
1986-12-06,15.58,117.07,14.73,6.87,992.64,0.01771275667343936
1986-12-07,19.21,86.2,10.59,5.17,892.23,0.23426549148742376
1986-12-08,10.79,118.8,10.65,3.15,770.27,0.16569998178378756
1986-12-09,0.0,174.89,10.89,2.7,746.58,0.047995856792545366
1986-12-10,0.0,197.69,8.07,-1.07,568.88,0.3656827184193932
1986-12-11,0.0,287.31,9.54,-5.19,422.21,0.1199896419813634
1986-12-12,0.0,313.28,14.2,-3.71,470.89,0.054281028515378686
1986-12-13,0.0,311.13,15.46,-2.49,515.12,0.03656827184193932
1986-12-14,0.0,300.15,15.65,-1.12,567.95,0.027426203881454492
1986-12-15,0.0,277.23,16.22,1.53,683.32,0.023426549148742377
1986-12-16,0.0,228.46,16.03,4.78,857.51,0.02171241140615147
1986-12-17,8.35,107.27,13.53,6.92,997.57,0.048567236040075665
1986-12-18,0.0,215.53,13.4,3.18,774.37,0.04456758130736355
1986-12-19,0.0,244.9,14.07,1.99,710.7,0.027426203881454492
1986-12-20,5.85,118.19,10.65,3.49,790.1,0.027426203881454492
1986-12-21,3.35,220.42,12.04,0.62,645.03,0.06285171722833321
1986-12-22,0.0,258.28,13.98,1.32,675.52,0.048567236040075665
1986-12-23,0.0,237.67,12.29,1.04,659.84,0.03656827184193932
1986-12-24,0.0,251.06,12.31,0.36,629.68,0.028568962376515097
1986-12-25,0.0,271.89,12.17,-1.09,568.66,0.02456930764380298
1986-12-26,0.0,289.42,12.65,-2.0,532.21,0.023426549148742377
1986-12-27,0.0,282.71,13.33,-0.74,582.9,0.022283790653681777
1986-12-28,0.0,276.16,12.79,-0.59,590.11,0.021141032158621172
1986-12-29,0.0,245.86,12.74,1.45,681.26,0.021141032158621172
1986-12-30,0.0,308.71,15.53,-0.64,588.61,0.02056965291109087
1986-12-31,0.0,297.53,14.42,-0.34,600.41,0.019998273663560565
1987-01-01,0.0,295.39,15.46,-0.89,577.01,0.019426894416030266
1987-01-02,0.0,278.49,15.35,0.44,632.62,0.01885551516849996
1987-01-03,0.0,286.96,16.3,0.62,640.47,0.01885551516849996
1987-01-04,0.0,285.7,16.82,1.22,670.3,0.01885551516849996
1987-01-05,7.96,163.84,14.83,3.89,811.37,0.03828240958453023
1987-01-06,8.38,128.49,9.94,1.93,709.49,0.04913861528760596
1987-01-07,0.68,152.39,9.37,2.16,718.78,0.04742447754501506
1987-01-08,0.31,215.7,8.8,-1.53,550.4,0.04513896055489385
1987-01-09,0.0,245.79,8.74,-3.03,495.94,0.043996202059833255
1987-01-10,0.0,292.06,12.21,-2.86,501.8,0.03771103033699992
1987-01-11,0.0,313.85,15.51,-1.8,544.1,0.034282754851818115
1987-01-12,0.0,322.51,18.94,0.42,633.45,0.031997237861696906
1987-01-13,0.0,324.25,18.57,0.02,617.48,0.030283100119106
1987-01-14,0.0,283.66,15.8,1.36,674.98,0.030854479366636305
1987-01-15,0.0,249.07,10.64,-1.1,567.19,0.030854479366636305
1987-01-16,0.0,218.97,6.58,-3.31,484.58,0.03542551334687872
1987-01-17,0.27,279.45,3.03,-10.16,292.48,0.03656827184193932
1987-01-18,0.0,316.15,5.36,-10.34,286.89,0.031997237861696906
1987-01-19,0.0,313.47,7.37,-8.08,338.44,0.029711720871575698
1987-01-20,0.0,245.45,6.57,-4.32,449.89,0.029140341624045395
1987-01-21,0.0,345.87,10.74,-7.78,352.93,0.029140341624045395
1987-01-22,0.0,359.77,14.46,-5.9,398.71,0.025140686891333287
1987-01-23,0.0,307.15,14.54,-0.29,600.03,0.02456930764380298
1987-01-24,0.0,337.14,14.35,-2.77,503.01,0.023426549148742377
1987-01-25,0.0,344.37,16.87,-1.07,566.71,0.023426549148742377
1987-01-26,0.0,369.65,22.38,0.4,634.81,0.026283445386393888
1987-01-27,0.0,349.47,21.03,2.3,726.74,0.02456930764380298
1987-01-28,0.0,284.79,19.41,6.03,936.23,0.025140686891333287
1987-01-29,0.0,320.76,19.29,3.68,799.9,0.025140686891333287
1987-01-30,0.0,301.41,19.29,5.1,880.02,0.025140686891333287
1987-01-31,19.71,209.41,16.24,3.67,796.38,0.06285171722833321
1987-02-01,10.36,276.89,14.01,-1.12,569.9,0.13141722693196944
1987-02-02,0.0,365.39,19.04,0.65,619.31,0.1199896419813634
1987-02-03,0.0,322.02,17.74,3.25,752.35,0.10856205703075737
1987-02-04,0.0,254.01,15.39,4.87,857.91,0.08570688712954529
1987-02-05,0.0,264.36,16.13,5.05,859.11,0.07427930217893926
1987-02-06,0.0,325.79,18.44,3.86,767.6,0.06285171722833321
1987-02-07,0.0,364.66,19.31,1.73,642.11,0.06285171722833321
1987-02-08,0.0,310.13,18.95,5.25,848.43,0.05713792475303019
1987-02-09,0.0,324.77,20.41,5.84,869.55,0.06285171722833321
1987-02-10,0.0,303.98,21.07,7.81,997.59,0.05713792475303019
1987-02-11,0.0,305.04,19.97,6.96,942.0,0.05713792475303019
1987-02-12,0.04,311.45,19.3,6.32,903.99,0.05142413227772717
1987-02-13,0.0,355.05,19.62,4.19,757.36,0.05142413227772717
1987-02-14,0.0,276.5,17.64,6.59,929.88,0.04571033980242415
1987-02-15,0.0,362.28,16.43,1.04,618.74,0.04571033980242415
1987-02-16,0.99,265.23,13.69,2.75,726.53,0.03999654732712113
1987-02-17,0.44,340.98,14.08,0.11,587.33,0.03999654732712113
1987-02-18,0.0,304.05,12.5,1.02,634.57,0.03999654732712113
1987-02-19,0.94,304.76,11.12,-0.75,566.42,0.034282754851818115
1987-02-20,0.0,334.83,10.11,-2.28,513.12,0.034282754851818115
1987-02-21,0.0,344.3,11.13,-1.51,530.01,0.034282754851818115
1987-02-22,0.0,385.18,13.68,-1.18,521.0,0.028568962376515097
1987-02-23,0.0,329.89,11.21,-0.45,567.82,0.028568962376515097
1987-02-24,24.91,195.05,8.4,-0.18,605.85,0.39996547327121135
1987-02-25,32.5,149.12,4.88,-1.11,564.95,0.628517172283332
1987-02-26,14.04,187.43,7.28,-0.19,602.45,0.6856550970363623
1987-02-27,0.0,424.1,8.5,-6.81,380.13,0.7427930217893925
1987-02-28,0.0,445.45,11.52,-5.42,421.79,0.7999309465424227
1987-03-01,0.0,463.2,14.34,-4.38,453.32,0.857068871295453
1987-03-02,0.0,459.48,15.29,-3.08,499.97,0.9713447208015132
1987-03-03,0.0,474.54,20.04,-0.71,583.78,1.0170550606039375
1987-03-04,0.0,466.71,22.36,2.46,726.71,1.1084757402087857
1987-03-05,0.0,407.55,22.34,7.35,1024.85,1.0913343627828767
1987-03-06,0.0,391.87,21.42,7.46,1028.03,0.7199378518881804
1987-03-07,0.0,374.05,19.29,6.48,964.01,0.5085275303019687
1987-03-08,0.0,380.97,17.79,5.01,875.43,0.39425168079590833
1987-03-09,0.0,402.33,18.18,4.51,844.68,0.3656827184193932
1987-03-10,0.0,412.95,20.09,5.84,916.51,0.39425168079590833
1987-03-11,0.0,446.02,20.01,3.91,794.63,0.39996547327121135
1987-03-12,0.0,478.3,23.24,4.11,776.97,0.23426549148742376
1987-03-13,0.0,460.77,22.44,4.96,828.57,0.19426894416030266
1987-03-14,0.0,469.51,21.15,3.25,736.8,0.2056965291109087
1987-03-15,13.46,280.65,17.49,5.14,885.19,0.21712411406151474
1987-03-16,5.79,252.05,11.31,1.12,669.46,0.22855169901212077
1987-03-17,1.55,368.21,14.25,1.67,694.13,0.1828413592096966
1987-03-18,0.0,449.61,17.1,1.73,689.49,0.17141377425909057
1987-03-19,0.0,394.31,16.43,3.88,787.56,0.13141722693196944
1987-03-20,0.0,459.45,16.1,0.5,608.38,0.1199896419813634
1987-03-21,0.0,457.09,15.18,-0.2,577.06,0.10856205703075737
1987-03-22,0.0,372.46,12.87,1.44,665.04,0.10856205703075737
1987-03-23,0.0,469.13,13.61,-2.18,504.65,0.09713447208015133
1987-03-24,0.0,420.6,14.4,1.21,652.58,0.09713447208015133
1987-03-25,0.0,478.77,15.83,-0.57,554.68,0.0914206796048483
1987-03-26,0.0,494.63,17.51,-0.19,553.21,0.10856205703075737
1987-03-27,0.0,465.55,15.93,-0.07,567.9,0.1199896419813634
1987-03-28,0.0,480.68,15.8,-1.16,526.58,0.1199896419813634
1987-03-29,0.0,437.7,14.0,-0.38,576.42,0.0914206796048483
1987-03-30,0.0,508.23,17.92,-0.99,514.91,0.0914206796048483
1987-03-31,0.0,540.35,22.81,0.53,536.67,0.06856550970363623
1987-04-01,0.0,501.26,23.91,5.09,749.97,0.05199551152525748
1987-04-02,0.0,528.82,26.34,5.05,718.1,0.05142413227772717
1987-04-03,0.0,444.72,24.27,8.92,1018.08,0.048567236040075665
1987-04-04,0.0,407.94,17.21,4.17,774.56,0.048567236040075665
1987-04-05,0.0,494.07,17.65,0.54,578.92,0.047995856792545366
1987-04-06,0.0,494.79,21.11,3.65,674.66,0.04513896055489385
1987-04-07,0.0,432.71,22.08,7.77,907.22,0.04113930582218174
1987-04-08,0.0,468.7,22.6,6.55,806.98,0.03828240958453023
1987-04-09,0.0,506.06,25.58,7.01,779.38,0.03713965108946963
1987-04-10,0.0,512.14,27.06,7.9,808.49,0.03485413409934841
1987-04-11,0.0,491.01,26.6,8.92,885.2,0.03256861710922721
1987-04-12,0.0,386.71,23.57,10.96,1147.94,0.03142585861416661
1987-04-13,0.0,492.88,23.47,6.4,760.85,0.027997583128984798
1987-04-14,0.0,559.11,27.59,4.74,617.48,0.030283100119106
1987-04-15,0.0,549.52,30.62,8.03,754.82,0.028568962376515097
1987-04-16,0.0,542.54,31.63,9.31,822.09,0.028568962376515097
1987-04-17,0.0,535.9,31.04,9.34,830.04,0.028568962376515097
1987-04-18,0.0,493.49,28.2,9.68,906.53,0.025712066138863586
1987-04-19,0.0,397.47,24.13,10.62,1101.73,0.025712066138863586
1987-04-20,0.0,496.64,24.21,6.18,740.35,0.025712066138863586
1987-04-21,0.0,479.48,27.32,9.78,939.19,0.025712066138863586
1987-04-22,0.0,514.08,27.52,7.88,794.84,0.022855169901212075
1987-04-23,0.0,498.43,28.88,9.92,915.63,0.022855169901212075
1987-04-24,0.0,493.48,29.86,11.1,981.76,0.022855169901212075
1987-04-25,0.0,386.48,28.88,15.26,1461.25,0.022855169901212075
1987-04-26,0.0,429.48,28.86,13.54,1243.58,0.019998273663560565
1987-04-27,0.0,371.35,28.51,15.61,1518.49,0.019998273663560565
1987-04-28,0.0,394.89,28.05,14.39,1378.61,0.019998273663560565
1987-04-29,0.0,368.39,27.88,15.34,1503.18,0.017141377425909057
1987-04-30,0.0,350.59,26.48,14.84,1481.45,0.017141377425909057
1987-05-01,0.0,482.32,25.68,9.02,888.55,0.017141377425909057
1987-05-02,0.0,424.34,24.32,10.7,972.3,0.014284481188257548
1987-05-03,0.0,518.54,26.21,7.97,648.87,0.014284481188257548
1987-05-04,0.0,535.17,28.87,9.23,659.75,0.014284481188257548
1987-05-05,0.0,522.05,31.0,11.97,784.12,0.011427584950606038
1987-05-06,0.0,441.14,30.2,15.24,1114.27,0.011427584950606038
1987-05-07,0.0,421.86,30.17,16.08,1217.33,0.011427584950606038
1987-05-08,0.0,417.79,28.24,14.53,1119.79,0.011427584950606038
1987-05-09,0.0,504.93,30.4,12.69,849.23,0.011427584950606038
1987-05-10,0.0,461.52,29.85,14.4,1021.74,0.008570688712954529
1987-05-11,0.0,507.08,29.72,12.09,816.43,0.008570688712954529
1987-05-12,0.0,462.31,30.06,14.51,1019.98,0.007427930217893924
1987-05-13,0.0,490.28,31.04,14.12,944.28,0.006856550970363623
1987-05-14,3.94,329.87,30.57,16.24,1425.36,0.006856550970363623
1987-05-15,0.0,488.32,29.91,13.53,950.94,0.006285171722833322
1987-05-16,0.0,496.49,28.76,12.32,868.77,0.006285171722833322
1987-05-17,0.0,517.56,30.52,12.89,858.55,0.006285171722833322
1987-05-18,0.0,461.56,30.08,15.23,1086.18,0.005713792475303019
1987-05-19,0.0,448.12,27.83,13.79,1029.25,0.005713792475303019
1987-05-20,2.14,368.06,24.74,12.29,1079.9,0.005713792475303019
1987-05-21,5.78,374.92,24.29,10.72,988.71,0.005713792475303019
1987-05-22,0.0,524.29,26.69,9.55,735.83,0.005713792475303019
1987-05-23,0.0,524.96,26.92,9.76,740.52,0.005713792475303019
1987-05-24,0.0,525.95,26.75,9.67,732.81,0.005713792475303019
1987-05-25,0.0,479.38,24.81,10.01,816.98,0.005713792475303019
1987-05-26,0.0,503.21,22.57,7.27,525.28,0.005713792475303019
1987-05-27,0.0,552.33,23.22,5.27,325.74,0.005713792475303019
1987-05-28,0.0,552.09,25.21,7.11,369.23,0.005485240776290898
1987-05-29,0.0,556.6,26.93,8.23,399.94,0.005199551152525747
1987-05-30,0.0,566.51,30.02,10.02,454.09,0.005256689077278778
1987-05-31,0.0,560.35,31.54,11.79,511.03,0.004056792657465143
1987-06-01,0.0,548.98,32.85,13.58,577.43,0.003313999635675751
1987-06-02,0.0,562.1,34.6,14.06,601.12,0.0023426549148742376
1987-06-03,0.0,582.8,36.44,13.7,591.8,0.0018855515168499965
1987-06-04,0.0,483.02,34.18,18.39,811.21,0.0012570343445666642
1987-06-05,0.0,441.23,31.8,18.09,796.76,0.0007427930217893925
1987-06-06,0.61,433.75,29.75,16.52,718.31,0.0027997583128984795
1987-06-07,0.25,508.82,33.21,16.2,696.96,0.0051424132277727175
1987-06-08,0.0,495.13,33.74,17.41,758.12,0.0014284481188257547
1987-06-09,0.0,524.66,34.08,16.1,695.03,0.00022855169901212077
1987-06-10,0.0,560.48,35.14,14.54,623.69,0.0
1987-06-11,0.0,547.84,35.48,15.65,668.63,0.0
1987-06-12,0.0,547.55,36.13,16.12,698.05,0.0
1987-06-13,0.0,554.78,37.83,16.81,732.02,0.0
1987-06-14,0.0,529.78,38.45,19.05,845.65,0.0
1987-06-15,0.0,454.52,36.09,20.59,931.07,0.0
1987-06-16,0.0,562.86,35.17,13.83,592.65,0.0
1987-06-17,0.0,557.17,35.48,14.37,614.78,0.0
1987-06-18,0.0,546.46,34.77,14.37,612.74,0.0
1987-06-19,0.0,562.97,34.85,12.92,556.27,0.0
1987-06-20,0.0,539.86,33.96,13.71,584.08,0.0
1987-06-21,0.0,547.34,34.46,13.52,575.43,0.0
1987-06-22,0.0,535.0,34.49,14.33,613.14,0.0
1987-06-23,0.0,535.05,35.87,15.46,660.31,0.0
1987-06-24,0.0,531.34,37.25,16.73,725.95,0.0
1987-06-25,0.0,452.32,35.94,19.94,896.99,0.0
1987-06-26,0.0,490.05,37.45,19.39,864.9,0.0
1987-06-27,0.0,504.57,37.8,18.87,835.34,0.0
1987-06-28,0.0,499.05,36.82,18.34,807.56,0.0
1987-06-29,0.0,510.78,35.68,16.65,719.29,0.0
1987-06-30,0.0,532.95,36.07,15.59,665.4,0.0
1987-07-01,0.0,511.33,35.65,16.6,717.73,0.0
1987-07-02,0.0,554.82,36.18,14.01,603.4,0.0
1987-07-03,0.0,539.39,36.01,15.1,644.89,0.0
1987-07-04,0.0,508.64,33.93,15.07,644.38,0.0
1987-07-05,0.0,544.13,35.44,13.99,598.64,0.0
1987-07-06,0.0,529.8,35.84,15.2,649.51,0.0
1987-07-07,0.0,530.27,36.36,15.52,664.09,0.0
1987-07-08,0.0,519.04,36.47,16.28,699.07,0.0
1987-07-09,0.0,494.9,35.77,17.1,740.79,0.0
1987-07-10,0.0,506.31,34.76,15.55,667.17,0.0
1987-07-11,0.0,508.77,35.07,15.68,671.2,0.0
1987-07-12,0.0,526.91,35.95,15.25,654.89,0.0
1987-07-13,0.0,526.19,37.91,17.03,737.57,0.0
1987-07-14,0.27,470.62,38.59,20.76,945.85,0.0
1987-07-15,0.0,483.0,37.52,19.28,860.58,0.0
1987-07-16,0.69,361.79,33.16,20.8,942.52,0.0
1987-07-17,0.0,407.24,31.07,17.23,744.07,0.0
1987-07-18,0.0,430.49,31.29,16.55,715.81,0.0
1987-07-19,0.0,529.99,33.51,13.31,574.61,0.0
1987-07-20,0.0,449.5,35.37,19.53,872.84,0.00017141377425909055
1987-07-21,0.0,396.49,35.34,21.81,1004.97,0.00039996547327121135
1987-07-22,0.0,533.67,36.43,15.86,682.91,0.00039996547327121135
1987-07-23,0.0,538.01,37.38,16.37,707.32,0.00011427584950606039
1987-07-24,0.0,499.34,38.31,19.69,881.66,0.0
1987-07-25,0.0,400.98,36.98,23.17,1102.91,0.0
1987-07-26,6.96,315.06,35.81,21.27,974.26,0.0
1987-07-27,3.16,376.7,35.62,19.44,869.04,0.0
1987-07-28,1.16,332.3,31.47,20.14,906.9,0.0
1987-07-29,0.0,435.86,33.97,19.29,861.21,0.0
1987-07-30,0.03,341.39,32.12,21.34,983.6,0.0
1987-07-31,1.61,374.37,33.42,20.04,903.63,0.0
1987-08-01,0.46,436.13,33.86,19.27,858.87,0.0
1987-08-02,8.54,374.28,34.94,21.03,957.13,0.0005713792475303019
1987-08-03,2.78,430.28,34.86,19.57,875.49,0.1828413592096966
1987-08-04,3.65,366.82,35.81,21.29,993.45,0.014284481188257548
1987-08-05,0.02,446.29,34.09,19.81,892.06,0.003485413409934842
1987-08-06,0.0,429.62,34.2,20.78,949.91,0.0015998618930848454
1987-08-07,0.0,433.51,34.03,20.59,941.92,0.0010856205703075735
1987-08-08,0.0,485.12,36.01,20.11,911.56,0.0008570688712954529
1987-08-09,0.0,463.21,35.39,20.73,949.71,0.0006856550970363622
1987-08-10,0.65,446.68,34.63,20.72,950.69,0.0005713792475303019
1987-08-11,8.17,307.08,30.56,18.4,959.93,0.0006856550970363622
1987-08-12,0.0,439.79,31.21,18.25,836.19,0.0007999309465424227
1987-08-13,0.0,495.2,33.57,18.04,800.47,0.00045710339802424154
1987-08-14,0.0,459.6,32.62,18.81,855.11,0.00039996547327121135
1987-08-15,0.0,498.19,32.19,16.62,727.69,0.00028568962376515096
1987-08-16,0.0,542.5,33.1,14.62,632.43,0.00039996547327121135
1987-08-17,0.0,555.79,35.13,15.07,652.5,0.00039996547327121135
1987-08-18,0.0,552.27,36.95,16.83,732.71,0.00022855169901212077
1987-08-19,0.0,526.13,36.58,18.29,811.07,0.00011427584950606039
1987-08-20,0.0,405.11,35.41,23.03,1122.49,0.00011427584950606039
1987-08-21,0.0,470.65,34.7,19.85,902.66,0.00017141377425909055
1987-08-22,0.0,462.15,33.88,19.64,889.81,0.0
1987-08-23,8.26,309.53,31.01,18.8,944.62,0.0
1987-08-24,4.51,328.96,32.03,18.59,1004.67,0.0
1987-08-25,2.91,371.43,31.74,17.99,976.14,5.713792475303019e-05
1987-08-26,3.69,365.07,31.21,16.65,946.94,0.00011427584950606039
1987-08-27,0.0,530.65,32.58,14.31,637.44,0.0
1987-08-28,0.0,507.05,33.04,16.08,731.56,0.0
1987-08-29,0.0,482.57,33.82,17.84,844.62,0.0
1987-08-30,0.0,544.69,36.06,15.24,672.62,0.0
1987-08-31,0.0,524.85,36.34,16.91,760.58,0.0
1987-09-01,0.0,467.92,35.47,19.4,946.53,0.0
1987-09-02,0.0,457.4,34.15,18.7,921.92,0.0
1987-09-03,0.0,465.05,33.74,17.86,864.44,0.0
1987-09-04,0.0,397.41,30.76,18.01,1003.99,0.0
1987-09-05,0.0,459.21,30.07,14.62,721.86,0.0
1987-09-06,0.0,477.31,31.68,15.0,709.56,0.0
1987-09-07,0.0,497.33,32.85,14.73,678.34,0.0007427930217893925
1987-09-08,0.0,509.46,33.31,14.04,638.76,5.713792475303019e-05
1987-09-09,0.0,516.96,34.51,14.17,636.49,5.713792475303019e-05
1987-09-10,0.0,514.14,35.04,14.41,650.85,0.00011427584950606039
1987-09-11,0.0,466.19,34.4,16.75,815.85,0.0
1987-09-12,0.0,490.64,33.06,13.92,651.73,0.00022855169901212077
1987-09-13,0.0,337.59,29.79,18.02,1188.84,0.0003428275485181811
1987-09-14,0.0,486.73,28.49,9.8,510.47,0.00011427584950606039
1987-09-15,0.0,483.04,30.4,11.52,569.92,0.0
1987-09-16,0.0,459.36,30.85,13.47,675.28,0.0
1987-09-17,0.0,431.46,30.11,14.3,754.09,0.0
1987-09-18,0.0,467.5,30.2,12.23,619.15,0.0
1987-09-19,0.0,460.12,30.96,13.09,660.97,0.0
1987-09-20,0.0,486.45,33.45,13.08,625.88,0.00011427584950606039
1987-09-21,0.0,464.81,33.23,14.21,698.35,0.0
1987-09-22,0.0,362.0,31.32,17.67,1097.67,0.0
1987-09-23,5.68,275.2,28.84,14.71,1149.74,0.0
1987-09-24,3.18,286.94,27.34,15.13,1234.54,0.0
1987-09-25,0.0,374.33,28.5,14.22,997.54,0.0
1987-09-26,0.0,411.89,30.06,13.69,878.77,0.0
1987-09-27,0.0,392.21,30.64,15.16,1002.16,0.0
1987-09-28,0.0,397.99,31.92,15.88,1029.57,0.0
1987-09-29,0.0,441.1,33.1,14.19,838.44,0.0
1987-09-30,0.0,408.48,31.97,15.18,967.69,0.0
1987-10-01,0.0,367.45,30.3,15.72,1111.96,0.00022855169901212077
1987-10-02,0.0,428.18,32.8,14.34,876.59,0.00022855169901212077
1987-10-03,0.0,396.64,31.67,15.08,996.41,0.00028568962376515096
1987-10-04,0.0,425.32,32.49,13.71,854.37,0.00039996547327121135
1987-10-05,0.0,447.0,34.05,12.96,770.61,0.00045710339802424154
1987-10-06,0.0,450.69,34.48,12.61,746.75,0.00045710339802424154
1987-10-07,0.0,443.37,33.8,12.4,753.19,0.0005142413227772717
1987-10-08,0.0,421.17,32.71,12.99,829.02,0.0006856550970363622
1987-10-09,0.0,401.85,30.51,12.37,846.62,0.0006856550970363622
1987-10-10,0.0,378.49,30.42,13.64,973.17,0.0007427930217893925
1987-10-11,0.0,393.17,29.86,12.11,858.58,0.0005713792475303019
1987-10-12,0.0,365.82,29.11,12.98,967.43,0.0003428275485181811
1987-10-13,2.14,234.33,25.56,14.59,1412.37,0.00039996547327121135
1987-10-14,3.93,231.77,22.95,9.95,1093.31,0.00039996547327121135
1987-10-15,0.0,350.82,24.41,9.37,867.6,0.0003428275485181811
1987-10-16,0.0,375.48,26.43,9.59,831.4,0.00028568962376515096
1987-10-17,0.0,377.21,27.73,10.39,867.16,0.0003428275485181811
1987-10-18,0.0,369.88,26.76,9.84,850.79,0.00028568962376515096
1987-10-19,0.0,388.93,27.99,9.37,794.9,0.00028568962376515096
1987-10-20,0.0,391.89,28.2,9.15,779.58,0.0003428275485181811
1987-10-21,0.0,340.14,26.71,11.2,984.86,0.0003428275485181811
1987-10-22,0.0,312.86,25.88,11.84,1087.93,0.0003428275485181811
1987-10-23,13.1,162.2,22.22,12.81,1436.85,0.0009142067960484831
1987-10-24,1.47,162.26,20.03,12.94,1486.93,0.00045710339802424154
1987-10-25,0.0,328.77,25.79,10.53,1052.25,0.00039996547327121135
1987-10-26,0.0,325.14,26.97,11.83,1104.15,0.0003428275485181811
1987-10-27,0.0,331.21,28.39,12.51,1124.89,0.00039996547327121135
1987-10-28,0.0,320.95,28.94,13.5,1219.16,0.00022855169901212077
1987-10-29,8.38,160.43,24.95,15.13,1673.13,0.00914206796048483
1987-10-30,16.02,216.9,22.9,9.63,1170.27,0.0008570688712954529
1987-10-31,14.88,144.59,19.01,10.71,1303.25,0.0010284826455545435
1987-11-01,41.08,95.53,16.02,10.88,1310.4,0.22855169901212077
1987-11-02,21.83,138.41,17.17,9.63,1210.56,0.1542723968331815
1987-11-03,0.0,282.03,20.82,8.61,1132.83,0.017141377425909057
1987-11-04,0.0,336.48,24.18,8.03,1088.79,0.0045138960554893855
1987-11-05,3.93,194.07,20.52,10.4,1272.13,0.0022855169901212077
1987-11-06,4.44,188.53,16.7,7.27,1030.86,0.002628344538639389
1987-11-07,2.6,267.22,17.94,5.07,884.24,0.0017712756673439359
1987-11-08,0.0,319.39,19.19,5.36,902.57,0.0012570343445666642
1987-11-09,0.0,327.01,20.28,5.69,928.52,0.0006856550970363622
1987-11-10,0.0,299.16,19.22,6.5,978.03,0.00045710339802424154
1987-11-11,0.0,324.88,20.56,5.96,943.5,0.00039996547327121135
1987-11-12,0.0,346.28,21.03,4.15,831.53,0.00039996547327121135
1987-11-13,0.0,334.32,19.8,3.94,816.35,0.0005142413227772717
1987-11-14,0.0,240.15,15.82,5.94,936.07,0.0007427930217893925
1987-11-15,0.0,241.69,12.11,2.41,730.16,0.0007999309465424227
1987-11-16,0.0,333.05,13.07,-1.92,537.47,0.0006856550970363622
1987-11-17,0.0,326.66,14.86,0.12,619.47,0.0007999309465424227
1987-11-18,0.0,331.83,17.57,1.88,704.44,0.0008570688712954529
1987-11-19,0.0,348.4,20.2,2.1,719.57,0.0005713792475303019
1987-11-20,0.0,337.92,20.95,3.76,805.69,0.0006285171722833321
1987-11-21,0.0,327.93,19.61,3.4,786.5,0.0006285171722833321
1987-11-22,0.0,333.76,18.25,1.23,674.72,0.0010856205703075735
1987-11-23,0.0,309.55,17.09,2.03,711.72,0.0010284826455545435
1987-11-24,0.0,325.6,17.82,1.04,663.4,0.0010856205703075735
1987-11-25,0.0,298.53,14.97,0.73,650.69,0.0010856205703075735
1987-11-26,0.0,321.18,13.01,-3.06,496.36,0.0010284826455545435
1987-11-27,0.0,320.91,14.58,-1.78,540.33,0.0013713101940727244
1987-11-28,0.0,287.31,14.8,1.0,658.7,0.001485586043578785
1987-11-29,0.0,296.04,13.06,-1.44,552.11,0.0011427584950606039
1987-11-30,0.0,315.29,13.87,-2.74,506.83,0.0012570343445666642
1987-12-01,0.0,318.2,15.56,-2.21,525.62,0.0015427239683318155
1987-12-02,0.0,306.92,17.59,0.42,630.99,0.0018284135920969662
1987-12-03,0.0,309.31,20.72,2.47,733.37,0.0018855515168499965
1987-12-04,0.0,276.45,19.78,4.74,858.4,0.0018855515168499965
1987-12-05,6.25,141.92,14.8,5.47,904.4,0.003313999635675751
1987-12-06,9.22,209.88,16.58,0.9,663.24,0.003085447936663631
1987-12-07,0.0,272.8,16.28,1.5,684.63,0.0023426549148742376
1987-12-08,0.0,283.48,15.34,-0.36,602.94,0.002171241140615147
1987-12-09,0.0,302.45,17.29,-0.7,585.87,0.0019426894416030268
1987-12-10,0.0,301.49,20.24,1.67,692.7,0.0023426549148742376
1987-12-11,0.0,286.97,20.21,3.09,763.83,0.0025712066138863588
1987-12-12,0.0,271.1,16.18,0.96,663.6,0.003485413409934842
1987-12-13,0.0,194.17,8.32,-1.32,558.28,0.0035996892594409025
1987-12-14,0.0,236.95,5.01,-7.08,368.11,0.004571033980242415
1987-12-15,0.0,269.34,7.21,-7.4,357.45,0.005713792475303019
1987-12-16,0.0,214.7,7.93,-2.87,499.39,0.005713792475303019
1987-12-17,0.0,124.11,6.88,0.99,659.14,0.022855169901212075
1987-12-18,26.9,91.76,8.71,2.94,758.54,0.006856550970363623
1987-12-19,9.72,95.47,8.07,2.64,741.35,0.00297117208715757
1987-12-20,0.0,220.76,10.84,0.3,630.12,0.002456930764380298
1987-12-21,0.0,292.71,13.74,-2.22,526.02,0.002171241140615147
1987-12-22,0.0,287.97,14.85,-0.68,584.96,0.002056965291109087
1987-12-23,0.0,222.85,11.4,0.66,640.81,0.0019426894416030268
1987-12-24,1.17,159.53,5.58,-1.81,539.14,0.0019426894416030268
1987-12-25,0.34,188.49,3.77,-4.48,443.76,0.0019426894416030268
1987-12-26,0.0,189.15,1.68,-6.19,391.07,0.0019426894416030268
1987-12-27,0.0,307.09,5.53,-10.11,292.39,0.0019426894416030268
1987-12-28,0.0,329.01,10.4,-8.34,332.47,0.0019426894416030268
1987-12-29,0.0,284.62,13.5,-0.53,587.9,0.0019426894416030268
1987-12-30,0.0,274.96,10.49,-2.81,499.77,0.0018855515168499965
1987-12-31,0.0,272.62,8.9,-3.61,473.26,0.0017712756673439359
1988-01-01,0.0,283.02,10.38,-2.29,521.04,0.0018855515168499965
1988-01-02,0.0,280.38,11.16,-1.36,555.58,0.0017712756673439359
1988-01-03,0.0,313.15,13.19,-1.8,526.09,0.0018284135920969662
1988-01-04,0.0,290.61,15.39,1.83,686.41,0.0019426894416030268
1988-01-05,0.0,182.76,12.42,4.5,846.03,0.0019426894416030268
1988-01-06,8.04,152.99,10.75,2.01,715.25,0.002628344538639389
1988-01-07,0.0,267.47,11.57,-0.6,590.15,0.0019426894416030268
1988-01-08,0.0,292.51,12.34,-1.62,546.37,0.0019426894416030268
1988-01-09,0.0,307.75,13.04,-2.09,527.29,0.0017712756673439359
1988-01-10,0.0,324.57,16.58,-0.55,573.63,0.0018284135920969662
1988-01-11,0.0,251.92,14.09,2.73,742.23,0.0019426894416030268
1988-01-12,0.0,302.36,14.43,-0.08,602.16,0.0017712756673439359
1988-01-13,0.0,314.63,15.5,-0.03,594.52,0.0017141377425909058
1988-01-14,0.0,333.71,17.22,-0.33,565.64,0.0017712756673439359
1988-01-15,0.0,281.13,14.51,1.91,542.42,0.0017712756673439359
1988-01-16,9.37,139.94,11.27,3.55,779.69,0.002628344538639389
1988-01-17,10.0,209.32,10.78,1.22,631.82,0.0027997583128984795
1988-01-18,31.6,139.36,8.71,1.21,666.79,1.8912653093252993
1988-01-19,13.7,212.0,4.4,-6.45,384.95,0.9313481734743921
1988-01-20,0.0,340.82,5.79,-8.31,336.58,0.3256861710922721
1988-01-21,0.0,343.09,7.68,-6.54,380.17,0.15998618930848452
1988-01-22,0.0,318.83,8.93,-3.71,469.11,0.11427584950606039
1988-01-23,0.0,369.76,12.3,-4.14,455.21,0.10856205703075737
1988-01-24,0.0,350.34,11.65,-3.06,494.17,0.1542723968331815
1988-01-25,0.0,370.08,14.44,-1.82,532.98,0.1771275667343936
1988-01-26,0.0,379.12,17.9,0.52,615.69,0.16569998178378756
1988-01-27,0.0,319.9,18.34,5.22,874.18,0.22855169901212077
1988-01-28,0.0,311.85,19.92,6.59,962.48,0.2685482463392419
1988-01-29,0.0,314.69,18.8,5.09,859.53,0.2628344538639389
1988-01-30,0.0,327.42,17.06,2.85,739.55,0.24569307643802982
1988-01-31,0.0,331.51,14.27,0.05,605.12,0.19998273663560567
1988-02-01,0.0,260.08,12.56,2.42,727.75,0.14855860435787852
1988-02-02,7.98,123.2,11.21,5.36,895.86,0.13141722693196944
1988-02-03,16.21,172.87,13.36,5.11,885.75,1.6341446479366635
1988-02-04,0.0,190.68,11.18,4.57,856.13,0.9142067960484831
1988-02-05,0.0,309.15,14.48,2.8,757.05,0.5085275303019687
1988-02-06,0.0,348.19,14.87,0.92,657.45,0.3256861710922721
1988-02-07,0.0,376.76,15.98,-0.16,608.78,0.23426549148742376
1988-02-08,0.0,383.33,18.36,1.5,675.32,0.1771275667343936
1988-02-09,0.0,399.18,20.75,1.99,690.77,0.12570343445666643
1988-02-10,0.0,385.23,19.14,2.22,705.98,0.0914206796048483
1988-02-11,0.0,374.6,19.65,3.75,791.35,0.07999309465424226
1988-02-12,0.0,402.03,22.11,3.43,759.4,0.06285171722833321
1988-02-13,0.0,401.15,20.8,2.73,721.15,0.054281028515378686
1988-02-14,0.0,388.04,17.63,1.23,657.92,0.047995856792545366
1988-02-15,0.0,406.39,19.49,1.27,647.29,0.04513896055489385
1988-02-16,0.0,396.44,18.54,1.25,648.34,0.03828240958453023
1988-02-17,0.0,341.23,14.93,1.66,692.15,0.03542551334687872
1988-02-18,0.0,367.34,12.31,-2.18,522.32,0.031997237861696906
1988-02-19,0.0,343.82,14.72,1.55,680.33,0.031997237861696906
1988-02-20,0.0,418.47,17.56,-0.87,555.2,0.028568962376515097
1988-02-21,0.0,419.14,20.45,1.62,650.9,0.026283445386393888
1988-02-22,0.0,413.47,20.25,2.19,682.63,0.025140686891333287
1988-02-23,0.0,408.06,20.01,2.54,700.65,0.023997928396272683
1988-02-24,0.0,399.92,21.84,4.95,825.74,0.023997928396272683
1988-02-25,0.0,402.32,22.75,5.81,840.26,0.022855169901212075
1988-02-26,0.0,361.61,21.84,7.61,952.95,0.021141032158621172
1988-02-27,3.43,244.06,20.86,9.52,1166.33,0.022855169901212075
1988-02-28,0.0,407.41,22.88,6.18,835.69,0.021141032158621172
1988-02-29,0.0,412.51,22.63,5.69,800.34,0.021141032158621172
1988-03-01,0.0,410.83,18.95,2.58,659.03,0.019998273663560565
1988-03-02,5.86,217.83,15.08,4.84,866.58,0.06285171722833321
1988-03-03,6.98,270.19,14.57,1.34,681.84,0.027426203881454492
1988-03-04,0.0,373.47,17.43,3.46,761.96,0.019998273663560565
1988-03-05,0.0,397.55,19.91,4.35,789.16,0.01828413592096966
1988-03-06,0.0,405.93,21.0,4.84,802.98,0.01771275667343936
1988-03-07,0.0,406.5,20.33,4.31,774.0,0.017141377425909057
1988-03-08,0.0,415.67,18.32,2.09,673.25,0.015998618930848453
1988-03-09,0.0,444.58,19.82,1.7,623.89,0.015427239683318153
1988-03-10,0.0,405.03,17.08,1.86,661.2,0.015427239683318153
1988-03-11,0.0,415.72,12.25,-3.05,466.82,0.015427239683318153
1988-03-12,0.0,428.46,12.62,-3.24,460.23,0.014284481188257548
1988-03-13,0.0,433.69,15.0,-1.14,523.0,0.013713101940727246
1988-03-14,0.0,479.88,19.17,-0.54,511.81,0.014284481188257548
1988-03-15,0.0,477.83,18.65,-0.64,506.01,0.014284481188257548
1988-03-16,0.0,407.4,16.36,1.82,645.6,0.014284481188257548
1988-03-17,0.0,404.69,16.18,2.0,658.68,0.014284481188257548
1988-03-18,0.0,448.16,18.69,2.08,628.88,0.013713101940727246
1988-03-19,0.0,481.28,22.72,3.41,649.55,0.013141722693196944
1988-03-20,0.0,488.18,25.34,5.15,700.68,0.013713101940727246
1988-03-21,0.0,501.84,25.56,4.3,648.56,0.013141722693196944
1988-03-22,0.0,491.15,24.36,4.28,657.77,0.013141722693196944
1988-03-23,0.0,477.12,25.48,6.48,772.24,0.013141722693196944
1988-03-24,0.0,486.45,26.77,7.01,781.7,0.013141722693196944
1988-03-25,0.0,498.48,28.51,7.61,795.87,0.012570343445666644
1988-03-26,0.0,482.28,30.34,10.44,965.93,0.012570343445666644
1988-03-27,0.0,490.85,29.33,8.99,837.91,0.012570343445666644
1988-03-28,0.0,456.82,25.94,8.3,859.7,0.010856205703075735
1988-03-29,0.0,503.05,21.74,1.6,528.99,0.010284826455545435
1988-03-30,0.0,478.56,19.78,1.6,550.11,0.010284826455545435
1988-03-31,0.0,467.28,16.02,-1.1,482.46,0.010284826455545435
1988-04-01,0.0,466.23,17.31,0.06,515.54,0.010284826455545435
1988-04-02,0.0,498.53,21.45,1.74,536.05,0.009713447208015133
1988-04-03,0.0,485.14,24.23,5.18,670.96,0.009713447208015133
1988-04-04,0.0,479.67,24.69,5.9,704.57,0.008570688712954529
1988-04-05,0.0,504.72,27.73,6.97,718.45,0.007427930217893924
1988-04-06,0.0,492.73,30.28,10.14,837.67,0.007427930217893924
1988-04-07,0.0,467.76,29.47,10.95,915.64,0.007427930217893924
1988-04-08,0.0,463.55,28.96,10.86,919.62,0.007427930217893924
1988-04-09,0.0,484.68,27.12,8.05,755.54,0.007427930217893924
1988-04-10,0.0,484.61,27.32,8.23,763.05,0.006285171722833322
1988-04-11,0.0,489.02,29.5,9.91,826.15,0.006285171722833322
1988-04-12,0.0,512.18,29.8,8.57,725.38,0.005599516625796959
1988-04-13,0.0,424.15,27.61,11.73,1028.48,0.006285171722833322
1988-04-14,1.48,376.72,24.23,9.87,986.51,0.005713792475303019
1988-04-15,0.0,314.13,20.53,9.82,1095.46,0.006285171722833322
1988-04-16,22.14,253.1,16.02,4.7,819.23,0.011998964198136342
1988-04-17,10.89,147.53,11.11,4.95,879.38,0.00914206796048483
1988-04-18,12.42,240.65,17.18,6.79,961.05,0.009713447208015133
1988-04-19,0.0,441.08,21.38,6.49,652.19,0.007999309465424227
1988-04-20,0.0,415.94,21.76,8.04,741.63,0.006856550970363623
1988-04-21,0.0,436.97,19.33,5.1,600.83,0.010856205703075735
1988-04-22,27.26,255.95,13.7,3.32,738.77,0.22283790653681776
1988-04-23,6.83,305.55,16.8,3.91,788.48,0.5828068324809079
1988-04-24,1.22,437.94,18.34,3.69,666.45,0.2399792839627268
1988-04-25,0.0,498.69,22.24,5.37,684.52,0.12570343445666643
1988-04-26,0.0,523.22,26.12,7.6,744.51,0.07427930217893926
1988-04-27,0.0,511.37,27.36,9.41,839.83,0.04970999453513626
1988-04-28,0.0,396.53,25.22,12.64,1204.85,0.03713965108946963
1988-04-29,0.0,467.18,23.7,8.73,869.81,0.030854479366636305
1988-04-30,0.0,465.77,25.08,10.05,937.83,0.025712066138863586
1988-05-01,0.0,524.02,22.79,5.13,638.12,0.023426549148742377
1988-05-02,0.0,528.41,19.03,1.62,518.58,0.02171241140615147
1988-05-03,0.0,552.14,25.17,5.71,600.6,0.02056965291109087
1988-05-04,0.0,557.37,28.15,8.23,594.03,0.01885551516849996
1988-05-05,0.0,518.22,26.51,9.12,686.17,0.017141377425909057
1988-05-06,0.0,527.85,21.99,4.71,516.53,0.015998618930848453
1988-05-07,0.0,543.21,19.68,1.78,429.78,0.015427239683318153
1988-05-08,0.0,514.44,21.09,4.86,543.13,0.015998618930848453
1988-05-09,0.0,551.63,26.01,7.13,566.89,0.015427239683318153
1988-05-10,0.0,563.9,30.57,10.27,650.47,0.014855860435787849
1988-05-11,0.0,504.66,32.51,15.68,1006.68,0.012570343445666644
1988-05-12,0.0,500.52,33.16,16.57,1062.43,0.011427584950606038
1988-05-13,0.0,526.16,33.91,15.84,967.77,0.010284826455545435
1988-05-14,0.0,542.14,33.47,14.38,859.44,0.008570688712954529
1988-05-15,0.0,508.97,32.33,15.04,955.68,0.007427930217893924
1988-05-16,0.0,497.31,32.14,15.39,994.43,0.008570688712954529
1988-05-17,0.0,443.82,30.0,15.63,1119.87,0.008570688712954529
1988-05-18,0.0,444.25,27.52,13.42,992.57,0.007999309465424227
1988-05-19,0.0,473.51,27.76,12.44,885.95,0.007999309465424227
1988-05-20,0.0,482.53,27.87,12.09,846.83,0.006856550970363623
1988-05-21,0.0,530.97,30.53,11.86,748.86,0.006285171722833322
1988-05-22,0.0,528.89,32.56,13.52,824.47,0.006285171722833322
1988-05-23,0.0,526.28,33.44,14.27,865.97,0.005542378701043928
1988-05-24,0.0,500.89,32.63,14.88,942.1,0.005428102851537868
1988-05-25,0.0,509.51,33.19,14.91,926.82,0.004456758130736355
1988-05-26,0.0,514.73,34.38,15.65,953.16,0.0028568962376515094
1988-05-27,0.0,510.37,33.34,14.97,925.3,0.002685482463392419
1988-05-28,0.0,543.17,31.9,11.67,688.96,0.0022855169901212077
1988-05-29,0.0,455.13,28.07,12.76,886.09,0.0023997928396272683
1988-05-30,0.0,477.9,21.78,6.02,579.56,0.003313999635675751
1988-05-31,0.0,536.45,24.47,5.14,488.29,0.004571033980242415
1988-06-01,0.0,536.6,29.51,9.98,591.9,0.003485413409934842
1988-06-02,0.0,544.73,34.3,13.79,689.52,0.0022855169901212077
1988-06-03,0.0,534.62,36.36,16.23,821.48,0.0018284135920969662
1988-06-04,0.0,508.71,35.55,16.97,908.47,0.001485586043578785
1988-06-05,0.0,499.57,33.98,15.97,873.22,0.0013141722693196945
1988-06-06,0.0,494.79,31.49,14.09,784.22,0.0009713447208015134
1988-06-07,0.0,544.1,31.07,10.88,583.24,0.0006285171722833321
1988-06-08,0.0,535.83,31.53,11.83,621.64,0.00045710339802424154
1988-06-09,0.0,546.19,33.72,13.05,655.29,0.00028568962376515096
1988-06-10,0.0,505.33,33.31,15.05,809.23,0.00017141377425909055
1988-06-11,0.0,528.25,33.5,13.87,720.04,0.00011427584950606039
1988-06-12,0.0,491.4,31.68,14.23,794.25,0.00017141377425909055
1988-06-13,0.0,533.78,32.64,12.85,661.58,0.00017141377425909055
1988-06-14,0.0,528.32,34.64,14.87,754.68,0.00017141377425909055
1988-06-15,0.0,522.85,36.41,16.64,847.88,0.00017141377425909055
1988-06-16,0.0,490.32,37.88,19.6,1058.45,0.00017141377425909055
1988-06-17,0.0,456.72,37.03,20.35,1196.9,0.00011427584950606039
1988-06-18,0.0,395.94,33.56,19.84,1302.38,0.00011427584950606039
1988-06-19,4.46,337.75,34.73,18.16,1347.03,0.00017141377425909055
1988-06-20,0.58,450.47,35.6,18.97,1142.99,0.00022855169901212077
1988-06-21,0.0,484.72,38.23,20.06,1140.21,0.00022855169901212077
1988-06-22,0.0,510.35,39.86,20.03,1096.47,0.00022855169901212077
1988-06-23,0.0,422.06,38.78,23.2,1580.96,0.00022855169901212077
1988-06-24,0.0,415.55,37.23,22.29,1498.62,0.00022855169901212077
1988-06-25,0.0,384.93,34.4,21.1,1509.43,0.00022855169901212077
1988-06-26,0.0,451.31,34.35,18.53,1126.47,0.00028568962376515096
1988-06-27,0.0,425.51,35.15,20.39,1322.34,0.00028568962376515096
1988-06-28,0.29,357.77,32.92,20.65,1550.88,0.0003428275485181811
1988-06-29,0.21,389.43,32.93,19.68,1399.82,0.0003428275485181811
1988-06-30,4.55,364.79,35.48,20.08,1475.76,0.00028568962376515096
1988-07-01,7.66,346.8,35.57,18.74,1461.54,5.713792475303019e-05
1988-07-02,0.0,462.84,36.53,20.07,1351.06,0.00011427584950606039
1988-07-03,0.0,452.87,35.97,20.13,1379.4,5.713792475303019e-05
1988-07-04,0.0,464.07,35.64,19.42,1295.58,5.713792475303019e-05
1988-07-05,0.0,420.86,35.67,21.27,1571.91,5.713792475303019e-05
1988-07-06,0.0,446.56,36.98,21.39,1506.26,5.713792475303019e-05
1988-07-07,0.0,440.87,36.45,21.2,1534.66,5.713792475303019e-05
1988-07-08,0.0,437.31,36.64,21.67,1568.08,5.713792475303019e-05
1988-07-09,0.0,433.33,35.51,20.99,1520.38,5.713792475303019e-05
1988-07-10,0.43,467.03,34.46,18.3,1205.72,5.713792475303019e-05
1988-07-11,10.31,343.49,33.17,17.56,1465.57,5.713792475303019e-05
1988-07-12,0.0,468.09,34.46,18.67,1361.3,5.713792475303019e-05
1988-07-13,0.0,521.49,36.04,17.31,1132.96,5.713792475303019e-05
1988-07-14,0.0,484.23,38.0,20.92,1484.89,5.713792475303019e-05
1988-07-15,0.0,518.88,38.92,19.8,1298.22,5.713792475303019e-05
1988-07-16,0.0,528.84,39.15,20.03,1088.9,5.713792475303019e-05
1988-07-17,0.0,426.5,37.08,23.28,1454.05,5.713792475303019e-05
1988-07-18,0.0,434.68,35.17,21.65,1124.53,5.713792475303019e-05
1988-07-19,0.0,491.43,34.77,18.92,897.52,5.713792475303019e-05
1988-07-20,0.0,485.8,34.72,19.13,913.7,5.713792475303019e-05
1988-07-21,5.83,376.85,35.59,18.59,1019.57,0.00011427584950606039
1988-07-22,0.0,516.2,36.62,19.42,884.18,5.713792475303019e-05
1988-07-23,0.0,512.01,37.39,20.37,926.8,5.713792475303019e-05
1988-07-24,0.0,503.86,37.48,20.8,956.99,5.713792475303019e-05
1988-07-25,0.0,511.39,37.92,20.63,945.5,5.713792475303019e-05
1988-07-26,0.0,507.6,36.82,19.89,895.17,5.713792475303019e-05
1988-07-27,0.0,452.2,35.3,21.18,983.89,0.0
1988-07-28,0.64,457.13,34.26,19.43,883.46,0.0
1988-07-29,3.49,384.18,34.33,20.36,965.0,0.0
1988-07-30,14.08,348.1,32.51,17.79,843.78,0.00011427584950606039
1988-07-31,6.23,304.12,30.07,19.02,1187.4,5.713792475303019e-05
1988-08-01,0.0,422.11,31.08,18.37,929.13,5.713792475303019e-05
1988-08-02,2.81,355.07,32.58,19.86,1190.06,5.713792475303019e-05
1988-08-03,0.0,441.74,33.34,19.76,1020.22,5.713792475303019e-05
1988-08-04,0.0,466.07,34.74,19.94,968.24,5.713792475303019e-05
1988-08-05,5.37,288.17,31.05,19.37,1377.18,0.00011427584950606039
1988-08-06,0.0,408.44,33.36,20.97,1223.04,5.713792475303019e-05
1988-08-07,0.0,487.3,33.64,18.08,898.63,0.0
1988-08-08,0.0,522.15,35.23,17.55,824.66,5.713792475303019e-05
1988-08-09,0.0,532.09,36.35,17.8,832.25,0.00017141377425909055
1988-08-10,0.0,517.94,36.17,18.37,884.42,0.00022855169901212077
1988-08-11,0.0,488.88,35.94,19.64,989.69,0.00011427584950606039
1988-08-12,1.42,459.16,34.26,18.63,993.7,5.713792475303019e-05
1988-08-13,0.0,533.32,36.04,17.16,814.71,5.713792475303019e-05
1988-08-14,0.0,532.27,38.06,18.85,905.12,0.0
1988-08-15,0.01,451.98,35.13,20.46,1150.97,5.713792475303019e-05
1988-08-16,0.0,499.25,35.31,18.4,921.11,5.713792475303019e-05
1988-08-17,0.0,460.22,36.12,20.91,1143.66,0.0
1988-08-18,0.0,449.86,36.16,21.35,1198.41,5.713792475303019e-05
1988-08-19,0.0,476.77,35.38,19.42,1015.58,0.07427930217893926
1988-08-20,1.71,420.26,32.99,19.13,1131.06,0.02056965291109087
1988-08-21,22.7,282.6,29.31,17.57,1417.08,0.08570688712954529
1988-08-22,11.7,304.21,30.85,17.54,1640.47,0.009713447208015133
1988-08-23,0.0,418.79,33.31,19.54,1609.3,0.0009713447208015134
1988-08-24,11.42,328.53,34.07,18.85,1759.65,0.0006285171722833321
1988-08-25,0.0,412.66,34.06,20.29,1818.58,0.00039996547327121135
1988-08-26,17.11,318.13,34.27,19.4,1965.44,0.00028568962376515096
1988-08-27,17.78,293.48,30.43,17.43,1884.97,0.00039996547327121135
1988-08-28,14.27,288.73,31.05,18.16,2055.97,0.0005713792475303019
1988-08-29,14.25,294.99,31.18,17.9,2033.7,0.0018855515168499965
1988-08-30,15.32,285.64,30.09,17.38,1981.46,0.10856205703075737
1988-08-31,0.0,366.67,30.18,18.11,2050.03,0.022283790653681777
1988-09-01,1.45,380.71,31.83,17.96,2001.46,0.011427584950606038
1988-09-02,0.0,412.5,32.14,17.71,1940.69,0.002456930764380298
1988-09-03,0.0,388.88,32.08,18.63,2066.15,0.0010856205703075735
1988-09-04,0.0,342.5,31.25,19.66,2250.17,0.0007999309465424227
1988-09-05,0.0,414.23,31.08,16.57,1826.25,0.00045710339802424154
1988-09-06,0.0,452.48,32.06,15.36,1646.84,0.00045710339802424154
1988-09-07,0.0,457.9,33.32,15.93,1696.93,0.00045710339802424154
1988-09-08,0.0,469.14,34.44,15.96,1688.23,0.0005713792475303019
1988-09-09,0.0,456.41,35.11,17.11,1823.04,0.0005713792475303019
1988-09-10,0.0,424.91,34.35,18.2,1986.69,0.0005713792475303019
1988-09-11,0.0,383.92,31.79,18.07,2026.43,0.0005713792475303019
1988-09-12,0.0,381.6,30.08,16.84,1872.68,0.0005142413227772717
1988-09-13,0.0,472.43,29.62,11.77,1314.39,0.0005142413227772717
1988-09-14,0.0,473.77,29.33,11.2,1265.64,0.00045710339802424154
1988-09-15,0.0,475.6,31.59,12.6,1375.18,0.00045710339802424154
1988-09-16,0.0,462.25,32.87,14.22,1522.55,0.00039996547327121135
1988-09-17,0.0,460.44,33.51,14.55,1559.9,0.00039996547327121135
1988-09-18,0.0,467.0,32.34,13.01,1402.89,0.00039996547327121135
1988-09-19,0.0,450.6,30.83,12.73,1395.41,0.00039996547327121135
1988-09-20,0.0,423.66,30.51,13.84,1515.99,0.00039996547327121135
1988-09-21,0.0,339.35,28.47,15.93,1770.54,0.0003428275485181811
1988-09-22,0.0,406.19,23.86,8.99,1127.25,0.0003428275485181811
1988-09-23,0.0,440.22,27.3,9.8,1183.48,0.0003428275485181811
1988-09-24,0.0,432.13,28.94,11.46,1312.12,0.0003428275485181811
1988-09-25,0.0,411.32,30.05,13.39,1482.75,0.0003428275485181811
1988-09-26,0.0,411.99,31.05,13.92,1542.72,0.00028568962376515096
1988-09-27,0.0,420.3,31.22,13.28,1478.94,0.00028568962376515096
1988-09-28,0.0,431.31,30.87,11.94,1354.61,0.00028568962376515096
1988-09-29,0.0,405.02,29.88,12.61,1429.2,0.00022855169901212077
1988-09-30,0.0,415.63,30.7,12.32,1385.82,0.00022855169901212077
1988-10-01,0.0,431.88,32.43,12.14,1355.55,0.00017141377425909055
1988-10-02,0.0,411.46,32.71,13.52,1482.0,0.00011427584950606039
1988-10-03,0.0,377.99,33.48,16.06,1773.03,5.713792475303019e-05
1988-10-04,0.0,361.36,32.53,16.05,1798.05,5.713792475303019e-05
1988-10-05,0.0,364.9,31.81,15.12,1693.64,5.713792475303019e-05
1988-10-06,0.0,345.82,29.69,14.37,1625.09,5.713792475303019e-05
1988-10-07,0.0,359.23,30.24,13.97,1580.37,5.713792475303019e-05
1988-10-08,0.0,375.4,31.44,13.85,1560.55,5.713792475303019e-05
1988-10-09,0.0,337.79,30.21,14.93,1685.2,5.713792475303019e-05
1988-10-10,0.0,285.13,28.04,15.74,1794.69,0.00011427584950606039
1988-10-11,3.28,241.73,26.16,12.83,1493.66,0.00028568962376515096
1988-10-12,0.0,332.51,27.23,12.49,1462.32,0.0003428275485181811
1988-10-13,0.0,355.07,28.28,11.93,1410.77,0.00028568962376515096
1988-10-14,0.0,327.52,25.05,10.74,1317.64,0.03599689259440902
1988-10-15,36.8,263.53,24.91,9.0,1162.1,0.010284826455545435
1988-10-16,0.0,368.59,28.58,10.96,1320.58,0.00039996547327121135
1988-10-17,0.0,361.49,30.33,12.75,1478.03,0.00028568962376515096
1988-10-18,0.0,352.33,30.0,12.95,1502.59,0.00045710339802424154
1988-10-19,0.0,340.26,29.31,13.09,1530.76,0.00045710339802424154
1988-10-20,1.8,301.57,27.1,12.57,1478.91,0.00045710339802424154
1988-10-21,0.0,317.98,27.14,12.37,1453.4,0.00045710339802424154
1988-10-22,0.0,316.17,27.38,12.57,1467.29,0.00039996547327121135
1988-10-23,0.0,343.44,27.64,10.89,1322.54,0.00028568962376515096
1988-10-24,0.0,340.08,27.83,11.15,1341.57,0.00028568962376515096
1988-10-25,0.0,331.07,27.9,11.68,1384.55,0.00028568962376515096
1988-10-26,0.0,338.55,27.78,10.89,1319.58,0.00022855169901212077
1988-10-27,0.0,339.37,26.55,9.69,1221.85,0.00022855169901212077
1988-10-28,0.0,317.96,25.58,10.24,1263.13,0.00022855169901212077
1988-10-29,0.0,300.2,25.65,11.32,1353.98,0.00022855169901212077
1988-10-30,0.0,288.37,27.28,13.39,1541.54,0.00022855169901212077
1988-10-31,0.0,324.14,28.34,11.89,1407.9,0.00017141377425909055
1988-11-01,0.0,310.6,26.94,11.54,1372.96,0.00017141377425909055
1988-11-02,0.0,317.49,24.22,8.72,1141.97,0.00017141377425909055
1988-11-03,0.0,326.56,24.51,8.23,1102.28,0.00017141377425909055
1988-11-04,0.0,334.28,25.59,8.35,1110.37,0.00017141377425909055
1988-11-05,0.0,335.48,26.63,8.78,1143.4,0.00011427584950606039
1988-11-06,0.0,323.13,26.28,9.28,1182.35,0.00011427584950606039
1988-11-07,0.0,315.94,24.89,8.57,1126.05,0.00011427584950606039
1988-11-08,0.0,255.94,22.46,10.16,1254.3,0.00011427584950606039
1988-11-09,0.0,252.81,20.95,8.96,1162.41,0.00011427584950606039
1988-11-10,0.0,296.77,21.64,6.79,998.18,0.00011427584950606039
1988-11-11,0.0,254.65,20.16,7.93,1078.84,0.00011427584950606039
1988-11-12,0.0,310.27,20.66,4.78,868.07,5.713792475303019e-05
1988-11-13,0.0,310.6,22.08,5.77,929.1,0.00011427584950606039
1988-11-14,0.0,292.41,20.94,6.0,949.53,0.00011427584950606039
1988-11-15,4.66,234.94,17.17,0.7,653.11,0.00017141377425909055
1988-11-16,0.0,309.57,15.14,-0.59,590.89,0.00017141377425909055
1988-11-17,0.0,303.34,15.52,0.1,618.44,0.00017141377425909055
1988-11-18,0.0,244.94,12.58,1.1,671.59,0.00011427584950606039
1988-11-19,0.42,293.02,12.47,-2.34,519.29,0.00011427584950606039
1988-11-20,0.0,313.79,15.29,-1.23,561.55,0.00011427584950606039
1988-11-21,0.0,315.04,16.9,-0.2,609.51,0.00011427584950606039
1988-11-22,0.0,324.58,18.1,-0.41,598.12,0.00011427584950606039
1988-11-23,0.0,321.98,19.47,0.75,650.05,5.713792475303019e-05
1988-11-24,0.0,293.02,15.92,0.24,629.97,0.00011427584950606039
1988-11-25,9.92,146.47,10.04,0.82,658.15,0.00045710339802424154
1988-11-26,9.56,156.99,8.32,-1.38,560.52,0.00039996547327121135
1988-11-27,0.0,281.5,11.76,-2.43,516.52,0.00022855169901212077
1988-11-28,0.0,310.27,16.4,-0.83,563.5,0.00022855169901212077
1988-11-29,0.0,293.91,15.73,0.02,567.6,0.00022855169901212077
1988-11-30,0.0,293.54,16.3,0.43,584.27,0.00017141377425909055
1988-12-01,0.0,280.36,18.49,3.44,715.21,0.00022855169901212077
1988-12-02,0.0,260.57,19.22,5.42,838.9,0.00022855169901212077
1988-12-03,0.0,299.76,19.97,2.75,659.04,0.00017141377425909055
1988-12-04,0.0,274.68,19.42,4.38,766.18,0.00017141377425909055
1988-12-05,0.0,236.08,18.21,5.98,900.98,0.00017141377425909055
1988-12-06,0.0,281.82,18.46,3.01,696.92,0.00011427584950606039
1988-12-07,0.0,268.62,15.99,1.81,665.19,0.00011427584950606039
1988-12-08,0.0,202.05,12.77,2.89,757.96,0.00011427584950606039
1988-12-09,0.0,222.71,13.25,2.25,724.86,0.00022855169901212077
1988-12-10,2.88,180.02,13.18,2.9,761.92,0.00022855169901212077
1988-12-11,0.0,268.5,14.75,0.66,628.2,0.00028568962376515096
1988-12-12,0.0,302.81,18.23,0.5,580.67,0.00028568962376515096
1988-12-13,0.0,291.03,19.85,3.19,701.32,0.0007427930217893925
1988-12-14,0.0,284.32,17.45,1.6,645.77,0.0009713447208015134
1988-12-15,0.0,259.02,17.36,3.51,755.02,0.0009713447208015134
1988-12-16,0.0,287.51,17.72,1.55,645.32,0.0008570688712954529
1988-12-17,0.0,245.34,18.36,5.51,883.2,0.0009713447208015134
1988-12-18,0.0,239.79,16.88,4.41,820.57,0.0010284826455545435
1988-12-19,3.0,192.03,12.66,1.22,674.43,0.0012570343445666642
1988-12-20,0.0,267.58,11.44,-2.34,518.25,0.0013141722693196945
1988-12-21,0.0,225.57,9.96,-0.89,577.32,0.0014284481188257547
1988-12-22,0.0,285.32,10.51,-4.37,447.81,0.001485586043578785
1988-12-23,0.0,243.47,9.89,-1.75,542.14,0.0015998618930848454
1988-12-24,0.0,285.3,11.65,-2.99,488.32,0.0017141377425909058
1988-12-25,0.0,268.81,11.85,-1.65,541.14,0.0019998273663560566
1988-12-26,6.5,200.38,7.43,-5.05,428.94,0.0027997583128984795
1988-12-27,0.0,298.93,4.82,-9.51,307.22,0.002685482463392419
1988-12-28,0.0,300.11,5.81,-8.53,328.03,0.0028568962376515094
1988-12-29,0.0,289.81,6.18,-7.35,356.11,0.0027997583128984795
1988-12-30,0.0,318.63,7.85,-8.03,338.77,0.0029140341624045397
1988-12-31,0.0,304.22,7.02,-7.69,347.44,0.0029140341624045397
1989-01-01,0.0,306.33,13.81,-2.32,491.45,0.0031997237861696908
1989-01-02,0.0,290.5,13.55,-1.12,543.82,0.0032568617109227206
1989-01-03,0.0,287.68,16.91,2.43,654.15,0.003485413409934842
1989-01-04,23.59,155.13,15.06,5.42,893.66,0.007427930217893924
1989-01-05,28.38,123.46,11.78,4.62,860.0,0.007999309465424227
1989-01-06,2.73,188.97,9.06,0.18,635.7,0.006856550970363623
1989-01-07,3.87,265.94,7.4,-6.61,383.25,0.005713792475303019
1989-01-08,0.0,313.94,7.97,-5.99,398.08,0.005256689077278778
1989-01-09,0.0,346.22,11.9,-5.12,424.06,0.004799585679254537
1989-01-10,0.0,323.18,14.04,-1.06,568.65,0.004628171904995446
1989-01-11,0.0,326.57,13.56,-2.08,529.74,0.004628171904995446
1989-01-12,0.0,264.77,8.33,-2.84,506.96,0.004342482281230294
1989-01-13,0.0,299.65,9.96,-3.33,485.86,0.004056792657465143
1989-01-14,0.0,328.98,12.4,-3.33,483.07,0.003828240958453023
1989-01-15,0.0,336.73,13.25,-3.21,487.06,0.003828240958453023
1989-01-16,0.0,345.71,16.19,-1.61,545.22,0.003828240958453023
1989-01-17,0.0,339.49,17.71,0.29,620.4,0.003828240958453023
1989-01-18,0.0,336.03,19.21,1.88,693.0,0.003828240958453023
1989-01-19,0.0,328.02,19.48,2.99,752.59,0.0035425513346878717
1989-01-20,0.0,293.49,18.25,4.7,856.13,0.003713965108946962
1989-01-21,0.0,230.86,16.1,6.37,966.91,0.003828240958453023
1989-01-22,0.0,316.83,18.31,3.4,762.87,0.003828240958453023
1989-01-23,0.0,315.98,18.18,3.41,755.72,0.003828240958453023
1989-01-24,0.0,250.11,14.87,4.29,823.09,0.0036568271841939323
1989-01-25,8.1,174.15,11.84,2.45,737.1,0.005256689077278778
1989-01-26,6.29,231.97,14.3,2.6,744.86,0.005485240776290898
1989-01-27,11.15,160.06,11.11,2.69,750.62,0.007999309465424227
1989-01-28,11.03,160.54,9.15,0.92,663.64,0.014284481188257548
1989-01-29,1.11,306.73,12.39,-1.34,560.22,0.006285171722833322
1989-01-30,0.0,347.39,16.22,0.34,629.25,0.005656654550549989
1989-01-31,0.0,349.79,18.24,2.09,713.74,0.0051424132277727175
1989-02-01,0.0,280.9,16.52,5.16,884.71,0.004799585679254537
1989-02-02,0.0,280.58,14.59,3.58,794.17,0.004171068506971204
1989-02-03,0.0,324.24,14.71,1.36,677.07,0.003999654732712113
1989-02-04,0.0,274.23,13.23,2.57,737.37,0.004171068506971204
1989-02-05,6.03,241.82,10.41,0.34,641.65,1.5370101758565122
1989-02-06,1.03,320.08,5.04,-7.22,366.39,0.857068871295453
1989-02-07,0.0,308.74,5.47,-5.76,402.73,0.2742620388145449
1989-02-08,0.0,328.85,10.8,-1.49,550.13,0.16569998178378756
1989-02-09,0.0,287.38,15.85,5.46,901.9,0.11427584950606039
1989-02-10,0.0,310.7,17.66,6.22,960.26,0.07999309465424226
1989-02-11,0.0,377.13,17.9,2.48,726.35,0.05713792475303019
1989-02-12,0.0,387.88,15.42,-0.44,590.84,0.04456758130736355
1989-02-13,0.0,390.74,13.2,-2.38,515.98,0.03313999635675751
1989-02-14,0.0,376.07,12.45,-1.81,537.96,0.027997583128984798
1989-02-15,0.0,388.44,15.29,0.22,618.37,0.022283790653681777
1989-02-16,0.0,402.2,19.43,2.92,740.67,0.01885551516849996
1989-02-17,0.0,396.68,21.0,4.96,847.35,0.01885551516849996
1989-02-18,0.0,386.49,20.95,5.88,910.28,0.01828413592096966
1989-02-19,0.0,359.27,18.67,5.57,896.2,0.015998618930848453
1989-02-20,0.0,396.38,17.8,2.67,719.18,0.015998618930848453
1989-02-21,0.0,414.19,18.97,2.5,701.14,0.015998618930848453
1989-02-22,0.0,434.46,21.86,3.19,716.69,0.014284481188257548
1989-02-23,0.0,435.58,24.62,5.31,814.74,0.013713101940727246
1989-02-24,0.0,422.52,24.98,6.81,909.93,0.015427239683318153
1989-02-25,0.0,434.45,25.66,6.32,868.6,0.015427239683318153
1989-02-26,0.0,427.56,25.34,6.56,887.42,0.014284481188257548
1989-02-27,0.0,421.74,24.35,6.21,871.19,0.015998618930848453
1989-02-28,0.0,431.97,23.15,4.45,771.41,0.017141377425909057
1989-03-01,0.0,410.87,21.4,4.71,798.22,0.016569998178378755
1989-03-02,0.0,316.8,16.75,5.5,888.08,0.015998618930848453
1989-03-03,4.45,204.03,10.86,2.61,759.17,0.01771275667343936
1989-03-04,3.44,366.15,12.43,-4.01,455.36,0.01885551516849996
1989-03-05,0.0,451.11,16.51,-0.68,561.72,0.01885551516849996
1989-03-06,0.0,463.53,21.41,2.36,666.87,0.015998618930848453
1989-03-07,0.0,442.4,24.72,6.02,856.87,0.015998618930848453
1989-03-08,0.0,440.28,27.07,8.06,969.8,0.014284481188257548
1989-03-09,0.0,447.18,28.66,8.71,998.88,0.013713101940727246
1989-03-10,0.0,449.32,29.6,9.3,1031.05,0.012570343445666644
1989-03-11,0.0,438.26,28.66,9.33,1043.81,0.011427584950606038
1989-03-12,0.0,432.77,27.65,8.88,1020.83,0.010856205703075735
1989-03-13,0.0,394.45,25.68,9.64,1109.14,0.010284826455545435
1989-03-14,0.0,445.59,25.3,6.3,859.25,0.010284826455545435
1989-03-15,0.0,429.74,23.91,6.28,868.94,0.010284826455545435
1989-03-16,0.0,430.65,24.04,6.39,877.81,0.010284826455545435
1989-03-17,0.0,433.56,24.31,6.52,879.88,0.010284826455545435
1989-03-18,0.0,443.57,25.88,7.36,918.99,0.009713447208015133
1989-03-19,0.0,435.14,25.29,7.48,929.89,0.007427930217893924
1989-03-20,0.0,425.55,23.86,6.88,907.66,0.007427930217893924
1989-03-21,0.0,457.48,23.21,4.32,743.78,0.006856550970363623
1989-03-22,0.0,452.46,23.8,5.24,792.36,0.006856550970363623
1989-03-23,0.0,464.06,24.52,5.16,775.46,0.006856550970363623
1989-03-24,0.0,446.11,23.79,5.83,824.7,0.006856550970363623
1989-03-25,0.0,439.35,22.75,5.49,814.58,0.006856550970363623
1989-03-26,40.27,296.06,18.65,4.02,815.23,0.2685482463392419
1989-03-27,22.51,279.19,15.04,1.78,705.19,0.30283100119106
1989-03-28,0.0,460.55,21.31,3.21,774.38,0.13141722693196944
1989-03-29,0.0,439.1,22.42,5.74,921.1,0.08570688712954529
1989-03-30,0.0,461.03,25.29,7.08,967.15,0.05713792475303019
1989-03-31,0.0,458.22,26.94,8.81,1052.83,0.04285344356477264
1989-04-01,0.0,422.2,25.32,9.32,1112.92,0.033711375604287816
1989-04-02,0.0,437.31,25.04,8.26,1036.95,0.029711720871575698
1989-04-03,0.0,433.52,25.81,9.2,1105.84,0.033711375604287816
1989-04-04,0.0,464.23,28.54,9.87,1118.03,0.02171241140615147
1989-04-05,0.0,457.95,30.49,12.12,1215.48,0.015427239683318153
1989-04-06,0.0,482.82,32.72,12.83,1083.58,0.011998964198136342
1989-04-07,0.0,482.11,33.43,13.58,1118.42,0.010856205703075735
1989-04-08,0.0,501.67,33.38,12.37,984.11,0.010284826455545435
1989-04-09,0.0,485.98,32.08,12.44,1014.92,0.00914206796048483
1989-04-10,0.0,495.4,31.74,11.66,951.47,0.008570688712954529
1989-04-11,0.0,453.87,29.47,12.24,1057.63,0.008570688712954529
1989-04-12,0.0,472.65,28.0,10.0,897.37,0.007999309465424227
1989-04-13,0.0,443.97,27.2,10.94,1000.57,0.006856550970363623
1989-04-14,0.0,479.45,28.57,10.35,910.65,0.006285171722833322
1989-04-15,0.0,471.27,28.59,10.88,945.09,0.005713792475303019
1989-04-16,0.0,492.55,29.49,10.51,891.76,0.005713792475303019
1989-04-17,0.0,493.89,29.88,10.84,905.06,0.005713792475303019
1989-04-18,0.0,499.82,32.01,12.3,971.98,0.005713792475303019
1989-04-19,0.0,514.81,32.9,12.05,926.65,0.005713792475303019
1989-04-20,0.0,502.05,33.96,13.81,1051.01,0.005713792475303019
1989-04-21,0.0,487.29,34.41,15.09,1157.42,0.005713792475303019
1989-04-22,0.0,485.63,31.1,12.48,995.73,0.005656654550549989
1989-04-23,0.0,492.78,28.12,9.54,829.85,0.005599516625796959
1989-04-24,0.0,470.6,25.81,8.7,817.66,0.005485240776290898
1989-04-25,0.0,464.67,23.13,6.61,731.62,0.005370964926784838
1989-04-26,0.0,442.67,20.28,5.07,662.83,0.005313827002031808
1989-04-27,0.0,504.8,21.24,2.87,502.66,0.0051424132277727175
1989-04-28,0.0,507.28,23.59,5.07,511.48,0.004970999453513626
1989-04-29,0.0,507.84,25.37,6.89,493.62,0.004628171904995446
1989-04-30,0.0,493.08,27.04,9.35,582.55,0.004342482281230294
1989-05-01,0.0,497.3,29.09,10.98,634.65,0.0038853788832060535
1989-05-02,0.0,517.49,30.55,11.09,617.64,0.00297117208715757
1989-05-03,0.0,513.21,31.74,12.4,672.45,0.0017141377425909058
1989-05-04,0.0,523.57,32.99,12.84,678.85,0.0016569998178378755
1989-05-05,0.0,523.6,34.37,14.02,730.76,0.0011998964198136342
1989-05-06,0.0,516.08,35.16,15.23,798.59,0.0007999309465424227
1989-05-07,0.0,545.84,36.48,14.47,670.64,0.00011427584950606039
1989-05-08,0.0,528.34,36.83,16.01,757.61,0.0
1989-05-09,0.0,471.75,34.66,17.26,919.74,0.0
1989-05-10,0.0,499.44,30.44,12.13,636.84,5.713792475303019e-05
1989-05-11,0.0,423.26,22.99,8.93,618.65,5.713792475303019e-05
1989-05-12,0.0,481.67,21.76,5.25,432.05,5.713792475303019e-05
1989-05-13,0.0,473.21,23.42,7.24,492.35,5.713792475303019e-05
1989-05-14,0.0,454.78,23.7,8.42,548.96,5.713792475303019e-05
1989-05-15,0.0,396.06,22.97,10.15,705.76,0.00011427584950606039
1989-05-16,5.08,266.98,20.33,8.98,887.57,0.0005142413227772717
1989-05-17,2.72,390.6,23.48,8.37,674.38,0.0017712756673439359
1989-05-18,0.0,492.91,27.64,10.69,624.93,0.0017141377425909058
1989-05-19,0.0,520.46,30.25,11.68,628.05,0.0009142067960484831
1989-05-20,0.0,538.88,32.79,12.84,647.38,0.0005713792475303019
1989-05-21,0.0,526.32,33.41,14.16,723.22,0.00039996547327121135
1989-05-22,0.0,535.98,34.23,14.26,709.2,0.00028568962376515096
1989-05-23,0.0,547.16,35.28,14.35,701.1,0.00028568962376515096
1989-05-24,0.0,516.97,32.94,14.03,740.93,0.00022855169901212077
1989-05-25,0.0,534.04,30.65,11.03,592.25,0.00022855169901212077
1989-05-26,0.0,531.42,31.93,12.29,630.29,0.00028568962376515096
1989-05-27,0.0,517.71,32.71,13.79,711.66,0.0005142413227772717
1989-05-28,0.0,488.85,32.22,14.88,809.7,0.0003428275485181811
1989-05-29,0.0,476.84,30.99,14.43,805.39,0.00017141377425909055
1989-05-30,0.0,479.81,28.25,11.87,678.87,5.713792475303019e-05
1989-05-31,0.0,520.14,29.02,10.48,576.52,0.00017141377425909055
1989-06-01,0.0,532.98,31.01,11.51,599.15,0.00017141377425909055
1989-06-02,0.0,526.67,31.56,12.45,615.93,0.0005713792475303019
1989-06-03,0.0,531.16,30.69,11.48,555.99,0.002171241140615147
1989-06-04,0.0,506.24,30.86,13.15,639.35,0.0013713101940727244
1989-06-05,0.0,504.31,31.44,13.85,671.06,0.00022855169901212077
1989-06-06,0.0,529.49,31.28,12.34,587.08,0.00011427584950606039
1989-06-07,0.0,529.89,32.68,13.64,628.3,5.713792475303019e-05
1989-06-08,0.0,511.92,32.17,14.15,677.45,5.713792475303019e-05
1989-06-09,0.0,515.63,32.03,13.86,657.61,5.713792475303019e-05
1989-06-10,0.0,489.55,31.47,14.6,724.98,5.713792475303019e-05
1989-06-11,0.0,508.11,33.17,15.21,719.31,5.713792475303019e-05
1989-06-12,0.0,527.47,33.63,14.44,664.55,5.713792475303019e-05
1989-06-13,0.0,520.54,36.05,16.89,777.26,5.713792475303019e-05
1989-06-14,0.0,503.59,37.21,18.72,895.53,5.713792475303019e-05
1989-06-15,0.0,502.87,37.89,19.14,923.78,5.713792475303019e-05
1989-06-16,0.0,489.35,37.15,19.18,939.67,5.713792475303019e-05
1989-06-17,0.0,519.36,38.26,18.42,856.59,5.713792475303019e-05
1989-06-18,0.0,537.74,40.11,18.72,854.88,0.0
1989-06-19,0.0,478.59,38.9,21.06,1079.96,0.0
1989-06-20,0.0,444.72,37.15,21.23,1149.78,0.0
1989-06-21,0.0,487.94,37.43,19.53,961.88,0.0
1989-06-22,0.0,507.43,36.07,17.38,818.68,0.0
1989-06-23,0.0,526.48,34.89,15.17,700.08,0.0
1989-06-24,0.0,485.36,34.12,16.81,829.8,0.0
1989-06-25,0.0,493.63,33.58,16.22,694.14,0.0
1989-06-26,0.0,534.4,35.28,15.33,653.27,0.0
1989-06-27,0.0,512.82,35.33,16.65,720.57,0.0
1989-06-28,0.0,493.3,35.67,18.01,793.98,0.0
1989-06-29,0.0,490.86,37.04,19.35,864.14,0.0
1989-06-30,0.0,518.97,38.3,18.79,833.57,0.0
1989-07-01,0.0,529.24,38.15,17.98,790.47,0.0
1989-07-02,0.0,534.64,38.44,17.8,782.35,0.0
1989-07-03,0.0,545.3,40.56,18.67,828.24,0.0
1989-07-04,0.0,532.83,41.17,20.08,904.07,0.0
1989-07-05,0.0,512.64,41.03,21.21,969.27,0.0
1989-07-06,0.0,468.42,39.93,22.82,1077.49,0.0
1989-07-07,0.0,455.07,39.31,22.99,1091.52,0.0
1989-07-08,0.0,471.27,38.46,21.48,998.29,0.0
1989-07-09,0.0,442.73,35.61,20.35,924.95,0.0
1989-07-10,0.0,434.81,34.19,19.44,871.65,0.0003428275485181811
1989-07-11,9.85,330.53,32.26,17.37,756.17,0.00017141377425909055
1989-07-12,0.0,481.73,35.42,18.39,811.04,0.00011427584950606039
1989-07-13,0.0,498.26,38.4,20.2,910.99,5.713792475303019e-05
1989-07-14,0.0,498.92,39.48,21.1,966.19,5.713792475303019e-05
1989-07-15,0.0,449.4,37.8,22.2,1042.29,0.0
1989-07-16,0.0,418.69,36.29,22.25,1046.35,0.0
1989-07-17,0.0,460.08,36.92,21.06,968.91,0.0
1989-07-18,0.0,501.72,39.76,21.43,988.84,0.0
1989-07-19,0.0,493.76,40.07,22.13,1044.79,0.0
1989-07-20,0.0,467.08,39.0,22.58,1075.81,0.0
1989-07-21,0.0,438.25,37.67,22.78,1089.51,0.0
1989-07-22,16.4,355.43,35.4,19.01,843.32,0.0
1989-07-23,0.0,436.75,35.3,20.89,955.11,5.713792475303019e-05
1989-07-24,6.41,332.91,35.86,21.52,1011.45,0.31997237861696903
1989-07-25,1.22,421.53,36.12,21.66,1049.46,0.013713101940727246
1989-07-26,3.09,356.93,34.36,19.62,942.93,0.0019998273663560566
1989-07-27,3.2,389.92,32.91,19.28,962.76,0.00017141377425909055
1989-07-28,12.64,355.54,33.44,17.51,869.82,5.713792475303019e-05
1989-07-29,0.0,406.88,31.52,18.71,993.86,5.713792475303019e-05
1989-07-30,0.0,473.63,34.53,18.84,903.91,0.0
1989-07-31,1.76,380.48,33.38,20.77,1210.09,0.00039996547327121135
1989-08-01,0.2,457.45,34.65,19.6,978.01,0.00011427584950606039
1989-08-02,0.0,469.78,35.12,19.88,1001.12,5.713792475303019e-05
1989-08-03,0.0,420.35,34.0,21.05,1147.5,5.713792475303019e-05
1989-08-04,0.0,458.48,34.19,19.88,1002.09,5.713792475303019e-05
1989-08-05,0.0,475.51,34.93,19.83,978.24,5.713792475303019e-05
1989-08-06,0.0,486.73,36.4,20.6,1015.72,5.713792475303019e-05
1989-08-07,0.0,485.52,35.51,19.87,980.92,5.713792475303019e-05
1989-08-08,0.8,433.61,34.82,20.07,1048.76,5.713792475303019e-05
1989-08-09,0.0,474.01,35.22,20.1,1009.42,0.0
1989-08-10,0.0,460.1,34.6,20.12,1036.51,5.713792475303019e-05
1989-08-11,0.0,444.0,32.71,19.14,984.07,5.713792475303019e-05
1989-08-12,0.07,474.55,34.45,19.39,962.97,5.713792475303019e-05
1989-08-13,0.0,497.99,37.12,20.7,1013.19,5.713792475303019e-05
1989-08-14,0.0,502.82,37.33,20.55,1010.87,5.713792475303019e-05
1989-08-15,3.56,433.32,35.64,19.14,934.36,5.713792475303019e-05
1989-08-16,9.38,371.28,35.34,18.52,1013.62,5.713792475303019e-05
1989-08-17,1.74,418.32,34.47,19.94,1167.71,0.0
1989-08-18,21.11,314.87,32.07,18.72,1411.6,5.713792475303019e-05
1989-08-19,11.22,300.64,32.42,19.5,1813.05,5.713792475303019e-05
1989-08-20,0.0,408.17,32.34,19.46,1613.89,5.713792475303019e-05
1989-08-21,0.0,466.09,31.87,16.72,1246.24,5.713792475303019e-05
1989-08-22,0.0,495.95,32.1,15.37,1096.72,5.713792475303019e-05
1989-08-23,0.0,498.28,32.86,15.74,1113.44,0.00011427584950606039
1989-08-24,0.0,498.4,32.6,15.34,1086.62,0.00022855169901212077
1989-08-25,0.0,498.21,32.05,14.76,1053.51,5.713792475303019e-05
1989-08-26,0.0,493.5,32.57,15.3,1100.45,5.713792475303019e-05
1989-08-27,0.0,495.55,33.02,15.42,1104.61,5.713792475303019e-05
1989-08-28,0.0,494.67,34.28,16.28,1162.39,5.713792475303019e-05
1989-08-29,0.0,487.48,35.77,17.72,1279.81,5.713792475303019e-05
1989-08-30,0.0,446.5,34.96,18.99,1482.9,5.713792475303019e-05
1989-08-31,0.0,454.03,34.4,18.1,1395.5,5.713792475303019e-05
1989-09-01,0.0,457.5,35.4,18.62,1434.55,5.713792475303019e-05
1989-09-02,0.0,431.23,34.83,19.28,1562.29,5.713792475303019e-05
1989-09-03,9.24,256.3,30.4,18.67,1992.56,0.0003428275485181811
1989-09-04,11.7,310.33,32.54,17.46,1778.47,0.00022855169901212077
1989-09-05,0.0,446.34,35.5,18.59,1643.46,5.713792475303019e-05
1989-09-06,0.0,432.62,35.12,18.84,1696.25,0.0
1989-09-07,0.0,411.19,34.08,18.91,1757.69,0.0
1989-09-08,0.0,409.56,32.8,17.89,1671.49,0.0
1989-09-09,0.0,498.53,32.38,12.35,1055.65,0.0
1989-09-10,0.0,473.94,32.49,13.83,1198.08,5.713792475303019e-05
1989-09-11,0.0,459.95,31.72,13.85,1227.25,0.0
1989-09-12,0.0,445.04,31.31,14.22,1282.77,5.713792475303019e-05
1989-09-13,0.0,437.56,31.37,14.6,1332.3,5.713792475303019e-05
1989-09-14,0.0,446.1,32.57,14.97,1348.56,0.0
1989-09-15,0.0,447.73,33.5,15.46,1384.5,5.713792475303019e-05
1989-09-16,0.0,403.47,34.39,18.39,1746.15,0.0
1989-09-17,0.0,374.51,31.92,17.54,1718.74,5.713792475303019e-05
1989-09-18,0.0,411.69,30.5,14.51,1380.81,5.713792475303019e-05
1989-09-19,0.0,419.34,29.85,13.39,1282.43,0.0
1989-09-20,0.0,465.03,28.8,9.5,948.71,0.0
1989-09-21,0.0,473.43,32.89,11.8,1073.51,5.713792475303019e-05
1989-09-22,0.0,454.33,35.74,15.2,1348.16,5.713792475303019e-05
1989-09-23,0.0,345.62,33.73,19.5,2009.3,5.713792475303019e-05
1989-09-24,0.0,394.72,34.72,17.84,1740.89,5.713792475303019e-05
1989-09-25,0.0,400.63,35.49,18.05,1734.31,0.00017141377425909055
1989-09-26,0.0,341.62,34.44,20.08,2105.71,0.0007999309465424227
1989-09-27,0.0,371.58,33.01,17.45,1737.02,0.0008570688712954529
1989-09-28,0.0,407.1,33.48,15.83,1522.49,0.0014284481188257547
1989-09-29,0.0,405.52,33.62,15.84,1524.6,0.0007427930217893925
1989-09-30,0.0,408.38,32.93,14.93,1435.06,0.0
1989-10-01,0.0,413.32,31.52,13.26,1287.78,0.0
1989-10-02,0.0,401.83,30.02,12.57,1256.41,0.0
1989-10-03,0.0,266.69,26.4,15.7,1708.29,0.0
1989-10-04,9.2,139.29,20.87,13.88,1596.64,0.0
1989-10-05,7.0,184.77,22.03,12.79,1491.79,0.0
1989-10-06,6.55,275.28,25.26,10.66,1285.72,0.0
1989-10-07,0.0,376.35,27.42,11.51,1306.05,0.0
1989-10-08,0.0,368.53,29.02,13.11,1448.15,0.0
1989-10-09,0.0,384.37,30.27,13.11,1431.68,0.0
1989-10-10,0.0,392.26,31.05,13.09,1377.82,0.0
1989-10-11,0.0,388.58,31.36,13.43,1412.66,0.0
1989-10-12,0.0,377.36,31.77,14.28,1504.94,0.0
1989-10-13,0.0,376.15,31.93,14.32,1509.53,0.0
1989-10-14,0.0,368.27,30.78,13.74,1465.47,0.0
1989-10-15,0.0,387.66,28.42,10.37,1173.04,0.0
1989-10-16,0.0,367.21,26.37,9.89,1166.85,0.0
1989-10-17,0.0,369.14,27.57,10.51,1211.8,0.0
1989-10-18,0.0,340.88,27.32,11.9,1351.17,0.0
1989-10-19,0.0,328.56,25.53,11.01,1303.04,0.0
1989-10-20,0.0,257.61,23.26,12.59,1471.64,0.0
1989-10-21,0.0,288.01,22.55,10.67,1272.61,0.0
1989-10-22,11.73,230.33,23.16,10.17,1250.74,0.0
1989-10-23,0.0,317.47,24.58,10.92,1283.41,0.0
1989-10-24,0.0,346.33,26.05,10.34,1206.87,0.0
1989-10-25,0.0,349.04,24.69,8.91,1090.69,0.0
1989-10-26,0.0,373.38,20.81,3.58,754.38,0.0
1989-10-27,0.0,363.11,20.46,3.86,747.86,0.0
1989-10-28,0.0,369.57,21.23,3.88,742.69,0.0
1989-10-29,0.0,362.47,20.02,3.17,715.7,0.0
1989-10-30,0.0,363.31,20.15,3.05,713.84,0.0
1989-10-31,0.0,345.87,21.51,5.42,841.38,0.0
1989-11-01,0.0,361.93,21.37,3.86,746.7,0.0
1989-11-02,0.0,358.75,21.01,3.4,726.39,0.0
1989-11-03,0.0,344.0,22.27,5.21,831.22,0.0
1989-11-04,0.0,347.77,22.88,4.97,811.82,5.713792475303019e-05
1989-11-05,0.0,342.54,22.44,4.73,802.88,5.713792475303019e-05
1989-11-06,0.0,333.55,21.76,4.63,805.03,0.0
1989-11-07,0.0,330.47,22.09,4.98,826.67,0.0
1989-11-08,0.0,330.98,22.9,5.46,851.63,0.0
1989-11-09,0.0,334.25,24.33,6.19,890.18,0.0
1989-11-10,0.0,334.56,26.43,7.63,969.77,0.0
1989-11-11,0.0,324.39,26.54,8.45,1037.17,0.0
1989-11-12,0.0,327.0,25.71,7.32,962.1,0.0
1989-11-13,0.0,330.12,24.6,5.86,873.26,0.0
1989-11-14,0.0,317.36,23.2,5.68,862.97,0.0
1989-11-15,0.0,317.97,23.06,5.38,815.59,0.0
1989-11-16,0.0,305.75,23.05,6.2,868.88,0.0
1989-11-17,0.0,286.49,20.56,5.47,766.31,0.0
1989-11-18,0.0,299.34,22.29,6.1,703.12,0.0
1989-11-19,0.0,304.54,24.15,7.05,729.3,0.0
1989-11-20,0.0,255.94,23.61,9.81,969.28,0.0
1989-11-21,7.83,174.67,21.07,8.56,1048.35,0.0
1989-11-22,0.0,273.94,20.61,5.61,793.45,0.0
1989-11-23,0.0,266.54,20.82,6.25,832.13,0.0
1989-11-24,0.0,266.9,20.52,5.84,808.21,0.0
1989-11-25,0.0,249.09,19.24,5.81,832.74,0.0
1989-11-26,0.0,212.33,17.03,6.01,889.83,0.0
1989-11-27,0.0,273.6,16.34,1.51,621.35,0.0
1989-11-28,0.0,240.53,12.75,0.38,601.82,0.0
1989-11-29,0.0,197.77,10.92,1.12,651.4,0.0
1989-11-30,0.0,235.56,12.06,0.13,597.05,0.0
1989-12-01,0.0,287.75,15.35,-0.47,529.68,0.0
1989-12-02,0.0,271.96,17.17,2.39,649.36,0.0
1989-12-03,0.0,261.42,17.23,3.28,658.58,0.0
1989-12-04,0.0,314.83,19.84,0.92,428.63,0.0
1989-12-05,0.0,310.33,21.84,3.23,490.59,0.0
1989-12-06,0.0,302.93,19.79,2.01,470.0,0.0
1989-12-07,0.0,278.73,17.73,2.25,518.11,0.0
1989-12-08,0.0,297.09,19.6,2.34,490.74,0.0
1989-12-09,0.0,290.45,20.37,3.63,541.17,0.0
1989-12-10,0.0,308.92,19.01,0.4,418.68,0.0
1989-12-11,0.0,273.88,12.86,-2.04,409.18,0.0
1989-12-12,0.0,299.84,12.52,-4.71,326.8,0.0
1989-12-13,0.0,288.35,13.51,-2.58,380.3,0.0
1989-12-14,0.0,307.75,16.55,-1.82,372.49,0.0
1989-12-15,0.0,284.66,15.25,-0.73,428.06,0.0
1989-12-16,0.0,258.37,14.05,0.35,497.52,0.0
1989-12-17,0.0,291.22,14.24,-2.23,385.24,0.0
1989-12-18,0.0,279.55,14.06,-1.38,420.82,0.0
1989-12-19,0.0,274.03,14.95,-0.02,462.27,0.0
1989-12-20,0.0,283.32,15.85,0.0,451.39,0.0
1989-12-21,0.0,280.1,15.65,0.01,455.27,0.0
1989-12-22,0.0,295.46,16.7,-0.52,418.79,0.0
1989-12-23,0.0,302.03,19.59,1.34,454.65,0.0
1989-12-24,0.0,296.95,20.47,2.59,497.22,0.0
1989-12-25,0.0,284.2,19.99,3.36,542.32,5.713792475303019e-05
1989-12-26,0.0,267.2,18.93,3.78,588.89,0.0
1989-12-27,0.0,260.68,18.16,3.61,596.44,5.713792475303019e-05
1989-12-28,0.0,250.11,16.31,2.62,579.85,5.713792475303019e-05
1989-12-29,21.65,130.67,11.62,2.62,732.95,0.00011427584950606039
1989-12-30,9.25,179.94,12.55,-0.48,595.94,5.713792475303019e-05
1989-12-31,0.0,268.24,13.39,-1.55,543.58,5.713792475303019e-05
1990-01-01,0.0,299.76,13.49,-1.83,538.28,5.713792475303019e-05
1990-01-02,0.0,265.46,12.97,-0.17,607.55,5.713792475303019e-05
1990-01-03,14.2,144.85,8.59,-0.51,594.26,0.00011427584950606039
1990-01-04,0.0,288.08,8.56,-5.78,408.36,5.713792475303019e-05
1990-01-05,0.0,290.53,9.25,-5.24,422.67,0.0
1990-01-06,0.0,281.87,11.91,-2.21,525.62,0.0
1990-01-07,0.0,322.92,13.36,-4.27,455.88,0.0
1990-01-08,0.0,331.57,16.67,-2.24,521.07,0.0
1990-01-09,0.0,334.93,20.44,0.36,624.23,0.0
1990-01-10,0.0,337.0,23.46,2.41,734.37,0.0
1990-01-11,0.0,332.66,23.11,2.86,757.2,0.0
1990-01-12,0.0,316.4,21.71,3.64,798.04,0.0
1990-01-13,0.76,256.94,18.61,5.34,897.59,0.0
1990-01-14,0.0,276.85,15.62,1.63,692.64,0.0
1990-01-15,3.17,173.22,13.82,2.7,746.04,0.0
1990-01-16,0.0,265.15,10.99,-1.68,551.73,0.0
1990-01-17,0.0,233.9,10.09,-0.72,586.09,0.0
1990-01-18,15.18,119.2,6.87,-0.19,607.18,0.0
1990-01-19,0.0,256.78,5.52,-6.17,396.25,0.0
1990-01-20,0.0,287.91,9.87,-3.83,466.0,0.0
1990-01-21,0.0,324.93,14.14,-2.61,509.16,0.0
1990-01-22,0.0,232.16,13.61,2.89,754.47,0.0
1990-01-23,0.0,307.34,17.13,1.66,697.55,0.0
1990-01-24,0.0,322.16,16.6,0.19,626.76,0.0
1990-01-25,0.0,352.78,15.9,-3.16,492.68,0.0
1990-01-26,0.0,344.98,17.13,-1.03,571.94,0.0
1990-01-27,0.0,343.06,16.29,-1.41,554.75,0.0
1990-01-28,0.0,358.81,15.67,-3.31,487.27,0.0
1990-01-29,0.0,358.31,15.61,-3.07,492.47,5.713792475303019e-05
1990-01-30,0.0,356.1,16.83,-1.59,546.3,5.713792475303019e-05
1990-01-31,0.0,283.56,16.05,3.22,773.19,5.713792475303019e-05
1990-02-01,1.7,252.41,13.26,1.8,707.27,5.713792475303019e-05
1990-02-02,12.82,161.27,8.12,-0.67,588.48,0.00011427584950606039
1990-02-03,0.0,323.48,8.82,-5.47,421.49,5.713792475303019e-05
1990-02-04,0.0,337.63,13.34,-2.07,529.05,5.713792475303019e-05
1990-02-05,0.0,304.35,12.84,-0.38,598.09,5.713792475303019e-05
1990-02-06,0.0,349.71,13.27,-2.66,509.49,5.713792475303019e-05
1990-02-07,0.0,351.42,14.78,-1.08,569.17,5.713792475303019e-05
1990-02-08,0.0,269.98,13.94,2.83,754.95,5.713792475303019e-05
1990-02-09,2.67,275.44,11.91,0.17,623.53,0.0
1990-02-10,0.0,380.9,15.04,-2.08,531.38,0.0
1990-02-11,0.0,387.98,18.85,0.85,650.07,0.0
1990-02-12,0.0,372.67,19.97,3.1,764.99,0.0
1990-02-13,0.0,328.1,16.03,2.84,756.41,0.0
1990-02-14,7.3,274.17,14.24,-0.82,592.72,0.0
1990-02-15,5.39,314.11,4.95,-10.96,275.47,0.0
1990-02-16,0.0,426.92,5.72,-10.42,286.35,0.0
1990-02-17,0.0,430.41,10.99,-5.76,402.32,0.0
1990-02-18,0.0,408.47,13.55,-2.17,523.74,0.0
1990-02-19,13.23,268.75,11.84,-1.69,543.75,5.713792475303019e-05
1990-02-20,8.32,252.77,7.31,-4.53,443.9,5.713792475303019e-05
1990-02-21,0.0,360.99,11.55,-1.67,546.61,0.0
1990-02-22,0.0,415.14,16.55,-0.43,596.34,0.0
1990-02-23,0.0,443.18,20.3,0.62,646.51,0.0
1990-02-24,0.0,450.02,23.12,2.44,736.88,0.0
1990-02-25,0.0,416.07,23.16,5.37,896.9,0.0
1990-02-26,0.0,385.48,23.09,7.23,1020.96,0.0
1990-02-27,0.0,385.58,21.07,5.7,927.56,0.0
1990-02-28,0.0,410.92,21.13,4.33,838.97,0.0
1990-03-01,0.0,410.54,21.27,4.73,864.16,0.0
1990-03-02,0.0,352.9,20.06,6.91,1003.99,5.713792475303019e-05
1990-03-03,0.0,279.79,19.27,9.32,1185.9,0.00028568962376515096
1990-03-04,0.0,350.82,19.59,6.63,992.89,0.0003428275485181811
1990-03-05,0.0,379.65,20.26,5.71,914.51,0.00022855169901212077
1990-03-06,0.0,365.77,14.71,1.71,699.4,0.00017141377425909055
1990-03-07,0.0,419.14,16.28,0.31,633.63,0.00017141377425909055
1990-03-08,0.0,447.86,21.07,2.68,737.76,0.00022855169901212077
1990-03-09,0.0,416.72,21.32,5.17,883.11,0.00045710339802424154
1990-03-10,5.0,337.76,18.31,5.03,879.3,0.0017712756673439359
1990-03-11,8.35,191.45,11.53,3.25,777.98,0.002742620388145449
1990-03-12,7.69,202.82,10.45,1.9,710.23,0.002628344538639389
1990-03-13,2.77,290.12,9.76,-1.07,576.45,0.006285171722833322
1990-03-14,0.05,436.69,9.0,-5.87,404.06,0.011427584950606038
1990-03-15,0.0,453.71,14.23,-1.92,533.73,0.010284826455545435
1990-03-16,0.0,453.47,16.8,0.46,629.9,0.007427930217893924
1990-03-17,0.0,480.53,20.48,2.01,690.99,0.006856550970363623
1990-03-18,0.0,496.4,23.03,2.82,715.32,0.006285171722833322
1990-03-19,0.0,460.72,25.08,7.3,974.5,0.004628171904995446
1990-03-20,0.0,439.34,25.37,8.98,1107.23,0.0036568271841939323
1990-03-21,0.0,464.57,26.04,8.05,1002.88,0.003085447936663631
1990-03-22,0.0,487.35,26.64,6.9,884.1,0.0022855169901212077
1990-03-23,0.0,482.31,27.15,7.81,899.4,0.0019998273663560566
1990-03-24,0.0,486.06,27.65,8.06,908.04,0.0018284135920969662
1990-03-25,0.0,486.78,27.04,7.65,884.01,0.0013713101940727244
1990-03-26,0.0,468.89,26.1,8.31,943.95,0.0009713447208015134
1990-03-27,0.0,416.08,24.43,9.75,1084.22,0.0009713447208015134
1990-03-28,0.0,457.91,21.55,5.3,797.14,0.0009713447208015134
1990-03-29,12.35,294.94,17.37,4.5,835.13,0.04342482281230294
1990-03-30,14.2,274.1,15.27,3.78,809.99,0.06856550970363623
1990-03-31,4.5,271.02,15.3,4.51,852.33,0.10284826455545434
1990-04-01,4.3,294.06,16.1,3.85,813.74,0.13141722693196944
1990-04-02,0.0,436.84,19.1,4.81,804.92,0.08570688712954529
1990-04-03,0.0,477.43,21.81,5.16,786.72,0.04571033980242415
1990-04-04,0.0,475.76,23.01,6.49,807.53,0.03313999635675751
1990-04-05,2.01,341.03,20.52,8.74,1050.27,0.01885551516849996
1990-04-06,0.0,454.12,21.67,6.59,845.52,0.014855860435787849
1990-04-07,0.0,407.35,22.15,9.25,1039.11,0.010284826455545435
1990-04-08,0.0,417.22,22.26,9.09,1020.32,0.007999309465424227
1990-04-09,0.0,515.08,23.35,5.03,701.81,0.006285171722833322
1990-04-10,0.0,512.36,26.46,7.7,821.55,0.004970999453513626
1990-04-11,0.0,522.68,28.2,8.22,829.91,0.004628171904995446
1990-04-12,0.0,537.32,28.82,7.42,768.49,0.003828240958453023
1990-04-13,0.0,535.59,29.83,8.29,808.16,0.003828240958453023
1990-04-14,0.0,519.75,30.37,9.95,910.08,0.003828240958453023
1990-04-15,0.0,518.13,29.8,9.58,890.56,0.003828240958453023
1990-04-16,0.0,464.32,27.94,11.15,1042.66,0.003828240958453023
1990-04-17,0.0,421.69,23.72,9.7,1021.26,0.0038853788832060535
1990-04-18,0.0,425.14,20.97,7.18,880.24,0.004171068506971204
1990-04-19,0.0,474.65,23.12,7.06,757.25,0.004456758130736355
1990-04-20,0.0,518.17,26.58,7.81,725.7,0.004628171904995446
1990-04-21,0.0,508.63,27.56,9.4,803.94,0.004399620205983325
1990-04-22,0.0,487.93,26.45,9.69,848.71,0.003828240958453023
1990-04-23,0.0,473.64,24.12,8.44,815.72,0.0045138960554893855
1990-04-24,14.83,314.91,20.73,7.53,950.35,0.008570688712954529
1990-04-25,14.26,265.58,17.96,7.44,1041.24,0.010284826455545435
1990-04-26,0.0,511.99,24.46,6.83,796.47,0.010284826455545435
1990-04-27,0.0,532.12,27.48,8.3,836.99,0.007427930217893924
1990-04-28,0.0,503.61,28.48,10.8,1006.67,0.004799585679254537
1990-04-29,0.0,402.11,27.33,14.25,1391.57,0.0042282064317242345
1990-04-30,0.0,400.68,24.74,12.05,1253.33,0.004171068506971204
1990-05-01,0.0,415.71,20.06,7.21,908.32,0.004113930582218174
1990-05-02,0.0,449.54,19.91,5.78,802.78,0.003828240958453023
1990-05-03,0.0,521.26,24.07,6.05,734.56,0.004113930582218174
1990-05-04,0.0,531.39,27.35,8.37,777.04,0.004285344356477264
1990-05-05,0.0,505.73,28.66,10.89,937.07,0.0035996892594409025
1990-05-06,0.0,477.12,28.39,12.12,1051.12,0.0025712066138863588
1990-05-07,0.0,518.33,29.44,10.72,905.14,0.0023426549148742376
1990-05-08,0.0,453.23,28.94,13.46,1167.37,0.0019998273663560566
1990-05-09,0.0,529.72,29.0,9.66,829.65,0.0015998618930848454
1990-05-10,0.0,496.86,27.78,10.49,921.05,0.0015998618930848454
1990-05-11,0.0,501.86,25.48,8.32,792.84,0.0014284481188257547
1990-05-12,0.0,522.13,25.73,7.56,732.01,0.0013713101940727244
1990-05-13,0.0,543.3,27.92,8.22,731.99,0.0011998964198136342
1990-05-14,0.0,527.95,28.24,9.54,812.05,0.0010856205703075735
1990-05-15,0.0,527.67,27.9,9.31,796.35,0.0010284826455545435
1990-05-16,0.0,557.02,29.13,8.42,689.42,0.0008570688712954529
1990-05-17,0.0,533.01,30.32,11.05,808.09,0.0007427930217893925
1990-05-18,0.0,490.06,29.26,12.38,942.04,0.0005713792475303019
1990-05-19,0.0,483.59,26.45,10.22,842.32,0.0005142413227772717
1990-05-20,0.0,542.84,26.02,6.63,611.77,0.00045710339802424154
1990-05-21,0.0,565.04,30.61,9.15,595.59,0.00039996547327121135
1990-05-22,0.0,536.59,32.35,12.82,731.0,0.00039996547327121135
1990-05-23,0.0,524.19,32.99,14.04,798.86,0.00039996547327121135
1990-05-24,0.0,418.28,31.83,17.88,1244.1,0.00039996547327121135
1990-05-25,0.0,534.3,29.35,10.02,621.24,0.0003428275485181811
1990-05-26,0.0,510.78,29.21,11.23,701.56,0.0003428275485181811
1990-05-27,0.0,544.92,29.73,9.65,590.91,0.00045710339802424154
1990-05-28,0.0,457.81,27.72,12.47,836.94,0.00039996547327121135
1990-05-29,9.17,320.08,21.83,8.0,841.04,0.00039996547327121135
1990-05-30,0.0,488.82,25.76,9.06,702.34,0.0003428275485181811
1990-05-31,0.0,492.5,26.91,9.86,722.42,0.00028568962376515096
1990-06-01,0.0,477.96,27.12,10.7,780.86,0.00028568962376515096
1990-06-02,0.0,536.25,31.69,11.11,708.54,0.00022855169901212077
1990-06-03,0.0,546.5,35.27,13.78,802.17,0.00022855169901212077
1990-06-04,0.0,542.35,37.1,15.54,897.42,0.00017141377425909055
1990-06-05,0.0,525.47,36.8,16.31,967.13,0.00011427584950606039
1990-06-06,0.0,501.73,35.48,16.5,1030.67,0.0
1990-06-07,0.0,506.09,34.93,15.79,977.59,0.0
1990-06-08,0.0,509.65,35.48,16.03,980.48,0.0
1990-06-09,0.0,406.1,34.96,20.47,1506.85,0.0
1990-06-10,4.11,296.95,30.62,16.84,1433.18,0.0
1990-06-11,0.0,501.8,31.5,13.5,740.28,0.0
1990-06-12,0.0,490.75,31.99,14.62,786.74,0.0
1990-06-13,0.0,494.19,32.52,14.93,794.29,0.0
1990-06-14,0.0,527.52,32.42,12.99,659.46,0.0
1990-06-15,0.0,453.46,29.74,14.38,846.04,0.0
1990-06-16,0.0,552.7,30.24,9.51,511.29,0.0
1990-06-17,0.0,561.74,33.76,11.7,566.11,0.0
1990-06-18,0.0,545.62,35.92,14.72,702.03,0.0
1990-06-19,0.0,546.51,36.73,15.26,726.68,0.0
1990-06-20,0.0,552.87,38.45,16.24,762.4,0.0
1990-06-21,0.0,560.03,39.26,16.25,761.55,0.0
1990-06-22,0.0,552.0,39.25,16.76,794.89,5.713792475303019e-05
1990-06-23,0.0,536.46,39.04,17.53,847.92,0.0
1990-06-24,0.0,509.33,39.93,19.93,1018.16,0.0
1990-06-25,0.0,526.36,41.73,20.24,1007.04,0.0
1990-06-26,0.0,504.3,42.86,22.47,1202.2,0.0
1990-06-27,0.0,478.85,41.99,23.06,1298.72,0.0
1990-06-28,0.0,504.82,41.4,21.43,1050.53,0.0
1990-06-29,0.0,483.78,39.99,21.55,1030.55,0.0
1990-06-30,0.0,419.83,39.09,23.93,1206.48,0.0
1990-07-01,7.2,336.15,39.31,23.31,1248.37,0.0
1990-07-02,7.81,297.77,36.79,22.4,1340.49,0.0
1990-07-03,21.47,303.38,33.75,19.32,1239.13,0.0
1990-07-04,0.0,439.57,35.21,19.33,1166.77,0.0
1990-07-05,0.0,379.14,34.91,21.57,1499.82,0.0
1990-07-06,0.0,272.33,30.81,21.56,1948.61,0.0
1990-07-07,0.0,348.48,30.82,19.24,1434.29,0.0
1990-07-08,0.0,360.31,30.73,18.88,1361.41,0.0
1990-07-09,0.0,409.17,32.94,19.16,1229.98,5.713792475303019e-05
1990-07-10,0.0,427.93,34.21,19.54,1199.46,0.0
1990-07-11,3.43,355.76,35.22,20.09,1467.74,5.713792475303019e-05
1990-07-12,0.08,411.65,36.27,21.87,1474.05,0.0
1990-07-13,0.0,435.24,36.01,20.9,1320.66,0.0
1990-07-14,0.0,384.99,33.58,20.74,1483.79,0.0
1990-07-15,0.0,360.96,29.58,18.03,1371.05,0.0
1990-07-16,7.1,290.12,30.45,19.72,1738.97,0.0
1990-07-17,3.42,410.72,32.56,17.91,1298.56,0.0
1990-07-18,0.0,463.42,35.79,19.92,1342.51,0.0
1990-07-19,0.0,453.17,37.14,21.66,1505.95,0.0
1990-07-20,1.86,424.44,36.34,21.46,1585.73,0.0
1990-07-21,0.0,435.47,34.69,20.56,1518.78,0.0
1990-07-22,12.73,378.52,35.19,17.35,1369.78,0.0
1990-07-23,0.0,457.88,34.17,19.35,1459.5,0.0
1990-07-24,14.29,366.79,32.61,16.4,1291.14,5.713792475303019e-05
1990-07-25,0.0,410.01,31.21,19.01,1403.39,5.713792475303019e-05
1990-07-26,0.0,465.5,32.78,18.55,1224.1,0.00011427584950606039
1990-07-27,0.0,529.19,34.38,16.94,979.93,5.713792475303019e-05
1990-07-28,0.0,556.64,36.1,16.57,908.13,0.0
1990-07-29,0.0,553.27,37.03,17.49,961.88,0.0
1990-07-30,0.0,520.67,36.67,19.15,1128.81,0.0
1990-07-31,6.2,391.36,35.66,18.12,1355.81,0.0
1990-08-01,0.0,489.89,34.47,18.59,1238.71,0.0
1990-08-02,2.61,461.48,32.95,17.34,1209.53,0.0
1990-08-03,0.0,505.61,33.81,17.11,1127.33,0.0
1990-08-04,0.0,513.92,34.59,17.2,1110.81,0.0
1990-08-05,0.0,489.37,35.49,18.98,1287.99,0.0
1990-08-06,0.67,436.38,34.54,19.78,1495.97,0.0
1990-08-07,3.07,368.94,33.44,17.56,1487.76,0.0021141032158621172
1990-08-08,0.0,483.07,35.28,18.62,1332.91,5.713792475303019e-05
1990-08-09,0.0,487.56,36.53,19.37,1372.44,0.0
1990-08-10,0.0,469.55,36.74,20.34,1492.44,0.0
1990-08-11,0.0,456.91,36.51,20.66,1559.24,0.0
1990-08-12,7.13,431.09,34.13,17.32,1353.78,0.0
1990-08-13,10.8,271.97,28.85,17.25,1788.8,0.0
1990-08-14,21.63,206.66,25.16,16.73,1853.78,0.897065418622574
1990-08-15,20.55,187.37,23.83,16.34,1864.58,0.013713101940727246
1990-08-16,6.35,246.81,27.83,17.8,2022.71,0.002685482463392419
1990-08-17,0.0,416.9,30.41,16.68,1750.65,0.0019998273663560566
1990-08-18,0.0,455.44,31.53,15.91,1618.99,0.0017712756673439359
1990-08-19,0.0,454.15,31.43,15.82,1609.99,0.0015998618930848454
1990-08-20,0.0,381.44,31.28,18.68,2015.75,0.0014284481188257547
1990-08-21,0.0,497.88,32.42,14.22,1401.52,0.0011427584950606039
1990-08-22,0.0,498.16,32.93,14.48,1415.52,0.0011427584950606039
1990-08-23,0.0,494.95,33.16,14.73,1442.65,0.0009713447208015134
1990-08-24,0.0,494.03,32.25,13.81,1368.89,0.0007427930217893925
1990-08-25,0.0,472.49,31.88,14.6,1457.41,0.0007427930217893925
1990-08-26,0.0,482.02,32.49,14.48,1448.99,0.0007427930217893925
1990-08-27,0.0,457.34,34.16,17.11,1735.48,0.0007427930217893925
1990-08-28,0.0,470.19,34.75,16.9,1662.46,0.0006856550970363622
1990-08-29,0.0,426.24,35.57,19.74,2048.79,0.0005713792475303019
1990-08-30,0.0,422.64,35.19,19.59,2042.06,0.0005713792475303019
1990-08-31,0.0,399.54,32.22,18.19,1937.39,0.0005713792475303019
1990-09-01,9.5,232.79,30.03,19.64,2296.66,0.0005713792475303019
1990-09-02,11.52,293.75,31.81,17.99,2060.18,0.0005713792475303019
1990-09-03,0.0,403.65,33.25,18.83,2082.92,0.13713101940727246
1990-09-04,8.43,294.74,31.24,17.43,1987.41,0.02456930764380298
1990-09-05,0.0,330.29,29.89,18.89,2165.88,0.1542723968331815
1990-09-06,0.86,377.83,31.18,17.75,2008.78,0.14855860435787852
1990-09-07,0.0,427.61,33.3,17.67,1953.36,0.005542378701043928
1990-09-08,0.0,418.54,35.1,19.41,2184.39,0.0025712066138863588
1990-09-09,0.0,443.88,36.43,18.96,2074.24,0.0013713101940727244
1990-09-10,0.0,466.99,37.71,18.12,1940.84,0.0006285171722833321
1990-09-11,0.0,455.1,37.79,18.82,2037.99,0.00017141377425909055
1990-09-12,0.0,457.66,37.08,17.9,1913.52,5.713792475303019e-05
1990-09-13,0.0,441.89,35.6,17.41,1907.11,5.713792475303019e-05
1990-09-14,0.0,384.04,34.62,19.52,2242.08,0.03828240958453023
1990-09-15,14.81,261.83,30.6,17.5,1999.4,0.21141032158621173
1990-09-16,4.38,276.15,29.28,16.7,1913.19,0.09713447208015133
1990-09-17,0.0,369.99,29.41,15.73,1804.77,0.03999654732712113
1990-09-18,4.58,253.96,27.64,15.59,1793.85,0.012570343445666644
1990-09-19,6.15,317.37,26.51,13.27,1544.66,0.04113930582218174
1990-09-20,5.98,270.19,27.64,14.51,1656.67,0.009713447208015133
1990-09-21,8.65,266.41,28.04,15.09,1717.33,0.004685309829748475
1990-09-22,0.0,394.54,28.81,14.02,1622.72,0.0023997928396272683
1990-09-23,0.0,297.28,29.02,18.45,2129.72,0.0009142067960484831
1990-09-24,0.0,372.3,28.89,15.25,1754.65,0.00011427584950606039
1990-09-25,0.0,409.22,30.47,14.58,1683.07,0.0
1990-09-26,0.0,418.29,30.5,13.94,1613.81,0.0
1990-09-27,0.0,436.19,30.9,12.97,1501.74,0.0
1990-09-28,0.0,443.31,29.45,11.13,1331.39,5.713792475303019e-05
1990-09-29,0.0,437.22,27.84,10.1,1256.59,0.00011427584950606039
1990-09-30,0.0,348.2,25.26,12.68,1481.95,0.00011427584950606039
1990-10-01,0.0,292.52,23.11,13.02,1516.21,0.00011427584950606039
1990-10-02,0.0,387.01,24.02,9.6,1212.3,0.00011427584950606039
1990-10-03,0.0,414.0,26.54,9.96,1227.54,0.00017141377425909055
1990-10-04,0.0,441.42,31.2,11.14,1305.77,0.00017141377425909055
1990-10-05,0.0,401.51,30.75,13.48,1521.65,0.00017141377425909055
1990-10-06,0.0,398.29,29.23,12.27,1418.41,0.00017141377425909055
1990-10-07,0.0,328.7,27.56,14.52,1647.07,0.00017141377425909055
1990-10-08,0.0,381.23,26.39,10.74,1293.31,0.00017141377425909055
1990-10-09,0.0,410.08,25.44,7.98,1077.21,0.00017141377425909055
1990-10-10,0.0,436.21,26.96,6.7,985.4,0.00017141377425909055
1990-10-11,0.0,436.19,27.23,6.77,975.53,0.00017141377425909055
1990-10-12,0.0,436.93,27.64,6.52,967.17,0.00017141377425909055
1990-10-13,0.0,429.46,27.6,7.02,993.13,0.00017141377425909055
1990-10-14,0.0,417.31,27.79,7.91,1059.52,0.0003428275485181811
1990-10-15,0.0,415.66,27.89,7.69,1039.95,0.00039996547327121135
1990-10-16,0.0,378.97,26.9,9.45,1172.74,0.00039996547327121135
1990-10-17,0.0,368.02,27.42,10.41,1259.36,0.00039996547327121135
1990-10-18,0.0,352.95,27.93,11.56,1373.78,0.0003428275485181811
1990-10-19,0.0,285.82,26.12,13.48,1543.08,0.00022855169901212077
1990-10-20,0.0,354.35,21.46,5.59,935.54,0.00028568962376515096
1990-10-21,0.0,371.7,21.88,4.48,855.09,0.00028568962376515096
1990-10-22,0.0,377.91,25.44,6.61,984.01,0.00028568962376515096
1990-10-23,0.0,393.6,27.72,6.68,955.19,0.00028568962376515096
1990-10-24,0.0,386.51,29.63,8.37,1068.54,0.0003428275485181811
1990-10-25,0.0,364.96,30.09,10.37,1232.51,0.00045710339802424154
1990-10-26,0.0,371.58,29.96,9.35,1152.05,0.00045710339802424154
1990-10-27,0.0,370.99,29.73,8.89,1119.12,0.0003428275485181811
1990-10-28,0.0,310.81,28.55,12.39,1427.47,5.713792475303019e-05
1990-10-29,0.0,319.97,28.09,11.32,1345.92,5.713792475303019e-05
1990-10-30,0.0,352.46,27.96,8.4,1090.8,5.713792475303019e-05
1990-10-31,0.0,294.41,25.83,10.51,1273.18,5.713792475303019e-05
1990-11-01,0.0,284.91,23.67,9.08,1162.98,5.713792475303019e-05
1990-11-02,13.37,203.03,20.01,6.53,985.89,0.00011427584950606039
1990-11-03,0.0,264.98,14.48,1.91,710.99,0.00011427584950606039
1990-11-04,0.0,299.14,17.24,2.41,732.38,5.713792475303019e-05
1990-11-05,0.0,330.12,19.03,1.67,697.63,5.713792475303019e-05
1990-11-06,0.0,314.67,18.44,2.06,720.45,5.713792475303019e-05
1990-11-07,0.0,259.23,15.18,2.46,737.64,5.713792475303019e-05
1990-11-08,0.0,318.15,17.74,0.95,662.49,5.713792475303019e-05
1990-11-09,0.0,322.16,22.44,4.62,852.68,5.713792475303019e-05
1990-11-10,0.0,338.4,24.66,4.81,860.83,5.713792475303019e-05
1990-11-11,0.0,321.63,25.32,6.8,990.89,5.713792475303019e-05
1990-11-12,0.0,282.16,24.4,9.03,1162.05,5.713792475303019e-05
1990-11-13,0.0,286.92,25.01,9.22,1161.93,5.713792475303019e-05
1990-11-14,0.0,306.07,25.23,8.0,1007.97,5.713792475303019e-05
1990-11-15,0.0,320.32,25.09,6.49,873.26,5.713792475303019e-05
1990-11-16,0.0,321.1,25.48,6.5,875.81,5.713792475303019e-05
1990-11-17,0.0,264.61,23.9,9.4,1124.8,5.713792475303019e-05
1990-11-18,0.0,301.45,23.41,6.05,880.88,5.713792475303019e-05
1990-11-19,0.0,274.9,21.89,6.59,927.31,5.713792475303019e-05
1990-11-20,14.27,118.85,16.88,8.77,1143.56,0.00011427584950606039
1990-11-21,16.63,154.57,14.5,4.13,826.3,0.00017141377425909055
1990-11-22,0.0,300.87,18.61,1.74,701.04,0.00011427584950606039
1990-11-23,0.0,316.67,22.25,3.21,770.13,0.00011427584950606039
1990-11-24,0.0,303.16,22.66,4.88,867.49,0.00011427584950606039
1990-11-25,0.0,293.12,21.97,5.09,885.47,0.00011427584950606039
1990-11-26,0.0,255.93,16.99,3.59,807.01,0.00011427584950606039
1990-11-27,10.61,198.64,10.4,-2.95,500.73,0.00011427584950606039
1990-11-28,0.0,302.82,12.58,-3.6,475.67,0.00011427584950606039
1990-11-29,0.0,310.69,16.5,-0.83,582.22,5.713792475303019e-05
1990-11-30,0.0,261.0,16.48,2.98,764.44,5.713792475303019e-05
1990-12-01,0.0,305.6,17.69,0.34,637.68,5.713792475303019e-05
1990-12-02,0.0,307.92,16.08,-1.5,557.02,5.713792475303019e-05
1990-12-03,0.0,270.16,14.5,-0.0,617.32,5.713792475303019e-05
1990-12-04,0.0,289.62,16.94,0.64,643.83,5.713792475303019e-05
1990-12-05,0.0,302.29,17.16,-0.49,593.12,5.713792475303019e-05
1990-12-06,0.0,289.89,15.59,-0.79,579.47,5.713792475303019e-05
1990-12-07,0.0,312.4,17.64,-1.58,545.39,5.713792475303019e-05
1990-12-08,0.0,313.53,20.02,0.05,605.01,5.713792475303019e-05
1990-12-09,0.0,320.86,21.49,-0.07,599.03,5.713792475303019e-05
1990-12-10,0.0,315.92,20.81,-0.07,599.96,5.713792475303019e-05
1990-12-11,0.0,294.04,19.63,1.32,669.89,5.713792475303019e-05
1990-12-12,0.0,207.83,16.79,5.29,890.23,5.713792475303019e-05
1990-12-13,4.38,119.56,15.33,6.85,997.54,5.713792475303019e-05
1990-12-14,1.03,195.33,14.91,4.03,822.09,5.713792475303019e-05
1990-12-15,0.0,196.92,13.01,2.79,752.29,5.713792475303019e-05
1990-12-16,15.18,79.6,10.01,4.92,871.19,0.00011427584950606039
1990-12-17,2.14,175.83,8.45,-0.97,579.36,5.713792475303019e-05
1990-12-18,0.0,250.08,8.22,-4.48,446.4,5.713792475303019e-05
1990-12-19,0.0,256.74,9.59,-3.6,473.46,5.713792475303019e-05
1990-12-20,12.41,133.06,8.6,-0.02,610.07,5.713792475303019e-05
1990-12-21,11.24,107.33,3.34,-3.23,486.89,5.713792475303019e-05
1990-12-22,13.68,167.71,2.37,-7.31,360.05,5.713792475303019e-05
1990-12-23,0.0,308.75,1.95,-12.76,239.27,5.713792475303019e-05
1990-12-24,0.0,327.92,6.24,-10.46,284.95,5.713792475303019e-05
1990-12-25,0.0,317.64,8.28,-7.39,360.55,5.713792475303019e-05
1990-12-26,0.0,335.14,9.56,-8.13,344.27,5.713792475303019e-05
1990-12-27,0.0,333.96,10.7,-6.95,372.75,5.713792475303019e-05
1990-12-28,13.57,138.76,8.4,0.43,628.99,5.713792475303019e-05
1990-12-29,9.73,129.61,8.28,1.14,665.88,5.713792475303019e-05
1990-12-30,7.51,226.36,11.18,-3.18,492.74,0.003085447936663631
1990-12-31,0.0,312.64,14.56,-0.56,590.07,0.004056792657465143
1991-01-01,0.0,293.06,15.46,0.81,650.96,0.002056965291109087
1991-01-02,0.0,285.03,16.32,2.34,724.44,0.0010284826455545435
1991-01-03,0.0,196.04,14.58,6.03,939.93,0.0009713447208015134
1991-01-04,16.98,101.45,11.77,6.1,946.6,0.0914206796048483
1991-01-05,10.14,110.74,12.13,5.97,937.79,0.8513550788201498
1991-01-06,15.44,105.21,11.56,5.74,927.3,0.868496456246059
1991-01-07,2.0,229.25,13.81,2.45,736.76,0.3542551334687872
1991-01-08,0.0,266.44,13.84,1.77,697.91,0.17141377425909057
1991-01-09,0.0,231.59,11.93,2.0,710.83,0.10284826455545434
1991-01-10,0.0,261.72,11.5,0.02,620.46,0.06285171722833321
1991-01-11,0.0,281.44,12.58,-0.15,610.27,0.031997237861696906
1991-01-12,0.0,318.6,16.84,0.71,647.78,0.023426549148742377
1991-01-13,0.0,325.42,17.46,0.72,648.91,0.014855860435787849
1991-01-14,0.0,307.46,15.59,0.88,657.41,0.010856205703075735
1991-01-15,0.0,317.43,15.03,-0.27,607.35,0.007427930217893924
1991-01-16,0.0,265.94,12.28,0.7,646.15,0.006856550970363623
1991-01-17,0.0,266.42,13.02,1.54,687.86,0.005656654550549989
1991-01-18,0.0,321.1,14.46,-0.63,592.41,0.005599516625796959
1991-01-19,0.0,323.68,13.54,-1.54,552.32,0.006285171722833322
1991-01-20,0.0,293.44,13.11,0.39,630.14,0.005656654550549989
1991-01-21,0.26,239.39,10.85,1.08,666.81,0.005656654550549989
1991-01-22,0.0,304.81,11.9,-1.18,566.73,0.006285171722833322
1991-01-23,0.0,323.7,12.86,-1.52,551.07,0.006856550970363623
1991-01-24,0.0,335.38,13.5,-1.73,540.0,0.006285171722833322
1991-01-25,0.0,351.66,15.33,-1.45,551.94,0.007999309465424227
1991-01-26,0.0,341.36,15.52,-0.11,610.26,0.007427930217893924
1991-01-27,0.0,320.53,15.29,1.46,681.48,0.007427930217893924
1991-01-28,0.0,348.57,14.54,-1.27,559.57,0.007427930217893924
1991-01-29,0.0,339.37,12.13,-2.65,507.3,0.007999309465424227
1991-01-30,0.0,382.62,13.5,-5.47,410.18,0.006856550970363623
1991-01-31,0.0,383.75,17.75,-1.79,536.38,0.006285171722833322
1991-02-01,0.0,330.58,17.53,3.34,777.56,0.007427930217893924
1991-02-02,0.0,348.66,19.87,4.03,821.51,0.007427930217893924
1991-02-03,0.0,366.21,19.8,2.16,716.62,0.007427930217893924
1991-02-04,0.0,355.15,19.34,2.67,743.71,0.007427930217893924
1991-02-05,0.0,352.72,19.68,3.06,768.73,0.007427930217893924
1991-02-06,0.0,326.19,20.63,5.94,940.06,0.007427930217893924
1991-02-07,0.0,263.8,18.96,7.95,1081.48,0.007427930217893924
1991-02-08,0.08,339.22,18.05,2.87,761.77,0.007427930217893924
1991-02-09,0.0,361.34,20.01,3.11,771.52,0.007999309465424227
1991-02-10,0.0,344.65,21.4,5.66,920.18,0.00914206796048483
1991-02-11,0.0,323.34,21.37,7.2,1025.04,0.00914206796048483
1991-02-12,0.0,275.76,20.01,8.77,1142.8,0.00914206796048483
1991-02-13,0.0,361.12,20.51,4.44,851.16,0.00914206796048483
1991-02-14,0.0,364.96,22.16,5.71,921.81,0.00914206796048483
1991-02-15,0.0,358.99,22.02,6.04,943.45,0.00914206796048483
1991-02-16,0.0,251.33,19.12,9.09,1166.92,0.00914206796048483
1991-02-17,4.65,227.2,16.41,5.81,935.83,0.008570688712954529
1991-02-18,11.57,236.28,13.33,1.26,675.16,0.010284826455545435
1991-02-19,0.0,369.71,14.49,-0.44,597.61,0.00914206796048483
1991-02-20,0.0,405.45,18.88,0.83,654.29,0.00914206796048483
1991-02-21,0.0,418.11,21.73,2.1,717.58,0.00914206796048483
1991-02-22,0.0,414.52,22.63,3.3,781.76,0.00914206796048483
1991-02-23,0.0,377.86,21.31,5.22,898.48,0.00914206796048483
1991-02-24,0.0,389.7,20.61,4.01,823.97,0.00914206796048483
1991-02-25,0.0,408.15,21.2,3.26,787.86,0.00914206796048483
1991-02-26,0.0,388.21,20.31,4.04,824.18,0.00914206796048483
1991-02-27,0.0,386.32,19.24,3.37,784.89,0.00914206796048483
1991-02-28,29.16,221.73,16.67,5.71,930.13,0.06285171722833321
1991-03-01,41.35,104.7,9.97,5.42,917.67,21.998101029916626
1991-03-02,37.71,211.77,13.11,3.55,801.88,10.399102305051494
1991-03-03,0.0,410.06,18.23,2.04,719.96,1.75984808239333
1991-03-04,0.0,426.4,20.95,3.71,804.62,1.0570516079310586
1991-03-05,0.0,309.23,19.1,8.19,1096.53,0.6913688895116654
1991-03-06,0.0,361.48,17.83,5.22,900.98,0.41710685069712045
1991-03-07,0.0,413.2,14.28,-0.46,595.8,0.29711720871575703
1991-03-08,0.0,462.66,18.06,-0.52,597.12,0.21712411406151474
1991-03-09,0.0,446.26,20.23,2.74,746.12,0.19426894416030266
1991-03-10,0.0,371.44,20.01,6.84,992.58,0.15998618930848452
1991-03-11,0.0,326.77,17.58,6.83,1006.23,0.14855860435787852
1991-03-12,0.0,458.72,15.69,-1.5,559.34,0.13141722693196944
1991-03-13,0.0,398.96,14.43,1.05,664.64,0.12570343445666643
1991-03-14,3.41,275.08,11.18,1.4,684.0,0.11427584950606039
1991-03-15,0.0,360.81,9.99,-1.15,572.25,0.09713447208015133
1991-03-16,16.12,257.88,8.63,-1.56,554.93,0.08570688712954529
1991-03-17,0.0,473.76,14.0,-2.7,508.68,0.06285171722833321
1991-03-18,0.0,491.18,19.83,1.44,681.09,0.040567926574651435
1991-03-19,0.0,410.95,16.27,2.81,755.53,0.21141032158621173
1991-03-20,14.29,310.12,12.19,-0.9,580.98,0.8113585314930287
1991-03-21,22.51,259.87,10.1,-0.24,606.26,3.1425858614166606
1991-03-22,9.2,266.77,10.48,0.19,625.94,2.074106668534996
1991-03-23,0.0,484.41,16.36,-0.06,614.61,1.8284135920969662
1991-03-24,0.0,485.83,19.41,2.94,759.2,1.799844629720451
1991-03-25,0.0,414.16,18.07,5.37,897.69,1.3427412316962095
1991-03-26,10.98,306.68,14.09,3.15,774.54,4.965285661038324
1991-03-27,20.46,301.3,9.51,-1.54,557.68,3.908234053107265
1991-03-28,15.68,317.3,10.1,-1.61,547.46,3.9425168079590835
1991-03-29,1.49,419.28,13.32,-0.01,616.23,2.8968927849786303
1991-03-30,0.0,494.63,17.76,2.31,725.67,2.1712411406151473
1991-03-31,0.0,503.61,21.47,4.69,858.35,1.5312963833812092
1991-04-01,0.0,473.35,21.37,6.26,960.63,1.2227515897148462
1991-04-02,0.0,524.27,20.72,2.62,747.07,0.9599171358509072
1991-04-03,0.0,515.34,23.19,5.29,905.29,0.7370792293140894
1991-04-04,0.0,510.27,26.3,8.02,1089.13,0.5999482099068171
1991-04-05,0.0,513.74,28.01,8.85,1147.35,0.49138615287605963
1991-04-06,0.0,500.84,28.09,9.82,1222.12,0.42282064317242346
1991-04-07,0.0,487.7,26.17,9.25,1169.59,0.34854134099348416
1991-04-08,0.0,519.32,24.68,6.11,941.75,0.308544793666363
1991-04-09,0.0,514.09,25.38,6.97,1002.28,0.25140686891333286
1991-04-10,0.0,517.48,24.22,5.57,904.07,0.22283790653681776
1991-04-11,0.0,501.18,21.09,4.13,830.81,0.1828413592096966
1991-04-12,0.0,501.92,15.47,-0.86,587.1,0.1199896419813634
1991-04-13,0.0,501.57,17.79,1.08,666.93,0.11427584950606039
1991-04-14,0.0,525.45,21.02,2.17,722.7,0.11427584950606039
1991-04-15,0.0,522.44,23.35,4.24,828.98,0.10856205703075737
1991-04-16,0.0,488.94,23.33,6.34,954.98,0.11427584950606039
1991-04-17,0.0,504.79,23.19,5.39,894.6,0.10284826455545434
1991-04-18,0.0,511.96,22.65,4.42,838.37,0.09713447208015133
1991-04-19,0.0,514.58,24.08,5.33,900.08,0.09713447208015133
1991-04-20,0.0,511.59,25.4,6.51,957.97,0.08570688712954529
1991-04-21,0.0,489.47,23.78,6.23,942.09,0.07999309465424226
1991-04-22,0.0,486.74,22.4,5.3,891.17,0.07427930217893926
1991-04-23,0.0,456.88,21.86,6.43,974.68,0.07427930217893926
1991-04-24,0.0,497.46,23.35,5.51,910.72,0.07427930217893926
1991-04-25,0.0,443.63,21.56,6.63,985.96,0.06856550970363623
1991-04-26,0.0,406.96,20.94,7.6,1056.57,0.06856550970363623
1991-04-27,0.0,504.25,22.4,4.13,824.01,0.06285171722833321
1991-04-28,0.0,499.45,20.21,2.39,723.4,0.052566890772787776
1991-04-29,0.0,518.16,22.33,3.12,764.01,0.06285171722833321
1991-04-30,0.0,514.01,25.16,5.78,917.67,0.05713792475303019
1991-05-01,0.0,507.42,26.58,7.33,1011.48,0.03599689259440902
1991-05-02,0.0,435.76,24.33,8.92,1131.67,0.013713101940727246
1991-05-03,0.0,482.98,20.16,3.31,778.24,0.013713101940727246
1991-05-04,0.0,515.84,23.41,4.26,827.63,0.011427584950606038
1991-05-05,0.0,487.94,26.3,8.45,1095.17,0.011427584950606038
1991-05-06,0.0,493.74,29.09,10.45,1250.5,0.013713101940727246
1991-05-07,0.0,521.32,30.57,9.86,1176.12,0.013713101940727246
1991-05-08,0.0,484.1,30.61,12.14,1381.0,0.010284826455545435
1991-05-09,0.0,415.22,29.39,14.47,1630.12,0.008570688712954529
1991-05-10,0.0,465.42,26.33,9.75,1211.43,0.006285171722833322
1991-05-11,0.0,496.0,21.85,4.31,837.65,0.005713792475303019
1991-05-12,0.0,524.07,25.71,5.92,913.79,0.006285171722833322
1991-05-13,0.0,502.13,28.11,9.25,1136.76,0.006285171722833322
1991-05-14,0.0,441.06,26.22,10.62,1265.62,0.006285171722833322
1991-05-15,0.0,491.41,25.11,7.44,1029.87,0.005713792475303019
1991-05-16,0.0,502.65,27.99,9.22,1141.13,0.005713792475303019
1991-05-17,0.0,476.21,28.43,11.03,1291.93,0.006285171722833322
1991-05-18,0.0,435.53,28.23,12.83,1462.18,0.0051424132277727175
1991-05-19,0.0,504.34,28.87,10.0,1186.57,0.004171068506971204
1991-05-20,0.0,467.36,28.72,11.83,1334.49,0.003828240958453023
1991-05-21,0.0,484.03,27.87,10.33,1206.14,0.003828240958453023
1991-05-22,0.0,500.49,26.83,8.59,1067.83,0.003485413409934842
1991-05-23,0.0,491.6,28.59,10.47,1221.75,0.003485413409934842
1991-05-24,0.0,498.93,31.64,12.55,1376.04,0.003485413409934842
1991-05-25,0.0,478.59,32.28,14.13,1529.73,0.003485413409934842
1991-05-26,0.0,470.39,31.48,13.75,1493.85,0.0029140341624045397
1991-05-27,0.0,462.38,30.31,13.14,1441.06,0.002628344538639389
1991-05-28,0.0,496.89,29.67,10.94,1235.06,0.003485413409934842
1991-05-29,0.0,506.09,29.38,10.24,1179.14,0.004628171904995446
1991-05-30,0.0,463.04,28.22,11.61,1262.68,0.006285171722833322
1991-05-31,0.0,435.78,26.02,11.21,1164.54,0.008570688712954529
1991-06-01,0.0,256.59,18.67,10.85,1275.36,0.007999309465424227
1991-06-02,0.0,459.95,24.11,8.85,852.6,0.007427930217893924
1991-06-03,0.0,508.27,29.51,11.41,889.91,0.010284826455545435
1991-06-04,0.0,499.19,32.05,14.18,1052.46,0.015427239683318153
1991-06-05,0.0,504.88,30.92,12.92,968.68,0.013713101940727246
1991-06-06,0.0,516.77,31.33,12.68,934.93,0.013141722693196944
1991-06-07,0.0,535.25,33.18,13.07,917.13,0.011998964198136342
1991-06-08,0.0,540.94,34.57,13.69,935.43,0.010856205703075735
1991-06-09,0.0,501.07,33.59,15.18,1100.2,0.010284826455545435
1991-06-10,0.0,393.21,31.08,17.64,1530.61,0.010856205703075735
1991-06-11,0.0,342.97,29.18,17.97,1707.34,0.009713447208015133
1991-06-12,0.0,279.17,26.98,18.09,1884.17,0.00914206796048483
1991-06-13,0.0,451.83,30.4,15.24,1217.26,0.00914206796048483
1991-06-14,0.0,462.93,30.24,14.8,1145.43,0.007427930217893924
1991-06-15,0.0,530.53,32.64,13.78,818.17,0.006285171722833322
1991-06-16,0.0,533.96,33.97,14.68,846.33,0.005428102851537868
1991-06-17,0.0,541.11,35.82,15.65,876.41,0.005599516625796959
1991-06-18,0.0,526.83,37.24,17.65,1009.44,0.005199551152525747
1991-06-19,0.0,519.56,35.75,17.12,847.69,0.004628171904995446
1991-06-20,0.0,537.5,33.67,14.55,624.55,0.004456758130736355
1991-06-21,0.0,555.67,32.98,12.79,543.4,0.004628171904995446
1991-06-22,0.0,557.89,32.96,12.55,535.68,0.004399620205983325
1991-06-23,0.0,559.95,33.31,12.65,538.83,0.004285344356477264
1991-06-24,0.0,539.21,33.17,13.93,589.24,0.003713965108946962
1991-06-25,0.0,536.68,32.78,13.71,578.14,0.003713965108946962
1991-06-26,0.0,529.56,31.54,12.95,547.95,0.0035425513346878717
1991-06-27,0.0,526.86,32.4,13.95,588.01,0.003485413409934842
1991-06-28,0.0,530.53,32.34,13.65,575.18,0.0029140341624045397
1991-06-29,0.0,475.57,32.7,16.99,733.82,0.0028568962376515094
1991-06-30,0.0,531.21,35.41,16.25,699.45,0.0023997928396272683
1991-07-01,0.0,538.38,38.16,17.81,777.25,0.0022283790653681774
1991-07-02,0.0,523.03,39.01,19.46,867.99,0.002171241140615147
1991-07-03,0.0,499.3,38.64,20.55,933.27,0.0018284135920969662
1991-07-04,0.0,457.56,37.6,21.83,1015.51,0.0015427239683318155
1991-07-05,0.0,481.94,37.44,20.51,930.85,0.0015427239683318155
1991-07-06,0.0,480.11,36.28,19.61,881.57,0.002056965291109087
1991-07-07,0.0,424.77,33.55,19.75,893.57,0.0015998618930848454
1991-07-08,0.0,467.9,34.37,18.69,828.87,0.0013141722693196945
1991-07-09,0.0,448.47,34.22,19.55,876.16,0.0011998964198136342
1991-07-10,0.0,483.07,34.02,17.7,772.54,0.0010284826455545435
1991-07-11,0.0,483.36,34.65,18.12,796.02,0.0009713447208015134
1991-07-12,0.0,505.11,36.35,18.26,801.85,0.0008570688712954529
1991-07-13,0.0,491.23,36.61,19.2,854.1,0.0008570688712954529
1991-07-14,0.0,451.22,36.38,20.96,964.07,0.0009142067960484831
1991-07-15,0.0,471.06,36.14,19.85,893.74,0.0010856205703075735
1991-07-16,0.0,434.57,34.97,20.54,938.73,0.0010856205703075735
1991-07-17,0.0,423.51,35.72,21.8,1017.63,0.0010856205703075735
1991-07-18,0.0,459.81,36.32,20.84,955.66,0.0010856205703075735
1991-07-19,0.0,474.05,35.06,19.1,850.57,0.0007999309465424227
1991-07-20,0.01,407.25,31.45,18.71,832.29,0.0008570688712954529
1991-07-21,1.39,413.12,32.25,18.51,818.44,0.0008570688712954529
1991-07-22,0.0,478.86,34.78,19.0,843.24,0.0006856550970363622
1991-07-23,0.0,473.94,35.14,19.66,878.3,0.0006285171722833321
1991-07-24,0.0,490.47,35.51,19.25,856.99,0.00045710339802424154
1991-07-25,0.0,481.66,35.42,19.65,878.34,0.0003428275485181811
1991-07-26,0.0,473.26,35.03,19.78,888.7,0.00028568962376515096
1991-07-27,0.0,495.28,35.88,19.5,871.88,0.00028568962376515096
1991-07-28,0.0,524.79,37.28,19.06,846.89,0.00028568962376515096
1991-07-29,0.3,480.98,37.31,21.31,972.65,0.00028568962376515096
1991-07-30,0.0,429.97,33.28,20.05,904.31,0.00022855169901212077
1991-07-31,0.0,452.26,32.86,18.98,843.15,0.00022855169901212077
1991-08-01,0.0,459.05,34.74,20.5,927.96,0.00011427584950606039
1991-08-02,0.0,478.6,35.48,20.4,925.44,5.713792475303019e-05
1991-08-03,0.0,476.88,34.99,20.04,902.59,5.713792475303019e-05
1991-08-04,0.0,481.73,35.26,20.06,902.27,5.713792475303019e-05
1991-08-05,0.0,508.79,35.28,18.71,828.53,5.713792475303019e-05
1991-08-06,0.0,457.43,34.27,20.2,909.36,5.713792475303019e-05
1991-08-07,0.0,552.75,36.07,16.41,706.64,5.713792475303019e-05
1991-08-08,0.0,523.93,38.38,20.21,909.34,5.713792475303019e-05
1991-08-09,0.0,495.26,37.33,20.92,957.52,5.713792475303019e-05
1991-08-10,0.0,428.8,31.91,19.03,845.65,5.713792475303019e-05
1991-08-11,14.88,300.35,29.15,17.48,759.95,0.00028568962376515096
1991-08-12,0.0,463.87,31.86,17.81,776.48,0.00011427584950606039
1991-08-13,0.0,480.56,34.8,19.64,880.5,5.713792475303019e-05
1991-08-14,0.0,471.78,35.68,20.88,954.57,5.713792475303019e-05
1991-08-15,0.0,434.98,34.57,21.46,992.56,5.713792475303019e-05
1991-08-16,0.0,478.41,34.42,19.38,865.7,5.713792475303019e-05
1991-08-17,0.0,484.04,35.69,20.19,910.92,5.713792475303019e-05
1991-08-18,0.0,463.36,34.93,20.48,931.65,0.0
1991-08-19,0.0,486.57,36.23,20.41,923.67,0.0
1991-08-20,0.0,499.53,36.57,19.87,891.35,0.0
1991-08-21,0.0,457.51,36.21,21.66,1004.94,0.0
1991-08-22,0.0,417.41,34.73,22.03,1029.74,0.0
1991-08-23,0.0,462.05,34.99,20.39,925.63,0.0
1991-08-24,0.0,428.56,35.06,21.93,1024.85,5.713792475303019e-05
1991-08-25,4.6,361.67,34.3,20.23,912.94,5.713792475303019e-05
1991-08-26,0.0,445.44,34.06,20.33,922.43,0.0
1991-08-27,6.19,326.66,32.11,18.85,834.81,0.0
1991-08-28,0.44,452.37,32.69,18.76,827.53,0.0
1991-08-29,0.0,506.76,35.39,18.26,802.55,0.0
1991-08-30,0.0,459.79,36.35,21.57,996.12,0.0
1991-08-31,0.0,430.54,34.42,21.11,973.28,0.0
1991-09-01,3.08,262.05,30.05,19.91,957.29,0.0
1991-09-02,4.05,360.77,31.66,18.18,797.41,5.713792475303019e-05
1991-09-03,0.0,476.24,34.67,19.18,853.27,0.00017141377425909055
1991-09-04,8.57,341.45,34.81,20.29,935.21,0.00017141377425909055
1991-09-05,6.4,349.46,32.86,17.45,850.0,0.0019426894416030268
1991-09-06,12.76,303.01,27.49,15.22,965.01,0.004799585679254537
1991-09-07,0.0,478.42,31.29,15.6,768.73,5.713792475303019e-05
1991-09-08,0.0,483.52,32.23,16.12,778.31,5.713792475303019e-05
1991-09-09,0.0,473.02,31.57,15.85,792.83,5.713792475303019e-05
1991-09-10,0.0,399.72,29.6,17.16,1039.88,0.00011427584950606039
1991-09-11,0.0,381.43,29.98,18.2,1167.34,5.713792475303019e-05
1991-09-12,0.0,480.72,29.27,13.13,669.24,5.713792475303019e-05
1991-09-13,0.0,500.21,29.7,12.1,599.59,5.713792475303019e-05
1991-09-14,0.0,480.61,30.14,13.48,682.78,5.713792475303019e-05
1991-09-15,0.0,489.57,31.25,13.7,675.62,5.713792475303019e-05
1991-09-16,0.0,479.7,33.44,16.03,790.35,5.713792475303019e-05
1991-09-17,0.0,442.67,34.04,18.37,997.26,5.713792475303019e-05
1991-09-18,0.0,427.93,32.1,17.37,988.32,0.0
1991-09-19,0.0,321.36,28.37,18.2,1397.77,0.0
1991-09-20,0.0,401.55,28.72,15.52,988.51,5.713792475303019e-05
1991-09-21,0.0,425.88,29.77,15.23,905.22,5.713792475303019e-05
1991-09-22,0.0,399.71,29.89,16.47,1037.11,0.0
1991-09-23,0.0,387.05,30.57,17.52,1132.02,0.0
1991-09-24,0.0,430.21,33.53,17.94,1034.53,0.0
1991-09-25,0.0,444.97,34.18,17.49,960.55,5.713792475303019e-05
1991-09-26,0.0,448.87,34.26,17.05,928.94,5.713792475303019e-05
1991-09-27,0.0,415.59,32.96,17.62,1057.84,0.0
1991-09-28,0.0,383.28,30.02,16.55,1094.97,5.713792475303019e-05
1991-09-29,0.0,420.49,31.31,15.77,951.56,0.0
1991-09-30,0.0,431.66,32.6,16.02,930.91,0.0
1991-10-01,0.0,423.2,32.68,16.22,965.79,0.0
1991-10-02,0.0,448.43,34.13,15.52,862.25,0.0
1991-10-03,0.0,436.56,32.98,14.99,863.71,0.0
1991-10-04,0.0,439.26,32.35,14.07,819.34,0.0
1991-10-05,0.0,432.96,32.56,14.38,848.72,0.0
1991-10-06,0.0,437.64,33.48,14.42,839.24,0.0
1991-10-07,0.0,425.0,34.09,15.57,926.59,5.713792475303019e-05
1991-10-08,0.0,418.85,33.56,15.27,929.47,5.713792475303019e-05
1991-10-09,0.0,409.95,33.47,15.58,972.07,5.713792475303019e-05
1991-10-10,0.0,366.5,33.72,18.09,1257.91,5.713792475303019e-05
1991-10-11,0.0,366.46,32.45,16.77,1168.39,5.713792475303019e-05
1991-10-12,0.0,318.77,29.27,16.22,1282.41,5.713792475303019e-05
1991-10-13,0.0,394.23,30.72,13.43,915.77,5.713792475303019e-05
1991-10-14,0.0,403.57,32.16,13.79,902.39,5.713792475303019e-05
1991-10-15,0.0,411.63,33.42,13.92,885.39,0.0
1991-10-16,0.0,403.96,33.03,13.89,903.62,0.0
1991-10-17,0.0,387.55,31.82,13.76,940.02,0.0
1991-10-18,0.0,399.56,32.29,12.99,872.05,5.713792475303019e-05
1991-10-19,0.0,374.78,31.75,13.87,979.45,5.713792475303019e-05
1991-10-20,0.0,363.98,30.46,13.24,955.31,0.0
1991-10-21,0.0,299.97,28.2,14.72,1228.45,5.713792475303019e-05
1991-10-22,1.72,278.36,24.49,12.17,1122.12,5.713792475303019e-05
1991-10-23,2.95,183.34,21.83,11.72,1334.76,5.713792475303019e-05
1991-10-24,0.0,218.45,20.94,11.76,1296.73,5.713792475303019e-05
1991-10-25,0.0,263.81,20.77,9.62,1042.57,5.713792475303019e-05
1991-10-26,0.0,333.86,22.46,7.51,796.31,5.713792475303019e-05
1991-10-27,0.0,299.59,18.66,5.75,768.56,0.00017141377425909055
1991-10-28,18.63,182.29,13.09,3.15,774.87,0.00011427584950606039
1991-10-29,0.0,321.86,13.39,-0.53,563.22,0.00011427584950606039
1991-10-30,0.0,207.99,12.25,3.79,807.14,0.00011427584950606039
1991-10-31,6.71,236.13,13.6,-0.17,609.68,5.713792475303019e-05
1991-11-01,0.0,342.35,17.03,1.36,633.08,5.713792475303019e-05
1991-11-02,0.0,352.88,19.16,2.39,664.78,5.713792475303019e-05
1991-11-03,0.0,326.53,19.82,4.77,798.96,5.713792475303019e-05
1991-11-04,0.0,330.58,20.5,5.0,813.55,5.713792475303019e-05
1991-11-05,0.0,340.82,22.78,6.16,855.4,5.713792475303019e-05
1991-11-06,0.0,338.97,25.23,8.29,976.49,5.713792475303019e-05
1991-11-07,0.0,339.26,26.22,8.91,1011.59,5.713792475303019e-05
1991-11-08,0.0,331.22,26.55,9.66,1073.78,5.713792475303019e-05
1991-11-09,0.0,279.83,23.96,10.81,1249.0,5.713792475303019e-05
1991-11-10,0.0,166.71,19.57,12.37,1443.47,5.713792475303019e-05
1991-11-11,12.2,173.72,18.36,8.26,1106.01,5.713792475303019e-05
1991-11-12,0.0,245.72,19.56,8.78,1133.47,5.713792475303019e-05
1991-11-13,0.0,261.12,20.59,8.98,1132.04,0.0
1991-11-14,0.0,216.7,19.23,9.94,1234.02,0.0
1991-11-15,13.16,200.27,15.36,3.97,824.32,0.0
1991-11-16,7.52,127.46,9.26,2.87,760.1,0.0
1991-11-17,0.0,275.14,12.02,0.87,652.86,0.0
1991-11-18,0.0,270.12,13.75,2.8,750.07,0.0
1991-11-19,2.47,283.77,14.29,1.02,661.99,5.713792475303019e-05
1991-11-20,0.0,332.0,16.94,1.26,671.15,5.713792475303019e-05
1991-11-21,0.0,318.98,18.09,3.18,768.35,5.713792475303019e-05
1991-11-22,0.0,322.19,17.95,2.44,731.72,5.713792475303019e-05
1991-11-23,0.0,307.4,16.32,1.88,702.92,5.713792475303019e-05
1991-11-24,0.0,323.04,17.57,1.39,675.16,5.713792475303019e-05
1991-11-25,0.0,320.58,19.36,2.94,753.19,0.00011427584950606039
1991-11-26,0.0,319.19,20.59,3.89,793.76,0.00011427584950606039
1991-11-27,0.0,309.65,20.19,4.11,808.05,5.713792475303019e-05
1991-11-28,0.0,302.2,18.05,2.68,736.65,5.713792475303019e-05
1991-11-29,0.0,279.54,11.5,-1.87,536.94,0.00011427584950606039
1991-11-30,24.55,174.07,9.26,-1.2,562.87,0.0003428275485181811
1991-12-01,15.28,141.27,4.72,-3.02,495.32,0.00022855169901212077
1991-12-02,0.0,294.36,6.71,-6.72,376.33,0.00017141377425909055
1991-12-03,0.0,312.51,10.7,-4.62,439.08,0.00017141377425909055
1991-12-04,0.0,310.91,14.81,-0.82,577.11,0.00017141377425909055
1991-12-05,0.0,251.8,15.08,3.76,797.62,0.00011427584950606039
1991-12-06,0.0,267.57,16.88,4.5,841.07,0.00011427584950606039
1991-12-07,0.0,281.07,17.15,3.64,797.66,0.00011427584950606039
1991-12-08,0.0,283.52,17.56,3.7,800.12,0.00011427584950606039
1991-12-09,0.0,278.7,18.7,5.0,873.18,0.00011427584950606039
1991-12-10,0.0,199.06,16.92,8.04,1084.68,0.00017141377425909055
1991-12-11,16.48,125.24,13.48,6.36,972.1,0.0008570688712954529
1991-12-12,8.82,138.53,12.06,4.23,835.77,0.0007999309465424227
1991-12-13,0.0,262.63,13.55,1.47,682.17,0.0006285171722833321
1991-12-14,0.0,288.08,16.26,1.82,697.12,0.00045710339802424154
1991-12-15,0.0,268.03,17.07,4.03,819.18,0.00039996547327121135
1991-12-16,0.0,250.62,17.29,5.22,889.55,0.00039996547327121135
1991-12-17,0.0,226.12,16.82,6.31,962.15,0.00039996547327121135
1991-12-18,13.69,105.59,13.95,7.78,1063.06,0.0007999309465424227
1991-12-19,16.3,117.09,9.91,3.38,793.49,0.7427930217893925
1991-12-20,18.59,146.04,11.13,2.9,756.95,1.0284826455545435
1991-12-21,2.15,157.94,11.17,4.41,839.79,0.22855169901212077
1991-12-22,3.45,129.11,10.87,3.99,818.32,0.11427584950606039
1991-12-23,0.68,240.1,11.11,0.75,651.97,0.08570688712954529
1991-12-24,0.0,234.89,13.52,3.85,812.12,0.06285171722833321
1991-12-25,0.0,275.37,12.37,0.5,641.03,0.022855169901212075
1991-12-26,0.0,297.9,13.1,-0.37,599.6,0.012570343445666644
1991-12-27,0.0,275.72,13.86,2.09,710.25,0.010284826455545435
1991-12-28,0.0,246.11,13.48,3.65,797.97,0.00914206796048483
1991-12-29,0.34,198.73,12.62,4.85,864.96,0.00914206796048483
1991-12-30,8.37,166.51,11.42,3.09,769.56,0.00914206796048483
1991-12-31,6.46,219.16,11.32,-1.17,567.2,0.013141722693196944
1992-01-01,0.0,272.77,11.79,-0.43,597.12,0.022855169901212075
1992-01-02,0.0,291.81,13.52,-0.19,606.89,0.02171241140615147
1992-01-03,0.0,205.81,12.18,3.66,796.84,0.014855860435787849
1992-01-04,11.46,136.42,11.43,4.04,818.87,0.023997928396272683
1992-01-05,0.0,202.06,12.05,3.74,803.07,0.09713447208015133
1992-01-06,20.03,177.81,11.25,1.25,674.57,1.0913343627828767
1992-01-07,12.14,141.38,6.91,-0.5,594.71,1.3370274392209065
1992-01-08,0.0,256.31,8.62,-2.0,532.56,0.5828068324809079
1992-01-09,0.0,285.78,11.58,-0.98,571.77,0.3656827184193932
1992-01-10,0.0,281.99,14.19,1.73,695.13,0.2685482463392419
1992-01-11,0.0,228.88,13.33,3.86,810.62,0.21712411406151474
1992-01-12,21.63,162.6,8.14,-0.41,601.23,1.4455894962516638
1992-01-13,10.89,226.99,7.91,-4.45,446.88,0.8227861164436348
1992-01-14,0.0,322.23,9.82,-3.84,464.5,0.4685309829748475
1992-01-15,0.0,306.08,9.66,-2.85,500.33,0.39425168079590833
1992-01-16,0.0,342.11,12.17,-3.05,493.12,0.3256861710922721
1992-01-17,0.0,356.46,15.17,-1.76,539.72,0.27997583128984793
1992-01-18,0.0,300.24,12.43,0.35,629.98,0.22855169901212077
1992-01-19,0.0,266.56,11.7,1.61,689.58,0.19426894416030266
1992-01-20,1.59,205.76,10.25,2.01,710.33,0.17141377425909057
1992-01-21,5.05,166.53,10.49,2.38,729.41,0.17141377425909057
1992-01-22,0.0,329.27,13.04,-0.75,583.46,0.17141377425909057
1992-01-23,0.0,348.3,14.81,-0.76,578.38,0.1542723968331815
1992-01-24,0.0,358.11,18.32,1.27,667.3,0.14284481188257547
1992-01-25,0.0,353.97,19.46,2.66,743.2,0.13713101940727246
1992-01-26,0.0,344.77,19.77,3.93,813.1,0.12570343445666643
1992-01-27,0.0,344.04,18.55,3.16,770.52,0.12570343445666643
1992-01-28,0.0,350.81,18.89,3.03,762.84,0.10856205703075737
1992-01-29,0.0,341.51,18.13,3.34,781.56,0.10856205703075737
1992-01-30,0.0,346.0,18.27,3.29,778.95,0.09713447208015133
1992-01-31,0.0,347.02,19.01,3.97,815.03,0.09713447208015133
1992-02-01,0.0,334.45,18.76,4.78,861.64,0.08570688712954529
1992-02-02,0.0,320.98,17.58,4.65,854.34,0.08570688712954529
1992-02-03,0.0,330.24,16.93,3.49,789.76,0.07999309465424226
1992-02-04,0.0,306.41,17.11,5.07,883.78,0.07427930217893926
1992-02-05,0.0,331.34,16.99,3.56,792.56,0.06285171722833321
1992-02-06,0.0,314.21,17.29,4.85,866.01,0.06285171722833321
1992-02-07,9.96,143.69,13.65,6.7,986.21,0.06856550970363623
1992-02-08,10.03,148.83,12.91,6.08,947.38,0.12570343445666643
1992-02-09,4.33,215.28,14.72,4.34,836.64,0.14855860435787852
1992-02-10,6.68,173.22,12.94,4.87,867.77,0.14855860435787852
1992-02-11,12.25,160.42,12.31,5.15,886.55,0.6113757948574231
1992-02-12,4.95,182.66,13.13,5.07,882.58,0.6456585497092412
1992-02-13,16.37,134.37,11.41,5.69,921.38,3.0625927667624184
1992-02-14,10.32,238.44,13.53,2.71,749.72,2.2512342352693895
1992-02-15,0.0,303.74,12.74,2.85,755.57,1.0399102305051495
1992-02-16,4.09,208.42,10.13,1.47,685.08,0.8227861164436348
1992-02-17,0.0,359.71,12.53,0.62,644.38,0.6742275120857563
1992-02-18,0.0,399.71,15.06,0.53,639.37,0.5656654550549989
1992-02-19,0.0,416.94,18.12,1.72,694.22,0.45710339802424155
1992-02-20,0.0,399.35,18.08,3.13,767.21,0.3656827184193932
1992-02-21,0.0,415.56,19.55,3.24,773.86,0.31997237861696903
1992-02-22,0.0,413.74,20.18,4.16,825.63,0.2742620388145449
1992-02-23,0.0,360.85,17.35,5.11,883.48,0.24569307643802982
1992-02-24,0.0,367.73,17.36,5.16,894.58,0.21712411406151474
1992-02-25,0.0,426.71,18.52,2.71,746.73,0.2056965291109087
1992-02-26,0.0,398.1,18.36,4.68,855.64,0.18855515168499964
1992-02-27,0.0,436.82,19.98,3.63,797.83,0.17141377425909057
1992-02-28,0.0,445.01,21.73,4.47,843.32,0.15998618930848452
1992-02-29,0.0,426.99,21.28,5.78,924.55,0.15998618930848452
1992-03-01,0.0,405.11,19.94,6.1,944.76,0.14855860435787852
1992-03-02,6.92,260.84,16.55,5.82,929.32,0.1542723968331815
1992-03-03,20.41,228.21,12.47,3.9,815.82,0.60566200238212
1992-03-04,4.13,182.54,10.32,3.87,811.41,0.6856550970363623
1992-03-05,3.39,273.86,14.18,4.77,867.46,0.7085102669375744
1992-03-06,0.0,438.33,17.35,3.32,780.22,0.49709994535136265
1992-03-07,0.0,439.3,17.64,3.64,798.35,0.40567926574651436
1992-03-08,18.96,285.05,13.72,2.57,742.7,2.468358349330904
1992-03-09,22.17,211.79,10.13,2.77,750.73,5.6623683430252925
1992-03-10,6.14,321.73,14.04,0.8,650.67,2.759761765571358
1992-03-11,0.0,463.1,18.12,2.66,741.29,1.9484032340783297
1992-03-12,0.0,473.99,20.15,3.47,789.13,1.3313136467456033
1992-03-13,0.0,467.66,21.79,5.19,888.0,0.9884860982274224
1992-03-14,0.0,465.4,22.28,5.61,913.99,0.7313654368387864
1992-03-15,0.0,448.86,21.81,6.26,956.92,0.5656654550549989
1992-03-16,0.0,450.43,21.12,5.54,910.0,0.4685309829748475
1992-03-17,0.0,397.87,17.98,5.35,903.24,0.39425168079590833
1992-03-18,0.0,439.77,16.72,2.34,726.53,0.34282754851818115
1992-03-19,0.0,470.96,19.23,2.83,754.4,0.30283100119106
1992-03-20,0.0,465.58,21.52,5.29,891.42,0.2742620388145449
1992-03-21,1.05,376.77,18.38,6.39,964.25,0.2685482463392419
1992-03-22,14.89,277.02,16.02,5.17,889.02,0.27997583128984793
1992-03-23,0.0,417.93,17.25,4.64,856.36,0.23426549148742376
1992-03-24,0.0,468.39,18.59,3.35,784.23,0.21712411406151474
1992-03-25,0.0,488.73,21.71,4.75,860.96,0.19998273663560567
1992-03-26,0.0,446.76,21.58,7.09,1011.88,0.1828413592096966
1992-03-27,10.17,266.88,17.17,6.93,1010.4,0.21141032158621173
1992-03-28,13.61,231.66,14.97,6.69,992.35,0.4742447754501506
1992-03-29,13.2,264.26,17.08,7.5,1048.61,2.0055411588313596
1992-03-30,0.0,437.15,19.91,7.16,1024.86,0.9427757584249982
1992-03-31,9.33,287.11,17.73,7.17,1024.09,1.1084757402087857
1992-04-01,8.16,283.8,16.37,6.28,964.58,1.1256171176346947
1992-04-02,21.58,300.79,16.01,5.12,888.24,2.354082499824844
1992-04-03,5.4,378.42,19.47,4.73,862.31,1.3255998542703005
1992-04-04,0.0,486.66,21.3,6.02,944.38,0.9542033433756042
1992-04-05,0.0,463.27,20.66,6.73,990.58,0.7313654368387864
1992-04-06,0.0,483.71,21.57,6.56,979.33,0.588520624956211
1992-04-07,0.0,494.89,23.72,7.68,1059.25,0.5028137378266657
1992-04-08,0.0,504.56,24.49,7.51,1046.48,0.4342482281230295
1992-04-09,0.0,501.75,25.69,8.65,1131.62,0.3828240958453023
1992-04-10,0.0,505.54,25.64,8.4,1112.58,0.34854134099348416
1992-04-11,0.0,511.51,27.19,9.3,1183.99,0.3256861710922721
1992-04-12,0.0,512.92,29.02,10.59,1286.99,0.308544793666363
1992-04-13,0.0,499.22,28.11,10.8,1301.52,0.27997583128984793
1992-04-14,0.0,493.38,26.1,9.64,1211.47,0.2628344538639389
1992-04-15,0.0,444.35,24.23,10.62,1293.38,0.2399792839627268
1992-04-16,0.0,464.06,23.58,9.19,1178.46,0.22283790653681776
1992-04-17,0.0,495.85,25.3,9.04,1163.43,0.21141032158621173
1992-04-18,0.0,487.1,24.68,9.05,1164.67,0.19426894416030266
1992-04-19,0.0,522.48,23.55,6.11,951.95,0.1771275667343936
1992-04-20,0.0,493.86,23.36,7.56,1051.88,0.16569998178378756
1992-04-21,0.0,522.84,25.2,7.29,1024.88,0.15998618930848452
1992-04-22,0.0,510.06,25.53,8.17,1085.58,0.1542723968331815
1992-04-23,0.0,530.64,27.81,8.68,1122.48,0.14855860435787852
1992-04-24,0.0,525.78,29.72,10.48,1261.06,0.14284481188257547
1992-04-25,0.0,520.0,30.8,11.57,1350.38,0.13713101940727246
1992-04-26,0.0,526.72,31.75,11.62,1352.46,0.13141722693196944
1992-04-27,0.0,508.21,32.85,13.39,1512.44,0.12570343445666643
1992-04-28,0.0,501.05,33.55,14.17,1596.79,0.1199896419813634
1992-04-29,0.0,488.72,32.85,14.28,1611.66,0.12570343445666643
1992-04-30,0.0,483.68,31.7,13.51,1534.45,0.1199896419813634
1992-05-01,0.0,480.25,31.39,13.35,1522.45,0.1199896419813634
1992-05-02,0.0,457.79,31.16,14.25,1622.36,0.12570343445666643
1992-05-03,0.0,413.9,30.77,15.94,1814.18,0.13141722693196944
1992-05-04,3.58,318.13,29.02,13.99,1609.04,0.09713447208015133
1992-05-05,4.83,301.62,27.03,13.3,1541.13,0.10284826455545434
1992-05-06,7.55,322.04,27.2,12.37,1449.92,0.13141722693196944
1992-05-07,0.0,415.25,27.62,13.45,1550.82,0.10284826455545434
1992-05-08,0.0,447.51,27.94,12.37,1452.35,0.0914206796048483
1992-05-09,0.45,398.58,25.25,11.78,1391.95,0.0914206796048483
1992-05-10,9.13,300.73,23.86,10.91,1321.15,0.10284826455545434
1992-05-11,0.0,414.78,26.71,13.05,1508.01,0.0914206796048483
1992-05-12,0.0,468.24,28.69,12.41,1444.27,0.07427930217893926
1992-05-13,0.0,487.28,30.74,13.13,1477.44,0.07427930217893926
1992-05-14,0.0,498.5,31.48,13.12,1431.03,0.06856550970363623
1992-05-15,0.0,490.33,31.1,13.24,1420.61,0.05370964926784839
1992-05-16,0.0,498.04,31.28,12.9,1384.81,0.04456758130736355
1992-05-17,0.0,477.96,31.48,14.12,1502.07,0.03771103033699992
1992-05-18,0.0,475.62,32.39,14.95,1583.45,0.029140341624045395
1992-05-19,0.53,371.48,29.58,16.89,1905.48,0.025712066138863586
1992-05-20,0.0,391.35,26.2,13.52,1569.07,0.027997583128984798
1992-05-21,13.65,305.58,22.77,9.85,1234.25,0.046853098297484755
1992-05-22,9.39,314.33,20.96,7.9,1077.84,0.09713447208015133
1992-05-23,3.74,330.45,23.94,10.36,1269.79,0.07427930217893926
1992-05-24,9.85,344.51,24.82,9.89,1232.92,0.07427930217893926
1992-05-25,0.0,443.84,25.53,11.38,1358.32,0.06856550970363623
1992-05-26,5.26,305.69,26.15,13.42,1548.66,0.06285171722833321
1992-05-27,0.0,397.12,26.73,14.55,1668.3,0.054852407762908985
1992-05-28,0.38,431.96,27.82,13.96,1605.55,0.028568962376515097
1992-05-29,5.78,331.88,26.8,12.97,1506.56,0.022283790653681777
1992-05-30,6.53,328.5,26.76,13.29,1539.85,0.02056965291109087
1992-05-31,8.5,377.67,29.7,14.63,1671.91,0.047995856792545366
1992-06-01,0.0,470.85,30.24,14.94,1686.64,0.04742447754501506
1992-06-02,0.4,483.79,31.95,15.08,1649.59,0.04171068506971204
1992-06-03,2.41,417.53,32.7,16.31,1812.2,0.03142585861416661
1992-06-04,2.95,410.2,33.63,16.11,1779.15,0.027426203881454492
1992-06-05,0.0,484.73,33.26,16.47,1793.98,0.016569998178378755
1992-06-06,0.0,503.3,31.86,14.28,1543.21,0.014855860435787849
1992-06-07,0.0,503.23,28.94,12.06,1322.83,0.014284481188257548
1992-06-08,0.0,460.41,26.84,12.41,1348.21,0.01828413592096966
1992-06-09,0.0,489.35,30.13,13.85,1409.5,0.014284481188257548
1992-06-10,0.0,490.15,31.88,15.13,1515.81,0.013141722693196944
1992-06-11,0.0,500.57,31.78,14.5,1444.23,0.009713447208015133
1992-06-12,0.0,499.67,31.64,14.46,1442.58,0.010284826455545435
1992-06-13,0.0,516.64,30.8,12.85,1282.15,0.010856205703075735
1992-06-14,0.0,516.19,29.76,12.03,1221.58,0.010284826455545435
1992-06-15,0.0,506.68,28.73,11.73,1212.31,0.010856205703075735
1992-06-16,0.0,518.01,28.41,10.91,1144.78,0.011427584950606038
1992-06-17,0.0,519.64,29.83,11.96,1216.44,0.010284826455545435
1992-06-18,0.0,529.82,33.46,14.0,1350.26,0.00914206796048483
1992-06-19,0.0,495.7,34.36,16.51,1626.5,0.008570688712954529
1992-06-20,0.0,515.09,34.08,15.08,1463.58,0.008570688712954529
1992-06-21,0.0,505.83,35.47,16.64,1556.23,0.008570688712954529
1992-06-22,0.0,429.54,35.67,20.37,2109.31,0.007999309465424227
1992-06-23,0.0,404.16,34.04,20.12,2146.46,0.007999309465424227
1992-06-24,0.0,456.84,35.46,19.05,1906.84,0.006856550970363623
1992-06-25,0.0,453.22,34.93,18.72,1873.76,0.006285171722833322
1992-06-26,0.0,504.25,34.04,15.45,1413.54,0.005599516625796959
1992-06-27,0.0,502.57,34.95,16.31,1412.54,0.006285171722833322
1992-06-28,0.0,494.17,35.56,17.31,1426.04,0.006856550970363623
1992-06-29,0.0,471.9,34.63,17.53,1491.13,0.006285171722833322
1992-06-30,0.0,454.19,33.45,17.46,1466.3,0.005542378701043928
1992-07-01,0.0,431.24,31.05,16.41,1377.71,0.004799585679254537
1992-07-02,0.0,539.7,31.64,11.92,740.5,0.003999654732712113
1992-07-03,0.0,510.12,34.44,16.12,953.66,0.003999654732712113
1992-07-04,0.0,503.58,36.41,18.1,1082.27,0.0038853788832060535
1992-07-05,0.0,499.06,37.74,19.37,1179.55,0.003485413409934842
1992-07-06,0.0,477.3,37.74,20.39,1307.78,0.002685482463392419
1992-07-07,0.0,402.15,34.5,20.86,1574.8,0.0022855169901212077
1992-07-08,0.0,373.54,33.26,20.82,1677.41,0.0025140686891333285
1992-07-09,0.0,410.8,34.15,20.31,1502.86,0.0023997928396272683
1992-07-10,0.0,430.58,33.7,19.22,1361.14,0.002056965291109087
1992-07-11,19.48,310.64,31.05,17.05,1493.01,0.003942516807959083
1992-07-12,9.2,266.23,28.35,17.2,1849.3,0.003771103033699993
1992-07-13,0.0,462.34,31.15,15.54,1280.76,0.0023426549148742376
1992-07-14,0.0,481.98,33.33,16.5,1310.47,0.0017712756673439359
1992-07-15,0.0,441.95,34.36,19.13,1619.57,0.0018855515168499965
1992-07-16,0.0,497.03,35.76,17.72,1366.34,0.0016569998178378755
1992-07-17,0.0,496.42,37.67,19.24,1488.22,0.0015998618930848454
1992-07-18,0.0,478.8,37.41,19.95,1598.22,0.0019426894416030268
1992-07-19,0.0,464.41,37.62,20.81,1722.9,0.0018855515168499965
1992-07-20,0.0,475.54,37.2,19.98,1614.35,0.0018284135920969662
1992-07-21,0.0,442.29,36.09,20.64,1773.5,0.0017712756673439359
1992-07-22,0.0,421.24,34.93,20.55,1835.33,0.0025712066138863588
1992-07-23,0.0,378.85,33.07,20.55,1969.9,0.0029140341624045397
1992-07-24,32.08,283.17,29.92,17.54,1851.39,0.06285171722833321
1992-07-25,9.78,250.05,28.43,17.87,2052.81,0.023997928396272683
1992-07-26,0.72,436.69,33.21,18.03,1824.62,0.007427930217893924
1992-07-27,0.0,461.61,35.86,19.41,1922.77,0.004456758130736355
1992-07-28,0.0,456.09,35.95,19.74,1967.44,0.0033711375604287813
1992-07-29,4.39,359.92,34.93,19.16,2084.72,0.0029140341624045397
1992-07-30,2.88,398.39,33.72,19.46,2081.73,0.012570343445666644
1992-07-31,0.0,393.73,32.6,19.58,2140.22,0.006285171722833322
1992-08-01,0.0,436.97,34.48,19.52,2027.97,0.003142585861416661
1992-08-02,0.0,458.16,34.68,18.79,1893.56,0.0027997583128984795
1992-08-03,0.0,437.12,35.26,20.26,2100.99,0.002685482463392419
1992-08-04,5.0,357.95,34.58,18.72,2051.16,0.0022855169901212077
1992-08-05,0.0,380.76,30.92,19.0,2039.31,0.002742620388145449
1992-08-06,3.9,284.26,31.0,18.95,2190.14,0.003142585861416661
1992-08-07,16.7,322.25,31.4,17.21,1921.78,0.0023997928396272683
1992-08-08,0.0,406.31,31.96,18.82,2056.59,0.0022283790653681774
1992-08-09,0.07,418.7,34.27,20.23,2179.8,0.0021141032158621172
1992-08-10,0.0,448.31,36.2,20.44,2132.39,0.002056965291109087
1992-08-11,0.0,452.57,36.91,20.62,2150.4,0.0018855515168499965
1992-08-12,15.41,341.11,34.93,18.46,2081.01,0.0021141032158621172
1992-08-13,0.0,389.92,34.01,20.85,2389.98,0.0018855515168499965
1992-08-14,0.0,431.29,35.78,20.56,2276.48,0.0018284135920969662
1992-08-15,0.0,416.86,36.79,21.96,2493.38,0.002171241140615147
1992-08-16,0.0,449.03,37.49,21.03,2303.48,0.0028568962376515094
1992-08-17,0.0,441.56,37.49,21.37,2371.6,0.0029140341624045397
1992-08-18,7.36,336.67,37.04,20.39,2393.34,0.05713792475303019
1992-08-19,0.85,380.72,36.31,21.86,2536.25,0.005713792475303019
1992-08-20,0.0,442.57,35.42,19.78,2137.4,0.017141377425909057
1992-08-21,0.0,399.84,33.25,19.87,2191.51,0.17141377425909057
1992-08-22,37.06,278.49,28.42,16.6,1886.21,3.542551334687872
1992-08-23,47.8,228.39,23.55,14.62,1670.38,4.045365072514538
1992-08-24,16.31,228.77,23.07,14.27,1636.13,1.0284826455545435
1992-08-25,0.0,416.75,28.0,14.81,1693.81,0.17141377425909057
1992-08-26,0.0,432.17,30.48,16.18,1848.91,0.08570688712954529
1992-08-27,0.0,445.02,32.26,16.94,1938.37,0.04571033980242415
1992-08-28,0.0,450.44,33.37,17.41,1988.32,0.02456930764380298
1992-08-29,0.0,381.89,30.39,17.96,2068.46,0.010284826455545435
1992-08-30,0.0,423.98,29.94,15.95,1821.99,0.010284826455545435
1992-08-31,0.0,401.21,29.88,16.81,1922.29,0.013713101940727246
1992-09-01,0.0,463.79,29.94,13.83,1575.33,0.016569998178378755
1992-09-02,0.0,450.84,29.98,14.49,1653.84,0.011998964198136342
1992-09-03,0.0,449.04,31.28,15.57,1771.18,0.009713447208015133
1992-09-04,0.0,457.77,30.49,14.27,1621.01,0.008570688712954529
1992-09-05,0.0,477.67,30.1,12.58,1450.86,0.007999309465424227
1992-09-06,0.0,472.23,31.19,13.56,1542.08,0.013141722693196944
1992-09-07,0.0,466.35,32.88,14.93,1687.59,0.012570343445666644
1992-09-08,0.0,466.25,33.72,15.32,1729.48,0.010856205703075735
1992-09-09,0.0,458.95,33.45,15.4,1743.73,0.010856205703075735
1992-09-10,0.0,456.18,34.08,15.88,1798.37,0.010284826455545435
1992-09-11,0.0,441.35,34.08,16.62,1886.85,0.009713447208015133
1992-09-12,0.0,418.28,33.82,17.56,2009.03,0.011998964198136342
1992-09-13,0.0,379.64,32.05,17.99,2066.79,0.012570343445666644
1992-09-14,0.0,390.33,32.22,17.67,2027.61,0.016569998178378755
1992-09-15,0.0,382.31,31.86,17.73,2039.8,0.016569998178378755
1992-09-16,0.0,383.08,32.91,18.49,2136.97,0.015998618930848453
1992-09-17,0.0,387.59,33.94,19.0,2205.85,0.010856205703075735
1992-09-18,0.0,392.55,33.82,18.56,2148.59,0.010856205703075735
1992-09-19,3.2,291.21,30.91,19.09,2219.59,0.011427584950606038
1992-09-20,9.1,234.25,28.4,17.53,2019.0,0.031997237861696906
1992-09-21,0.0,367.85,30.73,17.17,1969.82,0.019426894416030266
1992-09-22,0.0,382.37,31.86,17.17,1971.26,0.012570343445666644
1992-09-23,0.0,379.4,32.78,17.77,2040.18,0.010284826455545435
1992-09-24,0.0,399.2,32.61,16.42,1876.97,0.008570688712954529
1992-09-25,0.0,390.96,32.1,16.28,1854.61,0.00914206796048483
1992-09-26,0.0,407.12,32.3,15.39,1756.62,0.008570688712954529
1992-09-27,0.0,413.61,33.29,15.55,1774.1,0.007999309465424227
1992-09-28,0.0,397.58,34.26,16.98,1938.49,0.008570688712954529
1992-09-29,0.0,342.33,32.84,18.76,2170.04,0.006856550970363623
1992-09-30,0.0,345.94,31.47,17.4,1991.49,0.006856550970363623
1992-10-01,0.0,375.18,30.94,15.37,1754.67,0.0051424132277727175
1992-10-02,0.0,390.86,31.14,14.45,1649.85,0.005428102851537868
1992-10-03,0.0,399.42,30.42,13.12,1512.09,0.0051424132277727175
1992-10-04,0.0,405.82,29.42,11.75,1387.12,0.005199551152525747
1992-10-05,0.0,396.93,29.07,11.96,1405.54,0.004171068506971204
1992-10-06,0.0,409.19,29.12,11.01,1321.96,0.004171068506971204
1992-10-07,0.0,383.61,27.58,11.25,1343.35,0.003713965108946962
1992-10-08,0.0,414.42,27.63,9.11,1169.23,0.0031997237861696908
1992-10-09,0.0,421.02,28.58,9.04,1162.84,0.0031997237861696908
1992-10-10,0.0,413.81,29.7,10.29,1263.5,0.0031997237861696908
1992-10-11,0.0,399.76,30.81,11.94,1401.17,0.003085447936663631
1992-10-12,0.0,398.18,32.25,12.85,1481.5,0.0029140341624045397
1992-10-13,0.0,373.99,30.83,13.24,1521.03,0.0028568962376515094
1992-10-14,0.0,374.43,28.02,10.78,1302.06,0.002628344538639389
1992-10-15,0.0,360.62,27.24,10.87,1309.68,0.0025712066138863588
1992-10-16,0.0,375.94,27.45,9.78,1222.67,0.0025712066138863588
1992-10-17,0.0,371.69,28.41,10.62,1289.91,0.0025712066138863588
1992-10-18,0.0,365.44,29.16,11.39,1351.41,0.002628344538639389
1992-10-19,0.0,330.45,28.74,13.07,1501.5,0.002742620388145449
1992-10-20,0.0,343.42,27.97,11.43,1359.88,0.0028568962376515094
1992-10-21,0.0,294.32,26.31,12.68,1470.38,0.003142585861416661
1992-10-22,0.0,319.91,26.63,11.5,1367.12,0.0034282754851818116
1992-10-23,0.0,288.92,27.6,14.01,1603.42,0.0035425513346878717
1992-10-24,4.18,191.03,26.36,14.6,1671.76,0.004628171904995446
1992-10-25,9.64,222.38,24.3,10.43,1275.13,0.004171068506971204
1992-10-26,0.0,328.68,24.75,8.99,1160.22,0.004171068506971204
1992-10-27,0.0,275.61,23.66,11.1,1329.3,0.003828240958453023
1992-10-28,8.03,165.15,20.56,11.11,1335.12,0.0045138960554893855
1992-10-29,10.44,159.92,19.58,10.37,1273.0,0.0045138960554893855
1992-10-30,0.0,259.66,18.84,7.5,1046.0,0.0036568271841939323
1992-10-31,0.27,242.48,19.49,8.82,1149.63,0.003485413409934842
1992-11-01,0.0,310.47,20.15,5.97,945.47,0.003485413409934842
1992-11-02,0.0,331.93,21.11,5.25,892.53,0.003313999635675751
1992-11-03,0.0,268.11,18.12,6.34,971.86,0.003142585861416661
1992-11-04,0.0,273.46,14.47,2.78,758.83,0.0029140341624045397
1992-11-05,0.0,314.0,15.47,1.38,679.06,0.0031997237861696908
1992-11-06,0.0,327.83,17.76,2.38,730.51,0.003485413409934842
1992-11-07,0.0,335.95,19.82,3.44,787.66,0.003485413409934842
1992-11-08,0.0,333.68,20.64,4.16,825.83,0.0034282754851818116
1992-11-09,0.0,305.39,18.98,4.63,851.79,0.0031997237861696908
1992-11-10,0.0,252.29,15.62,4.82,869.11,0.0033711375604287813
1992-11-11,6.1,227.02,13.71,0.1,621.83,0.003828240958453023
1992-11-12,0.0,340.85,17.25,0.5,634.35,0.003771103033699993
1992-11-13,0.0,325.64,20.6,4.57,851.79,0.003485413409934842
1992-11-14,0.0,326.15,22.77,6.18,952.61,0.003485413409934842
1992-11-15,0.0,310.81,22.88,7.36,1028.69,0.003485413409934842
1992-11-16,0.0,303.36,22.31,7.34,1027.46,0.003485413409934842
1992-11-17,0.0,325.65,21.27,4.57,848.87,0.003485413409934842
1992-11-18,0.0,314.97,19.89,4.15,826.17,0.003485413409934842
1992-11-19,0.0,311.28,18.17,2.88,754.31,0.003485413409934842
1992-11-20,0.0,258.76,14.81,3.22,777.46,0.003485413409934842
1992-11-21,0.0,309.63,13.15,-1.78,536.93,0.003485413409934842
1992-11-22,0.0,282.32,13.83,0.89,589.31,0.003828240958453023
1992-11-23,0.0,260.49,12.85,1.24,545.76,0.004171068506971204
1992-11-24,0.0,306.26,10.97,-3.59,365.36,0.004285344356477264
1992-11-25,0.0,303.78,11.13,-3.33,375.92,0.004171068506971204
1992-11-26,0.0,308.21,12.64,-2.46,392.51,0.003942516807959083
1992-11-27,0.0,315.12,14.78,-1.4,409.84,0.003828240958453023
1992-11-28,0.0,305.89,15.46,-0.28,449.42,0.003485413409934842
1992-11-29,0.0,297.73,13.91,-1.34,425.32,0.003485413409934842
1992-11-30,0.0,276.43,15.62,1.78,547.04,0.003485413409934842
1992-12-01,0.0,314.74,17.96,0.44,454.76,0.003485413409934842
1992-12-02,0.0,306.39,17.08,0.35,462.04,0.003485413409934842
1992-12-03,0.0,219.68,14.9,4.17,709.82,0.003485413409934842
1992-12-04,35.43,110.95,12.98,5.92,916.39,0.019998273663560565
1992-12-05,38.06,116.43,9.55,2.56,745.75,0.12570343445666643
1992-12-06,0.0,229.8,10.13,-0.58,593.72,0.015427239683318153
1992-12-07,0.0,232.75,11.35,0.48,638.92,0.0035425513346878717
1992-12-08,20.58,135.4,10.6,2.52,739.13,0.15998618930848452
1992-12-09,7.1,137.7,10.26,2.16,719.48,0.29711720871575703
1992-12-10,0.0,264.02,14.89,1.96,705.59,0.11427584950606039
1992-12-11,0.0,277.51,16.54,2.38,727.57,0.07427930217893926
1992-12-12,2.19,212.01,12.81,2.18,719.95,0.06285171722833321
1992-12-13,0.0,215.12,7.03,-2.35,520.07,0.06285171722833321
1992-12-14,0.0,237.35,7.75,-2.7,507.96,0.04742447754501506
1992-12-15,0.0,280.79,8.51,-4.76,435.82,0.03313999635675751
1992-12-16,0.0,259.85,7.25,-4.5,441.84,0.029140341624045395
1992-12-17,0.0,283.17,8.84,-4.46,443.26,0.027997583128984798
1992-12-18,0.0,176.84,7.3,-0.0,610.12,0.027997583128984798
1992-12-19,5.57,173.03,7.63,-2.02,532.64,0.027997583128984798
1992-12-20,0.0,282.9,9.02,-3.78,469.12,0.027997583128984798
1992-12-21,0.0,300.6,12.29,-2.22,521.6,0.027426203881454492
1992-12-22,0.0,296.17,14.09,-0.23,601.66,0.021141032158621172
1992-12-23,0.0,310.71,15.46,-0.59,587.93,0.01771275667343936
1992-12-24,0.0,271.91,15.7,2.9,755.61,0.01771275667343936
1992-12-25,0.0,280.03,14.77,1.56,686.05,0.02056965291109087
1992-12-26,0.0,292.12,15.79,1.58,685.04,0.017141377425909057
1992-12-27,0.0,283.46,15.15,1.85,698.98,0.01828413592096966
1992-12-28,34.6,132.01,12.81,5.54,907.25,5.94234417431514
1992-12-29,17.72,59.91,10.75,7.87,1073.33,2.3997928396272683
1992-12-30,7.99,126.91,11.41,5.11,891.78,1.0513378154557556
1992-12-31,12.85,93.41,11.08,6.49,982.55,0.6627999271351502
1993-01-01,0.0,277.02,15.38,4.23,829.27,0.49709994535136265
1993-01-02,0.0,274.44,14.78,4.0,816.62,0.4113930582218174
1993-01-03,8.83,198.93,11.44,1.54,699.93,0.3656827184193932
1993-01-04,0.18,321.16,10.17,-3.54,476.5,0.3771103033699993
1993-01-05,0.0,285.88,10.91,0.12,616.35,0.33711375604287813
1993-01-06,14.7,138.88,10.63,4.28,834.65,0.885637833671968
1993-01-07,36.58,75.91,10.49,7.21,1019.34,20.6267908358439
1993-01-08,53.91,111.8,11.66,6.79,1006.94,36.62540976669236
1993-01-09,6.12,171.26,10.49,2.55,741.67,6.342309647586351
1993-01-10,8.46,114.64,9.44,4.38,838.2,5.88520624956211
1993-01-11,45.06,151.82,9.54,2.87,762.37,22.912307825965105
1993-01-12,0.0,328.65,11.28,-2.08,529.87,5.130985642822111
1993-01-13,7.55,176.49,10.51,2.4,727.82,3.651113391718629
1993-01-14,6.73,117.13,10.2,5.12,879.43,4.3539098661809
1993-01-15,25.39,162.12,11.49,4.36,839.02,8.456412863448469
1993-01-16,6.73,153.65,12.48,5.76,924.17,3.651113391718629
1993-01-17,21.32,113.5,12.69,7.77,1062.32,18.855515168499963
1993-01-18,23.69,147.18,12.17,5.87,941.17,16.741411952637847
1993-01-19,21.82,187.89,11.36,3.05,768.53,10.456240229804525
1993-01-20,1.85,298.6,12.24,0.57,640.45,4.988140830939536
1993-01-21,0.0,341.91,14.86,1.27,671.81,3.2797168808239334
1993-01-22,0.0,348.74,17.96,3.42,785.76,2.411220424577874
1993-01-23,0.0,359.27,17.03,1.74,695.92,1.9312618566524204
1993-01-24,0.0,369.75,17.57,1.04,662.23,1.6284308554613605
1993-01-25,0.0,357.91,16.99,2.41,727.7,1.4227343263504517
1993-01-26,0.0,360.54,18.61,3.66,796.84,1.2741757219925733
1993-01-27,0.0,345.21,18.41,5.14,883.73,1.177041249912422
1993-01-28,0.0,363.69,17.5,2.94,757.44,1.0913343627828767
1993-01-29,0.0,353.39,16.01,2.75,746.91,1.0170550606039375
1993-01-30,0.63,278.76,14.2,4.84,863.77,0.9827723057521193
1993-01-31,1.6,240.38,14.03,6.03,951.48,0.9199205885237861
1993-02-01,0.0,374.95,13.96,-0.27,603.2,0.8627826637707559
1993-02-02,0.0,387.04,15.02,-0.52,592.27,0.8342137013942409
1993-02-03,0.0,385.48,16.03,0.75,646.32,0.8056447390177257
1993-02-04,0.0,369.81,17.47,3.53,788.28,0.7713619841659075
1993-02-05,0.0,357.02,17.3,4.34,837.32,0.7313654368387864
1993-02-06,0.0,337.93,17.56,5.65,915.75,0.7142240594128775
1993-02-07,0.0,360.22,18.37,4.87,868.75,0.7027964744622714
1993-02-08,10.26,223.46,16.29,6.06,944.84,0.7713619841659075
1993-02-09,36.03,144.57,10.28,4.46,843.7,7.999309465424227
1993-02-10,19.05,173.22,10.27,3.32,782.03,5.0567063406431725
1993-02-11,3.18,296.18,12.83,0.97,659.43,2.5540652364604495
1993-02-12,0.0,372.91,13.75,0.59,641.65,1.8684101394240873
1993-02-13,0.0,368.25,14.21,1.2,670.47,1.4627308736775728
1993-02-14,5.63,192.48,11.73,3.74,803.73,1.7541342899180268
1993-02-15,17.01,135.07,8.14,2.87,756.93,4.3196271113290825
1993-02-16,3.65,215.41,11.35,3.48,789.57,2.622630746164086
1993-02-17,0.0,364.42,14.43,1.95,707.79,2.0055411588313596
1993-02-18,0.0,321.07,14.56,4.13,824.02,1.7027101576402996
1993-02-19,10.26,129.8,13.43,8.31,1104.66,4.582461565193022
1993-02-20,19.19,148.07,12.39,6.76,1001.31,8.456412863448469
1993-02-21,1.82,275.58,11.46,2.97,768.53,3.245434125972115
1993-02-22,0.0,414.78,12.86,-1.09,569.68,2.325513537448329
1993-02-23,0.0,415.96,14.74,0.8,649.08,1.8912653093252993
1993-02-24,0.0,340.16,12.41,2.38,728.42,1.7027101576402996
1993-02-25,5.37,263.78,11.11,1.99,709.9,1.497013628529391
1993-02-26,0.0,411.26,14.84,2.03,709.19,1.2970308918937854
1993-02-27,0.0,422.71,16.14,2.7,743.09,1.194182627338331
1993-02-28,12.97,290.53,13.57,2.27,727.19,2.0512514986337838
1993-03-01,9.69,222.02,9.17,1.63,692.96,2.136958385763329
1993-03-02,0.0,421.15,12.61,-0.19,608.81,1.782703252294542
1993-03-03,0.0,458.61,16.81,1.41,679.63,1.6569998178378755
1993-03-04,0.0,454.04,17.47,2.63,741.59,1.3998791564492397
1993-03-05,0.0,475.58,19.32,2.36,727.42,1.2170377972395432
1993-03-06,0.0,471.28,20.13,3.69,800.43,1.1427584950606038
1993-03-07,0.0,475.14,22.63,5.29,892.46,1.0741929853569676
1993-03-08,0.0,479.88,23.21,5.34,893.9,1.0170550606039375
1993-03-09,0.0,477.22,22.85,5.49,907.5,0.9542033433756042
1993-03-10,0.0,465.9,21.65,5.61,915.77,0.9027792110978771
1993-03-11,0.0,469.73,21.47,4.98,876.17,0.8627826637707559
1993-03-12,0.0,430.73,19.81,5.99,943.81,0.7999309465424227
1993-03-13,0.0,482.42,20.67,3.29,778.64,0.7599343992153015
1993-03-14,0.0,406.41,18.33,5.96,941.87,0.7485068142646955
1993-03-15,0.0,447.75,19.06,4.7,859.26,0.7313654368387864
1993-03-16,0.0,472.1,22.25,5.69,919.28,0.7085102669375744
1993-03-17,0.0,455.79,22.74,7.01,1009.67,0.6856550970363623
1993-03-18,0.0,437.56,21.19,6.68,988.38,0.6799413045610594
1993-03-19,2.89,383.05,21.6,5.49,909.9,0.6570861346598472
1993-03-20,0.0,445.54,22.02,6.78,983.4,0.6342309647586352
1993-03-21,0.0,453.03,22.95,7.12,1014.84,0.628517172283332
1993-03-22,0.0,466.7,24.45,7.31,1024.64,0.6228033798080291
1993-03-23,0.0,474.25,25.27,7.33,1034.7,0.6113757948574231
1993-03-24,0.0,450.62,23.91,7.74,1065.13,0.6113757948574231
1993-03-25,0.0,428.43,22.43,7.62,1055.31,0.5942344174315141
1993-03-26,0.0,451.85,21.45,5.62,925.47,0.7656481916906046
1993-03-27,36.18,302.43,15.92,2.84,757.02,1.7027101576402996
1993-03-28,7.85,264.11,12.97,2.27,722.88,1.1827550423877249
1993-03-29,13.34,250.75,13.81,3.78,805.11,2.588347991312268
1993-03-30,7.67,316.97,16.51,3.26,777.65,1.6855687802143906
1993-03-31,0.0,450.92,20.2,4.9,869.91,1.1827550423877249
1993-04-01,0.0,441.74,22.17,7.1,1016.96,1.0227688530792405
1993-04-02,0.0,453.27,22.38,6.78,994.54,0.897065418622574
1993-04-03,0.0,456.14,21.86,6.26,963.82,0.7885033615918167
1993-04-04,0.0,470.04,23.01,6.58,978.18,0.7199378518881804
1993-04-05,0.0,419.96,21.45,7.63,1051.01,0.6970826819869683
1993-04-06,0.0,389.31,17.49,5.61,924.74,0.6799413045610594
1993-04-07,0.0,480.92,19.2,3.22,777.27,0.6399447572339381
1993-04-08,0.0,496.41,21.65,4.55,849.82,0.6228033798080291
1993-04-09,0.0,496.77,22.97,5.69,918.28,0.6113757948574231
1993-04-10,0.0,494.74,24.34,6.99,1003.38,0.588520624956211
1993-04-11,0.0,479.41,24.5,8.02,1081.67,0.5713792475303019
1993-04-12,0.0,478.52,23.13,6.98,1007.64,0.5485240776290898
1993-04-13,0.0,459.51,19.81,5.1,891.45,0.5142413227772717
1993-04-14,0.0,497.34,19.99,3.32,780.23,0.5085275303019687
1993-04-15,0.0,511.75,21.85,4.11,824.26,0.49138615287605963
1993-04-16,0.0,439.88,23.25,9.14,1172.04,0.4799585679254536
1993-04-17,0.0,496.56,24.64,7.48,1045.23,0.4685309829748475
1993-04-18,0.0,471.4,24.6,8.84,1147.94,0.45138960554893853
1993-04-19,0.0,501.2,25.35,7.89,1065.64,0.4399620205983325
1993-04-20,0.0,528.38,27.26,7.71,1010.85,0.40567926574651436
1993-04-21,0.0,519.79,29.72,10.24,1192.93,0.3656827184193932
1993-04-22,0.0,496.19,29.37,11.43,1300.2,0.3656827184193932
1993-04-23,0.0,470.11,25.92,9.94,1196.8,0.3599689259440902
1993-04-24,0.0,454.61,24.12,9.33,1172.9,0.34282754851818115
1993-04-25,0.0,507.91,26.35,8.52,1078.16,0.33711375604287813
1993-04-26,0.0,510.0,28.59,10.07,1182.96,0.33711375604287813
1993-04-27,0.0,497.75,28.31,10.39,1213.99,0.33711375604287813
1993-04-28,0.0,503.59,28.87,10.39,1211.23,0.308544793666363
1993-04-29,0.0,496.4,30.03,11.66,1319.01,0.28568962376515095
1993-04-30,0.0,504.46,29.98,11.13,1265.5,0.2742620388145449
1993-05-01,0.0,477.77,28.75,11.59,1331.71,0.2628344538639389
1993-05-02,0.0,484.04,27.61,10.28,1213.86,0.2571206613886359
1993-05-03,0.0,484.78,28.03,10.59,1235.61,0.24569307643802982
1993-05-04,0.0,435.13,27.34,12.42,1421.51,0.24569307643802982
1993-05-05,0.0,503.06,24.37,6.52,951.13,0.2399792839627268
1993-05-06,0.0,486.44,24.24,7.23,999.94,0.22283790653681776
1993-05-07,0.0,487.91,25.62,8.32,1070.7,0.22283790653681776
1993-05-08,0.0,489.21,26.65,9.14,1125.57,0.22283790653681776
1993-05-09,0.0,501.08,27.88,9.52,1148.08,0.21712411406151474
1993-05-10,0.0,482.72,30.98,13.1,1421.31,0.21712411406151474
1993-05-11,0.0,460.68,33.4,16.36,1646.63,0.21712411406151474
1993-05-12,0.0,465.01,32.9,15.92,1512.17,0.21712411406151474
1993-05-13,0.0,472.07,31.01,14.01,1321.32,0.19426894416030266
1993-05-14,0.0,443.23,31.69,15.94,1541.35,0.17141377425909057
1993-05-15,0.0,456.83,31.31,15.06,1438.46,0.16569998178378756
1993-05-16,5.8,337.23,29.36,13.37,1453.77,0.16569998178378756
1993-05-17,0.0,448.15,27.8,12.59,1186.16,0.15998618930848452
1993-05-18,0.0,437.91,28.7,13.85,1274.96,0.1542723968331815
1993-05-19,0.0,446.18,30.73,15.32,1367.39,0.14855860435787852
1993-05-20,0.0,486.9,31.26,13.97,1189.22,0.14284481188257547
1993-05-21,0.0,492.01,30.81,13.5,1086.4,0.13713101940727246
1993-05-22,0.0,472.28,29.62,13.7,1010.04,0.13713101940727246
1993-05-23,0.0,478.65,29.27,13.13,949.26,0.13141722693196944
1993-05-24,0.0,494.49,30.09,13.08,915.41,0.13141722693196944
1993-05-25,0.0,493.73,31.81,14.63,998.2,0.12570343445666643
1993-05-26,0.0,498.63,33.46,15.82,1051.79,0.1199896419813634
1993-05-27,0.0,492.36,33.2,16.02,1030.1,0.1199896419813634
1993-05-28,0.0,498.1,31.22,14.01,907.85,0.11427584950606039
1993-05-29,0.0,517.02,30.12,12.16,788.09,0.11427584950606039
1993-05-30,0.0,534.96,32.35,13.34,695.24,0.10856205703075737
1993-05-31,0.0,551.54,33.51,13.47,606.96,0.10856205703075737
1993-06-01,0.0,511.88,31.74,14.06,689.16,0.10284826455545434
1993-06-02,0.0,475.49,29.53,13.95,740.67,0.10284826455545434
1993-06-03,0.0,503.91,28.71,11.9,610.87,0.09713447208015133
1993-06-04,0.0,499.61,28.6,12.06,621.31,0.09713447208015133
1993-06-05,0.0,500.23,28.7,12.07,625.79,0.0914206796048483
1993-06-06,0.0,492.47,26.88,10.78,592.42,0.0914206796048483
1993-06-07,0.0,504.41,21.51,5.22,428.51,0.08570688712954529
1993-06-08,0.0,509.19,25.66,8.95,510.14,0.08570688712954529
1993-06-09,0.0,521.27,29.35,11.76,574.2,0.07999309465424226
1993-06-10,0.0,527.86,32.22,13.93,647.2,0.07999309465424226
1993-06-11,0.0,552.73,33.1,13.1,592.97,0.07999309465424226
1993-06-12,0.0,531.76,34.0,15.12,697.28,0.07427930217893926
1993-06-13,0.0,552.41,35.66,15.17,671.16,0.07427930217893926
1993-06-14,0.0,555.9,37.8,16.61,735.06,0.07427930217893926
1993-06-15,0.0,498.42,38.03,20.0,1001.17,0.06856550970363623
1993-06-16,0.0,458.86,36.72,20.79,1112.86,0.06856550970363623
1993-06-17,0.0,482.14,34.46,17.77,890.89,0.06856550970363623
1993-06-18,0.0,507.48,32.75,15.07,696.77,0.06285171722833321
1993-06-19,0.0,507.33,35.11,17.18,785.9,0.06285171722833321
1993-06-20,0.0,517.35,36.65,17.92,816.71,0.06285171722833321
1993-06-21,0.0,506.59,36.04,17.82,835.94,0.06285171722833321
1993-06-22,0.0,535.0,34.94,15.23,677.46,0.05713792475303019
1993-06-23,0.0,535.96,34.67,14.88,657.88,0.05713792475303019
1993-06-24,0.0,526.35,36.19,16.76,743.61,0.05713792475303019
1993-06-25,0.0,517.35,38.33,19.06,873.99,0.05713792475303019
1993-06-26,0.0,533.15,39.92,19.52,871.65,0.05142413227772717
1993-06-27,0.0,528.38,39.87,19.68,879.53,0.05142413227772717
1993-06-28,0.0,514.6,39.44,20.19,909.56,0.05142413227772717
1993-06-29,0.0,493.53,37.96,20.17,908.19,0.05142413227772717
1993-06-30,0.0,501.31,36.85,18.8,832.62,0.048567236040075665
1993-07-01,0.0,472.12,36.31,19.89,893.84,0.04571033980242415
1993-07-02,0.0,478.69,35.66,18.93,844.25,0.04571033980242415
1993-07-03,0.0,397.92,32.96,20.08,909.12,0.04571033980242415
1993-07-04,0.0,445.08,32.45,17.71,776.27,0.04571033980242415
1993-07-05,0.0,507.56,33.08,15.2,650.67,0.04571033980242415
1993-07-06,0.0,485.25,34.8,17.92,784.81,0.04285344356477264
1993-07-07,0.0,512.28,36.6,17.98,787.84,0.04285344356477264
1993-07-08,0.0,480.0,36.31,19.41,865.82,0.04285344356477264
1993-07-09,0.0,442.77,35.92,20.94,960.27,0.03999654732712113
1993-07-10,0.0,418.5,35.13,21.33,987.66,0.03999654732712113
1993-07-11,0.0,437.05,34.69,20.25,921.31,0.03999654732712113
1993-07-12,8.75,338.74,33.07,18.68,826.04,0.03999654732712113
1993-07-13,0.0,384.27,32.23,20.29,917.51,0.03999654732712113
1993-07-14,0.0,441.75,33.38,19.26,861.55,0.034282754851818115
1993-07-15,0.0,491.51,34.07,17.64,771.89,0.034282754851818115
1993-07-16,1.05,431.36,33.33,19.67,880.95,0.034282754851818115
1993-07-17,0.0,497.22,32.78,16.21,699.07,0.034282754851818115
1993-07-18,0.0,508.71,33.72,16.46,709.88,0.034282754851818115
1993-07-19,0.0,517.04,34.25,16.45,708.51,0.03142585861416661
1993-07-20,0.0,512.78,34.03,16.5,710.87,0.03142585861416661
1993-07-21,0.0,516.76,33.03,15.32,653.21,0.03142585861416661
1993-07-22,0.0,489.98,33.45,17.28,749.29,0.028568962376515097
1993-07-23,0.0,506.85,33.28,16.3,700.34,0.028568962376515097
1993-07-24,0.0,502.05,33.55,16.85,726.59,0.028568962376515097
1993-07-25,0.0,525.9,33.92,15.87,680.04,0.028568962376515097
1993-07-26,0.0,532.73,34.73,16.19,692.62,0.028568962376515097
1993-07-27,0.0,555.99,36.29,15.89,681.91,0.022855169901212075
1993-07-28,0.0,544.87,37.65,17.81,776.44,0.022855169901212075
1993-07-29,0.0,427.21,36.14,22.42,1043.6,0.022855169901212075
1993-07-30,0.0,502.98,37.76,20.63,936.93,0.022855169901212075
1993-07-31,0.0,499.44,39.18,22.0,1025.55,0.022855169901212075
1993-08-01,0.0,514.89,39.75,21.52,993.87,0.019998273663560565
1993-08-02,0.0,478.96,39.4,23.07,1105.2,0.019998273663560565
1993-08-03,0.0,483.25,37.6,21.27,981.37,0.019998273663560565
1993-08-04,2.23,434.98,35.69,19.7,884.64,0.023997928396272683
1993-08-05,0.0,452.1,35.85,21.2,981.59,0.019998273663560565
1993-08-06,10.41,373.92,36.4,19.33,859.98,0.017141377425909057
1993-08-07,6.78,370.24,34.51,17.91,785.5,0.01885551516849996
1993-08-08,0.0,453.78,33.83,19.33,861.51,0.015427239683318153
1993-08-09,0.0,472.99,35.64,20.03,900.09,0.019426894416030266
1993-08-10,0.0,487.48,36.39,19.88,897.34,0.030854479366636305
1993-08-11,0.0,487.38,37.19,20.47,927.6,0.03142585861416661
1993-08-12,0.0,517.89,37.29,18.61,821.66,0.030854479366636305
1993-08-13,0.0,505.17,36.26,18.25,800.62,0.02171241140615147
1993-08-14,0.0,444.03,33.86,19.17,852.9,0.03313999635675751
1993-08-15,0.0,493.14,33.83,16.77,724.69,0.029711720871575698
1993-08-16,0.0,506.17,34.99,16.93,730.56,0.029711720871575698
1993-08-17,0.0,492.57,35.4,18.06,792.46,0.033711375604287816
1993-08-18,0.0,467.37,35.6,19.56,876.04,0.017141377425909057
1993-08-19,0.0,452.48,34.95,19.7,884.62,0.016569998178378755
1993-08-20,10.76,315.92,33.59,19.87,892.87,0.027426203881454492
1993-08-21,8.75,326.61,33.56,19.03,875.01,0.04171068506971204
1993-08-22,0.0,418.74,33.57,19.9,916.18,0.011998964198136342
1993-08-23,0.0,483.03,35.22,18.45,812.72,0.009713447208015133
1993-08-24,0.0,460.6,35.49,19.83,897.18,0.010856205703075735
1993-08-25,18.84,334.06,31.64,16.49,881.02,0.01828413592096966
1993-08-26,1.91,190.97,25.2,18.63,1932.48,0.014284481188257548
1993-08-27,15.19,169.35,23.86,16.95,1868.9,0.06285171722833321
1993-08-28,22.33,206.98,25.63,17.1,1892.26,0.04285344356477264
1993-08-29,8.62,263.04,28.55,17.21,1878.46,0.011427584950606038
1993-08-30,9.77,283.99,28.11,17.05,1856.07,0.011427584950606038
1993-08-31,0.0,365.37,28.69,17.18,1757.49,0.013713101940727246
1993-09-01,0.0,421.1,30.91,17.0,1617.15,0.014284481188257548
1993-09-02,0.0,439.79,33.35,18.18,1682.71,0.013141722693196944
1993-09-03,0.0,458.17,35.37,18.75,1694.38,0.015998618930848453
1993-09-04,0.0,437.05,34.91,19.37,1803.36,0.014284481188257548
1993-09-05,0.0,442.0,33.97,18.34,1702.01,0.013713101940727246
1993-09-06,0.0,439.9,33.83,18.26,1689.0,0.014855860435787849
1993-09-07,0.0,446.68,34.48,18.33,1686.22,0.013713101940727246
1993-09-08,0.0,483.75,35.31,16.64,1449.28,0.014284481188257548
1993-09-09,0.0,481.55,35.65,16.85,1469.02,0.014284481188257548
1993-09-10,0.0,469.34,35.4,17.26,1538.1,0.014284481188257548
1993-09-11,0.0,427.19,34.31,18.68,1772.91,0.015998618930848453
1993-09-12,0.0,404.6,31.45,17.35,1690.95,0.014284481188257548
1993-09-13,7.3,258.26,26.39,16.02,1800.3,0.03142585861416661
1993-09-14,1.08,431.65,27.69,12.2,1252.82,0.026854824633924194
1993-09-15,0.0,425.91,29.09,14.4,1438.43,0.012570343445666644
1993-09-16,0.0,421.9,29.23,14.66,1457.39,0.010856205703075735
1993-09-17,0.0,460.25,28.02,11.5,1150.86,0.010856205703075735
1993-09-18,0.0,460.0,26.6,10.22,1071.81,0.011998964198136342
1993-09-19,0.0,475.42,28.82,10.79,1084.77,0.013141722693196944
1993-09-20,0.0,478.16,30.4,11.55,1125.73,0.013141722693196944
1993-09-21,0.0,468.89,32.75,13.69,1289.74,0.011427584950606038
1993-09-22,0.0,450.54,33.73,15.4,1464.36,0.011427584950606038
1993-09-23,0.0,449.97,32.52,14.33,1377.47,0.010856205703075735
1993-09-24,0.0,402.11,31.11,15.78,1597.18,0.010856205703075735
1993-09-25,0.0,441.09,30.97,13.12,1307.23,0.011427584950606038
1993-09-26,0.0,457.08,32.16,12.37,1223.07,0.010856205703075735
1993-09-27,0.0,406.08,33.32,16.24,1636.05,0.010284826455545435
1993-09-28,0.0,429.94,33.07,14.26,1420.13,0.010284826455545435
1993-09-29,0.0,396.23,32.6,15.65,1607.2,0.009713447208015133
1993-09-30,0.0,381.76,32.46,16.1,1670.77,0.00914206796048483
1993-10-01,0.0,418.69,32.63,13.74,1397.6,0.006856550970363623
1993-10-02,0.0,419.82,32.9,13.63,1380.35,0.006856550970363623
1993-10-03,0.0,412.77,33.67,14.45,1465.92,0.006856550970363623
1993-10-04,0.0,390.14,33.67,15.7,1622.96,0.007999309465424227
1993-10-05,0.0,342.2,32.4,17.21,1868.41,0.008570688712954529
1993-10-06,14.49,259.92,29.69,14.42,1664.9,0.016569998178378755
1993-10-07,31.75,177.93,21.66,12.51,1471.31,0.05142413227772717
1993-10-08,0.0,317.06,23.9,11.15,1339.86,0.022855169901212075
1993-10-09,0.0,315.95,25.18,12.4,1457.48,0.01771275667343936
1993-10-10,0.0,341.07,27.1,12.75,1485.53,0.013713101940727246
1993-10-11,0.0,323.9,26.4,12.98,1506.31,0.013713101940727246
1993-10-12,0.0,320.35,25.99,12.69,1482.42,0.011998964198136342
1993-10-13,0.0,344.62,26.65,11.79,1398.47,0.012570343445666644
1993-10-14,0.0,319.73,26.12,12.56,1470.26,0.012570343445666644
1993-10-15,0.0,324.68,24.48,10.75,1308.73,0.013141722693196944
1993-10-16,1.26,271.04,21.3,9.9,1238.5,0.021141032158621172
1993-10-17,6.53,147.45,16.91,9.51,1205.87,0.023426549148742377
1993-10-18,0.0,307.25,19.24,7.06,1026.89,0.015427239683318153
1993-10-19,0.0,335.54,20.03,6.29,969.93,0.013713101940727246
1993-10-20,0.0,361.4,22.39,6.8,1002.5,0.013141722693196944
1993-10-21,0.0,345.69,23.56,8.7,1136.19,0.011998964198136342
1993-10-22,0.0,295.76,23.2,11.05,1328.57,0.011427584950606038
1993-10-23,0.0,363.97,25.11,8.74,1143.28,0.010284826455545435
1993-10-24,0.0,375.8,27.23,9.24,1181.38,0.009713447208015133
1993-10-25,0.0,333.17,26.84,11.87,1398.8,0.011427584950606038
1993-10-26,0.0,354.91,26.04,9.69,1220.46,0.010284826455545435
1993-10-27,0.48,308.23,23.16,9.54,1207.36,0.006856550970363623
1993-10-28,0.0,324.2,20.56,6.92,1010.92,0.008570688712954529
1993-10-29,0.0,348.62,22.18,6.67,991.06,0.008570688712954529
1993-10-30,0.0,328.37,20.17,6.14,965.74,0.007999309465424227
1993-10-31,0.0,348.35,19.95,4.57,862.38,0.006856550970363623
1993-11-01,0.0,305.58,18.04,5.39,899.15,0.006285171722833322
1993-11-02,0.0,324.79,19.56,5.69,920.59,0.007427930217893924
1993-11-03,0.0,345.44,21.73,6.21,955.16,0.011998964198136342
1993-11-04,0.0,362.33,22.08,4.78,861.84,0.014284481188257548
1993-11-05,0.0,359.93,21.08,3.93,814.06,0.015427239683318153
1993-11-06,0.0,344.62,20.45,4.29,838.03,0.015427239683318153
1993-11-07,0.0,344.63,20.75,4.2,827.82,0.015998618930848453
1993-11-08,0.0,351.05,21.24,3.76,805.0,0.01771275667343936
1993-11-09,0.0,351.58,21.85,3.88,810.9,0.01771275667343936
1993-11-10,0.0,330.28,22.42,5.94,937.81,0.01828413592096966
1993-11-11,0.0,273.17,19.26,6.73,992.58,0.029140341624045395
1993-11-12,12.98,167.83,12.52,3.0,765.1,0.03942516807959083
1993-11-13,20.81,116.42,8.88,2.64,747.42,0.03599689259440902
1993-11-14,6.27,88.06,6.72,2.23,722.72,0.10284826455545434
1993-11-15,51.62,103.48,6.92,1.65,693.45,3.8796650907307497
1993-11-16,7.83,193.56,11.26,0.33,631.25,0.8399274938695438
1993-11-17,0.0,280.55,15.45,2.99,762.6,0.45138960554893853
1993-11-18,0.0,290.54,17.88,4.48,852.32,0.3713965108946963
1993-11-19,0.0,311.38,18.58,3.45,790.37,0.30283100119106
1993-11-20,0.0,324.03,18.75,2.32,729.49,0.24569307643802982
1993-11-21,0.0,324.42,19.3,2.44,730.83,0.19998273663560567
1993-11-22,0.0,259.43,17.96,5.93,933.59,0.16569998178378756
1993-11-23,3.94,158.57,16.02,7.85,1082.46,0.14855860435787852
1993-11-24,0.0,277.21,16.72,3.94,825.0,0.14284481188257547
1993-11-25,0.0,322.51,15.73,-0.64,594.44,0.12570343445666643
1993-11-26,0.0,319.12,13.81,-2.26,526.45,0.10284826455545434
1993-11-27,0.0,323.53,15.65,-1.39,558.46,0.07999309465424226
1993-11-28,0.0,314.14,19.44,2.68,745.75,0.07999309465424226
1993-11-29,0.0,307.3,19.55,3.24,774.5,0.07427930217893926
1993-11-30,0.0,295.83,17.41,2.29,725.09,0.06285171722833321
1993-12-01,0.0,289.53,16.36,1.71,696.13,0.056566545505499895
1993-12-02,0.0,290.58,17.49,2.52,739.99,0.05199551152525748
1993-12-03,0.0,273.47,16.18,2.56,738.15,0.046853098297484755
1993-12-04,0.0,319.62,17.29,-0.82,582.61,0.043996202059833255
1993-12-05,0.0,306.5,17.88,1.1,660.99,0.04113930582218174
1993-12-06,0.0,302.72,18.27,1.65,685.55,0.043996202059833255
1993-12-07,0.0,303.66,18.45,1.63,682.59,0.04285344356477264
1993-12-08,0.0,262.94,16.62,3.44,782.19,0.03999654732712113
1993-12-09,0.0,287.13,17.59,2.58,738.65,0.040567926574651435
1993-12-10,0.0,303.35,20.3,3.23,772.31,0.03942516807959083
1993-12-11,0.0,280.18,19.98,4.96,871.81,0.033711375604287816
1993-12-12,3.94,192.19,15.65,2.62,747.2,0.031997237861696906
1993-12-13,0.0,290.12,13.92,-1.72,540.64,0.03256861710922721
1993-12-14,0.0,277.61,15.53,0.53,632.09,0.033711375604287816
1993-12-15,0.0,243.83,12.39,-0.32,598.76,0.03599689259440902
1993-12-16,0.0,232.3,9.57,-2.05,529.11,0.03485413409934841
1993-12-17,0.0,267.72,11.91,-2.31,518.4,0.031997237861696906
1993-12-18,0.0,257.57,15.01,1.27,670.38,0.03256861710922721
1993-12-19,0.0,270.8,13.88,-0.82,578.17,0.031997237861696906
1993-12-20,0.0,261.72,12.07,-1.69,544.05,0.031997237861696906
1993-12-21,0.0,216.24,11.3,0.64,644.26,0.031997237861696906
1993-12-22,0.0,258.3,10.34,-2.88,499.16,0.030854479366636305
1993-12-23,0.0,280.52,10.51,-4.73,433.93,0.028568962376515097
1993-12-24,0.0,285.64,10.92,-4.79,430.83,0.028568962376515097
1993-12-25,0.0,285.89,14.88,-1.16,562.58,0.028568962376515097
1993-12-26,0.0,291.06,16.42,-0.32,596.83,0.027426203881454492
1993-12-27,0.0,249.49,14.92,1.88,700.9,0.025140686891333287
1993-12-28,0.0,245.41,15.55,2.91,758.59,0.026283445386393888
1993-12-29,0.0,247.88,15.15,2.42,731.81,0.026854824633924194
1993-12-30,0.0,245.65,15.8,3.28,777.77,0.028568962376515097
1993-12-31,0.0,257.82,16.89,3.54,793.02,0.030283100119106
1994-01-01,0.0,268.71,17.66,2.19,718.29,0.031997237861696906
1994-01-02,0.0,267.96,17.93,2.55,738.66,0.03142585861416661
1994-01-03,0.0,291.5,19.85,2.22,721.26,0.030854479366636305
1994-01-04,0.0,300.34,20.82,2.23,716.5,0.03313999635675751
1994-01-05,0.0,264.95,18.44,3.21,770.74,0.03656827184193932
1994-01-06,0.0,259.33,14.05,-0.04,613.81,0.040567926574651435
1994-01-07,0.0,282.3,12.98,-2.69,507.79,0.040567926574651435
1994-01-08,0.0,293.28,15.64,-1.13,562.22,0.04171068506971204
1994-01-09,0.0,290.1,15.13,-1.29,558.12,0.04456758130736355
1994-01-10,0.0,291.85,14.02,-2.37,514.91,0.04456758130736355
1994-01-11,0.0,300.24,15.52,-1.58,547.75,0.04456758130736355
1994-01-12,0.0,291.95,15.4,-0.83,575.8,0.04456758130736355
1994-01-13,0.0,295.16,16.58,0.04,614.76,0.04456758130736355
1994-01-14,0.0,289.33,18.94,2.79,749.79,0.04342482281230294
1994-01-15,0.0,280.59,18.92,3.57,788.55,0.040567926574651435
1994-01-16,0.0,315.77,18.36,0.11,616.22,0.03999654732712113
1994-01-17,0.0,315.29,18.82,0.8,646.55,0.03942516807959083
1994-01-18,0.0,318.6,20.5,2.08,707.74,0.03885378883206053
1994-01-19,0.0,317.74,21.81,3.44,784.71,0.03828240958453023
1994-01-20,0.0,326.59,21.13,2.12,713.36,0.03771103033699992
1994-01-21,0.0,327.82,20.83,1.94,704.19,0.03713965108946963
1994-01-22,0.0,321.28,20.76,2.74,747.91,0.03656827184193932
1994-01-23,0.0,285.93,19.06,4.24,831.28,0.03599689259440902
1994-01-24,0.0,294.24,18.48,3.29,775.35,0.03542551334687872
1994-01-25,0.0,293.75,15.88,0.87,651.6,0.03771103033699992
1994-01-26,5.17,194.57,9.84,-2.3,520.33,0.03713965108946963
1994-01-27,0.0,264.56,9.73,-2.56,509.35,0.03599689259440902
1994-01-28,0.0,262.49,9.48,-2.51,513.72,0.03542551334687872
1994-01-29,1.05,284.91,10.54,-2.63,508.79,0.034282754851818115
1994-01-30,0.0,317.74,11.86,-3.44,479.16,0.033711375604287816
1994-01-31,0.0,302.49,10.78,-3.31,483.48,0.03313999635675751
1994-02-01,0.0,305.94,9.54,-4.48,444.62,0.03256861710922721
1994-02-02,0.0,277.03,10.74,-1.48,551.12,0.031997237861696906
1994-02-03,0.0,322.41,13.64,-1.26,558.28,0.031997237861696906
1994-02-04,0.0,282.28,13.18,0.65,634.7,0.031997237861696906
1994-02-05,0.73,250.96,13.8,2.68,745.11,0.030854479366636305
1994-02-06,0.0,337.54,16.58,0.86,648.28,0.029140341624045395
1994-02-07,0.0,286.27,15.14,2.71,745.42,0.030854479366636305
1994-02-08,31.67,129.1,9.95,3.19,773.04,1.4741584586281788
1994-02-09,17.47,208.17,11.34,0.28,628.73,1.0113412681286345
1994-02-10,0.0,320.67,13.75,0.63,641.75,0.4799585679254536
1994-02-11,0.0,306.79,12.4,0.31,630.78,0.3599689259440902
1994-02-12,0.0,338.96,11.38,-2.2,526.7,0.27997583128984793
1994-02-13,0.0,344.19,14.32,0.44,632.23,0.24569307643802982
1994-02-14,0.0,371.11,17.7,1.84,698.18,0.2056965291109087
1994-02-15,0.0,388.96,19.08,1.91,699.92,0.1771275667343936
1994-02-16,0.0,393.5,21.21,3.54,786.01,0.17141377425909057
1994-02-17,0.0,352.3,20.64,6.21,949.58,0.16569998178378756
1994-02-18,8.68,269.75,18.21,3.76,811.12,0.1542723968331815
1994-02-19,3.29,218.53,9.68,0.84,656.49,0.1542723968331815
1994-02-20,0.0,383.54,12.74,-1.7,542.14,0.1542723968331815
1994-02-21,0.0,355.39,13.57,0.84,649.95,0.1542723968331815
1994-02-22,0.0,391.79,12.38,-2.02,532.28,0.13713101940727246
1994-02-23,0.0,420.33,14.21,-2.42,519.29,0.09713447208015133
1994-02-24,0.0,438.59,17.91,-0.58,586.16,0.0914206796048483
1994-02-25,0.0,445.97,20.54,0.96,652.07,0.08570688712954529
1994-02-26,0.0,432.9,20.53,2.26,718.49,0.08570688712954529
1994-02-27,0.0,418.21,19.96,3.05,761.1,0.08570688712954529
1994-02-28,0.0,399.6,18.35,3.06,766.61,0.08570688712954529
1994-03-01,0.0,424.19,19.87,2.92,754.73,0.07999309465424226
1994-03-02,0.0,414.41,21.75,5.31,889.55,0.07999309465424226
1994-03-03,0.0,391.43,23.47,8.35,1104.22,0.07427930217893926
1994-03-04,0.0,409.48,23.91,7.66,1045.32,0.06856550970363623
1994-03-05,0.0,430.95,22.84,5.34,887.59,0.06285171722833321
1994-03-06,0.0,419.66,21.91,5.46,882.37,0.06856550970363623
1994-03-07,0.45,415.77,19.49,3.07,707.02,0.07999309465424226
1994-03-08,11.19,288.01,14.47,0.83,653.91,0.10284826455545434
1994-03-09,0.0,408.1,17.39,2.51,715.23,0.06856550970363623
1994-03-10,0.0,424.39,20.37,4.11,773.95,0.03999654732712113
1994-03-11,0.0,408.49,19.82,4.53,805.67,0.027426203881454492
1994-03-12,2.03,320.03,16.38,3.37,769.95,0.025140686891333287
1994-03-13,0.0,388.89,18.37,4.47,826.03,0.023997928396272683
1994-03-14,0.0,428.81,21.59,5.26,830.25,0.021141032158621172
1994-03-15,0.0,467.3,24.57,5.27,793.68,0.014284481188257548
1994-03-16,0.0,458.23,25.7,6.96,888.14,0.00914206796048483
1994-03-17,0.0,433.74,25.22,8.33,996.19,0.007999309465424227
1994-03-18,0.0,393.34,22.33,8.03,1012.74,0.007999309465424227
1994-03-19,0.0,288.91,17.3,7.89,1075.83,0.007999309465424227
1994-03-20,11.25,205.78,16.32,7.56,1052.26,0.046281719049954456
1994-03-21,0.0,397.58,19.02,5.36,886.04,0.14284481188257547
1994-03-22,0.0,406.63,20.29,6.16,916.64,0.11427584950606039
1994-03-23,0.0,399.9,19.33,5.64,890.26,0.09713447208015133
1994-03-24,0.0,444.37,19.8,4.03,755.1,0.0914206796048483
1994-03-25,0.0,422.86,18.2,3.72,733.75,0.07999309465424226
1994-03-26,19.77,231.19,12.25,2.83,756.11,0.17141377425909057
1994-03-27,7.69,324.45,15.22,1.46,675.74,0.3771103033699993
1994-03-28,0.0,480.55,18.08,1.48,598.02,0.28568962376515095
1994-03-29,0.0,498.29,21.68,3.66,662.23,0.2399792839627268
1994-03-30,0.0,468.88,23.15,6.77,831.31,0.19998273663560567
1994-03-31,0.0,481.66,24.13,7.14,804.22,0.15998618930848452
1994-04-01,0.0,493.43,24.72,7.0,782.26,0.14284481188257547
1994-04-02,0.0,500.36,25.29,7.11,778.29,0.13141722693196944
1994-04-03,0.0,494.28,25.05,7.35,795.4,0.10284826455545434
1994-04-04,0.0,437.1,23.0,8.6,931.42,0.09713447208015133
1994-04-05,0.0,486.42,20.82,4.4,681.95,0.09713447208015133
1994-04-06,0.0,488.61,20.49,4.04,657.6,0.07999309465424226
1994-04-07,0.0,461.3,21.01,5.93,767.25,0.07999309465424226
1994-04-08,0.0,412.73,20.4,7.53,899.63,0.07999309465424226
1994-04-09,0.0,417.49,18.85,6.1,824.05,0.06285171722833321
1994-04-10,0.0,402.21,16.65,4.75,773.21,0.05142413227772717
1994-04-11,0.0,501.59,19.73,3.19,613.16,0.05713792475303019
1994-04-12,0.0,516.41,24.19,6.27,717.53,0.06285171722833321
1994-04-13,0.0,509.68,25.66,8.02,801.42,0.06285171722833321
1994-04-14,0.0,510.73,25.27,7.73,783.21,0.054281028515378686
1994-04-15,0.0,548.7,28.53,7.82,736.0,0.05199551152525748
1994-04-16,0.0,518.89,30.63,11.85,980.8,0.05713792475303019
1994-04-17,0.0,486.58,30.71,13.75,1152.26,0.05085275303019687
1994-04-18,0.0,508.63,30.25,11.93,994.72,0.046281719049954456
1994-04-19,0.0,523.48,30.93,11.41,940.3,0.04171068506971204
1994-04-20,0.0,531.61,32.27,11.82,943.73,0.03599689259440902
1994-04-21,0.0,510.6,31.72,12.7,1030.37,0.028568962376515097
1994-04-22,0.0,474.52,29.96,13.17,1120.14,0.02456930764380298
1994-04-23,0.0,445.52,28.08,12.9,1152.63,0.022855169901212075
1994-04-24,0.0,501.53,24.54,7.08,758.29,0.025140686891333287
1994-04-25,5.88,340.79,16.94,2.0,662.76,0.026854824633924194
1994-04-26,1.68,262.03,14.78,6.08,921.17,0.028568962376515097
1994-04-27,13.32,268.74,14.2,3.41,771.04,0.05713792475303019
1994-04-28,7.11,335.85,17.8,3.73,790.21,0.08570688712954529
1994-04-29,0.0,496.68,19.74,3.36,665.04,0.06856550970363623
1994-04-30,0.0,499.59,22.76,6.01,774.84,0.056566545505499895
1994-05-01,0.0,493.38,23.94,7.42,849.6,0.04571033980242415
1994-05-02,0.0,510.97,25.13,7.61,838.36,0.03885378883206053
1994-05-03,0.0,508.59,26.7,9.16,920.39,0.03256861710922721
1994-05-04,0.0,517.91,29.47,10.89,1003.89,0.029711720871575698
1994-05-05,0.0,515.12,30.2,11.6,1044.75,0.02456930764380298
1994-05-06,0.0,497.81,28.76,11.26,1045.88,0.01771275667343936
1994-05-07,0.0,503.56,25.91,8.52,880.56,0.013713101940727246
1994-05-08,0.0,512.19,24.43,6.69,782.08,0.013141722693196944
1994-05-09,0.0,417.45,21.63,8.35,969.13,0.014855860435787849
1994-05-10,0.0,432.85,21.29,7.71,811.21,0.015427239683318153
1994-05-11,0.44,405.68,22.38,9.61,838.35,0.015427239683318153
1994-05-12,4.4,344.88,23.84,8.99,892.35,0.016569998178378755
1994-05-13,0.0,492.47,27.66,11.35,807.86,0.015427239683318153
1994-05-14,0.0,488.76,29.64,13.33,910.3,0.014284481188257548
1994-05-15,0.0,518.45,31.4,13.44,851.93,0.013141722693196944
1994-05-16,0.0,541.74,30.3,10.97,701.92,0.011998964198136342
1994-05-17,0.0,505.22,27.77,10.79,754.75,0.011427584950606038
1994-05-18,0.0,507.64,26.62,9.79,710.35,0.015427239683318153
1994-05-19,0.0,520.63,25.04,7.78,614.22,0.017141377425909057
1994-05-20,0.0,542.09,25.22,6.97,515.86,0.01828413592096966
1994-05-21,0.0,568.54,28.63,8.29,496.11,0.016569998178378755
1994-05-22,0.0,547.58,30.26,11.09,611.52,0.008570688712954529
1994-05-23,0.0,529.58,30.89,12.67,695.28,0.00914206796048483
1994-05-24,0.0,467.2,29.16,14.17,872.68,0.007427930217893924
1994-05-25,12.06,321.77,22.72,9.54,909.78,0.02171241140615147
1994-05-26,0.85,452.32,24.12,9.46,783.43,0.017141377425909057
1994-05-27,0.0,462.31,28.51,13.51,966.71,0.006285171722833322
1994-05-28,0.0,475.04,31.9,15.95,1075.76,0.005313827002031808
1994-05-29,0.0,514.45,33.19,15.1,935.99,0.004456758130736355
1994-05-30,0.0,533.95,34.59,15.1,893.21,0.003942516807959083
1994-05-31,0.0,490.83,34.36,17.12,1099.03,0.0025712066138863588
1994-06-01,0.0,553.85,34.14,13.29,764.94,0.001485586043578785
1994-06-02,0.0,538.99,34.86,14.81,865.34,0.0019426894416030268
1994-06-03,0.0,538.3,35.62,15.47,895.77,0.0032568617109227206
1994-06-04,0.0,518.49,34.29,15.5,937.94,0.004913861528760596
1994-06-05,0.0,532.19,34.18,14.61,864.74,0.0032568617109227206
1994-06-06,0.0,525.41,33.84,14.69,875.34,0.00297117208715757
1994-06-07,0.0,530.95,32.87,13.71,735.45,0.002628344538639389
1994-06-08,0.0,524.07,33.39,14.51,773.23,0.0030283100119106003
1994-06-09,0.0,530.71,36.3,16.45,854.08,0.0030283100119106003
1994-06-10,0.0,530.22,38.04,17.72,923.38,0.0034282754851818116
1994-06-11,0.0,507.96,37.88,18.83,1001.89,0.004171068506971204
1994-06-12,0.0,500.33,36.87,18.31,991.24,0.003828240958453023
1994-06-13,0.0,509.01,36.04,17.11,909.42,0.0032568617109227206
1994-06-14,0.0,496.38,34.42,16.34,895.65,0.002628344538639389
1994-06-15,0.0,524.11,33.26,13.84,728.64,0.0032568617109227206
1994-06-16,0.0,523.31,33.75,14.31,744.34,0.004171068506971204
1994-06-17,0.0,438.55,32.53,17.25,1069.33,0.00297117208715757
1994-06-18,0.0,426.76,32.54,17.89,1143.24,0.0019426894416030268
1994-06-19,0.0,463.03,34.47,18.38,950.55,0.0023426549148742376
1994-06-20,0.0,411.02,33.73,19.92,1157.69,0.0013713101940727244
1994-06-21,0.0,358.9,31.23,19.62,1319.39,0.0018855515168499965
1994-06-22,0.0,437.68,34.14,19.48,1054.34,0.002056965291109087
1994-06-23,0.0,500.3,38.12,20.09,984.0,0.0010284826455545435
1994-06-24,0.0,510.62,40.65,21.51,1066.66,0.00039996547327121135
1994-06-25,0.0,519.52,41.48,21.85,1019.13,0.0011998964198136342
1994-06-26,0.0,507.38,41.38,22.46,1051.76,0.0008570688712954529
1994-06-27,0.0,491.83,40.48,22.43,1049.96,0.00039996547327121135
1994-06-28,0.0,478.97,39.93,22.76,1073.01,0.00028568962376515096
1994-06-29,0.0,510.76,42.29,22.97,1087.38,0.00028568962376515096
1994-06-30,0.0,487.82,40.64,22.81,1081.47,0.00022855169901212077
1994-07-01,0.0,450.78,37.95,22.47,1058.21,0.00022855169901212077
1994-07-02,0.0,469.61,38.26,21.94,1022.18,0.00022855169901212077
1994-07-03,0.0,470.24,37.59,21.34,982.65,0.00022855169901212077
1994-07-04,0.0,504.66,36.34,18.48,815.04,0.00028568962376515096
1994-07-05,0.0,488.65,35.16,18.27,805.72,0.00022855169901212077
1994-07-06,0.0,509.28,35.1,17.27,749.0,0.00028568962376515096
1994-07-07,0.0,544.1,36.92,16.64,717.86,0.00022855169901212077
1994-07-08,0.0,530.52,38.47,18.84,832.31,0.00017141377425909055
1994-07-09,0.0,513.5,38.8,20.15,905.87,0.00017141377425909055
1994-07-10,0.0,508.07,38.32,20.12,904.2,0.00017141377425909055
1994-07-11,0.0,494.78,37.94,20.6,935.62,0.00017141377425909055
1994-07-12,0.0,496.01,36.71,19.45,867.79,0.00011427584950606039
1994-07-13,0.0,528.69,37.41,18.18,796.83,0.00017141377425909055
1994-07-14,0.0,525.6,37.76,18.63,820.96,0.00011427584950606039
1994-07-15,0.0,518.23,37.46,18.83,832.03,0.00011427584950606039
1994-07-16,0.0,505.68,37.35,19.5,870.65,0.00017141377425909055
1994-07-17,0.0,450.03,34.85,19.92,907.45,0.00017141377425909055
1994-07-18,5.79,280.67,29.62,17.81,991.4,1.8455549695228752
1994-07-19,10.24,255.17,28.04,17.41,1187.42,0.45710339802424155
1994-07-20,1.19,412.24,31.53,17.52,894.79,0.24569307643802982
1994-07-21,0.0,477.16,35.45,19.2,902.53,0.07999309465424226
1994-07-22,0.0,453.25,36.76,21.37,1066.55,0.03542551334687872
1994-07-23,0.0,430.27,36.88,22.47,1181.62,0.021141032158621172
1994-07-24,0.0,454.38,36.45,21.21,1057.22,0.011998964198136342
1994-07-25,1.0,447.77,36.43,20.83,1042.94,0.006856550970363623
1994-07-26,0.0,431.04,36.83,22.73,1143.67,0.005656654550549989
1994-07-27,0.0,417.29,35.89,22.64,1090.78,0.005713792475303019
1994-07-28,0.0,457.48,37.05,22.16,1038.59,0.002742620388145449
1994-07-29,6.78,375.09,36.44,19.39,881.38,0.004399620205983325
1994-07-30,2.31,394.67,35.11,20.01,936.88,0.003485413409934842
1994-07-31,0.0,436.26,35.06,21.34,998.51,0.0015998618930848454
1994-08-01,0.0,465.53,36.77,21.65,1009.18,0.00039996547327121135
1994-08-02,0.0,501.33,38.47,21.3,983.42,0.0003428275485181811
1994-08-03,0.0,517.96,39.59,21.27,977.24,0.0003428275485181811
1994-08-04,0.0,505.79,39.82,22.1,1034.44,0.0003428275485181811
1994-08-05,0.0,477.6,38.89,22.82,1090.94,0.00045710339802424154
1994-08-06,1.06,470.74,38.73,21.93,1029.63,0.00045710339802424154
1994-08-07,0.96,442.73,37.7,22.47,1115.73,0.00045710339802424154
1994-08-08,4.09,381.86,35.43,19.95,993.1,0.0003428275485181811
1994-08-09,0.0,408.35,32.51,20.25,978.44,0.0003428275485181811
1994-08-10,0.0,465.85,36.21,21.39,1000.56,0.0003428275485181811
1994-08-11,0.0,453.32,37.15,22.77,1103.83,0.0003428275485181811
1994-08-12,1.19,454.97,37.34,20.97,971.87,0.0003428275485181811
1994-08-13,0.0,486.72,37.09,21.32,992.5,0.0003428275485181811
1994-08-14,0.0,462.13,36.78,22.28,1063.44,0.0003428275485181811
1994-08-15,0.0,449.41,35.79,21.95,1052.3,0.0003428275485181811
1994-08-16,0.0,468.77,36.43,21.69,1023.26,0.0003428275485181811
1994-08-17,0.0,484.96,36.36,20.73,959.43,0.0003428275485181811
1994-08-18,0.0,457.46,35.74,21.34,1002.77,0.0003428275485181811
1994-08-19,0.0,457.8,36.04,21.54,1019.17,0.00039996547327121135
1994-08-20,4.74,373.06,35.64,18.77,903.26,0.0003428275485181811
1994-08-21,0.0,474.14,35.42,20.07,929.9,0.0003428275485181811
1994-08-22,0.0,491.66,35.23,18.91,859.45,0.00039996547327121135
1994-08-23,0.0,459.67,34.61,19.91,927.49,0.0003428275485181811
1994-08-24,0.0,456.71,35.91,21.25,985.18,0.0003428275485181811
1994-08-25,0.0,430.17,35.67,22.16,1044.01,0.0003428275485181811
1994-08-26,0.0,470.08,35.71,20.29,928.91,0.0003428275485181811
1994-08-27,0.0,473.98,34.52,18.98,846.85,0.0003428275485181811
1994-08-28,0.0,463.55,35.39,20.26,916.87,0.00039996547327121135
1994-08-29,0.0,454.8,35.67,20.82,955.28,0.00045710339802424154
1994-08-30,0.0,447.3,34.97,20.5,937.31,0.0013141722693196945
1994-08-31,0.0,451.98,34.29,19.65,888.19,0.0005713792475303019
1994-09-01,0.0,437.47,34.0,20.05,914.27,0.0003428275485181811
1994-09-02,0.0,435.39,33.89,20.1,919.95,0.0003428275485181811
1994-09-03,11.22,352.35,32.58,16.94,790.53,0.0003428275485181811
1994-09-04,1.34,391.34,30.37,17.66,897.28,0.00039996547327121135
1994-09-05,2.45,411.24,32.54,16.6,855.99,0.00028568962376515096
1994-09-06,0.0,455.41,34.19,19.03,930.5,0.00028568962376515096
1994-09-07,0.0,469.61,35.29,19.34,919.51,0.00022855169901212077
1994-09-08,0.0,462.59,35.99,20.11,969.72,0.00022855169901212077
1994-09-09,0.0,463.53,35.86,19.82,954.82,0.00028568962376515096
1994-09-10,0.0,467.64,34.39,18.18,861.1,0.00022855169901212077
1994-09-11,0.0,455.96,32.46,17.0,811.47,0.00022855169901212077
1994-09-12,0.0,425.47,32.02,17.97,899.22,0.00022855169901212077
1994-09-13,0.0,391.5,30.51,17.92,965.28,0.00022855169901212077
1994-09-14,0.22,461.34,28.57,12.66,615.99,0.00022855169901212077
1994-09-15,0.0,487.65,30.26,12.74,592.88,0.00022855169901212077
1994-09-16,0.0,478.09,32.12,14.77,689.73,0.00022855169901212077
1994-09-17,0.0,431.03,32.32,17.33,873.12,0.00011427584950606039
1994-09-18,0.0,410.2,33.14,18.94,999.83,0.00022855169901212077
1994-09-19,0.0,406.56,32.74,18.61,1001.03,0.00039996547327121135
1994-09-20,0.0,403.65,31.95,18.15,958.17,0.00028568962376515096
1994-09-21,6.31,298.1,28.84,15.01,1052.55,0.00022855169901212077
1994-09-22,0.0,432.98,28.41,13.26,755.15,0.00017141377425909055
1994-09-23,0.0,456.57,31.73,14.76,765.44,0.00011427584950606039
1994-09-24,0.0,444.68,32.31,15.7,834.32,5.713792475303019e-05
1994-09-25,0.0,417.84,31.93,16.66,946.76,5.713792475303019e-05
1994-09-26,0.0,435.69,32.4,16.02,870.4,5.713792475303019e-05
1994-09-27,0.0,456.21,33.95,15.83,816.6,0.00017141377425909055
1994-09-28,0.0,455.97,34.61,16.07,835.0,0.00028568962376515096
1994-09-29,0.0,412.32,33.71,17.62,1023.73,0.00028568962376515096
1994-09-30,0.0,376.12,30.66,16.77,1077.78,0.00022855169901212077
1994-10-01,0.0,418.42,29.03,13.03,783.83,0.00022855169901212077
1994-10-02,0.0,423.97,28.94,12.41,744.08,0.00022855169901212077
1994-10-03,0.0,380.98,27.83,13.47,890.33,0.00017141377425909055
1994-10-04,0.0,367.82,27.95,14.13,961.2,0.00017141377425909055
1994-10-05,0.0,404.53,26.26,10.67,723.38,0.00017141377425909055
1994-10-06,0.0,392.72,21.52,6.84,608.73,0.00017141377425909055
1994-10-07,0.0,402.89,23.83,8.26,643.85,5.713792475303019e-05
1994-10-08,0.0,396.39,26.31,10.78,747.57,5.713792475303019e-05
1994-10-09,0.0,390.17,26.98,11.58,793.82,5.713792475303019e-05
1994-10-10,0.0,396.43,26.92,10.97,753.22,5.713792475303019e-05
1994-10-11,0.0,405.44,27.76,11.0,737.86,5.713792475303019e-05
1994-10-12,0.0,408.66,28.4,11.04,731.6,5.713792475303019e-05
1994-10-13,0.0,383.15,27.22,11.25,793.93,5.713792475303019e-05
1994-10-14,11.0,304.28,25.4,7.95,771.48,5.713792475303019e-05
1994-10-15,0.0,273.21,17.39,7.31,906.53,0.006285171722833322
1994-10-16,18.8,141.89,11.67,5.02,886.48,0.0048567236040075665
1994-10-17,3.21,292.46,15.24,2.54,670.95,0.00045710339802424154
1994-10-18,0.0,368.95,19.28,4.5,660.88,0.00017141377425909055
1994-10-19,0.0,375.25,21.76,6.17,712.29,0.00017141377425909055
1994-10-20,0.0,363.19,23.48,8.28,827.18,0.00017141377425909055
1994-10-21,0.0,377.96,24.78,8.23,797.61,0.00017141377425909055
1994-10-22,0.0,378.06,25.24,8.38,804.6,0.00017141377425909055
1994-10-23,0.0,354.13,25.49,10.04,933.24,0.00017141377425909055
1994-10-24,0.0,339.75,25.74,11.04,1019.11,0.00017141377425909055
1994-10-25,0.0,350.75,25.14,9.61,913.71,0.00017141377425909055
1994-10-26,0.0,337.93,24.92,10.13,969.01,0.00017141377425909055
1994-10-27,0.0,354.05,25.94,9.92,929.84,0.00017141377425909055
1994-10-28,0.0,367.62,26.98,9.82,835.4,0.00017141377425909055
1994-10-29,0.0,345.59,26.18,10.48,896.94,0.00017141377425909055
1994-10-30,0.0,346.67,24.71,8.85,809.5,0.00028568962376515096
1994-10-31,0.0,359.85,24.86,7.91,745.77,0.00028568962376515096
1994-11-01,0.0,348.87,24.64,8.3,785.05,0.00028568962376515096
1994-11-02,0.0,315.29,21.66,7.49,800.31,0.00028568962376515096
1994-11-03,8.39,180.74,16.57,6.5,939.04,0.00028568962376515096
1994-11-04,8.06,218.92,12.11,-0.23,592.54,0.0019426894416030268
1994-11-05,0.0,316.77,15.48,1.61,626.19,0.005713792475303019
1994-11-06,0.0,347.27,21.45,4.68,717.89,0.010856205703075735
1994-11-07,0.0,331.01,21.4,5.45,749.61,0.013141722693196944
1994-11-08,0.0,260.08,17.35,6.04,862.22,0.013141722693196944
1994-11-09,0.0,324.13,18.74,3.63,689.42,0.013141722693196944
1994-11-10,0.0,309.08,20.73,6.33,835.43,0.013141722693196944
1994-11-11,0.0,262.33,18.82,7.06,897.94,0.013141722693196944
1994-11-12,27.37,152.61,14.02,5.54,908.52,0.05370964926784839
1994-11-13,13.27,195.99,12.56,1.54,689.8,0.04513896055489385
1994-11-14,0.0,290.38,13.97,1.19,670.57,0.009713447208015133
1994-11-15,0.0,310.33,17.3,2.55,732.76,0.0014284481188257547
1994-11-16,0.0,269.51,16.92,4.56,843.4,0.002628344538639389
1994-11-17,0.0,309.59,14.14,-0.57,586.97,0.002628344538639389
1994-11-18,0.0,279.18,11.74,-0.86,574.84,0.002628344538639389
1994-11-19,3.66,223.45,9.35,-2.41,517.01,0.002628344538639389
1994-11-20,0.0,319.25,9.36,-5.89,398.84,0.002628344538639389
1994-11-21,0.0,317.32,13.72,-1.53,546.1,0.002628344538639389
1994-11-22,0.0,288.63,15.23,1.69,685.04,0.002628344538639389
1994-11-23,0.0,277.82,17.58,4.49,842.54,0.002628344538639389
1994-11-24,0.0,289.39,19.84,5.58,902.69,0.002628344538639389
1994-11-25,0.0,247.87,17.03,5.55,906.06,0.002628344538639389
1994-11-26,0.0,295.64,14.48,0.24,624.22,0.002628344538639389
1994-11-27,0.0,299.58,11.15,-3.16,493.37,0.002628344538639389
1994-11-28,0.0,299.64,11.53,-2.89,493.92,0.002628344538639389
1994-11-29,0.0,303.48,13.25,-1.72,539.12,0.002628344538639389
1994-11-30,0.0,313.7,17.99,1.46,673.25,0.002628344538639389
1994-12-01,0.0,305.69,18.86,2.82,743.97,0.002628344538639389
1994-12-02,0.0,305.44,18.37,2.19,705.15,0.002628344538639389
1994-12-03,0.0,285.31,16.84,2.35,708.41,0.002628344538639389
1994-12-04,0.0,250.73,15.11,3.03,757.75,0.0029140341624045397
1994-12-05,20.16,147.13,13.29,4.22,828.96,0.04742447754501506
1994-12-06,33.26,74.48,11.22,7.13,1020.1,0.314258586141666
1994-12-07,0.0,207.07,13.07,4.13,826.49,0.314258586141666
1994-12-08,0.0,264.03,13.29,1.08,670.91,0.11427584950606039
1994-12-09,0.0,295.8,12.66,-1.93,535.93,0.03828240958453023
1994-12-10,0.0,292.36,12.84,-1.52,548.63,0.014855860435787849
1994-12-11,0.0,283.3,12.93,-0.9,575.26,0.005713792475303019
1994-12-12,0.0,228.35,11.69,1.19,665.0,0.002628344538639389
1994-12-13,0.0,245.41,11.54,0.35,628.58,0.0023997928396272683
1994-12-14,0.0,256.17,12.02,0.05,615.49,0.002628344538639389
1994-12-15,0.0,276.8,12.99,-0.42,594.87,0.002628344538639389
1994-12-16,0.0,298.93,15.81,0.07,616.08,0.002628344538639389
1994-12-17,0.0,302.17,19.05,2.42,729.21,0.002171241140615147
1994-12-18,0.0,295.16,19.59,3.44,781.38,0.0022855169901212077
1994-12-19,0.0,304.3,19.25,1.97,703.74,0.0023997928396272683
1994-12-20,0.0,300.63,18.66,1.86,700.43,0.002628344538639389
1994-12-21,0.0,301.6,19.73,2.6,739.2,0.002628344538639389
1994-12-22,0.0,265.2,18.45,4.69,857.51,0.004171068506971204
1994-12-23,10.42,125.91,14.37,6.37,956.24,0.011427584950606038
1994-12-24,8.86,66.5,10.84,7.1,1014.68,0.023426549148742377
1994-12-25,5.36,137.2,13.23,6.5,969.51,0.05713792475303019
1994-12-26,23.93,130.75,12.93,5.34,897.76,1.0913343627828767
1994-12-27,0.0,227.19,13.77,3.74,803.26,0.5713792475303019
1994-12-28,0.0,262.94,14.04,2.01,708.7,0.3313999635675751
1994-12-29,0.0,209.69,12.1,3.21,772.64,0.24569307643802982
1994-12-30,8.33,180.04,10.77,0.56,642.58,0.22283790653681776
1994-12-31,0.0,273.1,10.61,-1.25,559.97,0.23426549148742376
1995-01-01,0.0,285.14,10.84,-0.63,416.18,0.17141377425909057
1995-01-02,0.0,285.61,12.98,1.41,464.68,0.14855860435787852
1995-01-03,0.0,276.31,12.32,1.18,470.14,0.12570343445666643
1995-01-04,8.26,113.83,9.1,3.52,759.43,0.12570343445666643
1995-01-05,48.65,103.73,8.95,4.0,817.27,17.14137742590906
1995-01-06,17.19,198.03,10.36,0.04,620.13,3.7882444111259015
1995-01-07,0.0,302.0,12.38,-0.28,602.33,1.3998791564492397
1995-01-08,0.0,304.02,15.1,2.09,710.76,0.868496456246059
1995-01-09,0.0,314.8,16.47,2.4,727.16,0.5770930400056049
1995-01-10,0.0,299.77,16.76,4.05,820.56,0.45138960554893853
1995-01-11,0.0,215.77,14.3,6.09,940.3,0.3771103033699993
1995-01-12,3.95,125.51,11.18,5.19,885.69,0.34282754851818115
1995-01-13,2.2,229.66,14.28,4.22,830.16,0.31997237861696903
1995-01-14,0.0,322.59,17.33,3.13,766.07,0.27997583128984793
1995-01-15,0.0,284.36,14.27,3.18,773.42,0.2399792839627268
1995-01-16,0.0,242.35,9.0,0.38,634.17,0.21712411406151474
1995-01-17,10.96,197.23,7.67,-1.82,541.37,0.22283790653681776
1995-01-18,0.0,331.51,9.26,-4.2,454.03,0.23426549148742376
1995-01-19,0.0,340.0,12.4,-1.83,536.12,0.22855169901212077
1995-01-20,0.0,315.44,13.61,1.3,670.57,0.22283790653681776
1995-01-21,0.0,304.58,11.48,0.1,617.42,0.21712411406151474
1995-01-22,0.0,329.79,11.65,-1.22,562.18,0.21141032158621173
1995-01-23,0.0,323.72,12.76,0.41,630.82,0.19998273663560567
1995-01-24,0.0,313.27,15.58,3.74,801.12,0.18855515168499964
1995-01-25,0.0,256.66,14.07,4.79,862.36,0.1828413592096966
1995-01-26,22.6,139.74,9.97,3.98,819.03,5.005282208365445
1995-01-27,8.83,205.73,10.51,1.17,672.13,2.5083548966580254
1995-01-28,0.0,343.54,12.56,-0.54,593.09,1.2913170994184824
1995-01-29,0.0,340.55,13.06,0.22,624.07,0.857068871295453
1995-01-30,0.0,357.83,14.72,0.64,643.4,0.6228033798080291
1995-01-31,0.0,383.49,18.11,0.74,645.55,0.5085275303019687
1995-02-01,0.0,379.71,20.65,3.42,786.81,0.4399620205983325
1995-02-02,0.0,379.29,22.04,4.64,845.7,0.3713965108946963
1995-02-03,0.0,373.91,22.23,5.27,887.29,0.3313999635675751
1995-02-04,0.0,371.8,23.31,6.24,951.18,0.29140341624045396
1995-02-05,0.0,382.63,22.73,4.66,837.9,0.2742620388145449
1995-02-06,0.0,384.83,22.34,4.28,805.85,0.24569307643802982
1995-02-07,0.0,387.71,21.81,3.69,775.14,0.23426549148742376
1995-02-08,0.0,347.44,19.38,5.08,871.48,0.21712411406151474
1995-02-09,0.0,378.28,18.45,2.08,701.31,0.2056965291109087
1995-02-10,0.0,369.57,16.54,1.07,655.74,0.19426894416030266
1995-02-11,0.0,353.06,15.12,0.82,646.97,0.18855515168499964
1995-02-12,0.0,297.33,14.52,3.31,774.87,0.1771275667343936
1995-02-13,9.34,174.29,13.78,5.35,895.43,0.1828413592096966
1995-02-14,14.26,82.89,11.49,7.94,1078.15,0.5713792475303019
1995-02-15,22.68,137.44,12.96,6.95,1015.31,7.3707922931408945
1995-02-16,11.99,260.43,16.0,2.91,760.15,2.628344538639389
1995-02-17,0.0,353.91,17.23,4.08,821.81,1.228465382190149
1995-02-18,0.0,376.99,20.12,5.36,896.44,0.8456412863448469
1995-02-19,0.0,379.46,21.92,6.76,984.28,0.6113757948574231
1995-02-20,0.0,396.29,23.57,7.0,999.54,0.49138615287605963
1995-02-21,0.0,350.35,22.22,8.84,1146.63,0.4113930582218174
1995-02-22,3.26,285.38,19.16,6.64,985.17,0.3656827184193932
1995-02-23,0.45,346.42,18.39,5.52,910.3,0.3313999635675751
1995-02-24,0.25,339.53,18.98,6.57,977.56,0.27997583128984793
1995-02-25,2.37,290.97,18.8,6.28,958.67,0.2399792839627268
1995-02-26,0.0,364.6,19.15,5.72,922.77,0.22855169901212077
1995-02-27,0.0,369.14,19.56,5.96,936.84,0.21141032158621173
1995-02-28,5.47,244.6,17.63,6.72,988.63,0.19998273663560567
1995-03-01,9.73,216.39,15.8,6.84,1001.93,0.21712411406151474
1995-03-02,0.0,314.15,16.4,6.2,954.16,0.21141032158621173
1995-03-03,0.0,328.31,16.91,6.32,962.31,0.1771275667343936
1995-03-04,0.0,306.35,16.9,7.34,1035.09,0.16569998178378756
1995-03-05,0.0,255.91,15.6,7.95,1077.64,0.15998618930848452
1995-03-06,35.06,252.73,16.24,6.16,960.27,8.227861164436348
1995-03-07,11.01,340.28,17.66,3.28,778.33,2.2512342352693895
1995-03-08,0.0,415.94,17.17,4.03,818.18,1.2170377972395432
1995-03-09,0.0,441.67,19.37,4.82,864.47,0.9027792110978771
1995-03-10,0.0,459.0,21.94,5.94,935.88,0.7027964744622714
1995-03-11,0.45,424.29,19.32,5.73,926.18,1.0113412681286345
1995-03-12,25.49,285.15,15.59,4.77,862.4,3.965371977860295
1995-03-13,0.71,433.86,18.03,3.96,815.34,1.736992912492118
1995-03-14,0.0,475.56,22.33,5.8,926.12,1.1656136649618158
1995-03-15,0.0,472.89,24.12,7.36,1029.08,0.9084930035731801
1995-03-16,0.0,454.06,24.66,8.87,1149.9,0.7427930217893925
1995-03-17,0.0,444.6,24.53,9.19,1175.25,0.6627999271351502
1995-03-18,0.0,452.62,24.67,8.92,1153.56,0.5828068324809079
1995-03-19,0.0,458.48,23.84,7.9,1073.16,0.5313827002031808
1995-03-20,0.0,455.97,23.46,7.88,1070.53,0.4856723604007566
1995-03-21,0.0,444.43,23.19,8.36,1109.13,0.45710339802424155
1995-03-22,0.0,465.54,20.52,5.03,877.54,0.42282064317242346
1995-03-23,0.0,447.0,19.27,5.0,871.07,0.39996547327121135
1995-03-24,0.0,439.27,16.68,3.27,782.51,0.3771103033699993
1995-03-25,0.0,474.75,13.67,-1.22,562.46,0.34854134099348416
1995-03-26,0.0,492.41,15.3,-0.78,581.65,0.34282754851818115
1995-03-27,0.0,504.9,18.04,0.76,643.53,0.3256861710922721
1995-03-28,0.0,492.27,17.36,0.97,656.39,0.31997237861696903
1995-03-29,0.0,494.84,17.16,0.75,647.76,0.29711720871575703
1995-03-30,0.0,491.36,18.23,1.87,702.7,0.27997583128984793
1995-03-31,0.0,475.66,20.36,4.55,852.43,0.2628344538639389
1995-04-01,0.0,503.32,22.29,4.26,831.28,0.24569307643802982
1995-04-02,0.0,477.52,22.03,5.55,908.58,0.2399792839627268
1995-04-03,0.0,494.03,23.29,5.58,910.51,0.22855169901212077
1995-04-04,0.0,499.29,25.07,6.47,964.85,0.22283790653681776
1995-04-05,0.0,485.99,26.01,7.98,1076.89,0.21141032158621173
1995-04-06,0.0,485.92,25.78,7.81,1038.45,0.2056965291109087
1995-04-07,0.0,490.72,25.53,7.32,982.96,0.2056965291109087
1995-04-08,0.0,463.86,24.11,7.66,1020.2,0.19998273663560567
1995-04-09,0.0,447.59,20.33,5.36,892.44,0.19998273663560567
1995-04-10,0.0,471.71,18.08,2.11,701.47,0.19998273663560567
1995-04-11,0.0,504.33,20.46,2.32,707.57,0.1828413592096966
1995-04-12,0.0,519.26,24.64,4.83,824.96,0.1771275667343936
1995-04-13,0.0,509.18,26.39,6.93,938.3,0.1771275667343936
1995-04-14,0.0,458.53,24.23,8.1,1044.79,0.16569998178378756
1995-04-15,0.0,363.45,19.22,7.7,1054.02,0.16569998178378756
1995-04-16,0.0,476.82,17.81,1.75,693.29,0.17141377425909057
1995-04-17,6.41,322.83,14.89,1.09,667.42,0.16569998178378756
1995-04-18,0.0,308.58,11.79,2.81,751.91,0.16569998178378756
1995-04-19,8.48,229.36,10.97,2.24,723.95,0.21141032158621173
1995-04-20,2.7,275.93,12.07,2.85,756.23,0.2571206613886359
1995-04-21,0.0,375.41,14.26,3.44,791.12,0.21712411406151474
1995-04-22,0.0,493.41,18.17,2.13,707.09,0.19998273663560567
1995-04-23,0.0,493.05,22.27,5.82,893.3,0.1771275667343936
1995-04-24,0.0,500.17,24.67,7.48,984.61,0.15998618930848452
1995-04-25,0.0,511.5,26.25,8.17,1016.43,0.1542723968331815
1995-04-26,0.0,517.02,27.22,8.65,1041.47,0.1542723968331815
1995-04-27,0.0,486.28,27.36,10.6,1154.08,0.1542723968331815
1995-04-28,0.0,457.96,26.53,11.38,1221.12,0.1542723968331815
1995-04-29,0.0,506.09,26.94,9.38,1026.02,0.14284481188257547
1995-04-30,0.0,453.96,27.69,12.66,1325.31,0.14284481188257547
1995-05-01,0.0,450.41,27.32,12.52,1312.43,0.14284481188257547
1995-05-02,0.0,421.73,25.77,12.5,1359.63,0.13141722693196944
1995-05-03,0.0,518.24,25.94,8.24,942.66,0.13141722693196944
1995-05-04,0.0,510.34,27.03,9.65,1033.11,0.1199896419813634
1995-05-05,0.0,475.17,24.08,8.93,1037.01,0.12570343445666643
1995-05-06,0.0,386.6,15.73,4.83,850.75,0.12570343445666643
1995-05-07,5.92,298.03,14.72,3.6,795.8,0.13141722693196944
1995-05-08,0.0,485.02,18.24,3.7,753.88,0.13141722693196944
1995-05-09,0.0,529.52,23.76,6.36,841.27,0.13141722693196944
1995-05-10,0.0,516.75,25.71,8.73,984.53,0.13141722693196944
1995-05-11,0.0,505.66,26.76,10.27,1093.39,0.1199896419813634
1995-05-12,0.0,458.37,25.47,11.37,1222.96,0.10856205703075737
1995-05-13,0.0,436.92,24.14,11.3,1252.39,0.10856205703075737
1995-05-14,0.0,499.9,25.85,10.21,1098.44,0.10856205703075737
1995-05-15,0.0,516.88,26.64,9.92,1028.22,0.10856205703075737
1995-05-16,0.0,479.42,24.0,9.56,1015.77,0.10284826455545434
1995-05-17,0.0,448.04,21.29,8.51,929.05,0.10284826455545434
1995-05-18,0.0,535.27,25.92,8.51,754.48,0.10284826455545434
1995-05-19,0.0,521.03,29.51,12.28,953.53,0.10284826455545434
1995-05-20,0.0,522.13,30.12,12.5,957.18,0.09713447208015133
1995-05-21,0.0,528.88,30.28,12.07,918.89,0.0914206796048483
1995-05-22,0.0,515.62,28.85,11.4,903.43,0.0914206796048483
1995-05-23,0.0,505.74,25.55,9.07,804.7,0.07999309465424226
1995-05-24,0.0,484.4,23.84,8.71,802.38,0.08570688712954529
1995-05-25,0.0,499.91,25.18,9.32,808.91,0.08570688712954529
1995-05-26,0.0,511.2,24.8,8.46,750.79,0.07427930217893926
1995-05-27,0.0,491.32,26.31,10.87,884.1,0.06285171722833321
1995-05-28,0.0,485.94,27.87,12.51,982.54,0.06856550970363623
1995-05-29,0.0,507.12,28.43,12.04,917.44,0.06285171722833321
1995-05-30,0.0,529.42,29.98,12.23,841.89,0.05370964926784839
1995-05-31,0.0,534.04,32.28,14.02,844.0,0.05142413227772717
1995-06-01,0.0,528.8,33.61,15.24,909.62,0.04171068506971204
1995-06-02,0.0,533.77,31.53,12.99,792.22,0.04113930582218174
1995-06-03,0.0,510.26,28.82,12.04,793.34,0.04513896055489385
1995-06-04,0.0,516.63,30.72,13.44,846.41,0.03656827184193932
1995-06-05,0.0,533.16,32.28,14.36,614.88,0.030283100119106
1995-06-06,0.0,517.93,30.79,13.7,578.8,0.013713101940727246
1995-06-07,0.0,472.91,27.91,13.35,573.14,0.007427930217893924
1995-06-08,0.0,470.16,24.48,10.23,466.67,0.006285171722833322
1995-06-09,0.0,550.36,27.33,8.62,407.9,0.00914206796048483
1995-06-10,0.0,557.15,31.77,12.24,522.44,0.010284826455545435
1995-06-11,0.0,547.44,35.39,15.89,674.7,0.008570688712954529
1995-06-12,0.0,553.59,37.73,17.21,748.1,0.013713101940727246
1995-06-13,0.0,534.33,37.54,18.15,791.15,0.014284481188257548
1995-06-14,0.0,526.26,35.94,17.3,749.46,0.015427239683318153
1995-06-15,0.0,525.78,33.92,15.3,647.0,0.013713101940727246
1995-06-16,0.0,448.77,29.39,15.15,649.5,0.013141722693196944
1995-06-17,0.0,437.31,24.26,10.92,483.19,0.010856205703075735
1995-06-18,0.0,544.99,29.78,10.62,468.48,0.007999309465424227
1995-06-19,0.0,554.27,32.29,12.18,518.53,0.007999309465424227
1995-06-20,0.0,536.28,32.93,13.91,585.96,0.007999309465424227
1995-06-21,0.0,537.18,32.62,13.5,570.5,0.007999309465424227
1995-06-22,0.0,545.9,33.74,13.88,586.53,0.009713447208015133
1995-06-23,0.0,548.69,35.38,14.95,628.8,0.009713447208015133
1995-06-24,0.0,532.18,36.9,17.31,749.52,0.010856205703075735
1995-06-25,0.0,535.04,37.93,17.84,775.82,0.012570343445666644
1995-06-26,0.0,511.65,37.03,18.37,807.42,0.012570343445666644
1995-06-27,0.0,486.77,36.52,19.26,853.05,0.01771275667343936
1995-06-28,0.0,495.0,36.46,18.9,835.66,0.016569998178378755
1995-06-29,0.0,480.94,36.29,19.51,870.49,0.016569998178378755
1995-06-30,0.0,476.34,35.39,18.91,835.86,0.013141722693196944
1995-07-01,0.0,481.33,34.76,18.17,797.03,0.007427930217893924
1995-07-02,0.0,472.44,34.49,18.41,810.21,0.007427930217893924
1995-07-03,0.0,514.4,33.29,15.02,634.91,0.006285171722833322
1995-07-04,0.0,511.95,34.09,15.97,682.26,0.006285171722833322
1995-07-05,0.0,535.44,36.14,16.25,692.43,0.006856550970363623
1995-07-06,0.0,512.74,37.97,19.2,847.89,0.005028137378266657
1995-07-07,0.0,507.7,39.26,20.46,923.38,0.004742447754501505
1995-07-08,0.0,467.7,38.83,22.23,1034.04,0.005542378701043928
1995-07-09,0.0,486.42,38.8,21.25,969.04,0.002628344538639389
1995-07-10,0.0,481.72,38.53,21.28,969.76,0.002628344538639389
1995-07-11,0.0,486.8,37.68,20.35,916.48,0.0022855169901212077
1995-07-12,0.0,476.9,35.98,19.47,869.2,0.0010284826455545435
1995-07-13,0.0,417.12,33.18,19.69,884.36,0.006285171722833322
1995-07-14,0.0,480.87,34.44,18.06,792.95,0.011998964198136342
1995-07-15,0.0,460.35,34.23,18.86,835.45,0.0025140686891333285
1995-07-16,2.34,349.42,30.68,18.42,813.6,0.009713447208015133
1995-07-17,0.0,456.13,32.2,17.23,748.55,0.017141377425909057
1995-07-18,0.0,349.48,31.35,20.67,938.75,0.022855169901212075
1995-07-19,0.0,489.69,34.66,18.12,794.39,0.026283445386393888
1995-07-20,0.0,486.27,36.24,19.77,884.58,0.005713792475303019
1995-07-21,0.0,486.46,36.22,19.77,885.23,0.0009142067960484831
1995-07-22,0.0,531.06,35.05,16.22,695.27,0.00039996547327121135
1995-07-23,0.0,549.66,35.63,15.48,656.67,0.0003428275485181811
1995-07-24,0.0,556.33,37.68,16.63,714.53,0.00045710339802424154
1995-07-25,0.0,556.02,39.4,17.98,783.93,0.0017141377425909058
1995-07-26,0.0,549.29,41.15,19.84,889.32,0.0005713792475303019
1995-07-27,0.0,528.08,42.25,22.18,1032.22,0.006856550970363623
1995-07-28,0.0,509.68,43.71,24.48,1198.52,0.005085275303019688
1995-07-29,0.0,505.54,42.33,23.5,1126.7,0.0022855169901212077
1995-07-30,0.0,502.81,40.59,22.2,1032.87,0.0017141377425909058
1995-07-31,0.0,477.38,39.87,22.92,1082.38,0.0011427584950606039
1995-08-01,0.0,476.23,39.44,22.6,1062.57,0.0006856550970363622
1995-08-02,0.0,462.59,39.13,23.02,1092.55,0.0006285171722833321
1995-08-03,0.0,491.79,40.11,22.39,1047.11,0.0006285171722833321
1995-08-04,0.0,490.79,40.19,22.55,1059.91,0.0005713792475303019
1995-08-05,0.0,486.08,40.3,22.89,1081.56,0.0005142413227772717
1995-08-06,0.0,494.15,40.49,22.61,1063.15,0.00045710339802424154
1995-08-07,0.0,479.75,40.14,23.05,1096.71,0.00039996547327121135
1995-08-08,0.0,473.19,38.99,22.4,1058.46,0.0003428275485181811
1995-08-09,0.33,455.12,39.18,23.17,1105.12,0.00045710339802424154
1995-08-10,0.0,438.58,39.29,24.34,1189.44,0.0003428275485181811
1995-08-11,0.0,448.9,37.85,22.6,1074.89,0.0008570688712954529
1995-08-12,7.12,358.93,35.66,18.98,842.57,0.0014284481188257547
1995-08-13,0.0,453.9,36.78,21.31,977.45,0.030283100119106
1995-08-14,0.0,461.36,36.04,20.25,917.16,0.029711720871575698
1995-08-15,10.16,320.94,32.64,18.51,817.49,0.022855169901212075
1995-08-16,7.83,274.1,30.38,18.9,846.67,0.02171241140615147
1995-08-17,0.0,385.53,32.42,20.09,906.11,0.02056965291109087
1995-08-18,0.0,445.43,34.37,19.42,868.16,0.013141722693196944
1995-08-19,0.0,410.46,33.68,20.27,917.7,0.011427584950606038
1995-08-20,11.52,330.35,33.14,18.31,819.46,0.06285171722833321
1995-08-21,16.83,337.92,32.7,17.36,835.09,0.07999309465424226
1995-08-22,0.0,443.25,34.83,19.84,963.62,0.010856205703075735
1995-08-23,4.8,317.39,35.26,21.0,1352.92,0.006285171722833322
1995-08-24,0.0,425.78,33.62,19.61,1035.24,0.0021141032158621172
1995-08-25,0.0,414.12,32.88,19.52,1052.93,0.0012570343445666642
1995-08-26,0.0,423.95,33.56,19.85,1062.04,0.0005713792475303019
1995-08-27,0.0,439.65,34.72,20.3,1065.97,0.0003428275485181811
1995-08-28,0.0,466.48,36.06,20.31,1022.11,0.0003428275485181811
1995-08-29,0.0,445.84,36.48,21.57,1151.21,0.0003428275485181811
1995-08-30,0.0,462.21,37.05,21.32,1100.1,0.00028568962376515096
1995-08-31,0.0,470.25,38.2,21.89,1114.48,0.00028568962376515096
1995-09-01,0.0,447.46,38.14,22.82,1234.58,0.00028568962376515096
1995-09-02,0.0,425.29,37.07,22.86,1293.42,0.00028568962376515096
1995-09-03,0.0,459.19,37.0,21.31,1111.15,0.0003428275485181811
1995-09-04,0.0,468.76,37.16,20.88,1075.5,0.0003428275485181811
1995-09-05,0.0,452.0,36.8,21.38,1137.34,0.0003428275485181811
1995-09-06,0.0,449.31,35.87,20.74,1073.65,0.00039996547327121135
1995-09-07,5.07,337.6,34.32,18.57,1208.61,0.0006856550970363622
1995-09-08,0.0,423.88,32.96,19.08,1098.33,0.0011998964198136342
1995-09-09,0.0,418.28,32.09,18.5,1080.66,0.00045710339802424154
1995-09-10,0.0,427.39,31.83,17.86,1023.31,0.00039996547327121135
1995-09-11,0.0,454.64,33.22,17.79,968.53,0.0006285171722833321
1995-09-12,0.0,473.71,35.02,18.17,962.69,0.0013713101940727244
1995-09-13,0.0,479.78,36.17,18.55,982.09,0.0009142067960484831
1995-09-14,0.0,447.52,34.32,18.65,1034.89,0.0013713101940727244
1995-09-15,0.0,412.4,32.17,18.17,1089.68,0.0017141377425909058
1995-09-16,0.0,433.14,31.32,16.41,941.1,0.001485586043578785
1995-09-17,0.0,431.67,32.18,17.11,986.55,0.0011427584950606039
1995-09-18,0.0,412.98,32.0,17.67,1065.84,0.0012570343445666642
1995-09-19,0.0,446.73,32.64,16.47,923.13,0.0007427930217893925
1995-09-20,0.0,453.72,33.26,16.4,914.5,0.0008570688712954529
1995-09-21,0.0,442.6,32.96,16.61,944.32,0.0008570688712954529
1995-09-22,0.0,417.91,31.62,16.56,995.82,0.0012570343445666642
1995-09-23,0.0,426.66,31.38,15.81,940.13,0.00045710339802424154
1995-09-24,0.0,421.78,31.14,15.66,946.95,0.00045710339802424154
1995-09-25,0.0,417.12,31.02,15.6,955.07,0.00045710339802424154
1995-09-26,0.0,410.37,31.35,16.07,1000.59,0.0009713447208015134
1995-09-27,0.0,406.72,30.93,15.79,994.3,0.002628344538639389
1995-09-28,26.07,254.55,27.66,15.28,1364.14,0.00914206796048483
1995-09-29,7.92,255.54,25.43,14.69,1559.99,0.002456930764380298
1995-09-30,0.0,406.52,26.52,11.26,1063.14,0.0013713101940727244
1995-10-01,0.0,416.8,27.77,11.61,1061.26,0.00045710339802424154
1995-10-02,0.0,424.13,29.21,12.16,1078.42,0.0005142413227772717
1995-10-03,0.0,422.54,29.97,12.62,1110.75,0.00039996547327121135
1995-10-04,0.0,440.95,29.51,10.75,961.39,0.00039996547327121135
1995-10-05,0.0,418.76,26.84,9.78,949.19,0.00039996547327121135
1995-10-06,0.0,429.09,27.61,9.5,917.9,0.00028568962376515096
1995-10-07,0.0,410.39,27.84,10.72,1016.27,0.00039996547327121135
1995-10-08,0.0,418.51,28.23,10.2,969.92,0.0003428275485181811
1995-10-09,0.0,414.38,29.39,11.15,1036.23,0.0003428275485181811
1995-10-10,0.0,415.66,30.74,11.77,1071.99,0.00039996547327121135
1995-10-11,0.0,392.49,32.19,14.37,1302.08,0.0003428275485181811
1995-10-12,0.0,389.33,31.96,14.09,1283.58,0.0003428275485181811
1995-10-13,0.0,383.65,31.4,13.91,1284.8,0.0003428275485181811
1995-10-14,0.0,382.41,31.98,14.25,1315.74,0.0034282754851818116
1995-10-15,0.0,376.55,32.0,14.38,1326.69,0.005713792475303019
1995-10-16,0.0,367.08,30.42,13.43,1273.65,0.005713792475303019
1995-10-17,0.0,377.21,29.41,11.7,1131.13,0.005713792475303019
1995-10-18,0.0,379.43,29.73,11.55,1119.0,0.005599516625796959
1995-10-19,0.0,385.2,30.23,11.25,1088.26,0.005713792475303019
1995-10-20,0.0,367.98,29.99,12.09,1179.54,0.005713792475303019
1995-10-21,0.0,363.25,29.17,11.49,1147.41,0.005428102851537868
1995-10-22,0.0,352.48,26.04,9.3,1018.76,0.002628344538639389
1995-10-23,0.0,370.96,23.75,5.87,805.78,0.0032568617109227206
1995-10-24,0.0,336.97,23.27,7.6,946.15,0.002742620388145449
1995-10-25,0.0,364.04,24.6,6.68,857.97,0.0038853788832060535
1995-10-26,0.0,366.04,25.02,6.6,850.82,0.004171068506971204
1995-10-27,0.0,369.07,27.26,7.93,919.58,0.005713792475303019
1995-10-28,0.0,353.45,27.76,9.2,1018.8,0.007999309465424227
1995-10-29,0.0,319.91,26.9,10.51,1156.86,0.007999309465424227
1995-10-30,0.0,301.73,24.99,9.81,1130.08,0.006285171722833322
1995-10-31,0.0,257.34,21.65,9.34,1150.37,0.005713792475303019
1995-11-01,5.0,148.01,18.24,9.32,1188.0,0.004342482281230294
1995-11-02,19.46,162.47,17.86,8.03,1087.66,0.007999309465424227
1995-11-03,0.0,277.41,20.33,7.24,1027.45,0.006285171722833322
1995-11-04,0.0,265.23,20.39,7.9,1075.99,0.0029140341624045397
1995-11-05,0.0,251.89,19.04,7.35,1035.7,0.0013713101940727244
1995-11-06,8.89,137.84,17.52,9.09,1167.29,0.0013713101940727244
1995-11-07,4.1,228.69,20.28,8.04,1084.68,0.0013713101940727244
1995-11-08,0.0,301.69,23.22,8.29,1103.33,0.0018855515168499965
1995-11-09,0.0,292.08,22.93,8.58,1126.3,0.002628344538639389
1995-11-10,0.0,273.16,21.04,8.04,1084.27,0.0023997928396272683
1995-11-11,0.0,308.27,22.54,7.09,1014.45,0.0013713101940727244
1995-11-12,0.0,307.05,23.25,7.67,1052.22,0.0019998273663560566
1995-11-13,0.0,314.79,24.39,7.9,1067.09,0.0038853788832060535
1995-11-14,0.0,306.57,24.41,8.42,1099.93,0.005713792475303019
1995-11-15,0.0,312.53,25.06,8.36,1077.15,0.005713792475303019
1995-11-16,0.0,302.32,25.26,9.21,1148.22,0.004571033980242415
1995-11-17,0.0,304.49,24.79,8.59,1100.32,0.0018284135920969662
1995-11-18,0.0,312.83,24.78,7.76,1033.2,0.00297117208715757
1995-11-19,0.0,304.48,24.58,8.26,1051.16,0.0013713101940727244
1995-11-20,0.0,313.6,24.77,7.64,928.28,0.0013713101940727244
1995-11-21,0.0,292.59,23.81,8.38,1005.16,0.0013713101940727244
1995-11-22,0.0,299.2,23.38,7.55,926.46,0.0010284826455545435
1995-11-23,0.0,299.79,23.29,7.26,908.28,0.00045710339802424154
1995-11-24,0.0,294.53,24.26,8.43,985.6,0.00045710339802424154
1995-11-25,0.0,294.64,24.63,8.71,1003.67,0.00045710339802424154
1995-11-26,0.0,286.11,22.81,7.76,960.4,0.00045710339802424154
1995-11-27,0.0,299.65,20.04,4.2,755.16,0.00039996547327121135
1995-11-28,0.0,293.22,17.0,1.98,667.8,0.00028568962376515096
1995-11-29,0.0,298.48,19.4,3.55,728.54,0.00022855169901212077
1995-11-30,0.0,305.39,21.95,4.86,777.68,0.00028568962376515096
1995-12-01,0.0,304.67,22.66,5.14,790.91,0.00028568962376515096
1995-12-02,0.0,291.23,21.74,5.22,808.79,0.00028568962376515096
1995-12-03,0.0,293.4,21.39,4.54,775.38,0.0006285171722833321
1995-12-04,0.0,285.98,21.32,4.97,806.04,0.0003428275485181811
1995-12-05,0.0,273.84,21.57,6.04,882.21,0.00028568962376515096
1995-12-06,0.0,239.86,20.29,7.2,983.11,0.00028568962376515096
1995-12-07,0.0,225.08,18.47,6.51,950.29,0.00022855169901212077
1995-12-08,0.0,267.08,18.71,3.75,754.38,0.00011427584950606039
1995-12-09,0.0,278.51,20.18,4.03,753.23,0.0
1995-12-10,0.0,278.15,21.13,4.7,781.58,0.0005713792475303019
1995-12-11,0.0,279.39,21.33,4.7,781.84,0.0013713101940727244
1995-12-12,0.0,240.42,20.32,6.83,940.06,0.0013713101940727244
1995-12-13,0.0,238.75,19.51,6.17,903.77,0.0013713101940727244
1995-12-14,0.0,224.17,16.89,4.8,838.48,0.0013713101940727244
1995-12-15,0.0,234.64,14.26,1.87,689.75,0.0013713101940727244
1995-12-16,0.0,243.57,13.29,0.33,609.52,0.0013713101940727244
1995-12-17,0.0,212.61,10.84,-0.04,603.64,0.0018284135920969662
1995-12-18,0.0,247.18,11.8,-1.02,559.34,0.0014284481188257547
1995-12-19,0.0,260.03,12.46,-1.25,545.58,0.0013713101940727244
1995-12-20,0.0,247.09,11.81,-0.84,566.47,0.0013713101940727244
1995-12-21,0.0,252.5,11.19,-1.73,532.06,0.0013713101940727244
1995-12-22,0.0,267.76,11.25,-2.76,487.45,0.00028568962376515096
1995-12-23,0.0,254.34,10.86,-2.08,516.37,0.00028568962376515096
1995-12-24,0.36,215.39,11.04,0.44,633.68,0.0003428275485181811
1995-12-25,0.0,252.1,12.32,-0.25,590.42,0.0003428275485181811
1995-12-26,0.0,265.89,14.61,0.97,632.52,0.0003428275485181811
1995-12-27,0.0,291.69,16.31,0.4,588.63,0.0003428275485181811
1995-12-28,0.0,286.37,15.44,0.39,465.71,0.0003428275485181811
1995-12-29,0.0,289.78,14.28,-0.83,388.09,0.0003428275485181811
1995-12-30,0.0,262.67,14.19,1.27,480.79,0.00028568962376515096
1995-12-31,0.0,277.97,14.75,0.9,447.9,0.00017141377425909055
1996-01-01,0.0,262.17,14.41,0.75,378.27,0.00022855169901212077
1996-01-02,0.0,259.96,12.57,-0.82,348.77,0.00028568962376515096
1996-01-03,0.0,284.68,13.23,-1.91,300.32,0.00028568962376515096
1996-01-04,0.0,281.89,14.19,-0.8,320.63,0.00028568962376515096
1996-01-05,0.0,281.58,14.95,-0.01,334.91,0.00028568962376515096
1996-01-06,0.0,293.18,16.27,0.46,326.13,0.00028568962376515096
1996-01-07,0.0,309.42,20.05,2.66,345.47,0.0014284481188257547
1996-01-08,0.0,313.66,21.41,3.61,361.91,0.004056792657465143
1996-01-09,0.0,315.9,21.32,3.5,354.42,0.004171068506971204
1996-01-10,0.0,304.93,20.78,4.14,385.99,0.0027997583128984795
1996-01-11,0.0,307.04,20.58,3.9,377.08,0.0018284135920969662
1996-01-12,0.0,312.2,21.84,4.81,387.16,0.002628344538639389
1996-01-13,0.0,315.06,21.73,4.54,379.26,0.002171241140615147
1996-01-14,0.0,316.57,20.81,3.71,358.26,0.002628344538639389
1996-01-15,0.0,308.63,19.84,3.54,370.36,0.0013713101940727244
1996-01-16,0.0,293.57,18.9,3.99,399.2,0.00045710339802424154
1996-01-17,0.0,240.12,16.12,4.8,509.33,0.0009142067960484831
1996-01-18,0.0,314.62,14.21,-1.76,262.16,0.0013713101940727244
1996-01-19,0.0,281.31,13.2,-0.31,329.23,0.0013713101940727244
1996-01-20,0.0,309.4,14.06,-1.25,277.1,0.0018284135920969662
1996-01-21,0.0,316.06,14.37,-1.37,270.8,0.002628344538639389
1996-01-22,0.0,274.9,11.85,-1.02,322.24,0.002628344538639389
1996-01-23,3.48,253.78,9.12,-5.34,269.12,0.002628344538639389
1996-01-24,0.0,331.05,11.29,-3.73,256.24,0.002628344538639389
1996-01-25,0.0,324.39,11.19,-3.44,245.23,0.002628344538639389
1996-01-26,0.0,317.9,12.92,-1.32,283.21,0.002628344538639389
1996-01-27,0.0,331.46,15.39,-0.16,246.26,0.002628344538639389
1996-01-28,0.0,329.74,15.78,0.19,246.43,0.002628344538639389
1996-01-29,0.0,330.7,15.88,0.37,245.89,0.002628344538639389
1996-01-30,0.0,313.33,17.0,2.82,296.51,0.002628344538639389
1996-01-31,0.0,284.0,16.08,3.6,353.26,0.002628344538639389
1996-02-01,13.11,160.43,14.1,5.04,598.56,0.0019998273663560566
1996-02-02,11.28,130.61,12.18,5.2,839.04,0.00022855169901212077
1996-02-03,0.0,293.19,14.33,2.06,527.64,0.0
1996-02-04,0.0,332.36,17.48,2.85,489.01,0.0
1996-02-05,0.0,358.08,20.53,3.99,477.43,0.0
1996-02-06,0.0,348.77,21.83,6.16,555.11,0.0
1996-02-07,0.0,352.55,22.95,7.16,578.29,0.0
1996-02-08,0.0,366.8,24.15,7.41,556.22,0.0
1996-02-09,0.0,376.1,24.32,6.93,524.15,0.0
1996-02-10,0.0,374.94,23.65,6.63,517.02,0.0
1996-02-11,0.0,342.07,21.92,7.27,597.81,0.0
1996-02-12,0.0,272.57,19.15,8.6,790.74,5.713792475303019e-05
1996-02-13,4.95,202.47,17.93,7.81,907.52,5.713792475303019e-05
1996-02-14,0.0,362.52,19.77,5.23,550.45,0.00011427584950606039
1996-02-15,0.0,390.7,21.89,5.38,507.31,0.00017141377425909055
1996-02-16,0.0,380.94,22.64,6.83,564.42,0.00017141377425909055
1996-02-17,0.0,396.63,23.48,6.65,531.17,0.00022855169901212077
1996-02-18,0.0,394.72,22.56,5.94,509.32,0.00022855169901212077
1996-02-19,0.0,377.53,20.42,5.29,520.43,0.00022855169901212077
1996-02-20,0.0,315.16,20.0,8.41,741.86,0.00022855169901212077
1996-02-21,0.0,267.8,20.86,11.28,983.11,0.00028568962376515096
1996-02-22,1.73,321.77,19.03,7.35,690.77,0.00022855169901212077
1996-02-23,0.0,400.52,16.42,1.33,351.72,0.00017141377425909055
1996-02-24,0.0,357.65,15.79,3.14,439.91,0.00022855169901212077
1996-02-25,0.0,349.76,13.33,1.29,408.64,0.00022855169901212077
1996-02-26,18.36,253.44,10.43,-0.99,452.71,0.00028568962376515096
1996-02-27,6.47,303.98,8.04,-5.27,377.65,0.00028568962376515096
1996-02-28,0.0,390.32,10.11,-2.09,419.51,0.0003428275485181811
1996-02-29,0.0,432.84,12.55,-1.68,370.6,0.0003428275485181811
1996-03-01,0.0,451.93,14.61,-0.74,355.38,0.00045710339802424154
1996-03-02,0.0,475.87,17.71,0.08,339.74,0.00039996547327121135
1996-03-03,0.0,454.65,19.31,2.3,400.64,0.00039996547327121135
1996-03-04,0.0,356.9,18.24,6.07,636.29,0.00045710339802424154
1996-03-05,0.0,336.51,17.8,6.74,692.53,0.0010284826455545435
1996-03-06,0.0,388.01,16.7,3.8,525.59,0.0013141722693196945
1996-03-07,0.0,440.54,18.21,2.58,421.1,0.0023997928396272683
1996-03-08,0.0,461.59,21.9,4.71,441.61,0.00914206796048483
1996-03-09,0.0,469.72,24.34,6.51,474.02,0.007999309465424227
1996-03-10,0.0,455.09,24.47,7.84,530.84,0.010856205703075735
1996-03-11,0.0,475.07,23.47,5.55,440.67,0.010284826455545435
1996-03-12,0.0,447.46,21.49,5.83,485.0,0.009713447208015133
1996-03-13,5.34,301.21,17.87,4.71,641.53,0.01828413592096966
1996-03-14,12.05,221.48,12.78,3.85,753.78,0.06856550970363623
1996-03-15,5.77,297.29,15.05,2.29,642.37,0.05713792475303019
1996-03-16,0.0,443.41,18.34,3.52,567.13,0.023997928396272683
1996-03-17,0.0,474.18,21.24,4.46,557.06,0.00045710339802424154
1996-03-18,0.0,479.11,22.96,5.78,592.69,0.00028568962376515096
1996-03-19,0.0,484.77,24.42,6.85,619.25,0.0003428275485181811
1996-03-20,0.0,493.57,25.99,7.6,630.92,0.00028568962376515096
1996-03-21,0.0,472.62,25.84,8.86,709.55,0.00022855169901212077
1996-03-22,0.0,473.5,24.7,7.76,664.05,0.00022855169901212077
1996-03-23,0.0,449.48,21.66,6.44,649.57,0.00028568962376515096
1996-03-24,0.0,475.41,16.55,0.35,434.49,0.00028568962376515096
1996-03-25,0.0,472.34,18.21,2.11,483.03,0.00022855169901212077
1996-03-26,0.0,475.5,20.06,3.61,518.56,0.0003428275485181811
1996-03-27,0.0,480.41,21.34,4.44,536.27,0.0003428275485181811
1996-03-28,0.0,472.17,21.49,5.04,562.8,0.00045710339802424154
1996-03-29,0.0,418.02,19.72,6.11,670.35,0.00045710339802424154
1996-03-30,0.0,502.15,20.6,2.57,457.48,0.0008570688712954529
1996-03-31,0.0,512.88,24.61,5.48,521.51,0.0011998964198136342
1996-04-01,0.0,520.48,26.82,6.9,552.06,0.001485586043578785
1996-04-02,0.0,506.89,25.56,6.78,564.22,0.0038853788832060535
1996-04-03,0.0,489.88,22.34,4.98,531.83,0.003485413409934842
1996-04-04,0.0,421.68,21.41,7.5,710.83,0.002456930764380298
1996-04-05,0.0,417.78,20.5,6.83,688.26,0.00039996547327121135
1996-04-06,0.0,483.8,21.79,5.05,540.15,0.00045710339802424154
1996-04-07,0.0,511.07,24.5,5.94,530.91,0.00039996547327121135
1996-04-08,0.0,521.13,27.56,8.08,583.23,0.0003428275485181811
1996-04-09,0.0,518.52,29.3,9.81,643.07,0.0003428275485181811
1996-04-10,0.0,490.16,27.9,10.45,710.86,0.0003428275485181811
1996-04-11,0.0,444.9,21.17,6.56,634.5,0.0003428275485181811
1996-04-12,0.0,459.07,21.77,6.57,618.61,0.00028568962376515096
1996-04-13,0.0,442.94,21.68,7.12,656.7,0.00028568962376515096
1996-04-14,0.0,468.5,21.43,5.71,576.39,0.00028568962376515096
1996-04-15,0.0,500.61,24.24,6.64,558.53,0.00022855169901212077
1996-04-16,0.0,514.16,26.26,7.68,569.27,0.00022855169901212077
1996-04-17,0.0,455.87,24.49,9.16,706.71,0.00022855169901212077
1996-04-18,0.0,371.26,23.19,11.47,965.62,0.00022855169901212077
1996-04-19,0.0,482.52,22.79,6.72,585.57,0.00022855169901212077
1996-04-20,0.0,499.92,22.65,5.75,527.91,0.00028568962376515096
1996-04-21,0.0,507.67,23.17,5.87,521.09,0.00028568962376515096
1996-04-22,0.0,531.82,25.31,6.32,499.25,0.00028568962376515096
1996-04-23,0.0,533.27,29.48,10.02,582.19,0.00022855169901212077
1996-04-24,0.0,542.59,31.76,11.27,611.85,0.00017141377425909055
1996-04-25,0.0,514.5,31.82,13.1,727.87,0.00017141377425909055
1996-04-26,0.0,523.32,32.96,13.69,725.23,0.00022855169901212077
1996-04-27,0.0,518.98,33.28,14.15,755.71,0.00028568962376515096
1996-04-28,0.0,511.49,30.74,12.31,690.37,0.00028568962376515096
1996-04-29,0.0,513.61,28.0,9.8,597.13,0.00022855169901212077
1996-04-30,0.0,542.28,29.63,9.48,542.59,0.00022855169901212077
1996-05-01,0.0,550.54,31.67,10.59,572.08,0.00022855169901212077
1996-05-02,0.0,528.08,31.88,12.65,589.45,0.00028568962376515096
1996-05-03,0.0,519.86,31.2,12.58,557.47,0.00028568962376515096
1996-05-04,0.0,525.93,30.82,11.85,524.72,0.00028568962376515096
1996-05-05,0.0,539.11,31.68,11.65,512.82,0.00022855169901212077
1996-05-06,0.0,548.57,32.19,11.38,500.08,0.00022855169901212077
1996-05-07,0.0,542.5,32.03,11.59,508.65,0.00022855169901212077
1996-05-08,0.0,525.78,31.71,12.5,544.9,0.00022855169901212077
1996-05-09,0.0,507.24,30.46,12.47,554.86,0.00028568962376515096
1996-05-10,0.0,541.17,32.12,11.96,515.3,0.00022855169901212077
1996-05-11,0.0,553.95,36.01,14.24,601.15,0.00022855169901212077
1996-05-12,0.0,547.33,38.16,16.37,701.42,0.00022855169901212077
1996-05-13,0.0,522.85,36.83,16.69,733.01,0.0003428275485181811
1996-05-14,0.0,524.56,34.36,14.44,614.58,0.0003428275485181811
1996-05-15,0.0,494.08,33.15,15.24,654.18,0.0006285171722833321
1996-05-16,0.0,462.26,31.88,15.81,686.88,0.00022855169901212077
1996-05-17,0.0,471.66,31.78,15.3,655.99,0.00028568962376515096
1996-05-18,0.0,493.29,32.97,15.16,641.66,0.00028568962376515096
1996-05-19,0.0,456.3,33.17,17.12,759.38,0.0003428275485181811
1996-05-20,0.0,479.74,31.94,14.9,640.42,0.0003428275485181811
1996-05-21,0.0,512.75,31.83,12.98,551.93,0.00028568962376515096
1996-05-22,0.0,476.47,30.77,13.94,605.55,0.00028568962376515096
1996-05-23,0.0,436.65,28.29,13.58,606.15,0.00028568962376515096
1996-05-24,0.0,399.47,25.51,12.66,592.22,0.00028568962376515096
1996-05-25,0.0,387.85,21.28,9.13,491.71,0.00028568962376515096
1996-05-26,0.0,436.71,21.04,7.18,389.58,0.00022855169901212077
1996-05-27,0.0,493.64,25.71,9.14,420.77,0.00022855169901212077
1996-05-28,0.0,490.73,28.64,12.08,518.75,0.00022855169901212077
1996-05-29,0.0,512.85,30.14,12.29,526.0,0.00022855169901212077
1996-05-30,0.0,513.17,30.15,12.25,522.39,0.00022855169901212077
1996-05-31,0.0,528.19,30.15,11.5,498.32,0.0003428275485181811
1996-06-01,0.0,551.01,33.82,13.25,561.95,0.00022855169901212077
1996-06-02,0.0,540.68,36.67,16.37,698.68,0.00028568962376515096
1996-06-03,0.0,544.26,39.0,18.04,790.37,0.00022855169901212077
1996-06-04,0.0,535.38,38.92,18.61,821.67,0.00022855169901212077
1996-06-05,0.0,521.87,38.5,19.2,851.63,0.00017141377425909055
1996-06-06,0.0,527.79,38.16,18.53,815.82,0.00022855169901212077
1996-06-07,0.0,511.25,38.14,19.58,874.51,0.00022855169901212077
1996-06-08,0.0,525.94,39.13,19.48,865.99,0.00017141377425909055
1996-06-09,0.0,510.5,38.44,19.86,889.13,0.00017141377425909055
1996-06-10,0.0,507.66,37.48,19.29,858.92,0.00022855169901212077
1996-06-11,0.0,491.14,36.33,19.29,858.39,0.00011427584950606039
1996-06-12,0.0,446.68,35.24,20.52,931.03,5.713792475303019e-05
1996-06-13,0.0,407.28,33.08,20.29,922.61,5.713792475303019e-05
1996-06-14,0.0,416.66,32.57,19.55,877.35,5.713792475303019e-05
1996-06-15,0.0,501.72,35.03,17.93,782.71,0.0
1996-06-16,0.0,534.29,36.25,17.02,734.97,0.0
1996-06-17,0.0,519.9,36.8,18.38,805.29,0.0
1996-06-18,0.0,522.17,37.31,18.63,821.12,5.713792475303019e-05
1996-06-19,0.0,527.81,38.05,18.88,834.86,0.0
1996-06-20,0.0,477.66,37.46,21.19,969.6,0.0
1996-06-21,0.0,469.55,36.49,20.72,941.8,5.713792475303019e-05
1996-06-22,0.0,512.79,34.64,16.79,724.39,0.0
1996-06-23,0.0,534.97,34.78,15.44,657.39,5.713792475303019e-05
1996-06-24,0.0,520.05,34.76,16.16,690.25,0.0
1996-06-25,0.0,516.21,34.83,16.33,699.13,5.713792475303019e-05
1996-06-26,0.0,422.07,31.49,17.86,784.98,5.713792475303019e-05
1996-06-27,0.0,435.52,30.46,16.45,712.3,5.713792475303019e-05
1996-06-28,0.0,495.79,31.56,14.7,628.54,0.00017141377425909055
1996-06-29,0.0,538.51,36.77,16.74,717.87,5.713792475303019e-05
1996-06-30,0.0,451.44,36.75,21.52,994.26,5.713792475303019e-05
1996-07-01,0.18,464.73,37.87,21.82,1013.12,0.00011427584950606039
1996-07-02,0.0,466.94,38.14,22.22,1041.29,0.00011427584950606039
1996-07-03,0.0,467.11,36.77,21.11,976.29,0.00011427584950606039
1996-07-04,0.0,462.56,36.77,21.45,994.4,0.00011427584950606039
1996-07-05,0.0,457.06,38.3,23.14,1104.1,5.713792475303019e-05
1996-07-06,0.0,451.58,38.63,23.77,1155.19,5.713792475303019e-05
1996-07-07,0.21,494.14,37.87,20.88,957.62,0.0
1996-07-08,0.0,467.65,36.9,21.63,1005.08,0.0
1996-07-09,0.6,465.62,34.56,19.12,849.48,0.0
1996-07-10,5.0,329.08,32.45,20.25,915.74,0.0
1996-07-11,2.67,423.3,34.31,20.54,936.44,0.0
1996-07-12,5.87,381.23,35.37,21.07,968.53,0.0
1996-07-13,5.26,396.67,34.53,21.68,1009.65,0.0
1996-07-14,3.88,411.91,34.47,21.04,1012.23,0.0
1996-07-15,21.91,325.32,31.74,18.38,925.76,0.0
1996-07-16,18.96,258.36,30.22,20.21,1207.98,0.0
1996-07-17,9.2,373.33,32.72,18.97,1152.21,0.0
1996-07-18,0.0,481.25,35.12,19.71,1095.49,0.0
1996-07-19,0.0,516.73,37.21,19.73,1061.8,0.0
1996-07-20,0.0,501.41,37.96,21.06,1180.71,0.0
1996-07-21,0.0,492.21,37.82,21.45,1209.08,0.0
1996-07-22,0.0,495.29,38.26,21.7,1213.68,0.0
1996-07-23,0.0,505.62,38.48,21.41,1186.97,0.0
1996-07-24,0.0,484.84,38.17,22.21,1271.23,0.0
1996-07-25,0.0,489.77,37.5,21.48,1203.19,0.0
1996-07-26,10.55,389.86,35.65,17.64,1087.79,0.0
1996-07-27,0.0,486.74,35.54,19.6,1157.37,0.0
1996-07-28,2.4,437.25,35.22,19.54,1268.77,0.0
1996-07-29,0.0,470.89,36.58,21.28,1333.4,0.0
1996-07-30,0.0,472.79,37.87,22.24,1415.63,0.0
1996-07-31,0.0,494.1,39.42,22.39,1394.31,0.0
1996-08-01,2.37,468.12,38.3,21.08,1348.18,0.0
1996-08-02,0.0,452.4,35.03,20.56,1341.91,0.0
1996-08-03,0.0,384.31,32.87,21.25,1533.75,5.713792475303019e-05
1996-08-04,0.0,411.33,32.89,20.4,1401.63,0.0
1996-08-05,0.0,479.42,33.23,18.0,1105.05,0.0
1996-08-06,0.0,493.65,33.9,17.88,1087.92,0.0
1996-08-07,0.0,517.54,36.18,18.4,1088.72,0.0
1996-08-08,0.0,479.49,36.37,20.49,1296.73,0.0
1996-08-09,0.0,422.73,34.46,21.13,1462.45,0.0
1996-08-10,0.0,444.46,35.21,20.97,1382.39,5.713792475303019e-05
1996-08-11,0.0,477.34,37.27,21.17,1353.13,0.0
1996-08-12,0.0,488.17,38.7,21.64,1369.16,0.0
1996-08-13,0.0,489.33,39.24,21.8,1393.26,0.0
1996-08-14,0.0,466.78,38.39,22.15,1463.95,0.0
1996-08-15,7.86,358.22,37.09,19.72,1446.73,0.0
1996-08-16,0.0,474.13,37.24,20.35,1367.57,5.713792475303019e-05
1996-08-17,0.0,444.93,36.36,20.96,1468.35,0.0
1996-08-18,0.0,417.28,34.32,20.42,1478.95,0.00017141377425909055
1996-08-19,7.47,335.15,33.6,18.06,1466.2,0.00022855169901212077
1996-08-20,0.0,423.5,34.31,20.03,1527.56,0.00011427584950606039
1996-08-21,0.0,429.77,35.18,20.5,1548.58,0.0
1996-08-22,0.0,443.39,35.35,20.07,1474.69,0.0
1996-08-23,0.0,411.69,34.48,20.55,1621.69,0.0
1996-08-24,0.0,375.6,34.08,21.66,1829.85,0.0
1996-08-25,0.0,410.49,35.11,21.29,1683.32,0.0
1996-08-26,0.0,445.82,34.3,19.11,1400.53,0.0
1996-08-27,0.0,405.75,33.78,20.33,1614.43,0.0
1996-08-28,8.5,325.48,34.93,19.49,1756.0,0.0
1996-08-29,0.0,419.71,35.39,20.86,1750.92,5.713792475303019e-05
1996-08-30,11.08,333.94,35.13,18.87,1759.32,0.0003428275485181811
1996-08-31,0.0,428.41,35.0,19.93,1740.34,0.00017141377425909055
1996-09-01,0.0,419.68,34.27,19.67,1742.3,5.713792475303019e-05
1996-09-02,18.8,337.2,32.71,16.28,1571.06,0.0014284481188257547
1996-09-03,0.0,379.76,31.29,18.37,1860.28,0.00017141377425909055
1996-09-04,0.0,381.02,30.61,17.74,1792.91,5.713792475303019e-05
1996-09-05,0.0,318.72,28.29,18.0,1931.2,0.00017141377425909055
1996-09-06,11.58,277.2,29.97,17.5,1954.42,5.713792475303019e-05
1996-09-07,0.29,433.4,31.42,15.77,1564.16,0.0
1996-09-08,0.0,440.1,33.49,17.31,1695.47,5.713792475303019e-05
1996-09-09,0.0,433.83,33.9,17.81,1756.52,0.00011427584950606039
1996-09-10,1.89,338.33,31.32,18.11,1897.11,0.0010284826455545435
1996-09-11,17.64,254.97,27.13,15.97,1802.94,0.0035996892594409025
1996-09-12,2.4,366.04,28.29,15.23,1688.99,0.0003428275485181811
1996-09-13,0.0,398.22,29.21,15.61,1687.69,0.00017141377425909055
1996-09-14,14.94,278.75,26.93,14.53,1650.69,0.00011427584950606039
1996-09-15,0.0,433.86,25.76,11.0,1272.97,0.00011427584950606039
1996-09-16,0.0,367.34,25.63,13.74,1550.79,5.713792475303019e-05
1996-09-17,1.43,293.77,24.99,15.15,1728.76,5.713792475303019e-05
1996-09-18,3.68,260.08,24.59,15.16,1734.82,5.713792475303019e-05
1996-09-19,0.0,390.83,26.92,14.01,1581.35,0.00011427584950606039
1996-09-20,0.0,440.36,28.54,12.78,1427.03,0.00017141377425909055
1996-09-21,0.0,432.75,30.08,14.26,1560.88,0.00022855169901212077
1996-09-22,0.0,413.26,30.04,15.13,1663.4,0.00028568962376515096
1996-09-23,0.0,433.82,30.43,14.05,1539.16,0.00028568962376515096
1996-09-24,0.0,371.25,28.92,15.87,1772.63,0.00022855169901212077
1996-09-25,0.0,370.95,26.88,14.25,1624.32,0.00022855169901212077
1996-09-26,0.0,355.41,27.43,15.26,1722.69,0.00022855169901212077
1996-09-27,0.0,403.33,27.43,13.05,1498.86,0.00017141377425909055
1996-09-28,0.0,434.43,28.73,12.1,1379.64,0.00017141377425909055
1996-09-29,0.0,435.55,30.47,13.14,1454.96,0.00011427584950606039
1996-09-30,0.0,410.51,31.63,15.44,1711.58,0.0
1996-10-01,0.0,416.08,30.81,14.23,1571.48,0.0
1996-10-02,0.0,398.35,30.65,15.05,1673.68,0.0
1996-10-03,0.0,393.47,30.35,14.95,1682.7,0.0
1996-10-04,0.0,381.82,30.76,15.72,1780.38,0.0
1996-10-05,0.0,357.96,31.54,17.41,1980.66,0.0
1996-10-06,0.0,371.58,32.1,16.93,1915.28,0.0
1996-10-07,0.0,376.88,32.36,16.66,1870.3,5.713792475303019e-05
1996-10-08,0.0,399.63,33.64,15.96,1774.46,0.00011427584950606039
1996-10-09,0.0,399.84,34.29,16.12,1787.18,0.00017141377425909055
1996-10-10,0.0,398.13,34.35,15.93,1762.01,0.00017141377425909055
1996-10-11,0.0,387.73,33.53,15.72,1744.2,0.00017141377425909055
1996-10-12,0.0,381.28,32.72,15.33,1710.37,0.00028568962376515096
1996-10-13,0.0,365.98,31.62,15.3,1721.74,0.0003428275485181811
1996-10-14,0.0,293.21,27.56,15.77,1809.67,0.0003428275485181811
1996-10-15,0.0,354.52,27.1,12.26,1378.35,0.00028568962376515096
1996-10-16,0.0,342.48,27.0,12.55,1381.83,0.00028568962376515096
1996-10-17,0.0,343.14,26.54,11.98,1354.33,0.00028568962376515096
1996-10-18,0.0,361.47,27.38,11.24,1257.78,0.0005713792475303019
1996-10-19,0.0,333.61,25.82,11.29,1287.68,0.0018855515168499965
1996-10-20,0.0,325.42,22.67,9.05,1147.89,0.00045710339802424154
1996-10-21,0.0,320.88,17.16,4.23,833.34,5.713792475303019e-05
1996-10-22,0.0,370.92,17.54,1.47,674.27,5.713792475303019e-05
1996-10-23,0.0,376.67,19.89,2.94,733.28,5.713792475303019e-05
1996-10-24,0.0,375.66,20.36,3.04,734.67,0.00011427584950606039
1996-10-25,2.55,287.19,18.08,4.45,832.71,0.00017141377425909055
1996-10-26,0.0,240.98,13.11,3.53,794.03,0.00022855169901212077
1996-10-27,7.07,179.2,11.56,2.24,726.45,0.00022855169901212077
1996-10-28,1.23,256.97,13.21,2.58,744.52,0.00028568962376515096
1996-10-29,0.0,332.59,14.63,0.5,638.22,0.00028568962376515096
1996-10-30,0.0,354.31,18.55,2.4,720.05,0.00028568962376515096
1996-10-31,0.0,315.8,18.51,4.74,859.97,0.00028568962376515096
1996-11-01,0.0,347.81,18.26,2.32,718.54,0.00028568962376515096
1996-11-02,0.0,284.71,19.77,7.45,1032.32,0.00028568962376515096
1996-11-03,0.0,287.53,18.31,5.64,909.43,0.00028568962376515096
1996-11-04,0.0,341.49,19.46,3.42,781.96,0.00028568962376515096
1996-11-05,0.0,337.48,19.93,3.89,800.92,0.0013141722693196945
1996-11-06,0.0,325.06,19.38,4.18,824.76,0.00914206796048483
1996-11-07,0.0,348.33,19.9,2.65,738.07,0.006856550970363623
1996-11-08,0.0,334.44,21.99,5.47,896.93,0.003485413409934842
1996-11-09,0.0,324.28,24.49,8.26,1084.87,0.003142585861416661
1996-11-10,0.0,341.94,26.47,8.09,1054.02,0.008570688712954529
1996-11-11,0.0,333.29,25.68,8.05,1058.42,0.0013713101940727244
1996-11-12,0.0,326.66,25.34,8.16,1080.02,0.0007999309465424227
1996-11-13,0.0,328.42,25.54,7.8,1045.77,0.0003428275485181811
1996-11-14,0.0,302.42,23.14,7.64,1036.57,0.0008570688712954529
1996-11-15,0.0,251.46,19.33,7.54,1050.72,0.0013713101940727244
1996-11-16,0.09,275.05,16.04,3.04,770.89,0.0013713101940727244
1996-11-17,0.0,300.7,16.36,1.72,694.4,0.0018855515168499965
1996-11-18,0.0,305.09,20.52,4.9,860.19,0.0022283790653681774
1996-11-19,0.0,310.33,23.79,7.01,982.82,0.0011998964198136342
1996-11-20,0.0,309.77,23.64,6.6,949.54,0.0003428275485181811
1996-11-21,0.0,296.65,23.05,7.06,988.71,0.003713965108946962
1996-11-22,0.0,262.63,20.92,7.5,1033.72,0.00045710339802424154
1996-11-23,7.47,180.5,17.03,5.34,901.08,0.00039996547327121135
1996-11-24,0.0,275.18,17.03,3.35,782.38,0.00028568962376515096
1996-11-25,0.0,290.96,18.63,3.34,779.07,0.00028568962376515096
1996-11-26,0.0,257.1,17.68,4.66,854.88,0.00017141377425909055
1996-11-27,2.27,176.68,15.62,6.09,950.67,0.00017141377425909055
1996-11-28,0.0,234.22,15.96,4.51,851.52,0.00017141377425909055
1996-11-29,6.0,176.93,13.77,2.28,731.6,0.00017141377425909055
1996-11-30,3.22,221.79,9.44,-2.82,501.52,0.00017141377425909055
1996-12-01,0.0,293.31,12.5,-2.62,505.78,0.00022855169901212077
1996-12-02,0.0,298.57,13.94,-1.97,521.31,0.00022855169901212077
1996-12-03,0.0,304.07,15.46,-1.33,538.82,0.00022855169901212077
1996-12-04,0.0,298.41,16.08,-0.37,575.64,0.00022855169901212077
1996-12-05,0.0,279.14,15.24,0.31,605.76,0.00017141377425909055
1996-12-06,0.0,244.87,15.29,2.71,715.09,0.00017141377425909055
1996-12-07,0.0,263.41,18.28,4.35,786.06,0.00017141377425909055
1996-12-08,0.0,278.22,20.91,5.54,830.11,0.00022855169901212077
1996-12-09,0.0,265.74,20.81,6.3,878.63,0.00022855169901212077
1996-12-10,0.0,189.38,18.15,8.65,1101.95,0.00022855169901212077
1996-12-11,0.0,189.79,16.9,7.89,1007.62,0.00022855169901212077
1996-12-12,0.0,264.85,18.74,5.34,714.84,0.00022855169901212077
1996-12-13,0.0,285.02,20.2,5.16,669.34,0.00022855169901212077
1996-12-14,0.0,303.77,19.2,2.83,405.43,0.00017141377425909055
1996-12-15,0.0,284.9,15.95,1.34,400.19,0.00017141377425909055
1996-12-16,0.0,288.15,13.73,-1.11,353.84,0.00011427584950606039
1996-12-17,0.0,296.25,11.7,-3.79,284.65,5.713792475303019e-05
1996-12-18,0.0,294.18,9.03,-6.16,230.1,5.713792475303019e-05
1996-12-19,0.0,298.32,11.5,-4.08,259.21,0.0
1996-12-20,0.0,305.44,13.52,-2.82,264.9,0.0
1996-12-21,0.0,271.02,13.97,0.48,368.06,0.0
1996-12-22,0.0,238.16,13.71,2.29,459.35,0.0
1996-12-23,0.0,263.04,13.59,0.85,386.5,0.0
1996-12-24,0.0,284.36,15.14,0.78,350.86,0.0
1996-12-25,0.0,288.69,16.63,1.92,365.75,0.0
1996-12-26,0.0,287.51,15.37,0.59,345.32,0.0
1996-12-27,0.0,257.27,14.51,1.98,423.26,0.0
1996-12-28,0.0,238.45,15.13,3.81,500.61,0.0
1996-12-29,0.0,284.3,17.21,2.75,388.33,0.0
1996-12-30,0.0,285.74,18.36,3.7,407.65,0.0
1996-12-31,0.0,285.02,17.79,3.23,397.99,0.0
1997-01-01,0.0,280.61,17.83,5.47,903.91,0.0
1997-01-02,0.0,271.15,18.78,6.9,986.38,0.0
1997-01-03,0.0,245.52,17.22,7.08,1017.58,0.0
1997-01-04,5.36,202.9,13.99,2.89,758.75,0.0
1997-01-05,0.0,189.48,11.2,4.0,819.6,0.0
1997-01-06,0.0,221.82,8.01,-0.22,615.31,0.0
1997-01-07,4.22,178.04,5.76,-1.95,541.79,0.0
1997-01-08,0.0,303.58,7.49,-4.94,426.09,0.0
1997-01-09,0.0,321.85,10.19,-3.84,462.52,0.0
1997-01-10,0.0,328.94,12.71,-2.14,524.91,0.0
1997-01-11,0.0,316.32,12.36,-1.2,561.36,0.0
1997-01-12,0.0,245.72,10.89,1.27,667.14,0.0
1997-01-13,36.21,129.03,9.0,2.86,756.46,0.0005713792475303019
1997-01-14,33.78,153.2,7.85,0.71,658.66,1.4684446661528758
1997-01-15,17.0,241.82,9.68,-3.51,476.79,0.4399620205983325
1997-01-16,0.0,298.55,9.77,-1.41,553.5,0.14284481188257547
1997-01-17,0.0,315.02,11.59,-0.65,586.78,0.06856550970363623
1997-01-18,0.0,343.19,16.03,1.27,672.17,0.025140686891333287
1997-01-19,0.0,348.18,17.59,2.26,718.31,0.011427584950606038
1997-01-20,0.0,308.55,15.12,3.1,767.72,0.006285171722833322
1997-01-21,0.0,324.91,13.9,1.17,666.93,0.0042282064317242345
1997-01-22,0.0,304.05,12.58,1.15,665.54,0.0022283790653681774
1997-01-23,0.0,256.6,11.81,2.98,759.27,0.011998964198136342
1997-01-24,0.0,322.87,14.52,2.26,721.38,0.04285344356477264
1997-01-25,0.0,333.97,15.91,2.65,740.49,0.07427930217893926
1997-01-26,10.86,170.47,13.0,4.94,870.35,0.08570688712954529
1997-01-27,10.1,210.62,14.4,4.37,838.48,0.13141722693196944
1997-01-28,0.0,300.26,15.15,4.24,831.67,0.18855515168499964
1997-01-29,0.0,310.86,15.32,3.94,814.48,0.13141722693196944
1997-01-30,0.0,333.11,18.19,5.29,894.77,0.10284826455545434
1997-01-31,0.0,362.99,20.29,4.78,862.42,0.07999309465424226
1997-02-01,0.0,358.63,19.52,4.66,853.63,0.06285171722833321
1997-02-02,0.0,346.67,17.78,4.07,820.6,0.05713792475303019
1997-02-03,0.0,377.31,18.61,2.35,727.49,0.046281719049954456
1997-02-04,0.0,361.53,17.81,2.95,758.38,0.046853098297484755
1997-02-05,0.0,366.39,17.36,2.23,719.72,0.033711375604287816
1997-02-06,0.0,372.86,15.08,-0.45,597.44,0.029711720871575698
1997-02-07,0.0,377.23,12.37,-2.96,495.57,0.015427239683318153
1997-02-08,0.0,360.82,15.08,0.85,650.51,0.015998618930848453
1997-02-09,0.0,379.9,16.27,0.66,641.54,0.013141722693196944
1997-02-10,0.0,386.74,17.63,1.37,674.8,0.011427584950606038
1997-02-11,0.0,369.97,17.17,1.97,703.29,0.011427584950606038
1997-02-12,0.0,368.93,15.22,0.61,639.94,0.015427239683318153
1997-02-13,3.25,277.93,13.19,-0.1,610.87,0.019998273663560565
1997-02-14,0.0,386.9,16.62,0.6,641.54,0.010284826455545435
1997-02-15,0.0,400.22,19.83,2.24,721.95,0.015998618930848453
1997-02-16,0.0,360.73,20.99,6.27,956.66,0.023997928396272683
1997-02-17,0.0,317.23,20.29,8.21,1097.1,0.027997583128984798
1997-02-18,0.0,376.67,19.39,4.27,831.22,0.025712066138863586
1997-02-19,0.0,392.52,19.09,3.04,763.1,0.02456930764380298
1997-02-20,0.0,405.78,19.16,2.13,715.19,0.02171241140615147
1997-02-21,0.0,386.02,16.71,1.38,678.57,0.019998273663560565
1997-02-22,0.0,403.45,16.48,0.08,618.36,0.022283790653681777
1997-02-23,0.0,399.66,16.56,0.49,637.16,0.021141032158621172
1997-02-24,0.0,384.77,15.47,0.52,636.77,0.021141032158621172
1997-02-25,0.0,329.45,12.96,0.93,656.39,0.03142585861416661
1997-02-26,0.0,362.39,12.12,-1.15,564.84,0.029140341624045395
1997-02-27,0.0,275.15,9.71,0.21,622.45,0.04513896055489385
1997-02-28,41.18,186.97,8.03,-0.08,617.18,5.616658003222868
1997-03-01,0.0,396.1,10.95,-3.6,475.34,1.1084757402087857
1997-03-02,0.0,424.24,15.24,-1.3,558.36,0.628517172283332
1997-03-03,0.0,428.26,17.06,0.2,621.62,0.5313827002031808
1997-03-04,0.0,415.4,18.39,2.37,729.28,0.4628171904995445
1997-03-05,0.0,428.05,18.62,1.87,708.66,0.40567926574651436
1997-03-06,0.0,421.29,21.62,5.08,877.03,0.3313999635675751
1997-03-07,0.0,439.67,22.63,4.67,855.29,0.27997583128984793
1997-03-08,0.0,441.51,23.35,5.26,888.62,0.24569307643802982
1997-03-09,0.0,447.93,24.7,5.94,924.82,0.21141032158621173
1997-03-10,0.0,419.35,26.0,9.11,1157.01,0.18855515168499964
1997-03-11,0.0,442.01,27.1,8.58,1107.85,0.17141377425909057
1997-03-12,0.0,426.05,26.4,9.16,1155.54,0.14855860435787852
1997-03-13,0.0,453.58,25.58,6.73,968.66,0.12570343445666643
1997-03-14,0.0,438.88,24.88,7.24,1005.39,0.09713447208015133
1997-03-15,0.0,448.62,25.05,6.73,967.85,0.09713447208015133
1997-03-16,0.0,421.64,24.63,8.11,1072.45,0.10856205703075737
1997-03-17,0.0,403.85,23.36,8.17,1081.93,0.0914206796048483
1997-03-18,0.0,439.95,24.84,7.63,1035.01,0.06856550970363623
1997-03-19,0.0,445.27,27.19,9.22,1150.41,0.07999309465424226
1997-03-20,0.0,460.01,28.81,9.52,1158.96,0.054281028515378686
1997-03-21,0.0,458.77,28.71,9.6,1165.42,0.06856550970363623
1997-03-22,0.0,453.59,27.74,9.28,1142.68,0.054852407762908985
1997-03-23,0.0,455.28,25.53,7.49,978.75,0.047995856792545366
1997-03-24,0.0,456.26,23.13,5.6,861.58,0.04113930582218174
1997-03-25,0.0,409.2,20.22,5.66,897.16,0.006856550970363623
1997-03-26,0.0,405.16,19.48,5.31,881.67,0.0007999309465424227
1997-03-27,0.0,430.63,20.81,5.29,861.49,0.0022855169901212077
1997-03-28,0.0,437.61,22.2,6.16,899.25,0.0042282064317242345
1997-03-29,0.0,456.6,23.53,6.18,882.81,0.005713792475303019
1997-03-30,0.0,444.7,24.36,7.47,967.14,0.004685309829748475
1997-03-31,0.0,390.66,22.53,8.51,1071.88,0.007427930217893924
1997-04-01,0.0,377.67,19.59,6.53,950.81,0.008570688712954529
1997-04-02,0.29,343.04,15.91,4.54,858.5,0.013141722693196944
1997-04-03,6.44,208.01,11.94,3.37,789.47,0.03485413409934841
1997-04-04,8.87,172.08,9.07,2.3,733.46,0.05313827002031808
1997-04-05,0.15,247.87,11.14,3.79,806.11,0.05713792475303019
1997-04-06,0.0,403.21,16.91,4.19,828.55,0.048567236040075665
1997-04-07,0.0,469.96,20.1,4.18,787.96,0.029140341624045395
1997-04-08,0.0,456.08,21.83,6.58,922.92,0.01771275667343936
1997-04-09,0.0,452.2,21.85,6.83,933.72,0.008570688712954529
1997-04-10,0.0,451.45,19.36,4.84,828.13,0.0048567236040075665
1997-04-11,0.0,427.28,17.88,4.71,836.78,0.006856550970363623
1997-04-12,0.0,474.72,18.65,3.47,748.71,0.006856550970363623
1997-04-13,0.0,488.89,19.72,3.8,757.05,0.007427930217893924
1997-04-14,0.0,517.85,22.27,4.73,685.02,0.008570688712954529
1997-04-15,0.0,524.44,25.16,7.24,642.11,0.006856550970363623
1997-04-16,0.0,529.37,27.56,9.3,601.07,0.007999309465424227
1997-04-17,0.0,497.68,26.94,10.63,699.06,0.008570688712954529
1997-04-18,0.0,496.91,26.47,10.44,692.56,0.022855169901212075
1997-04-19,0.0,508.84,27.14,10.55,675.43,0.052566890772787776
1997-04-20,0.0,518.11,27.72,10.72,665.93,0.047995856792545366
1997-04-21,0.0,499.92,28.61,12.59,770.69,0.04285344356477264
1997-04-22,0.0,508.32,28.82,12.47,747.91,0.03942516807959083
1997-04-23,0.0,478.19,27.43,12.76,816.89,0.03713965108946963
1997-04-24,0.0,504.89,24.3,8.72,617.32,0.033711375604287816
1997-04-25,0.0,433.15,19.26,7.09,667.21,0.030283100119106
1997-04-26,0.0,512.78,23.52,7.68,574.82,0.03142585861416661
1997-04-27,0.0,529.64,26.09,9.46,510.09,0.030283100119106
1997-04-28,0.0,527.01,26.91,10.56,494.64,0.027997583128984798
1997-04-29,0.0,490.43,25.91,11.46,555.99,0.025712066138863586
1997-04-30,0.0,496.66,26.86,12.24,560.03,0.023997928396272683
1997-05-01,0.0,513.12,26.48,11.0,516.8,0.023997928396272683
1997-05-02,0.0,541.57,26.89,9.71,453.57,0.02056965291109087
1997-05-03,0.0,546.38,29.67,11.69,516.42,0.01771275667343936
1997-05-04,0.0,542.65,31.49,13.12,570.55,0.01771275667343936
1997-05-05,0.0,531.2,32.45,14.45,626.06,0.015998618930848453
1997-05-06,0.0,528.31,32.66,14.7,640.19,0.013713101940727246
1997-05-07,0.0,508.85,32.18,15.32,678.04,0.010856205703075735
1997-05-08,0.0,521.37,31.64,14.13,617.45,0.00914206796048483
1997-05-09,0.0,497.62,31.52,15.26,682.41,0.007427930217893924
1997-05-10,0.0,497.38,31.55,15.36,680.98,0.004799585679254537
1997-05-11,0.0,474.79,29.93,14.9,679.72,0.006285171722833322
1997-05-12,0.0,490.13,30.3,14.54,649.02,0.005713792475303019
1997-05-13,0.0,515.76,31.67,14.51,630.28,0.0025712066138863588
1997-05-14,0.0,501.72,32.2,15.72,692.0,0.0011427584950606039
1997-05-15,0.0,507.75,33.1,16.3,706.69,0.0003428275485181811
1997-05-16,0.0,514.4,34.76,17.51,766.83,0.00022855169901212077
1997-05-17,0.0,503.68,34.84,18.16,804.88,0.00017141377425909055
1997-05-18,0.0,491.24,33.19,17.3,762.75,0.00011427584950606039
1997-05-19,0.1,499.97,31.07,14.94,650.0,5.713792475303019e-05
1997-05-20,4.87,332.29,28.37,14.61,876.36,0.00011427584950606039
1997-05-21,1.17,404.84,27.03,13.52,741.86,0.0033711375604287813
1997-05-22,0.0,504.32,29.16,13.1,592.15,0.0005713792475303019
1997-05-23,0.0,471.99,28.66,14.03,665.42,0.00022855169901212077
1997-05-24,0.0,435.79,27.05,14.05,711.81,0.00011427584950606039
1997-05-25,0.0,457.34,26.7,12.88,634.63,0.00017141377425909055
1997-05-26,0.0,508.79,28.42,12.3,554.64,0.0003428275485181811
1997-05-27,0.0,527.06,30.85,13.53,590.55,0.00039996547327121135
1997-05-28,0.0,521.41,32.84,15.47,682.14,0.00039996547327121135
1997-05-29,0.0,532.17,34.39,16.24,708.04,0.00039996547327121135
1997-05-30,0.0,523.3,35.71,17.95,782.41,0.00045710339802424154
1997-05-31,0.0,537.18,35.9,17.13,741.16,0.00045710339802424154
1997-06-01,0.0,543.25,35.22,16.12,687.55,0.00045710339802424154
1997-06-02,0.0,527.98,34.74,16.69,717.28,0.00045710339802424154
1997-06-03,0.0,542.89,34.7,15.69,665.01,0.00045710339802424154
1997-06-04,0.0,531.96,34.31,15.99,678.84,0.00045710339802424154
1997-06-05,0.0,501.69,32.69,16.11,687.24,0.0003428275485181811
1997-06-06,0.0,448.89,28.62,15.04,646.09,0.0003428275485181811
1997-06-07,0.0,465.68,26.01,11.94,515.69,0.0003428275485181811
1997-06-08,0.0,492.73,26.51,11.28,492.1,0.0003428275485181811
1997-06-09,0.0,512.37,30.45,13.93,591.93,0.0003428275485181811
1997-06-10,0.0,496.91,31.58,15.76,674.0,0.00039996547327121135
1997-06-11,0.0,516.14,31.91,15.01,636.3,0.0007427930217893925
1997-06-12,0.0,468.1,30.29,15.84,677.52,0.00045710339802424154
1997-06-13,0.0,458.68,29.02,15.21,652.53,0.0013141722693196945
1997-06-14,0.0,484.05,27.72,12.94,553.14,0.00045710339802424154
1997-06-15,0.0,495.1,26.8,11.56,500.9,0.0006856550970363622
1997-06-16,0.0,531.28,29.52,12.21,524.33,0.0011427584950606039
1997-06-17,0.0,536.01,33.79,15.77,670.1,0.0005713792475303019
1997-06-18,0.0,532.81,36.23,18.03,788.39,0.00045710339802424154
1997-06-19,0.0,518.86,35.87,18.33,804.23,0.00045710339802424154
1997-06-20,0.0,537.76,34.98,16.28,696.02,0.00045710339802424154
1997-06-21,0.0,535.98,34.78,16.23,693.42,0.00045710339802424154
1997-06-22,0.0,519.93,34.24,16.58,710.46,0.0003428275485181811
1997-06-23,0.0,505.46,33.21,16.37,700.64,0.0003428275485181811
1997-06-24,0.0,541.65,34.27,15.09,638.53,0.0003428275485181811
1997-06-25,0.0,526.06,34.99,16.61,712.39,0.0003428275485181811
1997-06-26,0.0,513.31,35.08,17.4,755.28,0.0003428275485181811
1997-06-27,0.0,523.6,35.23,16.91,727.65,0.00028568962376515096
1997-06-28,0.0,503.66,33.94,16.91,728.79,0.00028568962376515096
1997-06-29,0.0,516.46,34.27,16.53,708.91,0.00028568962376515096
1997-06-30,0.0,519.76,34.03,16.14,688.68,0.00022855169901212077
1997-07-01,0.0,557.37,35.9,15.29,645.51,0.00017141377425909055
1997-07-02,0.0,547.83,37.25,17.04,733.94,0.00022855169901212077
1997-07-03,0.0,531.25,38.36,19.09,844.7,0.00017141377425909055
1997-07-04,0.0,537.08,38.61,18.87,835.09,0.00017141377425909055
1997-07-05,0.0,513.8,37.65,19.46,868.22,0.00017141377425909055
1997-07-06,0.0,493.35,37.04,19.98,896.03,0.00011427584950606039
1997-07-07,0.0,507.68,36.46,18.58,818.01,0.00011427584950606039
1997-07-08,0.0,503.61,36.56,18.87,833.75,0.00011427584950606039
1997-07-09,0.0,501.84,36.38,18.75,826.18,0.00011427584950606039
1997-07-10,0.0,473.55,34.61,18.55,818.58,0.00011427584950606039
1997-07-11,0.0,461.81,33.44,18.16,796.98,0.00011427584950606039
1997-07-12,0.0,474.14,33.91,17.98,787.72,0.00011427584950606039
1997-07-13,0.0,515.08,35.67,17.28,747.61,0.00011427584950606039
1997-07-14,0.0,525.99,38.38,18.84,830.61,0.00011427584950606039
1997-07-15,0.0,507.1,39.68,20.96,949.61,0.00011427584950606039
1997-07-16,0.0,469.4,39.43,22.65,1056.91,0.00011427584950606039
1997-07-17,0.0,469.35,38.4,21.92,1015.03,5.713792475303019e-05
1997-07-18,0.0,459.33,37.11,21.32,977.6,5.713792475303019e-05
1997-07-19,0.0,421.63,35.46,21.59,1005.62,0.00011427584950606039
1997-07-20,0.0,396.8,33.37,20.74,949.34,0.00011427584950606039
1997-07-21,0.0,342.89,31.17,20.73,949.39,0.00011427584950606039
1997-07-22,1.01,359.06,30.54,18.67,821.82,0.00011427584950606039
1997-07-23,0.0,464.73,33.69,18.5,816.64,5.713792475303019e-05
1997-07-24,0.0,496.51,36.71,19.71,882.74,5.713792475303019e-05
1997-07-25,0.0,490.03,38.02,21.17,967.81,0.0
1997-07-26,0.0,449.66,36.3,21.55,995.82,5.713792475303019e-05
1997-07-27,0.0,422.21,34.13,20.91,956.9,0.0
1997-07-28,0.0,440.71,34.11,20.21,916.14,0.00011427584950606039
1997-07-29,0.0,429.56,33.55,20.18,911.97,5.713792475303019e-05
1997-07-30,0.0,442.33,33.52,19.77,886.55,5.713792475303019e-05
1997-07-31,0.0,473.07,35.03,19.91,895.64,0.0
1997-08-01,0.0,459.42,37.1,22.47,1057.4,0.0
1997-08-02,0.0,449.71,36.62,22.51,1062.66,0.0
1997-08-03,0.0,435.3,32.79,19.78,885.41,0.00017141377425909055
1997-08-04,7.25,335.54,33.58,20.06,901.48,5.713792475303019e-05
1997-08-05,0.0,475.79,36.52,21.58,994.91,5.713792475303019e-05
1997-08-06,2.19,423.02,36.22,20.97,959.53,5.713792475303019e-05
1997-08-07,0.0,441.32,35.18,21.99,1020.6,5.713792475303019e-05
1997-08-08,0.0,500.18,35.68,19.84,890.27,0.0
1997-08-09,1.3,445.1,33.48,17.87,782.28,5.713792475303019e-05
1997-08-10,0.0,418.71,31.53,19.62,877.53,5.713792475303019e-05
1997-08-11,0.0,437.47,33.06,20.39,925.89,5.713792475303019e-05
1997-08-12,0.0,474.4,34.22,20.0,899.63,5.713792475303019e-05
1997-08-13,0.0,484.42,35.44,20.71,944.59,0.00017141377425909055
1997-08-14,0.0,498.69,35.47,20.08,903.62,0.00011427584950606039
1997-08-15,0.6,487.43,33.93,18.28,803.16,0.00011427584950606039
1997-08-16,0.0,457.06,32.93,19.76,885.5,0.0
1997-08-17,0.0,456.11,32.19,19.15,851.98,0.00011427584950606039
1997-08-18,0.0,495.61,32.66,17.77,776.05,0.00017141377425909055
1997-08-19,0.0,504.41,35.03,19.28,857.68,5.713792475303019e-05
1997-08-20,0.0,501.32,36.81,20.79,943.28,0.0
1997-08-21,0.0,482.66,37.35,22.06,1032.74,0.0
1997-08-22,0.0,483.96,37.0,21.65,1002.88,0.0
1997-08-23,0.0,484.64,37.33,21.91,1020.21,5.713792475303019e-05
1997-08-24,0.06,478.57,36.25,21.21,979.04,5.713792475303019e-05
1997-08-25,0.02,468.98,35.59,21.07,969.37,5.713792475303019e-05
1997-08-26,6.33,326.09,33.65,20.64,937.33,0.00017141377425909055
1997-08-27,18.09,363.86,33.42,19.66,879.44,5.713792475303019e-05
1997-08-28,0.0,463.72,34.99,20.61,936.63,5.713792475303019e-05
1997-08-29,0.0,446.64,33.24,19.75,892.26,0.0013141722693196945
1997-08-30,0.0,444.9,32.0,18.69,828.4,0.0013713101940727244
1997-08-31,0.85,424.04,31.84,18.04,798.03,0.004685309829748475
1997-09-01,0.0,396.89,31.74,20.28,922.21,0.0015427239683318155
1997-09-02,0.0,448.25,32.45,18.88,838.44,0.0025712066138863588
1997-09-03,0.0,475.98,34.48,19.27,859.42,0.0023997928396272683
1997-09-04,0.0,468.77,35.95,20.84,948.35,0.0013713101940727244
1997-09-05,0.0,466.5,35.73,20.66,939.68,0.0021141032158621172
1997-09-06,0.06,469.22,33.97,18.68,833.63,0.00297117208715757
1997-09-07,0.0,437.52,32.92,19.42,870.19,0.0019426894416030268
1997-09-08,0.0,448.71,35.24,20.95,961.64,0.0010284826455545435
1997-09-09,0.0,442.2,35.55,21.39,987.71,0.00045710339802424154
1997-09-10,0.0,451.26,35.17,20.48,929.94,0.0016569998178378755
1997-09-11,0.0,439.28,33.35,19.31,868.62,0.005428102851537868
1997-09-12,11.02,312.15,31.78,18.51,957.36,0.007999309465424227
1997-09-13,0.0,416.1,32.64,19.41,950.41,0.005713792475303019
1997-09-14,0.0,428.06,33.17,19.39,927.81,0.0048567236040075665
1997-09-15,0.0,374.62,31.85,20.15,1110.98,0.005485240776290898
1997-09-16,1.18,356.38,31.56,19.56,1151.63,0.005256689077278778
1997-09-17,0.0,423.17,32.96,19.2,955.84,0.003085447936663631
1997-09-18,0.0,426.27,33.8,19.76,979.8,0.002056965291109087
1997-09-19,0.0,438.77,33.87,19.13,921.0,0.0015427239683318155
1997-09-20,0.0,434.69,32.83,18.27,886.39,0.003142585861416661
1997-09-21,0.0,450.76,31.58,16.22,762.19,0.006856550970363623
1997-09-22,0.0,448.7,30.38,15.23,726.28,0.004113930582218174
1997-09-23,0.0,453.52,30.91,15.35,722.82,0.0019998273663560566
1997-09-24,0.0,386.74,29.81,17.33,957.36,0.00028568962376515096
1997-09-25,0.0,291.62,27.62,18.5,1316.68,0.0015427239683318155
1997-09-26,8.12,253.97,27.84,16.94,1286.85,0.0016569998178378755
1997-09-27,0.0,417.33,29.92,15.9,932.9,0.0003428275485181811
1997-09-28,0.0,442.75,32.51,16.61,910.07,0.0013713101940727244
1997-09-29,0.0,449.45,33.7,16.81,907.85,0.0005142413227772717
1997-09-30,0.0,419.58,33.95,18.72,1092.1,0.0015427239683318155
1997-10-01,0.0,411.53,34.24,19.14,1138.18,0.00045710339802424154
1997-10-02,0.0,386.8,33.06,19.08,1195.52,0.00017141377425909055
1997-10-03,0.0,385.54,31.37,17.72,1125.85,0.00011427584950606039
1997-10-04,0.0,413.88,31.62,16.39,976.78,5.713792475303019e-05
1997-10-05,0.0,434.67,31.85,15.06,860.06,0.00011427584950606039
1997-10-06,0.0,429.9,31.51,14.86,859.8,0.00011427584950606039
1997-10-07,0.0,437.9,29.44,12.21,739.44,0.00028568962376515096
1997-10-08,3.19,329.19,22.07,6.53,657.72,0.0003428275485181811
1997-10-09,0.0,432.9,26.17,9.12,637.46,0.00028568962376515096
1997-10-10,0.0,402.68,28.31,12.67,839.4,0.00022855169901212077
1997-10-11,0.0,425.85,26.44,9.29,665.65,0.00022855169901212077
1997-10-12,0.0,374.94,17.4,3.86,549.66,0.00028568962376515096
1997-10-13,0.0,410.22,21.27,5.19,538.59,0.00022855169901212077
1997-10-14,0.0,415.65,26.73,9.48,677.04,0.00011427584950606039
1997-10-15,0.0,388.38,28.06,12.17,842.43,0.00011427584950606039
1997-10-16,0.0,394.75,28.28,11.62,803.09,5.713792475303019e-05
1997-10-17,0.0,380.68,27.96,12.02,852.48,5.713792475303019e-05
1997-10-18,0.0,408.9,28.14,9.84,701.44,0.00017141377425909055
1997-10-19,0.0,400.73,26.8,8.84,675.49,0.00028568962376515096
1997-10-20,0.0,368.81,25.11,9.43,754.01,0.00022855169901212077
1997-10-21,0.0,376.37,25.1,8.75,706.11,0.0005142413227772717
1997-10-22,15.04,240.72,22.63,9.16,976.63,0.0011998964198136342
1997-10-23,7.63,215.69,19.79,8.19,1064.41,0.0009713447208015134
1997-10-24,0.0,278.6,17.93,6.95,957.45,0.00039996547327121135
1997-10-25,0.0,336.62,15.35,1.39,612.43,0.00011427584950606039
1997-10-26,0.0,336.89,17.18,2.91,676.06,0.0
1997-10-27,0.0,331.93,19.22,4.92,768.2,5.713792475303019e-05
1997-10-28,0.0,343.63,20.47,5.22,765.98,5.713792475303019e-05
1997-10-29,0.0,342.69,21.33,5.9,798.13,5.713792475303019e-05
1997-10-30,0.0,355.17,22.81,6.15,791.56,0.0
1997-10-31,0.0,356.24,24.62,7.37,848.62,0.0
1997-11-01,0.0,345.21,25.28,8.42,921.21,0.0
1997-11-02,0.0,321.53,25.71,10.14,1063.77,0.0
1997-11-03,0.0,332.95,25.97,9.65,967.03,0.0
1997-11-04,0.0,331.49,25.58,9.2,945.59,0.0
1997-11-05,0.0,335.95,25.15,8.37,879.66,0.0
1997-11-06,0.0,343.24,25.24,7.61,826.35,0.0
1997-11-07,0.0,330.8,24.23,7.44,840.12,0.0
1997-11-08,0.0,320.76,22.64,6.64,807.98,0.0
1997-11-09,0.0,308.4,21.11,6.07,802.9,0.0
1997-11-10,0.0,274.59,19.14,6.33,870.45,0.0
1997-11-11,0.0,194.19,17.19,8.39,1071.76,0.0
1997-11-12,2.31,146.48,14.18,7.37,1042.72,0.0
1997-11-13,3.51,154.24,12.88,4.25,832.31,5.713792475303019e-05
1997-11-14,3.78,144.53,12.81,4.61,854.56,0.0
1997-11-15,0.0,265.48,13.98,2.41,714.07,5.713792475303019e-05
1997-11-16,0.0,296.82,16.15,2.48,696.64,5.713792475303019e-05
1997-11-17,0.0,306.48,16.86,2.43,683.18,5.713792475303019e-05
1997-11-18,0.0,313.22,17.35,2.32,671.18,5.713792475303019e-05
1997-11-19,0.0,297.45,18.42,4.34,783.76,5.713792475303019e-05
1997-11-20,0.0,303.92,18.93,4.23,768.81,5.713792475303019e-05
1997-11-21,0.0,311.78,19.07,3.56,729.13,5.713792475303019e-05
1997-11-22,0.0,302.79,18.83,3.82,749.98,5.713792475303019e-05
1997-11-23,0.0,298.8,20.44,5.33,831.82,5.713792475303019e-05
1997-11-24,0.0,308.15,21.28,5.08,802.83,5.713792475303019e-05
1997-11-25,0.0,296.85,21.92,6.5,866.18,5.713792475303019e-05
1997-11-26,0.0,232.72,19.7,8.7,1000.12,0.0
1997-11-27,0.0,249.41,16.77,5.12,792.49,0.0
1997-11-28,0.0,263.91,14.52,2.17,635.01,5.713792475303019e-05
1997-11-29,0.0,294.86,16.72,2.05,588.07,0.0
1997-11-30,0.0,269.04,15.0,2.19,615.89,0.0
1997-12-01,0.0,206.1,12.19,3.22,745.82,0.0
1997-12-02,5.13,121.19,10.6,3.78,805.27,0.0
1997-12-03,0.0,249.66,12.49,1.44,645.52,5.713792475303019e-05
1997-12-04,0.0,282.32,13.93,0.76,583.45,5.713792475303019e-05
1997-12-05,0.0,290.64,15.54,1.62,602.03,5.713792475303019e-05
1997-12-06,0.0,248.37,14.78,3.66,734.35,0.0
1997-12-07,17.19,122.78,12.11,5.33,897.41,0.00017141377425909055
1997-12-08,14.69,118.34,10.74,4.52,854.57,0.21712411406151474
1997-12-09,0.0,265.66,9.62,-1.62,551.13,0.08570688712954529
1997-12-10,0.0,262.81,7.81,-3.2,486.62,0.017141377425909057
1997-12-11,0.0,246.21,7.77,-2.34,519.25,0.008570688712954529
1997-12-12,0.0,266.55,9.17,-2.33,513.98,0.006856550970363623
1997-12-13,0.0,302.28,12.88,-1.84,515.31,0.005713792475303019
1997-12-14,0.0,299.92,16.25,1.16,628.83,0.014284481188257548
1997-12-15,0.0,309.27,16.61,0.31,589.82,0.010284826455545435
1997-12-16,0.0,303.66,16.72,0.89,613.5,0.004571033980242415
1997-12-17,0.0,302.17,17.65,1.8,655.59,0.003999654732712113
1997-12-18,0.0,287.12,15.88,1.54,654.98,0.0034282754851818116
1997-12-19,0.0,246.75,13.65,2.42,717.36,0.0034282754851818116
1997-12-20,0.0,186.46,11.71,3.85,809.2,0.0034282754851818116
1997-12-21,0.0,159.55,10.24,3.77,804.57,0.003999654732712113
1997-12-22,23.41,129.19,8.45,1.69,695.26,0.011427584950606038
1997-12-23,7.98,135.55,7.0,0.09,618.91,0.008570688712954529
1997-12-24,0.0,210.86,5.96,-2.0,539.23,0.006856550970363623
1997-12-25,2.37,231.34,4.57,-5.29,417.61,0.005713792475303019
1997-12-26,0.0,276.12,6.43,-4.21,452.63,0.0051424132277727175
1997-12-27,0.0,321.08,10.06,-4.13,454.93,0.004571033980242415
1997-12-28,0.0,304.05,9.58,-3.07,491.72,0.003999654732712113
1997-12-29,0.0,312.58,13.92,0.02,607.52,0.003999654732712113
1997-12-30,0.0,312.43,17.44,2.42,722.4,0.003999654732712113
1997-12-31,0.0,292.32,17.42,3.99,812.27,0.003999654732712113
1998-01-01,0.0,278.17,18.71,4.86,846.98,0.0034282754851818116
1998-01-02,0.0,249.53,17.73,5.89,923.82,0.0034282754851818116
1998-01-03,5.67,152.06,15.29,6.07,945.73,0.003999654732712113
1998-01-04,5.49,156.79,13.61,4.27,835.01,0.003999654732712113
1998-01-05,3.87,194.47,11.36,1.62,699.33,0.003999654732712113
1998-01-06,0.0,277.0,10.43,-2.31,520.51,0.016569998178378755
1998-01-07,0.0,297.56,12.29,-2.06,528.17,0.011998964198136342
1998-01-08,0.0,287.86,11.71,-1.73,539.91,0.0048567236040075665
1998-01-09,0.0,294.0,12.08,-1.76,541.1,0.004571033980242415
1998-01-10,11.17,127.25,9.42,2.27,724.4,0.007427930217893924
1998-01-11,10.9,157.61,10.41,1.62,691.27,0.019998273663560565
1998-01-12,0.0,261.12,11.87,0.48,634.35,0.029140341624045395
1998-01-13,0.0,247.46,12.32,1.71,693.11,0.016569998178378755
1998-01-14,0.0,292.73,13.4,0.02,615.52,0.010284826455545435
1998-01-15,0.0,306.58,14.46,0.07,615.37,0.007427930217893924
1998-01-16,0.0,278.81,16.2,3.71,799.18,0.005542378701043928
1998-01-17,0.0,304.04,17.6,3.32,777.8,0.0051424132277727175
1998-01-18,0.0,309.39,18.39,3.73,801.84,0.004571033980242415
1998-01-19,0.0,282.46,16.76,4.16,828.33,0.003999654732712113
1998-01-20,0.0,271.6,14.75,3.15,771.59,0.003999654732712113
1998-01-21,0.0,251.7,12.93,2.64,746.09,0.003999654732712113
1998-01-22,0.0,323.73,14.3,-0.47,593.37,0.003999654732712113
1998-01-23,0.0,335.36,16.23,0.42,631.25,0.0034282754851818116
1998-01-24,0.0,339.2,17.43,1.28,666.31,0.0034282754851818116
1998-01-25,0.0,344.47,17.84,1.43,637.34,0.0034282754851818116
1998-01-26,0.0,354.53,19.14,1.77,646.03,0.0034282754851818116
1998-01-27,0.0,343.39,19.01,2.97,712.22,0.0028568962376515094
1998-01-28,0.0,355.87,19.41,2.36,673.96,0.0028568962376515094
1998-01-29,0.0,345.25,17.88,2.17,655.06,0.0028568962376515094
1998-01-30,0.0,319.5,15.64,2.12,668.67,0.0034282754851818116
1998-01-31,0.0,341.31,15.28,0.59,599.44,0.0034282754851818116
1998-02-01,0.0,341.55,15.65,1.0,613.66,0.0034282754851818116
1998-02-02,0.0,331.73,15.88,1.86,649.12,0.0034282754851818116
1998-02-03,0.0,315.18,17.06,4.02,768.45,0.004571033980242415
1998-02-04,28.58,208.38,13.74,2.61,739.0,0.3771103033699993
1998-02-05,15.94,209.31,11.1,0.49,637.44,0.6456585497092412
1998-02-06,0.0,326.62,13.83,0.81,651.26,0.29140341624045396
1998-02-07,1.86,245.61,12.99,3.55,793.02,0.2399792839627268
1998-02-08,21.83,135.69,10.73,4.4,841.78,1.0284826455545435
1998-02-09,19.19,126.45,8.92,3.32,782.45,4.262489186576052
1998-02-10,10.57,245.16,11.98,-0.31,601.49,2.2455204427940867
1998-02-11,0.0,330.27,12.93,0.66,643.73,0.9656309283262102
1998-02-12,0.0,362.04,14.54,0.33,629.02,0.5770930400056049
1998-02-13,0.0,328.69,13.46,1.39,676.3,0.41710685069712045
1998-02-14,0.0,319.11,12.02,0.73,646.4,0.3313999635675751
1998-02-15,24.16,160.68,9.24,2.21,721.95,1.788417044769845
1998-02-16,0.0,324.46,10.22,-0.77,584.69,1.194182627338331
1998-02-17,7.65,232.96,8.77,-0.06,613.36,0.7370792293140894
1998-02-18,10.53,201.9,9.02,0.63,644.05,0.9427757584249982
1998-02-19,0.0,365.95,11.76,-0.81,581.42,0.7713619841659075
1998-02-20,9.72,173.25,8.62,1.55,686.43,0.7085102669375744
1998-02-21,2.56,283.93,9.6,-0.1,611.41,0.7027964744622714
1998-02-22,0.0,343.75,12.12,1.33,676.93,0.5656654550549989
1998-02-23,0.0,396.62,16.53,2.92,756.51,0.49138615287605963
1998-02-24,18.82,294.91,15.34,2.27,728.28,0.9770585132768163
1998-02-25,14.42,285.02,10.61,-1.29,561.83,2.7197652182442376
1998-02-26,0.15,428.86,10.78,-3.61,474.91,1.3655964015974216
1998-02-27,0.04,424.35,11.02,-2.59,511.54,0.9999136831780284
1998-02-28,0.0,443.32,11.59,-3.17,490.54,0.7656481916906046
1998-03-01,0.0,460.5,14.6,-1.69,542.71,0.6228033798080291
1998-03-02,0.0,464.41,17.93,0.91,651.44,0.5256689077278778
1998-03-03,0.0,460.57,18.48,1.85,699.16,0.45138960554893853
1998-03-04,0.0,443.52,18.12,3.04,763.42,0.40567926574651436
1998-03-05,0.0,422.1,17.92,4.26,833.07,0.3656827184193932
1998-03-06,1.72,343.75,15.24,4.5,856.13,0.34282754851818115
1998-03-07,5.05,290.51,11.33,0.09,623.7,0.3771103033699993
1998-03-08,0.0,468.7,13.51,-2.12,528.82,0.30283100119106
1998-03-09,0.0,480.64,17.03,-0.05,611.27,0.2628344538639389
1998-03-10,0.0,472.47,20.03,3.0,761.77,0.22855169901212077
1998-03-11,0.0,459.11,21.91,5.35,894.52,0.19426894416030266
1998-03-12,0.0,449.92,22.03,6.13,950.53,0.16569998178378756
1998-03-13,0.0,413.97,19.69,6.14,949.09,0.14284481188257547
1998-03-14,4.34,254.42,16.28,6.41,973.53,0.13713101940727246
1998-03-15,7.52,174.69,10.99,4.79,865.66,0.16569998178378756
1998-03-16,0.03,329.16,14.32,5.16,888.43,0.1828413592096966
1998-03-17,0.89,338.8,15.75,6.08,948.73,0.17141377425909057
1998-03-18,0.96,377.37,16.81,5.2,888.3,0.1542723968331815
1998-03-19,0.0,473.78,18.44,2.72,749.44,0.14855860435787852
1998-03-20,0.0,475.82,20.08,3.88,810.86,0.13713101940727246
1998-03-21,0.0,489.49,22.28,4.67,854.53,0.1199896419813634
1998-03-22,0.0,480.39,23.91,6.52,966.05,0.10284826455545434
1998-03-23,0.0,481.21,25.08,7.29,1023.24,0.09713447208015133
1998-03-24,0.0,472.96,26.11,8.64,1130.88,0.0914206796048483
1998-03-25,0.0,454.02,25.02,8.89,1151.34,0.07999309465424226
1998-03-26,19.64,357.11,21.85,4.67,860.68,0.3542551334687872
1998-03-27,13.06,170.05,11.4,5.13,886.74,1.2456067596160583
1998-03-28,7.58,222.79,11.32,4.38,857.91,1.736992912492118
1998-03-29,15.35,252.01,9.21,-0.08,615.51,5.94234417431514
1998-03-30,14.27,295.14,9.97,-1.08,569.29,2.9254617473551456
1998-03-31,0.0,462.22,12.99,-0.85,579.72,2.136958385763329
1998-04-01,7.43,330.05,12.51,-0.26,604.8,1.9769721964548448
1998-04-02,5.47,332.97,10.6,-0.23,604.98,1.8684101394240873
1998-04-03,0.0,499.39,16.86,1.17,668.29,1.485586043578785
1998-04-04,0.0,496.57,17.48,2.0,708.68,1.2627481370419673
1998-04-05,0.0,502.26,17.31,1.5,685.0,1.0399102305051495
1998-04-06,0.0,408.8,15.2,3.73,803.07,0.8227861164436348
1998-04-07,0.97,363.48,13.45,3.17,778.68,0.6742275120857563
1998-04-08,0.0,499.22,16.28,1.19,672.72,0.5770930400056049
1998-04-09,0.0,531.2,20.25,2.77,748.12,0.4685309829748475
1998-04-10,0.0,541.95,23.92,4.92,868.93,0.40567926574651436
1998-04-11,0.0,521.83,23.67,6.23,958.69,0.34282754851818115
1998-04-12,17.1,350.14,19.46,5.53,919.34,0.3599689259440902
1998-04-13,0.0,495.67,16.65,1.81,701.23,0.45138960554893853
1998-04-14,0.0,443.58,15.49,2.9,759.26,0.3828240958453023
1998-04-15,0.0,398.68,12.37,1.57,693.88,0.33711375604287813
1998-04-16,0.0,486.53,13.8,-0.51,593.58,0.314258586141666
1998-04-17,0.0,516.76,16.94,0.69,645.41,0.28568962376515095
1998-04-18,0.0,530.48,20.76,3.15,770.62,0.24569307643802982
1998-04-19,0.0,523.61,23.57,5.98,939.18,0.22283790653681776
1998-04-20,0.0,534.52,26.01,7.21,1018.42,0.18855515168499964
1998-04-21,0.0,516.07,27.6,9.71,1217.01,0.16569998178378756
1998-04-22,0.0,501.1,28.75,11.61,1372.71,0.14855860435787852
1998-04-23,0.0,519.48,29.12,10.67,1293.17,0.13713101940727246
1998-04-24,0.0,505.07,26.52,9.54,1203.04,0.12570343445666643
1998-04-25,0.0,502.92,21.56,5.65,923.26,0.12570343445666643
1998-04-26,0.0,468.01,19.05,4.95,879.42,0.1199896419813634
1998-04-27,0.0,474.06,21.29,6.61,983.35,0.11427584950606039
1998-04-28,0.0,469.6,23.26,8.36,1109.4,0.10856205703075737
1998-04-29,0.0,473.77,24.68,9.27,1181.57,0.10284826455545434
1998-04-30,0.0,502.49,26.82,9.6,1207.96,0.09713447208015133
1998-05-01,0.0,496.96,27.05,9.95,1236.24,0.08570688712954529
1998-05-02,0.0,514.73,27.28,8.96,1156.25,0.08570688712954529
1998-05-03,0.0,527.85,26.63,7.55,1041.88,0.08570688712954529
1998-05-04,0.0,478.96,24.8,8.75,1139.64,0.07999309465424226
1998-05-05,0.0,456.74,23.42,8.71,1137.89,0.06856550970363623
1998-05-06,0.0,416.72,22.52,9.6,1213.95,0.06285171722833321
1998-05-07,0.0,491.12,23.65,7.2,1022.18,0.06285171722833321
1998-05-08,0.0,424.78,21.64,8.35,1114.79,0.05713792475303019
1998-05-09,0.0,491.65,23.77,7.39,1040.65,0.054281028515378686
1998-05-10,0.0,474.57,24.7,9.15,1148.86,0.05199551152525748
1998-05-11,0.0,514.59,24.93,7.34,973.95,0.04913861528760596
1998-05-12,0.0,472.07,23.69,8.43,1066.42,0.04571033980242415
1998-05-13,0.47,407.79,20.73,7.96,1060.27,0.047995856792545366
1998-05-14,4.18,309.39,17.29,5.08,887.91,0.054852407762908985
1998-05-15,0.0,519.77,22.82,5.11,845.12,0.05085275303019687
1998-05-16,0.0,520.46,26.46,8.18,1013.4,0.046853098297484755
1998-05-17,0.0,531.1,29.1,9.71,1047.9,0.03885378883206053
1998-05-18,0.0,528.61,30.99,11.33,1157.16,0.030283100119106
1998-05-19,0.0,482.08,31.15,14.14,1405.4,0.027426203881454492
1998-05-20,0.0,427.58,29.26,15.1,1528.35,0.026854824633924194
1998-05-21,0.0,477.26,25.56,9.98,1077.18,0.026283445386393888
1998-05-22,0.0,523.93,25.54,7.62,852.51,0.021141032158621172
1998-05-23,0.0,527.05,26.45,8.27,870.48,0.01828413592096966
1998-05-24,0.0,518.6,27.95,10.04,978.35,0.015427239683318153
1998-05-25,0.0,512.06,28.9,11.15,1050.53,0.012570343445666644
1998-05-26,0.0,481.92,27.32,11.41,1029.39,0.010856205703075735
1998-05-27,0.0,504.48,28.07,11.08,903.61,0.008570688712954529
1998-05-28,0.0,520.0,29.98,11.83,917.07,0.007999309465424227
1998-05-29,0.0,521.12,30.39,12.02,921.19,0.006856550970363623
1998-05-30,0.0,505.56,30.04,12.61,976.67,0.005028137378266657
1998-05-31,0.0,514.2,31.01,12.96,983.17,0.003713965108946962
1998-06-01,0.0,537.33,32.23,12.52,922.2,0.0038853788832060535
1998-06-02,0.0,536.43,33.18,13.32,963.84,0.004799585679254537
1998-06-03,0.0,528.17,29.53,10.76,836.2,0.0031997237861696908
1998-06-04,0.0,504.56,25.48,8.45,765.35,0.003771103033699993
1998-06-05,0.0,524.02,27.84,9.32,778.86,0.003942516807959083
1998-06-06,0.0,546.44,31.53,11.01,792.17,0.0029140341624045397
1998-06-07,0.0,496.81,27.83,10.44,837.5,0.0009142067960484831
1998-06-08,0.0,517.82,26.45,8.26,712.28,0.0010284826455545435
1998-06-09,0.0,500.4,27.41,9.97,813.09,0.0009142067960484831
1998-06-10,0.0,492.36,27.38,10.32,841.38,0.0006856550970363622
1998-06-11,0.0,464.44,27.61,11.92,968.17,0.0009713447208015134
1998-06-12,0.0,496.76,29.35,11.84,906.77,0.0010284826455545435
1998-06-13,0.0,479.05,28.04,11.46,888.6,0.00039996547327121135
1998-06-14,0.0,529.75,29.42,10.05,708.81,0.00028568962376515096
1998-06-15,0.0,521.33,32.09,12.88,846.73,0.00028568962376515096
1998-06-16,0.0,496.79,32.17,14.32,957.05,0.00017141377425909055
1998-06-17,0.0,450.75,29.93,14.64,1062.87,5.713792475303019e-05
1998-06-18,0.0,529.8,31.94,12.3,798.29,5.713792475303019e-05
1998-06-19,0.0,538.57,34.03,13.39,831.73,5.713792475303019e-05
1998-06-20,0.0,515.96,34.4,14.94,951.77,0.00011427584950606039
1998-06-21,0.0,513.39,33.84,14.61,937.86,5.713792475303019e-05
1998-06-22,0.0,512.74,32.98,13.9,900.55,5.713792475303019e-05
1998-06-23,0.0,497.09,33.83,15.45,1016.88,0.00011427584950606039
1998-06-24,0.0,484.8,34.02,16.26,1090.84,5.713792475303019e-05
1998-06-25,0.0,552.14,34.98,13.31,699.75,0.0
1998-06-26,0.0,538.09,35.4,14.73,719.34,5.713792475303019e-05
1998-06-27,0.0,538.45,36.72,15.98,723.87,5.713792475303019e-05
1998-06-28,0.0,548.48,38.78,17.11,743.82,0.00011427584950606039
1998-06-29,0.0,548.97,39.34,17.46,758.14,0.00011427584950606039
1998-06-30,0.0,532.5,38.05,17.44,757.98,0.00011427584950606039
1998-07-01,0.0,524.46,37.73,17.76,772.19,5.713792475303019e-05
1998-07-02,0.0,492.61,37.32,19.31,858.06,5.713792475303019e-05
1998-07-03,0.0,482.83,37.2,19.8,886.24,0.00011427584950606039
1998-07-04,0.0,479.49,36.52,19.37,863.43,0.00017141377425909055
1998-07-05,0.0,371.81,33.11,20.94,960.85,0.00022855169901212077
1998-07-06,0.07,380.77,31.63,19.42,868.0,0.0003428275485181811
1998-07-07,8.46,317.85,31.82,19.01,844.46,0.022855169901212075
1998-07-08,7.61,318.0,32.32,18.37,825.91,0.027426203881454492
1998-07-09,0.93,430.89,34.19,19.36,872.14,0.00028568962376515096
1998-07-10,0.0,471.51,37.51,21.16,967.41,0.00028568962376515096
1998-07-11,0.0,479.21,39.19,22.18,1033.72,0.00028568962376515096
1998-07-12,0.0,475.88,38.78,21.98,1018.39,0.00022855169901212077
1998-07-13,0.0,470.98,38.1,21.59,991.81,5.713792475303019e-05
1998-07-14,0.0,483.94,38.23,21.19,968.3,0.0
1998-07-15,0.0,520.88,40.92,21.35,975.55,0.0
1998-07-16,0.0,498.59,40.53,22.26,1038.06,0.0
1998-07-17,0.0,484.5,38.98,21.7,1006.81,0.0
1998-07-18,0.0,492.36,37.88,20.36,919.92,0.0
1998-07-19,1.14,445.37,36.49,20.25,915.8,0.0
1998-07-20,6.53,393.73,34.13,18.73,829.09,0.0
1998-07-21,0.0,384.81,31.88,19.91,897.34,0.0
1998-07-22,0.0,343.87,30.26,19.95,905.38,0.0
1998-07-23,0.0,330.0,28.63,18.94,867.88,0.00011427584950606039
1998-07-24,0.0,396.82,31.25,19.29,859.91,0.0003428275485181811
1998-07-25,0.0,462.14,33.97,19.33,861.93,0.00028568962376515096
1998-07-26,0.0,506.16,37.0,19.94,894.56,0.0003428275485181811
1998-07-27,0.0,513.82,38.11,20.54,932.52,0.00017141377425909055
1998-07-28,0.0,501.89,37.6,20.85,949.99,5.713792475303019e-05
1998-07-29,0.0,461.29,35.62,21.25,982.61,5.713792475303019e-05
1998-07-30,2.98,428.49,34.97,20.64,950.24,0.00011427584950606039
1998-07-31,0.0,425.44,34.15,21.57,1008.84,0.00039996547327121135
1998-08-01,0.0,445.74,33.96,20.75,947.1,0.00028568962376515096
1998-08-02,0.0,503.84,36.24,20.22,911.76,0.00045710339802424154
1998-08-03,0.0,526.94,38.29,20.61,933.02,0.0003428275485181811
1998-08-04,0.0,522.44,38.71,21.01,955.39,0.00028568962376515096
1998-08-05,0.0,479.83,36.96,21.7,1007.52,0.0003428275485181811
1998-08-06,0.0,471.99,35.15,20.41,928.69,0.0003428275485181811
1998-08-07,0.52,486.88,36.33,19.5,890.75,0.0003428275485181811
1998-08-08,0.0,506.02,36.14,19.43,868.1,0.00028568962376515096
1998-08-09,0.0,420.68,34.46,21.75,1033.54,0.00022855169901212077
1998-08-10,0.0,441.98,34.25,20.86,967.29,0.00022855169901212077
1998-08-11,0.41,467.79,35.27,20.44,941.74,0.00028568962376515096
1998-08-12,0.0,481.71,34.81,19.64,889.69,0.0003428275485181811
1998-08-13,0.55,482.68,34.58,18.89,856.62,0.0003428275485181811
1998-08-14,0.0,490.32,34.03,18.6,829.27,0.00039996547327121135
1998-08-15,0.0,490.25,34.39,18.99,849.01,0.0003428275485181811
1998-08-16,8.02,427.64,34.1,18.39,858.0,0.0003428275485181811
1998-08-17,0.0,454.55,33.01,19.29,915.34,0.0003428275485181811
1998-08-18,9.6,375.25,32.56,17.96,878.97,0.00039996547327121135
1998-08-19,0.0,464.72,33.34,19.16,913.31,0.00039996547327121135
1998-08-20,0.0,484.19,35.18,19.78,925.48,0.00039996547327121135
1998-08-21,8.84,329.24,34.8,20.91,1247.84,0.00039996547327121135
1998-08-22,0.04,459.27,36.27,21.32,1117.89,0.0003428275485181811
1998-08-23,0.0,447.98,36.69,22.12,1197.02,0.0003428275485181811
1998-08-24,4.17,380.88,35.66,20.38,1248.89,0.0003428275485181811
1998-08-25,10.55,301.83,32.36,19.68,1361.82,0.00039996547327121135
1998-08-26,0.0,431.53,33.9,20.21,1236.76,0.00039996547327121135
1998-08-27,0.0,460.75,36.5,21.15,1255.41,0.0003428275485181811
1998-08-28,0.0,475.44,38.98,22.36,1322.89,0.0003428275485181811
1998-08-29,1.78,424.82,37.49,21.03,1316.62,0.00039996547327121135
1998-08-30,0.0,455.39,36.59,21.05,1280.18,0.00045710339802424154
1998-08-31,0.0,426.39,35.92,21.66,1394.81,0.0008570688712954529
1998-09-01,0.92,415.18,34.86,20.24,1308.79,0.001485586043578785
1998-09-02,0.0,429.01,34.36,20.21,1288.07,0.00045710339802424154
1998-09-03,7.6,279.07,32.5,21.14,1789.94,0.0007999309465424227
1998-09-04,11.38,242.81,28.47,18.37,1683.41,0.0035425513346878717
1998-09-05,12.0,235.62,27.62,17.91,1869.1,0.005713792475303019
1998-09-06,18.58,267.29,29.71,18.32,1898.95,0.005713792475303019
1998-09-07,3.53,337.81,33.17,18.77,1915.49,0.002685482463392419
1998-09-08,2.15,366.07,34.14,20.08,2033.65,0.00045710339802424154
1998-09-09,0.0,413.54,32.81,18.7,1762.51,0.00039996547327121135
1998-09-10,0.0,425.16,32.72,18.05,1676.09,0.0005713792475303019
1998-09-11,0.0,372.01,30.67,18.46,1830.22,0.0009713447208015134
1998-09-12,0.0,390.88,31.75,18.65,1843.59,0.0007427930217893925
1998-09-13,0.0,421.77,33.63,18.83,1768.1,0.0007999309465424227
1998-09-14,0.0,429.33,33.98,18.66,1735.77,0.00045710339802424154
1998-09-15,0.0,440.55,35.2,18.88,1728.2,0.0007999309465424227
1998-09-16,0.0,398.08,34.41,20.2,1973.93,0.00039996547327121135
1998-09-17,0.0,428.18,34.01,18.37,1716.1,0.0006285171722833321
1998-09-18,0.0,431.1,34.66,18.55,1723.82,0.0003428275485181811
1998-09-19,0.0,433.17,34.1,17.83,1647.51,0.00039996547327121135
1998-09-20,0.0,416.54,32.39,17.14,1615.54,0.00039996547327121135
1998-09-21,0.0,450.84,30.43,13.53,1252.99,0.00022855169901212077
1998-09-22,0.0,430.24,30.07,14.3,1352.35,0.00011427584950606039
1998-09-23,0.0,402.04,29.61,15.31,1502.48,0.00028568962376515096
1998-09-24,0.0,427.17,29.79,13.93,1332.44,0.0003428275485181811
1998-09-25,0.0,412.23,28.22,13.19,1294.75,0.00022855169901212077
1998-09-26,0.0,409.41,27.68,12.86,1285.6,0.00011427584950606039
1998-09-27,0.0,428.15,29.63,13.36,1293.87,0.00017141377425909055
1998-09-28,0.0,415.75,31.29,15.25,1467.41,0.00022855169901212077
1998-09-29,0.0,420.64,30.85,14.43,1387.03,0.00017141377425909055
1998-09-30,0.0,438.48,29.17,11.71,1152.31,0.00017141377425909055
1998-10-01,0.0,412.34,26.71,11.12,1156.22,0.0003428275485181811
1998-10-02,0.0,413.77,27.09,11.2,1164.16,0.00022855169901212077
1998-10-03,0.0,391.62,27.33,12.29,1266.31,0.00022855169901212077
1998-10-04,0.0,392.74,26.54,11.37,1202.8,0.00022855169901212077
1998-10-05,0.0,378.05,23.7,9.45,1091.28,0.00017141377425909055
1998-10-06,0.0,418.72,26.34,9.13,995.73,0.00028568962376515096
1998-10-07,0.0,424.89,28.77,10.53,1035.42,0.00028568962376515096
1998-10-08,0.0,396.53,30.27,13.34,1276.06,0.0003428275485181811
1998-10-09,0.0,410.78,30.18,12.03,1151.69,0.0003428275485181811
1998-10-10,0.0,419.95,28.88,9.93,999.69,0.00028568962376515096
1998-10-11,0.0,426.18,29.55,9.63,974.09,0.00022855169901212077
1998-10-12,0.0,407.0,31.4,12.22,1175.62,0.00022855169901212077
1998-10-13,0.0,380.27,31.77,14.12,1368.76,0.00028568962376515096
1998-10-14,0.0,402.58,29.71,10.45,1058.77,0.00017141377425909055
1998-10-15,0.0,387.41,26.27,8.56,964.54,0.00022855169901212077
1998-10-16,0.0,330.56,20.19,6.51,918.01,0.00028568962376515096
1998-10-17,0.0,377.77,20.55,3.92,745.15,0.00028568962376515096
1998-10-18,0.0,391.28,24.84,6.5,852.84,5.713792475303019e-05
1998-10-19,0.0,379.28,26.99,8.93,982.87,0.0
1998-10-20,0.0,359.78,26.56,9.64,1054.61,0.0
1998-10-21,0.0,260.82,23.17,11.9,1342.7,0.0
1998-10-22,0.0,176.09,20.87,13.63,1568.95,5.713792475303019e-05
1998-10-23,0.0,244.07,23.12,12.85,1486.18,0.00017141377425909055
1998-10-24,0.0,284.8,23.75,11.47,1319.51,0.00022855169901212077
1998-10-25,7.37,205.78,22.08,12.22,1411.53,0.0003428275485181811
1998-10-26,23.96,181.23,19.07,9.07,1170.57,0.00028568962376515096
1998-10-27,0.0,289.43,18.54,6.43,972.41,0.00028568962376515096
1998-10-28,0.0,323.72,20.17,6.01,940.53,0.00022855169901212077
1998-10-29,0.0,325.21,21.23,6.71,976.43,0.00022855169901212077
1998-10-30,5.48,207.68,19.66,7.71,1062.64,0.00022855169901212077
1998-10-31,1.85,267.1,17.49,5.26,895.84,0.00017141377425909055
1998-11-01,0.0,311.9,19.11,5.54,910.2,0.00022855169901212077
1998-11-02,0.0,317.58,19.53,5.43,904.74,0.0003428275485181811
1998-11-03,0.0,320.66,20.28,5.79,926.6,0.0003428275485181811
1998-11-04,0.0,331.1,20.29,4.91,871.63,0.0003428275485181811
1998-11-05,0.0,331.15,20.27,4.71,856.06,0.0003428275485181811
1998-11-06,0.0,326.57,19.39,4.13,822.31,0.0003428275485181811
1998-11-07,0.0,318.49,18.28,3.66,798.97,0.00039996547327121135
1998-11-08,0.0,268.97,18.26,6.5,968.52,0.00045710339802424154
1998-11-09,11.93,201.32,16.3,4.85,885.6,0.0006285171722833321
1998-11-10,0.0,331.23,14.01,-0.97,575.74,0.00045710339802424154
1998-11-11,0.0,289.11,13.96,1.66,687.71,0.00045710339802424154
1998-11-12,0.0,252.65,13.47,3.24,771.26,0.00045710339802424154
1998-11-13,0.0,307.37,17.94,4.37,838.67,0.0008570688712954529
1998-11-14,0.0,337.08,22.35,5.73,922.91,0.0013713101940727244
1998-11-15,0.0,338.04,23.59,6.28,948.71,0.0013713101940727244
1998-11-16,0.0,339.8,23.98,6.08,937.89,0.0013713101940727244
1998-11-17,0.0,322.37,22.18,6.09,934.37,0.0013713101940727244
1998-11-18,0.0,326.15,20.52,4.22,823.05,0.0013713101940727244
1998-11-19,0.0,322.33,18.54,2.68,739.92,0.0012570343445666642
1998-11-20,0.0,302.0,18.61,4.39,838.84,0.00045710339802424154
1998-11-21,0.0,329.18,20.94,3.56,783.63,0.00045710339802424154
1998-11-22,0.0,317.96,21.38,4.66,847.38,0.00045710339802424154
1998-11-23,0.0,320.33,22.18,4.76,850.05,0.00045710339802424154
1998-11-24,0.0,309.63,22.09,5.32,874.95,0.00045710339802424154
1998-11-25,0.0,317.43,22.83,4.82,837.63,0.00045710339802424154
1998-11-26,0.0,297.05,23.07,6.69,959.52,0.00045710339802424154
1998-11-27,0.0,298.9,22.83,6.1,927.65,0.00045710339802424154
1998-11-28,0.0,253.85,19.68,6.45,957.7,0.00039996547327121135
1998-11-29,17.11,130.56,12.72,4.51,850.26,0.00039996547327121135
1998-11-30,0.0,262.8,16.4,3.11,768.72,0.00039996547327121135
1998-12-01,0.0,265.18,18.65,4.89,865.01,0.0003428275485181811
1998-12-02,0.0,234.71,16.81,5.02,878.12,0.00039996547327121135
1998-12-03,7.53,150.84,13.34,3.84,808.92,0.0003428275485181811
1998-12-04,0.0,225.81,14.12,3.32,779.21,0.00028568962376515096
1998-12-05,2.7,193.35,12.41,1.76,707.52,0.00028568962376515096
1998-12-06,5.27,166.78,7.19,-2.82,504.05,0.00022855169901212077
1998-12-07,6.55,189.61,6.09,-5.12,423.31,0.00017141377425909055
1998-12-08,0.0,277.16,8.95,-3.77,466.81,0.00017141377425909055
1998-12-09,0.0,258.12,8.85,-2.97,493.71,0.00011427584950606039
1998-12-10,0.0,239.97,10.03,-0.64,586.65,0.00011427584950606039
1998-12-11,0.0,297.53,13.18,-1.46,552.1,0.00011427584950606039
1998-12-12,0.0,283.66,14.76,0.44,624.18,0.00017141377425909055
1998-12-13,0.0,283.12,17.4,2.51,724.2,0.00017141377425909055
1998-12-14,0.0,259.02,17.49,4.34,829.77,0.00017141377425909055
1998-12-15,0.0,232.38,17.8,6.32,962.3,0.00011427584950606039
1998-12-16,0.0,266.46,19.3,5.45,890.65,5.713792475303019e-05
1998-12-17,0.0,255.75,20.27,7.19,1009.91,0.0
1998-12-18,0.0,269.6,17.35,3.43,768.24,0.0
1998-12-19,0.0,260.06,16.47,3.46,775.92,0.0
1998-12-20,0.0,214.8,14.25,4.05,815.97,0.0
1998-12-21,0.0,231.42,11.18,0.73,654.22,0.0
1998-12-22,0.0,272.13,11.09,-1.82,537.15,0.0
1998-12-23,0.0,296.18,10.03,-4.71,430.72,5.713792475303019e-05
1998-12-24,0.0,311.18,11.84,-4.44,438.85,5.713792475303019e-05
1998-12-25,0.0,307.67,14.15,-1.91,520.23,5.713792475303019e-05
1998-12-26,0.0,291.48,15.05,0.54,628.56,5.713792475303019e-05
1998-12-27,0.0,296.0,16.18,1.25,653.04,5.713792475303019e-05
1998-12-28,0.0,310.55,17.87,1.15,638.04,5.713792475303019e-05
1998-12-29,0.0,307.03,19.57,2.76,717.08,5.713792475303019e-05
1998-12-30,0.0,304.9,20.33,3.61,764.67,0.0
1998-12-31,0.0,292.66,19.24,3.68,765.12,0.0
1999-01-01,0.0,282.42,17.07,2.31,257.81,0.0
1999-01-02,0.0,290.17,16.12,0.83,231.74,0.0
1999-01-03,0.0,281.91,14.79,0.19,230.28,0.0
1999-01-04,0.0,300.97,15.63,-0.41,209.49,0.0
1999-01-05,0.0,313.34,17.5,0.27,221.3,0.0
1999-01-06,0.0,314.67,18.36,1.09,240.0,5.713792475303019e-05
1999-01-07,0.0,307.69,18.09,1.52,240.69,5.713792475303019e-05
1999-01-08,0.0,301.89,16.14,0.33,224.78,5.713792475303019e-05
1999-01-09,0.0,315.74,17.16,0.22,218.07,5.713792475303019e-05
1999-01-10,0.0,309.97,18.42,2.11,245.69,5.713792475303019e-05
1999-01-11,0.0,310.73,19.55,3.19,270.06,5.713792475303019e-05
1999-01-12,0.0,294.59,17.14,2.19,256.39,5.713792475303019e-05
1999-01-13,0.0,313.1,16.82,0.64,223.82,5.713792475303019e-05
1999-01-14,0.0,318.58,18.56,1.99,247.04,5.713792475303019e-05
1999-01-15,0.0,335.69,19.99,1.66,240.82,5.713792475303019e-05
1999-01-16,0.0,303.23,17.43,2.41,252.82,5.713792475303019e-05
1999-01-17,0.0,303.22,17.39,2.5,254.77,5.713792475303019e-05
1999-01-18,0.0,309.7,18.71,3.46,278.98,5.713792475303019e-05
1999-01-19,0.0,302.65,19.03,4.42,304.71,0.00011427584950606039
1999-01-20,0.0,272.94,17.24,4.6,317.95,0.00017141377425909055
1999-01-21,0.0,240.01,15.06,4.51,347.1,0.00017141377425909055
1999-01-22,0.0,317.39,14.6,-0.52,207.41,0.00017141377425909055
1999-01-23,0.0,335.62,17.46,0.87,234.43,0.00017141377425909055
1999-01-24,0.0,304.85,18.77,4.65,309.31,0.00017141377425909055
1999-01-25,0.0,262.73,17.81,6.38,349.93,0.00017141377425909055
1999-01-26,3.58,194.86,13.68,2.32,386.73,0.00011427584950606039
1999-01-27,0.0,277.96,10.28,-1.59,210.74,5.713792475303019e-05
1999-01-28,0.0,272.63,10.66,-0.82,226.84,5.713792475303019e-05
1999-01-29,0.0,322.94,12.93,-1.49,194.38,5.713792475303019e-05
1999-01-30,0.0,346.41,14.77,-1.34,195.18,5.713792475303019e-05
1999-01-31,0.0,335.21,16.52,1.36,239.98,5.713792475303019e-05
1999-02-01,0.0,352.27,16.29,-0.17,214.03,5.713792475303019e-05
1999-02-02,0.0,361.67,17.35,0.29,217.01,0.00011427584950606039
1999-02-03,0.0,372.11,19.05,1.09,240.0,0.00017141377425909055
1999-02-04,0.0,324.76,16.54,2.44,254.21,0.00017141377425909055
1999-02-05,11.97,170.79,12.74,3.8,476.42,0.00017141377425909055
1999-02-06,4.16,197.36,12.75,2.56,388.39,0.00017141377425909055
1999-02-07,0.0,340.28,15.46,1.54,242.39,0.00017141377425909055
1999-02-08,0.0,357.1,18.15,3.22,272.68,0.00017141377425909055
1999-02-09,0.0,373.3,19.61,3.56,279.74,0.00017141377425909055
1999-02-10,0.0,366.22,17.33,2.19,258.06,0.00017141377425909055
1999-02-11,0.0,332.54,8.74,-3.86,164.86,0.00017141377425909055
1999-02-12,0.0,397.76,17.15,-0.3,211.95,0.00017141377425909055
1999-02-13,0.0,389.05,19.7,3.34,275.4,0.00017141377425909055
1999-02-14,0.0,395.74,20.49,3.75,287.37,0.00017141377425909055
1999-02-15,0.0,400.28,18.91,1.99,250.45,0.00017141377425909055
1999-02-16,0.0,369.39,17.66,3.26,272.69,0.00017141377425909055
1999-02-17,0.0,388.73,18.9,3.44,277.04,0.00017141377425909055
1999-02-18,0.0,395.97,19.98,4.04,293.73,0.00017141377425909055
1999-02-19,0.0,389.05,20.08,4.68,305.52,0.00017141377425909055
1999-02-20,0.0,397.17,20.49,4.62,305.11,0.00017141377425909055
1999-02-21,0.0,403.8,21.5,5.17,319.69,0.00017141377425909055
1999-02-22,0.0,406.25,19.79,3.59,284.03,0.00017141377425909055
1999-02-23,0.0,436.2,20.92,2.33,253.57,0.00017141377425909055
1999-02-24,0.0,428.04,21.97,4.06,293.63,0.00017141377425909055
1999-02-25,0.0,396.5,21.07,5.47,327.73,0.00017141377425909055
1999-02-26,0.0,405.33,19.93,3.87,287.79,0.00017141377425909055
1999-02-27,0.0,427.84,21.29,3.7,283.91,0.00017141377425909055
1999-02-28,0.0,439.82,23.4,4.77,311.25,0.00017141377425909055
1999-03-01,0.0,431.88,24.05,6.1,334.9,0.00017141377425909055
1999-03-02,0.0,438.05,24.61,6.33,342.84,0.00017141377425909055
1999-03-03,0.0,434.09,24.12,6.26,340.6,0.00017141377425909055
1999-03-04,0.0,405.45,21.94,6.31,345.1,0.00017141377425909055
1999-03-05,0.0,428.69,19.67,3.04,271.17,0.00017141377425909055
1999-03-06,0.0,432.45,21.17,4.31,297.2,0.00017141377425909055
1999-03-07,2.79,357.74,19.22,3.24,277.42,0.00017141377425909055
1999-03-08,1.09,357.83,14.81,0.82,238.15,0.00017141377425909055
1999-03-09,0.0,392.2,17.13,2.95,271.39,0.00017141377425909055
1999-03-10,0.0,425.0,18.78,2.82,267.01,0.00017141377425909055
1999-03-11,0.0,394.29,17.43,3.32,281.33,0.00017141377425909055
1999-03-12,0.0,426.7,16.02,0.36,224.08,0.00017141377425909055
1999-03-13,0.0,441.77,19.05,2.38,259.22,0.00017141377425909055
1999-03-14,0.0,456.29,22.57,4.92,313.14,0.00017141377425909055
1999-03-15,0.0,454.06,22.89,5.44,328.05,0.00017141377425909055
1999-03-16,0.0,463.52,21.14,3.3,278.74,0.00017141377425909055
1999-03-17,5.51,220.54,12.05,2.74,366.34,0.00017141377425909055
1999-03-18,0.0,394.97,15.14,1.84,251.54,0.00017141377425909055
1999-03-19,0.0,452.14,20.88,4.52,303.96,0.00017141377425909055
1999-03-20,0.0,448.01,23.63,7.49,374.04,0.00022855169901212077
1999-03-21,0.0,487.37,24.73,5.85,333.9,0.00022855169901212077
1999-03-22,0.0,482.51,23.8,5.5,326.52,0.00028568962376515096
1999-03-23,0.0,458.95,21.82,5.19,321.02,0.0003428275485181811
1999-03-24,0.0,482.45,22.6,4.65,307.94,0.0003428275485181811
1999-03-25,0.0,462.68,23.11,6.46,344.46,0.00039996547327121135
1999-03-26,0.0,424.75,22.47,8.11,396.82,0.00045710339802424154
1999-03-27,0.0,480.43,20.6,3.41,279.05,0.0013141722693196945
1999-03-28,0.0,490.19,22.3,4.47,302.03,0.0016569998178378755
1999-03-29,0.0,496.95,24.43,6.09,335.21,0.002628344538639389
1999-03-30,0.0,488.18,24.99,7.17,367.36,0.0034282754851818116
1999-03-31,0.0,473.63,22.55,6.04,339.77,0.004171068506971204
1999-04-01,15.78,341.97,17.3,1.86,274.94,0.005656654550549989
1999-04-02,33.78,177.61,6.3,-0.56,534.73,0.006285171722833322
1999-04-03,18.32,248.76,9.5,-0.39,569.69,0.007999309465424227
1999-04-04,14.81,258.05,9.12,-1.03,561.72,0.00914206796048483
1999-04-05,13.81,307.19,12.1,-0.43,583.01,0.010284826455545435
1999-04-06,0.0,479.38,17.62,1.8,584.7,0.008570688712954529
1999-04-07,0.0,474.0,17.76,2.27,604.67,0.013141722693196944
1999-04-08,0.0,498.33,17.13,0.29,520.55,0.0914206796048483
1999-04-09,0.0,442.97,15.09,1.31,590.23,0.14284481188257547
1999-04-10,0.0,519.77,17.25,-0.75,469.53,0.1199896419813634
1999-04-11,0.0,512.17,20.19,2.46,573.78,0.10856205703075737
1999-04-12,0.0,507.09,22.07,4.56,653.59,0.0914206796048483
1999-04-13,2.34,437.61,18.93,3.36,645.48,0.08570688712954529
1999-04-14,0.0,491.08,20.93,4.68,686.52,0.08570688712954529
1999-04-15,0.0,498.41,23.94,7.02,773.76,0.07427930217893926
1999-04-16,0.0,498.24,23.96,6.93,769.16,0.046853098297484755
1999-04-17,0.0,509.14,25.5,7.63,786.36,0.03142585861416661
1999-04-18,0.0,515.2,28.47,9.78,883.96,0.022855169901212075
1999-04-19,0.0,528.84,29.7,9.83,863.01,0.015998618930848453
1999-04-20,0.0,512.88,29.11,10.43,917.05,0.015427239683318153
1999-04-21,0.0,466.13,26.89,11.21,1029.76,0.012570343445666644
1999-04-22,0.0,433.96,24.67,10.78,1053.96,0.013141722693196944
1999-04-23,0.0,406.79,21.68,9.25,1002.62,0.011998964198136342
1999-04-24,0.0,421.28,18.54,5.92,804.98,0.010856205703075735
1999-04-25,0.0,393.47,18.59,7.06,897.52,0.012570343445666644
1999-04-26,0.0,517.15,24.14,6.83,738.62,0.012570343445666644
1999-04-27,0.0,516.57,27.21,9.65,849.82,0.009713447208015133
1999-04-28,0.0,471.4,25.84,10.88,983.38,0.00914206796048483
1999-04-29,0.0,516.87,21.06,4.4,625.33,0.007427930217893924
1999-04-30,0.0,443.53,15.62,2.77,631.85,0.007999309465424227
1999-05-01,0.0,407.61,16.34,4.85,753.8,0.010284826455545435
1999-05-02,0.0,506.11,21.2,5.12,665.79,0.006856550970363623
1999-05-03,0.0,398.73,20.38,8.59,928.17,0.007999309465424227
1999-05-04,0.0,478.21,19.91,5.15,696.32,0.006856550970363623
1999-05-05,0.0,528.13,23.96,6.18,676.88,0.006285171722833322
1999-05-06,0.0,535.23,27.2,8.6,763.4,0.0030283100119106003
1999-05-07,0.0,535.59,29.26,10.42,781.15,0.0021141032158621172
1999-05-08,0.0,529.33,29.86,11.32,806.15,0.0010856205703075735
1999-05-09,0.0,500.59,28.16,11.39,846.7,0.00039996547327121135
1999-05-10,0.0,512.53,26.23,9.17,732.64,0.0005142413227772717
1999-05-11,0.0,514.78,27.18,9.92,763.24,0.0009142067960484831
1999-05-12,0.0,529.0,29.42,11.1,792.14,0.0006856550970363622
1999-05-13,0.0,497.94,29.47,12.75,919.49,0.00039996547327121135
1999-05-14,0.0,481.06,28.64,12.87,952.34,0.0003428275485181811
1999-05-15,0.0,481.48,26.68,11.16,863.5,0.0003428275485181811
1999-05-16,0.0,507.38,26.85,10.12,775.72,0.0003428275485181811
1999-05-17,0.0,543.05,29.34,10.28,729.38,0.0003428275485181811
1999-05-18,0.0,540.41,31.3,12.08,816.64,0.0003428275485181811
1999-05-19,0.0,527.17,30.14,11.93,823.01,0.0003428275485181811
1999-05-20,0.0,533.45,29.86,11.41,791.02,0.0017141377425909058
1999-05-21,0.0,534.82,30.88,12.1,820.27,0.0034282754851818116
1999-05-22,0.0,544.31,30.41,10.94,747.98,0.0007427930217893925
1999-05-23,0.0,523.2,28.44,10.32,751.38,0.0003428275485181811
1999-05-24,0.0,506.33,28.79,11.5,831.54,0.0003428275485181811
1999-05-25,0.0,429.21,27.73,13.87,1093.44,0.0003428275485181811
1999-05-26,0.0,469.87,29.97,14.31,1047.65,0.0003428275485181811
1999-05-27,0.0,482.1,32.31,15.82,1108.05,0.00028568962376515096
1999-05-28,0.0,480.59,33.85,17.17,1196.82,0.00017141377425909055
1999-05-29,0.0,476.25,32.86,16.56,1160.81,0.00017141377425909055
1999-05-30,0.0,458.31,30.79,15.48,1130.91,0.00011427584950606039
1999-05-31,0.0,498.23,30.09,12.92,906.09,0.00011427584950606039
1999-06-01,0.0,482.24,29.54,13.19,947.88,0.00011427584950606039
1999-06-02,0.03,438.45,27.17,12.85,1004.66,0.00011427584950606039
1999-06-03,0.0,446.0,25.56,11.16,909.87,0.00011427584950606039
1999-06-04,0.0,473.33,23.82,8.47,735.1,5.713792475303019e-05
1999-06-05,0.0,489.42,23.01,6.94,663.52,5.713792475303019e-05
1999-06-06,0.0,517.87,28.74,10.78,755.52,5.713792475303019e-05
1999-06-07,0.0,540.1,31.22,11.69,754.93,5.713792475303019e-05
1999-06-08,0.0,515.03,31.07,12.85,854.36,5.713792475303019e-05
1999-06-09,0.0,505.03,30.3,12.85,861.19,0.0
1999-06-10,0.0,506.18,30.32,12.79,856.21,0.0
1999-06-11,0.0,510.88,31.05,13.19,871.06,5.713792475303019e-05
1999-06-12,0.0,539.43,32.66,12.86,801.99,5.713792475303019e-05
1999-06-13,0.0,542.66,35.23,14.67,887.49,5.713792475303019e-05
1999-06-14,0.0,470.55,34.58,17.95,1225.34,5.713792475303019e-05
1999-06-15,0.0,457.21,35.1,19.08,1340.7,5.713792475303019e-05
1999-06-16,0.0,470.22,35.22,18.75,1230.69,5.713792475303019e-05
1999-06-17,0.0,444.99,34.79,19.56,1354.78,0.00011427584950606039
1999-06-18,0.0,478.77,34.86,18.19,1169.38,0.00011427584950606039
1999-06-19,0.0,474.71,36.17,19.52,1270.79,0.00011427584950606039
1999-06-20,0.0,482.99,36.8,19.69,1261.91,0.00011427584950606039
1999-06-21,0.0,477.57,36.3,19.59,1265.78,0.00011427584950606039
1999-06-22,0.0,505.96,35.08,17.15,1053.13,0.00011427584950606039
1999-06-23,0.0,491.64,35.17,17.97,1134.31,0.00017141377425909055
1999-06-24,0.0,482.71,36.39,19.36,1246.31,0.00017141377425909055
1999-06-25,0.0,461.47,36.17,20.1,1352.93,0.00017141377425909055
1999-06-26,0.0,457.58,36.44,20.51,1396.0,0.00017141377425909055
1999-06-27,0.0,448.88,36.92,21.32,1483.03,0.00017141377425909055
1999-06-28,0.0,430.81,36.75,21.92,1591.98,0.00017141377425909055
1999-06-29,0.0,439.56,36.65,21.48,1528.82,0.00017141377425909055
1999-06-30,0.0,465.8,37.69,21.25,1428.3,0.00017141377425909055
1999-07-01,0.0,490.54,38.46,21.1,1190.74,5.713792475303019e-05
1999-07-02,0.0,439.49,36.06,21.87,1059.41,5.713792475303019e-05
1999-07-03,0.0,445.32,34.93,20.73,944.53,5.713792475303019e-05
1999-07-04,0.0,481.37,36.37,20.37,922.47,0.0
1999-07-05,0.0,467.94,36.94,21.51,993.18,0.0
1999-07-06,13.63,339.66,35.79,21.08,962.91,0.0
1999-07-07,0.17,444.46,33.77,19.71,884.36,0.0
1999-07-08,0.03,428.63,32.42,19.38,865.36,0.0
1999-07-09,0.0,416.04,32.57,20.12,908.84,0.0
1999-07-10,3.11,404.93,34.22,20.64,940.11,0.0
1999-07-11,8.76,310.66,32.57,20.19,911.01,0.0
1999-07-12,4.22,371.42,32.79,21.08,965.9,0.0
1999-07-13,0.0,458.81,34.27,20.53,934.57,0.0
1999-07-14,0.0,441.24,31.41,18.66,827.6,0.0
1999-07-15,23.45,317.72,28.86,16.91,762.43,0.054852407762908985
1999-07-16,5.68,390.16,31.25,18.79,1001.55,0.06856550970363623
1999-07-17,0.0,454.13,31.87,18.63,931.67,0.0031997237861696908
1999-07-18,0.0,401.0,30.77,19.6,1058.18,5.713792475303019e-05
1999-07-19,3.3,455.38,31.93,17.07,895.02,0.012570343445666644
1999-07-20,0.0,487.74,34.14,19.45,992.0,0.013713101940727246
1999-07-21,0.0,457.62,33.94,20.56,1093.55,0.00011427584950606039
1999-07-22,0.0,494.58,33.61,18.85,948.42,0.0
1999-07-23,15.37,348.81,33.1,19.36,1135.96,0.00028568962376515096
1999-07-24,12.69,373.17,32.65,19.06,1290.36,0.0011427584950606039
1999-07-25,0.0,413.95,32.32,20.48,1471.36,0.00022855169901212077
1999-07-26,0.0,449.89,33.43,20.31,1357.09,0.00017141377425909055
1999-07-27,0.0,431.98,32.87,20.51,1443.93,0.00011427584950606039
1999-07-28,4.72,333.07,31.17,18.57,1554.94,0.31997237861696903
1999-07-29,0.0,375.29,28.63,18.56,1509.94,0.03942516807959083
1999-07-30,0.0,444.44,29.91,17.64,1248.9,0.003771103033699993
1999-07-31,0.14,483.23,32.86,18.71,1226.0,0.0
1999-08-01,0.0,516.42,34.74,18.83,1143.04,5.713792475303019e-05
1999-08-02,0.0,473.84,34.67,20.66,1389.43,0.0
1999-08-03,0.0,458.66,34.12,20.85,1465.04,0.0
1999-08-04,0.0,473.24,33.93,20.14,1362.23,0.0
1999-08-05,0.29,424.29,31.85,19.74,1456.94,0.0
1999-08-06,10.17,386.25,32.56,17.51,1366.4,0.0
1999-08-07,0.0,488.26,32.7,18.24,1300.34,0.0
1999-08-08,0.0,505.12,33.98,18.38,1266.51,0.0
1999-08-09,0.0,501.84,34.17,18.61,1290.05,0.0
1999-08-10,0.39,442.53,32.7,19.31,1486.27,0.0
1999-08-11,7.89,363.7,31.25,16.21,1419.95,0.0
1999-08-12,0.0,510.18,32.83,16.63,1218.42,0.0
1999-08-13,0.0,530.39,34.76,16.76,1179.4,0.0
1999-08-14,1.15,394.9,33.02,20.26,1815.22,0.0
1999-08-15,0.0,449.76,32.65,18.89,1562.49,0.0
1999-08-16,0.0,458.36,34.09,19.65,1613.11,0.0
1999-08-17,0.0,473.23,35.88,20.26,1627.51,0.0
1999-08-18,0.0,461.15,36.3,21.1,1741.49,0.0
1999-08-19,2.76,355.08,35.64,21.09,2068.93,0.0
1999-08-20,6.93,333.7,34.41,19.53,1950.92,0.0
1999-08-21,0.0,451.85,35.39,20.44,1806.71,0.0
1999-08-22,0.0,474.36,37.37,20.77,1773.39,0.0
1999-08-23,0.0,464.19,36.84,20.73,1802.39,0.0
1999-08-24,0.0,405.84,36.17,22.59,2188.57,0.0
1999-08-25,0.0,435.47,35.95,21.15,1939.97,0.0
1999-08-26,0.0,429.91,35.35,20.79,1911.99,0.0
1999-08-27,0.0,408.08,34.41,20.82,1977.98,0.41710685069712045
1999-08-28,14.01,310.39,32.64,18.55,1949.24,0.04742447754501506
1999-08-29,0.49,386.84,32.83,19.82,2020.01,0.0006856550970363622
1999-08-30,0.0,382.94,32.46,19.82,2039.22,0.0
1999-08-31,0.0,389.94,30.84,18.23,1852.76,0.03256861710922721
1999-09-01,10.33,290.5,29.77,17.07,1879.27,0.34282754851818115
1999-09-02,0.0,372.4,29.5,17.62,1876.95,0.07427930217893926
1999-09-03,0.0,454.51,29.81,14.42,1422.5,0.016569998178378755
1999-09-04,0.0,466.24,31.42,14.93,1442.87,0.0009142067960484831
1999-09-05,0.0,465.67,33.7,16.62,1592.49,0.0
1999-09-06,0.0,449.04,34.43,17.89,1751.23,0.0
1999-09-07,0.0,463.15,34.96,17.37,1668.78,0.0
1999-09-08,0.0,458.41,35.33,17.75,1718.38,0.0
1999-09-09,0.0,405.48,33.25,18.58,1917.24,0.0
1999-09-10,0.0,399.02,32.09,18.02,1889.99,0.0
1999-09-11,0.0,399.29,32.69,18.44,1934.72,0.0
1999-09-12,4.81,397.93,33.19,17.1,1745.01,0.0
1999-09-13,0.0,425.53,34.79,18.61,1906.98,0.0
1999-09-14,0.0,403.29,33.43,18.51,1945.45,0.0
1999-09-15,17.09,282.85,29.58,16.17,1831.47,0.0
1999-09-16,10.86,292.22,29.61,15.65,1786.7,0.0
1999-09-17,0.0,383.68,30.34,16.64,1867.59,0.0
1999-09-18,0.0,399.55,30.88,16.27,1803.79,0.0
1999-09-19,4.76,334.47,29.92,15.97,1822.87,0.0
1999-09-20,9.04,295.23,29.85,15.38,1755.11,0.0
1999-09-21,0.0,367.52,30.26,17.05,1947.91,0.0
1999-09-22,0.0,336.36,30.8,18.82,2180.3,0.0
1999-09-23,6.86,260.45,29.79,18.14,2092.27,0.05142413227772717
1999-09-24,0.26,334.97,28.07,16.4,1875.28,0.05370964926784839
1999-09-25,0.0,392.22,30.41,15.87,1807.2,0.009713447208015133
1999-09-26,0.0,405.49,31.79,16.06,1820.91,0.0015427239683318155
1999-09-27,0.0,404.52,31.66,15.82,1783.55,0.00017141377425909055
1999-09-28,0.0,390.2,29.83,14.95,1702.0,5.713792475303019e-05
1999-09-29,0.0,400.82,29.64,14.1,1623.84,0.0
1999-09-30,0.0,396.76,30.64,14.93,1697.41,0.0
1999-10-01,0.0,410.48,31.41,14.4,1629.67,5.713792475303019e-05
1999-10-02,0.0,407.09,31.22,14.14,1599.96,5.713792475303019e-05
1999-10-03,0.0,410.52,30.94,13.51,1534.3,5.713792475303019e-05
1999-10-04,0.0,418.81,31.91,13.45,1525.41,0.0
1999-10-05,0.0,382.0,32.26,15.93,1785.74,0.0
1999-10-06,0.0,407.82,30.73,13.03,1479.72,0.0
1999-10-07,0.0,396.25,26.35,10.22,1252.16,0.0
1999-10-08,0.0,389.17,28.19,12.03,1401.82,5.713792475303019e-05
1999-10-09,0.0,391.34,30.79,13.74,1555.08,5.713792475303019e-05
1999-10-10,0.0,383.99,31.83,14.76,1655.19,5.713792475303019e-05
1999-10-11,0.0,372.23,31.98,15.41,1731.19,5.713792475303019e-05
1999-10-12,0.0,380.76,32.2,14.79,1663.89,5.713792475303019e-05
1999-10-13,0.0,389.92,32.08,13.83,1550.75,5.713792475303019e-05
1999-10-14,0.0,390.68,31.51,13.17,1437.94,5.713792475303019e-05
1999-10-15,0.0,383.02,29.97,12.18,1356.13,5.713792475303019e-05
1999-10-16,0.0,392.96,28.51,10.15,1200.52,0.0
1999-10-17,0.0,367.9,23.41,7.32,1011.29,0.0
1999-10-18,0.0,366.97,22.29,6.31,949.84,0.0
1999-10-19,0.0,362.43,24.65,8.4,1093.95,5.713792475303019e-05
1999-10-20,0.0,352.9,26.38,10.27,1242.42,5.713792475303019e-05
1999-10-21,0.0,370.66,28.11,10.18,1219.84,5.713792475303019e-05
1999-10-22,0.0,367.26,28.9,10.78,1225.78,5.713792475303019e-05
1999-10-23,0.0,341.02,28.59,12.09,1312.77,5.713792475303019e-05
1999-10-24,0.0,349.39,28.92,11.54,1258.27,5.713792475303019e-05
1999-10-25,0.0,349.43,29.05,11.43,1252.65,5.713792475303019e-05
1999-10-26,0.0,335.31,28.23,11.49,1277.63,5.713792475303019e-05
1999-10-27,0.0,324.77,26.95,11.0,1244.19,0.00011427584950606039
1999-10-28,0.0,316.41,25.82,10.34,1202.24,0.00011427584950606039
1999-10-29,0.0,333.69,25.07,8.44,1047.15,0.00011427584950606039
1999-10-30,0.0,318.94,23.99,8.34,1062.31,0.00011427584950606039
1999-10-31,0.0,326.13,25.98,9.45,1131.44,0.00011427584950606039
1999-11-01,0.0,336.49,26.68,9.09,1090.5,0.00011427584950606039
1999-11-02,0.0,331.42,26.17,8.85,1079.61,0.00011427584950606039
1999-11-03,0.0,321.53,26.07,9.38,1134.18,0.00011427584950606039
1999-11-04,0.0,334.98,26.44,8.4,1045.01,0.00011427584950606039
1999-11-05,0.0,327.43,26.22,8.66,1037.37,0.00011427584950606039
1999-11-06,0.0,332.7,27.79,9.36,1074.82,0.00011427584950606039
1999-11-07,0.0,282.92,26.25,11.42,1303.78,0.00022855169901212077
1999-11-08,0.0,313.76,24.92,8.01,1013.47,0.00028568962376515096
1999-11-09,0.0,322.83,24.17,6.54,914.24,0.00028568962376515096
1999-11-10,0.0,326.25,25.19,6.99,904.14,0.00022855169901212077
1999-11-11,0.0,322.4,27.36,8.93,1025.7,0.00028568962376515096
1999-11-12,0.0,309.04,28.02,10.41,1149.1,0.00028568962376515096
1999-11-13,0.0,296.78,27.39,10.74,1190.7,0.00022855169901212077
1999-11-14,0.0,301.74,27.93,10.68,1178.27,0.00022855169901212077
1999-11-15,0.0,298.13,27.82,10.72,1188.09,0.00017141377425909055
1999-11-16,0.0,300.47,27.05,9.71,1113.97,0.00017141377425909055
1999-11-17,0.0,287.81,25.04,8.72,1063.2,0.00017141377425909055
1999-11-18,0.0,285.19,22.3,6.43,912.69,0.00017141377425909055
1999-11-19,0.0,282.16,21.57,6.03,874.36,0.00017141377425909055
1999-11-20,0.0,282.68,20.92,5.27,828.27,0.00017141377425909055
1999-11-21,0.0,273.61,17.81,3.11,732.53,0.00017141377425909055
1999-11-22,0.0,260.6,15.09,1.43,660.85,0.00017141377425909055
1999-11-23,0.0,291.61,14.66,-1.21,541.03,0.00017141377425909055
1999-11-24,0.0,286.53,14.47,-1.09,546.67,0.00017141377425909055
1999-11-25,0.0,297.09,16.98,0.28,593.66,0.00017141377425909055
1999-11-26,0.0,309.12,20.17,1.81,640.98,0.00017141377425909055
1999-11-27,0.0,309.08,21.3,2.68,617.54,0.00017141377425909055
1999-11-28,0.0,293.42,21.98,4.64,720.85,0.00017141377425909055
1999-11-29,0.0,279.87,22.9,6.46,829.45,0.00017141377425909055
1999-11-30,0.0,262.91,23.16,7.95,942.77,0.00017141377425909055
1999-12-01,0.0,274.12,21.12,5.3,710.82,0.00017141377425909055
1999-12-02,0.0,287.64,17.52,0.86,526.8,0.00017141377425909055
1999-12-03,0.0,249.06,12.78,-0.83,514.11,0.00017141377425909055
1999-12-04,0.0,264.09,13.52,-1.02,497.45,0.00017141377425909055
1999-12-05,0.0,276.81,15.29,-0.35,505.01,0.00022855169901212077
1999-12-06,0.0,282.41,16.2,0.01,507.62,0.00022855169901212077
1999-12-07,0.0,268.52,15.05,-0.03,526.01,0.00028568962376515096
1999-12-08,0.0,234.41,11.76,-0.78,532.59,0.00028568962376515096
1999-12-09,0.0,251.25,12.14,-1.47,497.53,0.00028568962376515096
1999-12-10,0.0,227.67,12.7,0.76,600.54,0.00028568962376515096
1999-12-11,0.0,247.49,12.11,-0.98,519.8,0.00028568962376515096
1999-12-12,0.0,274.85,13.92,-1.22,464.76,0.00022855169901212077
1999-12-13,0.0,270.25,13.89,-0.98,479.01,0.00017141377425909055
1999-12-14,0.0,236.63,10.7,-1.62,493.66,0.00011427584950606039
1999-12-15,0.0,287.58,13.86,-1.99,322.79,0.00011427584950606039
1999-12-16,0.0,294.4,16.15,-0.18,234.94,0.00011427584950606039
1999-12-17,0.0,292.89,17.72,1.43,262.03,0.00011427584950606039
1999-12-18,0.0,295.67,18.13,1.48,258.46,0.00011427584950606039
1999-12-19,0.0,264.36,15.45,1.37,269.06,0.00011427584950606039
1999-12-20,0.0,283.17,14.84,-0.56,217.56,0.00011427584950606039
1999-12-21,0.0,275.06,13.33,-1.34,215.86,0.00017141377425909055
1999-12-22,0.0,235.31,12.23,0.43,303.2,0.00017141377425909055
1999-12-23,0.0,270.21,14.37,0.31,243.04,0.00017141377425909055
1999-12-24,0.0,259.36,15.25,1.97,276.01,0.00017141377425909055
1999-12-25,0.0,264.3,14.66,1.06,257.69,0.00017141377425909055
1999-12-26,0.0,258.62,14.68,1.59,274.05,0.00017141377425909055
1999-12-27,0.0,276.1,15.68,1.53,249.28,0.00017141377425909055
1999-12-28,0.0,267.83,16.66,3.27,284.76,0.00017141377425909055
1999-12-29,0.0,281.59,17.64,3.32,275.34,0.00017141377425909055
1999-12-30,0.0,304.55,17.72,1.38,240.27,0.00017141377425909055
1999-12-31,0.0,268.54,14.73,1.36,258.9,0.00017141377425909055
2000-01-01,0.0,203.53,11.48,1.57,688.14,0.00017141377425909055
2000-01-02,4.82,154.97,7.85,-1.97,534.64,0.00022855169901212077
2000-01-03,4.97,209.18,8.04,-5.28,416.22,0.0007427930217893925
2000-01-04,0.0,321.87,13.84,-3.38,479.84,0.0009713447208015134
2000-01-05,0.0,309.2,14.25,-1.71,543.43,0.0010284826455545435
2000-01-06,0.0,268.96,11.52,-1.46,552.24,0.0007427930217893925
2000-01-07,0.0,282.98,12.64,-1.29,558.68,0.0006856550970363622
2000-01-08,0.0,297.89,13.71,-1.69,542.78,0.0008570688712954529
2000-01-09,0.0,308.25,13.88,-2.49,508.61,0.0009713447208015134
2000-01-10,0.0,314.63,16.3,-0.99,573.42,0.0010284826455545435
2000-01-11,0.0,311.27,17.43,0.27,621.17,0.0010284826455545435
2000-01-12,0.0,311.68,18.13,0.97,652.6,0.0010856205703075735
2000-01-13,0.0,327.77,21.04,1.83,695.54,0.0010856205703075735
2000-01-14,0.0,294.54,20.6,4.87,866.28,0.0011998964198136342
2000-01-15,0.0,306.59,22.12,5.24,886.77,0.0010856205703075735
2000-01-16,0.0,312.2,22.0,4.73,859.11,0.0010284826455545435
2000-01-17,0.0,309.28,22.57,5.62,912.14,0.0010856205703075735
2000-01-18,0.0,275.02,22.53,8.42,1113.25,0.0012570343445666642
2000-01-19,0.0,300.0,22.84,6.95,996.32,0.0012570343445666642
2000-01-20,0.0,282.82,21.14,6.8,983.73,0.0012570343445666642
2000-01-21,0.0,266.18,18.91,6.03,940.31,0.0013141722693196945
2000-01-22,0.0,248.71,17.19,5.62,910.06,0.0014284481188257547
2000-01-23,0.0,313.36,18.44,2.85,672.5,0.0012570343445666642
2000-01-24,0.0,297.29,19.43,5.07,731.76,0.0011427584950606039
2000-01-25,0.0,279.26,18.9,5.77,787.93,0.0012570343445666642
2000-01-26,0.0,257.94,16.66,5.07,783.74,0.0013141722693196945
2000-01-27,0.0,304.63,14.99,1.02,539.83,0.0011998964198136342
2000-01-28,0.0,317.46,14.49,-0.17,423.71,0.0011427584950606039
2000-01-29,0.0,335.02,15.5,-0.25,399.9,0.0011427584950606039
2000-01-30,0.0,302.66,15.8,2.43,458.14,0.0010856205703075735
2000-01-31,0.0,267.84,14.27,3.08,416.94,0.0011427584950606039
2000-02-01,0.0,317.9,15.1,1.1,316.1,0.0011427584950606039
2000-02-02,0.0,346.73,17.94,2.0,302.21,0.0010856205703075735
2000-02-03,0.0,362.13,20.41,3.29,314.24,0.0011998964198136342
2000-02-04,0.0,364.24,20.07,2.95,271.68,0.0011427584950606039
2000-02-05,0.0,360.45,19.87,3.2,274.69,0.0011427584950606039
2000-02-06,0.0,366.88,20.31,3.27,270.46,0.0010856205703075735
2000-02-07,0.0,387.4,22.63,3.65,285.61,0.0010284826455545435
2000-02-08,0.0,353.72,22.03,6.12,338.5,0.0010856205703075735
2000-02-09,0.0,351.54,21.7,6.27,339.67,0.0010284826455545435
2000-02-10,0.0,342.87,19.68,5.12,319.07,0.0009713447208015134
2000-02-11,0.0,331.67,17.64,4.19,297.97,0.0009713447208015134
2000-02-12,0.0,306.1,15.21,3.37,279.72,0.0010284826455545435
2000-02-13,0.0,308.68,15.37,3.73,284.7,0.0010856205703075735
2000-02-14,0.0,365.35,19.03,4.32,297.02,0.0010856205703075735
2000-02-15,0.0,399.12,21.43,4.31,298.93,0.0011998964198136342
2000-02-16,0.0,354.31,19.97,6.01,335.36,0.0011427584950606039
2000-02-17,0.0,309.79,15.28,4.17,297.73,0.0010856205703075735
2000-02-18,0.0,397.24,15.98,0.12,217.05,0.0010284826455545435
2000-02-19,0.0,405.36,19.36,2.83,260.55,0.0010284826455545435
2000-02-20,0.0,382.83,21.34,6.36,344.59,0.0010284826455545435
2000-02-21,0.0,322.13,18.59,7.08,366.95,0.0013141722693196945
2000-02-22,4.17,226.18,14.46,3.95,330.53,0.0019426894416030268
2000-02-23,0.0,348.33,14.72,2.48,259.98,0.0015998618930848454
2000-02-24,1.53,282.42,12.25,2.65,286.73,0.0016569998178378755
2000-02-25,0.0,327.95,10.79,-0.04,218.8,0.0013141722693196945
2000-02-26,0.0,436.28,16.04,-1.12,199.15,0.0011998964198136342
2000-02-27,0.0,445.18,20.36,2.48,251.68,0.0009713447208015134
2000-02-28,0.0,385.42,18.06,4.23,297.9,0.0008570688712954529
2000-02-29,0.0,425.25,17.39,1.63,243.88,0.0007427930217893925
2000-03-01,0.0,339.31,15.36,4.13,300.18,0.0007999309465424227
2000-03-02,0.0,427.85,16.8,1.16,236.08,0.0007999309465424227
2000-03-03,0.0,440.16,20.63,4.16,296.67,0.0007999309465424227
2000-03-04,0.0,452.2,21.64,4.36,298.39,0.0007427930217893925
2000-03-05,24.74,321.41,18.59,3.1,274.27,0.003142585861416661
2000-03-06,46.8,156.31,7.79,1.5,628.69,0.026283445386393888
2000-03-07,18.98,177.89,7.0,0.13,621.75,0.021141032158621172
2000-03-08,5.58,311.12,11.66,-0.27,592.43,0.010856205703075735
2000-03-09,0.0,407.58,14.99,1.77,648.12,0.006285171722833322
2000-03-10,0.0,448.19,16.91,1.42,597.65,0.004799585679254537
2000-03-11,0.0,473.06,20.74,3.12,634.12,0.003713965108946962
2000-03-12,0.0,473.17,22.78,5.05,708.62,0.0030283100119106003
2000-03-13,0.0,438.76,23.09,7.58,871.04,0.002628344538639389
2000-03-14,0.0,466.26,24.25,6.91,799.12,0.0023426549148742376
2000-03-15,0.0,459.62,23.69,6.89,803.86,0.002171241140615147
2000-03-16,0.0,452.3,22.61,6.68,812.17,0.0017141377425909058
2000-03-17,0.0,455.49,22.65,6.59,795.71,0.0017141377425909058
2000-03-18,0.0,462.29,22.41,5.94,755.72,0.0015427239683318155
2000-03-19,0.0,475.58,22.79,5.49,717.26,0.0013713101940727244
2000-03-20,0.0,455.21,20.54,4.93,722.51,0.0017141377425909058
2000-03-21,1.4,360.33,12.62,1.23,638.69,0.0016569998178378755
2000-03-22,0.0,393.73,13.36,1.43,639.88,0.0015998618930848454
2000-03-23,0.0,448.67,17.42,2.74,644.66,0.0015998618930848454
2000-03-24,0.0,475.68,20.66,4.21,667.28,0.0016569998178378755
2000-03-25,0.0,470.83,22.23,5.78,735.37,0.001485586043578785
2000-03-26,0.0,486.0,23.85,6.25,736.8,0.0011998964198136342
2000-03-27,0.0,482.07,24.0,6.72,760.62,0.0011427584950606039
2000-03-28,4.64,359.47,21.26,7.69,937.99,0.0036568271841939323
2000-03-29,4.56,300.81,18.48,6.68,954.06,0.003142585861416661
2000-03-30,0.0,428.32,19.91,6.33,839.42,0.0023426549148742376
2000-03-31,0.0,412.09,17.1,4.4,760.16,0.0018855515168499965
2000-04-01,0.6,378.73,14.83,3.15,714.15,0.0017712756673439359
2000-04-02,0.19,460.08,18.04,3.2,650.41,0.0015427239683318155
2000-04-03,0.0,509.5,23.4,5.76,683.84,0.0013141722693196945
2000-04-04,0.0,516.21,27.49,8.83,806.97,0.0011427584950606039
2000-04-05,0.0,506.01,27.97,9.58,853.17,0.0010284826455545435
2000-04-06,0.0,495.33,27.26,9.42,857.41,0.0007999309465424227
2000-04-07,0.0,523.34,28.53,8.61,776.4,0.0007427930217893925
2000-04-08,0.0,472.95,27.72,10.84,962.27,0.0006856550970363622
2000-04-09,0.0,476.21,28.31,11.49,998.79,0.0006856550970363622
2000-04-10,0.0,476.31,26.57,9.96,909.53,0.0006285171722833321
2000-04-11,0.0,494.76,25.77,8.45,808.98,0.0006285171722833321
2000-04-12,0.0,495.04,27.2,9.7,866.29,0.0006856550970363622
2000-04-13,0.0,493.25,28.27,10.76,922.44,0.0006856550970363622
2000-04-14,0.0,462.96,25.88,10.23,937.97,0.0006856550970363622
2000-04-15,0.0,503.73,23.04,5.73,676.09,0.0007427930217893925
2000-04-16,0.0,507.28,25.06,7.4,739.58,0.0007427930217893925
2000-04-17,0.0,491.94,26.03,9.11,836.66,0.0007999309465424227
2000-04-18,0.0,453.02,24.19,9.47,914.96,0.0009142067960484831
2000-04-19,0.0,499.36,22.6,5.78,684.89,0.0009713447208015134
2000-04-20,0.0,513.54,27.02,8.84,790.13,0.0009713447208015134
2000-04-21,0.0,463.81,26.47,10.93,973.84,0.0009713447208015134
2000-04-22,0.0,497.41,24.82,7.76,764.24,0.0009142067960484831
2000-04-23,0.0,508.26,25.67,7.88,756.31,0.0009142067960484831
2000-04-24,0.0,524.26,28.28,9.27,786.78,0.0007999309465424227
2000-04-25,0.0,512.57,30.82,12.14,945.78,0.0007999309465424227
2000-04-26,0.0,527.64,33.12,13.1,969.88,0.0007999309465424227
2000-04-27,0.0,526.29,33.35,13.21,974.82,0.0007999309465424227
2000-04-28,0.0,503.15,31.87,13.2,1011.32,0.0006856550970363622
2000-04-29,0.0,447.85,28.57,13.15,1112.69,0.0005713792475303019
2000-04-30,0.0,498.3,27.9,10.12,856.85,0.0006856550970363622
2000-05-01,0.0,518.91,30.61,11.12,870.01,0.0007427930217893925
2000-05-02,0.0,515.78,32.6,12.89,963.88,0.0006285171722833321
2000-05-03,0.0,515.42,32.66,12.9,964.3,0.0005142413227772717
2000-05-04,0.0,505.69,32.59,13.44,1011.65,0.00039996547327121135
2000-05-05,0.0,510.63,32.22,12.89,968.43,0.00039996547327121135
2000-05-06,0.0,484.64,31.46,13.69,1061.31,0.0003428275485181811
2000-05-07,0.0,480.37,30.63,13.27,1045.23,0.00028568962376515096
2000-05-08,0.0,401.18,28.93,15.28,1344.52,0.00022855169901212077
2000-05-09,0.0,476.34,30.68,13.68,1081.97,0.00017141377425909055
2000-05-10,0.0,440.59,30.73,15.36,1263.16,0.00017141377425909055
2000-05-11,0.0,434.4,28.57,13.8,1182.23,0.00022855169901212077
2000-05-12,0.0,462.41,25.48,9.89,896.26,0.00028568962376515096
2000-05-13,0.0,513.67,28.54,10.05,813.71,0.00017141377425909055
2000-05-14,0.0,530.05,31.48,11.5,853.87,0.00011427584950606039
2000-05-15,0.0,512.88,32.26,13.14,966.96,0.00017141377425909055
2000-05-16,0.0,465.68,29.63,13.35,1071.22,0.00017141377425909055
2000-05-17,0.0,495.44,24.36,7.23,716.29,0.00017141377425909055
2000-05-18,0.0,472.85,25.31,9.17,828.86,0.00017141377425909055
2000-05-19,0.0,489.26,28.99,11.69,934.98,0.00011427584950606039
2000-05-20,0.0,483.52,32.52,15.06,1137.02,0.00011427584950606039
2000-05-21,0.0,486.01,34.88,16.86,1249.51,0.00011427584950606039
2000-05-22,0.0,500.15,37.27,17.97,1291.52,0.00011427584950606039
2000-05-23,0.0,498.65,37.23,18.12,1264.21,5.713792475303019e-05
2000-05-24,0.0,491.95,35.18,16.87,1196.27,0.00011427584950606039
2000-05-25,0.0,484.5,32.15,14.71,1059.81,5.713792475303019e-05
2000-05-26,0.0,480.79,31.38,14.32,1053.4,0.00011427584950606039
2000-05-27,0.0,502.35,34.79,16.12,1114.93,0.00017141377425909055
2000-05-28,0.0,502.45,37.72,18.57,1269.02,0.00017141377425909055
2000-05-29,0.0,513.7,38.42,18.37,1221.55,5.713792475303019e-05
2000-05-30,0.0,492.16,37.04,18.36,1272.79,5.713792475303019e-05
2000-05-31,0.0,480.83,35.63,17.85,1264.7,5.713792475303019e-05
2000-06-01,0.0,475.1,34.76,17.5,1256.81,5.713792475303019e-05
2000-06-02,0.0,459.81,34.64,18.17,1345.84,5.713792475303019e-05
2000-06-03,0.0,487.77,35.57,17.68,1237.94,5.713792475303019e-05
2000-06-04,0.0,526.55,36.76,17.15,869.52,5.713792475303019e-05
2000-06-05,0.0,537.37,37.7,17.67,768.46,5.713792475303019e-05
2000-06-06,0.0,502.63,37.66,19.8,887.6,5.713792475303019e-05
2000-06-07,0.0,505.09,38.03,19.86,890.1,5.713792475303019e-05
2000-06-08,0.0,420.64,34.44,20.72,949.78,5.713792475303019e-05
2000-06-09,0.0,459.06,30.5,15.49,665.62,0.0
2000-06-10,0.0,494.33,30.61,13.87,590.06,0.0
2000-06-11,0.0,511.94,32.75,14.83,629.01,0.0
2000-06-12,0.0,529.72,35.2,15.92,678.24,0.0
2000-06-13,0.0,524.86,36.57,17.43,756.29,0.0
2000-06-14,0.0,510.0,37.96,19.56,874.34,0.0
2000-06-15,0.0,509.78,38.31,19.81,887.09,0.0
2000-06-16,0.0,468.31,36.47,20.41,924.83,0.0
2000-06-17,0.0,473.15,36.06,19.78,895.28,0.0
2000-06-18,0.0,439.1,34.04,19.53,873.14,5.713792475303019e-05
2000-06-19,0.0,406.25,32.74,19.8,892.43,0.0
2000-06-20,0.0,431.76,32.33,18.49,817.86,5.713792475303019e-05
2000-06-21,4.33,377.86,33.03,17.04,738.6,5.713792475303019e-05
2000-06-22,0.0,439.22,32.1,18.08,792.75,5.713792475303019e-05
2000-06-23,0.0,469.15,31.69,16.47,707.92,5.713792475303019e-05
2000-06-24,0.0,489.87,33.37,17.11,741.85,5.713792475303019e-05
2000-06-25,0.0,496.32,35.49,18.7,825.53,5.713792475303019e-05
2000-06-26,0.0,496.52,36.78,19.82,889.13,5.713792475303019e-05
2000-06-27,0.0,450.19,35.85,21.32,989.69,5.713792475303019e-05
2000-06-28,0.0,440.77,34.6,20.69,945.16,5.713792475303019e-05
2000-06-29,12.06,347.6,33.43,18.63,822.45,5.713792475303019e-05
2000-06-30,0.02,450.29,33.49,19.41,865.95,5.713792475303019e-05
2000-07-01,0.0,440.24,33.64,20.1,907.69,0.0
2000-07-02,0.0,479.28,34.94,19.61,879.4,0.0
2000-07-03,0.0,491.2,34.54,18.7,826.14,0.0
2000-07-04,0.0,525.5,34.77,17.14,741.34,0.0
2000-07-05,0.0,531.68,35.35,17.34,750.95,0.0
2000-07-06,0.0,509.15,34.72,18.11,793.4,0.0
2000-07-07,0.0,459.18,34.08,19.99,902.27,0.0
2000-07-08,0.0,457.57,33.05,19.11,851.35,0.0
2000-07-09,0.0,463.52,33.63,19.4,865.72,0.0
2000-07-10,0.0,484.04,33.86,18.67,825.71,0.0
2000-07-11,0.0,475.91,34.13,19.33,861.23,0.0
2000-07-12,0.0,503.34,35.83,19.69,880.57,0.0
2000-07-13,0.0,456.66,35.37,21.55,992.84,0.0
2000-07-14,0.0,443.21,34.88,21.79,1012.0,0.0
2000-07-15,0.0,500.27,36.44,20.74,942.84,0.0
2000-07-16,0.0,477.87,36.06,21.46,988.48,0.0
2000-07-17,0.0,519.64,37.31,20.48,926.36,0.0
2000-07-18,0.0,538.45,39.3,20.91,950.35,0.0
2000-07-19,0.0,535.38,40.12,21.58,991.73,0.0
2000-07-20,0.0,520.4,39.54,21.87,1011.54,0.0
2000-07-21,0.0,484.48,38.33,22.75,1085.34,0.0
2000-07-22,0.0,483.6,37.22,21.81,1018.15,0.0
2000-07-23,0.0,487.61,37.72,22.05,1031.51,0.0
2000-07-24,0.0,483.29,38.41,22.81,1076.36,0.0
2000-07-25,0.0,499.97,39.04,22.52,1057.07,0.0
2000-07-26,0.0,476.83,38.22,22.98,1089.37,0.0
2000-07-27,0.0,460.14,38.26,23.79,1151.09,0.0
2000-07-28,0.0,469.38,39.03,24.01,1167.74,0.0
2000-07-29,0.0,479.14,38.32,22.9,1085.86,0.0
2000-07-30,0.0,482.18,37.26,21.79,1017.54,0.0
2000-07-31,2.3,400.57,35.95,19.91,893.57,0.0
2000-08-01,0.0,478.36,37.37,21.95,1018.48,0.0
2000-08-02,0.0,480.02,37.19,21.72,1009.17,0.0
2000-08-03,0.0,489.81,38.26,22.17,1039.53,0.0
2000-08-04,0.0,478.19,38.41,22.93,1092.13,0.0
2000-08-05,0.0,475.31,37.93,22.63,1069.1,0.0
2000-08-06,0.0,471.59,36.08,21.09,967.35,0.0
2000-08-07,5.12,313.15,33.76,21.25,981.03,0.0
2000-08-08,3.13,347.58,32.59,19.01,844.91,0.0
2000-08-09,2.33,434.92,34.75,19.86,890.22,0.0
2000-08-10,0.0,427.78,34.31,21.4,986.53,0.0
2000-08-11,0.0,384.5,33.72,22.55,1065.77,0.0
2000-08-12,3.09,360.06,32.4,20.04,910.16,0.0
2000-08-13,0.0,458.66,35.0,20.85,948.38,0.0
2000-08-14,0.0,468.59,36.31,21.56,996.8,0.0
2000-08-15,0.0,462.06,36.77,22.22,1040.04,0.0
2000-08-16,0.0,461.17,37.24,22.67,1067.34,0.0
2000-08-17,0.15,472.01,35.97,20.9,954.31,0.004799585679254537
2000-08-18,0.05,443.37,32.35,19.11,851.13,0.0008570688712954529
2000-08-19,0.0,456.77,34.04,20.25,914.57,0.00011427584950606039
2000-08-20,0.0,475.33,35.51,20.69,937.87,5.713792475303019e-05
2000-08-21,0.0,465.75,35.46,21.1,970.61,0.00011427584950606039
2000-08-22,0.6,463.89,35.01,20.12,912.36,0.00017141377425909055
2000-08-23,6.85,344.92,33.08,18.94,871.96,0.00011427584950606039
2000-08-24,2.49,411.93,33.46,18.93,886.98,5.713792475303019e-05
2000-08-25,0.0,460.03,33.46,19.42,880.06,0.0
2000-08-26,0.0,462.21,34.05,19.86,898.14,5.713792475303019e-05
2000-08-27,0.0,428.41,32.49,19.81,919.97,0.00011427584950606039
2000-08-28,8.17,270.6,28.99,18.66,1130.85,0.00028568962376515096
2000-08-29,1.44,341.45,26.92,17.19,1012.25,0.08570688712954529
2000-08-30,6.52,289.02,26.87,15.97,1057.23,0.006856550970363623
2000-08-31,11.92,368.91,28.68,14.31,891.21,0.00011427584950606039
2000-09-01,0.0,382.38,28.04,17.12,1189.41,0.00011427584950606039
2000-09-02,0.0,479.39,30.4,15.55,881.09,5.713792475303019e-05
2000-09-03,0.0,497.12,32.4,16.25,882.0,5.713792475303019e-05
2000-09-04,0.0,507.84,34.64,17.31,917.91,5.713792475303019e-05
2000-09-05,0.0,460.25,34.21,19.38,1143.83,5.713792475303019e-05
2000-09-06,0.0,416.94,33.96,20.96,1373.71,5.713792475303019e-05
2000-09-07,0.0,477.52,35.83,19.67,1116.4,0.00011427584950606039
2000-09-08,0.0,455.97,34.78,19.73,1182.0,0.00011427584950606039
2000-09-09,0.0,473.92,34.15,18.12,1039.82,0.00017141377425909055
2000-09-10,0.0,442.86,33.39,18.8,1160.35,0.00017141377425909055
2000-09-11,0.0,451.15,33.66,18.53,1119.95,0.00011427584950606039
2000-09-12,0.0,476.14,35.24,18.33,1046.98,0.00011427584950606039
2000-09-13,0.0,480.94,37.21,19.32,1104.51,0.00011427584950606039
2000-09-14,0.0,486.62,38.56,19.71,1115.12,0.00011427584950606039
2000-09-15,0.0,447.67,37.36,20.89,1299.14,0.00011427584950606039
2000-09-16,0.0,455.42,37.02,20.04,1221.27,0.00011427584950606039
2000-09-17,0.0,435.25,35.94,20.13,1277.56,0.00011427584950606039
2000-09-18,0.0,433.72,34.83,19.13,1214.22,0.00011427584950606039
2000-09-19,0.0,431.89,34.28,18.63,1183.85,0.00011427584950606039
2000-09-20,0.0,426.56,34.02,18.68,1136.76,0.00011427584950606039
2000-09-21,0.0,369.98,31.83,19.19,1327.44,0.00011427584950606039
2000-09-22,0.0,389.96,30.47,17.16,1140.39,0.00011427584950606039
2000-09-23,0.0,363.52,27.61,15.56,1104.17,0.00017141377425909055
2000-09-24,0.0,433.68,27.31,12.06,776.21,0.00011427584950606039
2000-09-25,0.0,464.72,30.99,13.13,764.19,0.00011427584950606039
2000-09-26,0.0,395.15,31.67,17.45,1154.12,0.00011427584950606039
2000-09-27,0.0,405.28,33.16,18.04,1165.43,5.713792475303019e-05
2000-09-28,0.0,414.81,34.12,18.38,994.55,5.713792475303019e-05
2000-09-29,0.0,391.92,33.5,18.77,1074.23,5.713792475303019e-05
2000-09-30,0.0,409.94,34.55,18.61,1016.38,5.713792475303019e-05
2000-10-01,0.0,414.33,34.59,18.1,981.69,5.713792475303019e-05
2000-10-02,0.0,408.12,33.6,17.37,958.32,5.713792475303019e-05
2000-10-03,0.0,385.23,32.22,17.32,1010.27,0.0
2000-10-04,3.74,259.27,28.97,15.83,1236.53,0.002056965291109087
2000-10-05,3.01,342.38,29.84,15.07,1034.94,0.00017141377425909055
2000-10-06,0.0,404.49,32.02,15.49,960.36,0.00011427584950606039
2000-10-07,0.0,390.93,30.91,15.02,968.54,0.00011427584950606039
2000-10-08,0.0,337.2,27.1,14.38,1046.08,0.00011427584950606039
2000-10-09,0.0,346.16,22.92,10.12,802.34,0.00011427584950606039
2000-10-10,25.81,210.98,19.69,9.47,1019.06,0.2571206613886359
2000-10-11,20.65,182.23,18.59,9.98,1236.48,0.07427930217893926
2000-10-12,0.0,346.89,19.62,6.66,923.7,0.008570688712954529
2000-10-13,0.0,383.68,21.69,6.5,869.56,0.0017141377425909058
2000-10-14,0.0,381.83,23.57,8.2,966.36,0.00028568962376515096
2000-10-15,0.0,377.52,23.99,8.66,996.27,0.00028568962376515096
2000-10-16,0.0,380.83,25.32,9.47,1044.1,0.00028568962376515096
2000-10-17,0.0,374.81,26.98,11.06,1158.66,0.00028568962376515096
2000-10-18,0.0,348.0,27.06,12.52,1311.44,0.00028568962376515096
2000-10-19,6.58,234.68,24.91,12.56,1445.99,0.00022855169901212077
2000-10-20,0.0,328.08,23.97,10.86,1260.15,0.00022855169901212077
2000-10-21,0.0,297.89,22.39,10.74,1257.59,0.00022855169901212077
2000-10-22,36.04,158.74,16.85,9.16,1176.08,1.3884515714986336
2000-10-23,30.63,140.37,14.78,8.18,1102.45,0.4742447754501506
2000-10-24,12.7,167.77,15.67,8.02,1089.25,0.7713619841659075
2000-10-25,0.05,321.5,19.18,6.88,1002.11,0.40567926574651436
2000-10-26,0.0,309.2,19.85,8.08,1087.83,0.18855515168499964
2000-10-27,3.38,275.23,17.94,7.43,1047.01,0.5542378701043928
2000-10-28,14.49,179.46,13.62,6.51,977.75,2.3197997449730257
2000-10-29,0.0,286.62,16.42,6.17,954.41,0.7199378518881804
2000-10-30,6.3,258.49,15.93,6.08,952.97,0.45138960554893853
2000-10-31,10.21,220.97,14.32,3.69,803.04,1.428448118825755
2000-11-01,0.0,341.08,14.8,1.97,710.27,0.5142413227772717
2000-11-02,0.0,316.13,14.89,3.34,781.15,0.28568962376515095
2000-11-03,0.0,254.9,14.06,5.23,889.23,0.18855515168499964
2000-11-04,10.65,138.42,13.33,7.2,1025.53,0.13713101940727246
2000-11-05,0.89,196.19,12.45,5.83,935.31,0.16569998178378756
2000-11-06,7.55,158.47,10.33,3.74,816.51,0.18855515168499964
2000-11-07,0.0,297.12,9.59,-0.24,606.39,0.4113930582218174
2000-11-08,0.0,344.55,11.93,-0.76,584.47,0.28568962376515095
2000-11-09,0.0,346.76,12.78,-0.39,598.26,0.21141032158621173
2000-11-10,0.0,258.37,10.84,1.95,704.53,0.16569998178378756
2000-11-11,0.02,262.83,9.96,1.29,677.65,0.15998618930848452
2000-11-12,1.18,309.97,10.91,-1.14,571.29,0.13713101940727246
2000-11-13,0.0,356.68,13.21,-1.25,561.12,0.11427584950606039
2000-11-14,0.0,340.96,14.23,0.9,650.88,0.10284826455545434
2000-11-15,0.0,350.53,12.9,-1.21,561.61,0.09713447208015133
2000-11-16,0.0,350.98,11.89,-2.32,519.08,0.07999309465424226
2000-11-17,0.0,347.28,12.54,-1.54,548.21,0.07427930217893926
2000-11-18,0.0,332.29,11.31,-1.66,545.27,0.05713792475303019
2000-11-19,0.0,359.36,16.35,-0.38,593.18,0.046281719049954456
2000-11-20,0.0,357.45,18.23,0.88,647.28,0.040567926574651435
2000-11-21,0.0,303.09,16.61,4.15,825.54,0.030283100119106
2000-11-22,0.0,306.64,16.83,4.01,817.8,0.025140686891333287
2000-11-23,0.0,325.59,15.09,0.6,641.42,0.022855169901212075
2000-11-24,0.0,322.69,15.8,1.27,668.55,0.021141032158621172
2000-11-25,0.0,325.94,16.54,1.3,669.35,0.01828413592096966
2000-11-26,0.0,333.84,18.68,1.89,702.47,0.025712066138863586
2000-11-27,0.0,326.95,18.63,2.14,713.92,0.026283445386393888
2000-11-28,0.0,317.22,19.04,3.19,773.67,0.021141032158621172
2000-11-29,0.0,307.25,19.85,4.52,841.62,0.01828413592096966
2000-11-30,0.0,294.73,19.43,4.96,876.29,0.015998618930848453
2000-12-01,0.0,284.32,18.13,4.52,845.1,0.015427239683318153
2000-12-02,0.0,233.37,16.41,6.09,941.19,0.013713101940727246
2000-12-03,0.0,277.18,17.88,4.65,851.54,0.013141722693196944
2000-12-04,0.0,286.18,19.49,5.06,879.54,0.013713101940727246
2000-12-05,0.0,278.06,19.42,5.32,894.17,0.013141722693196944
2000-12-06,0.0,279.37,18.89,4.39,834.55,0.012570343445666644
2000-12-07,0.0,264.11,18.72,5.33,897.92,0.013141722693196944
2000-12-08,0.0,255.59,17.52,4.78,861.93,0.013141722693196944
2000-12-09,0.0,253.43,16.09,3.49,786.3,0.013141722693196944
2000-12-10,0.0,192.99,13.25,4.23,829.56,0.011998964198136342
2000-12-11,0.0,265.85,15.28,1.84,699.43,0.009713447208015133
2000-12-12,0.0,246.86,12.9,0.76,646.66,0.00914206796048483
2000-12-13,0.0,256.15,11.81,-0.81,578.57,0.008570688712954529
2000-12-14,0.0,249.91,12.43,0.25,620.99,0.007999309465424227
2000-12-15,0.0,264.09,13.59,0.4,627.28,0.007999309465424227
2000-12-16,0.0,285.33,15.47,0.37,623.96,0.006856550970363623
2000-12-17,0.0,296.91,17.37,0.84,644.18,0.005713792475303019
2000-12-18,0.0,277.5,14.11,-0.51,589.43,0.004056792657465143
2000-12-19,0.0,293.76,16.06,-0.04,607.34,0.0042282064317242345
2000-12-20,0.0,294.53,15.41,-0.63,582.24,0.004399620205983325
2000-12-21,0.0,300.94,16.99,-0.07,610.06,0.0045138960554893855
2000-12-22,0.0,297.44,17.31,0.44,625.13,0.004056792657465143
2000-12-23,0.0,293.9,17.41,0.85,645.89,0.004113930582218174
2000-12-24,0.0,289.68,17.12,0.99,653.83,0.004171068506971204
2000-12-25,0.0,255.28,12.55,-0.53,588.94,0.004113930582218174
2000-12-26,0.0,253.26,11.72,-0.95,572.61,0.003828240958453023
2000-12-27,0.0,278.87,13.91,-0.56,587.09,0.0038853788832060535
2000-12-28,0.0,290.12,15.95,0.34,622.22,0.004056792657465143
2000-12-29,0.0,292.21,16.97,1.09,658.58,0.004171068506971204
2000-12-30,0.0,282.32,16.97,2.01,704.7,0.003942516807959083
2000-12-31,0.0,287.26,16.97,1.55,681.64,0.003485413409934842
2001-01-01,0.0,316.29,17.0,0.76,487.89,0.003142585861416661
2001-01-02,0.0,312.48,16.74,0.89,495.82,0.002742620388145449
2001-01-03,0.0,315.78,17.95,1.86,519.81,0.0025140686891333285
2001-01-04,0.0,321.2,19.06,2.44,530.48,0.004399620205983325
2001-01-05,0.0,311.65,18.83,3.39,576.86,0.007427930217893924
2001-01-06,0.0,261.08,16.67,5.21,682.69,0.006285171722833322
2001-01-07,0.0,300.33,17.41,3.48,513.32,0.006285171722833322
2001-01-08,0.0,271.61,15.74,3.83,571.91,0.006856550970363623
2001-01-09,23.35,150.41,12.96,4.59,788.19,0.015427239683318153
2001-01-10,20.36,158.59,11.87,3.26,778.16,0.00914206796048483
2001-01-11,0.0,253.59,13.11,2.42,728.32,0.006856550970363623
2001-01-12,11.71,179.26,11.48,1.46,682.55,0.011427584950606038
2001-01-13,1.27,229.33,8.53,-0.98,577.4,0.014284481188257548
2001-01-14,0.0,310.0,11.19,-2.73,504.91,0.014284481188257548
2001-01-15,0.0,293.47,9.97,-2.5,512.42,0.012570343445666644
2001-01-16,9.38,189.31,7.55,-2.55,510.68,0.023997928396272683
2001-01-17,0.6,276.65,6.81,-4.31,449.62,0.025712066138863586
2001-01-18,0.0,306.57,8.61,-4.1,455.46,0.019998273663560565
2001-01-19,0.0,326.41,10.86,-3.33,481.6,0.015998618930848453
2001-01-20,0.0,331.29,14.44,-0.59,586.09,0.014855860435787849
2001-01-21,0.0,343.13,16.09,-0.1,608.63,0.014284481188257548
2001-01-22,0.0,297.92,15.17,2.62,740.12,0.014284481188257548
2001-01-23,0.0,318.61,15.44,1.74,694.4,0.015427239683318153
2001-01-24,0.0,321.37,15.73,1.93,703.35,0.015998618930848453
2001-01-25,0.0,322.28,14.56,0.86,649.52,0.014855860435787849
2001-01-26,0.0,323.39,12.05,-1.3,558.79,0.014284481188257548
2001-01-27,5.03,225.21,8.66,-0.35,596.62,0.03313999635675751
2001-01-28,16.2,156.7,5.83,-1.47,553.62,0.08570688712954529
2001-01-29,8.42,191.22,7.21,-0.22,605.55,0.0914206796048483
2001-01-30,0.0,299.93,9.64,-1.68,552.61,0.09713447208015133
2001-01-31,0.0,320.17,9.68,-2.48,514.34,0.10284826455545434
2001-02-01,0.0,344.61,12.11,-1.54,549.08,0.0914206796048483
2001-02-02,0.0,378.99,16.04,-0.84,575.33,0.07999309465424226
2001-02-03,0.0,381.41,18.15,0.9,648.63,0.07427930217893926
2001-02-04,0.0,389.14,21.27,2.68,735.74,0.07999309465424226
2001-02-05,0.0,383.19,22.38,4.32,825.26,0.0914206796048483
2001-02-06,0.0,366.69,20.88,4.79,855.94,0.0914206796048483
2001-02-07,0.0,299.97,17.03,5.73,923.04,0.07427930217893926
2001-02-08,0.0,353.9,13.1,-0.79,587.73,0.06856550970363623
2001-02-09,0.0,367.82,10.52,-4.13,454.04,0.06856550970363623
2001-02-10,0.0,371.61,13.42,-1.64,544.62,0.06285171722833321
2001-02-11,0.0,371.8,13.9,-1.31,557.43,0.052566890772787776
2001-02-12,0.0,370.21,15.22,-0.01,609.46,0.04285344356477264
2001-02-13,0.0,342.89,13.82,0.5,633.5,0.04171068506971204
2001-02-14,8.02,218.21,9.28,-1.02,574.08,0.07427930217893926
2001-02-15,4.03,239.64,9.72,-1.69,547.75,0.10856205703075737
2001-02-16,0.0,365.77,12.12,-1.66,544.93,0.10284826455545434
2001-02-17,0.0,372.08,14.84,0.56,633.75,0.0914206796048483
2001-02-18,0.0,373.04,17.78,3.23,772.9,0.08570688712954529
2001-02-19,0.0,393.95,18.47,2.34,719.08,0.07427930217893926
2001-02-20,0.0,371.72,18.54,4.21,826.49,0.06856550970363623
2001-02-21,0.0,404.38,19.16,2.62,733.03,0.06285171722833321
2001-02-22,0.0,396.04,19.31,3.45,777.18,0.05713792475303019
2001-02-23,0.0,342.29,15.09,2.88,757.98,0.052566890772787776
2001-02-24,0.0,380.63,12.17,-1.56,551.35,0.04113930582218174
2001-02-25,0.0,320.3,12.21,1.53,685.76,0.03771103033699992
2001-02-26,6.37,189.95,11.54,3.27,774.85,0.03942516807959083
2001-02-27,0.0,337.76,13.74,2.33,724.6,0.042282064317242345
2001-02-28,10.9,210.2,11.28,2.08,712.64,0.06285171722833321
2001-03-01,7.85,263.5,12.26,0.41,634.47,0.1771275667343936
2001-03-02,0.0,408.79,14.74,-0.12,609.17,0.2399792839627268
2001-03-03,0.0,366.65,13.89,1.44,681.19,0.22283790653681776
2001-03-04,0.0,409.38,16.15,1.57,686.3,0.18855515168499964
2001-03-05,0.0,341.55,17.34,6.05,937.14,0.1542723968331815
2001-03-06,0.0,343.49,18.64,7.56,1039.56,0.12570343445666643
2001-03-07,19.46,249.78,15.68,5.28,899.08,0.6113757948574231
2001-03-08,19.38,227.98,13.89,4.95,876.47,1.1541860800112098
2001-03-09,0.0,342.53,14.82,4.65,853.43,0.7313654368387864
2001-03-10,8.25,271.21,13.66,2.79,754.06,0.7656481916906046
2001-03-11,1.65,275.61,8.6,0.61,642.11,0.7827895691165135
2001-03-12,1.66,398.91,14.65,1.09,664.54,0.5999482099068171
2001-03-13,0.0,472.55,18.02,1.83,698.96,0.4856723604007566
2001-03-14,0.0,468.15,18.47,2.69,739.89,0.4113930582218174
2001-03-15,0.0,461.54,18.56,3.34,778.02,0.34282754851818115
2001-03-16,0.0,456.87,19.12,4.09,818.87,0.28568962376515095
2001-03-17,0.0,454.05,18.79,3.97,812.66,0.24569307643802982
2001-03-18,0.0,490.94,20.33,2.88,741.83,0.22855169901212077
2001-03-19,0.0,493.49,23.64,5.45,876.96,0.21712411406151474
2001-03-20,0.0,482.94,25.16,7.58,1008.97,0.1828413592096966
2001-03-21,0.0,484.72,25.83,8.04,1034.89,0.15998618930848452
2001-03-22,0.0,473.39,25.4,8.51,1073.56,0.13141722693196944
2001-03-23,0.0,491.99,24.96,6.95,953.52,0.11427584950606039
2001-03-24,0.0,490.09,25.4,7.61,998.88,0.10284826455545434
2001-03-25,0.0,486.9,25.1,7.6,1000.57,0.08570688712954529
2001-03-26,0.0,482.59,24.33,7.23,976.41,0.07427930217893926
2001-03-27,0.0,477.1,23.03,6.54,943.55,0.06856550970363623
2001-03-28,0.0,479.59,23.37,6.6,946.92,0.06285171722833321
2001-03-29,0.0,463.81,23.51,7.61,1016.3,0.05142413227772717
2001-03-30,0.0,468.52,23.67,7.39,1001.58,0.03885378883206053
2001-03-31,0.0,497.32,25.27,6.9,947.66,0.030854479366636305
2001-04-01,0.0,469.73,25.31,8.68,1082.25,0.026283445386393888
2001-04-02,0.0,418.2,23.58,9.65,1184.77,0.021141032158621172
2001-04-03,0.0,375.65,21.5,9.78,1221.88,0.01885551516849996
2001-04-04,0.0,400.56,21.04,8.48,1115.2,0.015427239683318153
2001-04-05,0.0,388.16,19.25,7.27,1028.45,0.01885551516849996
2001-04-06,35.04,226.59,13.35,4.64,857.42,0.4113930582218174
2001-04-07,0.0,390.19,16.26,4.65,858.19,0.4685309829748475
2001-04-08,0.0,363.93,16.04,5.35,903.38,0.24569307643802982
2001-04-09,0.0,440.46,16.73,3.07,766.38,0.15998618930848452
2001-04-10,6.61,325.17,14.7,1.24,675.27,0.14855860435787852
2001-04-11,0.0,431.3,13.42,0.38,631.28,0.1828413592096966
2001-04-12,0.0,414.26,15.42,3.02,760.32,0.2056965291109087
2001-04-13,0.0,510.63,21.14,3.66,738.06,0.15998618930848452
2001-04-14,0.0,508.15,23.2,5.69,832.03,0.11427584950606039
2001-04-15,0.0,526.65,25.29,6.22,839.44,0.0914206796048483
2001-04-16,0.0,536.14,28.22,7.85,912.58,0.07427930217893926
2001-04-17,0.0,528.4,29.96,9.92,1014.64,0.05713792475303019
2001-04-18,0.0,496.84,29.63,11.71,1171.07,0.048567236040075665
2001-04-19,0.0,389.81,26.7,14.11,1509.41,0.042282064317242345
2001-04-20,0.0,451.94,23.51,9.06,1055.08,0.03542551334687872
2001-04-21,0.33,469.65,18.5,3.72,747.52,0.04513896055489385
2001-04-22,10.72,356.84,15.52,2.05,715.06,0.1542723968331815
2001-04-23,0.0,515.64,21.63,4.43,766.55,0.12570343445666643
2001-04-24,0.0,517.45,26.77,8.95,999.08,0.07999309465424226
2001-04-25,0.0,481.83,29.77,13.45,1365.23,0.05713792475303019
2001-04-26,0.0,486.65,30.49,13.8,1384.33,0.04285344356477264
2001-04-27,0.0,494.08,29.87,13.0,1311.67,0.03713965108946963
2001-04-28,0.0,480.59,28.83,12.83,1302.4,0.03256861710922721
2001-04-29,0.0,514.86,28.47,10.87,1052.3,0.027997583128984798
2001-04-30,0.0,534.79,29.99,11.09,999.75,0.025712066138863586
2001-05-01,0.0,526.82,30.79,12.15,1072.78,0.023426549148742377
2001-05-02,0.0,522.47,29.27,11.15,1020.15,0.02056965291109087
2001-05-03,0.0,476.75,25.01,9.79,1012.24,0.017141377425909057
2001-05-04,0.0,478.99,21.49,6.5,825.72,0.015998618930848453
2001-05-05,0.0,513.81,24.21,7.08,814.34,0.014855860435787849
2001-05-06,0.0,528.19,28.21,9.49,910.83,0.014284481188257548
2001-05-07,0.0,532.41,32.15,12.27,1059.18,0.013141722693196944
2001-05-08,0.0,517.67,34.07,14.42,1222.14,0.011427584950606038
2001-05-09,0.0,499.7,34.72,15.92,1368.37,0.010284826455545435
2001-05-10,0.0,500.42,33.93,15.13,1303.01,0.008570688712954529
2001-05-11,0.0,511.62,34.63,14.94,1264.56,0.007427930217893924
2001-05-12,0.0,463.25,33.69,16.7,1506.75,0.006856550970363623
2001-05-13,0.95,417.23,31.36,16.31,1561.32,0.006856550970363623
2001-05-14,0.0,439.41,30.4,15.16,1429.34,0.005713792475303019
2001-05-15,0.0,482.22,31.09,13.82,1241.23,0.005313827002031808
2001-05-16,0.0,499.09,31.68,13.6,1151.32,0.0048567236040075665
2001-05-17,0.0,506.03,31.89,13.51,1111.14,0.004799585679254537
2001-05-18,0.0,479.1,32.09,15.06,1268.27,0.0045138960554893855
2001-05-19,5.08,416.18,28.97,13.73,1274.32,0.006856550970363623
2001-05-20,0.0,443.84,29.27,14.21,1304.5,0.006285171722833322
2001-05-21,0.0,491.23,32.13,14.39,1215.29,0.004685309829748475
2001-05-22,0.0,471.99,34.15,16.93,1450.57,0.0036568271841939323
2001-05-23,0.0,479.08,35.65,17.76,1497.1,0.0027997583128984795
2001-05-24,0.0,503.63,36.17,16.89,1367.51,0.0022283790653681774
2001-05-25,0.0,492.27,35.77,17.17,1416.68,0.0021141032158621172
2001-05-26,0.0,477.9,35.06,17.31,1456.51,0.0018284135920969662
2001-05-27,0.0,455.81,33.72,17.25,1500.88,0.0018284135920969662
2001-05-28,0.0,484.25,31.49,14.12,1168.39,0.0019998273663560566
2001-05-29,0.0,498.47,31.62,13.5,1108.14,0.0019998273663560566
2001-05-30,0.0,518.81,35.38,15.63,1119.85,0.0019426894416030268
2001-05-31,0.0,502.14,36.6,17.69,1223.24,0.0014284481188257547
2001-06-01,0.0,492.75,36.18,17.84,1257.45,0.0012570343445666642
2001-06-02,0.0,484.72,34.69,16.95,1213.33,0.0011427584950606039
2001-06-03,0.0,454.85,31.46,15.55,1188.03,0.0008570688712954529
2001-06-04,0.0,464.86,30.59,14.41,1095.67,0.0007999309465424227
2001-06-05,0.0,500.27,31.51,13.55,973.33,0.0009142067960484831
2001-06-06,0.0,523.57,34.42,15.16,831.64,0.0009713447208015134
2001-06-07,0.0,536.18,36.33,16.38,765.99,0.0015427239683318155
2001-06-08,0.0,538.42,36.95,16.7,782.89,0.003713965108946962
2001-06-09,0.0,520.42,36.51,17.52,811.63,0.0032568617109227206
2001-06-10,0.0,528.83,35.98,16.7,744.18,0.002742620388145449
2001-06-11,0.0,513.35,35.01,16.75,743.4,0.002685482463392419
2001-06-12,0.0,485.62,33.14,16.51,747.96,0.002685482463392419
2001-06-13,0.0,458.96,30.47,15.38,702.77,0.0025140686891333285
2001-06-14,0.0,525.5,30.36,11.87,527.02,0.0022855169901212077
2001-06-15,0.0,535.85,33.33,13.84,598.22,0.0023426549148742376
2001-06-16,0.0,532.72,35.88,16.21,705.64,0.0023997928396272683
2001-06-17,0.0,528.73,38.03,18.23,814.2,0.0025140686891333285
2001-06-18,0.0,511.16,37.81,18.97,860.02,0.0028568962376515094
2001-06-19,0.0,466.77,36.67,20.38,957.73,0.003085447936663631
2001-06-20,0.0,459.08,36.29,20.46,963.78,0.003085447936663631
2001-06-21,0.0,475.75,36.37,19.75,912.1,0.0038853788832060535
2001-06-22,0.42,421.29,35.49,21.02,1048.52,0.0035425513346878717
2001-06-23,0.0,414.18,35.02,21.28,1071.26,0.0028568962376515094
2001-06-24,0.0,420.84,34.74,20.87,1036.84,0.002742620388145449
2001-06-25,0.0,450.44,33.79,18.87,894.78,0.0029140341624045397
2001-06-26,0.0,473.1,31.79,16.03,738.07,0.003485413409934842
2001-06-27,0.0,489.66,34.11,17.4,790.06,0.0034282754851818116
2001-06-28,0.0,509.47,37.21,19.09,870.11,0.0032568617109227206
2001-06-29,0.0,535.58,39.24,19.22,867.31,0.0031997237861696908
2001-06-30,0.0,497.28,39.18,21.48,1014.32,0.00297117208715757
2001-07-01,0.0,476.94,39.1,22.48,1091.67,0.0025140686891333285
2001-07-02,0.0,490.5,40.12,22.62,1098.31,0.0025140686891333285
2001-07-03,0.0,460.3,39.05,23.11,1161.69,0.0025712066138863588
2001-07-04,0.0,473.93,38.12,21.75,1048.81,0.002685482463392419
2001-07-05,0.0,422.81,34.9,21.13,1045.48,0.0028568962376515094
2001-07-06,0.0,360.8,30.19,19.34,875.92,0.0028568962376515094
2001-07-07,0.0,427.95,32.07,18.84,835.54,0.0025140686891333285
2001-07-08,0.0,361.64,31.03,20.41,935.56,0.0021141032158621172
2001-07-09,0.0,435.1,32.21,19.0,844.61,0.0006285171722833321
2001-07-10,1.1,395.54,32.07,19.6,881.14,0.00045710339802424154
2001-07-11,0.0,444.58,33.67,20.21,915.7,0.00045710339802424154
2001-07-12,0.0,457.12,34.27,20.26,913.45,0.0005142413227772717
2001-07-13,0.0,446.67,35.92,22.27,1039.65,0.00045710339802424154
2001-07-14,0.0,478.86,36.4,21.37,984.27,0.00039996547327121135
2001-07-15,0.0,459.58,34.94,20.91,953.61,0.00028568962376515096
2001-07-16,0.0,525.97,34.62,17.56,762.94,0.00017141377425909055
2001-07-17,0.0,459.56,33.13,19.56,878.29,0.00017141377425909055
2001-07-18,0.0,470.68,33.87,19.92,899.76,0.00017141377425909055
2001-07-19,0.0,487.59,34.73,19.99,900.77,0.00011427584950606039
2001-07-20,0.0,480.22,34.99,20.57,936.37,0.00011427584950606039
2001-07-21,0.0,481.61,35.13,20.69,944.72,5.713792475303019e-05
2001-07-22,0.0,490.92,35.83,20.86,954.2,5.713792475303019e-05
2001-07-23,0.0,437.16,34.6,21.96,1024.99,5.713792475303019e-05
2001-07-24,0.0,517.9,36.1,19.69,880.63,5.713792475303019e-05
2001-07-25,1.9,431.71,33.39,20.13,919.51,5.713792475303019e-05
2001-07-26,1.95,428.8,32.83,19.19,858.1,5.713792475303019e-05
2001-07-27,0.0,523.46,35.8,19.16,851.42,5.713792475303019e-05
2001-07-28,0.0,521.28,36.83,20.19,909.43,5.713792475303019e-05
2001-07-29,0.0,479.25,35.22,20.99,968.82,5.713792475303019e-05
2001-07-30,28.91,349.19,31.05,17.53,795.34,5.713792475303019e-05
2001-07-31,0.0,430.71,31.45,19.62,927.25,5.713792475303019e-05
2001-08-01,1.85,418.73,32.06,20.42,1001.48,5.713792475303019e-05
2001-08-02,0.0,484.15,34.73,20.64,986.62,0.0
2001-08-03,0.0,475.19,35.23,21.53,1048.4,0.0
2001-08-04,0.0,464.09,34.93,21.68,1066.52,0.0
2001-08-05,0.0,494.44,34.54,19.91,941.25,0.0
2001-08-06,0.0,501.53,37.03,21.62,1046.78,0.0
2001-08-07,0.0,493.67,36.56,21.52,1037.2,0.0
2001-08-08,2.31,331.51,30.08,20.58,1139.75,0.0
2001-08-09,13.87,304.09,28.75,17.75,958.72,0.0
2001-08-10,5.8,384.94,30.42,19.06,1090.64,0.0
2001-08-11,0.0,450.15,32.43,19.65,1064.64,0.0
2001-08-12,0.0,443.37,33.04,20.45,1123.95,0.0
2001-08-13,0.0,417.11,32.54,21.0,1188.4,0.0
2001-08-14,0.18,436.11,32.11,19.84,1087.71,0.0
2001-08-15,0.0,506.59,34.19,18.79,974.56,0.0
2001-08-16,0.0,492.6,34.91,20.02,1059.35,0.0
2001-08-17,4.25,448.75,35.42,20.06,1098.36,0.0
2001-08-18,0.0,479.88,34.55,20.19,1059.27,0.0
2001-08-19,0.0,488.95,34.68,19.86,1022.64,0.0
2001-08-20,0.0,471.12,33.7,19.74,1041.28,0.0
2001-08-21,0.0,476.26,33.76,19.54,1025.2,0.0
2001-08-22,0.0,494.32,33.47,18.34,934.98,0.0
2001-08-23,0.0,517.09,34.47,17.91,892.14,0.0
2001-08-24,0.0,520.41,35.77,18.57,929.86,0.0
2001-08-25,0.0,526.34,37.55,19.45,975.22,0.0
2001-08-26,0.0,528.28,38.61,19.93,1009.23,0.0
2001-08-27,0.0,515.47,38.37,20.49,1051.16,0.0
2001-08-28,0.0,497.52,37.35,20.64,1075.68,0.0
2001-08-29,0.0,465.83,35.0,20.16,1080.52,0.0
2001-08-30,0.0,453.25,32.78,18.75,986.81,0.0
2001-08-31,0.0,448.54,32.22,18.32,977.22,0.0
2001-09-01,0.0,485.29,33.64,17.7,903.59,0.0
2001-09-02,0.0,458.01,33.42,18.72,999.46,0.0
2001-09-03,0.0,489.3,35.15,18.42,949.26,0.0
2001-09-04,0.0,484.93,36.0,19.23,1005.28,0.0
2001-09-05,0.0,470.27,35.08,19.15,1018.04,0.0
2001-09-06,0.0,445.16,33.23,18.73,1016.05,0.0
2001-09-07,0.0,476.16,32.58,16.36,845.14,0.0
2001-09-08,0.0,494.47,32.45,14.79,755.69,0.0
2001-09-09,0.0,495.65,33.45,15.31,775.43,0.0
2001-09-10,0.0,475.19,34.75,17.42,914.15,0.0
2001-09-11,0.0,454.32,35.24,18.84,1015.99,0.0
2001-09-12,0.0,428.15,35.37,20.09,1127.14,0.0
2001-09-13,0.0,376.71,33.43,20.48,1250.34,0.0
2001-09-14,0.47,368.52,31.4,18.63,1151.31,0.0
2001-09-15,0.0,386.75,32.05,18.8,1127.89,0.0
2001-09-16,0.0,377.11,31.86,18.98,1166.2,0.0
2001-09-17,0.0,406.61,31.59,17.44,1009.89,0.0
2001-09-18,0.0,455.27,32.79,15.89,857.13,0.0
2001-09-19,0.0,463.66,33.73,15.92,852.44,0.0
2001-09-20,0.0,453.38,34.35,16.85,917.73,0.0
2001-09-21,0.0,433.9,34.82,18.17,1025.94,0.0
2001-09-22,0.0,460.43,35.64,17.08,921.24,0.0
2001-09-23,0.0,456.99,35.82,17.34,936.68,0.0
2001-09-24,0.0,419.99,34.13,17.96,1035.6,0.0
2001-09-25,0.0,412.92,33.03,17.31,1011.71,0.0
2001-09-26,0.0,436.23,33.85,16.57,936.57,0.0
2001-09-27,0.0,454.26,34.61,15.84,865.7,0.0
2001-09-28,0.0,434.91,34.31,16.62,942.26,0.0
2001-09-29,0.0,424.81,34.19,16.86,975.22,0.0
2001-09-30,0.0,423.35,33.27,16.08,910.47,0.0
2001-10-01,0.0,337.78,29.81,17.17,1184.72,0.0
2001-10-02,0.0,289.74,27.42,16.9,1354.32,0.0
2001-10-03,0.17,356.15,29.0,15.51,1036.92,0.0
2001-10-04,0.0,407.27,28.73,12.72,777.77,0.0
2001-10-05,0.0,389.02,28.17,13.06,832.25,0.0
2001-10-06,0.0,350.24,27.41,14.19,982.0,0.0
2001-10-07,6.34,222.2,24.6,13.53,1259.36,0.0
2001-10-08,4.18,255.35,24.72,11.84,1142.07,0.0
2001-10-09,0.0,306.46,22.67,11.54,1041.94,0.0
2001-10-10,0.0,360.52,24.6,11.0,915.76,0.0
2001-10-11,0.0,407.53,25.37,8.93,725.19,0.00011427584950606039
2001-10-12,0.0,384.0,23.47,8.39,737.62,0.00022855169901212077
2001-10-13,0.0,405.56,26.22,9.34,752.06,0.00017141377425909055
2001-10-14,0.0,415.08,28.34,10.11,764.87,0.00028568962376515096
2001-10-15,0.0,422.28,29.42,9.99,744.7,0.0003428275485181811
2001-10-16,0.0,381.64,28.94,12.23,933.07,0.00022855169901212077
2001-10-17,0.0,364.03,29.16,13.37,1041.47,0.0
2001-10-18,0.0,398.52,29.06,10.72,820.91,0.0
2001-10-19,0.0,392.19,29.39,11.21,864.2,0.0
2001-10-20,0.0,367.12,29.19,12.57,990.06,0.0
2001-10-21,0.0,365.08,28.48,11.98,959.76,0.0
2001-10-22,0.0,316.13,26.36,12.84,1119.94,0.0
2001-10-23,0.0,363.51,26.37,10.1,866.25,0.0
2001-10-24,0.0,366.2,26.77,10.1,854.44,0.0
2001-10-25,0.0,364.53,27.8,10.86,886.91,0.0
2001-10-26,0.0,372.74,29.82,11.78,917.99,0.0
2001-10-27,0.0,340.17,29.65,13.72,1103.14,0.0
2001-10-28,0.0,345.86,28.48,12.34,1007.67,0.0
2001-10-29,0.0,364.64,27.8,10.84,614.03,0.0
2001-10-30,0.0,353.2,28.05,11.73,662.98,0.0
2001-10-31,0.0,323.89,26.44,12.07,694.24,0.0
2001-11-01,0.0,292.71,23.44,10.77,690.54,0.0
2001-11-02,0.0,345.62,25.54,9.42,560.67,0.0
2001-11-03,0.0,349.51,27.77,10.95,613.0,0.0
2001-11-04,0.0,289.51,27.04,13.95,844.83,0.0
2001-11-05,3.04,220.94,24.12,11.7,868.64,0.0
2001-11-06,0.0,273.95,23.12,10.95,755.69,0.0
2001-11-07,0.0,290.0,23.79,10.58,685.49,0.0
2001-11-08,0.0,309.97,24.28,9.86,527.23,0.0
2001-11-09,0.0,266.86,22.82,11.01,529.15,0.0
2001-11-10,0.0,279.04,23.78,11.26,527.63,0.0
2001-11-11,0.0,308.48,23.64,9.15,448.38,0.0
2001-11-12,0.0,311.16,23.37,8.7,430.28,0.0
2001-11-13,0.0,293.14,20.61,7.25,397.88,0.0
2001-11-14,0.0,321.29,19.18,3.96,306.75,0.0
2001-11-15,0.0,319.81,20.83,5.47,345.03,0.0
2001-11-16,0.0,322.74,22.6,6.83,357.18,0.0
2001-11-17,0.0,315.3,22.59,7.34,371.25,0.0
2001-11-18,0.0,299.07,21.89,7.78,384.49,5.713792475303019e-05
2001-11-19,0.0,317.19,23.02,7.45,374.11,5.713792475303019e-05
2001-11-20,0.0,304.0,22.07,7.43,376.23,5.713792475303019e-05
2001-11-21,0.0,313.62,21.45,5.97,338.22,5.713792475303019e-05
2001-11-22,0.0,286.93,19.69,6.19,346.39,0.00011427584950606039
2001-11-23,0.0,283.47,17.79,4.51,312.4,5.713792475303019e-05
2001-11-24,0.0,301.98,15.48,1.0,237.6,0.00011427584950606039
2001-11-25,2.62,199.55,12.7,2.86,413.52,0.00011427584950606039
2001-11-26,0.0,276.88,12.04,-0.49,243.09,0.00011427584950606039
2001-11-27,0.0,277.08,9.94,-2.64,217.74,0.00011427584950606039
2001-11-28,0.0,279.96,10.37,-2.27,223.12,0.00011427584950606039
2001-11-29,0.0,240.41,9.63,-0.66,303.21,5.713792475303019e-05
2001-11-30,0.0,209.53,11.17,2.35,406.49,0.00011427584950606039
2001-12-01,0.0,288.14,15.36,2.06,271.12,0.00011427584950606039
2001-12-02,0.0,305.1,17.97,3.2,287.76,0.00011427584950606039
2001-12-03,0.0,300.56,17.93,3.45,300.55,0.00011427584950606039
2001-12-04,15.76,193.09,14.46,2.7,427.05,0.00022855169901212077
2001-12-05,15.17,213.75,12.33,-1.67,422.19,0.00022855169901212077
2001-12-06,0.0,313.6,15.92,-0.72,431.9,0.00022855169901212077
2001-12-07,0.0,309.52,16.97,0.6,469.85,0.00022855169901212077
2001-12-08,0.0,276.17,14.64,1.09,530.26,0.00017141377425909055
2001-12-09,0.0,272.71,14.43,1.05,534.74,0.00017141377425909055
2001-12-10,0.0,236.27,11.37,0.4,560.46,0.00017141377425909055
2001-12-11,2.4,159.91,8.02,-0.36,596.99,0.00017141377425909055
2001-12-12,0.0,179.17,5.69,-1.85,537.79,0.00022855169901212077
2001-12-13,1.02,277.09,8.13,-4.99,380.12,0.00017141377425909055
2001-12-14,0.0,289.28,10.17,-3.58,405.68,0.00022855169901212077
2001-12-15,0.0,242.63,8.05,-2.54,477.87,0.0003428275485181811
2001-12-16,0.0,272.51,8.86,-3.56,424.23,0.0003428275485181811
2001-12-17,0.0,312.16,14.68,-1.61,429.23,0.00028568962376515096
2001-12-18,0.0,315.04,15.61,-1.3,430.79,0.0003428275485181811
2001-12-19,0.0,316.21,17.45,-0.0,461.4,0.0003428275485181811
2001-12-20,0.0,296.92,18.1,2.6,570.62,0.0003428275485181811
2001-12-21,0.0,277.82,14.07,0.24,514.97,0.0003428275485181811
2001-12-22,0.0,292.68,11.63,-2.96,415.45,0.00039996547327121135
2001-12-23,0.0,259.91,10.44,-1.62,486.33,0.00039996547327121135
2001-12-24,0.0,268.87,11.2,-1.52,477.61,0.00039996547327121135
2001-12-25,0.0,304.47,14.14,-1.81,429.78,0.00039996547327121135
2001-12-26,0.0,316.51,15.53,-1.96,410.02,0.0003428275485181811
2001-12-27,0.0,293.72,14.75,-0.37,480.72,0.0003428275485181811
2001-12-28,0.0,275.53,14.42,0.8,541.92,0.00039996547327121135
2001-12-29,0.0,209.99,14.0,4.41,781.25,0.00045710339802424154
2001-12-30,0.0,227.89,15.03,4.45,757.31,0.0005713792475303019
2001-12-31,0.18,194.86,12.01,3.23,731.55,0.0006856550970363622
2002-01-01,0.0,261.66,13.07,0.7,571.84,0.0007999309465424227
2002-01-02,0.0,225.29,12.27,2.08,664.55,0.0007999309465424227
2002-01-03,0.0,241.18,13.42,2.39,661.37,0.0007999309465424227
2002-01-04,0.0,265.32,12.62,0.06,538.75,0.0007999309465424227
2002-01-05,0.0,294.02,14.63,0.07,511.35,0.0007427930217893925
2002-01-06,0.0,303.06,16.92,1.49,543.34,0.0007427930217893925
2002-01-07,0.0,293.63,18.64,3.94,643.58,0.0007999309465424227
2002-01-08,0.0,316.22,21.71,4.73,632.46,0.0007999309465424227
2002-01-09,0.0,271.44,19.22,6.04,767.26,0.0007999309465424227
2002-01-10,0.0,230.83,16.38,6.03,842.18,0.0007999309465424227
2002-01-11,0.0,283.77,17.53,4.03,661.09,0.0007999309465424227
2002-01-12,0.0,317.54,19.33,3.06,572.37,0.0007427930217893925
2002-01-13,0.0,324.8,18.53,1.78,519.79,0.0005713792475303019
2002-01-14,0.0,327.43,17.66,0.87,489.44,0.0005713792475303019
2002-01-15,0.0,288.8,15.86,2.19,581.74,0.0005713792475303019
2002-01-16,0.0,187.42,12.59,4.64,780.68,0.0006285171722833321
2002-01-17,0.0,277.48,12.26,0.09,499.03,0.0006285171722833321
2002-01-18,0.0,301.59,11.34,-2.26,408.81,0.0006285171722833321
2002-01-19,0.0,333.1,12.65,-3.32,350.97,0.0006285171722833321
2002-01-20,0.0,327.36,11.97,-3.32,356.27,0.0006285171722833321
2002-01-21,0.0,344.69,15.74,-1.19,381.52,0.0006285171722833321
2002-01-22,0.0,314.83,13.64,-0.59,432.26,0.0005142413227772717
2002-01-23,0.0,281.64,10.64,-1.19,453.45,0.0005142413227772717
2002-01-24,0.0,313.25,10.48,-3.06,376.21,0.0005142413227772717
2002-01-25,0.0,353.88,16.27,-0.61,339.26,0.0005142413227772717
2002-01-26,0.0,351.61,17.03,0.67,330.42,0.0005142413227772717
2002-01-27,0.0,316.94,16.13,2.46,417.78,0.0005142413227772717
2002-01-28,0.0,244.51,13.71,4.02,579.48,0.0005142413227772717
2002-01-29,0.0,225.89,10.35,1.78,544.17,0.0006285171722833321
2002-01-30,5.14,197.77,7.8,-2.23,453.96,0.0007427930217893925
2002-01-31,0.4,318.3,6.22,-6.76,282.73,0.0006856550970363622
2002-02-01,0.0,350.11,10.51,-4.0,303.08,0.0006856550970363622
2002-02-02,0.0,302.92,11.76,0.01,430.69,0.0007427930217893925
2002-02-03,0.0,361.6,14.62,-0.63,344.05,0.0007999309465424227
2002-02-04,0.0,336.47,15.55,1.75,422.3,0.0007999309465424227
2002-02-05,0.0,338.53,14.37,0.65,394.39,0.0007427930217893925
2002-02-06,0.0,383.88,16.1,-0.96,306.92,0.0006856550970363622
2002-02-07,0.0,390.82,18.03,0.37,322.58,0.0006856550970363622
2002-02-08,0.0,386.42,17.79,0.61,308.18,0.0006856550970363622
2002-02-09,0.0,361.12,15.69,0.64,339.65,0.0006285171722833321
2002-02-10,0.0,344.23,15.38,1.61,383.2,0.0006285171722833321
2002-02-11,0.0,398.35,18.47,0.84,296.21,0.0006856550970363622
2002-02-12,0.0,411.13,19.91,1.15,283.32,0.0006856550970363622
2002-02-13,0.0,395.66,19.43,2.38,324.0,0.0006856550970363622
2002-02-14,0.0,368.28,18.7,3.8,389.37,0.0007427930217893925
2002-02-15,0.0,383.33,19.6,3.65,363.03,0.0007427930217893925
2002-02-16,0.0,378.54,21.31,5.67,408.7,0.0007427930217893925
2002-02-17,0.0,384.89,20.11,4.28,370.45,0.0005713792475303019
2002-02-18,0.0,288.98,14.54,4.02,515.48,0.0005713792475303019
2002-02-19,0.0,385.66,14.66,-0.43,291.12,0.0006285171722833321
2002-02-20,0.0,410.99,18.31,1.49,290.77,0.0006285171722833321
2002-02-21,0.0,409.55,20.1,3.2,324.53,0.0005713792475303019
2002-02-22,0.0,426.09,23.3,5.14,338.74,0.0005142413227772717
2002-02-23,0.0,401.37,22.71,6.49,398.48,0.00045710339802424154
2002-02-24,0.0,428.11,21.71,3.83,315.55,0.00039996547327121135
2002-02-25,0.0,438.99,22.64,3.84,311.45,0.00039996547327121135
2002-02-26,0.0,418.77,20.69,3.7,325.63,0.00017141377425909055
2002-02-27,0.0,407.99,21.02,4.97,346.98,0.0
2002-02-28,0.0,391.82,20.67,5.54,343.09,0.0
2002-03-01,0.0,432.8,19.47,1.76,250.01,0.0
2002-03-02,0.0,396.64,12.09,-2.85,177.31,0.0
2002-03-03,0.0,435.96,12.44,-5.02,141.21,0.0
2002-03-04,0.0,453.58,17.75,-1.23,199.32,0.0
2002-03-05,0.0,455.86,19.74,0.49,226.37,0.0
2002-03-06,0.0,447.48,20.62,2.15,246.84,0.0
2002-03-07,0.0,379.54,18.59,4.48,304.26,0.0
2002-03-08,6.02,255.21,16.22,4.07,333.41,0.00011427584950606039
2002-03-09,0.0,447.16,20.45,2.75,265.81,0.00011427584950606039
2002-03-10,0.0,439.36,22.95,5.79,333.27,0.00011427584950606039
2002-03-11,0.0,461.68,23.3,4.6,306.02,0.00011427584950606039
2002-03-12,0.0,454.98,24.76,6.49,343.55,0.00011427584950606039
2002-03-13,0.0,449.31,23.59,6.0,337.13,0.00011427584950606039
2002-03-14,0.0,482.95,21.92,1.97,252.54,0.00011427584950606039
2002-03-15,0.0,423.41,14.08,-1.22,201.19,0.00011427584950606039
2002-03-16,0.0,362.46,10.76,-1.47,215.35,0.00017141377425909055
2002-03-17,0.0,396.59,13.63,0.06,219.59,0.00022855169901212077
2002-03-18,0.0,321.31,13.39,3.02,276.34,0.00022855169901212077
2002-03-19,0.0,445.29,17.5,1.61,242.74,0.00022855169901212077
2002-03-20,0.0,489.84,23.18,3.92,293.23,0.00017141377425909055
2002-03-21,0.0,493.06,26.68,6.9,357.7,0.00017141377425909055
2002-03-22,0.0,458.16,26.47,9.21,422.48,0.00011427584950606039
2002-03-23,0.0,454.46,24.15,7.42,371.9,0.00011427584950606039
2002-03-24,0.0,432.96,19.73,4.65,306.81,0.00017141377425909055
2002-03-25,0.0,462.18,18.75,2.29,257.77,0.00017141377425909055
2002-03-26,0.0,477.57,22.18,4.72,309.04,0.00017141377425909055
2002-03-27,0.0,477.68,23.75,6.31,342.76,0.00017141377425909055
2002-03-28,0.0,471.69,24.23,7.24,367.59,0.00017141377425909055
2002-03-29,2.37,389.42,21.75,7.19,366.17,0.00028568962376515096
2002-03-30,0.0,477.18,22.76,5.73,331.84,0.00022855169901212077
2002-03-31,0.0,498.83,27.47,8.89,414.19,0.00017141377425909055
2002-04-01,0.0,497.49,28.47,9.8,441.9,0.00011427584950606039
2002-04-02,0.0,503.57,28.32,9.4,429.47,0.00011427584950606039
2002-04-03,0.0,481.39,27.87,10.59,465.76,0.00011427584950606039
2002-04-04,0.0,498.76,28.18,9.9,443.3,5.713792475303019e-05
2002-04-05,0.0,481.33,27.41,10.42,460.79,5.713792475303019e-05
2002-04-06,3.68,362.78,24.69,9.14,422.99,0.00022855169901212077
2002-04-07,3.35,322.45,19.3,6.73,357.11,0.00017141377425909055
2002-04-08,0.0,473.82,23.2,7.19,368.96,0.00022855169901212077
2002-04-09,0.0,495.07,25.86,8.57,405.92,0.00017141377425909055
2002-04-10,0.0,496.7,26.72,9.34,427.04,0.00011427584950606039
2002-04-11,0.0,507.35,28.63,10.55,464.29,5.713792475303019e-05
2002-04-12,0.0,501.02,28.98,11.35,492.98,0.0
2002-04-13,0.0,485.19,30.54,13.86,583.94,0.0
2002-04-14,0.0,514.53,31.73,13.14,556.15,0.0
2002-04-15,0.0,479.37,29.51,13.16,562.13,0.0
2002-04-16,0.0,424.53,23.81,10.41,466.51,0.0
2002-04-17,0.0,422.56,22.25,9.01,417.81,0.0
2002-04-18,0.0,487.89,23.52,7.26,370.71,0.0
2002-04-19,0.0,479.99,22.61,6.93,362.1,0.0
2002-04-20,0.0,491.37,20.94,4.89,313.11,0.0
2002-04-21,0.0,530.59,23.55,5.02,314.42,0.0
2002-04-22,0.0,554.37,27.94,7.43,370.21,0.0
2002-04-23,0.0,527.72,28.82,10.05,446.91,0.0
2002-04-24,0.0,533.9,30.2,10.87,475.82,0.0
2002-04-25,0.0,401.56,28.6,16.16,694.52,0.0
2002-04-26,0.03,486.35,26.59,10.63,474.48,0.0
2002-04-27,0.0,407.42,20.23,8.09,393.92,0.0
2002-04-28,0.0,503.53,24.52,7.94,387.74,0.0
2002-04-29,0.0,447.2,26.76,12.8,545.01,0.0
2002-04-30,0.0,512.79,26.62,9.64,437.14,0.0
2002-05-01,0.0,497.15,24.95,9.01,424.87,0.0
2002-05-02,0.0,496.53,21.08,5.47,326.2,0.0
2002-05-03,0.0,527.02,24.73,7.34,371.31,0.0
2002-05-04,0.0,543.43,27.67,9.03,417.7,0.0
2002-05-05,0.0,530.69,27.94,10.04,448.22,0.0
2002-05-06,0.0,537.22,28.87,10.46,461.49,0.0
2002-05-07,0.0,517.92,27.78,10.54,467.13,0.0
2002-05-08,0.0,502.9,27.71,11.3,491.63,0.0
2002-05-09,0.0,523.32,28.75,11.17,486.43,0.0
2002-05-10,0.0,514.32,29.2,12.09,519.34,0.0
2002-05-11,0.0,514.27,27.75,10.82,478.94,0.0
2002-05-12,0.0,553.66,29.04,9.55,437.43,0.0
2002-05-13,0.0,535.76,32.47,13.77,580.67,0.0
2002-05-14,0.0,511.34,33.19,15.9,678.88,0.0
2002-05-15,0.0,525.98,32.0,13.94,590.25,0.0
2002-05-16,0.0,527.45,31.51,13.34,563.98,0.0
2002-05-17,0.0,539.66,32.58,13.37,566.1,0.0
2002-05-18,0.0,533.25,33.43,14.45,611.65,0.0
2002-05-19,0.0,514.54,32.51,14.74,624.57,0.0
2002-05-20,0.0,514.57,30.89,13.27,563.79,0.0
2002-05-21,0.0,544.04,28.25,9.07,424.81,0.0
2002-05-22,0.0,512.78,23.94,7.03,365.75,0.0
2002-05-23,0.0,525.71,25.87,8.12,391.19,0.0
2002-05-24,0.0,544.28,28.82,9.76,440.97,0.0
2002-05-25,0.0,528.77,30.39,11.97,512.9,0.0
2002-05-26,0.0,492.01,29.79,13.43,567.36,0.0
2002-05-27,0.0,513.38,30.05,12.45,531.66,0.0
2002-05-28,0.0,541.87,32.62,12.96,549.46,0.0
2002-05-29,0.0,534.11,35.66,16.05,683.6,0.0
2002-05-30,0.0,538.17,37.99,17.58,760.98,0.0
2002-05-31,0.0,521.86,38.37,18.99,839.42,0.0
2002-06-01,0.0,480.73,36.17,19.36,863.21,0.0
2002-06-02,0.0,507.29,33.98,15.96,681.91,0.0
2002-06-03,0.0,470.59,31.92,16.07,691.91,0.0
2002-06-04,0.0,509.55,31.37,13.53,573.69,0.0
2002-06-05,0.0,521.24,34.82,15.96,681.02,0.0
2002-06-06,0.0,523.33,36.98,17.63,768.14,0.0
2002-06-07,0.0,511.3,37.35,18.67,821.56,0.0
2002-06-08,0.0,471.66,36.03,19.66,879.12,0.0
2002-06-09,0.0,450.07,34.58,19.4,865.7,0.0
2002-06-10,0.0,504.25,33.35,15.61,667.64,0.0
2002-06-11,0.0,511.64,33.13,15.03,640.22,0.0
2002-06-12,0.0,518.72,34.84,16.13,689.94,0.0
2002-06-13,0.0,533.04,36.77,16.87,726.8,0.0
2002-06-14,0.0,505.26,37.46,19.12,847.78,0.0
2002-06-15,0.0,500.2,36.78,18.84,831.93,0.0
2002-06-16,0.0,513.3,37.18,18.46,812.75,0.0
2002-06-17,0.0,516.6,37.21,18.27,801.72,0.0
2002-06-18,0.0,523.99,37.35,17.89,780.36,0.0
2002-06-19,0.0,531.42,37.88,17.81,776.76,0.0
2002-06-20,0.0,509.73,37.63,18.97,841.47,0.0
2002-06-21,0.0,495.21,36.75,18.99,840.05,0.0
2002-06-22,0.0,515.4,36.28,17.41,755.22,0.0
2002-06-23,0.0,520.22,37.13,17.85,777.95,0.0
2002-06-24,0.0,522.14,37.97,18.41,808.07,0.0
2002-06-25,0.0,502.77,39.09,20.47,923.14,0.0
2002-06-26,0.0,479.98,38.97,21.62,995.88,0.0
2002-06-27,0.0,492.75,38.38,20.5,928.94,0.0
2002-06-28,0.0,530.89,38.05,17.89,780.52,0.0
2002-06-29,0.0,499.02,37.54,19.44,867.47,0.0
2002-06-30,0.0,499.75,38.04,19.86,890.52,0.0
2002-07-01,0.0,486.35,39.36,21.74,1005.82,0.0
2002-07-02,0.0,466.32,39.14,22.56,1056.71,0.0
2002-07-03,0.0,425.96,36.89,22.45,1055.55,0.0
2002-07-04,0.0,472.55,36.2,19.74,882.78,0.0
2002-07-05,0.0,486.51,36.35,19.2,853.97,0.0
2002-07-06,0.0,493.5,37.5,19.88,890.41,0.0
2002-07-07,0.0,495.15,38.4,20.59,930.68,0.0
2002-07-08,0.0,492.59,39.1,21.31,979.4,0.0
2002-07-09,0.0,431.28,38.61,23.84,1160.19,0.0
2002-07-10,0.94,399.07,37.01,22.95,1091.24,0.0
2002-07-11,0.0,447.62,37.67,22.37,1051.07,0.0
2002-07-12,0.0,467.2,38.31,22.1,1035.95,0.0
2002-07-13,0.0,456.41,38.32,22.65,1064.45,0.0
2002-07-14,0.0,451.04,37.6,22.36,1059.38,0.0
2002-07-15,12.07,373.74,36.21,18.7,828.11,0.0
2002-07-16,1.8,371.78,32.33,20.51,930.06,0.0
2002-07-17,0.0,384.82,32.59,20.73,944.58,0.0
2002-07-18,0.0,393.05,33.57,21.44,989.15,0.0
2002-07-19,0.0,451.9,35.17,20.68,940.91,0.0
2002-07-20,0.0,465.89,35.09,20.09,906.52,0.0
2002-07-21,0.0,476.04,36.23,20.69,944.78,0.0
2002-07-22,0.0,461.05,35.59,20.89,959.98,0.0
2002-07-23,0.0,454.58,35.38,21.09,969.3,0.0
2002-07-24,9.47,357.25,35.08,19.86,896.25,0.0
2002-07-25,0.0,454.08,35.54,21.4,987.72,0.0
2002-07-26,0.0,446.01,35.54,21.84,1018.08,0.0
2002-07-27,0.0,401.88,33.57,21.84,1024.8,0.0
2002-07-28,0.0,468.52,34.31,20.05,907.99,0.0
2002-07-29,0.0,524.86,37.2,19.75,884.88,0.0
2002-07-30,0.0,456.86,34.97,21.19,971.89,0.0
2002-07-31,0.0,417.56,33.97,21.97,1030.47,0.0
2002-08-01,0.0,442.22,34.79,21.86,1023.28,0.0
2002-08-02,0.0,405.5,32.96,21.57,1010.07,0.0
2002-08-03,0.0,440.35,33.6,20.94,964.3,0.0
2002-08-04,0.0,374.33,31.11,21.04,985.39,0.0
2002-08-05,0.0,429.01,31.48,19.7,887.18,0.0
2002-08-06,7.37,360.63,31.59,17.76,791.54,0.0
2002-08-07,0.0,495.37,33.68,19.19,854.81,0.0
2002-08-08,0.0,505.85,35.92,20.6,936.08,0.0
2002-08-09,0.0,507.34,37.9,22.16,1035.11,0.0
2002-08-10,0.0,512.81,38.44,22.28,1043.29,0.0
2002-08-11,0.0,503.6,37.63,22.08,1033.64,0.0
2002-08-12,0.0,506.43,37.29,21.63,1003.64,0.0
2002-08-13,0.0,486.91,36.78,22.1,1041.76,0.0
2002-08-14,0.0,491.45,36.95,22.1,1037.45,0.0
2002-08-15,0.0,505.11,37.44,21.66,1011.4,0.0
2002-08-16,0.0,493.78,36.31,21.09,967.86,0.0
2002-08-17,0.0,488.45,36.17,21.13,970.12,0.0
2002-08-18,0.0,478.7,36.46,21.83,1017.95,0.0
2002-08-19,0.0,460.42,34.46,20.84,962.79,0.0
2002-08-20,0.0,439.07,32.47,19.96,909.1,0.0
2002-08-21,0.0,472.82,32.7,18.73,835.01,0.0
2002-08-22,0.0,492.8,33.58,18.53,820.97,0.0
2002-08-23,0.0,525.11,34.25,17.16,744.65,0.0
2002-08-24,0.0,548.58,35.89,16.59,712.74,0.0
2002-08-25,0.0,561.99,37.11,16.0,682.8,0.0
2002-08-26,0.0,540.74,37.32,17.66,770.07,0.0
2002-08-27,0.0,534.93,37.45,17.9,782.1,0.0
2002-08-28,0.0,515.89,36.5,18.51,817.92,0.05142413227772717
2002-08-29,10.39,339.72,33.59,18.9,880.2,0.002685482463392419
2002-08-30,0.0,477.67,35.52,19.58,889.21,0.0
2002-08-31,0.0,494.87,36.36,19.15,861.53,0.0
2002-09-01,0.0,457.8,36.15,20.81,964.23,0.0
2002-09-02,0.0,473.66,36.26,19.91,907.96,0.0
2002-09-03,0.0,466.07,36.25,20.04,917.47,0.0
2002-09-04,0.0,474.25,37.15,20.18,923.57,0.0
2002-09-05,0.0,429.56,36.53,21.82,1039.23,0.0
2002-09-06,4.04,322.14,35.52,20.51,1011.01,0.0
2002-09-07,12.56,306.22,31.02,17.14,959.62,0.02171241140615147
2002-09-08,3.77,206.78,25.77,17.3,1612.08,0.0008570688712954529
2002-09-09,7.82,160.5,23.8,17.03,1837.52,0.0
2002-09-10,10.32,259.44,27.84,16.5,1516.69,0.0
2002-09-11,9.41,286.59,29.49,16.45,1514.9,0.0
2002-09-12,0.0,413.63,30.82,16.57,1292.79,0.0
2002-09-13,0.0,439.94,31.96,16.2,1200.34,0.0
2002-09-14,0.0,417.35,32.4,17.51,1349.19,0.0
2002-09-15,0.0,401.83,32.96,18.62,1486.08,0.0
2002-09-16,0.0,401.82,32.93,18.57,1485.52,0.0
2002-09-17,0.0,393.58,31.83,17.92,1456.78,0.0
2002-09-18,0.0,342.49,29.78,18.15,1649.86,0.0
2002-09-19,0.0,417.54,29.56,14.73,1176.72,0.0
2002-09-20,0.0,444.82,30.94,14.3,1079.18,0.0
2002-09-21,0.0,461.67,33.16,14.88,1074.85,0.0
2002-09-22,0.0,461.8,34.68,15.86,1135.85,0.0
2002-09-23,0.0,442.33,35.11,17.31,1288.64,0.0
2002-09-24,0.0,410.43,34.32,18.43,1465.62,0.0
2002-09-25,0.0,418.5,34.18,17.88,1400.6,0.0
2002-09-26,0.0,420.35,33.84,17.4,1360.93,0.0
2002-09-27,0.0,414.77,32.0,16.12,1280.34,0.0
2002-09-28,0.0,370.36,28.54,15.29,1334.08,0.0
2002-09-29,0.0,351.82,27.39,14.98,1353.66,0.0
2002-09-30,0.0,420.18,26.85,11.29,970.16,0.0
2002-10-01,0.0,353.18,25.17,12.9,1203.56,0.0
2002-10-02,0.0,341.95,22.46,10.98,1125.29,0.0
2002-10-03,0.0,424.65,19.73,4.45,654.25,0.0
2002-10-04,0.0,435.62,23.39,6.94,738.35,0.0
2002-10-05,0.0,444.76,26.53,8.71,797.01,0.0
2002-10-06,0.0,441.21,28.7,10.54,896.17,0.0
2002-10-07,0.0,381.38,27.43,13.02,1166.03,0.0
2002-10-08,0.0,404.62,28.5,12.24,1064.74,0.0
2002-10-09,0.0,402.53,29.56,12.81,1094.97,0.0
2002-10-10,0.0,397.74,29.94,13.06,1120.98,0.0
2002-10-11,0.0,382.54,28.77,12.76,1132.46,0.0
2002-10-12,0.0,345.27,27.16,13.24,1247.09,0.0
2002-10-13,0.0,356.79,27.54,13.0,1217.97,0.0
2002-10-14,0.0,356.45,28.17,13.59,1164.69,0.0
2002-10-15,0.0,354.52,28.11,13.47,1148.84,0.0
2002-10-16,0.0,361.13,27.95,12.8,1090.14,0.0
2002-10-17,6.04,262.19,26.01,11.1,1174.78,0.0
2002-10-18,0.0,342.65,22.17,8.25,911.26,0.0
2002-10-19,0.0,357.88,23.84,8.74,912.34,0.0
2002-10-20,0.0,329.67,24.01,10.37,1056.44,0.0
2002-10-21,0.0,337.72,24.55,10.37,1041.89,0.0
2002-10-22,0.0,325.66,23.67,10.23,1058.6,0.0
2002-10-23,0.0,292.35,22.06,10.49,1080.68,0.0
2002-10-24,0.0,311.44,21.27,8.87,951.92,0.0
2002-10-25,0.0,340.58,22.09,7.97,846.32,0.0
2002-10-26,6.51,222.65,19.89,7.89,1022.54,0.0
2002-10-27,4.16,186.43,15.98,6.56,981.61,0.0
2002-10-28,0.0,317.21,17.74,5.1,803.22,0.0
2002-10-29,0.0,307.8,18.38,5.98,854.04,0.0
2002-10-30,0.0,326.49,20.58,6.92,880.37,0.0
2002-10-31,0.0,342.12,21.3,6.42,830.27,0.0
2002-11-01,0.0,326.99,21.08,6.94,881.06,0.0
2002-11-02,0.0,321.44,20.78,6.91,888.21,0.0
2002-11-03,0.0,264.87,19.53,8.65,1068.81,0.0
2002-11-04,0.0,330.79,19.5,5.12,785.38,0.0
2002-11-05,0.0,367.9,20.24,2.89,609.02,0.0
2002-11-06,0.0,362.23,22.59,5.11,702.74,0.0
2002-11-07,0.0,344.36,22.89,6.6,797.01,0.0
2002-11-08,0.0,235.19,19.21,9.44,1126.65,0.0
2002-11-09,3.32,177.15,18.36,10.68,1277.49,0.0
2002-11-10,0.0,233.93,19.04,9.72,1199.0,0.0
2002-11-11,0.0,322.51,18.91,4.72,760.51,0.0
2002-11-12,0.0,312.87,20.03,6.25,848.54,0.0
2002-11-13,0.0,300.05,21.02,7.84,955.06,0.0
2002-11-14,0.0,329.51,20.43,5.07,764.27,0.0
2002-11-15,0.0,294.54,18.14,5.25,811.91,0.0
2002-11-16,0.0,318.0,19.29,4.76,769.86,0.0
2002-11-17,0.0,325.96,20.28,4.8,760.35,0.0
2002-11-18,0.0,324.67,19.44,3.84,714.78,0.0
2002-11-19,0.0,340.73,21.29,3.73,686.73,0.0
2002-11-20,0.0,328.95,22.81,5.89,804.05,0.0
2002-11-21,0.0,328.91,24.63,7.13,865.77,0.0
2002-11-22,0.0,315.65,24.16,7.68,918.54,0.0
2002-11-23,0.0,317.9,22.43,5.68,807.69,0.0
2002-11-24,0.0,308.65,19.98,4.12,745.09,0.0
2002-11-25,0.0,282.76,16.83,3.02,715.63,0.0
2002-11-26,0.0,263.76,15.57,3.1,742.61,0.0
2002-11-27,0.0,245.01,16.8,5.33,884.76,0.0
2002-11-28,0.0,226.42,16.15,5.63,871.44,0.0
2002-11-29,8.32,159.79,16.45,6.6,975.29,0.0
2002-11-30,10.12,112.87,14.23,7.54,1046.95,0.0
2002-12-01,0.0,244.42,15.38,4.09,817.04,0.0
2002-12-02,0.0,211.01,13.54,4.29,832.41,0.0
2002-12-03,0.0,211.98,12.69,3.39,784.8,0.0
2002-12-04,0.0,256.11,14.32,2.51,732.0,0.0
2002-12-05,0.0,286.75,16.71,2.59,718.81,0.0
2002-12-06,0.0,254.03,16.31,4.54,832.9,0.0
2002-12-07,0.0,243.47,15.21,4.29,796.84,0.0
2002-12-08,0.0,268.01,14.93,2.4,667.41,0.0
2002-12-09,0.0,258.03,14.87,2.93,675.97,0.0
2002-12-10,0.0,261.16,15.31,3.08,619.57,0.0
2002-12-11,0.0,262.62,14.4,2.23,518.16,0.0
2002-12-12,0.0,284.42,14.75,1.01,451.21,0.0
2002-12-13,0.0,284.77,15.43,1.59,466.32,0.0
2002-12-14,0.0,294.58,17.1,2.33,467.84,0.0
2002-12-15,0.0,268.91,17.11,4.23,568.2,0.0
2002-12-16,0.0,270.64,15.43,2.45,509.3,0.0
2002-12-17,6.58,145.36,12.34,3.86,767.34,0.0
2002-12-18,2.72,197.68,10.32,0.44,581.86,0.0
2002-12-19,0.0,286.04,10.07,-3.23,407.1,0.0
2002-12-20,0.39,282.93,11.9,-1.96,430.94,0.0
2002-12-21,0.0,277.44,9.89,-2.69,420.18,0.0
2002-12-22,0.0,226.72,6.39,-2.75,473.81,0.0
2002-12-23,6.04,124.5,5.7,-0.62,584.58,0.0
2002-12-24,0.0,222.55,6.05,-2.48,509.75,0.0
2002-12-25,0.0,281.77,9.13,-2.81,454.08,0.0
2002-12-26,0.0,310.21,11.07,-3.25,408.91,0.0
2002-12-27,0.0,319.35,13.93,-1.68,437.65,0.0
2002-12-28,0.0,315.81,16.03,0.45,500.03,0.0
2002-12-29,0.0,298.77,14.83,0.82,531.49,0.0
2002-12-30,0.0,297.09,12.12,-1.62,461.52,0.0
2002-12-31,0.0,298.87,13.34,-0.7,488.56,0.0
2003-01-01,0.0,276.23,13.32,-1.07,556.3,0.0
2003-01-02,0.0,286.56,16.19,0.82,628.89,0.0
2003-01-03,0.0,293.56,19.4,3.1,732.28,0.0
2003-01-04,0.0,298.02,21.12,4.23,783.66,0.0
2003-01-05,0.0,298.12,21.11,4.31,788.95,0.0
2003-01-06,0.0,240.65,17.72,5.59,886.26,0.0
2003-01-07,0.0,231.61,19.12,7.58,1027.93,0.0
2003-01-08,6.76,125.05,16.78,8.62,1129.41,0.0
2003-01-09,5.08,152.86,14.25,5.4,907.88,0.0
2003-01-10,0.0,232.63,15.13,3.99,805.51,0.0
2003-01-11,0.0,240.13,15.15,3.68,787.44,0.0
2003-01-12,0.0,266.57,16.09,3.04,742.73,0.0
2003-01-13,0.0,293.03,18.96,3.81,764.48,0.0
2003-01-14,0.0,310.15,21.01,4.26,767.93,0.0
2003-01-15,0.0,302.38,19.79,4.0,760.31,0.0
2003-01-16,0.0,309.58,20.53,4.17,761.58,0.0
2003-01-17,0.0,295.25,20.11,5.1,822.37,0.0
2003-01-18,0.0,296.02,19.94,5.05,821.16,0.0
2003-01-19,0.0,319.21,20.15,3.47,719.38,0.0
2003-01-20,0.0,297.56,19.06,4.35,779.23,0.0
2003-01-21,1.01,259.93,15.91,3.88,788.55,0.0
2003-01-22,0.0,292.95,16.83,2.98,724.93,0.0
2003-01-23,0.0,312.06,20.39,4.92,802.59,0.0
2003-01-24,0.0,304.09,20.79,5.97,862.6,0.0
2003-01-25,0.0,307.42,20.25,5.34,822.96,0.0
2003-01-26,0.0,319.59,21.41,5.72,832.73,0.0
2003-01-27,0.0,332.1,22.31,5.65,811.28,0.0
2003-01-28,0.0,336.89,21.05,4.17,728.31,0.0
2003-01-29,0.0,322.49,20.81,5.4,808.62,0.0
2003-01-30,0.0,341.9,21.88,5.0,766.23,0.0
2003-01-31,0.0,350.0,23.99,6.19,809.29,0.0
2003-02-01,0.0,334.52,22.98,6.76,858.63,0.0
2003-02-02,0.0,304.95,20.91,7.1,914.57,0.0
2003-02-03,0.0,335.06,14.87,0.02,570.01,0.0
2003-02-04,0.0,332.22,14.76,0.27,574.54,0.0
2003-02-05,0.0,304.96,13.16,0.4,593.51,0.0
2003-02-06,0.0,332.12,11.62,-2.49,477.12,0.0
2003-02-07,0.0,323.11,11.84,-1.7,510.15,0.0
2003-02-08,0.0,248.21,10.86,1.12,647.45,0.0
2003-02-09,4.12,270.76,11.33,-2.21,505.31,0.0
2003-02-10,0.0,348.81,13.95,-0.9,530.54,0.0
2003-02-11,0.0,314.93,16.05,3.2,662.64,0.0
2003-02-12,1.96,240.77,16.49,6.95,648.73,0.0
2003-02-13,23.14,87.57,12.44,8.3,1074.64,0.0
2003-02-14,29.25,145.63,13.18,6.33,966.34,0.0
2003-02-15,0.0,261.84,15.14,5.89,928.44,0.0005713792475303019
2003-02-16,0.0,317.23,16.59,4.99,824.91,0.00045710339802424154
2003-02-17,0.0,314.01,17.25,5.92,875.29,0.0003428275485181811
2003-02-18,0.0,263.32,16.95,7.84,1032.46,0.00011427584950606039
2003-02-19,0.0,366.62,17.42,3.94,716.05,0.0
2003-02-20,0.0,323.99,16.08,4.88,806.33,0.0
2003-02-21,0.0,394.59,17.07,2.28,616.88,0.0
2003-02-22,0.0,395.97,17.45,2.72,630.93,0.0
2003-02-23,0.0,372.48,16.84,3.65,694.97,0.0
2003-02-24,0.0,284.34,15.83,6.57,924.05,0.0
2003-02-25,2.54,227.67,13.37,5.94,917.86,5.713792475303019e-05
2003-02-26,30.96,188.11,10.04,2.81,755.45,0.05713792475303019
2003-02-27,14.88,142.5,7.95,2.76,752.84,0.9142067960484831
2003-02-28,14.94,171.15,8.02,1.9,710.42,2.4912135192321165
2003-03-01,5.41,298.52,9.37,0.03,618.08,1.3084584768443912
2003-03-02,6.69,286.03,10.95,0.04,621.21,0.8056447390177257
2003-03-03,0.0,415.26,12.24,0.08,618.11,0.5199551152525748
2003-03-04,0.0,334.23,11.34,2.63,741.73,0.3656827184193932
2003-03-05,2.3,304.41,12.43,3.26,778.75,0.314258586141666
2003-03-06,2.3,384.27,15.1,1.21,668.26,0.30283100119106
2003-03-07,0.0,466.46,18.07,3.0,746.35,0.314258586141666
2003-03-08,0.0,478.16,20.4,4.12,797.44,0.3313999635675751
2003-03-09,0.0,488.6,22.87,5.05,833.86,0.29711720871575703
2003-03-10,0.0,482.38,23.79,6.44,915.24,0.24569307643802982
2003-03-11,0.0,474.46,23.56,7.11,961.65,0.18855515168499964
2003-03-12,0.0,469.23,23.39,7.54,990.39,0.12570343445666643
2003-03-13,0.0,479.76,24.68,7.91,987.85,0.07999309465424226
2003-03-14,0.0,444.7,23.29,9.16,1103.88,0.052566890772787776
2003-03-15,0.0,427.68,20.75,7.62,1006.98,0.03599689259440902
2003-03-16,17.69,270.12,16.94,6.85,1001.9,0.06856550970363623
2003-03-17,23.25,222.07,10.43,2.85,758.49,1.9998273663560568
2003-03-18,9.65,256.67,10.72,1.9,710.7,2.2169514804175714
2003-03-19,0.0,427.89,13.87,1.95,707.06,1.5027274210046941
2003-03-20,0.0,447.06,16.21,3.22,774.3,1.0913343627828767
2003-03-21,0.0,464.56,18.05,4.04,819.17,0.7999309465424227
2003-03-22,0.0,487.55,21.19,5.32,890.03,0.6113757948574231
2003-03-23,0.0,491.67,22.63,6.28,943.37,0.5085275303019687
2003-03-24,0.0,465.8,21.72,7.21,1010.07,0.3828240958453023
2003-03-25,0.0,497.04,23.28,6.66,969.93,0.23426549148742376
2003-03-26,0.0,484.12,24.1,8.11,1068.93,0.19998273663560567
2003-03-27,0.0,437.43,21.6,8.42,1107.96,0.13713101940727246
2003-03-28,0.0,444.15,17.98,4.84,866.58,0.10284826455545434
2003-03-29,0.0,457.58,17.6,3.72,801.72,0.07999309465424226
2003-03-30,0.0,509.16,21.3,3.61,783.06,0.06285171722833321
2003-03-31,0.0,494.07,24.84,7.52,1012.25,0.06285171722833321
2003-04-01,0.0,505.02,25.86,7.29,981.45,0.047995856792545366
2003-04-02,0.0,412.52,24.2,10.76,1278.56,0.047995856792545366
2003-04-03,0.0,412.01,17.79,5.38,900.41,0.04456758130736355
2003-04-04,0.0,469.19,16.53,1.54,679.74,0.03885378883206053
2003-04-05,0.0,415.06,15.82,3.31,774.38,0.03599689259440902
2003-04-06,0.0,484.92,16.38,0.8,644.72,0.03256861710922721
2003-04-07,0.0,500.39,20.22,3.45,769.05,0.026854824633924194
2003-04-08,0.0,519.9,24.47,5.8,889.62,0.02171241140615147
2003-04-09,0.0,477.84,25.62,9.45,1141.29,0.01828413592096966
2003-04-10,0.0,482.71,26.49,9.99,1162.94,0.016569998178378755
2003-04-11,0.0,504.4,26.09,8.53,1040.56,0.016569998178378755
2003-04-12,0.0,475.73,25.36,9.56,1136.27,0.015427239683318153
2003-04-13,0.0,480.93,25.07,9.16,1104.84,0.014855860435787849
2003-04-14,0.0,428.49,23.4,10.18,1225.1,0.014855860435787849
2003-04-15,7.84,369.58,20.76,4.58,861.29,0.022855169901212075
2003-04-16,0.0,491.26,20.04,3.9,799.12,0.02456930764380298
2003-04-17,0.0,461.91,20.41,5.68,897.48,0.019426894416030266
2003-04-18,0.0,444.08,17.55,3.91,808.22,0.014855860435787849
2003-04-19,0.0,404.26,18.24,6.09,940.56,0.015427239683318153
2003-04-20,0.0,496.07,23.23,6.51,937.94,0.015998618930848453
2003-04-21,0.0,454.33,23.0,8.46,1082.59,0.014855860435787849
2003-04-22,0.0,419.8,20.29,7.6,1049.24,0.013713101940727246
2003-04-23,0.0,447.64,17.75,4.23,822.3,0.013141722693196944
2003-04-24,0.0,518.01,21.78,4.37,801.88,0.011998964198136342
2003-04-25,0.0,483.26,23.35,7.66,1001.37,0.011427584950606038
2003-04-26,0.0,479.44,25.23,9.4,1122.58,0.010856205703075735
2003-04-27,0.0,489.65,26.56,10.0,1155.2,0.00914206796048483
2003-04-28,0.0,465.81,25.83,10.5,1213.7,0.007999309465424227
2003-04-29,0.0,455.87,24.33,9.75,1164.86,0.007427930217893924
2003-04-30,0.0,492.18,22.91,7.01,955.19,0.006285171722833322
2003-05-01,0.0,515.54,24.21,7.0,936.17,0.005713792475303019
2003-05-02,0.0,491.55,25.11,8.87,1069.08,0.005085275303019688
2003-05-03,0.0,416.01,24.05,11.27,1315.39,0.004970999453513626
2003-05-04,0.0,418.83,22.36,9.79,1207.66,0.004799585679254537
2003-05-05,0.0,477.37,22.65,7.58,1005.1,0.004628171904995446
2003-05-06,0.0,477.89,23.88,8.66,1073.19,0.004456758130736355
2003-05-07,0.0,420.25,22.8,10.15,1222.73,0.0042282064317242345
2003-05-08,0.0,450.45,21.28,7.81,1046.23,0.0033711375604287813
2003-05-09,0.0,411.89,19.62,7.87,1064.81,0.0033711375604287813
2003-05-10,0.0,531.23,22.7,5.3,825.57,0.0032568617109227206
2003-05-11,0.0,549.33,27.29,7.96,944.67,0.0030283100119106003
2003-05-12,0.0,568.25,30.45,8.85,971.56,0.0025140686891333285
2003-05-13,0.0,515.86,31.51,13.3,1355.83,0.0019998273663560566
2003-05-14,0.0,417.2,29.12,15.88,1731.22,0.0016569998178378755
2003-05-15,0.0,497.62,27.62,11.2,1159.87,0.0015998618930848454
2003-05-16,0.0,545.44,31.74,12.16,1010.47,0.0012570343445666642
2003-05-17,0.0,510.98,33.49,15.51,1291.82,0.0010856205703075735
2003-05-18,0.0,433.39,32.2,18.03,1667.23,0.0009142067960484831
2003-05-19,0.0,538.73,32.18,12.69,1049.25,0.0006285171722833321
2003-05-20,0.0,505.78,33.42,15.58,1301.61,0.0005713792475303019
2003-05-21,0.0,481.1,34.75,17.86,1537.49,0.0005713792475303019
2003-05-22,0.0,491.27,34.72,17.29,1465.67,0.0005142413227772717
2003-05-23,0.0,483.11,34.28,17.28,1484.15,0.0005142413227772717
2003-05-24,0.0,500.72,34.32,16.43,1372.79,0.0005142413227772717
2003-05-25,0.0,496.3,33.31,15.82,1331.4,0.00039996547327121135
2003-05-26,0.0,489.31,33.43,16.2,1373.23,0.00039996547327121135
2003-05-27,0.0,526.98,36.26,16.3,1288.8,0.00039996547327121135
2003-05-28,0.0,444.96,37.23,21.66,1669.73,0.0003428275485181811
2003-05-29,0.0,466.23,36.57,20.6,1322.9,0.0003428275485181811
2003-05-30,0.0,497.85,35.2,18.39,917.19,0.00028568962376515096
2003-05-31,0.0,429.96,33.3,19.67,1077.99,0.00022855169901212077
2003-06-01,0.0,505.65,35.15,18.33,810.07,0.00022855169901212077
2003-06-02,0.0,506.83,36.51,19.34,867.19,0.00017141377425909055
2003-06-03,0.0,481.52,35.61,19.68,897.73,0.00017141377425909055
2003-06-04,0.0,478.77,34.69,18.98,852.24,0.00011427584950606039
2003-06-05,0.0,481.63,34.05,18.31,808.34,0.00011427584950606039
2003-06-06,0.0,486.3,33.81,17.84,780.42,0.00011427584950606039
2003-06-07,0.0,482.29,34.33,18.42,813.11,0.00011427584950606039
2003-06-08,0.0,493.04,36.09,19.34,861.82,0.00011427584950606039
2003-06-09,0.0,447.42,34.46,20.06,913.3,0.00011427584950606039
2003-06-10,0.0,497.61,32.45,16.06,689.9,0.00011427584950606039
2003-06-11,0.0,537.41,30.85,12.49,540.85,0.00011427584950606039
2003-06-12,0.0,518.3,31.76,14.48,614.42,0.00011427584950606039
2003-06-13,0.0,500.27,32.36,15.83,677.35,0.00011427584950606039
2003-06-14,0.0,557.19,35.16,14.76,632.13,0.00011427584950606039
2003-06-15,0.0,551.16,36.89,16.68,720.25,0.00011427584950606039
2003-06-16,0.0,536.08,36.76,17.58,765.35,0.00011427584950606039
2003-06-17,0.0,530.53,36.65,17.71,778.13,0.00011427584950606039
2003-06-18,0.0,504.16,36.42,19.11,849.0,0.00011427584950606039
2003-06-19,0.0,496.95,34.29,17.58,765.38,0.00011427584950606039
2003-06-20,0.0,493.45,32.41,16.09,690.56,0.00017141377425909055
2003-06-21,0.0,512.64,31.15,13.96,592.12,0.00017141377425909055
2003-06-22,0.0,470.29,31.23,16.09,686.99,0.00022855169901212077
2003-06-23,0.0,471.88,31.65,16.5,707.27,0.00017141377425909055
2003-06-24,0.0,469.77,30.73,15.82,675.22,0.00017141377425909055
2003-06-25,0.0,501.56,32.7,16.07,686.2,0.00017141377425909055
2003-06-26,0.0,524.35,36.12,17.99,786.59,0.00017141377425909055
2003-06-27,0.0,499.34,37.73,20.63,933.36,0.00011427584950606039
2003-06-28,0.0,499.77,38.21,21.04,955.84,0.00011427584950606039
2003-06-29,0.0,527.29,37.95,19.22,855.18,0.00011427584950606039
2003-06-30,0.0,476.82,37.2,21.25,971.29,0.00011427584950606039
2003-07-01,0.0,473.58,36.75,21.05,960.55,0.00011427584950606039
2003-07-02,0.0,475.11,36.96,21.19,970.28,0.00011427584950606039
2003-07-03,0.0,529.29,38.06,19.09,850.27,5.713792475303019e-05
2003-07-04,0.0,527.51,39.22,20.1,906.02,5.713792475303019e-05
2003-07-05,0.0,470.59,38.94,22.93,1080.81,5.713792475303019e-05
2003-07-06,0.0,510.6,38.34,20.28,914.64,0.0
2003-07-07,0.0,496.69,37.98,20.75,941.1,5.713792475303019e-05
2003-07-08,0.0,511.91,37.51,19.46,869.84,5.713792475303019e-05
2003-07-09,0.0,544.03,40.38,19.62,877.82,0.0
2003-07-10,0.0,506.57,40.95,22.47,1047.56,0.0
2003-07-11,0.0,461.39,38.61,22.87,1080.51,0.0
2003-07-12,0.0,450.36,39.92,24.56,1206.69,0.0
2003-07-13,0.0,472.36,40.49,24.01,1168.15,0.0
2003-07-14,0.0,450.19,40.51,25.17,1253.92,0.0
2003-07-15,0.0,428.49,40.3,26.06,1330.41,0.0
2003-07-16,0.0,470.85,40.45,24.35,1190.24,0.0
2003-07-17,0.0,399.37,38.88,26.02,1321.32,0.0
2003-07-18,0.0,388.43,34.44,22.64,1078.82,0.0
2003-07-19,0.0,422.23,35.68,22.57,1065.41,0.0
2003-07-20,0.0,444.34,37.71,23.51,1131.88,0.0
2003-07-21,4.63,347.08,37.48,22.47,1055.45,0.0
2003-07-22,0.38,460.14,36.53,21.37,982.77,0.0
2003-07-23,0.0,470.86,37.91,22.52,1058.27,0.0
2003-07-24,0.0,405.36,37.4,24.8,1224.13,0.0
2003-07-25,0.0,419.08,36.37,23.46,1130.07,0.0
2003-07-26,0.0,456.09,36.71,22.33,1056.47,0.0
2003-07-27,1.5,395.2,35.2,22.25,1041.24,0.0
2003-07-28,0.52,428.37,34.16,20.97,959.77,0.0
2003-07-29,0.61,469.44,33.61,18.85,835.09,0.0
2003-07-30,8.05,354.18,32.35,17.89,782.49,0.0
2003-07-31,0.24,459.66,33.56,19.44,867.8,0.0
2003-08-01,4.37,358.25,32.04,18.39,809.48,0.0
2003-08-02,0.0,460.14,32.67,18.95,841.43,0.0
2003-08-03,0.0,470.81,34.3,20.06,901.11,0.0
2003-08-04,0.0,497.28,35.56,19.93,894.95,0.0
2003-08-05,0.0,535.03,37.52,19.46,871.06,0.0
2003-08-06,0.0,470.36,37.37,22.82,1074.01,0.0
2003-08-07,0.0,458.33,37.48,23.5,1125.13,0.0
2003-08-08,0.0,447.58,37.37,24.07,1171.62,0.0
2003-08-09,0.0,478.61,38.2,23.53,1132.54,0.0
2003-08-10,0.0,480.8,39.89,24.7,1216.31,0.0
2003-08-11,0.0,479.73,39.55,24.63,1216.24,0.0
2003-08-12,0.0,456.94,38.2,24.53,1206.37,0.0
2003-08-13,0.0,493.5,38.53,23.1,1103.52,0.0
2003-08-14,11.71,368.47,35.64,20.41,924.38,0.0
2003-08-15,0.0,477.57,31.95,17.87,780.89,0.0
2003-08-16,0.0,421.34,31.04,19.31,863.13,0.0
2003-08-17,0.0,478.83,34.27,19.88,889.98,0.0
2003-08-18,0.0,486.06,35.83,20.79,947.72,0.0
2003-08-19,0.0,483.16,35.46,20.59,939.0,0.0
2003-08-20,0.0,418.15,32.41,20.57,933.55,0.0
2003-08-21,0.0,445.82,34.41,21.35,983.29,0.0
2003-08-22,0.0,435.0,35.35,22.65,1066.42,0.0
2003-08-23,0.0,456.9,36.32,22.61,1072.29,0.0
2003-08-24,0.0,471.51,35.25,20.9,955.28,0.0
2003-08-25,8.15,360.01,34.78,21.48,1007.91,0.0
2003-08-26,1.04,427.9,33.44,20.81,981.17,0.0
2003-08-27,8.41,285.96,29.66,18.75,1044.98,0.0
2003-08-28,5.03,324.53,30.19,19.27,1167.19,0.0
2003-08-29,0.0,445.79,32.25,19.01,935.81,0.0
2003-08-30,0.0,475.05,34.42,19.72,939.62,0.0
2003-08-31,0.0,456.95,35.29,21.22,1052.07,0.0
2003-09-01,0.0,440.55,35.08,21.68,1090.2,0.0
2003-09-02,0.0,465.37,35.54,20.94,1023.63,0.0
2003-09-03,0.0,462.17,36.3,21.65,1078.23,0.0
2003-09-04,0.14,460.49,35.25,20.79,1023.83,5.713792475303019e-05
2003-09-05,0.0,443.07,33.67,20.19,1015.22,0.00011427584950606039
2003-09-06,2.49,369.25,31.39,19.98,1176.88,0.00017141377425909055
2003-09-07,0.0,438.49,31.94,18.73,968.43,0.00011427584950606039
2003-09-08,0.0,373.25,30.83,20.03,1194.06,0.00011427584950606039
2003-09-09,11.47,314.29,29.54,19.3,1316.4,0.00011427584950606039
2003-09-10,10.98,283.13,28.57,17.8,1392.53,0.00017141377425909055
2003-09-11,0.0,447.14,29.78,16.08,1036.31,0.00011427584950606039
2003-09-12,0.0,472.42,31.25,15.99,1001.82,5.713792475303019e-05
2003-09-13,0.0,505.37,33.25,15.44,906.38,0.00011427584950606039
2003-09-14,0.0,476.76,33.61,17.36,1081.95,0.00011427584950606039
2003-09-15,0.0,479.34,33.81,17.11,1052.27,0.00011427584950606039
2003-09-16,0.0,450.63,33.31,18.01,1182.56,0.00011427584950606039
2003-09-17,0.0,426.75,32.28,18.2,1241.4,0.00011427584950606039
2003-09-18,0.0,475.33,32.24,15.59,975.8,0.00011427584950606039
2003-09-19,0.0,483.37,32.95,15.34,940.63,0.00011427584950606039
2003-09-20,0.0,484.02,33.32,15.24,934.16,5.713792475303019e-05
2003-09-21,0.0,500.31,35.1,14.9,888.48,0.00011427584950606039
2003-09-22,0.0,491.23,35.61,15.65,940.6,5.713792475303019e-05
2003-09-23,0.0,346.6,32.83,20.8,1651.82,0.00011427584950606039
2003-09-24,0.2,288.71,27.22,17.96,1547.04,0.00022855169901212077
2003-09-25,0.36,360.01,29.01,16.87,1327.8,0.00022855169901212077
2003-09-26,0.0,460.99,32.4,14.55,921.74,0.00017141377425909055
2003-09-27,0.0,459.5,33.44,15.17,959.34,0.00017141377425909055
2003-09-28,0.0,443.07,33.97,16.48,1076.33,0.00017141377425909055
2003-09-29,0.0,426.63,35.08,18.09,1236.83,5.713792475303019e-05
2003-09-30,0.0,416.06,35.46,18.74,1314.94,5.713792475303019e-05
2003-10-01,0.0,410.32,35.24,18.69,1318.72,5.713792475303019e-05
2003-10-02,0.0,379.69,32.79,18.22,1346.44,0.00011427584950606039
2003-10-03,0.0,305.25,28.98,18.01,1533.45,0.00011427584950606039
2003-10-04,0.0,383.25,28.34,14.03,1055.21,0.00011427584950606039
2003-10-05,0.0,398.28,29.4,13.98,1024.61,5.713792475303019e-05
2003-10-06,0.0,378.7,29.35,14.67,1115.96,0.00011427584950606039
2003-10-07,0.06,296.46,27.02,16.08,1391.28,0.00011427584950606039
2003-10-08,0.0,363.54,28.16,14.11,1129.12,0.00011427584950606039
2003-10-09,0.0,351.75,29.71,15.92,1262.25,0.00011427584950606039
2003-10-10,16.19,212.44,27.32,16.27,1607.69,0.00011427584950606039
2003-10-11,0.0,336.43,27.96,14.57,1388.5,0.00017141377425909055
2003-10-12,0.0,333.08,29.78,16.29,1504.84,0.00011427584950606039
2003-10-13,0.0,341.6,30.09,16.13,1468.9,0.00011427584950606039
2003-10-14,0.0,349.69,29.95,15.51,1400.61,0.00011427584950606039
2003-10-15,0.0,357.23,29.54,14.6,1312.41,0.00011427584950606039
2003-10-16,0.0,352.74,29.75,14.95,1352.3,5.713792475303019e-05
2003-10-17,0.0,376.65,31.68,14.85,1295.86,5.713792475303019e-05
2003-10-18,0.0,388.06,32.93,14.85,1273.21,5.713792475303019e-05
2003-10-19,0.0,377.25,32.82,15.3,1332.4,5.713792475303019e-05
2003-10-20,0.0,384.64,33.1,14.89,1239.37,5.713792475303019e-05
2003-10-21,0.0,385.9,33.57,15.02,1239.51,5.713792475303019e-05
2003-10-22,0.0,385.22,32.78,14.23,1185.78,5.713792475303019e-05
2003-10-23,0.0,380.52,32.11,13.72,1162.72,0.0
2003-10-24,0.0,360.64,30.39,13.31,1177.41,5.713792475303019e-05
2003-10-25,0.0,355.96,28.32,11.64,1075.04,5.713792475303019e-05
2003-10-26,0.0,348.41,25.1,9.32,943.15,0.0
2003-10-27,0.0,337.79,23.78,8.75,941.17,0.0
2003-10-28,0.0,350.54,25.95,9.68,975.87,5.713792475303019e-05
2003-10-29,0.0,335.45,25.23,9.97,948.18,5.713792475303019e-05
2003-10-30,0.0,305.46,23.82,10.48,1033.18,5.713792475303019e-05
2003-10-31,0.0,238.24,20.87,11.08,1138.28,5.713792475303019e-05
2003-11-01,0.0,177.5,19.48,12.31,1318.85,5.713792475303019e-05
2003-11-02,0.0,234.14,18.84,9.42,1043.41,0.00011427584950606039
2003-11-03,0.3,235.49,17.37,7.87,948.87,5.713792475303019e-05
2003-11-04,0.0,320.25,15.23,1.69,567.78,5.713792475303019e-05
2003-11-05,0.0,328.24,16.82,2.57,591.25,5.713792475303019e-05
2003-11-06,0.0,331.25,18.86,3.91,641.62,5.713792475303019e-05
2003-11-07,0.0,290.42,17.53,4.97,724.3,5.713792475303019e-05
2003-11-08,0.0,324.11,20.48,5.65,731.58,5.713792475303019e-05
2003-11-09,0.0,331.41,22.15,6.26,740.18,5.713792475303019e-05
2003-11-10,0.0,275.14,20.01,7.54,860.63,5.713792475303019e-05
2003-11-11,0.0,242.91,20.5,9.89,1076.36,5.713792475303019e-05
2003-11-12,18.54,119.39,17.8,11.05,1310.73,0.00017141377425909055
2003-11-13,36.08,136.07,17.25,9.75,1219.37,0.00011427584950606039
2003-11-14,0.0,248.63,17.68,7.03,988.55,0.00011427584950606039
2003-11-15,0.0,286.59,17.12,4.41,816.53,0.00011427584950606039
2003-11-16,0.0,265.89,15.86,4.44,823.25,0.00011427584950606039
2003-11-17,0.0,224.74,13.41,4.22,821.53,0.00017141377425909055
2003-11-18,0.0,306.76,17.26,3.31,751.48,0.00017141377425909055
2003-11-19,0.0,323.38,21.79,5.9,874.99,0.00017141377425909055
2003-11-20,0.0,310.22,21.31,6.49,914.67,0.00017141377425909055
2003-11-21,0.0,307.11,19.83,5.32,843.08,0.00011427584950606039
2003-11-22,0.0,280.27,17.44,5.07,847.13,0.00011427584950606039
2003-11-23,0.0,307.67,11.42,-2.14,512.7,0.00011427584950606039
2003-11-24,0.0,324.59,15.11,-0.23,574.28,0.00011427584950606039
2003-11-25,0.0,281.33,14.44,2.27,697.14,0.00011427584950606039
2003-11-26,0.0,298.14,14.26,0.9,614.15,0.00011427584950606039
2003-11-27,0.0,284.8,13.44,1.16,631.31,0.00011427584950606039
2003-11-28,0.0,284.44,15.12,2.64,699.79,0.00011427584950606039
2003-11-29,0.0,317.16,18.32,2.87,699.26,0.00011427584950606039
2003-11-30,0.0,329.94,20.81,3.1,696.77,0.00011427584950606039
2003-12-01,0.0,329.98,20.98,2.71,672.95,0.00011427584950606039
2003-12-02,0.0,317.63,21.18,3.98,741.3,0.00011427584950606039
2003-12-03,0.0,313.97,20.41,3.32,709.96,0.00011427584950606039
2003-12-04,0.0,316.56,20.57,2.91,692.69,0.00011427584950606039
2003-12-05,0.0,306.1,20.0,3.34,717.44,0.00011427584950606039
2003-12-06,0.0,284.73,19.89,5.07,818.12,0.00011427584950606039
2003-12-07,0.0,266.12,18.6,5.16,835.04,0.00011427584950606039
2003-12-08,2.41,161.66,15.15,6.27,946.31,0.00017141377425909055
2003-12-09,0.0,281.68,13.02,-0.85,554.22,0.00011427584950606039
2003-12-10,0.0,274.88,13.29,-0.15,571.47,0.00017141377425909055
2003-12-11,0.9,255.94,12.04,-0.85,548.66,0.00017141377425909055
2003-12-12,7.01,158.59,9.95,0.18,616.75,0.00022855169901212077
2003-12-13,0.0,244.94,10.81,-0.77,576.49,0.00022855169901212077
2003-12-14,0.0,254.38,13.69,1.23,655.86,0.00022855169901212077
2003-12-15,0.0,251.32,12.02,-0.17,595.16,0.00022855169901212077
2003-12-16,0.0,256.83,10.62,-1.95,521.39,0.00017141377425909055
2003-12-17,0.0,301.19,16.64,-0.32,569.69,0.00017141377425909055
2003-12-18,0.0,302.73,18.64,1.11,622.86,0.00017141377425909055
2003-12-19,0.0,298.28,19.38,2.21,671.72,0.00011427584950606039
2003-12-20,0.0,292.43,20.12,3.41,732.74,0.00011427584950606039
2003-12-21,0.0,242.3,18.3,5.69,882.01,0.00011427584950606039
2003-12-22,0.0,256.2,15.54,2.15,686.07,0.00011427584950606039
2003-12-23,0.0,220.91,15.28,4.27,815.07,0.00011427584950606039
2003-12-24,0.0,183.42,13.21,4.5,842.03,0.00011427584950606039
2003-12-25,0.0,200.52,12.99,3.47,774.82,0.00011427584950606039
2003-12-26,7.12,144.76,11.63,2.68,744.17,0.00011427584950606039
2003-12-27,0.0,223.54,7.39,-2.82,504.05,0.00011427584950606039
2003-12-28,0.0,260.15,5.74,-6.49,378.33,0.00011427584950606039
2003-12-29,0.0,274.25,8.25,-5.05,423.87,0.00011427584950606039
2003-12-30,0.0,273.55,11.37,-1.87,530.28,0.00011427584950606039
2003-12-31,0.0,236.26,12.74,2.01,703.18,0.00011427584950606039
2004-01-01,0.0,190.99,12.06,4.27,833.79,0.00011427584950606039
2004-01-02,0.0,209.87,12.68,4.17,827.54,0.00011427584950606039
2004-01-03,6.17,194.65,11.84,0.94,662.65,0.00011427584950606039
2004-01-04,0.0,305.62,10.02,-3.91,464.42,0.00011427584950606039
2004-01-05,0.0,303.29,10.51,-3.18,483.99,0.00011427584950606039
2004-01-06,0.0,318.97,14.06,-1.34,554.89,0.00011427584950606039
2004-01-07,0.0,302.31,15.03,1.12,661.71,0.00011427584950606039
2004-01-08,0.0,306.09,17.57,3.19,768.12,5.713792475303019e-05
2004-01-09,0.0,312.71,19.31,4.16,826.2,5.713792475303019e-05
2004-01-10,0.0,302.36,19.23,5.11,879.27,5.713792475303019e-05
2004-01-11,0.0,284.34,18.84,6.12,944.32,5.713792475303019e-05
2004-01-12,0.0,293.34,19.14,5.94,931.41,5.713792475303019e-05
2004-01-13,0.0,298.0,19.14,5.67,914.53,5.713792475303019e-05
2004-01-14,0.0,226.6,16.58,7.5,1041.71,5.713792475303019e-05
2004-01-15,0.32,244.1,14.53,4.8,868.27,5.713792475303019e-05
2004-01-16,0.0,287.4,14.94,3.0,761.18,5.713792475303019e-05
2004-01-17,0.0,282.48,14.32,2.72,744.07,5.713792475303019e-05
2004-01-18,0.0,316.08,15.42,1.66,687.8,0.0
2004-01-19,0.0,296.24,14.51,2.28,722.28,0.0
2004-01-20,0.0,211.71,12.02,4.05,820.85,5.713792475303019e-05
2004-01-21,5.0,182.24,10.99,3.1,769.18,5.713792475303019e-05
2004-01-22,8.86,147.19,10.38,3.39,786.2,0.00011427584950606039
2004-01-23,3.77,242.14,14.93,2.83,754.77,0.00011427584950606039
2004-01-24,3.3,202.56,12.26,3.56,794.1,5.713792475303019e-05
2004-01-25,4.83,134.44,8.69,2.56,746.32,5.713792475303019e-05
2004-01-26,0.0,335.6,9.82,-3.76,471.63,5.713792475303019e-05
2004-01-27,0.0,353.75,12.59,-2.49,510.65,0.00011427584950606039
2004-01-28,0.0,322.57,12.49,-0.05,607.06,0.00011427584950606039
2004-01-29,0.0,354.95,14.66,-0.32,597.04,0.00011427584950606039
2004-01-30,0.0,351.4,15.4,0.8,644.56,0.00011427584950606039
2004-01-31,0.0,294.26,12.39,1.38,674.79,0.00011427584950606039
2004-02-01,0.0,342.71,11.93,-1.54,554.07,0.00011427584950606039
2004-02-02,0.0,371.86,14.32,-1.73,539.59,0.00011427584950606039
2004-02-03,3.82,216.95,11.23,0.29,623.56,0.00011427584950606039
2004-02-04,2.23,231.19,8.52,-0.67,584.72,0.00011427584950606039
2004-02-05,0.0,336.4,9.33,-2.8,502.58,5.713792475303019e-05
2004-02-06,0.0,364.68,12.12,-1.87,534.56,5.713792475303019e-05
2004-02-07,0.0,390.24,14.69,-1.59,545.54,5.713792475303019e-05
2004-02-08,0.0,392.06,14.13,-2.05,527.74,5.713792475303019e-05
2004-02-09,0.0,393.8,14.32,-1.87,534.85,5.713792475303019e-05
2004-02-10,0.0,389.49,14.53,-1.18,564.23,5.713792475303019e-05
2004-02-11,0.0,385.52,13.99,-1.16,564.41,5.713792475303019e-05
2004-02-12,0.0,380.15,12.14,-2.21,524.36,5.713792475303019e-05
2004-02-13,0.0,381.84,11.17,-3.19,489.12,5.713792475303019e-05
2004-02-14,0.0,402.69,15.13,-1.38,554.6,5.713792475303019e-05
2004-02-15,0.0,410.35,16.89,-0.5,588.82,5.713792475303019e-05
2004-02-16,0.0,411.74,18.84,1.1,657.47,5.713792475303019e-05
2004-02-17,0.0,419.09,22.02,3.04,758.1,5.713792475303019e-05
2004-02-18,0.0,397.75,22.42,5.46,900.32,5.713792475303019e-05
2004-02-19,0.0,387.83,20.04,4.14,825.12,5.713792475303019e-05
2004-02-20,0.0,298.48,14.47,4.02,817.96,5.713792475303019e-05
2004-02-21,0.0,293.45,15.06,4.68,855.61,5.713792475303019e-05
2004-02-22,0.0,272.58,13.37,4.05,819.83,5.713792475303019e-05
2004-02-23,14.88,148.02,9.65,3.33,783.12,0.00011427584950606039
2004-02-24,4.49,212.85,11.78,2.34,731.46,5.713792475303019e-05
2004-02-25,0.0,383.83,15.15,1.08,664.84,0.0003428275485181811
2004-02-26,0.0,394.57,17.48,2.66,737.73,0.0003428275485181811
2004-02-27,2.78,285.74,15.93,4.09,823.37,0.0005142413227772717
2004-02-28,2.01,274.27,10.15,0.18,625.85,0.00045710339802424154
2004-02-29,0.0,359.01,11.74,-0.09,611.61,0.00028568962376515096
2004-03-01,0.0,394.5,13.67,0.01,615.3,0.00022855169901212077
2004-03-02,0.0,316.85,12.48,2.47,732.79,0.00028568962376515096
2004-03-03,0.0,325.17,14.04,3.85,809.23,0.00022855169901212077
2004-03-04,8.78,214.12,11.23,4.12,827.04,0.0017141377425909058
2004-03-05,29.99,230.08,12.11,2.9,758.24,0.21712411406151474
2004-03-06,0.0,431.77,17.63,2.25,722.43,0.07999309465424226
2004-03-07,0.0,433.25,22.58,6.78,960.7,0.033711375604287816
2004-03-08,0.0,446.9,26.22,8.93,1094.15,0.016569998178378755
2004-03-09,0.0,440.43,26.63,9.88,1165.7,0.007427930217893924
2004-03-10,0.0,443.1,26.88,10.09,1182.87,0.0032568617109227206
2004-03-11,0.0,403.21,25.16,11.21,1303.6,0.0018855515168499965
2004-03-12,2.27,360.51,22.66,8.69,1101.8,0.0013713101940727244
2004-03-13,6.46,272.4,20.96,9.5,1200.8,0.0013713101940727244
2004-03-14,0.0,445.24,23.55,8.01,1038.39,0.0015998618930848454
2004-03-15,0.0,450.0,24.72,8.77,1085.58,0.0015427239683318155
2004-03-16,0.0,456.58,25.83,9.49,1135.8,0.0008570688712954529
2004-03-17,0.0,463.22,26.04,9.33,1116.32,0.0007427930217893925
2004-03-18,0.0,471.12,26.46,9.39,1115.1,0.0008570688712954529
2004-03-19,0.0,477.25,27.38,9.81,1139.05,0.0007999309465424227
2004-03-20,0.0,480.8,29.22,11.11,1232.98,0.0007427930217893925
2004-03-21,0.0,453.97,28.96,12.62,1372.04,0.0007427930217893925
2004-03-22,0.0,430.25,28.02,13.27,1453.67,0.0006856550970363622
2004-03-23,0.0,410.16,26.73,13.17,1467.37,0.0006856550970363622
2004-03-24,0.0,441.82,26.65,11.3,1272.99,0.0006285171722833321
2004-03-25,0.0,444.47,26.4,10.98,1252.72,0.0006285171722833321
2004-03-26,0.0,451.34,23.86,8.54,1063.03,0.0006856550970363622
2004-03-27,0.0,476.24,23.38,6.82,939.21,0.0005713792475303019
2004-03-28,0.0,474.65,24.75,8.04,1013.4,0.00045710339802424154
2004-03-29,0.0,467.38,27.04,10.24,1168.78,0.00039996547327121135
2004-03-30,0.0,474.21,28.42,11.17,1101.92,0.00039996547327121135
2004-03-31,0.0,450.93,28.15,12.62,1084.83,0.0003428275485181811
2004-04-01,0.0,433.85,25.35,10.97,1011.92,0.0003428275485181811
2004-04-02,27.81,339.37,21.52,6.24,851.15,0.005428102851537868
2004-04-03,12.09,232.23,14.35,5.22,897.99,0.004685309829748475
2004-04-04,1.57,339.62,15.76,4.94,861.33,0.0025140686891333285
2004-04-05,1.12,313.02,16.13,6.26,950.47,0.0022283790653681774
2004-04-06,0.0,352.17,19.28,8.79,1116.59,0.0019998273663560566
2004-04-07,0.12,414.98,21.25,8.29,1005.81,0.0015998618930848454
2004-04-08,5.26,364.36,21.38,6.64,949.02,0.001485586043578785
2004-04-09,0.0,409.55,22.1,9.61,1117.36,0.0011427584950606039
2004-04-10,0.0,440.25,21.98,8.33,1000.45,0.0008570688712954529
2004-04-11,0.0,432.55,20.01,6.97,933.51,0.0006285171722833321
2004-04-12,0.0,512.49,22.57,5.26,761.32,0.0005142413227772717
2004-04-13,0.0,504.83,25.19,7.99,907.27,0.0005142413227772717
2004-04-14,0.0,497.73,25.78,8.93,965.67,0.00045710339802424154
2004-04-15,0.0,512.91,25.75,8.06,896.93,0.0005713792475303019
2004-04-16,0.0,494.74,25.56,9.01,972.15,0.0005713792475303019
2004-04-17,0.0,490.83,24.76,8.64,956.34,0.0005713792475303019
2004-04-18,0.0,510.22,22.1,5.39,768.3,0.0006285171722833321
2004-04-19,0.0,483.77,20.83,5.7,802.65,0.0006285171722833321
2004-04-20,0.0,502.56,22.38,6.22,811.22,0.0006285171722833321
2004-04-21,0.0,488.33,23.29,7.8,894.05,0.0006285171722833321
2004-04-22,0.0,443.53,22.47,9.17,1004.6,0.0006285171722833321
2004-04-23,0.0,484.68,21.84,6.91,815.67,0.0006285171722833321
2004-04-24,0.0,508.37,24.51,8.18,838.34,0.0006285171722833321
2004-04-25,0.0,526.05,28.01,10.22,894.41,0.0005713792475303019
2004-04-26,0.0,513.97,29.98,12.62,1045.2,0.0005142413227772717
2004-04-27,0.0,478.93,29.77,14.21,1209.11,0.0005142413227772717
2004-04-28,0.0,480.05,29.01,13.62,1164.77,0.0005713792475303019
2004-04-29,0.0,480.03,27.5,12.46,1108.06,0.0006285171722833321
2004-04-30,0.0,495.42,23.07,7.85,815.45,0.0005142413227772717
2004-05-01,0.0,518.24,26.63,9.82,881.61,0.00045710339802424154
2004-05-02,0.0,527.64,29.02,11.3,937.0,0.00045710339802424154
2004-05-03,0.0,528.38,31.07,12.64,1007.94,0.00045710339802424154
2004-05-04,0.0,517.84,32.22,14.11,1090.55,0.00045710339802424154
2004-05-05,0.0,513.18,32.03,14.11,1083.96,0.00039996547327121135
2004-05-06,0.0,503.36,31.75,14.25,1110.29,0.00039996547327121135
2004-05-07,0.0,498.94,31.74,14.35,1119.98,0.00039996547327121135
2004-05-08,0.0,472.85,32.01,15.83,1272.48,0.00039996547327121135
2004-05-09,0.0,483.46,31.56,14.86,1179.72,0.00039996547327121135
2004-05-10,0.0,473.63,31.04,14.92,1207.2,0.0003428275485181811
2004-05-11,0.0,447.4,29.78,14.96,1263.73,0.0003428275485181811
2004-05-12,0.0,418.17,25.69,12.57,1156.18,0.00039996547327121135
2004-05-13,0.0,518.74,27.48,9.68,824.24,0.0003428275485181811
2004-05-14,0.0,514.17,30.08,12.13,953.38,0.0003428275485181811
2004-05-15,0.0,512.85,31.36,13.3,1019.8,0.0003428275485181811
2004-05-16,0.0,497.54,31.18,13.93,1084.05,0.0003428275485181811
2004-05-17,0.0,485.02,30.47,13.96,1108.37,0.00022855169901212077
2004-05-18,0.0,492.98,30.47,13.62,1074.16,0.00017141377425909055
2004-05-19,0.0,498.9,31.16,13.89,1076.58,0.00017141377425909055
2004-05-20,0.0,466.81,30.1,14.46,1173.47,0.00022855169901212077
2004-05-21,0.0,450.34,28.07,13.45,1141.03,0.00028568962376515096
2004-05-22,0.0,487.53,26.48,10.35,895.84,0.00022855169901212077
2004-05-23,0.0,500.81,27.62,10.69,889.76,0.00028568962376515096
2004-05-24,0.0,503.8,28.31,11.31,824.54,0.00028568962376515096
2004-05-25,0.0,450.9,27.37,12.98,973.33,0.00028568962376515096
2004-05-26,0.0,493.87,27.97,11.69,829.61,0.0003428275485181811
2004-05-27,0.0,502.73,28.36,11.61,810.25,0.00039996547327121135
2004-05-28,0.0,500.96,29.92,13.08,860.59,0.00039996547327121135
2004-05-29,0.0,474.76,28.88,13.37,912.32,0.00028568962376515096
2004-05-30,0.0,508.76,30.41,13.1,835.07,0.0003428275485181811
2004-05-31,0.0,520.43,33.39,15.03,897.94,0.00028568962376515096
2004-06-01,0.0,515.15,34.47,16.2,967.38,0.00028568962376515096
2004-06-02,0.0,520.0,35.67,16.92,993.98,0.00022855169901212077
2004-06-03,0.0,526.76,36.7,17.58,928.69,0.00022855169901212077
2004-06-04,0.0,524.08,36.8,18.38,817.83,0.00022855169901212077
2004-06-05,0.0,528.35,36.69,18.06,797.8,0.00017141377425909055
2004-06-06,0.0,511.09,36.03,18.48,825.04,0.00017141377425909055
2004-06-07,0.0,504.99,34.77,17.69,784.82,0.00011427584950606039
2004-06-08,0.0,489.41,33.17,17.1,757.75,0.00011427584950606039
2004-06-09,0.0,479.21,30.73,15.37,681.41,0.00011427584950606039
2004-06-10,0.0,510.62,28.12,11.39,509.02,5.713792475303019e-05
2004-06-11,0.0,522.23,29.98,12.37,533.46,5.713792475303019e-05
2004-06-12,0.0,525.42,31.84,13.87,585.2,5.713792475303019e-05
2004-06-13,0.0,530.26,34.07,15.54,659.15,5.713792475303019e-05
2004-06-14,0.0,522.62,35.01,16.82,724.09,0.0
2004-06-15,0.0,533.14,34.54,15.74,670.36,0.0
2004-06-16,0.0,504.03,33.73,16.68,719.24,0.0
2004-06-17,0.0,503.71,33.59,16.56,713.69,0.0
2004-06-18,0.0,505.05,34.34,17.18,744.72,0.0
2004-06-19,0.0,510.94,34.44,16.89,730.75,0.0
2004-06-20,0.0,523.22,34.03,15.72,671.54,0.0
2004-06-21,0.0,516.06,33.48,15.58,664.7,0.0
2004-06-22,0.0,494.17,33.76,17.02,737.72,0.0
2004-06-23,0.0,483.06,33.7,17.57,768.14,0.0
2004-06-24,0.0,484.68,35.13,18.72,829.5,0.0
2004-06-25,0.0,495.19,35.86,18.79,830.69,0.0
2004-06-26,0.0,497.46,36.02,18.83,834.59,0.0
2004-06-27,0.0,476.67,35.6,19.51,874.03,0.0
2004-06-28,0.0,470.33,34.15,18.52,820.82,0.0
2004-06-29,0.0,485.54,33.25,16.97,736.86,0.0
2004-06-30,0.0,509.42,33.07,15.6,666.86,0.0
2004-07-01,0.0,529.51,33.36,14.69,624.33,0.0
2004-07-02,0.0,527.47,34.12,15.46,658.48,0.0
2004-07-03,0.0,517.32,33.95,15.9,676.67,0.0
2004-07-04,0.0,535.37,33.58,14.51,618.22,0.0
2004-07-05,0.0,533.45,35.43,16.2,691.12,0.0
2004-07-06,0.0,524.63,36.16,17.36,752.34,0.0
2004-07-07,0.0,496.99,35.13,18.01,786.51,0.0
2004-07-08,0.0,468.48,34.99,19.31,860.35,0.0
2004-07-09,0.0,419.45,33.76,20.39,925.81,0.0
2004-07-10,0.0,471.23,36.08,20.27,913.83,0.0
2004-07-11,0.0,476.25,36.89,20.75,946.4,0.0
2004-07-12,0.0,464.5,38.0,22.35,1056.6,0.0
2004-07-13,0.0,462.83,36.97,21.6,1003.09,0.0
2004-07-14,9.33,387.58,34.33,19.31,866.02,0.0
2004-07-15,0.0,428.5,33.39,19.98,903.82,0.0
2004-07-16,0.0,428.79,34.82,21.32,979.21,0.0
2004-07-17,0.0,452.79,35.17,20.6,932.12,0.0
2004-07-18,0.0,461.09,36.86,21.88,1017.32,0.0
2004-07-19,0.0,460.99,36.98,22.02,1024.58,0.0
2004-07-20,0.0,436.93,36.34,22.59,1069.45,0.0
2004-07-21,0.0,451.82,37.01,22.48,1052.18,0.0
2004-07-22,0.0,444.6,36.83,22.82,1078.76,0.0
2004-07-23,5.05,398.63,36.09,22.16,1041.58,0.0
2004-07-24,0.0,436.28,33.59,20.3,916.49,0.006285171722833322
2004-07-25,0.0,457.86,34.13,19.98,897.9,0.00011427584950606039
2004-07-26,3.67,382.22,33.48,19.26,860.6,5.713792475303019e-05
2004-07-27,0.0,462.1,33.33,19.2,856.68,0.0
2004-07-28,0.0,478.88,33.49,18.58,820.23,0.0
2004-07-29,0.0,476.27,34.3,19.47,870.14,0.0
2004-07-30,0.0,495.2,35.94,20.06,904.6,0.0
2004-07-31,0.0,481.61,36.69,21.45,991.7,0.0
2004-08-01,0.0,474.55,36.29,21.49,991.7,0.0
2004-08-02,0.0,437.81,34.75,21.8,1015.89,0.0
2004-08-03,0.0,464.91,34.9,20.93,960.4,0.0
2004-08-04,0.0,459.24,35.36,21.7,1009.07,0.0
2004-08-05,0.0,374.92,32.72,22.47,1063.37,0.0
2004-08-06,0.0,385.91,31.03,20.7,946.04,0.0
2004-08-07,0.0,486.6,34.65,20.22,916.0,0.0
2004-08-08,0.0,492.16,36.79,21.75,1009.67,0.0
2004-08-09,0.0,510.08,37.48,21.43,989.37,0.0
2004-08-10,0.0,497.47,36.65,21.37,986.19,0.0
2004-08-11,0.0,506.35,37.12,21.19,969.38,0.0
2004-08-12,0.0,484.64,35.9,21.29,984.48,0.0
2004-08-13,6.93,428.02,35.14,20.5,936.58,0.0
2004-08-14,0.0,465.84,31.02,17.6,766.26,0.0
2004-08-15,0.29,412.72,29.73,18.36,809.48,0.0
2004-08-16,7.99,341.01,30.73,17.73,779.74,0.5542378701043928
2004-08-17,0.0,465.03,30.97,17.7,771.24,0.05713792475303019
2004-08-18,2.54,455.04,31.77,17.92,785.71,0.00011427584950606039
2004-08-19,1.8,445.44,30.61,16.9,730.7,5.713792475303019e-05
2004-08-20,0.0,483.93,31.73,17.46,757.6,5.713792475303019e-05
2004-08-21,0.0,469.35,31.79,18.07,793.88,0.0
2004-08-22,0.0,495.23,31.96,16.94,732.74,0.0
2004-08-23,0.0,484.16,31.22,16.74,724.04,0.0
2004-08-24,0.0,404.4,29.41,18.29,829.25,0.0
2004-08-25,0.0,477.3,30.69,16.63,719.1,0.0
2004-08-26,0.0,501.85,31.96,16.42,704.85,0.0
2004-08-27,0.0,504.9,32.76,16.81,725.2,0.0
2004-08-28,0.0,487.58,33.09,17.92,783.38,0.0
2004-08-29,0.0,506.43,34.28,17.88,779.47,0.0
2004-08-30,0.0,497.07,35.16,19.11,846.51,0.0
2004-08-31,0.0,490.85,35.66,19.77,885.87,0.0
2004-09-01,0.0,491.16,35.37,19.41,865.04,0.0
2004-09-02,0.0,476.79,35.2,19.91,894.69,0.0
2004-09-03,0.0,408.7,32.37,20.36,943.03,0.0
2004-09-04,16.11,297.8,29.97,18.12,937.53,0.042282064317242345
2004-09-05,0.0,473.79,29.22,14.19,657.85,0.04513896055489385
2004-09-06,0.0,503.35,32.28,15.11,675.31,0.0010856205703075735
2004-09-07,0.0,486.41,33.3,16.85,772.54,5.713792475303019e-05
2004-09-08,0.0,445.5,34.1,19.6,956.74,5.713792475303019e-05
2004-09-09,0.0,435.28,34.37,20.26,1008.97,0.0
2004-09-10,0.0,459.63,34.88,19.47,937.39,0.0
2004-09-11,0.0,466.86,35.86,19.81,947.97,0.0
2004-09-12,0.0,465.9,35.83,19.61,946.43,0.0
2004-09-13,0.0,420.62,33.93,20.06,1035.37,0.0
2004-09-14,0.0,441.25,32.57,17.76,872.7,0.0
2004-09-15,0.0,449.99,32.57,17.15,829.44,0.0
2004-09-16,0.0,460.89,33.06,16.76,800.7,0.0
2004-09-17,0.0,455.34,32.93,16.76,809.82,0.0
2004-09-18,0.0,408.45,31.73,17.94,946.43,0.0
2004-09-19,25.42,226.4,25.78,15.98,1365.57,0.06285171722833321
2004-09-20,20.98,222.54,24.01,14.46,1550.68,0.21712411406151474
2004-09-21,0.0,426.69,24.26,9.53,927.35,0.01828413592096966
2004-09-22,0.0,424.5,25.43,10.59,989.42,0.004456758130736355
2004-09-23,0.0,438.87,28.32,12.03,1047.49,0.0015427239683318155
2004-09-24,0.0,422.12,30.45,14.54,1242.3,0.0007427930217893925
2004-09-25,0.0,418.77,30.08,14.3,1234.83,0.00039996547327121135
2004-09-26,0.0,410.87,28.98,13.71,1216.83,0.00022855169901212077
2004-09-27,0.0,411.51,30.04,14.44,1267.42,0.00011427584950606039
2004-09-28,0.0,401.46,29.79,14.62,1301.07,5.713792475303019e-05
2004-09-29,0.0,345.65,27.8,15.45,1499.37,5.713792475303019e-05
2004-09-30,0.0,393.79,25.57,11.25,1088.54,5.713792475303019e-05
2004-10-01,0.0,398.12,26.0,11.34,1087.19,0.00011427584950606039
2004-10-02,0.0,415.05,28.7,12.52,1129.73,0.00011427584950606039
2004-10-03,0.0,375.09,29.08,14.82,1382.7,0.00011427584950606039
2004-10-04,0.0,396.56,29.19,13.53,1237.27,0.00017141377425909055
2004-10-05,0.0,397.0,28.42,12.7,1178.31,0.00017141377425909055
2004-10-06,0.0,385.04,28.34,13.2,1239.7,0.00017141377425909055
2004-10-07,0.0,388.68,29.2,13.6,1262.83,0.00017141377425909055
2004-10-08,0.0,397.14,29.89,13.49,1236.21,0.00017141377425909055
2004-10-09,0.0,373.92,29.29,14.07,1328.81,0.00022855169901212077
2004-10-10,0.0,341.74,28.18,14.78,1465.92,0.00022855169901212077
2004-10-11,0.0,343.85,25.97,12.66,1288.75,0.00028568962376515096
2004-10-12,0.0,348.9,26.62,12.97,1304.36,0.0003428275485181811
2004-10-13,0.0,370.52,26.82,11.99,1115.98,0.0003428275485181811
2004-10-14,0.0,369.31,26.22,11.39,1081.17,0.00028568962376515096
2004-10-15,0.0,379.72,27.43,11.64,1078.04,0.0003428275485181811
2004-10-16,0.0,365.12,26.52,11.56,1099.25,0.00028568962376515096
2004-10-17,0.0,250.76,23.05,13.66,1455.64,0.0003428275485181811
2004-10-18,0.0,250.5,19.71,10.68,1230.06,0.00039996547327121135
2004-10-19,0.0,286.88,20.35,9.75,1115.58,0.00039996547327121135
2004-10-20,0.0,309.58,22.72,10.8,1161.13,0.00028568962376515096
2004-10-21,10.73,251.7,21.73,8.25,1056.76,0.00045710339802424154
2004-10-22,2.27,288.67,17.5,5.58,896.08,0.00045710339802424154
2004-10-23,0.0,354.24,18.88,4.7,795.38,0.00039996547327121135
2004-10-24,0.0,331.93,20.29,7.08,936.32,0.00039996547327121135
2004-10-25,0.0,284.48,20.85,9.93,1168.4,0.00039996547327121135
2004-10-26,0.0,272.91,21.84,11.38,1300.49,0.00039996547327121135
2004-10-27,3.4,197.81,19.56,11.74,1378.61,0.00039996547327121135
2004-10-28,16.59,205.2,17.25,7.11,1027.64,0.0005142413227772717
2004-10-29,9.57,245.49,14.24,3.62,796.37,0.0005142413227772717
2004-10-30,0.0,321.81,17.39,4.96,865.48,0.0005713792475303019
2004-10-31,0.0,320.3,16.63,4.27,826.91,0.0006285171722833321
2004-11-01,0.0,278.64,13.69,3.64,800.64,0.0006285171722833321
2004-11-02,0.0,330.33,15.46,2.61,739.6,0.0006285171722833321
2004-11-03,0.0,361.86,18.0,2.54,722.7,0.0006285171722833321
2004-11-04,0.0,360.97,20.8,4.74,828.38,0.0006285171722833321
2004-11-05,0.0,328.73,22.4,8.4,1083.97,0.0006285171722833321
2004-11-06,0.0,295.2,23.16,10.97,1304.5,0.0006856550970363622
2004-11-07,3.41,186.74,21.2,11.55,1364.36,0.0007427930217893925
2004-11-08,5.65,165.22,17.55,9.55,1209.61,0.0008570688712954529
2004-11-09,0.0,279.36,15.29,4.89,871.08,0.0008570688712954529
2004-11-10,0.0,322.43,17.7,4.6,848.59,0.0007999309465424227
2004-11-11,0.0,319.25,18.34,5.17,879.06,0.0007999309465424227
2004-11-12,0.0,258.53,16.06,6.39,966.08,0.0007999309465424227
2004-11-13,0.11,241.87,13.35,4.52,846.43,0.0007999309465424227
2004-11-14,0.0,257.25,14.94,5.53,909.51,0.0007999309465424227
2004-11-15,1.6,223.97,14.47,6.45,968.61,0.0007999309465424227
2004-11-16,0.0,280.7,16.69,6.07,942.68,0.0007999309465424227
2004-11-17,0.0,305.11,17.94,5.58,908.45,0.0007999309465424227
2004-11-18,0.0,311.1,18.8,5.74,911.16,0.0008570688712954529
2004-11-19,0.0,307.83,18.24,5.32,885.85,0.0008570688712954529
2004-11-20,0.0,295.08,16.4,4.31,829.49,0.0009713447208015134
2004-11-21,12.5,144.13,13.94,6.77,988.08,0.0010856205703075735
2004-11-22,14.13,152.44,12.1,4.95,879.97,0.0011998964198136342
2004-11-23,7.95,120.77,8.82,3.47,788.57,0.0014284481188257547
2004-11-24,0.0,256.53,12.23,2.99,764.51,0.0016569998178378755
2004-11-25,0.0,311.12,15.19,2.33,728.08,0.0017712756673439359
2004-11-26,0.0,294.17,14.14,2.28,721.62,0.0018284135920969662
2004-11-27,0.0,295.19,14.87,2.68,742.69,0.0015998618930848454
2004-11-28,0.13,255.48,12.04,2.3,729.53,0.0013713101940727244
2004-11-29,0.0,276.2,7.58,-2.92,499.5,0.0011427584950606039
2004-11-30,0.0,324.54,9.68,-4.56,438.3,0.0009142067960484831
2004-12-01,0.0,315.24,11.84,-2.0,531.93,0.0006856550970363622
2004-12-02,0.0,327.94,13.4,-2.14,526.7,0.00045710339802424154
2004-12-03,0.0,327.8,15.19,-0.76,582.05,0.00039996547327121135
2004-12-04,9.72,213.32,12.48,0.14,616.22,0.00045710339802424154
2004-12-05,9.3,139.91,7.25,0.57,639.02,0.0005142413227772717
2004-12-06,14.02,114.65,7.39,2.07,715.14,0.006285171722833322
2004-12-07,2.37,191.34,9.1,1.68,693.47,0.24569307643802982
2004-12-08,0.0,228.79,11.44,2.96,759.32,0.05542378701043928
2004-12-09,0.0,297.11,15.58,2.64,741.57,0.025140686891333287
2004-12-10,0.0,309.9,19.3,4.49,839.27,0.021141032158621172
2004-12-11,0.0,317.05,21.79,5.37,896.79,0.019426894416030266
2004-12-12,0.0,314.95,21.55,5.19,888.62,0.019426894416030266
2004-12-13,0.0,309.15,20.67,4.94,871.72,0.014855860435787849
2004-12-14,0.0,271.08,17.3,5.23,888.54,0.010856205703075735
2004-12-15,0.0,290.74,16.84,3.21,769.94,0.009713447208015133
2004-12-16,0.0,235.09,13.51,3.5,785.47,0.00914206796048483
2004-12-17,0.0,272.94,14.71,2.58,737.21,0.007999309465424227
2004-12-18,0.0,290.35,16.72,3.0,760.14,0.007999309465424227
2004-12-19,0.0,306.56,18.25,2.71,748.25,0.007427930217893924
2004-12-20,0.0,303.41,17.18,2.04,706.5,0.006856550970363623
2004-12-21,0.0,263.96,14.77,2.64,742.62,0.006856550970363623
2004-12-22,0.0,265.49,10.99,-0.77,581.59,0.005313827002031808
2004-12-23,0.0,261.91,8.5,-3.1,490.21,0.004685309829748475
2004-12-24,0.0,281.46,9.04,-3.93,460.79,0.004571033980242415
2004-12-25,0.0,305.03,13.89,-1.61,548.54,0.003999654732712113
2004-12-26,0.0,307.52,14.9,-1.08,566.68,0.003713965108946962
2004-12-27,0.0,242.59,14.07,3.04,761.04,0.0035996892594409025
2004-12-28,0.0,243.29,15.09,3.98,817.45,0.004571033980242415
2004-12-29,42.53,128.57,14.03,6.49,960.66,4.42818916835984
2004-12-30,29.78,155.94,13.42,4.58,855.33,5.490954568766202
2004-12-31,36.15,142.25,13.73,5.54,907.99,1.0227688530792405
2005-01-01,0.0,279.59,13.08,2.0,292.72,0.4456758130736355
2005-01-02,0.0,251.13,12.12,2.65,351.94,0.22855169901212077
2005-01-03,26.92,129.57,10.7,4.45,682.74,3.799671996076508
2005-01-04,41.15,127.65,8.32,2.2,729.02,20.45537706158481
2005-01-05,18.87,170.13,7.78,-0.66,590.33,5.685223512926504
2005-01-06,0.0,284.9,8.38,-3.0,496.28,1.9369756491277235
2005-01-07,0.0,291.66,8.51,-3.27,486.17,1.1199033251593917
2005-01-08,0.0,220.06,11.17,2.95,755.86,0.7827895691165135
2005-01-09,0.0,266.71,15.49,4.9,866.81,0.6228033798080291
2005-01-10,0.0,255.01,15.53,5.62,912.91,0.5713792475303019
2005-01-11,3.39,208.58,13.38,4.47,849.38,0.5713792475303019
2005-01-12,0.0,291.43,11.36,-0.14,609.48,0.8170723239683317
2005-01-13,0.0,323.12,12.43,-1.38,555.2,0.5599516625796959
2005-01-14,0.0,313.32,15.22,1.98,709.93,0.4399620205983325
2005-01-15,0.0,345.23,17.34,0.68,635.26,0.34854134099348416
2005-01-16,0.0,345.43,18.58,1.88,691.81,0.2742620388145449
2005-01-17,0.0,337.37,19.15,3.54,758.64,0.22283790653681776
2005-01-18,0.0,335.56,20.35,5.02,814.14,0.1828413592096966
2005-01-19,0.0,333.93,21.12,6.03,869.55,0.13713101940727246
2005-01-20,0.0,322.94,20.47,6.69,925.52,0.10856205703075737
2005-01-21,0.0,255.77,17.98,8.49,1103.72,0.09713447208015133
2005-01-22,0.0,308.74,18.52,6.22,913.27,0.08570688712954529
2005-01-23,0.0,295.72,18.3,6.92,965.25,0.07427930217893926
2005-01-24,5.08,200.6,16.24,6.58,977.51,0.06856550970363623
2005-01-25,0.0,311.53,17.0,5.09,862.72,0.06285171722833321
2005-01-26,3.41,191.72,14.25,7.23,1015.97,0.08570688712954529
2005-01-27,16.48,137.8,11.65,5.7,931.0,1.0399102305051495
2005-01-28,3.17,267.16,13.68,2.03,710.92,0.9084930035731801
2005-01-29,10.94,210.17,11.27,1.66,692.33,0.6570861346598472
2005-01-30,3.09,255.18,10.82,1.0,660.07,0.9599171358509072
2005-01-31,0.0,324.87,12.56,0.92,654.92,0.8170723239683317
2005-02-01,0.0,320.88,13.24,1.86,700.95,0.6799413045610594
2005-02-02,0.0,306.82,12.91,2.22,720.09,0.5713792475303019
2005-02-03,0.0,324.73,13.92,2.21,719.49,0.49138615287605963
2005-02-04,0.0,283.57,13.89,4.2,830.26,0.33711375604287813
2005-02-05,0.0,338.98,15.62,3.17,769.91,0.2685482463392419
2005-02-06,0.0,292.41,13.6,3.74,804.5,0.23426549148742376
2005-02-07,14.13,132.57,10.55,5.09,882.76,0.24569307643802982
2005-02-08,0.0,370.54,14.59,0.69,647.39,0.2571206613886359
2005-02-09,0.0,379.9,16.63,1.81,696.64,0.2056965291109087
2005-02-10,0.04,260.87,15.06,6.6,970.25,0.1828413592096966
2005-02-11,33.82,105.08,11.94,7.79,1066.33,9.827723057521192
2005-02-12,39.78,85.33,10.43,7.31,1037.51,31.425858614166604
2005-02-13,19.4,220.34,14.47,5.5,911.01,9.19920588523786
2005-02-14,0.0,342.68,16.05,5.23,891.83,3.4054203152805993
2005-02-15,0.0,289.96,14.88,6.6,980.73,1.8455549695228752
2005-02-16,1.45,341.3,17.64,5.9,934.01,1.5141550059553
2005-02-17,0.0,356.57,17.49,6.7,986.26,1.1884688348630281
2005-02-18,14.04,198.96,15.24,8.08,1087.71,1.5941481006095424
2005-02-19,22.95,207.89,12.57,5.41,908.41,10.913343627828768
2005-02-20,13.03,216.51,12.53,5.19,893.31,11.199033251593917
2005-02-21,17.68,268.05,14.87,5.03,879.19,3.828240958453023
2005-02-22,12.39,231.05,14.08,6.26,959.35,3.3939927303299933
2005-02-23,7.03,278.34,14.0,3.99,818.42,2.3769376697260562
2005-02-24,1.65,349.1,13.74,3.08,768.29,2.0055411588313596
2005-02-25,0.0,404.97,14.4,3.07,765.45,1.7084239501156027
2005-02-26,0.0,410.23,14.83,3.17,772.26,1.3770239865480276
2005-02-27,0.0,430.49,15.2,2.47,735.83,1.1484722875359068
2005-02-28,0.0,431.24,15.83,3.02,763.63,0.9656309283262102
2005-03-01,0.0,447.69,16.86,2.84,753.57,0.8456412863448469
2005-03-02,0.0,435.7,17.3,4.17,826.33,0.8056447390177257
2005-03-03,0.0,404.49,15.62,4.38,837.89,0.7256516443634835
2005-03-04,0.0,445.13,17.71,4.22,829.73,0.6456585497092412
2005-03-05,14.93,283.08,14.78,4.87,871.89,0.897065418622574
2005-03-06,5.03,279.91,13.33,3.87,809.9,0.8227861164436348
2005-03-07,0.0,467.98,17.76,2.99,760.71,0.6913688895116654
2005-03-08,0.0,471.63,20.02,4.78,860.34,0.5999482099068171
2005-03-09,0.0,474.64,23.09,6.7,980.92,0.5256689077278778
2005-03-10,0.0,477.24,24.43,7.64,1050.89,0.4742447754501506
2005-03-11,0.0,472.18,24.91,8.63,1130.17,0.4399620205983325
2005-03-12,0.0,469.16,24.22,8.28,1102.14,0.4113930582218174
2005-03-13,0.0,448.47,22.09,7.85,1069.03,0.3885378883206053
2005-03-14,0.0,435.49,18.43,5.32,908.74,0.3542551334687872
2005-03-15,0.0,414.85,13.52,1.86,706.42,0.314258586141666
2005-03-16,0.0,480.51,15.71,0.3,625.49,0.29711720871575703
2005-03-17,0.0,464.46,16.63,2.02,708.77,0.28568962376515095
2005-03-18,0.0,380.45,15.63,5.11,881.15,0.27997583128984793
2005-03-19,1.54,233.34,12.44,6.13,954.21,0.2685482463392419
2005-03-20,2.85,298.48,14.47,5.17,892.49,0.27997583128984793
2005-03-21,0.0,458.75,16.53,2.71,747.35,0.2685482463392419
2005-03-22,0.0,466.8,18.54,3.93,813.28,0.2399792839627268
2005-03-23,0.0,375.49,17.27,6.84,1000.59,0.23426549148742376
2005-03-24,0.0,405.61,14.97,3.62,797.22,0.22283790653681776
2005-03-25,5.29,257.5,13.05,3.95,817.43,0.2571206613886359
2005-03-26,2.52,408.04,15.18,1.67,699.41,0.2571206613886359
2005-03-27,0.0,496.29,19.74,3.46,784.22,0.22283790653681776
2005-03-28,0.0,448.06,18.98,5.35,896.17,0.2056965291109087
2005-03-29,0.0,443.55,16.92,3.98,819.47,0.19998273663560567
2005-03-30,0.0,463.11,17.3,3.48,790.31,0.18855515168499964
2005-03-31,0.0,452.5,16.55,3.41,787.56,0.17141377425909057
2005-04-01,0.0,482.15,20.75,5.48,913.76,0.1542723968331815
2005-04-02,0.0,492.04,23.21,7.13,1011.74,0.14855860435787852
2005-04-03,0.0,459.48,23.97,9.55,1203.77,0.14284481188257547
2005-04-04,0.0,487.6,21.78,6.08,953.98,0.13713101940727246
2005-04-05,0.0,522.16,21.18,3.28,778.91,0.13141722693196944
2005-04-06,0.0,521.45,25.3,6.64,977.63,0.13141722693196944
2005-04-07,0.0,490.96,27.49,10.49,1279.02,0.13141722693196944
2005-04-08,0.0,458.97,25.39,10.61,1295.85,0.12570343445666643
2005-04-09,0.0,409.22,17.54,5.94,942.79,0.12570343445666643
2005-04-10,0.0,479.54,18.25,3.86,810.17,0.12570343445666643
2005-04-11,0.0,511.75,20.81,4.41,840.75,0.1199896419813634
2005-04-12,0.0,528.72,25.02,6.68,981.9,0.1199896419813634
2005-04-13,0.0,517.87,26.98,8.85,1141.27,0.11427584950606039
2005-04-14,0.0,510.06,27.36,9.55,1197.76,0.10856205703075737
2005-04-15,0.0,510.63,27.04,9.31,1178.52,0.10284826455545434
2005-04-16,0.0,522.03,28.64,9.71,1206.5,0.10284826455545434
2005-04-17,0.0,507.46,27.77,9.83,1218.37,0.10284826455545434
2005-04-18,0.0,473.46,26.25,10.26,1260.65,0.09713447208015133
2005-04-19,0.0,458.73,23.42,8.59,1129.61,0.09713447208015133
2005-04-20,0.0,473.75,21.26,6.05,944.89,0.09713447208015133
2005-04-21,0.0,523.14,24.52,6.03,942.74,0.0914206796048483
2005-04-22,0.0,486.08,25.18,8.6,1126.77,0.09713447208015133
2005-04-23,10.87,432.67,26.41,9.05,1163.82,0.1199896419813634
2005-04-24,13.06,338.03,23.25,8.35,1117.3,0.5599516625796959
2005-04-25,0.0,398.63,19.41,7.29,1033.34,0.22855169901212077
2005-04-26,0.0,471.17,22.67,7.2,1025.72,0.1542723968331815
2005-04-27,0.0,446.72,22.53,8.17,1096.98,0.12570343445666643
2005-04-28,0.0,395.11,20.3,8.25,1106.66,0.11427584950606039
2005-04-29,0.0,426.56,19.37,6.25,963.35,0.11427584950606039
2005-04-30,0.0,459.34,21.75,7.05,1017.0,0.10856205703075737
2005-05-01,0.0,465.85,24.18,8.87,1141.46,0.10284826455545434
2005-05-02,0.0,462.72,24.87,9.62,1199.46,0.09713447208015133
2005-05-03,0.0,471.99,25.43,9.73,1212.18,0.0914206796048483
2005-05-04,0.0,468.85,27.37,11.51,1355.52,0.0914206796048483
2005-05-05,0.0,463.67,27.85,12.22,1416.74,0.08570688712954529
2005-05-06,0.0,470.26,25.78,10.29,1260.41,0.07999309465424226
2005-05-07,0.0,432.3,21.03,7.89,1077.78,0.08570688712954529
2005-05-08,0.0,494.4,24.05,7.76,1053.65,0.08570688712954529
2005-05-09,0.0,492.54,25.5,9.01,1129.01,0.07999309465424226
2005-05-10,0.0,431.5,24.06,10.53,1282.06,0.07999309465424226
2005-05-11,0.0,504.64,22.69,6.02,926.88,0.06856550970363623
2005-05-12,0.0,515.99,25.24,7.64,1017.95,0.06285171722833321
2005-05-13,0.0,514.33,28.03,10.18,1138.46,0.06285171722833321
2005-05-14,0.0,487.86,28.52,12.25,1199.82,0.06285171722833321
2005-05-15,0.0,521.83,31.1,12.75,1097.55,0.05713792475303019
2005-05-16,0.0,488.83,30.72,14.31,1260.63,0.056566545505499895
2005-05-17,0.0,467.01,29.04,13.94,1268.92,0.054281028515378686
2005-05-18,0.0,498.07,28.24,11.9,1077.56,0.05313827002031808
2005-05-19,0.0,530.06,32.32,13.43,1121.9,0.05142413227772717
2005-05-20,0.0,525.53,34.83,15.83,1197.73,0.050281373782666575
2005-05-21,0.0,522.7,35.97,17.4,1118.92,0.04742447754501506
2005-05-22,0.0,528.56,36.96,18.09,1065.06,0.04513896055489385
2005-05-23,0.0,513.09,36.2,18.61,1027.04,0.042282064317242345
2005-05-24,0.0,513.75,34.1,17.02,856.68,0.04113930582218174
2005-05-25,0.0,534.72,33.79,15.48,726.37,0.03713965108946963
2005-05-26,0.0,522.21,34.46,16.74,787.9,0.03485413409934841
2005-05-27,0.0,474.64,32.95,17.75,882.97,0.03713965108946963
2005-05-28,0.0,462.87,30.67,16.18,804.75,0.040567926574651435
2005-05-29,0.0,442.52,29.49,15.91,815.97,0.040567926574651435
2005-05-30,0.0,441.08,28.86,15.41,792.38,0.03771103033699992
2005-05-31,0.0,530.76,30.89,13.02,610.95,0.03485413409934841
2005-06-01,0.0,518.52,31.6,14.25,672.81,0.03256861710922721
2005-06-02,0.0,477.35,29.76,14.64,718.73,0.03256861710922721
2005-06-03,0.0,486.71,28.31,12.89,637.59,0.034282754851818115
2005-06-04,0.0,505.21,29.32,13.03,580.89,0.027426203881454492
2005-06-05,0.0,491.93,30.21,14.5,638.15,0.026283445386393888
2005-06-06,0.0,498.47,29.49,13.48,591.69,0.023426549148742377
2005-06-07,0.0,508.44,28.6,12.14,539.09,0.021141032158621172
2005-06-08,0.0,521.02,29.24,12.03,532.76,0.021141032158621172
2005-06-09,0.0,484.07,28.71,13.34,593.82,0.021141032158621172
2005-06-10,0.0,503.33,29.35,13.04,572.51,0.02171241140615147
2005-06-11,0.0,461.24,29.3,15.0,672.22,0.02056965291109087
2005-06-12,0.0,490.36,29.82,14.25,627.42,0.019998273663560565
2005-06-13,0.0,534.59,33.12,14.84,642.09,0.019426894416030266
2005-06-14,0.0,521.62,35.67,17.8,788.05,0.01771275667343936
2005-06-15,0.0,523.58,34.8,16.91,744.03,0.016569998178378755
2005-06-16,0.0,517.36,33.85,16.36,717.62,0.015427239683318153
2005-06-17,0.0,525.25,32.64,14.81,644.74,0.007999309465424227
2005-06-18,0.0,524.94,33.01,15.17,654.01,0.007427930217893924
2005-06-19,0.0,550.28,36.32,16.42,703.8,0.006856550970363623
2005-06-20,0.0,547.59,39.07,18.9,837.39,0.006285171722833322
2005-06-21,0.0,517.23,39.44,21.18,978.7,0.005713792475303019
2005-06-22,0.0,472.14,38.31,22.62,1069.89,0.011427584950606038
2005-06-23,0.0,484.8,36.5,20.44,938.6,0.010856205703075735
2005-06-24,0.0,514.68,36.0,18.43,820.12,0.010284826455545435
2005-06-25,0.0,490.47,35.55,19.38,863.9,0.009713447208015133
2005-06-26,0.0,510.48,34.43,17.31,754.27,0.008570688712954529
2005-06-27,0.0,539.53,35.79,16.64,717.17,0.007999309465424227
2005-06-28,0.0,502.9,35.42,18.39,809.89,0.007999309465424227
2005-06-29,0.0,541.78,36.08,16.45,706.04,0.007427930217893924
2005-06-30,0.0,543.88,37.23,17.21,745.6,0.006856550970363623
2005-07-01,0.0,536.74,37.3,17.71,770.62,0.006285171722833322
2005-07-02,0.0,515.54,36.87,18.57,818.17,0.006285171722833322
2005-07-03,0.0,501.19,35.9,18.5,816.28,0.005599516625796959
2005-07-04,0.0,527.52,36.68,17.57,764.03,0.005028137378266657
2005-07-05,0.0,519.18,37.36,18.55,817.16,0.004799585679254537
2005-07-06,0.0,508.57,37.19,18.96,838.95,0.004113930582218174
2005-07-07,0.0,504.06,36.82,18.92,838.8,0.003713965108946962
2005-07-08,0.0,508.3,36.59,18.46,817.05,0.0033711375604287813
2005-07-09,0.0,500.28,36.04,18.36,808.83,0.00297117208715757
2005-07-10,0.0,508.21,36.02,17.84,779.88,0.002742620388145449
2005-07-11,0.0,527.94,37.71,17.95,783.72,0.0025712066138863588
2005-07-12,0.0,542.07,40.31,19.03,844.05,0.0022283790653681774
2005-07-13,0.0,501.34,39.65,21.11,967.69,0.0018855515168499965
2005-07-14,0.0,459.17,38.69,22.53,1063.35,0.0016569998178378755
2005-07-15,0.0,457.82,38.94,22.85,1084.45,0.001485586043578785
2005-07-16,0.0,444.89,39.41,23.88,1159.77,0.0011998964198136342
2005-07-17,0.0,460.79,39.88,23.57,1139.27,0.0010284826455545435
2005-07-18,0.0,476.2,39.11,22.15,1040.59,0.0012570343445666642
2005-07-19,2.44,381.46,38.43,22.67,1078.01,0.0014284481188257547
2005-07-20,0.0,441.43,37.46,22.53,1065.53,0.0011427584950606039
2005-07-21,0.01,445.52,38.23,23.05,1105.03,0.0008570688712954529
2005-07-22,1.53,379.37,36.64,22.63,1076.34,0.0005142413227772717
2005-07-23,7.63,339.48,35.48,20.26,918.54,0.0005713792475303019
2005-07-24,0.0,464.23,33.47,18.02,793.78,0.054852407762908985
2005-07-25,4.53,354.72,33.18,20.31,923.61,0.0048567236040075665
2005-07-26,0.0,438.17,34.45,20.14,909.6,0.19426894416030266
2005-07-27,0.0,446.01,34.77,20.18,909.47,0.3313999635675751
2005-07-28,0.0,463.68,35.27,19.9,895.01,0.06285171722833321
2005-07-29,0.0,423.52,35.68,22.11,1037.58,0.026854824633924194
2005-07-30,0.64,418.06,34.14,20.5,939.08,0.017141377425909057
2005-07-31,4.58,328.35,32.43,20.18,914.69,0.023426549148742377
2005-08-01,1.31,431.77,33.48,19.28,859.15,0.012570343445666644
2005-08-02,11.3,354.19,34.2,19.52,871.89,0.015998618930848453
2005-08-03,12.98,344.93,32.15,17.7,795.08,0.04742447754501506
2005-08-04,0.0,457.14,32.61,18.43,840.45,0.012570343445666644
2005-08-05,2.22,404.37,33.5,20.16,1038.68,0.00914206796048483
2005-08-06,0.0,396.78,32.91,21.1,1095.09,0.005485240776290898
2005-08-07,0.0,421.35,33.18,20.59,1030.98,0.003942516807959083
2005-08-08,5.65,285.19,30.75,19.78,1211.37,0.003942516807959083
2005-08-09,10.08,283.7,30.12,19.14,1261.66,0.1199896419813634
2005-08-10,0.22,348.44,28.75,19.02,1229.46,0.2056965291109087
2005-08-11,2.29,349.76,30.12,19.13,1255.54,0.03713965108946963
2005-08-12,2.18,378.05,30.31,19.28,1213.18,0.04113930582218174
2005-08-13,0.0,438.36,30.24,18.0,1031.47,0.1542723968331815
2005-08-14,8.16,339.59,29.17,18.29,1261.61,0.03828240958453023
2005-08-15,0.0,456.3,30.26,17.4,1053.99,0.019426894416030266
2005-08-16,0.0,469.87,32.12,18.56,1104.47,0.011427584950606038
2005-08-17,0.0,477.55,33.01,19.08,1122.11,0.006285171722833322
2005-08-18,0.0,489.14,32.84,18.42,1067.32,0.004342482281230294
2005-08-19,0.0,487.65,33.09,18.65,1082.08,0.003085447936663631
2005-08-20,0.0,514.96,33.69,17.73,993.0,0.002456930764380298
2005-08-21,0.0,492.17,35.13,20.03,1172.38,0.0015998618930848454
2005-08-22,0.0,488.43,35.74,20.65,1224.97,0.0009713447208015134
2005-08-23,0.0,475.76,33.6,19.44,1154.49,0.0005142413227772717
2005-08-24,0.0,477.52,31.9,17.79,1047.1,0.00028568962376515096
2005-08-25,0.0,493.24,34.19,18.9,1090.33,0.00028568962376515096
2005-08-26,0.0,512.85,35.96,19.19,1086.67,0.00022855169901212077
2005-08-27,0.0,489.89,36.59,20.83,1247.89,0.00017141377425909055
2005-08-28,0.0,509.8,37.47,20.3,1168.73,0.00017141377425909055
2005-08-29,0.0,515.75,37.59,19.78,1123.78,0.00017141377425909055
2005-08-30,0.0,492.63,36.24,19.85,1170.47,0.00011427584950606039
2005-08-31,0.0,480.09,35.11,19.46,1163.59,0.00022855169901212077
2005-09-01,0.0,480.69,35.04,19.29,1146.4,0.00022855169901212077
2005-09-02,0.0,459.24,33.04,18.53,1139.09,0.00017141377425909055
2005-09-03,0.0,417.85,32.43,19.7,1293.6,0.00017141377425909055
2005-09-04,0.0,407.88,32.24,19.86,1334.55,0.00022855169901212077
2005-09-05,0.0,432.1,33.48,19.89,1290.71,0.00017141377425909055
2005-09-06,0.0,446.25,34.39,19.95,1257.71,0.00011427584950606039
2005-09-07,0.0,392.22,33.45,21.2,1488.26,0.00017141377425909055
2005-09-08,0.0,357.95,32.92,21.84,1648.16,0.00017141377425909055
2005-09-09,0.0,397.23,31.99,19.56,1342.95,0.010856205703075735
2005-09-10,0.0,465.56,30.57,15.16,929.79,0.023997928396272683
2005-09-11,0.0,442.0,29.98,15.59,994.5,0.0038853788832060535
2005-09-12,0.0,450.27,29.32,14.43,918.84,0.0008570688712954529
2005-09-13,0.0,463.82,28.69,12.89,821.68,0.00017141377425909055
2005-09-14,0.0,463.2,27.97,12.13,784.4,0.00011427584950606039
2005-09-15,0.0,484.37,30.2,12.57,778.81,5.713792475303019e-05
2005-09-16,0.0,468.89,30.66,13.61,857.7,5.713792475303019e-05
2005-09-17,0.0,471.6,30.84,13.42,841.81,0.00011427584950606039
2005-09-18,0.0,478.43,31.7,13.47,832.68,0.00022855169901212077
2005-09-19,0.0,476.98,33.67,14.99,918.64,0.00028568962376515096
2005-09-20,0.0,417.54,34.16,18.76,1265.93,0.0005142413227772717
2005-09-21,0.0,388.27,33.63,19.59,1393.22,0.0011998964198136342
2005-09-22,0.0,393.41,32.86,18.59,1303.9,0.0013141722693196945
2005-09-23,0.0,409.86,32.61,17.51,1188.9,0.0017712756673439359
2005-09-24,0.0,414.98,31.34,16.02,1084.81,0.0011998964198136342
2005-09-25,0.0,448.3,32.09,14.67,941.9,0.0007427930217893925
2005-09-26,0.0,431.29,33.46,16.65,1096.28,0.00017141377425909055
2005-09-27,0.0,383.26,33.08,18.75,1353.16,0.00017141377425909055
2005-09-28,0.0,397.06,31.35,16.61,1163.13,0.00017141377425909055
2005-09-29,0.0,435.2,30.49,13.61,911.97,0.00011427584950606039
2005-09-30,0.0,446.57,31.44,13.44,885.17,0.00022855169901212077
2005-10-01,0.0,428.33,31.22,14.21,959.29,0.00017141377425909055
2005-10-02,0.0,394.16,31.1,15.91,1131.51,0.00017141377425909055
2005-10-03,0.0,392.79,30.82,15.5,1111.32,0.00011427584950606039
2005-10-04,0.0,307.62,29.15,17.76,1515.46,0.00011427584950606039
2005-10-05,0.0,362.62,29.67,15.78,1220.74,0.00017141377425909055
2005-10-06,0.0,406.75,30.66,14.14,1001.82,0.00017141377425909055
2005-10-07,0.0,389.79,30.97,15.17,1103.88,0.00017141377425909055
2005-10-08,1.14,330.74,29.24,16.0,1291.69,0.00011427584950606039
2005-10-09,0.0,352.54,26.62,12.86,1043.55,0.00011427584950606039
2005-10-10,0.0,358.6,23.13,9.33,849.92,0.00011427584950606039
2005-10-11,0.0,389.13,23.62,7.99,739.08,0.00011427584950606039
2005-10-12,0.0,400.17,25.0,8.3,734.48,0.00011427584950606039
2005-10-13,0.0,366.09,27.74,12.6,1015.82,0.00011427584950606039
2005-10-14,0.0,366.27,27.57,12.37,1005.94,0.00011427584950606039
2005-10-15,0.0,296.5,25.4,13.82,1249.68,0.00017141377425909055
2005-10-16,0.0,259.16,24.02,14.16,1382.42,0.00011427584950606039
2005-10-17,0.0,319.75,27.3,14.54,1260.02,0.00011427584950606039
2005-10-18,10.79,211.39,22.66,11.83,1241.9,0.00022855169901212077
2005-10-19,6.79,273.98,20.27,6.76,897.82,0.00017141377425909055
2005-10-20,0.0,356.11,22.9,8.54,925.48,0.00017141377425909055
2005-10-21,0.0,345.51,25.65,11.44,1107.84,0.00017141377425909055
2005-10-22,0.0,363.45,26.26,10.78,979.51,0.00011427584950606039
2005-10-23,0.0,364.17,25.64,10.03,935.98,0.00011427584950606039
2005-10-24,0.0,354.21,25.58,10.45,961.56,0.00011427584950606039
2005-10-25,0.0,343.9,25.28,10.76,999.7,0.00011427584950606039
2005-10-26,0.0,353.79,23.45,8.43,855.67,0.00011427584950606039
2005-10-27,0.0,334.26,23.01,9.03,919.28,0.00011427584950606039
2005-10-28,0.0,306.14,22.3,9.8,1009.76,0.00011427584950606039
2005-10-29,0.0,326.16,22.49,8.92,930.18,0.00011427584950606039
2005-10-30,0.0,331.8,22.67,8.77,889.86,0.00011427584950606039
2005-10-31,0.0,324.59,23.21,9.5,922.7,0.00011427584950606039
2005-11-01,0.0,352.09,25.7,10.1,804.97,0.00011427584950606039
2005-11-02,0.0,355.01,25.45,9.77,675.87,0.00011427584950606039
2005-11-03,0.0,285.2,23.05,11.38,884.95,0.00011427584950606039
2005-11-04,0.0,351.06,22.48,6.9,561.83,0.00011427584950606039
2005-11-05,0.0,363.66,22.69,5.95,511.96,0.00011427584950606039
2005-11-06,0.0,358.54,23.66,7.0,554.49,0.00011427584950606039
2005-11-07,0.0,342.78,24.27,8.59,592.11,0.00011427584950606039
2005-11-08,0.0,357.8,26.27,9.12,506.05,0.00011427584950606039
2005-11-09,0.0,330.58,26.07,10.86,597.73,0.00011427584950606039
2005-11-10,0.0,297.36,23.48,10.6,603.37,0.00011427584950606039
2005-11-11,0.0,296.79,20.18,7.62,468.34,0.00011427584950606039
2005-11-12,0.0,340.72,20.7,4.97,363.9,0.00011427584950606039
2005-11-13,0.0,348.05,22.48,5.84,341.73,0.00011427584950606039
2005-11-14,0.0,339.39,22.71,6.48,354.85,0.00011427584950606039
2005-11-15,0.0,283.76,19.32,6.77,393.28,0.00011427584950606039
2005-11-16,0.0,321.25,20.82,5.73,344.38,0.00011427584950606039
2005-11-17,0.0,320.95,21.6,6.19,354.69,0.00011427584950606039
2005-11-18,0.0,288.44,19.67,6.45,373.51,0.00011427584950606039
2005-11-19,0.0,328.96,20.38,3.88,302.1,0.00011427584950606039
2005-11-20,0.0,302.16,20.34,5.89,353.61,0.00011427584950606039
2005-11-21,0.0,330.96,22.08,4.97,321.63,0.00011427584950606039
2005-11-22,0.0,308.86,21.07,5.83,348.28,0.00011427584950606039
2005-11-23,0.0,311.31,21.17,5.59,339.73,0.00011427584950606039
2005-11-24,0.0,283.09,20.94,7.33,397.58,0.00011427584950606039
2005-11-25,0.0,302.15,20.3,5.26,337.99,0.00011427584950606039
2005-11-26,0.0,262.87,17.05,4.68,355.07,0.00011427584950606039
2005-11-27,0.0,285.15,13.86,0.13,249.32,0.00011427584950606039
2005-11-28,0.0,313.46,11.61,-4.56,169.15,0.00011427584950606039
2005-11-29,0.0,313.44,14.82,-1.62,205.71,0.00011427584950606039
2005-11-30,0.0,306.17,16.94,0.88,249.18,0.00011427584950606039
2005-12-01,0.0,310.87,19.52,2.67,274.76,0.00011427584950606039
2005-12-02,0.0,256.48,17.5,4.85,368.52,0.00028568962376515096
2005-12-03,0.0,248.54,16.63,4.58,371.97,0.0003428275485181811
2005-12-04,0.0,274.35,13.46,-0.23,255.81,0.0003428275485181811
2005-12-05,0.0,292.81,13.45,-1.69,214.89,0.0003428275485181811
2005-12-06,0.0,297.91,13.19,-2.49,201.91,0.0003428275485181811
2005-12-07,0.0,301.42,13.26,-2.82,194.8,0.0003428275485181811
2005-12-08,0.0,283.96,13.73,-0.84,233.59,0.0003428275485181811
2005-12-09,0.0,287.8,17.03,1.96,272.91,0.0003428275485181811
2005-12-10,0.0,304.14,18.41,1.6,257.42,0.0003428275485181811
2005-12-11,0.0,272.18,16.95,2.86,302.94,0.0003428275485181811
2005-12-12,0.0,211.86,14.79,4.59,458.58,0.0003428275485181811
2005-12-13,0.0,257.15,14.17,1.4,303.37,0.0003428275485181811
2005-12-14,0.0,279.25,14.07,-0.26,248.87,0.00039996547327121135
2005-12-15,0.0,242.73,12.05,0.14,309.48,0.0003428275485181811
2005-12-16,0.0,275.37,11.39,-2.58,228.76,0.0003428275485181811
2005-12-17,0.0,289.23,11.47,-3.64,199.81,0.0003428275485181811
2005-12-18,0.0,272.86,13.49,-0.43,255.18,0.00039996547327121135
2005-12-19,0.0,283.67,16.6,1.82,272.45,0.00039996547327121135
2005-12-20,0.0,297.28,18.67,2.44,276.81,0.00039996547327121135
2005-12-21,0.0,281.49,20.8,5.93,366.61,0.00039996547327121135
2005-12-22,0.0,279.31,21.13,6.49,377.0,0.0003428275485181811
2005-12-23,0.0,280.79,20.72,6.05,363.96,0.0003428275485181811
2005-12-24,0.0,290.21,21.62,5.95,361.38,0.00039996547327121135
2005-12-25,0.0,296.91,20.86,4.63,329.44,0.00039996547327121135
2005-12-26,0.0,280.51,19.09,4.25,334.2,0.00039996547327121135
2005-12-27,0.0,283.23,17.76,2.93,297.59,0.00039996547327121135
2005-12-28,0.0,291.22,19.31,3.8,311.31,0.00039996547327121135
2005-12-29,0.0,281.41,17.47,2.96,298.81,0.00039996547327121135
2005-12-30,0.0,278.4,16.24,2.11,281.91,0.00039996547327121135
2005-12-31,0.0,242.25,15.47,3.78,375.34,0.00039996547327121135
2006-01-01,0.0,258.26,16.42,3.02,610.17,0.00045710339802424154
2006-01-02,0.0,258.28,19.36,5.71,714.83,0.00045710339802424154
2006-01-03,0.0,239.92,17.36,5.21,734.4,0.0003428275485181811
2006-01-04,0.0,300.04,19.01,2.32,498.81,0.0003428275485181811
2006-01-05,0.0,286.99,20.62,5.27,499.26,0.00028568962376515096
2006-01-06,0.0,280.86,21.62,6.82,557.73,0.00028568962376515096
2006-01-07,0.0,288.36,20.4,5.26,458.97,0.00028568962376515096
2006-01-08,0.0,311.75,19.39,2.5,306.8,0.00028568962376515096
2006-01-09,0.0,274.91,15.87,2.25,334.42,0.00028568962376515096
2006-01-10,0.0,302.43,17.65,1.99,301.68,0.00028568962376515096
2006-01-11,0.0,309.12,17.93,1.78,293.4,0.00028568962376515096
2006-01-12,0.0,312.48,17.89,1.53,287.21,0.00028568962376515096
2006-01-13,0.0,331.38,20.3,2.07,249.72,0.00028568962376515096
2006-01-14,0.0,288.25,19.35,5.06,334.52,0.00028568962376515096
2006-01-15,0.0,249.92,14.81,3.33,332.37,0.00028568962376515096
2006-01-16,0.0,279.25,10.49,-2.53,216.07,0.00028568962376515096
2006-01-17,0.0,322.68,13.24,-3.0,178.06,0.00028568962376515096
2006-01-18,0.0,298.36,14.77,0.52,242.64,0.00028568962376515096
2006-01-19,0.0,244.18,12.23,1.43,316.74,0.00028568962376515096
2006-01-20,0.0,309.07,12.02,-2.68,188.73,0.00028568962376515096
2006-01-21,0.0,332.34,14.34,-2.2,186.35,0.00045710339802424154
2006-01-22,0.0,338.62,14.56,-2.4,183.92,0.0007427930217893925
2006-01-23,0.0,333.44,16.27,-0.27,214.4,0.0006856550970363622
2006-01-24,0.0,297.85,18.59,4.92,313.68,0.0006856550970363622
2006-01-25,0.0,264.06,15.46,4.11,309.5,0.0006856550970363622
2006-01-26,0.0,334.06,14.53,-1.22,197.55,0.0007427930217893925
2006-01-27,0.0,307.8,13.13,-0.58,208.67,0.0008570688712954529
2006-01-28,0.0,337.08,14.49,-1.18,197.86,0.0007999309465424227
2006-01-29,0.0,336.07,15.55,0.03,215.95,0.0008570688712954529
2006-01-30,0.0,364.71,19.75,1.72,240.65,0.0008570688712954529
2006-01-31,0.0,335.43,17.51,2.24,252.41,0.0009142067960484831
2006-02-01,0.0,335.57,17.11,2.05,250.85,0.0008570688712954529
2006-02-02,0.0,346.0,18.42,2.51,254.39,0.0009142067960484831
2006-02-03,0.0,351.78,20.15,3.93,292.29,0.0011998964198136342
2006-02-04,0.0,365.91,21.47,4.14,294.58,0.0013141722693196945
2006-02-05,0.0,340.04,19.99,4.98,313.88,0.0013141722693196945
2006-02-06,0.0,362.57,19.11,2.57,262.48,0.0011427584950606039
2006-02-07,0.0,367.99,21.57,4.69,309.16,0.0011998964198136342
2006-02-08,0.0,385.55,23.29,4.64,305.91,0.0011998964198136342
2006-02-09,0.0,339.35,20.71,6.23,343.58,0.0012570343445666642
2006-02-10,0.0,381.74,19.95,2.48,259.14,0.0013713101940727244
2006-02-11,0.0,364.15,18.4,2.62,263.51,0.0013141722693196945
2006-02-12,0.0,387.85,19.8,2.35,258.41,0.0013141722693196945
2006-02-13,0.0,389.82,21.0,3.41,276.89,0.0013713101940727244
2006-02-14,0.0,369.55,19.99,4.0,294.33,0.0014284481188257547
2006-02-15,0.0,345.58,18.79,4.61,306.16,0.0013713101940727244
2006-02-16,0.0,359.18,16.8,2.07,254.07,0.0012570343445666642
2006-02-17,0.0,209.26,13.23,5.6,423.57,0.0013141722693196945
2006-02-18,0.0,339.69,14.11,0.96,232.44,0.0013713101940727244
2006-02-19,0.0,353.82,13.03,-0.69,205.28,0.0013713101940727244
2006-02-20,0.0,377.26,13.61,-1.3,196.08,0.0013713101940727244
2006-02-21,0.0,379.05,13.29,-1.5,193.31,0.0014284481188257547
2006-02-22,0.0,418.68,15.65,-1.88,186.58,0.0013713101940727244
2006-02-23,0.0,427.97,18.86,0.33,220.46,0.0012570343445666642
2006-02-24,0.0,409.66,19.62,2.6,256.75,0.0012570343445666642
2006-02-25,0.0,441.69,21.83,2.18,252.53,0.0011998964198136342
2006-02-26,0.0,421.11,23.13,5.15,318.99,0.0011998964198136342
2006-02-27,0.0,427.0,22.86,4.75,308.07,0.0011427584950606039
2006-02-28,0.0,363.77,22.01,8.15,391.64,0.0010856205703075735
2006-03-01,0.0,307.57,19.27,8.43,402.21,0.0011427584950606039
2006-03-02,0.0,416.59,20.86,4.46,303.45,0.0012570343445666642
2006-03-03,0.0,417.08,20.26,3.9,290.52,0.0010856205703075735
2006-03-04,0.0,413.54,19.13,3.26,274.76,0.0010284826455545435
2006-03-05,0.0,453.64,21.56,2.81,265.36,0.0009713447208015134
2006-03-06,0.0,436.7,21.8,4.51,302.2,0.0009713447208015134
2006-03-07,0.0,391.55,19.05,4.84,311.98,0.0009713447208015134
2006-03-08,0.0,390.59,15.75,1.87,250.95,0.0009713447208015134
2006-03-09,0.0,379.19,13.16,0.16,218.49,0.0010284826455545435
2006-03-10,0.0,265.94,11.49,3.15,283.88,0.0009142067960484831
2006-03-11,35.41,193.83,7.84,-0.19,319.77,0.010856205703075735
2006-03-12,34.11,217.19,6.09,-2.57,466.85,0.010284826455545435
2006-03-13,0.0,434.34,10.97,-3.68,381.61,0.0036568271841939323
2006-03-14,0.0,478.81,17.05,-0.5,412.24,0.0022855169901212077
2006-03-15,0.0,420.07,17.59,3.67,589.75,0.0015998618930848454
2006-03-16,0.0,464.98,18.7,2.47,501.36,0.0013713101940727244
2006-03-17,0.0,435.69,19.63,5.03,615.55,0.0011427584950606039
2006-03-18,0.0,431.14,17.08,3.02,563.28,0.0009713447208015134
2006-03-19,7.33,273.98,11.24,0.04,601.92,0.0011998964198136342
2006-03-20,4.96,233.74,10.3,1.11,667.31,0.0011998964198136342
2006-03-21,2.16,326.18,12.62,1.29,643.78,0.0010856205703075735
2006-03-22,0.06,482.33,14.47,-1.96,419.98,0.0010284826455545435
2006-03-23,0.0,482.36,19.26,2.75,539.57,0.0008570688712954529
2006-03-24,0.0,490.36,22.08,4.99,598.79,0.0005713792475303019
2006-03-25,0.0,502.67,23.99,5.82,608.24,0.0005142413227772717
2006-03-26,0.0,467.59,22.83,7.13,706.24,0.0005142413227772717
2006-03-27,0.0,349.94,19.52,9.13,977.88,0.0005713792475303019
2006-03-28,0.03,256.42,17.22,10.05,1198.11,0.0005713792475303019
2006-03-29,0.0,312.33,17.44,8.87,1010.34,0.00039996547327121135
2006-03-30,0.0,420.14,17.35,5.3,670.27,0.00039996547327121135
2006-03-31,0.0,438.98,19.47,6.57,689.28,0.0007427930217893925
2006-04-01,0.0,391.37,18.58,7.67,804.61,0.0009713447208015134
2006-04-02,0.0,527.59,22.24,4.64,506.39,0.0009142067960484831
2006-04-03,0.0,500.2,25.57,9.53,709.76,0.0008570688712954529
2006-04-04,0.0,414.22,23.86,12.12,982.48,0.0007999309465424227
2006-04-05,3.39,373.94,20.38,7.52,801.55,0.0009142067960484831
2006-04-06,0.0,495.47,16.05,1.68,481.35,0.0011427584950606039
2006-04-07,0.0,546.05,21.59,3.58,472.3,0.0010284826455545435
2006-04-08,0.0,549.31,25.29,6.48,545.32,0.0008570688712954529
2006-04-09,0.0,521.05,25.17,8.19,639.17,0.0007999309465424227
2006-04-10,0.0,452.56,22.68,9.3,785.39,0.0006856550970363622
2006-04-11,0.0,504.16,22.25,6.42,602.76,0.0006285171722833321
2006-04-12,0.0,539.52,26.82,8.27,609.82,0.0005713792475303019
2006-04-13,0.0,538.11,29.14,10.41,684.33,0.0005713792475303019
2006-04-14,0.0,464.07,26.83,12.6,925.03,0.0005713792475303019
2006-04-15,0.0,524.17,23.99,7.01,591.88,0.0005142413227772717
2006-04-16,0.0,511.96,23.2,7.02,605.39,0.0005142413227772717
2006-04-17,0.0,494.64,22.8,7.56,644.56,0.00045710339802424154
2006-04-18,0.0,528.66,23.69,6.41,560.72,0.00045710339802424154
2006-04-19,0.0,530.02,25.25,7.52,588.54,0.00039996547327121135
2006-04-20,0.0,545.55,26.5,7.44,559.08,0.00039996547327121135
2006-04-21,0.0,537.75,28.32,9.61,642.02,0.00045710339802424154
2006-04-22,0.0,515.84,27.58,10.37,706.92,0.00039996547327121135
2006-04-23,0.0,511.39,24.74,8.04,625.99,0.00039996547327121135
2006-04-24,0.0,522.02,21.8,4.93,516.3,0.00045710339802424154
2006-04-25,0.0,540.02,24.76,6.54,536.43,0.00045710339802424154
2006-04-26,0.0,540.02,26.85,8.21,585.09,0.00039996547327121135
2006-04-27,0.0,500.07,24.08,7.79,631.18,0.00045710339802424154
2006-04-28,0.0,397.46,18.15,6.41,723.25,0.0005713792475303019
2006-04-29,0.0,521.49,24.61,6.96,567.7,0.0005142413227772717
2006-04-30,0.0,533.35,28.96,10.07,648.55,0.0005142413227772717
2006-05-01,0.0,512.32,30.55,12.46,774.5,0.0005142413227772717
2006-05-02,0.0,486.65,29.35,12.76,834.17,0.00045710339802424154
2006-05-03,0.0,473.6,28.27,12.53,850.56,0.00045710339802424154
2006-05-04,0.0,485.46,27.09,10.79,749.64,0.00045710339802424154
2006-05-05,0.0,471.41,25.43,9.94,741.52,0.00045710339802424154
2006-05-06,0.0,474.99,26.44,10.7,763.58,0.00039996547327121135
2006-05-07,0.0,492.91,27.99,11.29,754.63,0.00039996547327121135
2006-05-08,0.0,485.01,28.79,12.44,817.69,0.00039996547327121135
2006-05-09,0.0,495.2,28.26,11.56,760.31,0.00039996547327121135
2006-05-10,0.0,504.95,30.84,13.27,811.82,0.00039996547327121135
2006-05-11,0.0,491.21,31.91,14.84,910.91,0.0003428275485181811
2006-05-12,0.0,515.97,32.39,13.99,817.41,0.0003428275485181811
2006-05-13,0.0,502.77,32.4,14.75,879.26,0.0003428275485181811
2006-05-14,0.0,518.67,33.62,14.9,848.26,0.00028568962376515096
2006-05-15,0.0,492.86,33.44,16.12,965.54,0.00028568962376515096
2006-05-16,1.6,400.92,32.79,17.7,1318.41,0.0003428275485181811
2006-05-17,0.0,485.32,33.55,16.62,1032.65,0.0003428275485181811
2006-05-18,0.0,477.78,33.02,16.5,1038.84,0.00039996547327121135
2006-05-19,0.0,481.18,33.61,16.93,1054.82,0.00039996547327121135
2006-05-20,0.0,484.42,33.19,16.52,1023.73,0.00039996547327121135
2006-05-21,0.0,484.38,33.59,16.91,1042.47,0.00039996547327121135
2006-05-22,0.0,464.43,30.16,14.84,993.66,0.00039996547327121135
2006-05-23,0.0,530.71,28.6,10.13,645.78,0.00039996547327121135
2006-05-24,0.0,547.89,33.9,13.6,736.87,0.00039996547327121135
2006-05-25,0.0,507.31,33.39,15.58,912.63,0.00039996547327121135
2006-05-26,0.0,488.21,32.04,15.41,948.79,0.00039996547327121135
2006-05-27,0.0,453.74,30.05,15.18,1014.18,0.00039996547327121135
2006-05-28,0.0,420.93,26.55,13.26,982.95,0.00039996547327121135
2006-05-29,0.0,522.53,28.19,10.28,655.22,0.00039996547327121135
2006-05-30,0.0,538.02,30.48,11.42,669.59,0.00039996547327121135
2006-05-31,0.0,551.52,33.63,13.19,707.04,0.00039996547327121135
2006-06-01,0.0,541.44,35.93,15.63,825.78,0.00039996547327121135
2006-06-02,0.0,522.72,37.26,17.86,979.7,0.00039996547327121135
2006-06-03,0.0,495.71,37.12,19.15,1124.67,0.0003428275485181811
2006-06-04,0.0,504.85,38.41,19.71,1132.27,0.00028568962376515096
2006-06-05,0.0,481.53,37.51,20.12,1230.37,0.00017141377425909055
2006-06-06,0.0,445.05,35.89,20.38,1366.45,0.00011427584950606039
2006-06-07,0.06,416.02,34.43,20.31,1459.12,0.00011427584950606039
2006-06-08,0.0,442.08,34.17,19.1,1281.97,5.713792475303019e-05
2006-06-09,0.0,458.43,33.91,18.23,1175.43,5.713792475303019e-05
2006-06-10,0.0,497.49,33.64,16.92,732.09,0.0
2006-06-11,0.0,535.04,34.45,15.47,660.01,0.0
2006-06-12,0.0,533.36,34.56,15.63,666.21,0.0
2006-06-13,0.0,520.81,36.91,18.46,813.35,0.0
2006-06-14,0.0,456.12,35.25,20.32,915.05,0.0
2006-06-15,0.0,486.1,32.51,16.4,704.17,0.0
2006-06-16,0.0,487.59,32.89,16.75,725.47,0.0
2006-06-17,0.0,516.71,35.13,17.16,743.53,0.0
2006-06-18,0.0,533.78,37.01,17.7,770.28,0.0
2006-06-19,0.0,504.72,37.06,19.43,865.36,0.0
2006-06-20,0.0,500.0,35.99,18.74,828.69,0.0
2006-06-21,0.0,479.63,35.87,19.64,878.49,0.0
2006-06-22,0.0,499.5,36.63,19.36,864.54,0.0
2006-06-23,0.0,482.87,37.31,20.88,952.33,0.0
2006-06-24,0.0,455.97,36.62,21.61,1005.31,0.0
2006-06-25,0.0,463.02,37.62,22.19,1042.63,0.0
2006-06-26,0.0,479.45,35.75,19.74,891.18,0.0
2006-06-27,0.0,447.08,34.83,20.34,923.79,0.0
2006-06-28,0.0,449.93,34.74,20.21,915.55,0.0
2006-06-29,0.0,436.98,35.57,21.62,1007.82,0.0
2006-06-30,0.0,457.42,36.3,21.53,997.95,0.0
2006-07-01,0.0,490.89,36.73,20.43,928.35,0.06856550970363623
2006-07-02,0.0,457.75,35.85,21.28,983.01,0.011427584950606038
2006-07-03,0.0,436.73,35.37,21.83,1018.79,0.00028568962376515096
2006-07-04,0.0,428.43,35.09,22.04,1032.17,5.713792475303019e-05
2006-07-05,4.25,337.2,32.13,19.68,879.82,0.0
2006-07-06,0.0,453.24,33.63,19.79,885.77,0.0
2006-07-07,0.0,389.48,32.04,20.8,949.34,0.0
2006-07-08,0.03,440.07,33.09,19.91,894.9,0.0
2006-07-09,0.0,475.57,35.84,21.01,964.08,0.0
2006-07-10,0.0,467.77,35.91,21.45,991.95,0.0
2006-07-11,0.0,507.03,37.21,20.78,947.33,0.0
2006-07-12,0.0,480.78,37.39,22.34,1050.08,0.0
2006-07-13,0.0,482.51,38.76,23.54,1132.88,0.0
2006-07-14,0.0,506.03,40.08,23.44,1128.22,0.0
2006-07-15,0.0,473.65,39.16,24.29,1193.93,0.0
2006-07-16,0.03,491.33,37.19,21.74,1010.95,0.0
2006-07-17,0.32,460.1,35.61,21.65,1005.52,0.0
2006-07-18,0.0,492.31,38.7,23.19,1115.2,0.0
2006-07-19,0.3,456.77,37.2,23.38,1127.56,0.0
2006-07-20,0.29,477.87,37.36,22.7,1079.5,0.0
2006-07-21,2.5,499.25,39.71,22.31,1049.71,0.0
2006-07-22,0.0,456.71,38.42,24.68,1216.45,0.0
2006-07-23,0.0,469.4,37.74,23.64,1141.45,0.0
2006-07-24,0.0,507.05,38.34,22.34,1049.05,0.0
2006-07-25,0.01,458.03,37.17,23.64,1146.08,0.0
2006-07-26,10.22,378.56,33.33,19.79,885.63,0.0
2006-07-27,1.54,373.49,30.92,20.31,916.87,0.0
2006-07-28,4.49,317.46,29.69,20.61,939.77,0.0
2006-07-29,6.11,287.58,28.99,20.51,964.54,0.0
2006-07-30,8.73,285.76,27.46,18.79,917.93,0.2056965291109087
2006-07-31,1.72,338.26,29.21,20.3,1051.24,0.014284481188257548
2006-08-01,0.0,392.57,30.68,20.64,991.58,0.010284826455545435
2006-08-02,0.0,449.91,31.96,20.04,921.97,0.004113930582218174
2006-08-03,0.0,493.53,33.08,19.3,867.03,0.0019426894416030268
2006-08-04,0.72,372.35,29.62,19.83,986.13,0.0019998273663560566
2006-08-05,0.0,500.73,32.38,18.35,818.09,0.0025140686891333285
2006-08-06,0.0,526.1,34.46,18.8,838.14,0.0022855169901212077
2006-08-07,0.0,453.74,34.61,22.17,1058.79,0.0013713101940727244
2006-08-08,0.0,456.84,34.62,22.13,1054.01,0.15998618930848452
2006-08-09,0.0,429.99,32.66,21.31,1017.55,0.023426549148742377
2006-08-10,0.0,439.16,33.25,21.63,1035.34,0.45710339802424155
2006-08-11,4.37,401.92,32.72,20.61,1012.79,0.0914206796048483
2006-08-12,15.91,349.79,31.39,18.68,988.18,1.9598308190289355
2006-08-13,0.0,447.6,31.37,19.52,1052.15,0.050281373782666575
2006-08-14,6.95,373.0,32.17,19.41,1184.31,0.022283790653681777
2006-08-15,5.29,295.61,30.33,20.26,1610.29,0.026283445386393888
2006-08-16,0.0,407.5,31.04,20.54,1350.98,0.003828240958453023
2006-08-17,0.0,452.34,32.08,20.12,1199.62,0.0005713792475303019
2006-08-18,0.0,494.06,33.76,19.93,1090.63,0.0003428275485181811
2006-08-19,0.0,508.58,34.94,20.2,1081.13,0.0003428275485181811
2006-08-20,0.0,490.14,34.45,20.71,1153.66,0.00028568962376515096
2006-08-21,0.0,503.64,34.93,20.42,1108.65,0.00022855169901212077
2006-08-22,0.0,428.03,31.78,20.55,1301.31,0.4628171904995445
2006-08-23,0.0,451.5,32.18,20.23,1220.03,0.030854479366636305
2006-08-24,11.45,315.97,29.97,18.89,1529.69,0.003085447936663631
2006-08-25,0.0,447.77,30.11,18.38,1271.14,0.0018855515168499965
2006-08-26,0.0,456.66,31.63,19.29,1313.18,0.0014284481188257547
2006-08-27,0.0,514.14,33.65,18.16,1087.18,0.0008570688712954529
2006-08-28,0.0,532.62,35.19,17.87,1024.07,0.00045710339802424154
2006-08-29,0.0,483.95,33.99,19.28,1231.87,0.00022855169901212077
2006-08-30,0.0,464.18,33.47,19.61,1319.21,0.010284826455545435
2006-08-31,0.0,424.86,32.47,20.18,1482.9,0.005199551152525747
2006-09-01,0.0,475.85,34.7,19.79,1294.98,0.00011427584950606039
2006-09-02,0.0,430.74,32.89,20.16,1481.29,0.3771103033699993
2006-09-03,8.17,322.97,30.51,17.46,1530.96,0.04113930582218174
2006-09-04,2.74,411.33,30.0,17.03,1385.64,0.00914206796048483
2006-09-05,11.26,299.77,29.96,18.18,1796.6,0.004913861528760596
2006-09-06,0.0,421.3,31.02,18.34,1609.78,0.0036568271841939323
2006-09-07,4.21,278.64,27.14,16.39,1762.06,0.0032568617109227206
2006-09-08,4.08,357.66,26.95,14.98,1476.33,0.030283100119106
2006-09-09,2.26,388.87,26.46,14.89,1449.3,0.006856550970363623
2006-09-10,0.0,455.55,29.32,15.0,1338.1,0.0013141722693196945
2006-09-11,2.13,437.6,31.34,16.04,1438.66,0.00028568962376515096
2006-09-12,0.0,387.14,29.75,17.93,1761.77,5.713792475303019e-05
2006-09-13,0.0,368.2,28.54,17.57,1783.1,0.010284826455545435
2006-09-14,0.0,395.27,28.92,16.8,1640.0,0.0023426549148742376
2006-09-15,0.0,367.9,27.05,16.03,1619.85,0.00045710339802424154
2006-09-16,0.0,415.15,26.4,13.65,1331.67,0.00022855169901212077
2006-09-17,0.0,451.27,27.53,12.84,1211.17,0.00017141377425909055
2006-09-18,0.0,463.17,27.99,12.44,1159.05,0.00017141377425909055
2006-09-19,0.0,461.2,29.13,13.25,1213.94,0.00017141377425909055
2006-09-20,0.0,401.19,26.66,14.07,1400.5,0.00017141377425909055
2006-09-21,0.0,470.13,26.04,9.81,985.65,0.00017141377425909055
2006-09-22,0.0,406.49,25.35,12.3,1244.41,0.00017141377425909055
2006-09-23,0.0,411.52,25.86,12.44,1263.49,0.00017141377425909055
2006-09-24,0.0,431.82,27.94,13.01,1262.5,0.00017141377425909055
2006-09-25,0.0,428.18,30.62,15.18,1430.75,0.00017141377425909055
2006-09-26,0.0,428.37,31.87,15.98,1497.48,0.00017141377425909055
2006-09-27,0.0,409.87,31.68,16.82,1622.99,0.00011427584950606039
2006-09-28,0.0,449.12,32.08,14.55,1336.45,0.00011427584950606039
2006-09-29,0.0,439.4,31.64,14.57,1358.41,0.00011427584950606039
2006-09-30,0.0,437.82,31.79,14.49,1356.22,0.00011427584950606039
2006-10-01,0.0,420.83,31.35,15.01,1434.33,0.00011427584950606039
2006-10-02,0.0,394.8,30.57,15.62,1540.6,0.00011427584950606039
2006-10-03,0.0,384.59,30.27,15.75,1580.56,0.00011427584950606039
2006-10-04,0.0,403.31,31.7,15.74,1508.81,0.00011427584950606039
2006-10-05,3.08,267.03,30.13,18.1,2002.71,0.00011427584950606039
2006-10-06,10.07,200.86,26.23,16.76,1919.35,0.00017141377425909055
2006-10-07,0.0,347.54,25.46,12.93,1438.93,0.00011427584950606039
2006-10-08,2.7,314.98,24.83,11.38,1329.3,0.00011427584950606039
2006-10-09,9.54,242.28,22.37,10.91,1319.62,0.00017141377425909055
2006-10-10,0.0,374.78,23.29,9.3,1153.96,0.00011427584950606039
2006-10-11,0.0,391.1,25.47,10.13,1200.53,0.00011427584950606039
2006-10-12,0.0,398.08,26.84,10.49,1216.51,0.00011427584950606039
2006-10-13,0.0,373.25,27.1,11.99,1365.53,0.00011427584950606039
2006-10-14,9.8,249.02,24.75,11.85,1412.62,0.00017141377425909055
2006-10-15,0.0,289.43,19.31,8.93,1157.55,0.00017141377425909055
2006-10-16,0.0,332.73,20.94,8.43,1117.84,0.00017141377425909055
2006-10-17,0.0,249.53,19.22,10.35,1269.16,0.00017141377425909055
2006-10-18,0.0,316.3,18.89,7.33,1037.09,0.00011427584950606039
2006-10-19,0.0,375.5,21.19,6.15,946.07,0.00011427584950606039
2006-10-20,0.0,383.28,23.45,7.27,1009.19,0.00011427584950606039
2006-10-21,0.0,378.24,24.08,7.94,1058.56,0.00011427584950606039
2006-10-22,0.0,369.51,25.28,9.28,1166.9,0.00011427584950606039
2006-10-23,0.0,354.35,25.83,10.59,1281.85,0.00011427584950606039
2006-10-24,0.0,237.41,23.05,13.87,1588.59,0.00011427584950606039
2006-10-25,3.32,254.46,21.29,10.48,1285.04,0.00017141377425909055
2006-10-26,0.0,334.13,19.08,5.88,941.49,0.00011427584950606039
2006-10-27,0.0,362.46,22.7,7.03,988.86,0.00011427584950606039
2006-10-28,0.0,368.96,24.72,8.14,1056.68,0.00011427584950606039
2006-10-29,0.0,332.15,23.12,9.12,1129.57,0.00011427584950606039
2006-10-30,0.0,346.94,21.98,7.15,977.72,0.00011427584950606039
2006-10-31,0.0,345.58,21.72,6.93,971.19,0.00017141377425909055
2006-11-01,0.0,359.14,21.9,5.92,901.97,0.00017141377425909055
2006-11-02,0.0,364.59,23.3,6.38,922.74,0.00017141377425909055
2006-11-03,0.0,358.99,24.39,7.51,995.85,0.00011427584950606039
2006-11-04,0.0,340.42,23.61,7.96,1041.36,0.00017141377425909055
2006-11-05,0.0,332.03,23.34,7.97,1047.34,0.00017141377425909055
2006-11-06,0.0,338.77,25.39,8.87,1106.82,0.00017141377425909055
2006-11-07,0.0,331.95,26.88,10.4,1231.28,0.00017141377425909055
2006-11-08,0.0,323.55,26.41,10.37,1234.99,0.00017141377425909055
2006-11-09,0.0,308.65,24.16,9.37,1171.89,0.00017141377425909055
2006-11-10,0.0,311.66,22.23,7.39,1011.69,0.00017141377425909055
2006-11-11,0.0,302.8,21.62,7.38,980.32,0.00017141377425909055
2006-11-12,0.0,279.68,19.67,7.07,986.47,0.00017141377425909055
2006-11-13,0.0,295.41,18.73,5.22,851.5,0.00011427584950606039
2006-11-14,0.0,264.92,18.25,6.38,929.33,0.00011427584950606039
2006-11-15,0.0,303.75,20.19,5.62,848.84,0.00011427584950606039
2006-11-16,0.0,330.97,23.0,5.51,807.44,0.00011427584950606039
2006-11-17,0.0,324.91,23.59,6.17,847.44,0.00011427584950606039
2006-11-18,0.0,316.83,23.4,6.49,874.92,0.00011427584950606039
2006-11-19,0.0,324.38,24.93,6.8,878.74,0.00011427584950606039
2006-11-20,0.0,295.56,23.94,8.2,1005.33,0.00011427584950606039
2006-11-21,0.0,293.94,23.87,8.33,1021.06,0.00017141377425909055
2006-11-22,0.0,295.93,23.25,7.47,962.65,0.00017141377425909055
2006-11-23,0.0,286.3,22.02,6.88,888.19,0.00017141377425909055
2006-11-24,0.0,268.98,20.43,6.49,889.32,0.00017141377425909055
2006-11-25,0.0,271.01,18.95,4.86,797.57,0.00017141377425909055
2006-11-26,0.0,260.13,17.48,4.25,784.97,0.00017141377425909055
2006-11-27,0.0,227.34,15.12,4.03,802.51,0.00017141377425909055
2006-11-28,0.0,141.56,11.38,4.78,859.61,0.00017141377425909055
2006-11-29,0.0,196.69,9.34,0.54,649.28,0.00017141377425909055
2006-11-30,0.0,280.53,8.67,-5.09,410.95,0.00017141377425909055
2006-12-01,0.0,318.51,14.84,-2.94,452.73,0.00017141377425909055
2006-12-02,0.0,299.33,15.4,-0.6,546.03,0.00017141377425909055
2006-12-03,0.0,284.53,14.31,-0.39,540.89,0.00017141377425909055
2006-12-04,0.0,291.98,16.61,1.07,574.89,0.00017141377425909055
2006-12-05,0.0,302.93,18.35,1.71,513.85,0.00017141377425909055
2006-12-06,0.0,311.15,19.38,1.6,497.52,0.00017141377425909055
2006-12-07,0.0,287.9,19.7,4.1,582.08,0.00011427584950606039
2006-12-08,0.0,250.95,17.6,5.03,661.84,0.00011427584950606039
2006-12-09,0.0,266.58,16.58,3.05,539.4,0.00017141377425909055
2006-12-10,0.0,224.23,14.28,3.51,627.36,0.00017141377425909055
2006-12-11,0.0,262.01,13.75,0.68,467.28,0.00017141377425909055
2006-12-12,0.0,291.69,15.38,-0.13,405.01,0.00017141377425909055
2006-12-13,0.0,298.47,17.29,0.89,416.72,0.00017141377425909055
2006-12-14,0.0,284.27,18.29,2.96,493.97,0.00017141377425909055
2006-12-15,0.0,283.05,19.15,3.8,519.54,0.00017141377425909055
2006-12-16,0.0,240.99,17.28,5.06,644.26,0.00017141377425909055
2006-12-17,0.0,189.06,13.88,4.75,720.36,0.00017141377425909055
2006-12-18,0.03,180.02,10.69,2.49,660.27,0.00017141377425909055
2006-12-19,0.0,222.09,8.04,-2.0,456.14,0.00017141377425909055
2006-12-20,0.0,256.0,7.1,-4.86,345.35,0.00017141377425909055
2006-12-21,0.0,293.11,10.82,-3.93,330.88,0.00017141377425909055
2006-12-22,2.28,193.87,8.64,-1.84,480.58,0.00017141377425909055
2006-12-23,0.65,252.88,11.04,-1.38,445.82,0.00017141377425909055
2006-12-24,0.0,287.98,13.64,-0.63,425.32,0.00017141377425909055
2006-12-25,0.0,313.4,16.13,-0.81,385.41,0.00017141377425909055
2006-12-26,0.0,313.15,18.69,1.44,435.71,0.00017141377425909055
2006-12-27,0.0,236.97,14.86,3.88,645.7,0.00017141377425909055
2006-12-28,5.39,139.49,10.52,2.05,684.42,0.00017141377425909055
2006-12-29,1.17,183.29,8.36,-0.11,591.97,0.00017141377425909055
2006-12-30,0.0,255.79,10.59,-1.29,481.4,0.00017141377425909055
2006-12-31,0.0,293.82,14.13,-0.56,458.29,0.00017141377425909055
2007-01-01,0.0,270.5,12.53,0.43,626.89,0.00017141377425909055
2007-01-02,0.0,298.52,16.12,1.64,685.97,0.00017141377425909055
2007-01-03,0.0,298.98,16.53,2.01,704.39,0.00017141377425909055
2007-01-04,0.0,296.67,15.73,1.57,684.41,0.00017141377425909055
2007-01-05,2.82,214.35,12.49,1.96,705.52,0.00017141377425909055
2007-01-06,0.0,280.88,11.7,-0.64,588.18,0.00011427584950606039
2007-01-07,0.0,306.19,13.66,-0.8,581.05,0.00011427584950606039
2007-01-08,0.0,326.75,18.48,1.4,677.59,0.00011427584950606039
2007-01-09,0.0,313.63,19.23,3.65,793.9,0.00011427584950606039
2007-01-10,0.0,274.59,17.16,5.02,876.74,0.00011427584950606039
2007-01-11,0.0,280.12,16.44,3.96,812.52,0.00011427584950606039
2007-01-12,1.39,225.61,12.92,2.69,744.24,0.00017141377425909055
2007-01-13,0.0,176.06,4.42,-2.04,539.88,0.00017141377425909055
2007-01-14,0.0,301.42,3.7,-8.9,311.89,0.00011427584950606039
2007-01-15,0.0,306.05,6.51,-6.5,376.37,0.00011427584950606039
2007-01-16,0.0,281.91,8.61,-2.9,495.93,0.00011427584950606039
2007-01-17,0.0,302.9,10.68,-2.15,522.97,0.00011427584950606039
2007-01-18,0.0,316.86,14.05,0.08,612.44,0.00011427584950606039
2007-01-19,0.0,239.01,11.39,2.13,713.94,0.00017141377425909055
2007-01-20,9.76,106.47,5.72,0.6,641.78,0.00017141377425909055
2007-01-21,8.88,113.82,4.1,-1.15,568.12,0.00022855169901212077
2007-01-22,9.11,201.69,7.68,-2.58,509.23,0.00017141377425909055
2007-01-23,0.0,315.4,11.57,-1.38,554.59,0.00017141377425909055
2007-01-24,0.0,333.29,14.63,0.25,621.18,0.00017141377425909055
2007-01-25,0.0,337.08,15.81,1.17,663.1,0.00011427584950606039
2007-01-26,0.0,331.15,14.2,0.33,624.74,0.00017141377425909055
2007-01-27,0.0,325.61,14.03,0.72,643.79,0.00017141377425909055
2007-01-28,0.0,328.24,15.6,2.06,710.33,0.00017141377425909055
2007-01-29,0.0,345.7,17.88,2.94,756.56,0.00011427584950606039
2007-01-30,0.0,247.43,13.4,4.18,828.64,0.00017141377425909055
2007-01-31,11.49,105.44,7.72,3.11,769.39,0.00017141377425909055
2007-02-01,12.32,146.57,8.29,1.99,711.69,0.00017141377425909055
2007-02-02,0.0,333.95,10.54,-1.71,547.46,0.00017141377425909055
2007-02-03,0.0,370.3,14.62,-0.44,592.9,0.00017141377425909055
2007-02-04,0.0,378.63,18.65,2.25,716.88,0.00017141377425909055
2007-02-05,0.0,387.84,21.31,3.43,781.38,0.00017141377425909055
2007-02-06,0.0,370.51,22.37,6.27,952.39,0.00017141377425909055
2007-02-07,0.0,373.55,21.68,5.75,918.04,0.00017141377425909055
2007-02-08,0.0,373.54,20.87,5.25,891.65,0.00022855169901212077
2007-02-09,0.0,355.45,20.58,6.5,964.29,0.00022855169901212077
2007-02-10,0.0,332.51,20.6,8.1,1087.72,0.00022855169901212077
2007-02-11,1.64,263.2,17.55,7.96,1077.72,0.00028568962376515096
2007-02-12,3.91,237.09,15.33,4.77,860.69,0.00028568962376515096
2007-02-13,4.15,201.6,13.14,4.28,832.98,0.0003428275485181811
2007-02-14,3.96,218.95,11.01,2.34,730.93,0.0003428275485181811
2007-02-15,1.1,361.94,13.64,-0.49,592.84,0.00039996547327121135
2007-02-16,0.0,404.35,18.28,2.31,721.22,0.00039996547327121135
2007-02-17,0.0,401.81,21.03,4.98,876.14,0.00039996547327121135
2007-02-18,0.0,322.38,19.12,7.82,1065.7,0.00022855169901212077
2007-02-19,7.73,232.1,14.92,4.53,846.73,0.0003428275485181811
2007-02-20,8.24,236.23,12.16,2.42,731.13,0.0017141377425909058
2007-02-21,0.0,401.89,17.28,2.08,711.63,0.0009713447208015134
2007-02-22,0.0,394.98,19.18,4.38,835.87,0.0003428275485181811
2007-02-23,0.0,382.56,16.1,2.54,742.5,0.0003428275485181811
2007-02-24,0.0,403.06,11.83,-2.36,518.45,0.0003428275485181811
2007-02-25,0.0,403.44,14.23,-0.06,610.32,0.00039996547327121135
2007-02-26,0.0,403.92,16.08,1.66,684.76,0.00039996547327121135
2007-02-27,0.0,367.36,16.36,3.93,811.78,0.00045710339802424154
2007-02-28,0.0,380.42,13.75,1.24,676.31,0.00045710339802424154
2007-03-01,0.0,421.89,11.71,-2.87,497.55,0.00045710339802424154
2007-03-02,0.0,426.49,13.36,-1.85,528.66,0.0005142413227772717
2007-03-03,0.0,378.79,13.09,0.48,634.14,0.0005142413227772717
2007-03-04,0.0,426.93,17.22,1.67,676.92,0.00045710339802424154
2007-03-05,0.0,389.69,18.93,5.43,880.56,0.00028568962376515096
2007-03-06,0.0,449.28,22.81,5.32,848.93,0.00022855169901212077
2007-03-07,0.0,438.58,24.33,7.53,980.39,0.00022855169901212077
2007-03-08,0.0,398.55,23.94,9.82,1157.54,0.00022855169901212077
2007-03-09,0.0,435.42,24.36,8.32,951.44,0.00028568962376515096
2007-03-10,0.0,428.09,24.17,8.81,963.67,0.00028568962376515096
2007-03-11,0.0,410.99,23.95,9.73,972.05,0.00028568962376515096
2007-03-12,0.0,432.59,25.44,10.19,890.03,0.00028568962376515096
2007-03-13,0.0,455.2,26.21,9.46,803.74,0.00028568962376515096
2007-03-14,0.0,455.1,26.71,9.87,817.88,0.00028568962376515096
2007-03-15,0.0,465.11,28.26,10.45,825.25,0.00028568962376515096
2007-03-16,0.0,477.6,30.47,11.27,838.19,0.00028568962376515096
2007-03-17,0.0,446.49,30.82,13.81,1035.05,0.00028568962376515096
2007-03-18,0.0,443.5,28.16,11.85,929.74,0.0003428275485181811
2007-03-19,0.0,426.92,25.62,10.58,892.99,0.00028568962376515096
2007-03-20,0.0,434.42,24.04,8.79,791.66,0.00028568962376515096
2007-03-21,0.0,354.61,21.95,10.43,1009.08,0.00028568962376515096
2007-03-22,12.91,236.76,18.91,8.97,1109.93,0.00045710339802424154
2007-03-23,15.24,228.76,16.54,7.25,1024.95,0.0005713792475303019
2007-03-24,5.82,218.53,16.25,7.51,1047.69,0.010856205703075735
2007-03-25,0.0,434.55,21.87,7.51,896.33,0.0012570343445666642
2007-03-26,0.0,420.56,22.71,8.97,992.96,0.00045710339802424154
2007-03-27,0.0,428.78,20.69,6.91,872.95,0.00022855169901212077
2007-03-28,0.0,433.11,14.86,1.41,617.34,0.00017141377425909055
2007-03-29,0.0,439.05,15.61,1.92,631.1,0.00022855169901212077
2007-03-30,0.0,436.7,18.18,4.45,738.7,0.00022855169901212077
2007-03-31,0.0,489.27,22.34,5.56,728.35,0.00017141377425909055
2007-04-01,0.0,495.76,25.44,7.84,823.17,0.00022855169901212077
2007-04-02,0.0,471.56,26.1,9.75,955.77,0.00028568962376515096
2007-04-03,0.0,482.31,26.82,9.92,946.87,0.00028568962376515096
2007-04-04,0.0,481.62,27.75,10.74,995.25,0.00028568962376515096
2007-04-05,0.0,452.81,28.25,12.88,1178.39,0.00028568962376515096
2007-04-06,0.0,457.12,27.91,12.49,1126.79,0.00028568962376515096
2007-04-07,0.0,465.89,25.65,10.14,967.25,0.00028568962376515096
2007-04-08,0.0,396.97,24.05,11.78,1181.5,0.00028568962376515096
2007-04-09,0.0,383.67,22.49,11.04,1159.24,0.00028568962376515096
2007-04-10,0.0,404.52,22.68,10.57,1094.57,0.00028568962376515096
2007-04-11,0.0,442.46,22.25,8.73,922.35,0.00028568962376515096
2007-04-12,0.0,383.89,20.31,9.37,1062.11,0.00028568962376515096
2007-04-13,6.56,341.19,17.98,4.4,793.82,0.0003428275485181811
2007-04-14,0.0,506.57,22.15,6.11,736.49,0.00028568962376515096
2007-04-15,0.0,472.86,20.87,6.82,810.42,0.00028568962376515096
2007-04-16,0.0,478.03,17.74,3.76,667.11,0.00028568962376515096
2007-04-17,0.0,525.34,21.02,4.47,650.03,0.00028568962376515096
2007-04-18,0.0,497.81,23.1,7.88,824.55,0.00028568962376515096
2007-04-19,0.0,532.5,22.13,5.12,661.92,0.00022855169901212077
2007-04-20,0.0,457.63,19.85,6.53,803.34,0.00022855169901212077
2007-04-21,0.16,422.08,17.01,5.14,748.58,0.0003428275485181811
2007-04-22,0.0,478.82,19.28,5.34,666.34,0.0003428275485181811
2007-04-23,0.0,363.08,17.73,7.93,886.52,0.0003428275485181811
2007-04-24,0.0,524.99,22.17,5.83,583.87,0.0003428275485181811
2007-04-25,0.0,517.52,25.75,9.44,722.53,0.00028568962376515096
2007-04-26,0.0,505.71,26.85,10.94,800.09,0.00028568962376515096
2007-04-27,0.0,521.58,29.69,12.61,847.16,0.00022855169901212077
2007-04-28,0.0,516.23,31.28,14.22,934.01,0.00022855169901212077
2007-04-29,0.0,476.05,29.16,14.25,1016.43,0.00022855169901212077
2007-04-30,0.0,475.37,29.56,14.88,1059.38,0.00022855169901212077
2007-05-01,0.0,448.32,27.96,14.66,1107.42,0.00017141377425909055
2007-05-02,0.0,469.76,26.96,13.14,870.01,0.00017141377425909055
2007-05-03,0.0,453.75,25.74,12.94,771.3,0.00017141377425909055
2007-05-04,0.0,418.5,22.88,11.52,778.83,0.00017141377425909055
2007-05-05,0.0,451.46,20.46,8.32,614.63,0.00017141377425909055
2007-05-06,0.0,514.63,21.43,6.74,471.92,0.00017141377425909055
2007-05-07,0.0,537.22,26.13,10.01,520.1,0.00017141377425909055
2007-05-08,0.0,533.4,28.18,11.99,581.06,0.00017141377425909055
2007-05-09,0.0,539.21,29.83,13.0,605.21,0.00011427584950606039
2007-05-10,0.0,549.32,32.47,14.58,651.78,0.00011427584950606039
2007-05-11,0.0,552.94,34.06,15.59,692.34,0.00011427584950606039
2007-05-12,0.0,531.4,34.22,16.84,773.27,0.00011427584950606039
2007-05-13,0.0,519.65,33.42,16.73,762.44,0.00011427584950606039
2007-05-14,0.0,515.84,31.97,15.64,694.29,0.00011427584950606039
2007-05-15,0.0,529.63,32.35,15.41,656.58,0.00011427584950606039
2007-05-16,0.0,502.95,31.12,15.7,670.98,0.00011427584950606039
2007-05-17,0.0,492.83,31.0,16.13,689.81,0.00011427584950606039
2007-05-18,0.0,503.13,31.43,16.08,687.63,0.00011427584950606039
2007-05-19,0.0,497.58,30.79,15.83,676.9,0.00011427584950606039
2007-05-20,0.0,494.64,30.58,15.76,675.57,0.00017141377425909055
2007-05-21,0.0,491.16,28.88,14.24,604.97,0.00017141377425909055
2007-05-22,0.0,467.4,26.61,13.21,564.45,0.00017141377425909055
2007-05-23,0.0,453.45,26.24,13.34,569.83,0.00028568962376515096
2007-05-24,0.0,509.47,29.12,13.65,581.92,0.0003428275485181811
2007-05-25,0.0,524.6,31.09,14.66,622.17,0.00028568962376515096
2007-05-26,0.0,520.76,30.91,14.62,619.17,0.00022855169901212077
2007-05-27,0.0,529.75,31.46,14.67,621.44,0.00022855169901212077
2007-05-28,0.0,519.9,30.7,14.56,618.0,0.00011427584950606039
2007-05-29,0.0,527.19,30.69,14.12,598.04,5.713792475303019e-05
2007-05-30,0.0,541.77,31.8,14.2,600.05,0.0
2007-05-31,0.0,538.12,32.18,14.63,619.46,0.0
2007-06-01,0.0,539.72,33.44,15.56,662.7,0.0
2007-06-02,0.0,494.99,32.52,17.03,737.18,0.0
2007-06-03,0.0,507.15,33.13,16.9,736.03,0.0
2007-06-04,0.0,524.75,35.16,17.61,766.15,0.0
2007-06-05,0.0,484.9,33.88,18.49,815.26,0.0
2007-06-06,0.0,423.78,29.82,17.4,762.99,0.0
2007-06-07,0.0,473.73,26.46,12.31,528.62,0.0
2007-06-08,0.0,542.37,30.35,12.39,529.71,0.0
2007-06-09,0.0,535.61,32.17,14.41,610.31,0.0
2007-06-10,0.0,529.34,32.99,15.53,660.57,0.0
2007-06-11,0.0,430.46,28.83,16.35,705.41,0.0
2007-06-12,0.0,509.07,30.65,14.66,625.42,0.0
2007-06-13,0.0,530.83,34.2,16.65,718.27,0.0
2007-06-14,0.0,540.09,36.78,18.25,799.81,0.0
2007-06-15,0.0,502.79,36.97,20.57,932.75,0.0
2007-06-16,0.0,509.84,36.16,19.33,858.35,0.0
2007-06-17,0.0,495.21,34.83,18.88,832.69,0.0
2007-06-18,0.0,513.39,34.96,18.07,790.45,0.0
2007-06-19,0.0,514.16,35.54,18.52,816.64,0.0
2007-06-20,0.0,517.0,37.0,19.55,873.92,0.0
2007-06-21,0.0,511.88,37.33,20.01,897.94,0.0
2007-06-22,0.0,518.87,37.65,19.74,883.81,0.0
2007-06-23,0.0,500.11,36.72,19.96,894.88,0.0
2007-06-24,0.0,504.64,35.91,19.0,843.18,0.0
2007-06-25,0.0,519.26,36.49,18.67,824.16,0.0
2007-06-26,0.0,499.93,37.53,20.65,936.68,0.0
2007-06-27,0.0,486.48,37.09,20.88,949.1,0.0
2007-06-28,0.0,488.36,36.81,20.6,933.68,0.0
2007-06-29,0.0,494.17,36.91,20.42,923.32,0.0
2007-06-30,0.0,512.61,37.69,20.11,903.18,0.0
2007-07-01,0.0,527.39,38.59,19.98,896.15,0.0
2007-07-02,0.0,498.5,38.22,21.28,976.2,0.0
2007-07-03,0.0,515.01,38.91,20.91,953.49,0.0
2007-07-04,0.0,530.32,40.14,20.97,955.52,0.0
2007-07-05,0.0,498.52,39.74,22.42,1056.85,0.0
2007-07-06,0.0,436.59,37.95,23.75,1151.38,0.0
2007-07-07,0.0,455.71,37.61,22.6,1069.74,0.0
2007-07-08,0.0,408.3,36.04,23.24,1114.12,0.0
2007-07-09,0.0,415.78,35.53,22.63,1075.67,0.0
2007-07-10,0.0,409.26,35.02,22.49,1065.05,0.0
2007-07-11,0.0,437.25,35.98,22.23,1044.15,0.0
2007-07-12,0.0,444.87,36.79,22.68,1078.27,0.0
2007-07-13,0.0,459.12,36.7,22.05,1037.99,0.0
2007-07-14,0.0,427.89,35.97,22.81,1087.92,0.0
2007-07-15,0.0,457.07,37.26,22.8,1085.45,0.0
2007-07-16,0.0,468.12,38.38,23.32,1122.34,0.0
2007-07-17,0.0,456.06,37.78,23.34,1126.01,0.0
2007-07-18,0.0,471.17,38.62,23.45,1130.33,0.0
2007-07-19,0.0,453.65,37.27,23.08,1105.46,0.0
2007-07-20,0.0,454.4,34.72,20.84,956.09,0.0
2007-07-21,6.39,339.09,32.49,20.44,931.05,0.0
2007-07-22,9.31,351.01,31.96,19.0,841.62,0.0
2007-07-23,11.94,293.61,31.78,20.7,941.76,0.0914206796048483
2007-07-24,6.83,289.78,30.39,19.83,917.06,0.0033711375604287813
2007-07-25,0.0,406.24,30.78,19.56,883.79,5.713792475303019e-05
2007-07-26,0.0,419.39,30.81,19.29,864.45,5.713792475303019e-05
2007-07-27,0.0,394.95,30.9,20.25,929.73,0.0
2007-07-28,0.0,381.68,30.71,20.63,956.67,0.0
2007-07-29,0.06,463.41,31.8,18.89,838.31,0.0
2007-07-30,6.73,347.16,32.81,19.77,914.28,0.0
2007-07-31,7.56,316.07,31.32,19.93,1021.08,4.422475375884537
2007-08-01,32.35,309.74,30.48,19.42,1113.7,0.19998273663560567
2007-08-02,0.0,410.53,31.39,20.24,1404.01,0.008570688712954529
2007-08-03,0.89,393.82,32.67,21.9,1597.19,0.0011998964198136342
2007-08-04,1.77,401.31,32.76,21.75,1571.68,0.017141377425909057
2007-08-05,2.74,331.36,30.01,20.04,1660.92,0.005713792475303019
2007-08-06,0.11,309.86,26.83,19.25,1719.03,0.001485586043578785
2007-08-07,0.0,441.72,30.54,19.09,1302.85,0.2628344538639389
2007-08-08,0.0,512.91,32.95,18.39,1073.31,0.016569998178378755
2007-08-09,0.0,508.02,34.2,19.58,1159.96,0.0013713101940727244
2007-08-10,0.0,485.21,34.12,20.45,1275.29,0.00017141377425909055
2007-08-11,0.0,493.96,35.94,21.58,1333.67,0.00011427584950606039
2007-08-12,0.0,496.6,37.65,22.8,1421.31,0.00011427584950606039
2007-08-13,0.84,464.44,37.82,23.51,1578.35,5.713792475303019e-05
2007-08-14,0.51,507.58,36.29,20.84,1261.29,5.713792475303019e-05
2007-08-15,0.0,470.81,35.39,21.89,1462.59,5.713792475303019e-05
2007-08-16,0.13,476.14,35.96,22.04,1455.05,5.713792475303019e-05
2007-08-17,0.0,478.46,35.91,21.84,1433.86,0.0
2007-08-18,0.0,467.96,36.24,22.63,1539.19,0.0
2007-08-19,0.0,461.05,35.39,22.17,1529.5,0.0
2007-08-20,0.0,436.33,34.77,22.52,1663.62,0.0
2007-08-21,0.0,464.1,36.02,22.46,1550.24,0.0
2007-08-22,0.0,455.7,35.72,22.43,1575.72,0.0
2007-08-23,0.0,445.01,35.24,22.34,1609.06,0.0
2007-08-24,0.0,458.28,36.07,22.39,1577.32,0.0
2007-08-25,0.0,418.77,33.37,21.53,1652.92,0.0
2007-08-26,0.0,423.28,33.16,21.12,1586.3,0.0
2007-08-27,0.0,452.17,35.24,21.62,1527.61,0.0
2007-08-28,0.0,460.01,36.29,22.09,1545.17,0.0
2007-08-29,0.0,471.05,37.81,22.65,1553.66,0.0010284826455545435
2007-08-30,0.0,436.63,36.31,22.82,1694.95,0.0
2007-08-31,0.0,421.55,36.13,23.16,1799.15,0.0
2007-09-01,0.0,429.59,36.16,22.75,1723.59,0.0
2007-09-02,0.0,451.6,35.15,20.86,1487.09,0.0
2007-09-03,0.0,416.01,34.51,21.65,1676.8,0.0
2007-09-04,0.0,427.8,34.62,21.13,1590.03,0.0
2007-09-05,0.0,393.13,33.34,21.17,1708.77,0.0
2007-09-06,0.0,360.2,31.71,20.82,1792.76,0.0
2007-09-07,0.0,398.19,32.65,20.35,1624.22,0.0
2007-09-08,0.0,455.95,33.98,19.0,1340.0,0.0
2007-09-09,0.0,439.25,34.29,19.93,1462.24,0.0
2007-09-10,0.0,443.72,34.6,19.9,1452.03,0.0
2007-09-11,0.0,420.23,34.58,20.84,1605.81,0.0
2007-09-12,0.0,434.22,34.68,20.24,1515.13,0.0
2007-09-13,0.0,451.26,35.08,19.6,1409.45,0.0
2007-09-14,0.0,433.14,34.75,20.08,1502.51,0.0
2007-09-15,0.0,406.61,34.52,20.99,1673.62,0.0
2007-09-16,0.0,369.14,31.95,20.27,1744.46,0.0
2007-09-17,0.29,362.89,29.19,17.96,1551.07,0.0
2007-09-18,0.0,464.26,28.86,13.26,977.07,0.0
2007-09-19,0.0,420.67,29.66,15.84,1232.26,0.0
2007-09-20,0.0,428.05,29.4,15.13,1166.03,0.0
2007-09-21,1.19,389.57,30.76,16.25,1324.16,0.0
2007-09-22,0.0,339.45,29.59,18.74,1704.29,0.0
2007-09-23,8.52,316.5,25.78,14.81,1387.19,0.00017141377425909055
2007-09-24,0.0,450.79,25.72,10.32,904.29,5.713792475303019e-05
2007-09-25,0.0,459.38,27.66,11.2,934.95,0.0
2007-09-26,0.0,448.83,29.52,13.15,1066.71,0.0
2007-09-27,0.0,455.13,30.66,13.42,1070.83,0.0
2007-09-28,0.0,381.22,28.88,15.74,1392.53,0.0
2007-09-29,0.0,353.3,27.11,15.35,1434.84,0.0
2007-09-30,0.0,435.49,29.44,13.23,1102.49,0.0
2007-10-01,0.0,290.71,27.41,17.73,1798.5,0.0
2007-10-02,0.0,332.18,28.59,17.35,1689.69,0.0
2007-10-03,0.0,355.37,29.04,16.71,1558.88,0.0
2007-10-04,0.0,295.83,28.17,18.11,1815.34,0.0
2007-10-05,0.0,319.04,27.15,16.42,1623.61,0.0
2007-10-06,0.0,401.38,24.47,10.27,999.64,0.0
2007-10-07,0.0,418.85,23.5,8.18,853.91,0.0
2007-10-08,0.0,434.83,27.73,10.43,950.63,0.0
2007-10-09,0.0,404.29,29.64,13.72,1210.84,0.0
2007-10-10,0.0,405.33,29.69,13.56,1197.15,0.0
2007-10-11,0.0,422.57,29.55,11.91,1055.26,0.0
2007-10-12,0.0,401.61,28.42,12.15,1111.37,0.0
2007-10-13,0.0,391.48,25.9,10.59,1030.02,0.0
2007-10-14,0.0,390.82,24.02,8.86,935.22,0.0
2007-10-15,0.0,389.76,25.8,10.22,1016.0,0.0
2007-10-16,0.0,361.4,23.93,9.93,1039.27,0.0
2007-10-17,0.0,329.22,20.65,8.41,986.85,0.0
2007-10-18,0.0,380.12,23.71,8.44,931.48,0.0
2007-10-19,0.0,392.34,28.34,11.2,1073.41,0.0
2007-10-20,0.0,375.91,27.77,11.6,1096.95,0.0
2007-10-21,0.0,371.68,25.18,9.69,936.51,0.0
2007-10-22,0.0,323.79,20.49,8.07,856.98,0.0
2007-10-23,0.0,379.62,25.13,8.89,734.54,0.0
2007-10-24,0.0,364.58,27.9,12.04,909.37,0.0
2007-10-25,0.0,362.56,28.28,12.36,933.17,0.0
2007-10-26,0.0,371.15,27.75,11.1,848.76,0.0
2007-10-27,0.0,365.79,28.27,11.79,895.08,0.0
2007-10-28,0.0,361.83,29.07,12.47,941.67,0.0
2007-10-29,0.0,328.13,27.48,13.17,977.73,0.0
2007-10-30,0.0,336.66,25.77,11.22,753.48,0.0
2007-10-31,0.0,346.91,24.4,9.46,474.53,0.0
2007-11-01,0.0,350.59,24.61,9.05,461.27,0.0
2007-11-02,0.0,361.83,24.86,8.14,421.89,0.0
2007-11-03,0.0,361.47,26.73,9.55,441.7,0.0
2007-11-04,0.0,346.81,27.57,11.18,491.58,0.0
2007-11-05,0.0,339.53,28.01,11.93,510.06,0.0
2007-11-06,0.0,337.68,27.78,11.58,501.59,0.0
2007-11-07,0.0,326.11,27.86,12.46,535.3,0.0
2007-11-08,0.0,323.47,27.24,11.94,514.29,0.0
2007-11-09,0.0,310.65,25.56,11.12,493.35,0.0
2007-11-10,0.0,296.2,23.49,10.06,464.63,0.0
2007-11-11,0.0,306.17,22.72,8.6,418.39,0.0
2007-11-12,0.0,303.61,22.77,8.79,418.69,0.0
2007-11-13,0.0,313.45,24.77,9.9,451.96,0.0
2007-11-14,0.0,315.57,25.05,9.83,449.04,0.0
2007-11-15,0.12,244.14,22.12,11.13,554.81,0.0
2007-11-16,0.0,268.52,22.41,10.25,482.58,0.0
2007-11-17,0.0,307.72,23.76,8.92,418.1,0.0
2007-11-18,0.0,324.63,25.1,8.7,408.11,0.0
2007-11-19,0.0,332.18,26.02,8.6,405.02,0.0
2007-11-20,0.0,311.26,23.83,8.14,395.39,0.0
2007-11-21,0.0,301.48,21.69,6.7,363.45,0.0
2007-11-22,0.0,287.76,20.37,6.47,366.06,0.0
2007-11-23,0.0,308.62,17.65,2.16,266.01,0.0
2007-11-24,0.0,247.98,14.15,2.64,336.12,0.0
2007-11-25,0.0,291.78,14.98,0.87,253.99,0.0
2007-11-26,0.0,262.67,15.24,3.07,318.52,0.0
2007-11-27,0.0,285.15,17.81,4.11,317.6,0.0
2007-11-28,0.0,274.73,18.98,5.78,356.73,0.0
2007-11-29,0.0,212.58,17.8,8.03,539.97,0.0
2007-11-30,48.03,92.1,15.72,10.18,1118.22,1.1427584950606038
2007-12-01,56.57,113.45,13.24,6.69,999.3,4.571033980242415
2007-12-02,0.0,248.85,12.68,1.26,673.16,1.428448118825755
2007-12-03,0.0,286.09,18.99,4.42,834.22,0.11427584950606039
2007-12-04,0.0,295.35,21.54,5.69,917.64,0.028568962376515097
2007-12-05,0.0,292.44,21.29,5.69,919.04,0.005713792475303019
2007-12-06,0.0,254.71,18.17,5.64,914.0,0.0034282754851818116
2007-12-07,20.75,128.57,14.76,8.36,1108.5,0.19998273663560567
2007-12-08,23.11,145.97,12.18,3.68,801.15,15.37010175856512
2007-12-09,7.5,142.55,9.56,1.63,690.26,1.9255480641771177
2007-12-10,14.82,101.73,8.78,3.35,782.33,0.7713619841659075
2007-12-11,12.03,110.26,8.32,2.61,741.51,3.5139823723113564
2007-12-12,1.69,226.82,9.94,-0.12,608.72,1.75984808239333
2007-12-13,0.0,261.56,11.4,0.16,620.58,1.0970481552581797
2007-12-14,0.0,260.4,9.19,-1.78,541.34,0.8399274938695438
2007-12-15,0.0,273.35,9.14,-2.68,505.54,0.5942344174315141
2007-12-16,0.0,275.75,12.34,0.09,616.02,0.42282064317242346
2007-12-17,0.0,279.65,13.45,0.85,647.95,0.22855169901212077
2007-12-18,0.0,294.91,14.82,0.93,650.66,0.13141722693196944
2007-12-19,0.0,275.31,13.54,1.39,670.63,0.10856205703075737
2007-12-20,0.0,280.25,13.84,1.42,672.33,0.0914206796048483
2007-12-21,0.18,242.64,10.93,0.94,655.24,0.08570688712954529
2007-12-22,0.0,288.13,9.2,-3.24,484.46,0.07427930217893926
2007-12-23,0.0,304.21,12.43,-1.46,552.54,0.06856550970363623
2007-12-24,0.0,312.67,15.21,-0.01,608.13,0.06285171722833321
2007-12-25,0.0,291.88,11.56,-1.49,549.31,0.05542378701043928
2007-12-26,0.0,295.11,9.08,-3.8,462.21,0.050281373782666575
2007-12-27,0.0,276.75,7.08,-4.23,451.1,0.048567236040075665
2007-12-28,0.0,287.09,7.34,-4.63,436.01,0.04285344356477264
2007-12-29,0.0,290.61,8.76,-3.63,468.52,0.03999654732712113
2007-12-30,0.0,305.48,12.72,-1.48,550.73,0.03771103033699992
2007-12-31,0.0,312.65,13.5,-1.72,540.96,0.03599689259440902
2008-01-01,0.0,314.84,12.79,-1.71,541.13,0.030283100119106
2008-01-02,0.0,252.76,14.44,4.08,821.32,0.026283445386393888
2008-01-03,0.0,283.68,16.04,3.84,804.13,0.025140686891333287
2008-01-04,0.0,266.95,16.32,4.95,871.12,0.026283445386393888
2008-01-05,1.82,170.3,14.44,7.51,1043.55,0.028568962376515097
2008-01-06,15.08,106.37,12.05,6.67,985.92,0.12570343445666643
2008-01-07,22.62,116.07,9.56,4.0,827.38,7.656481916906046
2008-01-08,5.31,283.46,12.13,-0.6,591.58,3.799671996076508
2008-01-09,0.0,262.25,12.1,1.63,686.4,1.8055584221957541
2008-01-10,0.0,290.47,12.67,0.63,640.64,1.1256171176346947
2008-01-11,0.0,303.46,14.14,1.1,659.09,0.8227861164436348
2008-01-12,0.0,306.51,14.2,1.04,655.89,0.60566200238212
2008-01-13,0.0,273.19,13.24,2.3,724.42,0.41710685069712045
2008-01-14,0.0,268.34,13.36,2.71,744.58,0.314258586141666
2008-01-15,0.0,317.72,13.55,-0.04,610.22,0.22855169901212077
2008-01-16,0.0,309.79,10.43,-2.18,525.62,0.1771275667343936
2008-01-17,0.0,331.0,9.18,-4.85,431.82,0.12570343445666643
2008-01-18,0.0,340.83,10.38,-4.5,440.82,0.11427584950606039
2008-01-19,0.0,342.5,12.9,-2.23,518.22,0.1199896419813634
2008-01-20,0.0,340.15,13.68,-1.14,566.65,0.13713101940727246
2008-01-21,0.0,315.14,11.8,-0.89,573.97,0.10284826455545434
2008-01-22,0.0,326.38,13.57,0.14,618.11,0.0914206796048483
2008-01-23,0.0,324.57,13.39,0.33,619.85,0.08570688712954529
2008-01-24,2.94,192.55,11.0,3.0,760.92,0.08570688712954529
2008-01-25,0.01,283.77,12.39,1.87,699.04,0.07999309465424226
2008-01-26,0.0,336.19,14.96,1.38,672.89,0.07999309465424226
2008-01-27,27.92,175.78,12.84,4.6,850.0,8.170723239683317
2008-01-28,45.44,140.39,11.0,4.77,863.01,22.740894051706015
2008-01-29,8.21,242.81,10.73,-1.38,556.59,4.59960294261893
2008-01-30,0.0,296.57,8.36,-1.86,538.83,2.2055238954669654
2008-01-31,0.0,347.98,9.01,-4.02,457.22,1.1713274574371189
2008-02-01,0.0,342.02,11.28,-1.52,550.15,0.868496456246059
2008-02-02,0.0,345.19,12.6,-0.54,590.28,0.7256516443634835
2008-02-03,1.98,278.44,10.46,0.77,643.93,0.6399447572339381
2008-02-04,19.51,207.79,8.75,-0.33,605.64,2.5254962740839346
2008-02-05,2.15,329.8,7.87,-4.13,454.1,1.822699799621663
2008-02-06,0.0,361.74,9.95,-3.33,481.76,1.2627481370419673
2008-02-07,0.0,383.33,13.97,-1.15,565.82,0.9542033433756042
2008-02-08,0.0,386.51,16.79,1.03,650.9,0.8227861164436348
2008-02-09,0.0,397.32,19.65,2.48,726.95,0.7256516443634835
2008-02-10,0.0,393.41,20.74,3.85,801.87,0.6513723421845442
2008-02-11,0.0,379.7,19.57,4.0,810.9,0.5770930400056049
2008-02-12,0.0,370.48,19.16,4.26,827.13,0.5256689077278778
2008-02-13,0.0,359.76,18.6,4.53,842.31,0.4799585679254536
2008-02-14,0.0,266.61,14.37,5.3,891.33,0.4399620205983325
2008-02-15,7.81,171.33,10.45,3.07,765.2,0.4856723604007566
2008-02-16,2.51,239.37,10.99,2.16,715.8,0.5085275303019687
2008-02-17,0.0,378.97,14.49,0.93,653.11,0.4456758130736355
2008-02-18,0.0,398.65,16.96,2.0,708.99,0.3828240958453023
2008-02-19,0.0,375.61,17.13,3.81,805.78,0.3313999635675751
2008-02-20,0.0,333.7,15.17,4.23,830.42,0.31997237861696903
2008-02-21,5.5,261.71,12.03,2.4,727.49,0.49138615287605963
2008-02-22,7.13,169.25,9.93,3.46,786.92,0.40567926574651436
2008-02-23,1.71,326.4,13.39,2.89,755.04,0.4742447754501506
2008-02-24,0.0,297.09,14.86,6.03,935.61,0.41710685069712045
2008-02-25,0.0,396.82,17.58,4.17,823.38,0.40567926574651436
2008-02-26,0.0,406.76,18.8,4.47,838.93,0.34282754851818115
2008-02-27,0.0,438.6,22.33,5.14,882.77,0.3313999635675751
2008-02-28,0.0,441.02,22.4,5.02,879.95,0.31997237861696903
2008-02-29,0.0,434.37,22.84,5.95,930.48,0.29140341624045396
2008-03-01,0.0,417.1,22.52,7.05,1004.1,0.2742620388145449
2008-03-02,0.0,406.31,18.17,4.09,824.64,0.2571206613886359
2008-03-03,0.0,392.73,14.48,1.71,696.06,0.23426549148742376
2008-03-04,0.0,435.72,17.13,1.48,675.57,0.22283790653681776
2008-03-05,0.0,425.09,16.28,1.37,673.33,0.21712411406151474
2008-03-06,0.0,422.77,15.16,0.6,638.93,0.18855515168499964
2008-03-07,0.0,451.39,17.53,0.95,649.02,0.1828413592096966
2008-03-08,0.0,416.3,17.34,3.08,764.27,0.17141377425909057
2008-03-09,0.0,418.35,18.67,4.31,834.06,0.1542723968331815
2008-03-10,0.0,438.85,20.21,4.69,851.99,0.14284481188257547
2008-03-11,0.0,456.18,22.01,5.28,893.74,0.1542723968331815
2008-03-12,0.0,447.89,22.52,6.41,953.28,0.15998618930848452
2008-03-13,0.0,446.83,22.63,6.59,967.57,0.14855860435787852
2008-03-14,0.0,421.83,20.7,6.45,958.75,0.1771275667343936
2008-03-15,0.0,415.73,18.89,5.28,893.76,0.1828413592096966
2008-03-16,0.0,380.31,13.58,1.96,710.89,0.10856205703075737
2008-03-17,0.0,367.38,11.96,1.09,665.63,0.10856205703075737
2008-03-18,0.0,470.95,17.52,1.21,666.78,0.11427584950606039
2008-03-19,0.0,475.06,20.5,3.5,784.52,0.10856205703075737
2008-03-20,0.0,472.34,21.95,4.91,865.2,0.10284826455545434
2008-03-21,0.0,476.14,23.47,5.97,932.35,0.0914206796048483
2008-03-22,0.0,469.38,23.32,6.17,944.25,0.07999309465424226
2008-03-23,0.0,428.65,23.06,8.23,1096.03,0.07427930217893926
2008-03-24,0.0,438.8,24.4,8.82,1132.67,0.08570688712954529
2008-03-25,0.0,460.62,24.6,7.6,1027.62,0.0914206796048483
2008-03-26,0.0,450.66,23.91,7.65,1019.15,0.07999309465424226
2008-03-27,0.0,441.56,23.47,7.9,1017.21,0.08570688712954529
2008-03-28,0.0,437.59,23.42,8.22,1042.26,0.0914206796048483
2008-03-29,0.0,441.03,23.1,7.91,1017.13,0.07427930217893926
2008-03-30,0.0,401.94,21.49,8.36,1072.08,0.07427930217893926
2008-03-31,0.0,453.6,20.23,5.06,841.71,0.05713792475303019
2008-04-01,0.0,483.35,22.21,5.2,827.55,0.06285171722833321
2008-04-02,0.0,448.23,22.2,7.0,948.97,0.06285171722833321
2008-04-03,0.0,446.15,20.59,5.77,879.66,0.05713792475303019
2008-04-04,0.0,480.48,22.3,5.68,857.12,0.05713792475303019
2008-04-05,0.0,466.25,21.96,6.1,887.3,0.05713792475303019
2008-04-06,0.0,470.56,22.72,6.77,897.18,0.05713792475303019
2008-04-07,0.0,426.98,21.95,8.23,973.2,0.05713792475303019
2008-04-08,0.0,480.91,22.43,6.22,791.67,0.056566545505499895
2008-04-09,0.0,389.64,19.83,7.82,965.8,0.054281028515378686
2008-04-10,0.0,443.53,18.32,4.59,753.59,0.055995166257969596
2008-04-11,0.0,494.44,21.31,4.91,715.94,0.054852407762908985
2008-04-12,0.0,478.47,23.25,7.6,866.73,0.048567236040075665
2008-04-13,0.0,506.11,26.59,8.95,895.11,0.04513896055489385
2008-04-14,0.0,491.98,29.05,11.76,1076.15,0.04342482281230294
2008-04-15,0.0,494.15,27.53,10.23,977.34,0.04171068506971204
2008-04-16,0.0,461.77,23.39,8.35,920.21,0.03771103033699992
2008-04-17,0.0,479.51,19.92,4.42,709.16,0.03485413409934841
2008-04-18,0.0,526.34,24.19,5.55,703.92,0.03656827184193932
2008-04-19,0.0,482.78,24.96,8.77,907.52,0.03656827184193932
2008-04-20,0.0,456.84,23.03,8.44,922.0,0.03542551334687872
2008-04-21,0.0,487.06,22.51,6.6,790.87,0.03542551334687872
2008-04-22,0.0,526.93,25.72,7.19,770.57,0.03599689259440902
2008-04-23,0.0,488.2,24.92,8.51,881.5,0.03656827184193932
2008-04-24,0.0,474.51,23.92,8.53,890.5,0.033711375604287816
2008-04-25,0.0,510.87,25.82,8.37,831.49,0.030854479366636305
2008-04-26,0.0,532.29,27.97,8.97,833.06,0.030854479366636305
2008-04-27,0.0,468.18,27.08,12.01,948.61,0.025712066138863586
2008-04-28,0.0,519.35,28.02,10.83,524.38,0.02456930764380298
2008-04-29,0.0,524.01,29.34,11.67,534.95,0.025712066138863586
2008-04-30,0.0,459.78,26.99,12.73,606.67,0.023997928396272683
2008-05-01,0.0,456.67,23.39,9.76,486.83,0.022283790653681777
2008-05-02,0.0,523.8,23.41,6.59,376.67,0.022283790653681777
2008-05-03,0.0,532.54,25.82,8.23,419.25,0.022855169901212075
2008-05-04,0.0,533.57,27.73,9.92,457.92,0.022283790653681777
2008-05-05,0.0,512.59,27.45,10.88,476.67,0.02056965291109087
2008-05-06,0.0,472.23,24.78,10.41,463.17,0.01885551516849996
2008-05-07,0.0,489.71,24.44,9.34,427.14,0.01885551516849996
2008-05-08,0.0,501.16,26.11,10.39,460.27,0.019426894416030266
2008-05-09,0.0,497.44,27.12,11.37,493.29,0.01885551516849996
2008-05-10,0.0,531.44,28.39,10.66,469.89,0.01771275667343936
2008-05-11,0.0,529.85,29.5,11.73,503.8,0.01828413592096966
2008-05-12,0.0,498.66,27.62,11.69,505.41,0.01828413592096966
2008-05-13,0.18,451.3,23.77,10.15,459.69,0.02056965291109087
2008-05-14,0.0,489.86,23.41,8.39,396.94,0.025712066138863586
2008-05-15,0.0,481.72,25.74,10.88,476.14,0.025712066138863586
2008-05-16,0.0,484.34,27.27,12.34,526.49,0.022283790653681777
2008-05-17,0.0,538.08,30.19,12.12,513.87,0.02171241140615147
2008-05-18,0.0,530.99,33.32,15.42,652.55,0.023997928396272683
2008-05-19,0.0,534.11,35.89,17.42,754.88,0.022283790653681777
2008-05-20,0.0,516.64,35.71,18.19,795.99,0.02171241140615147
2008-05-21,0.0,492.11,32.39,16.58,718.48,0.023426549148742377
2008-05-22,13.96,355.79,23.19,8.83,417.74,0.03313999635675751
2008-05-23,22.99,215.86,13.52,5.77,375.62,0.050281373782666575
2008-05-24,11.59,249.65,16.37,7.42,541.39,0.042282064317242345
2008-05-25,0.0,465.02,21.6,8.22,425.41,0.03256861710922721
2008-05-26,0.0,453.92,21.62,8.74,457.86,0.026854824633924194
2008-05-27,0.0,531.39,26.12,9.57,444.7,0.025140686891333287
2008-05-28,0.0,518.02,26.63,10.71,490.75,0.023426549148742377
2008-05-29,0.0,519.91,27.41,11.42,510.9,0.019998273663560565
2008-05-30,0.0,548.41,28.82,11.05,491.47,0.01828413592096966
2008-05-31,0.0,549.79,30.88,12.67,544.41,0.016569998178378755
2008-06-01,0.0,537.04,32.22,14.61,626.17,0.014284481188257548
2008-06-02,0.0,524.14,31.53,14.64,636.0,0.011998964198136342
2008-06-03,0.0,518.27,30.7,14.34,622.85,0.007427930217893924
2008-06-04,0.0,486.62,28.75,13.84,628.41,0.007427930217893924
2008-06-05,0.0,469.99,26.8,12.97,593.39,0.006856550970363623
2008-06-06,0.0,537.08,30.03,12.74,549.01,0.006856550970363623
2008-06-07,0.0,519.23,31.36,14.74,643.06,0.006285171722833322
2008-06-08,0.0,512.1,31.21,15.13,658.43,0.005713792475303019
2008-06-09,0.0,543.74,33.84,15.68,673.14,0.005599516625796959
2008-06-10,0.0,539.77,34.34,16.33,707.03,0.004742447754501505
2008-06-11,0.0,485.65,32.14,17.14,771.64,0.004113930582218174
2008-06-12,0.0,527.13,31.91,14.9,643.1,0.003713965108946962
2008-06-13,0.0,549.05,34.78,15.98,687.42,0.003485413409934842
2008-06-14,0.0,541.2,36.7,18.0,792.4,0.0029140341624045397
2008-06-15,0.0,518.74,37.02,19.48,878.74,0.0029140341624045397
2008-06-16,0.0,516.04,37.36,19.94,910.99,0.0030283100119106003
2008-06-17,0.0,501.85,37.6,20.97,968.76,0.0023426549148742376
2008-06-18,0.0,488.17,36.6,20.88,968.63,0.0021141032158621172
2008-06-19,0.0,540.06,37.5,18.81,837.06,0.002685482463392419
2008-06-20,0.0,555.36,39.03,18.86,836.87,0.0025712066138863588
2008-06-21,0.0,537.84,39.05,20.02,901.33,0.0019998273663560566
2008-06-22,0.0,487.03,37.55,21.36,1000.58,0.0016569998178378755
2008-06-23,0.0,479.33,36.83,20.9,970.53,0.0015427239683318155
2008-06-24,0.0,500.88,36.51,19.45,880.95,0.0017141377425909058
2008-06-25,0.0,477.48,35.43,19.59,896.5,0.0015998618930848454
2008-06-26,0.0,472.16,35.28,19.76,905.65,0.0018284135920969662
2008-06-27,0.0,482.84,34.9,18.91,855.55,0.0012570343445666642
2008-06-28,0.0,486.92,36.62,20.2,926.51,0.0012570343445666642
2008-06-29,0.0,478.98,37.28,21.24,991.55,0.0011427584950606039
2008-06-30,0.0,461.74,36.51,21.35,1016.08,0.0013141722693196945
2008-07-01,0.0,445.2,37.16,22.71,1111.52,0.0014284481188257547
2008-07-02,0.0,480.35,37.17,21.15,991.89,0.0013713101940727244
2008-07-03,0.0,468.82,37.06,21.69,1027.37,0.0014284481188257547
2008-07-04,0.42,443.73,35.81,21.34,1018.97,0.001485586043578785
2008-07-05,0.0,446.95,34.96,20.68,979.92,0.001485586043578785
2008-07-06,0.0,462.87,35.7,20.76,973.89,0.0015427239683318155
2008-07-07,0.0,466.1,34.68,19.77,908.23,0.0015998618930848454
2008-07-08,0.0,474.84,36.18,20.64,964.82,0.0015998618930848454
2008-07-09,0.0,445.43,35.18,21.14,1009.46,0.0016569998178378755
2008-07-10,0.0,417.81,33.5,20.82,1004.4,0.015998618930848453
2008-07-11,29.7,294.43,29.55,17.64,1031.43,0.04171068506971204
2008-07-12,0.0,373.3,31.11,19.72,1379.77,0.011427584950606038
2008-07-13,1.9,346.48,30.51,19.44,1449.95,0.054852407762908985
2008-07-14,0.0,310.01,28.53,19.53,1618.76,0.06285171722833321
2008-07-15,0.0,402.57,32.3,20.29,1359.59,0.05713792475303019
2008-07-16,0.0,452.23,34.5,20.57,1225.39,0.026283445386393888
2008-07-17,0.0,458.88,35.46,21.23,1253.0,0.011998964198136342
2008-07-18,0.0,464.88,36.36,21.78,1278.48,0.005542378701043928
2008-07-19,0.0,403.6,34.3,22.34,1545.31,0.0031997237861696908
2008-07-20,0.0,369.59,30.69,20.32,1493.57,0.0022283790653681774
2008-07-21,0.0,428.79,33.18,20.85,1330.92,0.0017712756673439359
2008-07-22,0.0,398.41,33.21,21.94,1520.85,0.001485586043578785
2008-07-23,2.0,391.28,33.21,21.79,1541.32,0.0013141722693196945
2008-07-24,0.0,456.85,35.87,22.45,1390.58,0.0011427584950606039
2008-07-25,0.0,471.44,34.84,21.09,1252.52,0.0010856205703075735
2008-07-26,0.0,424.08,33.36,21.54,1437.3,0.0010856205703075735
2008-07-27,0.0,381.94,32.46,22.13,1649.69,0.0010856205703075735
2008-07-28,0.0,461.6,33.21,20.33,1241.44,0.0011427584950606039
2008-07-29,0.0,513.71,34.35,19.18,1053.88,0.0011427584950606039
2008-07-30,0.0,519.26,35.88,20.17,1100.79,0.0011427584950606039
2008-07-31,0.0,536.3,37.9,20.73,1110.84,0.0011427584950606039
2008-08-01,0.0,494.62,38.29,23.15,1367.37,0.0005713792475303019
2008-08-02,0.0,477.75,37.03,22.88,1384.2,0.0005713792475303019
2008-08-03,0.0,423.65,34.44,22.66,1563.28,0.0005713792475303019
2008-08-04,0.0,406.52,32.26,21.29,1498.71,0.0005713792475303019
2008-08-05,0.02,458.83,34.28,21.39,1337.17,0.0005713792475303019
2008-08-06,11.71,376.24,34.39,18.98,1374.42,0.022855169901212075
2008-08-07,0.08,488.58,35.11,20.58,1370.05,0.0035425513346878717
2008-08-08,0.0,468.94,32.46,19.18,1325.68,0.0015998618930848454
2008-08-09,0.0,440.97,32.05,19.83,1458.14,0.0009713447208015134
2008-08-10,0.0,455.65,33.55,20.53,1470.61,0.0008570688712954529
2008-08-11,0.0,481.35,35.35,20.91,1424.47,0.0009142067960484831
2008-08-12,0.0,469.12,35.32,21.26,1490.95,0.0009142067960484831
2008-08-13,0.0,437.12,34.69,21.84,1646.92,0.0008570688712954529
2008-08-14,0.0,442.88,33.18,20.31,1505.09,0.0008570688712954529
2008-08-15,5.17,381.33,32.35,18.56,1528.29,0.0007999309465424227
2008-08-16,0.0,451.93,32.73,19.47,1476.34,0.0007427930217893925
2008-08-17,0.36,453.4,32.43,18.92,1419.61,0.0007427930217893925
2008-08-18,1.89,430.6,32.86,19.23,1499.44,0.0005713792475303019
2008-08-19,0.0,445.24,33.3,19.87,1539.26,0.0005142413227772717
2008-08-20,0.0,468.74,33.96,19.43,1442.04,0.0005713792475303019
2008-08-21,0.0,482.3,34.37,19.27,1231.59,0.0005713792475303019
2008-08-22,0.0,483.78,34.75,20.02,1019.85,0.0005713792475303019
2008-08-23,0.0,483.83,35.77,21.01,998.53,0.0005713792475303019
2008-08-24,0.54,442.58,34.61,21.51,1072.04,0.0005713792475303019
2008-08-25,5.27,332.24,32.94,19.63,1146.33,0.07427930217893926
2008-08-26,19.79,276.54,27.9,17.45,1321.83,0.2685482463392419
2008-08-27,12.79,298.36,30.23,18.29,1598.25,0.005713792475303019
2008-08-28,0.0,419.16,32.03,19.38,1511.96,0.0011998964198136342
2008-08-29,0.0,443.25,32.68,19.01,1416.24,0.0009713447208015134
2008-08-30,0.39,399.3,31.39,19.3,1554.2,0.0009713447208015134
2008-08-31,1.02,383.75,28.82,17.51,1455.87,0.4856723604007566
2008-09-01,2.82,364.65,29.34,18.11,1575.66,1.0970481552581797
2008-09-02,0.0,448.21,32.39,18.49,1411.2,0.14855860435787852
2008-09-03,0.0,440.54,32.4,18.67,1447.91,0.03771103033699992
2008-09-04,0.0,458.34,33.16,18.38,1375.91,0.010856205703075735
2008-09-05,0.0,485.03,34.36,17.85,1266.45,0.004456758130736355
2008-09-06,0.0,472.23,35.32,19.2,1403.45,0.00297117208715757
2008-09-07,0.0,447.64,34.59,19.7,1523.33,0.0022855169901212077
2008-09-08,0.0,414.31,32.68,19.47,1603.23,0.002171241140615147
2008-09-09,0.0,418.79,31.6,18.27,1490.81,0.002171241140615147
2008-09-10,0.65,382.93,29.79,17.34,1486.73,0.0021141032158621172
2008-09-11,3.72,321.34,29.42,15.4,1469.74,0.0017712756673439359
2008-09-12,0.0,421.02,28.32,15.09,1277.37,0.001485586043578785
2008-09-13,0.0,460.13,30.4,14.84,1171.33,0.0011427584950606039
2008-09-14,0.0,482.15,32.18,14.8,1122.31,0.0009142067960484831
2008-09-15,0.0,414.44,30.69,16.99,1441.49,0.0007999309465424227
2008-09-16,0.0,364.61,29.2,17.62,1627.89,0.0006856550970363622
2008-09-17,0.0,416.93,29.8,16.01,1363.29,0.0005713792475303019
2008-09-18,0.0,431.08,30.97,16.19,1343.45,0.0005713792475303019
2008-09-19,0.0,422.12,31.64,17.06,1437.26,0.0005713792475303019
2008-09-20,0.0,412.29,31.56,17.39,1489.91,0.0005713792475303019
2008-09-21,0.0,409.93,31.19,17.08,1473.35,0.0005713792475303019
2008-09-22,0.0,426.83,31.04,16.02,1345.72,0.0005713792475303019
2008-09-23,0.0,422.7,31.91,16.78,1418.98,0.0005713792475303019
2008-09-24,0.0,433.38,33.77,17.45,1442.69,0.0005713792475303019
2008-09-25,0.0,379.87,32.36,18.78,1709.97,0.0007427930217893925
2008-09-26,0.0,368.17,31.79,18.74,1746.09,0.0008570688712954529
2008-09-27,0.0,394.41,31.56,17.22,1536.57,0.0009142067960484831
2008-09-28,0.0,378.3,31.21,17.54,1605.72,0.0006285171722833321
2008-09-29,0.0,361.22,30.44,17.47,1637.59,0.0006856550970363622
2008-09-30,0.0,372.6,30.42,16.79,1550.0,0.0006856550970363622
2008-10-01,0.0,392.54,31.45,16.56,1486.14,0.0006285171722833321
2008-10-02,0.0,397.37,31.17,15.88,1418.67,0.0006285171722833321
2008-10-03,0.0,349.3,28.71,15.99,1541.28,0.0006285171722833321
2008-10-04,0.0,281.2,24.31,14.7,1569.38,0.0007999309465424227
2008-10-05,0.0,318.15,22.42,11.72,1261.84,0.0013141722693196945
2008-10-06,0.0,399.04,25.24,10.6,1046.97,0.0011998964198136342
2008-10-07,0.0,403.15,28.23,12.71,1175.25,0.0018284135920969662
2008-10-08,0.0,398.4,29.84,14.16,1294.07,0.0016569998178378755
2008-10-09,0.0,381.88,28.73,13.93,1309.48,0.0015427239683318155
2008-10-10,0.0,334.03,27.02,15.0,1219.72,0.0015427239683318155
2008-10-11,0.0,345.72,23.69,11.48,1005.87,0.001485586043578785
2008-10-12,0.0,419.97,17.83,1.8,469.92,0.0015998618930848454
2008-10-13,0.0,416.68,18.64,2.59,495.99,0.0015998618930848454
2008-10-14,0.0,397.29,22.0,6.74,659.34,0.0017712756673439359
2008-10-15,0.0,407.19,25.63,9.15,738.05,0.0017141377425909058
2008-10-16,0.0,373.64,27.12,12.32,959.42,0.0014284481188257547
2008-10-17,0.0,389.75,28.96,12.69,940.26,0.0013713101940727244
2008-10-18,0.0,363.92,28.66,13.81,1067.43,0.0015427239683318155
2008-10-19,0.0,366.88,28.94,13.74,1058.49,0.0017712756673439359
2008-10-20,0.0,355.87,28.47,13.81,1089.59,0.001485586043578785
2008-10-21,0.0,381.39,27.42,11.0,873.87,0.0013713101940727244
2008-10-22,0.0,341.57,24.4,10.57,924.45,0.0012570343445666642
2008-10-23,0.0,381.89,25.05,8.57,753.8,0.0010284826455545435
2008-10-24,0.0,388.79,25.7,8.33,728.69,0.0008570688712954529
2008-10-25,0.0,390.09,27.46,9.35,767.75,0.0007427930217893925
2008-10-26,0.0,388.56,29.03,10.32,813.95,0.0011998964198136342
2008-10-27,0.0,344.69,27.54,11.99,999.15,0.0011998964198136342
2008-10-28,0.0,342.57,28.51,12.86,1056.92,0.0011998964198136342
2008-10-29,0.0,340.41,28.37,12.66,1052.02,0.0011427584950606039
2008-10-30,0.0,333.22,28.12,12.71,1070.94,0.0010856205703075735
2008-10-31,0.0,327.07,28.26,13.03,1107.79,0.0011427584950606039
2008-11-01,0.0,323.01,28.14,13.1,1126.57,0.0012570343445666642
2008-11-02,0.0,297.8,26.36,12.77,1165.42,0.0014284481188257547
2008-11-03,0.0,311.27,24.27,9.75,946.18,0.001485586043578785
2008-11-04,0.0,276.43,21.64,9.24,985.47,0.0014284481188257547
2008-11-05,0.0,286.89,17.6,5.15,689.36,0.0013141722693196945
2008-11-06,0.0,331.12,17.8,2.38,517.52,0.001485586043578785
2008-11-07,0.0,324.8,19.77,4.53,598.8,0.0012570343445666642
2008-11-08,0.0,322.32,21.56,6.25,668.24,0.0011998964198136342
2008-11-09,0.0,304.92,19.86,5.53,666.42,0.0012570343445666642
2008-11-10,0.16,269.37,15.15,3.09,628.42,0.0017712756673439359
2008-11-11,0.0,285.72,16.74,3.72,634.16,0.0021141032158621172
2008-11-12,0.0,311.27,19.0,4.14,611.34,0.002056965291109087
2008-11-13,0.0,310.05,21.68,6.53,705.24,0.0019998273663560566
2008-11-14,0.0,302.43,23.37,8.48,749.05,0.0022283790653681774
2008-11-15,0.0,276.2,22.13,8.91,826.51,0.0021141032158621172
2008-11-16,0.0,310.92,23.04,7.36,686.06,0.0021141032158621172
2008-11-17,0.0,326.82,24.92,7.59,645.22,0.002171241140615147
2008-11-18,0.0,285.37,24.67,10.33,857.95,0.0023997928396272683
2008-11-19,0.0,294.23,24.39,9.47,797.71,0.003085447936663631
2008-11-20,0.0,311.25,23.52,7.25,666.11,0.003085447936663631
2008-11-21,0.0,273.4,21.25,7.77,772.22,0.00297117208715757
2008-11-22,0.0,278.4,21.05,7.25,739.51,0.00297117208715757
2008-11-23,0.0,297.03,21.07,5.84,642.73,0.003313999635675751
2008-11-24,0.0,307.73,21.83,5.66,560.3,0.0033711375604287813
2008-11-25,0.0,246.0,19.94,8.61,512.14,0.0035996892594409025
2008-11-26,10.3,156.82,16.24,7.12,643.72,0.003828240958453023
2008-11-27,19.54,102.62,13.37,7.5,922.61,0.897065418622574
2008-11-28,10.77,137.02,13.29,5.69,855.55,0.868496456246059
2008-11-29,0.0,252.5,15.6,4.18,679.68,0.028568962376515097
2008-11-30,0.0,273.03,18.41,5.43,684.68,0.011427584950606038
2008-12-01,0.0,300.72,20.81,5.6,612.52,0.007999309465424227
2008-12-02,0.0,286.33,20.01,5.84,646.82,0.007427930217893924
2008-12-03,0.0,289.66,18.51,4.18,581.79,0.008570688712954529
2008-12-04,0.0,261.03,16.14,3.84,617.55,0.00914206796048483
2008-12-05,0.0,290.85,17.42,2.85,536.13,0.00914206796048483
2008-12-06,0.0,301.69,18.64,2.94,521.37,0.00914206796048483
2008-12-07,0.0,263.19,16.41,3.86,617.64,0.00914206796048483
2008-12-08,2.65,166.16,12.52,3.99,757.95,0.00914206796048483
2008-12-09,0.0,222.79,12.22,2.34,636.27,0.010856205703075735
2008-12-10,0.0,278.05,14.65,1.3,524.49,0.013141722693196944
2008-12-11,0.0,298.39,18.71,3.31,530.2,0.013713101940727246
2008-12-12,0.0,235.01,16.16,5.35,715.92,0.013713101940727246
2008-12-13,0.0,227.23,14.85,4.54,687.15,0.011427584950606038
2008-12-14,13.75,151.09,10.91,2.09,676.01,0.006285171722833322
2008-12-15,2.85,136.78,6.89,1.02,658.27,0.006856550970363623
2008-12-16,25.61,76.29,8.21,4.17,823.93,0.007999309465424227
2008-12-17,22.01,130.47,12.12,5.1,880.93,0.1771275667343936
2008-12-18,16.93,154.57,10.93,2.67,747.95,2.2340928578434807
2008-12-19,0.0,251.56,10.47,0.14,618.69,0.7942171540671197
2008-12-20,0.0,293.45,12.31,-0.88,574.83,0.24569307643802982
2008-12-21,0.0,301.48,14.23,0.09,612.76,0.09713447208015133
2008-12-22,1.62,230.93,11.48,1.63,688.78,0.05713792475303019
2008-12-23,15.95,124.26,8.32,2.19,717.55,0.2742620388145449
2008-12-24,0.12,214.69,9.87,1.95,706.68,0.23426549148742376
2008-12-25,19.29,93.44,9.99,5.55,907.22,3.816813373502417
2008-12-26,20.45,206.21,9.44,-1.31,568.9,8.57068871295453
2008-12-27,0.0,294.78,5.74,-5.96,394.78,2.034110121207875
2008-12-28,0.0,308.4,10.79,-2.49,508.05,0.9542033433756042
2008-12-29,0.0,328.19,16.24,0.09,608.32,0.617089587332726
2008-12-30,0.0,321.26,19.09,3.24,777.88,0.4628171904995445
2008-12-31,0.0,324.72,17.66,1.66,693.1,0.3599689259440902
2009-01-01,0.0,295.33,16.94,3.24,635.42,0.29140341624045396
2009-01-02,0.0,292.31,16.2,2.83,624.62,0.24569307643802982
2009-01-03,0.0,250.32,13.53,2.79,681.44,0.2056965291109087
2009-01-04,6.85,131.99,10.19,3.63,797.24,0.18855515168499964
2009-01-05,8.05,156.53,9.64,1.43,679.75,0.2571206613886359
2009-01-06,0.0,271.72,9.78,-1.54,538.53,0.22283790653681776
2009-01-07,0.0,293.18,13.24,0.34,590.91,0.1828413592096966
2009-01-08,0.0,307.43,16.6,2.37,658.66,0.15998618930848452
2009-01-09,0.0,290.91,14.73,2.04,666.21,0.14284481188257547
2009-01-10,0.0,274.47,13.04,1.53,658.08,0.1199896419813634
2009-01-11,0.0,292.13,15.31,2.6,688.7,0.10856205703075737
2009-01-12,0.0,316.57,17.42,2.73,666.33,0.10856205703075737
2009-01-13,0.0,304.5,17.95,4.31,751.87,0.09713447208015133
2009-01-14,0.0,316.14,17.47,3.03,675.96,0.0914206796048483
2009-01-15,0.0,322.24,19.12,4.14,715.2,0.08570688712954529
2009-01-16,0.0,318.43,19.64,5.12,767.63,0.07999309465424226
2009-01-17,0.0,316.14,19.34,5.23,777.67,0.07427930217893926
2009-01-18,0.0,304.61,18.82,5.67,814.79,0.07427930217893926
2009-01-19,0.0,305.12,19.45,6.37,851.86,0.06856550970363623
2009-01-20,0.0,298.34,19.71,7.18,904.32,0.06285171722833321
2009-01-21,0.0,243.99,19.83,10.31,1193.29,0.056566545505499895
2009-01-22,6.52,147.9,16.94,9.59,1206.94,0.06856550970363623
2009-01-23,5.2,130.17,16.18,9.78,1222.54,0.07427930217893926
2009-01-24,0.0,214.3,16.29,8.33,1106.21,0.06856550970363623
2009-01-25,0.0,254.73,15.59,5.97,923.0,0.06856550970363623
2009-01-26,0.0,245.36,11.84,3.07,768.68,0.06285171722833321
2009-01-27,0.0,319.99,10.63,-1.73,526.81,0.05142413227772717
2009-01-28,0.0,345.25,13.2,-0.94,537.53,0.04742447754501506
2009-01-29,0.0,339.02,15.43,1.48,628.86,0.04571033980242415
2009-01-30,0.0,339.35,17.56,3.68,722.55,0.04171068506971204
2009-01-31,0.0,357.88,18.54,3.24,692.32,0.03942516807959083
2009-02-01,0.0,358.38,17.4,2.44,648.19,0.03599689259440902
2009-02-02,0.0,351.32,18.17,3.8,714.16,0.03485413409934841
2009-02-03,0.0,368.85,20.29,4.03,697.87,0.033711375604287816
2009-02-04,0.0,344.31,20.82,6.4,844.34,0.03142585861416661
2009-02-05,0.0,351.77,20.99,6.13,817.26,0.029711720871575698
2009-02-06,0.0,324.2,17.85,5.18,808.14,0.026854824633924194
2009-02-07,0.0,314.24,16.13,4.29,774.5,0.025140686891333287
2009-02-08,21.87,174.15,11.0,3.11,767.11,0.09713447208015133
2009-02-09,19.22,148.32,8.29,1.91,706.6,0.5599516625796959
2009-02-10,20.07,180.79,6.99,-0.78,579.01,4.491040885588173
2009-02-11,0.0,363.59,10.35,-2.87,497.88,1.3655964015974216
2009-02-12,0.0,330.85,11.56,0.34,632.04,1.0227688530792405
2009-02-13,0.0,379.83,11.5,-2.33,519.16,0.8056447390177257
2009-02-14,0.0,348.5,10.53,-1.23,561.6,0.6570861346598472
2009-02-15,0.0,379.82,13.01,-0.44,593.93,0.5713792475303019
2009-02-16,0.0,360.11,14.53,2.13,716.23,0.5142413227772717
2009-02-17,8.01,223.17,12.35,3.13,770.46,1.2170377972395432
2009-02-18,0.0,399.03,13.37,-0.7,585.06,1.0456240229804525
2009-02-19,0.0,399.31,16.5,2.13,713.06,0.7713619841659075
2009-02-20,0.0,422.6,19.71,3.02,758.94,0.6342309647586352
2009-02-21,0.0,407.44,20.15,4.63,846.19,0.5313827002031808
2009-02-22,0.0,380.15,20.88,7.06,1004.74,0.4685309829748475
2009-02-23,0.0,361.8,23.29,10.13,1247.96,0.45138960554893853
2009-02-24,0.0,389.45,22.88,8.07,1073.04,0.42282064317242346
2009-02-25,0.0,376.79,22.41,8.34,1096.34,0.3828240958453023
2009-02-26,0.0,385.85,20.46,6.32,952.5,0.308544793666363
2009-02-27,0.0,400.16,19.66,4.95,867.18,0.2571206613886359
2009-02-28,0.0,421.22,22.33,5.99,918.66,0.2056965291109087
2009-03-01,0.0,393.11,23.65,9.13,1152.25,0.17141377425909057
2009-03-02,0.0,422.22,25.74,9.11,1123.04,0.14284481188257547
2009-03-03,0.0,399.05,23.8,9.1,1143.39,0.13141722693196944
2009-03-04,0.0,340.76,21.62,10.18,1252.03,0.1199896419813634
2009-03-05,0.0,329.97,18.27,7.78,1062.36,0.11427584950606039
2009-03-06,0.0,329.2,16.67,6.62,983.34,0.10856205703075737
2009-03-07,0.0,398.76,14.83,2.11,712.08,0.10284826455545434
2009-03-08,0.0,412.63,16.17,2.86,731.8,0.09713447208015133
2009-03-09,0.0,294.21,15.49,6.92,957.08,0.0914206796048483
2009-03-10,0.0,444.25,18.19,3.29,646.5,0.0914206796048483
2009-03-11,0.0,437.41,19.75,4.92,718.26,0.08570688712954529
2009-03-12,0.0,413.39,19.3,5.67,774.05,0.07999309465424226
2009-03-13,0.0,417.94,17.94,4.39,715.53,0.07999309465424226
2009-03-14,0.0,401.43,17.91,5.19,768.59,0.07427930217893926
2009-03-15,0.0,430.98,18.41,4.38,694.58,0.07427930217893926
2009-03-16,0.0,461.27,21.61,5.58,708.64,0.07999309465424226
2009-03-17,0.0,474.78,24.44,7.21,759.76,0.06856550970363623
2009-03-18,0.0,468.13,25.41,8.54,830.94,0.06285171722833321
2009-03-19,0.0,465.7,25.59,8.79,845.48,0.06285171722833321
2009-03-20,0.0,428.94,25.75,11.02,1024.06,0.05713792475303019
2009-03-21,0.0,449.84,25.1,9.46,899.96,0.05713792475303019
2009-03-22,0.0,429.86,22.63,8.58,889.38,0.054281028515378686
2009-03-23,0.0,465.23,17.32,2.02,569.09,0.054281028515378686
2009-03-24,0.0,467.53,18.22,2.87,567.41,0.054852407762908985
2009-03-25,0.0,468.07,19.36,3.92,599.83,0.056566545505499895
2009-03-26,0.0,463.86,19.7,4.58,630.04,0.05085275303019687
2009-03-27,0.0,484.49,17.49,1.43,501.56,0.04456758130736355
2009-03-28,0.0,484.34,20.0,3.75,575.98,0.043996202059833255
2009-03-29,0.0,435.23,20.15,6.35,728.43,0.04285344356477264
2009-03-30,0.0,430.55,18.55,5.42,698.17,0.03999654732712113
2009-03-31,0.0,488.59,19.34,3.38,556.02,0.03656827184193932
2009-04-01,0.0,441.62,18.81,5.31,676.7,0.03599689259440902
2009-04-02,0.0,469.01,20.87,6.13,677.22,0.03542551334687872
2009-04-03,0.0,433.42,20.08,7.01,757.82,0.034282754851818115
2009-04-04,0.0,428.64,16.23,3.63,628.23,0.03313999635675751
2009-04-05,0.0,501.58,20.16,3.72,521.63,0.03142585861416661
2009-04-06,0.0,476.3,24.61,9.27,695.94,0.029140341624045395
2009-04-07,0.0,464.63,25.7,10.86,779.31,0.026854824633924194
2009-04-08,0.0,399.48,21.76,9.92,866.6,0.026854824633924194
2009-04-09,0.0,475.3,19.88,5.1,555.32,0.026854824633924194
2009-04-10,0.0,481.95,21.6,6.41,582.8,0.026854824633924194
2009-04-11,12.57,317.89,16.54,3.74,664.32,0.03313999635675751
2009-04-12,5.65,341.96,17.37,5.47,768.9,0.03999654732712113
2009-04-13,0.0,469.81,22.66,8.02,752.96,0.03771103033699992
2009-04-14,0.0,416.23,23.31,10.85,971.79,0.03256861710922721
2009-04-15,0.0,401.78,17.94,6.57,798.74,0.027997583128984798
2009-04-16,0.0,499.38,14.61,-0.46,436.81,0.027426203881454492
2009-04-17,0.0,510.34,17.9,2.16,499.67,0.025140686891333287
2009-04-18,0.0,524.31,23.51,6.55,616.82,0.025140686891333287
2009-04-19,0.0,506.87,27.7,11.18,828.94,0.025140686891333287
2009-04-20,0.0,497.46,29.56,13.39,956.8,0.022855169901212075
2009-04-21,0.0,507.38,31.15,14.21,979.83,0.022855169901212075
2009-04-22,0.0,504.14,30.03,13.41,939.79,0.022283790653681777
2009-04-23,0.0,507.32,28.0,11.71,798.57,0.02171241140615147
2009-04-24,0.0,487.5,26.48,11.38,777.82,0.019426894416030266
2009-04-25,0.0,446.7,23.69,10.71,818.7,0.01828413592096966
2009-04-26,0.0,523.33,22.04,5.8,527.8,0.01828413592096966
2009-04-27,0.0,500.8,22.72,7.62,613.0,0.01771275667343936
2009-04-28,0.0,514.41,25.0,8.92,636.57,0.016569998178378755
2009-04-29,0.0,523.33,25.72,9.12,627.8,0.016569998178378755
2009-04-30,0.0,516.93,26.95,10.63,691.83,0.015998618930848453
2009-05-01,0.0,494.04,27.36,12.02,788.28,0.016569998178378755
2009-05-02,0.0,355.4,25.59,15.56,1279.48,0.015427239683318153
2009-05-03,0.0,478.67,27.04,12.68,842.1,0.015427239683318153
2009-05-04,0.0,472.02,27.83,13.62,897.28,0.011998964198136342
2009-05-05,0.0,453.22,28.21,14.75,993.95,0.010284826455545435
2009-05-06,0.0,519.65,31.11,14.45,835.81,0.00914206796048483
2009-05-07,0.0,517.85,32.29,15.49,889.88,0.008570688712954529
2009-05-08,0.0,519.54,32.98,15.87,902.03,0.006856550970363623
2009-05-09,0.0,511.49,32.77,16.09,929.51,0.006285171722833322
2009-05-10,0.0,527.23,32.38,15.31,711.53,0.005599516625796959
2009-05-11,0.0,530.76,32.13,15.01,636.11,0.0048567236040075665
2009-05-12,0.0,515.03,31.12,14.91,632.53,0.004171068506971204
2009-05-13,0.0,519.21,31.25,14.78,626.35,0.003999654732712113
2009-05-14,0.0,525.4,31.6,14.64,619.93,0.0036568271841939323
2009-05-15,0.0,536.72,32.4,14.53,614.99,0.0030283100119106003
2009-05-16,0.0,530.95,33.26,15.59,661.68,0.0027997583128984795
2009-05-17,0.0,490.97,33.89,18.3,803.83,0.002056965291109087
2009-05-18,0.0,509.69,34.58,18.0,787.6,0.002056965291109087
2009-05-19,0.0,456.72,33.46,19.57,875.97,0.0015427239683318155
2009-05-20,0.0,363.69,29.01,18.89,838.34,0.0016569998178378755
2009-05-21,2.38,274.53,23.87,15.85,686.38,0.002742620388145449
2009-05-22,12.11,210.1,20.77,13.56,638.89,0.0051424132277727175
2009-05-23,5.65,286.39,24.67,14.53,674.96,0.0048567236040075665
2009-05-24,0.0,482.69,28.29,14.5,617.92,0.0023426549148742376
2009-05-25,0.0,502.87,28.7,13.96,594.87,0.0013713101940727244
2009-05-26,0.0,513.63,29.46,14.16,601.19,0.0009713447208015134
2009-05-27,0.0,509.2,29.84,14.7,625.02,0.0006285171722833321
2009-05-28,0.0,508.71,30.54,15.43,659.75,0.0005142413227772717
2009-05-29,0.0,504.34,31.3,16.4,704.3,0.00045710339802424154
2009-05-30,0.0,505.4,30.69,15.84,682.53,0.0011998964198136342
2009-05-31,0.0,506.24,30.11,15.26,652.3,0.0010284826455545435
2009-06-01,0.0,527.66,30.86,14.69,624.22,0.0007427930217893925
2009-06-02,0.0,511.18,31.29,15.93,681.95,0.0005142413227772717
2009-06-03,0.0,545.12,33.32,15.76,671.27,0.0003428275485181811
2009-06-04,0.0,518.94,33.34,17.18,744.04,0.00028568962376515096
2009-06-05,0.0,432.56,30.16,18.06,806.25,0.00017141377425909055
2009-06-06,0.0,512.29,27.36,12.2,526.01,0.00011427584950606039
2009-06-07,0.0,516.84,26.38,11.16,488.86,0.00011427584950606039
2009-06-08,0.0,448.0,26.48,14.26,613.81,0.00011427584950606039
2009-06-09,0.0,428.1,26.3,14.87,655.34,0.00022855169901212077
2009-06-10,0.77,491.21,27.2,12.93,568.71,0.00011427584950606039
2009-06-11,0.0,460.7,27.08,14.65,636.33,5.713792475303019e-05
2009-06-12,0.0,527.32,28.87,13.49,572.67,5.713792475303019e-05
2009-06-13,0.0,523.58,29.12,13.91,591.91,5.713792475303019e-05
2009-06-14,0.0,505.11,28.64,14.47,618.02,5.713792475303019e-05
2009-06-15,0.0,527.25,28.66,13.56,578.73,5.713792475303019e-05
2009-06-16,0.0,510.23,29.23,14.89,635.6,5.713792475303019e-05
2009-06-17,0.0,477.14,28.96,16.15,698.37,5.713792475303019e-05
2009-06-18,0.0,522.27,30.44,15.52,663.31,5.713792475303019e-05
2009-06-19,0.0,496.56,29.79,16.03,688.91,5.713792475303019e-05
2009-06-20,0.0,488.96,29.24,15.63,675.11,5.713792475303019e-05
2009-06-21,0.0,509.35,31.48,16.61,718.47,5.713792475303019e-05
2009-06-22,0.0,555.4,34.24,16.24,697.91,5.713792475303019e-05
2009-06-23,0.0,498.9,34.95,19.98,897.09,5.713792475303019e-05
2009-06-24,0.0,487.15,34.94,20.51,932.94,0.00011427584950606039
2009-06-25,0.0,438.75,32.98,20.67,957.41,5.713792475303019e-05
2009-06-26,0.0,481.48,33.42,19.49,872.23,5.713792475303019e-05
2009-06-27,0.0,505.43,35.92,20.61,937.25,0.00011427584950606039
2009-06-28,0.0,501.5,36.53,21.31,982.23,0.00011427584950606039
2009-06-29,0.35,464.67,35.8,22.0,1040.48,0.00011427584950606039
2009-06-30,0.0,498.51,35.59,20.64,940.42,0.00011427584950606039
2009-07-01,0.0,449.75,34.56,21.87,1027.54,0.00011427584950606039
2009-07-02,10.8,333.21,32.66,20.14,991.67,0.00011427584950606039
2009-07-03,0.0,469.2,33.85,20.6,969.41,0.00011427584950606039
2009-07-04,0.0,503.4,34.26,19.52,898.17,0.00011427584950606039
2009-07-05,0.0,484.36,35.51,21.42,1019.82,0.00011427584950606039
2009-07-06,0.0,515.48,35.37,19.79,911.3,0.00011427584950606039
2009-07-07,0.0,468.18,34.53,21.25,1019.81,0.00011427584950606039
2009-07-08,0.0,464.98,34.72,21.53,1039.96,0.00017141377425909055
2009-07-09,0.0,496.33,35.57,20.86,980.84,0.00017141377425909055
2009-07-10,0.0,499.79,37.24,22.1,1059.55,0.00017141377425909055
2009-07-11,0.0,499.84,37.98,22.75,1078.8,0.00017141377425909055
2009-07-12,0.0,503.99,38.55,23.03,1098.82,0.00017141377425909055
2009-07-13,0.0,504.76,38.15,22.62,1068.28,0.00017141377425909055
2009-07-14,0.0,504.29,37.81,22.34,1052.0,0.00017141377425909055
2009-07-15,0.0,472.78,36.64,22.79,1087.91,0.00022855169901212077
2009-07-16,0.0,484.13,37.35,22.87,1084.86,0.00022855169901212077
2009-07-17,0.0,487.34,38.5,23.69,1145.0,0.00022855169901212077
2009-07-18,0.0,514.56,38.61,22.38,1052.89,0.00022855169901212077
2009-07-19,0.0,506.26,38.76,22.87,1087.35,0.00022855169901212077
2009-07-20,1.86,439.39,36.95,22.71,1080.73,0.00022855169901212077
2009-07-21,4.64,374.47,34.25,20.29,925.0,0.00022855169901212077
2009-07-22,0.0,443.64,34.23,21.71,1014.16,0.00022855169901212077
2009-07-23,0.0,467.51,34.98,21.49,995.3,0.00022855169901212077
2009-07-24,6.79,359.71,33.42,19.34,898.13,0.00022855169901212077
2009-07-25,0.0,432.33,34.1,22.01,1040.01,0.00022855169901212077
2009-07-26,0.0,477.54,36.27,22.15,1041.47,0.00022855169901212077
2009-07-27,0.0,490.26,38.22,23.27,1117.88,0.00022855169901212077
2009-07-28,0.0,487.18,37.94,23.22,1116.24,0.00022855169901212077
2009-07-29,0.0,484.21,36.11,21.71,1014.14,0.00022855169901212077
2009-07-30,0.0,469.74,34.92,21.32,993.45,0.00022855169901212077
2009-07-31,0.0,501.12,35.92,20.7,947.23,0.00022855169901212077
2009-08-01,0.0,525.38,37.07,20.2,911.42,0.00022855169901212077
2009-08-02,0.0,521.17,37.59,20.77,947.99,0.00022855169901212077
2009-08-03,0.0,503.26,38.13,22.16,1038.17,0.00022855169901212077
2009-08-04,0.0,481.19,38.03,23.13,1111.68,0.00022855169901212077
2009-08-05,0.0,451.92,38.08,24.5,1215.92,0.00022855169901212077
2009-08-06,0.0,436.12,36.31,23.43,1155.66,0.00022855169901212077
2009-08-07,0.0,485.3,33.0,18.44,820.74,0.00022855169901212077
2009-08-08,0.0,537.91,32.42,15.0,641.36,0.00022855169901212077
2009-08-09,0.0,525.96,33.45,16.58,717.65,0.00022855169901212077
2009-08-10,0.0,525.11,34.64,17.55,767.04,0.00022855169901212077
2009-08-11,0.0,471.94,35.14,20.73,953.75,0.00022855169901212077
2009-08-12,0.0,485.91,36.4,21.21,981.81,0.00022855169901212077
2009-08-13,3.31,322.66,29.51,18.57,960.45,0.00022855169901212077
2009-08-14,0.0,468.91,32.29,18.29,821.17,0.00022855169901212077
2009-08-15,0.0,485.54,33.44,18.51,831.44,0.00022855169901212077
2009-08-16,0.0,510.62,34.32,17.96,794.52,0.00022855169901212077
2009-08-17,0.0,527.82,35.46,17.84,784.8,0.00022855169901212077
2009-08-18,0.0,525.09,35.85,18.22,803.95,0.00022855169901212077
2009-08-19,0.0,492.01,35.36,19.56,885.31,0.00022855169901212077
2009-08-20,0.0,487.5,36.77,21.01,962.03,0.00022855169901212077
2009-08-21,0.0,486.06,36.2,20.47,934.7,0.00022855169901212077
2009-08-22,7.54,300.72,30.95,19.19,864.53,0.4685309829748475
2009-08-23,0.0,453.22,32.57,18.71,826.92,0.027997583128984798
2009-08-24,0.39,435.96,32.53,19.14,855.78,0.0021141032158621172
2009-08-25,0.0,442.23,32.73,19.23,858.68,0.00022855169901212077
2009-08-26,0.0,486.31,34.77,18.89,837.33,0.00017141377425909055
2009-08-27,0.0,459.8,37.31,22.2,1031.49,0.00017141377425909055
2009-08-28,0.0,493.33,37.79,20.93,956.04,0.00011427584950606039
2009-08-29,0.0,473.76,37.51,21.63,999.52,0.00011427584950606039
2009-08-30,0.0,473.17,36.93,21.03,964.08,0.00011427584950606039
2009-08-31,0.0,462.55,35.83,20.66,941.46,5.713792475303019e-05
2009-09-01,0.0,469.58,35.17,19.66,881.33,5.713792475303019e-05
2009-09-02,0.0,451.74,34.33,19.77,890.24,5.713792475303019e-05
2009-09-03,0.0,423.42,34.35,21.04,970.63,0.00011427584950606039
2009-09-04,8.83,329.05,32.74,18.67,868.91,0.00011427584950606039
2009-09-05,14.05,253.15,28.53,18.23,1215.01,0.00017141377425909055
2009-09-06,0.0,402.48,30.12,17.54,1001.22,0.00011427584950606039
2009-09-07,0.0,397.56,30.89,18.47,1073.63,5.713792475303019e-05
2009-09-08,0.0,416.73,31.7,18.54,1028.82,0.00011427584950606039
2009-09-09,12.67,322.5,31.07,17.28,1152.42,0.00011427584950606039
2009-09-10,0.0,431.5,32.72,18.49,1150.36,5.713792475303019e-05
2009-09-11,0.0,422.26,33.17,19.26,1218.4,5.713792475303019e-05
2009-09-12,0.0,397.95,32.39,19.44,1287.24,5.713792475303019e-05
2009-09-13,0.0,374.12,31.48,19.52,1353.9,5.713792475303019e-05
2009-09-14,0.0,369.49,31.1,19.35,1357.39,5.713792475303019e-05
2009-09-15,0.0,427.97,30.37,16.34,1026.12,5.713792475303019e-05
2009-09-16,0.0,437.95,29.94,15.5,962.31,5.713792475303019e-05
2009-09-17,0.0,421.49,29.79,16.09,1035.42,0.0
2009-09-18,0.0,409.71,30.19,16.96,1108.82,0.0
2009-09-19,0.0,409.1,30.75,17.5,1140.36,5.713792475303019e-05
2009-09-20,0.0,436.26,31.13,16.37,1040.5,5.713792475303019e-05
2009-09-21,0.0,447.5,32.56,16.92,1035.92,0.0
2009-09-22,0.0,379.74,29.17,16.98,1180.67,0.0
2009-09-23,0.0,418.93,28.56,14.69,956.6,0.0
2009-09-24,0.0,453.75,30.11,14.01,860.02,0.0
2009-09-25,0.0,444.06,31.85,15.93,987.69,0.0
2009-09-26,0.0,456.42,33.67,16.43,995.41,0.0
2009-09-27,0.0,452.85,34.05,16.78,1029.35,0.0
2009-09-28,0.0,453.67,33.68,16.2,992.58,0.0
2009-09-29,0.0,433.67,32.59,16.37,1042.13,0.0
2009-09-30,0.0,382.16,29.13,16.0,1125.16,0.0
2009-10-01,0.0,461.68,26.62,9.32,572.42,0.0
2009-10-02,0.0,454.0,26.37,9.36,589.01,0.0
2009-10-03,0.0,345.01,24.81,13.37,943.87,0.0
2009-10-04,0.0,296.85,24.53,14.87,1155.4,0.0
2009-10-05,0.0,310.22,21.91,11.92,957.1,5.713792475303019e-05
2009-10-06,0.0,398.38,23.45,9.55,676.24,5.713792475303019e-05
2009-10-07,0.0,324.41,21.42,10.78,866.54,5.713792475303019e-05
2009-10-08,0.0,385.79,21.35,8.01,640.02,5.713792475303019e-05
2009-10-09,0.0,423.36,23.99,8.15,592.29,5.713792475303019e-05
2009-10-10,0.0,394.71,25.05,10.63,727.91,5.713792475303019e-05
2009-10-11,0.0,382.65,24.23,10.36,740.82,5.713792475303019e-05
2009-10-12,0.0,365.14,24.41,11.22,811.36,5.713792475303019e-05
2009-10-13,0.0,312.26,23.24,12.43,989.45,5.713792475303019e-05
2009-10-14,0.0,382.37,24.88,10.5,750.07,5.713792475303019e-05
2009-10-15,0.0,396.92,27.92,12.17,795.28,5.713792475303019e-05
2009-10-16,0.0,407.01,30.68,13.5,850.01,5.713792475303019e-05
2009-10-17,0.0,377.91,31.9,16.24,1060.21,5.713792475303019e-05
2009-10-18,0.0,339.47,30.62,17.17,1218.6,5.713792475303019e-05
2009-10-19,0.0,325.46,27.82,15.25,1115.44,5.713792475303019e-05
2009-10-20,0.0,327.18,24.23,11.98,854.96,5.713792475303019e-05
2009-10-21,0.0,357.31,22.31,8.6,657.42,5.713792475303019e-05
2009-10-22,0.0,371.39,23.5,8.64,635.35,5.713792475303019e-05
2009-10-23,0.0,371.88,24.81,9.74,622.45,5.713792475303019e-05
2009-10-24,0.0,369.1,25.1,9.98,636.52,5.713792475303019e-05
2009-10-25,0.0,358.18,25.08,10.55,674.23,5.713792475303019e-05
2009-10-26,0.0,349.52,23.56,9.64,647.75,5.713792475303019e-05
2009-10-27,0.0,362.05,21.35,6.61,534.01,0.00011427584950606039
2009-10-28,0.0,332.81,14.1,1.54,424.75,0.00011427584950606039
2009-10-29,0.0,354.09,12.42,-1.35,342.85,0.00022855169901212077
2009-10-30,0.0,379.94,15.88,-0.1,340.27,0.00028568962376515096
2009-10-31,0.0,397.58,22.96,4.42,434.26,0.00028568962376515096
2009-11-01,0.0,377.72,25.75,8.65,578.77,0.00028568962376515096
2009-11-02,0.0,377.29,27.32,9.61,618.3,0.00028568962376515096
2009-11-03,0.0,374.75,28.47,10.28,645.52,0.00028568962376515096
2009-11-04,0.0,340.01,27.55,11.9,773.16,0.00022855169901212077
2009-11-05,0.0,323.76,27.61,12.75,853.03,0.00022855169901212077
2009-11-06,0.0,298.7,24.8,11.62,846.05,0.00028568962376515096
2009-11-07,0.0,311.35,24.5,10.42,766.3,0.00028568962376515096
2009-11-08,0.0,313.72,23.49,9.23,710.38,0.0003428275485181811
2009-11-09,0.0,320.92,24.0,8.99,687.97,0.0003428275485181811
2009-11-10,0.0,316.92,25.85,10.86,772.18,0.0003428275485181811
2009-11-11,0.0,273.23,25.08,12.65,962.15,0.0003428275485181811
2009-11-12,0.0,220.05,21.59,11.94,998.59,0.00039996547327121135
2009-11-13,0.0,144.68,17.26,11.22,1169.44,0.00045710339802424154
2009-11-14,0.0,184.55,14.97,7.4,835.05,0.0005713792475303019
2009-11-15,0.0,292.58,14.38,1.78,459.36,0.0005713792475303019
2009-11-16,0.0,324.05,18.28,3.25,467.35,0.0005142413227772717
2009-11-17,0.0,313.78,20.87,6.26,568.84,0.0005142413227772717
2009-11-18,0.0,320.65,20.6,5.24,528.0,0.0005142413227772717
2009-11-19,0.0,317.59,20.08,4.7,516.77,0.0005142413227772717
2009-11-20,0.0,312.46,20.61,5.4,546.22,0.0005713792475303019
2009-11-21,0.0,303.17,19.53,5.02,492.16,0.0005713792475303019
2009-11-22,0.0,311.8,19.41,4.26,457.49,0.0005713792475303019
2009-11-23,0.0,306.92,18.63,3.72,448.62,0.0005713792475303019
2009-11-24,0.0,279.98,17.94,4.84,510.06,0.0005713792475303019
2009-11-25,0.0,298.1,19.3,4.8,486.99,0.0005713792475303019
2009-11-26,0.0,302.07,21.78,6.73,538.62,0.00039996547327121135
2009-11-27,0.0,282.23,21.47,7.75,602.96,0.00045710339802424154
2009-11-28,0.0,233.69,17.19,6.57,644.08,0.00039996547327121135
2009-11-29,0.0,239.0,13.41,2.7,510.23,0.0005142413227772717
2009-11-30,0.0,196.1,13.07,4.62,646.36,0.00045710339802424154
2009-12-01,0.0,287.71,15.68,2.17,430.37,0.0005142413227772717
2009-12-02,0.0,274.07,14.62,2.03,446.2,0.0005713792475303019
2009-12-03,0.0,292.67,14.09,0.23,373.27,0.0005713792475303019
2009-12-04,0.0,284.03,11.42,-1.42,298.97,0.0005713792475303019
2009-12-05,0.0,265.0,10.78,-0.69,253.96,0.0006856550970363622
2009-12-06,0.0,221.38,9.06,-0.2,330.87,0.0007427930217893925
2009-12-07,14.53,88.02,8.46,4.42,788.8,0.0015998618930848454
2009-12-08,34.21,145.57,7.37,-0.34,534.2,0.0012570343445666642
2009-12-09,0.0,257.85,8.57,-2.25,464.2,0.0008570688712954529
2009-12-10,0.0,277.33,9.61,-2.44,436.85,0.0007427930217893925
2009-12-11,0.0,282.31,12.41,-0.16,492.09,0.0007999309465424227
2009-12-12,0.0,221.41,11.7,2.43,659.65,0.0007999309465424227
2009-12-13,0.0,182.89,11.64,4.03,781.54,0.0009142067960484831
2009-12-14,0.99,236.61,13.0,2.89,661.44,0.0008570688712954529
2009-12-15,0.0,279.35,14.64,1.84,566.18,0.0007999309465424227
2009-12-16,0.0,261.18,16.31,4.69,700.38,0.0009142067960484831
2009-12-17,0.0,301.43,18.4,3.56,587.75,0.0009142067960484831
2009-12-18,0.0,289.42,17.16,3.51,605.24,0.0009142067960484831
2009-12-19,0.0,254.27,15.35,4.26,695.43,0.0009142067960484831
2009-12-20,0.0,277.31,15.94,3.5,628.44,0.0009142067960484831
2009-12-21,0.0,235.1,15.04,5.2,768.81,0.0009713447208015134
2009-12-22,0.0,228.43,11.79,2.69,673.5,0.0012570343445666642
2009-12-23,7.49,178.46,8.55,-0.28,587.41,0.0011427584950606039
2009-12-24,0.0,260.8,8.86,-1.58,510.67,0.0010856205703075735
2009-12-25,0.0,308.63,10.41,-3.54,410.14,0.0010856205703075735
2009-12-26,0.0,293.0,9.37,-3.11,440.39,0.0010856205703075735
2009-12-27,0.0,305.99,11.42,-2.19,453.57,0.0006285171722833321
2009-12-28,0.0,226.64,10.13,1.5,651.06,0.0005142413227772717
2009-12-29,0.0,211.2,11.01,3.09,738.98,0.0005142413227772717
2009-12-30,0.0,236.28,9.57,0.52,604.31,0.0005142413227772717
2009-12-31,0.0,273.82,11.13,0.1,556.78,0.0005142413227772717
2010-01-01,0.0,319.1,14.69,1.22,667.19,0.0005142413227772717
2010-01-02,0.0,325.69,16.41,2.22,718.05,0.0005713792475303019
2010-01-03,0.0,331.26,16.57,1.78,693.33,0.0006285171722833321
2010-01-04,0.0,325.59,16.69,2.32,723.24,0.0006285171722833321
2010-01-05,0.0,325.14,17.1,2.32,716.11,0.0006285171722833321
2010-01-06,0.0,312.29,16.58,2.79,747.96,0.0006856550970363622
2010-01-07,0.0,309.41,15.93,2.43,727.28,0.0007427930217893925
2010-01-08,0.0,294.02,14.77,2.54,734.19,0.0007427930217893925
2010-01-09,0.0,334.99,16.55,0.92,645.57,0.0007999309465424227
2010-01-10,0.0,312.46,15.35,2.03,703.59,0.0009142067960484831
2010-01-11,0.0,318.44,16.39,2.49,730.59,0.0009142067960484831
2010-01-12,0.0,323.92,17.57,3.11,757.51,0.0009142067960484831
2010-01-13,0.0,303.74,16.79,3.99,809.51,0.0010284826455545435
2010-01-14,1.36,276.85,14.68,2.74,744.28,0.0010284826455545435
2010-01-15,0.0,307.34,16.69,3.86,804.72,0.0010284826455545435
2010-01-16,0.0,299.2,16.25,3.9,803.18,0.0010284826455545435
2010-01-17,0.0,299.13,14.88,2.73,746.15,0.0010856205703075735
2010-01-18,9.73,165.12,11.66,3.37,777.19,0.0011998964198136342
2010-01-19,21.25,141.67,11.49,4.89,868.95,0.0025140686891333285
2010-01-20,30.88,170.25,11.07,2.93,759.74,0.5370964926784838
2010-01-21,43.03,134.14,11.0,4.78,861.38,20.91248045960905
2010-01-22,59.35,126.27,8.87,3.04,763.38,20.79820461010299
2010-01-23,15.05,147.69,7.34,0.66,644.31,1.5827205156589363
2010-01-24,0.0,305.22,8.55,-2.74,504.49,1.0627654004063616
2010-01-25,0.0,336.97,12.47,-1.18,562.68,1.0913343627828767
2010-01-26,0.0,315.29,13.57,1.57,681.69,0.879924041196665
2010-01-27,0.19,234.77,12.43,4.21,830.43,0.7427930217893925
2010-01-28,3.27,117.19,10.0,4.92,868.51,0.7542206067399986
2010-01-29,1.21,259.13,12.52,3.67,799.18,0.6399447572339381
2010-01-30,0.0,292.86,13.29,2.93,757.14,0.5142413227772717
2010-01-31,0.0,312.56,14.16,2.91,755.27,0.40567926574651436
2010-02-01,0.0,325.04,14.11,2.33,724.1,0.31997237861696903
2010-02-02,0.0,302.16,15.36,4.94,867.9,0.25140686891333286
2010-02-03,0.0,279.87,15.34,6.03,940.92,0.19998273663560567
2010-02-04,0.0,311.71,14.2,3.82,806.92,0.15998618930848452
2010-02-05,0.0,327.3,14.62,3.62,795.32,0.12570343445666643
2010-02-06,0.0,321.99,14.71,4.14,826.38,0.11427584950606039
2010-02-07,8.52,212.51,12.02,3.31,779.77,0.13713101940727246
2010-02-08,3.92,268.85,10.51,0.83,654.24,0.19426894416030266
2010-02-09,0.0,365.21,11.95,0.09,617.13,0.14284481188257547
2010-02-10,0.0,305.78,11.88,2.92,755.2,0.1199896419813634
2010-02-11,0.0,374.69,11.82,-0.06,610.95,0.12570343445666643
2010-02-12,0.0,389.34,14.35,1.47,679.49,0.11427584950606039
2010-02-13,0.0,408.28,17.28,2.56,740.06,0.08570688712954529
2010-02-14,0.0,402.93,17.93,3.63,789.92,0.05713792475303019
2010-02-15,0.0,390.21,18.15,4.91,870.08,0.05370964926784839
2010-02-16,0.0,398.54,17.83,4.31,835.97,0.06285171722833321
2010-02-17,0.0,405.92,18.54,4.43,841.73,0.06285171722833321
2010-02-18,0.0,399.76,17.67,4.03,819.89,0.06856550970363623
2010-02-19,0.0,386.27,17.25,4.43,838.78,0.06285171722833321
2010-02-20,2.32,297.85,14.33,4.51,845.37,0.06856550970363623
2010-02-21,16.87,141.19,10.04,5.03,877.69,0.39996547327121135
2010-02-22,11.66,204.56,9.33,2.04,721.4,1.6569998178378755
2010-02-23,10.65,308.46,10.76,-1.89,534.1,1.8112722146710571
2010-02-24,0.0,386.14,13.49,1.92,699.59,1.0741929853569676
2010-02-25,0.0,389.43,14.97,3.27,774.07,0.7599343992153015
2010-02-26,0.0,395.18,15.54,3.42,785.98,0.588520624956211
2010-02-27,0.0,336.43,15.12,5.43,900.5,0.5142413227772717
2010-02-28,19.99,235.43,12.48,3.81,806.48,1.4455894962516638
2010-03-01,0.0,386.58,14.14,2.81,749.31,1.497013628529391
2010-03-02,0.0,394.53,16.45,4.68,854.68,1.0684791928816646
2010-03-03,0.0,416.04,17.09,4.15,827.3,0.8456412863448469
2010-03-04,0.0,398.39,15.67,3.69,798.16,0.7256516443634835
2010-03-05,0.0,457.23,16.46,1.13,666.0,0.60566200238212
2010-03-06,0.0,415.45,18.24,5.36,897.74,0.5085275303019687
2010-03-07,15.21,262.91,14.2,4.22,829.54,2.17695493309045
2010-03-08,16.81,200.43,9.79,2.99,760.84,6.3994475723393816
2010-03-09,5.69,202.07,8.88,2.22,726.05,4.473899508162265
2010-03-10,5.89,281.9,9.73,-0.01,616.44,3.08544793666363
2010-03-11,0.0,446.53,11.92,-1.12,567.49,2.1940963105163593
2010-03-12,0.0,480.02,16.87,0.89,651.79,1.771275667343936
2010-03-13,0.0,460.65,17.28,2.86,752.15,1.4741584586281788
2010-03-14,0.0,447.14,15.49,2.15,718.9,1.1427584950606038
2010-03-15,0.0,450.69,17.2,3.7,801.94,0.7999309465424227
2010-03-16,0.0,469.83,20.94,5.84,927.73,0.628517172283332
2010-03-17,0.0,468.89,22.84,7.56,1044.87,0.5485240776290898
2010-03-18,0.0,464.04,22.43,7.48,1038.73,0.4856723604007566
2010-03-19,0.0,445.65,19.81,6.46,971.81,0.4342482281230295
2010-03-20,0.0,431.6,17.36,5.07,880.46,0.39996547327121135
2010-03-21,0.0,494.66,20.4,4.35,838.47,0.34282754851818115
2010-03-22,0.0,488.45,21.39,5.55,910.29,0.28568962376515095
2010-03-23,5.08,322.9,18.57,6.8,996.62,0.2571206613886359
2010-03-24,1.91,404.54,16.82,3.9,812.07,0.2571206613886359
2010-03-25,0.0,480.3,19.2,4.14,826.85,0.2399792839627268
2010-03-26,0.0,430.17,17.85,5.37,897.3,0.2056965291109087
2010-03-27,0.0,447.1,16.88,3.93,813.7,0.1771275667343936
2010-03-28,0.0,484.16,20.5,5.25,892.14,0.1542723968331815
2010-03-29,0.0,499.01,22.82,6.17,949.58,0.14855860435787852
2010-03-30,0.0,486.42,23.31,7.15,1012.37,0.14284481188257547
2010-03-31,0.0,453.29,22.33,8.0,1079.84,0.14284481188257547
2010-04-01,0.0,433.51,17.93,5.23,896.55,0.13713101940727246
2010-04-02,0.0,473.04,15.37,1.24,672.2,0.12570343445666643
2010-04-03,0.0,480.0,18.71,3.88,810.67,0.1199896419813634
2010-04-04,0.0,466.11,20.92,6.53,967.5,0.11427584950606039
2010-04-05,0.0,443.0,20.71,7.43,1036.43,0.11427584950606039
2010-04-06,0.0,455.26,19.15,5.55,916.3,0.10856205703075737
2010-04-07,0.0,444.89,18.74,5.6,924.47,0.09713447208015133
2010-04-08,0.0,469.24,22.65,7.76,1060.69,0.10284826455545434
2010-04-09,0.0,494.9,23.65,7.0,999.97,0.0914206796048483
2010-04-10,0.0,493.42,24.02,7.3,1023.68,0.0914206796048483
2010-04-11,0.0,489.99,24.74,8.21,1096.8,0.08570688712954529
2010-04-12,0.0,445.19,23.18,9.12,1169.81,0.08570688712954529
2010-04-13,0.0,391.68,19.56,8.24,1107.04,0.08570688712954529
2010-04-14,0.0,476.43,21.31,6.36,963.78,0.08570688712954529
2010-04-15,0.0,516.38,25.3,7.43,1035.28,0.08570688712954529
2010-04-16,0.0,456.9,25.07,10.51,1281.18,0.07999309465424226
2010-04-17,0.0,491.25,25.63,9.32,1185.33,0.07999309465424226
2010-04-18,0.0,470.07,26.9,11.44,1357.76,0.07427930217893926
2010-04-19,0.0,434.83,25.63,11.84,1393.4,0.07427930217893926
2010-04-20,0.0,448.0,24.47,10.52,1282.0,0.06856550970363623
2010-04-21,0.0,418.56,21.64,9.41,1215.69,0.06856550970363623
2010-04-22,0.0,385.71,13.93,3.38,786.18,0.06856550970363623
2010-04-23,0.0,436.73,14.55,2.4,692.07,0.06285171722833321
2010-04-24,0.0,489.42,19.99,5.29,736.15,0.05713792475303019
2010-04-25,0.0,521.62,24.48,7.73,798.88,0.05542378701043928
2010-04-26,0.0,516.33,26.82,9.95,912.93,0.05313827002031808
2010-04-27,0.0,503.13,27.46,11.21,1001.29,0.04913861528760596
2010-04-28,0.0,410.87,25.75,13.65,1315.19,0.04456758130736355
2010-04-29,0.0,457.49,21.06,7.88,885.2,0.043996202059833255
2010-04-30,0.0,473.98,15.99,2.57,617.38,0.046281719049954456
2010-05-01,0.0,500.93,18.98,4.15,650.7,0.046853098297484755
2010-05-02,0.0,388.43,18.94,8.4,979.17,0.046281719049954456
2010-05-03,0.0,526.21,22.32,6.06,698.46,0.04513896055489385
2010-05-04,0.0,550.71,26.8,8.41,762.7,0.04456758130736355
2010-05-05,0.0,537.3,28.6,10.58,882.66,0.04456758130736355
2010-05-06,0.0,478.53,27.54,12.56,1084.87,0.04342482281230294
2010-05-07,0.0,510.35,28.06,11.65,978.62,0.04171068506971204
2010-05-08,0.0,482.36,28.78,13.51,1138.79,0.03942516807959083
2010-05-09,0.0,469.29,27.68,13.23,1091.76,0.03942516807959083
2010-05-10,0.0,502.81,24.65,9.29,808.27,0.03713965108946963
2010-05-11,0.0,425.0,20.14,8.35,874.41,0.03771103033699992
2010-05-12,0.0,510.85,21.14,5.88,655.49,0.03656827184193932
2010-05-13,0.0,493.04,23.36,8.66,790.53,0.03656827184193932
2010-05-14,0.0,481.9,25.6,11.19,931.44,0.03485413409934841
2010-05-15,0.0,509.08,27.76,11.93,922.33,0.033711375604287816
2010-05-16,0.0,526.39,29.1,12.17,901.43,0.03313999635675751
2010-05-17,0.0,509.99,28.68,12.61,950.28,0.030854479366636305
2010-05-18,0.0,462.49,26.64,12.9,1050.21,0.029711720871575698
2010-05-19,0.0,530.27,27.06,10.2,802.65,0.028568962376515097
2010-05-20,0.0,521.61,29.61,12.84,938.95,0.027426203881454492
2010-05-21,0.0,506.63,30.44,14.15,1036.5,0.025712066138863586
2010-05-22,0.0,412.29,28.17,15.93,1330.86,0.023997928396272683
2010-05-23,0.0,478.79,24.7,10.48,767.76,0.023426549148742377
2010-05-24,0.0,546.76,21.48,4.3,410.35,0.022855169901212075
2010-05-25,0.0,547.57,25.2,7.87,425.62,0.022283790653681777
2010-05-26,0.0,556.92,28.09,9.93,473.68,0.02171241140615147
2010-05-27,0.0,549.03,30.21,12.26,555.79,0.02056965291109087
2010-05-28,0.0,533.29,30.85,13.55,620.56,0.019998273663560565
2010-05-29,0.0,531.12,29.62,12.44,583.49,0.019426894416030266
2010-05-30,0.0,533.26,30.13,12.92,548.57,0.01885551516849996
2010-05-31,0.0,526.18,30.52,13.55,576.65,0.01771275667343936
2010-06-01,0.0,516.4,29.97,13.27,569.73,0.01771275667343936
2010-06-02,0.0,519.0,29.71,13.07,557.27,0.016569998178378755
2010-06-03,0.0,519.66,30.98,14.27,602.46,0.015427239683318153
2010-06-04,0.0,522.84,32.96,15.94,678.16,0.015427239683318153
2010-06-05,0.0,519.71,35.28,18.11,793.73,0.014855860435787849
2010-06-06,0.0,515.69,36.84,19.68,879.91,0.014284481188257548
2010-06-07,0.0,497.51,35.96,19.72,881.89,0.013141722693196944
2010-06-08,0.0,493.26,35.06,19.11,848.32,0.012570343445666644
2010-06-09,0.0,492.1,34.17,18.44,811.61,0.011998964198136342
2010-06-10,0.0,454.67,32.68,18.63,822.73,0.011427584950606038
2010-06-11,0.0,408.35,29.91,17.9,783.33,0.010856205703075735
2010-06-12,0.0,449.18,26.18,12.94,555.09,0.010856205703075735
2010-06-13,0.0,492.89,26.9,11.83,511.51,0.010856205703075735
2010-06-14,0.0,513.47,30.51,14.1,600.66,0.010856205703075735
2010-06-15,0.0,514.41,32.67,16.03,684.37,0.009713447208015133
2010-06-16,0.0,497.28,32.65,16.81,724.73,0.00914206796048483
2010-06-17,0.0,525.16,33.06,15.7,670.98,0.008570688712954529
2010-06-18,0.0,538.4,34.19,15.84,675.4,0.007999309465424227
2010-06-19,0.0,528.34,33.45,15.69,667.24,0.007427930217893924
2010-06-20,0.0,512.9,33.27,16.42,702.11,0.007427930217893924
2010-06-21,0.0,522.37,33.73,16.15,689.25,0.006856550970363623
2010-06-22,0.0,546.25,33.76,14.64,620.83,0.006285171722833322
2010-06-23,0.0,564.47,36.63,15.68,665.81,0.005713792475303019
2010-06-24,0.0,529.08,37.69,18.97,837.43,0.005599516625796959
2010-06-25,0.0,448.83,36.45,22.05,1031.57,0.005485240776290898
2010-06-26,0.0,505.22,35.0,18.15,796.4,0.005085275303019688
2010-06-27,0.0,519.76,35.34,17.63,766.78,0.004628171904995446
2010-06-28,0.0,515.73,36.51,18.88,834.82,0.0045138960554893855
2010-06-29,0.0,472.68,36.18,20.71,938.39,0.003828240958453023
2010-06-30,0.0,432.55,36.01,22.42,1050.09,0.0029140341624045397
2010-07-01,0.0,454.84,37.08,22.52,1056.08,0.0025712066138863588
2010-07-02,0.0,444.68,37.03,22.98,1093.81,0.0023426549148742376
2010-07-03,0.0,454.06,35.31,21.0,960.63,0.0018855515168499965
2010-07-04,0.0,467.22,32.43,17.96,788.64,0.0017712756673439359
2010-07-05,0.0,492.73,33.41,17.73,775.08,0.0017712756673439359
2010-07-06,0.0,501.28,34.53,18.32,806.28,0.0016569998178378755
2010-07-07,0.0,514.89,35.44,18.39,810.62,0.001485586043578785
2010-07-08,0.0,461.13,36.34,21.74,1002.41,0.0012570343445666642
2010-07-09,0.0,405.9,36.58,24.3,1189.26,0.0012570343445666642
2010-07-10,6.05,322.11,36.16,23.04,1096.34,0.0013141722693196945
2010-07-11,0.9,419.52,35.7,22.24,1044.53,0.0013713101940727244
2010-07-12,0.0,435.59,34.95,21.62,998.68,0.001485586043578785
2010-07-13,0.0,439.17,35.93,22.47,1060.01,0.0027997583128984795
2010-07-14,0.0,431.92,36.29,23.14,1109.19,0.0025140686891333285
2010-07-15,0.0,445.39,38.32,24.47,1202.07,0.0018284135920969662
2010-07-16,0.0,419.76,37.68,24.97,1246.65,0.0016569998178378755
2010-07-17,0.0,438.84,36.94,23.55,1129.83,0.0011427584950606039
2010-07-18,0.0,431.67,36.78,23.91,1162.97,0.0009142067960484831
2010-07-19,0.0,407.27,36.29,24.5,1209.69,0.0009142067960484831
2010-07-20,0.0,426.84,36.14,23.72,1150.74,0.0007999309465424227
2010-07-21,0.0,434.93,35.41,22.82,1083.99,0.0007999309465424227
2010-07-22,3.57,388.92,33.17,21.23,972.12,0.0009142067960484831
2010-07-23,5.15,250.51,28.84,20.58,935.04,0.0009142067960484831
2010-07-24,0.0,440.96,32.91,20.99,960.09,0.0007999309465424227
2010-07-25,0.67,455.34,34.3,21.28,978.67,0.0007999309465424227
2010-07-26,0.0,400.82,32.97,22.49,1061.87,0.0007999309465424227
2010-07-27,0.0,385.36,32.66,22.86,1087.95,0.0007999309465424227
2010-07-28,5.7,379.08,33.1,21.73,1009.87,0.013141722693196944
2010-07-29,4.44,335.29,32.96,21.58,1019.73,0.023997928396272683
2010-07-30,8.89,317.48,30.81,20.01,966.93,0.029140341624045395
2010-07-31,14.16,266.95,27.75,19.09,1081.32,0.29140341624045396
2010-08-01,0.99,252.38,26.23,19.97,1345.22,0.014284481188257548
2010-08-02,0.38,454.04,30.7,19.18,908.92,0.007427930217893924
2010-08-03,0.0,505.77,33.99,20.39,961.93,0.0042282064317242345
2010-08-04,0.0,520.8,35.7,21.15,1007.83,0.0025140686891333285
2010-08-05,0.0,532.2,36.66,21.35,1016.63,0.0019998273663560566
2010-08-06,0.0,506.83,36.15,22.19,1092.4,0.0013141722693196945
2010-08-07,0.0,478.2,33.24,20.92,1026.56,0.0010856205703075735
2010-08-08,0.26,468.06,31.19,19.4,932.93,0.003313999635675751
2010-08-09,0.0,511.27,32.55,18.95,880.42,0.0018855515168499965
2010-08-10,0.0,520.7,34.2,19.86,933.42,0.0012570343445666642
2010-08-11,0.0,498.84,35.11,21.61,1057.02,0.0008570688712954529
2010-08-12,0.0,507.16,35.56,21.61,1053.28,0.00045710339802424154
2010-08-13,0.0,534.43,36.05,20.41,964.38,0.00045710339802424154
2010-08-14,0.0,519.79,36.05,21.17,1017.94,0.00039996547327121135
2010-08-15,0.0,506.45,36.63,22.31,1096.39,0.00039996547327121135
2010-08-16,0.0,449.92,34.93,23.05,1213.2,0.0006285171722833321
2010-08-17,0.0,491.77,34.48,21.07,1019.68,0.0007999309465424227
2010-08-18,5.23,375.02,33.5,19.34,1037.54,0.0005713792475303019
2010-08-19,0.0,484.9,34.66,21.27,1066.1,0.00045710339802424154
2010-08-20,0.0,487.48,35.65,21.94,1109.75,0.0005142413227772717
2010-08-21,0.0,486.61,35.35,21.62,1091.81,0.0005713792475303019
2010-08-22,18.47,360.22,33.34,19.38,1109.75,0.0010856205703075735
2010-08-23,0.0,465.68,35.2,21.71,1264.03,0.0005142413227772717
2010-08-24,0.0,485.66,36.5,21.81,1257.81,0.0005142413227772717
2010-08-25,0.0,439.47,34.62,21.95,1368.14,0.00045710339802424154
2010-08-26,0.0,376.86,31.68,21.42,1512.44,0.00045710339802424154
2010-08-27,0.0,388.35,31.09,20.5,1395.93,0.0005142413227772717
2010-08-28,0.0,405.36,30.43,19.36,1260.88,0.0005713792475303019
2010-08-29,4.06,300.95,30.09,19.44,1598.79,0.0005713792475303019
2010-08-30,1.32,364.64,29.48,18.61,1390.06,0.0005713792475303019
2010-08-31,0.0,451.07,30.61,17.41,1099.46,0.0005142413227772717
2010-09-01,0.0,480.62,33.17,18.19,1078.48,0.0005142413227772717
2010-09-02,0.0,507.56,35.26,18.28,1031.62,0.0005142413227772717
2010-09-03,0.0,500.64,36.07,19.15,1104.0,0.0005142413227772717
2010-09-04,0.0,450.94,35.45,21.07,1351.25,0.00045710339802424154
2010-09-05,0.0,454.63,34.63,20.14,1275.03,0.00045710339802424154
2010-09-06,0.0,405.14,33.64,21.2,1507.32,0.00045710339802424154
2010-09-07,0.0,364.71,32.39,21.48,1688.64,0.00045710339802424154
2010-09-08,0.0,379.88,30.84,19.61,1474.84,0.00045710339802424154
2010-09-09,0.0,463.0,28.87,14.5,924.28,0.00045710339802424154
2010-09-10,0.0,480.57,28.35,13.08,823.68,0.00045710339802424154
2010-09-11,0.0,506.84,30.55,13.13,783.62,0.00039996547327121135
2010-09-12,0.0,473.61,31.78,16.05,993.65,0.00045710339802424154
2010-09-13,0.0,490.21,33.76,16.56,982.63,0.00039996547327121135
2010-09-14,0.0,474.4,33.86,17.4,1067.99,0.00039996547327121135
2010-09-15,0.0,457.79,33.76,17.97,1140.15,0.0003428275485181811
2010-09-16,0.0,451.69,34.32,18.61,1200.87,0.0003428275485181811
2010-09-17,0.0,465.24,34.65,17.9,1121.56,0.0003428275485181811
2010-09-18,0.0,474.62,35.59,17.85,1096.6,0.0003428275485181811
2010-09-19,0.0,446.44,35.65,19.33,1271.09,0.0003428275485181811
2010-09-20,0.0,368.36,34.58,21.91,1746.21,0.0003428275485181811
2010-09-21,0.0,401.02,33.26,19.38,1416.85,0.00028568962376515096
2010-09-22,41.05,275.16,30.31,17.7,1645.41,1.1598998724865128
2010-09-23,5.4,363.32,28.3,13.84,1386.21,0.04913861528760596
2010-09-24,0.0,407.85,30.34,15.63,1504.97,0.011998964198136342
2010-09-25,0.0,395.01,32.63,17.9,1741.56,0.006856550970363623
2010-09-26,0.0,358.13,32.88,19.61,2017.7,0.006856550970363623
2010-09-27,0.0,393.33,33.56,18.34,1796.97,0.0051424132277727175
2010-09-28,0.0,384.02,33.26,18.35,1817.03,0.003999654732712113
2010-09-29,0.0,417.66,33.74,16.58,1568.35,0.0028568962376515094
2010-09-30,0.0,396.04,34.51,18.2,1775.8,0.0022855169901212077
2010-10-01,0.0,369.66,33.8,18.9,1912.75,0.0017141377425909058
2010-10-02,0.0,373.01,33.07,18.12,1825.74,0.0011427584950606039
2010-10-03,0.21,374.41,31.14,16.27,1619.53,0.0011427584950606039
2010-10-04,0.0,328.45,28.77,16.48,1741.62,0.0011427584950606039
2010-10-05,17.37,211.16,23.95,13.87,1590.85,0.28568962376515095
2010-10-06,14.46,221.93,24.09,13.56,1558.83,0.17141377425909057
2010-10-07,0.0,337.57,24.91,12.42,1416.04,0.028568962376515097
2010-10-08,0.0,382.16,25.4,10.46,1227.4,0.011427584950606038
2010-10-09,0.0,389.96,26.07,10.44,1207.99,0.0051424132277727175
2010-10-10,0.0,348.04,25.97,12.47,1404.87,0.003999654732712113
2010-10-11,0.0,367.99,26.98,12.27,1370.54,0.0034282754851818116
2010-10-12,0.0,368.91,28.12,13.01,1432.7,0.0034282754851818116
2010-10-13,0.0,346.02,29.34,15.24,1674.09,0.0034282754851818116
2010-10-14,0.0,322.96,29.4,16.36,1812.58,0.003828240958453023
2010-10-15,0.0,327.8,28.23,15.12,1679.88,0.003713965108946962
2010-10-16,0.0,328.94,27.31,14.27,1603.0,0.003942516807959083
2010-10-17,0.0,313.92,25.94,13.79,1564.97,0.004056792657465143
2010-10-18,0.0,279.57,24.7,14.29,1637.67,0.0042282064317242345
2010-10-19,0.0,323.64,24.58,12.22,1416.01,0.004171068506971204
2010-10-20,0.0,288.74,22.18,11.63,1387.87,0.004342482281230294
2010-10-21,7.65,182.57,17.04,8.61,1135.37,0.009713447208015133
2010-10-22,2.35,195.37,15.94,8.64,1133.67,0.007427930217893924
2010-10-23,0.0,266.3,18.34,9.14,1171.63,0.007427930217893924
2010-10-24,0.0,315.73,20.18,8.68,1135.32,0.007427930217893924
2010-10-25,0.0,253.94,18.85,9.98,1238.53,0.006856550970363623
2010-10-26,0.0,322.65,19.95,8.12,1091.63,0.007427930217893924
2010-10-27,0.0,349.66,20.78,7.22,1015.01,0.006285171722833322
2010-10-28,0.0,357.61,24.42,9.74,1193.09,0.005599516625796959
2010-10-29,0.0,345.39,26.59,12.24,1375.79,0.0048567236040075665
2010-10-30,0.0,353.94,24.97,10.21,1162.8,0.004628171904995446
2010-10-31,0.0,353.26,23.06,8.52,1045.25,0.0048567236040075665
2010-11-01,0.0,357.48,23.2,8.19,1018.7,0.0051424132277727175
2010-11-02,0.0,339.13,25.48,11.2,1251.16,0.004685309829748475
2010-11-03,0.0,337.59,26.61,12.07,1327.17,0.004456758130736355
2010-11-04,0.0,315.04,25.47,12.15,1353.21,0.004285344356477264
2010-11-05,0.0,321.31,24.69,10.93,1253.86,0.004056792657465143
2010-11-06,0.0,343.55,24.41,8.93,1084.65,0.004113930582218174
2010-11-07,0.0,328.17,22.89,8.6,1076.59,0.004342482281230294
2010-11-08,0.0,310.41,20.77,7.7,1020.07,0.004799585679254537
2010-11-09,0.0,316.7,17.37,4.37,829.91,0.005256689077278778
2010-11-10,0.0,325.9,15.36,1.79,685.52,0.005599516625796959
2010-11-11,0.0,318.79,15.81,2.55,726.02,0.006285171722833322
2010-11-12,0.0,318.55,16.66,3.31,769.44,0.006285171722833322
2010-11-13,0.0,336.7,18.62,3.51,771.3,0.006856550970363623
2010-11-14,0.0,321.14,17.99,3.92,799.18,0.006856550970363623
2010-11-15,0.0,321.22,17.49,3.27,762.28,0.006856550970363623
2010-11-16,0.0,311.46,18.17,4.35,822.04,0.006856550970363623
2010-11-17,0.0,317.3,19.72,5.02,848.81,0.006856550970363623
2010-11-18,0.0,311.08,20.69,6.18,922.68,0.006856550970363623
2010-11-19,0.0,313.33,20.0,5.12,859.04,0.006856550970363623
2010-11-20,0.0,252.48,17.87,6.78,980.08,0.006856550970363623
2010-11-21,3.19,186.03,16.21,7.21,1021.72,0.008570688712954529
2010-11-22,10.21,142.91,11.73,3.95,822.29,0.010284826455545435
2010-11-23,0.0,250.71,11.58,0.88,650.79,0.00914206796048483
2010-11-24,0.0,233.05,10.52,0.73,644.94,0.00914206796048483
2010-11-25,0.0,221.47,10.43,1.25,675.74,0.008570688712954529
2010-11-26,0.0,310.12,14.5,-0.45,589.15,0.008570688712954529
2010-11-27,0.0,301.74,15.34,0.88,644.78,0.008570688712954529
2010-11-28,0.0,272.95,11.99,-0.3,599.34,0.008570688712954529
2010-11-29,0.0,255.51,7.86,-3.07,491.43,0.008570688712954529
2010-11-30,0.0,303.1,11.57,-2.79,496.48,0.008570688712954529
2010-12-01,0.0,314.17,17.22,1.04,646.34,0.008570688712954529
2010-12-02,0.0,306.88,19.73,3.76,781.82,0.008570688712954529
2010-12-03,0.0,292.24,19.85,5.09,865.03,0.008570688712954529
2010-12-04,0.0,284.7,19.07,4.9,858.83,0.00914206796048483
2010-12-05,0.0,289.32,19.99,5.21,876.36,0.009713447208015133
2010-12-06,0.0,259.28,20.13,7.57,1039.67,0.009713447208015133
2010-12-07,0.0,287.58,18.8,4.09,804.94,0.009713447208015133
2010-12-08,0.0,295.08,19.83,4.28,812.77,0.009713447208015133
2010-12-09,0.0,286.96,19.77,4.85,853.09,0.009713447208015133
2010-12-10,0.0,268.82,18.6,5.2,885.72,0.009713447208015133
2010-12-11,0.0,275.32,18.9,4.91,865.58,0.010856205703075735
2010-12-12,0.0,286.77,20.84,5.53,889.22,0.010856205703075735
2010-12-13,0.0,297.8,23.17,6.31,928.83,0.011427584950606038
2010-12-14,0.0,297.46,20.83,4.21,807.49,0.011998964198136342
2010-12-15,0.0,251.29,17.49,4.9,865.37,0.011998964198136342
2010-12-16,0.99,148.33,12.91,6.09,939.24,0.013141722693196944
2010-12-17,8.53,116.79,10.94,4.25,830.99,0.00914206796048483
2010-12-18,1.45,155.23,13.03,6.18,949.29,0.007427930217893924
2010-12-19,0.02,170.44,15.74,8.47,1118.47,0.006856550970363623
2010-12-20,0.0,202.07,16.0,7.07,1005.78,0.006285171722833322
2010-12-21,0.33,140.99,14.41,8.34,1107.08,0.006285171722833322
2010-12-22,8.56,127.69,15.21,7.97,1078.94,0.007427930217893924
2010-12-23,15.49,163.54,13.02,3.61,796.2,0.00914206796048483
2010-12-24,0.0,247.33,13.8,2.85,751.08,0.006285171722833322
2010-12-25,0.0,246.1,16.23,5.07,874.78,0.005599516625796959
2010-12-26,0.0,242.55,14.94,4.2,825.25,0.004742447754501505
2010-12-27,0.0,229.63,13.3,3.41,781.04,0.004456758130736355
2010-12-28,0.0,264.01,13.51,1.91,702.92,0.004285344356477264
2010-12-29,0.0,199.36,10.25,2.02,708.88,0.007427930217893924
2010-12-30,35.52,165.42,5.57,-2.73,511.88,1.2856033069431791
2010-12-31,7.58,229.8,1.78,-7.93,344.2,0.22855169901212077
2011-01-01,0.0,271.5,4.04,-8.87,318.94,0.05313827002031808
2011-01-02,0.0,261.92,7.41,-4.75,433.5,0.034282754851818115
2011-01-03,0.0,255.16,9.48,-2.31,515.65,0.034282754851818115
2011-01-04,0.0,251.79,10.08,-1.53,549.36,0.034282754851818115
2011-01-05,0.0,299.1,13.56,-1.67,541.85,0.034282754851818115
2011-01-06,0.0,285.93,14.26,0.17,618.75,0.034282754851818115
2011-01-07,0.0,290.46,14.78,0.37,625.67,0.034282754851818115
2011-01-08,0.0,282.6,12.8,-0.78,579.44,0.034282754851818115
2011-01-09,0.0,250.9,11.73,0.25,620.02,0.034282754851818115
2011-01-10,0.0,266.12,11.37,-0.82,577.78,0.034282754851818115
2011-01-11,0.0,295.08,13.26,-0.98,571.03,0.03142585861416661
2011-01-12,0.0,249.22,14.8,3.56,790.69,0.03142585861416661
2011-01-13,0.0,282.59,16.88,3.42,782.87,0.028568962376515097
2011-01-14,0.0,284.46,16.39,2.81,747.6,0.028568962376515097
2011-01-15,0.0,287.55,17.93,4.09,821.42,0.028568962376515097
2011-01-16,0.0,294.03,17.79,3.68,798.49,0.028568962376515097
2011-01-17,0.0,299.84,18.97,4.42,833.84,0.028568962376515097
2011-01-18,0.0,309.48,19.89,4.54,843.08,0.028568962376515097
2011-01-19,0.0,298.3,18.2,3.92,812.9,0.025712066138863586
2011-01-20,0.0,267.08,15.47,3.61,796.92,0.025712066138863586
2011-01-21,0.0,311.55,16.49,1.82,696.89,0.022855169901212075
2011-01-22,0.0,317.26,16.81,1.81,698.3,0.022855169901212075
2011-01-23,0.0,287.75,14.91,2.26,726.18,0.019998273663560565
2011-01-24,0.0,315.81,14.92,0.4,625.16,0.019998273663560565
2011-01-25,0.0,302.46,15.17,1.68,690.3,0.019998273663560565
2011-01-26,0.0,305.72,14.76,1.22,668.57,0.019998273663560565
2011-01-27,0.0,308.91,16.89,3.13,770.5,0.01885551516849996
2011-01-28,0.0,328.93,17.44,2.37,725.78,0.01771275667343936
2011-01-29,0.0,328.02,16.74,1.97,706.24,0.015998618930848453
2011-01-30,0.0,318.26,15.67,1.66,688.36,0.014855860435787849
2011-01-31,2.04,266.75,12.77,1.37,678.14,0.013713101940727246
2011-02-01,0.0,328.17,10.04,-3.6,476.88,0.011998964198136342
2011-02-02,0.0,341.64,6.07,-8.2,337.26,0.009713447208015133
2011-02-03,0.0,323.53,3.25,-9.63,298.37,0.009713447208015133
2011-02-04,0.0,354.76,9.25,-5.84,394.39,0.010284826455545435
2011-02-05,0.0,351.41,12.43,-2.48,511.3,0.010284826455545435
2011-02-06,0.0,342.91,14.55,0.14,593.71,0.009713447208015133
2011-02-07,0.0,350.54,16.48,1.59,633.6,0.010284826455545435
2011-02-08,0.0,325.93,14.9,1.66,651.63,0.010284826455545435
2011-02-09,0.0,319.93,12.91,0.38,611.04,0.009713447208015133
2011-02-10,0.0,342.25,12.99,-0.62,557.72,0.00914206796048483
2011-02-11,0.0,383.79,16.59,-0.2,539.84,0.00914206796048483
2011-02-12,0.0,392.22,19.61,1.93,587.32,0.00914206796048483
2011-02-13,0.0,404.62,21.11,2.1,577.5,0.00914206796048483
2011-02-14,0.0,386.83,20.74,3.48,649.48,0.00914206796048483
2011-02-15,0.0,389.77,20.95,3.54,647.0,0.008570688712954529
2011-02-16,0.0,341.69,18.93,4.97,764.4,0.008570688712954529
2011-02-17,0.0,272.92,16.6,6.39,919.21,0.008570688712954529
2011-02-18,0.0,280.13,15.87,5.51,858.6,0.008570688712954529
2011-02-19,12.08,207.27,14.34,4.41,840.51,0.016569998178378755
2011-02-20,17.9,169.04,8.05,0.63,652.46,0.023997928396272683
2011-02-21,6.97,263.18,10.51,-2.08,529.09,0.055995166257969596
2011-02-22,0.0,359.8,12.99,0.12,617.32,0.05713792475303019
2011-02-23,0.0,369.41,13.58,0.23,615.41,0.06856550970363623
2011-02-24,0.0,302.03,12.31,2.16,715.4,0.06856550970363623
2011-02-25,0.0,347.36,13.45,1.55,677.74,0.06285171722833321
2011-02-26,0.0,305.8,13.81,3.74,801.32,0.06285171722833321
2011-02-27,15.86,261.53,9.76,-1.62,550.16,0.08570688712954529
2011-02-28,0.0,428.84,13.71,-2.21,520.36,0.0914206796048483
2011-03-01,0.0,419.28,17.91,2.59,718.74,0.10284826455545434
2011-03-02,0.0,425.21,20.03,4.05,781.28,0.14284481188257547
2011-03-03,0.0,397.06,19.86,5.7,883.09,0.12570343445666643
2011-03-04,0.0,416.71,19.67,4.57,787.93,0.11427584950606039
2011-03-05,0.0,413.88,19.89,5.06,802.84,0.09713447208015133
2011-03-06,0.0,408.97,19.67,5.33,816.75,0.07999309465424226
2011-03-07,0.0,306.4,17.08,7.25,1003.45,0.06856550970363623
2011-03-08,0.0,366.74,16.4,4.76,843.85,0.06285171722833321
2011-03-09,0.0,455.38,21.22,4.44,724.89,0.054852407762908985
2011-03-10,0.0,447.45,23.99,7.47,877.33,0.050281373782666575
2011-03-11,0.0,456.84,24.21,6.86,832.77,0.046281719049954456
2011-03-12,0.0,430.08,22.92,7.45,893.74,0.04285344356477264
2011-03-13,0.0,450.77,23.39,6.98,830.13,0.03828240958453023
2011-03-14,0.0,439.64,23.39,8.18,754.13,0.03542551334687872
2011-03-15,0.0,448.85,23.54,8.37,620.43,0.033711375604287816
2011-03-16,0.0,460.09,24.51,8.8,615.42,0.03142585861416661
2011-03-17,0.0,438.7,24.75,10.32,709.13,0.030283100119106
2011-03-18,0.0,459.68,24.0,8.68,608.34,0.029711720871575698
2011-03-19,0.0,466.44,21.85,6.28,481.86,0.027997583128984798
2011-03-20,0.0,420.47,19.62,6.6,507.15,0.027426203881454492
2011-03-21,9.96,284.76,16.93,5.63,671.42,0.03485413409934841
2011-03-22,8.88,284.32,13.27,2.06,603.69,0.10284826455545434
2011-03-23,0.0,478.63,17.08,1.24,426.37,0.09713447208015133
2011-03-24,0.0,393.06,17.02,5.26,638.85,0.07427930217893926
2011-03-25,0.0,433.17,16.25,2.89,513.69,0.05713792475303019
2011-03-26,0.0,420.02,17.2,4.56,583.94,0.05142413227772717
2011-03-27,0.0,468.25,18.93,3.96,504.3,0.046281719049954456
2011-03-28,0.0,459.83,20.61,5.92,570.52,0.040567926574651435
2011-03-29,0.0,472.88,22.81,7.31,594.21,0.03656827184193932
2011-03-30,0.0,490.78,24.33,7.74,577.11,0.034282754851818115
2011-03-31,0.0,506.16,27.54,9.74,615.32,0.03142585861416661
2011-04-01,0.0,520.86,30.36,11.15,633.92,0.028568962376515097
2011-04-02,0.0,483.88,29.31,12.55,755.96,0.025712066138863586
2011-04-03,0.0,414.49,25.75,12.9,927.13,0.023426549148742377
2011-04-04,0.0,482.87,23.72,7.94,597.23,0.021141032158621172
2011-04-05,0.0,502.08,24.94,8.04,562.4,0.019998273663560565
2011-04-06,0.0,422.29,23.58,10.44,776.58,0.019998273663560565
2011-04-07,4.38,282.57,20.55,10.27,1023.87,0.02056965291109087
2011-04-08,0.0,366.67,18.71,8.22,812.05,0.02056965291109087
2011-04-09,11.37,320.27,13.31,0.81,555.07,0.028568962376515097
2011-04-10,6.67,341.46,12.21,-1.26,506.19,0.03313999635675751
2011-04-11,0.0,512.35,20.4,3.93,546.13,0.030854479366636305
2011-04-12,0.0,474.88,21.96,7.24,707.73,0.028568962376515097
2011-04-13,0.0,485.14,21.99,6.95,680.38,0.025140686891333287
2011-04-14,0.0,486.02,21.45,6.55,665.08,0.022283790653681777
2011-04-15,0.0,521.49,24.36,7.33,644.37,0.019998273663560565
2011-04-16,0.0,522.62,27.67,10.16,752.86,0.01885551516849996
2011-04-17,0.0,498.87,28.46,12.16,879.78,0.01828413592096966
2011-04-18,0.0,457.8,27.1,12.94,996.14,0.01771275667343936
2011-04-19,0.0,457.09,25.28,11.47,921.37,0.017141377425909057
2011-04-20,0.0,480.21,25.13,10.26,818.58,0.017141377425909057
2011-04-21,0.0,456.72,25.46,11.56,920.82,0.017141377425909057
2011-04-22,0.0,483.2,24.92,9.98,798.09,0.015998618930848453
2011-04-23,0.0,428.37,24.01,11.33,952.55,0.015998618930848453
2011-04-24,0.0,414.84,22.87,10.86,951.36,0.015998618930848453
2011-04-25,0.0,484.86,23.54,8.78,744.09,0.014855860435787849
2011-04-26,0.0,443.61,23.95,10.93,922.05,0.013141722693196944
2011-04-27,0.0,508.05,24.46,8.62,702.49,0.010856205703075735
2011-04-28,0.0,520.95,26.44,9.7,721.0,0.009713447208015133
2011-04-29,0.0,456.73,25.85,12.16,937.66,0.00914206796048483
2011-04-30,0.0,494.2,23.86,8.99,733.7,0.008570688712954529
2011-05-01,0.0,462.38,20.34,7.21,704.91,0.007427930217893924
2011-05-02,0.0,501.02,22.1,7.35,648.66,0.007427930217893924
2011-05-03,0.0,514.31,25.86,10.1,733.67,0.006856550970363623
2011-05-04,0.0,540.23,28.9,11.36,737.71,0.006856550970363623
2011-05-05,0.0,546.11,30.39,12.21,759.46,0.005713792475303019
2011-05-06,0.0,528.89,30.12,12.93,821.14,0.005256689077278778
2011-05-07,0.0,527.69,30.07,12.72,808.35,0.004913861528760596
2011-05-08,0.0,495.02,28.68,13.05,881.06,0.004113930582218174
2011-05-09,0.0,444.28,24.82,11.76,924.37,0.0029140341624045397
2011-05-10,0.0,415.8,18.87,7.17,743.84,0.0038853788832060535
2011-05-11,0.0,484.46,21.68,7.39,662.29,0.004056792657465143
2011-05-12,0.0,536.44,27.22,9.76,673.23,0.0032568617109227206
2011-05-13,0.0,514.69,30.65,13.98,882.72,0.0034282754851818116
2011-05-14,0.0,495.66,29.51,13.92,917.48,0.00297117208715757
2011-05-15,0.0,484.79,27.68,12.85,887.0,0.002628344538639389
2011-05-16,0.0,481.1,25.93,11.49,826.23,0.0025140686891333285
2011-05-17,0.0,404.64,22.69,11.4,958.66,0.002685482463392419
2011-05-18,0.32,306.63,18.34,10.08,1060.9,0.004342482281230294
2011-05-19,5.97,318.96,17.97,6.26,813.26,0.006285171722833322
2011-05-20,0.0,479.86,22.33,8.63,746.8,0.0045138960554893855
2011-05-21,0.0,521.82,26.51,10.66,680.59,0.0031997237861696908
2011-05-22,0.0,505.05,27.51,12.65,635.87,0.002456930764380298
2011-05-23,0.0,482.56,26.49,12.69,621.1,0.0018284135920969662
2011-05-24,0.0,496.05,25.19,10.95,539.74,0.0013713101940727244
2011-05-25,0.0,554.29,28.84,11.28,502.56,0.0011998964198136342
2011-05-26,0.0,524.07,29.84,13.61,622.29,0.0008570688712954529
2011-05-27,0.0,525.16,30.55,14.36,635.1,0.0006285171722833321
2011-05-28,0.0,483.65,30.67,16.43,772.66,0.00045710339802424154
2011-05-29,0.0,469.21,28.24,14.99,648.19,0.0003428275485181811
2011-05-30,0.0,516.23,24.58,9.51,435.25,0.00022855169901212077
2011-05-31,0.0,573.65,29.46,10.34,458.7,0.00017141377425909055
2011-06-01,0.0,504.68,29.97,14.73,625.23,0.00028568962376515096
2011-06-02,0.0,527.66,28.75,12.5,534.02,0.0003428275485181811
2011-06-03,0.0,559.66,29.48,11.32,492.66,0.00022855169901212077
2011-06-04,0.0,566.74,31.81,12.91,546.63,0.00017141377425909055
2011-06-05,0.0,557.14,33.65,15.09,635.26,0.00017141377425909055
2011-06-06,0.0,523.69,31.84,15.42,657.62,0.00017141377425909055
2011-06-07,0.0,548.85,29.87,12.28,525.63,0.00022855169901212077
2011-06-08,0.0,510.17,29.56,14.03,594.75,0.00022855169901212077
2011-06-09,0.0,552.29,30.27,12.18,523.77,0.00022855169901212077
2011-06-10,0.0,535.14,31.47,14.22,603.45,0.00017141377425909055
2011-06-11,0.0,523.64,31.26,14.71,627.73,0.00011427584950606039
2011-06-12,0.0,527.3,31.74,14.91,631.44,0.00011427584950606039
2011-06-13,0.0,537.99,31.62,14.14,600.24,0.00011427584950606039
2011-06-14,0.0,553.74,33.87,15.03,636.42,0.00011427584950606039
2011-06-15,0.0,533.96,35.03,17.17,743.77,0.00011427584950606039
2011-06-16,0.0,503.56,33.87,17.68,770.6,0.00011427584950606039
2011-06-17,0.0,480.51,32.68,17.57,764.45,0.00011427584950606039
2011-06-18,0.0,514.1,32.93,16.01,686.95,0.00011427584950606039
2011-06-19,0.0,466.22,31.68,17.01,742.64,0.00011427584950606039
2011-06-20,0.0,500.99,32.11,15.87,685.73,0.00011427584950606039
2011-06-21,0.0,531.01,35.41,17.1,740.3,0.00011427584950606039
2011-06-22,0.0,528.42,37.67,19.07,844.96,0.00011427584950606039
2011-06-23,0.0,500.57,36.78,19.79,887.15,0.00011427584950606039
2011-06-24,0.0,490.86,36.11,19.76,885.75,0.00017141377425909055
2011-06-25,0.0,495.89,36.6,19.93,894.56,0.00017141377425909055
2011-06-26,0.0,493.32,37.16,20.48,925.43,0.00017141377425909055
2011-06-27,0.0,510.95,38.56,20.7,940.73,0.00011427584950606039
2011-06-28,0.0,488.7,38.67,21.85,1011.42,5.713792475303019e-05
2011-06-29,0.0,446.68,37.08,22.5,1065.91,0.0
2011-06-30,0.0,442.13,35.08,21.0,972.61,0.0
2011-07-01,0.0,521.14,36.8,18.55,819.96,0.0
2011-07-02,0.0,507.98,39.77,21.81,1013.93,5.713792475303019e-05
2011-07-03,0.0,461.2,37.74,22.46,1061.02,0.00017141377425909055
2011-07-04,7.87,365.56,36.21,20.77,945.14,0.00022855169901212077
2011-07-05,0.0,445.66,34.57,20.47,931.03,5.713792475303019e-05
2011-07-06,0.0,433.66,33.92,20.46,931.01,5.713792475303019e-05
2011-07-07,0.0,414.08,34.81,22.13,1039.34,5.713792475303019e-05
2011-07-08,0.0,421.96,35.48,22.48,1062.26,0.0
2011-07-09,0.0,448.36,36.14,22.1,1037.73,0.0
2011-07-10,2.55,422.95,34.35,19.81,889.58,0.0
2011-07-11,16.15,339.36,32.4,18.48,813.34,5.713792475303019e-05
2011-07-12,0.0,373.09,31.99,21.27,978.09,5.713792475303019e-05
2011-07-13,0.0,424.84,32.39,19.95,909.08,0.0
2011-07-14,0.0,502.87,32.09,16.44,710.69,5.713792475303019e-05
2011-07-15,0.0,530.32,32.86,15.68,672.28,0.0
2011-07-16,0.0,533.59,35.44,17.69,770.37,5.713792475303019e-05
2011-07-17,0.0,498.93,37.36,21.23,975.71,5.713792475303019e-05
2011-07-18,0.0,469.59,36.85,22.19,1037.87,5.713792475303019e-05
2011-07-19,0.0,463.25,35.97,21.71,1008.66,5.713792475303019e-05
2011-07-20,0.0,445.92,35.7,22.27,1049.17,5.713792475303019e-05
2011-07-21,0.0,449.19,35.36,21.91,1023.18,5.713792475303019e-05
2011-07-22,0.0,432.11,34.99,22.4,1060.33,0.0
2011-07-23,0.0,436.58,34.55,21.94,1033.93,0.0
2011-07-24,0.0,431.82,33.74,21.46,999.62,5.713792475303019e-05
2011-07-25,12.08,346.08,32.12,18.71,834.01,5.713792475303019e-05
2011-07-26,0.0,427.71,32.9,20.98,963.46,5.713792475303019e-05
2011-07-27,0.0,456.38,34.16,21.18,976.64,5.713792475303019e-05
2011-07-28,0.0,474.23,35.24,21.49,997.55,0.0
2011-07-29,0.0,414.59,34.46,23.01,1112.08,0.0
2011-07-30,0.0,451.58,35.1,22.34,1052.6,0.0
2011-07-31,0.0,477.99,35.05,21.35,985.92,0.0
2011-08-01,6.22,372.11,34.39,19.69,909.54,5.713792475303019e-05
2011-08-02,0.0,487.43,36.08,21.94,1023.76,5.713792475303019e-05
2011-08-03,0.0,483.92,36.34,22.33,1058.69,0.00011427584950606039
2011-08-04,0.0,511.65,35.7,20.38,925.92,0.00011427584950606039
2011-08-05,0.0,469.1,35.79,22.36,1056.78,0.00011427584950606039
2011-08-06,0.0,471.44,35.41,21.9,1025.53,0.00011427584950606039
2011-08-07,0.0,449.44,35.28,22.65,1084.05,0.00011427584950606039
2011-08-08,0.0,444.96,34.9,22.5,1075.35,0.00011427584950606039
2011-08-09,0.0,430.28,34.61,22.81,1103.49,0.00011427584950606039
2011-08-10,0.0,402.94,33.75,22.94,1147.89,0.00017141377425909055
2011-08-11,0.0,418.02,33.33,22.06,1066.87,0.00017141377425909055
2011-08-12,0.0,406.53,32.99,22.15,1079.62,0.00017141377425909055
2011-08-13,9.21,361.85,33.5,21.09,1122.36,0.00017141377425909055
2011-08-14,0.0,436.84,34.07,22.06,1161.22,0.00017141377425909055
2011-08-15,0.0,456.85,34.34,21.72,1107.83,0.00017141377425909055
2011-08-16,0.0,487.36,34.99,21.02,1030.82,0.00017141377425909055
2011-08-17,0.0,485.79,36.34,22.32,1110.04,0.00017141377425909055
2011-08-18,0.0,484.62,36.63,22.71,1114.19,0.00017141377425909055
2011-08-19,1.37,480.5,34.15,19.8,933.15,0.00017141377425909055
2011-08-20,0.0,458.11,33.46,20.86,1016.78,0.00011427584950606039
2011-08-21,0.0,488.22,34.95,20.87,991.72,0.00011427584950606039
2011-08-22,0.0,484.76,36.94,22.67,1108.38,0.00011427584950606039
2011-08-23,0.0,502.24,37.75,22.36,1078.13,5.713792475303019e-05
2011-08-24,0.0,493.1,38.23,23.03,1134.78,0.0
2011-08-25,0.0,473.48,37.74,23.49,1183.58,0.0
2011-08-26,0.0,469.84,37.91,23.66,1205.03,0.0
2011-08-27,0.24,486.36,37.64,22.43,1104.84,0.0
2011-08-28,0.0,473.26,37.02,22.45,1119.82,0.0
2011-08-29,0.0,484.6,36.95,21.75,1059.1,0.0
2011-08-30,0.0,490.67,37.36,21.68,1048.35,0.0
2011-08-31,0.0,464.28,37.21,22.78,1149.81,0.0
2011-09-01,0.0,468.02,36.75,22.04,1103.76,0.0
2011-09-02,0.0,426.57,35.28,22.51,1193.87,0.0
2011-09-03,0.0,481.88,35.75,20.52,978.19,0.0
2011-09-04,0.0,479.76,36.28,20.9,1010.0,0.0
2011-09-05,0.0,377.18,34.75,23.63,1400.86,0.0
2011-09-06,0.0,413.13,33.81,21.55,1153.83,0.0
2011-09-07,0.0,432.92,34.63,21.4,1108.63,0.0
2011-09-08,0.0,456.43,34.74,20.37,1008.5,0.0
2011-09-09,0.26,403.42,32.19,20.0,1094.72,0.0
2011-09-10,1.74,423.7,30.18,16.54,873.93,0.0
2011-09-11,8.03,323.7,29.95,16.15,1074.69,0.0
2011-09-12,1.7,366.86,29.97,18.05,1220.97,0.0
2011-09-13,0.0,414.04,29.82,16.95,1051.21,0.0
2011-09-14,3.24,307.85,27.87,15.39,1221.49,0.0
2011-09-15,0.0,375.27,28.07,16.66,1187.18,0.0
2011-09-16,0.0,398.18,28.48,16.15,1091.44,0.0
2011-09-17,0.0,390.05,28.45,16.43,1140.68,0.0
2011-09-18,0.0,458.6,30.4,15.02,893.05,0.0
2011-09-19,0.0,455.36,32.02,16.36,969.47,0.0
2011-09-20,0.0,460.7,32.97,16.66,976.02,0.0
2011-09-21,0.0,475.16,33.6,15.98,912.69,0.0
2011-09-22,0.0,453.01,33.77,17.29,1034.24,0.0
2011-09-23,0.0,452.95,34.25,17.56,1051.75,0.0
2011-09-24,0.0,444.05,33.79,17.47,1064.99,0.0
2011-09-25,0.0,398.19,32.45,18.6,1268.7,0.0
2011-09-26,0.0,439.27,30.94,15.03,944.05,0.0
2011-09-27,0.0,416.92,31.57,16.66,1093.97,0.0
2011-09-28,0.0,420.03,31.76,16.56,1081.15,0.00011427584950606039
2011-09-29,0.0,440.18,32.88,16.21,1010.52,0.0
2011-09-30,0.0,392.15,32.3,18.16,1267.62,0.0
2011-10-01,0.0,347.84,30.8,18.59,1436.23,0.0
2011-10-02,0.0,367.59,30.45,17.51,1310.72,0.0
2011-10-03,0.0,363.02,29.98,17.37,1181.66,0.0
2011-10-04,0.0,346.59,27.75,16.07,1157.07,0.0
2011-10-05,4.16,273.53,23.87,11.05,1001.95,0.0
2011-10-06,5.4,221.72,19.3,9.71,1098.92,0.0
2011-10-07,0.0,344.91,17.23,6.05,733.43,0.0
2011-10-08,0.0,401.45,19.59,5.58,635.11,0.0
2011-10-09,0.0,396.71,22.24,8.07,721.37,0.0
2011-10-10,0.0,409.98,24.38,9.39,598.89,0.0
2011-10-11,0.0,422.49,26.52,10.33,605.1,0.0
2011-10-12,0.0,414.88,29.11,12.74,710.86,0.0
2011-10-13,0.0,410.58,30.65,14.17,776.07,0.0
2011-10-14,0.0,416.06,30.96,13.65,743.91,0.0
2011-10-15,0.0,414.0,31.66,13.93,762.97,0.0
2011-10-16,0.0,397.7,30.72,13.95,798.18,0.0
2011-10-17,0.0,389.51,29.84,13.43,790.59,0.0
2011-10-18,0.0,372.05,29.8,14.2,873.31,0.0
2011-10-19,0.0,371.05,29.5,13.93,864.68,0.0
2011-10-20,0.0,374.59,28.01,12.24,779.43,0.0
2011-10-21,0.0,365.23,27.72,12.41,808.61,0.0
2011-10-22,0.0,360.37,28.63,13.47,874.88,0.0
2011-10-23,0.0,376.25,29.39,12.92,809.43,0.0
2011-10-24,0.0,354.03,28.33,13.54,732.46,0.0
2011-10-25,0.0,288.07,25.76,14.48,916.13,0.0
2011-10-26,1.83,295.51,22.75,11.29,750.13,0.0
2011-10-27,0.54,310.9,19.39,6.92,582.51,0.0
2011-10-28,0.0,357.92,22.62,7.76,534.22,0.0
2011-10-29,0.0,343.54,24.46,10.24,642.43,0.0
2011-10-30,0.0,364.92,25.68,9.73,587.1,0.0
2011-10-31,0.0,338.44,26.12,11.77,639.44,0.0
2011-11-01,0.0,351.05,24.76,9.38,544.42,0.0
2011-11-02,0.0,336.76,21.26,6.99,480.32,0.0
2011-11-03,0.0,341.9,21.03,6.13,458.49,0.0
2011-11-04,0.0,310.33,21.04,7.88,554.95,0.0
2011-11-05,23.08,240.11,17.85,3.63,525.61,0.0
2011-11-06,0.0,255.0,11.43,1.08,612.45,0.0
2011-11-07,9.72,148.35,10.63,2.68,743.58,0.0
2011-11-08,7.64,197.63,11.47,0.55,639.62,0.00011427584950606039
2011-11-09,0.0,293.51,15.12,2.49,683.2,0.00017141377425909055
2011-11-10,0.0,270.41,17.02,5.42,839.37,0.00011427584950606039
2011-11-11,0.0,230.0,16.4,6.75,942.22,0.00011427584950606039
2011-11-12,0.0,257.12,17.01,6.29,875.93,0.00017141377425909055
2011-11-13,5.51,142.36,15.53,7.73,1054.0,0.00028568962376515096
2011-11-14,0.0,267.28,16.07,5.09,826.14,0.00039996547327121135
2011-11-15,0.0,275.14,16.19,4.82,798.81,0.00039996547327121135
2011-11-16,0.0,290.27,17.41,5.1,795.67,0.0005142413227772717
2011-11-17,0.0,296.99,19.27,6.35,851.71,0.0005142413227772717
2011-11-18,0.0,290.37,18.07,5.53,810.06,0.0005142413227772717
2011-11-19,0.0,257.88,16.8,6.1,876.34,0.0005142413227772717
2011-11-20,0.0,244.41,16.26,6.29,899.13,0.00022855169901212077
2011-11-21,2.0,213.13,14.64,6.27,929.54,0.00028568962376515096
2011-11-22,0.0,313.53,17.57,3.71,716.02,0.0005142413227772717
2011-11-23,0.0,299.52,20.26,7.07,900.28,0.00011427584950606039
2011-11-24,0.0,289.22,18.29,5.69,831.34,0.00011427584950606039
2011-11-25,0.09,218.18,15.39,6.87,990.73,0.00011427584950606039
2011-11-26,0.0,294.28,17.87,4.8,780.24,0.00011427584950606039
2011-11-27,0.0,312.55,19.19,4.58,753.17,5.713792475303019e-05
2011-11-28,0.0,326.81,20.43,4.07,712.44,5.713792475303019e-05
2011-11-29,0.0,313.5,19.94,4.9,769.39,5.713792475303019e-05
2011-11-30,0.0,312.68,19.69,4.59,752.26,5.713792475303019e-05
2011-12-01,0.12,254.32,14.94,4.13,783.27,0.0
2011-12-02,4.32,164.37,9.65,2.04,709.8,0.0
2011-12-03,8.02,109.71,7.14,1.85,704.79,0.0
2011-12-04,4.74,170.47,7.36,-1.18,564.91,0.0
2011-12-05,1.71,200.14,6.25,-1.94,535.81,0.0
2011-12-06,0.0,292.73,7.6,-4.33,446.76,0.0
2011-12-07,0.0,303.42,10.95,-2.27,519.1,0.0
2011-12-08,0.0,310.81,12.63,-1.61,536.22,0.0
2011-12-09,0.0,310.32,14.21,-0.39,580.58,0.0
2011-12-10,0.0,289.59,14.85,1.84,681.15,0.0
2011-12-11,0.0,284.18,14.41,1.72,661.03,5.713792475303019e-05
2011-12-12,4.47,169.27,11.54,4.48,843.77,0.0
2011-12-13,29.71,87.89,7.73,3.49,790.09,0.00045710339802424154
2011-12-14,16.69,149.83,9.54,1.83,702.36,0.25140686891333286
2011-12-15,0.0,272.97,10.8,-0.65,582.9,0.19998273663560567
2011-12-16,0.0,242.27,12.8,2.98,761.31,0.050281373782666575
2011-12-17,0.0,216.14,14.18,5.54,905.73,0.029140341624045395
2011-12-18,5.35,138.77,11.76,4.69,855.93,0.029711720871575698
2011-12-19,5.93,104.53,8.54,3.49,790.01,0.048567236040075665
2011-12-20,0.0,188.63,10.69,3.91,812.24,0.06285171722833321
2011-12-21,0.0,257.11,11.34,1.2,668.07,0.054281028515378686
2011-12-22,0.0,258.06,8.95,-0.95,578.45,0.040567926574651435
2011-12-23,0.0,264.81,8.45,-1.77,540.81,0.03256861710922721
2011-12-24,0.0,300.4,10.8,-1.95,532.15,0.027426203881454492
2011-12-25,0.0,316.12,13.16,-1.48,550.66,0.023997928396272683
2011-12-26,0.0,308.69,13.85,-0.1,607.46,0.021141032158621172
2011-12-27,0.0,319.09,15.16,-0.11,604.69,0.019426894416030266
2011-12-28,0.0,323.57,16.93,0.84,644.62,0.01771275667343936
2011-12-29,0.0,322.1,18.25,2.14,720.25,0.015998618930848453
2011-12-30,0.0,319.86,19.8,3.71,800.17,0.015998618930848453
2011-12-31,0.0,315.12,19.56,4.0,812.5,0.014855860435787849
2012-01-01,0.0,305.69,21.03,3.96,800.09,0.013713101940727246
2012-01-02,0.0,266.82,20.23,6.75,982.61,0.013141722693196944
2012-01-03,0.0,281.39,19.86,5.41,895.95,0.011998964198136342
2012-01-04,0.0,294.26,19.77,4.29,823.14,0.011998964198136342
2012-01-05,0.0,300.68,20.32,4.27,820.52,0.011998964198136342
2012-01-06,0.0,292.3,18.54,3.6,785.86,0.011998964198136342
2012-01-07,0.0,282.51,16.54,2.67,740.75,0.011998964198136342
2012-01-08,0.0,248.4,13.3,1.95,705.69,0.011427584950606038
2012-01-09,0.0,250.43,13.78,2.46,735.76,0.011427584950606038
2012-01-10,0.0,298.61,15.97,1.17,655.01,0.011427584950606038
2012-01-11,0.0,276.79,14.45,1.56,677.1,0.011998964198136342
2012-01-12,0.0,251.89,12.96,1.69,684.44,0.011998964198136342
2012-01-13,0.0,303.32,15.31,0.57,628.74,0.011427584950606038
2012-01-14,0.0,297.76,16.41,2.12,697.15,0.011427584950606038
2012-01-15,0.0,188.25,13.31,5.39,899.06,0.011427584950606038
2012-01-16,2.95,118.18,11.27,5.5,909.6,0.011998964198136342
2012-01-17,0.0,272.45,13.49,1.25,660.69,0.011998964198136342
2012-01-18,0.0,304.96,15.05,0.77,629.28,0.011427584950606038
2012-01-19,0.0,317.43,17.42,2.08,701.85,0.011998964198136342
2012-01-20,0.0,320.36,16.79,1.43,654.62,0.011998964198136342
2012-01-21,0.0,283.22,15.32,2.77,734.54,0.011998964198136342
2012-01-22,0.0,304.22,13.5,-0.09,598.13,0.011427584950606038
2012-01-23,0.0,287.48,12.66,0.34,618.82,0.011427584950606038
2012-01-24,0.0,259.57,12.7,1.88,691.21,0.011998964198136342
2012-01-25,0.0,302.84,15.7,2.47,721.69,0.010856205703075735
2012-01-26,0.0,340.63,18.83,2.54,705.12,0.010856205703075735
2012-01-27,0.0,312.02,16.95,3.07,734.65,0.010856205703075735
2012-01-28,0.0,298.76,17.61,4.8,845.43,0.010284826455545435
2012-01-29,0.0,334.43,18.86,3.64,759.9,0.010284826455545435
2012-01-30,0.0,336.53,18.04,2.91,720.73,0.009713447208015133
2012-01-31,0.0,321.19,17.69,3.91,779.74,0.008570688712954529
2012-02-01,0.0,332.1,17.14,2.83,717.82,0.008570688712954529
2012-02-02,0.0,331.18,14.77,0.91,628.93,0.008570688712954529
2012-02-03,0.0,329.77,13.23,-0.21,584.02,0.007999309465424227
2012-02-04,0.0,330.01,14.74,1.43,655.23,0.007999309465424227
2012-02-05,0.0,343.58,15.35,1.25,637.3,0.007999309465424227
2012-02-06,0.0,337.01,15.04,1.53,647.63,0.007427930217893924
2012-02-07,0.0,332.16,16.4,3.25,743.19,0.007427930217893924
2012-02-08,0.0,288.95,17.58,6.68,951.88,0.007427930217893924
2012-02-09,0.0,348.86,19.4,5.25,814.73,0.007427930217893924
2012-02-10,0.0,366.87,19.95,4.72,705.4,0.006856550970363623
2012-02-11,0.0,364.76,19.97,4.97,696.18,0.006856550970363623
2012-02-12,0.0,311.59,16.68,5.12,771.07,0.006856550970363623
2012-02-13,0.0,284.42,13.07,3.13,713.0,0.007427930217893924
2012-02-14,0.95,221.02,10.86,3.19,762.26,0.007427930217893924
2012-02-15,4.14,259.29,10.48,-1.06,565.8,0.007427930217893924
2012-02-16,0.0,348.01,13.66,1.08,590.06,0.007427930217893924
2012-02-17,0.0,363.04,14.85,1.55,590.2,0.007427930217893924
2012-02-18,0.0,394.69,15.63,0.48,521.1,0.006856550970363623
2012-02-19,0.0,324.85,13.36,2.07,633.32,0.006856550970363623
2012-02-20,0.0,393.95,14.88,0.24,517.99,0.006856550970363623
2012-02-21,0.0,420.43,17.96,1.19,516.26,0.006856550970363623
2012-02-22,0.0,419.13,19.4,2.67,561.52,0.006856550970363623
2012-02-23,0.0,411.62,20.07,3.88,612.49,0.006285171722833322
2012-02-24,0.0,404.88,20.41,4.81,656.06,0.006285171722833322
2012-02-25,0.0,411.84,19.91,4.08,619.64,0.006285171722833322
2012-02-26,0.0,406.56,19.77,4.36,634.97,0.006285171722833322
2012-02-27,0.0,385.54,19.23,5.29,699.81,0.006285171722833322
2012-02-28,0.0,376.49,15.1,2.1,589.9,0.006285171722833322
2012-02-29,0.0,416.36,14.34,-0.6,468.58,0.006285171722833322
2012-03-01,0.0,394.77,14.75,1.07,535.27,0.006285171722833322
2012-03-02,0.0,351.11,13.69,2.26,617.72,0.005713792475303019
2012-03-03,0.0,453.25,16.83,-0.25,441.82,0.005370964926784838
2012-03-04,0.0,457.61,21.7,3.83,550.84,0.005542378701043928
2012-03-05,0.0,444.02,22.89,6.08,647.13,0.005599516625796959
2012-03-06,0.0,421.8,21.74,6.47,692.02,0.005428102851537868
2012-03-07,0.0,426.62,17.93,2.92,560.09,0.004742447754501505
2012-03-08,0.0,447.39,15.48,-0.58,437.1,0.004456758130736355
2012-03-09,0.0,394.11,16.83,3.6,614.55,0.004285344356477264
2012-03-10,0.0,402.79,16.46,3.06,589.07,0.0042282064317242345
2012-03-11,0.0,430.04,18.25,3.47,571.3,0.004285344356477264
2012-03-12,0.0,457.99,21.26,4.65,573.92,0.0042282064317242345
2012-03-13,0.0,470.64,22.36,4.65,554.73,0.0038853788832060535
2012-03-14,0.0,472.36,22.33,4.45,544.07,0.0035996892594409025
2012-03-15,0.0,473.66,23.75,6.06,420.94,0.003485413409934842
2012-03-16,0.0,468.11,23.52,6.43,344.65,0.0034282754851818116
2012-03-17,0.0,427.19,22.02,7.35,369.01,0.0034282754851818116
2012-03-18,18.38,356.0,17.72,0.38,222.03,0.007427930217893924
2012-03-19,14.4,218.14,8.06,-0.61,445.98,0.005713792475303019
2012-03-20,0.18,437.68,11.92,-2.61,215.65,0.003999654732712113
2012-03-21,0.0,476.38,18.37,1.7,258.92,0.0036568271841939323
2012-03-22,0.0,482.84,22.38,5.22,334.07,0.0032568617109227206
2012-03-23,0.0,461.14,23.06,7.26,393.99,0.0028568962376515094
2012-03-24,0.0,478.99,24.18,7.39,388.25,0.002628344538639389
2012-03-25,0.0,432.48,23.03,8.78,459.25,0.0023426549148742376
2012-03-26,0.0,420.98,20.38,7.05,410.01,0.0023426549148742376
2012-03-27,0.0,485.12,22.19,5.64,341.24,0.0023426549148742376
2012-03-28,0.0,480.47,23.54,7.15,383.96,0.0022283790653681774
2012-03-29,0.0,471.23,23.87,7.9,408.02,0.002171241140615147
2012-03-30,0.0,482.63,25.16,8.55,420.44,0.0019426894416030268
2012-03-31,0.0,475.87,26.26,10.09,464.47,0.0018855515168499965
2012-04-01,0.0,460.93,23.62,8.43,423.12,0.0018284135920969662
2012-04-02,0.0,393.75,16.59,4.78,363.38,0.0017712756673439359
2012-04-03,0.0,491.64,19.9,3.61,298.26,0.0017712756673439359
2012-04-04,0.0,493.48,22.4,5.99,342.82,0.0017141377425909058
2012-04-05,0.0,478.65,23.81,8.12,406.26,0.0015998618930848454
2012-04-06,0.0,484.72,22.96,7.1,377.72,0.001485586043578785
2012-04-07,0.0,518.56,25.06,7.16,367.01,0.0014284481188257547
2012-04-08,0.0,512.93,26.69,8.96,419.51,0.0015427239683318155
2012-04-09,0.0,500.3,27.94,10.83,482.93,0.0014284481188257547
2012-04-10,0.0,495.76,27.38,10.6,474.07,0.0013141722693196945
2012-04-11,0.0,441.41,23.4,9.61,466.98,0.0013713101940727244
2012-04-12,0.0,337.06,18.06,8.54,507.02,0.0014284481188257547
2012-04-13,0.0,423.49,18.83,6.47,377.83,0.0014284481188257547
2012-04-14,7.84,325.51,16.1,3.3,378.93,0.0018284135920969662
2012-04-15,0.0,420.3,16.62,4.71,376.64,0.0017141377425909058
2012-04-16,0.0,517.87,22.22,5.74,340.23,0.0015427239683318155
2012-04-17,0.0,518.22,25.8,9.14,431.25,0.0014284481188257547
2012-04-18,0.0,524.11,27.24,9.89,452.4,0.0011998964198136342
2012-04-19,0.0,511.01,27.89,11.24,505.35,0.0010284826455545435
2012-04-20,0.0,507.33,29.71,13.25,570.19,0.0007999309465424227
2012-04-21,0.0,526.99,31.81,14.04,597.53,0.0005713792475303019
2012-04-22,0.0,527.95,33.22,15.16,645.02,0.00045710339802424154
2012-04-23,0.0,529.26,32.73,14.62,626.07,0.0003428275485181811
2012-04-24,0.0,513.94,30.13,13.2,572.18,0.00017141377425909055
2012-04-25,0.0,496.79,29.36,13.44,580.44,0.00011427584950606039
2012-04-26,5.8,343.45,25.17,11.21,596.17,0.00045710339802424154
2012-04-27,0.0,501.17,23.41,7.83,403.88,0.0007999309465424227
2012-04-28,0.0,494.51,26.26,10.88,500.98,0.0006285171722833321
2012-04-29,0.0,489.09,26.92,11.83,539.63,0.00045710339802424154
2012-04-30,0.0,498.91,27.71,12.11,544.78,0.00028568962376515096
2012-05-01,0.0,467.52,26.88,12.77,592.75,0.00017141377425909055
2012-05-02,0.0,462.6,26.63,12.75,591.03,0.00017141377425909055
2012-05-03,0.0,502.51,27.6,11.86,540.8,0.00011427584950606039
2012-05-04,0.0,508.9,28.19,12.12,541.92,0.00011427584950606039
2012-05-05,0.0,507.93,28.05,12.13,540.16,5.713792475303019e-05
2012-05-06,0.0,502.66,27.32,11.73,529.1,5.713792475303019e-05
2012-05-07,0.0,488.76,26.42,11.65,532.95,5.713792475303019e-05
2012-05-08,0.0,548.78,27.01,8.89,427.83,5.713792475303019e-05
2012-05-09,0.0,486.95,27.16,12.5,562.99,5.713792475303019e-05
2012-05-10,0.48,526.51,27.74,10.54,478.14,5.713792475303019e-05
2012-05-11,0.0,505.58,29.19,13.5,589.32,5.713792475303019e-05
2012-05-12,0.0,536.02,30.36,12.71,548.43,5.713792475303019e-05
2012-05-13,0.0,535.51,32.1,14.13,606.74,5.713792475303019e-05
2012-05-14,0.0,494.11,32.14,16.28,723.33,5.713792475303019e-05
2012-05-15,0.0,483.25,32.76,17.33,774.76,0.00011427584950606039
2012-05-16,0.0,477.71,32.58,17.57,771.67,0.00011427584950606039
2012-05-17,0.0,526.77,32.65,15.03,643.06,0.00011427584950606039
2012-05-18,0.0,456.52,30.66,16.69,743.37,0.00011427584950606039
2012-05-19,0.0,532.01,29.81,12.35,532.73,0.00017141377425909055
2012-05-20,0.0,543.07,32.93,14.42,614.89,0.00011427584950606039
2012-05-21,0.0,538.01,34.87,16.42,706.14,0.00011427584950606039
2012-05-22,0.0,536.47,34.71,16.34,700.23,0.00011427584950606039
2012-05-23,0.0,528.27,33.1,15.44,662.26,0.00011427584950606039
2012-05-24,0.0,458.01,30.65,16.72,735.68,0.00011427584950606039
2012-05-25,0.0,425.67,28.67,16.19,727.25,0.00011427584950606039
2012-05-26,0.0,462.28,25.32,11.68,526.75,0.00011427584950606039
2012-05-27,0.0,539.71,24.33,6.9,365.35,0.00011427584950606039
2012-05-28,0.0,549.03,28.31,10.0,448.2,0.00011427584950606039
2012-05-29,0.0,545.7,30.53,12.13,522.54,0.00011427584950606039
2012-05-30,0.0,546.41,31.86,13.18,562.69,0.00011427584950606039
2012-05-31,0.0,563.35,35.72,15.14,644.65,0.00011427584950606039
2012-06-01,0.0,523.24,37.58,19.28,854.05,5.713792475303019e-05
2012-06-02,0.0,518.47,36.07,18.23,801.29,0.00011427584950606039
2012-06-03,0.0,525.47,34.42,16.32,698.92,5.713792475303019e-05
2012-06-04,0.0,501.18,32.52,15.91,684.55,5.713792475303019e-05
2012-06-05,0.0,470.71,31.43,16.43,716.19,5.713792475303019e-05
2012-06-06,0.0,533.56,32.2,13.79,588.08,5.713792475303019e-05
2012-06-07,0.0,523.5,32.85,14.88,634.67,5.713792475303019e-05
2012-06-08,0.0,520.97,33.35,15.47,662.57,5.713792475303019e-05
2012-06-09,0.0,500.2,32.87,16.15,695.29,5.713792475303019e-05
2012-06-10,0.0,498.54,32.15,15.6,674.94,0.0
2012-06-11,0.0,506.81,33.44,16.29,699.47,0.0
2012-06-12,0.0,522.98,34.98,16.8,726.87,0.0
2012-06-13,0.0,515.32,34.58,16.83,729.09,0.0
2012-06-14,0.0,499.72,33.79,16.96,739.87,0.0
2012-06-15,0.0,478.22,33.22,17.49,767.53,0.0
2012-06-16,0.0,514.51,34.6,16.86,731.35,0.0
2012-06-17,0.0,501.34,36.46,19.14,852.03,0.0
2012-06-18,0.0,493.77,36.95,19.97,897.11,0.0
2012-06-19,0.0,509.09,36.01,18.16,793.27,0.0
2012-06-20,0.0,528.87,36.41,17.52,762.88,0.0
2012-06-21,0.0,522.46,36.6,17.98,785.52,0.0
2012-06-22,0.0,493.7,36.26,19.38,864.34,0.0
2012-06-23,0.0,498.2,36.16,18.99,841.51,0.0
2012-06-24,0.0,438.25,35.66,21.33,986.65,0.0
2012-06-25,0.0,416.5,35.3,21.9,1025.51,0.0
2012-06-26,0.0,445.17,36.34,21.72,1013.67,0.0
2012-06-27,0.0,451.95,37.49,22.52,1066.7,0.0
2012-06-28,0.0,455.02,37.37,22.3,1045.02,0.0
2012-06-29,0.0,446.48,37.3,22.74,1080.39,0.0
2012-06-30,0.0,456.27,37.02,22.19,1040.25,0.0
2012-07-01,0.0,467.08,36.76,21.52,998.39,0.0
2012-07-02,0.0,455.58,36.32,21.71,1007.99,0.0
2012-07-03,0.0,380.83,34.44,23.03,1105.27,0.0
2012-07-04,0.01,381.56,30.14,19.08,855.65,0.0
2012-07-05,0.0,436.67,30.84,17.75,780.15,0.0
2012-07-06,0.0,443.76,33.51,20.09,910.46,0.0
2012-07-07,0.0,495.61,35.9,19.99,904.49,0.0
2012-07-08,0.0,452.25,36.31,22.39,1054.73,0.0
2012-07-09,0.0,457.3,37.34,23.15,1109.65,0.0
2012-07-10,0.0,474.8,37.19,22.28,1048.14,0.0
2012-07-11,0.0,442.41,36.47,23.11,1109.27,0.0
2012-07-12,4.12,367.37,34.71,21.35,984.65,0.0
2012-07-13,0.0,404.61,32.62,21.24,980.8,0.0
2012-07-14,6.07,290.58,30.08,19.52,874.97,0.0
2012-07-15,5.57,350.64,31.52,18.0,789.96,0.0
2012-07-16,0.0,467.3,32.29,18.88,837.87,0.0
2012-07-17,0.0,453.73,32.6,19.82,896.58,0.0
2012-07-18,0.0,524.91,34.57,18.38,811.48,0.0
2012-07-19,0.0,476.75,35.5,21.61,1004.83,0.0
2012-07-20,0.0,494.54,36.03,21.36,989.05,0.0
2012-07-21,2.96,448.88,34.28,20.14,909.22,0.0
2012-07-22,12.19,368.28,33.94,19.77,888.55,0.0
2012-07-23,0.12,471.35,33.59,20.41,929.05,0.0
2012-07-24,14.82,350.83,31.87,19.77,963.66,0.0
2012-07-25,0.0,440.25,32.35,20.48,979.38,0.0
2012-07-26,0.0,482.82,34.67,21.01,971.13,0.0
2012-07-27,0.0,455.37,35.06,22.54,1079.08,0.0
2012-07-28,0.0,428.24,33.9,22.47,1103.5,0.0
2012-07-29,8.85,344.17,32.57,19.92,1053.41,0.0
2012-07-30,7.68,322.24,31.48,19.84,1228.19,0.0
2012-07-31,0.0,436.91,32.1,20.49,1119.27,0.0
2012-08-01,0.0,460.62,32.44,20.04,1050.16,0.0
2012-08-02,0.0,492.75,33.8,19.92,992.84,0.0
2012-08-03,0.0,493.95,34.84,20.65,1041.34,0.0
2012-08-04,0.0,508.0,35.8,20.77,1027.35,0.0
2012-08-05,0.0,454.91,35.02,22.28,1220.37,0.0
2012-08-06,0.0,500.38,36.42,21.66,1096.47,0.0
2012-08-07,0.0,484.81,37.29,22.99,1223.07,0.0
2012-08-08,0.0,500.19,38.46,23.27,1211.91,0.0
2012-08-09,3.78,440.49,38.31,23.11,1266.36,0.0
2012-08-10,0.0,489.41,38.02,23.21,1256.64,0.0
2012-08-11,0.0,482.0,37.76,23.26,1276.31,0.0
2012-08-12,0.0,480.1,38.51,23.85,1318.74,0.0
2012-08-13,0.0,490.43,38.66,23.35,1260.03,0.0
2012-08-14,0.31,492.23,37.63,22.33,1182.96,0.0
2012-08-15,0.0,480.43,36.0,21.37,1154.49,0.0
2012-08-16,0.71,347.88,31.48,21.38,1474.03,0.0
2012-08-17,5.47,299.02,30.26,18.94,1429.83,1.1884688348630281
2012-08-18,0.0,373.11,30.73,20.56,1432.43,0.0051424132277727175
2012-08-19,0.0,442.39,33.3,20.65,1246.92,0.04342482281230294
2012-08-20,0.46,407.16,33.94,22.02,1449.52,0.005713792475303019
2012-08-21,0.0,406.87,33.08,21.71,1437.36,0.005713792475303019
2012-08-22,12.06,306.75,30.26,18.66,1464.71,0.025140686891333287
2012-08-23,21.04,284.23,27.82,17.35,1601.55,0.5542378701043928
2012-08-24,4.73,338.63,29.49,18.76,1844.62,0.08570688712954529
2012-08-25,1.0,416.2,31.84,19.34,1705.12,0.04342482281230294
2012-08-26,0.21,425.83,32.95,20.03,1758.46,0.027997583128984798
2012-08-27,0.0,419.52,34.46,21.58,1946.13,0.014284481188257548
2012-08-28,0.0,421.47,34.91,21.79,1956.74,0.011427584950606038
2012-08-29,0.0,440.97,34.55,20.61,1788.32,0.009713447208015133
2012-08-30,0.0,420.04,33.41,20.43,1827.57,0.007999309465424227
2012-08-31,0.0,384.32,32.59,20.99,2008.09,0.011427584950606038
2012-09-01,0.0,394.09,33.49,21.41,2025.25,0.010856205703075735
2012-09-02,0.0,389.51,34.35,22.28,2146.38,0.010284826455545435
2012-09-03,0.21,392.53,33.42,21.41,2029.04,0.006856550970363623
2012-09-04,3.73,315.39,32.22,19.43,2029.24,0.22855169901212077
2012-09-05,0.0,408.6,32.05,19.59,1831.81,0.030854479366636305
2012-09-06,0.67,365.88,32.16,20.87,2085.48,0.0027997583128984795
2012-09-07,15.31,257.13,28.95,18.92,2121.56,0.25140686891333286
2012-09-08,0.08,319.44,28.08,19.14,2126.62,0.07999309465424226
2012-09-09,0.0,294.31,27.04,19.03,2150.9,0.025140686891333287
2012-09-10,0.0,393.65,28.75,17.49,1782.31,0.011427584950606038
2012-09-11,7.27,252.93,26.16,16.85,1907.27,0.0031997237861696908
2012-09-12,0.0,378.84,26.87,16.45,1753.57,0.0018855515168499965
2012-09-13,0.0,442.04,30.05,16.68,1636.21,0.0005713792475303019
2012-09-14,0.0,427.0,29.37,16.63,1655.75,0.0005713792475303019
2012-09-15,0.0,455.72,29.54,15.3,1487.57,0.0005713792475303019
2012-09-16,0.0,473.78,30.54,14.81,1412.36,0.0005713792475303019
2012-09-17,0.0,453.27,30.12,15.35,1492.49,0.0005713792475303019
2012-09-18,0.0,460.82,31.75,16.03,1544.56,0.00039996547327121135
2012-09-19,0.0,458.12,32.96,16.82,1622.27,0.0005713792475303019
2012-09-20,0.0,455.44,33.22,16.74,1610.08,0.0005713792475303019
2012-09-21,0.0,449.29,33.54,17.17,1668.9,0.0005713792475303019
2012-09-22,0.0,435.5,34.15,18.19,1807.74,0.0005713792475303019
2012-09-23,0.0,410.54,33.13,18.5,1895.32,0.0005713792475303019
2012-09-24,0.0,396.69,31.63,17.83,1849.08,0.0005713792475303019
2012-09-25,0.0,401.15,30.12,16.25,1682.21,0.0005713792475303019
2012-09-26,0.0,422.04,29.37,14.46,1480.97,0.0005713792475303019
2012-09-27,0.0,413.94,29.58,14.92,1537.9,0.0005713792475303019
2012-09-28,0.0,411.75,29.83,15.06,1553.39,0.0005713792475303019
2012-09-29,0.0,401.04,29.71,15.31,1590.85,0.0005713792475303019
2012-09-30,0.0,434.66,31.74,14.68,1483.29,0.0005713792475303019
2012-10-01,0.0,420.69,32.59,15.95,1625.28,0.0005713792475303019
2012-10-02,0.0,423.84,32.77,15.53,1575.41,0.0005713792475303019
2012-10-03,0.0,412.33,31.86,15.27,1569.13,0.0005713792475303019
2012-10-04,0.0,392.7,30.45,15.1,1591.55,0.0005713792475303019
2012-10-05,0.0,395.21,28.86,13.5,1443.3,0.0005713792475303019
2012-10-06,0.0,357.67,27.52,14.14,1550.32,0.0005713792475303019
2012-10-07,0.0,368.77,28.07,13.87,1525.96,0.0005713792475303019
2012-10-08,0.0,382.02,27.98,12.8,1412.55,0.0005713792475303019
2012-10-09,0.0,362.04,27.75,13.37,1483.82,0.0005713792475303019
2012-10-10,0.0,357.03,27.45,13.2,1477.95,0.0005713792475303019
2012-10-11,0.2,331.22,26.1,12.9,1461.67,0.0005713792475303019
2012-10-12,7.19,241.48,22.04,9.69,1227.59,0.12570343445666643
2012-10-13,0.0,370.48,21.72,6.93,995.31,0.01885551516849996
2012-10-14,0.0,371.84,26.32,10.63,1224.47,0.011998964198136342
2012-10-15,0.0,357.59,28.41,13.04,1441.55,0.007427930217893924
2012-10-16,0.0,385.66,28.39,10.99,1233.23,0.005028137378266657
2012-10-17,0.0,362.22,28.11,12.11,1350.94,0.0014284481188257547
2012-10-18,0.0,353.61,26.94,11.52,1318.66,0.0005713792475303019
2012-10-19,0.0,370.93,28.58,11.56,1300.04,0.00028568962376515096
2012-10-20,0.0,343.17,27.33,12.12,1365.22,0.00022855169901212077
2012-10-21,0.0,309.23,25.38,12.36,1399.15,0.00017141377425909055
2012-10-22,0.0,306.64,23.99,11.23,1311.68,0.00017141377425909055
2012-10-23,0.0,291.51,23.41,11.45,1306.08,0.00017141377425909055
2012-10-24,0.0,315.28,22.49,9.41,1132.47,0.00011427584950606039
2012-10-25,0.0,368.43,23.57,6.87,895.79,0.00011427584950606039
2012-10-26,0.0,314.91,22.16,8.79,1084.05,0.0003428275485181811
2012-10-27,0.0,340.04,24.5,9.3,1085.95,0.00028568962376515096
2012-10-28,0.0,353.12,25.9,9.48,1030.05,0.00039996547327121135
2012-10-29,0.0,355.1,26.59,9.73,997.31,0.00011427584950606039
2012-10-30,0.0,351.91,26.39,9.59,994.11,0.00011427584950606039
2012-10-31,0.0,349.83,26.22,9.38,985.0,0.00011427584950606039
2012-11-01,0.0,360.98,25.79,7.91,885.35,0.00011427584950606039
2012-11-02,0.0,317.68,24.81,9.88,1073.51,0.00011427584950606039
2012-11-03,0.0,320.47,24.63,9.58,1055.52,0.00011427584950606039
2012-11-04,0.0,326.47,25.92,10.14,1079.08,0.00011427584950606039
2012-11-05,0.0,326.29,26.92,10.71,1117.84,0.00011427584950606039
2012-11-06,0.0,329.29,27.22,10.52,1096.67,0.00011427584950606039
2012-11-07,0.0,322.42,26.6,10.31,1097.85,0.00011427584950606039
2012-11-08,0.0,293.21,24.35,10.17,1127.82,0.0005713792475303019
2012-11-09,7.67,164.45,19.52,10.13,1253.9,0.0005713792475303019
2012-11-10,17.08,204.35,15.08,2.74,757.14,0.0006285171722833321
2012-11-11,5.19,233.8,10.86,-1.79,546.82,0.0006856550970363622
2012-11-12,0.0,307.68,16.19,1.77,694.43,0.0009142067960484831
2012-11-13,0.0,313.15,19.19,3.93,808.13,0.0005142413227772717
2012-11-14,0.0,308.36,21.01,5.67,909.95,0.00045710339802424154
2012-11-15,0.0,273.28,19.64,6.69,981.47,0.0005142413227772717
2012-11-16,0.0,276.08,20.21,6.96,995.97,0.00045710339802424154
2012-11-17,0.0,257.88,19.63,7.37,1026.41,0.0005713792475303019
2012-11-18,0.0,254.4,19.41,7.55,1046.83,0.0006856550970363622
2012-11-19,0.0,286.62,20.55,6.39,958.21,0.0009142067960484831
2012-11-20,0.0,285.19,21.66,7.35,1017.94,0.0010284826455545435
2012-11-21,0.0,271.42,22.0,8.5,1086.41,0.00297117208715757
2012-11-22,0.0,309.72,22.54,5.95,784.63,0.0022283790653681774
2012-11-23,0.0,303.95,23.26,6.96,806.16,0.0014284481188257547
2012-11-24,0.0,283.94,23.17,8.45,919.0,0.0014284481188257547
2012-11-25,0.0,284.04,22.0,7.25,854.06,0.0013141722693196945
2012-11-26,0.0,287.0,21.19,6.19,795.88,0.0011998964198136342
2012-11-27,0.0,288.0,21.65,6.46,808.6,0.0011427584950606039
2012-11-28,0.0,265.84,21.32,7.73,911.55,0.0011998964198136342
2012-11-29,0.0,277.05,20.18,5.9,798.4,0.0013713101940727244
2012-11-30,0.0,270.09,19.49,5.77,804.9,0.0016569998178378755
2012-12-01,0.0,269.89,20.13,6.42,841.64,0.0018855515168499965
2012-12-02,0.0,263.11,19.35,6.11,835.56,0.0018855515168499965
2012-12-03,0.0,247.84,18.78,6.61,887.46,0.001485586043578785
2012-12-04,0.0,271.57,20.89,6.97,835.73,0.0015998618930848454
2012-12-05,0.0,281.83,22.53,7.6,848.88,0.0016569998178378755
2012-12-06,0.0,264.75,20.24,6.82,838.21,0.002171241140615147
2012-12-07,0.0,267.88,18.47,5.26,629.0,0.0023426549148742376
2012-12-08,0.0,267.86,17.49,4.18,587.96,0.0023997928396272683
2012-12-09,0.0,288.3,15.96,1.17,461.03,0.0025712066138863588
2012-12-10,0.0,277.5,14.68,0.72,463.86,0.0028568962376515094
2012-12-11,0.0,292.44,14.39,-0.78,362.24,0.002628344538639389
2012-12-12,0.0,284.19,16.04,1.38,423.28,0.003942516807959083
2012-12-13,0.0,264.03,15.4,2.26,478.82,0.010856205703075735
2012-12-14,25.91,129.03,12.08,4.14,743.08,0.016569998178378755
2012-12-15,24.33,66.67,7.25,3.52,792.33,0.16569998178378756
2012-12-16,13.7,125.86,8.73,1.36,680.06,0.42282064317242346
2012-12-17,0.0,224.74,10.43,0.33,629.25,0.034282754851818115
2012-12-18,0.0,216.72,11.46,1.7,689.02,0.017141377425909057
2012-12-19,8.73,166.36,9.08,-0.76,585.46,0.18855515168499964
2012-12-20,0.0,286.62,11.59,-2.48,511.63,0.06856550970363623
2012-12-21,0.0,256.37,14.2,2.18,714.14,0.03713965108946963
2012-12-22,0.0,241.69,15.69,4.63,852.54,0.025712066138863586
2012-12-23,0.0,286.74,15.14,0.96,650.98,0.021141032158621172
2012-12-24,0.0,238.66,12.75,2.01,706.35,0.01885551516849996
2012-12-25,0.01,221.81,9.07,-0.23,608.25,0.01771275667343936
2012-12-26,0.0,252.12,10.53,-0.37,599.02,0.01885551516849996
2012-12-27,0.0,250.84,9.02,-1.75,539.31,0.016569998178378755
2012-12-28,0.08,278.06,8.59,-3.59,473.57,0.015427239683318153
2012-12-29,0.0,282.66,10.83,-1.84,533.92,0.014284481188257548
2012-12-30,0.0,226.32,9.75,0.55,636.99,0.0045138960554893855
2012-12-31,0.0,254.49,10.29,-0.65,585.45,0.0051424132277727175
2013-01-01,0.0,278.25,7.96,-4.68,436.04,0.008570688712954529
2013-01-02,0.0,274.5,10.48,-2.0,530.91,0.004399620205983325
2013-01-03,0.0,221.6,8.68,-0.65,586.86,0.004342482281230294
2013-01-04,0.0,274.98,10.56,-1.85,537.09,0.0035996892594409025
2013-01-05,0.0,316.02,13.55,-2.51,509.14,0.0034282754851818116
2013-01-06,0.0,266.78,13.0,0.85,645.07,0.004970999453513626
2013-01-07,0.0,295.68,12.81,-1.08,565.67,0.005028137378266657
2013-01-08,0.0,294.68,14.76,0.72,639.33,0.004685309829748475
2013-01-09,0.0,316.34,17.87,1.7,687.78,0.0029140341624045397
2013-01-10,0.0,281.9,14.22,1.31,669.78,0.0028568962376515094
2013-01-11,0.99,296.9,8.15,-4.43,446.1,0.002685482463392419
2013-01-12,0.0,316.04,5.72,-8.06,337.16,0.0023997928396272683
2013-01-13,0.0,301.31,3.9,-8.51,324.78,0.0022283790653681774
2013-01-14,0.0,301.82,2.82,-9.48,301.74,0.002056965291109087
2013-01-15,0.0,315.54,5.22,-8.06,331.71,0.0021141032158621172
2013-01-16,0.0,341.68,12.73,-3.57,468.28,0.0023426549148742376
2013-01-17,0.0,310.2,16.41,1.9,695.24,0.002456930764380298
2013-01-18,0.0,307.68,17.29,3.21,768.39,0.0019998273663560566
2013-01-19,0.0,338.06,19.21,2.26,710.15,0.0023426549148742376
2013-01-20,0.0,328.44,19.45,3.59,785.87,0.002742620388145449
2013-01-21,0.0,328.39,20.04,4.08,804.74,0.0035996892594409025
2013-01-22,0.0,332.13,22.1,5.88,915.55,0.004285344356477264
2013-01-23,0.0,311.69,20.94,6.71,964.79,0.005085275303019688
2013-01-24,0.0,217.06,16.87,8.29,1102.82,0.006285171722833322
2013-01-25,0.0,251.11,18.63,8.48,1118.49,0.007427930217893924
2013-01-26,35.36,120.63,15.3,9.15,1172.28,0.7199378518881804
2013-01-27,27.91,78.95,12.05,8.25,1100.91,8.57068871295453
2013-01-28,23.96,171.47,10.51,2.04,718.24,9.999136831780284
2013-01-29,10.6,223.63,7.84,-3.15,491.61,1.714137742590906
2013-01-30,0.0,334.87,11.58,-1.63,545.15,0.6856550970363623
2013-01-31,0.0,351.95,15.48,0.77,645.65,0.4342482281230295
2013-02-01,0.0,360.42,18.06,2.48,732.02,0.2742620388145449
2013-02-02,0.0,357.82,19.58,3.92,806.25,0.19998273663560567
2013-02-03,0.0,258.0,17.4,7.49,1038.88,0.13713101940727246
2013-02-04,0.48,297.81,17.92,6.27,959.24,0.10856205703075737
2013-02-05,0.0,347.37,18.93,4.32,834.1,0.09713447208015133
2013-02-06,0.0,313.89,16.92,4.62,848.58,0.08570688712954529
2013-02-07,0.0,328.18,17.14,4.3,832.87,0.06856550970363623
2013-02-08,0.0,303.2,15.05,3.87,811.46,0.056566545505499895
2013-02-09,5.77,216.02,9.21,-0.19,607.14,0.06285171722833321
2013-02-10,0.0,284.77,7.63,-1.89,533.77,0.05713792475303019
2013-02-11,2.15,236.0,6.69,-1.49,552.96,0.05713792475303019
2013-02-12,3.19,314.58,8.5,-4.16,453.51,0.05713792475303019
2013-02-13,0.0,396.93,13.11,-1.85,536.41,0.05713792475303019
2013-02-14,0.0,398.35,15.05,-0.13,605.4,0.05713792475303019
2013-02-15,0.0,376.79,17.77,3.51,785.3,0.05713792475303019
2013-02-16,0.0,396.24,20.38,4.45,845.66,0.05713792475303019
2013-02-17,0.0,388.63,18.56,3.64,795.67,0.05713792475303019
2013-02-18,0.0,402.23,17.47,1.93,700.74,0.05713792475303019
2013-02-19,0.0,370.84,16.44,3.21,767.5,0.05713792475303019
2013-02-20,15.87,272.09,11.64,-0.58,593.2,0.08570688712954529
2013-02-21,11.71,239.27,7.24,-2.32,520.65,0.14284481188257547
2013-02-22,0.0,374.93,9.33,-2.4,515.88,0.18855515168499964
2013-02-23,0.0,399.88,11.99,-1.26,556.37,0.22283790653681776
2013-02-24,0.0,316.75,9.83,0.39,629.42,0.27997583128984793
2013-02-25,0.0,421.89,12.25,-2.3,512.47,0.24569307643802982
2013-02-26,0.0,425.26,13.87,-1.29,544.89,0.22283790653681776
2013-02-27,0.0,393.78,13.69,0.45,622.71,0.19426894416030266
2013-02-28,0.0,418.05,15.96,1.17,646.19,0.17141377425909057
2013-03-01,0.0,444.59,19.97,2.85,715.29,0.1542723968331815
2013-03-02,0.0,442.48,23.05,5.61,864.24,0.14855860435787852
2013-03-03,0.0,405.93,21.02,6.34,905.6,0.14855860435787852
2013-03-04,0.0,377.54,18.76,6.27,930.2,0.14284481188257547
2013-03-05,0.0,405.15,19.71,5.69,886.11,0.12570343445666643
2013-03-06,0.0,408.5,20.66,6.42,914.83,0.11427584950606039
2013-03-07,0.0,417.4,19.99,5.36,848.7,0.10284826455545434
2013-03-08,30.86,302.59,16.06,2.62,747.06,1.8112722146710571
2013-03-09,30.56,173.06,7.15,0.62,640.61,3.8339547509283256
2013-03-10,2.25,360.34,13.41,1.03,656.86,2.5026411041827226
2013-03-11,0.0,440.84,18.56,3.32,773.48,2.1883825180410565
2013-03-12,0.0,453.89,22.19,5.48,900.32,1.451303288726967
2013-03-13,0.0,444.37,25.09,8.45,1095.58,0.9199205885237861
2013-03-14,0.0,441.78,27.58,10.65,1266.92,0.5599516625796959
2013-03-15,0.0,439.53,27.09,10.49,1251.19,0.39425168079590833
2013-03-16,0.0,418.65,24.61,9.57,1179.65,0.308544793666363
2013-03-17,0.0,427.14,23.16,8.13,1070.05,0.2628344538639389
2013-03-18,0.0,430.82,22.42,7.52,1025.79,0.21712411406151474
2013-03-19,0.0,395.68,22.53,9.42,1180.53,0.19426894416030266
2013-03-20,0.0,406.32,22.06,8.75,1128.63,0.17141377425909057
2013-03-21,0.0,381.77,22.71,10.55,1278.04,0.16569998178378756
2013-03-22,0.0,413.11,21.39,7.85,1036.79,0.14855860435787852
2013-03-23,0.0,450.03,19.56,4.43,815.03,0.13141722693196944
2013-03-24,0.0,463.14,19.92,4.15,802.22,0.1199896419813634
2013-03-25,0.0,469.83,21.57,5.23,859.65,0.10856205703075737
2013-03-26,0.0,434.24,23.11,8.45,1080.63,0.10284826455545434
2013-03-27,0.0,428.61,22.69,8.38,1073.72,0.09713447208015133
2013-03-28,0.0,439.87,23.02,8.25,1057.25,0.0914206796048483
2013-03-29,0.0,446.15,24.34,9.16,1125.71,0.08570688712954529
2013-03-30,0.0,403.92,24.15,11.0,1286.05,0.07999309465424226
2013-03-31,0.0,461.31,24.83,9.06,1106.85,0.07427930217893926
2013-04-01,0.0,439.39,23.11,8.72,1087.16,0.06856550970363623
2013-04-02,0.0,475.57,21.92,6.04,899.64,0.06285171722833321
2013-04-03,0.0,469.0,23.76,8.04,1035.2,0.05713792475303019
2013-04-04,0.0,469.55,25.74,9.69,1148.48,0.05542378701043928
2013-04-05,0.0,418.09,25.0,11.46,1307.09,0.05313827002031808
2013-04-06,0.0,439.68,24.53,10.27,1207.3,0.050281373782666575
2013-04-07,0.0,453.89,24.57,9.61,1143.27,0.047995856792545366
2013-04-08,0.0,446.1,22.07,7.77,1027.07,0.046281719049954456
2013-04-09,10.32,293.62,16.58,4.84,872.72,0.06285171722833321
2013-04-10,3.94,379.12,16.54,3.91,812.4,0.07427930217893926
2013-04-11,0.0,486.9,21.17,5.31,863.19,0.054852407762908985
2013-04-12,0.0,469.79,23.63,8.43,1065.54,0.04742447754501506
2013-04-13,0.0,480.6,24.5,8.71,1076.88,0.040567926574651435
2013-04-14,0.0,431.97,23.91,10.48,1229.14,0.034282754851818115
2013-04-15,0.0,426.43,23.37,10.43,1242.68,0.029711720871575698
2013-04-16,0.0,389.06,21.54,10.3,1250.13,0.027426203881454492
2013-04-17,0.0,395.74,18.38,7.24,1015.14,0.026854824633924194
2013-04-18,0.0,454.59,17.51,4.34,821.53,0.023426549148742377
2013-04-19,0.0,505.34,21.58,5.56,867.24,0.022855169901212075
2013-04-20,0.0,527.38,24.87,6.94,927.9,0.021141032158621172
2013-04-21,0.0,523.1,26.84,8.74,1044.64,0.01885551516849996
2013-04-22,0.0,494.78,27.34,10.74,1201.57,0.016569998178378755
2013-04-23,0.0,478.68,26.74,11.14,1244.17,0.014284481188257548
2013-04-24,0.0,479.92,25.98,10.53,1198.57,0.013141722693196944
2013-04-25,0.0,451.84,24.04,10.19,1194.61,0.011998964198136342
2013-04-26,0.0,514.01,26.09,8.93,1064.3,0.010856205703075735
2013-04-27,0.0,503.89,28.73,11.85,1192.14,0.00914206796048483
2013-04-28,0.0,522.41,30.48,12.43,1100.76,0.007999309465424227
2013-04-29,0.0,521.01,31.22,13.31,1043.32,0.006856550970363623
2013-04-30,0.0,485.4,30.41,14.49,1118.66,0.005485240776290898
2013-05-01,0.0,488.67,28.76,13.03,1017.1,0.004285344356477264
2013-05-02,0.0,453.09,26.56,12.79,1069.21,0.00297117208715757
2013-05-03,0.0,471.39,25.89,11.5,961.51,0.003142585861416661
2013-05-04,0.0,499.82,27.5,11.66,930.94,0.003942516807959083
2013-05-05,0.0,422.51,26.54,13.93,1190.8,0.003085447936663631
2013-05-06,0.0,436.51,24.33,11.58,1020.76,0.003085447936663631
2013-05-07,0.0,417.09,22.68,10.83,1012.59,0.0029140341624045397
2013-05-08,0.0,453.81,22.04,8.96,851.62,0.002628344538639389
2013-05-09,0.0,487.21,23.88,9.24,820.29,0.0025712066138863588
2013-05-10,0.0,490.24,26.37,11.3,913.71,0.0019998273663560566
2013-05-11,0.0,484.75,27.99,13.07,984.73,0.0014284481188257547
2013-05-12,0.0,500.08,29.99,14.05,1014.35,0.0011427584950606039
2013-05-13,0.0,514.75,31.68,14.84,1011.35,0.0009142067960484831
2013-05-14,0.0,470.04,31.83,17.04,1222.51,0.0005713792475303019
2013-05-15,0.0,461.17,30.97,16.61,1207.03,0.00028568962376515096
2013-05-16,0.0,509.18,30.36,13.86,941.44,0.00017141377425909055
2013-05-17,0.0,472.89,29.01,14.25,1030.02,5.713792475303019e-05
2013-05-18,0.0,435.19,26.51,13.53,1068.78,5.713792475303019e-05
2013-05-19,0.0,478.77,27.54,12.74,937.59,0.00011427584950606039
2013-05-20,0.0,494.28,27.96,12.57,897.06,5.713792475303019e-05
2013-05-21,0.0,522.28,29.55,12.64,853.83,0.0
2013-05-22,0.0,524.8,30.93,13.95,803.82,0.0
2013-05-23,0.0,495.64,30.48,15.09,832.27,0.0
2013-05-24,0.0,531.12,30.45,13.36,698.7,0.0
2013-05-25,0.0,520.56,30.03,13.42,717.12,0.0
2013-05-26,0.0,515.58,28.99,12.76,695.28,0.0
2013-05-27,0.0,503.17,28.2,12.73,703.82,0.0
2013-05-28,0.0,512.38,28.03,12.2,673.89,0.0
2013-05-29,0.0,491.22,28.72,13.99,764.25,0.0
2013-05-30,0.0,487.61,30.23,15.54,844.75,0.0
2013-05-31,0.0,523.02,32.1,15.5,788.8,0.0
2013-06-01,0.0,524.97,35.21,18.01,916.57,0.0
2013-06-02,0.0,511.72,35.06,18.38,978.21,0.0
2013-06-03,0.0,512.13,33.9,17.39,916.89,0.0
2013-06-04,0.0,520.34,32.97,16.08,833.71,0.0
2013-06-05,0.0,524.12,33.73,16.47,841.19,0.0
2013-06-06,0.0,537.69,36.04,17.46,875.59,0.0
2013-06-07,0.0,527.91,36.85,19.02,847.32,0.0
2013-06-08,0.0,506.03,36.42,19.81,888.34,0.0
2013-06-09,0.0,524.24,35.89,18.29,807.71,0.0
2013-06-10,0.0,521.97,35.69,18.19,799.73,0.0
2013-06-11,0.0,525.97,35.97,18.11,791.87,0.0
2013-06-12,0.0,508.39,37.05,20.05,900.47,0.0
2013-06-13,0.0,475.5,35.97,20.65,937.44,0.0
2013-06-14,0.0,483.02,34.44,19.01,844.16,0.0
2013-06-15,0.0,481.56,34.34,19.0,842.86,0.0
2013-06-16,0.0,497.42,34.89,18.7,826.68,0.0
2013-06-17,0.0,506.78,34.71,17.94,786.49,0.0
2013-06-18,0.0,525.35,34.78,16.87,728.46,0.0
2013-06-19,0.0,515.19,34.27,16.85,728.02,0.0
2013-06-20,0.0,508.85,33.76,16.79,723.78,0.0
2013-06-21,0.0,498.72,33.41,17.01,734.49,0.0
2013-06-22,0.0,510.74,33.32,16.24,694.05,0.0
2013-06-23,0.0,506.57,33.63,16.8,723.76,0.0
2013-06-24,0.0,479.65,32.67,17.27,747.32,0.0
2013-06-25,0.0,493.81,33.35,17.27,748.34,0.0
2013-06-26,0.0,519.84,34.84,17.16,743.76,0.0
2013-06-27,0.0,525.07,37.09,18.75,829.59,0.0
2013-06-28,0.0,520.26,39.69,21.15,964.63,0.0
2013-06-29,0.0,460.82,40.41,24.8,1224.99,0.0
2013-06-30,0.0,453.9,39.42,24.32,1191.54,0.0
2013-07-01,0.0,446.78,38.01,23.45,1131.3,0.0
2013-07-02,0.0,431.83,36.06,22.39,1060.19,0.0
2013-07-03,0.0,474.11,36.2,20.72,943.51,0.0
2013-07-04,0.0,408.26,35.88,23.2,1105.74,0.0
2013-07-05,0.0,374.94,34.7,23.48,1132.31,0.0
2013-07-06,0.0,448.67,36.07,22.06,1035.71,0.0
2013-07-07,0.0,469.06,37.88,22.85,1086.0,0.0
2013-07-08,0.0,461.68,38.02,23.29,1114.57,0.0
2013-07-09,0.0,436.12,37.25,23.77,1149.41,0.0
2013-07-10,0.0,422.36,34.98,22.42,1062.6,0.0
2013-07-11,3.02,346.74,32.18,21.14,976.15,0.0
2013-07-12,0.16,398.62,31.55,20.29,922.14,0.0
2013-07-13,0.0,487.86,34.72,19.76,885.04,0.0
2013-07-14,0.0,442.77,35.85,22.74,1082.26,0.0
2013-07-15,2.6,387.85,35.18,22.24,1043.35,0.0
2013-07-16,1.99,359.03,32.1,21.44,991.45,0.0
2013-07-17,6.31,323.41,31.92,19.81,888.51,0.0
2013-07-18,0.0,442.68,33.61,21.11,967.25,0.0
2013-07-19,9.44,349.01,33.12,19.75,886.19,0.0
2013-07-20,10.71,345.52,32.45,19.38,882.57,0.04113930582218174
2013-07-21,22.95,313.61,30.01,18.62,910.98,0.21141032158621173
2013-07-22,10.93,334.45,29.72,18.48,1129.02,0.12570343445666643
2013-07-23,0.0,450.96,31.91,19.41,1066.37,0.040567926574651435
2013-07-24,1.01,447.49,33.45,20.63,1163.09,0.004342482281230294
2013-07-25,7.99,299.34,32.65,21.46,1596.21,0.017141377425909057
2013-07-26,6.36,267.34,31.32,21.66,1838.31,0.30283100119106
2013-07-27,8.09,315.1,32.18,20.58,1646.76,0.34854134099348416
2013-07-28,0.0,452.02,33.41,21.03,1417.12,0.05713792475303019
2013-07-29,0.0,463.21,33.42,20.67,1369.32,0.028568962376515097
2013-07-30,0.0,515.25,35.01,19.82,1199.85,0.017141377425909057
2013-07-31,0.0,496.81,36.03,21.5,1366.09,0.011427584950606038
2013-08-01,0.0,418.73,34.56,23.09,1703.48,0.005713792475303019
2013-08-02,0.0,429.39,33.59,22.09,1567.05,0.0
2013-08-03,0.0,476.21,34.33,21.03,1379.35,0.0
2013-08-04,0.0,433.67,33.71,21.94,1560.83,0.0
2013-08-05,0.19,443.39,32.43,20.39,1410.83,0.0
2013-08-06,3.82,272.16,27.94,18.82,1715.53,0.0
2013-08-07,3.55,338.54,30.5,18.27,1538.22,0.0
2013-08-08,0.0,529.45,33.01,17.43,1090.44,0.0
2013-08-09,0.0,550.1,34.61,17.27,1051.58,0.0
2013-08-10,0.0,499.85,33.85,19.26,1274.01,0.0
2013-08-11,0.0,508.0,33.86,18.76,1222.31,0.0
2013-08-12,0.0,502.46,34.77,19.76,1296.69,0.0
2013-08-13,0.0,525.9,35.29,18.77,1190.25,0.0
2013-08-14,0.0,504.15,36.19,20.5,1365.2,0.0
2013-08-15,0.0,452.52,35.84,22.41,1640.1,0.0
2013-08-16,0.0,475.19,37.07,22.35,1587.03,0.0
2013-08-17,0.0,478.25,37.27,22.27,1565.84,0.0
2013-08-18,1.64,488.28,36.44,21.02,1443.91,0.0
2013-08-19,0.0,433.19,35.9,22.81,1764.23,0.0
2013-08-20,0.0,461.48,36.13,21.77,1589.69,0.0
2013-08-21,0.0,399.31,34.07,22.27,1813.74,0.0
2013-08-22,0.0,418.53,33.74,21.32,1672.43,0.0
2013-08-23,0.0,449.86,33.25,19.67,1447.86,0.0
2013-08-24,3.59,329.32,31.49,20.84,1858.38,0.0
2013-08-25,1.51,300.17,28.95,20.33,1927.45,0.0
2013-08-26,0.76,374.87,31.75,19.91,1719.05,0.0
2013-08-27,0.0,449.33,33.85,19.93,1527.75,0.314258586141666
2013-08-28,0.0,424.4,33.7,20.68,1657.6,0.005313827002031808
2013-08-29,5.65,333.23,31.65,19.42,1768.68,0.0018284135920969662
2013-08-30,7.13,336.45,30.59,20.07,1855.62,0.22283790653681776
2013-08-31,8.96,275.03,30.71,19.8,2031.7,0.017141377425909057
2013-09-01,0.0,424.85,33.07,19.87,1758.53,0.011427584950606038
2013-09-02,0.0,378.0,32.96,21.47,2049.36,0.005713792475303019
2013-09-03,0.0,449.05,35.38,20.53,1766.28,0.0
2013-09-04,0.0,415.48,35.3,21.81,1989.31,0.0
2013-09-05,0.0,416.85,35.45,21.66,1961.93,0.0
2013-09-06,0.0,408.52,35.41,21.88,2014.78,0.0
2013-09-07,0.0,386.11,32.09,20.05,1878.75,0.0
2013-09-08,7.5,227.29,27.08,18.28,1982.35,0.0
2013-09-09,24.93,190.27,23.48,16.57,1880.05,0.49138615287605963
2013-09-10,11.7,190.7,24.14,17.2,1967.94,0.14855860435787852
2013-09-11,0.97,356.83,27.21,16.25,1762.7,0.034282754851818115
2013-09-12,0.0,445.17,30.53,16.31,1679.12,0.011427584950606038
2013-09-13,0.0,407.43,31.26,18.6,1964.47,0.0023426549148742376
2013-09-14,0.0,397.37,31.65,19.29,2066.33,0.00011427584950606039
2013-09-15,0.0,410.1,32.19,19.15,2037.38,5.713792475303019e-05
2013-09-16,0.0,369.54,32.99,21.42,2398.85,0.0
2013-09-17,0.0,358.28,32.79,21.71,2460.86,0.0
2013-09-18,0.0,412.27,32.66,19.31,2086.44,0.0
2013-09-19,0.0,456.17,32.24,16.59,1687.53,0.0
2013-09-20,0.0,454.73,32.98,16.95,1726.53,0.0
2013-09-21,0.0,389.21,31.36,18.92,2056.03,0.0
2013-09-22,0.0,384.64,28.08,16.36,1794.9,0.0
2013-09-23,0.0,484.09,28.31,10.81,1163.32,0.0
2013-09-24,0.0,463.26,29.68,12.91,1340.28,0.0
2013-09-25,0.0,415.57,28.61,14.44,1511.19,0.0
2013-09-26,0.0,384.13,27.62,15.07,1601.11,0.0
2013-09-27,0.0,382.44,25.47,13.44,1489.22,0.0
2013-09-28,0.0,463.54,26.39,9.51,1096.68,0.0
2013-09-29,0.0,447.79,28.05,11.57,1261.07,0.0
2013-09-30,0.0,437.05,28.62,12.42,1331.39,0.0
2013-10-01,0.0,433.34,28.38,12.13,1308.0,0.0
2013-10-02,0.0,410.08,27.52,12.47,1346.0,0.0
2013-10-03,0.0,392.14,26.5,12.53,1369.68,0.0
2013-10-04,0.0,401.0,25.16,10.96,1256.98,0.0
2013-10-05,0.0,393.4,23.47,9.73,1161.62,0.0
2013-10-06,0.0,411.34,26.77,11.36,1284.53,0.0
2013-10-07,0.0,410.55,28.44,12.47,1362.41,0.0
2013-10-08,0.0,391.07,26.91,11.92,1323.39,0.0
2013-10-09,0.0,332.01,25.05,12.93,1439.15,0.0
2013-10-10,6.65,283.26,20.24,6.26,955.69,0.0
2013-10-11,0.0,392.42,20.39,5.56,891.66,0.0
2013-10-12,0.0,392.77,23.15,7.72,1023.35,0.0
2013-10-13,0.0,365.65,23.39,9.24,1140.43,0.0
2013-10-14,0.0,371.15,22.8,8.29,1071.07,0.0
2013-10-15,0.0,374.7,22.47,7.59,1017.34,0.0
2013-10-16,0.0,376.46,22.2,7.06,981.76,0.0
2013-10-17,0.0,381.06,22.57,6.76,951.74,0.0
2013-10-18,0.0,374.75,23.56,7.77,1012.42,0.0
2013-10-19,0.0,382.18,24.83,8.13,1017.76,0.0
2013-10-20,0.0,383.82,24.79,7.97,954.57,0.0
2013-10-21,0.0,379.15,25.33,8.45,968.59,0.0
2013-10-22,0.0,369.28,26.53,9.83,1072.39,0.0
2013-10-23,0.0,354.03,27.59,11.64,1222.97,0.0
2013-10-24,0.0,332.65,26.98,12.34,1262.57,0.0
2013-10-25,0.0,352.2,25.6,9.81,1028.44,0.0
2013-10-26,0.0,335.18,25.99,11.05,1099.13,0.0
2013-10-27,0.0,317.31,25.86,11.79,1182.52,0.0
2013-10-28,0.0,265.98,23.03,11.76,1246.28,0.0
2013-10-29,0.0,259.74,19.2,8.72,1054.59,0.0
2013-10-30,0.0,305.38,17.02,4.49,764.75,0.0
2013-10-31,0.0,342.48,18.79,3.91,710.53,0.0
2013-11-01,0.0,357.13,21.81,5.34,759.52,0.0
2013-11-02,0.0,344.76,24.2,8.07,914.46,0.0
2013-11-03,0.0,298.81,22.57,9.38,1051.3,0.0
2013-11-04,0.0,305.75,20.46,6.9,888.72,0.0
2013-11-05,2.07,285.5,18.05,5.58,829.34,0.0
2013-11-06,0.0,337.76,20.1,4.47,721.57,0.0
2013-11-07,0.0,325.85,22.28,7.06,865.53,0.0
2013-11-08,0.0,314.18,23.17,8.43,955.33,0.0
2013-11-09,0.0,323.97,23.76,8.02,918.24,0.0
2013-11-10,0.0,305.15,23.63,9.07,1008.78,0.0
2013-11-11,0.0,316.47,26.12,10.31,1073.51,0.0
2013-11-12,0.0,274.27,25.43,12.21,1270.22,0.0
2013-11-13,0.0,227.58,22.77,12.27,1334.64,0.0
2013-11-14,0.0,287.63,22.61,8.97,1033.93,0.0
2013-11-15,0.0,241.7,20.55,9.52,1116.42,0.0
2013-11-16,0.0,185.38,17.81,9.6,1165.59,0.0
2013-11-17,0.0,260.21,17.87,6.36,901.11,0.0
2013-11-18,0.0,285.23,21.03,7.76,954.4,0.0
2013-11-19,0.0,265.81,19.98,7.86,975.37,0.0
2013-11-20,0.0,211.45,17.69,8.41,1051.71,0.0
2013-11-21,0.0,162.09,15.89,9.11,1151.76,0.0
2013-11-22,40.84,119.0,13.74,7.3,1030.1,0.0006856550970363622
2013-11-23,33.82,98.39,9.25,4.28,834.02,0.02456930764380298
2013-11-24,15.38,124.72,8.81,2.74,751.6,0.07427930217893926
2013-11-25,4.25,240.91,12.14,0.98,660.05,0.011998964198136342
2013-11-26,0.0,272.29,14.62,3.36,776.41,0.0005713792475303019
2013-11-27,0.0,200.58,13.87,5.96,935.71,0.0
2013-11-28,0.0,285.37,16.33,3.98,816.17,0.0
2013-11-29,0.0,269.67,17.25,5.68,918.76,0.0
2013-11-30,0.0,289.39,18.06,5.14,883.21,0.0
2013-12-01,0.0,292.16,18.13,4.91,871.86,0.0
2013-12-02,0.0,299.76,17.77,4.06,818.69,0.0
2013-12-03,0.0,269.12,16.16,4.69,855.51,0.0
2013-12-04,0.0,197.26,12.75,4.94,871.28,0.0
2013-12-05,2.13,240.5,9.02,-2.14,528.37,0.0
2013-12-06,0.0,303.86,7.66,-5.29,416.04,0.0
2013-12-07,0.0,277.4,7.68,-3.46,471.7,0.0
2013-12-08,1.91,167.55,7.92,1.03,657.25,0.0
2013-12-09,0.0,297.23,7.26,-4.98,427.82,0.0
2013-12-10,0.0,315.3,11.69,-2.59,505.75,0.0
2013-12-11,0.0,316.12,15.16,0.29,623.17,0.0
2013-12-12,0.0,269.49,16.15,5.04,878.08,0.0
2013-12-13,0.0,294.08,13.81,1.06,657.63,0.0
2013-12-14,0.0,299.65,13.85,0.34,620.59,0.0
2013-12-15,0.0,304.68,16.8,2.61,736.52,0.0
2013-12-16,0.0,308.68,20.05,4.64,842.81,0.0
2013-12-17,0.0,304.81,21.59,6.12,921.26,0.0
2013-12-18,0.0,297.51,21.06,6.42,946.63,0.0
2013-12-19,0.0,261.69,16.08,4.61,848.33,0.0
2013-12-20,13.67,158.66,12.67,4.04,820.31,0.0014284481188257547
2013-12-21,4.47,124.13,8.08,2.35,729.08,0.00022855169901212077
2013-12-22,0.0,281.63,11.34,-0.95,571.27,5.713792475303019e-05
2013-12-23,0.0,286.8,14.16,1.0,654.7,0.0
2013-12-24,0.0,291.68,16.37,2.37,726.26,0.0
2013-12-25,0.0,274.1,15.56,2.66,743.93,0.0
2013-12-26,0.0,276.29,16.43,3.42,782.55,0.0
2013-12-27,0.0,291.92,17.28,2.88,750.89,0.0
2013-12-28,0.0,283.64,15.58,2.07,713.0,0.0
2013-12-29,0.0,277.64,14.05,1.13,661.16,0.0
2013-12-30,0.0,306.56,15.58,-0.0,612.18,0.0
2013-12-31,0.0,304.51,16.71,1.18,654.57,0.0
2014-01-01,0.0,283.88,17.09,2.02,705.4,0.0
2014-01-02,0.0,279.78,18.12,3.33,764.78,0.0
2014-01-03,0.0,277.33,18.2,3.72,792.14,0.0
2014-01-04,0.0,270.77,16.52,2.73,738.3,0.0
2014-01-05,0.0,282.84,14.41,-0.03,607.46,0.0
2014-01-06,0.0,267.31,14.92,1.52,673.61,0.0
2014-01-07,0.0,274.86,15.57,1.85,685.93,5.713792475303019e-05
2014-01-08,0.0,276.19,15.24,1.57,641.89,5.713792475303019e-05
2014-01-09,0.0,269.01,15.04,1.96,661.97,5.713792475303019e-05
2014-01-10,0.0,286.58,15.03,0.8,603.93,5.713792475303019e-05
2014-01-11,0.0,299.17,17.44,2.09,642.44,5.713792475303019e-05
2014-01-12,0.0,275.1,16.34,2.99,702.81,5.713792475303019e-05
2014-01-13,0.0,293.84,16.59,1.96,635.06,5.713792475303019e-05
2014-01-14,0.0,305.52,17.68,2.08,631.22,5.713792475303019e-05
2014-01-15,0.0,305.6,19.83,4.21,720.78,0.00011427584950606039
2014-01-16,0.0,301.51,19.29,3.96,708.22,0.00017141377425909055
2014-01-17,0.0,303.19,19.73,4.52,734.79,0.00011427584950606039
2014-01-18,0.0,313.89,20.15,4.17,706.5,0.00017141377425909055
2014-01-19,0.0,302.54,19.28,4.49,736.36,0.00017141377425909055
2014-01-20,0.0,311.24,20.0,4.61,733.62,0.00022855169901212077
2014-01-21,0.0,301.95,20.17,5.57,789.79,0.00022855169901212077
2014-01-22,0.0,277.84,19.34,6.55,871.14,0.00022855169901212077
2014-01-23,0.0,310.62,18.23,3.38,673.06,0.00022855169901212077
2014-01-24,0.0,233.72,16.55,6.44,908.98,0.00017141377425909055
2014-01-25,0.0,242.52,18.22,7.74,1014.37,0.00028568962376515096
2014-01-26,0.0,304.78,17.95,4.01,708.66,0.0003428275485181811
2014-01-27,0.0,278.37,17.57,5.4,806.89,0.0003428275485181811
2014-01-28,0.0,327.49,18.27,3.02,639.72,0.00028568962376515096
2014-01-29,0.0,326.92,18.44,3.41,656.44,0.0003428275485181811
2014-01-30,0.0,288.83,18.51,5.93,818.95,0.00045710339802424154
2014-01-31,0.0,195.23,15.76,7.95,1023.89,0.00045710339802424154
2014-02-01,0.0,238.35,12.4,3.26,753.17,0.00045710339802424154
2014-02-02,0.0,316.75,11.92,-0.96,511.24,0.00045710339802424154
2014-02-03,0.0,272.14,10.92,0.6,611.16,0.00045710339802424154
2014-02-04,0.0,300.32,10.37,-1.17,516.42,0.00045710339802424154
2014-02-05,0.0,235.37,10.87,2.37,695.1,0.0005142413227772717
2014-02-06,0.0,272.64,10.38,0.52,596.14,0.0005713792475303019
2014-02-07,0.0,224.8,11.88,4.09,790.98,0.0005713792475303019
2014-02-08,0.0,341.15,16.54,3.35,643.13,0.0005713792475303019
2014-02-09,0.0,360.3,18.8,4.36,652.7,0.0005713792475303019
2014-02-10,0.0,358.11,19.11,4.81,674.58,0.0005713792475303019
2014-02-11,0.0,359.43,19.27,5.16,683.02,0.0005142413227772717
2014-02-12,0.0,384.6,20.34,4.58,626.32,0.00045710339802424154
2014-02-13,0.0,398.71,22.98,5.88,654.98,0.0005713792475303019
2014-02-14,0.0,396.19,24.2,7.35,716.96,0.0005713792475303019
2014-02-15,0.0,389.91,25.05,8.77,791.34,0.0005713792475303019
2014-02-16,0.0,388.77,23.55,7.77,744.37,0.0005713792475303019
2014-02-17,0.0,398.47,23.7,7.46,714.11,0.0005713792475303019
2014-02-18,0.0,390.31,23.53,7.9,746.11,0.0005713792475303019
2014-02-19,0.0,357.41,21.49,8.29,817.29,0.0005713792475303019
2014-02-20,0.0,373.32,19.02,5.44,668.68,0.0005142413227772717
2014-02-21,0.0,394.75,19.47,4.74,616.62,0.0005713792475303019
2014-02-22,0.0,408.71,20.32,4.72,596.45,0.0006285171722833321
2014-02-23,0.0,401.33,20.91,5.8,643.91,0.0005713792475303019
2014-02-24,0.0,407.02,22.44,6.87,675.61,0.0005713792475303019
2014-02-25,0.0,367.78,21.19,8.1,786.05,0.0005713792475303019
2014-02-26,0.0,392.85,20.72,6.46,677.09,0.0005713792475303019
2014-02-27,0.0,373.35,19.56,6.54,707.58,0.0005713792475303019
2014-02-28,0.0,386.78,20.33,6.87,703.06,0.0005713792475303019
2014-03-01,18.88,232.64,17.37,7.12,908.1,2.1655273481398445
2014-03-02,36.17,220.83,14.56,5.17,874.67,4.142499544594689
2014-03-03,0.0,380.92,17.89,4.87,844.64,0.3313999635675751
2014-03-04,0.0,326.48,18.37,7.8,1050.78,0.12570343445666643
2014-03-05,0.0,401.0,20.81,6.81,863.62,0.07999309465424226
2014-03-06,0.0,376.7,20.92,8.29,918.13,0.06285171722833321
2014-03-07,0.0,390.67,20.46,7.17,834.86,0.054852407762908985
2014-03-08,0.0,354.2,19.25,7.7,913.9,0.04342482281230294
2014-03-09,0.0,410.5,20.96,6.7,785.91,0.03542551334687872
2014-03-10,0.0,426.13,21.71,6.61,756.71,0.03142585861416661
2014-03-11,0.0,431.48,21.26,6.0,721.39,0.029140341624045395
2014-03-12,0.0,429.89,21.12,6.08,729.83,0.027426203881454492
2014-03-13,0.0,367.82,20.66,8.77,950.41,0.026283445386393888
2014-03-14,0.12,341.87,18.54,8.01,869.53,0.025140686891333287
2014-03-15,0.0,439.66,20.96,6.25,637.0,0.02456930764380298
2014-03-16,0.0,447.91,21.97,6.94,653.65,0.023426549148742377
2014-03-17,0.0,459.34,21.93,6.34,609.58,0.022855169901212075
2014-03-18,0.0,446.49,21.44,6.94,603.22,0.022283790653681777
2014-03-19,0.0,494.59,21.4,4.16,412.87,0.021141032158621172
2014-03-20,0.0,480.58,22.14,5.95,475.17,0.019998273663560565
2014-03-21,0.0,466.31,21.69,6.41,505.29,0.019426894416030266
2014-03-22,0.0,461.78,21.57,6.64,517.28,0.01771275667343936
2014-03-23,0.0,476.84,22.72,6.99,504.11,0.015998618930848453
2014-03-24,0.0,481.83,24.58,8.56,537.63,0.014855860435787849
2014-03-25,0.0,475.93,24.94,9.29,567.07,0.013141722693196944
2014-03-26,0.0,402.54,21.41,9.47,702.1,0.012570343445666644
2014-03-27,0.0,399.57,17.62,6.18,599.25,0.013141722693196944
2014-03-28,0.0,491.47,20.22,4.53,426.63,0.011998964198136342
2014-03-29,0.0,502.74,23.55,7.0,461.84,0.011427584950606038
2014-03-30,0.0,441.78,22.55,9.17,616.28,0.011427584950606038
2014-03-31,0.0,502.35,21.56,5.21,420.15,0.010284826455545435
2014-04-01,0.0,428.85,20.15,7.42,513.72,0.009713447208015133
2014-04-02,0.0,421.59,17.04,4.91,469.54,0.00914206796048483
2014-04-03,0.0,486.61,16.68,1.66,325.85,0.009713447208015133
2014-04-04,0.0,491.51,19.94,4.58,367.27,0.008570688712954529
2014-04-05,0.0,439.81,18.89,5.97,458.34,0.007427930217893924
2014-04-06,0.0,510.26,21.23,4.86,345.62,0.006856550970363623
2014-04-07,0.0,487.25,24.73,9.42,461.27,0.006285171722833322
2014-04-08,0.0,524.36,27.87,10.14,452.98,0.005428102851537868
2014-04-09,0.0,516.46,28.53,11.24,490.36,0.005085275303019688
2014-04-10,0.0,511.68,29.17,12.19,519.26,0.004742447754501505
2014-04-11,0.0,482.99,28.93,13.49,586.96,0.004285344356477264
2014-04-12,0.0,454.5,26.42,12.47,590.22,0.004056792657465143
2014-04-13,0.0,483.49,23.69,8.65,443.04,0.0038853788832060535
2014-04-14,0.0,450.14,23.23,9.77,530.31,0.0031997237861696908
2014-04-15,0.0,502.27,24.74,8.87,424.6,0.003313999635675751
2014-04-16,0.0,527.98,26.21,8.76,411.16,0.003313999635675751
2014-04-17,0.0,522.28,27.47,10.31,458.69,0.0027997583128984795
2014-04-18,0.0,423.02,24.93,12.47,643.82,0.00297117208715757
2014-04-19,0.0,449.03,23.71,10.49,534.2,0.004171068506971204
2014-04-20,0.0,494.23,25.58,10.45,480.18,0.0033711375604287813
2014-04-21,0.0,516.29,29.11,12.6,536.09,0.002456930764380298
2014-04-22,0.0,487.53,28.61,13.6,579.12,0.0017712756673439359
2014-04-23,0.0,477.86,25.94,11.68,522.8,0.0013713101940727244
2014-04-24,0.0,536.79,26.08,8.81,411.86,0.0009713447208015134
2014-04-25,0.0,493.91,26.18,11.07,490.55,0.0007999309465424227
2014-04-26,1.44,481.1,22.16,6.57,390.8,0.0010284826455545435
2014-04-27,0.0,505.24,20.11,4.81,340.03,0.0018855515168499965
2014-04-28,0.0,514.25,23.22,7.39,384.84,0.0018855515168499965
2014-04-29,0.0,412.67,22.34,10.68,612.63,0.0007999309465424227
2014-04-30,0.0,445.87,22.69,10.03,540.01,0.00022855169901212077
2014-05-01,0.0,445.88,24.99,12.22,609.57,5.713792475303019e-05
2014-05-02,0.0,513.21,28.08,12.18,524.13,0.0
2014-05-03,0.0,535.68,30.38,12.98,552.06,0.0
2014-05-04,0.0,531.08,30.81,13.48,571.33,0.0
2014-05-05,0.0,484.9,29.27,14.31,624.38,0.0
2014-05-06,0.0,459.32,25.72,12.33,566.34,0.0
2014-05-07,0.0,451.94,20.02,7.19,444.05,0.0
2014-05-08,0.0,484.52,21.57,7.54,417.31,0.0
2014-05-09,0.0,496.25,23.85,9.37,444.46,0.0
2014-05-10,0.0,518.9,26.38,10.72,474.78,0.0
2014-05-11,0.0,420.54,23.69,12.18,644.57,0.0
2014-05-12,0.0,509.59,23.97,9.0,429.46,0.0
2014-05-13,0.0,464.36,24.06,11.06,518.99,0.0
2014-05-14,0.0,480.22,26.72,12.95,572.46,0.0
2014-05-15,0.0,549.49,30.41,12.85,545.29,0.0
2014-05-16,0.0,547.3,32.51,14.84,627.43,0.0
2014-05-17,0.0,533.66,32.47,15.62,664.78,0.0
2014-05-18,0.0,527.04,31.68,15.16,646.07,0.0
2014-05-19,0.0,502.5,30.24,15.01,641.48,0.0
2014-05-20,0.0,503.09,29.04,13.92,596.04,0.0
2014-05-21,0.0,508.21,27.57,12.42,537.28,0.0
2014-05-22,0.0,525.82,26.94,10.96,483.44,0.0
2014-05-23,0.0,486.93,25.97,11.89,521.81,0.0
2014-05-24,0.0,492.96,25.48,11.28,499.4,0.0
2014-05-25,0.0,491.04,27.98,13.74,592.06,0.0
2014-05-26,0.0,529.06,31.84,15.42,657.64,0.0
2014-05-27,0.0,546.98,34.91,16.98,733.09,0.0
2014-05-28,0.0,527.76,34.69,17.91,784.82,0.0
2014-05-29,0.0,419.99,31.2,19.23,899.23,0.0
2014-05-30,0.0,516.61,33.77,17.62,767.61,0.0
2014-05-31,0.0,522.67,34.56,17.87,781.48,0.0
2014-06-01,0.0,534.77,34.34,16.94,732.66,0.0
2014-06-02,0.0,545.68,35.5,17.27,748.2,0.0
2014-06-03,0.0,510.93,35.21,18.94,839.31,0.0
2014-06-04,0.0,545.01,34.94,16.71,720.08,0.0
2014-06-05,0.0,547.72,34.94,16.41,704.31,0.0
2014-06-06,0.0,543.46,34.72,16.31,698.8,0.0
2014-06-07,0.0,536.25,33.7,15.77,674.17,0.0
2014-06-08,0.0,536.77,34.26,16.17,694.52,0.0
2014-06-09,0.0,522.6,35.87,18.36,809.69,0.0
2014-06-10,0.0,507.07,35.97,19.14,851.41,0.0
2014-06-11,0.0,454.47,34.23,20.04,901.3,0.0
2014-06-12,0.0,514.23,34.42,17.33,753.42,0.0
2014-06-13,0.0,430.08,34.09,20.87,953.32,0.0
2014-06-14,0.0,440.05,33.1,19.66,881.31,0.0
2014-06-15,0.0,502.68,31.61,15.56,664.32,0.0
2014-06-16,0.0,477.28,32.24,17.3,749.58,0.0
2014-06-17,0.0,424.14,32.3,19.69,882.52,0.0
2014-06-18,0.0,451.22,31.41,17.84,782.19,0.0
2014-06-19,0.0,519.46,32.64,15.78,677.18,0.0
2014-06-20,0.0,522.08,35.52,18.13,796.7,0.0
2014-06-21,0.0,488.27,35.38,19.76,886.78,0.0
2014-06-22,0.0,498.36,34.67,18.59,824.9,0.0
2014-06-23,0.0,509.31,34.42,17.73,775.19,0.0
2014-06-24,0.0,498.96,34.04,17.8,775.49,0.0
2014-06-25,0.0,500.27,34.18,17.94,786.7,0.0
2014-06-26,0.0,484.14,34.15,18.71,825.34,0.0
2014-06-27,0.0,432.26,32.52,19.57,878.02,0.0
2014-06-28,0.0,499.72,34.73,18.52,818.92,0.0
2014-06-29,0.0,483.94,35.71,20.18,914.51,0.0
2014-06-30,0.0,466.82,36.27,21.51,997.05,0.0
2014-07-01,0.0,484.51,36.87,21.26,980.11,0.0
2014-07-02,0.0,469.48,36.46,21.68,1008.99,0.0
2014-07-03,0.0,470.46,36.29,21.51,999.87,0.0
2014-07-04,1.36,414.17,33.7,20.01,910.81,0.0
2014-07-05,0.1,428.62,33.46,20.73,948.31,0.0
2014-07-06,4.3,396.93,33.96,20.35,921.74,0.0
2014-07-07,2.31,386.06,33.6,21.73,1010.21,0.0
2014-07-08,0.67,451.39,33.98,20.55,939.67,0.0
2014-07-09,8.34,374.2,32.63,19.32,862.95,0.0
2014-07-10,0.0,440.71,33.04,20.59,941.45,0.0
2014-07-11,0.0,439.47,34.44,21.94,1028.65,0.0
2014-07-12,0.0,436.01,34.73,22.45,1064.46,0.0
2014-07-13,3.87,406.02,35.34,21.17,976.38,0.0
2014-07-14,0.0,460.92,33.46,20.31,926.42,0.0
2014-07-15,4.66,355.64,31.91,20.72,975.15,0.0
2014-07-16,0.01,444.0,32.6,20.34,924.02,0.0
2014-07-17,0.0,441.13,33.55,21.3,988.07,0.0
2014-07-18,0.0,483.23,33.94,19.96,901.12,0.0
2014-07-19,0.0,448.0,34.16,21.72,1017.62,0.0
2014-07-20,0.0,496.36,34.48,20.08,910.66,0.0
2014-07-21,0.0,505.22,35.13,20.23,919.18,0.0
2014-07-22,0.0,529.08,37.82,21.28,984.1,0.0
2014-07-23,0.0,470.1,37.67,24.1,1182.71,0.0
2014-07-24,1.03,448.36,38.02,23.65,1160.06,0.0
2014-07-25,0.0,500.67,37.48,22.62,1079.67,0.0
2014-07-26,0.0,510.77,36.39,21.19,979.67,0.0
2014-07-27,4.81,383.73,35.38,20.62,957.9,0.0
2014-07-28,0.0,458.06,33.64,21.03,980.73,0.0
2014-07-29,0.0,486.81,35.25,21.32,990.39,0.0
2014-07-30,0.0,497.65,36.48,21.95,1030.01,0.0
2014-07-31,0.0,460.62,35.66,22.83,1099.24,0.0
2014-08-01,0.0,446.35,33.72,21.66,1028.41,0.0
2014-08-02,0.0,452.2,31.63,19.5,900.65,0.0
2014-08-03,16.1,334.6,30.84,18.86,932.94,0.0
2014-08-04,1.63,414.79,31.62,18.75,992.61,0.0
2014-08-05,0.0,503.71,33.21,18.78,877.59,0.0
2014-08-06,0.0,512.33,34.16,19.07,889.64,0.0
2014-08-07,0.0,503.2,33.65,18.98,891.99,0.0
2014-08-08,0.0,499.17,33.92,19.43,909.44,0.0
2014-08-09,0.0,474.46,33.75,20.29,979.66,0.0
2014-08-10,0.0,486.09,34.07,20.04,949.09,0.0
2014-08-11,0.44,451.74,34.67,21.75,1105.55,0.0
2014-08-12,2.35,365.68,31.86,21.15,1172.57,0.0
2014-08-13,16.74,306.4,29.1,18.04,1118.72,0.0
2014-08-14,0.93,424.43,31.68,19.43,1157.44,0.0
2014-08-15,0.0,449.41,32.94,20.17,1170.18,0.0
2014-08-16,0.0,458.04,34.18,20.86,1205.54,0.0
2014-08-17,0.0,452.79,35.45,22.16,1307.09,0.009713447208015133
2014-08-18,8.98,345.25,33.61,19.87,1343.05,5.713792475303019e-05
2014-08-19,26.55,288.14,27.91,17.16,1422.08,0.07427930217893926
2014-08-20,18.31,317.38,29.16,16.7,1620.45,0.026283445386393888
2014-08-21,0.0,379.26,28.76,18.14,1756.98,0.0
2014-08-22,0.0,432.62,27.58,15.31,1381.11,0.0
2014-08-23,0.0,451.37,29.41,16.19,1417.16,0.0
2014-08-24,0.0,466.53,31.68,17.43,1489.5,0.0
2014-08-25,0.0,416.74,31.43,19.21,1772.03,0.0
2014-08-26,0.0,422.8,31.07,18.72,1721.65,0.0
2014-08-27,0.0,425.09,31.38,18.85,1729.71,0.0
2014-08-28,0.58,446.65,32.88,18.9,1668.32,0.0
2014-08-29,0.0,472.8,34.12,18.92,1615.63,0.0
2014-08-30,0.0,474.71,34.75,19.16,1627.36,0.0
2014-08-31,0.0,456.88,34.05,19.32,1690.22,0.0
2014-09-01,0.0,470.66,34.01,18.47,1579.61,0.0
2014-09-02,0.0,461.34,34.7,19.29,1680.22,0.0
2014-09-03,0.0,458.18,34.77,19.34,1691.0,0.0
2014-09-04,0.0,386.56,33.76,21.51,2132.36,0.0
2014-09-05,0.0,422.86,32.15,18.78,1737.9,0.0
2014-09-06,0.0,402.91,33.21,20.42,1974.55,0.0
2014-09-07,0.0,377.36,32.22,20.55,2062.13,0.0
2014-09-08,42.73,263.73,28.67,18.07,1986.78,0.0
2014-09-09,8.56,189.66,26.39,19.23,2239.13,0.0
2014-09-10,0.26,374.44,29.08,17.6,2006.57,0.0
2014-09-11,0.0,422.86,31.38,17.58,1916.76,0.0
2014-09-12,0.0,442.35,33.73,18.23,1957.21,0.0
2014-09-13,0.0,351.77,31.26,20.03,2316.51,0.0
2014-09-14,0.0,369.48,31.39,19.52,2271.23,0.0
2014-09-15,0.0,353.02,32.6,21.08,2491.91,0.0
2014-09-16,0.0,323.59,30.18,20.06,2344.84,0.0
2014-09-17,5.25,185.62,26.08,18.99,2207.43,0.0
2014-09-18,0.26,335.89,28.22,17.92,2060.06,0.0
2014-09-19,0.0,323.07,29.63,19.77,2315.36,0.0
2014-09-20,0.0,370.44,30.87,18.95,2195.12,0.0
2014-09-21,0.0,372.04,30.63,18.61,2154.85,0.0
2014-09-22,0.0,373.84,31.08,18.84,2181.31,0.0
2014-09-23,0.0,403.78,31.88,18.05,2048.35,0.0
2014-09-24,0.0,418.45,33.22,18.09,2023.86,0.0
2014-09-25,0.0,369.23,32.91,20.16,2360.67,0.0
2014-09-26,0.98,360.95,31.67,19.15,2231.28,0.0
2014-09-27,24.32,267.23,27.64,16.16,1852.18,0.9941998907027253
2014-09-28,30.49,252.96,24.98,14.66,1677.08,0.4113930582218174
2014-09-29,0.0,400.84,24.83,12.03,1422.69,0.023426549148742377
2014-09-30,0.0,427.0,25.6,11.19,1347.1,0.0
2014-10-01,0.0,416.93,25.83,11.84,1402.18,0.0
2014-10-02,0.0,421.32,27.09,12.5,1468.72,0.0
2014-10-03,0.0,437.35,29.56,13.07,1503.21,0.0
2014-10-04,0.0,428.19,30.39,14.06,1610.71,0.0
2014-10-05,0.0,422.31,29.43,13.46,1550.45,0.0
2014-10-06,0.0,408.13,28.55,13.54,1562.19,0.0
2014-10-07,0.0,345.1,26.94,15.36,1750.42,0.00045710339802424154
2014-10-08,8.5,195.57,22.61,14.97,1716.26,0.0015427239683318155
2014-10-09,15.72,198.71,21.59,13.5,1556.54,0.4285344356477265
2014-10-10,3.22,295.78,24.74,13.35,1539.62,0.10856205703075737
2014-10-11,0.0,369.99,26.62,13.58,1559.51,0.025140686891333287
2014-10-12,0.0,370.75,26.31,13.18,1525.18,0.012570343445666644
2014-10-13,0.0,381.49,25.33,11.55,1372.5,0.006856550970363623
2014-10-14,0.0,391.45,26.6,11.79,1388.9,0.0031997237861696908
2014-10-15,0.0,359.67,26.25,13.1,1508.16,0.0019998273663560566
2014-10-16,0.0,363.08,26.72,13.15,1517.36,0.0005713792475303019
2014-10-17,0.0,335.5,25.83,13.5,1551.19,0.0005713792475303019
2014-10-18,0.0,356.28,26.58,12.92,1494.15,0.0009142067960484831
2014-10-19,0.0,347.56,26.64,13.17,1521.39,0.0007999309465424227
2014-10-20,0.0,342.69,25.88,12.58,1462.24,0.0010284826455545435
2014-10-21,0.0,321.75,25.33,13.05,1500.54,0.0009142067960484831
2014-10-22,0.0,347.47,26.37,12.41,1441.16,0.0018284135920969662
2014-10-23,0.0,354.92,27.62,12.87,1492.1,0.004742447754501505
2014-10-24,0.0,351.54,28.71,13.76,1576.04,0.004456758130736355
2014-10-25,0.0,336.26,29.15,14.85,1689.71,0.003485413409934842
2014-10-26,0.0,300.74,26.8,14.76,1682.55,0.003485413409934842
2014-10-27,0.0,308.29,24.45,12.27,1440.25,0.0036568271841939323
2014-10-28,0.0,334.94,24.6,10.73,1302.47,0.003485413409934842
2014-10-29,0.0,348.77,26.75,11.35,1353.59,0.0027997583128984795
2014-10-30,0.0,330.06,27.15,12.73,1471.32,0.0022855169901212077
2014-10-31,0.0,290.56,26.82,14.59,1662.33,0.0018855515168499965
2014-11-01,0.0,287.77,24.81,12.99,1501.96,0.0016569998178378755
2014-11-02,0.0,278.07,19.2,8.62,1148.33,0.0011998964198136342
2014-11-03,0.0,335.1,17.7,4.18,830.45,0.0007427930217893925
2014-11-04,0.0,315.71,19.02,6.45,972.3,0.0005142413227772717
2014-11-05,0.0,314.37,21.99,9.09,1170.24,0.00045710339802424154
2014-11-06,0.0,343.24,23.48,8.08,1086.53,0.0005142413227772717
2014-11-07,0.0,340.5,23.85,8.22,1098.03,0.0006856550970363622
2014-11-08,0.0,324.34,24.99,9.95,1235.91,0.0006285171722833321
2014-11-09,0.0,303.4,24.51,10.72,1297.64,0.0005142413227772717
2014-11-10,0.0,294.42,22.85,9.7,1215.67,0.0003428275485181811
2014-11-11,0.0,285.96,21.6,8.93,1154.77,0.0003428275485181811
2014-11-12,0.0,259.85,20.48,9.45,1195.97,0.00045710339802424154
2014-11-13,0.0,237.35,19.77,9.88,1230.66,0.0005142413227772717
2014-11-14,0.0,214.95,17.84,9.11,1168.93,0.00045710339802424154
2014-11-15,0.0,270.63,18.0,6.76,995.32,0.0006285171722833321
2014-11-16,0.0,241.29,15.34,5.74,938.39,0.0005142413227772717
2014-11-17,0.0,302.46,15.29,2.23,718.81,0.00045710339802424154
2014-11-18,0.0,321.0,17.09,2.38,725.26,0.00039996547327121135
2014-11-19,0.0,319.85,18.41,3.41,781.48,0.00039996547327121135
2014-11-20,0.0,305.88,18.05,3.96,815.06,0.0003428275485181811
2014-11-21,0.0,274.8,17.15,5.15,883.46,0.00017141377425909055
2014-11-22,0.0,303.44,17.28,3.31,776.72,0.00011427584950606039
2014-11-23,0.0,282.8,16.01,3.4,784.2,5.713792475303019e-05
2014-11-24,0.0,311.92,16.08,1.36,676.32,0.0
2014-11-25,0.0,301.68,16.01,1.93,702.04,0.0
2014-11-26,0.0,317.09,20.45,4.2,816.14,0.0
2014-11-27,0.0,306.01,23.29,7.39,1030.83,0.0
2014-11-28,0.0,294.62,23.61,8.53,1122.16,0.0
2014-11-29,0.0,289.6,21.69,7.09,1007.13,0.0
2014-11-30,0.0,262.82,19.37,6.85,987.85,0.0
2014-12-01,0.0,283.11,18.57,4.74,856.65,0.0
2014-12-02,0.0,197.76,17.16,8.4,1111.73,0.0
2014-12-03,1.22,135.12,16.4,10.26,1261.04,0.0
2014-12-04,19.62,109.52,15.19,9.07,1165.29,0.005713792475303019
2014-12-05,14.13,165.01,16.37,7.02,1002.87,0.002685482463392419
2014-12-06,0.0,161.05,15.32,8.7,1135.84,0.0015998618930848454
2014-12-07,0.0,258.43,18.62,6.99,1000.49,0.0011998964198136342
2014-12-08,0.0,218.61,18.32,8.98,1158.43,0.0010284826455545435
2014-12-09,0.0,228.76,19.84,9.93,1234.14,0.0009713447208015134
2014-12-10,0.0,269.54,20.52,8.02,1081.89,0.0007999309465424227
2014-12-11,0.0,259.53,19.33,7.64,1055.98,0.0007999309465424227
2014-12-12,0.0,233.3,18.88,8.73,1138.13,0.0006856550970363622
2014-12-13,15.02,179.39,14.76,4.53,853.49,0.0016569998178378755
2014-12-14,1.32,243.45,11.54,0.77,650.63,0.001485586043578785
2014-12-15,0.0,263.69,13.39,1.84,699.88,0.0010284826455545435
2014-12-16,0.0,213.9,13.25,4.43,838.65,0.0006856550970363622
2014-12-17,7.47,111.53,10.24,4.37,837.3,0.0007999309465424227
2014-12-18,5.98,138.83,10.28,3.29,782.61,0.0006856550970363622
2014-12-19,0.0,261.24,12.19,1.39,678.29,0.00039996547327121135
2014-12-20,0.0,279.73,13.89,1.78,696.96,0.00028568962376515096
2014-12-21,0.0,269.57,14.03,2.64,741.67,0.00022855169901212077
2014-12-22,0.0,272.15,15.45,3.82,808.12,0.0003428275485181811
2014-12-23,0.0,243.66,12.96,3.22,775.87,0.00022855169901212077
2014-12-24,0.0,299.21,13.97,0.6,636.28,0.00011427584950606039
2014-12-25,0.0,255.53,10.59,0.59,641.0,0.00011427584950606039
2014-12-26,0.0,300.66,8.63,-4.1,454.75,5.713792475303019e-05
2014-12-27,0.0,297.31,8.89,-3.47,477.24,0.00011427584950606039
2014-12-28,0.0,314.07,10.4,-3.45,472.26,0.00017141377425909055
2014-12-29,0.0,313.37,11.29,-2.47,503.45,0.0008570688712954529
2014-12-30,0.0,306.24,12.22,-1.03,561.5,0.0013713101940727244
2014-12-31,7.09,191.37,9.11,-0.35,597.72,0.00297117208715757
