Date,prcp(mm/day),srad(W/m2),tmax(C),tmin(C),vp(Pa),flow(mm/day)
1980-01-01,0.0,265.37,9.0,-4.0,440.0,0.06717371405750798
1980-01-02,0.0,191.86,6.44,-1.22,560.0,0.05801366214057508
1980-01-03,3.89,128.24,2.05,-4.48,440.0,0.05679232188498403
1980-01-04,0.0,145.35,0.38,-4.99,430.46,0.0494642803514377
1980-01-05,0.0,103.18,1.36,-2.31,520.0,0.045800259584664535
1980-01-06,0.0,231.53,6.14,-3.55,468.46,0.045800259584664535
1980-01-07,0.0,225.18,-1.0,-10.0,280.0,0.03908288817891374
1980-01-08,0.0,266.34,2.22,-9.75,280.0,0.03480819728434505
1980-01-09,0.0,262.07,2.06,-9.42,286.73,0.03725087779552715
1980-01-10,0.0,292.15,11.5,-4.22,442.89,0.0427469089456869
1980-01-11,0.0,284.04,12.61,-1.76,540.97,0.04335757907348242
1980-01-12,0.0,234.47,7.7,-1.82,534.32,0.04091489856230032
1980-01-13,0.0,291.64,15.52,-0.03,600.0,0.040304228434504784
1980-01-14,0.0,303.31,16.53,-1.18,561.33,0.04091489856230032
1980-01-15,0.0,242.81,14.9,4.66,852.63,0.04091489856230032
1980-01-16,0.0,204.93,10.81,2.99,758.9,0.039693558306709266
1980-01-17,0.0,297.88,10.54,-4.0,440.0,0.03908288817891374
1980-01-18,0.0,295.54,12.37,-1.83,532.81,0.03908288817891374
1980-01-19,34.27,194.06,10.67,0.11,614.85,0.5068562060702875
1980-01-20,6.7,108.15,3.09,-1.77,539.02,1.8381170846645367
1980-01-21,0.8,183.83,5.18,-1.38,555.8,0.26258815495207666
1980-01-22,0.0,188.61,5.0,-1.5,560.0,0.14045412939297125
1980-01-23,0.0,305.35,9.41,-4.3,440.0,0.10992062300319488
1980-01-24,0.0,316.44,16.21,0.27,620.6,0.09770722044728435
1980-01-25,0.0,287.31,12.95,1.0,640.0,0.09770722044728435
1980-01-26,0.0,323.08,6.13,-8.59,320.0,0.09160051916932907
1980-01-27,0.0,147.56,-6.35,-10.96,275.26,0.07328041533546326
1980-01-28,0.0,147.52,-6.29,-10.84,278.56,0.06717371405750798
1980-01-29,0.0,168.22,-5.41,-10.62,280.0,0.06106701277955272
1980-01-30,0.0,139.15,-4.29,-8.51,320.0,0.05923500239616612
1980-01-31,0.0,305.34,-4.22,-15.43,200.0,0.05801366214057508
1980-02-01,0.0,327.84,0.5,-12.71,240.0,0.06045634265175719
1980-02-02,0.0,340.1,8.56,-6.61,360.0,0.06106701277955272
1980-02-03,0.0,312.54,6.04,-6.22,382.35,0.06717371405750798
1980-02-04,0.0,216.28,4.19,-3.01,480.0,0.06717371405750798
1980-02-05,0.0,293.64,8.47,-2.5,520.0,0.06717371405750798
1980-02-06,0.0,296.49,6.35,-4.59,440.0,0.06717371405750798
1980-02-07,0.0,204.79,1.87,-4.59,440.0,0.07328041533546326
1980-02-08,19.41,85.71,-2.78,-5.79,398.38,0.05801366214057508
1980-02-09,0.0,243.98,-4.05,-10.78,276.91,0.05496031150159744
1980-02-10,0.0,410.96,-1.65,-18.82,139.02,0.05496031150159744
1980-02-11,0.0,395.91,-1.01,-15.93,176.19,0.05496031150159744
1980-02-12,0.0,422.66,-0.49,-19.24,124.43,0.05801366214057508
1980-02-13,0.0,353.53,4.89,-6.38,369.76,0.06106701277955272
1980-02-14,0.0,254.97,5.02,-1.98,521.68,0.06717371405750798
1980-02-15,0.0,268.24,2.03,-5.23,422.56,0.07328041533546326
1980-02-16,0.0,320.18,-4.54,-13.28,217.89,0.07328041533546326
1980-02-17,0.0,412.38,-2.36,-16.29,160.0,0.06106701277955272
1980-02-18,0.0,321.35,3.07,-5.66,399.77,0.07328041533546326
1980-02-19,0.0,255.39,6.08,-0.5,600.0,0.0854938178913738
1980-02-20,0.0,436.18,15.54,-2.76,483.2,0.1465608306709265
1980-02-21,0.0,382.94,14.68,2.0,711.01,0.7328041533546326
1980-02-22,0.0,296.72,6.39,-1.58,553.6,0.6839505431309904
1980-02-23,0.0,215.34,5.77,0.5,640.0,0.2503747523961661
1980-02-24,8.12,222.33,7.45,-0.06,600.0,0.23816134984025558
1980-02-25,0.0,324.31,6.01,-2.16,520.0,0.4824294009584665
1980-02-26,0.0,458.74,12.46,-5.78,395.94,0.24426805111821087
1980-02-27,0.0,440.46,19.81,-1.27,528.41,0.13434742811501596
1980-02-28,0.0,412.48,19.41,2.94,721.87,0.11602732428115016
1980-02-29,0.0,419.56,8.06,-7.69,342.04,0.10992062300319488
1980-03-01,0.04,318.01,-5.46,-14.5,200.0,0.0854938178913738
1980-03-02,0.0,429.04,-0.25,-15.52,196.38,0.0854938178913738
1980-03-03,0.0,406.97,8.71,-5.02,438.01,0.09160051916932907
1980-03-04,0.0,394.48,9.66,-3.27,479.81,0.10381392172523961
1980-03-05,0.0,395.14,2.22,-10.34,280.0,0.0854938178913738
1980-03-06,0.0,470.43,16.92,-6.0,360.0,0.09160051916932907
1980-03-07,0.0,432.38,14.34,-2.0,520.0,0.09160051916932907
1980-03-08,0.0,392.22,11.29,-1.87,530.8,0.0854938178913738
1980-03-09,0.0,445.8,15.86,-1.77,407.93,0.0854938178913738
1980-03-10,0.0,459.53,19.45,-0.25,420.0,0.0854938178913738
1980-03-11,0.0,427.04,13.38,-2.29,402.54,0.0854938178913738
1980-03-12,17.96,163.7,7.24,1.0,640.0,0.18320103833865814
1980-03-13,0.0,344.02,11.49,1.0,639.86,0.1954144408945687
1980-03-14,0.0,459.81,18.57,0.62,507.32,0.15266753194888177
1980-03-15,0.0,426.53,20.46,4.94,697.81,0.10992062300319488
1980-03-16,0.0,372.72,19.29,6.9,860.63,0.09770722044728435
1980-03-17,0.0,391.47,14.12,1.17,582.6,0.09160051916932907
1980-03-18,0.0,457.83,16.74,-0.51,476.39,0.0854938178913738
1980-03-19,0.0,426.43,21.0,5.55,713.87,0.07938711661341853
1980-03-20,0.0,375.89,19.09,6.5,820.95,0.07938711661341853
1980-03-21,0.0,473.17,16.0,-2.26,401.75,0.07938711661341853
1980-03-22,0.0,425.32,19.47,4.48,672.73,0.07328041533546326
1980-03-23,5.41,380.74,17.5,3.42,670.32,0.3541886741214057
1980-03-24,36.67,182.33,6.36,-0.74,581.65,2.5159609265175717
1980-03-25,0.0,150.39,4.38,0.26,622.13,0.720590750798722
1980-03-26,0.0,321.67,11.79,1.99,719.39,0.21984124600638977
1980-03-27,6.2,163.49,12.07,5.87,924.17,0.1709876357827476
1980-03-28,11.5,168.26,13.61,7.41,1032.78,1.8625438897763578
1980-03-29,13.14,274.03,12.57,2.03,716.26,2.6197748482428116
1980-03-30,11.21,168.87,7.11,1.38,671.75,5.007495047923323
1980-03-31,0.0,409.38,12.47,0.5,640.0,1.3617943849840255
1980-04-01,0.0,384.13,15.96,4.97,877.76,0.32976186900958465
1980-04-02,0.0,386.51,13.75,2.95,755.67,0.6717371405750798
1980-04-03,15.6,279.02,11.01,1.01,645.07,3.169377963258786
1980-04-04,0.0,461.21,14.48,0.49,638.98,0.7266974520766774
1980-04-05,0.0,490.63,19.11,3.15,771.1,0.2564814536741214
1980-04-06,0.0,438.89,22.73,9.43,1191.06,0.2137345447284345
1980-04-07,0.0,475.42,21.95,6.85,982.88,0.20152114217252395
1980-04-08,1.96,442.61,18.2,5.54,914.73,0.1954144408945687
1980-04-09,0.0,505.25,18.47,2.49,719.85,0.1709876357827476
1980-04-10,0.0,538.45,23.0,2.98,722.43,0.15877423322683706
1980-04-11,0.0,498.53,21.68,5.44,880.55,0.16488093450479233
1980-04-12,0.0,435.18,13.5,1.5,679.95,0.15266753194888177
1980-04-13,0.0,447.83,13.48,1.17,656.08,0.14045412939297125
1980-04-14,0.0,501.9,13.46,-1.5,560.0,0.13434742811501596
1980-04-15,0.0,558.79,21.36,-0.33,563.88,0.1282407268370607
1980-04-16,0.0,482.9,22.51,7.41,1002.04,0.1282407268370607
1980-04-17,0.0,404.26,17.21,6.39,950.94,0.1282407268370607
1980-04-18,0.02,384.03,17.45,7.5,1040.0,0.1282407268370607
1980-04-19,0.0,548.68,23.37,3.91,685.32,0.12213402555910544
1980-04-20,0.0,547.18,28.08,7.93,854.02,0.12213402555910544
1980-04-21,0.0,543.55,30.19,9.74,953.46,0.11602732428115016
1980-04-22,0.0,516.12,28.88,11.18,1075.2,0.10992062300319488
1980-04-23,0.0,506.26,27.42,10.5,1056.38,0.10992062300319488
1980-04-24,9.77,300.54,24.25,12.42,1433.54,0.11602732428115016
1980-04-25,6.66,245.38,15.52,6.92,993.98,0.13434742811501596
1980-04-26,12.76,222.04,14.69,7.03,1002.13,0.17709433706070285
1980-04-27,0.0,437.99,17.98,5.33,887.03,0.15266753194888177
1980-04-28,0.0,523.68,22.71,4.91,791.53,0.14045412939297125
1980-04-29,0.0,530.91,26.01,6.72,866.81,0.11602732428115016
1980-04-30,0.0,457.48,24.87,10.14,1166.69,0.10381392172523961
1980-05-01,2.71,288.87,21.01,11.46,1356.97,0.10381392172523961
1980-05-02,0.0,366.86,21.74,11.02,1321.93,0.09770722044728435
1980-05-03,0.0,490.34,24.94,8.51,1019.47,0.09770722044728435
1980-05-04,0.0,503.3,26.5,9.03,1041.2,0.09160051916932907
1980-05-05,0.0,467.44,27.03,11.5,1251.84,0.09160051916932907
1980-05-06,0.0,492.24,27.48,10.5,1148.26,0.0854938178913738
1980-05-07,0.0,465.7,26.37,10.97,1213.29,0.07938711661341853
1980-05-08,0.0,468.38,19.0,4.31,797.79,0.07938711661341853
1980-05-09,0.0,514.17,20.7,3.5,691.05,0.07328041533546326
1980-05-10,0.0,512.47,30.5,12.0,1149.83,0.07938711661341853
1980-05-11,0.0,482.74,29.43,12.92,1263.92,0.07938711661341853
1980-05-12,0.85,454.57,26.94,12.12,1248.66,0.07328041533546326
1980-05-13,0.0,502.6,25.04,7.96,924.95,0.07328041533546326
1980-05-14,0.0,506.1,22.72,5.68,789.74,0.06717371405750798
1980-05-15,0.0,373.68,21.43,10.46,1242.29,0.13434742811501596
1980-05-16,34.63,244.52,19.04,9.89,1231.4,0.16488093450479233
1980-05-17,0.0,333.27,19.89,10.5,1280.0,0.22594794728434506
1980-05-18,0.13,324.47,20.08,10.93,1314.74,0.10381392172523961
1980-05-19,0.0,483.06,23.86,8.52,1053.26,0.06717371405750798
1980-05-20,0.0,426.05,23.84,11.17,1305.42,0.06717371405750798
1980-05-21,5.37,324.99,23.47,10.74,1299.13,0.06106701277955272
1980-05-22,0.0,442.43,24.5,11.43,1324.82,0.06106701277955272
1980-05-23,0.0,465.24,25.58,11.5,1297.18,0.06106701277955272
1980-05-24,0.0,424.38,28.92,16.0,1762.05,0.05923500239616612
1980-05-25,0.0,383.86,31.97,20.0,2275.97,0.05557098162939297
1980-05-26,0.0,343.01,32.16,21.5,2558.95,0.05007495047923322
1980-05-27,19.24,320.15,30.38,16.87,1909.52,0.09160051916932907
1980-05-28,0.0,365.54,28.26,17.56,2009.97,0.06106701277955272
1980-05-29,0.0,363.27,28.69,18.19,2095.19,0.07328041533546326
1980-05-30,0.76,441.08,29.14,14.85,1628.9,0.05984567252396167
1980-05-31,0.22,417.32,30.0,17.34,1944.73,0.04824294009584664
1980-06-01,0.0,325.34,30.04,20.56,2409.85,0.04335757907348242
1980-06-02,0.0,322.26,31.03,21.63,2581.27,0.04091489856230032
1980-06-03,0.0,413.89,31.96,19.4,2206.03,0.037861547923322685
1980-06-04,0.0,377.3,31.59,20.5,2395.02,0.03541886741214057
1980-06-05,0.0,399.3,32.98,20.99,2441.29,0.034197527156549515
1980-06-06,0.0,406.45,34.38,21.9,2562.11,0.03175484664536741
1980-06-07,0.0,371.33,33.71,22.69,2739.62,0.03053350638977636
1980-06-08,0.0,503.24,29.68,14.17,1496.67,0.026869485623003196
1980-06-09,0.0,464.78,27.1,14.0,1542.06,0.02564814536741214
1980-06-10,0.0,530.6,30.31,13.17,1365.77,0.026258815495207664
1980-06-11,0.0,497.25,31.54,16.18,1634.6,0.026869485623003196
1980-06-12,0.0,487.09,32.49,17.5,1782.29,0.02503747523961661
1980-06-13,0.0,451.8,34.36,20.6,2210.14,0.022594794728434505
1980-06-14,0.0,503.31,36.6,19.48,1956.48,0.020152114217252392
1980-06-15,0.0,453.74,37.48,22.52,2454.88,0.020152114217252392
1980-06-16,0.0,476.85,32.31,17.47,1796.39,0.03358685702875399
1980-06-17,21.51,189.06,23.2,16.91,1912.64,0.10381392172523961
1980-06-18,0.0,393.6,29.46,18.47,2112.26,0.09160051916932907
1980-06-19,6.07,333.89,32.41,18.83,2173.14,0.07938711661341853
1980-06-20,7.51,334.98,30.28,17.08,1933.18,0.07328041533546326
1980-06-21,0.0,436.34,28.34,15.96,1789.13,0.06717371405750798
1980-06-22,22.63,338.02,30.54,17.13,1943.41,0.07328041533546326
1980-06-23,0.0,478.09,35.05,19.45,2074.49,0.06106701277955272
1980-06-24,0.0,422.76,37.88,23.91,2820.58,0.05129629073482428
1980-06-25,0.0,466.83,39.77,23.0,2562.72,0.04152556869009585
1980-06-26,0.0,483.73,41.04,22.78,2452.25,0.03358685702875399
1980-06-27,0.0,505.27,41.96,21.86,2211.79,0.026258815495207664
1980-06-28,0.0,441.81,40.84,24.79,2722.33,0.01954144408945687
1980-06-29,0.0,501.59,37.46,19.45,1817.26,0.01282407268370607
1980-06-30,0.0,480.53,40.46,22.53,2216.71,0.009770722044728435
1980-07-01,0.0,474.95,41.06,23.0,2291.51,0.007328041533546326
1980-07-02,0.0,424.71,39.72,24.35,2633.91,0.00586243322683706
1980-07-03,0.04,457.5,37.57,21.43,2046.2,0.004274690894568689
1980-07-04,0.0,467.91,40.48,22.84,2178.58,0.003908288817891374
1980-07-05,0.0,449.67,39.54,22.97,2250.78,0.0036029537539936096
1980-07-06,0.0,440.95,39.38,23.15,2302.87,0.002992283626198083
1980-07-07,0.0,398.86,39.05,24.6,2639.95,0.0021373454472843447
1980-07-08,0.0,403.33,39.85,25.04,2673.48,0.0012213402555910544
1980-07-09,0.0,415.51,41.42,25.6,2713.15,0.0006106701277955272
1980-07-10,0.0,442.11,41.5,24.46,2456.64,0.0
1980-07-11,0.0,456.5,41.49,23.68,2308.72,0.0
1980-07-12,0.0,467.18,42.4,23.63,2265.84,0.0
1980-07-13,0.0,442.02,41.47,24.18,2422.37,0.0
1980-07-14,0.0,437.76,41.83,24.61,2498.77,0.0
1980-07-15,0.0,417.91,41.5,25.25,2659.45,0.0
1980-07-16,1.17,430.1,41.94,24.95,2572.45,0.0
1980-07-17,0.0,455.62,42.5,23.76,2331.23,0.0
1980-07-18,0.0,447.74,42.41,23.93,2379.37,0.0
1980-07-19,0.0,385.69,41.23,25.87,2884.24,0.0
1980-07-20,0.0,391.67,40.45,25.0,2727.7,0.0
1980-07-21,0.07,427.95,37.5,21.09,2092.41,0.0
1980-07-22,0.0,385.7,33.87,20.0,2081.62,0.0
1980-07-23,0.0,496.06,34.41,15.02,1347.68,0.0
1980-07-24,0.0,483.48,37.0,17.74,1546.84,0.0
1980-07-25,0.0,387.94,37.1,22.5,2274.9,0.0
1980-07-26,0.0,409.54,35.42,20.44,1864.28,0.0
1980-07-27,0.0,447.17,34.99,18.5,1577.35,0.0
1980-07-28,0.0,498.72,39.95,19.29,1502.8,0.0
1980-07-29,0.0,488.04,41.89,21.22,1705.36,0.0
1980-07-30,0.0,432.96,42.0,24.27,2229.31,0.0
1980-07-31,0.0,429.43,42.0,24.48,2234.62,0.0
1980-08-01,0.0,430.35,42.5,24.7,2264.33,0.0
1980-08-02,0.0,366.1,41.16,26.49,2773.86,0.0
1980-08-03,0.0,414.99,39.88,23.5,2181.37,0.0
1980-08-04,5.24,282.19,38.49,24.24,2764.05,0.0
1980-08-05,0.0,409.2,38.5,22.6,2152.31,0.0
1980-08-06,8.57,337.38,37.72,20.88,2148.66,0.0
1980-08-07,0.0,350.18,38.01,24.42,2689.25,0.0
1980-08-08,0.0,387.67,38.4,23.21,2388.48,0.0
1980-08-09,0.0,410.55,38.82,22.48,2221.83,0.0
1980-08-10,0.0,408.61,39.35,22.95,2289.11,0.0
1980-08-11,0.0,392.27,37.85,22.59,2294.3,0.0
1980-08-12,0.0,438.4,38.0,20.5,1909.37,0.0
1980-08-13,0.0,354.71,37.02,23.45,2542.67,0.0
1980-08-14,26.51,251.91,33.76,21.3,2525.18,0.00024426805111821086
1980-08-15,10.15,201.54,30.27,20.94,2470.83,0.0006106701277955272
1980-08-16,0.0,366.28,36.13,22.48,2390.85,0.8182979712460063
1980-08-17,47.11,306.76,35.18,19.56,2155.25,12.763005670926516
1980-08-18,2.51,324.32,33.0,19.95,2313.12,0.09160051916932907
1980-08-19,0.0,340.54,35.07,22.36,2696.43,0.028701496006389778
1980-08-20,0.0,286.24,34.77,24.27,3043.2,0.01282407268370607
1980-08-21,0.0,439.34,33.31,16.5,1755.65,0.007328041533546326
1980-08-22,0.0,384.82,32.47,18.5,2088.24,0.005984567252396166
1980-08-23,0.0,429.57,35.97,19.09,2065.96,0.00586243322683706
1980-08-24,0.0,412.3,37.42,20.88,2335.88,0.005373897124600639
1980-08-25,0.0,433.28,37.5,19.7,2135.97,0.004518958945686901
1980-08-26,0.0,449.31,37.8,19.0,1920.61,0.004152556869009585
1980-08-27,0.0,423.45,36.24,19.39,2032.33,0.0048242940095846645
1980-08-28,0.0,396.41,34.58,19.5,2111.91,0.005251763099041533
1980-08-29,0.0,420.52,35.5,18.96,1985.72,0.0060456342651757184
1980-08-30,0.0,383.12,37.79,22.44,2533.52,0.005251763099041533
1980-08-31,0.0,376.57,36.92,22.13,2514.0,0.005496031150159744
1980-09-01,0.0,302.44,34.0,22.9,2780.59,0.00494642803514377
1980-09-02,0.0,336.72,32.9,20.67,2415.31,0.004274690894568689
1980-09-03,0.0,409.84,35.39,19.24,2059.8,0.005434964137380192
1980-09-04,0.0,406.26,37.94,21.16,2308.83,0.003847221805111821
1980-09-05,0.0,412.44,37.96,20.69,2230.91,0.0033586857028753995
1980-09-06,0.0,409.73,37.0,20.01,2153.82,0.003053350638977636
1980-09-07,0.0,364.17,35.27,20.94,2391.79,0.00293121661341853
1980-09-08,0.0,349.44,35.05,21.38,2495.45,0.0026869485623003194
1980-09-09,0.0,337.77,33.26,20.5,2391.4,0.026258815495207664
1980-09-10,0.18,368.54,29.48,15.92,1778.76,0.002992283626198083
1980-09-11,0.0,381.41,32.43,17.78,1963.06,0.0023816134984025556
1980-09-12,0.0,375.29,36.58,21.07,2393.14,0.001893077396166134
1980-09-13,3.06,340.92,35.11,18.63,2096.38,0.0016488093450479234
1980-09-14,0.0,360.62,32.76,18.47,2102.02,0.001465608306709265
1980-09-15,0.0,374.82,35.24,19.5,2206.66,0.001282407268370607
1980-09-16,0.0,433.75,33.79,14.74,1478.21,0.0009160051916932907
1980-09-17,0.0,477.22,26.63,4.97,769.87,0.0009160051916932907
1980-09-18,0.0,459.92,30.93,9.56,1026.27,0.001465608306709265
1980-09-19,0.0,405.03,36.04,17.44,1716.24,0.0012213402555910544
1980-09-20,0.0,329.99,36.57,21.95,2462.83,0.0010381392172523962
1980-09-21,0.0,360.59,37.0,20.87,2042.55,0.0012213402555910544
1980-09-22,0.0,373.35,35.35,18.73,1775.57,0.0012213402555910544
1980-09-23,0.0,381.54,25.35,9.87,1045.29,0.0012213402555910544
1980-09-24,0.0,401.93,26.55,9.53,994.74,0.001465608306709265
1980-09-25,0.98,314.06,25.13,12.21,1332.98,0.001465608306709265
1980-09-26,0.0,325.81,21.94,9.54,1126.72,0.0011602732428115015
1980-09-27,0.0,239.95,19.28,10.69,1294.21,0.0017098763578274761
1980-09-28,20.06,109.19,16.38,11.5,1360.0,0.011602732428115015
1980-09-29,0.05,116.55,16.65,12.85,1468.28,0.001954144408945687
1980-09-30,0.0,378.78,28.98,12.8,1369.7,0.0034197527156549523
1980-10-01,0.0,346.1,27.91,13.63,1502.51,0.002320546485623003
1980-10-02,0.0,379.31,25.51,9.34,1111.41,0.0020152114217252396
1980-10-03,0.0,443.37,25.75,3.0,679.68,0.0020152114217252396
1980-10-04,0.0,382.94,25.49,8.49,1046.85,0.0021373454472843447
1980-10-05,0.0,397.12,25.96,7.49,965.04,0.0020152114217252396
1980-10-06,0.0,352.68,27.62,11.93,1348.49,0.001954144408945687
1980-10-07,0.0,397.18,30.64,10.44,1152.43,0.0020762784345047924
1980-10-08,0.0,391.62,32.58,11.88,1266.02,0.0020152114217252396
1980-10-09,0.0,402.05,33.0,10.36,1134.96,0.0020762784345047924
1980-10-10,0.0,360.12,30.69,12.35,1366.78,0.0017709433706070287
1980-10-11,0.0,388.79,23.11,3.25,741.02,0.0015877423322683706
1980-10-12,0.0,384.4,25.12,4.88,827.84,0.0016488093450479234
1980-10-13,0.0,346.03,28.96,11.13,1292.26,0.0014045412939297124
1980-10-14,0.0,301.78,30.0,14.85,1693.64,0.001465608306709265
1980-10-15,1.84,244.52,28.44,15.5,1759.57,0.0050685620607028746
1980-10-16,19.27,156.7,23.49,14.25,1619.89,0.009770722044728435
1980-10-17,0.0,319.55,21.55,6.51,964.32,0.0022594794728434506
1980-10-18,0.0,317.87,18.77,4.12,809.37,0.0010381392172523962
1980-10-19,0.0,361.23,20.9,2.25,720.0,0.0008549381789137381
1980-10-20,0.0,358.47,24.5,5.02,881.1,0.0007938711661341853
1980-10-21,0.0,351.49,26.5,7.0,999.76,0.0007938711661341853
1980-10-22,0.0,332.66,24.65,7.0,999.69,0.0006106701277955272
1980-10-23,0.0,305.71,21.72,6.46,957.17,0.0007938711661341853
1980-10-24,0.0,276.53,14.12,1.47,677.35,0.00042746908945686903
1980-10-25,0.0,321.41,15.99,-0.15,600.0,0.0004885361022364217
1980-10-26,0.0,287.52,15.76,1.83,706.15,0.00042746908945686903
1980-10-27,10.8,192.98,15.12,2.98,759.18,0.006717371405750799
1980-10-28,1.38,192.52,9.0,-0.03,610.56,0.0013434742811501597
1980-10-29,0.0,310.25,11.17,-5.13,429.83,0.0012213402555910544
1980-10-30,0.0,339.8,18.74,-1.83,533.39,0.0008549381789137381
1980-10-31,0.0,345.41,24.07,1.09,650.54,0.0009160051916932907
1980-11-01,0.0,310.63,22.07,3.44,794.89,0.0008549381789137381
1980-11-02,0.0,328.11,24.25,2.98,758.04,0.0010992062300319487
1980-11-03,0.0,268.61,22.85,7.41,1032.69,0.0006717371405750798
1980-11-04,0.0,316.31,21.43,1.5,680.0,0.0007938711661341853
1980-11-05,0.0,287.98,22.56,5.04,883.17,0.0006106701277955272
1980-11-06,0.0,311.92,27.84,6.27,942.58,0.0008549381789137381
1980-11-07,0.0,294.38,28.01,8.33,1106.42,0.0007328041533546325
1980-11-08,0.0,306.87,29.72,7.75,1060.25,0.0005496031150159744
1980-11-09,0.0,308.06,26.53,4.82,865.92,0.0007938711661341853
1980-11-10,0.0,281.77,23.68,5.39,911.42,0.0008549381789137381
1980-11-11,0.0,208.88,23.55,11.28,1342.29,0.0011602732428115015
1980-11-12,0.0,201.16,23.09,11.39,1351.39,0.0012213402555910544
1980-11-13,0.0,250.22,20.58,5.45,903.18,0.0016488093450479234
1980-11-14,9.45,59.84,5.01,1.31,664.83,0.007328041533546326
1980-11-15,0.0,110.68,5.94,0.43,634.57,0.002992283626198083
1980-11-16,0.0,124.72,4.81,-1.37,558.93,0.002320546485623003
1980-11-17,0.0,110.36,4.56,-0.85,574.81,0.002442680511182109
1980-11-18,0.0,261.78,7.34,-7.65,344.66,0.002320546485623003
1980-11-19,0.0,278.58,11.04,-6.0,383.71,0.0026869485623003194
1980-11-20,0.0,282.64,13.25,-4.62,422.13,0.0026869485623003194
1980-11-21,0.0,289.36,13.46,-5.72,383.83,0.00293121661341853
1980-11-22,0.0,238.27,12.9,-0.94,565.41,0.003114417651757188
1980-11-23,0.0,134.94,10.0,2.99,759.59,0.002992283626198083
1980-11-24,0.0,230.12,6.88,-5.91,395.03,0.0031754846645367413
1980-11-25,0.0,205.32,5.71,-5.3,415.69,0.003480819728434504
1980-11-26,0.0,224.19,5.82,-6.65,360.63,0.0037250877795527155
1980-11-27,0.0,207.1,8.45,-3.01,480.6,0.004213623881789137
1980-11-28,0.0,289.81,13.56,-7.5,341.87,0.004396824920127795
1980-11-29,0.0,269.89,15.0,-3.18,478.29,0.004641092971246006
1980-11-30,0.0,247.63,18.5,2.61,711.81,0.00494642803514377
1980-12-01,0.0,199.91,13.35,2.05,711.01,0.004885361022364218
1980-12-02,0.0,246.95,3.85,-10.66,280.0,0.00494642803514377
1980-12-03,0.0,274.48,9.93,-8.56,320.0,0.005190696086261981
1980-12-04,0.0,260.92,18.1,0.46,614.83,0.005679232188498402
1980-12-05,0.0,164.42,20.28,10.88,1310.03,0.0060456342651757184
1980-12-06,0.0,225.59,16.57,3.19,767.32,0.005434964137380192
1980-12-07,11.37,78.17,6.11,1.08,657.59,0.02564814536741214
1980-12-08,34.72,87.38,2.38,-3.0,486.21,0.6778438418530351
1980-12-09,3.42,125.17,3.06,-4.72,435.96,0.20762784345047922
1980-12-10,0.0,255.05,7.92,-6.44,371.02,0.05373897124600639
1980-12-11,0.0,270.99,14.79,-2.78,497.3,0.03480819728434505
1980-12-12,0.0,262.79,17.19,0.2,619.33,0.018320103833865814
1980-12-13,0.0,199.99,11.2,1.0,640.0,0.01282407268370607
1980-12-14,0.0,258.26,12.89,-3.15,480.0,0.010992062300319488
1980-12-15,0.0,263.41,16.29,-1.45,549.82,0.010381392172523962
1980-12-16,1.7,182.66,13.89,3.92,800.0,0.010381392172523962
1980-12-17,0.0,255.28,18.44,0.99,644.67,0.010992062300319488
1980-12-18,0.0,196.53,11.97,1.01,644.42,0.011602732428115015
1980-12-19,0.0,206.89,3.5,-7.66,345.33,0.009160051916932907
1980-12-20,0.0,98.47,-5.67,-10.17,280.0,0.007328041533546326
1980-12-21,0.0,234.37,0.86,-11.91,240.0,0.007328041533546326
1980-12-22,0.0,218.42,5.96,-5.6,401.06,0.009160051916932907
1980-12-23,0.0,188.69,4.99,-4.5,440.0,0.010992062300319488
1980-12-24,0.0,222.73,1.73,-9.95,280.0,0.010381392172523962
1980-12-25,0.0,231.83,-2.28,-14.65,200.0,0.009160051916932907
1980-12-26,0.0,280.35,11.87,-8.06,329.86,0.010381392172523962
1980-12-27,0.0,258.74,12.07,-4.34,440.0,0.012213402555910543
1980-12-28,0.0,230.48,13.02,0.0,600.0,0.013434742811501598
1980-12-29,0.0,207.94,12.02,1.04,643.34,0.014656083067092651
1980-12-30,0.0,281.85,16.59,-3.67,466.49,0.013434742811501598
1980-12-31,0.0,244.9,14.3,-1.32,554.91,0.013434742811501598
1981-01-01,0.0,204.95,9.6,-1.85,532.33,0.013434742811501598
1981-01-02,0.0,281.27,12.11,-6.89,360.0,0.014045412939297123
1981-01-03,0.0,212.38,7.69,-4.51,440.0,0.014045412939297123
1981-01-04,0.0,206.71,1.5,-10.0,280.0,0.01282407268370607
1981-01-05,0.0,200.89,4.54,-6.56,360.0,0.01282407268370607
1981-01-06,0.0,220.55,10.0,-3.2,480.0,0.013434742811501598
1981-01-07,0.0,274.58,11.6,-7.73,341.41,0.014656083067092651
1981-01-08,0.0,253.76,10.06,-6.06,393.45,0.01526675319488818
1981-01-09,0.0,221.37,7.34,-5.5,400.0,0.014656083067092651
1981-01-10,0.0,226.05,3.42,-9.5,280.0,0.013434742811501598
1981-01-11,0.0,153.51,0.29,-7.72,342.79,0.01282407268370607
1981-01-12,0.0,281.32,7.02,-11.84,240.0,0.011602732428115015
1981-01-13,0.0,278.43,11.89,-6.62,368.42,0.013434742811501598
1981-01-14,0.0,253.1,11.25,-4.12,448.3,0.014656083067092651
1981-01-15,0.0,274.38,9.0,-8.37,320.0,0.014045412939297123
1981-01-16,0.0,230.69,4.26,-8.5,320.0,0.014045412939297123
1981-01-17,0.0,256.47,3.0,-11.76,240.0,0.010992062300319488
1981-01-18,0.0,283.99,8.73,-9.14,309.05,0.01282407268370607
1981-01-19,1.0,162.55,7.22,-1.07,560.0,0.01526675319488818
1981-01-20,0.0,164.58,7.76,-0.57,586.42,0.016488093450479233
1981-01-21,0.0,243.55,8.97,-4.35,440.91,0.013434742811501598
1981-01-22,0.0,308.55,13.86,-6.85,360.0,0.009770722044728435
1981-01-23,0.0,321.39,18.38,-5.41,415.25,0.010381392172523962
1981-01-24,0.0,322.39,22.46,-1.98,532.41,0.013434742811501598
1981-01-25,0.0,271.7,19.11,3.14,771.36,0.014656083067092651
1981-01-26,0.0,288.41,13.52,-3.28,480.0,0.014656083067092651
1981-01-27,0.0,307.58,12.1,-6.47,363.29,0.01282407268370607
1981-01-28,0.0,315.44,14.77,-5.0,439.71,0.01526675319488818
1981-01-29,0.0,288.23,11.58,-4.4,440.02,0.017709433706070286
1981-01-30,0.0,188.32,2.19,-6.52,367.96,0.018320103833865814
1981-01-31,0.0,124.5,1.98,-3.5,479.96,0.01954144408945687
1981-02-01,4.76,179.98,3.21,-6.52,367.39,0.017709433706070286
1981-02-02,0.0,284.44,-1.32,-13.09,232.1,0.010992062300319488
1981-02-03,0.0,359.81,4.91,-12.5,222.06,0.010381392172523962
1981-02-04,0.0,299.11,3.12,-9.5,280.0,0.010381392172523962
1981-02-05,0.0,302.03,7.82,-5.0,402.54,0.010992062300319488
1981-02-06,0.0,367.03,8.7,-8.67,285.91,0.012213402555910543
1981-02-07,0.0,250.95,8.5,-1.27,500.31,0.013434742811501598
1981-02-08,0.0,356.38,5.18,-10.39,197.71,0.014656083067092651
1981-02-09,0.0,232.0,1.55,-7.0,321.87,0.012213402555910543
1981-02-10,3.77,237.73,-1.98,-14.37,199.53,0.010381392172523962
1981-02-11,0.0,395.74,-4.64,-22.5,80.0,0.007938711661341852
1981-02-12,0.0,287.08,1.52,-9.0,277.42,0.010381392172523962
1981-02-13,0.0,369.85,7.76,-7.38,234.3,0.010992062300319488
1981-02-14,0.0,397.4,13.59,-3.75,254.28,0.020152114217252392
1981-02-15,0.0,357.77,14.74,0.49,364.62,0.03053350638977636
1981-02-16,0.0,391.19,18.39,-0.12,299.39,0.0360295375399361
1981-02-17,0.0,366.29,20.55,2.49,370.85,0.03480819728434505
1981-02-18,0.0,349.23,20.32,3.92,429.91,0.03053350638977636
1981-02-19,0.0,389.01,21.98,1.17,308.27,0.023816134984025558
1981-02-20,0.0,400.8,27.0,3.96,328.33,0.024426805111821086
1981-02-21,0.0,357.34,24.11,6.96,474.64,0.020762784345047924
1981-02-22,1.0,304.84,15.12,2.5,468.13,0.017709433706070286
1981-02-23,0.0,386.15,18.87,0.52,315.21,0.01526675319488818
1981-02-24,0.0,430.37,24.5,-1.21,219.97,0.014045412939297123
1981-02-25,0.0,390.23,24.74,5.85,400.28,0.014045412939297123
1981-02-26,0.0,342.25,24.43,9.68,604.26,0.015877423322683704
1981-02-27,0.0,268.11,22.74,12.26,908.95,0.018930773961661342
1981-02-28,0.0,311.32,17.5,5.48,547.23,0.018930773961661342
1981-03-01,0.0,359.99,12.67,-1.59,200.0,0.018320103833865814
1981-03-02,3.65,183.45,12.43,3.68,425.84,0.018320103833865814
1981-03-03,4.75,139.41,11.0,4.55,605.84,0.026869485623003196
1981-03-04,10.98,110.98,10.78,5.79,832.48,0.03664020766773163
1981-03-05,0.0,324.92,10.57,-1.04,333.8,0.026869485623003196
1981-03-06,0.0,379.71,13.49,-1.01,270.63,0.024426805111821086
1981-03-07,0.0,334.02,11.5,-0.35,330.33,0.02564814536741214
1981-03-08,3.0,193.36,7.21,-1.23,486.05,0.024426805111821086
1981-03-09,0.0,416.9,12.37,-4.0,221.09,0.020152114217252392
1981-03-10,0.0,430.19,13.82,-3.5,200.18,0.018930773961661342
1981-03-11,0.0,417.1,15.0,-1.36,242.76,0.018320103833865814
1981-03-12,0.0,447.85,18.08,-0.95,207.19,0.017098763578274757
1981-03-13,0.0,413.78,18.46,2.5,298.4,0.017709433706070286
1981-03-14,0.0,435.62,17.04,-0.5,237.43,0.017709433706070286
1981-03-15,9.13,269.14,18.81,5.91,552.81,0.028090825878594246
1981-03-16,0.0,461.12,18.57,-0.99,240.86,0.020152114217252392
1981-03-17,0.0,415.06,22.61,6.67,435.06,0.020152114217252392
1981-03-18,0.0,466.12,18.19,-1.37,240.0,0.01954144408945687
1981-03-19,0.0,454.43,13.49,-4.5,205.24,0.016488093450479233
1981-03-20,0.0,446.39,16.83,-0.52,268.56,0.017709433706070286
1981-03-21,0.0,362.57,19.68,7.32,543.46,0.017709433706070286
1981-03-22,0.0,339.54,14.86,3.98,495.31,0.017709433706070286
1981-03-23,0.0,470.61,15.62,-2.18,217.48,0.015877423322683704
1981-03-24,0.0,472.01,20.0,1.96,240.0,0.017098763578274757
1981-03-25,1.38,325.15,18.59,7.73,570.17,0.018930773961661342
1981-03-26,4.23,327.07,18.94,4.32,457.96,0.01954144408945687
1981-03-27,0.0,307.77,18.68,9.59,742.06,0.020152114217252392
1981-03-28,0.0,222.65,18.57,12.23,1101.76,0.026869485623003196
1981-03-29,6.47,282.25,17.37,7.49,705.75,0.01954144408945687
1981-03-30,0.0,531.66,24.96,2.13,267.41,0.01954144408945687
1981-03-31,0.0,457.94,23.64,8.18,478.29,0.017709433706070286
1981-04-01,0.0,534.25,24.43,1.49,243.8,0.014045412939297123
1981-04-02,0.0,474.16,27.24,10.0,493.99,0.014045412939297123
1981-04-03,0.0,282.26,25.72,16.81,1276.99,0.014045412939297123
1981-04-04,0.0,500.03,22.83,3.94,323.22,0.012213402555910543
1981-04-05,0.0,458.98,17.85,2.11,346.59,0.011602732428115015
1981-04-06,0.0,515.29,21.5,1.43,270.38,0.010992062300319488
1981-04-07,0.0,475.14,26.82,9.31,459.85,0.010992062300319488
1981-04-08,0.0,396.96,25.19,12.03,689.0,0.011602732428115015
1981-04-09,0.0,487.21,25.5,7.66,408.85,0.009770722044728435
1981-04-10,0.0,343.87,27.61,16.54,1027.37,0.010381392172523962
1981-04-11,0.0,443.97,29.32,14.17,662.25,0.013434742811501598
1981-04-12,0.0,414.35,30.59,16.86,831.04,0.01526675319488818
1981-04-13,0.0,438.37,31.95,17.14,780.5,0.014656083067092651
1981-04-14,0.03,526.95,25.58,5.64,320.5,0.017098763578274757
1981-04-15,0.0,465.7,18.44,3.21,347.02,0.011602732428115015
1981-04-16,2.0,455.75,23.94,9.05,479.36,0.01282407268370607
1981-04-17,0.0,495.51,29.59,12.23,528.11,0.01282407268370607
1981-04-18,0.0,366.11,26.48,15.38,923.09,0.015877423322683704
1981-04-19,10.35,253.02,26.16,15.98,1292.16,0.02137345447284345
1981-04-20,5.42,295.6,23.27,11.26,976.24,0.020152114217252392
1981-04-21,1.01,260.63,17.5,10.25,1068.32,0.01954144408945687
1981-04-22,0.0,237.96,20.55,13.97,1397.01,0.021984124600638977
1981-04-23,0.0,540.72,23.99,5.1,415.97,0.02320546485623003
1981-04-24,0.0,551.71,28.3,7.77,448.32,0.02137345447284345
1981-04-25,0.0,524.91,30.0,11.45,587.72,0.017098763578274757
1981-04-26,0.0,511.27,31.43,13.46,682.99,0.016488093450479233
1981-04-27,0.0,442.66,31.48,16.93,996.03,0.014045412939297123
1981-04-28,0.0,434.65,29.45,15.41,937.79,0.012213402555910543
1981-04-29,0.0,554.23,31.12,9.78,484.48,0.009160051916932907
1981-04-30,0.0,525.99,30.49,11.51,581.42,0.007328041533546326
1981-05-01,0.0,490.69,26.67,10.5,618.33,0.005007495047923322
1981-05-02,0.0,547.56,28.5,8.39,456.83,0.003480819728434504
1981-05-03,0.0,390.38,27.51,15.56,986.04,0.002748015575079872
1981-05-04,0.69,258.12,24.06,16.4,1449.1,0.003969355830670926
1981-05-05,4.07,317.99,22.75,10.01,859.51,0.00494642803514377
1981-05-06,0.0,416.54,21.5,9.5,711.38,0.0032976186900958468
1981-05-07,0.0,449.25,20.87,7.79,596.23,0.003236551677316294
1981-05-08,34.77,278.39,21.94,11.45,1064.09,0.03236551677316293
1981-05-09,33.51,262.97,20.34,10.59,1243.46,0.06717371405750798
1981-05-10,5.05,391.09,17.27,3.49,751.04,0.07938711661341853
1981-05-11,0.0,546.29,20.5,1.91,580.28,0.02137345447284345
1981-05-12,0.0,431.94,23.87,11.0,1148.78,0.018930773961661342
1981-05-13,9.34,289.5,22.93,11.78,1379.53,0.02137345447284345
1981-05-14,0.0,473.19,20.51,6.51,865.56,0.015877423322683704
1981-05-15,0.0,479.21,21.46,7.13,882.29,0.01282407268370607
1981-05-16,7.83,268.83,20.5,10.76,1300.51,0.014045412939297123
1981-05-17,17.37,227.78,20.17,12.26,1420.83,0.06106701277955272
1981-05-18,9.68,231.51,20.8,12.76,1462.83,0.05129629073482428
1981-05-19,0.0,453.16,19.54,6.84,975.84,0.01954144408945687
1981-05-20,0.0,544.42,21.16,3.47,712.71,0.009770722044728435
1981-05-21,0.0,464.7,23.91,10.0,1152.95,0.00561816517571885
1981-05-22,0.0,390.37,27.54,15.92,1767.72,0.003786154792332268
1981-05-23,0.0,393.76,28.26,16.59,1838.82,0.0033586857028753995
1981-05-24,0.0,488.33,27.9,12.57,1311.4,0.0020762784345047924
1981-05-25,0.0,458.82,28.19,14.33,1504.91,0.0020152114217252396
1981-05-26,0.16,480.22,29.04,14.03,1437.12,0.001893077396166134
1981-05-27,0.0,434.47,29.41,16.47,1747.82,0.001282407268370607
1981-05-28,0.0,389.28,27.94,16.89,1876.25,0.005740299201277955
1981-05-29,13.79,259.64,26.24,17.01,1921.33,0.015877423322683704
1981-05-30,23.93,285.61,26.25,16.13,1824.73,0.0854938178913738
1981-05-31,0.0,464.01,25.99,13.0,1471.88,0.015877423322683704
1981-06-01,0.0,515.97,28.0,12.31,1343.28,0.009770722044728435
1981-06-02,4.41,426.42,29.19,16.47,1819.68,0.005740299201277955
1981-06-03,0.0,372.54,28.48,18.45,2110.35,0.007938711661341852
1981-06-04,28.48,246.99,26.31,17.92,2067.68,0.026869485623003196
1981-06-05,1.48,373.97,29.01,17.46,1992.12,0.009160051916932907
1981-06-06,0.0,432.24,31.48,18.97,2178.05,0.017709433706070286
1981-06-07,0.0,473.13,33.9,18.96,2108.48,0.014045412939297123
1981-06-08,0.0,463.24,37.71,21.93,2518.57,0.007938711661341852
1981-06-09,0.0,451.75,38.68,23.11,2711.38,0.006717371405750799
1981-06-10,0.0,488.52,37.55,20.46,2267.25,0.004274690894568689
1981-06-11,0.0,407.51,29.6,18.14,2085.18,0.002992283626198083
1981-06-12,0.0,388.91,31.91,20.7,2430.85,0.0028701496006389776
1981-06-13,0.0,362.82,31.33,21.19,2511.0,0.002320546485623003
1981-06-14,0.0,326.63,32.31,23.24,2838.49,0.0010381392172523962
1981-06-15,23.28,372.23,30.25,14.9,1702.3,0.02320546485623003
1981-06-16,4.47,432.7,25.13,10.0,1222.44,0.007328041533546326
1981-06-17,0.0,499.79,28.91,13.31,1497.17,0.006106701277955272
1981-06-18,0.0,451.85,30.58,16.9,1905.98,0.006717371405750799
1981-06-19,0.0,474.58,34.13,18.58,2095.03,0.005557098162939297
1981-06-20,0.0,424.34,35.88,22.17,2653.65,0.0028701496006389776
1981-06-21,0.0,417.22,37.28,23.44,2856.28,0.0011602732428115015
1981-06-22,0.0,479.12,36.02,19.49,2199.3,0.0009770722044728434
1981-06-23,0.0,441.92,33.44,19.46,2250.95,0.0015877423322683706
1981-06-24,0.0,433.5,37.01,22.43,2678.63,0.0016488093450479234
1981-06-25,0.0,415.82,36.49,22.87,2758.14,0.0016488093450479234
1981-06-26,0.0,400.15,34.45,21.98,2634.98,0.001465608306709265
1981-06-27,0.0,453.57,35.63,20.5,2357.45,0.001465608306709265
1981-06-28,0.0,441.53,35.8,21.05,2440.47,0.0010381392172523962
1981-06-29,0.0,406.45,35.5,22.22,2670.23,0.0023816134984025556
1981-06-30,14.73,294.13,30.51,20.07,2331.89,0.007328041533546326
1981-07-01,19.63,257.62,31.0,21.06,2488.97,0.007328041533546326
1981-07-02,0.0,364.91,32.95,22.0,2640.0,0.0026869485623003194
1981-07-03,14.08,261.44,31.25,21.13,2501.37,0.04518958945686901
1981-07-04,12.65,222.84,28.95,20.71,2434.06,0.028090825878594246
1981-07-05,0.0,388.28,30.5,19.17,2226.9,0.009770722044728435
1981-07-06,0.0,427.01,31.5,18.5,2120.0,0.007328041533546326
1981-07-07,0.0,339.54,30.54,20.91,2465.53,0.007328041533546326
1981-07-08,0.0,371.54,33.0,22.0,2639.93,0.003908288817891374
1981-07-09,0.0,409.39,34.51,21.83,2613.46,0.0021373454472843447
1981-07-10,0.0,420.72,36.0,22.54,2726.31,0.001465608306709265
1981-07-11,0.0,414.46,37.5,23.81,2955.44,0.0009160051916932907
1981-07-12,0.0,419.77,38.25,24.0,2997.47,0.0010381392172523962
1981-07-13,0.0,421.97,37.7,23.43,2868.82,0.0010381392172523962
1981-07-14,0.0,420.98,38.63,23.95,2987.46,0.0009160051916932907
1981-07-15,0.0,419.75,39.5,24.59,3094.04,0.0010381392172523962
1981-07-16,0.82,432.62,37.31,21.5,2560.0,0.0012213402555910544
1981-07-17,0.0,408.75,35.06,22.0,2640.0,0.005434964137380192
1981-07-18,2.57,311.11,34.04,22.86,2777.27,0.0016488093450479234
1981-07-19,2.53,347.05,34.99,22.39,2703.18,0.0012213402555910544
1981-07-20,0.0,434.02,38.02,23.0,2800.0,0.0010381392172523962
1981-07-21,0.0,436.84,37.86,22.73,2756.65,0.001465608306709265
1981-07-22,3.03,396.62,39.62,21.44,2544.34,0.0016488093450479234
1981-07-23,0.0,424.74,39.8,24.48,3076.54,0.0009160051916932907
1981-07-24,0.0,433.73,40.54,24.39,3062.99,0.0007328041533546325
1981-07-25,0.0,405.95,40.01,25.41,3254.99,0.00024426805111821086
1981-07-26,0.0,382.63,38.57,25.43,3260.04,0.00024426805111821086
1981-07-27,14.92,324.22,35.31,20.94,2471.0,0.009160051916932907
1981-07-28,10.32,332.87,29.46,18.95,2192.41,1.1663799440894569
1981-07-29,0.0,352.54,27.61,17.9,2064.51,0.26258815495207666
1981-07-30,5.41,262.73,27.74,19.5,2280.0,0.057402992012779555
1981-07-31,0.93,347.79,32.27,21.5,2560.37,0.03358685702875399
1981-08-01,0.0,382.8,33.78,21.96,2633.03,0.02137345447284345
1981-08-02,0.32,346.15,33.0,22.37,2699.65,0.016488093450479233
1981-08-03,0.04,397.0,34.1,21.5,2560.0,0.014656083067092651
1981-08-04,0.0,419.34,36.64,22.32,2691.61,0.014656083067092651
1981-08-05,0.0,416.32,38.72,23.77,2944.99,0.014045412939297123
1981-08-06,0.0,437.4,37.89,22.02,2642.56,0.014656083067092651
1981-08-07,16.21,293.56,31.13,19.0,2200.0,0.017709433706070286
1981-08-08,0.0,472.04,31.13,15.22,1717.92,0.014656083067092651
1981-08-09,0.0,469.96,33.35,16.83,1900.2,0.014045412939297123
1981-08-10,1.08,359.82,30.89,18.82,2171.3,0.014045412939297123
1981-08-11,0.0,388.09,29.0,17.21,1953.26,0.014656083067092651
1981-08-12,0.0,383.04,28.48,17.0,1920.0,0.014656083067092651
1981-08-13,0.05,372.18,32.09,20.42,2387.93,0.01526675319488818
1981-08-14,0.0,408.12,36.72,22.43,2704.06,0.014656083067092651
1981-08-15,0.0,412.45,37.08,22.47,2705.78,0.014656083067092651
1981-08-16,4.51,313.83,31.5,21.0,2480.0,0.017709433706070286
1981-08-17,0.0,328.06,28.14,18.65,2144.3,0.01282407268370607
1981-08-18,0.0,437.26,26.93,13.5,1530.3,0.012213402555910543
1981-08-19,0.0,464.62,27.98,13.0,1449.58,0.012213402555910543
1981-08-20,0.0,488.42,29.26,12.5,1386.92,0.012213402555910543
1981-08-21,0.0,489.58,30.52,13.34,1459.13,0.012213402555910543
1981-08-22,0.0,482.06,32.79,15.29,1663.81,0.012213402555910543
1981-08-23,0.0,418.08,32.4,18.5,2088.07,0.013434742811501598
1981-08-24,0.0,486.34,35.33,16.44,1770.83,0.018930773961661342
1981-08-25,0.0,415.8,36.0,21.0,2428.55,0.012213402555910543
1981-08-26,2.69,337.6,33.47,19.44,2270.94,0.01282407268370607
1981-08-27,0.0,401.65,30.01,16.87,1906.11,0.01282407268370607
1981-08-28,0.0,470.38,31.84,14.45,1563.9,0.01282407268370607
1981-08-29,0.0,439.33,34.44,18.03,1927.44,0.013434742811501598
1981-08-30,0.0,398.42,36.22,21.29,2401.42,0.012213402555910543
1981-08-31,0.0,362.15,35.99,22.64,2658.75,0.011602732428115015
1981-09-01,25.69,300.46,31.53,17.19,1953.63,1.282407268370607
1981-09-02,0.0,442.8,29.0,12.81,1444.54,1.1114196325878594
1981-09-03,0.0,422.04,31.5,15.93,1719.81,0.10992062300319488
1981-09-04,0.0,391.45,31.79,17.6,1952.19,0.04885361022364217
1981-09-05,0.0,382.19,32.39,18.5,2068.31,0.03236551677316293
1981-09-06,11.36,219.25,30.31,20.38,2381.06,0.024426805111821086
1981-09-07,12.01,195.67,27.33,18.96,2194.17,0.1954144408945687
1981-09-08,0.0,429.47,27.86,12.37,1422.58,0.1282407268370607
1981-09-09,0.0,441.61,29.68,12.81,1453.86,0.0360295375399361
1981-09-10,0.0,427.65,31.04,14.5,1626.85,0.018930773961661342
1981-09-11,0.0,392.06,33.86,18.43,2105.75,0.013434742811501598
1981-09-12,13.87,284.99,32.73,18.0,2080.0,0.04702159984025559
1981-09-13,5.01,295.14,30.61,18.0,2080.0,0.05801366214057508
1981-09-14,1.86,330.75,29.55,16.5,1879.96,0.026869485623003196
1981-09-15,0.0,372.73,28.34,14.61,1664.2,0.015877423322683704
1981-09-16,0.0,350.84,24.43,12.16,1412.62,0.010381392172523962
1981-09-17,0.0,417.16,19.7,4.53,842.01,0.009770722044728435
1981-09-18,0.0,458.2,22.5,3.76,797.15,0.009160051916932907
1981-09-19,0.0,456.32,28.1,8.0,1058.79,0.009770722044728435
1981-09-20,0.0,426.88,30.5,12.07,1392.28,0.009160051916932907
1981-09-21,0.0,414.82,31.53,13.5,1544.82,0.009770722044728435
1981-09-22,0.0,414.27,34.04,15.0,1689.66,0.009770722044728435
1981-09-23,0.0,372.07,33.52,17.41,1985.14,0.009160051916932907
1981-09-24,11.81,196.48,28.51,18.65,2148.51,0.009160051916932907
1981-09-25,14.52,236.72,30.64,18.08,2080.12,0.008549381789137379
1981-09-26,0.0,273.5,30.55,19.86,2314.38,0.007938711661341852
1981-09-27,0.0,390.67,27.96,11.62,1369.22,0.006717371405750799
1981-09-28,0.0,395.89,32.0,14.07,1605.77,0.006106701277955272
1981-09-29,0.0,336.56,33.81,19.11,2218.07,0.0050685620607028746
1981-09-30,0.0,326.19,33.38,19.24,2237.79,0.004213623881789137
1981-10-01,2.93,326.78,29.81,13.28,1524.19,0.004274690894568689
1981-10-02,0.0,385.0,24.25,7.98,1078.09,0.003114417651757188
1981-10-03,0.17,293.61,23.14,11.92,1393.8,0.009770722044728435
1981-10-04,9.18,297.56,31.11,15.0,1715.8,0.002748015575079872
1981-10-05,0.0,267.11,29.9,18.88,2180.09,0.0011602732428115015
1981-10-06,0.0,326.61,23.77,10.55,1284.23,0.0008549381789137381
1981-10-07,0.0,221.39,18.12,10.04,1243.12,0.0004885361022364217
1981-10-08,0.0,267.05,16.64,6.81,984.69,0.0006106701277955272
1981-10-09,0.0,181.26,16.35,10.0,1240.0,0.0006106701277955272
1981-10-10,0.0,269.57,18.97,9.05,1163.72,0.0007328041533546325
1981-10-11,0.0,230.25,18.15,9.92,1233.26,0.0010381392172523962
1981-10-12,11.09,110.44,19.0,13.91,1592.76,0.006717371405750799
1981-10-13,1.0,128.87,22.04,17.5,2000.0,0.001465608306709265
1981-10-14,0.0,229.0,23.71,15.29,1736.76,0.0012213402555910544
1981-10-15,6.7,190.14,19.25,10.21,1256.7,0.001893077396166134
1981-10-16,13.8,159.77,18.34,10.99,1319.27,0.004274690894568689
1981-10-17,20.9,166.92,21.16,13.29,1524.29,0.7266974520766774
1981-10-18,0.0,304.47,17.78,6.74,979.38,0.7633376597444089
1981-10-19,0.0,394.36,20.62,2.0,720.0,0.09160051916932907
1981-10-20,0.0,357.06,22.99,7.6,1047.83,0.028090825878594246
1981-10-21,0.0,335.48,20.94,7.49,1039.25,0.01282407268370607
1981-10-22,0.0,263.25,12.26,3.51,792.64,0.009160051916932907
1981-10-23,0.0,322.67,9.96,-1.5,558.39,0.00586243322683706
1981-10-24,0.0,339.36,13.49,0.48,638.22,0.004641092971246006
1981-10-25,22.73,221.89,13.26,2.68,734.27,0.044578919329073485
1981-10-26,11.79,250.1,12.46,-0.5,600.0,1.23966035942492
1981-10-27,0.0,351.89,17.76,2.39,720.0,0.3541886741214057
1981-10-28,0.0,295.99,19.89,8.49,1119.14,0.06106701277955272
1981-10-29,0.0,305.29,22.45,9.99,1239.25,0.028701496006389778
1981-10-30,0.0,215.46,20.0,12.39,1431.28,0.017098763578274757
1981-10-31,0.0,219.25,17.69,10.2,1256.01,0.07938711661341853
1981-11-01,39.91,130.98,12.13,6.65,971.73,10.442459185303514
1981-11-02,12.95,75.94,9.41,6.46,956.83,9.953923083067092
1981-11-03,4.31,120.66,10.67,6.74,979.38,1.8808639936102236
1981-11-04,3.38,244.68,14.79,4.35,827.64,1.3068340734824282
1981-11-05,0.0,330.92,18.04,4.0,800.0,0.32976186900958465
1981-11-06,0.0,343.41,16.47,0.5,640.0,0.1465608306709265
1981-11-07,0.0,329.85,18.48,3.45,795.89,0.10381392172523961
1981-11-08,15.19,219.31,15.98,4.34,826.92,0.0854938178913738
1981-11-09,11.02,225.48,9.03,-0.9,572.13,4.720480087859425
1981-11-10,0.0,335.43,12.35,-4.06,440.0,1.1541665415335463
1981-11-11,0.0,331.81,16.52,-0.89,569.06,0.2503747523961661
1981-11-12,0.0,308.59,17.99,2.77,741.21,0.1465608306709265
1981-11-13,0.0,303.29,18.19,2.96,757.15,0.10992062300319488
1981-11-14,0.0,266.94,18.21,5.95,920.0,0.09160051916932907
1981-11-15,0.0,237.42,19.47,8.84,1147.21,0.07938711661341853
1981-11-16,0.0,299.99,20.81,4.19,815.16,0.06717371405750798
1981-11-17,0.0,295.29,20.92,4.37,829.59,0.06106701277955272
1981-11-18,0.0,228.32,21.0,10.27,1261.21,0.05801366214057508
1981-11-19,0.0,288.55,16.48,1.33,666.25,0.050685620607028754
1981-11-20,0.0,263.99,6.56,-5.6,401.73,0.04641092971246006
1981-11-21,0.0,271.62,10.9,-2.51,519.58,0.04335757907348242
1981-11-22,0.0,288.09,14.99,-1.0,560.0,0.04152556869009585
1981-11-23,0.0,256.45,16.45,3.42,790.45,0.04091489856230032
1981-11-24,0.0,278.07,15.44,0.0,600.0,0.040304228434504784
1981-11-25,0.0,266.1,21.05,5.9,919.76,0.04091489856230032
1981-11-26,0.0,269.16,18.47,3.22,777.27,0.039693558306709266
1981-11-27,0.0,230.25,7.97,-3.04,480.0,0.03847221805111821
1981-11-28,0.0,187.04,9.13,0.61,637.54,0.03847221805111821
1981-11-29,0.0,155.55,9.72,2.78,742.75,0.03664020766773163
1981-11-30,24.13,95.74,10.98,5.29,903.41,0.1282407268370607
1981-12-01,0.0,148.97,7.38,0.78,638.25,0.5068562060702875
1981-12-02,0.0,248.18,11.03,-2.32,520.0,0.20152114217252395
1981-12-03,0.0,214.84,12.64,1.6,687.64,0.09160051916932907
1981-12-04,0.0,243.87,11.0,-2.52,518.66,0.057402992012779555
1981-12-05,0.0,237.34,11.59,-1.43,560.0,0.04641092971246006
1981-12-06,0.0,264.52,15.8,-0.59,586.89,0.0427469089456869
1981-12-07,0.0,260.77,18.52,1.88,710.53,0.04152556869009585
1981-12-08,0.0,260.25,15.35,-0.83,573.72,0.04091489856230032
1981-12-09,0.0,250.68,13.46,-1.74,540.88,0.039693558306709266
1981-12-10,0.0,226.03,12.13,-0.52,597.81,0.03847221805111821
1981-12-11,0.0,154.49,9.79,2.22,717.25,0.037861547923322685
1981-12-12,0.0,89.72,6.6,2.58,727.54,0.03664020766773163
1981-12-13,0.0,65.8,5.02,2.26,720.0,0.03725087779552715
1981-12-14,2.0,95.19,3.61,-0.49,591.72,0.03725087779552715
1981-12-15,0.0,183.59,5.7,-2.77,499.44,0.03847221805111821
1981-12-16,0.0,186.18,6.48,-2.01,525.62,0.03847221805111821
1981-12-17,0.0,256.19,1.39,-12.02,240.0,0.034197527156549515
1981-12-18,0.0,209.19,-3.2,-12.67,240.0,0.03114417651757188
1981-12-19,0.0,238.57,0.1,-11.5,243.51,0.03236551677316293
1981-12-20,0.0,203.74,2.46,-6.67,360.0,0.03236551677316293
1981-12-21,0.0,109.23,3.41,-0.99,561.09,0.032976186900958465
1981-12-22,2.12,92.26,3.18,-0.96,566.72,0.03847221805111821
1981-12-23,2.09,241.26,3.98,-9.19,302.38,0.03541886741214057
1981-12-24,0.0,286.55,5.39,-9.1,311.61,0.03480819728434505
1981-12-25,0.0,241.31,4.59,-5.55,400.0,0.040304228434504784
1981-12-26,0.0,254.17,4.9,-6.0,399.6,0.037861547923322685
1981-12-27,0.0,277.5,7.59,-5.66,400.0,0.03664020766773163
1981-12-28,0.0,265.58,5.47,-6.53,360.56,0.037861547923322685
1981-12-29,0.0,269.92,4.5,-8.0,320.0,0.032976186900958465
1981-12-30,0.0,263.45,7.73,-4.5,440.0,0.03480819728434505
1981-12-31,0.0,240.31,6.48,-3.97,452.37,0.028090825878594246
1982-01-01,0.0,164.19,0.89,-6.52,362.54,0.03358685702875399
1982-01-02,1.75,257.09,10.3,-3.09,481.04,0.03541886741214057
1982-01-03,0.0,161.58,2.4,-4.89,437.92,0.02748015575079872
1982-01-04,0.0,304.81,8.98,-9.09,313.05,0.029922836261980834
1982-01-05,0.0,238.89,11.57,-0.42,591.98,0.037861547923322685
1982-01-06,0.0,306.82,7.07,-10.81,275.18,0.03236551677316293
1982-01-07,0.0,214.78,-3.17,-12.98,236.86,0.02748015575079872
1982-01-08,0.0,314.49,7.02,-11.54,240.0,0.02564814536741214
1982-01-09,0.0,277.6,3.95,-10.19,280.0,0.02137345447284345
1982-01-10,0.0,306.66,-6.42,-22.83,93.55,0.01526675319488818
1982-01-11,0.0,266.28,-7.43,-20.06,120.0,0.016488093450479233
1982-01-12,0.0,207.42,-4.53,-13.6,200.0,0.018320103833865814
1982-01-13,0.0,282.48,-3.25,-16.98,160.0,0.02137345447284345
1982-01-14,0.0,355.2,13.53,-13.54,200.0,0.024426805111821086
1982-01-15,0.0,332.08,13.26,-6.8,360.0,0.026869485623003196
1982-01-16,0.0,324.89,-0.07,-17.55,160.0,0.026258815495207664
1982-01-17,0.0,319.06,1.09,-15.53,197.68,0.023816134984025558
1982-01-18,0.0,294.41,5.25,-9.05,316.32,0.023816134984025558
1982-01-19,0.0,285.6,6.13,-7.38,360.0,0.023816134984025558
1982-01-20,0.0,173.1,4.18,-3.0,480.0,0.02564814536741214
1982-01-21,0.0,160.81,0.32,-6.16,387.1,0.026869485623003196
1982-01-22,3.53,233.04,10.42,-4.94,435.91,0.02748015575079872
1982-01-23,0.0,304.86,1.52,-12.62,240.0,0.02320546485623003
1982-01-24,0.0,324.4,4.57,-11.13,269.4,0.02564814536741214
1982-01-25,0.0,302.03,9.0,-4.94,440.0,0.03175484664536741
1982-01-26,0.0,348.28,12.56,-5.88,398.84,0.03053350638977636
1982-01-27,0.0,260.39,17.07,4.05,815.17,0.03358685702875399
1982-01-28,0.0,313.59,13.21,-4.5,440.0,0.03358685702875399
1982-01-29,0.0,200.34,11.08,2.0,720.0,0.16488093450479233
1982-01-30,16.44,188.44,9.31,-1.03,565.33,2.4426805111821084
1982-01-31,0.0,198.5,1.5,-7.0,360.0,0.6656304392971246
1982-02-01,0.0,228.32,5.48,-4.51,440.0,0.15266753194888177
1982-02-02,1.45,195.49,3.68,-5.33,418.39,0.1282407268370607
1982-02-03,4.58,217.57,-4.49,-14.55,200.0,0.05496031150159744
1982-02-04,4.11,132.47,-11.38,-16.45,160.0,0.0427469089456869
1982-02-05,3.23,140.59,-12.33,-18.45,148.37,0.03664020766773163
1982-02-06,0.0,388.13,-7.88,-24.87,80.0,0.03908288817891374
1982-02-07,0.0,402.1,-0.89,-19.45,120.0,0.040304228434504784
1982-02-08,2.39,245.03,-1.29,-10.38,280.0,0.0427469089456869
1982-02-09,5.64,243.06,-5.23,-15.12,200.0,0.043968249201277954
1982-02-10,0.0,408.11,-2.9,-20.24,120.0,0.04518958945686901
1982-02-11,0.0,415.28,-2.53,-20.73,120.0,0.047632269968051116
1982-02-12,7.62,163.35,0.49,-6.4,371.84,0.04885361022364217
1982-02-13,0.0,430.96,2.76,-15.84,172.96,0.05007495047923322
1982-02-14,0.0,283.89,6.4,-2.53,508.8,0.05251763099041533
1982-02-15,0.0,222.79,7.35,0.78,639.59,0.07938711661341853
1982-02-16,0.0,192.64,5.7,0.32,626.27,0.9404319968051118
1982-02-17,0.0,187.35,5.6,0.54,640.0,5.764726006389776
1982-02-18,0.0,365.9,10.94,-0.63,581.52,5.5021378514377
1982-02-19,0.0,437.95,17.54,-0.23,586.43,3.175484664536741
1982-02-20,0.0,424.53,19.66,2.81,722.79,1.148059840255591
1982-02-21,0.0,451.16,21.03,0.84,607.49,0.5557098162939297
1982-02-22,0.0,460.32,24.11,1.47,611.5,0.28701496006389776
1982-02-23,0.0,406.62,21.0,3.35,745.59,0.1893077396166134
1982-02-24,0.0,290.95,8.73,-0.59,593.14,0.15266753194888177
1982-02-25,0.0,296.28,6.55,-2.66,505.65,0.11602732428115016
1982-02-26,0.0,288.2,4.98,-3.81,457.28,0.09770722044728435
1982-02-27,0.0,410.32,9.48,-5.96,385.8,0.09160051916932907
1982-02-28,0.0,405.57,14.0,-2.01,492.4,0.0854938178913738
1982-03-01,0.0,430.71,19.11,-0.5,503.26,0.07938711661341853
1982-03-02,0.0,327.87,17.99,6.57,931.69,0.07938711661341853
1982-03-03,0.0,328.43,10.7,-0.18,588.96,0.07328041533546326
1982-03-04,0.0,195.11,0.9,-4.69,437.39,0.07328041533546326
1982-03-05,0.0,165.31,-0.51,-5.07,432.72,0.06717371405750798
1982-03-06,2.25,401.62,5.89,-11.76,230.41,0.06717371405750798
1982-03-07,0.0,427.88,5.97,-8.44,307.58,0.07328041533546326
1982-03-08,0.0,408.21,11.15,-2.12,479.61,0.06717371405750798
1982-03-09,0.0,461.23,12.85,-3.79,393.52,0.06717371405750798
1982-03-10,0.0,477.72,23.46,-0.98,420.36,0.06717371405750798
1982-03-11,0.0,422.77,19.16,2.76,566.44,0.06717371405750798
1982-03-12,0.0,394.67,23.18,8.58,838.34,0.06106701277955272
1982-03-13,0.0,450.35,18.02,-0.05,444.97,0.06045634265175719
1982-03-14,38.23,214.81,13.48,4.49,828.69,2.6197748482428116
1982-03-15,4.57,347.51,22.54,2.08,692.21,2.112918642172524
1982-03-16,5.28,350.86,21.95,5.48,867.31,0.586243322683706
1982-03-17,0.0,443.94,25.5,6.79,871.87,0.1893077396166134
1982-03-18,0.0,373.6,25.82,11.65,1288.53,0.1282407268370607
1982-03-19,0.0,237.76,23.93,15.69,1775.33,0.10381392172523961
1982-03-20,0.0,422.7,20.05,3.83,754.01,0.0854938178913738
1982-03-21,0.0,412.93,13.55,-1.24,537.38,0.07328041533546326
1982-03-22,0.0,447.17,13.9,-3.0,467.79,0.06106701277955272
1982-03-23,0.0,423.29,16.61,1.4,644.21,0.06045634265175719
1982-03-24,0.0,474.16,19.75,0.79,574.21,0.05984567252396167
1982-03-25,1.98,446.29,17.11,0.84,602.0,0.05679232188498403
1982-03-26,0.0,411.85,10.28,-3.5,467.41,0.05434964137380192
1982-03-27,5.0,203.47,8.85,0.78,638.5,0.06045634265175719
1982-03-28,1.99,203.51,8.72,1.96,711.62,0.06106701277955272
1982-03-29,0.0,259.72,12.12,4.58,846.29,0.06106701277955272
1982-03-30,5.71,279.11,19.52,7.65,1022.0,0.07328041533546326
1982-03-31,0.0,474.37,20.06,3.09,626.3,0.06717371405750798
1982-04-01,0.0,491.55,23.12,4.29,654.92,0.05984567252396167
1982-04-02,0.0,468.07,25.78,8.4,872.13,0.058624332268370605
1982-04-03,0.0,494.08,20.5,1.54,542.35,0.051906960862619804
1982-04-04,0.0,414.73,20.07,5.97,807.54,0.05007495047923322
1982-04-05,0.0,439.31,17.01,2.05,617.36,0.047632269968051116
1982-04-06,0.0,345.78,7.53,-2.75,496.28,0.04335757907348242
1982-04-07,0.0,351.98,10.46,-0.06,581.56,0.04518958945686901
1982-04-08,1.0,398.97,14.03,1.69,636.75,0.04702159984025559
1982-04-09,0.0,438.31,13.4,-0.3,540.07,0.04702159984025559
1982-04-10,0.0,467.61,16.12,0.91,557.79,0.047632269968051116
1982-04-11,0.0,467.61,20.29,4.77,696.69,0.04641092971246006
1982-04-12,0.0,529.64,30.67,8.82,780.37,0.04824294009584664
1982-04-13,0.0,484.23,28.11,10.47,939.39,0.047632269968051116
1982-04-14,0.0,488.14,28.37,10.62,934.52,0.04641092971246006
1982-04-15,0.0,401.39,29.74,16.45,1510.55,0.04518958945686901
1982-04-16,0.0,464.84,27.5,11.66,1038.12,0.04213623881789137
1982-04-17,0.0,464.48,17.17,2.48,604.97,0.03847221805111821
1982-04-18,0.0,488.25,21.5,4.94,671.75,0.03847221805111821
1982-04-19,0.0,323.31,20.4,11.0,1231.29,0.039693558306709266
1982-04-20,0.0,445.59,16.0,2.46,619.9,0.03664020766773163
1982-04-21,0.0,505.38,15.6,-0.91,460.37,0.03541886741214057
1982-04-22,0.0,526.54,18.17,-0.04,465.73,0.03541886741214057
1982-04-23,0.0,535.17,20.49,1.5,493.07,0.034197527156549515
1982-04-24,0.0,385.51,18.92,7.81,916.66,0.03358685702875399
1982-04-25,2.71,216.04,17.06,9.98,1221.49,0.03541886741214057
1982-04-26,0.0,466.72,20.47,6.07,737.15,0.03664020766773163
1982-04-27,0.0,436.17,20.64,7.44,841.04,0.03480819728434505
1982-04-28,18.97,249.0,18.65,9.19,1154.42,0.07938711661341853
1982-04-29,5.14,303.82,15.89,5.88,890.4,0.0854938178913738
1982-04-30,1.52,223.75,16.65,10.0,1239.95,0.050685620607028754
1982-05-01,0.0,277.33,18.61,11.23,1332.73,0.04335757907348242
1982-05-02,0.0,383.21,22.94,12.27,1252.17,0.040304228434504784
1982-05-03,0.0,440.86,26.94,14.0,1274.2,0.03664020766773163
1982-05-04,0.0,414.86,28.49,16.44,1511.23,0.034197527156549515
1982-05-05,0.0,419.7,27.21,15.25,1378.54,0.03908288817891374
1982-05-06,27.3,371.1,21.47,6.67,848.2,0.15877423322683706
1982-05-07,0.0,528.6,21.78,4.97,696.55,0.09770722044728435
1982-05-08,0.0,498.26,25.0,9.5,949.1,0.05801366214057508
1982-05-09,0.0,438.74,26.41,13.48,1298.92,0.044578919329073485
1982-05-10,0.0,389.99,26.51,15.47,1539.36,0.03541886741214057
1982-05-11,0.0,373.23,28.0,17.49,1736.12,0.03175484664536741
1982-05-12,38.34,309.11,26.0,14.48,1564.94,0.6106701277955271
1982-05-13,16.02,203.62,21.14,14.44,1635.29,0.5496031150159744
1982-05-14,7.15,230.96,21.62,14.11,1608.81,0.427469089456869
1982-05-15,12.96,370.69,25.46,11.0,1311.04,0.30533506389776355
1982-05-16,18.55,322.49,24.89,13.42,1545.97,0.6106701277955271
1982-05-17,53.46,293.01,22.67,12.9,1472.26,16.488093450479234
1982-05-18,0.0,486.51,26.14,12.37,1429.3,8.488314776357827
1982-05-19,0.11,399.83,27.5,16.91,1913.17,0.6350969329073483
1982-05-20,7.56,323.97,27.71,16.0,1800.0,0.6350969329073483
1982-05-21,0.55,469.64,27.09,13.31,1528.95,0.43968249201277954
1982-05-22,0.0,484.11,24.97,11.81,1384.95,0.23816134984025558
1982-05-23,0.0,434.86,24.94,13.99,1598.94,0.1709876357827476
1982-05-24,3.93,234.13,23.01,15.89,1791.37,0.1709876357827476
1982-05-25,4.97,221.58,21.82,15.21,1736.14,0.31144176517571887
1982-05-26,6.34,361.03,22.34,11.32,1345.77,0.26258815495207666
1982-05-27,7.2,402.15,26.5,11.22,1337.73,0.1954144408945687
1982-05-28,9.95,340.21,28.05,16.0,1799.92,0.31144176517571887
1982-05-29,6.85,348.15,28.36,15.78,1782.38,0.18320103833865814
1982-05-30,0.0,426.7,30.47,18.84,2175.03,0.18320103833865814
1982-05-31,30.34,387.68,27.46,12.09,1407.51,3.664020766773163
1982-06-01,0.0,506.86,21.84,8.0,1079.96,2.1434521485623
1982-06-02,12.03,283.56,20.92,11.97,1397.39,0.5068562060702875
1982-06-03,15.97,175.16,18.57,13.48,1556.47,1.8320103833865815
1982-06-04,19.83,225.11,20.38,13.72,1577.83,10.38139217252396
1982-06-05,0.0,460.45,24.99,13.27,1523.15,3.1876980670926516
1982-06-06,0.0,426.66,29.58,18.5,2120.0,0.41525568690095843
1982-06-07,0.0,473.64,29.25,16.45,1862.65,0.23816134984025558
1982-06-08,0.0,440.87,31.52,19.62,2289.48,0.1709876357827476
1982-06-09,0.0,456.48,32.49,19.65,2288.78,0.13434742811501596
1982-06-10,0.0,509.79,25.31,11.49,1359.12,0.10381392172523961
1982-06-11,31.74,316.27,24.0,13.93,1594.43,0.8732582827476038
1982-06-12,1.09,437.97,25.53,14.0,1599.91,2.674735159744409
1982-06-13,0.0,456.27,26.5,14.64,1661.83,0.427469089456869
1982-06-14,0.0,488.52,30.63,16.5,1879.72,0.1709876357827476
1982-06-15,18.87,381.52,30.5,15.19,1733.97,0.7450175559105431
1982-06-16,0.0,460.97,26.12,13.98,1598.56,0.8915783865814696
1982-06-17,0.0,530.81,30.27,13.43,1549.32,0.720590750798722
1982-06-18,76.95,330.44,28.31,16.47,1874.76,25.22067627795527
1982-06-19,1.46,432.32,26.61,14.96,1707.47,35.54100143769968
1982-06-20,0.0,497.57,29.0,14.49,1639.46,2.1434521485623
1982-06-21,0.0,439.66,30.07,17.96,2072.97,0.5679232188498402
1982-06-22,3.74,366.37,30.47,16.0,1800.0,0.360295375399361
1982-06-23,0.0,399.9,29.62,18.86,2177.55,2.8335093929712456
1982-06-24,15.64,222.8,25.37,18.12,2089.86,13.25154177316294
1982-06-25,1.5,370.63,27.53,17.25,1959.9,0.812191269968051
1982-06-26,0.0,444.31,29.87,17.5,2000.0,0.4518958945686901
1982-06-27,22.88,340.19,28.78,16.23,1836.73,8.060845686900958
1982-06-28,11.02,352.28,30.5,16.86,1908.45,6.106701277955271
1982-06-29,0.0,476.37,33.84,18.9,2184.61,1.0686727236421725
1982-06-30,0.0,447.79,34.09,20.5,2400.0,0.42136238817891375
1982-07-01,0.0,436.91,33.49,20.54,2406.6,0.2809082587859425
1982-07-02,2.04,359.63,33.56,21.94,2630.3,0.23205464856230032
1982-07-03,0.0,434.82,36.01,22.17,2667.73,0.18320103833865814
1982-07-04,0.0,427.49,36.4,22.61,2736.93,0.15266753194888177
1982-07-05,0.0,393.95,34.76,22.75,2760.21,0.1282407268370607
1982-07-06,0.0,338.38,33.78,23.93,2982.31,0.10992062300319488
1982-07-07,0.0,491.93,32.4,16.51,1880.23,0.09770722044728435
1982-07-08,0.0,440.49,32.41,18.99,2199.07,0.09770722044728435
1982-07-09,11.37,333.84,33.27,19.4,2262.53,0.1282407268370607
1982-07-10,3.47,337.41,32.78,18.81,2169.07,0.12213402555910544
1982-07-11,0.0,460.5,31.2,17.0,1920.0,0.09770722044728435
1982-07-12,0.0,402.33,30.64,18.94,2190.48,0.09160051916932907
1982-07-13,15.61,313.06,31.53,19.06,2209.62,0.8244046725239615
1982-07-14,0.0,396.6,32.92,21.01,2481.36,0.5801366214057507
1982-07-15,0.0,388.72,34.63,22.7,2752.07,0.1282407268370607
1982-07-16,0.0,404.87,35.91,23.02,2803.15,0.0854938178913738
1982-07-17,0.0,408.64,37.0,23.71,2931.19,0.06106701277955272
1982-07-18,0.0,433.85,37.0,22.52,2723.25,0.05434964137380192
1982-07-19,0.0,406.91,36.43,23.26,2841.39,0.04641092971246006
1982-07-20,0.0,414.5,36.93,23.3,2848.68,0.04641092971246006
1982-07-21,0.0,435.82,37.85,22.87,2778.97,0.043968249201277954
1982-07-22,1.22,430.64,37.48,20.74,2439.09,0.03908288817891374
1982-07-23,0.0,418.1,34.06,20.83,2453.12,0.03847221805111821
1982-07-24,0.0,481.34,35.44,18.4,2112.17,0.03725087779552715
1982-07-25,0.0,462.42,35.0,19.0,2199.87,0.034197527156549515
1982-07-26,0.0,448.43,35.5,19.99,2319.15,0.03236551677316293
1982-07-27,0.0,420.51,35.16,21.0,2480.0,0.029922836261980834
1982-07-28,18.06,230.57,30.12,21.14,2502.66,0.034197527156549515
1982-07-29,5.69,276.66,29.89,20.03,2333.54,0.03114417651757188
1982-07-30,0.0,358.61,30.55,19.99,2318.83,0.1282407268370607
1982-07-31,0.0,429.23,32.93,19.14,2222.41,0.07328041533546326
1982-08-01,0.0,443.5,34.97,19.89,2311.05,0.04518958945686901
1982-08-02,0.0,399.72,36.54,23.0,2800.0,0.03541886741214057
1982-08-03,0.0,397.73,37.91,24.03,3001.0,0.028090825878594246
1982-08-04,0.0,413.51,38.99,23.97,2991.6,0.02320546485623003
1982-08-05,0.0,411.76,38.42,23.5,2880.01,0.020762784345047924
1982-08-06,0.0,391.38,35.69,22.5,2719.99,0.020762784345047924
1982-08-07,0.0,327.11,33.06,22.9,2783.58,0.028701496006389778
1982-08-08,0.64,381.02,33.03,20.71,2433.09,0.022594794728434505
1982-08-09,0.0,470.53,34.5,17.7,2031.75,0.01954144408945687
1982-08-10,0.0,437.06,34.97,19.76,2300.71,0.020152114217252392
1982-08-11,0.0,447.2,31.95,16.92,1914.97,0.022594794728434505
1982-08-12,0.0,456.43,35.75,19.0,2200.0,0.01954144408945687
1982-08-13,0.0,404.82,37.37,22.67,2746.86,0.017709433706070286
1982-08-14,0.0,451.1,40.41,21.87,2619.09,0.016488093450479233
1982-08-15,0.0,418.46,40.1,23.44,2870.11,0.01526675319488818
1982-08-16,0.0,371.99,34.62,21.77,2602.58,0.013434742811501598
1982-08-17,0.0,352.95,32.38,20.76,2441.24,0.01282407268370607
1982-08-18,0.0,421.28,33.48,18.64,2141.84,0.01282407268370607
1982-08-19,0.0,438.85,35.14,18.82,2171.49,0.012213402555910543
1982-08-20,0.0,448.09,36.1,18.8,2167.72,0.010992062300319488
1982-08-21,0.0,377.02,34.95,21.6,2576.0,0.009770722044728435
1982-08-22,0.0,417.65,37.71,21.49,2558.42,0.010992062300319488
1982-08-23,0.0,404.01,37.0,21.68,2589.21,0.008549381789137379
1982-08-24,0.0,310.51,33.29,22.85,2776.7,0.007938711661341852
1982-08-25,0.71,380.58,29.89,16.54,1880.1,0.007328041533546326
1982-08-26,0.0,449.63,36.98,18.94,2189.95,0.008549381789137379
1982-08-27,0.37,378.74,36.38,21.91,2625.84,0.007938711661341852
1982-08-28,0.0,315.78,30.44,20.0,2320.0,0.007938711661341852
1982-08-29,0.0,375.85,35.11,21.17,2507.49,0.008549381789137379
1982-08-30,17.9,307.94,35.92,19.9,2312.39,0.020762784345047924
1982-08-31,0.04,387.35,37.08,21.83,2613.21,0.12213402555910544
1982-09-01,0.0,381.12,37.89,22.65,2744.22,0.10381392172523961
1982-09-02,0.0,376.06,36.69,21.95,2631.78,0.029312166134185302
1982-09-03,0.0,460.19,32.41,13.78,1582.47,0.018320103833865814
1982-09-04,0.0,424.92,32.78,16.19,1830.1,0.010992062300319488
1982-09-05,0.0,386.09,33.5,18.73,2156.22,0.007938711661341852
1982-09-06,0.07,369.46,32.43,18.43,2114.36,0.00586243322683706
1982-09-07,0.0,376.54,32.17,17.88,2061.2,0.004885361022364218
1982-09-08,0.0,384.22,33.51,18.5,2120.0,0.004030422843450479
1982-09-09,0.0,362.7,33.52,19.5,2280.0,0.003480819728434504
1982-09-10,0.0,367.72,35.67,20.79,2447.08,0.003053350638977636
1982-09-11,0.0,362.6,35.0,20.52,2402.84,0.0028701496006389776
1982-09-12,2.5,306.2,34.33,20.75,2439.26,0.0031754846645367413
1982-09-13,6.33,279.69,31.2,18.23,2096.84,0.0053128301118210855
1982-09-14,16.82,249.79,27.77,16.07,1821.26,0.0045800259584664535
1982-09-15,0.0,302.91,23.37,13.38,1535.53,0.04885361022364217
1982-09-16,0.0,305.11,24.42,14.22,1617.56,0.1709876357827476
1982-09-17,0.0,392.25,32.63,17.01,1865.8,0.040304228434504784
1982-09-18,0.0,371.85,24.48,11.33,1338.42,0.02137345447284345
1982-09-19,2.08,323.69,24.78,13.5,1559.96,0.016488093450479233
1982-09-20,0.0,409.82,23.02,7.98,1067.5,0.010992062300319488
1982-09-21,0.0,449.24,21.18,3.5,761.74,0.007938711661341852
1982-09-22,0.0,458.72,25.0,5.45,856.21,0.007328041533546326
1982-09-23,0.0,392.48,26.91,11.62,1300.9,0.007328041533546326
1982-09-24,0.0,401.92,27.38,11.25,1251.11,0.007328041533546326
1982-09-25,0.0,432.54,25.03,6.93,926.6,0.007328041533546326
1982-09-26,0.0,381.25,24.81,10.14,1125.01,0.007328041533546326
1982-09-27,0.0,354.49,28.26,14.4,1439.4,0.007938711661341852
1982-09-28,0.0,329.49,31.18,17.99,1844.99,0.006717371405750799
1982-09-29,1.53,267.53,30.74,19.51,2188.08,0.006106701277955272
1982-09-30,0.0,252.32,29.85,20.15,2336.95,0.005740299201277955
1982-10-01,0.0,343.48,29.87,16.13,1625.33,0.005984567252396166
1982-10-02,6.49,208.77,28.02,17.43,1988.49,0.008549381789137379
1982-10-03,0.0,403.54,27.22,9.86,1052.16,0.007328041533546326
1982-10-04,0.0,420.75,30.59,10.51,1059.06,0.007328041533546326
1982-10-05,0.0,353.99,32.01,16.6,1689.71,0.007328041533546326
1982-10-06,2.04,307.12,29.17,13.88,1519.67,0.013434742811501598
1982-10-07,0.0,437.45,27.5,4.5,718.22,0.007328041533546326
1982-10-08,0.0,246.26,27.85,18.02,2069.71,0.1282407268370607
1982-10-09,21.24,281.47,23.88,7.39,1005.77,0.020762784345047924
1982-10-10,0.0,267.23,18.32,8.42,1113.49,0.009770722044728435
1982-10-11,0.0,375.54,18.62,2.55,716.16,0.009770722044728435
1982-10-12,0.0,355.49,20.99,5.93,870.7,0.010381392172523962
1982-10-13,0.0,357.66,19.88,4.49,794.53,0.009770722044728435
1982-10-14,0.0,395.33,22.51,3.0,677.36,0.009770722044728435
1982-10-15,0.0,389.13,25.5,5.42,792.13,0.011602732428115015
1982-10-16,0.0,377.09,22.92,3.99,745.93,0.01282407268370607
1982-10-17,0.0,335.41,24.29,8.37,1039.45,0.01282407268370607
1982-10-18,0.0,331.27,26.49,10.26,1171.13,0.01282407268370607
1982-10-19,0.0,334.17,25.66,8.97,1077.71,0.01282407268370607
1982-10-20,0.0,342.01,14.96,-1.28,552.24,0.011602732428115015
1982-10-21,0.0,332.36,15.0,-0.71,583.34,0.013434742811501598
1982-10-22,0.0,355.32,17.0,-1.01,551.21,0.014656083067092651
1982-10-23,0.0,350.3,19.0,0.83,629.77,0.014656083067092651
1982-10-24,0.0,350.72,21.06,2.24,687.52,0.014656083067092651
1982-10-25,0.0,339.5,21.0,2.97,734.64,0.015877423322683704
1982-10-26,0.0,289.14,22.5,8.11,1078.68,0.015877423322683704
1982-10-27,0.0,239.38,23.34,11.78,1362.74,0.020762784345047924
1982-10-28,3.22,215.75,21.64,9.6,1173.44,0.021984124600638977
1982-10-29,0.0,345.91,21.0,1.1,584.14,0.017098763578274757
1982-10-30,0.0,278.18,22.4,7.94,1014.07,0.020762784345047924
1982-10-31,0.0,317.46,27.12,8.36,969.83,0.018320103833865814
1982-11-01,0.0,259.4,24.92,10.93,1248.27,0.018320103833865814
1982-11-02,0.0,243.64,17.42,5.15,885.24,0.017098763578274757
1982-11-03,0.0,295.24,13.4,-2.2,506.39,0.015877423322683704
1982-11-04,0.0,302.89,9.57,-6.7,360.0,0.017098763578274757
1982-11-05,0.0,330.37,12.0,-7.74,328.64,0.018320103833865814
1982-11-06,0.0,314.41,17.96,-0.7,554.45,0.018320103833865814
1982-11-07,0.0,261.83,22.21,7.49,1007.61,0.01954144408945687
1982-11-08,0.0,251.66,20.02,6.15,929.83,0.020762784345047924
1982-11-09,0.0,201.15,21.93,11.05,1324.29,0.017098763578274757
1982-11-10,0.0,177.8,19.87,10.55,1283.67,0.017098763578274757
1982-11-11,3.88,144.7,22.49,12.52,1441.39,0.043968249201277954
1982-11-12,2.33,279.42,19.49,1.26,652.93,0.03725087779552715
1982-11-13,0.0,251.79,6.64,-6.65,360.0,0.022594794728434505
1982-11-14,0.0,190.01,5.76,-3.49,479.56,0.020762784345047924
1982-11-15,0.0,287.89,8.0,-8.5,320.0,0.020762784345047924
1982-11-16,0.0,268.42,12.37,-2.71,502.85,0.021984124600638977
1982-11-17,0.0,301.1,13.55,-5.65,403.4,0.020762784345047924
1982-11-18,0.0,189.31,12.72,3.01,760.41,0.01954144408945687
1982-11-19,0.0,251.58,23.5,8.22,1085.93,0.01954144408945687
1982-11-20,0.0,234.21,20.95,7.38,1030.66,0.020762784345047924
1982-11-21,0.0,273.11,17.36,0.5,639.89,0.020762784345047924
1982-11-22,2.84,153.45,13.59,4.56,844.92,0.043968249201277954
1982-11-23,3.67,172.62,7.64,-4.27,440.17,0.03725087779552715
1982-11-24,0.0,248.44,2.65,-10.62,280.0,0.02564814536741214
1982-11-25,0.0,198.59,5.35,-4.54,440.0,0.022594794728434505
1982-11-26,9.0,83.57,4.41,-0.77,577.96,0.03725087779552715
1982-11-27,0.14,87.21,1.06,-2.82,494.12,0.05679232188498403
1982-11-28,14.24,123.75,5.5,-2.2,520.03,0.043968249201277954
1982-11-29,0.0,258.36,13.06,-1.54,556.97,0.024426805111821086
1982-11-30,0.0,241.88,14.14,0.98,644.81,0.021984124600638977
1982-12-01,0.0,204.41,18.65,7.9,1071.67,0.021984124600638977
1982-12-02,1.35,155.25,16.86,8.13,1090.25,0.020762784345047924
1982-12-03,2.24,146.88,11.32,3.21,777.12,0.017098763578274757
1982-12-04,4.04,86.31,8.25,3.18,774.39,0.022594794728434505
1982-12-05,0.86,139.18,9.99,3.9,800.0,0.018930773961661342
1982-12-06,0.0,267.72,10.85,-4.0,440.0,0.013434742811501598
1982-12-07,0.0,233.34,10.63,-0.85,574.09,0.01282407268370607
1982-12-08,0.0,194.1,4.32,-4.22,442.14,0.010381392172523962
1982-12-09,0.0,137.76,1.5,-4.13,440.0,0.009160051916932907
1982-12-10,12.14,104.53,4.89,-0.84,572.7,0.03053350638977636
1982-12-11,0.0,211.27,3.93,-5.47,411.44,0.016488093450479233
1982-12-12,0.0,249.83,1.5,-10.5,280.0,0.014656083067092651
1982-12-13,0.0,247.09,7.49,-4.57,440.0,0.014656083067092651
1982-12-14,0.0,213.71,8.68,-1.0,569.27,0.017709433706070286
1982-12-15,0.0,255.95,8.8,-4.29,440.0,0.015877423322683704
1982-12-16,0.0,260.19,10.51,-3.14,480.0,0.012213402555910543
1982-12-17,0.0,267.8,14.57,-0.62,590.33,0.011602732428115015
1982-12-18,0.0,272.33,16.02,-0.5,600.0,0.012213402555910543
1982-12-19,0.0,272.26,13.65,-2.4,514.43,0.011602732428115015
1982-12-20,0.0,276.78,14.36,-2.85,494.25,0.010992062300319488
1982-12-21,0.0,269.39,14.65,-1.29,560.0,0.010381392172523962
1982-12-22,0.0,263.16,14.41,-0.7,580.38,0.010992062300319488
1982-12-23,0.0,260.14,15.99,0.9,647.24,0.017098763578274757
1982-12-24,2.54,150.71,14.97,7.07,1005.55,0.020762784345047924
1982-12-25,2.44,223.4,11.14,-1.82,537.63,0.016488093450479233
1982-12-26,0.0,201.35,2.08,-6.92,360.0,0.011602732428115015
1982-12-27,13.49,94.34,1.86,-3.33,480.0,0.06717371405750798
1982-12-28,10.13,160.84,0.96,-7.41,354.26,0.03114417651757188
1982-12-29,0.0,278.89,-0.5,-12.75,239.7,0.01954144408945687
1982-12-30,0.0,250.22,-0.52,-10.61,280.0,0.017098763578274757
1982-12-31,0.0,271.03,3.49,-8.15,330.74,0.02137345447284345
1983-01-01,0.0,283.68,4.03,-7.23,360.0,0.018930773961661342
1983-01-02,0.0,266.08,3.0,-6.96,360.0,0.014656083067092651
1983-01-03,0.0,162.99,-0.85,-6.1,390.94,0.014045412939297123
1983-01-04,0.0,139.0,-0.08,-4.5,440.0,0.014656083067092651
1983-01-05,0.0,227.8,4.42,-3.5,470.0,0.014045412939297123
1983-01-06,0.0,314.84,12.71,-2.03,520.0,0.016488093450479233
1983-01-07,0.0,304.98,11.01,-2.18,520.0,0.017709433706070286
1983-01-08,0.0,312.94,10.77,-3.14,480.0,0.018320103833865814
1983-01-09,0.0,270.52,10.78,0.47,637.71,0.017709433706070286
1983-01-10,0.0,283.79,10.57,-0.55,595.75,0.017709433706070286
1983-01-11,0.0,239.6,8.07,-0.97,562.53,0.017098763578274757
1983-01-12,0.0,321.69,11.31,-6.5,360.3,0.01282407268370607
1983-01-13,0.0,318.36,16.96,-3.77,458.17,0.013434742811501598
1983-01-14,0.0,292.11,15.0,0.06,610.0,0.013434742811501598
1983-01-15,0.0,285.48,6.25,-6.5,360.0,0.012213402555910543
1983-01-16,0.0,294.99,7.22,-6.5,360.0,0.010992062300319488
1983-01-17,0.0,293.03,5.71,-7.5,360.0,0.011602732428115015
1983-01-18,0.0,215.62,0.26,-7.38,360.0,0.010381392172523962
1983-01-19,3.64,91.61,-1.34,-5.28,417.86,0.014045412939297123
1983-01-20,0.0,128.15,-0.02,-4.15,440.28,0.01526675319488818
1983-01-21,0.0,162.54,-0.04,-5.37,410.29,0.018930773961661342
1983-01-22,2.25,157.07,-0.76,-6.63,369.0,0.018930773961661342
1983-01-23,0.0,316.93,3.0,-8.74,319.99,0.018930773961661342
1983-01-24,0.0,212.59,2.86,-3.64,468.89,0.020762784345047924
1983-01-25,0.0,145.38,2.19,-2.04,521.45,0.020152114217252392
1983-01-26,8.51,157.73,1.61,-5.08,427.48,0.043968249201277954
1983-01-27,0.0,277.91,-0.62,-10.21,280.85,0.020152114217252392
1983-01-28,0.0,262.5,5.75,-3.5,480.0,0.024426805111821086
1983-01-29,0.0,189.33,7.59,1.49,678.97,0.028090825878594246
1983-01-30,0.0,254.38,6.46,-2.21,520.0,0.024426805111821086
1983-01-31,0.0,174.6,5.11,-0.21,600.85,0.05679232188498403
1983-02-01,28.32,164.84,1.38,-5.33,413.5,0.10381392172523961
1983-02-02,7.75,121.44,-2.02,-6.13,389.03,0.04152556869009585
1983-02-03,0.0,257.96,-2.58,-9.5,280.0,0.03358685702875399
1983-02-04,0.0,370.68,-2.0,-14.22,200.0,0.03053350638977636
1983-02-05,4.84,219.86,0.5,-7.45,360.0,0.029312166134185302
1983-02-06,0.0,300.44,0.58,-7.42,356.68,0.026869485623003196
1983-02-07,0.0,411.82,1.05,-13.82,200.0,0.023816134984025558
1983-02-08,0.0,335.47,3.83,-5.49,400.99,0.039693558306709266
1983-02-09,0.0,235.66,3.53,-2.2,521.99,0.05801366214057508
1983-02-10,0.0,259.29,5.24,-1.11,562.66,0.0854938178913738
1983-02-11,0.0,286.12,5.05,-1.81,534.86,0.09160051916932907
1983-02-12,0.0,302.94,4.49,-2.54,507.78,0.10992062300319488
1983-02-13,0.0,424.04,12.62,-1.63,512.77,0.4030422843450479
1983-02-14,0.0,388.93,13.58,2.03,678.49,1.7037696565495208
1983-02-15,0.0,339.26,12.78,2.9,750.93,2.277799576677316
1983-02-16,0.0,404.28,15.44,-2.5,481.11,0.8915783865814696
1983-02-17,0.0,392.53,15.99,1.18,625.75,0.3541886741214057
1983-02-18,0.0,393.02,15.0,0.29,590.73,0.1709876357827476
1983-02-19,0.0,383.78,17.95,3.98,757.35,0.10381392172523961
1983-02-20,5.26,246.08,16.42,6.46,962.13,0.09770722044728435
1983-02-21,9.56,190.6,10.23,3.58,796.55,0.10992062300319488
1983-02-22,3.33,268.7,12.68,3.52,794.68,0.1954144408945687
1983-02-23,0.0,396.92,13.85,0.03,597.78,0.30533506389776355
1983-02-24,0.0,320.83,11.24,2.19,717.88,0.15877423322683706
1983-02-25,0.0,341.55,7.03,-2.63,509.77,0.07938711661341853
1983-02-26,0.0,311.65,10.11,1.67,692.35,0.057402992012779555
1983-02-27,0.0,361.05,12.5,1.88,672.51,0.04641092971246006
1983-02-28,0.0,424.51,15.99,0.15,544.45,0.040304228434504784
1983-03-01,0.0,437.48,19.5,1.16,560.05,0.03725087779552715
1983-03-02,0.0,439.7,23.09,3.49,631.26,0.034197527156549515
1983-03-03,0.0,368.59,21.79,9.4,1035.85,0.0360295375399361
1983-03-04,27.11,154.24,16.71,10.94,1315.41,2.491534121405751
1983-03-05,4.76,228.82,17.78,8.69,1135.22,2.3755067971246007
1983-03-06,7.16,198.82,15.19,7.82,1065.95,2.8579361980830673
1983-03-07,3.26,245.7,11.91,2.91,753.05,1.3434742811501597
1983-03-08,0.0,383.36,10.64,-1.0,560.0,0.6106701277955271
1983-03-09,0.0,402.29,10.43,-2.0,520.0,0.20762784345047922
1983-03-10,0.0,430.56,9.13,-5.01,435.6,0.1282407268370607
1983-03-11,0.0,452.39,10.0,-6.19,381.74,0.10381392172523961
1983-03-12,0.0,460.75,17.11,-0.98,541.65,0.09160051916932907
1983-03-13,0.0,459.28,22.49,3.4,702.51,0.07938711661341853
1983-03-14,0.0,448.08,23.49,5.45,815.07,0.07328041533546326
1983-03-15,0.0,362.82,20.58,8.67,1108.43,0.07938711661341853
1983-03-16,5.51,298.53,15.66,2.56,733.85,0.06717371405750798
1983-03-17,0.0,205.8,5.95,0.45,633.08,0.06106701277955272
1983-03-18,0.0,186.22,5.42,0.67,640.0,0.06717371405750798
1983-03-19,6.15,142.93,4.76,0.06,604.93,0.07938711661341853
1983-03-20,8.61,162.25,2.3,-2.88,494.36,0.09160051916932907
1983-03-21,0.0,359.99,4.02,-5.18,425.54,0.1709876357827476
1983-03-22,0.0,423.42,5.33,-6.43,365.82,0.10992062300319488
1983-03-23,0.7,274.37,5.68,-0.93,565.76,0.07328041533546326
1983-03-24,0.0,257.61,8.03,1.9,712.2,0.06717371405750798
1983-03-25,0.0,207.69,8.4,3.67,800.0,0.07328041533546326
1983-03-26,36.05,198.29,8.62,2.55,729.12,8.366180750798721
1983-03-27,13.49,182.16,5.61,0.24,619.51,14.595016054313097
1983-03-28,0.0,458.63,9.24,-3.31,480.0,1.7892634744408944
1983-03-29,12.22,238.18,9.35,2.05,720.0,3.48692642971246
1983-03-30,24.25,251.0,11.51,3.85,800.0,15.816356309904151
1983-03-31,0.0,468.45,17.58,4.61,848.88,3.2243382747603833
1983-04-01,31.86,362.97,17.21,3.62,800.0,29.983903274760383
1983-04-02,14.88,292.89,9.67,2.0,719.64,17.40409864217252
1983-04-03,0.0,493.2,11.22,-2.04,520.0,1.7220897603833865
1983-04-04,14.12,292.09,9.33,0.64,639.37,1.6427026437699679
1983-04-05,30.37,139.55,4.42,0.81,640.23,16.427026437699677
1983-04-06,0.19,317.16,6.57,0.03,606.49,11.175263338658146
1983-04-07,0.0,448.85,9.2,-1.12,560.0,1.2701938658146965
1983-04-08,3.82,250.52,8.45,1.73,698.16,0.6900572444089457
1983-04-09,1.91,347.55,8.01,0.1,607.91,0.8244046725239615
1983-04-10,0.0,541.4,15.5,-0.25,597.81,0.6289902316293929
1983-04-11,0.0,546.35,23.2,4.67,853.55,0.4030422843450479
1983-04-12,7.24,400.57,23.72,10.78,1302.11,1.4656083067092651
1983-04-13,3.88,413.44,19.34,2.33,722.08,0.7816577635782748
1983-04-14,0.0,481.12,10.01,-0.57,594.44,0.293121661341853
1983-04-15,0.0,567.04,14.5,-3.09,480.0,0.21984124600638977
1983-04-16,0.0,556.09,18.0,0.9,640.0,0.1893077396166134
1983-04-17,0.0,555.78,22.27,3.62,798.77,0.17709433706070285
1983-04-18,0.0,564.78,20.99,1.23,658.46,0.16488093450479233
1983-04-19,0.0,429.82,13.01,2.99,759.13,0.15266753194888177
1983-04-20,0.0,398.7,12.81,3.82,800.0,0.15266753194888177
1983-04-21,0.0,273.57,12.84,7.16,1013.2,0.15266753194888177
1983-04-22,3.55,191.47,13.54,8.32,1105.2,0.16488093450479233
1983-04-23,4.54,305.87,17.84,8.44,1115.3,0.1954144408945687
1983-04-24,0.0,547.63,19.17,2.5,720.0,0.1709876357827476
1983-04-25,0.0,540.43,23.23,5.92,920.0,0.14045412939297125
1983-04-26,0.0,471.4,25.08,11.67,1373.34,0.1282407268370607
1983-04-27,0.0,478.07,24.22,10.63,1290.24,0.12213402555910544
1983-04-28,5.56,286.89,18.18,8.87,1149.83,0.11602732428115016
1983-04-29,7.58,183.97,17.66,12.07,1405.8,0.22594794728434506
1983-04-30,2.03,243.39,18.51,12.43,1434.33,0.18320103833865814
1983-05-01,0.0,383.47,23.17,13.77,1581.73,0.1709876357827476
1983-05-02,0.0,548.34,23.07,5.55,920.0,0.13434742811501596
1983-05-03,0.0,519.51,21.0,6.0,920.0,0.10992062300319488
1983-05-04,0.0,548.11,24.5,6.43,954.05,0.09160051916932907
1983-05-05,0.0,486.21,26.51,11.85,1387.94,0.0854938178913738
1983-05-06,0.0,468.75,29.79,15.13,1725.3,0.07938711661341853
1983-05-07,0.0,530.45,27.21,9.24,1178.95,0.07328041533546326
1983-05-08,0.0,524.14,20.99,4.5,840.0,0.07328041533546326
1983-05-09,0.0,500.07,22.5,6.95,996.4,0.06717371405750798
1983-05-10,0.0,419.88,22.22,10.44,1275.18,0.09160051916932907
1983-05-11,9.78,262.04,24.43,15.0,1720.0,0.09160051916932907
1983-05-12,0.0,361.12,26.4,16.46,1873.29,0.09160051916932907
1983-05-13,6.34,359.67,26.62,12.14,1411.32,0.0854938178913738
1983-05-14,13.38,379.07,23.25,7.89,1070.86,0.1465608306709265
1983-05-15,0.0,470.29,15.63,3.0,760.0,0.09770722044728435
1983-05-16,0.0,529.31,19.82,3.87,800.0,0.07938711661341853
1983-05-17,0.0,380.96,20.09,10.5,1280.0,0.07328041533546326
1983-05-18,12.06,308.24,18.96,8.76,1140.63,0.07328041533546326
1983-05-19,0.0,516.36,20.82,5.98,923.31,0.10381392172523961
1983-05-20,9.07,297.0,21.13,11.08,1326.79,0.10992062300319488
1983-05-21,24.48,242.36,19.13,11.32,1345.42,0.41525568690095843
1983-05-22,0.0,482.15,22.45,8.78,1142.15,2.2350526677316296
1983-05-23,0.0,515.62,25.01,9.01,1160.5,0.360295375399361
1983-05-24,0.0,482.44,27.59,12.94,1474.97,0.1709876357827476
1983-05-25,2.22,409.39,27.0,14.76,1681.29,0.1282407268370607
1983-05-26,0.0,475.88,26.53,12.55,1443.8,0.10992062300319488
1983-05-27,2.4,375.16,30.0,15.64,1770.97,0.10381392172523961
1983-05-28,5.0,377.84,31.0,14.35,1627.84,0.09770722044728435
1983-05-29,3.73,374.42,30.19,13.7,1575.75,0.09770722044728435
1983-05-30,2.97,424.29,23.74,9.5,1200.0,0.10381392172523961
1983-05-31,6.63,388.82,20.2,7.04,1003.49,0.09160051916932907
1983-06-01,0.0,492.39,21.84,7.06,1005.1,0.09160051916932907
1983-06-02,4.88,280.2,24.23,13.95,1595.73,0.0854938178913738
1983-06-03,4.46,304.68,26.26,14.78,1684.72,0.0854938178913738
1983-06-04,0.0,499.25,28.5,12.5,1440.0,0.07938711661341853
1983-06-05,0.0,441.25,27.5,14.5,1650.42,0.0854938178913738
1983-06-06,12.89,324.17,21.15,9.5,1200.0,0.10381392172523961
1983-06-07,0.0,513.55,24.5,8.82,1145.62,0.09160051916932907
1983-06-08,0.0,462.06,27.07,13.5,1560.07,0.07328041533546326
1983-06-09,0.0,441.52,28.0,15.12,1729.23,0.06106701277955272
1983-06-10,6.7,345.01,27.66,16.49,1878.18,0.16488093450479233
1983-06-11,45.47,288.42,26.44,15.82,1785.22,6.961639456869009
1983-06-12,3.8,279.12,27.03,18.5,2120.0,7.755510623003195
1983-06-13,0.0,286.51,27.06,19.57,2282.98,0.7328041533546326
1983-06-14,21.99,373.6,27.13,12.1,1407.91,8.79364984025559
1983-06-15,0.0,509.35,29.11,13.0,1480.0,8.427247763578276
1983-06-16,0.0,468.03,29.28,15.14,1729.16,0.5984567252396166
1983-06-17,0.0,453.47,29.77,16.1,1815.47,0.3175484664536741
1983-06-18,7.72,375.81,31.88,17.0,1920.0,0.23816134984025558
1983-06-19,0.0,435.65,32.58,18.99,2198.47,0.18320103833865814
1983-06-20,0.0,421.12,33.27,20.0,2320.0,0.1465608306709265
1983-06-21,0.0,416.15,33.0,20.0,2320.04,0.12213402555910544
1983-06-22,0.0,453.61,33.78,19.0,2200.0,0.10381392172523961
1983-06-23,0.0,432.49,33.0,19.38,2260.12,0.09160051916932907
1983-06-24,0.0,421.57,31.76,18.85,2175.95,0.0854938178913738
1983-06-25,7.2,296.05,29.0,19.22,2235.92,0.10992062300319488
1983-06-26,9.91,256.82,29.0,19.5,2280.34,0.720590750798722
1983-06-27,23.07,336.84,29.69,16.34,1855.13,0.6778438418530351
1983-06-28,32.18,305.36,29.56,18.0,2080.0,5.276189904153354
1983-06-29,3.47,422.14,30.43,16.5,1880.0,11.480598402555911
1983-06-30,0.0,449.78,34.37,20.0,2319.92,0.8793649840255591
1983-07-01,0.0,406.11,35.73,22.93,2788.55,0.32976186900958465
1983-07-02,0.0,435.65,35.53,21.42,2547.34,0.20762784345047922
1983-07-03,0.0,390.74,36.06,23.67,2921.98,0.15266753194888177
1983-07-04,7.86,408.88,34.45,20.22,2354.79,0.12213402555910544
1983-07-05,0.0,472.36,30.37,15.83,1786.35,1.1053129313099042
1983-07-06,0.0,494.81,30.94,14.98,1716.72,0.293121661341853
1983-07-07,0.0,474.52,31.52,16.5,1880.0,0.14045412939297125
1983-07-08,0.0,474.51,32.0,16.81,1904.44,0.10381392172523961
1983-07-09,0.0,508.55,32.98,15.39,1751.37,0.0854938178913738
1983-07-10,0.0,484.26,34.3,17.62,2019.2,0.07328041533546326
1983-07-11,0.0,472.84,35.67,19.04,2206.36,0.06717371405750798
1983-07-12,0.0,448.62,35.42,19.97,2317.24,0.05923500239616612
1983-07-13,0.0,448.15,34.98,19.47,2275.75,0.05434964137380192
1983-07-14,0.0,420.01,33.32,19.53,2278.6,0.0494642803514377
1983-07-15,0.0,339.65,31.48,21.17,2507.44,0.04641092971246006
1983-07-16,0.0,360.25,32.02,20.99,2478.07,0.044578919329073485
1983-07-17,0.0,373.62,33.26,21.54,2566.72,0.04335757907348242
1983-07-18,0.0,408.47,36.28,22.49,2718.23,0.04152556869009585
1983-07-19,0.0,432.68,37.51,22.2,2671.55,0.03847221805111821
1983-07-20,0.0,426.76,37.51,22.41,2706.34,0.03541886741214057
1983-07-21,0.0,441.58,37.99,21.93,2628.5,0.03114417651757188
1983-07-22,0.0,462.77,39.0,21.33,2533.45,0.028701496006389778
1983-07-23,0.0,446.75,39.5,22.43,2708.45,0.02564814536741214
1983-07-24,0.0,439.46,40.5,23.33,2852.81,0.022594794728434505
1983-07-25,0.0,459.57,38.73,20.87,2459.86,0.021984124600638977
1983-07-26,0.0,435.87,37.94,21.52,2562.94,0.02320546485623003
1983-07-27,0.0,429.28,40.65,23.5,2880.0,0.02564814536741214
1983-07-28,0.0,430.49,40.98,23.49,2879.11,0.02320546485623003
1983-07-29,0.0,412.12,39.4,23.36,2857.63,0.020762784345047924
1983-07-30,0.0,397.06,37.51,22.72,2754.6,0.01954144408945687
1983-07-31,0.0,427.2,37.97,21.5,2560.0,0.018320103833865814
1983-08-01,0.0,438.7,38.95,21.43,2548.16,0.01954144408945687
1983-08-02,0.0,416.84,39.0,22.5,2720.0,0.018930773961661342
1983-08-03,0.0,423.15,38.72,21.9,2624.1,0.017098763578274757
1983-08-04,0.0,423.93,37.5,20.96,2474.21,0.016488093450479233
1983-08-05,0.0,403.59,37.45,21.9,2623.85,0.01526675319488818
1983-08-06,0.0,392.38,38.21,22.95,2792.73,0.013434742811501598
1983-08-07,0.0,390.03,35.95,21.39,2541.62,0.014045412939297123
1983-08-08,0.0,420.99,35.95,19.93,2314.32,0.011602732428115015
1983-08-09,0.0,426.95,36.5,20.0,2320.0,0.009770722044728435
1983-08-10,0.0,416.51,38.0,21.52,2562.65,0.010381392172523962
1983-08-11,0.0,392.12,39.16,23.47,2875.85,0.009770722044728435
1983-08-12,0.0,406.74,38.91,22.55,2727.43,0.009160051916932907
1983-08-13,0.0,417.31,38.34,21.48,2556.04,0.007938711661341852
1983-08-14,0.0,384.48,37.63,22.5,2719.99,0.006717371405750799
1983-08-15,0.0,380.42,38.99,23.5,2880.0,0.006717371405750799
1983-08-16,0.0,380.06,41.31,24.94,3150.11,0.006717371405750799
1983-08-17,0.0,376.96,41.26,25.0,3159.21,0.0045800259584664535
1983-08-18,0.0,394.93,39.51,22.84,2775.1,0.0034197527156549523
1983-08-19,0.0,388.42,36.48,21.0,2480.0,0.0031754846645367413
1983-08-20,29.14,248.85,32.02,20.0,2320.06,0.017098763578274757
1983-08-21,8.64,254.93,34.0,22.31,2689.44,0.006717371405750799
1983-08-22,0.0,376.68,36.98,22.0,2640.0,0.007938711661341852
1983-08-23,0.0,373.7,37.5,22.51,2721.66,0.008549381789137379
1983-08-24,0.0,394.06,37.5,21.49,2558.01,0.008549381789137379
1983-08-25,0.0,363.21,37.5,22.96,2793.26,0.007328041533546326
1983-08-26,0.0,385.06,38.36,22.5,2719.28,0.006106701277955272
1983-08-27,0.0,398.35,38.5,21.84,2613.75,0.004763226996805111
1983-08-28,0.0,377.5,37.69,22.3,2687.52,0.003908288817891374
1983-08-29,0.0,381.83,37.5,21.86,2618.38,0.0033586857028753995
1983-08-30,0.0,375.49,39.47,23.5,2879.21,0.002320546485623003
1983-08-31,6.65,283.11,36.48,21.28,2524.02,0.007328041533546326
1983-09-01,0.93,392.44,33.42,17.5,2000.0,0.002809082587859425
1983-09-02,0.0,445.82,34.91,15.98,1798.08,0.002442680511182109
1983-09-03,0.0,448.7,35.5,16.0,1800.0,0.0021373454472843447
1983-09-04,0.0,405.3,36.5,19.34,2254.42,0.0014045412939297124
1983-09-05,0.0,374.09,36.92,21.25,2520.23,0.0008549381789137381
1983-09-06,0.0,354.66,36.75,22.02,2642.41,0.0004885361022364217
1983-09-07,0.0,392.71,36.52,19.76,2300.11,0.00024426805111821086
1983-09-08,0.0,344.58,36.16,21.98,2636.54,0.00012213402555910543
1983-09-09,0.0,344.03,35.5,21.45,2552.43,6.106701277955272e-05
1983-09-10,0.0,353.67,36.0,21.4,2491.67,0.00036640207667731624
1983-09-11,29.9,286.77,33.57,17.91,2063.23,0.007328041533546326
1983-09-12,0.0,294.17,29.19,18.45,2116.05,0.0005496031150159744
1983-09-13,7.0,244.95,25.1,13.59,1566.96,0.0006106701277955272
1983-09-14,0.0,369.24,25.75,12.26,1420.78,0.00042746908945686903
1983-09-15,35.47,242.86,27.87,16.1,1815.41,0.13434742811501596
1983-09-16,0.0,345.6,29.5,16.5,1880.0,1.190806749201278
1983-09-17,0.0,362.99,33.07,18.47,2121.6,0.15266753194888177
1983-09-18,0.0,321.92,34.01,21.16,2506.27,0.0494642803514377
1983-09-19,0.0,318.35,32.15,19.75,2299.68,0.03175484664536741
1983-09-20,9.1,342.06,27.14,6.9,992.29,0.03236551677316293
1983-09-21,0.0,425.44,18.13,1.65,692.23,0.024426805111821086
1983-09-22,0.0,417.41,20.74,4.31,824.57,0.018320103833865814
1983-09-23,0.0,443.97,22.0,3.06,764.91,0.014656083067092651
1983-09-24,0.0,382.91,25.67,10.25,1260.37,0.011602732428115015
1983-09-25,0.33,304.26,27.03,15.37,1749.89,0.010381392172523962
1983-09-26,0.0,408.04,29.67,11.49,1346.02,0.009770722044728435
1983-09-27,0.0,380.76,31.63,14.91,1593.59,0.008549381789137379
1983-09-28,0.0,326.43,31.12,17.5,1955.87,0.003053350638977636
1983-09-29,0.0,319.7,30.37,17.14,1920.79,0.002992283626198083
1983-09-30,0.0,337.39,28.94,15.0,1670.29,0.003053350638977636
1983-10-01,0.0,346.57,30.72,15.82,1739.7,0.003236551677316294
1983-10-02,0.0,311.18,31.0,17.92,2043.65,0.0034197527156549523
1983-10-03,0.0,293.8,29.95,17.97,2052.95,0.0036029537539936096
1983-10-04,0.0,290.8,25.7,14.52,1653.49,0.003908288817891374
1983-10-05,0.0,437.2,28.62,5.95,830.63,0.003786154792332268
1983-10-06,0.0,366.25,26.89,11.0,1255.09,0.004641092971246006
1983-10-07,4.16,129.86,18.47,12.37,1429.84,0.018320103833865814
1983-10-08,6.66,113.66,18.24,12.99,1489.69,0.005984567252396166
1983-10-09,0.0,219.08,20.76,12.93,1474.47,0.005129629073482428
1983-10-10,0.0,275.7,24.79,14.26,1620.53,0.005557098162939297
1983-10-11,17.38,197.83,23.05,13.26,1522.2,0.017098763578274757
1983-10-12,0.11,298.79,15.85,5.0,880.09,0.007328041533546326
1983-10-13,0.0,363.7,17.67,2.79,743.07,0.012213402555910543
1983-10-14,0.0,360.14,22.5,7.0,1000.0,0.013434742811501598
1983-10-15,0.0,292.82,24.33,12.5,1440.0,0.012213402555910543
1983-10-16,13.32,178.98,22.06,13.0,1480.63,0.02503747523961661
1983-10-17,12.82,117.79,17.51,12.01,1400.73,0.024426805111821086
1983-10-18,0.27,98.48,15.97,12.75,1459.67,0.06106701277955272
1983-10-19,4.21,128.15,20.28,14.23,1618.56,0.10992062300319488
1983-10-20,17.72,168.47,18.55,10.74,1298.98,0.10381392172523961
1983-10-21,16.46,96.85,12.1,8.06,1085.19,0.3419752715654952
1983-10-22,0.0,126.67,12.08,8.22,1097.86,0.6412036341853035
1983-10-23,0.0,262.13,15.42,6.76,983.8,0.20762784345047922
1983-10-24,0.0,332.85,17.19,4.7,855.85,0.07938711661341853
1983-10-25,0.0,321.23,16.72,4.86,868.85,0.044578919329073485
1983-10-26,0.0,375.99,21.0,2.81,745.12,0.032976186900958465
1983-10-27,0.0,368.63,23.18,5.0,880.0,0.02748015575079872
1983-10-28,0.0,331.82,24.51,9.99,1239.15,0.02564814536741214
1983-10-29,0.0,291.76,21.25,10.0,1240.0,0.02137345447284345
1983-10-30,0.39,212.89,16.12,8.73,1138.62,0.021984124600638977
1983-10-31,0.0,339.69,24.43,8.39,1110.87,0.021984124600638977
1983-11-01,6.29,156.02,21.24,13.92,1593.33,0.02503747523961661
1983-11-02,0.01,187.99,21.99,15.39,1751.02,0.02503747523961661
1983-11-03,0.0,232.51,24.35,15.65,1772.1,0.023816134984025558
1983-11-04,0.0,281.55,21.07,10.39,1271.52,0.021984124600638977
1983-11-05,0.0,227.94,15.2,7.76,1061.09,0.02320546485623003
1983-11-06,3.19,98.8,14.0,9.99,1239.47,0.03053350638977636
1983-11-07,6.95,153.7,16.47,9.72,1217.6,0.028090825878594246
1983-11-08,5.45,134.74,16.46,10.61,1288.72,0.029312166134185302
1983-11-09,7.93,239.53,15.52,2.09,716.02,0.04091489856230032
1983-11-10,1.07,258.32,7.19,-1.59,551.7,0.03175484664536741
1983-11-11,0.0,313.01,8.5,-4.09,440.0,0.03236551677316293
1983-11-12,0.0,249.15,8.99,0.5,640.0,0.045800259584664535
1983-11-13,0.0,327.56,14.24,-1.41,560.0,0.04091489856230032
1983-11-14,0.0,297.48,15.44,3.0,760.0,0.034197527156549515
1983-11-15,0.0,291.05,13.79,1.81,705.17,0.029922836261980834
1983-11-16,0.0,324.21,16.78,-0.73,581.8,0.029312166134185302
1983-11-17,0.0,294.26,17.5,3.56,793.48,0.029312166134185302
1983-11-18,0.0,314.08,19.5,1.5,680.0,0.029922836261980834
1983-11-19,0.0,283.77,18.48,4.5,840.05,0.028701496006389778
1983-11-20,0.0,296.96,14.35,-1.09,560.0,0.03053350638977636
1983-11-21,0.0,304.55,20.37,1.61,689.12,0.03541886741214057
1983-11-22,0.0,262.21,18.81,5.27,893.47,0.04152556869009585
1983-11-23,10.44,192.86,9.59,-2.72,502.46,0.05007495047923322
1983-11-24,0.0,283.71,9.64,-5.55,400.0,0.04091489856230032
1983-11-25,0.0,287.24,15.32,-1.06,560.81,0.04091489856230032
1983-11-26,0.0,192.8,14.03,5.45,902.91,0.06106701277955272
1983-11-27,11.47,179.76,9.52,-1.64,549.23,0.21984124600638977
1983-11-28,1.18,122.87,0.09,-5.11,428.56,0.15266753194888177
1983-11-29,0.0,243.73,4.87,-6.45,364.3,0.13434742811501596
1983-11-30,0.0,221.42,4.07,-5.68,401.69,0.07328041533546326
1983-12-01,0.0,236.9,3.32,-7.57,354.63,0.05557098162939297
1983-12-02,0.0,166.44,5.43,-1.59,547.87,0.050685620607028754
1983-12-03,9.17,113.59,2.73,-3.54,467.4,0.06717371405750798
1983-12-04,0.0,247.68,5.2,-6.88,359.49,0.07328041533546326
1983-12-05,0.0,174.27,4.59,-2.89,491.01,0.06717371405750798
1983-12-06,0.0,241.02,4.5,-7.34,354.79,0.06717371405750798
1983-12-07,0.0,261.04,9.22,-5.15,425.31,0.06717371405750798
1983-12-08,0.0,263.33,8.83,-6.31,375.32,0.05984567252396167
1983-12-09,0.0,222.33,5.25,-5.81,397.48,0.051906960862619804
1983-12-10,0.0,243.09,9.02,-4.17,440.0,0.050685620607028754
1983-12-11,0.0,194.88,7.46,-2.0,520.0,0.0494642803514377
1983-12-12,0.0,185.63,2.77,-6.0,400.0,0.04824294009584664
1983-12-13,0.0,178.31,4.77,-3.5,475.11,0.04885361022364217
1983-12-14,0.0,202.07,2.14,-7.41,360.0,0.04702159984025559
1983-12-15,0.0,174.61,0.85,-7.0,360.0,0.03908288817891374
1983-12-16,0.0,254.5,1.95,-11.57,240.13,0.037861547923322685
1983-12-17,0.0,239.69,1.07,-10.96,265.63,0.0360295375399361
1983-12-18,1.56,207.36,-9.03,-17.05,160.0,0.034197527156549515
1983-12-19,0.54,161.42,-14.2,-20.04,120.0,0.03358685702875399
1983-12-20,1.93,172.05,-14.87,-20.96,120.0,0.034197527156549515
1983-12-21,3.89,133.6,-14.81,-20.91,120.0,0.03358685702875399
1983-12-22,0.0,162.24,-16.46,-21.8,120.0,0.032976186900958465
1983-12-23,0.0,153.75,-15.45,-20.37,120.0,0.032976186900958465
1983-12-24,0.0,147.36,-16.71,-21.25,120.0,0.03358685702875399
1983-12-25,0.0,258.04,-11.97,-20.91,120.0,0.03541886741214057
1983-12-26,0.0,253.51,-7.85,-16.59,160.0,0.04152556869009585
1983-12-27,2.99,192.71,-4.0,-12.86,240.0,0.04885361022364217
1983-12-28,2.15,233.65,-4.87,-13.03,237.51,0.05434964137380192
1983-12-29,0.0,314.39,-8.14,-21.5,120.0,0.05496031150159744
1983-12-30,0.0,335.15,-3.98,-21.98,120.0,0.05496031150159744
1983-12-31,0.0,260.5,0.62,-8.76,320.0,0.05618165175718849
1984-01-01,0.0,207.0,2.53,-7.54,356.31,0.06106701277955272
1984-01-02,0.0,224.78,5.4,-5.93,400.0,0.050685620607028754
1984-01-03,0.0,266.98,10.03,-5.69,400.27,0.04885361022364217
1984-01-04,0.0,245.92,11.35,-2.04,520.0,0.05496031150159744
1984-01-05,0.0,269.31,15.18,-1.21,560.0,0.06717371405750798
1984-01-06,0.0,253.21,13.97,-0.13,600.0,0.12213402555910544
1984-01-07,0.0,270.27,15.61,-0.62,590.7,0.23816134984025558
1984-01-08,0.0,285.77,17.0,-1.66,547.45,0.18320103833865814
1984-01-09,0.0,253.13,12.84,-0.8,575.64,0.15877423322683706
1984-01-10,0.0,180.83,2.17,-5.93,400.0,0.15266753194888177
1984-01-11,0.0,244.71,4.64,-7.48,359.99,0.1282407268370607
1984-01-12,0.0,193.67,2.17,-6.5,360.0,0.07328041533546326
1984-01-13,0.0,201.42,-3.41,-12.32,240.0,0.07328041533546326
1984-01-14,0.0,157.99,-4.99,-11.64,240.0,0.04702159984025559
1984-01-15,2.0,149.96,-4.2,-9.78,281.91,0.05373897124600639
1984-01-16,0.82,318.52,-2.5,-17.49,160.0,0.04885361022364217
1984-01-17,0.0,227.98,-5.57,-14.36,200.0,0.045800259584664535
1984-01-18,1.89,218.42,-9.75,-17.97,157.51,0.04702159984025559
1984-01-19,0.0,331.11,-7.91,-23.36,80.0,0.045800259584664535
1984-01-20,0.0,224.17,-8.9,-17.24,160.0,0.04518958945686901
1984-01-21,0.0,333.1,-3.36,-18.7,144.23,0.04824294009584664
1984-01-22,0.0,240.97,1.5,-7.66,347.05,0.050685620607028754
1984-01-23,0.0,277.63,3.74,-7.33,355.27,0.05129629073482428
1984-01-24,0.0,339.57,7.24,-8.5,320.0,0.05373897124600639
1984-01-25,0.0,348.74,11.5,-5.49,400.73,0.05434964137380192
1984-01-26,0.0,301.87,11.72,-0.99,562.34,0.05801366214057508
1984-01-27,0.0,227.84,7.43,-1.39,559.38,0.06717371405750798
1984-01-28,0.0,322.03,14.65,-1.98,521.95,0.07328041533546326
1984-01-29,0.0,327.47,15.96,-2.27,520.0,0.0854938178913738
1984-01-30,0.0,286.41,11.6,-1.5,560.0,0.0854938178913738
1984-01-31,0.0,334.04,13.1,-5.22,422.56,0.07328041533546326
1984-02-01,0.0,344.55,18.01,-3.19,480.0,0.07938711661341853
1984-02-02,0.0,289.36,15.0,1.44,674.84,0.06717371405750798
1984-02-03,0.0,329.85,13.46,-3.58,473.35,0.06045634265175719
1984-02-04,0.0,285.66,11.04,-1.53,557.91,0.057402992012779555
1984-02-05,0.0,294.83,6.76,-6.01,398.69,0.05373897124600639
1984-02-06,0.0,378.81,16.41,-11.12,268.06,0.04518958945686901
1984-02-07,0.0,364.66,18.5,-3.49,480.0,0.05007495047923322
1984-02-08,0.0,330.57,16.43,0.0,600.0,0.04702159984025559
1984-02-09,11.74,143.67,11.01,3.5,800.0,0.05801366214057508
1984-02-10,0.87,341.39,15.0,-2.0,520.0,0.05984567252396167
1984-02-11,0.0,298.06,17.88,4.35,830.79,0.07328041533546326
1984-02-12,0.0,308.15,14.86,1.0,640.0,0.07328041533546326
1984-02-13,0.0,357.95,16.13,-2.59,512.45,0.06045634265175719
1984-02-14,0.0,365.74,20.62,-0.02,600.05,0.05434964137380192
1984-02-15,0.0,278.77,19.31,6.75,979.95,0.050685620607028754
1984-02-16,0.0,234.36,13.58,3.87,800.0,0.04824294009584664
1984-02-17,0.0,359.62,14.5,-3.64,468.47,0.04641092971246006
1984-02-18,3.0,223.19,13.55,0.58,640.0,0.04885361022364217
1984-02-19,0.0,265.65,8.9,-1.97,522.93,0.04518958945686901
1984-02-20,0.0,359.59,10.94,-6.0,400.0,0.043968249201277954
1984-02-21,0.0,389.3,16.05,-4.76,439.73,0.043968249201277954
1984-02-22,0.0,392.29,20.0,-1.66,513.51,0.04335757907348242
1984-02-23,0.0,326.38,16.29,1.5,680.0,0.0427469089456869
1984-02-24,0.0,376.01,13.5,-4.82,436.61,0.04152556869009585
1984-02-25,0.0,357.38,15.78,-1.0,560.07,0.04152556869009585
1984-02-26,14.9,225.98,14.0,1.09,647.5,0.06717371405750798
1984-02-27,4.23,102.7,3.98,-1.03,565.53,0.057402992012779555
1984-02-28,0.0,224.11,3.74,-4.52,440.0,0.06045634265175719
1984-02-29,0.0,369.82,6.73,-9.02,312.52,0.07328041533546326
1984-03-01,0.0,376.29,12.8,-3.6,472.34,0.06106701277955272
1984-03-02,0.0,408.55,16.5,-2.77,496.26,0.05373897124600639
1984-03-03,0.0,387.24,16.67,-0.55,595.81,0.05373897124600639
1984-03-04,22.99,239.58,14.05,1.59,686.91,0.7755510623003196
1984-03-05,0.0,293.23,7.0,-3.71,463.18,0.9098984904153354
1984-03-06,0.0,394.03,11.0,-5.5,400.0,0.17709433706070285
1984-03-07,0.0,417.0,14.63,-3.49,480.0,0.10381392172523961
1984-03-08,0.0,443.95,12.93,-7.42,357.04,0.0854938178913738
1984-03-09,0.0,378.07,8.32,-6.01,398.87,0.07328041533546326
1984-03-10,0.0,374.23,10.24,-4.01,440.0,0.06717371405750798
1984-03-11,0.0,358.9,10.0,-3.18,480.0,0.06717371405750798
1984-03-12,13.14,160.95,7.81,0.81,644.24,0.09770722044728435
1984-03-13,0.0,365.55,12.66,-0.59,592.79,0.09160051916932907
1984-03-14,0.0,451.47,22.38,1.97,681.0,0.10992062300319488
1984-03-15,0.0,422.88,22.49,5.01,832.96,0.09160051916932907
1984-03-16,0.0,262.38,8.28,-0.08,605.41,0.15266753194888177
1984-03-17,23.9,199.75,9.69,1.2,656.55,4.225837284345048
1984-03-18,21.5,231.21,9.23,-0.52,598.02,5.2334429952076675
1984-03-19,24.87,140.99,2.5,-2.89,492.01,14.045412939297124
1984-03-20,1.87,446.84,11.31,-7.43,360.0,3.83500840255591
1984-03-21,0.0,436.06,12.89,-1.31,560.0,9.64858801916933
1984-03-22,0.0,372.36,11.91,0.0,600.0,2.723588769968051
1984-03-23,21.21,191.74,7.95,0.74,637.7,10.320325159744408
1984-03-24,32.72,136.83,6.5,1.66,692.46,24.854274201277953
1984-03-25,0.0,440.19,12.84,-1.38,553.69,4.976961541533546
1984-03-26,8.73,236.42,14.82,6.0,920.0,2.1312387460063897
1984-03-27,6.03,234.09,12.51,4.04,808.65,3.0716707428115013
1984-03-28,11.84,171.41,8.0,2.16,720.0,5.172375982428115
1984-03-29,0.0,317.22,9.0,0.6,638.48,2.6625217571884985
1984-03-30,0.0,419.35,10.3,-1.69,545.02,0.6778438418530351
1984-03-31,8.02,250.21,8.57,-0.0,600.0,0.5496031150159744
1984-04-01,0.42,291.89,9.64,2.31,720.0,0.6412036341853035
1984-04-02,6.5,256.03,15.15,6.56,965.04,0.78776446485623
1984-04-03,4.26,318.45,14.3,2.95,755.77,1.9846779153354632
1984-04-04,0.0,381.49,11.47,1.97,717.82,0.7144840495207668
1984-04-05,0.0,509.62,14.73,-1.04,560.0,0.360295375399361
1984-04-06,0.0,506.01,19.5,3.48,796.48,0.2809082587859425
1984-04-07,7.45,345.32,18.78,9.35,1188.15,1.3923278913738018
1984-04-08,32.13,163.82,12.12,7.44,1035.39,16.365959424920128
1984-04-09,0.0,293.48,13.27,6.97,997.94,6.53417036741214
1984-04-10,7.6,217.71,14.97,8.81,1145.13,3.2548717811501597
1984-04-11,8.62,321.49,19.72,9.23,1178.54,6.900572444089456
1984-04-12,12.06,370.37,19.5,6.11,930.75,7.816577635782748
1984-04-13,0.0,493.22,19.33,6.35,947.84,2.5464944329073482
1984-04-14,0.0,457.03,17.27,6.5,960.0,0.6228835303514377
1984-04-15,0.0,446.77,16.2,5.91,921.97,0.40914898562300317
1984-04-16,1.08,485.75,17.79,4.48,838.02,0.3419752715654952
1984-04-17,0.0,549.77,19.5,2.47,720.0,0.2992283626198083
1984-04-18,0.0,546.6,18.81,2.0,720.0,0.26258815495207666
1984-04-19,0.0,495.63,19.1,6.1,927.89,0.24426805111821087
1984-04-20,0.0,409.84,16.71,7.5,1039.83,0.293121661341853
1984-04-21,14.06,159.9,11.41,7.29,1023.41,0.922111892971246
1984-04-22,0.42,271.09,9.72,4.46,837.15,0.49464280351437695
1984-04-23,0.0,574.31,21.0,1.26,661.12,0.30533506389776355
1984-04-24,0.0,536.2,22.8,6.84,987.44,0.2503747523961661
1984-04-25,0.0,542.67,26.5,8.81,1144.96,0.2137345447284345
1984-04-26,0.0,429.49,27.96,16.49,1878.65,0.20762784345047922
1984-04-27,10.64,413.05,24.34,6.21,941.33,0.8671515814696485
1984-04-28,0.0,529.67,18.04,2.77,744.91,0.4030422843450479
1984-04-29,0.0,469.65,18.76,6.5,960.38,0.21984124600638977
1984-04-30,9.12,415.75,17.23,0.12,611.08,0.293121661341853
1984-05-01,0.0,507.78,20.1,5.48,915.49,0.22594794728434506
1984-05-02,0.02,385.16,20.51,10.79,1303.05,0.20152114217252395
1984-05-03,2.81,282.44,19.0,11.35,1348.04,0.24426805111821087
1984-05-04,0.0,497.35,22.31,8.0,1080.0,0.23816134984025558
1984-05-05,4.98,302.39,21.72,11.47,1357.89,0.1893077396166134
1984-05-06,4.27,242.89,19.49,11.93,1394.18,0.18320103833865814
1984-05-07,0.91,401.26,18.64,8.96,1157.11,0.17709433706070285
1984-05-08,0.0,578.48,21.0,1.0,640.12,0.15877423322683706
1984-05-09,0.0,539.51,22.0,5.0,880.0,0.14045412939297125
1984-05-10,0.0,506.68,27.11,10.93,1314.35,0.13434742811501596
1984-05-11,0.0,446.72,27.95,14.6,1665.18,0.12213402555910544
1984-05-12,0.0,495.72,28.45,12.52,1441.75,0.11602732428115016
1984-05-13,0.0,426.63,29.89,17.0,1920.48,0.10992062300319488
1984-05-14,0.32,443.25,27.81,14.2,1615.99,0.09770722044728435
1984-05-15,0.0,408.5,25.27,13.73,1578.66,0.09770722044728435
1984-05-16,0.0,442.16,26.48,13.51,1548.72,0.09770722044728435
1984-05-17,0.0,465.78,27.54,13.44,1550.91,0.09160051916932907
1984-05-18,0.0,467.94,28.2,13.95,1595.82,0.09160051916932907
1984-05-19,0.0,361.27,26.99,17.07,1933.42,0.09160051916932907
1984-05-20,9.29,287.35,25.18,14.76,1683.26,0.11602732428115016
1984-05-21,0.0,481.01,27.5,12.58,1446.78,0.10992062300319488
1984-05-22,0.0,356.47,26.52,16.49,1878.88,0.09160051916932907
1984-05-23,0.0,494.92,25.2,10.0,1240.18,0.0854938178913738
1984-05-24,0.0,476.82,29.85,14.7,1673.43,0.07938711661341853
1984-05-25,0.0,461.9,29.57,15.27,1733.77,0.07328041533546326
1984-05-26,0.0,439.54,24.09,11.66,1372.94,0.06717371405750798
1984-05-27,17.09,298.18,23.67,12.98,1478.39,0.07938711661341853
1984-05-28,1.01,384.37,20.88,10.09,1247.26,0.10992062300319488
1984-05-29,0.0,524.12,20.62,5.0,880.0,0.10992062300319488
1984-05-30,0.0,528.19,23.67,7.33,1026.64,0.07938711661341853
1984-05-31,0.0,523.9,29.16,11.8,1384.13,0.06717371405750798
1984-06-01,0.0,488.84,32.21,15.97,1797.2,0.06106701277955272
1984-06-02,0.0,505.43,30.78,13.71,1574.12,0.06106701277955272
1984-06-03,0.0,438.06,25.82,13.07,1490.53,0.058624332268370605
1984-06-04,0.0,401.15,28.9,17.06,1930.68,0.05801366214057508
1984-06-05,0.0,417.18,30.86,17.94,2070.09,0.057402992012779555
1984-06-06,0.0,418.23,31.62,18.43,2114.51,0.05557098162939297
1984-06-07,0.0,416.65,33.77,20.32,2371.62,0.05312830111821086
1984-06-08,0.0,446.57,33.05,18.53,2137.19,0.5679232188498402
1984-06-09,41.9,325.82,31.53,17.97,2074.82,11.175263338658146
1984-06-10,0.0,425.76,29.71,16.88,1915.02,0.3541886741214057
1984-06-11,0.0,345.01,29.8,19.95,2315.62,0.14045412939297125
1984-06-12,0.0,395.51,32.26,20.27,2364.13,0.09770722044728435
1984-06-13,6.91,336.05,32.93,18.62,2141.93,0.07938711661341853
1984-06-14,0.67,401.02,32.42,19.73,2296.22,0.07328041533546326
1984-06-15,6.1,303.0,33.22,20.69,2430.84,0.06717371405750798
1984-06-16,0.0,420.38,34.5,21.03,2484.91,0.06106701277955272
1984-06-17,0.0,419.3,34.44,21.05,2487.34,0.0854938178913738
1984-06-18,0.0,410.89,32.09,19.51,2272.88,0.05557098162939297
1984-06-19,0.0,356.94,31.16,20.68,2429.57,0.04702159984025559
1984-06-20,3.66,290.3,30.65,20.66,2424.87,0.045800259584664535
1984-06-21,0.0,411.28,33.98,20.99,2479.12,0.043968249201277954
1984-06-22,0.0,456.0,37.01,21.14,2501.62,0.06717371405750798
1984-06-23,13.93,340.57,34.1,19.2,2231.21,2.0823851357827476
1984-06-24,19.99,340.73,30.53,16.5,1879.68,4.677733178913738
1984-06-25,0.0,477.38,32.75,16.96,1916.72,0.6656304392971246
1984-06-26,8.37,343.99,33.31,18.2,2095.71,0.20152114217252395
1984-06-27,0.0,407.79,32.54,19.78,2302.79,0.11602732428115016
1984-06-28,0.0,491.69,34.21,17.01,1913.64,0.09160051916932907
1984-06-29,5.42,365.13,33.81,16.95,1916.04,0.0854938178913738
1984-06-30,0.0,450.35,31.22,16.96,1917.02,0.07328041533546326
1984-07-01,0.0,462.07,29.49,15.1,1728.33,0.051906960862619804
1984-07-02,0.0,440.49,31.64,17.85,2056.3,0.047632269968051116
1984-07-03,0.0,459.62,35.59,19.84,2286.59,0.043968249201277954
1984-07-04,0.0,386.97,34.72,22.34,2693.77,0.039693558306709266
1984-07-05,0.0,493.97,34.0,16.74,1857.23,0.0360295375399361
1984-07-06,0.0,459.5,36.85,20.5,2378.94,0.043968249201277954
1984-07-07,7.49,367.61,35.49,20.26,2349.51,0.034197527156549515
1984-07-08,0.0,440.26,38.75,22.85,2645.78,0.03053350638977636
1984-07-09,0.0,414.09,39.32,24.38,2956.0,0.026869485623003196
1984-07-10,0.0,417.55,39.0,23.99,2847.98,0.02320546485623003
1984-07-11,6.81,333.18,36.04,20.33,2373.08,0.026258815495207664
1984-07-12,0.0,473.52,32.5,16.48,1710.75,0.026258815495207664
1984-07-13,0.0,492.35,35.35,17.48,1772.66,0.023816134984025558
1984-07-14,0.0,441.96,38.88,22.5,2495.08,0.02137345447284345
1984-07-15,0.0,407.55,37.94,23.29,2708.38,0.017709433706070286
1984-07-16,0.0,324.01,32.02,21.74,2598.4,0.02320546485623003
1984-07-17,9.05,315.37,32.44,18.42,2113.86,0.02320546485623003
1984-07-18,0.0,497.66,34.3,15.99,1645.58,0.02137345447284345
1984-07-19,0.0,477.69,36.0,18.17,1910.25,0.018930773961661342
1984-07-20,0.0,487.62,37.0,18.06,1876.78,0.01526675319488818
1984-07-21,0.0,445.82,37.02,20.34,2175.85,0.013434742811501598
1984-07-22,0.0,420.9,36.92,21.41,2375.59,0.010992062300319488
1984-07-23,0.0,461.42,37.02,19.46,2034.83,0.010381392172523962
1984-07-24,0.0,437.78,35.51,19.44,2085.52,0.009160051916932907
1984-07-25,0.0,457.72,34.96,18.0,1881.12,0.009160051916932907
1984-07-26,0.0,442.92,36.73,19.99,2143.84,0.009160051916932907
1984-07-27,0.71,388.43,34.33,20.05,2208.61,0.010381392172523962
1984-07-28,0.0,468.57,32.5,15.47,1569.32,0.009770722044728435
1984-07-29,0.0,472.16,33.48,16.0,1614.73,0.009770722044728435
1984-07-30,0.0,457.55,34.32,17.4,1742.89,0.008549381789137379
1984-07-31,0.0,460.93,34.5,17.26,1724.86,0.008549381789137379
1984-08-01,0.0,466.27,35.12,17.3,1715.11,0.007938711661341852
1984-08-02,0.0,444.22,35.05,18.37,1862.69,0.007938711661341852
1984-08-03,0.0,449.06,35.63,18.42,1854.94,0.007328041533546326
1984-08-04,0.0,424.29,36.4,20.24,2099.19,0.006717371405750799
1984-08-05,0.0,394.66,36.54,21.69,2340.73,0.005373897124600639
1984-08-06,0.0,423.99,38.65,21.91,2279.03,0.0036029537539936096
1984-08-07,15.1,303.79,38.16,22.7,2695.81,0.007328041533546326
1984-08-08,0.0,365.11,34.99,21.5,2466.72,0.007938711661341852
1984-08-09,0.0,387.78,34.2,19.93,2206.19,0.010381392172523962
1984-08-10,0.0,426.59,36.0,19.53,2064.97,0.029312166134185302
1984-08-11,0.0,459.44,35.96,17.69,1792.13,0.02503747523961661
1984-08-12,0.0,446.63,35.5,17.98,1850.2,0.013434742811501598
1984-08-13,0.0,460.03,35.13,16.87,1709.69,0.006717371405750799
1984-08-14,0.0,450.27,35.78,17.77,1820.32,0.0048242940095846645
1984-08-15,0.0,423.68,36.5,19.5,2075.77,0.003664020766773163
1984-08-16,0.0,431.9,36.57,19.0,1998.08,0.002748015575079872
1984-08-17,0.0,426.61,38.0,20.26,2164.51,0.002320546485623003
1984-08-18,0.0,398.16,37.37,21.18,2357.31,0.0017709433706070287
1984-08-19,0.0,333.41,34.57,21.89,2573.69,0.001526675319488818
1984-08-20,0.0,378.62,33.79,19.44,2144.62,0.001282407268370607
1984-08-21,0.0,355.24,35.79,21.97,2543.57,0.0011602732428115015
1984-08-22,10.61,262.13,34.77,21.36,2536.66,0.007328041533546326
1984-08-23,0.0,415.62,33.0,17.0,1831.62,0.001526675319488818
1984-08-24,0.0,435.45,32.5,15.5,1642.25,0.0009160051916932907
1984-08-25,0.0,390.09,33.47,18.5,2051.33,0.0009160051916932907
1984-08-26,0.0,415.11,36.88,19.89,2082.82,0.0011602732428115015
1984-08-27,0.0,385.34,38.64,22.6,2515.25,0.0007938711661341853
1984-08-28,0.0,459.71,41.16,19.82,1956.01,0.0009770722044728434
1984-08-29,0.0,437.01,43.0,22.3,2318.15,0.0006717371405750798
1984-08-30,0.0,454.34,39.94,19.0,1884.0,0.0004885361022364217
1984-08-31,0.0,432.56,39.0,19.68,2015.86,0.0004885361022364217
1984-09-01,0.0,386.42,37.48,21.03,2305.93,0.0007328041533546325
1984-09-02,5.23,263.78,34.49,20.25,2359.52,0.0026869485623003194
1984-09-03,2.79,343.9,29.19,10.91,1287.41,0.001465608306709265
1984-09-04,0.0,460.14,32.0,12.0,1272.8,0.0004885361022364217
1984-09-05,0.0,461.78,35.2,14.0,1430.53,0.0006717371405750798
1984-09-06,0.0,416.08,36.49,17.84,1894.97,0.00042746908945686903
1984-09-07,0.0,380.8,35.07,18.62,2063.61,6.106701277955272e-05
1984-09-08,0.0,353.69,33.39,18.85,1944.29,0.0004885361022364217
1984-09-09,0.0,417.48,34.79,16.49,1547.75,0.0011602732428115015
1984-09-10,0.0,414.36,39.59,20.05,1905.2,0.0010992062300319487
1984-09-11,0.0,391.65,39.39,21.15,2101.33,0.0007938711661341853
1984-09-12,0.0,348.66,37.5,22.04,2293.84,0.0006106701277955272
1984-09-13,0.0,367.93,38.01,21.43,2148.89,0.0009770722044728434
1984-09-14,0.0,384.12,34.81,18.04,1685.49,0.0012213402555910544
1984-09-15,0.0,364.26,23.18,9.09,1034.24,0.0013434742811501597
1984-09-16,0.0,259.67,21.93,12.42,1424.29,0.0013434742811501597
1984-09-17,16.77,190.83,21.15,11.93,1394.51,0.013434742811501598
1984-09-18,8.49,353.89,25.93,8.5,1047.92,0.003114417651757188
1984-09-19,0.0,435.83,30.75,10.5,1096.09,0.001893077396166134
1984-09-20,0.0,419.52,31.48,12.0,1227.97,0.0013434742811501597
1984-09-21,0.0,370.38,30.49,14.17,1496.17,0.0013434742811501597
1984-09-22,0.0,292.39,29.19,17.0,1858.32,0.001465608306709265
1984-09-23,0.0,329.86,33.75,19.24,1865.79,0.0016488093450479234
1984-09-24,0.0,334.8,35.3,20.11,1949.24,0.0016488093450479234
1984-09-25,0.0,467.47,32.61,7.19,661.34,0.001282407268370607
1984-09-26,0.0,280.35,15.68,5.0,838.7,0.0013434742811501597
1984-09-27,7.94,119.36,12.0,6.39,951.38,0.0026258815495207666
1984-09-28,0.41,124.33,11.11,6.83,986.51,0.0021984124600638974
1984-09-29,0.0,263.57,14.22,4.84,842.1,0.001526675319488818
1984-09-30,0.0,434.38,17.5,-1.88,433.86,0.0015877423322683706
1984-10-01,0.0,428.81,21.26,1.65,541.34,0.001526675319488818
1984-10-02,0.0,402.42,26.37,8.0,833.81,0.001893077396166134
1984-10-03,0.0,380.39,29.34,12.0,1101.37,0.001893077396166134
1984-10-04,0.0,298.29,27.2,14.84,1506.05,0.0020152114217252396
1984-10-05,1.01,270.17,26.53,15.0,1565.96,0.0020152114217252396
1984-10-06,0.0,341.05,27.91,13.37,1247.31,0.0021984124600638974
1984-10-07,0.0,350.96,27.57,12.36,1155.74,0.002564814536741214
1984-10-08,0.0,358.73,26.23,10.49,1019.23,0.002320546485623003
1984-10-09,0.0,275.17,22.89,12.0,1297.74,0.0026869485623003194
1984-10-10,4.95,226.79,23.8,13.0,1423.72,0.003236551677316294
1984-10-11,0.0,348.69,27.28,12.0,1134.89,0.0028701496006389776
1984-10-12,0.0,291.71,25.7,13.75,1398.38,0.003664020766773163
1984-10-13,45.94,176.63,24.88,15.54,1756.89,0.20762784345047922
1984-10-14,0.0,202.25,23.14,15.42,1749.9,0.360295375399361
1984-10-15,5.99,268.31,19.2,6.78,982.31,0.09160051916932907
1984-10-16,15.55,205.82,17.12,6.63,971.81,0.05923500239616612
1984-10-17,0.0,348.44,15.5,0.65,639.55,0.039693558306709266
1984-10-18,0.69,302.14,20.85,7.97,1077.73,0.028701496006389778
1984-10-19,0.0,377.81,18.31,0.19,615.5,0.018930773961661342
1984-10-20,0.1,225.9,13.76,5.5,920.0,0.017709433706070286
1984-10-21,0.11,224.0,12.51,4.46,837.16,0.015877423322683704
1984-10-22,0.0,301.29,14.5,2.63,732.8,0.01526675319488818
1984-10-23,0.0,288.25,14.94,3.68,799.85,0.015877423322683704
1984-10-24,0.0,315.12,15.23,2.28,720.0,0.014656083067092651
1984-10-25,12.4,158.34,13.0,5.58,920.0,0.023816134984025558
1984-10-26,0.0,226.27,16.2,7.95,1076.38,0.02137345447284345
1984-10-27,0.25,211.8,22.3,13.99,1599.39,0.024426805111821086
1984-10-28,0.0,325.42,21.16,6.16,934.35,0.021984124600638977
1984-10-29,0.0,331.22,17.96,2.45,720.02,0.020152114217252392
1984-10-30,0.0,265.8,18.23,7.31,1024.97,0.020762784345047924
1984-10-31,4.79,220.87,19.89,9.02,1161.93,0.028090825878594246
1984-11-01,14.61,245.83,20.33,4.61,848.65,0.3664020766773163
1984-11-02,0.0,316.22,11.68,-2.0,520.0,0.07938711661341853
1984-11-03,0.0,316.48,18.23,3.48,798.19,0.03480819728434505
1984-11-04,0.0,275.26,19.35,7.36,1028.54,0.032976186900958465
1984-11-05,0.0,336.42,18.55,0.68,640.0,0.026869485623003196
1984-11-06,0.0,332.11,18.61,0.81,640.0,0.02503747523961661
1984-11-07,0.0,266.93,21.36,9.17,1173.44,0.02564814536741214
1984-11-08,0.0,233.97,20.68,10.46,1276.75,0.02564814536741214
1984-11-09,0.0,247.47,21.0,9.85,1227.62,0.026258815495207664
1984-11-10,0.0,306.3,16.97,1.53,682.45,0.023816134984025558
1984-11-11,0.0,296.06,11.1,-3.0,480.0,0.021984124600638977
1984-11-12,0.0,321.03,15.16,-3.0,480.0,0.026869485623003196
1984-11-13,0.0,299.86,19.5,2.92,753.97,0.03175484664536741
1984-11-14,0.0,244.6,21.91,9.7,1216.02,0.05129629073482428
1984-11-15,0.0,276.39,18.13,3.61,800.0,0.03847221805111821
1984-11-16,0.0,283.99,12.66,-2.12,520.0,0.03053350638977636
1984-11-17,7.85,112.93,8.36,2.0,719.88,0.03175484664536741
1984-11-18,21.12,70.84,4.13,0.44,635.17,0.06717371405750798
1984-11-19,13.2,76.53,4.36,0.37,629.99,0.07938711661341853
1984-11-20,0.0,226.07,6.49,-3.5,480.0,0.06717371405750798
1984-11-21,0.0,207.0,6.4,-2.55,515.81,0.06717371405750798
1984-11-22,0.0,219.28,9.2,-0.6,592.35,0.05007495047923322
1984-11-23,0.0,237.78,11.97,0.8,640.0,0.04213623881789137
1984-11-24,0.0,235.74,12.08,0.83,640.0,0.037861547923322685
1984-11-25,0.0,211.91,14.52,4.5,840.0,0.03725087779552715
1984-11-26,0.0,185.03,14.5,5.95,930.18,0.039693558306709266
1984-11-27,0.0,209.83,8.84,-0.75,581.95,0.0360295375399361
1984-11-28,0.0,284.84,11.5,-5.0,440.0,0.03358685702875399
1984-11-29,0.0,268.17,13.44,-1.46,560.0,0.034197527156549515
1984-11-30,0.0,269.94,13.45,-2.0,520.0,0.034197527156549515
1984-12-01,0.0,264.22,13.91,-1.0,560.0,0.03541886741214057
1984-12-02,0.0,243.35,9.75,-2.84,493.3,0.0360295375399361
1984-12-03,0.0,256.59,5.6,-8.0,320.0,0.034197527156549515
1984-12-04,3.64,115.64,3.51,-3.27,480.0,0.03664020766773163
1984-12-05,6.0,92.72,2.67,-2.51,518.87,0.04335757907348242
1984-12-06,0.0,246.58,1.0,-11.01,279.14,0.04335757907348242
1984-12-07,0.0,287.1,11.97,-6.73,360.0,0.04213623881789137
1984-12-08,0.0,267.22,13.91,-1.86,535.36,0.04335757907348242
1984-12-09,0.0,239.16,17.97,4.63,850.3,0.04641092971246006
1984-12-10,0.0,272.81,16.77,-0.85,572.05,0.04335757907348242
1984-12-11,0.0,226.79,16.01,3.92,800.0,0.043968249201277954
1984-12-12,0.0,243.81,14.56,1.15,652.18,0.044578919329073485
1984-12-13,6.54,67.15,2.07,-1.59,551.58,0.05373897124600639
1984-12-14,11.78,59.8,1.16,-1.96,531.71,0.06106701277955272
1984-12-15,20.14,139.12,7.4,-0.73,581.58,1.325154177316294
1984-12-16,30.38,179.39,13.16,1.16,663.29,9.098984904153355
1984-12-17,0.0,231.2,9.55,-1.64,548.45,1.825903682108626
1984-12-18,0.0,145.89,0.02,-6.0,400.0,0.2748015575079872
1984-12-19,5.22,81.39,0.16,-4.22,440.85,0.1465608306709265
1984-12-20,0.0,123.48,3.55,-1.47,555.37,0.14045412939297125
1984-12-21,4.42,167.15,11.75,1.81,696.71,0.21984124600638977
1984-12-22,0.0,255.92,10.0,-3.58,473.68,0.17709433706070285
1984-12-23,0.0,248.17,10.59,-2.31,516.89,0.13434742811501596
1984-12-24,0.0,261.71,7.48,-6.73,365.08,0.10381392172523961
1984-12-25,0.0,224.32,0.34,-10.04,280.0,0.07938711661341853
1984-12-26,0.0,213.82,6.66,-3.28,480.0,0.09160051916932907
1984-12-27,0.0,195.99,14.88,5.59,916.11,0.0854938178913738
1984-12-28,0.0,169.66,20.5,12.5,1439.8,0.09770722044728435
1984-12-29,3.31,230.86,19.89,-2.01,527.72,0.11602732428115016
1984-12-30,1.73,86.99,0.4,-3.02,485.62,0.11602732428115016
1984-12-31,2.52,158.93,10.15,-2.52,506.67,0.41525568690095843
1985-01-01,14.5,130.89,-3.75,-9.9,280.0,0.30533506389776355
1985-01-02,0.0,295.48,-1.19,-14.01,200.0,0.2137345447284345
1985-01-03,0.0,271.3,0.46,-10.48,280.0,0.1282407268370607
1985-01-04,0.0,312.59,4.74,-10.01,281.73,0.10381392172523961
1985-01-05,0.0,277.73,6.29,-5.22,422.07,0.13434742811501596
1985-01-06,0.0,283.13,9.04,-3.0,480.0,0.2686948562300319
1985-01-07,0.0,273.99,9.32,-2.0,520.0,0.7755510623003196
1985-01-08,0.0,189.47,5.53,-1.24,560.0,1.0442459185303514
1985-01-09,5.42,66.01,1.04,-1.75,539.16,0.5434964137380192
1985-01-10,8.0,138.35,-0.08,-6.42,372.59,0.2686948562300319
1985-01-11,0.0,237.98,-5.37,-13.79,202.08,0.15266753194888177
1985-01-12,0.0,303.19,-5.99,-18.13,160.0,0.11602732428115016
1985-01-13,0.0,329.86,4.23,-10.87,280.0,0.09160051916932907
1985-01-14,0.0,240.5,2.54,-6.0,400.0,0.0854938178913738
1985-01-15,0.0,329.25,4.65,-9.91,280.0,0.0854938178913738
1985-01-16,0.0,274.05,4.83,-5.33,414.55,0.10381392172523961
1985-01-17,0.0,307.23,7.52,-4.84,440.0,0.18320103833865814
1985-01-18,0.0,266.76,8.05,-1.71,541.79,0.293121661341853
1985-01-19,0.0,363.53,4.95,-14.01,200.0,0.24426805111821087
1985-01-20,0.0,344.74,-5.67,-20.24,120.0,0.15266753194888177
1985-01-21,0.0,315.97,-2.15,-14.1,200.0,0.09160051916932907
1985-01-22,0.0,216.39,-0.3,-7.27,360.0,0.09160051916932907
1985-01-23,0.0,309.36,3.92,-7.5,360.0,0.0854938178913738
1985-01-24,0.0,313.12,7.47,-4.23,440.0,0.09160051916932907
1985-01-25,0.0,303.59,5.17,-5.68,400.0,0.09770722044728435
1985-01-26,0.0,351.94,3.77,-10.42,280.0,0.07328041533546326
1985-01-27,0.0,248.47,5.02,-3.0,480.0,0.09160051916932907
1985-01-28,0.0,264.11,4.59,-4.0,440.0,0.0854938178913738
1985-01-29,0.0,169.66,3.46,-1.63,549.42,0.07328041533546326
1985-01-30,0.06,368.41,2.0,-12.71,240.0,0.06106701277955272
1985-01-31,0.0,252.79,-10.5,-18.15,160.0,0.05496031150159744
1985-02-01,0.0,287.16,-8.49,-17.35,160.0,0.05251763099041533
1985-02-02,0.0,347.97,-4.88,-16.84,160.0,0.05251763099041533
1985-02-03,0.0,343.32,-1.02,-12.5,240.0,0.051906960862619804
1985-02-04,0.0,209.81,-2.36,-8.15,320.0,0.05496031150159744
1985-02-05,4.67,212.0,-4.4,-12.44,240.0,0.05434964137380192
1985-02-06,0.0,411.75,-0.84,-17.46,160.0,0.051906960862619804
1985-02-07,0.0,396.09,-2.73,-17.24,160.0,0.051906960862619804
1985-02-08,0.0,401.72,2.03,-13.45,203.93,0.05557098162939297
1985-02-09,0.0,336.48,8.13,-3.0,480.3,0.06717371405750798
1985-02-10,0.54,345.65,4.53,-6.81,360.67,0.0854938178913738
1985-02-11,0.02,348.52,-0.49,-11.62,240.0,0.1282407268370607
1985-02-12,0.0,405.17,4.83,-10.14,280.0,0.09160051916932907
1985-02-13,0.0,349.89,7.0,-4.28,440.0,0.09160051916932907
1985-02-14,0.0,333.82,7.47,-2.75,441.91,0.07938711661341853
1985-02-15,0.0,411.14,7.28,-7.44,282.58,0.07938711661341853
1985-02-16,0.0,364.89,9.0,-2.59,419.19,0.09160051916932907
1985-02-17,0.0,377.37,8.67,-3.5,378.59,0.0854938178913738
1985-02-18,0.0,311.75,8.68,-0.23,533.75,0.09160051916932907
1985-02-19,0.0,439.72,13.07,-3.31,327.97,0.0854938178913738
1985-02-20,0.0,349.63,12.52,1.54,538.22,0.09770722044728435
1985-02-21,15.34,185.17,15.5,8.0,1073.9,1.8136902795527157
1985-02-22,12.94,205.4,14.57,6.0,932.31,5.2334429952076675
1985-02-23,18.87,184.1,11.1,3.85,803.15,7.266974520766773
1985-02-24,9.86,221.34,8.81,-0.05,604.08,7.511242571884983
1985-02-25,0.0,382.1,13.59,-0.01,599.51,1.9724645127795526
1985-02-26,0.0,358.1,12.93,1.04,645.83,0.519069608626198
1985-02-27,0.0,387.37,9.0,-4.41,440.0,0.2809082587859425
1985-02-28,0.0,385.91,12.62,-1.03,560.0,0.22594794728434506
1985-03-01,0.0,343.09,16.22,5.0,879.27,0.20152114217252395
1985-03-02,0.0,366.08,16.08,3.67,773.73,0.18320103833865814
1985-03-03,0.0,271.42,17.98,9.72,1217.06,0.17709433706070285
1985-03-04,0.6,449.06,17.86,-2.93,446.88,0.1709876357827476
1985-03-05,0.0,397.02,9.5,-4.02,440.0,0.15266753194888177
1985-03-06,0.0,384.97,12.57,-0.5,580.45,0.13434742811501596
1985-03-07,0.0,280.4,16.07,7.5,1040.2,0.1282407268370607
1985-03-08,0.0,261.52,16.42,8.74,1139.47,0.1282407268370607
1985-03-09,0.0,417.58,16.75,2.06,654.47,0.12213402555910544
1985-03-10,3.69,245.39,19.53,9.5,1200.0,0.1282407268370607
1985-03-11,0.0,307.04,20.08,10.93,1278.32,0.1465608306709265
1985-03-12,0.0,361.31,14.16,3.48,728.94,0.13434742811501596
1985-03-13,0.27,278.97,11.01,3.56,800.0,0.12213402555910544
1985-03-14,0.0,471.39,15.15,-2.5,418.13,0.10992062300319488
1985-03-15,0.0,452.26,15.59,0.0,508.55,0.10381392172523961
1985-03-16,0.0,384.16,16.55,5.03,765.83,0.09770722044728435
1985-03-17,0.0,491.96,17.97,-2.0,411.43,0.09770722044728435
1985-03-18,0.0,465.3,19.35,2.5,567.78,0.09160051916932907
1985-03-19,0.0,410.81,20.0,6.98,821.8,0.09160051916932907
1985-03-20,0.51,266.17,17.18,9.5,1163.45,0.09770722044728435
1985-03-21,7.0,149.84,11.62,6.63,970.01,0.10992062300319488
1985-03-22,0.0,295.14,10.52,3.0,760.0,0.11602732428115016
1985-03-23,0.41,449.72,15.51,0.4,535.63,0.12213402555910544
1985-03-24,0.0,488.97,18.0,0.56,504.39,0.11602732428115016
1985-03-25,0.0,495.02,20.3,1.86,540.36,0.10381392172523961
1985-03-26,0.0,360.81,20.46,9.86,1082.47,0.09770722044728435
1985-03-27,0.0,480.08,24.07,6.78,737.58,0.09160051916932907
1985-03-28,0.0,418.35,23.03,9.84,986.89,0.09160051916932907
1985-03-29,0.0,412.02,18.26,5.93,794.55,0.0854938178913738
1985-03-30,11.05,147.94,6.66,1.84,701.71,0.10992062300319488
1985-03-31,4.99,298.92,9.14,-1.77,541.52,0.11602732428115016
1985-04-01,0.0,469.49,13.51,-0.94,512.2,0.11602732428115016
1985-04-02,0.0,538.32,25.13,2.0,490.66,0.10992062300319488
1985-04-03,0.0,520.75,27.01,6.5,669.25,0.09770722044728435
1985-04-04,0.0,455.62,24.19,9.52,910.27,0.09160051916932907
1985-04-05,6.03,333.22,18.05,4.46,787.59,0.09160051916932907
1985-04-06,0.0,448.53,16.59,3.0,649.91,0.09160051916932907
1985-04-07,0.0,399.49,15.22,3.79,722.96,0.0854938178913738
1985-04-08,0.0,394.97,13.52,2.51,678.71,0.07938711661341853
1985-04-09,0.0,448.37,18.0,4.45,701.19,0.07328041533546326
1985-04-10,4.82,279.15,20.8,10.05,1195.93,0.07938711661341853
1985-04-11,0.0,494.92,24.5,7.74,740.0,0.07938711661341853
1985-04-12,0.0,438.81,24.93,11.15,999.49,0.07938711661341853
1985-04-13,8.95,302.45,22.9,10.8,1187.14,0.12213402555910544
1985-04-14,0.0,483.47,22.5,6.91,757.66,0.427469089456869
1985-04-15,0.0,510.76,25.34,7.5,744.93,0.15266753194888177
1985-04-16,0.0,510.55,25.48,7.81,755.87,0.10992062300319488
1985-04-17,0.0,477.78,26.0,10.53,939.8,0.0854938178913738
1985-04-18,0.0,435.44,28.55,14.85,1293.12,0.07328041533546326
1985-04-19,0.0,378.83,26.64,15.34,1449.51,0.06717371405750798
1985-04-20,0.0,344.57,27.04,16.77,1655.73,0.06717371405750798
1985-04-21,0.0,319.32,26.48,17.07,1748.19,0.06717371405750798
1985-04-22,1.25,334.97,23.77,13.8,1409.53,0.06717371405750798
1985-04-23,6.03,295.31,20.78,9.57,1144.25,0.07328041533546326
1985-04-24,0.0,517.53,23.12,6.2,705.79,0.06106701277955272
1985-04-25,0.0,415.61,25.0,12.83,1218.75,0.06106701277955272
1985-04-26,13.99,280.62,24.8,14.13,1558.63,0.06106701277955272
1985-04-27,16.29,322.36,23.31,10.75,1253.88,0.43968249201277954
1985-04-28,0.0,369.86,21.06,11.0,1278.05,1.441181501597444
1985-04-29,10.87,221.96,21.57,14.22,1618.14,0.26258815495207666
1985-04-30,19.21,241.92,22.05,13.38,1539.95,0.1893077396166134
1985-05-01,0.1,287.77,22.08,14.5,1640.0,0.23205464856230032
1985-05-02,0.0,432.6,23.5,11.5,1314.87,0.1893077396166134
1985-05-03,0.0,513.71,23.96,8.32,993.02,0.12213402555910544
1985-05-04,0.0,478.58,24.87,11.01,1215.26,0.09770722044728435
1985-05-05,0.0,456.8,28.39,15.0,1570.87,0.0854938178913738
1985-05-06,5.46,283.73,27.04,16.78,1902.79,0.4518958945686901
1985-05-07,15.52,216.83,23.54,16.34,1854.68,0.2686948562300319
1985-05-08,0.0,448.17,25.0,12.66,1423.51,0.20152114217252395
1985-05-09,0.0,456.66,26.29,13.48,1482.59,0.11602732428115016
1985-05-10,0.0,403.54,26.75,15.85,1782.47,0.0854938178913738
1985-05-11,0.0,356.71,28.0,18.63,2143.16,0.07938711661341853
1985-05-12,0.0,501.87,27.3,12.5,1329.64,0.06717371405750798
1985-05-13,5.51,292.9,24.83,14.83,1693.15,0.06106701277955272
1985-05-14,5.54,357.46,22.73,9.93,1234.48,0.06106701277955272
1985-05-15,0.0,568.35,26.7,7.42,923.17,0.05801366214057508
1985-05-16,0.0,547.09,26.78,9.43,1077.49,0.06106701277955272
1985-05-17,0.0,502.74,23.45,9.5,1131.0,0.058624332268370605
1985-05-18,0.0,532.86,24.95,9.05,1069.0,0.05129629073482428
1985-05-19,0.0,501.54,26.5,12.0,1322.14,0.04885361022364217
1985-05-20,0.0,445.61,25.93,13.9,1552.48,0.04702159984025559
1985-05-21,5.87,310.63,24.05,13.33,1532.51,0.04702159984025559
1985-05-22,0.0,522.08,24.49,9.0,1084.61,0.04702159984025559
1985-05-23,0.0,533.78,26.98,10.24,1114.24,0.04885361022364217
1985-05-24,0.0,532.23,30.5,13.17,1293.44,0.04518958945686901
1985-05-25,0.0,555.81,33.48,13.5,1198.36,0.04335757907348242
1985-05-26,0.0,495.47,33.92,17.96,1630.92,0.040304228434504784
1985-05-27,3.36,362.95,31.85,17.49,1846.53,0.0360295375399361
1985-05-28,13.92,337.4,29.48,15.97,1749.76,0.09770722044728435
1985-05-29,1.97,333.37,28.56,17.9,2004.59,0.12213402555910544
1985-05-30,0.0,442.52,34.59,20.42,2112.67,0.11602732428115016
1985-05-31,0.0,528.06,34.65,15.58,1433.79,0.06717371405750798
1985-06-01,0.0,498.2,34.52,17.24,1644.16,0.047632269968051116
1985-06-02,0.0,485.77,34.05,17.55,1699.14,0.047632269968051116
1985-06-03,10.8,270.34,27.46,17.84,2050.21,0.043968249201277954
1985-06-04,22.44,220.48,25.79,17.71,2032.71,0.05557098162939297
1985-06-05,6.89,157.48,23.46,17.94,2071.1,0.09160051916932907
1985-06-06,2.16,247.73,24.9,18.0,2075.94,0.05923500239616612
1985-06-07,0.04,460.18,31.04,16.5,1794.49,0.05496031150159744
1985-06-08,0.0,468.1,36.94,20.46,2235.71,0.047632269968051116
1985-06-09,0.0,463.0,36.83,20.53,2242.16,0.039693558306709266
1985-06-10,20.42,251.82,26.24,16.77,1901.87,1.1053129313099042
1985-06-11,45.91,217.3,24.34,16.53,1877.48,1.9602511102236422
1985-06-12,0.0,416.06,22.01,10.44,1275.42,0.519069608626198
1985-06-13,0.0,519.1,25.58,8.7,1135.93,0.13434742811501596
1985-06-14,0.0,471.35,30.75,15.5,1760.0,0.07328041533546326
1985-06-15,0.0,491.67,32.27,15.59,1767.52,0.05251763099041533
1985-06-16,0.0,457.81,35.01,19.32,2251.26,0.04152556869009585
1985-06-17,0.0,419.99,34.65,20.85,2456.55,0.03541886741214057
1985-06-18,0.0,456.04,28.27,14.3,1624.11,0.029922836261980834
1985-06-19,0.0,497.81,28.12,12.02,1401.53,0.026869485623003196
1985-06-20,0.0,457.15,31.57,16.65,1888.69,0.023816134984025558
1985-06-21,0.0,412.61,33.27,20.0,2320.0,0.022594794728434505
1985-06-22,5.96,338.36,32.41,17.7,2032.4,0.023816134984025558
1985-06-23,0.0,376.76,32.52,20.94,2470.83,0.020762784345047924
1985-06-24,0.0,366.64,33.5,22.27,2683.8,0.020762784345047924
1985-06-25,0.0,375.05,33.41,22.0,2640.0,0.017098763578274757
1985-06-26,17.78,308.7,32.0,19.57,2280.6,0.05434964137380192
1985-06-27,39.05,349.27,26.81,13.1,1497.29,1.1358464376996804
1985-06-28,0.0,521.32,30.19,12.55,1443.78,0.15877423322683706
1985-06-29,0.0,483.79,33.32,17.0,1920.0,0.04702159984025559
1985-06-30,0.0,467.33,32.59,17.43,1989.02,0.029312166134185302
1985-07-01,0.0,404.26,30.27,18.43,2114.33,0.021984124600638977
1985-07-02,0.0,486.82,31.02,15.4,1752.23,0.018930773961661342
1985-07-03,0.0,487.45,33.5,16.99,1919.15,0.016488093450479233
1985-07-04,0.0,468.42,36.05,19.57,2285.29,0.01526675319488818
1985-07-05,0.0,484.43,34.74,17.48,1996.05,0.013434742811501598
1985-07-06,0.0,482.29,32.91,16.04,1812.99,0.01282407268370607
1985-07-07,0.0,478.47,34.07,17.01,1921.55,0.01282407268370607
1985-07-08,0.0,463.19,35.7,18.98,2196.26,0.01282407268370607
1985-07-09,0.0,409.03,36.91,22.51,2721.18,0.012213402555910543
1985-07-10,0.0,437.04,36.35,20.66,2426.06,0.011602732428115015
1985-07-11,0.0,472.83,39.1,20.26,2360.99,0.010381392172523962
1985-07-12,0.0,449.78,40.52,22.31,2689.24,0.009160051916932907
1985-07-13,0.0,410.58,39.04,23.41,2865.23,0.007938711661341852
1985-07-14,0.0,387.41,38.7,24.22,3034.5,0.007328041533546326
1985-07-15,2.92,326.7,36.07,22.15,2664.54,0.006717371405750799
1985-07-16,0.37,404.56,33.35,19.26,2238.87,0.008549381789137379
1985-07-17,0.0,398.6,34.22,20.5,2400.0,0.007938711661341852
1985-07-18,0.0,388.14,37.03,23.04,2807.16,0.007938711661341852
1985-07-19,0.0,385.72,37.98,23.87,2967.88,0.007328041533546326
1985-07-20,0.0,412.19,37.08,22.03,2644.37,0.007328041533546326
1985-07-21,0.0,399.69,36.03,21.79,2606.75,0.006717371405750799
1985-07-22,6.23,306.57,33.48,19.48,2276.07,0.026869485623003196
1985-07-23,0.0,363.3,33.76,21.5,2560.0,0.017098763578274757
1985-07-24,1.41,346.8,34.06,21.45,2551.9,0.1282407268370607
1985-07-25,17.92,259.12,32.35,20.96,2474.26,2.925109912140575
1985-07-26,0.41,368.1,30.88,18.63,2140.8,0.07938711661341853
1985-07-27,0.0,389.62,31.5,18.59,2134.09,0.03053350638977636
1985-07-28,0.0,355.72,31.5,20.0,2320.0,0.3175484664536741
1985-07-29,29.68,247.21,29.98,19.74,2296.03,6.900572444089456
1985-07-30,16.26,265.49,34.51,22.65,2743.53,2.949536717252396
1985-07-31,0.0,379.37,36.12,22.86,2778.08,0.3541886741214057
1985-08-01,0.0,348.7,32.45,21.2,2512.67,0.11602732428115016
1985-08-02,0.0,322.16,27.72,18.2,2095.78,0.06106701277955272
1985-08-03,0.0,398.5,34.47,21.06,2488.93,0.044578919329073485
1985-08-04,30.69,304.53,34.67,20.95,2472.11,2.631988250798722
1985-08-05,0.0,362.52,33.01,21.48,2556.67,4.146450167731629
1985-08-06,0.0,417.73,34.56,20.5,2399.52,0.360295375399361
1985-08-07,13.81,336.33,33.88,18.51,2122.17,3.1876980670926516
1985-08-08,0.0,416.71,35.19,20.97,2474.67,0.9404319968051118
1985-08-09,0.0,405.15,37.86,23.41,2864.96,0.2137345447284345
1985-08-10,22.57,366.88,34.95,16.72,1894.71,5.0929888658146965
1985-08-11,0.0,441.78,33.26,18.38,2113.52,2.3022263817891373
1985-08-12,1.97,351.35,35.18,22.35,2696.57,0.2503747523961661
1985-08-13,7.61,279.63,33.01,21.21,2513.29,0.519069608626198
1985-08-14,30.55,273.1,28.55,17.91,2063.99,4.231943985623003
1985-08-15,7.75,238.57,26.57,17.75,2039.64,1.667129448881789
1985-08-16,0.0,384.31,30.75,19.1,2216.55,0.3419752715654952
1985-08-17,0.0,396.29,34.5,21.56,2569.58,0.1465608306709265
1985-08-18,0.0,408.33,34.5,21.0,2480.01,0.09160051916932907
1985-08-19,10.09,302.1,32.4,19.67,2290.8,0.2137345447284345
1985-08-20,0.0,351.92,28.38,18.32,2105.38,0.15266753194888177
1985-08-21,0.0,370.27,30.49,19.5,2280.02,0.10992062300319488
1985-08-22,2.64,320.76,33.05,21.1,2495.72,0.07328041533546326
1985-08-23,0.0,379.25,31.72,20.1,2335.69,0.05312830111821086
1985-08-24,0.0,348.51,27.25,17.47,1994.68,0.04702159984025559
1985-08-25,0.0,429.0,26.25,13.5,1560.0,0.04213623881789137
1985-08-26,0.0,479.5,28.5,12.5,1440.0,0.03847221805111821
1985-08-27,0.0,454.7,31.53,16.0,1800.0,0.0360295375399361
1985-08-28,0.0,413.96,33.01,19.11,2217.51,0.032976186900958465
1985-08-29,0.0,427.61,35.49,19.97,2317.44,0.03053350638977636
1985-08-30,0.0,451.96,37.92,19.71,2295.18,0.026869485623003196
1985-08-31,0.0,456.56,39.5,19.86,2308.96,0.02564814536741214
1985-09-01,0.0,448.0,40.0,20.5,2400.0,0.024426805111821086
1985-09-02,0.0,386.76,38.42,23.19,2830.6,0.022594794728434505
1985-09-03,0.0,412.17,36.65,20.5,2399.65,0.017098763578274757
1985-09-04,0.0,403.69,37.72,21.48,2556.11,0.017098763578274757
1985-09-05,0.0,373.11,38.36,23.47,2874.61,0.016488093450479233
1985-09-06,0.0,352.92,38.03,24.16,3022.24,0.014656083067092651
1985-09-07,0.0,383.9,37.65,22.25,2679.53,0.013434742811501598
1985-09-08,0.0,380.16,37.41,22.19,2671.07,0.011602732428115015
1985-09-09,1.11,401.19,34.2,18.23,2097.28,0.011602732428115015
1985-09-10,0.0,321.06,29.8,18.98,2196.31,0.010381392172523962
1985-09-11,12.47,240.34,28.17,17.59,2014.55,0.010381392172523962
1985-09-12,0.7,269.88,27.71,18.88,2180.13,0.011602732428115015
1985-09-13,22.46,183.75,25.54,17.89,2062.29,1.1297397364217252
1985-09-14,31.31,200.56,21.47,13.42,1547.75,12.518737619808306
1985-09-15,0.0,296.74,23.74,14.5,1640.2,2.1007052396166133
1985-09-16,0.0,242.7,24.46,17.0,1920.0,0.293121661341853
1985-09-17,0.0,313.09,29.5,19.0,2199.87,0.1954144408945687
1985-09-18,0.0,312.39,31.22,20.44,2391.02,0.15266753194888177
1985-09-19,0.0,267.57,30.37,21.37,2538.64,0.12213402555910544
1985-09-20,5.58,335.36,28.55,15.21,1728.2,0.10381392172523961
1985-09-21,26.45,175.45,17.82,11.03,1322.06,0.7144840495207668
1985-09-22,12.32,254.45,24.51,13.4,1537.47,5.318936813099041
1985-09-23,15.94,296.81,23.84,9.9,1232.27,2.088491837060703
1985-09-24,0.0,351.5,18.73,7.5,1040.0,1.1419531389776358
1985-09-25,7.19,205.69,18.96,10.72,1297.32,0.2686948562300319
1985-09-26,0.0,430.16,18.5,3.02,761.28,0.18320103833865814
1985-09-27,0.0,412.47,23.01,7.8,1064.39,0.1282407268370607
1985-09-28,1.55,341.88,23.12,9.84,1227.36,0.10381392172523961
1985-09-29,13.14,237.45,13.87,4.33,827.95,0.18320103833865814
1985-09-30,13.72,246.65,11.12,1.44,674.94,1.7404098642172523
1985-10-01,0.0,426.84,15.08,0.0,600.0,0.48853610223642174
1985-10-02,0.0,414.02,19.02,4.18,814.27,0.17709433706070285
1985-10-03,0.0,404.7,23.72,8.57,1125.73,0.12213402555910544
1985-10-04,0.0,403.68,23.74,8.5,1120.0,0.09770722044728435
1985-10-05,0.0,420.01,19.05,3.0,760.0,0.07938711661341853
1985-10-06,0.0,417.41,23.5,6.43,954.65,0.07328041533546326
1985-10-07,0.0,381.43,24.87,10.32,1265.8,0.06717371405750798
1985-10-08,0.0,309.32,24.09,13.58,1554.0,0.06717371405750798
1985-10-09,21.02,232.83,16.48,6.73,980.56,0.5312830111821086
1985-10-10,82.59,120.76,8.83,4.43,835.73,17.648366693290733
1985-10-11,12.35,138.88,11.5,6.33,946.01,25.159609265175717
1985-10-12,0.0,320.81,20.65,10.0,1239.84,2.2655861741214056
1985-10-13,0.0,362.26,23.97,10.13,1250.78,0.7572309584664536
1985-10-14,18.84,261.0,22.29,9.38,1190.28,5.227336293929713
1985-10-15,0.05,382.42,20.04,4.5,840.0,3.4258594169329073
1985-10-16,0.0,380.1,22.0,5.8,920.0,0.6106701277955271
1985-10-17,0.0,295.58,21.25,10.5,1280.0,0.3786154792332268
1985-10-18,6.98,125.8,21.07,15.38,1750.38,0.4030422843450479
1985-10-19,0.0,204.08,19.91,13.02,1491.96,0.38472218051118207
1985-10-20,0.0,239.35,19.57,11.38,1350.14,0.3175484664536741
1985-10-21,0.0,280.11,20.35,10.18,1254.16,0.26258815495207666
1985-10-22,0.0,268.35,22.29,12.38,1430.18,0.23205464856230032
1985-10-23,0.0,224.26,24.0,15.87,1789.26,0.21984124600638977
1985-10-24,0.0,336.62,25.2,10.5,1280.0,0.20762784345047922
1985-10-25,0.0,341.29,24.97,9.41,1193.15,0.17709433706070285
1985-10-26,0.0,269.0,24.0,13.41,1546.01,0.16488093450479233
1985-10-27,0.0,256.23,22.72,12.93,1474.74,0.15877423322683706
1985-10-28,0.0,236.34,20.52,11.87,1389.62,0.15266753194888177
1985-10-29,0.0,235.49,18.18,9.69,1214.84,0.1465608306709265
1985-10-30,0.0,227.64,15.03,7.03,1002.73,0.14045412939297125
1985-10-31,0.0,326.9,15.56,1.97,708.67,0.13434742811501596
1985-11-01,0.0,299.18,15.71,4.0,800.0,0.1282407268370607
1985-11-02,0.0,345.73,15.5,-0.5,600.0,0.12213402555910544
1985-11-03,0.0,332.49,18.0,2.84,747.45,0.11602732428115016
1985-11-04,0.0,347.68,19.81,1.88,708.96,0.10992062300319488
1985-11-05,0.0,332.44,23.5,6.49,959.49,0.10992062300319488
1985-11-06,0.0,300.41,19.4,6.21,945.84,0.10381392172523961
1985-11-07,0.0,342.24,17.71,-0.5,600.0,0.10381392172523961
1985-11-08,0.0,312.91,20.5,5.07,885.83,0.10381392172523961
1985-11-09,0.0,308.14,17.88,2.72,747.22,0.09770722044728435
1985-11-10,0.0,104.59,3.6,-0.11,601.71,0.09770722044728435
1985-11-11,0.0,100.07,4.16,0.62,639.32,0.09770722044728435
1985-11-12,4.03,135.03,10.31,3.48,797.92,0.11602732428115016
1985-11-13,8.1,122.39,12.25,6.12,938.37,0.15877423322683706
1985-11-14,19.9,114.0,7.65,2.21,718.04,4.140343466453674
1985-11-15,40.06,87.34,5.69,1.8,703.86,13.007273722044726
1985-11-16,0.0,298.96,12.33,-1.44,560.0,2.1739856549520766
1985-11-17,0.0,266.71,15.77,4.04,803.12,0.6473103354632587
1985-11-18,0.01,226.0,20.49,10.69,1295.04,0.43968249201277954
1985-11-19,0.0,317.31,15.05,-3.57,465.89,0.32976186900958465
1985-11-20,0.0,242.79,2.95,-7.13,359.6,0.2564814536741214
1985-11-21,0.0,213.9,2.86,-5.68,400.93,0.22594794728434506
1985-11-22,0.0,215.94,5.68,-3.18,483.29,0.21984124600638977
1985-11-23,0.0,183.16,4.35,-2.75,498.93,0.2137345447284345
1985-11-24,0.0,95.28,-0.8,-4.15,447.55,0.1954144408945687
1985-11-25,0.0,220.38,6.05,-2.77,500.24,0.1893077396166134
1985-11-26,0.03,300.8,15.64,-2.1,527.33,0.1954144408945687
1985-11-27,0.0,188.41,-0.25,-7.56,347.37,0.1954144408945687
1985-11-28,0.0,173.64,-1.35,-7.98,331.35,0.17709433706070285
1985-11-29,0.0,113.77,-1.77,-5.92,393.83,0.16488093450479233
1985-11-30,0.0,131.09,-3.4,-8.15,330.71,0.16488093450479233
1985-12-01,5.51,172.89,-7.06,-14.92,199.21,0.13434742811501596
1985-12-02,0.0,222.9,-7.89,-15.29,196.4,0.1282407268370607
1985-12-03,0.0,279.9,-0.5,-10.91,275.91,0.1282407268370607
1985-12-04,0.0,313.78,7.04,-6.84,360.0,0.13434742811501596
1985-12-05,0.0,314.63,10.66,-3.82,454.63,0.15266753194888177
1985-12-06,0.0,302.72,10.15,-3.0,480.0,0.18320103833865814
1985-12-07,0.0,267.51,10.91,0.71,639.73,0.23205464856230032
1985-12-08,0.0,255.98,8.66,-2.5,520.0,0.30533506389776355
1985-12-09,3.67,133.35,3.94,-2.3,516.96,0.32365516773162933
1985-12-10,3.95,97.3,-0.35,-4.67,438.46,0.2992283626198083
1985-12-11,12.03,115.78,-3.4,-8.01,326.87,0.18320103833865814
1985-12-12,0.0,254.27,-2.0,-10.63,280.0,0.15266753194888177
1985-12-13,0.25,287.04,-4.6,-15.87,173.54,0.14045412939297125
1985-12-14,0.0,328.1,3.11,-14.24,200.0,0.1465608306709265
1985-12-15,0.0,310.83,6.58,-8.28,321.79,0.14045412939297125
1985-12-16,0.0,267.55,6.33,-4.23,440.0,0.1465608306709265
1985-12-17,0.0,244.81,6.62,-2.5,520.0,0.20152114217252395
1985-12-18,0.04,320.25,3.94,-12.58,240.0,0.14045412939297125
1985-12-19,0.0,322.62,7.83,-9.96,280.81,0.1709876357827476
1985-12-20,0.0,253.24,3.01,-6.62,360.0,0.1709876357827476
1985-12-21,0.22,318.77,9.86,-7.76,339.7,0.17709433706070285
1985-12-22,0.0,293.92,11.74,-2.28,520.0,0.21984124600638977
1985-12-23,0.0,290.77,12.36,-1.61,550.86,0.21984124600638977
1985-12-24,0.0,294.82,8.36,-6.05,389.22,0.18320103833865814
1985-12-25,0.0,242.46,-3.47,-13.15,228.36,0.14045412939297125
1985-12-26,0.0,325.09,11.83,-8.98,312.4,0.16488093450479233
1985-12-27,0.0,262.08,8.03,-3.52,478.77,0.1709876357827476
1985-12-28,0.0,292.69,8.87,-5.74,400.0,0.1465608306709265
1985-12-29,0.0,294.61,8.06,-6.97,360.0,0.1465608306709265
1985-12-30,0.0,252.18,9.06,-2.5,520.0,0.1465608306709265
1985-12-31,0.0,239.23,9.0,-1.76,539.19,0.14045412939297125
1986-01-01,0.0,215.74,11.17,-2.21,520.0,0.14045412939297125
1986-01-02,0.0,196.15,12.53,0.69,640.0,0.15266753194888177
1986-01-03,0.0,215.63,9.41,-3.75,459.9,0.15266753194888177
1986-01-04,0.0,154.34,6.5,-2.16,520.0,0.15266753194888177
1986-01-05,0.0,252.67,8.45,-8.15,320.0,0.1282407268370607
1986-01-06,0.0,197.7,7.29,-4.16,440.0,0.1282407268370607
1986-01-07,0.0,208.25,1.18,-10.83,280.0,0.10381392172523961
1986-01-08,0.0,235.58,2.17,-11.99,240.0,0.09160051916932907
1986-01-09,0.0,280.38,11.01,-8.91,315.71,0.10992062300319488
1986-01-10,0.0,260.34,12.5,-4.66,440.0,0.11602732428115016
1986-01-11,0.0,280.7,17.46,-2.89,468.99,0.10992062300319488
1986-01-12,0.0,242.88,14.59,-0.48,595.3,0.10992062300319488
1986-01-13,0.0,273.22,12.46,-5.73,400.0,0.10992062300319488
1986-01-14,0.0,246.22,12.12,-2.89,493.65,0.12213402555910544
1986-01-15,0.0,283.41,15.17,-4.18,439.35,0.12213402555910544
1986-01-16,0.0,201.01,17.0,5.46,901.61,0.11602732428115016
1986-01-17,0.0,290.87,18.36,-2.07,487.73,0.11602732428115016
1986-01-18,0.0,230.18,15.96,2.57,725.25,0.11602732428115016
1986-01-19,0.0,281.64,15.07,-3.0,469.74,0.11602732428115016
1986-01-20,0.0,297.7,19.5,-1.08,513.42,0.11602732428115016
1986-01-21,0.0,259.6,17.55,2.0,660.32,0.11602732428115016
1986-01-22,0.0,274.52,9.75,-6.4,368.41,0.10992062300319488
1986-01-23,0.0,275.81,11.41,-4.78,401.59,0.09770722044728435
1986-01-24,0.0,241.54,14.57,1.27,643.95,0.09770722044728435
1986-01-25,0.0,216.67,11.64,0.33,623.47,0.09770722044728435
1986-01-26,0.0,214.22,7.01,-3.82,454.38,0.09160051916932907
1986-01-27,0.0,276.01,1.35,-13.54,200.0,0.09160051916932907
1986-01-28,0.0,342.46,19.64,-6.56,300.32,0.0854938178913738
1986-01-29,0.0,258.26,14.09,0.31,590.6,0.09770722044728435
1986-01-30,0.0,302.93,14.14,-3.41,423.53,0.09160051916932907
1986-01-31,0.0,294.75,19.17,2.15,606.45,0.09160051916932907
1986-02-01,0.0,271.85,17.72,2.96,675.19,0.09160051916932907
1986-02-02,0.0,253.13,17.53,4.35,768.62,0.09160051916932907
1986-02-03,8.38,143.41,17.8,8.39,1026.16,0.10381392172523961
1986-02-04,6.61,151.17,15.75,6.12,869.42,0.1954144408945687
1986-02-05,0.0,140.69,8.68,2.5,720.0,0.812191269968051
1986-02-06,0.0,116.32,4.83,-0.05,600.28,0.18320103833865814
1986-02-07,0.0,105.43,2.01,-2.15,520.02,0.1282407268370607
1986-02-08,3.17,159.73,-0.61,-8.0,332.47,0.11602732428115016
1986-02-09,2.18,132.72,-3.77,-8.44,320.0,0.10992062300319488
1986-02-10,2.64,136.88,-4.2,-9.44,291.04,0.09770722044728435
1986-02-11,0.0,255.54,-4.57,-12.98,240.0,0.09160051916932907
1986-02-12,0.0,331.78,-3.5,-15.0,199.27,0.0854938178913738
1986-02-13,0.0,310.99,-0.73,-11.06,257.6,0.07938711661341853
1986-02-14,3.0,205.06,0.01,-8.46,320.0,0.0854938178913738
1986-02-15,0.0,415.41,9.35,-7.25,256.45,0.09160051916932907
1986-02-16,0.0,309.59,12.33,2.42,588.02,0.14045412939297125
1986-02-17,0.0,451.13,21.38,-0.6,324.4,0.20152114217252395
1986-02-18,0.0,433.45,22.5,3.4,436.22,0.2503747523961661
1986-02-19,0.0,371.46,18.66,2.81,497.41,0.17709433706070285
1986-02-20,0.0,407.78,15.09,-4.64,294.79,0.14045412939297125
1986-02-21,0.0,296.73,1.65,-8.37,307.93,0.10992062300319488
1986-02-22,0.0,416.81,13.43,-6.46,252.08,0.10381392172523961
1986-02-23,0.0,395.56,16.42,-0.5,380.66,0.09770722044728435
1986-02-24,0.0,417.09,17.5,-2.17,323.29,0.09770722044728435
1986-02-25,0.0,423.15,24.04,2.66,399.85,0.09770722044728435
1986-02-26,0.0,412.7,24.69,5.2,480.35,0.09770722044728435
1986-02-27,0.0,376.45,20.27,5.42,556.83,0.09160051916932907
1986-02-28,0.0,289.55,8.35,-1.17,481.13,0.0854938178913738
1986-03-01,0.0,445.24,18.37,-3.6,257.11,0.0854938178913738
1986-03-02,0.0,430.36,19.16,0.31,319.66,0.0854938178913738
1986-03-03,0.0,410.38,17.68,1.36,343.91,0.0854938178913738
1986-03-04,0.0,424.11,17.89,0.47,306.66,0.0854938178913738
1986-03-05,0.0,379.34,17.61,3.67,431.07,0.0854938178913738
1986-03-06,0.0,455.44,20.5,-1.0,239.58,0.0854938178913738
1986-03-07,0.0,456.97,18.42,-3.16,205.1,0.07938711661341853
1986-03-08,0.0,466.81,18.26,-5.01,158.91,0.07938711661341853
1986-03-09,0.0,320.27,25.63,13.88,590.31,0.07938711661341853
1986-03-10,5.33,329.34,24.52,4.64,319.14,0.0854938178913738
1986-03-11,0.0,213.72,14.42,7.0,666.16,0.0854938178913738
1986-03-12,10.48,123.96,13.02,7.35,936.55,0.10381392172523961
1986-03-13,0.0,269.68,10.9,1.51,497.08,0.10381392172523961
1986-03-14,0.0,403.19,14.67,-1.2,277.08,0.11602732428115016
1986-03-15,0.0,345.56,14.63,2.0,398.84,0.10992062300319488
1986-03-16,0.0,315.64,16.06,4.75,504.31,0.09770722044728435
1986-03-17,0.0,380.9,21.41,7.01,441.19,0.09160051916932907
1986-03-18,12.8,277.56,20.3,6.32,588.1,0.11602732428115016
1986-03-19,0.0,320.64,11.28,0.26,475.63,0.23816134984025558
1986-03-20,0.0,376.55,8.22,-5.0,306.76,0.16488093450479233
1986-03-21,0.0,410.85,11.95,-3.0,311.36,0.10992062300319488
1986-03-22,0.0,445.33,20.06,2.76,379.53,0.09160051916932907
1986-03-23,0.0,454.24,22.73,4.55,402.42,0.09160051916932907
1986-03-24,0.0,411.89,24.0,8.76,576.73,0.09160051916932907
1986-03-25,0.0,317.27,23.12,12.41,931.88,0.0854938178913738
1986-03-26,0.0,384.98,21.87,8.67,626.95,0.0854938178913738
1986-03-27,0.0,466.79,22.99,5.32,403.61,0.07938711661341853
1986-03-28,0.0,439.37,27.99,11.99,621.4,0.07938711661341853
1986-03-29,0.0,445.3,28.95,12.65,629.68,0.07938711661341853
1986-03-30,0.0,457.74,27.9,10.8,545.15,0.07938711661341853
1986-03-31,0.0,404.43,27.81,13.99,766.81,0.10992062300319488
1986-04-01,34.77,327.1,24.6,9.3,716.41,9.098984904153355
1986-04-02,9.59,192.32,18.63,10.83,1306.78,2.2350526677316296
1986-04-03,7.61,179.88,20.74,13.51,1561.04,2.3571866932907346
1986-04-04,2.02,361.83,20.93,7.72,946.55,0.5434964137380192
1986-04-05,0.0,486.83,22.29,4.83,663.7,0.2686948562300319
1986-04-06,0.0,460.56,25.0,9.28,903.16,0.1893077396166134
1986-04-07,0.0,390.24,27.35,15.05,1412.88,0.15877423322683706
1986-04-08,0.0,405.96,25.75,13.08,1230.01,0.14045412939297125
1986-04-09,0.0,470.8,17.73,2.96,619.54,0.12213402555910544
1986-04-10,0.0,434.63,19.16,6.0,781.84,0.10992062300319488
1986-04-11,0.0,448.23,20.81,6.7,791.5,0.10381392172523961
1986-04-12,0.0,401.81,19.96,7.94,910.69,0.09770722044728435
1986-04-13,0.0,481.82,24.5,8.29,814.15,0.09770722044728435
1986-04-14,6.81,412.96,24.34,1.35,550.23,0.17709433706070285
1986-04-15,0.0,456.85,15.1,0.81,563.69,0.09770722044728435
1986-04-16,0.0,486.85,17.0,1.0,544.97,0.0854938178913738
1986-04-17,0.0,372.83,19.65,8.66,1014.0,0.0854938178913738
1986-04-18,0.0,329.16,21.53,11.93,1300.41,0.07938711661341853
1986-04-19,0.0,470.13,20.5,5.5,728.78,0.07938711661341853
1986-04-20,0.0,488.8,20.82,4.77,675.6,0.07938711661341853
1986-04-21,0.0,500.06,20.04,3.53,615.28,0.07328041533546326
1986-04-22,0.0,525.1,19.0,1.0,508.33,0.07328041533546326
1986-04-23,0.0,477.54,24.53,9.0,874.71,0.07328041533546326
1986-04-24,0.0,458.46,30.63,15.17,1282.78,0.07328041533546326
1986-04-25,0.0,371.26,29.47,17.85,1710.88,0.22594794728434506
1986-04-26,4.0,269.93,27.52,16.48,1805.34,0.15877423322683706
1986-04-27,10.03,308.49,24.03,11.62,1297.24,0.09770722044728435
1986-04-28,0.21,540.11,23.5,4.07,625.31,0.0854938178913738
1986-04-29,0.0,487.15,28.03,11.89,1083.35,0.0854938178913738
1986-04-30,0.0,304.85,27.46,18.5,2038.23,0.07938711661341853
1986-05-01,0.0,468.91,24.46,10.01,999.22,0.07328041533546326
1986-05-02,0.0,492.86,23.96,8.14,863.89,0.06717371405750798
1986-05-03,0.0,438.75,25.43,11.89,1157.65,0.06106701277955272
1986-05-04,0.0,413.39,26.55,13.92,1350.79,0.05923500239616612
1986-05-05,0.0,394.62,28.43,16.5,1554.42,0.3664020766773163
1986-05-06,23.1,345.68,32.16,18.5,1797.67,4.439571829073482
1986-05-07,0.0,386.6,30.4,18.5,1845.59,0.2503747523961661
1986-05-08,0.0,217.85,25.0,18.89,2179.58,0.10381392172523961
1986-05-09,5.9,269.48,26.28,15.93,1758.32,0.09160051916932907
1986-05-10,5.7,279.2,25.6,14.94,1674.92,0.0854938178913738
1986-05-11,29.13,379.97,26.5,10.0,1122.86,0.5557098162939297
1986-05-12,0.0,459.7,29.56,15.0,1516.46,0.37250877795527154
1986-05-13,0.0,468.08,29.5,14.62,1468.88,0.11602732428115016
1986-05-14,10.7,315.73,26.31,14.5,1640.01,0.6412036341853035
1986-05-15,1.7,440.82,26.81,13.44,1437.33,0.7266974520766774
1986-05-16,0.0,391.31,28.55,17.27,1887.84,0.21984124600638977
1986-05-17,49.71,377.28,25.46,9.68,1182.95,10.442459185303514
1986-05-18,0.0,375.45,19.54,9.62,1209.91,5.288403306709265
1986-05-19,0.0,484.28,21.75,7.52,1033.45,0.46410929712460064
1986-05-20,0.0,452.0,23.4,10.48,1268.4,0.2137345447284345
1986-05-21,0.0,451.91,25.09,12.06,1395.38,0.1465608306709265
1986-05-22,0.0,400.07,26.62,15.5,1759.72,0.12213402555910544
1986-05-23,0.0,381.4,26.12,15.82,1793.54,0.10381392172523961
1986-05-24,0.0,402.11,25.55,14.75,1681.18,0.09160051916932907
1986-05-25,0.0,394.25,24.68,14.28,1624.35,0.0854938178913738
1986-05-26,0.0,499.93,23.51,9.0,1131.68,0.07938711661341853
1986-05-27,12.34,286.29,22.02,12.28,1422.7,0.10992062300319488
1986-05-28,7.83,297.71,21.9,11.89,1391.08,0.09160051916932907
1986-05-29,8.42,331.89,24.98,13.18,1509.13,0.14045412939297125
1986-05-30,0.0,439.26,26.12,14.21,1615.64,0.1282407268370607
1986-05-31,0.0,436.85,27.43,15.5,1759.84,0.09770722044728435
1986-06-01,0.0,392.29,28.04,17.7,2032.62,0.07938711661341853
1986-06-02,0.0,328.67,27.18,18.97,2195.63,0.14045412939297125
1986-06-03,14.18,226.02,25.99,18.74,2158.69,0.10381392172523961
1986-06-04,10.47,281.33,28.62,19.06,2210.08,0.13434742811501596
1986-06-05,7.05,275.44,28.2,19.03,2204.14,1.2457670607028755
1986-06-06,0.07,431.11,30.5,18.8,2168.48,1.9907846166134184
1986-06-07,18.61,352.91,31.45,17.72,2035.0,0.7755510623003196
1986-06-08,0.0,447.27,30.99,18.33,2108.01,0.3419752715654952
1986-06-09,0.0,412.46,30.58,19.34,2254.24,0.6228835303514377
1986-06-10,25.56,343.42,30.97,17.96,2073.64,10.80886126198083
1986-06-11,0.19,439.77,29.45,17.45,1992.63,5.483817747603833
1986-06-12,0.0,530.45,31.26,14.17,1613.31,0.48853610223642174
1986-06-13,0.0,507.24,34.0,17.41,1985.49,0.2137345447284345
1986-06-14,0.0,443.73,33.52,20.41,2385.74,0.14045412939297125
1986-06-15,0.0,497.7,32.69,17.03,1924.29,0.11602732428115016
1986-06-16,0.0,452.5,33.5,19.96,2316.91,0.10381392172523961
1986-06-17,0.0,464.55,33.11,19.0,2200.0,0.09160051916932907
1986-06-18,0.0,429.35,32.48,20.11,2338.09,0.0854938178913738
1986-06-19,0.0,401.64,32.09,20.89,2461.92,0.07938711661341853
1986-06-20,0.0,405.38,33.0,21.5,2560.0,0.06717371405750798
1986-06-21,0.0,384.31,33.53,22.68,2748.05,0.06717371405750798
1986-06-22,0.0,412.04,34.2,22.13,2661.41,0.06717371405750798
1986-06-23,10.25,335.95,32.06,19.0,2200.0,0.09770722044728435
1986-06-24,0.0,427.55,32.09,19.81,2304.85,0.07328041533546326
1986-06-25,0.0,422.56,33.18,20.91,2465.45,0.07328041533546326
1986-06-26,0.0,415.14,33.62,21.47,2555.7,0.06106701277955272
1986-06-27,0.0,424.12,35.59,22.5,2720.31,0.05679232188498403
1986-06-28,17.06,347.21,35.41,20.51,2401.12,0.06106701277955272
1986-06-29,0.0,400.96,36.47,24.0,3000.0,0.07938711661341853
1986-06-30,0.0,389.82,35.98,24.07,3010.74,0.050685620607028754
1986-07-01,29.26,302.83,32.88,21.12,2499.94,0.16488093450479233
1986-07-02,0.0,441.51,32.24,19.0,2200.0,0.5373897124600638
1986-07-03,0.0,403.3,33.0,21.0,2480.0,0.14045412939297125
1986-07-04,0.0,405.6,35.11,22.46,2712.98,0.07328041533546326
1986-07-05,0.0,348.99,35.05,24.45,3071.24,0.057402992012779555
1986-07-06,11.62,295.05,34.49,22.75,2759.24,0.10381392172523961
1986-07-07,35.7,261.64,30.75,21.0,2480.0,3.059457340255591
1986-07-08,0.0,368.78,33.5,22.65,2743.7,1.685449552715655
1986-07-09,0.0,413.41,35.5,22.46,2713.69,0.1709876357827476
1986-07-10,0.0,416.22,35.32,22.21,2673.8,0.0854938178913738
1986-07-11,13.81,309.44,33.78,21.18,2508.78,0.2503747523961661
1986-07-12,0.0,370.73,34.82,23.68,2927.63,0.31144176517571887
1986-07-13,18.99,357.65,34.81,19.09,2214.55,0.9404319968051118
1986-07-14,0.0,378.87,34.22,22.97,2794.49,2.2228392651757187
1986-07-15,0.0,422.57,35.21,22.07,2650.85,0.15877423322683706
1986-07-16,0.0,407.07,35.5,22.94,2791.16,0.07328041533546326
1986-07-17,0.0,416.8,35.96,22.89,2782.57,0.058624332268370605
1986-07-18,0.0,450.18,37.81,22.5,2719.99,0.050685620607028754
1986-07-19,0.0,475.77,38.7,21.43,2548.39,0.045800259584664535
1986-07-20,0.0,414.08,36.75,23.27,2844.31,0.0427469089456869
1986-07-21,0.0,423.6,30.98,18.47,2117.42,0.039693558306709266
1986-07-22,0.0,442.97,33.5,19.53,2282.65,0.037861547923322685
1986-07-23,0.13,441.75,33.7,19.5,2280.0,0.03725087779552715
1986-07-24,0.0,420.34,37.73,23.45,2873.76,0.0360295375399361
1986-07-25,0.0,462.05,38.2,21.5,2560.01,0.03358685702875399
1986-07-26,7.76,394.45,35.54,20.18,2352.28,0.03053350638977636
1986-07-27,0.0,439.56,38.87,22.97,2794.85,0.06717371405750798
1986-07-28,0.0,437.36,40.46,24.01,3001.33,0.06717371405750798
1986-07-29,0.0,460.84,41.66,23.1,2816.33,0.04213623881789137
1986-07-30,0.0,433.44,42.51,25.06,3175.98,0.028090825878594246
1986-07-31,0.0,432.21,40.34,23.75,2941.26,0.022594794728434505
1986-08-01,3.32,293.65,34.07,21.38,2540.32,0.01954144408945687
1986-08-02,0.0,442.53,33.07,18.14,2091.41,0.017098763578274757
1986-08-03,0.0,407.76,31.53,18.47,2117.28,0.015877423322683704
1986-08-04,0.0,428.22,33.45,18.96,2193.08,0.01526675319488818
1986-08-05,21.44,321.95,32.51,18.07,2085.84,0.05679232188498403
1986-08-06,0.0,374.38,31.52,19.51,2280.63,0.028701496006389778
1986-08-07,0.0,403.9,32.95,19.39,2261.61,0.01954144408945687
1986-08-08,30.7,294.03,32.5,19.5,2279.25,0.30533506389776355
1986-08-09,11.08,217.61,29.19,20.38,2380.65,0.21984124600638977
1986-08-10,12.4,263.56,29.11,18.29,2103.03,0.38472218051118207
1986-08-11,0.0,371.96,28.63,17.13,1941.57,0.10381392172523961
1986-08-12,0.0,408.47,32.05,18.5,2120.0,0.05251763099041533
1986-08-13,0.0,367.17,32.64,20.6,2416.49,0.037861547923322685
1986-08-14,23.06,243.71,30.03,20.0,2320.0,0.05373897124600639
1986-08-15,13.37,171.42,27.49,20.81,2450.09,1.1969134504792331
1986-08-16,2.55,274.96,30.5,20.95,2471.47,1.148059840255591
1986-08-17,0.0,387.89,33.95,21.0,2480.0,0.20762784345047922
1986-08-18,0.0,354.87,33.82,22.29,2685.85,0.09160051916932907
1986-08-19,2.43,301.97,32.71,21.86,2617.34,0.06717371405750798
1986-08-20,0.0,366.51,33.0,21.18,2509.32,0.05312830111821086
1986-08-21,3.02,290.64,32.05,21.5,2559.62,0.04824294009584664
1986-08-22,0.0,370.1,31.17,19.63,2285.17,0.04335757907348242
1986-08-23,0.0,360.76,30.97,19.85,2308.18,0.04518958945686901
1986-08-24,0.0,371.05,31.55,20.04,2325.89,0.050685620607028754
1986-08-25,0.0,373.29,32.9,21.05,2487.48,0.03664020766773163
1986-08-26,0.0,391.14,33.09,20.5,2400.0,0.03175484664536741
1986-08-27,20.52,261.77,29.25,19.08,2212.09,0.9160051916932908
1986-08-28,0.0,428.94,24.34,11.94,1395.59,2.540387731629393
1986-08-29,0.0,470.62,26.36,11.5,1360.0,0.18320103833865814
1986-08-30,0.0,378.01,26.91,16.26,1840.88,0.09160051916932907
1986-08-31,0.67,289.97,24.67,17.14,1942.42,0.06717371405750798
1986-09-01,0.0,266.83,23.69,17.0,1920.0,0.06106701277955272
1986-09-02,0.0,279.32,23.98,17.0,1920.0,0.05496031150159744
1986-09-03,5.72,239.13,27.33,18.98,2196.39,0.06106701277955272
1986-09-04,0.0,351.8,27.92,18.5,2120.0,0.05984567252396167
1986-09-05,0.0,366.14,28.5,18.5,2120.0,0.05618165175718849
1986-09-06,0.0,421.08,28.49,16.2,1831.36,0.0494642803514377
1986-09-07,10.59,319.98,21.84,10.34,1267.09,0.06717371405750798
1986-09-08,0.48,386.78,22.21,12.1,1408.22,0.07328041533546326
1986-09-09,0.0,385.69,27.85,17.0,1920.0,0.12213402555910544
1986-09-10,0.0,293.83,28.83,21.0,2479.89,0.07328041533546326
1986-09-11,7.94,285.1,27.91,17.27,1966.69,0.07938711661341853
1986-09-12,0.0,477.82,29.0,12.18,1414.64,0.05923500239616612
1986-09-13,0.0,460.52,29.4,13.5,1559.93,0.05373897124600639
1986-09-14,0.0,395.0,28.12,16.19,1830.89,0.04091489856230032
1986-09-15,0.0,367.38,29.04,18.0,2080.0,0.03664020766773163
1986-09-16,0.0,365.41,30.22,19.0,2200.17,0.03725087779552715
1986-09-17,0.0,365.67,30.9,19.44,2269.36,0.037861547923322685
1986-09-18,0.0,383.0,34.0,20.77,2442.74,0.03725087779552715
1986-09-19,0.0,361.67,33.6,21.44,2549.9,0.0360295375399361
1986-09-20,0.0,350.64,33.27,21.59,2574.06,0.03053350638977636
1986-09-21,0.0,364.37,33.16,20.71,2433.94,0.03053350638977636
1986-09-22,0.0,354.04,33.48,21.35,2535.85,0.029922836261980834
1986-09-23,0.0,365.45,34.14,21.08,2492.39,0.02748015575079872
1986-09-24,6.37,245.32,32.95,21.97,2635.12,0.032976186900958465
1986-09-25,0.0,407.3,32.5,16.96,1925.17,0.026258815495207664
1986-09-26,0.0,335.65,32.0,20.54,2407.08,0.02320546485623003
1986-09-27,0.0,405.61,32.26,16.43,1862.31,0.02137345447284345
1986-09-28,0.0,347.1,31.97,19.74,2299.4,0.01954144408945687
1986-09-29,51.87,247.46,29.45,18.43,2114.29,7.938711661341853
1986-09-30,37.8,159.43,21.56,15.55,1763.42,16.427026437699677
1986-10-01,6.51,120.1,20.15,15.72,1778.08,5.386110527156549
1986-10-02,15.03,105.25,21.46,17.57,2010.89,7.144840495207667
1986-10-03,48.21,143.61,24.62,19.0,2200.0,17.220897603833865
1986-10-04,4.58,278.02,24.39,11.81,1384.96,10.869928274760383
1986-10-05,0.0,351.49,20.17,9.0,1160.0,0.9037917891373802
1986-10-06,0.0,349.26,22.01,10.64,1291.08,0.42136238817891375
1986-10-07,0.0,346.57,23.0,11.5,1360.0,0.2809082587859425
1986-10-08,0.0,290.97,22.39,13.31,1529.09,0.21984124600638977
1986-10-09,0.36,230.4,20.42,13.43,1541.34,0.1893077396166134
1986-10-10,0.0,151.92,16.43,12.23,1418.67,0.16488093450479233
1986-10-11,10.72,252.64,18.68,7.89,1071.37,0.1709876357827476
1986-10-12,4.82,222.33,10.55,3.58,797.74,0.9770722044728435
1986-10-13,0.0,329.19,11.51,1.82,705.28,0.3664020766773163
1986-10-14,0.0,375.81,15.13,2.51,721.15,0.1893077396166134
1986-10-15,0.0,376.21,17.0,3.84,801.22,0.1465608306709265
1986-10-16,0.0,400.22,21.5,4.75,859.81,0.1282407268370607
1986-10-17,0.0,395.7,23.99,6.5,960.0,0.12213402555910544
1986-10-18,0.0,379.33,25.0,8.73,1138.17,0.11602732428115016
1986-10-19,0.0,352.02,24.5,10.49,1279.28,0.10992062300319488
1986-10-20,0.0,350.63,22.98,9.09,1167.15,0.10381392172523961
1986-10-21,0.0,300.47,20.0,9.5,1200.0,0.10381392172523961
1986-10-22,7.15,174.4,19.0,11.5,1360.0,0.10992062300319488
1986-10-23,0.0,237.61,19.82,12.08,1406.37,0.10992062300319488
1986-10-24,0.0,250.65,17.6,9.5,1200.0,0.10992062300319488
1986-10-25,0.0,158.78,14.73,10.05,1244.16,0.10381392172523961
1986-10-26,0.0,196.08,15.24,9.39,1191.01,0.09770722044728435
1986-10-27,0.0,370.81,21.15,4.28,822.64,0.09160051916932907
1986-10-28,0.0,359.02,24.11,7.5,1040.0,0.09160051916932907
1986-10-29,0.0,343.6,20.95,6.52,961.28,0.0854938178913738
1986-10-30,0.0,350.27,21.45,5.5,920.0,0.0854938178913738
1986-10-31,0.0,282.38,22.52,11.44,1355.4,0.07938711661341853
1986-11-01,0.0,329.53,19.72,5.15,887.64,0.07328041533546326
1986-11-02,0.0,174.23,7.91,2.13,715.46,0.07328041533546326
1986-11-03,0.0,166.03,10.06,4.58,846.03,0.07938711661341853
1986-11-04,23.69,100.1,9.83,5.53,914.63,0.21984124600638977
1986-11-05,8.87,215.73,13.07,2.07,711.31,1.4778217092651758
1986-11-06,0.0,309.19,16.0,3.0,760.0,1.0930995287539935
1986-11-07,0.0,248.0,17.0,7.57,1045.67,0.2809082587859425
1986-11-08,0.0,311.06,16.44,2.5,720.0,0.17709433706070285
1986-11-09,0.0,286.34,11.71,-0.17,601.75,0.13434742811501596
1986-11-10,0.0,271.02,7.53,-3.26,479.03,0.11602732428115016
1986-11-11,0.0,307.51,2.91,-10.67,280.0,0.09770722044728435
1986-11-12,0.0,225.8,-0.06,-8.51,320.0,0.09160051916932907
1986-11-13,0.0,276.71,-1.78,-13.13,229.21,0.0854938178913738
1986-11-14,0.0,282.68,3.76,-8.33,320.0,0.09160051916932907
1986-11-15,0.0,278.31,9.0,-3.03,480.0,0.09160051916932907
1986-11-16,0.0,308.12,13.57,-2.0,520.18,0.09770722044728435
1986-11-17,0.0,315.28,15.43,-1.82,534.24,0.10381392172523961
1986-11-18,0.0,250.03,11.58,1.01,640.85,0.09770722044728435
1986-11-19,0.0,295.38,11.65,-2.84,492.46,0.09770722044728435
1986-11-20,0.0,276.29,15.0,1.72,697.8,0.09160051916932907
1986-11-21,0.0,291.55,17.5,1.78,702.64,0.09160051916932907
1986-11-22,0.0,228.8,15.86,5.48,914.79,0.09160051916932907
1986-11-23,0.0,221.17,11.74,1.98,714.73,0.0854938178913738
1986-11-24,0.0,293.09,10.04,-6.25,379.79,0.0854938178913738
1986-11-25,0.0,251.45,9.32,-3.02,480.0,0.0854938178913738
1986-11-26,0.82,208.94,9.38,-0.52,595.13,0.0854938178913738
1986-11-27,0.0,292.21,11.11,-6.0,400.0,0.0854938178913738
1986-11-28,0.0,299.71,15.91,-4.0,440.0,0.0854938178913738
1986-11-29,0.0,293.41,18.42,-1.13,560.0,0.0854938178913738
1986-11-30,0.0,234.64,15.73,3.56,800.0,0.0854938178913738
1986-12-01,5.15,153.74,10.23,0.5,640.0,0.09160051916932907
1986-12-02,3.44,81.74,3.75,-0.12,600.0,0.09770722044728435
1986-12-03,0.0,219.04,6.36,-4.25,440.0,0.10992062300319488
1986-12-04,0.0,225.48,7.64,-3.74,460.5,0.10381392172523961
1986-12-05,0.0,241.87,9.42,-3.5,478.36,0.09160051916932907
1986-12-06,0.0,159.06,11.0,3.5,799.94,0.09160051916932907
1986-12-07,16.26,113.77,10.56,3.45,782.55,0.20762784345047922
1986-12-08,2.09,120.75,4.75,-0.69,584.98,0.6961639456869009
1986-12-09,0.14,87.64,2.48,-1.19,560.5,0.4518958945686901
1986-12-10,0.0,161.74,0.15,-6.87,361.56,0.34808197284345044
1986-12-11,0.0,229.26,5.18,-5.98,400.0,0.1893077396166134
1986-12-12,0.0,255.89,10.7,-3.54,476.78,0.1465608306709265
1986-12-13,0.0,257.86,12.29,-2.5,520.0,0.1282407268370607
1986-12-14,0.0,224.68,10.8,-0.73,582.72,0.12213402555910544
1986-12-15,0.0,157.95,10.25,3.02,761.45,0.12213402555910544
1986-12-16,0.0,148.6,10.07,3.47,783.49,0.11602732428115016
1986-12-17,0.0,208.18,10.03,0.25,619.71,0.11602732428115016
1986-12-18,0.0,223.1,8.57,-2.16,520.0,0.10992062300319488
1986-12-19,0.0,246.63,9.28,-3.45,474.35,0.10381392172523961
1986-12-20,0.0,243.29,8.83,-3.51,478.99,0.10381392172523961
1986-12-21,0.0,187.74,5.09,-3.05,480.0,0.09770722044728435
1986-12-22,0.0,160.79,2.55,-4.08,440.0,0.09770722044728435
1986-12-23,0.0,226.21,5.52,-4.92,440.0,0.09770722044728435
1986-12-24,0.0,257.38,8.22,-5.0,440.0,0.09770722044728435
1986-12-25,0.0,250.72,10.5,-2.24,521.49,0.09770722044728435
1986-12-26,0.0,266.5,11.15,-3.55,474.55,0.09160051916932907
1986-12-27,0.0,263.6,8.81,-5.19,423.61,0.09160051916932907
1986-12-28,0.0,225.28,6.56,-3.5,480.0,0.09160051916932907
1986-12-29,0.0,260.81,9.57,-3.5,480.0,0.09160051916932907
1986-12-30,0.0,283.49,9.36,-7.08,360.0,0.09160051916932907
1986-12-31,0.0,252.7,8.16,-4.0,440.0,0.0854938178913738
1987-01-01,0.0,268.53,7.12,-3.93,445.64,0.0854938178913738
1987-01-02,0.0,291.44,7.38,-5.5,400.0,0.0854938178913738
1987-01-03,6.43,157.58,6.11,-1.57,548.77,0.09160051916932907
1987-01-04,0.0,257.54,4.92,-5.14,423.81,0.09160051916932907
1987-01-05,0.0,207.27,7.0,-1.5,559.92,0.09770722044728435
1987-01-06,0.0,192.69,9.48,1.64,691.33,0.09770722044728435
1987-01-07,0.0,173.81,5.72,-1.02,560.0,0.09160051916932907
1987-01-08,0.0,142.82,1.84,-3.47,480.0,0.09160051916932907
1987-01-09,13.25,84.83,2.36,-1.73,541.91,0.07938711661341853
1987-01-10,0.0,197.44,0.63,-6.96,360.0,0.07328041533546326
1987-01-11,0.0,292.45,2.22,-12.48,240.0,0.07938711661341853
1987-01-12,0.0,286.89,9.61,-4.75,432.49,0.09160051916932907
1987-01-13,0.0,301.5,15.02,-2.58,511.05,0.10992062300319488
1987-01-14,0.0,265.33,11.76,-0.24,600.0,0.14045412939297125
1987-01-15,0.0,165.31,5.47,-0.59,586.22,0.17709433706070285
1987-01-16,8.13,188.54,0.94,-7.65,346.32,0.1709876357827476
1987-01-17,5.83,49.67,-5.81,-7.54,351.7,0.12213402555910544
1987-01-18,4.69,90.03,-5.12,-8.48,321.38,0.09160051916932907
1987-01-19,0.57,343.83,0.25,-16.38,160.0,0.07938711661341853
1987-01-20,0.0,330.69,1.26,-11.58,253.6,0.09160051916932907
1987-01-21,0.0,350.53,3.55,-11.23,261.26,0.10992062300319488
1987-01-22,0.0,321.72,3.32,-8.54,320.0,0.0854938178913738
1987-01-23,0.0,304.53,-0.98,-11.43,254.13,0.07328041533546326
1987-01-24,0.0,223.65,-4.03,-10.76,280.0,0.06717371405750798
1987-01-25,0.0,316.53,-2.52,-13.33,214.3,0.06717371405750798
1987-01-26,0.0,347.87,1.14,-11.87,242.82,0.07938711661341853
1987-01-27,0.0,355.91,7.47,-6.46,371.25,0.10992062300319488
1987-01-28,0.0,329.31,7.67,-3.99,453.05,0.12213402555910544
1987-01-29,0.0,331.17,12.5,0.5,640.0,2.4854274201277957
1987-01-30,0.0,354.48,13.85,0.0,600.06,6.839505431309904
1987-01-31,0.0,350.32,13.8,0.45,629.44,0.9709655031948882
1987-02-01,0.0,306.08,14.5,4.0,805.18,0.47632269968051116
1987-02-02,0.0,364.21,17.64,1.97,715.79,0.32976186900958465
1987-02-03,0.0,344.62,15.04,1.0,640.0,0.23205464856230032
1987-02-04,0.0,265.88,12.73,3.11,769.17,0.17709433706070285
1987-02-05,4.49,170.04,10.42,2.72,737.39,0.16488093450479233
1987-02-06,5.92,140.73,6.08,0.08,606.61,0.18320103833865814
1987-02-07,0.0,370.3,19.05,-2.18,520.0,0.2503747523961661
1987-02-08,0.0,311.89,14.41,1.71,696.93,0.20152114217252395
1987-02-09,0.0,332.07,9.25,-4.55,440.0,0.1465608306709265
1987-02-10,0.0,337.55,14.31,-0.21,600.0,0.1282407268370607
1987-02-11,0.0,369.29,19.01,-0.01,600.0,0.12213402555910544
1987-02-12,0.0,376.22,21.13,0.73,640.0,0.11602732428115016
1987-02-13,3.14,215.06,16.9,6.0,920.0,1.0259258146964856
1987-02-14,8.76,198.11,12.4,2.92,753.75,1.6304892412140575
1987-02-15,15.51,201.81,11.21,1.69,694.96,3.010603730031949
1987-02-16,7.59,114.2,2.35,-2.46,519.68,5.044135255591054
1987-02-17,6.04,118.28,1.78,-3.2,480.0,1.0198191134185304
1987-02-18,0.0,290.43,4.53,-5.34,418.86,1.0992062300319487
1987-02-19,0.0,297.55,4.81,-5.2,424.27,2.564814536741214
1987-02-20,0.0,235.97,6.0,-1.33,560.0,0.8305113738019169
1987-02-21,0.0,353.66,9.35,-3.49,480.0,0.43968249201277954
1987-02-22,0.0,327.12,9.65,-1.52,558.69,0.293121661341853
1987-02-23,0.0,364.4,12.63,-1.05,560.0,0.22594794728434506
1987-02-24,2.03,238.96,10.47,3.0,760.0,0.1954144408945687
1987-02-25,2.82,102.3,7.93,4.5,840.0,0.1954144408945687
1987-02-26,2.66,91.27,8.63,6.0,920.17,0.360295375399361
1987-02-27,14.23,100.68,10.54,6.97,997.92,7.266974520766773
1987-02-28,17.25,230.61,10.69,1.75,699.64,12.091268530351437
1987-03-01,18.8,259.1,10.16,-0.18,600.0,14.900351118210862
1987-03-02,0.0,424.21,16.26,-0.0,600.0,2.137345447284345
1987-03-03,0.0,428.57,19.0,1.92,713.46,0.7450175559105431
1987-03-04,0.0,427.48,20.0,3.13,770.09,0.49464280351437695
1987-03-05,0.0,430.65,22.5,4.76,860.49,0.3908288817891374
1987-03-06,0.0,440.04,22.93,4.0,800.0,0.3358685702875399
1987-03-07,0.0,432.36,21.98,4.41,832.59,0.293121661341853
1987-03-08,0.0,430.02,20.51,3.35,783.01,0.26258815495207666
1987-03-09,0.0,422.94,14.92,-0.21,600.69,0.23816134984025558
1987-03-10,0.0,212.99,4.18,-1.41,553.07,0.2137345447284345
1987-03-11,0.0,426.25,9.6,-4.61,437.5,0.20152114217252395
1987-03-12,0.0,421.05,14.03,0.0,600.0,0.1954144408945687
1987-03-13,0.0,439.91,17.5,1.93,714.2,0.1893077396166134
1987-03-14,0.0,418.85,22.03,7.73,1058.6,0.18320103833865814
1987-03-15,0.0,446.98,20.0,4.0,800.0,0.17709433706070285
1987-03-16,0.0,310.56,15.64,7.07,1005.79,0.2992283626198083
1987-03-17,50.92,224.44,16.94,8.76,1140.6,15.633155271565496
1987-03-18,1.14,328.62,14.53,4.94,875.48,9.526453993610223
1987-03-19,0.0,453.13,18.76,2.88,750.02,1.0625660223642173
1987-03-20,0.0,401.68,22.79,9.69,1215.42,0.5984567252396166
1987-03-21,0.02,465.61,21.33,4.0,803.67,1.3801144888178913
1987-03-22,0.0,433.42,20.81,5.96,920.72,0.4030422843450479
1987-03-23,32.46,310.19,20.35,6.85,991.09,9.343252955271565
1987-03-24,14.37,179.66,8.43,2.18,716.74,14.167546964856228
1987-03-25,0.0,193.61,6.5,1.72,697.37,1.148059840255591
1987-03-26,0.0,271.62,9.04,2.11,712.28,0.49464280351437695
1987-03-27,0.0,447.71,14.18,0.14,614.48,0.42136238817891375
1987-03-28,0.0,464.97,14.21,-1.21,562.18,0.37250877795527154
1987-03-29,0.0,250.01,0.68,-5.74,398.97,0.293121661341853
1987-03-30,0.0,405.33,4.07,-7.58,353.47,0.24426805111821087
1987-03-31,0.0,506.61,14.6,-4.17,444.35,0.23816134984025558
1987-04-01,0.0,494.57,21.03,2.5,720.0,0.22594794728434506
1987-04-02,0.0,373.52,10.57,0.03,602.85,0.1954144408945687
1987-04-03,0.0,467.95,10.5,-4.21,442.1,0.17709433706070285
1987-04-04,0.0,471.31,12.5,-2.35,520.0,0.16488093450479233
1987-04-05,0.0,461.56,13.04,-1.03,560.29,0.15877423322683706
1987-04-06,0.0,414.33,13.92,2.25,720.0,0.15266753194888177
1987-04-07,0.0,459.53,18.73,4.66,852.77,0.15266753194888177
1987-04-08,0.0,514.92,22.33,3.79,803.31,0.14045412939297125
1987-04-09,0.0,510.88,24.0,5.14,891.31,0.13434742811501596
1987-04-10,4.95,349.33,22.73,7.56,1044.9,0.13434742811501596
1987-04-11,0.0,423.91,19.23,6.7,976.15,0.1282407268370607
1987-04-12,0.0,365.93,17.44,7.46,1036.98,0.12213402555910544
1987-04-13,5.25,227.2,14.89,7.17,1013.96,0.14045412939297125
1987-04-14,7.84,155.79,10.87,6.0,920.0,0.1709876357827476
1987-04-15,0.0,408.89,18.0,6.96,996.83,0.1893077396166134
1987-04-16,0.0,532.68,25.0,5.29,903.33,0.1893077396166134
1987-04-17,0.0,525.43,29.42,9.0,1135.73,0.1465608306709265
1987-04-18,0.0,509.75,32.11,12.3,1404.59,0.1282407268370607
1987-04-19,0.0,443.74,32.61,17.18,1952.84,0.11602732428115016
1987-04-20,0.0,429.71,30.66,16.56,1874.63,0.10381392172523961
1987-04-21,0.0,376.75,20.81,10.42,1273.46,0.09160051916932907
1987-04-22,0.0,530.04,21.16,3.0,760.0,0.09160051916932907
1987-04-23,0.0,536.09,24.39,4.7,847.85,0.09160051916932907
1987-04-24,0.0,516.43,25.62,7.0,998.97,0.0854938178913738
1987-04-25,0.0,510.51,28.5,9.38,1156.8,0.0854938178913738
1987-04-26,0.0,496.84,30.5,11.86,1357.86,0.0854938178913738
1987-04-27,0.0,463.24,29.44,13.11,1497.14,0.07938711661341853
1987-04-28,0.0,532.4,27.0,6.19,926.02,0.07938711661341853
1987-04-29,0.0,482.06,30.5,12.42,1422.97,0.07938711661341853
1987-04-30,0.0,488.75,31.57,12.89,1452.16,0.07938711661341853
1987-05-01,0.0,445.41,29.93,14.19,1612.84,0.07938711661341853
1987-05-02,0.0,408.0,28.93,15.07,1721.83,0.07328041533546326
1987-05-03,0.0,398.03,29.18,15.78,1782.52,0.07328041533546326
1987-05-04,0.0,375.27,27.82,15.61,1768.93,0.07938711661341853
1987-05-05,35.04,184.83,22.26,15.06,1716.15,1.056459321086262
1987-05-06,39.26,195.54,20.33,12.89,1477.44,2.381613498402556
1987-05-07,0.0,453.86,24.33,9.61,1208.96,0.5557098162939297
1987-05-08,0.0,480.68,26.09,9.83,1226.31,0.2137345447284345
1987-05-09,0.0,475.9,27.47,11.33,1346.65,0.1465608306709265
1987-05-10,0.0,450.4,28.93,13.85,1587.95,0.12213402555910544
1987-05-11,0.0,437.63,30.78,15.91,1792.65,0.10992062300319488
1987-05-12,0.0,404.21,30.34,16.97,1918.53,0.10381392172523961
1987-05-13,0.0,405.97,30.06,16.55,1882.57,0.09770722044728435
1987-05-14,0.0,400.64,30.51,16.98,1918.34,0.0854938178913738
1987-05-15,0.0,398.35,30.02,16.65,1891.63,0.07938711661341853
1987-05-16,0.0,476.27,30.46,13.36,1537.48,0.07938711661341853
1987-05-17,0.0,410.29,30.46,16.73,1898.51,0.07938711661341853
1987-05-18,0.0,388.45,32.94,19.78,2301.56,0.07328041533546326
1987-05-19,0.0,382.06,33.17,20.3,2369.05,0.07328041533546326
1987-05-20,6.81,277.64,29.57,17.84,2054.77,0.07938711661341853
1987-05-21,0.0,370.72,27.02,15.63,1774.27,0.07328041533546326
1987-05-22,11.99,315.27,24.64,11.82,1385.74,0.07328041533546326
1987-05-23,9.81,217.05,20.93,13.04,1485.73,0.09160051916932907
1987-05-24,13.0,167.95,20.74,14.85,1694.4,0.17709433706070285
1987-05-25,14.75,303.99,26.23,14.52,1655.8,0.23816134984025558
1987-05-26,0.0,365.7,28.04,17.65,2024.22,0.31144176517571887
1987-05-27,46.04,203.07,23.81,16.82,1905.79,9.098984904153355
1987-05-28,34.39,224.96,22.98,15.5,1760.0,18.320103833865815
1987-05-29,2.35,354.98,23.66,13.79,1583.41,3.511353234824281
1987-05-30,0.0,442.21,27.15,15.08,1726.41,0.9587521006389775
1987-05-31,0.0,436.52,29.5,17.35,1976.04,0.5679232188498402
1987-06-01,0.0,432.61,29.42,17.49,1998.97,0.4030422843450479
1987-06-02,0.0,429.34,30.46,18.5,2120.0,0.32976186900958465
1987-06-03,12.23,354.74,27.64,14.4,1640.69,1.8991840974440892
1987-06-04,0.0,521.03,26.79,11.01,1320.44,0.8488314776357827
1987-06-05,0.0,505.69,28.48,12.97,1477.43,0.3541886741214057
1987-06-06,0.0,504.82,29.76,13.96,1596.83,0.2564814536741214
1987-06-07,0.0,492.94,30.89,15.49,1758.84,0.21984124600638977
1987-06-08,0.0,466.5,31.92,17.64,2023.1,0.1954144408945687
1987-06-09,0.0,419.24,30.94,18.97,2194.4,0.18320103833865814
1987-06-10,7.46,250.4,27.49,18.95,2192.55,0.24426805111821087
1987-06-11,9.48,285.08,29.06,19.0,2200.18,0.23816134984025558
1987-06-12,0.0,436.55,32.81,20.02,2323.25,0.20762784345047922
1987-06-13,0.0,476.76,35.58,20.04,2325.98,0.17709433706070285
1987-06-14,0.0,477.43,36.46,20.5,2400.0,0.16488093450479233
1987-06-15,0.0,435.55,35.72,22.18,2669.09,0.15266753194888177
1987-06-16,0.0,431.2,34.7,21.65,2584.11,0.14045412939297125
1987-06-17,0.0,410.07,35.47,23.1,2815.59,0.14045412939297125
1987-06-18,21.55,369.6,33.86,18.01,2080.7,0.8732582827476038
1987-06-19,0.0,428.16,30.58,18.54,2126.8,0.2686948562300319
1987-06-20,0.1,392.55,29.6,19.0,2199.57,0.15877423322683706
1987-06-21,0.0,400.4,30.5,19.55,2284.0,0.14045412939297125
1987-06-22,0.0,391.59,31.81,20.86,2456.88,0.14045412939297125
1987-06-23,0.0,420.51,32.1,19.89,2312.44,0.13434742811501596
1987-06-24,0.0,426.69,31.95,19.5,2280.0,0.1282407268370607
1987-06-25,7.0,338.99,30.81,17.48,1996.17,2.387720199680511
1987-06-26,0.0,484.38,30.49,15.5,1760.0,0.5007495047923322
1987-06-27,0.0,467.23,32.94,18.0,2080.0,0.1709876357827476
1987-06-28,0.0,448.64,33.89,19.46,2273.01,0.13434742811501596
1987-06-29,0.0,396.47,32.75,20.74,2439.13,0.1282407268370607
1987-06-30,38.71,208.51,25.71,18.46,2119.47,6.900572444089456
1987-07-01,18.4,315.44,26.5,15.2,1735.98,7.205907507987219
1987-07-02,18.56,290.73,28.67,17.83,2052.18,1.8564371884984026
1987-07-03,0.0,390.06,29.5,18.5,2120.07,1.4961418130990414
1987-07-04,5.96,288.75,28.96,18.32,2105.69,0.7144840495207668
1987-07-05,16.39,310.72,30.65,18.78,2168.59,2.271692875399361
1987-07-06,0.0,364.89,32.9,22.47,2714.4,2.0152114217252395
1987-07-07,0.0,339.52,32.49,23.05,2808.64,0.6534170367412141
1987-07-08,0.0,413.34,32.86,20.89,2461.81,0.37250877795527154
1987-07-09,0.0,385.74,32.49,21.62,2578.82,0.9282185942492013
1987-07-10,0.0,349.27,33.02,23.22,2835.41,0.293121661341853
1987-07-11,0.0,345.29,33.19,23.49,2880.91,0.23205464856230032
1987-07-12,0.62,394.59,32.09,20.82,2451.09,0.23205464856230032
1987-07-13,26.95,354.22,27.96,14.64,1667.26,5.972353849840255
1987-07-14,0.0,516.16,26.79,11.48,1358.05,2.5892413418530347
1987-07-15,0.0,503.74,29.93,14.5,1640.0,0.5251763099041533
1987-07-16,0.0,447.75,32.89,19.5,2280.0,0.3358685702875399
1987-07-17,0.0,378.27,32.0,21.5,2560.0,0.293121661341853
1987-07-18,8.62,265.01,31.36,21.9,2624.05,0.26258815495207666
1987-07-19,0.0,385.7,33.99,22.98,2797.29,0.23816134984025558
1987-07-20,0.0,404.17,33.84,22.15,2664.52,0.21984124600638977
1987-07-21,0.0,428.65,32.97,20.49,2398.08,0.1954144408945687
1987-07-22,0.0,437.88,33.2,20.21,2352.99,0.18320103833865814
1987-07-23,0.0,416.09,34.36,21.95,2632.08,0.1709876357827476
1987-07-24,0.0,424.28,35.5,22.42,2707.86,0.16488093450479233
1987-07-25,0.0,418.88,35.89,22.93,2789.02,0.15877423322683706
1987-07-26,0.0,427.42,35.01,21.97,2634.9,0.15266753194888177
1987-07-27,0.0,423.27,35.47,22.49,2718.97,0.1465608306709265
1987-07-28,0.0,443.28,36.01,21.96,2633.47,0.14045412939297125
1987-07-29,0.0,444.51,36.67,22.27,2682.7,0.13434742811501596
1987-07-30,0.0,437.11,37.3,22.83,2772.56,0.1282407268370607
1987-07-31,0.0,432.55,38.0,23.4,2863.58,0.12213402555910544
1987-08-01,0.0,435.67,38.5,23.46,2873.06,0.12213402555910544
1987-08-02,0.0,442.13,39.0,23.28,2845.6,0.11602732428115016
1987-08-03,0.0,432.22,39.48,23.96,2989.94,0.11602732428115016
1987-08-04,3.2,366.34,37.54,21.74,2598.22,0.10992062300319488
1987-08-05,0.0,450.11,33.17,18.5,2120.0,0.10992062300319488
1987-08-06,0.0,453.79,36.54,20.44,2390.61,0.10992062300319488
1987-08-07,0.0,422.8,38.56,23.29,2846.55,0.10992062300319488
1987-08-08,0.0,359.88,37.8,25.46,3270.02,0.10381392172523961
1987-08-09,28.04,301.58,33.79,20.65,2423.41,0.10992062300319488
1987-08-10,0.0,352.91,31.09,20.33,2372.16,1.172486645367412
1987-08-11,0.0,427.53,34.69,20.02,2322.95,0.32365516773162933
1987-08-12,43.56,294.31,35.39,22.08,2653.55,1.1785933466453673
1987-08-13,33.17,270.5,32.94,21.49,2558.41,15.938490335463259
1987-08-14,0.0,358.36,32.76,21.51,2561.1,5.459390942492012
1987-08-15,0.0,373.25,35.37,22.95,2792.35,0.6473103354632587
1987-08-16,0.0,338.31,34.95,23.93,2983.42,0.3358685702875399
1987-08-17,0.0,429.79,34.24,19.39,2255.53,0.23205464856230032
1987-08-18,0.0,399.64,32.8,19.57,2286.0,0.1954144408945687
1987-08-19,0.0,397.34,34.15,20.64,2422.05,0.16488093450479233
1987-08-20,0.0,413.24,37.28,22.0,2639.76,0.1465608306709265
1987-08-21,0.0,374.93,37.97,24.24,3036.74,0.1282407268370607
1987-08-22,0.0,403.02,36.96,22.12,2659.07,0.11602732428115016
1987-08-23,2.68,450.72,30.98,13.26,1522.6,0.10381392172523961
1987-08-24,12.04,210.21,23.12,15.12,1729.3,0.15266753194888177
1987-08-25,20.39,297.49,32.0,18.55,2135.38,0.6595237380191693
1987-08-26,11.26,296.2,31.83,18.45,2125.72,0.5801366214057507
1987-08-27,6.22,174.4,21.76,15.31,1744.57,0.7755510623003196
1987-08-28,0.0,419.87,25.78,12.47,1437.57,0.4580025958466454
1987-08-29,0.0,417.66,27.56,14.0,1600.0,0.20762784345047922
1987-08-30,0.0,412.09,28.91,15.33,1746.64,0.15266753194888177
1987-08-31,0.0,384.95,27.75,15.57,1765.41,0.1282407268370607
1987-09-01,0.0,464.42,29.01,12.46,1436.86,0.11602732428115016
1987-09-02,0.0,424.73,31.67,16.67,1893.96,0.10381392172523961
1987-09-03,0.0,437.87,34.0,17.5,2000.17,0.09770722044728435
1987-09-04,0.0,424.2,33.76,18.0,2080.11,0.09160051916932907
1987-09-05,0.0,373.68,32.34,19.5,2279.72,0.0854938178913738
1987-09-06,1.03,271.84,28.02,19.74,2296.54,0.0854938178913738
1987-09-07,0.0,296.13,26.74,17.86,2056.14,0.0854938178913738
1987-09-08,0.0,383.8,27.9,15.53,1762.23,0.0854938178913738
1987-09-09,0.0,379.27,27.77,15.49,1759.03,0.0854938178913738
1987-09-10,10.1,307.25,27.79,14.05,1604.06,0.10381392172523961
1987-09-11,0.0,380.57,28.0,15.53,1762.59,0.09160051916932907
1987-09-12,3.13,350.88,27.23,14.18,1614.19,0.0854938178913738
1987-09-13,1.11,399.41,28.0,12.57,1445.77,0.0854938178913738
1987-09-14,0.0,320.44,29.85,19.26,2241.88,0.07938711661341853
1987-09-15,0.18,314.18,29.5,19.01,2201.75,0.0854938178913738
1987-09-16,0.0,374.81,28.6,15.81,1784.81,0.07938711661341853
1987-09-17,0.0,390.18,28.18,14.6,1656.71,0.07938711661341853
1987-09-18,6.24,284.09,26.81,13.95,1595.99,0.0854938178913738
1987-09-19,0.0,410.78,26.0,11.5,1360.0,0.07938711661341853
1987-09-20,3.48,301.77,26.88,12.55,1444.16,0.07938711661341853
1987-09-21,0.0,410.74,25.44,10.74,1299.42,0.06717371405750798
1987-09-22,0.0,439.55,24.63,8.0,1080.0,0.07328041533546326
1987-09-23,0.0,442.35,27.63,9.52,1201.75,0.06717371405750798
1987-09-24,0.0,427.56,30.0,12.14,1410.85,0.07328041533546326
1987-09-25,0.0,411.7,30.6,13.5,1559.47,0.07328041533546326
1987-09-26,0.0,355.09,29.92,16.19,1832.69,0.07328041533546326
1987-09-27,0.0,325.46,29.19,17.0,1920.0,0.06717371405750798
1987-09-28,46.17,216.85,26.78,16.52,1881.58,0.3786154792332268
1987-09-29,0.0,368.23,24.37,10.64,1291.28,0.1465608306709265
1987-09-30,0.0,397.81,24.01,8.25,1100.13,0.10381392172523961
1987-10-01,0.0,403.41,26.99,10.0,1240.0,0.06717371405750798
1987-10-02,0.0,375.97,25.53,10.61,1288.55,0.050685620607028754
1987-10-03,0.0,399.11,18.0,2.49,720.0,0.039693558306709266
1987-10-04,0.0,411.58,23.44,5.78,920.0,0.034197527156549515
1987-10-05,0.0,364.31,24.49,9.88,1230.14,0.032976186900958465
1987-10-06,0.0,399.84,22.75,5.43,914.07,0.03175484664536741
1987-10-07,0.0,390.59,21.07,4.29,822.96,0.03114417651757188
1987-10-08,0.0,380.07,23.72,7.0,1000.0,0.03053350638977636
1987-10-09,0.0,328.8,23.73,10.16,1253.03,0.03053350638977636
1987-10-10,0.16,327.26,17.66,4.51,840.6,0.03053350638977636
1987-10-11,1.18,225.0,11.86,2.91,752.99,0.03053350638977636
1987-10-12,0.0,412.86,22.4,1.29,663.1,0.03053350638977636
1987-10-13,0.0,385.2,23.27,4.59,847.17,0.03053350638977636
1987-10-14,0.0,317.11,24.49,10.5,1280.0,0.03053350638977636
1987-10-15,0.0,291.6,23.01,10.49,1279.11,0.03053350638977636
1987-10-16,6.36,142.76,18.46,11.0,1319.98,0.0427469089456869
1987-10-17,0.0,382.67,20.82,1.5,680.0,0.03664020766773163
1987-10-18,0.0,354.79,22.98,5.54,920.0,0.03358685702875399
1987-10-19,0.0,279.52,20.17,8.05,1084.04,0.03236551677316293
1987-10-20,0.0,274.41,13.8,2.41,723.86,0.03175484664536741
1987-10-21,0.0,360.33,17.49,-0.38,600.0,0.03114417651757188
1987-10-22,0.0,316.35,20.89,6.0,920.31,0.03114417651757188
1987-10-23,0.0,235.42,20.05,9.96,1237.11,0.03053350638977636
1987-10-24,0.7,147.34,17.82,11.77,1381.96,0.03053350638977636
1987-10-25,0.0,234.4,15.25,5.76,920.0,0.03053350638977636
1987-10-26,1.02,240.78,19.77,9.59,1207.36,0.03053350638977636
1987-10-27,0.0,338.07,20.11,3.18,774.2,0.03053350638977636
1987-10-28,0.0,358.05,22.05,1.72,697.59,0.03053350638977636
1987-10-29,0.0,341.78,26.67,6.81,984.62,0.03053350638977636
1987-10-30,0.0,318.7,25.89,8.44,1115.17,0.03053350638977636
1987-10-31,2.0,189.17,22.4,13.8,1583.75,0.03053350638977636
1987-11-01,0.0,191.8,24.06,15.2,1733.35,0.03053350638977636
1987-11-02,0.0,201.97,25.5,15.99,1799.34,0.03053350638977636
1987-11-03,0.0,266.38,26.09,12.7,1456.35,0.03053350638977636
1987-11-04,0.0,300.55,25.85,9.5,1200.0,0.03053350638977636
1987-11-05,0.0,299.4,21.5,5.89,921.28,0.03053350638977636
1987-11-06,0.0,270.3,20.49,7.24,1019.14,0.03053350638977636
1987-11-07,1.0,232.14,19.75,9.0,1159.99,0.03053350638977636
1987-11-08,0.0,230.88,17.08,6.59,967.64,0.03053350638977636
1987-11-09,0.0,252.13,11.5,0.08,613.71,0.03053350638977636
1987-11-10,0.0,291.92,9.63,-4.85,440.0,0.03053350638977636
1987-11-11,0.0,325.33,13.0,-5.8,400.0,0.03053350638977636
1987-11-12,0.0,328.11,19.37,-1.5,559.74,0.03053350638977636
1987-11-13,0.0,311.81,19.55,0.8,640.0,0.03053350638977636
1987-11-14,0.0,272.0,18.47,3.93,800.0,0.03053350638977636
1987-11-15,0.0,132.63,16.33,10.19,1255.46,0.032976186900958465
1987-11-16,4.57,164.78,14.26,5.91,920.02,0.05496031150159744
1987-11-17,0.52,258.68,10.75,-2.01,528.31,0.04885361022364217
1987-11-18,0.0,198.29,8.5,-0.43,600.0,0.04702159984025559
1987-11-19,0.0,287.09,11.84,-4.0,440.0,0.04641092971246006
1987-11-20,0.0,272.42,12.5,-2.02,520.0,0.04335757907348242
1987-11-21,0.0,285.65,15.98,-0.6,592.26,0.04152556869009585
1987-11-22,0.0,213.15,17.51,6.76,980.95,0.04213623881789137
1987-11-23,0.0,284.34,17.17,-0.34,600.0,0.044578919329073485
1987-11-24,10.67,130.22,12.83,4.4,831.95,0.07328041533546326
1987-11-25,2.94,64.37,6.65,3.29,782.9,0.057402992012779555
1987-11-26,0.05,66.9,5.19,2.54,724.95,0.05557098162939297
1987-11-27,7.07,63.97,3.42,0.2,616.22,0.07328041533546326
1987-11-28,15.14,61.71,2.25,-0.96,564.32,0.0854938178913738
1987-11-29,0.0,159.05,5.5,-1.04,562.47,0.0854938178913738
1987-11-30,0.0,192.84,7.91,-0.42,600.0,0.09160051916932907
1987-12-01,0.0,246.1,8.4,-3.5,480.0,0.07938711661341853
1987-12-02,0.0,274.89,12.46,-3.0,480.0,0.07328041533546326
1987-12-03,0.0,254.33,15.0,1.39,671.56,0.06717371405750798
1987-12-04,0.0,272.46,14.77,-1.09,564.69,0.06045634265175719
1987-12-05,0.0,242.29,15.08,2.5,720.0,0.051906960862619804
1987-12-06,0.0,211.23,14.66,4.45,836.04,0.047632269968051116
1987-12-07,0.0,121.27,9.82,4.67,853.46,0.043968249201277954
1987-12-08,0.0,160.14,11.21,4.21,816.89,0.04335757907348242
1987-12-09,0.0,262.62,13.03,-1.5,560.0,0.0427469089456869
1987-12-10,0.0,269.86,13.95,-1.8,535.91,0.0427469089456869
1987-12-11,0.0,237.1,14.06,2.04,719.89,0.0427469089456869
1987-12-12,0.0,241.84,10.95,-1.0,560.0,0.0427469089456869
1987-12-13,0.0,210.02,5.86,-3.28,480.0,0.0427469089456869
1987-12-14,9.0,117.19,2.44,-3.69,465.1,0.06106701277955272
1987-12-15,4.34,180.63,-2.2,-10.61,279.92,0.04885361022364217
1987-12-16,0.0,289.61,-1.6,-15.27,198.49,0.0427469089456869
1987-12-17,0.0,294.55,1.5,-13.02,229.86,0.07328041533546326
1987-12-18,0.0,125.92,2.83,-1.72,542.59,0.12213402555910544
1987-12-19,14.9,64.95,4.41,1.45,676.04,0.9404319968051118
1987-12-20,13.01,120.27,4.96,-0.3,600.0,5.636485279552716
1987-12-21,0.0,252.59,7.5,-4.16,440.0,1.3556876837060703
1987-12-22,0.0,266.05,11.14,-2.43,520.0,0.49464280351437695
1987-12-23,0.0,246.89,13.53,2.0,720.0,0.37250877795527154
1987-12-24,0.65,249.83,12.38,0.61,635.91,0.3419752715654952
1987-12-25,5.18,126.65,1.07,-5.29,417.05,0.293121661341853
1987-12-26,5.91,63.51,-2.37,-5.29,419.58,0.16488093450479233
1987-12-27,4.64,174.38,-1.24,-9.08,304.26,0.04885361022364217
1987-12-28,0.0,247.07,-1.0,-10.27,280.0,0.05007495047923322
1987-12-29,0.0,115.98,-1.47,-5.25,419.88,0.07328041533546326
1987-12-30,0.0,168.54,2.0,-3.68,465.26,0.07328041533546326
1987-12-31,0.0,264.51,1.94,-8.18,320.23,0.051906960862619804
1988-01-01,0.0,230.05,-1.5,-11.65,242.97,0.04885361022364217
1988-01-02,0.0,259.2,1.5,-11.0,280.0,0.045800259584664535
1988-01-03,0.0,216.05,2.2,-7.06,359.99,0.057402992012779555
1988-01-04,0.0,217.17,-1.24,-10.43,280.0,0.04518958945686901
1988-01-05,1.21,165.13,-6.01,-11.94,240.0,0.050685620607028754
1988-01-06,8.0,60.63,-8.71,-11.2,264.26,0.0494642803514377
1988-01-07,6.43,116.96,-9.14,-14.37,200.0,0.03053350638977636
1988-01-08,0.0,313.77,-10.17,-23.74,80.0,0.028701496006389778
1988-01-09,0.0,279.83,-9.73,-20.47,120.0,0.032976186900958465
1988-01-10,0.0,324.52,-6.07,-20.61,120.0,0.03053350638977636
1988-01-11,0.0,234.63,0.37,-8.0,320.0,0.047632269968051116
1988-01-12,0.0,273.06,3.66,-6.73,355.6,0.043968249201277954
1988-01-13,0.0,346.11,0.36,-17.0,160.0,0.040304228434504784
1988-01-14,0.0,290.2,0.6,-10.54,278.82,0.04885361022364217
1988-01-15,0.0,314.47,5.05,-7.98,307.48,0.05007495047923322
1988-01-16,0.0,222.8,8.09,0.29,615.49,0.07328041533546326
1988-01-17,0.0,259.55,9.5,0.0,569.26,0.21984124600638977
1988-01-18,0.0,268.92,8.31,-1.59,511.25,0.5801366214057507
1988-01-19,0.47,207.09,7.64,0.5,629.48,4.95864143769968
1988-01-20,0.0,185.51,3.24,-2.8,495.86,6.1677682907348235
1988-01-21,0.0,299.61,1.46,-9.63,279.69,1.2457670607028755
1988-01-22,0.0,335.6,5.01,-8.79,285.37,0.6228835303514377
1988-01-23,0.0,305.67,6.95,-4.43,396.6,0.4335757907348243
1988-01-24,0.0,296.68,7.47,-3.25,433.13,0.3664020766773163
1988-01-25,0.0,344.76,3.99,-9.91,257.62,0.16488093450479233
1988-01-26,0.0,315.28,2.92,-8.5,300.17,0.1893077396166134
1988-01-27,0.0,378.66,12.64,-6.11,296.23,0.2137345447284345
1988-01-28,0.0,352.38,14.84,-1.33,421.99,0.24426805111821087
1988-01-29,0.0,288.69,16.92,4.8,698.22,0.30533506389776355
1988-01-30,0.0,218.15,17.82,9.68,1092.14,0.427469089456869
1988-01-31,0.0,312.67,15.89,2.21,564.46,0.2748015575079872
1988-02-01,0.0,283.53,3.17,-7.44,336.33,0.18320103833865814
1988-02-02,0.0,191.88,-3.51,-9.69,281.04,0.1709876357827476
1988-02-03,3.24,134.71,-2.6,-7.41,353.71,0.17709433706070285
1988-02-04,0.0,302.09,-0.23,-9.6,287.49,0.15877423322683706
1988-02-05,0.0,319.78,-1.8,-12.04,239.18,0.14045412939297125
1988-02-06,0.0,375.16,-1.7,-15.47,162.73,0.13434742811501596
1988-02-07,0.0,356.39,4.45,-7.91,297.75,0.14045412939297125
1988-02-08,0.0,343.67,6.54,-5.0,366.54,0.15877423322683706
1988-02-09,0.0,358.36,7.03,-5.13,352.99,0.1465608306709265
1988-02-10,0.0,411.67,5.87,-10.87,216.52,0.13434742811501596
1988-02-11,0.0,353.83,-6.53,-17.97,160.0,0.11602732428115016
1988-02-12,0.0,451.39,14.68,-13.5,121.27,0.15266753194888177
1988-02-13,0.0,441.42,18.5,-3.75,231.07,0.17709433706070285
1988-02-14,0.0,363.33,16.4,0.45,389.56,0.17709433706070285
1988-02-15,0.0,368.81,9.22,-6.88,256.77,0.1709876357827476
1988-02-16,0.0,369.55,14.03,-2.14,284.55,0.1709876357827476
1988-02-17,0.0,290.52,11.68,1.05,451.57,0.16488093450479233
1988-02-18,0.0,277.01,7.54,-2.31,392.58,0.15877423322683706
1988-02-19,0.0,356.56,11.06,-3.52,283.39,0.15877423322683706
1988-02-20,0.0,339.61,10.57,-2.5,251.51,0.15266753194888177
1988-02-21,0.0,411.08,20.15,-0.26,202.6,0.1465608306709265
1988-02-22,0.0,335.63,17.95,5.0,358.71,0.1465608306709265
1988-02-23,0.0,361.93,10.84,-3.51,215.43,0.14045412939297125
1988-02-24,0.0,392.2,10.91,-5.74,163.69,0.13434742811501596
1988-02-25,0.0,410.99,15.73,-3.0,171.81,0.13434742811501596
1988-02-26,0.0,428.8,21.43,0.0,200.74,0.13434742811501596
1988-02-27,0.0,423.86,20.29,0.09,207.19,0.13434742811501596
1988-02-28,0.0,434.9,21.49,-0.46,200.28,0.13434742811501596
1988-02-29,0.0,424.92,17.51,-2.5,161.9,0.13434742811501596
1988-03-01,0.0,394.31,16.64,0.0,202.82,0.1282407268370607
1988-03-02,12.36,264.05,15.34,1.5,340.71,0.31144176517571887
1988-03-03,37.73,157.33,4.69,-2.6,503.58,7.938711661341853
1988-03-04,0.0,300.93,5.09,-5.95,400.0,3.260978482428115
1988-03-05,3.39,136.37,4.55,-1.35,560.0,4.989174944089457
1988-03-06,5.0,125.18,4.47,-1.05,560.0,2.6197748482428116
1988-03-07,0.0,422.02,20.95,1.93,556.11,0.9526453993610223
1988-03-08,0.0,339.63,16.21,3.29,701.67,0.5740299201277955
1988-03-09,0.0,397.79,14.68,-1.53,473.0,0.3786154792332268
1988-03-10,0.0,405.07,18.41,1.5,560.97,0.2992283626198083
1988-03-11,0.0,383.26,17.58,2.39,617.83,0.2503747523961661
1988-03-12,0.0,381.91,12.4,-2.31,457.68,0.2137345447284345
1988-03-13,0.0,372.62,5.33,-8.05,320.0,0.1893077396166134
1988-03-14,0.0,397.63,5.01,-9.36,286.94,0.17709433706070285
1988-03-15,0.0,401.45,6.45,-8.01,319.17,0.16488093450479233
1988-03-16,0.0,291.03,4.89,-4.32,440.0,0.16488093450479233
1988-03-17,10.96,122.58,2.21,-2.5,520.0,0.1893077396166134
1988-03-18,5.02,314.47,4.31,-7.97,322.16,0.20762784345047922
1988-03-19,0.0,536.96,15.77,-4.63,336.78,0.2686948562300319
1988-03-20,0.0,552.48,24.27,0.78,444.61,0.360295375399361
1988-03-21,0.0,489.67,27.0,3.94,589.73,0.3419752715654952
1988-03-22,0.0,440.45,26.3,8.52,861.09,0.24426805111821087
1988-03-23,0.0,347.89,22.33,10.15,1103.8,0.1893077396166134
1988-03-24,0.0,285.76,21.85,12.27,1371.21,0.17709433706070285
1988-03-25,0.0,470.62,21.42,2.63,568.9,0.16488093450479233
1988-03-26,0.0,448.45,20.94,4.15,653.51,0.15266753194888177
1988-03-27,0.0,454.7,23.5,6.25,735.99,0.14045412939297125
1988-03-28,0.0,338.87,22.85,11.8,1188.24,0.1465608306709265
1988-03-29,4.96,310.5,14.99,1.49,642.04,0.1465608306709265
1988-03-30,0.0,425.65,14.0,0.38,548.59,0.1465608306709265
1988-03-31,0.0,369.75,12.96,2.0,642.86,0.18320103833865814
1988-04-01,39.75,140.76,11.43,6.43,954.33,5.691445591054312
1988-04-02,31.32,214.26,11.72,3.87,800.0,20.945985383386578
1988-04-03,0.0,501.99,20.84,2.02,682.69,2.4610006150159744
1988-04-04,0.0,476.59,25.5,7.72,982.76,0.7266974520766774
1988-04-05,0.0,436.19,25.24,9.86,1185.63,0.49464280351437695
1988-04-06,0.0,498.08,21.16,2.49,680.06,0.38472218051118207
1988-04-07,0.0,509.22,26.0,5.5,798.98,0.3358685702875399
1988-04-08,0.0,454.61,26.9,10.41,1150.87,0.31144176517571887
1988-04-09,6.7,379.89,25.61,5.3,871.12,0.32976186900958465
1988-04-10,2.65,311.52,12.95,2.61,731.15,0.2992283626198083
1988-04-11,0.0,443.31,14.99,0.74,640.0,0.2748015575079872
1988-04-12,0.0,489.97,18.77,1.5,643.52,0.26258815495207666
1988-04-13,0.0,508.86,23.14,3.9,733.12,0.24426805111821087
1988-04-14,0.0,456.92,22.65,6.95,945.31,0.21984124600638977
1988-04-15,0.0,373.24,17.82,6.27,942.98,0.20762784345047922
1988-04-16,0.0,485.68,19.64,2.34,683.65,0.20152114217252395
1988-04-17,4.61,286.92,19.51,9.03,1162.54,0.26258815495207666
1988-04-18,34.07,289.33,15.6,3.86,801.56,3.468606325878594
1988-04-19,0.0,457.43,16.5,1.83,706.69,2.290012979233227
1988-04-20,0.0,483.26,22.5,6.0,920.0,0.519069608626198
1988-04-21,0.0,431.35,25.5,11.38,1350.15,0.3419752715654952
1988-04-22,0.0,399.94,25.26,12.59,1446.95,0.2564814536741214
1988-04-23,0.0,503.23,20.16,2.84,747.17,0.20762784345047922
1988-04-24,0.0,462.5,18.56,3.87,800.0,0.18320103833865814
1988-04-25,23.36,266.55,19.24,9.0,1160.0,2.2167325638977635
1988-04-26,0.0,349.06,17.22,7.5,1040.0,1.57552892971246
1988-04-27,0.0,486.42,17.0,1.71,697.09,0.3908288817891374
1988-04-28,0.0,478.7,21.05,5.7,920.0,0.2503747523961661
1988-04-29,7.88,273.14,21.0,10.5,1280.0,0.21984124600638977
1988-04-30,9.92,277.95,20.5,9.85,1228.34,0.23816134984025558
1988-05-01,0.0,407.59,23.48,11.04,1323.58,0.23205464856230032
1988-05-02,0.0,365.46,22.74,11.91,1392.64,0.1954144408945687
1988-05-03,5.72,266.33,17.99,8.08,1086.65,0.24426805111821087
1988-05-04,0.0,415.29,19.25,7.31,1024.57,0.20152114217252395
1988-05-05,0.0,511.5,23.57,6.5,960.0,0.16488093450479233
1988-05-06,0.0,429.38,25.01,12.01,1401.06,0.15266753194888177
1988-05-07,0.0,333.9,25.78,16.35,1856.55,0.14045412939297125
1988-05-08,0.0,326.43,25.41,16.41,1858.42,0.13434742811501596
1988-05-09,0.0,502.8,25.34,9.5,1200.0,0.12213402555910544
1988-05-10,0.0,536.51,28.3,9.3,1145.02,0.10992062300319488
1988-05-11,0.0,511.78,29.02,11.56,1352.95,0.10992062300319488
1988-05-12,1.09,491.03,30.52,14.0,1595.1,0.10381392172523961
1988-05-13,0.0,502.98,32.0,14.48,1623.49,0.09770722044728435
1988-05-14,0.0,475.01,31.18,15.5,1757.06,0.09770722044728435
1988-05-15,0.0,430.84,29.82,16.47,1875.55,0.09160051916932907
1988-05-16,0.0,496.79,30.02,13.44,1526.45,0.09160051916932907
1988-05-17,0.0,505.81,30.97,13.45,1516.29,0.09160051916932907
1988-05-18,0.0,449.9,31.81,17.0,1920.0,0.0854938178913738
1988-05-19,0.0,454.32,30.95,16.15,1823.29,0.07938711661341853
1988-05-20,4.99,352.84,28.93,16.37,1859.98,0.07938711661341853
1988-05-21,8.54,256.74,24.18,14.8,1688.38,0.10381392172523961
1988-05-22,13.16,240.5,22.19,13.71,1572.83,0.09160051916932907
1988-05-23,10.86,225.84,22.21,14.44,1636.93,0.09160051916932907
1988-05-24,0.89,429.89,25.78,13.5,1560.0,0.09160051916932907
1988-05-25,0.0,468.99,26.97,12.91,1472.59,0.0854938178913738
1988-05-26,0.0,493.33,27.23,11.76,1380.78,0.07938711661341853
1988-05-27,0.0,477.06,29.08,14.09,1607.05,0.07328041533546326
1988-05-28,0.0,421.48,29.5,16.95,1915.62,0.06717371405750798
1988-05-29,1.59,333.55,28.51,17.87,2059.44,0.06717371405750798
1988-05-30,0.0,354.38,28.49,18.5,2119.74,0.06106701277955272
1988-05-31,0.0,370.41,28.32,17.87,2059.03,0.06106701277955272
1988-06-01,23.88,309.66,27.9,15.99,1799.9,0.07328041533546326
1988-06-02,0.0,394.56,27.15,16.0,1800.0,0.11602732428115016
1988-06-03,0.0,471.44,28.41,13.9,1591.01,0.12213402555910544
1988-06-04,0.0,416.45,28.19,16.15,1824.3,0.07938711661341853
1988-06-05,0.0,490.29,27.05,11.99,1398.0,0.06717371405750798
1988-06-06,0.0,510.44,28.96,12.19,1398.76,0.058624332268370605
1988-06-07,0.0,477.04,32.49,16.52,1864.99,0.05373897124600639
1988-06-08,0.0,476.91,37.47,20.0,2275.82,0.05129629073482428
1988-06-09,0.0,513.17,37.11,17.5,1903.86,0.047632269968051116
1988-06-10,0.0,523.91,28.53,10.77,1264.32,0.044578919329073485
1988-06-11,0.0,531.11,29.9,11.25,1288.04,0.04335757907348242
1988-06-12,0.0,495.13,31.86,14.99,1675.5,0.04152556869009585
1988-06-13,0.0,455.95,32.03,17.14,1942.04,0.04091489856230032
1988-06-14,0.0,460.36,32.02,16.89,1903.0,0.04091489856230032
1988-06-15,0.0,421.88,31.75,18.45,2116.18,0.04091489856230032
1988-06-16,9.91,316.92,31.35,18.45,2117.37,0.03908288817891374
1988-06-17,0.0,451.3,31.41,17.06,1926.18,0.03908288817891374
1988-06-18,0.0,436.67,34.74,20.27,2351.38,0.03847221805111821
1988-06-19,0.0,426.46,37.93,22.94,2771.85,0.03664020766773163
1988-06-20,0.0,446.91,38.93,22.5,2675.78,0.03480819728434505
1988-06-21,0.0,433.48,38.19,22.47,2691.15,0.03358685702875399
1988-06-22,0.0,444.52,37.61,21.36,2505.19,0.03175484664536741
1988-06-23,0.0,450.37,37.45,20.85,2422.18,0.029922836261980834
1988-06-24,0.0,452.81,37.06,20.41,2354.63,0.029922836261980834
1988-06-25,0.0,399.58,36.47,22.44,2710.19,0.029312166134185302
1988-06-26,0.0,418.05,35.94,21.27,2515.03,0.028701496006389778
1988-06-27,0.0,400.03,35.27,21.5,2559.01,0.029922836261980834
1988-06-28,0.0,406.0,35.71,21.5,2554.83,0.028701496006389778
1988-06-29,0.0,422.5,36.45,21.2,2498.05,0.02748015575079872
1988-06-30,0.0,398.06,37.31,22.81,2768.46,0.05557098162939297
1988-07-01,11.83,336.1,34.55,18.35,2106.46,0.04885361022364217
1988-07-02,0.0,279.3,24.72,16.49,1877.05,0.03236551677316293
1988-07-03,0.0,446.79,30.88,15.94,1641.46,0.03236551677316293
1988-07-04,0.0,418.2,35.0,20.42,2193.34,0.03236551677316293
1988-07-05,0.0,372.95,36.0,23.0,2670.06,0.03053350638977636
1988-07-06,0.0,385.75,35.9,22.5,2559.76,0.028090825878594246
1988-07-07,0.0,386.1,34.58,21.49,2417.52,0.026869485623003196
1988-07-08,0.0,391.64,32.81,19.94,2200.16,0.02503747523961661
1988-07-09,0.0,374.08,32.21,20.28,2259.65,0.028701496006389778
1988-07-10,9.35,289.39,31.4,19.16,2216.67,0.045800259584664535
1988-07-11,0.0,381.43,32.0,20.05,2241.14,0.03114417651757188
1988-07-12,0.0,438.55,32.69,18.5,1930.87,0.02748015575079872
1988-07-13,0.0,453.68,37.11,21.18,2215.27,0.024426805111821086
1988-07-14,0.0,388.93,38.52,24.95,2939.38,0.022594794728434505
1988-07-15,0.0,400.07,38.53,24.51,2835.37,0.020152114217252392
1988-07-16,0.0,449.09,37.66,21.7,2293.94,0.017709433706070286
1988-07-17,7.99,274.11,33.87,22.0,2638.72,0.03114417651757188
1988-07-18,2.34,328.94,33.35,22.61,2587.13,0.02320546485623003
1988-07-19,0.0,359.99,31.64,20.75,2261.15,0.02137345447284345
1988-07-20,43.6,313.38,29.43,16.69,1862.69,1.1785933466453673
1988-07-21,0.0,459.64,30.75,16.1,1706.77,0.3358685702875399
1988-07-22,0.0,433.94,31.67,17.99,1957.55,0.07938711661341853
1988-07-23,0.0,436.3,34.96,20.5,2260.87,0.05007495047923322
1988-07-24,0.0,449.81,35.67,20.44,2221.19,0.04091489856230032
1988-07-25,0.0,469.93,36.41,20.15,2029.79,0.034197527156549515
1988-07-26,11.0,340.39,34.54,20.22,2297.51,0.03236551677316293
1988-07-27,0.0,424.21,31.44,18.23,1964.39,0.029922836261980834
1988-07-28,0.0,367.88,29.82,18.96,2165.88,0.028090825878594246
1988-07-29,3.83,378.25,34.53,21.43,2400.36,0.026258815495207664
1988-07-30,0.0,431.27,37.32,22.68,2434.23,0.047632269968051116
1988-07-31,0.0,450.36,36.87,21.49,2230.51,0.029922836261980834
1988-08-01,0.0,388.23,35.6,22.95,2598.6,0.029312166134185302
1988-08-02,0.0,380.93,35.42,23.16,2622.83,0.024426805111821086
1988-08-03,0.0,387.69,35.96,23.36,2633.53,0.020152114217252392
1988-08-04,0.0,386.17,35.44,23.0,2587.16,0.02564814536741214
1988-08-05,10.89,287.32,33.31,21.21,2505.78,0.029312166134185302
1988-08-06,0.0,390.35,35.08,22.46,2561.16,0.026869485623003196
1988-08-07,0.0,400.31,38.0,24.21,2797.72,0.026258815495207664
1988-08-08,0.0,422.24,39.24,24.05,2708.53,0.018320103833865814
1988-08-09,0.0,395.99,35.99,22.72,2587.61,0.012213402555910543
1988-08-10,0.0,393.47,34.98,22.0,2494.34,0.011602732428115015
1988-08-11,0.0,391.53,35.0,22.09,2509.73,0.011602732428115015
1988-08-12,0.0,392.08,34.89,22.0,2497.66,0.011602732428115015
1988-08-13,0.0,397.19,38.06,24.13,2805.88,0.010992062300319488
1988-08-14,0.0,395.54,39.4,25.08,2963.91,0.009160051916932907
1988-08-15,0.0,385.45,39.08,25.29,3036.21,0.007938711661341852
1988-08-16,0.0,389.08,38.02,24.3,2861.73,0.006106701277955272
1988-08-17,0.0,393.64,37.62,23.7,2757.06,0.00561816517571885
1988-08-18,0.0,376.28,35.85,23.0,2693.27,0.004518958945686901
1988-08-19,0.0,404.5,34.8,21.0,2320.41,0.003847221805111821
1988-08-20,0.0,418.56,34.91,20.5,2176.7,0.003908288817891374
1988-08-21,0.0,407.39,37.51,23.0,2452.75,0.004702159984025559
1988-08-22,0.0,407.59,38.82,24.02,2506.0,0.010381392172523962
1988-08-23,3.61,319.48,36.19,20.7,2286.93,0.009770722044728435
1988-08-24,0.0,490.81,37.0,17.69,1578.46,0.006106701277955272
1988-08-25,0.0,474.26,37.11,18.73,1716.45,0.014045412939297123
1988-08-26,0.0,468.19,35.82,17.97,1662.27,0.017098763578274757
1988-08-27,0.0,410.17,33.2,18.89,1897.65,0.012213402555910543
1988-08-28,0.0,368.41,26.14,14.59,1555.59,0.006717371405750799
1988-08-29,0.0,493.44,27.65,9.47,977.97,0.004396824920127795
1988-08-30,0.0,492.18,29.82,11.0,1066.86,0.003847221805111821
1988-08-31,0.0,439.81,31.0,15.4,1353.1,0.0028701496006389776
1988-09-01,0.0,424.59,30.27,15.37,1387.25,0.002809082587859425
1988-09-02,0.0,328.87,28.12,17.4,1795.2,0.003053350638977636
1988-09-03,0.0,390.55,27.96,14.81,1419.24,0.003053350638977636
1988-09-04,0.0,443.98,28.51,12.5,1140.87,0.00293121661341853
1988-09-05,0.0,460.13,28.77,11.5,1050.6,0.003664020766773163
1988-09-06,0.0,462.38,28.65,11.0,1014.9,0.004885361022364218
1988-09-07,0.0,425.02,31.67,15.63,1411.03,0.005434964137380192
1988-09-08,0.0,427.64,35.02,17.87,1594.62,0.005923500239616612
1988-09-09,0.0,458.31,35.0,15.52,1324.0,0.0031754846645367413
1988-09-10,0.0,425.17,35.04,17.5,1572.41,0.002442680511182109
1988-09-11,0.0,406.78,33.93,17.5,1620.15,0.0021373454472843447
1988-09-12,0.0,400.34,33.76,17.5,1637.41,0.0020152114217252396
1988-09-13,0.0,420.87,32.11,14.81,1355.28,0.001893077396166134
1988-09-14,0.0,311.2,29.68,18.0,1923.99,0.0020152114217252396
1988-09-15,6.42,207.91,26.9,17.5,1979.73,0.0020152114217252396
1988-09-16,1.11,317.85,28.73,16.26,1706.22,0.002320546485623003
1988-09-17,0.0,298.68,31.5,20.0,2187.94,0.0021984124600638974
1988-09-18,2.26,186.51,28.44,21.1,2495.93,0.00293121661341853
1988-09-19,9.8,183.08,23.55,15.12,1727.7,0.007328041533546326
1988-09-20,0.0,427.04,27.0,9.44,1032.7,0.0023816134984025556
1988-09-21,0.0,376.04,31.5,16.13,1647.42,0.0021373454472843447
1988-09-22,0.0,312.11,33.89,21.1,2388.0,0.0023816134984025556
1988-09-23,5.89,301.4,31.44,13.92,1557.53,0.0026869485623003194
1988-09-24,8.05,253.45,22.45,10.1,1248.08,0.0035418867412140573
1988-09-25,0.0,406.62,25.97,9.3,1106.89,0.003114417651757188
1988-09-26,0.0,398.46,29.17,12.2,1332.14,0.0034197527156549523
1988-09-27,0.0,338.71,30.45,16.5,1840.85,0.004335757907348242
1988-09-28,5.19,228.48,29.61,17.5,2000.0,0.007328041533546326
1988-09-29,0.0,385.58,25.21,9.4,1161.65,0.006717371405750799
1988-09-30,0.0,373.46,21.1,6.5,948.22,0.004763226996805111
1988-10-01,3.93,237.61,20.54,9.61,1209.01,0.0058013662140575075
1988-10-02,0.06,333.44,21.76,9.0,1159.31,0.006717371405750799
1988-10-03,0.0,382.2,22.69,6.83,969.94,0.006106701277955272
1988-10-04,0.0,320.46,20.12,8.04,1083.12,0.0058013662140575075
1988-10-05,6.38,192.78,13.56,4.77,861.48,0.008549381789137379
1988-10-06,11.76,96.38,8.98,4.98,878.46,0.006717371405750799
1988-10-07,9.99,68.35,10.0,7.44,1035.2,0.007938711661341852
1988-10-08,0.02,149.8,13.0,8.39,1110.99,0.004274690894568689
1988-10-09,0.0,287.21,17.56,8.0,1080.0,0.002809082587859425
1988-10-10,0.0,393.2,23.25,6.7,975.92,0.001954144408945687
1988-10-11,0.0,396.12,22.14,5.25,899.64,0.0015877423322683706
1988-10-12,0.0,398.78,20.52,3.27,780.25,0.0013434742811501597
1988-10-13,0.0,380.92,23.93,7.49,1039.06,0.0010992062300319487
1988-10-14,0.0,348.7,26.0,11.42,1353.5,0.0009160051916932907
1988-10-15,0.0,318.27,25.63,12.81,1465.17,0.0007938711661341853
1988-10-16,0.0,379.48,28.42,9.63,1193.51,0.0007328041533546325
1988-10-17,0.0,336.08,29.8,14.27,1617.33,0.0006106701277955272
1988-10-18,0.0,344.65,25.11,9.5,1195.36,0.0005496031150159744
1988-10-19,0.0,356.22,18.58,2.75,707.65,0.0004885361022364217
1988-10-20,1.0,264.09,18.64,8.38,1107.89,0.0004885361022364217
1988-10-21,0.0,347.27,22.15,6.29,904.36,0.0004885361022364217
1988-10-22,0.0,342.67,25.51,9.11,1073.56,0.0004885361022364217
1988-10-23,0.0,327.72,24.12,9.0,1090.91,0.0004885361022364217
1988-10-24,0.0,377.32,24.52,3.29,707.96,0.0005496031150159744
1988-10-25,0.0,343.84,22.79,5.82,835.75,0.0006106701277955272
1988-10-26,0.0,343.68,19.54,2.8,692.12,0.0007328041533546325
1988-10-27,0.0,291.54,20.77,7.69,1018.55,0.0008549381789137381
1988-10-28,0.0,328.78,16.17,0.57,609.86,0.0009770722044728434
1988-10-29,0.0,231.19,14.35,4.93,874.57,0.0010992062300319487
1988-10-30,0.0,237.53,14.05,4.35,828.29,0.0020762784345047924
1988-10-31,0.0,300.72,19.0,4.93,838.24,0.0022594794728434506
1988-11-01,0.0,353.36,25.19,3.65,694.92,0.002564814536741214
1988-11-02,0.0,299.72,24.56,9.14,1089.04,0.0028701496006389776
1988-11-03,0.0,329.42,24.98,6.0,845.68,0.0034197527156549523
1988-11-04,0.0,266.52,22.6,9.36,1109.56,0.0028701496006389776
1988-11-05,0.0,219.08,17.42,7.26,1020.46,0.0034197527156549523
1988-11-06,0.0,300.54,17.44,1.18,621.4,0.004030422843450479
1988-11-07,0.0,286.88,19.84,3.99,765.34,0.004885361022364218
1988-11-08,0.0,315.94,20.04,0.6,577.35,0.005496031150159744
1988-11-09,0.0,251.91,19.9,6.21,928.58,0.004885361022364218
1988-11-10,0.0,272.8,16.03,1.0,639.52,0.007328041533546326
1988-11-11,0.0,231.54,15.77,3.79,798.99,0.018320103833865814
1988-11-12,11.03,165.43,17.24,5.83,920.45,0.03541886741214057
1988-11-13,0.0,273.42,19.0,3.28,782.72,0.026869485623003196
1988-11-14,0.0,275.1,23.0,6.23,940.26,0.028090825878594246
1988-11-15,0.0,270.07,21.73,5.52,909.24,0.028701496006389778
1988-11-16,6.76,196.95,12.4,-2.33,520.0,0.023816134984025558
1988-11-17,0.0,264.08,13.0,-1.99,520.91,0.022594794728434505
1988-11-18,0.0,225.82,15.49,3.26,780.84,0.02137345447284345
1988-11-19,0.0,188.73,9.42,-0.15,600.0,0.03053350638977636
1988-11-20,8.47,154.63,6.13,-4.39,440.0,0.03847221805111821
1988-11-21,0.0,243.25,6.52,-6.52,373.39,0.020762784345047924
1988-11-22,0.0,243.27,9.81,-3.5,480.0,0.014045412939297123
1988-11-23,0.0,236.24,12.29,-0.58,593.25,0.010992062300319488
1988-11-24,0.0,252.93,17.83,2.92,753.65,0.009160051916932907
1988-11-25,0.0,208.27,14.51,3.49,799.26,0.007938711661341852
1988-11-26,1.58,124.1,7.0,1.17,653.58,0.006717371405750799
1988-11-27,0.76,152.64,4.76,-2.38,520.0,0.006106701277955272
1988-11-28,0.0,268.51,8.58,-7.27,360.0,0.00561816517571885
1988-11-29,0.0,226.14,11.3,-0.96,563.18,0.005496031150159744
1988-11-30,0.0,254.22,11.69,-3.25,480.0,0.005496031150159744
1988-12-01,0.0,274.25,14.8,-3.02,480.0,0.005496031150159744
1988-12-02,0.0,287.8,18.77,-2.67,506.32,0.005740299201277955
1988-12-03,0.0,267.15,18.24,0.5,640.0,0.006106701277955272
1988-12-04,0.0,257.54,13.15,-3.0,480.0,0.006717371405750799
1988-12-05,0.0,262.33,13.9,-3.17,480.0,0.006106701277955272
1988-12-06,0.0,252.32,17.07,0.66,640.0,0.006106701277955272
1988-12-07,0.0,200.58,12.33,1.15,657.84,0.006717371405750799
1988-12-08,0.0,171.35,4.69,-4.03,440.0,0.006717371405750799
1988-12-09,0.0,255.46,6.02,-9.5,280.0,0.007328041533546326
1988-12-10,0.0,221.17,7.57,-4.73,440.0,0.007328041533546326
1988-12-11,0.31,193.53,2.76,-6.92,360.0,0.007938711661341852
1988-12-12,0.47,227.17,7.74,-4.51,440.0,0.008549381789137379
1988-12-13,0.0,265.59,15.44,-2.79,496.82,0.009160051916932907
1988-12-14,0.0,226.53,14.43,1.03,642.32,0.010992062300319488
1988-12-15,0.0,194.03,6.62,-3.6,471.68,0.009770722044728435
1988-12-16,0.0,264.63,6.73,-10.28,280.0,0.007938711661341852
1988-12-17,0.0,259.2,9.88,-6.72,360.0,0.008549381789137379
1988-12-18,0.0,276.24,16.52,-4.39,440.0,0.009160051916932907
1988-12-19,0.0,201.23,16.11,4.38,830.67,0.009770722044728435
1988-12-20,0.0,201.09,13.6,2.07,720.0,0.010381392172523962
1988-12-21,0.0,249.3,12.44,-3.63,469.7,0.011602732428115015
1988-12-22,0.0,207.28,14.46,2.33,720.0,0.013434742811501598
1988-12-23,0.0,261.47,13.76,-4.18,440.0,0.012213402555910543
1988-12-24,0.0,224.87,10.88,-2.5,520.0,0.010992062300319488
1988-12-25,0.0,233.84,10.03,-4.19,440.0,0.01526675319488818
1988-12-26,0.0,145.31,15.01,6.92,993.55,0.020762784345047924
1988-12-27,7.34,191.88,13.59,-3.88,454.9,0.032976186900958465
1988-12-28,0.0,228.82,3.63,-9.94,280.0,0.018930773961661342
1988-12-29,0.0,223.08,6.04,-7.11,360.0,0.018930773961661342
1988-12-30,0.0,231.42,9.24,-4.73,440.0,0.018930773961661342
1988-12-31,0.0,227.25,7.64,-5.92,400.0,0.01954144408945687
1989-01-01,0.0,188.18,8.26,-1.55,480.96,0.01954144408945687
1989-01-02,0.0,123.49,4.12,-2.01,518.91,0.020152114217252392
1989-01-03,0.0,242.21,11.53,-2.61,375.62,0.020152114217252392
1989-01-04,0.0,256.97,13.73,-1.97,367.3,0.01954144408945687
1989-01-05,0.0,219.28,17.23,5.0,561.88,0.022594794728434505
1989-01-06,0.0,160.39,10.65,2.48,607.14,0.02137345447284345
1989-01-07,0.0,210.24,8.95,-2.16,393.05,0.021984124600638977
1989-01-08,0.0,223.52,1.28,-10.5,226.61,0.020762784345047924
1989-01-09,0.0,266.5,5.16,-10.5,194.77,0.02137345447284345
1989-01-10,0.0,271.4,9.89,-6.33,239.42,0.022594794728434505
1989-01-11,0.0,240.03,13.69,0.54,404.0,0.026258815495207664
1989-01-12,0.0,228.21,6.47,-5.42,308.53,0.026258815495207664
1989-01-13,0.0,283.77,6.33,-10.73,184.57,0.023816134984025558
1989-01-14,0.0,230.95,6.12,-5.78,294.75,0.024426805111821086
1989-01-15,0.0,282.85,8.48,-8.09,206.16,0.02564814536741214
1989-01-16,0.0,299.11,11.55,-7.26,190.65,0.026258815495207664
1989-01-17,0.0,299.99,13.74,-5.0,222.84,0.026258815495207664
1989-01-18,0.0,306.76,16.07,-3.67,225.32,0.02748015575079872
1989-01-19,0.0,308.44,16.64,-3.05,227.0,0.02748015575079872
1989-01-20,0.0,303.23,12.43,-5.78,211.58,0.026258815495207664
1989-01-21,0.0,300.13,11.9,-5.54,216.05,0.026258815495207664
1989-01-22,0.0,298.56,15.03,-1.99,270.2,0.026869485623003196
1989-01-23,0.0,265.88,16.85,3.13,404.52,0.028090825878594246
1989-01-24,0.0,282.84,12.79,-2.0,286.8,0.02748015575079872
1989-01-25,9.64,103.33,5.54,-0.5,583.84,0.05434964137380192
1989-01-26,0.11,254.95,8.0,-4.36,340.54,0.03908288817891374
1989-01-27,0.0,296.39,10.51,-5.0,286.68,0.037861547923322685
1989-01-28,13.45,121.24,8.11,1.1,605.47,0.07938711661341853
1989-01-29,0.98,147.02,8.17,1.51,659.8,0.05434964137380192
1989-01-30,0.0,329.44,18.41,-0.8,344.96,0.04213623881789137
1989-01-31,0.0,308.51,19.23,2.72,450.63,0.03664020766773163
1989-02-01,0.0,351.86,15.24,-8.05,201.82,0.034197527156549515
1989-02-02,0.0,146.03,-6.9,-12.86,239.6,0.029922836261980834
1989-02-03,0.0,245.48,-11.0,-21.56,120.0,0.018930773961661342
1989-02-04,0.0,169.16,-13.72,-20.37,120.0,0.017098763578274757
1989-02-05,0.0,132.94,-13.45,-18.5,154.6,0.017098763578274757
1989-02-06,1.01,219.75,-7.85,-15.57,194.21,0.020762784345047924
1989-02-07,0.0,380.84,-0.74,-17.81,120.0,0.021984124600638977
1989-02-08,0.0,293.04,-1.19,-12.02,218.5,0.024426805111821086
1989-02-09,0.0,390.32,2.83,-14.59,138.53,0.02503747523961661
1989-02-10,0.0,416.88,11.03,-10.09,162.0,0.02564814536741214
1989-02-11,0.0,356.95,10.11,-4.49,281.25,0.028701496006389778
1989-02-12,0.0,322.75,6.71,-5.5,295.43,0.03175484664536741
1989-02-13,2.0,160.0,3.99,-1.92,525.53,0.03541886741214057
1989-02-14,0.0,181.95,1.76,-4.79,424.14,0.03480819728434505
1989-02-15,3.55,99.9,2.23,-2.29,520.0,0.037861547923322685
1989-02-16,0.0,265.0,3.02,-6.36,348.9,0.03175484664536741
1989-02-17,0.0,197.95,3.96,-2.49,501.79,0.03236551677316293
1989-02-18,0.0,233.97,5.54,-1.97,492.33,0.03236551677316293
1989-02-19,0.0,187.28,5.13,-0.5,581.95,0.03358685702875399
1989-02-20,5.57,87.79,4.57,1.37,669.79,0.05801366214057508
1989-02-21,2.08,299.58,7.37,-3.6,395.95,0.043968249201277954
1989-02-22,0.0,355.74,5.05,-6.47,309.58,0.0360295375399361
1989-02-23,0.0,409.98,1.95,-13.5,178.53,0.03358685702875399
1989-02-24,0.0,424.97,12.17,-6.0,250.71,0.034197527156549515
1989-02-25,0.0,435.23,19.59,-1.3,308.62,0.0360295375399361
1989-02-26,0.0,404.71,15.68,0.29,385.65,0.032976186900958465
1989-02-27,0.0,361.51,8.44,-3.5,358.67,0.02748015575079872
1989-02-28,0.0,277.27,5.98,-2.2,462.58,0.028701496006389778
1989-03-01,0.0,317.87,7.39,-2.02,434.38,0.02748015575079872
1989-03-02,0.0,389.85,10.77,-2.0,362.04,0.023816134984025558
1989-03-03,0.0,457.78,18.23,-2.28,274.03,0.02564814536741214
1989-03-04,0.0,373.14,-0.71,-12.0,218.53,0.022594794728434505
1989-03-05,0.0,368.48,-1.74,-12.65,214.87,0.018320103833865814
1989-03-06,0.0,441.67,4.0,-12.03,178.33,0.014045412939297123
1989-03-07,0.0,457.02,8.51,-9.67,183.9,0.01954144408945687
1989-03-08,0.0,458.09,13.56,-4.86,204.15,0.022594794728434505
1989-03-09,0.0,473.44,19.65,-1.19,212.72,0.02503747523961661
1989-03-10,0.0,480.31,28.21,4.5,320.47,0.022594794728434505
1989-03-11,0.0,484.85,30.5,5.73,320.63,0.020762784345047924
1989-03-12,0.0,436.83,25.13,8.69,428.41,0.021984124600638977
1989-03-13,0.0,437.38,18.67,2.86,296.92,0.023816134984025558
1989-03-14,0.0,422.74,19.57,4.85,352.51,0.023816134984025558
1989-03-15,0.0,495.14,15.59,-6.96,137.22,0.017709433706070286
1989-03-16,0.0,462.36,18.5,0.16,242.41,0.01954144408945687
1989-03-17,0.0,460.35,23.3,4.65,325.61,0.022594794728434505
1989-03-18,0.0,440.81,11.28,-5.24,184.13,0.017709433706070286
1989-03-19,0.0,423.14,13.45,-2.0,230.82,0.016488093450479233
1989-03-20,2.99,239.35,11.19,0.76,474.33,0.02137345447284345
1989-03-21,0.0,414.18,7.89,-7.0,198.89,0.018930773961661342
1989-03-22,0.0,467.07,13.5,-5.59,163.87,0.02137345447284345
1989-03-23,0.0,463.85,19.0,-0.04,225.76,0.02137345447284345
1989-03-24,0.0,445.72,24.29,6.39,360.65,0.02137345447284345
1989-03-25,0.0,465.48,27.05,7.49,370.95,0.021984124600638977
1989-03-26,0.0,370.02,26.79,13.32,646.39,0.022594794728434505
1989-03-27,16.58,257.01,24.74,12.59,868.84,0.0854938178913738
1989-03-28,19.58,289.38,24.19,9.96,873.75,0.10381392172523961
1989-03-29,0.0,407.57,24.73,9.42,808.21,0.058624332268370605
1989-03-30,32.14,270.36,20.99,8.0,954.28,0.6900572444089457
1989-03-31,1.22,363.16,15.12,1.0,625.9,0.9770722044728435
1989-04-01,0.0,385.91,18.99,5.0,783.77,0.24426805111821087
1989-04-02,0.6,359.71,22.28,9.47,1072.37,0.09770722044728435
1989-04-03,0.0,344.28,22.12,10.0,1128.98,0.06717371405750798
1989-04-04,0.0,348.26,18.93,6.94,934.74,0.04824294009584664
1989-04-05,0.0,434.76,17.86,2.0,609.68,0.0427469089456869
1989-04-06,0.0,438.3,21.53,5.34,744.93,0.03847221805111821
1989-04-07,0.0,433.99,21.57,5.76,768.04,0.03541886741214057
1989-04-08,0.0,401.66,19.69,5.89,812.81,0.03358685702875399
1989-04-09,0.0,281.67,10.05,1.63,690.08,0.032976186900958465
1989-04-10,2.24,340.49,8.52,-2.3,515.17,0.03480819728434505
1989-04-11,0.0,468.28,13.5,-2.21,456.23,0.03175484664536741
1989-04-12,0.0,442.73,16.93,2.5,628.83,0.03175484664536741
1989-04-13,0.0,412.23,17.49,4.5,741.14,0.03175484664536741
1989-04-14,0.0,491.49,21.15,4.0,635.71,0.03236551677316293
1989-04-15,0.27,495.65,22.0,4.64,655.03,0.03236551677316293
1989-04-16,0.0,448.14,26.5,11.5,1062.96,0.03175484664536741
1989-04-17,0.0,448.31,26.96,12.02,1091.47,0.03175484664536741
1989-04-18,0.0,374.89,23.26,11.9,1212.64,0.032976186900958465
1989-04-19,0.0,533.21,22.9,3.03,550.5,0.03053350638977636
1989-04-20,0.0,471.5,22.88,7.26,792.48,0.03114417651757188
1989-04-21,4.37,365.82,28.5,10.98,1117.89,0.03175484664536741
1989-04-22,0.0,442.82,31.56,16.5,1443.98,0.03053350638977636
1989-04-23,0.0,451.47,33.11,17.47,1499.84,0.026869485623003196
1989-04-24,0.0,451.16,32.46,17.14,1474.64,0.026869485623003196
1989-04-25,0.0,436.07,31.96,17.44,1533.78,0.024426805111821086
1989-04-26,0.0,472.61,33.39,16.95,1325.36,0.024426805111821086
1989-04-27,0.0,446.76,32.31,17.37,1418.98,0.024426805111821086
1989-04-28,0.0,525.02,28.5,9.68,793.37,0.022594794728434505
1989-04-29,0.0,479.49,23.22,7.94,718.72,0.017709433706070286
1989-04-30,0.0,465.43,20.82,6.4,671.05,0.01954144408945687
1989-05-01,0.0,497.24,19.68,3.79,540.58,0.020152114217252392
1989-05-02,0.0,433.04,18.17,5.36,673.15,0.021984124600638977
1989-05-03,4.78,283.65,18.5,7.6,962.05,0.02320546485623003
1989-05-04,10.38,310.58,22.5,10.0,1081.02,0.044578919329073485
1989-05-05,0.0,493.17,23.28,7.37,738.12,0.02748015575079872
1989-05-06,0.0,546.92,22.35,3.05,513.54,0.024426805111821086
1989-05-07,0.0,554.79,26.75,6.12,598.31,0.020762784345047924
1989-05-08,0.0,491.49,32.27,15.14,1127.69,0.022594794728434505
1989-05-09,0.0,528.05,31.09,11.6,856.7,0.023816134984025558
1989-05-10,0.0,528.53,23.41,4.72,582.46,0.022594794728434505
1989-05-11,0.0,398.32,22.76,10.51,1026.75,0.020762784345047924
1989-05-12,3.72,167.44,18.29,11.96,1396.98,0.020152114217252392
1989-05-13,4.61,159.51,17.91,12.0,1400.12,0.02137345447284345
1989-05-14,0.0,381.38,23.76,12.49,1224.69,0.024426805111821086
1989-05-15,0.0,363.39,24.09,13.56,1327.09,0.04885361022364217
1989-05-16,20.76,248.82,23.48,13.95,1575.69,0.04152556869009585
1989-05-17,15.16,194.43,22.5,15.34,1746.95,0.06106701277955272
1989-05-18,23.29,191.68,20.3,13.45,1551.57,0.16488093450479233
1989-05-19,9.13,365.6,26.54,10.93,1285.83,0.4457891932907348
1989-05-20,0.0,423.96,27.44,14.74,1581.63,0.20762784345047922
1989-05-21,0.0,378.3,27.38,16.46,1834.83,0.0854938178913738
1989-05-22,29.54,314.79,27.39,15.0,1720.0,0.3175484664536741
1989-05-23,0.0,443.36,30.0,16.37,1779.09,0.6045634265175719
1989-05-24,0.0,365.8,33.14,21.89,2622.33,0.21984124600638977
1989-05-25,0.0,432.89,32.0,18.57,2042.19,0.07938711661341853
1989-05-26,0.0,438.37,24.45,12.09,1383.07,0.04641092971246006
1989-05-27,0.0,522.44,24.96,8.61,1037.59,0.034197527156549515
1989-05-28,0.0,453.89,30.67,16.86,1814.57,0.028090825878594246
1989-05-29,0.0,388.6,32.43,20.85,2422.2,0.02320546485623003
1989-05-30,0.0,340.97,32.01,22.18,2668.59,0.01954144408945687
1989-05-31,0.0,365.94,31.48,21.05,2487.69,0.015877423322683704
1989-06-01,16.32,322.92,27.57,15.53,1762.24,0.09160051916932907
1989-06-02,0.0,409.07,27.21,16.0,1800.0,0.06106701277955272
1989-06-03,6.52,325.61,26.92,14.82,1690.86,0.18320103833865814
1989-06-04,15.01,201.23,22.47,16.0,1799.84,0.2564814536741214
1989-06-05,25.19,301.08,24.73,14.54,1649.97,0.9404319968051118
1989-06-06,0.0,444.01,25.74,14.18,1614.51,0.5923500239616614
1989-06-07,0.0,342.93,24.51,16.45,1871.61,0.15266753194888177
1989-06-08,7.7,360.3,26.58,14.98,1716.55,0.20152114217252395
1989-06-09,0.0,468.24,26.64,14.63,1661.59,0.0854938178913738
1989-06-10,12.57,292.46,25.6,16.5,1880.0,0.11602732428115016
1989-06-11,24.32,320.76,27.25,16.62,1889.99,2.8579361980830673
1989-06-12,10.31,352.22,29.67,16.98,1918.18,1.7281964616613419
1989-06-13,8.91,324.48,28.17,17.05,1928.46,1.1114196325878594
1989-06-14,0.42,414.91,21.72,12.06,1404.95,0.3419752715654952
1989-06-15,0.0,454.42,21.88,10.87,1309.94,0.13434742811501596
1989-06-16,0.0,524.84,25.5,10.55,1283.71,0.07938711661341853
1989-06-17,0.0,465.16,29.5,16.5,1879.72,0.058624332268370605
1989-06-18,0.0,505.48,31.54,16.0,1800.0,0.04641092971246006
1989-06-19,0.0,523.13,33.38,15.92,1801.43,0.04091489856230032
1989-06-20,0.0,483.2,34.82,19.25,2239.64,0.034197527156549515
1989-06-21,0.0,431.87,34.57,21.54,2566.03,0.028090825878594246
1989-06-22,14.16,382.87,31.97,15.58,1766.57,0.029922836261980834
1989-06-23,11.5,272.65,23.34,14.44,1639.37,0.10992062300319488
1989-06-24,7.89,312.31,29.44,18.72,2154.87,0.8793649840255591
1989-06-25,0.0,416.37,31.68,20.0,2320.0,0.20762784345047922
1989-06-26,0.0,429.48,32.28,20.07,2331.36,0.07328041533546326
1989-06-27,26.09,351.59,31.06,17.47,1995.46,2.674735159744409
1989-06-28,0.0,445.76,30.49,18.0,2080.0,1.9113974999999999
1989-06-29,0.0,395.05,30.97,20.23,2357.5,0.2686948562300319
1989-06-30,0.0,403.67,31.07,20.0,2320.0,0.10992062300319488
1989-07-01,8.87,313.15,31.25,19.64,2287.19,0.0854938178913738
1989-07-02,15.46,353.06,30.02,18.81,2169.47,1.9113974999999999
1989-07-03,12.03,379.83,31.0,19.0,2200.0,4.366291413738019
1989-07-04,0.0,443.54,32.86,19.69,2295.41,0.5496031150159744
1989-07-05,0.0,453.4,33.85,19.88,2310.76,0.1893077396166134
1989-07-06,0.0,463.14,34.06,19.5,2279.49,0.10992062300319488
1989-07-07,0.0,486.27,34.04,18.02,2069.15,0.07938711661341853
1989-07-08,0.0,461.85,34.0,19.2,2231.74,0.06106701277955272
1989-07-09,0.0,420.85,34.18,21.16,2505.37,0.050685620607028754
1989-07-10,0.0,360.96,34.95,23.96,2990.61,0.04152556869009585
1989-07-11,0.0,378.48,34.5,22.96,2793.1,0.04152556869009585
1989-07-12,1.83,368.56,34.2,22.35,2695.57,0.03664020766773163
1989-07-13,0.0,372.73,33.38,22.29,2685.68,0.032976186900958465
1989-07-14,0.19,375.27,31.49,20.59,2415.01,0.03053350638977636
1989-07-15,13.5,281.82,30.59,19.9,2312.25,0.03053350638977636
1989-07-16,0.0,417.42,29.69,17.69,2030.68,0.026258815495207664
1989-07-17,5.37,337.68,30.24,18.21,2096.99,0.02748015575079872
1989-07-18,4.94,320.79,32.15,20.12,2343.56,0.028090825878594246
1989-07-19,0.0,454.3,32.01,18.17,2093.57,0.02320546485623003
1989-07-20,0.0,462.34,30.27,16.5,1880.0,0.017709433706070286
1989-07-21,0.0,447.95,29.47,16.5,1880.0,0.01526675319488818
1989-07-22,0.0,472.74,29.55,15.5,1760.0,0.01282407268370607
1989-07-23,1.95,394.49,29.06,17.42,1987.47,0.01282407268370607
1989-07-24,16.68,358.25,28.53,16.73,1896.49,0.1954144408945687
1989-07-25,0.0,406.13,30.0,18.49,2119.02,0.09770722044728435
1989-07-26,0.0,400.79,31.0,19.5,2280.0,0.04335757907348242
1989-07-27,0.0,397.49,31.96,20.43,2389.46,0.03175484664536741
1989-07-28,0.0,425.79,33.52,20.5,2400.0,0.018320103833865814
1989-07-29,0.0,411.42,36.0,22.87,2778.88,0.020152114217252392
1989-07-30,0.0,423.12,38.5,23.94,2985.4,0.0427469089456869
1989-07-31,0.0,424.25,35.9,22.03,2644.67,0.014656083067092651
1989-08-01,18.4,293.4,32.35,20.96,2474.28,0.009160051916932907
1989-08-02,0.0,324.18,31.49,22.28,2685.58,0.007938711661341852
1989-08-03,35.86,268.88,32.99,22.46,2713.53,0.49464280351437695
1989-08-04,0.0,386.13,35.63,23.51,2886.11,0.3541886741214057
1989-08-05,0.0,399.18,35.14,22.65,2744.74,0.06717371405750798
1989-08-06,0.0,419.27,32.09,19.57,2279.78,0.03053350638977636
1989-08-07,0.0,476.61,29.47,14.88,1700.47,0.03908288817891374
1989-08-08,0.0,517.24,27.15,10.5,1280.0,0.023816134984025558
1989-08-09,0.0,488.2,28.6,13.27,1523.84,0.01526675319488818
1989-08-10,0.0,382.78,27.35,16.78,1902.18,0.009160051916932907
1989-08-11,0.0,416.03,27.84,15.96,1796.82,0.008549381789137379
1989-08-12,0.0,379.57,27.72,17.16,1946.63,0.007328041533546326
1989-08-13,17.25,147.99,22.75,17.88,2061.43,0.03847221805111821
1989-08-14,26.08,216.87,24.25,16.95,1916.26,0.0494642803514377
1989-08-15,0.0,358.81,26.03,16.55,1884.35,0.034197527156549515
1989-08-16,0.0,326.72,27.63,19.0,2200.0,0.02503747523961661
1989-08-17,0.0,389.11,29.0,18.15,2091.7,0.022594794728434505
1989-08-18,0.0,381.39,29.65,19.0,2199.77,0.02564814536741214
1989-08-19,0.0,388.56,32.59,21.15,2503.24,0.09160051916932907
1989-08-20,7.0,405.84,32.72,19.5,2280.0,2.876256301916933
1989-08-21,2.74,301.78,30.92,21.98,2636.58,0.30533506389776355
1989-08-22,11.45,242.15,30.5,21.74,2598.9,0.09160051916932907
1989-08-23,16.53,283.55,31.31,20.57,2411.82,0.8305113738019169
1989-08-24,0.0,393.28,33.32,21.5,2560.0,0.23205464856230032
1989-08-25,0.0,388.67,33.51,21.78,2605.34,0.07938711661341853
1989-08-26,0.0,398.96,35.5,22.72,2755.62,0.047632269968051116
1989-08-27,0.0,400.72,35.45,22.55,2727.67,0.03541886741214057
1989-08-28,12.71,310.42,34.84,21.41,2546.19,0.03480819728434505
1989-08-29,34.59,285.11,31.71,20.56,2408.87,4.689946581469648
1989-08-30,5.49,215.06,27.16,19.81,2306.04,4.818187308306709
1989-08-31,0.0,381.92,33.04,21.57,2570.74,0.7999778674121405
1989-09-01,1.53,299.36,32.15,22.76,2760.92,0.24426805111821087
1989-09-02,11.46,204.29,28.5,21.36,2537.72,0.47632269968051116
1989-09-03,0.0,340.87,30.47,21.0,2480.0,0.2992283626198083
1989-09-04,14.67,249.06,28.91,20.01,2322.25,0.15266753194888177
1989-09-05,44.6,219.44,28.0,20.47,2394.66,6.717371405750799
1989-09-06,5.59,323.37,31.52,21.0,2480.0,7.450175559105431
1989-09-07,0.0,373.03,32.93,21.99,2637.65,0.4030422843450479
1989-09-08,0.0,381.69,33.43,22.04,2646.25,0.1954144408945687
1989-09-09,45.23,352.97,30.44,14.49,1645.83,15.449954233226837
1989-09-10,0.0,400.03,22.05,11.71,1376.73,12.213402555910543
1989-09-11,0.0,315.26,21.73,14.19,1621.16,0.7755510623003196
1989-09-12,0.0,365.78,18.8,9.85,1227.74,0.4518958945686901
1989-09-13,30.94,122.18,11.42,8.01,1080.49,9.037917891373802
1989-09-14,16.24,181.7,14.06,8.78,1142.06,7.999778674121405
1989-09-15,0.0,446.73,20.14,7.5,1040.0,0.8305113738019169
1989-09-16,0.0,463.18,25.0,10.06,1245.18,0.4030422843450479
1989-09-17,0.0,449.61,28.85,13.55,1560.88,0.2748015575079872
1989-09-18,0.0,402.42,28.02,15.72,1777.68,0.2137345447284345
1989-09-19,0.0,412.76,27.5,14.66,1665.49,0.17709433706070285
1989-09-20,0.0,421.82,27.1,13.56,1564.89,0.1465608306709265
1989-09-21,0.0,414.93,27.74,14.19,1614.82,0.13434742811501596
1989-09-22,0.0,436.45,26.52,11.52,1361.49,0.11602732428115016
1989-09-23,0.0,474.21,22.17,4.34,826.84,0.10381392172523961
1989-09-24,0.0,477.19,18.06,0.35,627.91,0.09770722044728435
1989-09-25,0.0,474.91,22.77,3.49,788.62,0.09160051916932907
1989-09-26,0.0,454.2,24.51,6.78,982.08,0.09160051916932907
1989-09-27,0.0,452.21,24.0,6.12,929.66,0.0854938178913738
1989-09-28,0.0,459.89,26.08,5.99,928.42,0.07938711661341853
1989-09-29,0.0,446.65,27.98,8.17,1093.55,0.07328041533546326
1989-09-30,0.0,435.18,28.5,9.25,1180.26,0.07328041533546326
1989-10-01,0.0,424.9,31.88,11.95,1395.91,0.06717371405750798
1989-10-02,0.0,418.85,30.4,10.94,1315.22,0.057402992012779555
1989-10-03,0.0,338.96,20.52,8.21,1096.46,0.05618165175718849
1989-10-04,0.0,378.78,23.68,8.34,1107.43,0.05679232188498403
1989-10-05,0.0,297.69,25.6,14.19,1615.62,0.05923500239616612
1989-10-06,5.77,229.78,23.87,12.37,1429.49,0.06106701277955272
1989-10-07,0.0,379.83,22.23,6.24,939.02,0.06106701277955272
1989-10-08,0.0,400.19,24.03,5.51,920.0,0.05679232188498403
1989-10-09,0.0,375.09,26.05,9.0,1160.0,0.05679232188498403
1989-10-10,0.0,392.4,26.02,6.99,999.54,0.05496031150159744
1989-10-11,0.0,385.89,30.81,10.43,1274.49,0.05373897124600639
1989-10-12,0.0,385.46,31.6,10.37,1269.87,0.0494642803514377
1989-10-13,0.0,345.66,30.0,12.25,1420.18,0.0494642803514377
1989-10-14,0.0,333.48,31.28,13.74,1578.94,0.04885361022364217
1989-10-15,0.0,268.33,30.18,16.97,1917.28,0.047632269968051116
1989-10-16,0.0,363.6,27.57,7.66,1053.07,0.043968249201277954
1989-10-17,0.0,184.19,13.0,5.38,908.61,0.0427469089456869
1989-10-18,0.0,261.52,11.72,0.44,635.51,0.04518958945686901
1989-10-19,0.0,311.55,10.79,-3.41,480.0,0.044578919329073485
1989-10-20,0.0,389.53,18.72,-4.14,440.0,0.04518958945686901
1989-10-21,0.0,364.29,22.95,2.03,720.0,0.04824294009584664
1989-10-22,0.0,337.58,25.24,6.28,942.29,0.05007495047923322
1989-10-23,0.0,338.22,27.07,7.33,1026.47,0.05007495047923322
1989-10-24,0.0,299.84,27.5,10.85,1307.85,0.05007495047923322
1989-10-25,0.0,260.51,28.0,14.0,1600.07,0.04824294009584664
1989-10-26,0.0,227.42,25.97,14.26,1620.95,0.04702159984025559
1989-10-27,1.44,155.12,23.99,15.48,1756.89,0.047632269968051116
1989-10-28,0.0,172.85,22.78,14.42,1633.93,0.0494642803514377
1989-10-29,8.51,116.31,21.01,13.74,1579.31,0.09770722044728435
1989-10-30,3.56,273.05,17.47,3.2,776.39,0.07328041533546326
1989-10-31,0.0,312.96,14.56,-1.5,560.0,0.05679232188498403
1989-11-01,0.0,215.78,11.75,2.15,720.0,0.050685620607028754
1989-11-02,0.0,308.5,10.78,-4.89,432.71,0.05679232188498403
1989-11-03,0.0,321.43,15.68,-2.0,520.0,0.04702159984025559
1989-11-04,0.0,295.55,18.77,2.83,746.45,0.04641092971246006
1989-11-05,0.0,267.3,20.5,6.34,947.48,0.045800259584664535
1989-11-06,0.0,300.01,20.63,3.51,792.77,0.04641092971246006
1989-11-07,0.0,306.37,19.11,1.31,664.79,0.04641092971246006
1989-11-08,0.0,239.83,15.7,3.57,800.0,0.045800259584664535
1989-11-09,0.0,313.1,20.5,1.26,660.65,0.04641092971246006
1989-11-10,0.0,295.69,22.88,5.0,880.0,0.04641092971246006
1989-11-11,0.0,300.65,26.5,7.01,1000.5,0.04702159984025559
1989-11-12,0.0,305.55,26.0,5.57,911.34,0.04702159984025559
1989-11-13,0.0,211.52,23.51,11.97,1397.69,0.04885361022364217
1989-11-14,0.0,272.71,21.62,5.44,900.61,0.047632269968051116
1989-11-15,0.0,253.85,15.56,1.71,696.95,0.045800259584664535
1989-11-16,0.0,263.72,6.59,-7.76,339.11,0.044578919329073485
1989-11-17,0.0,297.67,14.56,-4.46,440.0,0.044578919329073485
1989-11-18,0.0,278.86,15.64,-1.61,551.15,0.044578919329073485
1989-11-19,0.0,257.57,18.06,2.74,742.44,0.04518958945686901
1989-11-20,0.0,270.84,22.07,4.69,855.57,0.04641092971246006
1989-11-21,0.0,269.27,17.86,1.16,652.51,0.043968249201277954
1989-11-22,0.0,201.28,10.55,0.02,601.48,0.043968249201277954
1989-11-23,0.0,277.34,7.79,-8.96,320.0,0.0427469089456869
1989-11-24,0.0,239.79,12.51,-1.09,560.0,0.04335757907348242
1989-11-25,0.0,202.96,13.61,2.57,730.48,0.045800259584664535
1989-11-26,0.0,275.5,15.74,-2.5,520.0,0.05007495047923322
1989-11-27,0.0,199.48,13.38,2.17,720.0,0.0494642803514377
1989-11-28,0.0,253.66,6.99,-8.61,320.0,0.04641092971246006
1989-11-29,0.0,283.28,10.93,-9.15,305.89,0.04641092971246006
1989-11-30,0.0,281.19,15.56,-5.13,426.14,0.04824294009584664
1989-12-01,0.0,276.19,16.5,-4.16,440.0,0.0494642803514377
1989-12-02,0.0,231.18,11.46,-3.29,480.0,0.0494642803514377
1989-12-03,0.0,258.15,7.06,-10.4,280.0,0.047632269968051116
1989-12-04,0.0,279.74,18.61,-4.0,440.0,0.051906960862619804
1989-12-05,0.0,265.82,21.0,0.11,616.63,0.05373897124600639
1989-12-06,0.0,196.03,14.03,1.59,686.16,0.05251763099041533
1989-12-07,8.59,115.92,4.49,-4.49,440.0,0.05923500239616612
1989-12-08,4.1,180.7,-0.25,-11.91,240.0,0.057402992012779555
1989-12-09,0.0,240.51,5.81,-8.74,320.0,0.05679232188498403
1989-12-10,0.0,204.95,6.83,-4.87,440.0,0.05923500239616612
1989-12-11,0.0,209.8,0.25,-11.46,243.5,0.04518958945686901
1989-12-12,0.0,264.56,0.74,-15.83,173.31,0.04518958945686901
1989-12-13,0.0,203.6,3.72,-7.6,347.52,0.0494642803514377
1989-12-14,0.0,214.07,1.46,-10.45,245.64,0.047632269968051116
1989-12-15,0.0,289.24,-2.7,-22.95,83.92,0.03664020766773163
1989-12-16,0.0,211.61,-8.5,-20.2,120.0,0.029312166134185302
1989-12-17,1.81,174.51,-4.16,-12.71,234.32,0.029312166134185302
1989-12-18,0.0,184.95,-3.5,-12.5,235.39,0.03236551677316293
1989-12-19,0.0,164.73,-4.0,-11.77,241.91,0.0360295375399361
1989-12-20,0.0,250.51,-0.94,-14.01,180.26,0.03664020766773163
1989-12-21,0.0,272.98,-4.43,-19.35,120.0,0.03480819728434505
1989-12-22,0.0,199.93,-16.97,-26.4,80.0,0.03175484664536741
1989-12-23,0.0,269.96,-11.12,-25.51,80.0,0.03053350638977636
1989-12-24,0.0,310.42,8.43,-12.0,169.38,0.029312166134185302
1989-12-25,0.0,289.11,11.85,-5.64,263.57,0.03053350638977636
1989-12-26,0.0,274.28,11.28,-4.39,304.43,0.03725087779552715
1989-12-27,0.0,261.19,13.98,-2.17,355.7,0.040304228434504784
1989-12-28,0.0,241.41,13.85,-0.27,433.32,0.04885361022364217
1989-12-29,0.0,198.82,10.31,-0.23,498.99,0.05679232188498403
1989-12-30,0.0,69.4,0.93,-2.04,520.0,0.05618165175718849
1989-12-31,0.0,233.29,5.5,-6.5,309.85,0.05129629073482428
1990-01-01,0.0,299.2,6.61,-10.95,280.0,0.045800259584664535
1990-01-02,0.0,264.77,12.0,-2.21,520.21,0.04885361022364217
1990-01-03,0.0,185.94,12.31,2.24,720.0,0.07328041533546326
1990-01-04,5.58,167.7,8.96,-3.64,468.64,0.09160051916932907
1990-01-05,0.0,258.85,8.89,-7.0,360.0,0.07938711661341853
1990-01-06,0.0,256.64,9.14,-6.4,368.15,0.0854938178913738
1990-01-07,0.0,269.98,10.97,-6.21,383.28,0.07328041533546326
1990-01-08,0.0,279.01,14.41,-4.26,439.97,0.07328041533546326
1990-01-09,0.0,230.09,15.63,2.43,729.45,0.07328041533546326
1990-01-10,0.0,287.51,20.25,-0.47,552.43,0.06717371405750798
1990-01-11,0.0,236.38,16.02,2.51,720.96,0.06106701277955272
1990-01-12,0.0,227.32,7.05,-5.0,440.0,0.05434964137380192
1990-01-13,0.0,271.62,7.98,-8.02,331.93,0.05007495047923322
1990-01-14,0.0,286.57,19.04,-0.13,561.03,0.0494642803514377
1990-01-15,0.0,284.01,20.0,1.42,631.22,0.05557098162939297
1990-01-16,0.0,187.17,19.02,9.18,1174.02,0.15877423322683706
1990-01-17,24.03,149.39,15.63,5.38,908.5,2.6869485623003193
1990-01-18,0.0,202.66,8.95,-1.04,564.18,0.2748015575079872
1990-01-19,19.46,47.08,1.81,-0.61,590.7,2.6625217571884985
1990-01-20,8.47,94.78,2.6,-2.5,520.0,3.615167156549521
1990-01-21,0.0,263.49,8.59,-5.3,415.78,0.42136238817891375
1990-01-22,0.0,287.55,12.91,-3.5,480.0,0.20762784345047922
1990-01-23,0.0,257.3,13.97,0.5,640.0,0.15877423322683706
1990-01-24,0.0,252.45,11.22,-1.5,560.0,0.1282407268370607
1990-01-25,0.0,256.78,8.67,-4.09,440.0,0.10381392172523961
1990-01-26,0.0,288.94,12.6,-3.0,480.0,0.09160051916932907
1990-01-27,0.0,228.39,11.54,0.72,640.0,0.0854938178913738
1990-01-28,0.0,309.39,8.94,-7.99,320.5,0.07938711661341853
1990-01-29,0.0,319.58,12.09,-6.24,381.18,0.07328041533546326
1990-01-30,0.0,295.66,12.82,-2.58,504.35,0.07328041533546326
1990-01-31,0.0,301.61,16.03,0.0,600.0,0.06717371405750798
1990-02-01,0.98,276.19,13.67,-1.58,546.72,0.07938711661341853
1990-02-02,5.91,74.61,-1.03,-4.82,435.66,0.0854938178913738
1990-02-03,3.8,93.03,-0.61,-5.29,416.44,0.07938711661341853
1990-02-04,1.92,300.96,7.56,-9.85,280.0,0.07328041533546326
1990-02-05,0.0,328.57,13.02,-1.58,549.39,0.07938711661341853
1990-02-06,2.86,242.8,13.5,1.29,663.51,0.0854938178913738
1990-02-07,0.0,359.2,18.98,-2.0,503.45,0.07938711661341853
1990-02-08,0.0,284.62,16.92,4.24,810.11,0.07938711661341853
1990-02-09,0.0,312.75,14.61,0.55,627.58,0.07328041533546326
1990-02-10,0.0,351.21,16.05,-1.73,506.64,0.06717371405750798
1990-02-11,0.0,359.69,20.65,1.23,605.96,0.06717371405750798
1990-02-12,0.0,345.97,22.49,4.79,777.8,0.06106701277955272
1990-02-13,0.0,362.3,20.46,1.52,613.63,0.06106701277955272
1990-02-14,0.0,256.88,3.05,-6.54,360.99,0.058624332268370605
1990-02-15,13.55,106.58,-2.21,-6.42,368.54,0.06717371405750798
1990-02-16,0.0,292.98,0.58,-8.81,320.0,0.06717371405750798
1990-02-17,0.0,378.17,6.56,-7.15,359.84,0.06717371405750798
1990-02-18,0.0,386.94,13.18,-1.78,521.67,0.06717371405750798
1990-02-19,0.0,380.59,12.1,-2.43,505.51,0.07328041533546326
1990-02-20,0.0,346.24,10.82,-1.51,553.42,0.07328041533546326
1990-02-21,2.84,229.97,8.95,0.59,640.0,0.07938711661341853
1990-02-22,25.18,182.61,9.18,1.56,685.15,1.1602732428115015
1990-02-23,3.08,328.15,16.64,-1.5,556.57,1.5633155271565495
1990-02-24,0.0,339.42,14.01,0.54,640.0,0.32976186900958465
1990-02-25,0.0,321.28,8.94,-2.93,485.8,0.17709433706070285
1990-02-26,0.0,393.18,15.36,-2.03,526.25,0.14045412939297125
1990-02-27,0.0,313.58,13.14,1.65,692.03,0.1282407268370607
1990-02-28,14.79,160.23,4.27,-2.5,520.0,0.23205464856230032
1990-03-01,0.0,364.31,4.19,-8.86,318.8,0.23816134984025558
1990-03-02,0.0,409.4,10.03,-6.46,373.82,0.3908288817891374
1990-03-03,0.0,389.65,12.96,-1.97,528.69,1.190806749201278
1990-03-04,0.0,368.29,16.04,2.16,720.0,1.8625438897763578
1990-03-05,0.0,330.8,16.26,4.36,828.53,0.5007495047923322
1990-03-06,10.27,148.73,13.87,7.59,1047.06,1.5877423322683706
1990-03-07,24.07,151.73,15.81,9.47,1197.42,13.007273722044726
1990-03-08,0.0,378.79,17.53,3.79,797.92,3.7311944808306707
1990-03-09,0.0,406.96,22.55,6.54,963.46,0.6534170367412141
1990-03-10,0.0,240.76,23.71,15.84,1787.32,0.40914898562300317
1990-03-11,10.55,115.68,18.72,14.18,1614.69,3.2548717811501597
1990-03-12,3.81,299.86,22.98,11.09,1327.23,2.47932071884984
1990-03-13,0.0,285.38,23.29,14.57,1651.71,0.519069608626198
1990-03-14,17.74,316.66,20.13,5.57,920.0,8.854716853035143
1990-03-15,2.44,301.92,12.8,3.5,800.0,1.6182758386581468
1990-03-16,0.0,388.91,13.99,2.5,720.0,0.4824294009584665
1990-03-17,0.0,440.74,16.24,1.41,672.94,0.32365516773162933
1990-03-18,0.0,351.12,14.93,4.86,868.53,0.2686948562300319
1990-03-19,0.0,446.41,11.89,-2.54,516.99,0.23205464856230032
1990-03-20,0.0,468.06,16.46,-0.06,600.0,0.20762784345047922
1990-03-21,0.0,432.31,20.79,6.5,960.0,0.1893077396166134
1990-03-22,0.0,408.95,20.29,7.5,1040.0,0.18320103833865814
1990-03-23,0.0,500.66,16.98,-2.71,502.39,0.16488093450479233
1990-03-24,2.86,218.28,1.0,-5.5,400.0,0.16488093450479233
1990-03-25,0.0,338.43,4.72,-4.02,440.0,0.15877423322683706
1990-03-26,0.0,435.58,10.77,-2.0,520.0,0.15877423322683706
1990-03-27,0.0,420.4,11.99,-0.01,600.0,0.15266753194888177
1990-03-28,1.68,223.5,9.39,4.08,806.16,0.15877423322683706
1990-03-29,2.89,114.28,8.95,5.67,920.0,0.16488093450479233
1990-03-30,5.85,105.81,8.35,5.3,903.66,0.17709433706070285
1990-03-31,2.0,380.82,11.9,2.49,720.0,0.18320103833865814
1990-04-01,0.0,492.75,20.08,4.42,833.67,0.17709433706070285
1990-04-02,0.0,511.61,18.97,2.01,719.92,0.15877423322683706
1990-04-03,0.0,511.12,17.6,1.06,648.82,0.14045412939297125
1990-04-04,0.0,491.72,21.0,5.5,917.7,0.13434742811501596
1990-04-05,0.0,506.81,18.68,2.18,716.18,0.1282407268370607
1990-04-06,0.04,471.43,11.81,-1.57,554.06,0.12213402555910544
1990-04-07,0.0,508.86,15.65,-0.49,593.37,0.11602732428115016
1990-04-08,0.0,455.88,17.5,4.57,845.24,0.11602732428115016
1990-04-09,0.0,409.79,20.86,9.55,1204.07,0.12213402555910544
1990-04-10,8.11,334.9,20.04,7.07,1005.34,0.1465608306709265
1990-04-11,0.0,460.57,13.08,0.19,614.99,0.1709876357827476
1990-04-12,0.0,377.4,9.71,0.25,619.65,0.12213402555910544
1990-04-13,0.0,396.14,16.08,5.76,920.0,0.12213402555910544
1990-04-14,0.0,525.47,20.57,2.77,735.73,0.11602732428115016
1990-04-15,0.0,441.35,21.53,8.78,1142.48,0.11602732428115016
1990-04-16,0.0,472.16,21.71,7.5,1040.0,0.10992062300319488
1990-04-17,3.98,370.75,18.86,3.79,799.84,0.11602732428115016
1990-04-18,0.0,253.97,11.97,5.99,920.0,0.10992062300319488
1990-04-19,2.59,273.51,14.15,6.49,959.03,0.10992062300319488
1990-04-20,0.0,369.02,21.25,11.87,1389.21,0.11602732428115016
1990-04-21,0.0,470.92,24.97,11.35,1253.37,0.11602732428115016
1990-04-22,0.0,491.44,28.0,12.95,1348.35,0.10992062300319488
1990-04-23,0.0,427.4,28.36,16.17,1738.1,0.10992062300319488
1990-04-24,8.97,324.33,26.29,14.06,1604.99,0.12213402555910544
1990-04-25,2.24,324.37,23.5,14.76,1682.34,0.10992062300319488
1990-04-26,0.41,278.64,21.13,14.5,1640.0,0.10992062300319488
1990-04-27,0.02,357.4,19.07,10.41,1272.91,0.10992062300319488
1990-04-28,1.17,487.01,21.39,4.64,809.81,0.09770722044728435
1990-04-29,0.0,428.54,21.02,9.41,1185.96,0.09160051916932907
1990-04-30,0.0,473.07,15.99,2.99,759.4,0.0854938178913738
1990-05-01,0.0,367.04,15.5,6.5,960.0,0.07938711661341853
1990-05-02,0.0,314.17,13.8,6.53,962.02,0.07328041533546326
1990-05-03,10.72,229.27,15.91,8.94,1155.53,0.09770722044728435
1990-05-04,0.02,405.72,17.71,8.0,1080.0,0.10381392172523961
1990-05-05,0.0,502.94,19.21,5.78,886.59,0.10992062300319488
1990-05-06,0.0,546.98,22.21,5.71,835.51,0.10381392172523961
1990-05-07,0.0,518.16,25.55,10.46,1144.9,0.09160051916932907
1990-05-08,0.0,453.04,26.55,14.43,1537.54,0.07938711661341853
1990-05-09,0.0,505.48,24.46,10.3,1138.71,0.07328041533546326
1990-05-10,0.0,524.78,18.51,4.09,767.12,0.06717371405750798
1990-05-11,0.0,359.2,18.18,9.95,1235.62,0.06717371405750798
1990-05-12,7.07,241.39,18.73,11.5,1360.0,0.07938711661341853
1990-05-13,0.0,544.02,22.53,6.5,879.32,0.07328041533546326
1990-05-14,0.0,442.44,26.78,15.24,1646.85,0.07938711661341853
1990-05-15,8.64,329.03,30.53,18.34,2106.89,0.07328041533546326
1990-05-16,0.34,439.02,27.63,16.16,1776.48,0.06717371405750798
1990-05-17,0.0,565.89,24.5,6.82,857.95,0.058624332268370605
1990-05-18,4.03,303.3,22.55,12.98,1475.95,0.06717371405750798
1990-05-19,1.67,394.09,26.53,15.19,1673.67,0.06717371405750798
1990-05-20,0.0,467.25,26.77,14.09,1500.58,0.05984567252396167
1990-05-21,0.0,487.63,24.7,11.5,1257.83,0.05557098162939297
1990-05-22,0.0,517.19,25.77,11.0,1185.52,0.05496031150159744
1990-05-23,0.94,444.24,27.71,14.44,1551.62,0.051906960862619804
1990-05-24,0.0,456.78,28.88,16.5,1631.13,0.05251763099041533
1990-05-25,0.0,428.18,31.08,19.34,1965.58,0.050685620607028754
1990-05-26,1.95,346.01,28.93,19.0,2071.89,0.051906960862619804
1990-05-27,0.0,317.75,24.1,16.4,1854.94,0.05312830111821086
1990-05-28,0.0,472.56,24.93,12.51,1261.17,0.04824294009584664
1990-05-29,0.0,471.94,24.56,12.18,1242.12,0.047632269968051116
1990-05-30,12.44,162.68,20.84,16.0,1800.0,0.05923500239616612
1990-05-31,4.86,271.46,24.41,15.71,1777.08,0.05679232188498403
1990-06-01,0.0,312.08,26.5,18.96,2184.81,0.05496031150159744
1990-06-02,0.0,445.33,26.48,14.98,1513.74,0.05007495047923322
1990-06-03,0.0,530.88,27.09,11.5,1111.58,0.047632269968051116
1990-06-04,0.0,557.04,28.54,10.72,1018.22,0.045800259584664535
1990-06-05,0.0,517.66,33.28,17.17,1507.76,0.04091489856230032
1990-06-06,0.0,434.92,34.77,22.48,2073.67,0.03908288817891374
1990-06-07,0.0,447.54,35.0,22.18,2002.89,0.037861547923322685
1990-06-08,6.23,385.85,35.1,21.81,2135.5,0.032976186900958465
1990-06-09,5.26,358.34,34.01,21.97,2291.63,0.03236551677316293
1990-06-10,0.02,389.01,32.32,21.93,2164.44,0.03114417651757188
1990-06-11,0.0,455.4,34.0,21.0,1827.48,0.029312166134185302
1990-06-12,0.0,432.8,35.31,23.0,2113.96,0.02564814536741214
1990-06-13,0.0,406.97,35.72,24.45,2174.61,0.026258815495207664
1990-06-14,0.0,464.0,36.39,23.01,1777.29,0.02503747523961661
1990-06-15,0.0,511.22,36.89,21.12,1456.17,0.02320546485623003
1990-06-16,0.0,467.23,35.55,22.21,1692.77,0.01954144408945687
1990-06-17,0.0,448.41,35.32,22.66,1797.21,0.018930773961661342
1990-06-18,0.0,449.78,37.08,24.0,1924.61,0.017709433706070286
1990-06-19,0.0,481.98,39.05,24.12,1813.68,0.01526675319488818
1990-06-20,9.36,386.8,36.29,19.42,1625.74,0.012213402555910543
1990-06-21,0.0,503.38,32.72,17.82,1323.29,0.011602732428115015
1990-06-22,9.24,386.32,29.96,14.39,1289.88,0.020762784345047924
1990-06-23,0.0,538.65,30.58,13.8,1031.94,0.014045412939297123
1990-06-24,0.0,482.99,32.21,17.99,1437.01,0.014656083067092651
1990-06-25,0.0,510.88,35.85,19.32,1467.4,0.015877423322683704
1990-06-26,0.0,430.71,36.14,22.99,2061.05,0.013434742811501598
1990-06-27,0.0,406.11,35.65,23.5,2189.48,0.014045412939297123
1990-06-28,0.0,442.99,37.96,23.98,2078.63,0.010992062300319488
1990-06-29,0.0,450.01,39.02,24.38,2020.43,0.009770722044728435
1990-06-30,0.0,499.97,38.77,21.66,1561.48,0.008549381789137379
1990-07-01,0.0,499.75,39.56,21.98,1583.19,0.007328041533546326
1990-07-02,0.0,500.3,40.43,22.38,1614.45,0.004641092971246006
1990-07-03,0.0,483.78,40.5,23.27,1752.58,0.0028701496006389776
1990-07-04,0.0,481.69,40.6,23.46,1779.72,0.002442680511182109
1990-07-05,0.0,484.69,39.54,22.5,1681.47,0.0021373454472843447
1990-07-06,0.0,449.5,38.15,23.0,1851.64,0.0021373454472843447
1990-07-07,0.0,412.46,37.59,24.0,2095.38,0.0017709433706070287
1990-07-08,0.0,405.49,37.46,24.15,2142.05,0.0017709433706070287
1990-07-09,0.0,365.44,37.4,25.46,2470.81,0.0017709433706070287
1990-07-10,0.0,407.9,38.47,24.93,2110.42,0.0017709433706070287
1990-07-11,0.0,394.35,34.58,22.2,1873.43,0.002442680511182109
1990-07-12,0.0,394.87,28.49,16.86,1397.92,0.0028701496006389776
1990-07-13,0.0,418.92,25.5,13.29,1097.16,0.0021373454472843447
1990-07-14,0.0,530.98,27.5,9.78,718.68,0.0017709433706070287
1990-07-15,0.0,514.87,31.0,13.71,924.44,0.001465608306709265
1990-07-16,0.0,431.69,32.0,18.44,1424.99,0.0013434742811501597
1990-07-17,0.0,407.35,32.71,20.0,1582.69,0.002320546485623003
1990-07-18,0.0,382.48,32.28,20.5,1712.36,0.001526675319488818
1990-07-19,0.0,434.33,34.24,20.37,1502.89,0.001465608306709265
1990-07-20,0.0,388.17,34.0,21.94,1801.17,0.2686948562300319
1990-07-21,25.12,237.32,29.99,20.51,2194.13,0.040304228434504784
1990-07-22,5.57,245.41,27.26,17.7,2002.89,0.015877423322683704
1990-07-23,0.0,431.03,29.0,16.03,1440.64,0.008549381789137379
1990-07-24,0.0,402.82,31.68,19.5,1758.6,0.0060456342651757184
1990-07-25,0.0,370.22,32.08,21.06,2005.1,0.004763226996805111
1990-07-26,0.0,416.26,34.23,21.29,1878.9,0.003236551677316294
1990-07-27,3.42,291.37,35.49,22.9,2477.7,0.003236551677316294
1990-07-28,5.43,314.68,33.96,20.48,2097.23,0.00293121661341853
1990-07-29,10.11,319.25,33.11,19.5,2012.48,0.011602732428115015
1990-07-30,9.52,280.64,31.29,19.96,2255.84,0.07328041533546326
1990-07-31,13.99,260.24,28.93,19.01,2198.63,0.017098763578274757
1990-08-01,0.0,470.44,31.03,16.28,1561.02,0.005557098162939297
1990-08-02,0.0,422.49,33.37,20.39,2029.34,0.0037250877795527155
1990-08-03,14.71,270.79,32.13,21.38,2533.46,0.010381392172523962
1990-08-04,1.47,379.98,31.52,19.0,2050.64,0.006717371405750799
1990-08-05,0.0,430.92,29.5,17.0,1741.72,0.004885361022364218
1990-08-06,0.0,472.98,27.49,13.5,1353.98,0.003053350638977636
1990-08-07,0.0,462.98,27.67,14.05,1417.81,0.002442680511182109
1990-08-08,0.0,507.52,31.8,14.82,1399.36,0.0021984124600638974
1990-08-09,0.0,448.65,33.11,18.9,1906.27,0.0020762784345047924
1990-08-10,0.0,453.18,35.02,20.03,2023.81,0.0021373454472843447
1990-08-11,21.7,311.39,31.41,18.5,2105.72,0.03664020766773163
1990-08-12,4.53,246.59,28.77,19.42,2265.88,0.026869485623003196
1990-08-13,1.14,312.76,27.86,18.5,2120.0,0.02137345447284345
1990-08-14,0.0,410.56,30.51,18.4,1999.51,0.04213623881789137
1990-08-15,4.35,244.74,29.0,19.99,2321.21,0.03175484664536741
1990-08-16,9.53,290.76,34.01,21.97,2635.05,0.01526675319488818
1990-08-17,0.0,384.51,35.0,22.91,2713.28,0.009770722044728435
1990-08-18,0.0,385.15,34.5,22.51,2642.81,0.010381392172523962
1990-08-19,0.0,365.92,31.78,21.0,2468.74,0.009770722044728435
1990-08-20,0.0,431.1,33.93,20.0,2193.24,0.00586243322683706
1990-08-21,0.0,417.49,34.72,21.06,2362.61,0.003786154792332268
1990-08-22,0.0,412.33,36.5,22.5,2575.59,0.004885361022364218
1990-08-23,0.0,414.2,36.78,22.5,2570.49,0.003786154792332268
1990-08-24,0.0,405.32,36.38,22.5,2595.61,0.0022594794728434506
1990-08-25,0.0,435.61,38.73,22.47,2499.91,0.0021373454472843447
1990-08-26,0.0,421.16,39.6,23.65,2715.44,0.0022594794728434506
1990-08-27,0.0,440.5,39.5,22.31,2465.28,0.0022594794728434506
1990-08-28,0.0,443.51,40.34,22.45,2478.92,0.0022594794728434506
1990-08-29,0.0,430.32,38.52,22.0,2386.29,0.001893077396166134
1990-08-30,0.0,451.76,39.01,20.81,2147.7,0.001465608306709265
1990-08-31,0.0,440.43,41.0,22.5,2394.44,0.0021984124600638974
1990-09-01,0.0,444.27,40.99,22.0,2317.8,0.001526675319488818
1990-09-02,0.0,430.31,38.3,20.87,2212.54,0.0015877423322683706
1990-09-03,0.0,414.09,36.0,20.0,2147.39,0.0017709433706070287
1990-09-04,0.0,392.89,36.5,21.26,2367.85,0.001954144408945687
1990-09-05,0.0,376.72,37.5,22.66,2608.86,0.0018320103833865814
1990-09-06,0.0,371.36,36.99,22.43,2594.23,0.001465608306709265
1990-09-07,0.0,350.91,35.49,22.27,2594.82,0.0020152114217252396
1990-09-08,0.0,457.88,35.96,16.6,1629.29,0.0022594794728434506
1990-09-09,0.0,439.39,37.53,18.66,1876.88,0.003114417651757188
1990-09-10,0.0,409.31,36.77,19.83,2087.11,0.0023816134984025556
1990-09-11,3.32,373.79,32.03,16.95,1818.45,0.0020762784345047924
1990-09-12,0.0,365.0,30.17,16.5,1817.09,0.0018320103833865814
1990-09-13,0.0,360.37,31.78,17.87,1979.55,0.0026869485623003194
1990-09-14,0.0,336.48,30.89,18.08,2055.5,0.002809082587859425
1990-09-15,0.0,457.93,32.57,11.91,1245.15,0.001893077396166134
1990-09-16,0.0,351.43,31.51,17.5,1955.58,0.0017709433706070287
1990-09-17,0.0,276.69,25.5,15.54,1763.33,0.0017098763578274761
1990-09-18,4.85,259.78,29.6,17.5,2000.0,0.001954144408945687
1990-09-19,0.0,306.56,28.47,16.8,1902.49,0.002320546485623003
1990-09-20,8.48,168.22,26.26,18.13,2090.74,0.0023816134984025556
1990-09-21,20.13,187.69,26.04,17.0,1920.0,0.008549381789137379
1990-09-22,0.0,345.48,25.17,12.19,1415.27,0.0020762784345047924
1990-09-23,0.0,410.48,22.4,6.0,920.0,0.0013434742811501597
1990-09-24,0.0,430.33,25.23,6.66,970.15,0.001465608306709265
1990-09-25,0.0,422.06,31.01,11.5,1324.46,0.0015877423322683706
1990-09-26,0.0,430.72,33.23,11.93,1338.19,0.0018320103833865814
1990-09-27,0.0,395.18,34.38,15.5,1727.3,0.0018320103833865814
1990-09-28,0.63,338.46,29.85,14.78,1685.0,0.0020152114217252396
1990-09-29,8.28,136.86,21.0,14.5,1640.0,0.002442680511182109
1990-09-30,7.73,177.9,20.94,12.5,1440.0,0.003908288817891374
1990-10-01,0.0,353.0,24.5,10.54,1282.85,0.001893077396166134
1990-10-02,0.0,267.57,24.94,15.02,1721.77,0.004335757907348242
1990-10-03,15.59,128.53,21.95,16.0,1800.65,0.017098763578274757
1990-10-04,0.0,376.04,25.9,10.3,1264.14,0.0021373454472843447
1990-10-05,0.0,360.14,30.14,14.48,1638.73,0.0016488093450479234
1990-10-06,0.0,327.8,30.96,17.0,1920.0,0.0013434742811501597
1990-10-07,0.0,407.41,28.96,8.96,1156.52,0.0014045412939297124
1990-10-08,0.0,156.71,12.52,7.4,1032.14,0.003053350638977636
1990-10-09,7.89,120.44,10.06,5.0,880.0,0.003786154792332268
1990-10-10,0.0,383.04,14.54,-0.44,600.0,0.0021373454472843447
1990-10-11,0.0,385.28,20.22,4.07,805.54,0.0017709433706070287
1990-10-12,0.0,348.35,19.5,5.87,920.0,0.0017098763578274761
1990-10-13,0.0,369.51,22.42,6.64,970.95,0.0017098763578274761
1990-10-14,0.0,340.82,23.08,9.0,1160.0,0.0020762784345047924
1990-10-15,0.0,388.39,23.5,5.24,899.0,0.0021984124600638974
1990-10-16,0.0,339.56,28.31,13.01,1481.86,0.001954144408945687
1990-10-17,0.0,303.87,26.28,13.4,1536.34,0.0020152114217252396
1990-10-18,0.0,373.96,18.0,1.0,640.0,0.0018320103833865814
1990-10-19,0.0,354.25,21.16,5.06,884.62,0.0018320103833865814
1990-10-20,0.0,305.26,22.56,9.33,1186.73,0.0021373454472843447
1990-10-21,0.0,338.44,17.15,2.0,719.99,0.002442680511182109
1990-10-22,0.0,370.59,18.15,-0.49,588.07,0.002748015575079872
1990-10-23,0.0,365.15,21.0,2.0,719.74,0.003053350638977636
1990-10-24,0.0,312.07,18.52,4.46,836.83,0.0033586857028753995
1990-10-25,0.0,362.2,19.66,0.8,644.0,0.003664020766773163
1990-10-26,0.0,349.76,24.09,5.44,915.25,0.003969355830670926
1990-10-27,0.0,327.96,23.91,7.32,1025.43,0.004274690894568689
1990-10-28,0.0,357.15,21.82,2.01,720.0,0.0045800259584664535
1990-10-29,0.0,323.39,25.39,7.93,1074.75,0.004885361022364218
1990-10-30,0.0,283.87,27.0,12.2,1415.61,0.005190696086261981
1990-10-31,0.0,297.56,27.0,10.9,1312.22,0.005496031150159744
1990-11-01,0.0,262.93,27.74,13.83,1585.56,0.005496031150159744
1990-11-02,0.0,182.33,24.96,15.97,1797.28,0.005496031150159744
1990-11-03,0.61,301.62,20.5,4.05,803.97,0.04091489856230032
1990-11-04,34.45,64.31,3.97,0.63,640.0,0.037861547923322685
1990-11-05,0.11,263.92,10.0,-2.41,520.0,0.011602732428115015
1990-11-06,0.0,205.75,11.88,2.75,740.2,0.01526675319488818
1990-11-07,0.0,225.82,8.28,-1.96,527.42,0.018930773961661342
1990-11-08,6.0,105.93,6.78,0.72,640.0,0.018320103833865814
1990-11-09,5.0,191.9,13.0,0.51,640.0,0.01526675319488818
1990-11-10,0.0,301.14,18.91,1.82,705.95,0.011602732428115015
1990-11-11,0.0,313.18,23.27,3.33,786.46,0.010992062300319488
1990-11-12,0.0,298.78,23.0,4.67,853.98,0.010381392172523962
1990-11-13,0.0,284.78,22.95,5.87,920.0,0.010381392172523962
1990-11-14,0.0,255.26,22.0,7.63,1050.42,0.009770722044728435
1990-11-15,0.0,218.59,21.82,10.13,1250.03,0.009770722044728435
1990-11-16,0.0,229.42,18.0,5.84,920.05,0.009770722044728435
1990-11-17,0.0,261.24,13.87,-0.31,598.94,0.008549381789137379
1990-11-18,0.0,229.5,15.78,3.77,800.0,0.008549381789137379
1990-11-19,0.0,244.07,16.07,2.8,746.37,0.008549381789137379
1990-11-20,0.0,159.91,19.16,11.0,1320.0,0.009770722044728435
1990-11-21,0.0,213.85,21.25,9.77,1221.77,0.013434742811501598
1990-11-22,0.0,290.13,17.83,-0.5,600.0,0.010992062300319488
1990-11-23,0.0,272.52,18.66,2.13,715.21,0.010992062300319488
1990-11-24,0.0,277.0,21.78,4.0,800.0,0.011602732428115015
1990-11-25,0.0,284.83,22.46,3.01,760.7,0.012213402555910543
1990-11-26,0.0,224.13,22.46,9.6,1208.3,0.012213402555910543
1990-11-27,0.0,297.15,20.53,-1.38,560.0,0.013434742811501598
1990-11-28,0.0,257.24,8.59,-6.0,400.0,0.012213402555910543
1990-11-29,0.0,276.45,11.21,-5.98,400.0,0.011602732428115015
1990-11-30,0.0,240.01,14.13,0.49,639.29,0.011602732428115015
1990-12-01,0.0,196.94,12.59,2.24,720.0,0.01282407268370607
1990-12-02,0.0,199.27,10.98,0.49,639.3,0.012213402555910543
1990-12-03,0.0,194.89,6.93,-3.0,480.0,0.014045412939297123
1990-12-04,0.0,265.13,9.53,-7.0,360.0,0.012213402555910543
1990-12-05,0.0,248.78,14.09,-1.24,560.0,0.014045412939297123
1990-12-06,0.0,194.9,10.46,-0.17,604.57,0.014656083067092651
1990-12-07,0.0,272.29,10.91,-7.68,341.6,0.014045412939297123
1990-12-08,0.0,269.36,15.9,-3.5,480.0,0.014656083067092651
1990-12-09,0.0,263.37,17.66,-1.47,558.05,0.014656083067092651
1990-12-10,0.0,263.5,17.36,-1.81,534.91,0.015877423322683704
1990-12-11,0.0,242.7,16.72,0.33,622.87,0.016488093450479233
1990-12-12,0.0,234.42,14.2,-0.92,570.44,0.015877423322683704
1990-12-13,0.0,150.34,8.23,0.0,600.0,0.015877423322683704
1990-12-14,0.03,161.3,7.56,-1.24,559.27,0.015877423322683704
1990-12-15,0.0,184.96,8.92,-1.47,559.77,0.016488093450479233
1990-12-16,0.0,134.25,5.59,-1.45,560.0,0.017098763578274757
1990-12-17,11.73,65.84,6.41,2.01,720.0,0.02503747523961661
1990-12-18,0.0,174.75,8.58,-0.81,574.97,0.022594794728434505
1990-12-19,0.0,214.79,10.26,-2.02,525.7,0.022594794728434505
1990-12-20,0.0,257.8,4.93,-11.82,240.08,0.021984124600638977
1990-12-21,0.0,142.21,-11.39,-18.46,160.0,0.020152114217252392
1990-12-22,0.0,82.71,-15.57,-19.35,120.0,0.017709433706070286
1990-12-23,3.41,136.33,-9.6,-17.5,160.0,0.015877423322683704
1990-12-24,0.0,283.48,-1.72,-16.53,160.0,0.01526675319488818
1990-12-25,0.0,274.92,0.01,-13.8,200.0,0.015877423322683704
1990-12-26,0.0,240.05,-0.97,-12.0,240.0,0.016488093450479233
1990-12-27,0.0,216.57,0.23,-9.12,303.0,0.016488093450479233
1990-12-28,0.64,206.45,5.73,-3.1,488.3,0.018320103833865814
1990-12-29,1.04,332.45,8.84,-15.75,179.89,0.021984124600638977
1990-12-30,0.0,196.85,-11.59,-19.53,120.0,0.020152114217252392
1990-12-31,0.0,283.5,-4.01,-17.68,160.0,0.020762784345047924
1991-01-01,0.0,276.64,2.7,-12.04,240.0,0.021984124600638977
1991-01-02,0.0,219.22,0.44,-9.0,319.9,0.016488093450479233
1991-01-03,0.0,230.37,-4.0,-14.0,200.0,0.016488093450479233
1991-01-04,0.0,146.43,-4.06,-9.74,280.0,0.016488093450479233
1991-01-05,1.99,189.91,0.48,-6.32,374.79,0.017709433706070286
1991-01-06,0.0,191.16,-1.64,-8.42,320.23,0.018930773961661342
1991-01-07,0.0,179.85,-3.5,-9.77,282.34,0.018930773961661342
1991-01-08,0.0,160.17,-0.49,-6.0,400.0,0.018930773961661342
1991-01-09,0.0,153.72,-0.5,-5.75,400.0,0.01954144408945687
1991-01-10,8.43,77.35,-1.94,-5.3,416.1,0.02137345447284345
1991-01-11,0.0,166.99,-0.99,-6.64,360.0,0.021984124600638977
1991-01-12,0.0,211.27,-2.38,-9.74,285.26,0.021984124600638977
1991-01-13,0.0,316.59,7.59,-6.67,364.26,0.026258815495207664
1991-01-14,0.0,272.54,7.07,-3.5,474.95,0.02503747523961661
1991-01-15,0.0,222.17,8.62,-0.5,600.0,0.026869485623003196
1991-01-16,0.0,271.99,8.51,-3.94,445.04,0.02564814536741214
1991-01-17,0.0,289.18,10.55,-3.63,467.23,0.02503747523961661
1991-01-18,0.0,301.82,12.5,-3.33,480.0,0.02564814536741214
1991-01-19,0.0,267.83,11.52,-0.39,600.0,0.02503747523961661
1991-01-20,0.0,246.61,7.2,-2.83,493.25,0.024426805111821086
1991-01-21,0.0,274.6,2.04,-9.5,280.0,0.02137345447284345
1991-01-22,0.0,302.0,6.67,-7.48,360.0,0.02137345447284345
1991-01-23,0.0,285.05,8.16,-4.22,440.0,0.021984124600638977
1991-01-24,0.0,287.2,6.51,-5.73,400.0,0.020762784345047924
1991-01-25,0.0,266.73,3.26,-7.24,360.0,0.020762784345047924
1991-01-26,0.91,335.14,1.45,-12.54,240.0,0.017709433706070286
1991-01-27,0.0,313.38,5.0,-7.12,360.0,0.01954144408945687
1991-01-28,0.0,348.5,8.48,-7.02,360.0,0.018320103833865814
1991-01-29,0.0,343.3,4.73,-9.49,281.0,0.018930773961661342
1991-01-30,0.0,381.12,6.62,-14.04,200.0,0.017098763578274757
1991-01-31,0.0,380.03,12.73,-8.21,320.0,0.017098763578274757
1991-02-01,0.0,356.09,16.9,-2.0,520.0,0.018320103833865814
1991-02-02,0.0,337.81,17.5,0.0,600.18,0.018930773961661342
1991-02-03,0.0,314.28,18.53,3.72,796.93,0.020152114217252392
1991-02-04,0.0,286.97,16.79,4.4,841.38,0.02137345447284345
1991-02-05,0.0,334.78,17.0,0.23,618.24,0.020762784345047924
1991-02-06,0.0,354.11,17.53,-2.27,521.08,0.021984124600638977
1991-02-07,0.0,332.55,15.0,-1.41,554.04,0.01954144408945687
1991-02-08,0.0,368.67,16.17,-5.97,390.44,0.018930773961661342
1991-02-09,0.0,342.83,18.2,-0.29,599.03,0.01954144408945687
1991-02-10,0.0,335.21,15.32,-2.0,520.0,0.02137345447284345
1991-02-11,0.0,353.76,19.06,-1.0,569.05,0.018930773961661342
1991-02-12,0.0,352.12,20.46,0.5,640.0,0.018320103833865814
1991-02-13,0.0,304.68,18.49,3.5,800.0,0.02137345447284345
1991-02-14,0.0,321.92,13.48,-2.3,519.47,0.022594794728434505
1991-02-15,0.0,305.14,4.23,-9.61,280.0,0.028090825878594246
1991-02-16,0.0,360.05,13.18,-5.67,378.89,0.017098763578274757
1991-02-17,0.0,301.94,16.39,2.3,692.86,0.017709433706070286
1991-02-18,0.0,269.27,15.52,3.57,774.0,0.023816134984025558
1991-02-19,0.0,321.23,10.2,-4.49,427.85,0.02564814536741214
1991-02-20,0.0,396.29,19.98,-3.14,391.97,0.039693558306709266
1991-02-21,0.0,389.03,22.14,0.0,482.25,0.034197527156549515
1991-02-22,0.0,331.92,17.99,2.04,629.91,0.026258815495207664
1991-02-23,0.0,346.56,19.02,1.96,603.09,0.02320546485623003
1991-02-24,0.0,228.47,9.03,-0.5,600.0,0.02564814536741214
1991-02-25,0.0,298.37,7.35,-5.5,400.0,0.018930773961661342
1991-02-26,0.0,273.7,8.37,-3.06,489.03,0.01954144408945687
1991-02-27,0.0,401.06,17.52,-3.48,385.0,0.020762784345047924
1991-02-28,0.0,369.93,20.53,2.45,591.48,0.02137345447284345
1991-03-01,0.0,332.55,23.08,7.77,877.76,0.02503747523961661
1991-03-02,0.0,369.41,14.58,-2.24,452.53,0.024426805111821086
1991-03-03,0.0,381.58,11.65,-5.69,350.1,0.022594794728434505
1991-03-04,0.0,446.96,24.99,-1.45,381.91,0.021984124600638977
1991-03-05,0.0,378.55,28.47,9.93,900.16,0.02320546485623003
1991-03-06,0.0,421.18,23.85,2.0,509.4,0.026258815495207664
1991-03-07,0.0,382.79,10.4,-6.65,321.41,0.02320546485623003
1991-03-08,0.0,391.64,14.39,-3.29,399.34,0.02320546485623003
1991-03-09,0.0,378.12,15.72,-0.89,474.45,0.020152114217252392
1991-03-10,0.0,402.49,19.3,0.96,502.61,0.018320103833865814
1991-03-11,0.0,311.61,20.71,8.0,918.67,0.018320103833865814
1991-03-12,0.0,316.98,19.5,6.82,851.76,0.020762784345047924
1991-03-13,0.0,206.25,8.36,1.05,644.29,0.024426805111821086
1991-03-14,0.0,339.08,8.29,-4.2,366.44,0.015877423322683704
1991-03-15,0.0,222.78,6.8,-0.76,566.79,0.01526675319488818
1991-03-16,3.39,207.73,9.46,-0.06,595.54,0.02564814536741214
1991-03-17,16.32,142.18,10.86,4.62,849.21,0.043968249201277954
1991-03-18,0.0,451.92,17.5,-1.36,400.82,0.02137345447284345
1991-03-19,0.0,422.87,18.08,1.56,503.89,0.020762784345047924
1991-03-20,0.0,324.4,21.39,9.85,928.18,0.021984124600638977
1991-03-21,0.0,449.66,25.07,7.15,360.63,0.021984124600638977
1991-03-22,0.0,399.47,22.66,8.48,402.12,0.018320103833865814
1991-03-23,0.0,457.61,21.5,4.0,280.0,0.020152114217252392
1991-03-24,0.0,504.61,25.18,2.42,249.59,0.018320103833865814
1991-03-25,0.0,418.14,25.98,11.0,480.0,0.017098763578274757
1991-03-26,0.0,325.02,26.52,15.71,719.36,0.017098763578274757
1991-03-27,0.0,437.79,23.27,7.43,365.54,0.017709433706070286
1991-03-28,0.0,396.07,15.09,1.8,256.23,0.016488093450479233
1991-03-29,3.07,224.95,11.96,2.81,473.95,0.014045412939297123
1991-03-30,0.0,426.19,12.06,-1.97,200.0,0.011602732428115015
1991-03-31,0.0,477.28,18.91,1.62,240.0,0.013434742811501598
1991-04-01,0.0,495.74,23.5,4.52,320.0,0.013434742811501598
1991-04-02,0.0,352.95,20.48,9.69,449.18,0.013434742811501598
1991-04-03,14.72,191.98,17.3,9.95,842.85,0.037861547923322685
1991-04-04,0.0,473.98,21.56,5.7,353.39,0.017709433706070286
1991-04-05,0.0,497.97,26.58,9.0,400.0,0.018320103833865814
1991-04-06,0.0,486.49,27.62,11.01,480.0,0.017098763578274757
1991-04-07,0.0,398.03,26.4,14.5,673.42,0.015877423322683704
1991-04-08,0.0,368.49,24.72,14.17,732.57,0.017709433706070286
1991-04-09,1.13,430.07,21.49,8.96,451.0,0.018930773961661342
1991-04-10,0.0,523.57,20.94,3.05,269.17,0.013434742811501598
1991-04-11,0.0,426.49,24.42,12.05,519.94,0.01282407268370607
1991-04-12,0.0,378.13,25.6,15.0,640.44,0.014656083067092651
1991-04-13,20.02,333.87,22.77,9.53,504.94,0.03480819728434505
1991-04-14,0.0,349.9,16.06,6.5,646.17,0.017098763578274757
1991-04-15,0.0,534.22,22.02,3.16,310.57,0.03175484664536741
1991-04-16,0.0,484.06,27.5,11.5,554.29,0.037861547923322685
1991-04-17,0.0,415.14,26.13,13.67,777.13,0.03358685702875399
1991-04-18,7.58,232.5,20.67,12.04,1145.94,0.02748015575079872
1991-04-19,0.0,336.92,18.0,8.84,818.6,0.01954144408945687
1991-04-20,0.0,288.58,14.49,7.05,823.09,0.017709433706070286
1991-04-21,4.89,159.36,12.32,7.07,1005.37,0.026258815495207664
1991-04-22,8.38,186.51,13.05,7.0,1000.0,0.02320546485623003
1991-04-23,0.0,531.0,21.94,5.5,494.91,0.021984124600638977
1991-04-24,0.0,467.39,19.56,6.84,627.37,0.02748015575079872
1991-04-25,9.37,340.65,19.52,7.12,789.64,0.03236551677316293
1991-04-26,0.0,445.69,25.33,13.13,1000.1,0.021984124600638977
1991-04-27,4.22,408.49,23.98,6.12,676.18,0.03053350638977636
1991-04-28,0.0,477.96,22.5,9.0,765.59,0.14045412939297125
1991-04-29,0.0,484.1,21.36,7.71,702.32,0.10381392172523961
1991-04-30,0.0,473.58,19.37,6.5,669.87,0.04641092971246006
1991-05-01,0.0,559.59,21.48,3.5,468.66,0.028090825878594246
1991-05-02,0.0,534.34,24.5,7.98,638.54,0.02503747523961661
1991-05-03,18.16,323.78,27.0,14.73,1357.21,0.04641092971246006
1991-05-04,0.0,512.95,26.18,10.48,867.58,0.029312166134185302
1991-05-05,7.97,300.97,17.02,6.78,952.78,0.1282407268370607
1991-05-06,0.0,557.26,22.23,4.28,588.85,0.07328041533546326
1991-05-07,0.0,448.6,23.45,11.21,1054.7,0.04152556869009585
1991-05-08,1.23,317.68,19.31,11.48,1286.93,0.03053350638977636
1991-05-09,0.59,334.5,21.18,12.39,1333.51,0.028090825878594246
1991-05-10,0.0,368.18,24.0,14.75,1464.53,0.024426805111821086
1991-05-11,0.0,359.28,26.65,17.5,1733.73,0.020762784345047924
1991-05-12,0.0,372.62,30.39,20.49,2006.72,0.020152114217252392
1991-05-13,0.06,455.17,31.84,18.96,1622.7,0.018320103833865814
1991-05-14,0.0,404.87,30.48,19.58,1815.47,0.016488093450479233
1991-05-15,0.0,398.57,27.59,17.46,1624.65,0.014656083067092651
1991-05-16,4.32,328.05,28.57,16.9,1714.09,0.015877423322683704
1991-05-17,0.0,541.66,29.56,13.0,1026.34,0.014656083067092651
1991-05-18,0.0,487.25,29.37,15.68,1304.77,0.010992062300319488
1991-05-19,0.0,422.84,27.23,16.21,1482.75,0.009770722044728435
1991-05-20,9.25,212.82,24.51,17.57,2010.45,0.020152114217252392
1991-05-21,6.87,220.1,26.5,19.08,2213.33,0.02564814536741214
1991-05-22,0.0,298.4,27.31,19.69,2241.33,0.020152114217252392
1991-05-23,0.3,284.81,27.19,19.99,2289.82,0.020152114217252392
1991-05-24,5.87,304.98,27.57,16.96,1874.11,0.017098763578274757
1991-05-25,18.24,324.51,27.83,16.32,1786.99,0.02564814536741214
1991-05-26,0.0,478.04,31.12,17.41,1689.57,0.0360295375399361
1991-05-27,5.0,335.49,34.2,20.84,2378.27,0.04885361022364217
1991-05-28,0.0,439.35,34.08,21.47,2252.18,0.04518958945686901
1991-05-29,0.0,438.22,33.46,21.08,2207.2,0.04702159984025559
1991-05-30,14.23,353.58,31.09,17.47,1934.06,0.04518958945686901
1991-05-31,0.0,337.48,30.02,21.5,2556.91,0.023816134984025558
1991-06-01,0.0,404.34,29.45,19.23,2124.04,0.028701496006389778
1991-06-02,14.19,336.47,29.41,17.5,2000.0,0.03175484664536741
1991-06-03,0.0,471.69,29.99,17.31,1828.35,0.01526675319488818
1991-06-04,0.0,517.2,31.75,16.3,1638.66,0.013434742811501598
1991-06-05,7.4,328.56,30.64,19.0,2199.24,0.014656083067092651
1991-06-06,0.0,366.87,27.87,19.1,2216.47,0.006717371405750799
1991-06-07,0.0,342.71,25.31,17.49,1998.49,0.004030422843450479
1991-06-08,2.81,197.19,23.73,18.5,2119.79,0.010381392172523962
1991-06-09,0.67,397.09,26.4,17.0,1920.0,0.010381392172523962
1991-06-10,0.0,439.59,29.17,18.0,1998.75,0.007328041533546326
1991-06-11,0.0,487.2,31.02,17.5,1852.45,0.0053128301118210855
1991-06-12,5.03,433.5,32.78,19.41,2150.12,0.007328041533546326
1991-06-13,5.88,356.73,34.05,19.84,2310.04,0.020762784345047924
1991-06-14,0.0,426.82,35.27,23.0,2725.95,0.0854938178913738
1991-06-15,0.0,406.31,32.97,21.99,2604.54,0.032976186900958465
1991-06-16,9.54,356.8,31.05,17.75,2031.38,0.020152114217252392
1991-06-17,0.0,494.43,32.23,18.01,1890.47,0.026869485623003196
1991-06-18,0.0,492.05,34.26,19.5,2063.66,0.03114417651757188
1991-06-19,0.0,452.47,33.98,20.95,2329.57,0.01526675319488818
1991-06-20,0.0,492.16,34.55,19.3,2037.39,0.006106701277955272
1991-06-21,0.0,449.45,35.69,21.97,2471.94,0.0023816134984025556
1991-06-22,6.79,343.91,33.93,19.82,2306.21,0.020152114217252392
1991-06-23,0.0,297.32,28.01,20.52,2403.99,0.003786154792332268
1991-06-24,0.0,418.22,31.13,19.5,2234.07,0.0031754846645367413
1991-06-25,0.0,442.8,35.31,21.83,2498.0,0.009770722044728435
1991-06-26,0.0,454.53,36.3,22.01,2494.23,0.005984567252396166
1991-06-27,0.0,426.15,36.05,23.0,2707.55,0.002809082587859425
1991-06-28,0.0,429.51,36.2,22.97,2682.76,0.0021984124600638974
1991-06-29,0.0,432.98,35.74,22.5,2604.57,0.0021373454472843447
1991-06-30,0.0,431.22,36.0,22.64,2627.76,0.0020762784345047924
1991-07-01,0.0,449.44,37.5,22.82,2608.43,0.0018320103833865814
1991-07-02,7.05,335.5,34.74,20.65,2423.52,0.0017709433706070287
1991-07-03,0.0,399.75,31.89,20.5,2358.41,0.0020762784345047924
1991-07-04,0.0,501.52,35.01,18.45,1904.5,0.001893077396166134
1991-07-05,0.0,488.53,38.36,21.26,2263.68,0.001526675319488818
1991-07-06,0.0,483.84,39.43,21.97,2364.61,0.0013434742811501597
1991-07-07,0.0,470.95,39.36,22.4,2454.5,0.0013434742811501597
1991-07-08,0.0,452.26,38.5,22.5,2516.27,0.0017098763578274761
1991-07-09,0.0,414.52,38.3,23.91,2822.34,0.0013434742811501597
1991-07-10,0.0,407.55,38.84,24.5,2938.77,0.0012213402555910544
1991-07-11,0.0,402.89,36.81,23.2,2743.99,0.0010992062300319487
1991-07-12,4.17,306.52,35.08,21.51,2561.0,0.0017098763578274761
1991-07-13,0.0,388.97,31.96,20.0,2253.76,0.001526675319488818
1991-07-14,0.0,427.0,32.5,19.0,2054.42,0.001465608306709265
1991-07-15,0.0,447.88,35.0,19.97,2123.9,0.001465608306709265
1991-07-16,0.0,433.47,36.92,21.98,2419.38,0.0014045412939297124
1991-07-17,0.0,428.04,37.65,22.71,2537.19,0.0017098763578274761
1991-07-18,0.0,439.45,38.63,22.94,2496.75,0.0014045412939297124
1991-07-19,0.0,425.91,40.14,24.52,2768.16,0.001282407268370607
1991-07-20,7.08,304.63,38.72,23.98,2987.55,0.009160051916932907
1991-07-21,0.0,407.02,38.27,23.94,2755.4,0.001954144408945687
1991-07-22,0.0,403.62,39.3,24.88,2862.07,0.0012213402555910544
1991-07-23,0.0,452.74,38.21,21.69,2266.09,0.0009770722044728434
1991-07-24,25.11,292.58,28.94,16.79,1902.22,0.014045412939297123
1991-07-25,0.01,399.15,27.75,15.5,1730.9,0.002564814536741214
1991-07-26,0.0,412.61,30.08,17.0,1869.49,0.0017709433706070287
1991-07-27,0.0,359.71,29.8,18.72,2139.13,0.001465608306709265
1991-07-28,32.2,318.38,32.5,19.91,2309.16,0.43968249201277954
1991-07-29,0.0,450.37,32.81,17.5,1890.8,0.18320103833865814
1991-07-30,0.0,474.24,35.27,17.98,1909.54,0.03908288817891374
1991-07-31,0.0,464.27,38.83,20.88,2273.69,0.014656083067092651
1991-08-01,0.0,489.93,39.61,19.6,2064.13,0.006106701277955272
1991-08-02,0.0,430.42,39.34,22.81,2539.11,0.0045800259584664535
1991-08-03,0.0,434.6,37.98,21.63,2365.57,0.004396824920127795
1991-08-04,0.0,423.97,35.12,20.08,2152.52,0.004396824920127795
1991-08-05,4.45,330.33,36.6,21.21,2462.88,0.0050685620607028746
1991-08-06,0.0,423.92,38.08,22.26,2467.86,0.005007495047923322
1991-08-07,0.0,392.9,38.18,23.7,2751.59,0.004763226996805111
1991-08-08,0.0,383.73,37.23,23.35,2715.77,0.004641092971246006
1991-08-09,0.39,344.89,29.7,18.47,2097.72,0.004702159984025559
1991-08-10,0.0,393.45,28.14,15.66,1725.29,0.004396824920127795
1991-08-11,0.0,431.86,30.5,16.0,1702.37,0.003908288817891374
1991-08-12,0.0,389.72,31.5,18.53,2053.5,0.003847221805111821
1991-08-13,5.2,292.02,30.43,18.1,2081.25,0.003908288817891374
1991-08-14,0.0,463.56,30.5,14.25,1507.71,0.0034197527156549523
1991-08-15,0.0,465.25,33.0,16.01,1655.86,0.002809082587859425
1991-08-16,0.0,423.25,34.83,19.5,2119.64,0.0026258815495207666
1991-08-17,0.0,425.92,34.4,19.0,2053.93,0.00293121661341853
1991-08-18,0.0,472.27,34.99,16.77,1724.25,0.002809082587859425
1991-08-19,0.0,391.98,33.5,19.73,2178.32,0.002442680511182109
1991-08-20,1.32,372.16,30.86,17.02,1846.25,0.0022594794728434506
1991-08-21,0.0,409.52,32.04,17.75,1890.67,0.002442680511182109
1991-08-22,0.0,429.34,35.57,19.5,2052.57,0.0021984124600638974
1991-08-23,0.0,389.94,34.98,20.82,2273.3,0.0017709433706070287
1991-08-24,0.34,394.38,35.1,20.26,2101.39,0.0017098763578274761
1991-08-25,0.0,409.4,35.51,20.29,2070.25,0.0013434742811501597
1991-08-26,0.0,423.93,34.96,19.03,1867.48,0.0011602732428115015
1991-08-27,0.0,371.62,34.52,20.96,2219.12,0.0010992062300319487
1991-08-28,3.96,315.76,34.0,21.46,2427.73,0.0026869485623003194
1991-08-29,25.61,244.37,31.56,20.21,2348.81,0.16488093450479233
1991-08-30,19.76,263.73,32.48,20.0,2320.0,0.6778438418530351
1991-08-31,8.08,237.34,31.26,20.5,2400.0,0.41525568690095843
1991-09-01,16.74,202.45,28.84,20.16,2346.06,1.825903682108626
1991-09-02,8.36,194.39,28.71,20.5,2400.0,2.5770279392971243
1991-09-03,9.68,217.17,30.0,20.69,2430.85,0.3786154792332268
1991-09-04,8.99,247.99,28.48,17.96,2071.02,0.37250877795527154
1991-09-05,0.0,428.77,29.53,14.5,1629.08,0.07328041533546326
1991-09-06,0.0,385.85,30.86,17.61,2016.59,0.04152556869009585
1991-09-07,0.0,275.73,29.8,21.04,2485.8,0.057402992012779555
1991-09-08,3.74,226.96,32.0,22.07,2651.34,0.15877423322683706
1991-09-09,0.0,321.51,33.5,22.44,2710.52,0.07938711661341853
1991-09-10,0.0,342.18,34.0,22.0,2640.0,0.03236551677316293
1991-09-11,0.0,339.58,33.99,21.99,2639.1,0.018930773961661342
1991-09-12,0.0,356.17,33.71,20.99,2478.24,0.012213402555910543
1991-09-13,0.0,331.83,32.32,20.99,2479.09,0.010381392172523962
1991-09-14,3.0,192.22,29.51,21.5,2560.0,0.011602732428115015
1991-09-15,0.32,243.04,28.53,20.97,2475.57,0.012213402555910543
1991-09-16,0.79,405.33,27.5,13.03,1484.76,0.01526675319488818
1991-09-17,0.0,384.46,26.73,14.36,1627.66,0.008549381789137379
1991-09-18,0.02,414.99,25.28,11.5,1354.55,0.007328041533546326
1991-09-19,0.0,436.66,16.95,3.0,760.0,0.006717371405750799
1991-09-20,0.0,379.38,18.06,6.83,986.11,0.007328041533546326
1991-09-21,0.0,368.43,21.29,10.2,1256.37,0.007328041533546326
1991-09-22,0.1,329.29,22.08,12.48,1438.21,0.006717371405750799
1991-09-23,0.0,468.15,22.64,4.76,848.96,0.005679232188498402
1991-09-24,1.77,347.65,20.74,8.78,1142.42,0.006717371405750799
1991-09-25,0.0,484.42,27.41,4.46,815.18,0.007328041533546326
1991-09-26,0.0,466.96,27.38,6.78,964.33,0.007938711661341852
1991-09-27,0.0,434.03,27.34,10.0,1223.45,0.007328041533546326
1991-09-28,0.0,420.89,29.57,12.26,1410.56,0.007328041533546326
1991-09-29,0.0,398.55,28.55,12.95,1474.92,0.006717371405750799
1991-09-30,0.0,407.76,28.04,11.5,1354.96,0.006717371405750799
1991-10-01,0.0,407.89,28.95,11.69,1363.18,0.006717371405750799
1991-10-02,0.0,392.7,31.75,14.49,1624.87,0.005007495047923322
1991-10-03,0.0,403.89,33.56,14.17,1587.41,0.004152556869009585
1991-10-04,0.0,395.26,28.02,10.62,1281.76,0.003969355830670926
1991-10-05,0.0,395.64,18.5,2.52,721.56,0.003786154792332268
1991-10-06,0.0,398.8,17.99,1.53,682.58,0.0033586857028753995
1991-10-07,0.0,429.95,28.18,5.39,895.63,0.003480819728434504
1991-10-08,0.0,379.83,29.44,11.28,1340.19,0.002992283626198083
1991-10-09,0.0,366.55,30.27,12.5,1440.0,0.00293121661341853
1991-10-10,0.0,375.91,28.45,10.0,1239.12,0.0040914898562300316
1991-10-11,0.0,383.97,30.5,10.24,1252.8,0.003053350638977636
1991-10-12,0.0,376.08,29.93,10.09,1243.88,0.0022594794728434506
1991-10-13,0.0,319.31,29.5,13.95,1596.38,0.0020762784345047924
1991-10-14,0.0,326.36,25.16,9.6,1207.79,0.0010992062300319487
1991-10-15,0.0,276.51,21.07,8.72,1137.49,0.0012213402555910544
1991-10-16,0.0,346.01,25.74,8.01,1080.67,0.0012213402555910544
1991-10-17,0.0,327.75,30.7,13.0,1480.0,0.0010992062300319487
1991-10-18,0.0,328.89,28.51,10.96,1316.63,0.0009770722044728434
1991-10-19,0.0,327.32,16.52,0.53,639.11,0.0007938711661341853
1991-10-20,0.0,310.29,18.5,3.26,777.84,0.0009160051916932907
1991-10-21,0.0,320.9,25.2,8.0,1080.0,0.0008549381789137381
1991-10-22,0.0,270.44,29.0,14.43,1636.94,0.0007938711661341853
1991-10-23,0.0,252.01,30.99,17.19,1950.86,0.0007938711661341853
1991-10-24,0.0,299.05,28.26,11.49,1353.75,0.0007328041533546325
1991-10-25,0.0,257.32,16.19,3.74,800.0,0.0004885361022364217
1991-10-26,1.79,137.81,15.5,8.21,1096.58,0.0005496031150159744
1991-10-27,0.0,192.55,22.28,13.0,1480.0,0.0007328041533546325
1991-10-28,12.51,161.88,23.07,12.5,1439.89,0.004213623881789137
1991-10-29,0.0,340.72,17.47,-1.79,537.03,0.0016488093450479234
1991-10-30,0.0,193.8,4.05,-4.43,440.0,0.0006106701277955272
1991-10-31,25.45,90.11,1.62,-3.31,480.0,0.03236551677316293
1991-11-01,13.38,80.13,-0.75,-4.94,439.63,0.007938711661341852
1991-11-02,0.0,114.62,-4.0,-8.46,320.0,0.0013434742811501597
1991-11-03,0.0,238.94,-1.94,-12.0,240.0,0.001282407268370607
1991-11-04,0.0,286.74,4.05,-9.11,310.64,0.001465608306709265
1991-11-05,0.0,240.49,8.5,-2.0,520.0,0.0014045412939297124
1991-11-06,0.0,259.07,8.61,-2.84,493.05,0.0006717371405750798
1991-11-07,0.0,270.88,4.15,-7.8,335.68,0.0009770722044728434
1991-11-08,0.0,269.73,2.35,-9.44,289.29,0.0012213402555910544
1991-11-09,0.0,285.75,9.52,-3.75,459.58,0.0011602732428115015
1991-11-10,0.0,235.65,8.26,-1.66,545.86,0.0009770722044728434
1991-11-11,0.0,110.44,4.0,-0.06,600.0,0.0008549381789137381
1991-11-12,1.0,323.64,16.14,-1.9,532.88,0.0012213402555910544
1991-11-13,0.0,300.72,19.41,3.5,800.0,0.0011602732428115015
1991-11-14,0.0,152.7,17.14,10.82,1305.74,0.0036029537539936096
1991-11-15,7.0,151.48,15.46,7.09,1007.44,0.006717371405750799
1991-11-16,34.5,124.04,10.94,4.57,845.85,3.9571424281150156
1991-11-17,37.67,183.22,15.16,4.77,861.6,10.625660223642173
1991-11-18,0.0,273.73,16.61,3.91,807.54,0.922111892971246
1991-11-19,4.61,164.18,14.13,6.0,920.0,0.21984124600638977
1991-11-20,0.88,249.14,13.24,2.01,716.59,0.10992062300319488
1991-11-21,0.0,285.68,15.0,1.27,661.92,0.07328041533546326
1991-11-22,0.0,255.47,10.41,-0.38,599.38,0.05557098162939297
1991-11-23,0.0,224.93,6.08,-2.58,513.91,0.04335757907348242
1991-11-24,0.0,240.59,5.5,-4.0,440.0,0.03908288817891374
1991-11-25,0.0,234.26,6.82,-2.5,520.0,0.03541886741214057
1991-11-26,0.0,271.91,11.5,-1.05,560.82,0.032976186900958465
1991-11-27,0.0,274.4,12.73,-0.52,598.29,0.029312166134185302
1991-11-28,0.0,253.69,16.34,4.71,856.75,0.03114417651757188
1991-11-29,0.0,279.63,19.24,4.06,813.67,0.029922836261980834
1991-11-30,0.0,239.9,8.46,-2.03,522.01,0.022594794728434505
1991-12-01,0.0,127.81,-0.48,-5.22,422.31,0.020152114217252392
1991-12-02,0.0,158.08,2.11,-4.0,440.0,0.020152114217252392
1991-12-03,0.0,207.16,3.96,-4.57,440.0,0.01954144408945687
1991-12-04,0.0,266.64,5.46,-7.5,360.0,0.01954144408945687
1991-12-05,0.0,253.65,9.99,-2.26,520.0,0.020152114217252392
1991-12-06,0.0,280.19,14.53,-1.77,538.75,0.020152114217252392
1991-12-07,0.0,262.56,19.12,4.33,833.65,0.020152114217252392
1991-12-08,0.0,233.19,17.62,5.95,930.01,0.020152114217252392
1991-12-09,0.0,253.02,13.82,0.72,640.0,0.017709433706070286
1991-12-10,0.0,274.79,16.0,-0.53,597.54,0.017098763578274757
1991-12-11,0.0,191.51,13.63,4.73,858.25,0.02137345447284345
1991-12-12,19.63,145.28,13.77,4.91,873.03,0.10381392172523961
1991-12-13,0.0,251.44,13.15,0.0,600.0,0.06717371405750798
1991-12-14,0.0,253.02,9.95,-3.29,480.0,0.050685620607028754
1991-12-15,0.0,236.55,8.22,-3.5,480.0,0.04335757907348242
1991-12-16,0.0,263.3,12.5,-2.69,505.06,0.032976186900958465
1991-12-17,0.0,224.81,10.8,-0.5,600.0,0.028701496006389778
1991-12-18,0.0,200.93,5.25,-4.0,440.05,0.02503747523961661
1991-12-19,9.29,64.52,2.51,-1.0,560.0,0.04518958945686901
1991-12-20,27.17,65.0,4.0,0.5,640.0,6.289902316293929
1991-12-21,3.6,81.79,4.5,0.13,614.27,1.825903682108626
1991-12-22,0.0,137.23,6.5,0.95,640.0,0.32976186900958465
1991-12-23,0.55,146.64,7.51,1.21,656.76,0.17709433706070285
1991-12-24,0.0,252.35,7.5,-5.0,440.0,0.11602732428115016
1991-12-25,0.0,234.96,8.39,-2.71,503.6,0.09160051916932907
1991-12-26,0.0,189.47,7.15,-0.86,571.32,0.07328041533546326
1991-12-27,1.66,98.35,5.72,1.48,678.79,0.07328041533546326
1991-12-28,4.0,66.66,4.72,1.5,680.0,0.07328041533546326
1991-12-29,0.0,153.3,7.0,1.26,661.1,0.06717371405750798
1991-12-30,0.0,94.4,7.31,4.0,800.0,0.07328041533546326
1991-12-31,0.0,92.03,8.22,5.0,880.0,0.0854938178913738
1992-01-01,11.64,72.82,7.74,3.77,799.96,1.6976629552715654
1992-01-02,0.0,132.25,8.05,2.5,720.0,0.6595237380191693
1992-01-03,0.0,250.17,11.19,-1.5,560.0,0.1893077396166134
1992-01-04,0.0,219.28,10.3,0.14,610.82,0.10992062300319488
1992-01-05,0.0,138.82,10.6,4.73,858.15,0.0854938178913738
1992-01-06,0.0,140.88,8.25,2.41,726.93,0.07328041533546326
1992-01-07,1.31,198.27,13.39,4.49,839.34,0.06717371405750798
1992-01-08,0.01,244.41,11.88,0.07,605.47,0.06717371405750798
1992-01-09,0.0,232.25,5.34,-5.05,435.89,0.05984567252396167
1992-01-10,0.0,259.54,8.75,-3.87,450.56,0.05434964137380192
1992-01-11,0.0,255.29,11.44,-0.92,566.33,0.05251763099041533
1992-01-12,0.0,167.09,9.47,2.6,728.35,0.05129629073482428
1992-01-13,0.43,153.06,5.79,-0.29,600.0,0.05007495047923322
1992-01-14,0.0,248.22,5.08,-5.97,400.0,0.04641092971246006
1992-01-15,0.0,293.51,3.56,-11.51,240.0,0.04335757907348242
1992-01-16,0.0,316.84,9.89,-10.4,280.0,0.045800259584664535
1992-01-17,0.0,253.44,6.98,-4.21,441.56,0.05007495047923322
1992-01-18,0.0,214.07,4.15,-4.47,440.0,0.04885361022364217
1992-01-19,0.0,297.01,8.61,-6.32,374.71,0.04518958945686901
1992-01-20,0.0,310.87,13.22,-4.1,444.69,0.047632269968051116
1992-01-21,0.0,293.99,11.93,-2.5,520.0,0.047632269968051116
1992-01-22,5.54,136.86,8.99,2.0,720.0,0.05618165175718849
1992-01-23,2.8,206.3,8.94,-1.0,560.0,0.05679232188498403
1992-01-24,0.0,307.68,11.09,-4.0,440.0,0.05434964137380192
1992-01-25,0.0,253.37,10.62,0.2,615.16,0.05312830111821086
1992-01-26,0.0,300.96,11.46,-2.52,518.8,0.05007495047923322
1992-01-27,0.0,237.56,11.45,2.08,720.0,0.04885361022364217
1992-01-28,0.0,310.32,11.99,-2.49,520.0,0.04702159984025559
1992-01-29,0.0,301.87,13.23,-0.33,599.6,0.045800259584664535
1992-01-30,0.0,324.65,16.25,0.04,603.48,0.044578919329073485
1992-01-31,0.0,336.32,18.12,-0.43,600.0,0.04213623881789137
1992-02-01,0.0,336.19,20.01,1.0,640.0,0.04152556869009585
1992-02-02,0.0,315.16,19.92,4.16,812.67,0.039693558306709266
1992-02-03,0.0,237.35,17.01,7.27,1021.35,0.03908288817891374
1992-02-04,0.0,262.19,12.45,1.68,694.19,0.03908288817891374
1992-02-05,0.0,250.98,6.76,-3.1,480.0,0.03664020766773163
1992-02-06,0.0,283.43,9.77,-2.0,520.0,0.03541886741214057
1992-02-07,0.0,335.76,11.05,-4.85,440.0,0.03541886741214057
1992-02-08,0.0,325.13,8.02,-6.5,360.0,0.03358685702875399
1992-02-09,0.0,283.97,9.17,-2.33,520.0,0.03358685702875399
1992-02-10,0.0,213.78,10.46,2.5,720.08,0.03175484664536741
1992-02-11,0.0,157.53,8.05,2.51,726.9,0.03175484664536741
1992-02-12,4.49,86.53,4.26,0.42,633.24,0.03480819728434505
1992-02-13,0.0,96.0,3.5,0.5,640.0,0.03480819728434505
1992-02-14,3.09,245.62,15.66,2.18,720.0,0.037861547923322685
1992-02-15,0.0,333.87,14.32,0.96,640.0,0.037861547923322685
1992-02-16,0.0,339.14,15.6,1.85,707.74,0.03541886741214057
1992-02-17,2.73,236.22,15.12,4.5,840.0,0.03725087779552715
1992-02-18,0.0,278.51,12.11,2.44,720.0,0.0360295375399361
1992-02-19,0.0,376.09,13.21,-2.5,520.0,0.03358685702875399
1992-02-20,0.0,375.92,18.16,1.98,718.54,0.03114417651757188
1992-02-21,0.0,373.35,19.86,3.65,794.38,0.029922836261980834
1992-02-22,0.0,371.49,17.03,1.53,673.02,0.029312166134185302
1992-02-23,0.0,343.59,17.84,4.56,842.99,0.029922836261980834
1992-02-24,0.45,339.01,14.53,2.01,718.85,0.03053350638977636
1992-02-25,0.0,334.29,8.62,-3.0,468.11,0.02748015575079872
1992-02-26,0.0,417.56,14.45,-4.21,360.44,0.026869485623003196
1992-02-27,0.85,377.16,18.14,3.39,624.4,0.02748015575079872
1992-02-28,0.0,411.92,21.2,3.06,569.85,0.026869485623003196
1992-02-29,0.0,433.66,21.7,0.83,468.13,0.023816134984025558
1992-03-01,0.0,419.22,24.36,5.48,641.95,0.026258815495207664
1992-03-02,0.0,381.5,25.26,10.05,913.59,0.028090825878594246
1992-03-03,0.0,287.79,22.97,13.1,1313.69,0.02503747523961661
1992-03-04,13.68,169.12,19.81,12.5,1440.0,0.06717371405750798
1992-03-05,2.42,248.36,19.53,10.5,1253.72,0.04518958945686901
1992-03-06,0.0,369.01,20.08,7.0,868.55,0.051906960862619804
1992-03-07,0.0,435.51,23.57,5.16,664.19,0.0427469089456869
1992-03-08,0.0,361.31,22.67,10.0,1018.55,0.037861547923322685
1992-03-09,8.12,322.85,18.46,1.62,622.18,0.034197527156549515
1992-03-10,0.0,347.94,5.33,-5.5,400.0,0.17709433706070285
1992-03-11,0.0,480.67,17.23,-5.49,320.0,0.07328041533546326
1992-03-12,0.0,396.14,13.67,-0.33,532.82,0.044578919329073485
1992-03-13,0.0,474.35,22.89,0.42,467.98,0.0360295375399361
1992-03-14,0.0,456.94,20.31,0.5,448.63,0.03236551677316293
1992-03-15,0.0,381.92,16.76,2.99,523.98,0.028701496006389778
1992-03-16,0.0,443.87,21.82,3.88,438.61,0.02748015575079872
1992-03-17,0.0,323.79,21.68,10.5,882.17,0.028701496006389778
1992-03-18,43.95,258.14,16.86,5.02,733.13,0.922111892971246
1992-03-19,6.16,193.15,8.06,-0.04,600.02,2.161772252396166
1992-03-20,0.0,431.17,14.03,-2.05,479.31,0.38472218051118207
1992-03-21,0.0,387.56,17.18,3.56,724.08,0.17709433706070285
1992-03-22,0.0,381.42,11.79,-1.0,560.0,0.11602732428115016
1992-03-23,0.0,438.9,12.34,-3.47,434.36,0.09160051916932907
1992-03-24,1.61,308.68,13.69,2.9,751.01,0.07938711661341853
1992-03-25,3.94,264.96,14.96,3.5,800.0,0.07938711661341853
1992-03-26,0.0,388.63,17.49,4.45,784.48,0.07328041533546326
1992-03-27,0.0,431.79,15.4,0.5,570.35,0.06106701277955272
1992-03-28,2.15,341.27,17.78,6.5,927.55,0.06717371405750798
1992-03-29,1.94,330.6,17.0,6.87,984.02,0.06106701277955272
1992-03-30,0.0,298.68,12.06,3.57,797.39,0.057402992012779555
1992-03-31,0.0,425.91,13.99,0.77,599.75,0.058624332268370605
1992-04-01,2.72,376.61,11.42,-2.0,502.13,0.05557098162939297
1992-04-02,0.0,380.11,9.17,-1.7,528.43,0.04885361022364217
1992-04-03,0.0,524.35,19.59,-1.0,433.2,0.04824294009584664
1992-04-04,0.0,489.64,22.67,4.82,655.42,0.04641092971246006
1992-04-05,0.0,478.17,24.5,7.29,777.66,0.045800259584664535
1992-04-06,0.0,407.14,22.48,9.5,991.89,0.044578919329073485
1992-04-07,0.0,418.41,19.08,5.97,784.96,0.04335757907348242
1992-04-08,0.0,458.31,21.81,6.64,763.57,0.04213623881789137
1992-04-09,0.0,434.66,25.33,11.02,1029.01,0.04152556869009585
1992-04-10,0.0,420.66,26.86,13.32,1202.96,0.04335757907348242
1992-04-11,0.0,415.28,24.99,12.0,1123.36,0.04213623881789137
1992-04-12,0.0,374.69,15.72,5.29,813.7,0.03908288817891374
1992-04-13,0.0,472.19,22.34,7.58,790.49,0.03725087779552715
1992-04-14,0.0,446.05,26.53,12.68,1106.95,0.037861547923322685
1992-04-15,0.0,370.59,26.13,15.48,1463.82,0.03664020766773163
1992-04-16,16.09,278.9,22.57,12.1,1354.86,0.3908288817891374
1992-04-17,0.0,293.09,16.97,9.44,1191.05,0.26258815495207666
1992-04-18,0.0,276.37,18.62,11.5,1359.13,0.10381392172523961
1992-04-19,17.54,275.27,18.94,9.26,1180.6,0.293121661341853
1992-04-20,2.52,313.2,15.5,6.38,950.7,0.8305113738019169
1992-04-21,0.0,451.42,14.02,1.93,673.07,0.22594794728434506
1992-04-22,0.0,567.12,23.89,2.78,578.54,0.12213402555910544
1992-04-23,0.0,484.41,24.49,9.86,999.23,0.09160051916932907
1992-04-24,0.0,405.25,19.95,9.09,1056.05,0.07328041533546326
1992-04-25,0.0,495.13,18.67,4.22,703.27,0.06106701277955272
1992-04-26,0.0,513.14,18.03,2.7,623.7,0.057402992012779555
1992-04-27,0.0,531.48,18.62,1.99,585.75,0.05434964137380192
1992-04-28,0.0,401.01,18.36,7.7,976.29,0.06717371405750798
1992-04-29,13.72,340.07,22.76,9.49,1143.99,0.07938711661341853
1992-04-30,0.0,492.72,28.24,12.5,1197.16,0.06717371405750798
1992-05-01,0.0,455.78,29.63,15.49,1499.14,0.05984567252396167
1992-05-02,0.0,430.9,28.52,15.59,1549.96,0.05251763099041533
1992-05-03,0.0,542.12,25.0,6.78,797.04,0.044578919329073485
1992-05-04,0.0,534.38,27.09,9.14,923.0,0.039693558306709266
1992-05-05,0.0,530.3,26.07,8.66,901.95,0.03664020766773163
1992-05-06,0.0,547.39,21.33,3.27,638.87,0.03175484664536741
1992-05-07,0.0,540.43,22.55,4.75,702.67,0.029312166134185302
1992-05-08,0.0,515.27,26.6,9.86,986.7,0.03114417651757188
1992-05-09,0.0,499.89,27.57,11.55,1111.94,0.03114417651757188
1992-05-10,0.0,372.86,25.98,15.41,1630.76,0.029922836261980834
1992-05-11,18.99,276.87,24.93,14.57,1655.03,0.10381392172523961
1992-05-12,6.16,343.69,26.52,12.94,1466.8,0.1282407268370607
1992-05-13,0.0,402.28,26.52,14.93,1609.14,0.0854938178913738
1992-05-14,38.4,304.95,26.43,14.67,1670.18,1.6549160463258785
1992-05-15,0.0,412.54,28.27,16.0,1793.94,2.9556434185303515
1992-05-16,0.0,374.14,28.4,17.5,2000.0,0.31144176517571887
1992-05-17,1.1,331.87,25.91,16.24,1839.33,0.17709433706070285
1992-05-18,0.0,366.11,24.78,14.5,1640.0,0.10381392172523961
1992-05-19,0.0,344.18,25.67,16.0,1800.0,0.0854938178913738
1992-05-20,11.16,181.58,24.63,18.17,2093.32,0.7266974520766774
1992-05-21,8.72,208.08,25.63,18.1,2087.68,1.7281964616613419
1992-05-22,1.07,271.86,24.41,17.02,1922.99,0.20762784345047922
1992-05-23,0.87,375.72,21.58,11.9,1392.07,0.10992062300319488
1992-05-24,0.0,422.93,19.01,8.02,1081.43,0.0854938178913738
1992-05-25,2.38,386.68,20.28,9.32,1185.84,0.07328041533546326
1992-05-26,0.8,414.1,16.06,5.1,888.18,0.06717371405750798
1992-05-27,0.0,275.73,13.42,7.25,1019.85,0.07328041533546326
1992-05-28,13.66,197.59,13.0,7.21,1016.73,0.14045412939297125
1992-05-29,0.0,458.29,18.52,7.0,1000.0,0.13434742811501596
1992-05-30,0.0,514.27,22.0,7.7,1055.38,0.0854938178913738
1992-05-31,0.0,335.68,20.8,13.0,1480.0,0.07938711661341853
1992-06-01,6.74,113.27,17.28,14.14,1611.41,0.07938711661341853
1992-06-02,19.87,118.68,17.37,14.2,1615.93,0.5923500239616614
1992-06-03,13.27,261.5,20.03,12.65,1452.35,3.8533285063897758
1992-06-04,0.0,514.3,24.89,11.5,1359.85,0.7938711661341853
1992-06-05,3.42,413.56,26.45,15.1,1728.06,0.3664020766773163
1992-06-06,17.74,339.2,24.88,14.5,1640.01,3.413646014376997
1992-06-07,0.0,511.05,24.6,12.0,1400.0,1.7770500718849838
1992-06-08,4.04,386.6,26.92,16.31,1849.64,0.293121661341853
1992-06-09,0.0,440.34,27.04,17.0,1920.0,1.3434742811501597
1992-06-10,18.34,331.27,26.08,16.15,1827.85,3.9327156230031948
1992-06-11,0.0,399.33,24.51,16.16,1825.39,1.4656083067092651
1992-06-12,0.0,484.29,26.39,15.0,1720.0,0.32365516773162933
1992-06-13,0.0,525.3,28.49,14.5,1640.0,0.1709876357827476
1992-06-14,38.41,353.6,26.88,16.52,1881.67,6.656304392971245
1992-06-15,25.23,391.98,28.16,17.0,1920.0,13.190474760383385
1992-06-16,0.0,434.67,32.88,21.97,2635.61,2.8640428993610225
1992-06-17,0.0,509.88,33.05,18.37,2115.8,0.39693558306709265
1992-06-18,0.0,524.9,33.07,17.24,1957.26,0.2137345447284345
1992-06-19,0.0,469.42,31.34,19.0,2200.0,0.17709433706070285
1992-06-20,16.1,319.27,28.09,18.0,2080.02,0.20762784345047922
1992-06-21,8.53,360.24,26.84,14.83,1692.82,0.1282407268370607
1992-06-22,0.0,519.28,28.46,14.0,1600.0,0.10992062300319488
1992-06-23,2.35,432.82,32.0,18.33,2106.4,0.09770722044728435
1992-06-24,0.0,490.28,35.02,20.0,2320.0,0.0854938178913738
1992-06-25,13.81,346.46,31.64,19.0,2200.0,0.5557098162939297
1992-06-26,0.0,363.13,27.15,18.6,2136.39,0.5373897124600638
1992-06-27,0.0,499.43,28.87,14.83,1693.55,0.13434742811501596
1992-06-28,4.9,306.85,27.27,17.17,1947.76,0.1282407268370607
1992-06-29,9.72,285.67,27.08,18.0,2080.0,0.11602732428115016
1992-06-30,0.0,457.65,29.76,17.5,2000.0,0.10381392172523961
1992-07-01,0.0,447.51,34.17,21.0,2480.0,0.0854938178913738
1992-07-02,0.0,454.61,34.88,20.88,2460.7,0.07328041533546326
1992-07-03,0.0,500.5,28.91,14.01,1600.78,0.05923500239616612
1992-07-04,0.0,445.52,33.33,20.0,2320.0,0.05496031150159744
1992-07-05,0.0,482.22,35.3,19.43,2268.59,0.050685620607028754
1992-07-06,0.0,451.44,36.15,21.51,2561.44,0.047632269968051116
1992-07-07,0.0,429.87,37.64,23.48,2876.86,0.04213623881789137
1992-07-08,0.0,433.45,37.48,23.11,2817.38,0.03541886741214057
1992-07-09,0.0,444.82,35.97,21.43,2549.02,0.03175484664536741
1992-07-10,0.0,408.24,35.0,22.25,2680.39,0.029922836261980834
1992-07-11,24.58,284.66,31.5,20.5,2400.25,0.039693558306709266
1992-07-12,0.0,336.74,33.37,23.49,2878.89,0.05251763099041533
1992-07-13,0.0,387.02,34.29,22.53,2724.86,0.06717371405750798
1992-07-14,7.77,326.61,32.94,19.48,2275.98,0.050685620607028754
1992-07-15,0.0,434.24,34.32,20.5,2400.0,0.03114417651757188
1992-07-16,28.61,325.42,31.94,18.62,2138.42,0.04641092971246006
1992-07-17,2.91,353.14,28.0,16.0,1800.19,0.7633376597444089
1992-07-18,0.0,445.74,30.38,17.0,1920.34,0.20762784345047922
1992-07-19,0.0,423.17,31.71,18.97,2196.0,0.0854938178913738
1992-07-20,0.0,374.6,30.38,19.66,2292.39,0.05557098162939297
1992-07-21,4.33,260.15,28.72,19.42,2267.81,0.04335757907348242
1992-07-22,0.0,390.11,31.09,19.83,2308.86,0.037861547923322685
1992-07-23,0.0,367.85,32.01,21.41,2545.77,0.03358685702875399
1992-07-24,0.0,386.79,33.5,22.01,2641.48,0.032976186900958465
1992-07-25,0.0,391.31,35.52,23.38,2861.28,0.029312166134185302
1992-07-26,6.98,308.29,34.04,21.36,2537.45,0.03175484664536741
1992-07-27,0.0,374.76,30.28,19.77,2302.65,0.02503747523961661
1992-07-28,0.0,469.76,32.12,17.2,1952.17,0.023816134984025558
1992-07-29,0.0,465.73,33.92,18.51,2126.42,0.022594794728434505
1992-07-30,0.0,406.33,32.75,20.31,2369.99,0.02137345447284345
1992-07-31,0.0,440.16,29.1,16.0,1799.92,0.018930773961661342
1992-08-01,9.38,301.3,28.47,17.04,1925.77,0.02503747523961661
1992-08-02,3.33,332.07,29.93,18.99,2198.73,0.022594794728434505
1992-08-03,0.0,371.56,28.93,18.6,2138.58,0.06106701277955272
1992-08-04,16.49,230.41,27.0,19.01,2201.98,0.0427469089456869
1992-08-05,26.15,265.78,28.39,18.92,2187.66,0.06106701277955272
1992-08-06,0.0,332.6,28.11,19.44,2271.02,0.10992062300319488
1992-08-07,6.92,303.97,32.78,20.91,2464.85,0.1465608306709265
1992-08-08,0.03,376.23,33.99,23.0,2800.0,0.06717371405750798
1992-08-09,0.0,359.94,32.75,22.63,2740.04,0.04641092971246006
1992-08-10,0.0,365.6,34.0,23.42,2869.29,0.03664020766773163
1992-08-11,21.26,325.65,32.35,19.34,2254.17,0.24426805111821087
1992-08-12,0.05,340.45,24.99,16.51,1881.15,0.0854938178913738
1992-08-13,0.0,428.33,25.46,14.09,1606.8,0.0427469089456869
1992-08-14,0.0,396.02,25.13,15.01,1720.44,0.03725087779552715
1992-08-15,0.0,457.96,25.62,13.03,1484.77,0.037861547923322685
1992-08-16,0.0,456.03,26.99,14.19,1614.81,0.03236551677316293
1992-08-17,0.0,439.35,26.45,14.44,1641.16,0.02748015575079872
1992-08-18,0.0,381.91,26.13,16.33,1853.0,0.026258815495207664
1992-08-19,0.0,460.2,28.01,14.66,1666.37,0.02564814536741214
1992-08-20,0.0,452.84,29.46,16.0,1800.0,0.02503747523961661
1992-08-21,0.0,448.76,30.02,16.5,1880.0,0.022594794728434505
1992-08-22,0.0,443.28,30.51,17.0,1920.07,0.01954144408945687
1992-08-23,0.0,418.92,31.55,18.85,2176.48,0.016488093450479233
1992-08-24,0.0,407.19,32.41,19.94,2316.14,0.014656083067092651
1992-08-25,0.0,387.28,30.81,19.5,2271.21,0.01282407268370607
1992-08-26,3.42,242.59,22.25,14.99,1718.31,0.018320103833865814
1992-08-27,0.18,414.12,24.53,13.28,1524.79,0.018320103833865814
1992-08-28,0.0,489.95,30.17,13.55,1563.76,0.016488093450479233
1992-08-29,0.0,476.15,33.61,16.58,1886.3,0.017098763578274757
1992-08-30,0.0,431.13,30.62,17.12,1939.9,0.015877423322683704
1992-08-31,0.0,413.21,25.83,14.03,1602.2,0.015877423322683704
1992-09-01,0.0,355.8,27.99,18.0,2080.2,0.01526675319488818
1992-09-02,0.01,383.36,29.42,18.1,2087.88,0.017709433706070286
1992-09-03,0.0,408.09,31.58,18.5,2120.0,0.01526675319488818
1992-09-04,0.0,407.5,31.49,18.32,2105.48,0.011602732428115015
1992-09-05,0.0,367.79,32.22,20.5,2400.0,0.010992062300319488
1992-09-06,2.26,380.78,31.59,16.5,1880.0,0.010381392172523962
1992-09-07,0.0,395.17,32.9,19.52,2281.36,0.008549381789137379
1992-09-08,7.25,359.7,31.82,12.68,1454.19,0.02137345447284345
1992-09-09,0.0,385.27,29.61,16.97,1918.56,0.020152114217252392
1992-09-10,0.0,440.36,29.07,13.4,1542.87,0.01526675319488818
1992-09-11,0.0,464.69,26.66,9.5,1200.0,0.010992062300319488
1992-09-12,0.0,383.42,28.75,15.75,1781.15,0.007938711661341852
1992-09-13,0.0,329.32,31.14,19.99,2319.23,0.006106701277955272
1992-09-14,0.0,331.84,32.59,20.98,2477.11,0.004518958945686901
1992-09-15,0.0,317.18,32.5,21.49,2559.2,0.0031754846645367413
1992-09-16,0.0,326.07,32.42,21.0,2480.02,0.0028701496006389776
1992-09-17,0.0,369.36,33.28,19.47,2275.55,0.002503747523961661
1992-09-18,0.0,365.39,30.68,17.56,2009.81,0.002320546485623003
1992-09-19,0.0,298.46,20.9,11.88,1390.46,0.0021984124600638974
1992-09-20,1.71,285.63,26.55,15.74,1779.1,0.002564814536741214
1992-09-21,0.0,387.56,29.59,15.36,1748.82,0.002564814536741214
1992-09-22,9.0,278.33,26.36,13.5,1557.66,0.002992283626198083
1992-09-23,0.0,433.75,25.29,8.5,1120.0,0.0022594794728434506
1992-09-24,0.0,439.31,25.32,7.62,1049.66,0.0020762784345047924
1992-09-25,0.0,413.63,26.05,9.74,1219.14,0.0023816134984025556
1992-09-26,17.16,256.68,25.24,13.0,1480.0,0.022594794728434505
1992-09-27,0.0,387.56,25.47,10.69,1294.86,0.013434742811501598
1992-09-28,0.0,390.75,25.36,10.29,1263.07,0.011602732428115015
1992-09-29,0.0,414.46,22.5,6.0,920.08,0.008549381789137379
1992-09-30,0.0,411.66,26.21,8.75,1140.35,0.008549381789137379
1992-10-01,0.0,413.53,28.44,9.76,1221.14,0.0060456342651757184
1992-10-02,0.0,406.74,29.1,10.4,1271.8,0.0053128301118210855
1992-10-03,0.0,410.55,28.84,9.37,1189.75,0.0040914898562300316
1992-10-04,0.0,408.6,28.73,9.0,1159.98,0.003480819728434504
1992-10-05,0.0,375.98,28.52,11.32,1345.84,0.0033586857028753995
1992-10-06,0.0,350.31,27.86,12.41,1432.57,0.002992283626198083
1992-10-07,0.0,385.43,25.43,7.55,1043.95,0.028090825878594246
1992-10-08,35.09,270.51,18.08,3.0,760.0,0.2137345447284345
1992-10-09,0.0,395.34,20.84,2.3,720.0,0.1954144408945687
1992-10-10,0.0,336.6,21.46,7.1,1008.35,0.051906960862619804
1992-10-11,0.0,385.71,24.18,5.41,905.86,0.02564814536741214
1992-10-12,0.0,345.87,24.86,8.89,1151.05,0.018320103833865814
1992-10-13,0.0,354.02,28.93,11.12,1329.94,0.014045412939297123
1992-10-14,0.0,328.18,29.85,13.51,1560.92,0.010381392172523962
1992-10-15,0.0,299.6,19.64,6.5,960.0,0.005984567252396166
1992-10-16,0.0,287.31,15.77,3.5,800.0,0.007328041533546326
1992-10-17,0.0,296.2,13.73,1.01,640.45,0.006717371405750799
1992-10-18,0.0,303.56,16.5,3.0,760.0,0.006106701277955272
1992-10-19,0.0,290.87,19.23,6.0,920.0,0.006717371405750799
1992-10-20,0.0,310.61,23.64,8.32,1105.54,0.007328041533546326
1992-10-21,0.0,292.15,27.0,12.22,1418.0,0.007938711661341852
1992-10-22,0.0,254.0,28.0,15.29,1743.46,0.007328041533546326
1992-10-23,0.0,289.41,28.54,13.42,1546.52,0.007328041533546326
1992-10-24,4.17,230.97,27.0,13.12,1499.9,0.014045412939297123
1992-10-25,0.0,330.53,25.5,7.18,1014.69,0.006106701277955272
1992-10-26,0.0,238.79,21.95,10.52,1281.33,0.010381392172523962
1992-10-27,0.0,322.2,20.51,3.25,779.9,0.008549381789137379
1992-10-28,0.0,281.79,21.32,7.0,1000.0,0.008549381789137379
1992-10-29,5.61,160.54,16.45,6.61,968.65,0.007938711661341852
1992-10-30,4.92,62.18,8.5,5.26,900.9,0.009160051916932907
1992-10-31,1.0,176.83,14.71,7.0,1000.0,0.013434742811501598
1992-11-01,2.56,166.56,14.94,6.56,965.19,0.013434742811501598
1992-11-02,7.72,168.22,12.53,2.84,747.39,0.020152114217252392
1992-11-03,10.55,150.36,10.65,2.34,720.0,0.028701496006389778
1992-11-04,0.54,167.86,5.93,-1.0,560.0,0.020152114217252392
1992-11-05,0.0,258.24,6.04,-4.91,440.0,0.029312166134185302
1992-11-06,0.0,236.6,6.79,-2.94,484.41,0.02137345447284345
1992-11-07,0.0,263.66,11.35,-0.19,600.0,0.016488093450479233
1992-11-08,0.0,247.55,15.27,4.52,841.79,0.016488093450479233
1992-11-09,0.0,208.51,18.96,9.99,1239.47,0.016488093450479233
1992-11-10,0.0,218.61,19.56,10.17,1253.27,0.017098763578274757
1992-11-11,12.66,109.76,10.13,4.59,847.25,0.02503747523961661
1992-11-12,12.73,131.5,9.5,2.98,758.73,0.6534170367412141
1992-11-13,0.0,261.52,10.25,-0.5,600.0,0.3175484664536741
1992-11-14,0.0,298.89,14.63,0.31,624.66,0.07938711661341853
1992-11-15,0.0,315.81,19.01,1.16,652.86,0.04335757907348242
1992-11-16,0.0,291.74,20.0,4.9,872.34,0.03236551677316293
1992-11-17,0.0,198.62,16.03,7.85,1067.74,0.026869485623003196
1992-11-18,18.48,86.1,13.34,9.02,1161.3,0.2686948562300319
1992-11-19,40.3,105.29,11.26,6.04,929.89,11.602732428115017
1992-11-20,4.28,68.99,7.0,4.09,807.22,13.556876837060702
1992-11-21,3.44,83.92,6.0,2.3,720.02,0.9343252955271565
1992-11-22,8.28,113.99,4.67,-0.44,600.0,0.8976850878594248
1992-11-23,0.11,255.23,8.62,-1.56,553.84,0.9953923083067092
1992-11-24,10.08,138.38,8.52,2.18,719.2,0.8182979712460063
1992-11-25,30.08,112.69,3.64,-1.21,560.13,12.3966035942492
1992-11-26,0.0,110.77,-0.71,-4.0,440.52,8.488314776357827
1992-11-27,0.0,237.2,1.01,-7.0,360.0,1.038139217252396
1992-11-28,0.0,279.62,3.08,-8.0,329.09,0.48853610223642174
1992-11-29,0.0,264.01,4.49,-5.67,401.52,0.6289902316293929
1992-11-30,0.0,258.85,5.29,-4.7,440.0,0.6778438418530351
1992-12-01,0.0,289.95,8.82,-5.0,440.0,0.43968249201277954
1992-12-02,0.0,255.26,8.31,-2.0,520.0,0.24426805111821087
1992-12-03,0.0,242.08,10.04,0.41,633.16,0.1954144408945687
1992-12-04,0.0,203.94,5.31,-2.0,525.18,0.15877423322683706
1992-12-05,0.0,119.39,-0.2,-4.0,440.23,0.14045412939297125
1992-12-06,5.84,123.61,0.72,-4.71,440.0,0.14045412939297125
1992-12-07,0.0,263.65,2.56,-8.16,320.0,0.13434742811501596
1992-12-08,0.0,269.7,4.09,-7.5,360.0,0.1282407268370607
1992-12-09,2.0,188.41,5.51,-0.98,561.86,0.15877423322683706
1992-12-10,0.0,226.2,9.02,0.5,640.0,0.23205464856230032
1992-12-11,0.0,281.78,11.62,-3.0,480.0,0.20152114217252395
1992-12-12,0.0,247.07,12.9,2.12,720.0,0.14045412939297125
1992-12-13,12.09,159.77,11.74,3.47,784.92,2.3571866932907346
1992-12-14,18.57,123.82,4.97,-0.64,585.65,10.137124121405751
1992-12-15,2.88,118.19,2.19,-2.65,505.33,6.473103354632587
1992-12-16,0.0,182.22,0.66,-5.17,426.46,0.8793649840255591
1992-12-17,0.0,148.51,1.54,-3.0,480.0,0.4030422843450479
1992-12-18,0.0,240.24,7.06,-1.95,524.11,0.293121661341853
1992-12-19,0.0,236.43,6.8,-2.02,520.0,0.2564814536741214
1992-12-20,0.0,245.53,3.0,-6.43,369.81,0.2137345447284345
1992-12-21,0.0,266.34,7.35,-4.5,440.0,0.1954144408945687
1992-12-22,0.0,271.16,9.38,-3.5,480.0,0.1893077396166134
1992-12-23,0.0,269.34,8.62,-4.0,440.0,0.1709876357827476
1992-12-24,0.0,281.15,4.9,-9.5,280.0,0.15877423322683706
1992-12-25,0.0,221.23,3.08,-5.55,410.3,0.15266753194888177
1992-12-26,0.0,260.21,5.0,-6.84,360.0,0.14045412939297125
1992-12-27,0.0,228.43,6.07,-3.35,480.0,0.14045412939297125
1992-12-28,0.03,229.24,8.94,-0.62,589.78,0.14045412939297125
1992-12-29,0.75,256.15,14.31,2.06,708.35,0.1465608306709265
1992-12-30,0.0,248.01,9.46,-1.64,546.64,0.1465608306709265
1992-12-31,0.38,252.08,11.88,0.21,627.5,0.14045412939297125
1993-01-01,0.0,189.24,-4.85,-10.99,278.69,0.10381392172523961
1993-01-02,5.85,171.81,1.72,-5.75,400.0,0.13434742811501596
1993-01-03,0.63,276.88,10.5,-0.76,579.39,0.15877423322683706
1993-01-04,1.83,280.47,6.67,-4.5,440.0,0.1893077396166134
1993-01-05,0.0,234.66,1.72,-5.94,400.0,0.1709876357827476
1993-01-06,0.0,217.34,1.47,-5.35,411.66,0.1465608306709265
1993-01-07,0.0,122.82,1.55,-1.99,520.67,0.14045412939297125
1993-01-08,2.04,95.2,0.31,-2.51,519.15,0.1465608306709265
1993-01-09,13.12,106.41,-1.85,-5.83,395.67,0.1465608306709265
1993-01-10,7.21,77.91,-4.18,-6.85,360.0,0.14045412939297125
1993-01-11,0.0,193.48,-0.97,-6.24,379.48,0.15266753194888177
1993-01-12,0.54,284.96,1.88,-7.11,360.0,0.15266753194888177
1993-01-13,0.0,288.52,-3.86,-12.69,240.0,0.10992062300319488
1993-01-14,0.0,222.25,-4.94,-10.98,271.05,0.10381392172523961
1993-01-15,0.0,239.91,0.88,-5.83,400.0,0.15266753194888177
1993-01-16,0.0,251.55,3.23,-3.95,443.96,0.1465608306709265
1993-01-17,0.0,247.65,1.5,-5.41,409.7,0.15266753194888177
1993-01-18,2.85,152.67,-2.3,-7.14,360.0,0.1465608306709265
1993-01-19,0.0,155.93,-2.6,-6.5,360.0,0.13434742811501596
1993-01-20,12.54,102.41,0.0,-3.38,480.0,0.18320103833865814
1993-01-21,0.0,295.35,4.36,-4.47,441.3,0.2992283626198083
1993-01-22,0.0,350.23,7.61,-4.93,424.88,0.5434964137380192
1993-01-23,0.0,310.33,7.57,-1.84,532.78,1.624382539936102
1993-01-24,0.0,334.44,3.95,-6.56,367.25,2.1434521485623
1993-01-25,0.0,331.72,5.25,-5.03,437.85,1.3617943849840255
1993-01-26,0.0,364.33,9.16,-4.0,440.0,1.4900351118210862
1993-01-27,0.0,377.14,12.22,-3.09,451.18,2.900683107028754
1993-01-28,0.0,364.74,11.73,-1.92,496.63,4.928107931309904
1993-01-29,0.0,363.16,2.66,-9.54,284.75,2.7541222763578275
1993-01-30,0.0,380.53,5.18,-8.99,315.35,0.7144840495207668
1993-01-31,0.0,379.14,12.92,-3.5,431.92,0.3664020766773163
1993-02-01,0.0,370.95,14.0,-1.75,491.56,0.3358685702875399
1993-02-02,0.0,363.1,13.45,-0.68,535.52,0.34808197284345044
1993-02-03,10.16,206.47,10.56,2.62,729.67,2.59534804313099
1993-02-04,12.91,123.24,6.83,2.66,736.58,8.610448801916933
1993-02-05,4.62,137.03,6.41,1.61,689.1,6.350969329073482
1993-02-06,0.0,353.93,12.08,-1.99,520.67,1.2763005670926517
1993-02-07,0.0,360.74,15.55,-0.47,596.14,0.5557098162939297
1993-02-08,0.0,346.64,14.48,0.5,640.0,0.38472218051118207
1993-02-09,0.0,359.64,16.03,0.08,606.43,0.30533506389776355
1993-02-10,0.0,239.4,13.57,5.87,920.0,0.42136238817891375
1993-02-11,11.28,194.4,9.32,1.18,661.78,4.1830903753993605
1993-02-12,0.73,246.88,4.61,-3.24,479.01,2.180092356230032
1993-02-13,0.0,339.5,8.66,-3.5,480.0,0.586243322683706
1993-02-14,0.0,330.35,8.27,-3.23,480.0,0.32976186900958465
1993-02-15,9.62,219.02,3.93,-5.3,415.92,0.3175484664536741
1993-02-16,8.36,248.03,-4.17,-13.28,220.38,0.28701496006389776
1993-02-17,0.0,191.99,-9.88,-14.59,200.0,0.21984124600638977
1993-02-18,0.0,358.04,-6.9,-17.04,160.0,0.20152114217252395
1993-02-19,0.0,386.28,2.35,-9.49,280.84,0.23816134984025558
1993-02-20,0.0,320.65,6.59,-2.46,520.0,0.4457891932907348
1993-02-21,0.0,328.67,5.66,-3.48,480.0,2.3755067971246007
1993-02-22,0.0,333.07,2.38,-6.68,360.61,2.0396382268370608
1993-02-23,1.08,317.83,0.45,-7.88,333.54,0.7389108546325879
1993-02-24,0.0,218.04,-1.43,-6.65,360.0,0.42136238817891375
1993-02-25,4.72,153.04,-0.96,-5.67,400.0,0.31144176517571887
1993-02-26,0.0,336.24,-2.81,-10.93,274.32,0.21984124600638977
1993-02-27,0.0,394.86,2.6,-7.59,346.32,0.21984124600638977
1993-02-28,0.0,382.85,6.67,-3.02,480.18,0.22594794728434506
1993-03-01,0.0,186.07,6.48,2.5,720.0,0.4518958945686901
1993-03-02,15.28,141.13,6.13,2.03,720.0,5.697552292332268
1993-03-03,0.85,231.29,5.74,0.67,640.0,5.39832392971246
1993-03-04,0.0,266.66,7.45,1.5,680.0,0.7511242571884984
1993-03-05,0.0,427.44,10.81,-2.0,520.0,0.39693558306709265
1993-03-06,0.0,378.97,10.66,0.73,640.0,0.2992283626198083
1993-03-07,0.0,460.82,16.65,-1.0,554.83,0.2564814536741214
1993-03-08,0.0,455.78,18.66,1.79,661.67,0.23205464856230032
1993-03-09,0.0,446.39,19.0,3.64,745.3,0.2137345447284345
1993-03-10,0.0,429.81,15.03,2.04,689.05,0.1893077396166134
1993-03-11,0.0,325.32,6.48,-1.0,560.0,0.17709433706070285
1993-03-12,5.19,215.08,3.0,-3.22,480.0,0.18320103833865814
1993-03-13,0.0,406.83,1.99,-8.04,321.54,0.18320103833865814
1993-03-14,0.0,484.62,10.27,-6.45,364.32,0.17709433706070285
1993-03-15,0.0,409.78,12.12,1.42,673.24,0.17709433706070285
1993-03-16,0.0,404.42,13.44,3.01,760.76,0.1709876357827476
1993-03-17,0.0,386.81,4.96,-4.17,440.0,0.15877423322683706
1993-03-18,0.0,174.73,0.46,-3.0,480.27,0.1465608306709265
1993-03-19,4.01,250.34,6.81,-0.5,600.0,0.15877423322683706
1993-03-20,0.0,398.95,11.45,1.88,707.52,0.16488093450479233
1993-03-21,0.0,432.65,13.5,2.5,720.0,0.15877423322683706
1993-03-22,0.01,423.01,12.37,1.97,712.7,0.15877423322683706
1993-03-23,0.0,507.63,13.03,-3.4,448.26,0.15266753194888177
1993-03-24,0.0,500.36,18.53,1.94,635.53,0.1465608306709265
1993-03-25,0.0,481.19,16.11,1.88,644.7,0.14045412939297125
1993-03-26,0.0,509.39,16.18,-1.0,520.0,0.13434742811501596
1993-03-27,0.0,504.52,20.17,2.77,659.76,0.13434742811501596
1993-03-28,0.0,427.74,23.5,11.0,1202.18,0.13434742811501596
1993-03-29,0.0,445.87,23.8,10.36,1125.38,0.14045412939297125
1993-03-30,13.99,312.46,20.23,8.55,1124.4,0.23205464856230032
1993-03-31,1.6,217.08,10.76,5.69,920.0,0.8366180750798721
1993-04-01,0.0,275.22,8.08,1.72,697.97,0.32365516773162933
1993-04-02,0.0,490.99,11.41,-3.38,480.0,0.18320103833865814
1993-04-03,0.0,273.79,11.63,5.09,887.06,0.15266753194888177
1993-04-04,5.81,145.26,8.02,3.7,797.67,0.1465608306709265
1993-04-05,0.0,207.96,7.71,3.15,771.71,0.17709433706070285
1993-04-06,0.0,285.14,11.29,4.99,879.51,0.1709876357827476
1993-04-07,9.72,288.6,16.62,7.49,1039.5,0.16488093450479233
1993-04-08,0.0,430.13,14.87,4.54,843.23,1.300727372204473
1993-04-09,0.0,549.44,21.52,1.98,618.48,0.3541886741214057
1993-04-10,0.0,522.76,23.5,6.81,834.28,0.1893077396166134
1993-04-11,0.0,509.28,22.77,7.2,846.37,0.1465608306709265
1993-04-12,0.0,452.18,19.49,7.46,929.97,0.13434742811501596
1993-04-13,0.0,359.15,14.54,6.27,939.26,0.12213402555910544
1993-04-14,0.0,292.6,10.28,4.0,800.0,0.11602732428115016
1993-04-15,0.47,321.94,11.15,4.0,800.0,0.10992062300319488
1993-04-16,0.0,543.81,16.59,0.08,524.75,0.10381392172523961
1993-04-17,13.56,292.6,15.91,6.66,972.92,0.15266753194888177
1993-04-18,0.03,532.31,22.39,5.5,769.56,0.48853610223642174
1993-04-19,0.0,461.7,22.1,9.54,1066.46,0.2686948562300319
1993-04-20,0.0,490.66,18.0,4.48,759.66,0.15266753194888177
1993-04-21,0.0,521.31,16.0,1.0,567.4,0.11602732428115016
1993-04-22,0.0,544.43,21.64,4.28,663.27,0.10381392172523961
1993-04-23,0.0,480.79,23.92,10.45,1047.33,0.10381392172523961
1993-04-24,0.0,461.96,22.63,10.25,1062.45,0.10381392172523961
1993-04-25,0.0,509.62,22.52,8.0,870.54,0.10381392172523961
1993-04-26,0.0,541.07,24.13,7.4,797.18,0.09770722044728435
1993-04-27,0.0,456.6,24.06,12.0,1180.56,0.09160051916932907
1993-04-28,6.57,267.62,21.5,12.97,1481.08,0.2503747523961661
1993-04-29,13.09,311.96,21.0,10.75,1299.74,0.3786154792332268
1993-04-30,0.0,482.66,22.5,9.5,1047.87,0.15877423322683706
1993-05-01,35.8,284.68,21.33,12.0,1400.0,6.900572444089456
1993-05-02,37.29,207.45,15.22,9.16,1173.05,22.655861741214057
1993-05-03,16.07,253.98,17.16,9.48,1198.58,26.56415055910543
1993-05-04,0.0,531.64,24.5,7.97,1077.8,3.0533506389776357
1993-05-05,0.0,358.39,25.75,16.5,1880.0,0.7633376597444089
1993-05-06,0.0,289.52,24.04,16.89,1910.88,0.49464280351437695
1993-05-07,7.44,218.45,24.52,17.32,1971.63,0.6717371405750798
1993-05-08,38.86,284.64,23.0,13.5,1560.0,14.778217092651756
1993-05-09,47.63,139.46,15.51,11.57,1365.36,35.17459936102236
1993-05-10,27.14,123.07,14.04,10.79,1303.22,38.22795
1993-05-11,12.24,163.58,15.35,11.01,1320.93,9.526453993610223
1993-05-12,1.47,408.32,20.0,10.96,1316.77,6.076167771565495
1993-05-13,0.0,444.41,21.93,11.52,1361.64,1.190806749201278
1993-05-14,0.0,553.47,25.55,8.54,1122.89,0.6534170367412141
1993-05-15,0.0,488.6,27.5,14.0,1600.0,0.4580025958466454
1993-05-16,3.82,311.75,25.34,15.25,1740.14,0.3541886741214057
1993-05-17,0.18,453.53,25.5,14.01,1601.15,0.6228835303514377
1993-05-18,22.27,331.13,23.88,13.23,1517.14,17.52623266773163
1993-05-19,0.0,445.71,19.09,8.9,1151.88,4.451785231629392
1993-05-20,2.42,456.52,19.43,7.02,1001.97,0.7694443610223641
1993-05-21,0.0,464.69,22.0,10.99,1318.89,0.5312830111821086
1993-05-22,0.0,488.79,25.0,12.72,1457.76,0.4030422843450479
1993-05-23,6.09,326.25,25.9,15.63,1770.49,0.5068562060702875
1993-05-24,0.0,473.05,24.97,13.5,1560.0,0.8610448801916932
1993-05-25,0.49,437.86,23.09,13.27,1523.66,0.3786154792332268
1993-05-26,0.0,504.29,25.0,12.47,1437.31,0.2564814536741214
1993-05-27,0.0,501.31,28.88,15.63,1770.26,0.22594794728434506
1993-05-28,0.0,509.84,29.0,15.11,1728.84,0.20152114217252395
1993-05-29,5.96,263.67,26.19,18.5,2120.47,0.1954144408945687
1993-05-30,26.38,357.91,28.45,16.39,1860.14,9.70965503194888
1993-05-31,0.0,538.29,26.5,11.49,1359.22,2.2594794728434504
1993-06-01,0.0,478.17,25.3,13.5,1560.0,0.48853610223642174
1993-06-02,0.0,450.02,27.5,16.33,1853.35,0.28701496006389776
1993-06-03,4.39,313.08,24.6,15.12,1729.73,0.23205464856230032
1993-06-04,0.0,333.92,20.07,13.24,1518.8,0.20152114217252395
1993-06-05,0.0,526.36,22.56,9.01,1161.06,0.18320103833865814
1993-06-06,0.0,462.98,28.99,17.02,1922.56,0.1709876357827476
1993-06-07,0.0,357.25,30.8,22.08,2652.48,0.20762784345047922
1993-06-08,0.68,433.41,30.26,18.55,2135.63,0.34808197284345044
1993-06-09,0.16,460.81,28.37,16.01,1802.59,0.17709433706070285
1993-06-10,0.1,456.17,26.93,15.0,1720.0,0.14045412939297125
1993-06-11,0.0,412.63,28.53,17.86,2058.31,1.374007787539936
1993-06-12,12.73,322.56,29.4,18.5,2120.0,0.9831789057507987
1993-06-13,0.0,434.03,31.98,20.0,2320.0,0.26258815495207666
1993-06-14,0.0,425.84,31.21,19.74,2299.36,0.15877423322683706
1993-06-15,0.0,464.5,31.07,18.03,2082.36,0.14045412939297125
1993-06-16,0.0,421.74,33.32,21.49,2558.38,0.11602732428115016
1993-06-17,0.0,411.63,32.5,21.22,2514.54,0.10381392172523961
1993-06-18,8.59,252.97,29.1,20.75,2439.36,0.1465608306709265
1993-06-19,22.78,285.74,27.11,17.83,2053.47,3.7250877795527155
1993-06-20,0.03,479.41,31.0,17.29,1966.05,1.5633155271565495
1993-06-21,0.0,441.72,31.86,19.62,2289.42,0.3541886741214057
1993-06-22,0.0,423.99,31.5,20.0,2320.0,0.1954144408945687
1993-06-23,0.0,396.28,30.26,19.99,2321.68,1.5449954233226835
1993-06-24,26.13,263.22,28.69,20.05,2332.79,8.060845686900958
1993-06-25,0.0,485.63,29.11,15.56,1765.88,1.2885139696485621
1993-06-26,0.0,447.1,30.37,18.27,2101.36,0.37250877795527154
1993-06-27,14.53,358.43,32.5,18.49,2124.05,1.2579804632587859
1993-06-28,10.94,348.28,32.73,19.14,2223.0,4.555599153354632
1993-06-29,1.05,368.1,32.88,22.63,2740.26,3.584633650159744
1993-06-30,0.0,383.44,33.5,23.06,2809.93,0.4335757907348243
1993-07-01,0.0,378.55,32.62,22.55,2728.0,0.18320103833865814
1993-07-02,0.0,446.5,33.82,20.91,2465.1,0.12213402555910544
1993-07-03,0.0,356.96,33.0,23.5,2880.0,0.0854938178913738
1993-07-04,0.0,319.73,31.19,23.04,2806.33,0.1282407268370607
1993-07-05,0.0,336.25,31.62,23.04,2806.08,0.720590750798722
1993-07-06,0.02,407.32,30.77,20.16,2347.0,0.1282407268370607
1993-07-07,19.08,317.85,30.36,19.17,2227.65,0.49464280351437695
1993-07-08,10.77,271.67,32.0,22.6,2736.23,0.7144840495207668
1993-07-09,0.0,392.9,33.0,22.46,2713.84,0.18320103833865814
1993-07-10,0.0,410.34,34.0,22.63,2740.27,0.07328041533546326
1993-07-11,0.0,460.17,33.34,20.0,2320.0,2.3632933945686903
1993-07-12,56.84,324.18,30.49,18.97,2195.16,19.724645127795526
1993-07-13,0.0,381.51,31.54,21.62,2579.72,3.0533506389776357
1993-07-14,51.35,276.13,29.83,20.64,2423.16,9.160051916932908
1993-07-15,5.12,278.05,29.39,20.79,2446.63,21.129186421725237
1993-07-16,0.0,385.35,32.99,22.85,2776.19,1.929717603833866
1993-07-17,0.0,421.46,34.0,22.31,2690.12,0.6473103354632587
1993-07-18,8.09,335.9,33.01,20.36,2377.6,0.37250877795527154
1993-07-19,0.0,380.74,31.24,21.43,2549.24,0.2748015575079872
1993-07-20,0.0,407.27,33.54,22.43,2708.49,0.22594794728434506
1993-07-21,2.28,380.56,34.05,21.77,2603.23,0.1954144408945687
1993-07-22,0.0,435.1,34.79,22.2,2671.47,0.1893077396166134
1993-07-23,0.0,411.77,36.46,24.29,3045.45,0.1893077396166134
1993-07-24,0.0,391.23,37.0,25.4,3255.69,0.13434742811501596
1993-07-25,0.0,432.26,36.35,23.25,2840.31,0.10992062300319488
1993-07-26,0.0,405.08,36.5,24.5,3080.0,0.09160051916932907
1993-07-27,0.0,451.14,36.99,22.72,2755.36,0.07938711661341853
1993-07-28,0.0,421.76,34.99,22.73,2756.61,0.07328041533546326
1993-07-29,0.0,437.24,35.43,22.28,2684.61,0.06717371405750798
1993-07-30,0.0,462.22,38.0,22.5,2719.99,0.06106701277955272
1993-07-31,0.0,429.76,39.5,25.0,3160.0,0.05984567252396167
1993-08-01,0.0,420.11,37.26,24.0,2999.3,0.05618165175718849
1993-08-02,0.0,464.98,31.98,18.01,2080.76,0.05312830111821086
1993-08-03,3.8,316.02,29.08,17.5,2000.11,0.05373897124600639
1993-08-04,0.0,391.31,26.54,16.38,1854.88,0.05312830111821086
1993-08-05,22.92,266.37,24.33,15.55,1764.37,0.1709876357827476
1993-08-06,25.45,263.12,24.64,16.0,1800.0,0.31144176517571887
1993-08-07,0.0,437.46,27.5,15.5,1759.94,0.22594794728434506
1993-08-08,0.0,338.13,27.75,19.08,2212.06,0.11602732428115016
1993-08-09,0.07,358.05,32.5,22.5,2719.99,0.09160051916932907
1993-08-10,0.0,403.31,35.0,22.78,2765.52,0.06717371405750798
1993-08-11,0.0,394.76,35.35,23.34,2854.47,0.06717371405750798
1993-08-12,0.0,402.83,35.57,23.09,2814.91,0.06106701277955272
1993-08-13,0.0,437.83,36.0,21.59,2574.06,0.05984567252396167
1993-08-14,0.0,409.6,36.56,23.18,2828.26,0.058624332268370605
1993-08-15,0.0,407.42,37.49,23.78,2950.35,0.045800259584664535
1993-08-16,0.0,411.04,38.16,23.94,2986.76,0.043968249201277954
1993-08-17,0.0,417.93,38.0,23.43,2868.74,0.04213623881789137
1993-08-18,0.0,410.74,38.0,23.61,2909.9,0.03541886741214057
1993-08-19,0.0,419.91,38.01,23.03,2804.37,0.03236551677316293
1993-08-20,0.0,404.82,37.02,23.0,2800.0,0.03114417651757188
1993-08-21,0.0,405.26,37.93,23.5,2880.0,0.03053350638977636
1993-08-22,0.0,391.51,38.5,24.44,3069.63,0.028701496006389778
1993-08-23,0.0,403.54,35.8,21.88,2621.46,0.02748015575079872
1993-08-24,0.0,408.44,33.5,19.94,2315.11,0.026869485623003196
1993-08-25,0.0,423.44,35.5,20.5,2400.0,0.026258815495207664
1993-08-26,0.0,407.36,36.96,22.26,2681.81,0.02503747523961661
1993-08-27,0.0,420.04,36.5,21.12,2498.89,0.024426805111821086
1993-08-28,0.0,401.22,35.0,20.95,2472.65,0.023816134984025558
1993-08-29,0.0,389.14,35.72,22.0,2640.0,0.024426805111821086
1993-08-30,0.0,419.61,34.54,19.58,2286.65,0.021984124600638977
1993-08-31,0.56,374.22,27.04,15.5,1760.0,0.01954144408945687
1993-09-01,0.0,389.34,25.54,13.78,1582.05,0.018930773961661342
1993-09-02,0.0,405.32,31.58,17.9,2063.17,0.029312166134185302
1993-09-03,22.21,308.91,27.88,14.49,1639.44,0.03358685702875399
1993-09-04,0.0,462.39,29.38,12.5,1440.0,0.028701496006389778
1993-09-05,0.0,443.59,31.55,15.0,1720.0,0.023816134984025558
1993-09-06,0.0,357.13,26.64,15.22,1735.31,0.022594794728434505
1993-09-07,0.0,259.72,22.18,14.56,1649.29,0.022594794728434505
1993-09-08,0.0,321.42,23.72,13.9,1591.89,0.02320546485623003
1993-09-09,0.0,451.61,29.52,12.35,1427.61,0.022594794728434505
1993-09-10,0.0,442.63,29.22,12.5,1440.0,0.021984124600638977
1993-09-11,0.0,415.56,31.09,15.35,1748.09,0.020762784345047924
1993-09-12,0.0,353.76,33.47,20.33,2372.73,0.018320103833865814
1993-09-13,2.29,385.82,30.95,14.11,1608.97,0.018930773961661342
1993-09-14,6.84,290.11,17.79,7.52,1041.92,0.018930773961661342
1993-09-15,0.0,452.77,19.67,3.16,773.09,0.018930773961661342
1993-09-16,0.0,451.86,23.26,6.0,920.0,0.018320103833865814
1993-09-17,0.0,418.71,25.95,10.23,1258.12,0.018320103833865814
1993-09-18,0.0,369.86,27.69,14.27,1621.27,0.018930773961661342
1993-09-19,0.0,338.82,28.29,16.16,1825.2,0.018930773961661342
1993-09-20,0.0,429.83,29.83,11.99,1399.56,0.018930773961661342
1993-09-21,0.0,426.23,33.27,14.34,1627.3,0.017709433706070286
1993-09-22,0.0,381.74,34.87,18.44,2115.21,0.017709433706070286
1993-09-23,0.51,316.92,24.86,13.25,1522.45,0.014656083067092651
1993-09-24,6.0,119.13,17.71,12.77,1461.84,0.015877423322683704
1993-09-25,20.6,212.67,22.19,12.72,1457.98,0.029312166134185302
1993-09-26,0.0,330.1,22.6,11.25,1339.8,0.023816134984025558
1993-09-27,0.0,450.99,25.2,5.1,888.2,0.01282407268370607
1993-09-28,0.0,410.38,26.48,9.5,1200.0,0.012213402555910543
1993-09-29,0.0,368.66,23.73,9.79,1223.53,0.012213402555910543
1993-09-30,0.0,405.12,29.37,11.5,1360.0,0.012213402555910543
1993-10-01,0.0,343.87,28.2,14.41,1633.19,0.017709433706070286
1993-10-02,0.0,326.97,22.34,10.21,1257.08,0.017709433706070286
1993-10-03,0.0,403.31,24.81,7.33,1026.01,0.017098763578274757
1993-10-04,0.0,404.98,29.52,10.5,1280.0,0.017098763578274757
1993-10-05,0.0,361.95,29.16,13.39,1542.03,0.017098763578274757
1993-10-06,0.0,356.73,30.5,14.5,1640.0,0.017098763578274757
1993-10-07,0.0,310.17,29.59,16.3,1847.79,0.016488093450479233
1993-10-08,4.34,224.67,25.04,12.83,1466.59,0.017098763578274757
1993-10-09,0.0,303.63,16.48,4.95,875.97,0.017709433706070286
1993-10-10,0.0,314.57,13.0,1.2,656.3,0.017709433706070286
1993-10-11,0.0,399.38,20.72,2.0,720.0,0.017709433706070286
1993-10-12,0.0,372.38,23.0,6.0,920.0,0.018320103833865814
1993-10-13,0.0,330.51,23.91,9.59,1207.21,0.018320103833865814
1993-10-14,0.0,322.06,24.03,10.0,1239.48,0.018320103833865814
1993-10-15,0.0,197.57,21.1,13.43,1548.29,0.018320103833865814
1993-10-16,19.01,141.07,20.73,13.55,1563.77,0.04641092971246006
1993-10-17,9.79,177.72,17.33,9.41,1192.41,0.04152556869009585
1993-10-18,2.63,105.45,15.53,11.24,1339.11,0.02748015575079872
1993-10-19,0.0,114.8,15.03,11.09,1326.94,0.024426805111821086
1993-10-20,0.0,200.07,15.82,8.78,1142.25,0.022594794728434505
1993-10-21,0.0,386.24,18.49,-0.22,600.0,0.021984124600638977
1993-10-22,0.0,372.52,21.05,3.17,773.27,0.02137345447284345
1993-10-23,0.0,359.42,20.5,3.63,800.0,0.02137345447284345
1993-10-24,0.0,363.8,22.13,3.66,800.0,0.02137345447284345
1993-10-25,0.0,359.72,24.04,4.88,870.17,0.021984124600638977
1993-10-26,0.0,310.22,19.15,5.04,883.5,0.021984124600638977
1993-10-27,0.0,354.67,15.14,-2.5,520.0,0.022594794728434505
1993-10-28,0.0,320.33,18.02,3.0,760.25,0.02320546485623003
1993-10-29,0.0,330.89,14.82,-0.98,561.99,0.023816134984025558
1993-10-30,0.0,235.1,3.0,-6.14,388.96,0.023816134984025558
1993-10-31,0.0,345.93,7.61,-9.44,284.54,0.023816134984025558
1993-11-01,0.0,325.56,13.5,-2.4,520.0,0.023816134984025558
1993-11-02,0.0,263.2,14.56,3.04,763.54,0.02320546485623003
1993-11-03,0.0,347.45,19.17,-0.65,588.28,0.02320546485623003
1993-11-04,0.0,320.31,20.65,3.61,798.69,0.02320546485623003
1993-11-05,0.0,314.61,13.74,-2.0,520.0,0.021984124600638977
1993-11-06,0.0,292.75,6.09,-7.5,360.0,0.023816134984025558
1993-11-07,0.0,311.79,11.93,-4.03,440.0,0.024426805111821086
1993-11-08,0.0,313.73,14.13,-2.71,502.87,0.026258815495207664
1993-11-09,0.0,294.34,13.87,-1.36,554.2,0.029312166134185302
1993-11-10,0.0,326.36,16.5,-3.0,478.58,0.026869485623003196
1993-11-11,0.0,242.84,16.27,4.5,839.67,0.03725087779552715
1993-11-12,8.66,142.98,20.2,11.09,1327.3,0.04518958945686901
1993-11-13,0.89,253.88,17.03,3.78,800.0,0.03480819728434505
1993-11-14,7.2,81.74,7.73,3.12,769.22,0.043968249201277954
1993-11-15,0.03,118.18,5.28,0.29,623.55,0.037861547923322685
1993-11-16,0.23,71.3,3.76,1.0,640.0,0.037861547923322685
1993-11-17,1.07,138.43,7.75,1.47,677.64,0.03847221805111821
1993-11-18,0.0,236.63,13.88,1.99,718.88,0.0360295375399361
1993-11-19,0.0,212.9,11.25,0.89,640.0,0.034197527156549515
1993-11-20,0.0,271.64,10.9,-3.82,454.32,0.03236551677316293
1993-11-21,0.0,279.96,15.17,-1.0,560.0,0.03358685702875399
1993-11-22,0.0,251.4,16.17,2.59,729.33,0.03114417651757188
1993-11-23,0.0,248.01,14.43,1.29,663.44,0.034197527156549515
1993-11-24,0.0,185.69,1.22,-7.1,360.0,0.03114417651757188
1993-11-25,0.0,184.04,-3.11,-11.23,261.96,0.029922836261980834
1993-11-26,0.0,269.62,2.02,-12.0,240.0,0.029922836261980834
1993-11-27,0.0,286.25,8.96,-7.75,339.6,0.03175484664536741
1993-11-28,0.0,294.3,14.53,-4.64,440.0,0.03358685702875399
1993-11-29,0.0,276.26,13.11,-3.5,480.0,0.03358685702875399
1993-11-30,0.0,274.27,15.5,-1.35,559.92,0.034197527156549515
1993-12-01,0.0,228.24,15.76,3.5,799.92,0.03664020766773163
1993-12-02,0.0,282.83,16.42,-2.5,520.0,0.03725087779552715
1993-12-03,1.53,185.4,12.18,2.85,748.0,0.03725087779552715
1993-12-04,8.3,169.88,11.62,-0.24,600.0,0.04213623881789137
1993-12-05,0.0,246.67,13.5,-0.19,600.0,0.03664020766773163
1993-12-06,0.0,235.35,9.82,-2.65,508.04,0.034197527156549515
1993-12-07,0.0,246.58,12.04,-1.61,551.39,0.03541886741214057
1993-12-08,0.0,265.75,13.02,-3.0,480.0,0.03541886741214057
1993-12-09,0.0,223.04,16.15,4.19,814.85,0.03725087779552715
1993-12-10,0.0,251.14,16.02,1.5,679.62,0.03541886741214057
1993-12-11,0.0,258.23,12.1,-3.0,480.0,0.034197527156549515
1993-12-12,0.0,213.3,14.47,3.21,776.65,0.03480819728434505
1993-12-13,4.62,137.99,12.13,3.07,765.35,0.04213623881789137
1993-12-14,0.0,89.35,3.5,-0.43,600.0,0.0360295375399361
1993-12-15,0.0,70.43,2.67,-0.33,600.0,0.03541886741214057
1993-12-16,0.0,48.04,3.22,1.5,680.0,0.03541886741214057
1993-12-17,0.0,169.23,6.48,-1.51,558.63,0.03664020766773163
1993-12-18,0.0,222.75,8.01,-3.49,480.0,0.0360295375399361
1993-12-19,0.0,227.92,8.31,-3.7,463.85,0.03541886741214057
1993-12-20,0.0,188.19,6.3,-2.7,504.31,0.03541886741214057
1993-12-21,0.0,257.96,8.28,-6.5,360.0,0.03480819728434505
1993-12-22,0.0,219.77,4.92,-6.0,400.0,0.03541886741214057
1993-12-23,0.0,244.71,4.45,-8.5,320.0,0.03541886741214057
1993-12-24,0.0,270.27,7.0,-9.56,288.82,0.03541886741214057
1993-12-25,0.0,220.26,8.4,-3.0,480.0,0.03725087779552715
1993-12-26,0.0,256.93,13.57,-1.81,534.96,0.03847221805111821
1993-12-27,0.0,241.34,9.47,-3.68,465.05,0.03725087779552715
1993-12-28,0.0,172.0,-1.06,-8.72,320.0,0.0360295375399361
1993-12-29,0.0,244.98,4.06,-8.5,320.0,0.03480819728434505
1993-12-30,0.0,286.06,9.55,-9.18,300.68,0.03480819728434505
1993-12-31,0.0,280.87,14.36,-4.11,433.29,0.03847221805111821
1994-01-01,0.0,231.97,11.99,0.23,618.41,0.03908288817891374
1994-01-02,0.0,191.25,8.01,-0.76,579.81,0.037861547923322685
1994-01-03,1.05,265.22,4.19,-7.56,348.59,0.03847221805111821
1994-01-04,0.0,222.0,4.3,-4.74,440.0,0.03908288817891374
1994-01-05,0.0,272.41,12.34,-3.08,480.0,0.03908288817891374
1994-01-06,0.0,255.02,6.91,-5.99,399.41,0.03908288817891374
1994-01-07,0.0,250.24,-1.68,-13.65,200.0,0.03053350638977636
1994-01-08,0.0,293.25,7.5,-10.0,280.0,0.03480819728434505
1994-01-09,0.0,269.98,8.69,-5.56,400.0,0.04091489856230032
1994-01-10,0.0,224.88,11.46,0.91,640.0,0.04152556869009585
1994-01-11,0.0,225.13,6.18,-4.06,440.0,0.04091489856230032
1994-01-12,0.0,177.65,4.98,-2.51,514.21,0.04213623881789137
1994-01-13,0.0,289.37,12.0,-4.41,442.08,0.04335757907348242
1994-01-14,0.0,237.77,3.9,-6.79,360.0,0.04213623881789137
1994-01-15,0.0,163.46,-2.76,-9.28,297.71,0.039693558306709266
1994-01-16,0.0,232.98,1.6,-8.5,320.0,0.03847221805111821
1994-01-17,0.0,255.19,-1.83,-13.22,222.54,0.03358685702875399
1994-01-18,0.0,196.88,-5.14,-13.0,240.0,0.037861547923322685
1994-01-19,0.0,313.23,5.98,-11.82,240.0,0.037861547923322685
1994-01-20,0.0,248.85,2.38,-8.36,320.0,0.03725087779552715
1994-01-21,0.0,313.69,7.33,-9.92,280.0,0.03541886741214057
1994-01-22,0.0,284.86,13.42,-0.58,585.45,0.037861547923322685
1994-01-23,0.0,222.27,13.39,4.0,800.67,0.04091489856230032
1994-01-24,0.0,254.36,14.93,3.6,794.25,0.04152556869009585
1994-01-25,0.0,231.64,12.96,3.26,772.76,0.04213623881789137
1994-01-26,3.99,208.96,13.98,1.26,660.96,0.04518958945686901
1994-01-27,0.0,298.09,9.0,-4.73,440.0,0.044578919329073485
1994-01-28,0.0,231.87,3.5,-5.5,400.0,0.04152556869009585
1994-01-29,0.0,281.28,5.06,-6.74,360.0,0.040304228434504784
1994-01-30,0.0,235.02,1.4,-7.5,360.0,0.039693558306709266
1994-01-31,0.0,312.7,-0.81,-14.5,200.0,0.03541886741214057
1994-02-01,0.0,316.3,4.74,-9.5,280.27,0.0360295375399361
1994-02-02,0.0,353.38,8.66,-11.0,280.0,0.03664020766773163
1994-02-03,0.0,351.94,12.07,-7.5,360.0,0.03725087779552715
1994-02-04,0.0,311.23,8.69,-5.23,421.38,0.04091489856230032
1994-02-05,0.0,319.27,9.5,-5.0,439.62,0.04091489856230032
1994-02-06,0.0,355.67,15.0,-4.5,440.0,0.04091489856230032
1994-02-07,0.0,329.53,6.57,-8.31,323.88,0.040304228434504784
1994-02-08,0.0,154.88,-7.72,-12.97,239.92,0.0360295375399361
1994-02-09,0.0,264.77,-6.33,-15.99,160.88,0.032976186900958465
1994-02-10,0.0,368.08,4.0,-14.02,200.0,0.0360295375399361
1994-02-11,0.0,368.69,9.0,-9.57,280.0,0.0360295375399361
1994-02-12,0.0,274.88,6.48,-4.0,440.0,0.03908288817891374
1994-02-13,0.0,389.8,12.66,-9.37,294.59,0.037861547923322685
1994-02-14,0.0,356.86,16.0,-1.29,544.2,0.03908288817891374
1994-02-15,0.0,370.54,15.5,-3.32,478.26,0.03664020766773163
1994-02-16,0.0,382.82,19.5,-1.69,505.26,0.0360295375399361
1994-02-17,0.0,351.1,21.5,3.97,772.89,0.03664020766773163
1994-02-18,0.0,238.28,20.23,10.39,1271.3,0.03725087779552715
1994-02-19,0.0,235.54,19.25,10.09,866.87,0.039693558306709266
1994-02-20,0.0,301.81,11.17,-0.51,360.73,0.037861547923322685
1994-02-21,0.0,249.03,4.63,-4.26,356.31,0.03725087779552715
1994-02-22,9.07,107.49,3.21,-1.55,548.46,0.05129629073482428
1994-02-23,6.82,217.19,0.46,-8.51,320.0,0.0494642803514377
1994-02-24,0.0,472.14,12.07,-9.24,171.69,0.04335757907348242
1994-02-25,0.0,448.94,8.43,-9.65,198.33,0.05007495047923322
1994-02-26,0.0,352.61,1.02,-10.5,238.28,0.040304228434504784
1994-02-27,0.0,416.14,7.0,-8.0,229.23,0.037861547923322685
1994-02-28,0.0,179.88,5.74,0.39,626.57,0.040304228434504784
1994-03-01,1.1,192.84,5.64,-0.33,578.88,0.039693558306709266
1994-03-02,0.0,464.68,14.13,-4.14,238.08,0.03908288817891374
1994-03-03,0.0,458.36,24.42,-0.1,265.59,0.03908288817891374
1994-03-04,0.0,439.07,24.78,3.5,350.8,0.039693558306709266
1994-03-05,0.0,444.67,25.42,3.53,338.0,0.039693558306709266
1994-03-06,0.0,399.39,23.65,6.97,500.92,0.039693558306709266
1994-03-07,0.0,329.0,16.98,5.12,519.96,0.03725087779552715
1994-03-08,0.0,248.9,7.51,-0.5,408.11,0.04213623881789137
1994-03-09,0.0,321.33,8.62,-2.0,295.75,0.03541886741214057
1994-03-10,0.0,449.74,15.73,-3.41,160.48,0.034197527156549515
1994-03-11,0.0,433.01,18.08,0.5,240.0,0.03541886741214057
1994-03-12,0.0,369.26,18.0,4.92,327.78,0.03664020766773163
1994-03-13,0.65,458.87,19.38,-0.08,202.36,0.0360295375399361
1994-03-14,0.0,471.44,25.63,3.96,280.0,0.0360295375399361
1994-03-15,0.0,428.63,21.94,5.37,320.0,0.03541886741214057
1994-03-16,0.0,468.48,21.01,1.0,240.0,0.03480819728434505
1994-03-17,0.0,450.86,29.08,10.48,469.33,0.03664020766773163
1994-03-18,0.0,481.13,25.97,4.67,320.0,0.0360295375399361
1994-03-19,0.0,449.81,27.45,9.55,440.0,0.0360295375399361
1994-03-20,0.0,435.21,25.79,9.09,407.58,0.03664020766773163
1994-03-21,0.0,478.0,20.02,-0.05,200.0,0.034197527156549515
1994-03-22,0.0,467.57,25.0,5.58,320.0,0.034197527156549515
1994-03-23,0.0,395.67,27.56,12.96,557.14,0.034197527156549515
1994-03-24,0.0,439.51,18.99,2.02,240.0,0.03236551677316293
1994-03-25,0.0,373.99,11.5,-1.53,200.06,0.03175484664536741
1994-03-26,13.06,141.98,10.11,4.15,676.12,0.05801366214057508
1994-03-27,6.59,229.35,10.76,0.92,510.92,0.04641092971246006
1994-03-28,0.0,413.12,10.87,-3.49,267.69,0.04213623881789137
1994-03-29,0.0,384.8,12.72,-0.16,347.48,0.039693558306709266
1994-03-30,0.0,453.77,12.22,-4.5,221.0,0.04152556869009585
1994-03-31,0.0,500.93,21.99,0.86,240.68,0.04091489856230032
1994-04-01,0.0,513.79,24.66,2.0,240.0,0.03847221805111821
1994-04-02,0.0,443.55,21.88,5.65,337.28,0.044578919329073485
1994-04-03,4.04,341.12,16.36,-0.31,321.32,0.044578919329073485
1994-04-04,0.0,431.42,21.0,5.96,368.61,0.03725087779552715
1994-04-05,4.0,390.67,19.82,-2.02,242.45,0.03847221805111821
1994-04-06,0.0,410.33,10.0,-3.74,268.17,0.03664020766773163
1994-04-07,0.0,468.01,16.65,-0.5,258.5,0.037861547923322685
1994-04-08,0.0,424.03,21.6,6.69,429.12,0.03847221805111821
1994-04-09,7.17,199.53,19.03,10.45,1041.61,0.04152556869009585
1994-04-10,33.45,175.81,14.74,7.5,989.33,1.8014768769968048
1994-04-11,24.64,162.06,13.53,6.99,999.6,1.6732361501597441
1994-04-12,8.81,225.85,13.07,3.99,800.0,3.3281521964856227
1994-04-13,0.0,559.81,27.01,0.5,466.12,0.5434964137380192
1994-04-14,0.0,504.44,28.65,8.42,839.88,0.20762784345047922
1994-04-15,0.0,499.24,26.45,7.16,786.45,0.13434742811501596
1994-04-16,0.0,521.54,24.83,4.0,627.14,0.09770722044728435
1994-04-17,0.0,499.78,28.37,9.0,872.3,0.07938711661341853
1994-04-18,0.0,488.42,29.93,11.13,1006.54,0.06717371405750798
1994-04-19,0.0,471.94,27.8,10.49,997.12,0.06106701277955272
1994-04-20,0.0,441.91,27.89,12.36,1164.86,0.05618165175718849
1994-04-21,3.03,380.99,30.04,14.5,1425.74,0.05251763099041533
1994-04-22,0.81,353.07,23.12,11.65,1270.34,0.05251763099041533
1994-04-23,0.0,434.77,25.5,11.0,1106.44,0.04885361022364217
1994-04-24,0.0,352.07,27.6,16.21,1668.67,0.06717371405750798
1994-04-25,0.0,311.84,25.87,15.99,1733.28,0.06717371405750798
1994-04-26,0.4,484.43,26.89,9.61,937.51,0.06106701277955272
1994-04-27,0.0,533.24,22.16,2.05,542.34,0.2992283626198083
1994-04-28,52.43,229.75,12.74,3.84,800.0,4.641092971246006
1994-04-29,0.0,342.83,11.03,1.14,651.17,2.4610006150159744
1994-04-30,20.51,156.4,8.51,2.98,758.66,4.915894528753993
1994-05-01,0.0,440.59,14.22,1.16,653.51,1.685449552715655
1994-05-02,1.52,219.4,13.22,7.5,1040.0,0.3664020766773163
1994-05-03,0.31,348.16,17.52,8.0,1080.0,0.2137345447284345
1994-05-04,0.0,419.74,21.5,9.25,1176.1,0.16488093450479233
1994-05-05,0.0,513.04,25.99,8.78,1058.92,0.14045412939297125
1994-05-06,0.0,415.23,25.91,13.5,1543.03,0.12213402555910544
1994-05-07,0.0,405.66,20.48,9.2,1174.77,0.10381392172523961
1994-05-08,0.0,444.45,21.15,8.42,1098.94,0.09160051916932907
1994-05-09,0.0,461.84,24.5,10.51,1236.85,0.07938711661341853
1994-05-10,0.0,443.69,25.0,11.59,1336.43,0.07328041533546326
1994-05-11,0.0,464.62,28.27,13.25,1449.82,0.06717371405750798
1994-05-12,0.0,382.7,28.22,16.5,1870.41,0.06717371405750798
1994-05-13,2.12,301.86,26.99,17.48,1996.99,0.06106701277955272
1994-05-14,0.42,351.74,25.03,15.36,1749.02,0.0854938178913738
1994-05-15,10.91,376.91,27.0,11.0,1319.43,0.922111892971246
1994-05-16,0.0,494.92,28.0,12.53,1380.32,0.39693558306709265
1994-05-17,0.0,413.81,28.31,16.5,1864.95,0.1282407268370607
1994-05-18,0.0,454.64,28.13,14.92,1652.11,0.07938711661341853
1994-05-19,0.0,485.12,27.3,12.98,1431.94,0.06106701277955272
1994-05-20,0.0,524.38,27.54,11.05,1226.27,0.051906960862619804
1994-05-21,0.0,499.77,27.6,12.53,1371.43,0.04702159984025559
1994-05-22,0.0,489.3,29.22,14.27,1535.87,0.04213623881789137
1994-05-23,0.0,488.76,30.09,15.0,1603.56,0.03908288817891374
1994-05-24,0.0,496.26,30.99,15.27,1589.04,0.037861547923322685
1994-05-25,0.55,464.25,30.5,16.0,1687.06,0.03725087779552715
1994-05-26,0.0,436.28,27.14,14.83,1623.43,0.0360295375399361
1994-05-27,0.0,488.97,24.99,11.0,1229.06,0.032976186900958465
1994-05-28,0.0,468.83,26.5,13.06,1414.97,0.03175484664536741
1994-05-29,19.71,323.1,29.0,16.51,1880.46,0.05129629073482428
1994-05-30,0.0,467.42,33.04,18.0,1954.93,0.04335757907348242
1994-05-31,0.0,461.74,34.07,19.0,2077.22,0.03847221805111821
1994-06-01,0.0,410.0,32.78,20.0,2291.45,0.03175484664536741
1994-06-02,0.0,415.34,32.5,19.5,2228.28,0.029922836261980834
1994-06-03,31.14,263.44,27.43,17.53,2004.6,0.10992062300319488
1994-06-04,0.0,430.51,30.71,17.55,2008.37,0.04518958945686901
1994-06-05,0.0,449.06,34.0,19.22,2219.38,0.05557098162939297
1994-06-06,20.4,358.59,32.48,16.5,1880.0,0.2503747523961661
1994-06-07,0.0,404.02,33.83,20.94,2470.32,0.14045412939297125
1994-06-08,0.0,409.95,32.47,19.66,2293.05,0.05251763099041533
1994-06-09,0.0,333.3,27.05,17.82,2051.58,0.03358685702875399
1994-06-10,0.0,349.14,26.68,17.12,1938.83,0.02564814536741214
1994-06-11,0.0,409.13,29.67,17.64,2022.38,0.022594794728434505
1994-06-12,0.0,432.01,33.04,19.35,2255.45,0.021984124600638977
1994-06-13,0.0,401.09,34.95,22.0,2640.0,0.020152114217252392
1994-06-14,0.0,357.08,33.92,22.93,2788.32,0.017098763578274757
1994-06-15,0.0,315.46,31.51,22.41,2706.19,0.01526675319488818
1994-06-16,0.0,325.56,31.92,22.5,2719.99,0.014656083067092651
1994-06-17,0.0,382.23,33.57,21.98,2636.82,0.014656083067092651
1994-06-18,0.0,430.64,34.5,20.79,2446.73,0.014045412939297123
1994-06-19,0.0,433.8,34.0,20.37,2379.24,0.014045412939297123
1994-06-20,0.0,436.89,34.99,21.0,2480.0,0.014045412939297123
1994-06-21,0.0,425.81,35.01,21.5,2560.0,0.022594794728434505
1994-06-22,0.02,413.12,35.53,22.49,2717.77,0.028090825878594246
1994-06-23,0.68,436.54,33.76,20.01,2321.69,0.015877423322683704
1994-06-24,0.0,508.26,34.53,17.0,1899.54,0.011602732428115015
1994-06-25,0.0,520.12,40.0,19.2,2097.45,0.010381392172523962
1994-06-26,0.0,488.23,38.07,20.26,2278.37,0.007938711661341852
1994-06-27,0.0,465.62,36.85,20.64,2375.67,0.006717371405750799
1994-06-28,0.0,481.48,37.02,19.77,2227.63,0.006717371405750799
1994-06-29,0.0,505.88,37.58,18.53,2022.58,0.005373897124600639
1994-06-30,6.48,353.11,36.0,19.39,2261.98,0.005679232188498402
1994-07-01,0.0,455.81,37.52,21.21,2491.77,0.005373897124600639
1994-07-02,19.15,346.28,34.76,18.84,2173.67,0.2564814536741214
1994-07-03,8.95,339.49,35.62,20.1,2340.64,0.23816134984025558
1994-07-04,7.56,317.68,36.0,21.4,2544.15,0.09160051916932907
1994-07-05,0.0,391.48,36.0,22.8,2768.73,0.02320546485623003
1994-07-06,0.0,350.47,34.8,23.53,2887.52,0.011602732428115015
1994-07-07,0.0,404.12,31.81,19.14,2222.89,0.007328041533546326
1994-07-08,0.0,430.33,28.74,15.59,1767.0,0.005679232188498402
1994-07-09,0.0,451.65,31.28,16.56,1884.75,0.005007495047923322
1994-07-10,0.0,446.93,33.02,18.0,2054.38,0.004457891932907348
1994-07-11,0.0,424.43,33.0,19.0,2144.35,0.003969355830670926
1994-07-12,0.0,379.13,32.02,20.0,2319.72,0.003664020766773163
1994-07-13,0.0,402.08,32.73,19.71,2249.7,0.09160051916932907
1994-07-14,0.0,369.11,31.56,19.95,2316.45,0.037861547923322685
1994-07-15,11.86,293.16,29.79,17.79,2046.49,0.16488093450479233
1994-07-16,15.59,306.84,32.0,18.6,2135.32,0.46410929712460064
1994-07-17,18.23,289.33,31.5,19.11,2217.23,0.4335757907348243
1994-07-18,0.0,356.17,34.3,22.5,2719.99,0.15266753194888177
1994-07-19,0.0,380.54,36.53,23.28,2845.1,0.02503747523961661
1994-07-20,6.31,260.62,32.73,22.03,2645.26,0.010992062300319488
1994-07-21,15.82,295.01,32.24,19.5,2280.39,0.8793649840255591
1994-07-22,0.0,436.01,34.5,19.35,2256.61,0.15266753194888177
1994-07-23,0.0,380.85,34.07,21.4,2544.46,0.04518958945686901
1994-07-24,0.0,351.45,31.29,20.36,2378.66,0.02137345447284345
1994-07-25,10.14,258.66,30.41,20.03,2334.09,2.839616094249201
1994-07-26,2.07,356.18,28.01,17.25,1960.0,1.57552892971246
1994-07-27,6.02,341.24,27.87,13.88,1590.74,0.5740299201277955
1994-07-28,0.0,447.95,28.13,14.5,1640.0,0.10381392172523961
1994-07-29,0.0,474.37,28.93,14.0,1581.68,0.043968249201277954
1994-07-30,0.0,427.06,31.12,18.0,2041.59,0.03114417651757188
1994-07-31,0.0,442.01,33.16,19.0,2139.09,0.023816134984025558
1994-08-01,0.0,409.02,33.51,20.69,2411.81,0.020762784345047924
1994-08-02,7.8,292.29,32.0,21.11,2497.8,0.018320103833865814
1994-08-03,0.0,337.74,31.17,21.5,2560.0,0.018320103833865814
1994-08-04,0.0,395.2,32.28,20.44,2390.19,0.014045412939297123
1994-08-05,0.0,418.63,30.19,17.79,2044.2,0.012213402555910543
1994-08-06,0.0,492.9,32.96,16.23,1763.82,0.011602732428115015
1994-08-07,0.0,414.76,33.54,20.43,2387.82,0.011602732428115015
1994-08-08,0.0,454.29,33.37,18.5,2086.62,0.011602732428115015
1994-08-09,0.0,428.3,33.77,20.0,2317.73,0.010992062300319488
1994-08-10,0.0,443.43,34.77,19.97,2289.06,0.010381392172523962
1994-08-11,0.0,410.41,35.91,22.22,2670.57,0.010381392172523962
1994-08-12,0.0,429.2,36.89,21.99,2602.5,0.009770722044728435
1994-08-13,0.0,446.83,38.5,21.98,2565.05,0.009770722044728435
1994-08-14,6.62,330.57,33.4,18.61,2146.76,0.009160051916932907
1994-08-15,0.0,504.41,29.5,11.92,1338.08,0.008549381789137379
1994-08-16,0.0,488.18,33.0,15.34,1671.92,0.007938711661341852
1994-08-17,0.0,447.42,32.11,16.85,1894.16,0.007938711661341852
1994-08-18,1.92,403.16,35.0,18.4,2071.21,0.007328041533546326
1994-08-19,0.0,417.19,37.35,21.82,2592.72,0.016488093450479233
1994-08-20,28.42,323.09,34.33,18.83,2173.02,0.11602732428115016
1994-08-21,0.0,439.16,29.3,14.54,1646.52,0.02320546485623003
1994-08-22,0.0,424.56,30.38,16.0,1800.0,0.011602732428115015
1994-08-23,0.0,435.36,33.29,17.5,2000.0,0.009770722044728435
1994-08-24,0.0,381.27,35.31,21.5,2560.0,0.009160051916932907
1994-08-25,0.0,374.45,35.71,21.99,2638.03,0.007938711661341852
1994-08-26,0.57,354.33,35.27,22.51,2721.44,0.007328041533546326
1994-08-27,0.0,382.37,38.42,23.43,2868.52,0.007328041533546326
1994-08-28,0.0,384.46,38.74,23.5,2879.97,0.006717371405750799
1994-08-29,0.0,386.93,35.04,20.62,2418.47,0.006717371405750799
1994-08-30,0.0,347.67,35.8,22.96,2792.84,0.006106701277955272
1994-08-31,27.5,229.12,27.8,18.0,2080.0,0.5801366214057507
1994-09-01,9.32,189.76,23.06,15.5,1759.86,0.15266753194888177
1994-09-02,1.01,213.87,22.94,16.5,1880.0,0.03175484664536741
1994-09-03,1.99,183.01,24.84,19.0,2200.0,0.02137345447284345
1994-09-04,0.0,294.81,30.86,21.14,2502.39,0.017098763578274757
1994-09-05,4.73,271.29,31.36,19.52,2281.96,0.012213402555910543
1994-09-06,8.6,300.0,29.27,16.79,1903.16,0.011602732428115015
1994-09-07,0.0,381.47,28.5,15.77,1781.25,0.03114417651757188
1994-09-08,0.0,387.54,30.4,16.98,1918.23,0.01282407268370607
1994-09-09,0.0,393.58,29.0,15.5,1760.0,0.007328041533546326
1994-09-10,0.0,345.94,29.5,18.0,2080.0,0.00586243322683706
1994-09-11,0.0,392.0,30.74,16.86,1908.44,0.005251763099041533
1994-09-12,0.0,360.62,31.71,19.13,2220.8,0.005496031150159744
1994-09-13,0.0,352.62,32.98,20.45,2392.52,0.004152556869009585
1994-09-14,0.0,336.05,33.39,21.57,2570.46,0.003847221805111821
1994-09-15,0.0,322.76,30.27,19.66,2292.66,0.002992283626198083
1994-09-16,0.0,429.71,29.08,13.35,1535.75,0.0032976186900958468
1994-09-17,0.0,450.81,28.02,10.85,1307.67,0.002992283626198083
1994-09-18,0.0,463.19,28.13,9.5,1200.0,0.002320546485623003
1994-09-19,0.0,453.08,29.42,11.0,1320.0,0.0021373454472843447
1994-09-20,0.0,427.97,30.19,13.37,1539.62,0.0020762784345047924
1994-09-21,2.26,351.62,29.39,14.28,1625.49,0.0026258815495207666
1994-09-22,9.29,314.4,22.78,7.81,1065.01,0.005129629073482428
1994-09-23,1.93,244.28,14.87,7.48,1038.2,0.0021373454472843447
1994-09-24,0.0,409.27,20.0,5.93,920.82,0.0016488093450479234
1994-09-25,0.0,412.21,26.0,10.5,1280.0,0.0016488093450479234
1994-09-26,0.0,406.43,26.35,11.0,1319.85,0.001526675319488818
1994-09-27,0.0,452.98,29.42,8.51,1120.98,0.001465608306709265
1994-09-28,0.0,433.96,30.58,11.0,1320.0,0.001465608306709265
1994-09-29,0.0,425.69,35.54,14.28,1622.68,0.001465608306709265
1994-09-30,0.0,362.14,33.55,17.99,2078.77,0.0014045412939297124
1994-10-01,0.0,377.01,33.36,16.45,1871.57,0.001465608306709265
1994-10-02,0.0,329.46,30.0,16.5,1880.0,0.001526675319488818
1994-10-03,0.53,277.35,27.51,16.51,1878.7,0.001526675319488818
1994-10-04,0.0,246.43,26.41,17.0,1920.0,0.0016488093450479234
1994-10-05,1.45,255.95,27.07,17.03,1925.03,0.0015877423322683706
1994-10-06,1.18,218.53,29.0,19.37,2259.1,0.0015877423322683706
1994-10-07,0.0,311.17,24.81,12.5,1439.99,0.001465608306709265
1994-10-08,0.69,302.21,19.78,8.41,1112.67,0.0013434742811501597
1994-10-09,0.0,397.36,22.0,3.99,800.0,0.0013434742811501597
1994-10-10,0.0,374.6,21.81,5.39,911.53,0.0014045412939297124
1994-10-11,0.0,378.11,21.86,4.81,864.72,0.0012213402555910544
1994-10-12,0.0,397.55,23.5,3.88,800.0,0.0013434742811501597
1994-10-13,0.0,351.48,24.5,8.33,1106.4,0.0014045412939297124
1994-10-14,0.0,313.11,22.0,8.5,1120.0,0.0014045412939297124
1994-10-15,4.5,110.91,18.17,12.5,1440.0,0.0015877423322683706
1994-10-16,4.49,92.0,19.47,14.84,1694.01,0.0017709433706070287
1994-10-17,11.79,72.05,21.37,17.82,2051.16,0.010381392172523962
1994-10-18,9.62,215.32,22.12,11.23,1338.54,0.003664020766773163
1994-10-19,0.0,349.9,24.25,8.0,1080.0,0.001893077396166134
1994-10-20,0.0,347.51,25.32,8.86,1149.05,0.0017098763578274761
1994-10-21,21.44,205.92,24.0,12.48,1438.36,0.010992062300319488
1994-10-22,0.0,318.57,23.29,9.1,1168.07,0.004152556869009585
1994-10-23,0.0,324.82,22.39,7.5,1040.0,0.002809082587859425
1994-10-24,0.0,253.56,18.83,8.5,1120.0,0.0026869485623003194
1994-10-25,0.0,303.7,14.88,2.07,719.62,0.002503747523961661
1994-10-26,0.0,348.28,17.0,0.3,623.82,0.0026869485623003194
1994-10-27,0.0,338.27,19.76,3.5,800.0,0.002503747523961661
1994-10-28,0.0,274.69,19.7,8.0,1079.96,0.002564814536741214
1994-10-29,0.0,194.98,17.0,9.53,1202.46,0.002564814536741214
1994-10-30,5.43,115.13,15.9,10.6,1287.96,0.0026258815495207666
1994-10-31,34.83,172.17,15.03,6.39,951.46,0.09160051916932907
1994-11-01,0.0,308.6,18.0,4.61,848.74,0.3419752715654952
1994-11-02,0.0,259.62,19.88,9.19,1175.31,0.09770722044728435
1994-11-03,0.0,265.6,19.44,8.3,1104.19,0.03480819728434505
1994-11-04,3.58,133.45,11.7,5.15,891.7,0.02320546485623003
1994-11-05,2.34,202.0,12.33,3.9,800.0,0.018320103833865814
1994-11-06,0.0,330.29,19.38,2.28,720.0,0.014656083067092651
1994-11-07,0.0,288.92,20.57,7.0,1000.0,0.01282407268370607
1994-11-08,0.0,260.56,22.24,10.47,1277.34,0.013434742811501598
1994-11-09,3.02,185.41,14.03,3.92,800.0,0.011602732428115015
1994-11-10,0.0,293.75,13.5,0.3,624.35,0.010992062300319488
1994-11-11,0.0,241.16,13.37,3.76,800.0,0.010992062300319488
1994-11-12,0.0,224.54,14.24,5.5,920.0,0.012213402555910543
1994-11-13,6.53,150.94,18.06,10.18,1254.56,0.029312166134185302
1994-11-14,5.56,191.68,15.58,5.19,895.47,0.020762784345047924
1994-11-15,0.0,283.81,14.0,1.03,642.79,0.018320103833865814
1994-11-16,0.0,299.48,14.25,-1.0,560.0,0.017098763578274757
1994-11-17,0.0,256.12,16.18,4.41,832.94,0.016488093450479233
1994-11-18,0.0,301.98,15.02,-1.17,560.0,0.01526675319488818
1994-11-19,0.0,110.74,11.27,7.01,1000.72,0.034197527156549515
1994-11-20,65.09,139.53,12.49,5.0,880.06,11.724866453674121
1994-11-21,3.86,189.54,12.17,3.0,760.0,12.701938658146965
1994-11-22,0.0,168.61,6.0,-0.33,600.0,0.78776446485623
1994-11-23,0.0,271.73,9.52,-2.97,487.73,0.2686948562300319
1994-11-24,0.0,258.98,11.5,-0.23,600.0,0.1709876357827476
1994-11-25,0.0,169.85,9.38,2.88,753.18,0.14045412939297125
1994-11-26,0.97,162.59,12.77,6.6,968.05,0.11602732428115016
1994-11-27,1.72,244.33,14.84,2.76,741.16,0.10992062300319488
1994-11-28,0.0,284.08,11.04,-3.34,480.0,0.10381392172523961
1994-11-29,0.0,270.93,9.62,-3.5,480.0,0.07938711661341853
1994-11-30,0.0,288.56,12.52,-3.6,472.16,0.06717371405750798
1994-12-01,0.0,272.28,15.82,1.27,661.72,0.05923500239616612
1994-12-02,0.0,245.87,16.5,4.28,826.25,0.05618165175718849
1994-12-03,0.0,177.46,16.1,8.35,1108.33,0.05434964137380192
1994-12-04,0.0,222.85,18.16,7.32,1025.89,0.051906960862619804
1994-12-05,0.0,235.56,9.83,-1.33,559.58,0.050685620607028754
1994-12-06,5.68,68.91,2.77,-0.63,589.04,0.05373897124600639
1994-12-07,10.28,149.09,2.59,-5.38,414.89,0.05312830111821086
1994-12-08,0.0,105.16,0.63,-3.16,480.0,0.05251763099041533
1994-12-09,0.0,237.83,5.3,-5.0,440.0,0.05129629073482428
1994-12-10,0.0,253.12,5.07,-6.39,369.02,0.05129629073482428
1994-12-11,0.0,200.25,0.81,-7.12,360.0,0.04641092971246006
1994-12-12,0.0,237.87,4.82,-5.5,400.0,0.045800259584664535
1994-12-13,0.0,185.92,4.38,-3.0,480.0,0.043968249201277954
1994-12-14,0.0,159.21,6.15,0.0,600.0,0.044578919329073485
1994-12-15,0.0,240.56,7.22,-3.35,476.67,0.044578919329073485
1994-12-16,4.88,181.82,11.5,0.5,640.0,0.07328041533546326
1994-12-17,0.0,277.31,13.52,-1.72,542.41,0.05557098162939297
1994-12-18,0.0,269.99,11.15,-3.0,480.0,0.05373897124600639
1994-12-19,0.0,256.43,15.97,2.4,720.0,0.051906960862619804
1994-12-20,0.0,202.04,10.11,1.38,670.52,0.05007495047923322
1994-12-21,0.0,118.34,6.01,1.5,680.0,0.04824294009584664
1994-12-22,0.0,212.02,6.6,-2.47,515.27,0.04518958945686901
1994-12-23,0.0,223.6,6.23,-3.5,480.0,0.043968249201277954
1994-12-24,0.0,214.2,4.04,-4.94,439.12,0.04213623881789137
1994-12-25,0.0,276.07,9.0,-6.53,365.4,0.04213623881789137
1994-12-26,0.0,278.94,13.08,-3.98,441.32,0.04213623881789137
1994-12-27,0.0,271.47,16.24,0.0,600.0,0.044578919329073485
1994-12-28,0.0,221.36,10.72,0.53,640.0,0.043968249201277954
1994-12-29,0.0,173.78,8.31,1.11,649.14,0.043968249201277954
1994-12-30,0.0,171.49,9.09,2.18,720.0,0.043968249201277954
1994-12-31,5.34,178.63,6.02,-4.42,440.0,0.06106701277955272
1995-01-01,11.17,190.6,0.36,-10.03,280.0,0.05373897124600639
1995-01-02,0.0,265.09,1.92,-9.13,272.26,0.05373897124600639
1995-01-03,0.0,239.94,-0.93,-10.39,268.77,0.050685620607028754
1995-01-04,0.0,242.88,-4.56,-14.04,200.0,0.04152556869009585
1995-01-05,0.37,259.19,-1.65,-12.08,231.15,0.043968249201277954
1995-01-06,1.55,231.77,0.63,-8.27,317.32,0.04641092971246006
1995-01-07,0.0,307.35,0.53,-13.5,193.87,0.04152556869009585
1995-01-08,0.0,242.01,3.04,-6.32,349.86,0.04213623881789137
1995-01-09,0.0,308.08,7.9,-6.18,287.99,0.04213623881789137
1995-01-10,0.0,271.09,9.4,-1.7,424.8,0.04335757907348242
1995-01-11,0.0,278.96,10.6,-1.0,432.26,0.045800259584664535
1995-01-12,0.0,266.29,10.75,0.02,477.93,0.04824294009584664
1995-01-13,0.0,232.97,10.13,1.25,558.49,0.05007495047923322
1995-01-14,0.0,286.42,9.35,-2.51,383.2,0.047632269968051116
1995-01-15,0.0,324.47,14.58,-1.84,344.35,0.04702159984025559
1995-01-16,0.0,205.83,13.18,4.53,721.24,0.045800259584664535
1995-01-17,0.0,287.1,11.78,-2.48,369.6,0.04518958945686901
1995-01-18,0.0,221.66,6.07,-2.99,446.32,0.045800259584664535
1995-01-19,0.0,279.01,8.5,-4.32,348.46,0.04152556869009585
1995-01-20,0.0,307.19,11.4,-4.59,306.88,0.04091489856230032
1995-01-21,0.0,278.03,6.37,-6.02,320.64,0.040304228434504784
1995-01-22,2.53,155.85,3.25,-3.5,479.02,0.040304228434504784
1995-01-23,0.0,296.17,7.28,-6.36,302.0,0.040304228434504784
1995-01-24,0.0,326.16,12.5,-5.0,287.62,0.040304228434504784
1995-01-25,0.0,309.97,12.14,-2.78,358.42,0.04091489856230032
1995-01-26,0.0,263.13,9.93,-0.81,462.55,0.04152556869009585
1995-01-27,5.7,149.5,11.06,3.5,786.12,0.04824294009584664
1995-01-28,1.03,164.04,6.02,0.13,610.53,0.050685620607028754
1995-01-29,1.61,134.74,2.14,-2.5,519.92,0.05007495047923322
1995-01-30,0.0,323.42,8.41,-6.5,315.46,0.050685620607028754
1995-01-31,0.0,341.61,14.85,-3.0,350.55,0.047632269968051116
1995-02-01,0.0,348.71,19.5,-0.0,404.58,0.04641092971246006
1995-02-02,0.0,335.58,20.05,2.75,494.28,0.045800259584664535
1995-02-03,0.0,287.28,14.6,2.45,570.62,0.04335757907348242
1995-02-04,0.0,358.55,15.04,-5.0,285.57,0.04091489856230032
1995-02-05,0.0,331.5,13.34,-2.5,368.2,0.039693558306709266
1995-02-06,0.0,311.98,11.54,-2.1,404.24,0.040304228434504784
1995-02-07,0.0,284.89,8.36,-3.25,408.12,0.039693558306709266
1995-02-08,0.0,335.54,6.0,-9.0,246.54,0.037861547923322685
1995-02-09,0.0,316.35,9.75,-3.73,365.04,0.039693558306709266
1995-02-10,0.0,291.91,9.22,-2.5,416.77,0.03908288817891374
1995-02-11,0.0,275.34,4.21,-6.3,349.13,0.03908288817891374
1995-02-12,0.0,143.81,-3.96,-8.78,320.0,0.03725087779552715
1995-02-13,1.94,135.18,-3.89,-7.79,337.06,0.03725087779552715
1995-02-14,0.48,170.0,0.77,-4.34,440.0,0.039693558306709266
1995-02-15,0.46,322.09,6.71,-3.64,383.49,0.044578919329073485
1995-02-16,0.0,365.29,6.3,-6.0,299.59,0.043968249201277954
1995-02-17,0.0,434.48,11.61,-6.69,238.48,0.043968249201277954
1995-02-18,0.0,393.35,16.5,-1.99,327.29,0.0427469089456869
1995-02-19,0.0,381.67,17.5,0.77,396.1,0.04213623881789137
1995-02-20,0.0,388.0,19.71,2.23,417.12,0.04213623881789137
1995-02-21,0.0,412.27,20.46,-0.69,318.33,0.040304228434504784
1995-02-22,0.0,391.0,22.75,4.66,466.93,0.04091489856230032
1995-02-23,0.0,382.61,21.13,4.41,472.32,0.04091489856230032
1995-02-24,0.0,395.03,16.57,-0.74,345.86,0.039693558306709266
1995-02-25,0.0,377.11,20.67,4.8,493.59,0.04335757907348242
1995-02-26,0.21,308.94,21.81,10.0,808.61,0.0427469089456869
1995-02-27,0.0,371.29,16.96,1.8,430.08,0.04335757907348242
1995-02-28,0.0,194.84,2.63,-3.86,451.07,0.040304228434504784
1995-03-01,0.0,139.55,-2.64,-6.96,360.0,0.039693558306709266
1995-03-02,3.0,116.0,-5.29,-9.39,288.49,0.0427469089456869
1995-03-03,2.0,276.88,-2.42,-9.95,281.6,0.044578919329073485
1995-03-04,0.0,186.68,1.33,-3.43,472.77,0.045800259584664535
1995-03-05,0.0,148.64,4.32,0.69,637.77,0.04702159984025559
1995-03-06,0.65,253.98,5.81,-1.28,520.88,0.05496031150159744
1995-03-07,7.23,360.0,1.05,-13.76,198.01,0.058624332268370605
1995-03-08,0.0,447.04,-1.31,-13.79,192.03,0.05312830111821086
1995-03-09,0.0,525.0,11.99,-7.37,206.64,0.06717371405750798
1995-03-10,0.0,490.46,16.39,0.59,359.3,0.06717371405750798
1995-03-11,0.0,400.64,17.42,5.2,573.32,0.07938711661341853
1995-03-12,0.0,256.64,17.97,10.74,1084.49,0.0854938178913738
1995-03-13,25.85,134.24,15.91,11.08,1326.17,1.3373675798722044
1995-03-14,24.55,142.54,16.48,11.36,1348.87,7.694443610223641
1995-03-15,8.41,242.26,19.54,9.98,1238.04,2.7419088738019166
1995-03-16,0.0,441.67,22.63,6.5,848.53,0.6656304392971246
1995-03-17,0.0,445.86,23.62,7.0,863.12,0.32365516773162933
1995-03-18,0.0,416.58,22.83,8.5,982.95,0.22594794728434506
1995-03-19,0.0,434.2,25.38,9.95,999.92,0.1893077396166134
1995-03-20,0.0,464.59,23.37,6.24,729.51,0.16488093450479233
1995-03-21,0.0,459.55,24.0,7.49,794.26,0.14045412939297125
1995-03-22,0.0,450.32,28.37,12.04,1050.99,0.13434742811501596
1995-03-23,0.0,481.61,25.17,7.15,742.14,0.11602732428115016
1995-03-24,0.0,464.41,21.73,6.01,722.16,0.09770722044728435
1995-03-25,0.0,315.59,19.65,11.09,1226.74,0.11602732428115016
1995-03-26,12.68,272.34,16.89,7.06,1003.59,0.12213402555910544
1995-03-27,0.0,453.23,14.62,1.33,595.01,0.10381392172523961
1995-03-28,0.0,443.35,12.0,-0.5,533.43,0.09770722044728435
1995-03-29,0.0,331.6,8.92,0.93,640.0,0.0854938178913738
1995-03-30,0.0,417.98,8.97,-1.98,518.2,0.07938711661341853
1995-03-31,0.0,446.24,12.16,-0.33,536.98,0.07938711661341853
1995-04-01,0.0,503.2,18.44,1.5,548.26,0.07328041533546326
1995-04-02,0.0,522.59,23.17,3.47,547.14,0.07328041533546326
1995-04-03,0.0,465.69,22.72,7.62,785.44,0.07328041533546326
1995-04-04,0.0,461.01,18.58,3.94,641.11,0.06717371405750798
1995-04-05,0.0,508.87,19.83,1.5,495.34,0.06717371405750798
1995-04-06,0.0,445.37,20.57,6.5,752.97,0.06717371405750798
1995-04-07,0.0,445.64,23.57,9.26,873.59,0.06717371405750798
1995-04-08,0.0,475.39,27.59,11.34,927.09,0.07328041533546326
1995-04-09,0.0,479.52,24.15,8.19,767.92,0.06106701277955272
1995-04-10,7.08,208.28,10.38,3.16,772.64,0.07938711661341853
1995-04-11,2.41,329.57,8.32,-2.11,511.53,0.07328041533546326
1995-04-12,0.0,482.41,15.25,-0.06,496.97,0.06717371405750798
1995-04-13,0.0,535.17,21.25,1.0,478.92,0.05984567252396167
1995-04-14,0.0,494.03,25.55,7.99,775.41,0.06106701277955272
1995-04-15,0.0,457.58,24.68,9.49,904.04,0.058624332268370605
1995-04-16,0.0,443.87,25.56,11.05,1007.48,0.057402992012779555
1995-04-17,0.0,381.93,19.36,8.08,937.45,0.14045412939297125
1995-04-18,32.98,276.31,16.32,5.75,906.56,0.8854716853035143
1995-04-19,0.0,465.96,16.51,2.12,654.37,0.3175484664536741
1995-04-20,13.05,286.17,16.67,5.87,921.02,1.349580982428115
1995-04-21,0.0,394.17,14.97,4.01,803.61,0.519069608626198
1995-04-22,0.0,360.17,12.15,2.69,734.89,0.1954144408945687
1995-04-23,13.65,295.48,14.78,4.2,816.34,0.360295375399361
1995-04-24,0.0,469.55,16.8,3.0,731.89,0.4335757907348243
1995-04-25,0.0,512.23,20.1,3.5,724.0,0.1893077396166134
1995-04-26,0.0,490.56,20.35,5.0,810.19,0.13434742811501596
1995-04-27,0.0,522.44,16.97,0.0,568.12,0.10381392172523961
1995-04-28,0.0,468.31,17.64,3.51,744.05,0.09160051916932907
1995-04-29,28.13,255.44,18.71,9.31,1184.88,0.3664020766773163
1995-04-30,11.53,189.56,16.44,9.84,1227.6,0.7266974520766774
1995-05-01,4.69,157.87,13.92,8.72,1137.26,0.5496031150159744
1995-05-02,0.0,384.67,13.4,3.57,800.0,0.2748015575079872
1995-05-03,6.77,160.67,12.96,7.95,1075.8,0.20762784345047922
1995-05-04,2.74,295.62,15.96,7.54,1043.02,0.7083773482428114
1995-05-05,0.0,481.96,18.74,5.5,920.0,0.38472218051118207
1995-05-06,2.04,363.9,19.83,10.27,1261.23,0.22594794728434506
1995-05-07,12.55,201.87,20.5,14.16,1612.44,0.9709655031948882
1995-05-08,31.58,290.27,21.98,12.47,1437.32,10.992062300319487
1995-05-09,0.0,485.41,22.61,9.5,1200.0,5.508244552715655
1995-05-10,0.0,460.9,20.39,8.5,1120.0,0.5312830111821086
1995-05-11,0.0,491.06,20.2,7.0,1000.0,0.2686948562300319
1995-05-12,0.0,436.36,22.0,10.92,1313.91,0.1954144408945687
1995-05-13,0.0,451.36,27.05,14.93,1708.22,0.16488093450479233
1995-05-14,0.0,540.56,27.55,10.52,1257.02,0.13434742811501596
1995-05-15,0.0,518.85,25.15,10.24,1258.55,0.10992062300319488
1995-05-16,0.0,397.13,26.86,16.89,1918.49,0.09770722044728435
1995-05-17,27.2,343.66,25.5,13.57,1558.39,0.31144176517571887
1995-05-18,1.79,412.31,19.39,8.7,1136.06,4.824294009584665
1995-05-19,0.0,538.8,22.01,6.67,973.95,0.6656304392971246
1995-05-20,0.0,506.21,24.28,10.32,1265.93,0.2137345447284345
1995-05-21,2.02,430.12,23.67,12.89,1470.85,0.15266753194888177
1995-05-22,0.0,435.04,25.98,14.76,1680.87,0.12213402555910544
1995-05-23,0.67,447.29,24.94,13.04,1487.75,0.10381392172523961
1995-05-24,4.95,206.63,16.56,10.69,1294.88,0.10381392172523961
1995-05-25,7.16,279.64,17.5,9.37,1189.88,0.09160051916932907
1995-05-26,11.5,242.76,19.58,12.72,1457.64,0.14045412939297125
1995-05-27,42.23,296.1,23.88,15.0,1720.0,11.053129313099042
1995-05-28,0.0,494.81,23.78,11.51,1360.88,12.701938658146965
1995-05-29,0.0,495.72,22.0,9.89,1231.27,0.9037917891373802
1995-05-30,0.0,301.35,20.0,13.77,1581.96,0.48853610223642174
1995-05-31,14.74,253.05,21.72,14.5,1640.0,0.6289902316293929
1995-06-01,15.59,376.12,25.57,12.64,1451.26,6.53417036741214
1995-06-02,0.0,518.21,29.56,14.31,1624.73,0.9404319968051118
1995-06-03,21.63,327.61,27.79,16.59,1880.33,5.367790423322683
1995-06-04,20.76,332.25,27.86,16.52,1881.3,11.663799440894568
1995-06-05,1.14,363.9,24.87,15.47,1757.34,10.137124121405751
1995-06-06,7.32,355.2,29.09,16.09,1814.28,1.374007787539936
1995-06-07,0.0,457.4,33.26,19.89,2311.69,0.5801366214057507
1995-06-08,29.13,356.75,31.16,17.5,2000.0,14.472882028753993
1995-06-09,59.27,242.82,24.48,17.0,1920.0,43.47971309904153
1995-06-10,7.25,323.25,23.32,13.32,1530.24,32.24338274760383
1995-06-11,0.86,468.04,23.17,10.93,1314.61,3.5663135463258784
1995-06-12,0.0,526.66,26.04,11.0,1320.0,0.7938711661341853
1995-06-13,0.0,518.82,28.63,13.5,1560.0,0.46410929712460064
1995-06-14,0.0,497.03,32.5,17.5,2000.0,0.30533506389776355
1995-06-15,0.0,484.18,33.74,18.95,2191.51,0.22594794728434506
1995-06-16,0.0,478.53,31.98,17.93,2068.8,0.17709433706070285
1995-06-17,0.0,443.04,31.05,18.77,2162.79,0.1465608306709265
1995-06-18,0.0,475.08,30.5,17.0,1920.0,0.13434742811501596
1995-06-19,0.0,474.18,31.08,17.5,2000.0,0.10992062300319488
1995-06-20,0.0,478.77,32.17,18.0,2080.0,0.0854938178913738
1995-06-21,0.0,471.5,32.5,18.5,2120.0,0.07938711661341853
1995-06-22,0.0,475.73,32.97,18.57,2130.86,0.06717371405750798
1995-06-23,2.35,389.77,30.85,18.64,2142.02,0.0854938178913738
1995-06-24,13.89,280.38,27.07,17.5,2000.09,2.137345447284345
1995-06-25,39.41,307.27,26.78,16.01,1801.68,16.9155625399361
1995-06-26,0.0,485.44,28.29,14.08,1606.73,1.1541665415335463
1995-06-27,0.0,505.17,31.02,15.0,1720.0,0.24426805111821087
1995-06-28,0.0,466.39,32.02,17.71,2032.98,0.15877423322683706
1995-06-29,16.67,303.35,29.08,17.74,2038.87,10.442459185303514
1995-06-30,7.88,260.44,24.9,15.92,1793.23,13.923278913738018
1995-07-01,0.0,426.33,25.61,14.0,1600.0,1.5266753194888179
1995-07-02,0.0,415.02,27.47,16.1,1815.29,0.41525568690095843
1995-07-03,2.71,414.61,31.5,17.81,2048.89,0.26258815495207666
1995-07-04,12.42,338.84,31.8,19.08,2212.12,0.20762784345047922
1995-07-05,0.0,501.74,31.04,14.75,1679.79,0.20152114217252395
1995-07-06,0.0,514.13,34.31,16.01,1800.89,0.15877423322683706
1995-07-07,0.0,474.93,36.46,19.78,2302.39,0.12213402555910544
1995-07-08,0.0,462.39,38.18,21.48,2556.92,0.09770722044728435
1995-07-09,6.89,352.49,37.01,20.5,2400.0,0.32365516773162933
1995-07-10,0.0,465.25,36.76,20.0,2320.0,0.34808197284345044
1995-07-11,0.0,467.19,39.91,21.7,2591.77,0.10381392172523961
1995-07-12,0.0,466.8,40.5,22.0,2640.0,0.06106701277955272
1995-07-13,0.0,423.08,38.67,23.19,2830.62,0.05007495047923322
1995-07-14,0.0,393.72,36.49,23.0,2800.19,0.043968249201277954
1995-07-15,0.0,370.46,34.91,22.75,2760.53,0.03908288817891374
1995-07-16,0.24,385.51,34.05,21.37,2539.28,0.047632269968051116
1995-07-17,12.47,291.96,33.1,20.62,2419.55,0.3541886741214057
1995-07-18,0.0,399.76,32.44,19.7,2296.29,0.16488093450479233
1995-07-19,0.0,356.34,32.51,21.41,2544.83,0.06106701277955272
1995-07-20,39.61,298.16,32.0,19.5,2280.0,4.769333698083067
1995-07-21,3.29,309.83,32.55,20.15,2346.36,3.0838841453674117
1995-07-22,5.64,303.52,33.84,20.7,2431.64,0.3908288817891374
1995-07-23,0.0,375.07,34.06,22.05,2647.97,0.1893077396166134
1995-07-24,0.25,391.27,32.2,19.76,2300.52,0.1282407268370607
1995-07-25,0.0,414.79,33.31,19.72,2297.21,0.09160051916932907
1995-07-26,6.51,342.48,33.85,18.12,2089.56,0.15877423322683706
1995-07-27,0.0,412.05,36.99,22.54,2725.67,0.15877423322683706
1995-07-28,0.0,399.27,37.02,23.11,2818.12,0.07328041533546326
1995-07-29,0.0,436.07,35.38,20.12,2342.61,0.047632269968051116
1995-07-30,0.0,372.2,33.59,21.41,2546.23,0.04213623881789137
1995-07-31,0.0,336.39,32.7,22.0,2640.0,0.04213623881789137
1995-08-01,38.41,252.7,27.83,17.84,2046.93,1.0442459185303514
1995-08-02,16.11,113.88,24.21,20.13,2346.55,6.53417036741214
1995-08-03,39.34,136.86,26.15,21.14,2501.91,12.335536581469647
1995-08-04,15.19,236.49,29.63,20.54,2405.71,17.709433706070286
1995-08-05,0.0,386.26,31.4,19.74,2299.0,2.045744928115016
1995-08-06,23.39,302.92,31.98,19.6,2288.31,2.9373233146964854
1995-08-07,0.0,356.26,33.87,23.0,2800.0,4.421251725239617
1995-08-08,0.0,396.78,34.5,22.02,2643.89,0.6473103354632587
1995-08-09,0.0,357.57,34.35,23.5,2880.0,0.293121661341853
1995-08-10,0.0,424.93,34.49,21.0,2480.0,0.1954144408945687
1995-08-11,0.0,418.91,34.66,21.5,2560.0,0.15266753194888177
1995-08-12,0.0,390.05,34.5,22.63,2740.91,0.1282407268370607
1995-08-13,0.0,367.91,35.0,23.87,2969.33,0.10992062300319488
1995-08-14,0.0,389.17,35.55,23.45,2871.99,0.09770722044728435
1995-08-15,33.99,294.47,33.81,21.98,2636.11,7.022706469648562
1995-08-16,7.23,273.41,33.09,22.47,2715.15,9.282185942492012
1995-08-17,0.0,396.37,34.98,22.68,2749.37,3.48692642971246
1995-08-18,0.0,407.35,35.5,22.5,2719.99,0.5068562060702875
1995-08-19,0.0,408.84,34.8,21.89,2622.66,0.2564814536741214
1995-08-20,0.0,424.42,34.89,21.13,2500.44,0.1893077396166134
1995-08-21,0.0,410.35,34.64,21.57,2570.78,0.15877423322683706
1995-08-22,0.0,424.91,34.26,20.5,2399.97,0.14045412939297125
1995-08-23,0.0,411.52,34.17,21.0,2480.0,0.1282407268370607
1995-08-24,0.0,466.41,34.5,18.11,2088.46,0.11602732428115016
1995-08-25,0.0,471.06,34.54,17.68,2028.89,0.10381392172523961
1995-08-26,0.0,425.1,35.51,21.0,2480.0,0.09770722044728435
1995-08-27,0.0,417.43,36.56,22.0,2640.0,0.09160051916932907
1995-08-28,0.0,406.64,36.5,22.48,2717.23,0.0854938178913738
1995-08-29,0.0,406.77,36.5,22.35,2695.47,0.07938711661341853
1995-08-30,0.0,412.94,37.41,22.45,2712.71,0.07328041533546326
1995-08-31,0.0,415.35,36.95,21.79,2606.66,0.06717371405750798
1995-09-01,0.0,413.36,35.09,20.31,2369.38,0.05923500239616612
1995-09-02,0.0,409.24,36.94,21.44,2549.91,0.05618165175718849
1995-09-03,0.0,341.0,36.24,24.06,3000.37,0.051906960862619804
1995-09-04,0.0,393.51,36.06,21.36,2536.87,0.05007495047923322
1995-09-05,0.0,391.48,34.97,20.56,2410.18,0.047632269968051116
1995-09-06,0.0,327.21,33.89,22.52,2722.85,0.045800259584664535
1995-09-07,0.0,392.55,30.65,17.01,1922.01,0.044578919329073485
1995-09-08,0.0,308.48,20.84,11.81,1384.93,0.0427469089456869
1995-09-09,0.0,331.11,22.98,13.0,1489.33,0.045800259584664535
1995-09-10,0.0,372.21,25.53,13.64,1571.13,0.05251763099041533
1995-09-11,0.0,278.37,24.86,16.47,1869.6,0.05801366214057508
1995-09-12,9.65,294.38,29.66,16.0,1799.84,0.07328041533546326
1995-09-13,0.0,402.53,31.5,16.72,1897.31,0.06106701277955272
1995-09-14,0.0,391.6,30.67,16.53,1882.58,0.05801366214057508
1995-09-15,0.0,292.93,27.94,18.39,2114.96,0.05618165175718849
1995-09-16,0.12,310.25,29.35,18.95,2192.67,0.05557098162939297
1995-09-17,0.0,330.92,29.85,18.5,2120.0,0.051906960862619804
1995-09-18,0.0,317.47,27.57,17.11,1937.28,0.06717371405750798
1995-09-19,7.23,199.57,23.23,15.13,1730.28,0.057402992012779555
1995-09-20,0.0,236.32,16.71,10.04,1243.15,0.04885361022364217
1995-09-21,6.57,244.75,12.68,3.35,787.92,0.09160051916932907
1995-09-22,4.47,319.05,13.73,0.5,640.0,0.06717371405750798
1995-09-23,0.0,438.73,18.37,3.0,760.0,0.05496031150159744
1995-09-24,0.0,353.59,19.59,8.67,1133.32,0.05129629073482428
1995-09-25,0.0,347.38,20.98,10.16,1252.92,0.04885361022364217
1995-09-26,0.0,423.75,24.62,9.0,1160.0,0.045800259584664535
1995-09-27,0.0,394.34,24.13,10.35,1268.29,0.04213623881789137
1995-09-28,0.0,326.32,27.83,16.82,1907.93,0.04213623881789137
1995-09-29,5.42,234.46,29.96,19.17,2227.09,0.04152556869009585
1995-09-30,6.96,289.97,27.76,16.68,1894.76,0.03480819728434505
1995-10-01,0.0,411.84,24.87,9.4,1192.04,0.029922836261980834
1995-10-02,0.0,367.62,22.29,9.96,1236.63,0.05923500239616612
1995-10-03,9.57,305.97,22.8,7.59,1046.84,0.06106701277955272
1995-10-04,0.0,406.46,25.07,9.28,1182.58,0.044578919329073485
1995-10-05,0.0,377.55,22.1,8.68,1134.72,0.03541886741214057
1995-10-06,0.0,303.63,16.89,7.52,1041.27,0.03053350638977636
1995-10-07,0.0,430.16,20.65,2.5,720.0,0.028701496006389778
1995-10-08,0.0,405.7,25.03,7.95,1076.19,0.026869485623003196
1995-10-09,0.0,408.03,25.67,7.52,1041.36,0.026869485623003196
1995-10-10,0.0,384.04,27.14,10.59,1286.88,0.02748015575079872
1995-10-11,0.0,384.04,30.65,12.49,1439.01,0.026258815495207664
1995-10-12,0.0,356.07,31.0,14.88,1694.32,0.024426805111821086
1995-10-13,0.0,335.9,26.41,12.54,1443.01,0.02137345447284345
1995-10-14,0.0,400.99,21.71,3.0,760.0,0.018930773961661342
1995-10-15,0.0,412.03,28.71,5.11,888.7,0.021984124600638977
1995-10-16,0.0,389.79,31.13,9.29,1182.88,0.02320546485623003
1995-10-17,0.0,333.01,29.0,13.16,1512.18,0.02320546485623003
1995-10-18,0.0,340.24,27.65,11.14,1331.27,0.020152114217252392
1995-10-19,0.0,328.61,24.65,9.2,1175.71,0.01954144408945687
1995-10-20,0.0,340.99,19.54,3.44,795.51,0.016488093450479233
1995-10-21,0.0,378.45,21.97,1.0,640.0,0.017709433706070286
1995-10-22,0.0,351.45,27.85,8.27,1101.52,0.022594794728434505
1995-10-23,0.0,360.39,26.24,5.49,918.98,0.020762784345047924
1995-10-24,0.0,344.73,16.97,-1.0,560.0,0.017098763578274757
1995-10-25,0.0,305.0,21.04,5.55,906.71,0.01954144408945687
1995-10-26,0.0,313.98,21.29,4.84,866.76,0.023816134984025558
1995-10-27,0.0,296.87,21.58,6.2,941.04,0.02503747523961661
1995-10-28,0.0,302.16,19.18,3.38,790.74,0.024426805111821086
1995-10-29,0.0,310.82,22.69,5.33,906.47,0.026869485623003196
1995-10-30,0.0,204.06,18.79,8.78,1142.47,0.026869485623003196
1995-10-31,0.0,164.24,15.82,8.1,1087.64,0.028090825878594246
1995-11-01,1.19,227.45,18.37,7.06,1004.44,0.03053350638977636
1995-11-02,0.0,249.07,10.58,-1.54,556.48,0.03053350638977636
1995-11-03,0.0,271.79,7.17,-6.35,372.3,0.028090825878594246
1995-11-04,0.0,304.23,11.05,-5.53,399.98,0.028090825878594246
1995-11-05,0.0,261.12,14.57,0.9,647.87,0.03053350638977636
1995-11-06,0.0,264.02,20.5,5.98,919.92,0.032976186900958465
1995-11-07,0.0,286.11,17.95,1.72,686.87,0.034197527156549515
1995-11-08,0.0,275.5,12.48,-2.45,518.09,0.034197527156549515
1995-11-09,0.0,292.48,20.85,3.27,750.07,0.034197527156549515
1995-11-10,0.0,326.26,20.22,-2.09,509.46,0.03358685702875399
1995-11-11,0.0,271.89,6.57,-8.39,320.0,0.028701496006389778
1995-11-12,0.0,306.81,17.52,-2.42,503.37,0.032976186900958465
1995-11-13,1.0,254.7,16.71,2.05,719.95,0.0360295375399361
1995-11-14,0.0,301.91,16.11,-3.2,416.97,0.0360295375399361
1995-11-15,0.0,239.0,13.64,0.57,576.67,0.03908288817891374
1995-11-16,0.0,297.28,17.68,-1.49,434.08,0.03908288817891374
1995-11-17,0.0,270.67,18.28,1.84,577.72,0.03847221805111821
1995-11-18,0.0,299.83,19.5,-1.07,441.03,0.037861547923322685
1995-11-19,0.0,288.17,22.18,2.57,569.38,0.03908288817891374
1995-11-20,0.0,277.06,20.13,2.02,572.08,0.03908288817891374
1995-11-21,0.0,291.51,16.07,-3.78,383.29,0.03908288817891374
1995-11-22,0.0,237.7,16.4,2.22,640.84,0.039693558306709266
1995-11-23,0.0,229.32,11.91,-1.35,521.13,0.03541886741214057
1995-11-24,0.0,264.96,12.66,-4.01,404.16,0.03664020766773163
1995-11-25,0.0,285.35,20.56,0.13,494.46,0.03847221805111821
1995-11-26,0.0,268.06,22.02,3.4,634.8,0.03908288817891374
1995-11-27,0.0,260.25,16.71,-0.6,507.83,0.03847221805111821
1995-11-28,0.0,240.51,3.5,-11.07,261.58,0.0360295375399361
1995-11-29,0.0,278.95,12.04,-7.99,298.43,0.03541886741214057
1995-11-30,0.0,269.48,20.4,0.46,522.17,0.03664020766773163
1995-12-01,0.0,260.62,22.05,2.6,611.69,0.03725087779552715
1995-12-02,0.0,232.05,20.54,4.34,738.15,0.039693558306709266
1995-12-03,0.0,219.51,17.35,2.5,668.1,0.0427469089456869
1995-12-04,0.0,236.88,16.08,-0.5,541.94,0.04152556869009585
1995-12-05,0.0,184.4,12.43,0.71,621.82,0.04091489856230032
1995-12-06,0.0,206.58,9.3,-4.09,440.0,0.03847221805111821
1995-12-07,0.0,229.02,6.83,-8.5,319.67,0.03725087779552715
1995-12-08,2.0,246.81,5.0,-9.63,283.35,0.037861547923322685
1995-12-09,0.0,243.13,-0.93,-15.06,200.0,0.03358685702875399
1995-12-10,0.0,256.56,2.27,-13.02,235.99,0.032976186900958465
1995-12-11,0.0,257.33,8.35,-7.39,335.02,0.03664020766773163
1995-12-12,0.0,200.72,7.12,-4.04,438.9,0.037861547923322685
1995-12-13,0.0,156.15,9.13,-0.32,589.64,0.04213623881789137
1995-12-14,0.0,226.78,14.8,-0.47,519.38,0.04152556869009585
1995-12-15,0.0,231.89,17.04,0.93,558.57,0.04213623881789137
1995-12-16,0.0,219.08,13.37,-1.12,508.65,0.05007495047923322
1995-12-17,0.88,111.97,9.06,2.58,738.08,0.0427469089456869
1995-12-18,10.17,82.79,5.56,-0.59,590.14,0.05373897124600639
1995-12-19,7.35,39.57,0.39,-1.95,524.23,0.05984567252396167
1995-12-20,0.0,50.03,-0.47,-2.59,510.27,0.057402992012779555
1995-12-21,0.0,44.98,-0.67,-2.35,520.0,0.05373897124600639
1995-12-22,0.87,94.31,-0.52,-4.93,440.0,0.05251763099041533
1995-12-23,0.0,168.43,-0.62,-8.88,320.0,0.04885361022364217
1995-12-24,0.0,208.72,1.37,-9.37,290.19,0.044578919329073485
1995-12-25,0.0,196.94,2.66,-7.02,359.43,0.04641092971246006
1995-12-26,0.0,234.99,7.38,-5.11,397.27,0.04702159984025559
1995-12-27,0.0,201.79,4.74,-5.0,425.32,0.045800259584664535
1995-12-28,0.0,117.22,0.02,-4.94,440.0,0.045800259584664535
1995-12-29,0.0,179.11,2.61,-5.21,411.49,0.044578919329073485
1995-12-30,0.48,118.89,3.68,-1.24,560.0,0.05129629073482428
1995-12-31,0.0,120.68,3.82,-0.78,580.1,0.051906960862619804
1996-01-01,0.0,65.86,2.81,-0.28,597.63,0.05129629073482428
1996-01-02,0.0,92.66,1.01,-3.48,470.27,0.05007495047923322
1996-01-03,0.79,113.27,0.99,-4.57,436.71,0.04885361022364217
1996-01-04,0.0,125.27,1.96,-4.24,440.0,0.047632269968051116
1996-01-05,0.0,117.15,-1.07,-6.79,365.29,0.043968249201277954
1996-01-06,0.0,145.15,-5.49,-12.56,240.0,0.03541886741214057
1996-01-07,0.0,202.35,-5.91,-16.29,160.0,0.03541886741214057
1996-01-08,0.0,287.41,6.28,-13.19,225.0,0.037861547923322685
1996-01-09,0.0,274.64,12.8,-5.09,432.48,0.039693558306709266
1996-01-10,0.0,253.4,12.57,-2.5,520.0,0.0427469089456869
1996-01-11,0.0,218.18,12.32,0.5,640.0,0.043968249201277954
1996-01-12,0.0,264.34,16.68,0.37,629.76,0.044578919329073485
1996-01-13,0.0,298.29,20.64,-1.85,532.41,0.044578919329073485
1996-01-14,0.0,294.08,19.95,-1.0,560.0,0.0427469089456869
1996-01-15,0.0,281.49,12.79,-4.72,435.09,0.04091489856230032
1996-01-16,0.0,216.59,9.15,-1.98,533.02,0.04213623881789137
1996-01-17,0.0,260.18,14.85,-0.0,600.0,0.0427469089456869
1996-01-18,1.22,367.8,16.31,-15.0,200.0,0.039693558306709266
1996-01-19,0.0,257.65,-6.27,-17.61,160.0,0.037861547923322685
1996-01-20,0.0,248.21,0.35,-10.47,280.0,0.037861547923322685
1996-01-21,0.0,341.55,11.74,-7.65,348.31,0.0360295375399361
1996-01-22,0.0,290.43,12.13,-3.48,469.35,0.03908288817891374
1996-01-23,0.0,242.51,2.92,-8.35,320.28,0.040304228434504784
1996-01-24,0.0,284.65,4.71,-9.48,281.44,0.03908288817891374
1996-01-25,0.0,311.53,12.31,-5.25,419.98,0.04702159984025559
1996-01-26,0.0,276.39,2.17,-11.2,262.52,0.03725087779552715
1996-01-27,0.0,321.81,5.69,-12.0,240.0,0.037861547923322685
1996-01-28,0.0,318.83,11.61,-5.95,392.01,0.04152556869009585
1996-01-29,0.0,353.38,11.46,-11.63,240.5,0.03358685702875399
1996-01-30,0.0,201.41,-5.82,-14.17,200.0,0.03358685702875399
1996-01-31,0.0,186.58,-8.18,-15.83,174.0,0.03236551677316293
1996-02-01,0.97,197.61,-6.0,-13.45,203.98,0.03236551677316293
1996-02-02,0.45,311.28,-6.34,-19.52,120.91,0.03175484664536741
1996-02-03,0.0,197.21,-12.17,-19.52,120.0,0.03053350638977636
1996-02-04,0.0,334.55,-6.16,-20.83,120.0,0.028701496006389778
1996-02-05,0.0,314.06,4.44,-9.14,305.59,0.028701496006389778
1996-02-06,0.0,352.17,9.0,-7.6,352.15,0.03236551677316293
1996-02-07,0.0,331.73,14.06,-2.2,520.0,0.04091489856230032
1996-02-08,0.0,323.16,17.48,0.0,600.0,0.04885361022364217
1996-02-09,0.0,357.61,20.76,-1.61,548.97,0.050685620607028754
1996-02-10,0.0,313.56,18.47,1.99,718.56,0.05373897124600639
1996-02-11,0.0,338.56,13.61,-4.47,440.0,0.04824294009584664
1996-02-12,0.0,359.06,14.41,-5.77,400.0,0.04335757907348242
1996-02-13,0.0,366.73,19.08,-2.64,505.01,0.04091489856230032
1996-02-14,0.0,366.38,22.0,0.25,610.63,0.03908288817891374
1996-02-15,0.0,355.52,14.63,-4.5,440.0,0.037861547923322685
1996-02-16,0.0,360.01,6.59,-12.14,240.0,0.0360295375399361
1996-02-17,0.0,372.44,13.24,-6.09,200.56,0.03725087779552715
1996-02-18,0.0,368.83,14.91,-3.91,218.47,0.03725087779552715
1996-02-19,0.0,394.48,20.66,-1.84,211.53,0.037861547923322685
1996-02-20,0.0,392.71,23.91,2.0,250.96,0.037861547923322685
1996-02-21,0.0,377.05,24.15,4.39,323.36,0.039693558306709266
1996-02-22,0.0,411.63,29.01,3.71,280.0,0.040304228434504784
1996-02-23,0.0,390.99,26.01,4.63,320.0,0.03725087779552715
1996-02-24,0.0,369.29,17.42,-0.93,243.91,0.034197527156549515
1996-02-25,0.0,335.43,22.79,7.01,419.53,0.03480819728434505
1996-02-26,0.0,384.54,21.05,1.57,251.65,0.0360295375399361
1996-02-27,6.81,309.29,7.58,-7.41,221.64,0.034197527156549515
1996-02-28,0.0,309.34,2.39,-9.64,231.61,0.03114417651757188
1996-02-29,0.0,330.52,1.22,-11.72,140.19,0.03175484664536741
1996-03-01,0.0,432.73,9.99,-10.19,80.0,0.032976186900958465
1996-03-02,0.0,396.59,12.2,-5.0,160.0,0.0360295375399361
1996-03-03,0.0,408.19,11.24,-6.68,120.0,0.032976186900958465
1996-03-04,0.0,429.4,19.89,-0.27,205.92,0.03358685702875399
1996-03-05,0.0,397.85,19.14,1.64,240.0,0.03541886741214057
1996-03-06,0.0,321.7,6.98,-5.62,129.2,0.03480819728434505
1996-03-07,0.0,351.97,-1.4,-15.28,80.0,0.03236551677316293
1996-03-08,0.0,369.23,-1.95,-16.6,80.0,0.028090825878594246
1996-03-09,0.0,428.24,4.31,-14.02,80.0,0.029922836261980834
1996-03-10,0.0,393.08,12.31,-3.48,160.0,0.034197527156549515
1996-03-11,0.0,391.02,17.05,1.24,240.0,0.03541886741214057
1996-03-12,0.0,374.33,19.55,4.12,293.25,0.032976186900958465
1996-03-13,0.0,443.7,23.81,2.5,240.0,0.03480819728434505
1996-03-14,0.0,346.57,21.47,7.59,374.56,0.058624332268370605
1996-03-15,23.27,184.9,14.79,5.82,442.18,0.06717371405750798
1996-03-16,0.0,402.7,18.46,2.0,270.84,0.07328041533546326
1996-03-17,0.0,390.39,15.89,0.5,270.55,0.06717371405750798
1996-03-18,5.63,227.17,12.26,1.37,451.76,0.06106701277955272
1996-03-19,0.0,297.81,8.21,-2.17,347.15,0.04885361022364217
1996-03-20,0.0,344.26,7.49,-4.5,273.85,0.0427469089456869
1996-03-21,0.0,459.58,13.23,-5.33,170.13,0.04152556869009585
1996-03-22,0.0,435.51,16.06,-0.5,235.64,0.04091489856230032
1996-03-23,0.0,407.24,22.0,7.28,410.33,0.04091489856230032
1996-03-24,0.0,516.68,21.63,-2.63,162.66,0.043968249201277954
1996-03-25,5.9,291.53,2.01,-9.29,237.6,0.03847221805111821
1996-03-26,0.0,447.82,4.82,-8.66,182.28,0.037861547923322685
1996-03-27,0.0,281.88,7.0,-0.59,442.43,0.03725087779552715
1996-03-28,1.63,245.69,8.69,2.04,568.37,0.03725087779552715
1996-03-29,0.0,399.79,17.31,4.35,404.43,0.03725087779552715
1996-03-30,0.47,413.28,15.92,2.0,344.33,0.03847221805111821
1996-03-31,4.48,318.36,12.69,-1.11,367.24,0.037861547923322685
1996-04-01,0.0,506.0,17.49,-1.5,234.84,0.03664020766773163
1996-04-02,0.0,496.97,23.91,5.46,352.17,0.03664020766773163
1996-04-03,0.0,444.96,23.38,8.65,477.18,0.03664020766773163
1996-04-04,0.0,458.29,15.05,0.13,291.84,0.0360295375399361
1996-04-05,0.0,405.98,10.45,-1.76,322.51,0.03480819728434505
1996-04-06,0.0,507.91,15.0,-3.0,206.98,0.034197527156549515
1996-04-07,0.0,463.92,19.5,4.33,355.99,0.034197527156549515
1996-04-08,0.0,509.69,18.46,0.5,256.62,0.03358685702875399
1996-04-09,0.0,503.0,20.1,2.68,281.76,0.034197527156549515
1996-04-10,0.0,523.62,24.34,4.95,320.51,0.034197527156549515
1996-04-11,0.0,490.88,29.29,12.12,519.95,0.034197527156549515
1996-04-12,0.0,545.86,27.0,5.28,320.0,0.03480819728434505
1996-04-13,0.0,527.25,20.24,1.06,250.35,0.03480819728434505
1996-04-14,0.0,481.03,19.23,3.21,318.78,0.03541886741214057
1996-04-15,0.0,484.57,17.07,1.0,276.09,0.034197527156549515
1996-04-16,0.0,549.83,24.79,3.16,280.0,0.03541886741214057
1996-04-17,0.0,498.74,28.5,10.73,477.4,0.03175484664536741
1996-04-18,0.0,426.98,27.77,13.88,633.75,0.032976186900958465
1996-04-19,0.0,464.85,26.41,10.76,497.28,0.03236551677316293
1996-04-20,0.0,511.31,23.99,5.82,325.65,0.029922836261980834
1996-04-21,0.0,506.32,25.24,7.4,364.07,0.037861547923322685
1996-04-22,0.0,479.0,21.51,5.5,348.44,0.039693558306709266
1996-04-23,0.0,536.85,20.5,1.0,240.0,0.03053350638977636
1996-04-24,0.0,500.94,27.52,9.99,451.94,0.029312166134185302
1996-04-25,0.0,412.08,26.96,13.91,652.53,0.029922836261980834
1996-04-26,0.0,483.63,23.66,7.29,377.3,0.028701496006389778
1996-04-27,0.0,446.91,24.17,9.5,463.81,0.029312166134185302
1996-04-28,33.55,290.61,20.25,8.02,653.94,0.9526453993610223
1996-04-29,0.84,305.11,13.79,4.5,743.34,0.9526453993610223
1996-04-30,0.0,543.29,22.87,2.0,385.76,0.20762784345047922
1996-05-01,0.0,480.71,23.6,6.98,599.14,0.09770722044728435
1996-05-02,0.0,452.23,25.71,10.5,769.16,0.06717371405750798
1996-05-03,0.0,438.35,29.11,14.25,967.52,0.051906960862619804
1996-05-04,0.0,386.37,28.5,15.86,1189.78,0.045800259584664535
1996-05-05,0.0,326.37,26.12,15.82,1349.8,0.04213623881789137
1996-05-06,0.0,305.73,24.58,15.19,1360.98,0.03725087779552715
1996-05-07,5.1,318.92,26.97,13.39,1164.17,0.05007495047923322
1996-05-08,5.25,287.59,29.43,17.47,1626.76,0.04213623881789137
1996-05-09,0.0,369.3,31.5,19.62,1637.64,0.037861547923322685
1996-05-10,17.91,380.87,28.91,10.91,939.2,0.07328041533546326
1996-05-11,1.57,243.13,17.68,9.97,1209.38,0.17709433706070285
1996-05-12,0.0,360.93,19.17,8.96,1006.72,0.12213402555910544
1996-05-13,0.0,286.21,18.24,10.5,1220.84,0.07328041533546326
1996-05-14,1.17,429.02,25.59,12.91,1137.51,0.0494642803514377
1996-05-15,0.55,450.79,30.85,16.74,1364.59,0.04152556869009585
1996-05-16,0.0,423.82,32.85,19.74,1691.32,0.03664020766773163
1996-05-17,0.0,394.07,34.18,22.08,2021.69,0.03114417651757188
1996-05-18,0.0,392.59,33.41,21.53,1965.56,0.026869485623003196
1996-05-19,0.0,304.82,32.23,23.34,2500.26,0.02320546485623003
1996-05-20,0.0,390.3,30.49,19.42,1756.81,0.021984124600638977
1996-05-21,0.0,499.62,28.36,13.42,1041.73,0.01954144408945687
1996-05-22,0.0,505.39,30.24,14.77,1109.56,0.020152114217252392
1996-05-23,0.0,494.14,35.27,19.59,1474.68,0.020762784345047924
1996-05-24,0.0,477.11,36.0,21.08,1648.28,0.020152114217252392
1996-05-25,14.66,359.8,32.7,17.73,1629.38,0.02503747523961661
1996-05-26,9.93,278.34,28.33,18.15,2005.32,0.05557098162939297
1996-05-27,1.85,416.32,25.92,12.0,1201.85,0.10381392172523961
1996-05-28,0.0,476.82,23.59,10.46,1010.48,0.0854938178913738
1996-05-29,0.0,488.08,23.06,9.37,931.39,0.039693558306709266
1996-05-30,0.0,510.79,24.71,10.0,934.06,0.028090825878594246
1996-05-31,0.0,454.63,27.5,15.0,1352.04,0.024426805111821086
1996-06-01,35.05,332.37,27.24,15.0,1565.56,8.915783865814696
1996-06-02,0.0,490.85,28.89,14.49,1408.04,3.694554273162939
1996-06-03,0.0,497.37,28.74,14.0,1356.01,0.293121661341853
1996-06-04,0.0,417.74,24.9,13.84,1469.46,0.13434742811501596
1996-06-05,10.72,369.17,31.31,15.73,1695.69,0.7083773482428114
1996-06-06,13.68,353.85,30.47,15.97,1780.6,2.8945764057507986
1996-06-07,20.04,283.16,23.0,13.24,1518.0,3.694554273162939
1996-06-08,0.0,452.45,23.63,11.21,1320.5,0.7938711661341853
1996-06-09,0.0,505.26,26.59,11.5,1276.47,0.1954144408945687
1996-06-10,0.0,507.63,29.53,13.5,1430.54,0.1282407268370607
1996-06-11,0.0,481.22,31.8,16.5,1752.83,0.09770722044728435
1996-06-12,0.0,419.96,31.52,18.77,2115.83,0.06717371405750798
1996-06-13,0.0,438.03,33.33,19.47,2169.29,0.05801366214057508
1996-06-14,0.0,455.11,34.16,19.54,2050.75,0.05007495047923322
1996-06-15,0.0,331.59,30.75,21.19,2510.28,0.05801366214057508
1996-06-16,6.2,274.39,32.06,21.2,2512.58,0.047632269968051116
1996-06-17,0.0,429.46,33.0,19.78,2140.14,0.043968249201277954
1996-06-18,0.0,461.68,35.81,20.41,2137.35,0.043968249201277954
1996-06-19,0.0,502.25,36.4,18.5,1827.44,0.03725087779552715
1996-06-20,0.0,448.0,36.72,21.51,2306.59,0.03725087779552715
1996-06-21,0.0,442.18,36.93,21.94,2379.53,0.03236551677316293
1996-06-22,0.0,428.77,36.21,22.0,2422.3,0.029312166134185302
1996-06-23,0.0,441.46,36.39,21.61,2338.76,0.02748015575079872
1996-06-24,8.29,335.99,34.43,19.5,2253.74,0.03541886741214057
1996-06-25,0.0,366.62,32.88,21.6,2534.82,0.23205464856230032
1996-06-26,0.0,371.72,32.9,21.5,2510.55,0.22594794728434506
1996-06-27,0.0,339.6,33.37,23.0,2791.99,0.04335757907348242
1996-06-28,0.0,373.67,34.99,23.23,2757.75,0.03236551677316293
1996-06-29,0.0,418.16,36.76,22.99,2598.04,0.029922836261980834
1996-06-30,0.0,445.65,37.0,22.0,2362.2,0.09160051916932907
1996-07-01,3.12,447.84,35.87,20.28,2131.22,0.1954144408945687
1996-07-02,0.0,426.26,37.06,22.75,2531.75,0.03480819728434505
1996-07-03,0.0,422.41,37.49,23.22,2611.89,0.02564814536741214
1996-07-04,0.0,399.53,35.54,22.59,2581.09,0.023816134984025558
1996-07-05,0.0,488.4,37.52,20.0,2021.97,0.02137345447284345
1996-07-06,0.0,461.0,39.77,22.9,2456.94,0.020152114217252392
1996-07-07,0.0,423.23,37.6,22.99,2577.5,0.018320103833865814
1996-07-08,20.43,336.63,33.83,18.62,2132.97,0.018320103833865814
1996-07-09,14.48,296.19,28.28,16.5,1879.45,0.05618165175718849
1996-07-10,11.31,192.74,22.77,16.0,1800.0,0.05801366214057508
1996-07-11,1.76,182.35,21.44,16.85,1908.07,0.03541886741214057
1996-07-12,0.0,300.01,26.01,18.0,2080.0,0.03236551677316293
1996-07-13,0.0,353.58,29.0,19.11,2217.75,0.028701496006389778
1996-07-14,13.78,287.32,29.0,18.23,2098.31,0.24426805111821087
1996-07-15,0.0,455.08,31.0,16.91,1912.9,0.360295375399361
1996-07-16,0.0,427.67,33.53,19.99,2318.87,0.07938711661341853
1996-07-17,0.0,371.52,35.53,23.78,2946.59,0.0360295375399361
1996-07-18,0.0,391.59,36.8,24.0,3000.0,0.023816134984025558
1996-07-19,0.0,399.65,37.84,24.49,3078.89,0.017098763578274757
1996-07-20,0.0,411.1,38.34,24.36,3057.4,0.014656083067092651
1996-07-21,0.0,432.87,37.55,22.82,2770.69,0.012213402555910543
1996-07-22,8.3,336.62,36.26,21.12,2499.72,0.012213402555910543
1996-07-23,10.86,341.83,34.22,19.32,2251.18,0.024426805111821086
1996-07-24,0.0,412.28,32.5,20.02,2325.39,0.015877423322683704
1996-07-25,13.56,328.98,31.92,18.39,2111.02,0.013434742811501598
1996-07-26,20.99,293.83,28.66,17.56,2009.09,0.0854938178913738
1996-07-27,15.57,322.64,28.0,15.51,1760.77,0.13434742811501596
1996-07-28,0.0,426.4,32.07,18.9,2184.22,0.10381392172523961
1996-07-29,2.93,292.09,31.86,21.0,2480.0,0.05923500239616612
1996-07-30,6.14,256.77,30.07,20.45,2392.73,0.10381392172523961
1996-07-31,0.0,388.38,30.72,19.54,2279.65,0.07328041533546326
1996-08-01,0.0,368.3,30.96,20.5,2400.0,0.0427469089456869
1996-08-02,0.0,405.99,31.97,20.0,2320.0,0.03114417651757188
1996-08-03,0.0,419.45,32.45,19.81,2305.04,0.02564814536741214
1996-08-04,0.0,403.86,35.02,22.5,2719.99,0.02137345447284345
1996-08-05,0.0,388.11,33.5,22.06,2649.85,0.017709433706070286
1996-08-06,8.04,299.46,35.33,23.4,2863.65,0.020762784345047924
1996-08-07,1.5,393.31,34.0,22.15,2664.21,0.020152114217252392
1996-08-08,7.19,286.99,31.19,20.52,2403.34,0.02564814536741214
1996-08-09,0.0,389.73,29.94,19.1,2215.23,0.02137345447284345
1996-08-10,11.59,234.33,27.0,18.9,2183.94,0.05129629073482428
1996-08-11,5.85,241.23,25.19,17.5,1999.37,0.047632269968051116
1996-08-12,0.0,415.78,27.27,15.71,1776.74,0.03236551677316293
1996-08-13,0.0,442.15,29.11,16.06,1809.11,0.026258815495207664
1996-08-14,0.0,435.36,30.58,17.5,2000.0,0.02137345447284345
1996-08-15,0.0,393.92,31.54,20.0,2320.0,0.017098763578274757
1996-08-16,0.0,374.63,31.91,21.0,2479.98,0.03114417651757188
1996-08-17,10.99,267.41,29.75,19.86,2308.88,0.1282407268370607
1996-08-18,0.0,404.93,31.5,19.55,2280.69,0.047632269968051116
1996-08-19,0.0,423.23,33.94,20.54,2407.06,0.026258815495207664
1996-08-20,43.36,322.39,32.22,18.98,2196.92,2.1312387460063897
1996-08-21,0.0,344.88,30.77,21.15,2504.23,0.8244046725239615
1996-08-22,0.0,380.99,32.62,21.46,2553.23,0.16488093450479233
1996-08-23,0.0,390.71,31.96,20.56,2409.26,0.6350969329073483
1996-08-24,15.62,271.79,30.61,20.5,2400.0,8.671515814696486
1996-08-25,0.0,351.18,30.13,20.5,2400.0,1.038139217252396
1996-08-26,0.0,289.56,27.94,20.52,2403.72,0.3358685702875399
1996-08-27,2.52,297.17,27.9,20.14,2341.91,2.625881549520767
1996-08-28,0.0,360.45,29.19,19.52,2281.78,0.32976186900958465
1996-08-29,0.0,401.35,30.55,19.03,2205.34,0.15266753194888177
1996-08-30,0.0,406.27,30.25,18.5,2119.96,0.13434742811501596
1996-08-31,3.66,309.54,29.0,18.5,2120.0,0.23205464856230032
1996-09-01,0.0,369.93,28.59,18.5,2120.0,0.09770722044728435
1996-09-02,0.0,400.74,29.46,18.0,2080.0,0.09770722044728435
1996-09-03,0.0,394.75,30.0,18.63,2141.11,0.07328041533546326
1996-09-04,0.0,425.98,31.21,18.0,2080.0,0.05984567252396167
1996-09-05,0.0,425.27,32.0,18.5,2120.0,0.05434964137380192
1996-09-06,0.0,427.52,32.16,18.33,2106.35,0.05007495047923322
1996-09-07,0.0,384.82,30.45,19.0,2200.0,0.0494642803514377
1996-09-08,0.0,399.21,28.87,16.98,1918.49,0.04335757907348242
1996-09-09,0.0,469.32,31.0,14.0,1600.29,0.040304228434504784
1996-09-10,0.0,460.46,33.37,15.72,1777.92,0.03908288817891374
1996-09-11,0.0,456.25,34.56,16.39,1862.45,0.03908288817891374
1996-09-12,2.12,393.51,31.06,15.67,1773.25,0.0360295375399361
1996-09-13,0.0,408.62,25.43,12.55,1444.38,0.034197527156549515
1996-09-14,3.36,264.82,22.6,13.69,1574.88,0.03541886741214057
1996-09-15,16.45,134.95,20.01,15.37,1749.42,0.07328041533546326
1996-09-16,26.99,198.82,20.84,13.78,1582.5,0.07938711661341853
1996-09-17,0.0,282.13,22.14,14.5,1640.0,0.057402992012779555
1996-09-18,15.93,172.0,20.86,15.5,1760.11,0.2137345447284345
1996-09-19,30.9,216.62,21.71,14.07,1605.79,3.193804768370607
1996-09-20,5.42,287.75,21.52,10.4,1272.24,5.39832392971246
1996-09-21,0.0,438.15,24.91,10.0,1240.0,0.5984567252396166
1996-09-22,0.0,433.36,28.22,12.5,1440.04,0.2564814536741214
1996-09-23,0.0,383.25,29.14,16.15,1824.37,0.17709433706070285
1996-09-24,9.12,302.53,25.34,12.87,1469.91,2.2350526677316296
1996-09-25,1.38,237.66,21.56,14.45,1636.01,0.519069608626198
1996-09-26,26.41,282.77,19.33,7.66,1052.8,9.526453993610223
1996-09-27,2.25,257.85,16.0,7.92,1073.8,2.3510799920127794
1996-09-28,0.0,436.55,21.11,5.0,880.21,0.3664020766773163
1996-09-29,0.0,429.51,26.03,8.97,1157.37,0.1893077396166134
1996-09-30,0.0,392.45,26.48,11.93,1394.56,0.14045412939297125
1996-10-01,0.0,373.92,26.0,12.48,1438.67,0.10992062300319488
1996-10-02,0.0,349.12,22.89,11.0,1320.0,0.0854938178913738
1996-10-03,0.0,341.34,19.18,8.0,1080.0,0.07938711661341853
1996-10-04,0.0,357.52,22.73,10.21,1256.94,0.07328041533546326
1996-10-05,0.0,373.94,24.14,10.28,1262.18,0.06717371405750798
1996-10-06,0.0,323.76,25.23,13.86,1588.99,0.05801366214057508
1996-10-07,0.0,291.17,22.54,12.9,1471.73,0.06106701277955272
1996-10-08,13.58,264.93,19.57,7.15,1012.3,0.06717371405750798
1996-10-09,0.0,375.6,23.36,9.0,1160.0,0.09160051916932907
1996-10-10,0.0,377.62,21.28,6.99,999.56,0.07328041533546326
1996-10-11,0.0,387.79,22.49,7.0,1000.0,0.05984567252396167
1996-10-12,0.0,372.28,26.21,10.99,1319.41,0.05007495047923322
1996-10-13,0.0,361.28,28.04,13.0,1480.0,0.04824294009584664
1996-10-14,0.0,342.59,28.0,13.97,1597.62,0.04641092971246006
1996-10-15,0.0,332.82,27.5,13.75,1579.8,0.0427469089456869
1996-10-16,0.0,305.88,28.42,15.84,1787.58,0.0427469089456869
1996-10-17,0.0,376.98,26.05,8.03,1082.02,0.03908288817891374
1996-10-18,0.0,355.48,16.5,1.52,681.84,0.037861547923322685
1996-10-19,0.0,347.5,20.96,5.57,913.74,0.03725087779552715
1996-10-20,0.0,295.97,23.39,10.9,1312.28,0.03664020766773163
1996-10-21,0.0,330.02,19.72,5.42,912.71,0.03664020766773163
1996-10-22,10.52,183.18,9.89,1.0,640.0,0.050685620607028754
1996-10-23,0.64,335.3,17.85,2.0,720.0,0.04641092971246006
1996-10-24,0.0,349.08,21.5,4.5,840.0,0.045800259584664535
1996-10-25,0.0,275.45,23.84,11.65,1371.99,0.045800259584664535
1996-10-26,7.34,201.49,25.0,12.94,1476.18,0.05312830111821086
1996-10-27,22.56,225.85,20.64,6.7,975.77,1.1969134504792331
1996-10-28,0.0,116.62,12.86,8.52,1121.67,0.854938178913738
1996-10-29,10.39,161.33,18.71,10.0,1240.0,0.6595237380191693
1996-10-30,0.0,288.63,16.53,4.0,800.18,1.1785933466453673
1996-10-31,0.0,215.6,9.23,0.99,640.0,0.2992283626198083
1996-11-01,0.0,202.64,9.16,1.49,679.15,0.1465608306709265
1996-11-02,0.0,290.83,11.5,-0.96,563.07,0.10992062300319488
1996-11-03,0.0,306.19,15.25,1.09,647.4,0.0854938178913738
1996-11-04,7.0,209.33,17.54,4.96,876.89,0.11602732428115016
1996-11-05,1.14,296.9,20.96,2.98,758.73,0.10381392172523961
1996-11-06,0.0,272.54,18.63,5.84,920.27,0.09770722044728435
1996-11-07,0.0,271.37,14.6,2.15,716.69,0.0854938178913738
1996-11-08,0.0,238.78,12.57,2.24,720.0,0.07328041533546326
1996-11-09,0.0,291.83,16.89,2.32,720.0,0.07328041533546326
1996-11-10,0.0,279.45,13.63,0.29,623.07,0.06106701277955272
1996-11-11,0.0,247.92,8.93,-1.93,525.44,0.06045634265175719
1996-11-12,0.0,173.5,5.9,-1.0,560.1,0.05801366214057508
1996-11-13,0.25,104.01,4.73,0.84,640.0,0.05801366214057508
1996-11-14,2.44,151.69,7.1,0.29,623.42,0.05801366214057508
1996-11-15,1.67,200.36,14.49,5.44,905.07,0.06106701277955272
1996-11-16,20.81,165.11,15.83,6.48,958.28,5.801366214057508
1996-11-17,53.96,209.08,9.23,-3.51,477.05,26.07561445686901
1996-11-18,0.0,245.02,8.17,-2.1,520.0,5.019708450479233
1996-11-19,0.0,224.15,10.41,1.2,655.64,0.6717371405750798
1996-11-20,0.65,183.3,13.64,6.35,947.76,0.4335757907348243
1996-11-21,0.0,229.29,11.47,1.85,708.22,0.32976186900958465
1996-11-22,0.0,153.1,7.29,1.6,687.97,0.26258815495207666
1996-11-23,0.5,278.3,13.11,-0.1,600.0,0.21984124600638977
1996-11-24,0.0,235.6,3.39,-6.04,389.76,0.18320103833865814
1996-11-25,0.0,215.37,1.34,-6.89,360.0,0.15266753194888177
1996-11-26,0.0,241.83,2.43,-7.27,360.0,0.12213402555910544
1996-11-27,0.0,236.23,3.46,-6.17,386.04,0.11602732428115016
1996-11-28,0.0,269.44,8.38,-4.23,440.0,0.11602732428115016
1996-11-29,14.25,148.93,8.39,0.5,639.99,0.47632269968051116
1996-11-30,5.08,133.31,6.42,-0.4,600.0,1.9052907987220447
1996-12-01,10.64,211.99,4.53,-6.64,360.0,0.7389108546325879
1996-12-02,0.0,266.98,8.13,-2.27,520.0,1.5572088258785943
1996-12-03,0.0,276.03,8.58,-2.48,519.84,3.175484664536741
1996-12-04,0.0,285.1,10.5,-1.5,560.0,0.7144840495207668
1996-12-05,0.0,309.28,9.85,-4.5,440.0,0.3786154792332268
1996-12-06,0.0,269.49,9.78,-1.02,560.0,0.2748015575079872
1996-12-07,0.0,268.78,12.0,0.0,600.19,0.21984124600638977
1996-12-08,0.0,290.68,14.45,-3.0,480.0,0.18320103833865814
1996-12-09,0.0,282.75,17.46,-0.23,600.0,0.16488093450479233
1996-12-10,0.0,272.1,21.08,4.25,827.36,0.15877423322683706
1996-12-11,0.0,267.19,16.87,1.58,686.53,0.15266753194888177
1996-12-12,0.0,231.31,12.58,1.5,680.13,0.14045412939297125
1996-12-13,0.0,263.24,16.11,0.97,640.0,0.1282407268370607
1996-12-14,0.0,239.37,14.58,2.01,720.0,0.12213402555910544
1996-12-15,0.0,243.56,8.65,-3.91,447.05,0.10992062300319488
1996-12-16,0.0,249.27,5.54,-7.5,360.0,0.10381392172523961
1996-12-17,0.0,210.94,2.12,-7.67,346.68,0.09770722044728435
1996-12-18,0.0,181.9,-3.51,-11.43,245.7,0.07328041533546326
1996-12-19,0.0,215.06,-3.86,-13.7,200.0,0.07328041533546326
1996-12-20,0.0,253.09,2.32,-11.01,279.0,0.07328041533546326
1996-12-21,0.0,215.01,7.1,-3.3,479.3,0.07938711661341853
1996-12-22,0.0,173.51,6.15,-1.75,541.0,0.0854938178913738
1996-12-23,0.0,206.87,0.65,-8.94,311.81,0.07938711661341853
1996-12-24,0.0,211.98,-3.72,-13.49,203.62,0.05923500239616612
1996-12-25,0.0,263.32,5.08,-9.65,280.27,0.06106701277955272
1996-12-26,0.0,271.19,4.15,-11.84,242.46,0.06106701277955272
1996-12-27,0.0,257.18,6.53,-7.89,336.69,0.06717371405750798
1996-12-28,0.0,253.01,10.58,-3.71,460.95,0.06717371405750798
1996-12-29,0.0,271.27,9.51,-7.37,359.27,0.06717371405750798
1996-12-30,0.0,275.46,12.67,-5.43,405.23,0.06717371405750798
1996-12-31,0.0,273.37,11.09,-6.4,382.25,0.06717371405750798
1997-01-01,0.0,189.0,14.35,4.78,862.17,0.07938711661341853
1997-01-02,0.0,213.81,19.06,7.42,1033.79,0.09160051916932907
1997-01-03,0.0,231.57,21.18,7.88,1070.7,0.09770722044728435
1997-01-04,0.0,242.42,17.72,4.0,800.0,0.09160051916932907
1997-01-05,0.0,250.31,10.59,-3.06,480.0,0.07328041533546326
1997-01-06,0.0,222.74,3.55,-7.36,359.6,0.06106701277955272
1997-01-07,0.0,242.64,4.62,-7.83,333.53,0.05618165175718849
1997-01-08,0.0,175.86,3.0,-4.99,440.0,0.05557098162939297
1997-01-09,5.16,197.52,3.0,-8.68,320.0,0.06106701277955272
1997-01-10,0.0,278.79,1.16,-11.43,247.84,0.05801366214057508
1997-01-11,0.0,151.69,-9.28,-15.0,200.0,0.04641092971246006
1997-01-12,0.0,149.19,-9.85,-15.43,199.95,0.0494642803514377
1997-01-13,0.0,161.76,-9.46,-15.53,194.49,0.04213623881789137
1997-01-14,0.0,151.62,-5.86,-11.53,242.85,0.040304228434504784
1997-01-15,0.0,210.47,1.31,-6.95,360.0,0.0427469089456869
1997-01-16,0.0,298.82,1.04,-12.35,240.0,0.0427469089456869
1997-01-17,0.0,295.68,0.23,-12.7,240.0,0.03847221805111821
1997-01-18,0.0,347.22,7.54,-11.43,245.91,0.040304228434504784
1997-01-19,0.0,326.73,14.03,-2.5,520.0,0.045800259584664535
1997-01-20,0.0,342.65,18.53,-1.0,560.0,0.05557098162939297
1997-01-21,0.0,282.32,17.91,2.67,733.72,0.06106701277955272
1997-01-22,0.0,292.45,15.25,-0.5,600.0,0.06717371405750798
1997-01-23,0.0,278.25,13.98,0.02,601.94,0.06106701277955272
1997-01-24,0.0,280.05,11.17,-2.47,519.19,0.06106701277955272
1997-01-25,0.0,304.44,5.11,-10.31,280.0,0.05434964137380192
1997-01-26,0.0,186.42,-1.09,-8.48,320.02,0.04885361022364217
1997-01-27,0.64,258.62,-2.7,-12.69,240.0,0.03847221805111821
1997-01-28,0.0,336.91,-2.41,-17.73,160.0,0.040304228434504784
1997-01-29,0.0,343.63,4.65,-11.5,240.18,0.040304228434504784
1997-01-30,0.0,371.62,14.0,-7.51,349.9,0.04152556869009585
1997-01-31,0.0,337.63,18.31,-1.83,532.08,0.04824294009584664
1997-02-01,0.0,324.81,16.56,-1.0,560.0,0.051906960862619804
1997-02-02,0.0,313.73,14.97,-0.84,572.6,0.05434964137380192
1997-02-03,0.0,279.02,12.49,-0.04,602.14,0.05373897124600639
1997-02-04,0.0,237.97,8.8,-0.89,568.93,0.05312830111821086
1997-02-05,0.0,225.32,5.0,-3.75,459.71,0.05007495047923322
1997-02-06,1.87,99.09,1.29,-2.55,515.73,0.05129629073482428
1997-02-07,10.63,84.33,0.85,-3.0,480.24,0.05801366214057508
1997-02-08,0.0,182.18,-0.78,-7.06,360.0,0.05557098162939297
1997-02-09,0.0,207.39,0.07,-7.03,357.7,0.05373897124600639
1997-02-10,0.0,188.75,1.46,-4.91,438.11,0.05618165175718849
1997-02-11,0.0,321.94,6.3,-6.71,360.0,0.05496031150159744
1997-02-12,0.0,270.74,5.49,-4.49,440.0,0.05373897124600639
1997-02-13,0.0,221.09,3.43,-4.28,440.0,0.05251763099041533
1997-02-14,0.0,326.48,9.23,-4.05,442.3,0.05251763099041533
1997-02-15,0.0,378.72,14.67,-4.03,440.0,0.05007495047923322
1997-02-16,0.0,368.05,15.5,-1.86,531.37,0.04824294009584664
1997-02-17,0.0,348.97,18.69,3.19,772.02,0.04641092971246006
1997-02-18,0.0,263.97,18.38,8.46,1117.03,0.043968249201277954
1997-02-19,0.0,279.73,15.48,5.37,906.19,0.04335757907348242
1997-02-20,3.25,196.2,13.93,6.91,992.57,0.10992062300319488
1997-02-21,46.74,230.87,11.02,0.45,636.18,5.593738370607028
1997-02-22,0.0,346.52,9.54,-2.86,491.44,4.903681126198083
1997-02-23,0.0,349.98,11.07,-1.45,560.0,0.6656304392971246
1997-02-24,0.0,312.0,8.08,-1.99,523.56,0.360295375399361
1997-02-25,0.0,283.24,5.88,-2.86,490.93,0.26258815495207666
1997-02-26,7.08,186.73,5.94,-1.42,552.39,0.3419752715654952
1997-02-27,4.3,254.46,7.01,-3.79,459.54,0.8182979712460063
1997-02-28,0.0,321.5,10.27,0.41,624.88,0.5312830111821086
1997-03-01,0.26,308.5,11.26,2.03,717.59,0.293121661341853
1997-03-02,0.0,392.94,9.54,-3.1,480.0,0.23816134984025558
1997-03-03,0.0,428.69,13.86,-1.88,529.75,0.20152114217252395
1997-03-04,0.0,399.81,12.65,-0.13,600.0,0.18320103833865814
1997-03-05,0.0,416.53,10.5,-3.05,480.88,0.15877423322683706
1997-03-06,0.0,457.14,15.95,-3.0,480.0,0.1465608306709265
1997-03-07,0.0,445.66,19.43,1.42,672.57,0.14045412939297125
1997-03-08,0.0,438.36,19.0,2.0,712.55,0.13434742811501596
1997-03-09,0.0,389.12,16.99,3.98,800.47,0.13434742811501596
1997-03-10,0.0,460.1,20.0,0.0,599.33,0.1282407268370607
1997-03-11,0.0,448.3,22.0,3.0,734.34,0.1282407268370607
1997-03-12,0.0,431.35,22.82,5.39,870.98,0.12213402555910544
1997-03-13,0.0,413.73,19.35,3.99,799.31,0.11602732428115016
1997-03-14,0.0,388.47,6.64,-6.12,390.32,0.10992062300319488
1997-03-15,0.0,351.99,4.85,-6.08,393.29,0.10381392172523961
1997-03-16,0.0,407.4,10.5,-3.33,480.0,0.09770722044728435
1997-03-17,0.0,372.91,17.68,5.39,910.65,0.10381392172523961
1997-03-18,0.25,382.44,17.86,5.31,903.69,0.10992062300319488
1997-03-19,0.0,369.81,13.36,2.0,717.81,0.10992062300319488
1997-03-20,0.0,496.71,25.66,2.0,636.02,0.10381392172523961
1997-03-21,0.0,480.36,28.52,6.69,874.89,0.10381392172523961
1997-03-22,0.0,465.34,22.25,3.5,709.87,0.10381392172523961
1997-03-23,0.0,450.13,20.12,3.0,678.92,0.10381392172523961
1997-03-24,0.0,432.84,23.3,7.03,888.83,0.10992062300319488
1997-03-25,8.29,351.03,21.09,3.59,687.23,0.14045412939297125
1997-03-26,0.0,467.66,18.44,0.42,491.41,0.09160051916932907
1997-03-27,0.0,433.43,21.76,5.75,715.09,0.10381392172523961
1997-03-28,9.71,277.86,19.03,6.23,920.87,0.13434742811501596
1997-03-29,0.0,443.69,18.95,2.5,586.68,0.10381392172523961
1997-03-30,0.49,442.23,18.13,1.16,539.28,0.09160051916932907
1997-03-31,0.0,461.98,19.5,1.64,536.52,0.0854938178913738
1997-04-01,0.0,306.48,18.42,8.22,1026.15,0.07938711661341853
1997-04-02,0.0,226.37,18.79,11.51,1360.77,0.07938711661341853
1997-04-03,0.0,332.66,21.1,10.06,1100.52,0.07938711661341853
1997-04-04,16.33,184.63,18.55,10.79,1303.16,0.15877423322683706
1997-04-05,18.93,223.95,18.38,9.05,1164.02,1.2701938658146965
1997-04-06,3.33,358.32,16.83,0.28,619.14,0.7266974520766774
1997-04-07,0.0,453.78,15.04,-0.37,570.05,0.21984124600638977
1997-04-08,13.04,319.3,12.05,-1.64,547.09,0.5557098162939297
1997-04-09,9.48,177.72,4.54,-1.9,527.74,2.5464944329073482
1997-04-10,3.86,307.43,11.04,1.43,674.73,0.6717371405750798
1997-04-11,43.94,250.68,7.64,-1.48,556.13,22.839062779552716
1997-04-12,0.12,304.24,2.61,-5.23,421.26,11.480598402555911
1997-04-13,0.0,445.26,8.57,-4.3,440.0,0.7816577635782748
1997-04-14,0.0,511.34,15.5,-1.93,525.86,0.37250877795527154
1997-04-15,0.0,505.79,20.64,2.93,754.12,0.22594794728434506
1997-04-16,0.0,452.54,20.46,6.0,920.0,0.17709433706070285
1997-04-17,0.0,463.96,19.5,4.59,847.05,0.1465608306709265
1997-04-18,0.0,489.12,25.53,8.16,1058.33,0.1282407268370607
1997-04-19,0.0,477.67,26.71,10.13,1213.64,0.10992062300319488
1997-04-20,0.0,447.4,25.48,11.0,1318.15,0.09160051916932907
1997-04-21,0.0,480.14,24.94,9.0,1125.1,0.07328041533546326
1997-04-22,0.02,447.45,22.1,8.4,1111.67,0.06106701277955272
1997-04-23,0.0,428.21,19.33,6.91,993.09,0.047632269968051116
1997-04-24,0.0,383.05,16.03,5.76,920.0,0.05129629073482428
1997-04-25,0.5,360.2,15.32,5.7,917.39,0.05007495047923322
1997-04-26,2.62,269.83,15.82,7.6,1048.12,0.05007495047923322
1997-04-27,3.38,324.64,18.0,6.31,944.99,0.06717371405750798
1997-04-28,0.0,525.58,20.53,4.0,800.0,0.05557098162939297
1997-04-29,0.0,520.25,23.42,6.84,956.41,0.045800259584664535
1997-04-30,0.0,481.93,22.51,8.43,1099.58,0.044578919329073485
1997-05-01,0.0,521.64,20.63,4.5,834.51,0.040304228434504784
1997-05-02,16.89,322.38,20.81,8.98,1158.29,0.1893077396166134
1997-05-03,0.0,486.12,18.86,4.77,861.8,0.07328041533546326
1997-05-04,0.0,511.59,22.49,6.31,945.16,0.04702159984025559
1997-05-05,1.32,469.9,25.55,11.03,1320.64,0.024426805111821086
1997-05-06,0.0,517.25,26.48,9.16,1135.09,0.017098763578274757
1997-05-07,0.0,433.18,26.55,13.61,1564.3,0.02320546485623003
1997-05-08,18.72,321.48,24.91,12.45,1436.3,0.48853610223642174
1997-05-09,0.0,475.69,20.95,6.82,985.73,0.3908288817891374
1997-05-10,0.0,518.03,21.9,5.17,891.38,0.16488093450479233
1997-05-11,0.0,509.93,24.71,7.83,1058.12,0.07938711661341853
1997-05-12,0.0,471.54,23.56,8.75,1139.67,0.06045634265175719
1997-05-13,0.0,532.06,25.45,6.64,960.1,0.05251763099041533
1997-05-14,0.0,504.37,25.94,8.88,1129.22,0.05801366214057508
1997-05-15,0.0,449.93,24.92,10.94,1314.99,0.04885361022364217
1997-05-16,0.0,523.38,27.51,9.04,1118.46,0.03908288817891374
1997-05-17,0.0,496.56,31.52,13.77,1524.93,0.03114417651757188
1997-05-18,0.0,447.65,32.84,17.42,1970.17,0.026869485623003196
1997-05-19,36.81,366.42,28.16,11.62,1369.5,0.5373897124600638
1997-05-20,0.0,443.87,21.28,8.0,1080.0,0.8976850878594248
1997-05-21,0.0,422.51,23.12,10.58,1286.26,0.14045412939297125
1997-05-22,0.0,362.51,22.48,12.23,1418.18,0.04641092971246006
1997-05-23,0.0,352.32,24.04,14.02,1601.65,0.028701496006389778
1997-05-24,0.0,367.17,27.07,16.22,1834.56,0.023816134984025558
1997-05-25,2.29,362.46,28.48,16.2,1832.17,0.04213623881789137
1997-05-26,7.49,312.53,27.98,15.0,1720.0,0.14045412939297125
1997-05-27,0.0,388.89,23.56,12.22,1417.93,0.2748015575079872
1997-05-28,0.0,452.39,22.01,8.5,1117.07,0.034197527156549515
1997-05-29,0.0,450.33,24.2,10.59,1277.39,0.02564814536741214
1997-05-30,26.56,267.1,23.3,13.31,1528.28,0.5923500239616614
1997-05-31,0.0,428.04,24.54,11.98,1398.72,0.12213402555910544
1997-06-01,0.0,476.05,26.4,11.41,1347.79,0.05007495047923322
1997-06-02,0.0,450.99,26.3,12.5,1439.98,0.02748015575079872
1997-06-03,0.0,436.71,26.1,13.0,1480.0,0.020152114217252392
1997-06-04,1.14,374.98,25.44,14.78,1684.67,0.017098763578274757
1997-06-05,0.0,473.45,25.98,11.5,1354.95,0.01526675319488818
1997-06-06,0.0,486.94,28.06,12.5,1430.92,0.014045412939297123
1997-06-07,0.0,444.78,29.5,15.58,1764.53,0.013434742811501598
1997-06-08,0.0,377.01,28.5,17.43,1988.5,0.012213402555910543
1997-06-09,0.0,350.24,25.26,15.61,1768.92,0.011602732428115015
1997-06-10,0.0,307.08,23.56,15.51,1760.74,0.010992062300319488
1997-06-11,0.0,422.25,26.91,14.87,1699.64,0.010381392172523962
1997-06-12,0.0,460.7,30.66,16.5,1860.68,0.010381392172523962
1997-06-13,26.8,347.44,30.94,16.64,1891.38,0.32365516773162933
1997-06-14,0.0,437.35,29.16,16.41,1864.89,0.10381392172523961
1997-06-15,0.0,412.58,30.06,18.25,2099.68,0.0360295375399361
1997-06-16,16.51,350.83,29.98,16.03,1805.27,0.5496031150159744
1997-06-17,10.58,330.04,28.95,16.45,1871.29,1.013712412140575
1997-06-18,0.0,486.82,32.0,16.69,1895.32,0.9343252955271565
1997-06-19,0.0,479.67,34.8,19.0,2199.24,0.09160051916932907
1997-06-20,0.0,438.01,36.22,22.0,2640.0,0.029312166134185302
1997-06-21,0.0,394.74,34.86,22.75,2760.33,0.016488093450479233
1997-06-22,0.0,436.48,32.81,19.46,2273.44,0.011602732428115015
1997-06-23,0.0,368.46,30.45,20.08,2336.07,0.012213402555910543
1997-06-24,29.76,311.27,31.41,19.23,2236.04,0.15877423322683706
1997-06-25,0.0,412.76,32.98,20.57,2411.34,3.8533285063897758
1997-06-26,40.98,330.43,30.56,17.5,2000.0,5.239549696485623
1997-06-27,0.0,442.85,31.39,18.06,2084.5,10.503526198083067
1997-06-28,0.0,430.61,32.55,19.5,2279.73,5.496031150159744
1997-06-29,0.0,416.85,31.41,19.07,2211.76,2.772442380191693
1997-06-30,23.83,336.82,31.99,18.14,2091.26,7.572309584664536
1997-07-01,0.0,429.42,35.96,21.99,2638.2,6.106701277955271
1997-07-02,0.0,427.12,35.44,21.7,2592.06,0.4457891932907348
1997-07-03,0.0,443.36,33.82,19.79,2303.52,0.20762784345047922
1997-07-04,0.0,472.71,29.26,14.84,1694.26,0.12213402555910544
1997-07-05,0.0,466.23,27.83,14.0,1600.0,0.09160051916932907
1997-07-06,0.0,440.55,29.9,16.84,1907.5,0.07328041533546326
1997-07-07,0.0,398.89,30.5,19.0,2200.0,0.06717371405750798
1997-07-08,0.0,423.77,33.57,20.42,2387.4,0.057402992012779555
1997-07-09,0.0,446.42,35.27,20.52,2403.65,0.04641092971246006
1997-07-10,0.0,374.84,33.38,21.95,2631.42,0.04702159984025559
1997-07-11,6.74,284.54,30.89,21.47,2555.75,0.7144840495207668
1997-07-12,31.52,266.33,32.47,22.15,2664.74,0.15877423322683706
1997-07-13,0.0,404.08,35.57,22.69,2749.97,0.0494642803514377
1997-07-14,0.0,423.27,35.0,21.42,2546.81,0.03847221805111821
1997-07-15,0.0,399.51,33.5,21.24,2517.78,0.02748015575079872
1997-07-16,0.0,396.5,33.63,21.5,2559.56,0.293121661341853
1997-07-17,51.79,294.07,31.66,20.1,2336.27,8.854716853035143
1997-07-18,4.89,309.04,29.72,20.45,2392.73,3.0533506389776357
1997-07-19,8.01,240.61,28.51,20.0,2320.0,1.2213402555910542
1997-07-20,50.59,261.83,28.98,19.65,2289.13,1.8320103833865815
1997-07-21,0.94,362.44,31.33,21.12,2498.52,24.426805111821086
1997-07-22,0.0,408.6,33.65,21.5,2560.0,1.2213402555910542
1997-07-23,0.0,406.34,35.0,22.55,2727.97,0.48853610223642174
1997-07-24,0.0,393.65,36.0,23.78,2949.37,0.427469089456869
1997-07-25,0.0,406.69,36.5,23.59,2901.43,0.30533506389776355
1997-07-26,0.0,389.42,36.0,23.94,2985.55,0.24426805111821087
1997-07-27,0.0,395.64,36.05,23.73,2936.22,0.20152114217252395
1997-07-28,0.0,403.06,34.57,22.34,2694.28,0.1709876357827476
1997-07-29,0.0,324.63,30.72,21.94,2630.23,0.15266753194888177
1997-07-30,0.0,369.44,29.93,19.95,2316.4,0.14045412939297125
1997-07-31,0.0,458.21,30.0,16.65,1892.18,0.13434742811501596
1997-08-01,0.0,471.26,32.73,18.0,2080.0,0.12213402555910544
1997-08-02,0.0,441.68,34.02,20.36,2377.41,0.12213402555910544
1997-08-03,9.51,315.45,33.6,21.0,2480.0,0.12213402555910544
1997-08-04,0.0,383.68,32.99,22.0,2640.0,0.12213402555910544
1997-08-05,0.0,397.91,32.0,20.71,2433.2,0.10992062300319488
1997-08-06,0.0,389.54,27.13,16.97,1917.42,0.10992062300319488
1997-08-07,21.31,293.2,23.38,13.68,1574.36,0.09770722044728435
1997-08-08,0.0,439.63,26.43,14.67,1668.23,0.18320103833865814
1997-08-09,0.0,459.52,29.15,15.97,1797.7,0.12213402555910544
1997-08-10,0.0,411.55,30.56,19.0,2200.0,0.0854938178913738
1997-08-11,20.73,271.83,29.74,20.04,2325.78,0.07328041533546326
1997-08-12,2.9,295.81,28.39,19.29,2245.78,0.23205464856230032
1997-08-13,1.32,373.89,27.56,17.0,1920.0,0.13434742811501596
1997-08-14,0.0,433.97,31.01,18.5,2120.0,0.09770722044728435
1997-08-15,0.0,417.43,34.76,21.95,2631.83,0.07938711661341853
1997-08-16,0.0,392.03,35.23,23.33,2852.66,0.06106701277955272
1997-08-17,11.26,322.83,32.34,19.42,2266.68,0.06106701277955272
1997-08-18,13.32,238.2,27.0,19.54,2283.14,0.1709876357827476
1997-08-19,27.63,221.61,27.43,19.94,2314.98,2.7541222763578275
1997-08-20,3.78,278.98,29.65,19.5,2279.37,2.3755067971246007
1997-08-21,4.67,293.86,29.44,18.6,2136.63,0.4824294009584665
1997-08-22,23.51,285.76,28.0,17.8,2048.47,2.7602289776357827
1997-08-23,0.0,383.64,28.0,17.73,2037.13,3.9937826357827473
1997-08-24,0.0,402.45,30.37,18.99,2198.89,0.5801366214057507
1997-08-25,0.0,421.39,31.5,19.0,2200.0,0.2503747523961661
1997-08-26,0.0,444.41,32.32,18.39,2111.01,0.15877423322683706
1997-08-27,0.0,439.76,33.0,19.0,2200.0,0.12213402555910544
1997-08-28,0.0,427.89,33.81,20.0,2320.0,0.09160051916932907
1997-08-29,0.0,416.79,34.49,20.85,2456.19,0.07938711661341853
1997-08-30,0.0,402.45,34.47,21.47,2554.91,0.06717371405750798
1997-08-31,0.0,386.13,33.71,21.63,2580.39,0.06106701277955272
1997-09-01,0.0,386.34,34.0,21.83,2612.19,0.07938711661341853
1997-09-02,0.0,394.83,35.01,22.08,2653.23,0.13434742811501596
1997-09-03,3.17,341.04,31.92,20.4,2384.12,0.05679232188498403
1997-09-04,0.0,427.2,26.13,13.5,1560.0,0.04702159984025559
1997-09-05,0.0,451.31,28.69,14.05,1603.93,0.045800259584664535
1997-09-06,0.0,419.73,31.22,17.5,2000.0,0.04335757907348242
1997-09-07,0.0,388.26,32.22,19.68,2294.4,0.04152556869009585
1997-09-08,0.0,405.22,33.67,19.85,2307.61,0.037861547923322685
1997-09-09,6.29,329.49,32.25,16.63,1890.26,0.04091489856230032
1997-09-10,0.0,450.64,26.66,11.5,1360.0,0.0360295375399361
1997-09-11,0.0,452.9,28.0,12.0,1400.0,0.032976186900958465
1997-09-12,0.0,397.13,27.37,14.5,1640.0,0.04091489856230032
1997-09-13,6.92,250.84,29.04,18.5,2120.0,0.04152556869009585
1997-09-14,0.0,396.57,31.99,18.0,2080.0,0.032976186900958465
1997-09-15,0.0,384.05,34.0,19.95,2316.23,0.03236551677316293
1997-09-16,0.0,356.17,34.9,21.92,2627.17,0.03053350638977636
1997-09-17,0.0,386.25,33.73,19.24,2231.24,0.026258815495207664
1997-09-18,0.0,371.73,35.1,20.73,2437.14,0.026869485623003196
1997-09-19,0.0,333.02,35.41,22.74,2758.59,0.02503747523961661
1997-09-20,11.34,335.07,29.27,10.92,1313.66,0.05923500239616612
1997-09-21,3.53,221.93,19.31,11.95,1395.89,0.029922836261980834
1997-09-22,4.33,201.3,21.89,15.29,1742.99,0.07328041533546326
1997-09-23,59.86,87.1,20.3,17.0,1920.0,5.331150215654952
1997-09-24,3.51,121.29,19.3,15.01,1720.59,6.656304392971245
1997-09-25,0.0,257.43,21.5,13.83,1586.65,0.7511242571884984
1997-09-26,0.0,392.29,25.89,12.0,1400.0,0.32976186900958465
1997-09-27,0.0,385.41,28.5,14.34,1627.38,0.1954144408945687
1997-09-28,0.0,361.03,28.41,15.5,1760.34,0.14045412939297125
1997-09-29,0.0,412.41,28.45,12.0,1400.01,0.10992062300319488
1997-09-30,0.0,407.83,29.5,12.77,1461.62,0.09160051916932907
1997-10-01,0.0,410.93,29.5,12.12,1409.38,0.07938711661341853
1997-10-02,0.0,387.15,32.02,15.5,1760.0,0.07328041533546326
1997-10-03,0.0,344.47,33.28,19.0,2200.0,0.06717371405750798
1997-10-04,0.0,355.81,32.07,17.22,1957.93,0.06106701277955272
1997-10-05,0.0,354.95,31.97,17.0,1920.0,0.06045634265175719
1997-10-06,0.0,314.23,31.0,18.5,2120.0,0.05801366214057508
1997-10-07,0.0,226.58,27.64,19.49,2279.13,0.057402992012779555
1997-10-08,5.4,155.44,24.99,17.88,2060.34,0.07328041533546326
1997-10-09,8.41,273.56,25.15,10.68,1294.71,0.06717371405750798
1997-10-10,0.0,307.22,25.05,13.84,1587.6,0.13434742811501596
1997-10-11,0.0,203.98,25.25,18.26,2100.65,0.09770722044728435
1997-10-12,28.52,170.56,22.22,14.68,1668.67,3.096097547923322
1997-10-13,20.36,265.63,19.07,6.0,920.0,3.089990846645367
1997-10-14,0.0,371.46,19.51,5.0,880.0,1.0503526198083066
1997-10-15,0.0,378.42,23.0,7.0,1000.0,0.49464280351437695
1997-10-16,0.0,341.91,21.89,8.63,1130.33,0.2686948562300319
1997-10-17,0.0,332.5,19.0,6.56,964.96,0.1893077396166134
1997-10-18,0.0,343.67,20.03,6.63,970.04,0.15877423322683706
1997-10-19,0.0,302.59,19.01,7.99,1079.39,0.14045412939297125
1997-10-20,0.0,256.85,15.27,6.7,976.21,0.1282407268370607
1997-10-21,0.0,284.01,14.98,5.15,891.72,0.10992062300319488
1997-10-22,0.0,318.95,16.57,4.52,841.33,0.10381392172523961
1997-10-23,0.0,231.87,15.51,7.44,1035.54,0.0854938178913738
1997-10-24,2.87,96.88,13.94,10.24,1258.9,0.09770722044728435
1997-10-25,7.1,147.93,14.18,7.43,1034.66,0.13434742811501596
1997-10-26,5.77,214.79,10.36,-0.0,600.0,0.3908288817891374
1997-10-27,0.0,275.57,7.74,-1.98,531.34,0.30533506389776355
1997-10-28,0.0,343.24,15.39,0.6,638.44,0.21984124600638977
1997-10-29,0.0,338.9,18.0,3.06,765.2,0.14045412939297125
1997-10-30,0.0,299.75,18.58,6.5,960.0,0.11602732428115016
1997-10-31,0.0,339.41,21.5,5.5,920.0,0.10381392172523961
1997-11-01,0.0,320.75,20.41,6.2,936.3,0.09770722044728435
1997-11-02,0.0,271.85,16.47,6.0,920.0,0.09160051916932907
1997-11-03,0.0,279.89,14.5,3.72,800.0,0.10381392172523961
1997-11-04,0.0,341.01,18.11,1.49,679.1,0.0854938178913738
1997-11-05,0.0,312.09,18.76,4.77,861.91,0.0854938178913738
1997-11-06,0.0,242.48,8.94,0.0,600.0,0.07328041533546326
1997-11-07,0.0,274.62,8.1,-2.7,504.23,0.07938711661341853
1997-11-08,0.0,286.14,12.37,0.49,639.16,0.07938711661341853
1997-11-09,0.0,250.0,12.35,2.53,722.93,0.07938711661341853
1997-11-10,1.77,191.85,5.49,-1.53,557.91,0.0854938178913738
1997-11-11,0.0,252.36,4.31,-5.5,400.0,0.07938711661341853
1997-11-12,1.27,161.91,3.19,-2.51,519.3,0.07938711661341853
1997-11-13,0.0,118.51,4.0,-0.0,600.0,0.0854938178913738
1997-11-14,0.0,199.16,4.5,-2.5,520.0,0.09160051916932907
1997-11-15,0.0,234.77,3.0,-5.5,400.0,0.0854938178913738
1997-11-16,0.0,310.27,5.0,-9.0,320.0,0.07328041533546326
1997-11-17,0.0,309.8,8.68,-6.0,400.0,0.0854938178913738
1997-11-18,0.0,312.08,13.13,-3.0,480.0,0.09160051916932907
1997-11-19,0.0,317.7,16.86,-2.0,520.0,0.0854938178913738
1997-11-20,0.0,286.03,15.19,1.0,640.0,0.09160051916932907
1997-11-21,0.0,269.49,12.56,0.01,604.78,0.09160051916932907
1997-11-22,0.07,260.15,13.59,1.49,678.91,0.09160051916932907
1997-11-23,0.0,287.52,15.0,-0.5,600.0,0.09160051916932907
1997-11-24,0.0,262.95,16.22,2.71,736.92,0.09770722044728435
1997-11-25,0.0,276.77,18.33,2.69,735.23,0.09770722044728435
1997-11-26,0.0,240.96,16.09,4.0,800.0,0.09160051916932907
1997-11-27,0.0,172.48,14.47,6.75,979.67,0.09770722044728435
1997-11-28,10.39,153.29,18.72,8.99,1159.49,0.17709433706070285
1997-11-29,1.02,179.57,14.5,5.91,920.0,0.22594794728434506
1997-11-30,0.0,151.27,10.0,3.69,800.0,0.1465608306709265
1997-12-01,0.0,228.68,8.75,-1.61,549.17,0.10992062300319488
1997-12-02,0.0,119.65,5.65,0.93,640.0,0.10381392172523961
1997-12-03,13.72,120.44,6.17,-0.29,600.0,0.37250877795527154
1997-12-04,0.0,192.96,4.37,-3.5,480.0,0.3664020766773163
1997-12-05,0.0,243.08,3.82,-6.98,360.0,0.18320103833865814
1997-12-06,0.0,235.3,3.0,-7.36,360.0,0.11602732428115016
1997-12-07,0.0,191.15,3.41,-4.35,440.0,0.10992062300319488
1997-12-08,3.9,59.91,2.84,0.03,602.31,0.1282407268370607
1997-12-09,1.01,84.19,3.56,0.53,640.0,0.1282407268370607
1997-12-10,0.01,120.25,2.94,-1.45,560.0,0.12213402555910544
1997-12-11,1.0,106.12,1.36,-2.41,520.0,0.10992062300319488
1997-12-12,0.0,147.43,1.03,-4.36,440.0,0.09770722044728435
1997-12-13,0.0,252.26,5.08,-6.5,363.67,0.09160051916932907
1997-12-14,0.0,275.74,10.77,-4.57,440.0,0.09160051916932907
1997-12-15,0.0,278.78,13.99,-3.0,480.0,0.09160051916932907
1997-12-16,0.0,267.96,13.98,-1.0,560.0,0.09160051916932907
1997-12-17,0.0,277.72,13.01,-3.85,451.68,0.09160051916932907
1997-12-18,0.0,276.93,14.37,-2.44,519.94,0.09160051916932907
1997-12-19,0.0,254.01,13.51,0.33,626.35,0.09160051916932907
1997-12-20,0.0,203.01,8.29,-0.38,599.84,0.07938711661341853
1997-12-21,11.91,58.77,1.77,-0.98,561.82,0.43968249201277954
1997-12-22,9.5,67.86,3.0,0.11,609.07,1.1358464376996804
1997-12-23,3.36,95.46,3.47,-0.06,600.22,1.0442459185303514
1997-12-24,30.37,50.06,1.99,-0.12,600.0,1.1358464376996804
1997-12-25,5.09,61.85,2.09,-0.46,599.45,1.1969134504792331
1997-12-26,0.0,217.52,3.14,-4.65,435.0,0.9343252955271565
1997-12-27,0.0,262.17,5.19,-5.81,398.96,0.5496031150159744
1997-12-28,7.16,185.85,5.19,-3.03,480.0,0.5312830111821086
1997-12-29,0.12,235.57,6.48,-2.5,520.0,0.4824294009584665
1997-12-30,0.0,265.22,10.08,-1.68,542.89,0.3908288817891374
1997-12-31,0.0,288.11,11.08,-4.46,440.0,0.28701496006389776
1998-01-01,0.0,265.69,12.0,-1.58,550.08,0.2503747523961661
1998-01-02,0.0,240.82,16.0,4.44,835.24,0.23816134984025558
1998-01-03,0.0,247.16,17.72,5.44,899.81,0.23816134984025558
1998-01-04,10.74,224.42,10.44,-2.66,503.43,0.6106701277955271
1998-01-05,5.61,83.74,1.72,-1.68,542.84,0.7266974520766774
1998-01-06,0.03,113.33,3.86,-0.32,596.49,1.1602732428115015
1998-01-07,0.0,91.41,1.45,-1.79,539.33,0.6534170367412141
1998-01-08,0.0,78.64,0.11,-2.58,507.89,0.3541886741214057
1998-01-09,0.0,134.15,0.5,-4.37,441.88,0.2686948562300319
1998-01-10,0.0,200.66,-1.74,-9.36,293.76,0.20152114217252395
1998-01-11,0.0,130.32,-2.47,-7.07,360.0,0.1954144408945687
1998-01-12,0.36,133.03,-0.51,-5.21,422.95,0.1893077396166134
1998-01-13,0.0,240.7,-1.41,-10.97,280.0,0.11602732428115016
1998-01-14,0.0,189.05,-1.54,-8.43,320.0,0.17709433706070285
1998-01-15,0.0,230.36,1.97,-7.0,360.0,0.14045412939297125
1998-01-16,0.0,246.51,4.92,-5.01,438.84,0.16488093450479233
1998-01-17,0.0,276.55,8.87,-3.37,480.0,0.16488093450479233
1998-01-18,0.0,280.79,9.47,-3.02,480.0,0.1709876357827476
1998-01-19,0.0,258.55,3.58,-6.72,360.0,0.16488093450479233
1998-01-20,0.0,276.27,8.61,-3.12,486.18,0.16488093450479233
1998-01-21,0.0,280.31,8.42,-3.48,480.0,0.15877423322683706
1998-01-22,0.0,207.97,2.27,-5.08,428.47,0.15266753194888177
1998-01-23,0.0,284.03,5.45,-6.21,383.34,0.14045412939297125
1998-01-24,0.0,314.6,9.16,-5.5,400.0,0.14045412939297125
1998-01-25,0.0,285.21,10.01,-1.72,543.06,0.14045412939297125
1998-01-26,0.0,303.69,12.5,-0.89,568.92,0.13434742811501596
1998-01-27,0.0,332.62,15.88,-1.96,523.36,0.13434742811501596
1998-01-28,0.0,335.83,17.5,-0.84,573.08,0.13434742811501596
1998-01-29,0.0,332.89,15.46,-1.09,560.0,0.1282407268370607
1998-01-30,0.0,329.78,14.02,-1.5,560.0,0.1282407268370607
1998-01-31,4.91,275.09,12.94,1.33,666.41,0.1954144408945687
1998-02-01,13.81,191.83,10.05,2.21,720.0,0.47632269968051116
1998-02-02,0.0,297.12,9.46,-1.5,560.0,0.5312830111821086
1998-02-03,0.0,182.59,5.0,-0.5,600.0,0.2564814536741214
1998-02-04,0.0,126.18,1.79,-1.82,534.68,0.18320103833865814
1998-02-05,0.0,193.3,2.49,-3.23,480.0,0.16488093450479233
1998-02-06,0.0,295.27,6.0,-4.07,444.34,0.15266753194888177
1998-02-07,0.0,342.12,8.82,-5.0,439.54,0.1465608306709265
1998-02-08,0.0,330.31,10.91,-2.12,524.03,0.14045412939297125
1998-02-09,0.0,227.81,9.89,2.49,720.0,0.15266753194888177
1998-02-10,3.64,121.43,7.45,2.94,755.49,0.16488093450479233
1998-02-11,0.0,188.62,7.33,1.55,684.13,0.1709876357827476
1998-02-12,0.0,294.44,8.36,-1.59,552.27,0.15877423322683706
1998-02-13,0.0,342.57,11.56,-1.46,518.73,0.14045412939297125
1998-02-14,0.0,366.82,14.92,-0.6,526.53,0.13434742811501596
1998-02-15,0.0,272.54,12.54,3.44,788.66,0.13434742811501596
1998-02-16,0.55,145.14,8.45,4.22,817.61,0.13434742811501596
1998-02-17,0.0,223.02,8.54,1.95,716.23,0.13434742811501596
1998-02-18,0.0,357.57,11.37,-1.5,510.03,0.13434742811501596
1998-02-19,0.0,360.56,13.0,-0.0,555.4,0.12213402555910544
1998-02-20,0.0,387.94,13.22,-2.0,468.32,0.11602732428115016
1998-02-21,0.92,362.75,13.86,0.76,580.79,0.11602732428115016
1998-02-22,0.0,284.71,12.86,4.02,799.17,0.11602732428115016
1998-02-23,0.0,340.22,14.49,3.27,706.06,0.11602732428115016
1998-02-24,0.0,398.2,18.68,2.99,625.54,0.11602732428115016
1998-02-25,0.0,374.62,20.98,7.25,839.83,0.10992062300319488
1998-02-26,0.0,415.75,18.78,1.86,560.54,0.10381392172523961
1998-02-27,0.0,394.01,12.26,-1.39,486.0,0.09770722044728435
1998-02-28,0.0,371.86,9.7,-2.0,481.29,0.09160051916932907
1998-03-01,0.0,378.72,7.56,-4.02,381.25,0.0854938178913738
1998-03-02,0.0,346.6,5.69,-4.11,390.74,0.07938711661341853
1998-03-03,0.0,417.24,8.35,-5.53,309.33,0.07938711661341853
1998-03-04,0.0,433.94,11.93,-3.51,341.98,0.0854938178913738
1998-03-05,0.0,317.0,8.23,-0.52,507.5,0.0854938178913738
1998-03-06,0.0,289.33,4.31,-3.44,444.59,0.07938711661341853
1998-03-07,4.64,186.39,5.73,-0.72,574.22,0.09770722044728435
1998-03-08,10.27,203.73,3.44,-3.59,467.1,0.12213402555910544
1998-03-09,0.0,296.01,-1.9,-9.36,292.45,0.10992062300319488
1998-03-10,0.0,411.68,-0.72,-12.63,201.74,0.0854938178913738
1998-03-11,0.0,417.06,0.2,-12.02,211.25,0.10992062300319488
1998-03-12,0.0,397.53,-1.07,-12.33,217.67,0.06717371405750798
1998-03-13,0.0,475.71,9.61,-8.05,234.03,0.09160051916932907
1998-03-14,0.0,465.18,15.55,-1.22,350.27,0.0854938178913738
1998-03-15,0.21,191.99,5.33,0.57,638.55,0.0854938178913738
1998-03-16,22.75,136.52,5.6,1.26,660.96,1.8197969808306709
1998-03-17,38.45,96.65,4.93,2.03,713.13,4.879254321086262
1998-03-18,1.15,174.24,5.85,1.8,702.7,3.664020766773163
1998-03-19,11.11,176.09,5.11,-0.38,597.53,1.5938490335463258
1998-03-20,17.21,172.69,2.87,-1.79,537.05,2.387720199680511
1998-03-21,0.0,451.07,8.7,-4.05,440.0,4.103703258785942
1998-03-22,0.0,496.36,15.68,-1.4,532.24,5.581524968051117
1998-03-23,0.0,482.3,18.0,2.18,672.21,2.088491837060703
1998-03-24,0.0,456.79,16.78,3.08,742.93,0.8976850878594248
1998-03-25,0.0,464.92,21.86,6.96,922.8,0.5557098162939297
1998-03-26,0.0,388.01,24.46,13.48,1486.95,0.427469089456869
1998-03-27,6.88,247.5,21.11,13.33,1531.64,0.37250877795527154
1998-03-28,2.48,411.52,22.03,6.87,942.67,0.3664020766773163
1998-03-29,0.0,438.52,25.35,12.46,1354.69,0.34808197284345044
1998-03-30,4.66,335.72,23.47,10.26,1244.7,0.293121661341853
1998-03-31,8.91,276.71,12.9,4.21,816.53,0.5007495047923322
1998-04-01,0.0,472.54,15.2,2.05,704.26,0.6228835303514377
1998-04-02,0.0,507.93,20.9,4.47,795.28,0.3358685702875399
1998-04-03,0.0,489.55,20.07,5.45,859.79,0.24426805111821087
1998-04-04,0.0,249.54,9.63,4.31,826.04,0.2137345447284345
1998-04-05,0.0,477.86,15.68,2.57,713.54,0.1954144408945687
1998-04-06,0.0,515.76,22.88,5.92,822.35,0.20762784345047922
1998-04-07,17.59,342.4,20.89,7.9,1064.84,1.4900351118210862
1998-04-08,0.0,403.09,14.06,3.98,802.15,1.0869928274760383
1998-04-09,0.0,383.77,13.26,3.96,801.15,0.3541886741214057
1998-04-10,0.0,522.1,18.49,2.0,665.96,0.24426805111821087
1998-04-11,0.0,521.31,22.26,5.09,808.37,0.20762784345047922
1998-04-12,0.0,475.61,25.0,10.78,1205.33,0.1893077396166134
1998-04-13,0.0,422.37,24.0,12.6,1413.09,0.17709433706070285
1998-04-14,0.0,507.49,25.92,9.5,1071.43,0.1709876357827476
1998-04-15,4.79,380.33,24.95,8.33,1090.77,0.1709876357827476
1998-04-16,0.0,428.84,15.63,4.08,806.48,0.15266753194888177
1998-04-17,0.0,489.38,15.54,1.0,634.15,0.14045412939297125
1998-04-18,0.0,500.31,17.36,1.75,674.23,0.13434742811501596
1998-04-19,0.0,491.4,19.54,4.0,780.27,0.1282407268370607
1998-04-20,0.0,452.79,19.5,5.96,904.97,0.1282407268370607
1998-04-21,0.0,479.92,18.08,3.5,767.37,0.12213402555910544
1998-04-22,0.0,510.76,20.02,3.5,739.38,0.11602732428115016
1998-04-23,0.0,530.01,22.49,4.17,748.39,0.10992062300319488
1998-04-24,0.0,529.4,25.38,6.59,867.13,0.10381392172523961
1998-04-25,0.0,468.89,28.51,12.95,1363.93,0.10381392172523961
1998-04-26,0.0,460.13,26.57,11.64,1275.59,0.09770722044728435
1998-04-27,16.31,219.08,16.5,8.75,1140.17,0.2992283626198083
1998-04-28,29.8,132.96,10.36,6.08,929.45,1.0076057108626197
1998-04-29,4.9,116.46,10.4,6.86,989.18,1.7770500718849838
1998-04-30,0.0,322.15,15.65,7.47,1037.81,0.812191269968051
1998-05-01,0.0,511.61,22.56,6.25,928.47,0.32365516773162933
1998-05-02,0.0,469.81,22.51,8.57,1107.33,0.20152114217252395
1998-05-03,0.0,501.34,22.42,6.9,971.02,0.15877423322683706
1998-05-04,0.0,506.5,25.48,8.89,1089.66,0.14045412939297125
1998-05-05,0.0,442.08,25.74,12.35,1412.71,0.1282407268370607
1998-05-06,0.14,415.08,24.51,12.48,1435.72,0.12213402555910544
1998-05-07,5.15,351.55,23.9,10.83,1296.61,0.12213402555910544
1998-05-08,0.0,474.32,24.3,9.77,1196.81,0.12213402555910544
1998-05-09,3.68,324.51,21.87,10.98,1318.67,0.3419752715654952
1998-05-10,12.78,315.8,23.38,11.35,1347.67,0.2686948562300319
1998-05-11,0.0,459.1,26.97,12.98,1461.41,0.20762784345047922
1998-05-12,0.0,428.83,27.6,14.85,1681.21,0.1465608306709265
1998-05-13,0.0,421.44,29.19,16.46,1856.82,0.10992062300319488
1998-05-14,0.0,370.55,28.78,18.13,2084.58,0.09770722044728435
1998-05-15,16.83,289.13,26.74,16.0,1800.0,0.4518958945686901
1998-05-16,0.0,510.32,28.5,11.84,1360.79,0.6961639456869009
1998-05-17,0.0,481.33,29.02,13.86,1567.26,0.22594794728434506
1998-05-18,0.0,441.41,31.25,17.58,1990.65,0.12213402555910544
1998-05-19,0.0,393.38,31.16,19.5,2278.98,0.10381392172523961
1998-05-20,0.0,422.06,31.18,18.46,2105.63,0.09160051916932907
1998-05-21,0.0,408.63,31.11,19.0,2189.22,0.0854938178913738
1998-05-22,0.0,397.3,30.9,19.38,2245.1,0.07938711661341853
1998-05-23,0.0,378.55,28.17,17.9,2064.67,0.07938711661341853
1998-05-24,0.0,493.02,29.3,14.36,1598.34,0.09770722044728435
1998-05-25,24.36,340.92,27.61,14.81,1689.46,0.40914898562300317
1998-05-26,0.0,415.58,25.93,15.01,1709.8,0.2503747523961661
1998-05-27,0.0,450.89,28.98,16.11,1814.79,0.1282407268370607
1998-05-28,0.0,467.64,31.38,17.0,1909.77,0.09160051916932907
1998-05-29,0.0,419.75,31.5,18.93,2188.72,0.07938711661341853
1998-05-30,0.0,423.71,35.22,21.5,2550.61,0.07328041533546326
1998-05-31,0.0,443.81,34.33,20.03,2317.11,0.06717371405750798
1998-06-01,0.0,502.6,33.38,16.18,1804.51,0.06106701277955272
1998-06-02,0.0,450.24,34.49,19.79,2279.56,0.05801366214057508
1998-06-03,0.0,453.91,32.66,18.33,2085.39,0.05557098162939297
1998-06-04,0.0,437.24,23.45,11.45,1356.23,0.05312830111821086
1998-06-05,0.0,331.86,18.02,9.92,1233.52,0.05251763099041533
1998-06-06,0.0,500.56,21.89,7.5,1034.53,0.051906960862619804
1998-06-07,0.0,514.56,25.26,9.57,1178.43,0.051906960862619804
1998-06-08,3.34,350.65,27.34,14.74,1668.12,0.14045412939297125
1998-06-09,19.87,355.25,29.42,14.85,1690.57,0.24426805111821087
1998-06-10,0.0,460.89,31.81,17.36,1962.52,0.10992062300319488
1998-06-11,1.99,377.69,33.83,20.35,2366.88,0.1282407268370607
1998-06-12,0.0,481.11,33.38,17.4,1959.13,0.06717371405750798
1998-06-13,0.0,500.62,36.21,18.0,2023.38,0.1709876357827476
1998-06-14,10.75,416.9,34.77,16.85,1866.39,0.13434742811501596
1998-06-15,0.0,412.54,29.28,17.0,1911.41,0.05373897124600639
1998-06-16,0.0,494.3,29.73,13.81,1488.49,0.04213623881789137
1998-06-17,0.0,451.45,33.47,18.8,2063.3,0.039693558306709266
1998-06-18,0.0,395.52,33.46,21.09,2405.35,0.03725087779552715
1998-06-19,0.0,520.66,35.17,16.32,1582.96,0.0360295375399361
1998-06-20,0.0,497.09,38.28,19.77,1981.39,0.03541886741214057
1998-06-21,0.0,487.18,38.07,20.04,2033.81,0.03236551677316293
1998-06-22,0.0,417.36,33.86,20.11,2206.68,0.03358685702875399
1998-06-23,0.0,440.64,36.19,20.92,2256.69,0.03175484664536741
1998-06-24,0.0,387.73,37.42,23.99,2827.09,0.03114417651757188
1998-06-25,0.0,379.52,37.37,24.21,2884.07,0.028701496006389778
1998-06-26,0.0,362.38,37.34,24.86,2998.58,0.02748015575079872
1998-06-27,0.0,378.19,37.99,24.81,2941.76,0.026869485623003196
1998-06-28,0.0,417.01,38.56,23.67,2650.8,0.026258815495207664
1998-06-29,0.0,407.83,39.2,24.52,2777.98,0.02564814536741214
1998-06-30,0.0,406.0,37.19,23.19,2530.79,0.02503747523961661
1998-07-01,29.63,254.19,30.94,20.5,2399.85,0.03847221805111821
1998-07-02,7.13,272.7,31.4,20.09,2334.15,0.03358685702875399
1998-07-03,5.1,291.16,34.84,22.0,2639.84,0.03358685702875399
1998-07-04,0.0,380.08,36.0,23.22,2790.7,0.028090825878594246
1998-07-05,0.0,346.25,34.44,23.15,2813.98,0.026258815495207664
1998-07-06,0.0,374.65,36.03,23.41,2821.76,0.02503747523961661
1998-07-07,9.24,289.15,35.25,22.38,2700.31,0.026869485623003196
1998-07-08,13.39,275.91,32.8,21.13,2500.88,0.04213623881789137
1998-07-09,17.95,282.02,33.08,21.11,2497.54,0.034197527156549515
1998-07-10,0.0,400.1,34.87,21.61,2567.56,0.05373897124600639
1998-07-11,16.49,269.62,32.97,21.67,2587.88,0.0854938178913738
1998-07-12,0.0,335.82,32.43,22.16,2665.41,0.04518958945686901
1998-07-13,0.0,367.87,34.02,22.47,2715.19,0.034197527156549515
1998-07-14,0.0,371.89,34.09,22.5,2719.99,0.034197527156549515
1998-07-15,0.0,384.28,33.01,21.2,2511.26,0.040304228434504784
1998-07-16,0.0,369.32,32.02,21.03,2484.62,0.10381392172523961
1998-07-17,0.0,432.9,33.87,20.03,2318.99,0.043968249201277954
1998-07-18,0.0,453.91,35.96,20.5,2374.94,0.026869485623003196
1998-07-19,0.0,447.78,38.09,22.3,2653.5,0.023816134984025558
1998-07-20,0.0,419.13,38.52,24.03,2981.19,0.021984124600638977
1998-07-21,0.0,411.67,38.53,24.44,3056.75,0.020152114217252392
1998-07-22,0.0,407.02,37.31,23.78,2948.23,0.018320103833865814
1998-07-23,3.5,298.16,33.98,21.82,2610.43,0.01954144408945687
1998-07-24,1.43,347.76,32.11,21.04,2486.68,0.020762784345047924
1998-07-25,0.0,419.78,34.04,20.94,2470.4,0.01954144408945687
1998-07-26,3.22,341.62,35.59,21.42,2547.84,0.018930773961661342
1998-07-27,18.82,284.42,32.42,21.21,2514.11,0.021984124600638977
1998-07-28,8.46,272.42,31.38,21.0,2480.0,0.050685620607028754
1998-07-29,12.52,270.09,32.3,21.95,2631.39,0.1893077396166134
1998-07-30,1.09,360.25,32.51,22.18,2669.19,0.30533506389776355
1998-07-31,0.0,377.35,30.08,19.57,2285.96,0.07328041533546326
1998-08-01,0.0,391.0,30.1,19.12,2218.6,0.039693558306709266
1998-08-02,0.0,393.47,33.27,21.58,2573.19,0.029312166134185302
1998-08-03,0.0,373.94,33.35,22.38,2701.44,0.040304228434504784
1998-08-04,2.42,354.26,31.39,20.5,2400.0,0.029312166134185302
1998-08-05,0.0,384.97,29.09,18.52,2123.62,0.022594794728434505
1998-08-06,0.09,401.8,28.25,17.25,1960.77,0.02137345447284345
1998-08-07,0.0,477.82,30.92,16.0,1788.25,0.020152114217252392
1998-08-08,0.0,478.56,34.33,18.22,2059.63,0.018320103833865814
1998-08-09,0.0,445.6,36.43,21.39,2497.29,0.017709433706070286
1998-08-10,0.0,425.31,34.67,20.99,2468.86,0.017709433706070286
1998-08-11,0.0,371.39,32.5,21.45,2551.23,0.016488093450479233
1998-08-12,0.0,414.45,32.23,19.5,2278.66,0.016488093450479233
1998-08-13,15.28,320.4,32.15,18.79,2166.52,0.020152114217252392
1998-08-14,0.0,429.91,32.0,18.5,2117.66,0.23816134984025558
1998-08-15,0.0,441.67,33.0,18.56,2120.92,0.05373897124600639
1998-08-16,0.0,438.62,35.36,20.33,2359.73,0.029922836261980834
1998-08-17,0.0,442.03,37.66,21.64,2545.12,0.02320546485623003
1998-08-18,0.0,431.57,37.46,21.99,2621.99,0.018320103833865814
1998-08-19,0.0,433.41,36.98,21.5,2544.13,0.016488093450479233
1998-08-20,0.0,428.18,37.5,22.0,2626.67,0.014656083067092651
1998-08-21,0.0,417.39,37.36,22.38,2693.32,0.013434742811501598
1998-08-22,0.0,438.54,36.51,20.53,2394.16,0.011602732428115015
1998-08-23,0.0,416.62,37.62,22.26,2676.45,0.010381392172523962
1998-08-24,0.0,416.97,37.99,22.5,2659.46,0.008549381789137379
1998-08-25,0.0,401.32,37.77,23.0,2775.18,0.008549381789137379
1998-08-26,0.0,391.06,37.59,23.24,2822.81,0.007328041533546326
1998-08-27,0.0,390.41,38.04,23.4,2848.24,0.007328041533546326
1998-08-28,5.35,301.52,36.15,21.29,2526.22,0.008549381789137379
1998-08-29,0.0,461.34,35.5,17.22,1900.12,0.007938711661341852
1998-08-30,0.0,462.4,37.0,17.81,1963.49,0.007938711661341852
1998-08-31,0.0,438.83,37.5,19.37,2200.33,0.007938711661341852
1998-09-01,0.0,399.59,36.11,20.46,2392.99,0.006717371405750799
1998-09-02,0.0,392.43,35.39,20.15,2343.46,0.006106701277955272
1998-09-03,0.0,409.28,37.53,20.51,2393.16,0.006106701277955272
1998-09-04,0.0,431.8,39.39,19.96,2293.11,0.0058013662140575075
1998-09-05,0.0,414.4,39.53,20.9,2452.59,0.005679232188498402
1998-09-06,0.0,381.44,40.15,23.08,2812.24,0.005496031150159744
1998-09-07,0.0,378.49,40.0,23.09,2813.59,0.005251763099041533
1998-09-08,0.0,369.5,36.35,20.97,2470.91,0.004641092971246006
1998-09-09,0.0,386.11,32.42,17.0,1920.0,0.004335757907348242
1998-09-10,0.0,394.03,32.36,16.36,1848.62,0.004213623881789137
1998-09-11,0.0,429.78,33.0,14.42,1594.24,0.0040914898562300316
1998-09-12,0.0,394.03,33.5,16.8,1894.27,0.0040914898562300316
1998-09-13,0.0,311.36,31.19,18.98,2196.7,0.004457891932907348
1998-09-14,8.43,212.1,29.64,18.88,2180.92,0.0045800259584664535
1998-09-15,6.23,236.93,31.5,19.0,2200.0,0.006106701277955272
1998-09-16,0.0,310.72,30.79,18.68,2148.65,0.005190696086261981
1998-09-17,0.0,323.71,31.14,18.36,2108.77,0.005190696086261981
1998-09-18,0.0,337.99,31.92,18.26,2101.19,0.005434964137380192
1998-09-19,0.0,355.28,34.12,19.0,2200.0,0.005496031150159744
1998-09-20,0.0,319.72,34.9,21.33,2532.34,0.00561816517571885
1998-09-21,0.0,320.73,31.8,18.81,2170.0,0.011602732428115015
1998-09-22,4.91,278.01,24.07,12.91,1478.07,0.009160051916932907
1998-09-23,0.16,248.18,22.68,13.87,1589.47,0.006106701277955272
1998-09-24,0.0,311.82,29.7,17.5,1999.49,0.006717371405750799
1998-09-25,4.76,266.44,33.79,20.82,2451.71,0.007328041533546326
1998-09-26,0.0,284.95,33.81,22.0,2640.0,0.006717371405750799
1998-09-27,0.0,301.9,34.25,21.5,2560.0,0.006717371405750799
1998-09-28,3.57,282.53,34.22,19.77,2301.22,0.0058013662140575075
1998-09-29,0.0,340.28,35.43,20.29,2366.96,0.005496031150159744
1998-09-30,0.14,294.37,31.0,19.21,2233.22,0.005434964137380192
1998-10-01,8.66,246.36,24.32,11.97,1397.94,0.012213402555910543
1998-10-02,46.31,124.48,16.0,10.65,1292.38,0.0854938178913738
1998-10-03,1.06,177.15,19.07,13.07,1498.71,0.037861547923322685
1998-10-04,0.21,267.1,23.78,14.5,1640.0,0.028701496006389778
1998-10-05,3.39,281.65,24.48,12.67,1453.95,0.020152114217252392
1998-10-06,0.0,334.24,19.5,7.95,1076.13,0.016488093450479233
1998-10-07,0.0,381.77,22.21,7.5,1039.69,0.014656083067092651
1998-10-08,0.0,382.95,22.48,7.45,1036.01,0.013434742811501598
1998-10-09,0.0,377.39,23.5,8.5,1120.0,0.01282407268370607
1998-10-10,0.0,366.38,25.07,10.4,1272.12,0.011602732428115015
1998-10-11,0.0,335.48,25.26,12.49,1439.24,0.011602732428115015
1998-10-12,0.0,351.39,24.3,10.66,1293.0,0.010992062300319488
1998-10-13,0.0,349.52,23.5,9.87,1229.63,0.010992062300319488
1998-10-14,0.0,345.74,26.19,12.07,1405.87,0.010992062300319488
1998-10-15,0.0,289.24,27.66,16.4,1864.33,0.010992062300319488
1998-10-16,0.0,214.35,25.39,17.69,2029.67,0.015877423322683704
1998-10-17,21.29,148.17,23.36,16.51,1880.6,0.720590750798722
1998-10-18,13.96,343.15,21.95,5.71,920.0,1.1114196325878594
1998-10-19,0.0,352.89,20.93,6.5,959.73,0.0854938178913738
1998-10-20,0.0,331.1,20.5,7.5,1040.0,0.03725087779552715
1998-10-21,0.0,306.63,18.97,7.45,1035.79,0.029312166134185302
1998-10-22,0.0,350.87,19.0,4.26,820.65,0.02564814536741214
1998-10-23,0.0,341.42,19.0,4.66,852.55,0.024426805111821086
1998-10-24,0.0,297.46,19.22,7.51,1040.69,0.024426805111821086
1998-10-25,0.0,301.99,21.15,8.82,1145.32,0.024426805111821086
1998-10-26,0.0,305.25,24.73,11.5,1360.0,0.024426805111821086
1998-10-27,0.0,272.23,26.03,14.5,1640.0,0.024426805111821086
1998-10-28,5.59,195.2,26.5,15.5,1760.0,0.02748015575079872
1998-10-29,0.0,304.08,25.65,11.88,1390.32,0.02748015575079872
1998-10-30,0.0,292.1,22.08,9.59,1206.87,0.028090825878594246
1998-10-31,88.96,137.93,15.78,9.1,1167.93,7.816577635782748
1998-11-01,88.93,103.32,13.09,8.21,1096.74,35.479934424920124
1998-11-02,12.73,86.62,14.0,9.97,1237.95,25.281743290734823
1998-11-03,3.65,105.43,11.66,7.16,1012.58,2.7419088738019166
1998-11-04,1.76,103.11,7.66,4.0,800.0,1.190806749201278
1998-11-05,0.0,127.27,6.81,2.59,734.3,0.6106701277955271
1998-11-06,0.0,124.26,7.0,2.99,759.18,0.4335757907348243
1998-11-07,4.75,78.38,8.0,4.75,860.08,0.360295375399361
1998-11-08,4.86,89.99,10.0,6.23,939.13,1.0930995287539935
1998-11-09,2.46,206.37,14.94,6.83,986.04,0.6595237380191693
1998-11-10,10.0,232.25,14.33,1.5,680.2,2.8029758865814696
1998-11-11,0.0,325.65,13.78,-1.07,560.0,0.9709655031948882
1998-11-12,0.0,309.0,15.56,2.1,714.25,0.3358685702875399
1998-11-13,0.0,298.43,16.5,3.76,800.0,0.23205464856230032
1998-11-14,0.0,294.08,17.88,4.99,878.94,0.20152114217252395
1998-11-15,0.0,309.18,18.0,3.0,760.0,0.18320103833865814
1998-11-16,0.0,299.69,19.07,4.5,840.0,0.1709876357827476
1998-11-17,0.0,310.35,20.49,3.75,800.0,0.15877423322683706
1998-11-18,0.0,301.01,21.41,5.42,913.29,0.15266753194888177
1998-11-19,0.0,285.6,17.33,3.78,800.0,0.1465608306709265
1998-11-20,0.04,275.16,11.2,-0.94,564.8,0.14045412939297125
1998-11-21,0.0,300.14,16.0,0.36,623.82,0.13434742811501596
1998-11-22,0.0,279.57,18.0,4.32,825.81,0.1282407268370607
1998-11-23,0.0,261.71,18.8,6.49,958.94,0.1282407268370607
1998-11-24,0.0,293.64,18.38,2.04,717.57,0.13434742811501596
1998-11-25,0.0,277.1,18.62,4.32,825.47,0.12213402555910544
1998-11-26,0.0,289.47,20.0,3.27,781.59,0.11602732428115016
1998-11-27,0.0,282.85,21.5,4.95,876.33,0.10992062300319488
1998-11-28,0.0,233.04,21.16,9.74,1219.06,0.10992062300319488
1998-11-29,0.0,163.46,21.5,14.27,1621.44,0.11602732428115016
1998-11-30,20.02,155.03,19.87,10.25,1260.39,0.2137345447284345
1998-12-01,0.0,261.02,19.31,5.08,886.14,0.2686948562300319
1998-12-02,0.0,224.9,19.52,8.19,1095.41,0.2503747523961661
1998-12-03,0.0,169.72,19.53,11.51,1360.94,0.15266753194888177
1998-12-04,3.23,126.13,19.97,12.02,1401.25,0.13434742811501596
1998-12-05,0.0,168.87,17.82,9.71,1216.96,0.11602732428115016
1998-12-06,10.47,161.56,14.31,3.39,783.79,0.8915783865814696
1998-12-07,0.27,141.2,6.15,-0.25,600.28,2.5037475239616613
1998-12-08,0.0,222.47,7.89,-3.5,480.0,0.5801366214057507
1998-12-09,0.0,233.91,9.67,-2.87,490.74,0.2564814536741214
1998-12-10,0.0,226.68,10.12,-1.88,529.87,0.18320103833865814
1998-12-11,0.0,233.19,10.0,-2.5,520.0,0.15877423322683706
1998-12-12,0.0,245.95,10.93,-2.98,481.73,0.1465608306709265
1998-12-13,0.0,256.52,13.36,-2.22,520.0,0.13434742811501596
1998-12-14,0.0,255.8,13.5,-1.98,521.21,0.13434742811501596
1998-12-15,0.0,249.16,13.93,-1.0,560.0,0.12213402555910544
1998-12-16,0.0,247.82,13.72,-1.0,560.0,0.10992062300319488
1998-12-17,0.0,260.42,13.42,-2.79,496.75,0.10381392172523961
1998-12-18,0.0,219.19,12.5,0.63,637.98,0.10992062300319488
1998-12-19,7.42,161.19,9.25,-1.91,533.18,0.1282407268370607
1998-12-20,0.0,74.44,-1.52,-4.62,440.0,0.1282407268370607
1998-12-21,0.07,173.42,-3.72,-11.48,251.87,0.11602732428115016
1998-12-22,0.0,190.62,-9.21,-17.73,160.0,0.058624332268370605
1998-12-23,0.0,189.04,-6.53,-14.86,200.0,0.09770722044728435
1998-12-24,0.0,214.28,-3.93,-13.69,201.24,0.07328041533546326
1998-12-25,0.0,251.31,0.97,-11.67,240.0,0.07328041533546326
1998-12-26,0.0,257.94,6.01,-7.5,360.0,0.0854938178913738
1998-12-27,0.0,266.0,9.87,-4.82,440.0,0.09160051916932907
1998-12-28,0.0,270.47,10.47,-4.97,440.0,0.09770722044728435
1998-12-29,0.0,240.7,8.0,-4.24,440.0,0.10381392172523961
1998-12-30,0.0,245.05,4.5,-7.9,330.41,0.09160051916932907
1998-12-31,0.0,241.75,1.49,-10.4,280.0,0.07938711661341853
1999-01-01,0.0,171.17,-0.93,-8.53,320.0,0.07938711661341853
1999-01-02,0.0,166.67,-2.57,-9.87,280.0,0.07328041533546326
1999-01-03,0.0,208.8,-5.83,-15.37,200.0,0.06717371405750798
1999-01-04,0.0,224.81,-4.89,-15.45,200.0,0.06717371405750798
1999-01-05,0.0,257.6,2.27,-11.14,269.28,0.06717371405750798
1999-01-06,0.0,272.6,9.6,-5.98,399.22,0.07328041533546326
1999-01-07,0.0,292.25,9.88,-8.85,314.65,0.0854938178913738
1999-01-08,0.0,103.43,-4.91,-9.11,309.87,0.07938711661341853
1999-01-09,0.0,232.84,-2.71,-13.5,200.0,0.06717371405750798
1999-01-10,0.0,263.67,2.85,-10.53,279.64,0.06106701277955272
1999-01-11,0.0,285.62,12.5,-4.24,440.0,0.07938711661341853
1999-01-12,0.0,279.25,13.35,-2.28,520.0,0.10381392172523961
1999-01-13,0.0,295.92,7.94,-9.31,295.75,0.09770722044728435
1999-01-14,0.0,269.35,5.05,-8.45,320.0,0.10992062300319488
1999-01-15,0.0,282.62,10.44,-4.68,439.99,0.10381392172523961
1999-01-16,0.0,262.25,13.0,-0.11,600.0,0.11602732428115016
1999-01-17,1.31,249.34,12.39,0.5,639.99,0.1282407268370607
1999-01-18,0.0,293.39,12.5,-3.48,480.0,0.12213402555910544
1999-01-19,0.0,286.64,13.56,-1.5,559.68,0.12213402555910544
1999-01-20,0.0,299.41,14.58,-2.0,520.0,0.10992062300319488
1999-01-21,0.0,265.71,12.05,-0.54,596.87,0.10992062300319488
1999-01-22,0.01,170.83,8.22,1.35,668.05,0.11602732428115016
1999-01-23,0.0,187.08,5.96,-1.56,547.54,0.10381392172523961
1999-01-24,0.0,228.12,8.71,-0.84,573.26,0.09770722044728435
1999-01-25,0.0,253.55,7.92,-2.99,484.99,0.0854938178913738
1999-01-26,0.0,289.51,10.35,-3.28,479.57,0.07938711661341853
1999-01-27,0.0,320.36,16.05,-1.49,560.0,0.0854938178913738
1999-01-28,0.0,268.11,11.0,-0.65,584.4,0.07328041533546326
1999-01-29,8.64,87.82,4.01,-0.23,600.02,0.16488093450479233
1999-01-30,21.95,56.28,2.93,0.5,639.19,1.6793428514376998
1999-01-31,24.5,54.66,3.63,1.29,663.87,6.412036341853035
1999-02-01,0.0,129.84,6.5,1.93,712.53,1.148059840255591
1999-02-02,0.0,279.98,11.01,-0.5,600.0,0.4824294009584665
1999-02-03,0.0,316.42,14.51,-0.0,604.75,0.31144176517571887
1999-02-04,0.0,340.31,15.2,-1.99,520.65,0.23816134984025558
1999-02-05,0.0,314.44,15.04,0.98,640.11,0.20762784345047922
1999-02-06,0.0,195.75,14.4,7.36,1029.03,0.2137345447284345
1999-02-07,11.66,181.59,12.25,3.31,784.61,0.9160051916932908
1999-02-08,0.0,306.82,14.61,1.97,717.9,0.812191269968051
1999-02-09,0.0,320.28,17.2,3.44,795.37,0.31144176517571887
1999-02-10,0.0,326.9,21.39,6.73,978.32,0.22594794728434506
1999-02-11,0.0,371.21,21.87,1.64,685.69,0.1893077396166134
1999-02-12,0.0,322.96,8.57,-3.92,449.8,0.16488093450479233
1999-02-13,0.0,349.75,9.89,-4.5,440.0,0.1465608306709265
1999-02-14,0.0,369.9,14.7,-2.11,520.0,0.14045412939297125
1999-02-15,0.0,365.31,18.97,2.27,720.0,0.14045412939297125
1999-02-16,3.2,279.48,14.88,1.64,691.3,0.15266753194888177
1999-02-17,0.0,333.87,12.51,-0.19,600.0,0.14045412939297125
1999-02-18,1.07,322.84,12.62,0.65,640.0,0.13434742811501596
1999-02-19,0.0,303.57,9.39,-0.85,572.2,0.1282407268370607
1999-02-20,0.0,256.52,8.04,0.03,604.32,0.12213402555910544
1999-02-21,0.0,284.56,7.08,-1.95,525.66,0.11602732428115016
1999-02-22,0.0,295.81,7.44,-2.0,520.0,0.10992062300319488
1999-02-23,0.0,325.74,10.34,-0.57,594.06,0.10992062300319488
1999-02-24,0.0,404.27,15.78,-1.5,560.0,0.10992062300319488
1999-02-25,0.0,420.99,21.0,0.22,617.28,0.10381392172523961
1999-02-26,0.0,397.97,22.98,5.47,914.19,0.10992062300319488
1999-02-27,0.0,376.94,20.38,5.5,920.0,0.10992062300319488
1999-02-28,0.0,419.34,19.09,-0.03,600.0,0.10381392172523961
1999-03-01,0.0,432.91,23.82,0.94,640.36,0.09770722044728435
1999-03-02,0.0,395.9,20.2,2.94,755.52,0.09770722044728435
1999-03-03,0.0,398.44,11.77,-4.83,440.0,0.09160051916932907
1999-03-04,0.0,391.97,15.2,-1.13,565.52,0.09160051916932907
1999-03-05,0.0,341.09,17.09,4.07,805.43,0.09160051916932907
1999-03-06,0.0,362.94,12.59,-1.0,554.72,0.09160051916932907
1999-03-07,0.0,328.26,7.15,-4.21,440.5,0.0854938178913738
1999-03-08,19.35,217.64,8.29,-1.45,559.58,0.18320103833865814
1999-03-09,3.22,275.8,9.86,-1.91,527.1,0.20762784345047922
1999-03-10,0.0,317.33,9.24,-1.52,558.57,0.1893077396166134
1999-03-11,0.0,259.96,7.22,-1.04,560.0,0.1465608306709265
1999-03-12,8.47,136.99,4.82,-0.62,590.47,0.1709876357827476
1999-03-13,22.32,81.49,1.52,-1.29,556.09,0.3419752715654952
1999-03-14,7.69,259.78,3.99,-5.42,410.81,0.49464280351437695
1999-03-15,0.0,417.45,7.93,-5.93,400.0,1.4778217092651758
1999-03-16,0.0,449.09,16.16,-0.6,560.4,5.172375982428115
1999-03-17,0.0,397.32,18.36,5.0,853.87,10.38139217252396
1999-03-18,0.0,370.39,14.95,3.31,780.69,1.349580982428115
1999-03-19,6.8,180.19,9.77,3.19,774.94,0.5496031150159744
1999-03-20,1.68,358.71,14.19,3.19,774.54,0.5679232188498402
1999-03-21,0.0,420.17,15.95,2.25,704.75,0.4457891932907348
1999-03-22,0.0,428.66,18.59,4.07,787.89,0.3419752715654952
1999-03-23,0.0,430.02,15.92,1.57,678.89,0.28701496006389776
1999-03-24,0.0,408.44,12.41,-0.5,594.55,0.26258815495207666
1999-03-25,0.0,418.82,13.5,0.06,603.61,0.23816134984025558
1999-03-26,0.0,460.06,13.73,-2.0,512.58,0.22594794728434506
1999-03-27,0.0,343.23,12.46,2.73,746.78,0.20762784345047922
1999-03-28,1.07,326.05,15.47,6.39,950.42,0.1954144408945687
1999-03-29,0.0,476.39,19.28,2.96,697.64,0.1954144408945687
1999-03-30,0.0,473.53,20.3,4.3,760.96,0.18320103833865814
1999-03-31,0.0,374.42,20.06,9.46,1167.53,0.18320103833865814
1999-04-01,0.0,382.01,23.4,12.4,1378.37,0.17709433706070285
1999-04-02,0.0,439.31,24.8,11.3,1215.83,0.1709876357827476
1999-04-03,17.25,303.72,18.29,7.19,1015.33,0.1893077396166134
1999-04-04,0.0,462.41,17.29,3.8,778.19,1.12363303514377
1999-04-05,13.15,342.7,19.41,6.02,933.53,2.4060403035143767
1999-04-06,12.97,425.42,19.44,3.11,754.38,5.557098162939297
1999-04-07,0.0,490.94,22.98,6.9,967.66,0.6412036341853035
1999-04-08,0.0,403.32,24.65,13.0,1476.33,0.32365516773162933
1999-04-09,0.0,477.41,22.72,7.68,1030.53,0.23816134984025558
1999-04-10,0.0,454.52,21.5,7.87,1051.17,0.20152114217252395
1999-04-11,0.0,489.54,20.73,4.98,858.09,0.17709433706070285
1999-04-12,0.0,488.92,20.46,4.5,823.3,0.15877423322683706
1999-04-13,0.0,428.4,21.06,8.12,1082.31,0.2564814536741214
1999-04-14,51.67,196.03,16.34,9.56,1204.87,3.9632491293929712
1999-04-15,11.27,305.1,12.8,3.55,798.02,13.06834073482428
1999-04-16,0.0,404.52,11.9,1.28,662.04,2.528174329073482
1999-04-17,0.0,431.48,12.51,0.91,640.0,0.5496031150159744
1999-04-18,0.0,516.27,17.79,1.0,640.0,0.37250877795527154
1999-04-19,0.0,537.12,23.61,3.88,792.25,0.2992283626198083
1999-04-20,0.0,508.85,27.18,9.01,1143.32,0.2564814536741214
1999-04-21,0.0,435.42,28.4,14.42,1633.44,0.2748015575079872
1999-04-22,9.84,285.01,24.23,13.25,1519.54,0.5373897124600638
1999-04-23,7.45,329.09,20.32,7.54,1042.86,0.7755510623003196
1999-04-24,1.3,149.96,10.89,7.01,1000.44,0.30533506389776355
1999-04-25,23.29,173.25,14.5,8.97,1157.73,3.761727987220447
1999-04-26,9.11,178.23,17.23,11.49,1358.93,6.900572444089456
1999-04-27,3.28,330.57,20.33,9.79,1223.28,1.190806749201278
1999-04-28,0.0,416.01,19.72,8.78,1142.74,0.6045634265175719
1999-04-29,0.0,321.62,17.16,9.49,1199.0,0.360295375399361
1999-04-30,0.0,394.01,19.99,10.04,1243.18,0.2748015575079872
1999-05-01,0.0,456.56,21.81,9.39,1191.21,0.23205464856230032
1999-05-02,2.33,354.81,22.03,11.31,1344.73,0.2137345447284345
1999-05-03,0.0,386.22,25.07,14.98,1716.24,0.20762784345047922
1999-05-04,17.33,317.66,26.22,14.74,1678.15,7.389108546325878
1999-05-05,2.3,416.16,23.24,10.1,1247.35,4.934214632587859
1999-05-06,0.0,471.09,20.42,8.0,1080.0,0.5373897124600638
1999-05-07,0.0,536.91,21.37,5.37,902.61,0.2809082587859425
1999-05-08,0.0,556.47,25.73,6.95,980.93,0.21984124600638977
1999-05-09,0.0,511.22,28.63,12.62,1429.29,0.1893077396166134
1999-05-10,4.07,353.3,27.17,15.31,1741.2,0.18320103833865814
1999-05-11,7.99,309.11,22.04,11.7,1376.35,0.16488093450479233
1999-05-12,0.0,449.57,20.07,8.77,1141.48,0.3419752715654952
1999-05-13,0.0,537.36,23.7,7.54,1031.57,0.24426805111821087
1999-05-14,0.0,495.84,25.4,11.12,1323.09,0.16488093450479233
1999-05-15,0.0,379.55,28.09,17.99,2079.09,0.1465608306709265
1999-05-16,0.0,402.4,30.7,19.38,2253.29,0.14045412939297125
1999-05-17,17.15,355.98,27.18,13.56,1552.55,0.16488093450479233
1999-05-18,0.0,505.31,22.74,8.5,1119.04,0.14045412939297125
1999-05-19,0.0,502.12,25.45,11.08,1325.24,0.12213402555910544
1999-05-20,0.0,448.19,26.43,14.5,1640.0,0.10992062300319488
1999-05-21,22.52,334.88,26.03,14.29,1624.93,0.946538698083067
1999-05-22,0.0,451.59,26.9,14.8,1688.46,1.080886126198083
1999-05-23,18.77,332.08,26.0,14.43,1637.98,1.6427026437699679
1999-05-24,0.0,510.73,26.75,11.64,1371.51,1.734303162939297
1999-05-25,2.27,408.85,26.97,13.99,1599.38,0.293121661341853
1999-05-26,0.0,462.1,22.5,10.03,1242.49,0.1709876357827476
1999-05-27,0.0,479.26,23.98,10.5,1280.0,0.13434742811501596
1999-05-28,0.0,481.67,24.89,11.09,1326.84,0.10992062300319488
1999-05-29,0.0,447.57,26.56,13.83,1586.74,0.09770722044728435
1999-05-30,0.0,384.87,28.18,17.5,2000.0,0.09160051916932907
1999-05-31,21.7,332.44,28.98,16.0,1800.0,0.11602732428115016
1999-06-01,12.74,319.74,28.55,16.29,1846.25,0.7389108546325879
1999-06-02,0.0,473.24,29.5,14.93,1709.52,0.8305113738019169
1999-06-03,19.62,324.98,30.0,17.06,1933.59,3.6273805591054313
1999-06-04,0.0,382.85,30.99,19.83,2306.22,2.9067898083067094
1999-06-05,0.0,316.7,30.79,21.87,2619.39,0.3358685702875399
1999-06-06,0.0,294.25,29.45,21.5,2560.0,0.16488093450479233
1999-06-07,0.0,436.82,30.67,17.97,2074.79,0.12213402555910544
1999-06-08,0.0,413.69,32.02,20.05,2331.73,0.2564814536741214
1999-06-09,0.0,409.62,32.3,20.43,2388.65,0.20152114217252395
1999-06-10,13.04,313.69,29.73,18.0,2080.0,0.1282407268370607
1999-06-11,2.18,369.23,28.93,17.78,2044.22,0.11602732428115016
1999-06-12,14.77,299.94,27.91,17.26,1961.16,0.6717371405750798
1999-06-13,5.06,296.56,26.27,17.5,2000.0,1.3312608785942492
1999-06-14,0.0,455.05,26.86,14.43,1634.73,0.293121661341853
1999-06-15,0.0,485.61,26.81,13.0,1480.0,0.1282407268370607
1999-06-16,25.07,276.98,23.58,14.5,1640.25,0.7572309584664536
1999-06-17,0.0,434.09,21.28,10.52,1281.21,0.6534170367412141
1999-06-18,6.48,301.8,21.01,13.62,1564.54,0.5068562060702875
1999-06-19,22.72,182.93,20.84,15.45,1756.24,5.209016190095847
1999-06-20,0.21,326.43,24.11,16.52,1881.41,2.3999336022364215
1999-06-21,0.0,391.85,27.63,17.94,2070.09,0.4580025958466454
1999-06-22,3.86,203.21,26.18,19.97,2317.38,0.22594794728434506
1999-06-23,20.16,331.95,28.53,17.18,1948.68,4.439571829073482
1999-06-24,0.0,426.46,28.72,18.0,2080.0,11.297397364217252
1999-06-25,28.58,315.26,27.6,17.32,1971.27,12.640871645367412
1999-06-26,0.0,441.2,31.38,19.69,2294.45,0.9160051916932908
1999-06-27,0.0,410.52,33.87,22.83,2773.54,0.34808197284345044
1999-06-28,2.27,405.83,32.78,21.01,2481.41,0.21984124600638977
1999-06-29,0.0,506.05,30.03,15.67,1773.76,0.16488093450479233
1999-06-30,3.87,374.89,28.0,17.93,2068.24,0.1893077396166134
1999-07-01,33.27,288.27,28.88,19.7,2295.69,14.411815015974438
1999-07-02,6.29,379.19,31.44,21.0,2480.0,16.671294488817892
1999-07-03,0.0,371.12,32.94,23.64,2913.33,0.964858801916933
1999-07-04,0.0,394.0,32.97,22.96,2793.98,0.41525568690095843
1999-07-05,0.0,404.89,33.43,22.92,2786.57,0.2503747523961661
1999-07-06,0.0,430.9,33.94,22.25,2680.41,0.20152114217252395
1999-07-07,13.74,373.89,34.79,21.96,2633.58,0.9343252955271565
1999-07-08,0.0,440.28,34.5,22.26,2681.07,0.2992283626198083
1999-07-09,0.0,454.55,34.97,21.92,2627.26,0.6412036341853035
1999-07-10,42.55,379.68,31.64,16.83,1906.18,24.12147004792332
1999-07-11,0.0,412.48,26.5,16.77,1901.35,7.266974520766773
1999-07-12,0.0,451.09,27.46,16.25,1839.45,0.7938711661341853
1999-07-13,0.0,495.6,29.14,15.5,1759.62,0.47632269968051116
1999-07-14,0.0,492.68,32.76,18.18,2092.8,0.360295375399361
1999-07-15,0.0,435.09,33.58,21.53,2564.09,0.26258815495207666
1999-07-16,0.0,370.18,31.5,22.14,2662.91,0.23205464856230032
1999-07-17,3.92,307.01,32.32,21.63,2580.1,0.1954144408945687
1999-07-18,0.0,415.91,33.87,22.36,2698.21,0.17709433706070285
1999-07-19,0.0,424.85,34.75,22.48,2716.62,0.15877423322683706
1999-07-20,0.0,409.81,35.01,23.16,2826.32,0.14045412939297125
1999-07-21,0.0,423.46,34.94,22.5,2719.92,0.12213402555910544
1999-07-22,0.0,421.15,35.42,22.76,2761.88,0.10992062300319488
1999-07-23,0.0,431.78,36.55,23.02,2803.37,0.09770722044728435
1999-07-24,0.0,426.15,37.0,23.5,2880.0,0.09160051916932907
1999-07-25,0.0,429.96,37.41,23.5,2884.39,0.0854938178913738
1999-07-26,0.0,426.18,37.46,23.64,2916.39,0.07328041533546326
1999-07-27,0.0,405.37,37.89,24.79,3126.02,0.06717371405750798
1999-07-28,0.0,435.56,38.34,23.61,2908.97,0.06045634265175719
1999-07-29,0.0,448.79,39.47,23.54,2889.98,0.05618165175718849
1999-07-30,0.0,430.46,40.0,24.68,3108.13,0.051906960862619804
1999-07-31,0.89,402.13,37.68,24.14,3023.06,0.0494642803514377
1999-08-01,2.55,360.49,34.25,22.38,2701.22,0.04702159984025559
1999-08-02,0.0,362.04,31.82,21.32,2531.05,0.05007495047923322
1999-08-03,0.86,360.91,30.55,19.76,2299.44,0.0494642803514377
1999-08-04,13.52,250.14,30.0,20.7,2431.48,0.293121661341853
1999-08-05,7.64,265.32,29.6,21.08,2493.54,0.5129629073482428
1999-08-06,0.0,362.02,32.09,21.6,2576.57,0.12213402555910544
1999-08-07,0.0,409.73,36.17,22.86,2777.19,0.07938711661341853
1999-08-08,5.94,325.77,35.21,22.32,2690.41,0.06106701277955272
1999-08-09,0.0,429.97,32.82,19.5,2279.89,0.0494642803514377
1999-08-10,0.0,415.29,35.41,21.92,2626.91,0.04824294009584664
1999-08-11,0.0,403.63,38.38,24.42,3067.18,0.04518958945686901
1999-08-12,0.0,405.88,37.96,24.0,3000.0,0.03847221805111821
1999-08-13,0.0,457.54,33.99,18.57,2131.96,0.032976186900958465
1999-08-14,0.0,475.47,30.72,15.11,1726.58,0.03358685702875399
1999-08-15,0.0,482.81,34.92,17.24,1958.16,0.03480819728434505
1999-08-16,0.0,452.68,38.13,20.95,2472.4,0.034197527156549515
1999-08-17,0.0,447.19,38.83,21.5,2560.0,0.03114417651757188
1999-08-18,0.0,450.06,37.66,20.39,2383.06,0.02748015575079872
1999-08-19,0.0,469.03,35.01,17.31,1970.13,0.02564814536741214
1999-08-20,0.0,440.29,31.08,16.0,1800.0,0.024426805111821086
1999-08-21,12.74,311.79,31.57,17.49,1997.89,0.057402992012779555
1999-08-22,0.57,404.98,33.63,19.5,2279.24,0.03541886741214057
1999-08-23,0.0,392.99,34.36,20.56,2409.58,0.028090825878594246
1999-08-24,0.0,464.85,33.63,16.0,1800.0,0.02564814536741214
1999-08-25,0.0,452.84,34.9,17.42,1987.6,0.02503747523961661
1999-08-26,0.0,459.68,38.66,19.12,2219.93,0.023816134984025558
1999-08-27,0.0,429.9,38.16,20.59,2414.87,0.021984124600638977
1999-08-28,0.0,387.08,36.0,21.41,2546.04,0.020762784345047924
1999-08-29,0.0,390.76,36.5,21.5,2560.0,0.020152114217252392
1999-08-30,0.0,374.27,35.49,21.5,2560.0,0.029922836261980834
1999-08-31,2.63,293.62,35.0,21.81,2610.25,0.020762784345047924
1999-09-01,0.0,374.43,35.47,21.24,2517.72,0.018320103833865814
1999-09-02,0.0,368.55,34.32,20.5,2400.0,0.017098763578274757
1999-09-03,0.0,367.78,33.53,19.78,2302.54,0.015877423322683704
1999-09-04,6.76,276.07,33.0,21.0,2480.0,0.02748015575079872
1999-09-05,13.81,226.2,30.2,19.61,2285.29,0.02748015575079872
1999-09-06,0.0,345.7,31.75,19.09,2214.69,0.02137345447284345
1999-09-07,0.0,365.16,34.15,20.0,2320.0,0.018930773961661342
1999-09-08,9.63,307.92,31.14,18.07,2085.35,0.018930773961661342
1999-09-09,0.0,439.14,28.84,11.5,1360.0,0.017709433706070286
1999-09-10,6.88,304.26,28.75,13.98,1598.06,0.024426805111821086
1999-09-11,14.03,196.28,25.93,17.05,1928.33,0.03541886741214057
1999-09-12,5.99,189.73,24.92,16.53,1882.41,0.029312166134185302
1999-09-13,0.36,342.33,22.95,11.45,1356.39,0.02320546485623003
1999-09-14,0.0,359.17,23.73,11.5,1360.0,0.020762784345047924
1999-09-15,0.75,305.82,23.41,13.0,1480.65,0.020762784345047924
1999-09-16,0.0,274.92,22.72,14.0,1599.85,0.020762784345047924
1999-09-17,0.0,325.71,23.0,12.5,1440.0,0.020762784345047924
1999-09-18,0.0,266.14,23.28,15.0,1720.0,0.021984124600638977
1999-09-19,10.0,210.16,24.97,16.1,1816.71,0.03847221805111821
1999-09-20,6.29,258.7,23.76,12.57,1445.31,0.03114417651757188
1999-09-21,2.69,303.15,17.75,6.26,940.91,0.02564814536741214
1999-09-22,0.0,436.28,22.32,6.26,940.76,0.024426805111821086
1999-09-23,0.0,445.97,25.94,8.1,1088.27,0.023816134984025558
1999-09-24,0.0,438.48,28.56,10.5,1280.0,0.022594794728434505
1999-09-25,0.0,391.39,27.5,13.0,1479.98,0.021984124600638977
1999-09-26,0.0,351.99,27.61,15.2,1735.34,0.020152114217252392
1999-09-27,18.41,300.8,26.18,11.15,1332.29,0.020762784345047924
1999-09-28,34.98,96.21,13.5,10.0,1239.99,0.3786154792332268
1999-09-29,2.65,259.51,16.48,7.0,1000.0,0.3908288817891374
1999-09-30,0.0,407.36,22.07,7.31,1024.91,0.13434742811501596
1999-10-01,0.0,424.93,25.05,8.0,1080.08,0.05373897124600639
1999-10-02,0.0,430.72,24.21,6.41,952.83,0.03664020766773163
1999-10-03,0.0,243.81,13.4,6.26,940.72,0.03053350638977636
1999-10-04,0.0,380.6,14.55,1.68,694.21,0.029312166134185302
1999-10-05,0.0,423.44,20.01,2.88,750.57,0.028701496006389778
1999-10-06,0.0,419.42,25.49,7.02,1001.75,0.028090825878594246
1999-10-07,0.0,370.84,26.79,11.91,1392.76,0.028701496006389778
1999-10-08,0.0,331.43,25.4,13.0,1480.0,0.026869485623003196
1999-10-09,4.12,232.29,23.55,12.5,1440.0,0.03664020766773163
1999-10-10,0.0,377.74,27.5,11.5,1360.0,0.03175484664536741
1999-10-11,0.0,378.86,29.03,12.0,1400.0,0.03053350638977636
1999-10-12,0.0,365.48,29.3,12.86,1469.16,0.032976186900958465
1999-10-13,0.0,356.2,28.3,12.5,1440.0,0.028090825878594246
1999-10-14,0.0,390.75,26.33,7.36,1028.42,0.028701496006389778
1999-10-15,0.0,384.32,29.08,9.42,1193.25,0.03114417651757188
1999-10-16,0.0,365.39,27.92,9.94,1235.16,0.023816134984025558
1999-10-17,0.0,278.38,18.0,7.03,1002.49,0.028701496006389778
1999-10-18,0.0,327.7,15.71,1.96,708.67,0.028701496006389778
1999-10-19,0.0,352.53,18.0,1.82,705.27,0.029312166134185302
1999-10-20,0.0,353.37,19.33,2.5,720.0,0.03114417651757188
1999-10-21,0.0,372.34,24.58,4.2,815.67,0.03236551677316293
1999-10-22,0.0,366.62,27.42,6.5,960.0,0.029922836261980834
1999-10-23,0.0,343.9,21.09,3.67,800.0,0.03114417651757188
1999-10-24,0.0,331.57,16.97,0.95,644.08,0.032976186900958465
1999-10-25,0.0,340.01,19.92,2.48,720.0,0.03175484664536741
1999-10-26,0.0,364.69,25.74,3.5,800.0,0.03114417651757188
1999-10-27,0.0,358.86,27.97,5.35,907.76,0.03236551677316293
1999-10-28,0.0,312.15,27.0,9.25,1179.85,0.028701496006389778
1999-10-29,0.0,242.05,23.19,10.88,1310.53,0.07328041533546326
1999-10-30,16.24,209.67,23.48,9.79,1223.44,0.13434742811501596
1999-10-31,0.0,153.96,17.15,9.97,1237.32,0.05251763099041533
1999-11-01,0.0,239.46,19.25,7.46,1036.59,0.03053350638977636
1999-11-02,0.0,309.34,16.63,-0.34,596.99,0.028701496006389778
1999-11-03,0.0,304.35,16.81,-0.11,601.12,0.028701496006389778
1999-11-04,0.0,326.61,20.78,0.52,640.0,0.026869485623003196
1999-11-05,0.0,308.45,23.22,4.41,835.34,0.029922836261980834
1999-11-06,0.0,262.54,23.5,8.58,1126.52,0.029922836261980834
1999-11-07,0.0,274.71,25.0,8.55,1124.31,0.029922836261980834
1999-11-08,0.0,262.45,25.01,9.31,1185.07,0.029312166134185302
1999-11-09,0.0,236.08,24.7,10.97,1317.59,0.029922836261980834
1999-11-10,0.0,273.19,24.56,7.67,1053.69,0.03114417651757188
1999-11-11,0.0,275.97,25.04,7.55,1044.07,0.034197527156549515
1999-11-12,0.0,265.33,25.5,8.7,1135.94,0.028090825878594246
1999-11-13,0.0,275.76,26.71,8.47,1117.83,0.03053350638977636
1999-11-14,0.0,267.91,24.13,6.99,999.29,0.029922836261980834
1999-11-15,0.0,276.41,22.0,4.16,815.99,0.03664020766773163
1999-11-16,0.0,277.32,22.39,3.92,800.0,0.028701496006389778
1999-11-17,0.0,270.46,25.02,6.54,964.2,0.034197527156549515
1999-11-18,0.0,226.26,24.03,9.72,1217.77,0.034197527156549515
1999-11-19,0.0,234.28,18.36,3.99,800.0,0.03480819728434505
1999-11-20,0.0,251.01,16.13,0.5,640.0,0.0360295375399361
1999-11-21,0.0,243.09,18.21,3.05,763.68,0.029922836261980834
1999-11-22,0.0,205.12,14.61,2.72,737.93,0.22594794728434506
1999-11-23,44.67,117.56,11.21,2.68,738.17,1.4900351118210862
1999-11-24,0.0,220.97,10.57,-2.12,520.0,0.7633376597444089
1999-11-25,0.0,238.28,11.55,-2.5,519.73,0.1465608306709265
1999-11-26,0.0,263.99,15.51,-1.46,556.32,0.07328041533546326
1999-11-27,0.0,259.25,17.85,1.0,640.0,0.05373897124600639
1999-11-28,0.0,227.23,16.13,2.37,720.0,0.04518958945686901
1999-11-29,0.0,229.78,13.58,-0.25,597.59,0.04152556869009585
1999-11-30,0.0,233.69,14.0,-0.5,600.0,0.03908288817891374
1999-12-01,0.0,204.68,15.57,3.22,777.43,0.03664020766773163
1999-12-02,0.0,171.69,18.49,8.3,1104.24,0.039693558306709266
1999-12-03,13.29,126.09,14.54,4.92,873.78,0.5007495047923322
1999-12-04,30.01,85.03,8.29,2.39,727.21,4.970854840255591
1999-12-05,17.86,101.98,3.13,-3.77,457.32,6.656304392971245
1999-12-06,0.0,214.6,4.38,-7.45,353.44,2.241159369009585
1999-12-07,0.0,221.64,8.73,-3.83,460.27,2.1495588498402554
1999-12-08,0.0,175.95,9.45,0.14,616.7,2.766335678913738
1999-12-09,23.07,127.73,9.58,0.65,635.76,10.076057108626198
1999-12-10,0.0,212.77,6.99,-4.5,440.0,9.770722044728434
1999-12-11,0.0,199.3,7.59,-2.85,496.65,0.8976850878594248
1999-12-12,0.0,189.52,9.3,-0.47,588.32,0.5007495047923322
1999-12-13,0.0,248.07,10.53,-3.98,441.97,0.37250877795527154
1999-12-14,0.0,215.37,9.14,-2.2,518.58,0.2748015575079872
1999-12-15,0.0,224.16,8.51,-3.34,476.46,0.21984124600638977
1999-12-16,0.0,248.79,9.03,-5.0,440.0,0.18320103833865814
1999-12-17,0.0,220.76,8.29,-2.98,483.19,0.1709876357827476
1999-12-18,1.67,162.42,5.23,-3.41,477.9,0.16488093450479233
1999-12-19,0.0,144.85,3.38,-3.0,485.24,0.15877423322683706
1999-12-20,0.0,182.56,2.16,-6.0,400.0,0.1465608306709265
1999-12-21,0.0,224.02,3.04,-7.61,351.21,0.13434742811501596
1999-12-22,0.0,214.08,4.02,-5.95,399.65,0.11602732428115016
1999-12-23,0.0,254.82,8.32,-5.52,402.57,0.11602732428115016
1999-12-24,0.0,236.12,8.25,-3.69,465.19,0.10992062300319488
1999-12-25,0.0,263.09,12.16,-3.0,480.0,0.10381392172523961
1999-12-26,0.0,257.71,12.29,-2.0,520.0,0.10381392172523961
1999-12-27,0.0,237.9,9.35,-2.5,520.0,0.09770722044728435
1999-12-28,0.0,281.88,14.71,-4.0,440.0,0.09160051916932907
1999-12-29,0.0,285.7,19.94,-1.24,560.0,0.09160051916932907
1999-12-30,0.0,274.5,17.1,-0.5,600.0,0.09160051916932907
1999-12-31,0.0,282.47,14.81,-4.0,440.0,0.0854938178913738
2000-01-01,0.0,310.59,16.74,-2.07,520.0,0.0854938178913738
2000-01-02,0.0,294.91,17.73,1.15,655.9,0.0854938178913738
2000-01-03,1.35,219.46,9.8,-0.54,588.44,0.0854938178913738
2000-01-04,5.47,210.02,2.76,-10.62,280.0,0.0854938178913738
2000-01-05,0.0,257.5,3.13,-8.48,320.0,0.07938711661341853
2000-01-06,0.0,278.91,9.58,-3.91,446.92,0.0854938178913738
2000-01-07,0.0,293.29,7.56,-7.0,360.0,0.0854938178913738
2000-01-08,0.0,296.13,10.18,-4.71,439.29,0.09160051916932907
2000-01-09,0.0,186.74,8.51,0.72,639.14,0.09160051916932907
2000-01-10,0.0,256.21,9.98,-2.0,520.0,0.09770722044728435
2000-01-11,0.0,318.14,14.62,-4.86,440.0,0.09770722044728435
2000-01-12,0.0,292.61,12.16,-3.38,479.15,0.0854938178913738
2000-01-13,0.0,302.4,14.1,-3.03,480.63,0.07938711661341853
2000-01-14,0.0,296.09,9.75,-5.81,400.0,0.07328041533546326
2000-01-15,0.0,284.43,13.26,-1.68,545.82,0.06717371405750798
2000-01-16,0.0,257.86,15.18,1.97,703.46,0.06717371405750798
2000-01-17,0.0,109.35,6.87,2.31,722.83,0.07328041533546326
2000-01-18,0.0,225.71,7.94,-2.44,520.0,0.07328041533546326
2000-01-19,0.0,275.12,11.52,-2.72,502.55,0.07328041533546326
2000-01-20,0.0,327.25,16.35,-8.24,320.0,0.07328041533546326
2000-01-21,0.0,238.09,3.37,-7.27,360.0,0.06717371405750798
2000-01-22,0.0,279.4,9.25,-4.6,440.0,0.06717371405750798
2000-01-23,0.0,291.5,10.74,-4.29,443.88,0.06717371405750798
2000-01-24,0.0,284.32,3.64,-9.93,280.0,0.06717371405750798
2000-01-25,0.0,250.82,2.96,-7.99,330.54,0.06717371405750798
2000-01-26,0.0,161.24,1.0,-5.33,413.63,0.06717371405750798
2000-01-27,3.98,82.96,-2.36,-6.06,390.53,0.06717371405750798
2000-01-28,7.37,103.41,-2.98,-7.53,348.52,0.06717371405750798
2000-01-29,0.0,182.22,-1.94,-8.15,330.93,0.06717371405750798
2000-01-30,0.0,240.83,-0.66,-9.1,306.0,0.06717371405750798
2000-01-31,0.0,309.67,0.08,-11.41,252.19,0.06717371405750798
2000-02-01,0.0,303.08,0.49,-10.35,269.89,0.07328041533546326
2000-02-02,0.0,348.41,3.09,-10.58,232.45,0.07328041533546326
2000-02-03,0.0,361.07,7.55,-7.05,276.87,0.0854938178913738
2000-02-04,0.0,314.58,8.45,-2.99,399.9,0.0854938178913738
2000-02-05,0.0,344.13,5.31,-7.51,274.24,0.09160051916932907
2000-02-06,0.0,357.69,9.63,-3.88,244.91,0.09770722044728435
2000-02-07,0.0,395.8,13.53,-3.37,207.77,0.0854938178913738
2000-02-08,0.0,421.42,16.0,-5.07,167.72,0.0854938178913738
2000-02-09,0.0,407.28,17.51,-1.14,217.55,0.07938711661341853
2000-02-10,0.0,401.0,16.66,-0.78,225.23,0.07938711661341853
2000-02-11,0.0,369.36,10.74,-3.68,230.52,0.07938711661341853
2000-02-12,0.0,337.59,5.34,-6.54,212.39,0.07328041533546326
2000-02-13,0.0,348.3,6.33,-5.92,206.61,0.07328041533546326
2000-02-14,0.0,394.62,7.5,-7.69,153.28,0.07328041533546326
2000-02-15,0.0,429.75,14.77,-4.5,165.74,0.07328041533546326
2000-02-16,0.0,423.26,16.73,-3.23,166.36,0.07328041533546326
2000-02-17,0.0,287.04,9.9,-0.5,336.66,0.07328041533546326
2000-02-18,16.24,135.08,6.31,0.22,588.82,0.26258815495207666
2000-02-19,0.0,273.23,7.17,-2.18,434.4,0.519069608626198
2000-02-20,0.0,386.24,13.1,-3.52,286.41,0.20762784345047922
2000-02-21,0.0,380.05,18.56,2.46,402.26,0.13434742811501596
2000-02-22,0.0,297.34,19.67,9.02,754.92,0.1954144408945687
2000-02-23,17.03,185.51,17.95,9.53,1043.96,1.868650591054313
2000-02-24,7.38,281.23,20.03,4.6,705.24,1.7281964616613419
2000-02-25,15.97,263.61,21.13,7.14,907.95,3.395325910543131
2000-02-26,0.0,346.95,15.03,1.84,640.53,3.395325910543131
2000-02-27,0.0,392.53,15.33,-1.3,483.23,0.5984567252396166
2000-02-28,0.0,399.42,19.1,1.31,557.43,0.2809082587859425
2000-02-29,0.0,372.5,20.65,4.98,735.44,0.20152114217252395
2000-03-01,0.0,419.03,19.2,-0.5,475.58,0.16488093450479233
2000-03-02,10.88,323.03,16.19,1.33,629.62,1.7587299680511181
2000-03-03,26.54,145.3,7.5,1.05,646.27,11.847000479233227
2000-03-04,0.0,361.78,12.01,-1.76,539.03,2.6136681469648564
2000-03-05,0.0,407.41,17.5,0.05,594.86,0.6717371405750798
2000-03-06,0.0,357.22,20.46,6.32,935.22,0.3786154792332268
2000-03-07,0.0,340.28,23.61,10.18,1219.11,0.2809082587859425
2000-03-08,11.24,255.34,22.92,9.75,1220.14,1.5877423322683706
2000-03-09,0.0,437.76,20.17,0.67,614.51,0.8610448801916932
2000-03-10,0.0,277.03,8.84,-0.09,602.57,0.28701496006389776
2000-03-11,5.63,216.91,7.55,-1.58,553.35,0.23205464856230032
2000-03-12,0.0,361.66,10.45,-1.66,546.97,0.22594794728434506
2000-03-13,0.0,393.33,14.28,0.33,626.26,0.1954144408945687
2000-03-14,0.0,377.31,16.7,3.52,788.36,0.18320103833865814
2000-03-15,0.0,351.24,18.8,6.88,989.0,1.1358464376996804
2000-03-16,27.82,350.36,18.07,-1.35,555.46,8.12191269968051
2000-03-17,13.32,125.01,2.78,-1.73,543.25,8.366180750798721
2000-03-18,6.05,120.89,5.97,1.65,692.08,3.8411151038338653
2000-03-19,2.83,192.33,8.13,1.85,708.05,2.6136681469648564
2000-03-20,0.0,432.36,14.61,-0.08,600.82,1.441181501597444
2000-03-21,0.0,443.06,18.27,2.65,733.09,0.5923500239616614
2000-03-22,3.39,268.07,15.7,7.94,1075.1,0.6900572444089457
2000-03-23,33.5,159.37,15.55,9.73,1218.68,15.99955734824281
2000-03-24,29.92,290.95,18.5,6.51,961.0,28.029758865814696
2000-03-25,0.0,452.39,23.36,7.25,1020.39,2.9556434185303515
2000-03-26,0.0,442.88,23.6,8.22,1097.72,0.9709655031948882
2000-03-27,0.0,497.82,24.22,3.94,800.0,0.6534170367412141
2000-03-28,0.0,482.29,22.05,4.1,810.07,0.49464280351437695
2000-03-29,14.3,227.27,12.8,4.59,847.16,1.0442459185303514
2000-03-30,6.05,149.06,9.8,4.85,868.0,3.5174599361022363
2000-03-31,0.0,442.83,16.18,2.97,757.83,1.0320325159744408
2000-04-01,2.39,284.84,12.94,5.02,881.62,0.5679232188498402
2000-04-02,2.85,310.54,14.14,2.87,751.13,0.5007495047923322
2000-04-03,0.0,412.6,14.91,3.55,795.58,0.42136238817891375
2000-04-04,0.0,510.55,15.26,-1.5,560.0,0.31144176517571887
2000-04-05,0.0,539.33,24.36,1.89,711.35,0.26258815495207666
2000-04-06,0.0,473.91,26.28,10.2,1256.23,0.23816134984025558
2000-04-07,0.0,444.62,20.62,7.32,1025.3,0.2137345447284345
2000-04-08,0.0,520.16,16.14,-1.21,560.0,0.18320103833865814
2000-04-09,0.0,494.58,17.21,1.59,686.97,0.1709876357827476
2000-04-10,0.0,493.57,22.99,6.38,950.7,0.1709876357827476
2000-04-11,0.0,465.7,20.16,5.77,921.19,0.16488093450479233
2000-04-12,0.0,456.08,17.26,3.8,800.88,0.15266753194888177
2000-04-13,0.0,446.83,17.02,4.06,808.5,0.1465608306709265
2000-04-14,0.0,443.99,20.09,6.98,998.39,0.1465608306709265
2000-04-15,9.14,331.67,20.91,8.01,1081.08,0.15266753194888177
2000-04-16,22.26,350.16,15.7,2.06,712.18,0.7694443610223641
2000-04-17,0.0,494.4,16.27,0.79,640.0,0.7511242571884984
2000-04-18,0.0,532.58,23.65,3.83,800.0,0.2564814536741214
2000-04-19,0.0,477.02,28.0,11.42,1353.85,0.18320103833865814
2000-04-20,0.0,493.38,23.56,6.85,987.62,0.15266753194888177
2000-04-21,0.0,500.82,20.08,3.25,779.89,0.1282407268370607
2000-04-22,0.0,486.81,21.87,5.42,913.53,0.12213402555910544
2000-04-23,4.88,259.8,20.48,10.33,1266.53,0.14045412939297125
2000-04-24,0.0,437.67,22.8,8.99,1159.22,0.13434742811501596
2000-04-25,0.0,458.58,23.7,8.83,1146.65,0.12213402555910544
2000-04-26,0.0,501.25,22.95,6.0,920.0,0.09770722044728435
2000-04-27,0.0,474.11,22.8,7.56,1044.79,0.10381392172523961
2000-04-28,0.0,485.47,23.02,6.95,995.86,0.0854938178913738
2000-04-29,0.0,440.59,22.38,8.43,1114.17,0.0854938178913738
2000-04-30,0.26,274.8,21.13,13.26,1525.45,0.0854938178913738
2000-05-01,5.25,178.16,19.52,12.92,1474.54,0.09770722044728435
2000-05-02,0.0,285.76,19.18,11.25,1339.93,0.09160051916932907
2000-05-03,0.0,384.29,22.19,10.89,1311.07,0.09160051916932907
2000-05-04,0.0,450.5,24.45,10.29,1263.38,0.07938711661341853
2000-05-05,0.0,435.42,25.2,11.87,1389.57,0.07328041533546326
2000-05-06,0.35,382.84,25.52,14.31,1625.12,0.06717371405750798
2000-05-07,0.0,338.91,27.98,18.05,2084.21,0.06717371405750798
2000-05-08,0.0,399.96,30.53,18.16,2086.01,0.06106701277955272
2000-05-09,20.75,308.1,23.66,11.99,1399.58,0.10381392172523961
2000-05-10,0.0,446.52,23.83,10.88,1310.57,0.0854938178913738
2000-05-11,0.0,416.34,27.99,15.7,1776.34,0.07938711661341853
2000-05-12,0.0,497.24,33.57,15.89,1799.96,0.06717371405750798
2000-05-13,0.0,505.03,23.0,7.32,1025.77,0.05373897124600639
2000-05-14,0.0,485.14,21.93,7.44,1035.17,0.050685620607028754
2000-05-15,8.27,298.14,21.53,10.67,1293.65,0.07938711661341853
2000-05-16,1.53,338.88,22.24,12.74,1459.01,0.06717371405750798
2000-05-17,0.0,298.99,26.03,18.01,2077.27,0.06106701277955272
2000-05-18,0.0,452.3,25.02,12.19,1415.1,0.06106701277955272
2000-05-19,0.0,412.27,21.79,11.0,1320.0,0.05434964137380192
2000-05-20,0.0,474.0,20.88,7.97,1077.81,0.05434964137380192
2000-05-21,1.11,532.55,27.28,10.06,1245.1,0.05251763099041533
2000-05-22,0.0,509.97,31.48,14.65,1667.0,0.04885361022364217
2000-05-23,0.0,510.36,35.98,17.36,1977.49,0.0427469089456869
2000-05-24,0.0,484.41,36.44,19.27,2243.18,0.040304228434504784
2000-05-25,10.63,365.94,30.5,14.91,1702.62,0.04152556869009585
2000-05-26,45.42,321.96,28.82,16.41,1865.93,5.099095567092651
2000-05-27,5.56,380.94,29.83,16.42,1866.82,9.098984904153355
2000-05-28,0.0,511.64,29.93,13.32,1531.82,1.893077396166134
2000-05-29,0.0,508.0,32.99,15.66,1772.69,0.4518958945686901
2000-05-30,0.0,467.6,34.85,19.05,2207.56,0.23205464856230032
2000-05-31,0.0,386.99,34.86,22.53,2724.72,0.15877423322683706
2000-06-01,0.0,396.65,33.96,21.37,2539.21,0.1282407268370607
2000-06-02,20.39,339.7,29.95,15.79,1785.16,0.7328041533546326
2000-06-03,0.22,393.2,25.96,14.68,1668.66,0.561816517571885
2000-06-04,0.0,416.36,28.86,16.53,1878.71,0.17709433706070285
2000-06-05,0.0,493.28,27.6,11.96,1396.6,0.1282407268370607
2000-06-06,0.0,454.41,24.88,11.45,1355.83,0.09770722044728435
2000-06-07,0.0,447.36,27.6,14.01,1601.09,0.0854938178913738
2000-06-08,0.0,467.0,30.35,15.25,1740.29,0.07938711661341853
2000-06-09,0.0,439.63,31.0,17.0,1922.77,0.07328041533546326
2000-06-10,0.0,320.68,29.84,20.43,2388.94,0.06717371405750798
2000-06-11,0.0,314.17,29.69,20.64,2423.0,0.06717371405750798
2000-06-12,0.0,447.78,32.92,18.47,2117.28,0.06106701277955272
2000-06-13,0.0,424.1,33.52,19.97,2320.86,0.07938711661341853
2000-06-14,57.35,342.17,31.26,16.75,1898.78,17.648366693290733
2000-06-15,0.0,478.81,31.08,15.33,1745.31,10.198191134185302
2000-06-16,3.05,331.41,28.19,16.9,1912.28,0.7450175559105431
2000-06-17,4.89,208.17,21.54,14.28,1622.25,0.34808197284345044
2000-06-18,0.0,449.9,23.22,10.15,1252.16,0.24426805111821087
2000-06-19,0.0,417.21,26.57,14.37,1629.44,0.20152114217252395
2000-06-20,1.97,327.44,29.74,19.0,2199.24,0.17709433706070285
2000-06-21,15.67,305.94,29.96,17.84,2054.86,2.9373233146964854
2000-06-22,0.95,362.78,27.91,17.52,2003.62,1.3923278913738018
2000-06-23,0.0,417.95,31.62,19.1,2207.53,0.8427247763578275
2000-06-24,27.87,328.65,32.5,19.0,2199.55,6.106701277955271
2000-06-25,0.0,396.72,31.66,19.99,2323.36,5.215122891373802
2000-06-26,24.98,277.82,29.26,18.97,2195.43,10.625660223642173
2000-06-27,0.0,330.86,26.24,17.69,2030.83,7.694443610223641
2000-06-28,1.36,321.27,25.87,17.52,2003.85,0.9037917891373802
2000-06-29,0.0,472.05,27.42,14.1,1608.06,0.4580025958466454
2000-06-30,6.19,341.36,29.02,16.11,1820.18,0.4518958945686901
2000-07-01,0.0,424.32,31.83,19.6,2288.16,0.3419752715654952
2000-07-02,0.0,415.81,32.7,20.66,2426.17,0.2503747523961661
2000-07-03,0.0,361.54,32.52,22.44,2710.28,0.1954144408945687
2000-07-04,0.0,378.1,33.74,22.91,2785.24,0.16488093450479233
2000-07-05,0.0,418.47,35.09,22.5,2719.99,0.1465608306709265
2000-07-06,0.0,437.61,35.45,21.94,2630.33,0.1282407268370607
2000-07-07,0.0,429.55,34.96,21.95,2632.5,0.10992062300319488
2000-07-08,0.0,404.43,34.92,23.0,2800.0,0.09770722044728435
2000-07-09,0.0,412.78,36.01,23.5,2880.0,0.09160051916932907
2000-07-10,0.0,437.91,37.79,23.5,2879.79,0.0854938178913738
2000-07-11,0.0,436.27,37.85,23.47,2875.6,0.07328041533546326
2000-07-12,0.0,441.35,36.72,22.49,2718.65,0.07328041533546326
2000-07-13,0.0,506.78,36.77,18.64,2123.84,0.06717371405750798
2000-07-14,0.0,507.53,36.36,18.27,2075.44,0.06106701277955272
2000-07-15,0.0,512.0,38.36,18.97,2151.03,0.06106701277955272
2000-07-16,0.0,470.82,38.96,21.94,2580.09,0.05984567252396167
2000-07-17,4.67,368.6,36.53,21.69,2570.29,0.2992283626198083
2000-07-18,0.0,406.32,34.24,21.55,2567.08,0.37250877795527154
2000-07-19,0.0,426.46,35.74,21.77,2596.69,0.09770722044728435
2000-07-20,19.33,340.42,32.87,18.27,2101.86,0.07938711661341853
2000-07-21,23.12,283.12,28.29,17.64,2021.66,0.5496031150159744
2000-07-22,19.94,302.53,29.18,17.43,1989.06,1.893077396166134
2000-07-23,0.0,400.3,27.87,16.46,1873.5,1.7037696565495208
2000-07-24,0.0,419.3,28.77,16.54,1882.94,0.26258815495207666
2000-07-25,6.42,347.94,30.0,17.5,1999.71,0.15877423322683706
2000-07-26,4.53,358.67,31.49,18.87,2178.53,0.0854938178913738
2000-07-27,6.75,285.55,32.0,20.47,2394.82,0.06717371405750798
2000-07-28,4.73,253.74,28.99,20.05,2328.64,0.10992062300319488
2000-07-29,3.94,312.92,30.12,18.5,2120.0,0.10381392172523961
2000-07-30,0.0,392.76,29.01,17.55,2008.05,0.15877423322683706
2000-07-31,0.0,400.28,29.83,17.94,2070.6,0.07938711661341853
2000-08-01,0.0,430.65,31.5,18.0,2080.0,0.05496031150159744
2000-08-02,0.0,428.91,32.83,18.99,2198.66,0.043968249201277954
2000-08-03,0.0,403.86,33.5,20.5,2400.0,0.039693558306709266
2000-08-04,0.0,388.07,34.93,22.19,2670.96,0.037861547923322685
2000-08-05,0.0,402.41,37.6,23.5,2880.0,0.03236551677316293
2000-08-06,0.0,409.41,37.39,22.98,2796.73,0.028701496006389778
2000-08-07,0.0,397.24,36.98,23.16,2825.77,0.02748015575079872
2000-08-08,0.0,403.98,38.61,23.91,2977.46,0.02503747523961661
2000-08-09,0.0,424.47,38.8,22.94,2790.01,0.02320546485623003
2000-08-10,0.0,414.22,37.95,22.85,2776.38,0.023816134984025558
2000-08-11,0.0,394.66,37.5,23.43,2868.96,0.022594794728434505
2000-08-12,0.0,413.69,38.09,22.95,2792.22,0.02137345447284345
2000-08-13,0.0,422.92,39.03,23.12,2818.55,0.022594794728434505
2000-08-14,0.0,423.05,38.97,23.1,2815.2,0.018930773961661342
2000-08-15,0.0,417.29,37.62,22.5,2720.68,0.017709433706070286
2000-08-16,0.0,426.8,38.47,22.48,2716.25,0.017709433706070286
2000-08-17,0.0,417.6,37.58,22.28,2684.82,0.017098763578274757
2000-08-18,0.0,452.13,34.28,18.0,2073.83,0.015877423322683704
2000-08-19,0.0,420.26,32.49,18.31,2105.1,0.016488093450479233
2000-08-20,0.0,452.1,38.82,20.6,2416.32,0.015877423322683704
2000-08-21,0.0,423.26,39.0,22.28,2685.18,0.014656083067092651
2000-08-22,0.0,421.19,38.79,22.09,2654.35,0.013434742811501598
2000-08-23,0.0,389.55,38.64,23.53,2888.01,0.01282407268370607
2000-08-24,0.0,405.35,39.32,23.0,2800.0,0.013434742811501598
2000-08-25,0.0,421.85,40.03,22.38,2686.61,0.014045412939297123
2000-08-26,0.0,416.78,40.5,22.69,2737.94,0.01282407268370607
2000-08-27,0.0,408.82,41.42,23.49,2875.22,0.011602732428115015
2000-08-28,0.0,406.98,41.09,23.12,2813.62,0.010992062300319488
2000-08-29,0.0,394.03,40.08,23.04,2804.78,0.010381392172523962
2000-08-30,0.0,392.69,39.55,22.58,2731.34,0.009770722044728435
2000-08-31,0.0,381.4,39.82,23.21,2834.31,0.009770722044728435
2000-09-01,0.0,436.16,40.05,19.81,2274.62,0.009770722044728435
2000-09-02,0.0,428.79,41.22,20.72,2412.2,0.009160051916932907
2000-09-03,0.0,383.52,40.65,23.0,2796.84,0.008549381789137379
2000-09-04,3.47,310.01,39.0,22.91,2786.06,0.010992062300319488
2000-09-05,0.0,344.01,36.91,22.33,2692.91,0.009770722044728435
2000-09-06,0.0,376.23,34.29,18.6,2136.42,0.008549381789137379
2000-09-07,0.0,365.66,33.59,18.53,2128.24,0.007938711661341852
2000-09-08,0.0,371.2,34.0,18.5,2120.0,0.007938711661341852
2000-09-09,0.0,354.06,34.5,19.71,2296.18,0.007328041533546326
2000-09-10,0.0,341.7,35.79,21.2,2511.83,0.007938711661341852
2000-09-11,0.0,349.8,39.0,22.95,2791.63,0.007938711661341852
2000-09-12,0.0,408.15,38.18,18.68,2150.26,0.006717371405750799
2000-09-13,0.0,352.79,33.04,18.19,2079.33,0.007328041533546326
2000-09-14,0.0,368.06,35.5,19.14,2197.36,0.007938711661341852
2000-09-15,0.0,444.84,33.18,11.98,1349.22,0.007328041533546326
2000-09-16,0.0,421.4,30.42,11.53,1327.05,0.006717371405750799
2000-09-17,0.0,420.84,32.0,12.49,1402.97,0.006717371405750799
2000-09-18,0.0,428.89,34.45,13.31,1466.36,0.006106701277955272
2000-09-19,0.0,407.29,35.87,15.76,1735.57,0.0058013662140575075
2000-09-20,0.0,435.3,36.33,13.54,1427.12,0.005740299201277955
2000-09-21,0.0,422.53,24.19,5.0,858.2,0.0060456342651757184
2000-09-22,0.0,409.61,28.5,9.27,1137.94,0.006717371405750799
2000-09-23,3.72,342.45,34.5,11.84,1295.04,0.007328041533546326
2000-09-24,1.38,122.91,12.76,8.43,1114.75,0.009160051916932907
2000-09-25,1.25,238.96,12.58,3.75,798.79,0.010992062300319488
2000-09-26,0.0,400.29,19.99,2.53,660.13,0.01282407268370607
2000-09-27,0.0,437.79,25.98,4.25,682.96,0.01282407268370607
2000-09-28,0.0,427.64,28.99,7.38,843.05,0.013434742811501598
2000-09-29,0.0,413.55,29.76,9.02,924.58,0.012213402555910543
2000-09-30,0.0,357.42,29.97,13.15,1302.16,0.010992062300319488
2000-10-01,0.0,366.9,32.34,14.34,1375.63,0.010381392172523962
2000-10-02,0.0,361.85,33.09,15.12,1456.06,0.009160051916932907
2000-10-03,0.0,360.51,33.84,15.63,1504.11,0.010381392172523962
2000-10-04,0.0,351.49,31.67,14.26,1409.03,0.007328041533546326
2000-10-05,14.68,149.99,19.95,11.65,1371.91,0.01526675319488818
2000-10-06,4.97,230.78,14.22,3.21,776.72,0.01526675319488818
2000-10-07,0.0,206.84,10.17,2.09,719.73,0.012213402555910543
2000-10-08,0.0,341.86,11.27,-3.5,477.66,0.010992062300319488
2000-10-09,0.0,361.8,11.8,-4.5,438.8,0.01282407268370607
2000-10-10,0.0,382.47,15.45,-3.16,476.06,0.014656083067092651
2000-10-11,0.0,354.02,19.51,2.51,709.29,0.01526675319488818
2000-10-12,0.0,322.2,24.42,8.91,1122.84,0.015877423322683704
2000-10-13,0.0,264.78,25.86,13.45,1544.69,0.016488093450479233
2000-10-14,0.23,177.77,23.17,15.27,1738.5,0.017098763578274757
2000-10-15,0.0,217.05,23.9,14.25,1620.41,0.018320103833865814
2000-10-16,16.39,144.77,21.91,13.6,1568.2,0.07938711661341853
2000-10-17,0.0,314.29,23.5,8.69,1130.18,0.028701496006389778
2000-10-18,0.0,338.43,26.46,9.28,1164.31,0.02137345447284345
2000-10-19,0.0,330.92,27.0,10.27,1203.17,0.02320546485623003
2000-10-20,0.0,318.54,25.97,10.5,1142.73,0.026258815495207664
2000-10-21,0.0,249.72,23.97,13.0,1316.12,0.02320546485623003
2000-10-22,13.0,95.44,20.0,14.86,1698.01,0.06106701277955272
2000-10-23,18.47,117.06,20.48,14.22,1617.95,0.05496031150159744
2000-10-24,10.59,146.93,23.16,14.85,1696.03,0.04885361022364217
2000-10-25,25.83,136.31,22.76,15.08,1726.74,0.5373897124600638
2000-10-26,31.42,101.94,19.96,14.5,1641.27,3.896075415335463
2000-10-27,0.0,139.48,21.0,15.5,1759.99,0.812191269968051
2000-10-28,0.0,174.01,22.37,15.5,1760.0,0.1954144408945687
2000-10-29,12.48,173.58,24.13,14.7,1675.65,0.2992283626198083
2000-10-30,0.0,308.0,23.53,9.54,1203.56,1.0747794249201277
2000-10-31,0.0,292.9,24.85,11.74,1379.48,0.23205464856230032
2000-11-01,17.31,199.06,23.31,12.24,1419.45,1.4106479952076676
2000-11-02,8.57,265.69,21.16,5.0,880.0,2.387720199680511
2000-11-03,0.0,257.98,17.25,7.23,1018.57,0.46410929712460064
2000-11-04,0.0,178.58,14.5,8.14,1091.07,0.18320103833865814
2000-11-05,3.67,157.95,16.29,8.98,1158.57,0.4580025958466454
2000-11-06,12.66,199.64,13.94,3.44,782.72,2.296119680511182
2000-11-07,0.0,195.94,5.66,-1.09,559.9,0.7083773482428114
2000-11-08,0.0,166.25,4.51,-0.98,567.09,0.2137345447284345
2000-11-09,0.0,207.06,3.79,-3.06,482.54,0.14045412939297125
2000-11-10,0.0,287.2,6.97,-3.86,451.23,0.10381392172523961
2000-11-11,0.0,282.0,7.17,-3.35,480.0,0.09160051916932907
2000-11-12,2.62,229.82,5.8,-3.75,461.25,0.0854938178913738
2000-11-13,0.0,288.12,4.95,-6.12,390.29,0.07938711661341853
2000-11-14,0.0,314.31,7.54,-6.52,360.0,0.07938711661341853
2000-11-15,0.0,315.03,11.16,-4.01,440.0,0.07328041533546326
2000-11-16,0.0,303.41,8.67,-4.9,436.29,0.07328041533546326
2000-11-17,0.0,303.93,4.8,-8.66,320.0,0.07328041533546326
2000-11-18,0.0,301.48,6.05,-7.34,359.58,0.07328041533546326
2000-11-19,0.0,301.69,9.86,-4.21,440.0,0.06717371405750798
2000-11-20,0.0,288.61,9.24,-3.56,475.57,0.06717371405750798
2000-11-21,0.0,305.09,10.13,-5.5,400.0,0.06717371405750798
2000-11-22,0.0,301.69,12.09,-4.0,440.0,0.06106701277955272
2000-11-23,0.07,238.59,8.75,-1.24,560.0,0.06717371405750798
2000-11-24,0.0,174.42,9.0,2.21,716.34,0.06717371405750798
2000-11-25,0.0,242.78,9.91,-0.79,580.87,0.06717371405750798
2000-11-26,0.0,287.96,12.08,-3.48,475.91,0.06717371405750798
2000-11-27,0.0,291.2,13.49,-3.5,480.0,0.06717371405750798
2000-11-28,0.0,283.45,14.18,-2.16,520.0,0.06717371405750798
2000-11-29,0.0,278.58,13.23,-2.59,512.91,0.06717371405750798
2000-11-30,0.0,274.98,12.49,-3.0,480.0,0.06717371405750798
2000-12-01,0.0,226.65,9.27,-1.67,546.79,0.06106701277955272
2000-12-02,0.0,152.77,4.13,-2.33,520.0,0.06717371405750798
2000-12-03,0.0,233.16,4.0,-7.0,360.0,0.06717371405750798
2000-12-04,0.0,257.01,7.63,-5.94,399.07,0.06717371405750798
2000-12-05,0.0,270.14,10.21,-5.5,400.0,0.06717371405750798
2000-12-06,0.0,215.11,6.4,-4.07,440.0,0.07328041533546326
2000-12-07,0.0,231.47,9.52,-2.53,517.83,0.07328041533546326
2000-12-08,0.0,249.17,13.3,-1.02,560.19,0.07328041533546326
2000-12-09,0.0,198.87,8.28,-1.74,540.64,0.07328041533546326
2000-12-10,0.0,222.34,7.95,-3.77,458.49,0.07328041533546326
2000-12-11,0.0,249.76,-0.09,-14.03,200.0,0.06717371405750798
2000-12-12,0.0,157.64,-8.67,-16.03,160.78,0.05801366214057508
2000-12-13,4.73,163.25,-6.0,-15.5,200.0,0.05801366214057508
2000-12-14,2.26,245.41,-3.3,-16.99,160.0,0.05496031150159744
2000-12-15,0.0,257.91,-1.04,-13.19,224.76,0.04885361022364217
2000-12-16,0.0,191.31,1.0,-7.13,360.0,0.04885361022364217
2000-12-17,0.0,257.3,-1.26,-13.15,228.03,0.04885361022364217
2000-12-18,0.0,261.67,0.81,-11.45,244.13,0.04885361022364217
2000-12-19,0.0,268.63,-0.11,-12.9,239.75,0.04885361022364217
2000-12-20,0.0,246.48,-0.45,-11.53,240.0,0.0427469089456869
2000-12-21,0.0,260.5,0.78,-11.23,261.49,0.0427469089456869
2000-12-22,0.0,264.16,-1.59,-13.66,200.08,0.03664020766773163
2000-12-23,0.0,265.6,0.73,-11.59,240.0,0.03664020766773163
2000-12-24,0.0,267.94,-0.91,-13.54,200.0,0.03664020766773163
2000-12-25,0.0,162.03,-6.21,-12.63,240.0,0.04824294009584664
2000-12-26,3.64,63.95,-6.49,-9.23,303.65,0.05373897124600639
2000-12-27,0.0,154.38,-3.14,-8.87,309.38,0.05434964137380192
2000-12-28,0.0,251.0,1.72,-8.71,320.0,0.05618165175718849
2000-12-29,0.0,269.06,3.14,-8.27,320.0,0.057402992012779555
2000-12-30,0.0,273.95,0.52,-10.97,276.05,0.04885361022364217
2000-12-31,0.0,271.5,1.83,-9.62,298.02,0.05801366214057508
2001-01-01,0.75,172.54,-3.38,-11.0,279.88,0.05923500239616612
2001-01-02,0.0,243.66,-3.17,-14.4,200.0,0.06106701277955272
2001-01-03,0.0,232.7,-1.3,-11.74,240.0,0.05618165175718849
2001-01-04,0.0,298.14,8.4,-9.48,239.03,0.05984567252396167
2001-01-05,0.0,282.69,11.02,-4.34,352.95,0.07328041533546326
2001-01-06,0.0,263.4,11.56,-1.77,441.78,0.0854938178913738
2001-01-07,0.0,246.76,10.93,-1.14,475.27,0.10381392172523961
2001-01-08,0.0,265.34,9.22,-4.5,370.54,0.10381392172523961
2001-01-09,0.0,267.08,8.5,-5.0,283.47,0.09160051916932907
2001-01-10,0.0,253.93,8.44,-3.78,322.84,0.0854938178913738
2001-01-11,0.0,207.54,9.07,0.0,469.42,0.09160051916932907
2001-01-12,0.0,276.12,10.66,-3.49,296.7,0.09160051916932907
2001-01-13,0.0,259.45,10.1,-2.29,342.28,0.09770722044728435
2001-01-14,0.0,227.81,7.94,-2.03,391.61,0.09160051916932907
2001-01-15,0.0,269.3,7.54,-5.34,281.23,0.07938711661341853
2001-01-16,0.0,242.53,5.59,-5.07,312.67,0.07328041533546326
2001-01-17,1.34,96.2,-0.91,-4.52,440.0,0.06717371405750798
2001-01-18,0.0,219.02,1.0,-8.0,282.64,0.05984567252396167
2001-01-19,0.0,266.1,3.06,-8.85,238.08,0.06106701277955272
2001-01-20,0.0,282.05,-0.31,-13.27,173.02,0.06106701277955272
2001-01-21,0.0,300.7,3.68,-11.01,180.59,0.06106701277955272
2001-01-22,0.0,308.7,8.24,-7.31,220.25,0.05618165175718849
2001-01-23,0.0,302.06,9.5,-5.01,256.32,0.06717371405750798
2001-01-24,0.0,260.02,8.62,-2.32,351.79,0.058624332268370605
2001-01-25,0.0,326.36,9.76,-7.5,195.02,0.057402992012779555
2001-01-26,2.83,313.57,8.03,-6.51,231.8,0.06106701277955272
2001-01-27,0.0,333.22,6.54,-6.75,239.21,0.06045634265175719
2001-01-28,22.26,158.96,0.94,-5.93,387.06,0.1893077396166134
2001-01-29,10.53,45.74,0.5,-0.91,567.19,0.6595237380191693
2001-01-30,1.1,156.4,4.02,-1.01,560.0,1.1602732428115015
2001-01-31,0.0,251.06,8.04,-0.49,585.77,0.5740299201277955
2001-02-01,0.0,345.86,7.74,-5.87,371.63,0.30533506389776355
2001-02-02,0.0,369.56,5.21,-10.18,249.51,0.15877423322683706
2001-02-03,0.0,369.82,7.41,-7.69,289.62,0.1282407268370607
2001-02-04,0.0,294.86,9.15,-1.0,520.53,0.10992062300319488
2001-02-05,0.0,377.18,12.15,-3.67,367.5,0.09770722044728435
2001-02-06,0.0,374.51,14.61,-0.99,434.77,0.09160051916932907
2001-02-07,0.0,353.71,13.6,0.06,489.44,0.0854938178913738
2001-02-08,0.0,383.5,16.16,-0.07,446.66,0.1282407268370607
2001-02-09,40.01,302.47,6.72,-8.94,288.33,1.2274469568690094
2001-02-10,0.0,298.75,-3.52,-12.63,237.62,0.9282185942492013
2001-02-11,0.0,347.24,0.78,-10.34,280.0,0.6228835303514377
2001-02-12,0.0,294.88,5.92,-2.96,483.27,1.8991840974440892
2001-02-13,1.0,158.54,6.4,2.05,715.98,3.242658378594249
2001-02-14,1.0,302.11,8.12,-0.75,580.07,2.2839062779552717
2001-02-15,0.0,338.43,2.83,-7.17,357.28,1.190806749201278
2001-02-16,0.0,228.92,-0.95,-7.06,360.0,0.3786154792332268
2001-02-17,0.0,341.64,-0.55,-10.43,280.0,0.18320103833865814
2001-02-18,0.0,388.64,3.0,-9.01,318.81,0.18320103833865814
2001-02-19,0.0,394.3,9.43,-3.02,464.0,0.17709433706070285
2001-02-20,0.0,425.69,13.68,-0.9,510.28,0.16488093450479233
2001-02-21,0.0,344.99,6.05,-3.6,467.34,0.15877423322683706
2001-02-22,0.0,324.1,0.83,-7.66,346.98,0.14045412939297125
2001-02-23,12.24,294.38,6.5,-4.81,431.48,1.8503304872204471
2001-02-24,38.04,281.23,10.99,0.53,640.0,19.480377076677318
2001-02-25,2.92,416.95,14.58,-2.0,520.0,18.869706948881788
2001-02-26,0.0,411.23,10.99,-0.92,566.61,1.422861397763578
2001-02-27,0.0,433.09,11.04,-2.14,524.81,0.6534170367412141
2001-02-28,2.61,270.83,-0.04,-7.77,339.84,0.4580025958466454
2001-03-01,2.57,225.74,-0.14,-6.28,377.29,0.3664020766773163
2001-03-02,0.0,321.34,5.07,-3.0,480.0,0.3358685702875399
2001-03-03,0.0,390.96,9.5,-1.0,560.0,0.3358685702875399
2001-03-04,0.0,454.34,11.48,-2.06,520.0,0.3175484664536741
2001-03-05,0.0,431.19,8.38,-3.43,480.0,0.26258815495207666
2001-03-06,0.0,409.57,8.79,-2.0,520.0,0.23205464856230032
2001-03-07,0.0,435.08,9.66,-2.07,520.0,0.21984124600638977
2001-03-08,0.0,474.32,11.51,-2.27,519.64,0.20152114217252395
2001-03-09,0.0,500.25,14.54,-1.39,532.17,0.1893077396166134
2001-03-10,0.0,496.52,16.48,0.82,613.61,0.1709876357827476
2001-03-11,0.0,414.16,14.78,4.06,815.16,0.17709433706070285
2001-03-12,5.63,357.99,13.5,-0.31,600.0,0.1893077396166134
2001-03-13,0.0,480.0,16.86,1.06,634.38,0.18320103833865814
2001-03-14,0.0,469.52,21.0,4.83,813.61,0.16488093450479233
2001-03-15,19.79,308.99,16.15,3.84,803.72,4.195303777955271
2001-03-16,13.2,276.6,8.68,-1.25,560.0,11.969134504792331
2001-03-17,0.0,427.4,10.5,-2.06,520.0,1.3617943849840255
2001-03-18,0.0,371.52,9.72,-0.51,599.25,0.5251763099041533
2001-03-19,2.53,209.8,8.01,2.0,720.0,0.3664020766773163
2001-03-20,0.0,449.34,12.53,-1.55,553.81,0.30533506389776355
2001-03-21,0.0,482.27,18.35,0.86,644.73,0.2809082587859425
2001-03-22,0.0,445.11,20.96,6.0,924.95,0.24426805111821087
2001-03-23,0.0,472.92,20.81,3.49,784.15,0.21984124600638977
2001-03-24,0.0,471.09,15.62,-0.88,572.89,0.1893077396166134
2001-03-25,0.0,335.59,6.96,-2.09,520.0,0.1709876357827476
2001-03-26,0.0,338.09,5.97,-3.04,480.0,0.15877423322683706
2001-03-27,0.0,319.06,7.1,-1.11,559.99,0.15266753194888177
2001-03-28,2.83,232.98,7.72,0.65,640.0,0.1709876357827476
2001-03-29,0.0,309.21,10.14,2.41,720.0,0.15877423322683706
2001-03-30,0.0,462.19,14.26,0.18,614.41,0.15877423322683706
2001-03-31,0.0,450.4,15.79,2.11,716.85,0.15266753194888177
2001-04-01,0.0,435.17,15.52,2.6,727.92,0.12213402555910544
2001-04-02,0.2,425.96,17.51,4.89,869.31,0.10992062300319488
2001-04-03,0.08,372.37,22.2,11.46,1357.09,0.1282407268370607
2001-04-04,0.0,405.6,23.17,11.05,1323.62,0.11602732428115016
2001-04-05,0.0,405.75,23.93,11.73,1378.46,0.11602732428115016
2001-04-06,0.0,321.12,25.65,16.52,1872.08,0.10992062300319488
2001-04-07,4.11,333.8,24.54,10.61,1288.66,0.12213402555910544
2001-04-08,0.0,460.94,25.95,11.1,1292.34,0.10381392172523961
2001-04-09,0.0,416.46,26.72,14.1,1607.31,0.09160051916932907
2001-04-10,0.01,370.43,25.15,14.68,1673.36,0.07938711661341853
2001-04-11,7.07,315.36,22.97,10.9,1311.92,0.07938711661341853
2001-04-12,0.0,512.87,20.16,3.5,772.82,0.07938711661341853
2001-04-13,0.0,508.37,20.49,4.22,812.66,0.06717371405750798
2001-04-14,0.0,508.79,23.82,6.91,963.58,0.05618165175718849
2001-04-15,17.2,350.57,22.12,8.0,1079.9,1.056459321086262
2001-04-16,0.0,417.02,17.04,5.8,920.0,1.0930995287539935
2001-04-17,0.0,454.54,12.64,0.23,618.3,0.30533506389776355
2001-04-18,0.0,503.43,15.48,0.1,608.15,0.1893077396166134
2001-04-19,0.0,505.15,20.3,4.23,818.7,0.1465608306709265
2001-04-20,0.0,436.88,25.33,12.29,1422.82,0.14045412939297125
2001-04-21,0.0,381.58,27.34,16.34,1852.0,0.1282407268370607
2001-04-22,0.0,351.89,24.74,15.28,1733.48,0.13434742811501596
2001-04-23,3.73,436.13,21.17,4.5,840.0,0.13434742811501596
2001-04-24,0.0,535.97,20.47,2.86,748.7,0.10992062300319488
2001-04-25,0.0,537.15,23.21,4.76,834.17,0.09770722044728435
2001-04-26,0.0,512.38,27.29,9.72,1162.46,0.09160051916932907
2001-04-27,0.0,503.41,29.41,11.73,1311.94,0.0854938178913738
2001-04-28,0.0,490.81,27.97,11.22,1291.84,0.0854938178913738
2001-04-29,0.0,454.15,26.33,11.93,1341.2,0.07938711661341853
2001-04-30,0.0,415.6,26.5,13.81,1528.47,0.07328041533546326
2001-05-01,0.0,425.05,27.23,14.1,1534.94,0.07938711661341853
2001-05-02,0.0,416.61,29.5,16.4,1768.46,0.07328041533546326
2001-05-03,0.0,374.15,26.46,15.37,1733.17,0.23205464856230032
2001-05-04,24.58,180.51,22.4,15.87,1797.28,0.1893077396166134
2001-05-05,7.67,269.27,23.74,13.72,1573.83,0.2137345447284345
2001-05-06,20.57,311.55,24.91,12.66,1452.57,3.981569233226837
2001-05-07,0.0,480.2,25.01,9.85,1219.22,0.7328041533546326
2001-05-08,0.0,489.69,23.96,8.5,1112.59,0.20762784345047922
2001-05-09,0.0,480.39,27.12,11.56,1353.19,0.1465608306709265
2001-05-10,0.0,435.85,29.38,15.48,1752.8,0.12213402555910544
2001-05-11,0.0,403.68,27.65,15.42,1704.79,0.10992062300319488
2001-05-12,0.65,468.83,26.52,11.31,1252.56,0.10381392172523961
2001-05-13,0.0,457.84,28.74,14.28,1522.07,0.09160051916932907
2001-05-14,0.0,432.5,30.0,16.51,1780.77,0.07938711661341853
2001-05-15,0.0,422.3,31.32,18.06,1963.64,0.07938711661341853
2001-05-16,0.0,431.71,32.02,18.21,1956.74,0.07328041533546326
2001-05-17,0.0,404.96,31.49,18.83,2081.59,1.23966035942492
2001-05-18,32.76,308.38,29.38,16.81,1902.79,5.392217228434504
2001-05-19,2.6,333.45,27.0,15.97,1798.76,0.7389108546325879
2001-05-20,2.1,316.8,26.5,16.09,1814.07,0.23816134984025558
2001-05-21,3.15,413.09,24.22,8.24,1097.06,0.1709876357827476
2001-05-22,0.0,504.91,21.51,5.91,907.5,0.1282407268370607
2001-05-23,0.0,545.57,26.0,7.0,956.11,0.11602732428115016
2001-05-24,0.0,528.86,23.95,6.55,942.45,0.09770722044728435
2001-05-25,0.0,475.82,20.41,6.5,949.39,0.09160051916932907
2001-05-26,0.0,525.92,24.26,7.47,908.71,0.07938711661341853
2001-05-27,0.0,529.28,28.48,10.76,1091.8,0.09160051916932907
2001-05-28,24.84,374.49,28.97,12.57,1410.67,0.2992283626198083
2001-05-29,0.0,407.29,26.78,14.96,1685.71,1.0869928274760383
2001-05-30,22.31,279.33,25.41,15.02,1721.38,2.1678789536741214
2001-05-31,0.0,404.92,24.72,13.33,1532.7,0.7389108546325879
2001-06-01,0.0,454.28,24.21,11.03,1304.67,0.2137345447284345
2001-06-02,6.15,354.13,26.55,12.85,1467.98,0.1465608306709265
2001-06-03,0.0,372.22,25.32,14.85,1694.0,0.1282407268370607
2001-06-04,0.0,418.0,29.01,16.33,1841.94,0.10381392172523961
2001-06-05,9.5,300.95,30.18,17.95,2058.85,0.12213402555910544
2001-06-06,15.68,278.45,29.03,18.16,2088.06,0.4457891932907348
2001-06-07,0.0,384.78,30.5,19.0,2200.0,0.24426805111821087
2001-06-08,22.41,294.68,29.14,17.64,2022.29,0.6656304392971246
2001-06-09,12.9,294.24,27.11,16.02,1802.73,1.3679010862619807
2001-06-10,0.0,444.0,32.43,18.33,2106.22,0.42136238817891375
2001-06-11,0.0,415.84,34.27,20.97,2475.9,0.15877423322683706
2001-06-12,0.0,402.82,34.14,21.47,2554.42,0.09770722044728435
2001-06-13,0.0,425.63,34.34,20.67,2426.63,0.07328041533546326
2001-06-14,0.0,465.96,30.93,16.19,1830.0,0.06106701277955272
2001-06-15,1.73,498.82,29.68,12.19,1380.6,0.05557098162939297
2001-06-16,0.0,495.03,33.35,16.35,1803.85,0.050685620607028754
2001-06-17,0.0,453.95,34.17,18.99,2177.28,0.04518958945686901
2001-06-18,0.0,415.66,33.66,20.24,2358.12,0.04335757907348242
2001-06-19,0.0,428.46,33.37,19.4,2263.55,0.040304228434504784
2001-06-20,10.26,320.53,30.84,17.68,2028.11,0.045800259584664535
2001-06-21,29.84,289.51,28.0,16.8,1904.23,0.06717371405750798
2001-06-22,0.0,474.31,28.17,13.5,1559.97,0.2503747523961661
2001-06-23,0.0,460.75,30.92,16.39,1863.02,0.1282407268370607
2001-06-24,0.0,467.59,32.93,17.54,2006.32,0.05923500239616612
2001-06-25,0.0,446.38,32.5,18.31,2105.19,0.04518958945686901
2001-06-26,0.0,427.95,31.96,18.79,2166.71,0.03908288817891374
2001-06-27,0.0,409.25,31.86,19.55,2283.87,0.03725087779552715
2001-06-28,0.45,366.8,30.87,19.92,2313.47,0.0360295375399361
2001-06-29,0.0,397.09,30.03,18.5,2120.0,0.03541886741214057
2001-06-30,0.0,400.48,30.82,19.01,2201.28,0.03664020766773163
2001-07-01,0.0,434.79,32.53,19.0,2200.0,0.0360295375399361
2001-07-02,0.0,435.7,33.24,19.5,2280.0,0.034197527156549515
2001-07-03,0.0,413.42,34.0,20.95,2471.69,0.03175484664536741
2001-07-04,0.0,451.39,36.96,21.28,2525.34,0.028090825878594246
2001-07-05,0.0,424.42,37.19,22.69,2749.92,0.02564814536741214
2001-07-06,0.0,405.65,36.1,22.65,2744.29,0.026258815495207664
2001-07-07,0.0,435.22,39.86,23.75,2940.99,0.023816134984025558
2001-07-08,0.0,419.85,39.15,23.95,2989.12,0.022594794728434505
2001-07-09,0.0,434.11,38.99,23.03,2804.67,0.020762784345047924
2001-07-10,0.0,438.28,39.29,22.96,2793.93,0.020152114217252392
2001-07-11,0.0,433.35,39.48,23.26,2842.33,0.018930773961661342
2001-07-12,0.0,412.25,38.85,23.81,2954.82,0.017709433706070286
2001-07-13,0.0,417.72,34.55,20.47,2395.13,0.017709433706070286
2001-07-14,0.0,369.43,30.09,18.84,2173.87,0.016488093450479233
2001-07-15,0.0,351.22,30.54,19.98,2318.67,0.020762784345047924
2001-07-16,6.1,324.3,33.48,20.5,2400.0,0.026258815495207664
2001-07-17,0.0,421.11,37.88,23.0,2800.0,0.018930773961661342
2001-07-18,0.0,413.97,40.37,24.91,3143.86,0.015877423322683704
2001-07-19,0.0,405.8,39.94,24.99,3159.09,0.014045412939297123
2001-07-20,0.0,428.21,38.84,23.14,2822.19,0.013434742811501598
2001-07-21,0.0,407.19,39.13,24.25,3039.4,0.012213402555910543
2001-07-22,0.0,403.6,40.81,25.5,3280.0,0.012213402555910543
2001-07-23,0.0,419.87,41.01,24.77,3120.81,0.010992062300319488
2001-07-24,0.0,401.63,40.48,25.28,3228.2,0.008549381789137379
2001-07-25,0.0,401.96,39.93,24.88,3145.96,0.006717371405750799
2001-07-26,7.25,330.9,36.98,21.77,2603.21,0.007938711661341852
2001-07-27,0.0,380.5,34.46,21.77,2603.45,0.007328041533546326
2001-07-28,1.18,376.38,36.39,22.03,2645.15,0.006717371405750799
2001-07-29,8.89,294.63,35.6,22.0,2639.24,0.010381392172523962
2001-07-30,0.0,398.61,37.97,23.4,2864.93,0.008549381789137379
2001-07-31,0.0,382.43,38.61,24.5,3079.97,0.007328041533546326
2001-08-01,0.0,380.14,38.43,24.49,3077.7,0.005984567252396166
2001-08-02,0.0,387.31,38.73,24.31,3049.98,0.005251763099041533
2001-08-03,0.0,401.09,38.48,23.5,2880.0,0.004885361022364218
2001-08-04,0.0,425.42,37.99,21.99,2603.64,0.004274690894568689
2001-08-05,0.0,423.07,38.52,22.5,2621.8,0.003969355830670926
2001-08-06,0.0,417.48,39.16,23.16,2735.47,0.0033586857028753995
2001-08-07,0.0,458.09,38.5,20.5,2276.69,0.0034197527156549523
2001-08-08,0.0,423.43,37.11,21.32,2449.96,0.003236551677316294
2001-08-09,0.0,393.45,38.0,23.31,2806.71,0.003236551677316294
2001-08-10,1.42,378.38,37.1,21.75,2564.38,0.004641092971246006
2001-08-11,0.0,344.53,29.98,18.99,2197.84,0.003969355830670926
2001-08-12,0.0,377.98,31.63,19.11,2210.67,0.0040914898562300316
2001-08-13,0.0,442.35,35.5,19.04,2128.08,0.004030422843450479
2001-08-14,0.0,421.61,35.5,19.92,2266.81,0.003847221805111821
2001-08-15,0.0,385.58,34.96,21.08,2477.63,0.003786154792332268
2001-08-16,0.0,447.86,33.92,17.25,1904.15,0.0036029537539936096
2001-08-17,0.0,410.01,33.95,19.27,2114.22,0.0035418867412140573
2001-08-18,0.0,429.3,34.22,18.5,1974.02,0.0035418867412140573
2001-08-19,0.0,467.45,34.9,16.83,1722.93,0.0035418867412140573
2001-08-20,0.0,453.62,36.84,18.89,1958.71,0.003480819728434504
2001-08-21,0.0,452.11,39.91,20.88,2200.57,0.003053350638977636
2001-08-22,0.0,353.91,38.28,24.61,2969.88,0.002992283626198083
2001-08-23,0.0,379.92,37.67,23.01,2652.7,0.0032976186900958468
2001-08-24,15.11,310.98,36.19,19.92,2301.43,0.018320103833865814
2001-08-25,2.52,349.35,34.27,20.0,2309.06,0.018930773961661342
2001-08-26,0.0,358.66,33.15,20.18,2345.2,0.012213402555910543
2001-08-27,0.0,414.51,32.5,17.16,1837.44,0.008549381789137379
2001-08-28,0.0,456.14,35.51,16.93,1742.4,0.006717371405750799
2001-08-29,0.0,426.85,35.21,18.47,1860.64,0.00586243322683706
2001-08-30,0.0,367.18,33.61,20.0,2171.91,0.006717371405750799
2001-08-31,15.99,284.49,32.55,18.3,2094.0,0.04824294009584664
2001-09-01,0.0,394.15,31.37,16.76,1801.05,0.01282407268370607
2001-09-02,0.0,397.33,31.97,17.0,1818.63,0.010992062300319488
2001-09-03,0.0,389.7,33.32,18.4,1997.2,0.009770722044728435
2001-09-04,0.0,377.99,33.88,19.39,2101.4,0.007938711661341852
2001-09-05,0.0,356.52,33.13,19.85,2129.01,0.0048242940095846645
2001-09-06,4.46,266.05,30.67,19.93,2294.54,0.006717371405750799
2001-09-07,20.09,261.3,30.93,19.2,2176.32,0.014045412939297123
2001-09-08,3.53,377.35,29.7,13.94,1420.09,0.012213402555910543
2001-09-09,0.0,412.46,26.17,11.39,1192.27,0.006106701277955272
2001-09-10,0.0,453.91,27.12,9.5,1003.65,0.005679232188498402
2001-09-11,0.0,461.95,29.3,10.33,1038.72,0.005740299201277955
2001-09-12,0.0,439.15,30.69,12.87,1251.18,0.005373897124600639
2001-09-13,0.0,437.66,32.15,13.89,1331.0,0.004518958945686901
2001-09-14,0.0,407.28,31.49,15.09,1482.72,0.004213623881789137
2001-09-15,0.0,307.86,28.78,17.43,1933.07,0.005679232188498402
2001-09-16,7.13,141.77,24.74,18.25,2098.9,0.006106701277955272
2001-09-17,3.73,169.93,25.96,19.02,2203.45,0.006717371405750799
2001-09-18,49.28,209.83,26.71,16.96,1926.47,3.688447571884984
2001-09-19,0.0,349.11,24.82,12.51,1441.04,2.0335315255591055
2001-09-20,0.0,348.95,27.0,14.55,1595.92,0.28701496006389776
2001-09-21,12.17,233.3,27.99,16.95,1916.05,0.1282407268370607
2001-09-22,0.0,351.14,29.0,16.0,1769.77,0.05251763099041533
2001-09-23,0.0,355.0,28.93,15.7,1732.4,0.037861547923322685
2001-09-24,0.0,291.52,20.72,11.23,1338.04,0.034197527156549515
2001-09-25,0.0,400.86,20.08,5.5,898.44,0.03053350638977636
2001-09-26,0.0,411.19,22.34,6.69,950.87,0.028090825878594246
2001-09-27,0.0,409.69,25.49,9.3,1136.06,0.026869485623003196
2001-09-28,0.0,407.68,27.17,10.6,1232.65,0.024426805111821086
2001-09-29,0.0,404.53,26.48,9.99,1190.45,0.023816134984025558
2001-09-30,0.0,414.22,25.79,8.39,1066.66,0.020762784345047924
2001-10-01,0.0,425.33,26.0,7.16,971.4,0.018930773961661342
2001-10-02,0.0,420.34,27.54,8.45,1063.85,0.020152114217252392
2001-10-03,0.0,387.41,29.0,12.04,1363.56,0.01282407268370607
2001-10-04,0.0,384.92,29.5,12.31,1380.41,0.014045412939297123
2001-10-05,20.15,315.72,27.97,7.15,1011.71,1.825903682108626
2001-10-06,0.0,360.32,16.72,2.5,720.0,0.8732582827476038
2001-10-07,0.0,361.88,19.24,4.38,830.71,0.12213402555910544
2001-10-08,0.0,341.65,22.95,8.76,1141.1,0.045800259584664535
2001-10-09,0.0,302.1,25.01,12.63,1450.08,0.037861547923322685
2001-10-10,12.38,203.15,23.11,12.52,1449.24,0.04518958945686901
2001-10-11,0.0,315.93,20.5,8.02,1081.24,0.020762784345047924
2001-10-12,0.0,327.15,21.86,8.58,1126.52,0.020152114217252392
2001-10-13,0.0,347.58,22.0,7.34,1027.29,0.020152114217252392
2001-10-14,0.0,338.39,21.55,7.48,1038.49,0.018930773961661342
2001-10-15,0.0,302.27,18.38,6.55,967.18,0.01954144408945687
2001-10-16,0.0,371.42,15.45,-1.0,560.0,0.018320103833865814
2001-10-17,0.0,374.54,19.82,1.89,702.38,0.018320103833865814
2001-10-18,0.0,335.82,21.52,6.14,933.55,0.018320103833865814
2001-10-19,0.0,363.99,22.02,3.77,800.0,0.018320103833865814
2001-10-20,0.0,355.64,23.04,5.0,880.0,0.01954144408945687
2001-10-21,0.0,290.13,25.58,11.79,1383.35,0.01954144408945687
2001-10-22,0.0,249.63,26.11,14.49,1653.33,0.01954144408945687
2001-10-23,0.0,317.92,26.48,10.19,1255.06,0.017098763578274757
2001-10-24,0.0,323.82,25.74,8.69,1135.21,0.02137345447284345
2001-10-25,0.0,330.83,18.86,2.0,720.0,0.018930773961661342
2001-10-26,0.0,338.66,17.5,-0.21,600.0,0.018320103833865814
2001-10-27,0.0,350.54,18.61,-0.92,566.6,0.018930773961661342
2001-10-28,0.0,313.13,21.03,4.55,845.37,0.020152114217252392
2001-10-29,0.0,268.7,24.19,10.45,1276.17,0.020762784345047924
2001-10-30,0.0,283.97,24.93,9.9,1231.97,0.021984124600638977
2001-10-31,0.0,251.11,24.08,11.38,1350.44,0.023816134984025558
2001-11-01,0.0,224.12,23.98,12.93,1485.9,0.026258815495207664
2001-11-02,0.0,263.84,24.87,11.21,1337.15,0.022594794728434505
2001-11-03,10.12,199.53,22.88,11.62,1369.93,0.037861547923322685
2001-11-04,0.0,238.56,22.5,10.84,1307.19,0.03480819728434505
2001-11-05,0.0,285.04,23.0,7.88,1070.23,0.03725087779552715
2001-11-06,0.0,279.83,24.0,8.93,1154.7,0.03908288817891374
2001-11-07,0.0,261.18,24.97,11.0,1320.37,0.03480819728434505
2001-11-08,0.0,289.92,24.22,7.66,1053.04,0.03725087779552715
2001-11-09,0.0,279.81,13.29,-1.3,559.81,0.04152556869009585
2001-11-10,0.0,293.33,16.49,0.08,606.11,0.04091489856230032
2001-11-11,0.0,309.93,21.57,2.0,720.0,0.0427469089456869
2001-11-12,0.0,242.02,20.76,7.6,1048.17,0.04152556869009585
2001-11-13,0.0,113.28,18.09,12.53,1442.16,0.0360295375399361
2001-11-14,0.0,118.83,19.36,13.5,1560.0,0.0427469089456869
2001-11-15,0.0,250.23,21.4,7.57,1045.75,0.037861547923322685
2001-11-16,0.0,271.65,21.95,5.99,920.0,0.03541886741214057
2001-11-17,0.0,236.87,20.44,7.51,1040.98,0.03847221805111821
2001-11-18,8.73,115.35,18.56,11.0,1320.0,0.06106701277955272
2001-11-19,0.0,241.8,16.35,3.68,796.94,0.045800259584664535
2001-11-20,0.0,285.76,11.0,-5.5,400.0,0.03541886741214057
2001-11-21,0.0,283.46,13.58,-3.3,479.89,0.032976186900958465
2001-11-22,0.0,256.18,15.67,1.23,660.57,0.03725087779552715
2001-11-23,0.0,229.57,17.18,4.75,860.0,0.04152556869009585
2001-11-24,6.16,153.41,17.28,6.61,968.69,0.04885361022364217
2001-11-25,0.0,255.57,14.57,0.25,622.98,0.03725087779552715
2001-11-26,0.0,277.7,17.16,0.03,602.07,0.03480819728434505
2001-11-27,0.0,276.26,10.79,-5.56,405.08,0.029312166134185302
2001-11-28,0.0,146.51,-0.39,-7.03,360.02,0.028090825878594246
2001-11-29,0.0,176.69,-0.5,-8.61,316.7,0.026869485623003196
2001-11-30,0.0,236.95,5.69,-6.51,370.42,0.028090825878594246
2001-12-01,0.0,260.74,11.45,-3.5,480.0,0.03053350638977636
2001-12-02,0.0,282.6,16.07,-2.91,488.1,0.03053350638977636
2001-12-03,0.0,284.64,20.5,-0.41,600.0,0.028090825878594246
2001-12-04,0.0,162.43,20.24,11.39,1350.99,0.02748015575079872
2001-12-05,1.64,130.05,21.39,14.43,1642.28,0.03114417651757188
2001-12-06,0.0,283.81,21.09,-0.5,600.0,0.02748015575079872
2001-12-07,0.0,272.2,17.96,-1.01,561.77,0.03114417651757188
2001-12-08,0.0,264.24,15.1,-2.19,520.0,0.029922836261980834
2001-12-09,0.0,260.13,10.97,-5.6,400.27,0.034197527156549515
2001-12-10,0.0,264.69,12.98,-4.43,440.0,0.03175484664536741
2001-12-11,0.0,244.08,13.88,-1.15,559.36,0.028090825878594246
2001-12-12,1.35,180.77,10.95,1.34,668.26,0.029922836261980834
2001-12-13,1.14,120.38,7.41,1.35,668.17,0.029312166134185302
2001-12-14,0.0,121.85,5.08,-0.96,573.72,0.028701496006389778
2001-12-15,0.0,180.74,9.79,0.24,618.7,0.028090825878594246
2001-12-16,0.0,137.5,10.31,3.46,796.55,0.029312166134185302
2001-12-17,0.0,236.9,9.72,-3.91,447.3,0.029312166134185302
2001-12-18,0.0,266.01,14.83,-3.35,465.89,0.028701496006389778
2001-12-19,0.0,278.07,17.75,-3.84,444.51,0.028090825878594246
2001-12-20,0.0,231.1,9.52,-4.11,445.59,0.028090825878594246
2001-12-21,0.0,250.72,14.0,-2.15,499.04,0.029312166134185302
2001-12-22,0.0,240.79,14.21,-0.78,559.7,0.03114417651757188
2001-12-23,0.0,213.12,7.4,-4.5,439.92,0.029922836261980834
2001-12-24,0.0,232.71,4.5,-9.0,319.92,0.03053350638977636
2001-12-25,0.0,262.64,5.49,-11.53,240.0,0.028701496006389778
2001-12-26,0.0,268.04,6.36,-11.5,240.0,0.028701496006389778
2001-12-27,0.0,258.04,7.4,-9.03,308.51,0.03236551677316293
2001-12-28,0.0,260.45,10.0,-7.21,346.87,0.03175484664536741
2001-12-29,0.0,276.95,9.16,-11.17,261.21,0.029312166134185302
2001-12-30,0.0,191.15,-1.0,-11.46,244.52,0.029312166134185302
2001-12-31,0.0,212.18,-0.75,-12.63,240.0,0.028701496006389778
2002-01-01,0.0,243.75,2.5,-10.79,278.01,0.032976186900958465
2002-01-02,0.0,261.23,0.11,-14.43,200.0,0.029312166134185302
2002-01-03,0.0,247.01,-2.02,-15.3,200.0,0.02564814536741214
2002-01-04,0.0,264.97,4.0,-10.88,280.0,0.029312166134185302
2002-01-05,0.0,235.97,7.59,-5.09,432.84,0.03236551677316293
2002-01-06,0.0,261.34,9.8,-4.88,438.21,0.034197527156549515
2002-01-07,0.0,308.29,7.62,-12.02,240.0,0.029312166134185302
2002-01-08,0.0,298.16,9.04,-9.04,316.64,0.03358685702875399
2002-01-09,0.0,313.61,21.0,-0.98,562.27,0.034197527156549515
2002-01-10,0.0,271.3,16.74,-1.01,561.2,0.03358685702875399
2002-01-11,0.0,283.17,12.26,-6.29,376.82,0.03236551677316293
2002-01-12,0.0,259.95,13.0,-3.7,464.18,0.03175484664536741
2002-01-13,0.0,206.0,12.25,0.42,633.3,0.03175484664536741
2002-01-14,0.0,241.69,13.86,-0.84,572.88,0.03114417651757188
2002-01-15,0.0,269.01,10.02,-7.01,360.0,0.03053350638977636
2002-01-16,0.0,230.81,9.88,-3.4,480.0,0.03053350638977636
2002-01-17,0.0,173.39,4.95,-4.11,440.67,0.03053350638977636
2002-01-18,0.0,237.04,3.29,-9.94,280.0,0.03053350638977636
2002-01-19,0.23,198.84,2.33,-7.77,338.38,0.032976186900958465
2002-01-20,0.0,236.02,7.03,-5.56,404.46,0.03358685702875399
2002-01-21,0.0,312.78,13.46,-7.42,360.0,0.032976186900958465
2002-01-22,0.0,311.56,16.88,-4.5,440.0,0.034197527156549515
2002-01-23,0.0,299.08,18.62,-1.24,559.19,0.032976186900958465
2002-01-24,0.0,229.73,7.62,-4.49,440.0,0.03236551677316293
2002-01-25,0.0,315.34,12.49,-8.3,320.0,0.03114417651757188
2002-01-26,0.0,313.77,17.03,-3.51,400.18,0.03114417651757188
2002-01-27,0.0,310.85,19.88,-0.17,476.25,0.03175484664536741
2002-01-28,0.0,332.57,18.8,-4.28,310.2,0.03175484664536741
2002-01-29,0.0,158.99,2.75,-4.69,435.5,0.03175484664536741
2002-01-30,16.05,54.45,-1.59,-4.58,438.06,0.04824294009584664
2002-01-31,28.84,75.9,-1.78,-5.8,397.19,0.05557098162939297
2002-02-01,0.0,218.42,0.02,-9.2,303.7,0.04641092971246006
2002-02-02,0.0,249.16,3.03,-7.68,345.54,0.050685620607028754
2002-02-03,0.0,234.05,5.63,-4.19,440.0,0.04885361022364217
2002-02-04,0.0,277.96,6.61,-5.54,401.43,0.040304228434504784
2002-02-05,0.02,197.25,4.52,-3.29,478.73,0.04518958945686901
2002-02-06,6.81,61.04,1.0,-1.67,546.36,0.05129629073482428
2002-02-07,0.0,181.54,3.94,-2.62,504.24,0.04824294009584664
2002-02-08,0.0,275.17,8.5,-1.96,527.62,0.050685620607028754
2002-02-09,0.0,340.67,13.87,-0.67,578.14,0.05129629073482428
2002-02-10,0.03,267.5,5.95,-3.59,469.74,0.04885361022364217
2002-02-11,0.0,358.19,7.34,-7.24,360.0,0.04335757907348242
2002-02-12,0.0,371.56,10.98,-4.97,415.55,0.04335757907348242
2002-02-13,0.0,370.02,10.35,-5.13,411.15,0.03908288817891374
2002-02-14,0.0,374.05,12.0,-3.62,449.34,0.03725087779552715
2002-02-15,0.0,343.32,12.64,-0.6,571.05,0.03541886741214057
2002-02-16,0.0,373.39,13.49,-1.93,503.07,0.034197527156549515
2002-02-17,0.0,405.19,17.78,-1.31,479.05,0.03358685702875399
2002-02-18,0.0,371.97,18.25,2.62,659.98,0.032976186900958465
2002-02-19,8.82,236.47,17.62,5.4,902.38,0.07938711661341853
2002-02-20,0.0,382.23,16.64,-0.74,538.93,0.0427469089456869
2002-02-21,0.0,363.9,14.33,-1.05,555.74,0.04152556869009585
2002-02-22,0.0,391.94,13.85,-3.78,439.88,0.04091489856230032
2002-02-23,0.0,384.08,15.9,-0.94,532.71,0.039693558306709266
2002-02-24,0.0,392.27,18.9,1.28,603.99,0.03664020766773163
2002-02-25,0.0,435.26,19.33,-5.26,360.41,0.03236551677316293
2002-02-26,0.0,333.73,-0.8,-12.36,240.0,0.029312166134185302
2002-02-27,0.0,359.31,-2.02,-14.49,200.0,0.026869485623003196
2002-02-28,0.0,411.64,5.26,-11.5,240.0,0.029922836261980834
2002-03-01,0.0,400.52,10.15,-6.09,368.0,0.034197527156549515
2002-03-02,3.7,354.9,4.92,-13.64,205.81,0.034197527156549515
2002-03-03,0.0,389.65,-5.57,-18.0,160.0,0.026869485623003196
2002-03-04,0.0,384.22,-3.99,-16.11,165.76,0.03053350638977636
2002-03-05,0.0,489.8,12.91,-7.36,280.0,0.040304228434504784
2002-03-06,0.0,475.02,18.48,-0.61,423.09,0.03847221805111821
2002-03-07,0.0,462.34,19.37,-1.69,393.06,0.03847221805111821
2002-03-08,0.0,448.88,22.2,-0.58,420.26,0.045800259584664535
2002-03-09,8.92,400.18,21.34,-7.58,275.43,0.06106701277955272
2002-03-10,0.0,394.8,8.67,-5.35,389.24,0.04213623881789137
2002-03-11,0.0,411.77,14.09,-0.96,490.13,0.03664020766773163
2002-03-12,0.0,488.54,17.39,-3.25,368.03,0.03236551677316293
2002-03-13,0.0,483.56,20.42,-0.0,449.33,0.03236551677316293
2002-03-14,0.0,400.43,23.53,5.72,703.3,0.03358685702875399
2002-03-15,0.0,436.05,18.38,-1.69,421.68,0.03114417651757188
2002-03-16,0.0,321.44,9.21,-3.0,479.25,0.029312166134185302
2002-03-17,0.0,307.28,10.51,-0.98,552.77,0.03114417651757188
2002-03-18,0.0,341.45,16.21,3.01,667.75,0.032976186900958465
2002-03-19,0.61,200.32,12.78,5.76,919.06,0.034197527156549515
2002-03-20,0.0,328.71,11.36,-0.52,558.16,0.03236551677316293
2002-03-21,0.0,465.17,14.16,-6.24,300.98,0.03236551677316293
2002-03-22,0.0,368.38,2.5,-10.82,280.0,0.03053350638977636
2002-03-23,0.0,394.1,6.76,-7.84,320.0,0.029312166134185302
2002-03-24,0.0,457.59,17.83,-1.41,407.17,0.03236551677316293
2002-03-25,0.0,468.36,18.03,-1.92,362.0,0.03053350638977636
2002-03-26,0.0,311.22,2.77,-7.66,347.56,0.03053350638977636
2002-03-27,0.0,448.93,13.71,-3.61,353.19,0.032976186900958465
2002-03-28,0.0,468.29,22.16,2.77,462.57,0.034197527156549515
2002-03-29,0.0,433.36,23.97,6.92,635.84,0.034197527156549515
2002-03-30,0.0,391.32,20.36,6.04,668.29,0.03480819728434505
2002-03-31,0.0,461.31,19.79,1.52,439.98,0.03541886741214057
2002-04-01,0.0,447.02,20.89,3.66,510.82,0.03725087779552715
2002-04-02,0.0,508.34,28.45,5.32,466.67,0.03725087779552715
2002-04-03,0.0,412.71,10.69,-4.15,355.15,0.03358685702875399
2002-04-04,0.0,350.81,9.15,-2.57,438.82,0.034197527156549515
2002-04-05,0.0,401.76,13.94,0.0,457.91,0.034197527156549515
2002-04-06,0.0,376.98,18.49,5.7,669.85,0.034197527156549515
2002-04-07,8.32,150.51,13.76,7.63,1050.14,0.044578919329073485
2002-04-08,4.29,149.59,12.83,7.05,1004.08,0.04824294009584664
2002-04-09,2.58,308.01,14.52,3.87,742.78,0.0494642803514377
2002-04-10,0.0,468.28,21.72,5.54,622.76,0.047632269968051116
2002-04-11,0.0,398.6,24.5,11.7,1020.94,0.04885361022364217
2002-04-12,14.84,318.78,24.06,10.17,1047.2,0.05618165175718849
2002-04-13,0.0,401.83,21.49,9.13,954.58,0.10381392172523961
2002-04-14,0.0,352.76,20.99,10.72,1131.51,0.15877423322683706
2002-04-15,0.0,449.23,29.31,14.33,1182.68,0.07328041533546326
2002-04-16,0.0,357.98,28.5,17.4,1639.51,0.051906960862619804
2002-04-17,0.0,384.4,29.41,17.3,1563.17,0.04091489856230032
2002-04-18,3.82,279.22,30.53,19.48,2063.28,0.03664020766773163
2002-04-19,0.0,411.99,27.84,14.8,1318.38,0.032976186900958465
2002-04-20,0.0,311.43,17.73,9.23,1106.55,0.07328041533546326
2002-04-21,22.11,193.98,13.63,6.96,996.47,0.07328041533546326
2002-04-22,0.0,490.51,19.95,4.65,712.6,0.05984567252396167
2002-04-23,8.52,325.96,23.35,10.38,1215.39,0.07938711661341853
2002-04-24,0.0,294.95,21.15,13.39,1532.9,0.0494642803514377
2002-04-25,0.0,530.25,19.71,2.5,615.21,0.0360295375399361
2002-04-26,7.56,323.15,16.77,4.98,878.38,0.04335757907348242
2002-04-27,13.34,171.31,12.76,7.4,1032.08,0.10381392172523961
2002-04-28,7.81,437.74,26.5,6.54,892.72,0.09770722044728435
2002-04-29,0.0,482.54,21.16,7.25,945.08,0.14045412939297125
2002-04-30,0.0,475.79,24.86,10.98,1186.86,0.0854938178913738
2002-05-01,0.0,384.75,24.03,13.97,1512.05,0.05496031150159744
2002-05-02,0.0,511.13,20.28,6.06,726.88,0.04213623881789137
2002-05-03,0.0,513.35,18.43,4.37,659.02,0.037861547923322685
2002-05-04,0.0,505.59,20.88,6.96,770.14,0.03358685702875399
2002-05-05,0.0,516.77,26.0,10.88,944.26,0.03664020766773163
2002-05-06,4.23,380.64,28.0,16.44,1587.48,0.0360295375399361
2002-05-07,0.0,431.33,30.17,18.15,1659.73,3.041137236421725
2002-05-08,42.67,324.97,27.59,15.5,1585.34,9.770722044728434
2002-05-09,10.83,425.15,29.66,8.11,987.06,0.8793649840255591
2002-05-10,0.0,433.65,19.48,8.09,1048.99,0.23205464856230032
2002-05-11,8.87,301.93,21.93,11.45,1356.25,0.14045412939297125
2002-05-12,31.41,393.14,26.64,9.83,1201.26,2.949536717252396
2002-05-13,0.0,334.01,14.22,6.34,947.49,2.5159609265175717
2002-05-14,0.0,530.67,23.44,7.0,953.31,0.3786154792332268
2002-05-15,0.0,457.37,24.66,11.82,1372.68,0.1954144408945687
2002-05-16,0.0,395.12,25.0,14.44,1634.93,0.14045412939297125
2002-05-17,6.08,370.57,23.1,8.77,1141.81,0.1282407268370607
2002-05-18,0.0,504.19,19.89,5.47,905.92,0.0854938178913738
2002-05-19,0.0,441.59,20.53,8.77,1140.2,0.07328041533546326
2002-05-20,1.56,387.7,21.02,11.02,1321.58,0.06717371405750798
2002-05-21,0.0,413.77,22.5,11.39,1351.14,0.05007495047923322
2002-05-22,0.0,420.19,24.5,13.06,1487.06,0.043968249201277954
2002-05-23,0.0,295.26,23.5,16.07,1811.76,0.04518958945686901
2002-05-24,18.75,316.49,22.5,11.28,1342.13,0.10381392172523961
2002-05-25,13.95,322.32,17.5,6.64,971.28,0.07938711661341853
2002-05-26,0.0,494.29,22.05,8.11,1086.59,0.06045634265175719
2002-05-27,5.1,337.99,26.21,13.34,1534.4,0.07328041533546326
2002-05-28,0.07,377.42,25.84,15.9,1794.24,0.05801366214057508
2002-05-29,0.0,451.82,26.49,13.85,1586.99,0.04702159984025559
2002-05-30,0.0,469.36,30.0,15.95,1788.52,0.039693558306709266
2002-05-31,0.0,456.0,31.9,17.95,2059.1,0.03725087779552715
2002-06-01,0.0,442.77,32.11,18.72,2146.58,0.03053350638977636
2002-06-02,0.0,433.37,33.23,20.0,2316.26,0.024426805111821086
2002-06-03,0.0,431.08,33.8,20.55,2403.35,0.01954144408945687
2002-06-04,0.0,432.76,31.53,18.79,2166.13,0.2686948562300319
2002-06-05,35.38,285.67,24.37,14.59,1659.02,0.46410929712460064
2002-06-06,5.27,321.26,22.6,11.5,1360.0,0.10992062300319488
2002-06-07,0.0,488.38,28.75,14.11,1608.76,0.05801366214057508
2002-06-08,0.0,414.21,30.43,18.89,2182.07,0.03175484664536741
2002-06-09,0.0,359.78,31.31,21.5,2560.0,0.024426805111821086
2002-06-10,0.0,341.7,31.95,22.6,2735.41,0.020762784345047924
2002-06-11,0.0,382.09,33.17,22.43,2709.37,0.017709433706070286
2002-06-12,57.0,346.55,33.09,19.01,2202.31,8.854716853035143
2002-06-13,14.81,316.18,29.37,17.92,2067.74,7.083773482428114
2002-06-14,2.81,417.52,27.25,13.92,1593.66,0.9037917891373802
2002-06-15,0.0,479.33,27.6,14.08,1606.79,1.0442459185303514
2002-06-16,36.07,373.9,28.32,13.68,1574.09,10.992062300319487
2002-06-17,0.0,485.1,28.43,14.48,1638.97,3.657914065495208
2002-06-18,0.0,409.28,29.23,18.2,2095.58,0.38472218051118207
2002-06-19,0.0,402.11,30.1,19.16,2225.12,0.18320103833865814
2002-06-20,0.0,416.35,31.7,19.91,2312.98,0.11602732428115016
2002-06-21,0.0,384.73,32.2,21.47,2555.59,0.07938711661341853
2002-06-22,0.0,399.99,32.28,20.92,2467.19,0.06106701277955272
2002-06-23,0.0,440.56,32.44,19.41,2266.15,0.0494642803514377
2002-06-24,0.0,458.98,32.5,18.57,2131.12,0.04213623881789137
2002-06-25,0.0,438.19,32.48,19.5,2280.0,0.03847221805111821
2002-06-26,0.0,443.75,32.78,19.48,2276.23,0.03480819728434505
2002-06-27,0.0,455.78,34.07,19.77,2301.36,0.03175484664536741
2002-06-28,0.0,440.78,34.57,20.78,2445.25,0.028701496006389778
2002-06-29,0.0,406.33,33.5,21.44,2550.34,0.026258815495207664
2002-06-30,0.0,399.65,32.49,20.95,2472.06,0.02503747523961661
2002-07-01,0.0,371.52,30.01,19.94,2315.47,0.023816134984025558
2002-07-02,3.76,160.07,25.27,20.24,2358.25,0.02503747523961661
2002-07-03,0.0,298.79,27.97,20.53,2405.31,0.026869485623003196
2002-07-04,0.0,394.03,30.34,19.83,2305.9,0.02748015575079872
2002-07-05,0.0,427.52,32.03,19.93,2314.72,0.029312166134185302
2002-07-06,0.0,427.06,33.0,20.67,2427.2,0.02748015575079872
2002-07-07,0.0,426.37,34.0,21.5,2560.0,0.02320546485623003
2002-07-08,0.0,440.74,34.91,21.5,2560.0,0.021984124600638977
2002-07-09,0.0,436.58,36.2,22.49,2718.02,0.020762784345047924
2002-07-10,0.0,440.29,37.1,22.81,2770.23,0.017098763578274757
2002-07-11,9.02,364.04,36.5,19.84,2306.89,0.028090825878594246
2002-07-12,0.09,402.65,30.43,19.15,2224.57,0.023816134984025558
2002-07-13,0.0,403.54,28.9,17.93,2068.45,0.020762784345047924
2002-07-14,0.0,415.47,29.98,18.43,2114.53,0.017709433706070286
2002-07-15,0.0,445.53,31.55,18.5,2120.0,0.017709433706070286
2002-07-16,0.0,443.43,32.72,19.51,2280.85,0.017709433706070286
2002-07-17,0.0,430.33,33.23,20.47,2395.53,0.015877423322683704
2002-07-18,0.0,430.19,34.69,21.5,2560.0,0.015877423322683704
2002-07-19,0.0,438.06,36.68,22.45,2712.01,0.013434742811501598
2002-07-20,0.0,421.3,37.16,23.49,2879.98,0.012213402555910543
2002-07-21,5.14,385.34,37.49,23.02,2802.67,0.010381392172523962
2002-07-22,5.14,368.64,36.76,22.73,2756.12,0.010992062300319488
2002-07-23,27.26,313.02,32.46,20.0,2320.0,1.1419531389776358
2002-07-24,0.0,399.36,32.04,20.41,2385.84,0.6350969329073483
2002-07-25,0.0,459.19,35.97,20.64,2421.88,0.10381392172523961
2002-07-26,0.0,452.79,38.38,22.42,2707.94,0.04335757907348242
2002-07-27,0.0,422.88,38.5,24.0,3000.0,0.026869485623003196
2002-07-28,0.0,437.49,36.67,22.05,2647.71,0.022594794728434505
2002-07-29,30.53,319.03,32.35,19.39,2262.37,0.3664020766773163
2002-07-30,0.0,389.13,31.36,20.0,2320.0,0.49464280351437695
2002-07-31,0.0,395.46,33.62,21.5,2560.0,0.09770722044728435
2002-08-01,0.0,409.75,35.57,22.17,2666.56,0.045800259584664535
2002-08-02,0.0,418.78,35.37,21.45,2552.49,0.029922836261980834
2002-08-03,0.0,398.44,35.68,22.47,2715.66,0.02320546485623003
2002-08-04,0.0,394.32,36.49,23.19,2831.08,0.018930773961661342
2002-08-05,0.0,407.78,35.97,22.17,2667.48,0.015877423322683704
2002-08-06,0.0,433.84,35.84,20.77,2443.7,0.014045412939297123
2002-08-07,0.0,404.46,35.22,21.64,2582.49,0.01282407268370607
2002-08-08,0.0,413.36,34.57,20.73,2437.55,0.011602732428115015
2002-08-09,0.0,400.83,33.9,20.77,2442.92,0.012213402555910543
2002-08-10,0.0,355.06,32.43,21.46,2554.16,0.012213402555910543
2002-08-11,0.0,393.41,33.23,20.58,2412.36,0.01282407268370607
2002-08-12,19.44,329.02,33.47,18.63,2143.51,0.03053350638977636
2002-08-13,35.88,340.81,30.48,15.43,1754.04,0.3419752715654952
2002-08-14,16.74,301.38,24.99,13.38,1541.5,2.338866589456869
2002-08-15,0.0,412.27,29.85,16.85,1909.42,0.2564814536741214
2002-08-16,0.0,324.02,31.16,21.25,2520.25,0.09160051916932907
2002-08-17,0.0,306.57,30.05,20.94,2470.2,0.050685620607028754
2002-08-18,0.0,355.46,31.07,20.18,2354.1,0.03847221805111821
2002-08-19,0.0,406.59,35.29,21.37,2538.41,0.03114417651757188
2002-08-20,0.0,346.64,34.36,23.16,2824.98,0.02564814536741214
2002-08-21,5.75,285.37,34.0,23.0,2800.0,0.03480819728434505
2002-08-22,0.0,353.17,35.1,23.5,2880.0,0.024426805111821086
2002-08-23,0.0,400.9,36.0,22.05,2648.19,0.017709433706070286
2002-08-24,24.32,313.96,34.52,20.11,2342.98,0.09160051916932907
2002-08-25,15.17,261.78,30.0,19.51,2280.93,0.21984124600638977
2002-08-26,0.0,399.69,31.38,18.68,2148.27,0.11602732428115016
2002-08-27,0.0,400.15,30.96,18.29,2103.35,0.045800259584664535
2002-08-28,0.0,405.41,31.5,18.44,2114.95,0.028701496006389778
2002-08-29,0.0,380.0,31.51,19.45,2271.76,0.021984124600638977
2002-08-30,0.0,379.6,30.98,19.0,2200.0,0.018930773961661342
2002-08-31,0.0,378.49,30.97,19.0,2200.0,0.015877423322683704
2002-09-01,0.0,402.2,33.0,19.5,2280.0,0.014045412939297123
2002-09-02,0.0,408.2,35.31,20.73,2437.49,0.011602732428115015
2002-09-03,0.0,432.82,36.6,20.01,2322.78,0.010992062300319488
2002-09-04,0.0,420.35,35.94,20.16,2345.77,0.009770722044728435
2002-09-05,0.0,401.39,35.31,20.73,2436.69,0.008549381789137379
2002-09-06,0.0,391.05,35.0,20.94,2471.17,0.007938711661341852
2002-09-07,0.0,402.6,35.0,20.24,2358.61,0.007938711661341852
2002-09-08,0.0,384.26,33.41,19.93,2316.64,0.007328041533546326
2002-09-09,0.0,344.07,30.25,19.09,2213.8,0.006106701277955272
2002-09-10,0.0,348.31,30.68,19.25,2239.35,0.006106701277955272
2002-09-11,0.0,375.13,30.63,18.0,2080.0,0.005740299201277955
2002-09-12,0.0,345.37,28.89,17.88,2061.03,0.005190696086261981
2002-09-13,2.06,308.4,29.46,18.06,2082.35,0.006717371405750799
2002-09-14,9.15,255.05,27.68,16.99,1919.13,0.005190696086261981
2002-09-15,5.42,280.22,24.0,12.32,1425.95,0.007938711661341852
2002-09-16,0.0,452.42,26.46,9.64,1211.34,0.01282407268370607
2002-09-17,0.0,394.84,27.92,14.15,1612.32,0.018930773961661342
2002-09-18,0.0,375.41,32.21,18.43,2114.51,0.02564814536741214
2002-09-19,26.78,331.01,33.74,14.64,1669.45,1.441181501597444
2002-09-20,0.68,311.73,19.92,10.29,1263.15,1.5511021246006391
2002-09-21,0.0,433.62,28.47,11.14,1331.37,0.16488093450479233
2002-09-22,0.0,426.23,28.8,11.74,1379.15,0.034197527156549515
2002-09-23,0.0,426.03,24.82,8.37,1109.81,0.024426805111821086
2002-09-24,0.0,411.7,25.96,10.0,1240.0,0.026869485623003196
2002-09-25,0.0,401.82,27.19,11.35,1348.08,0.024426805111821086
2002-09-26,0.0,402.42,27.87,11.61,1368.62,0.021984124600638977
2002-09-27,0.0,404.63,27.63,11.0,1319.78,0.02137345447284345
2002-09-28,0.0,337.12,23.74,11.48,1358.48,0.018930773961661342
2002-09-29,0.0,375.47,33.67,17.0,1920.0,0.015877423322683704
2002-09-30,0.0,323.06,32.41,19.0,2199.61,0.013434742811501598
2002-10-01,0.0,289.46,31.47,19.84,2306.41,0.011602732428115015
2002-10-02,0.0,282.84,29.87,18.81,2172.87,0.1954144408945687
2002-10-03,96.47,264.73,27.11,12.91,1487.2,17.40409864217252
2002-10-04,38.81,256.13,24.63,11.38,1350.08,32.5487178115016
2002-10-05,0.0,340.16,21.44,8.61,1128.76,10.014990095846645
2002-10-06,0.0,327.86,22.54,10.13,1250.75,0.5801366214057507
2002-10-07,0.0,372.36,20.83,5.95,920.0,0.28701496006389776
2002-10-08,0.0,305.61,18.52,7.45,1035.76,0.20152114217252395
2002-10-09,0.0,226.15,18.34,10.51,1280.45,0.16488093450479233
2002-10-10,0.0,347.5,21.47,7.62,1049.92,0.14045412939297125
2002-10-11,0.0,271.52,20.22,10.28,1262.04,0.12213402555910544
2002-10-12,0.0,201.25,18.78,11.73,1378.72,0.10992062300319488
2002-10-13,0.0,362.33,17.1,2.38,723.23,0.10381392172523961
2002-10-14,0.0,365.68,16.49,1.28,662.79,0.10381392172523961
2002-10-15,0.0,362.25,17.97,2.5,720.0,0.09770722044728435
2002-10-16,0.0,332.86,16.3,2.93,754.54,0.0854938178913738
2002-10-17,0.84,293.75,10.95,-0.0,606.79,0.07938711661341853
2002-10-18,0.0,321.29,18.46,5.36,908.85,0.07328041533546326
2002-10-19,5.9,232.49,21.2,8.5,1120.25,0.07938711661341853
2002-10-20,0.0,320.76,14.4,1.46,677.12,0.11602732428115016
2002-10-21,0.0,340.17,17.63,2.97,758.56,0.0854938178913738
2002-10-22,0.0,281.9,16.5,5.49,919.1,0.07328041533546326
2002-10-23,10.7,198.43,14.03,4.05,811.77,0.10381392172523961
2002-10-24,18.63,72.91,4.89,1.9,706.66,0.4824294009584665
2002-10-25,12.22,62.81,4.42,1.98,714.04,2.228945966453674
2002-10-26,0.0,190.6,8.59,2.34,720.0,0.9343252955271565
2002-10-27,13.88,133.39,9.89,4.14,811.76,0.9831789057507987
2002-10-28,7.06,91.52,9.25,5.48,918.7,5.245656397763578
2002-10-29,7.49,72.79,9.51,6.7,976.23,2.4060403035143767
2002-10-30,1.69,139.03,8.8,4.67,853.22,1.1847000479233227
2002-10-31,0.0,140.07,5.53,1.47,677.5,0.3786154792332268
2002-11-01,0.0,117.59,3.88,0.61,634.6,0.23205464856230032
2002-11-02,2.09,87.36,3.55,0.85,641.59,0.1954144408945687
2002-11-03,4.47,146.83,6.62,1.06,645.95,0.24426805111821087
2002-11-04,0.0,320.44,10.92,-0.5,600.0,0.24426805111821087
2002-11-05,0.39,298.82,10.54,0.48,638.23,0.18320103833865814
2002-11-06,0.0,343.01,13.26,-1.05,560.89,0.15266753194888177
2002-11-07,0.0,353.48,19.49,0.45,636.17,0.13434742811501596
2002-11-08,0.0,332.34,21.44,5.46,903.06,0.12213402555910544
2002-11-09,0.0,309.78,22.53,8.74,1139.02,0.11602732428115016
2002-11-10,0.0,311.89,23.33,8.63,1130.58,0.10992062300319488
2002-11-11,0.0,326.51,16.52,0.94,640.0,0.10381392172523961
2002-11-12,0.0,305.33,13.5,0.6,640.0,0.10381392172523961
2002-11-13,0.0,322.75,16.99,1.07,645.68,0.0854938178913738
2002-11-14,0.0,301.14,17.5,4.0,804.06,0.0854938178913738
2002-11-15,1.49,262.74,10.97,1.06,644.9,0.0854938178913738
2002-11-16,0.0,283.81,9.96,-1.45,559.75,0.0854938178913738
2002-11-17,0.0,316.94,15.7,-0.5,600.0,0.09160051916932907
2002-11-18,0.0,309.62,17.66,1.78,702.35,0.09160051916932907
2002-11-19,0.0,316.1,16.96,-0.53,597.44,0.0854938178913738
2002-11-20,0.0,309.28,18.01,1.11,649.21,0.07938711661341853
2002-11-21,0.0,301.95,18.54,2.18,719.02,0.07938711661341853
2002-11-22,0.0,315.26,17.82,-2.15,520.0,0.07938711661341853
2002-11-23,0.0,285.87,14.21,-0.51,593.91,0.07938711661341853
2002-11-24,0.0,262.9,14.68,1.72,697.95,0.07938711661341853
2002-11-25,0.0,274.64,7.6,-6.26,379.54,0.07328041533546326
2002-11-26,0.0,180.17,2.15,-5.39,412.01,0.07328041533546326
2002-11-27,0.0,201.66,3.82,-5.02,428.36,0.07328041533546326
2002-11-28,0.0,224.32,6.28,-4.26,440.0,0.07328041533546326
2002-11-29,0.0,262.61,13.31,-1.24,560.0,0.07328041533546326
2002-11-30,0.0,250.68,13.25,-0.56,590.68,0.07328041533546326
2002-12-01,0.0,250.99,9.73,-4.26,440.0,0.07328041533546326
2002-12-02,0.0,262.87,13.56,-2.55,515.88,0.07328041533546326
2002-12-03,0.0,276.81,16.17,-3.05,480.63,0.07328041533546326
2002-12-04,14.96,75.73,-0.03,-4.94,440.0,0.0854938178913738
2002-12-05,5.51,148.04,-0.87,-9.86,280.0,0.0854938178913738
2002-12-06,0.0,239.17,0.0,-11.44,244.9,0.07938711661341853
2002-12-07,0.0,225.83,1.52,-8.92,320.0,0.0854938178913738
2002-12-08,0.0,150.21,4.06,-2.43,520.0,0.09160051916932907
2002-12-09,0.0,217.78,6.93,-3.07,487.14,0.10381392172523961
2002-12-10,0.0,170.89,5.36,-2.27,519.98,0.11602732428115016
2002-12-11,0.0,92.3,5.33,1.32,669.26,0.12213402555910544
2002-12-12,0.0,70.1,6.67,3.69,800.0,0.11602732428115016
2002-12-13,4.71,118.94,7.56,0.28,621.15,0.1282407268370607
2002-12-14,0.0,237.06,11.46,-1.09,560.0,0.1282407268370607
2002-12-15,0.0,256.93,14.95,-0.32,600.0,0.1282407268370607
2002-12-16,0.0,254.11,16.67,1.4,671.9,0.10381392172523961
2002-12-17,0.0,251.97,17.0,1.84,706.97,0.09770722044728435
2002-12-18,0.0,246.66,16.43,1.98,705.26,0.09160051916932907
2002-12-19,0.0,233.99,11.93,-0.59,591.01,0.0854938178913738
2002-12-20,0.0,246.39,10.56,-2.92,486.23,0.07938711661341853
2002-12-21,0.0,248.73,10.03,-3.57,473.57,0.07328041533546326
2002-12-22,0.0,269.95,9.16,-7.0,360.0,0.07328041533546326
2002-12-23,0.0,236.93,6.5,-5.5,400.0,0.07328041533546326
2002-12-24,7.53,133.49,0.79,-6.0,400.0,0.07938711661341853
2002-12-25,0.0,268.5,-0.04,-11.76,240.0,0.06717371405750798
2002-12-26,0.0,265.81,0.98,-10.65,279.98,0.06717371405750798
2002-12-27,2.93,199.48,0.88,-10.07,280.0,0.07938711661341853
2002-12-28,0.0,272.11,3.94,-8.37,320.0,0.07328041533546326
2002-12-29,0.0,257.26,8.29,-3.0,480.0,0.09160051916932907
2002-12-30,0.0,258.0,12.76,1.16,659.35,0.13434742811501596
2002-12-31,0.0,285.69,10.98,-2.67,506.71,0.1893077396166134
2003-01-01,0.0,223.95,9.44,-2.52,518.38,0.14045412939297125
2003-01-02,0.0,153.46,4.45,-2.84,492.48,0.10381392172523961
2003-01-03,0.0,243.64,6.4,-6.86,360.0,0.0854938178913738
2003-01-04,0.0,270.05,12.86,-3.83,453.4,0.07938711661341853
2003-01-05,0.0,275.78,15.5,-2.41,520.0,0.07328041533546326
2003-01-06,0.0,247.41,10.14,-3.5,480.0,0.07328041533546326
2003-01-07,0.0,124.56,1.14,-4.5,440.0,0.07328041533546326
2003-01-08,0.0,293.13,16.61,-3.5,350.55,0.07328041533546326
2003-01-09,0.0,287.57,18.9,-0.09,444.0,0.07328041533546326
2003-01-10,0.0,267.92,8.31,-6.57,310.23,0.06717371405750798
2003-01-11,0.0,223.54,2.36,-8.5,316.48,0.06106701277955272
2003-01-12,0.0,216.34,3.5,-6.85,357.53,0.06106701277955272
2003-01-13,0.0,235.34,8.22,-3.43,398.97,0.06106701277955272
2003-01-14,0.0,254.61,8.96,-4.13,352.16,0.06717371405750798
2003-01-15,0.0,193.11,2.22,-6.5,359.99,0.06106701277955272
2003-01-16,2.88,185.61,0.61,-9.0,310.23,0.06106701277955272
2003-01-17,0.0,208.63,-2.32,-10.55,279.99,0.05434964137380192
2003-01-18,0.0,251.47,0.97,-9.41,277.53,0.06717371405750798
2003-01-19,0.0,218.65,4.74,-4.0,420.1,0.06717371405750798
2003-01-20,0.0,353.02,16.77,-3.69,266.9,0.06717371405750798
2003-01-21,0.0,366.88,17.4,-6.36,211.95,0.06717371405750798
2003-01-22,0.0,255.14,1.19,-9.0,279.63,0.05984567252396167
2003-01-23,0.0,293.34,-4.05,-16.28,160.0,0.047632269968051116
2003-01-24,0.0,225.13,-6.96,-15.4,199.24,0.05312830111821086
2003-01-25,0.0,287.78,0.65,-11.06,234.51,0.05618165175718849
2003-01-26,0.0,357.74,7.84,-10.02,197.38,0.05618165175718849
2003-01-27,0.0,211.91,-1.94,-9.67,280.0,0.05251763099041533
2003-01-28,0.0,351.71,10.5,-6.06,243.5,0.06106701277955272
2003-01-29,0.0,299.79,12.81,-1.39,377.89,0.06717371405750798
2003-01-30,0.0,258.82,5.11,-5.77,331.76,0.06045634265175719
2003-01-31,0.0,298.37,10.32,-3.59,335.45,0.06717371405750798
2003-02-01,0.0,324.89,15.13,-1.67,334.09,0.06717371405750798
2003-02-02,0.0,330.43,20.86,3.11,416.53,0.06717371405750798
2003-02-03,0.0,354.88,23.0,1.09,324.79,0.06717371405750798
2003-02-04,0.0,295.45,3.61,-9.5,238.76,0.06106701277955272
2003-02-05,0.0,290.36,4.86,-7.8,277.04,0.05984567252396167
2003-02-06,0.05,235.0,6.03,-3.5,401.2,0.05984567252396167
2003-02-07,4.45,305.3,-0.08,-14.74,169.23,0.05434964137380192
2003-02-08,0.0,342.17,-0.57,-13.89,183.4,0.050685620607028754
2003-02-09,0.0,339.08,5.5,-7.51,268.1,0.06717371405750798
2003-02-10,7.25,219.24,3.51,-6.55,357.81,0.06717371405750798
2003-02-11,0.0,397.72,11.31,-5.56,278.87,0.06717371405750798
2003-02-12,0.0,394.86,13.07,-3.51,309.83,0.06717371405750798
2003-02-13,0.0,389.42,13.51,-2.47,333.94,0.0854938178913738
2003-02-14,17.7,225.37,14.47,3.36,688.2,0.3541886741214057
2003-02-15,0.0,403.63,20.89,0.11,447.9,0.40914898562300317
2003-02-16,0.0,251.86,2.69,-6.29,378.57,0.17709433706070285
2003-02-17,0.0,323.05,5.27,-7.09,349.8,0.11602732428115016
2003-02-18,0.0,356.84,9.97,-4.65,375.72,0.10992062300319488
2003-02-19,12.86,156.42,9.28,1.96,717.09,0.5251763099041533
2003-02-20,0.0,376.19,12.78,-3.0,437.69,0.5129629073482428
2003-02-21,0.0,332.06,12.39,-0.43,557.26,0.22594794728434506
2003-02-22,0.0,316.68,10.5,-1.34,534.45,0.15266753194888177
2003-02-23,0.0,270.89,3.22,-6.15,383.86,0.14045412939297125
2003-02-24,13.99,280.6,-4.34,-16.68,160.0,0.09770722044728435
2003-02-25,0.0,231.22,-10.3,-16.83,160.0,0.11602732428115016
2003-02-26,2.38,230.69,-7.2,-14.45,200.0,0.11602732428115016
2003-02-27,4.59,196.86,-2.52,-9.6,286.64,0.12213402555910544
2003-02-28,0.0,170.36,-0.15,-4.57,440.0,0.12213402555910544
2003-03-01,0.0,177.19,1.52,-3.01,480.0,0.15877423322683706
2003-03-02,0.0,271.39,4.0,-3.09,480.0,0.4518958945686901
2003-03-03,0.0,336.3,4.92,-4.0,440.22,0.8793649840255591
2003-03-04,0.0,447.37,10.74,-3.0,440.79,1.4350748003194889
2003-03-05,0.0,523.02,11.81,-9.65,242.54,0.7389108546325879
2003-03-06,0.0,195.45,-5.34,-9.78,280.0,0.2137345447284345
2003-03-07,0.0,492.38,9.57,-6.31,330.97,0.18320103833865814
2003-03-08,0.0,482.25,15.46,-0.13,490.25,0.15877423322683706
2003-03-09,0.0,540.17,15.3,-7.92,261.61,0.1465608306709265
2003-03-10,0.0,406.67,3.41,-7.41,342.59,0.1282407268370607
2003-03-11,0.0,450.56,7.0,-5.68,344.3,0.11602732428115016
2003-03-12,5.88,298.49,9.91,-0.68,569.66,0.12213402555910544
2003-03-13,0.0,526.5,21.34,2.02,479.51,0.11602732428115016
2003-03-14,0.0,511.5,18.45,1.4,423.11,0.10992062300319488
2003-03-15,0.0,496.94,22.88,4.09,490.79,0.10992062300319488
2003-03-16,0.0,435.06,25.55,10.28,802.99,0.10381392172523961
2003-03-17,2.84,368.73,24.13,12.07,1027.7,0.12213402555910544
2003-03-18,24.91,261.48,22.3,11.65,1231.05,3.712874376996805
2003-03-19,44.11,138.45,13.2,8.42,1113.75,17.52623266773163
2003-03-20,16.61,220.78,11.43,4.44,835.12,16.304892412140575
2003-03-21,0.0,366.03,10.49,0.5,640.0,2.4243604073482428
2003-03-22,0.0,424.13,16.56,3.74,799.78,0.7083773482428114
2003-03-23,0.0,478.29,21.84,4.5,809.54,0.4580025958466454
2003-03-24,0.0,438.38,23.02,8.6,1090.26,0.3541886741214057
2003-03-25,0.31,458.05,22.15,6.54,935.43,0.293121661341853
2003-03-26,0.0,471.3,19.06,3.0,736.59,0.24426805111821087
2003-03-27,0.0,401.63,19.64,7.5,1038.24,0.21984124600638977
2003-03-28,0.0,439.07,16.74,2.94,753.74,0.1893077396166134
2003-03-29,0.0,431.91,9.86,-3.04,482.32,0.16488093450479233
2003-03-30,0.0,441.26,9.0,-4.5,440.0,0.1465608306709265
2003-03-31,0.0,449.93,15.02,0.41,630.91,0.13434742811501596
2003-04-01,0.0,475.6,25.5,7.57,967.76,0.1282407268370607
2003-04-02,0.0,409.54,27.1,12.9,1431.65,0.12213402555910544
2003-04-03,0.0,324.76,25.93,15.6,1766.88,0.11602732428115016
2003-04-04,0.0,483.17,22.88,5.41,839.55,0.10992062300319488
2003-04-05,0.0,429.34,14.04,0.57,639.64,0.09770722044728435
2003-04-06,2.17,357.11,12.64,1.78,702.08,0.10381392172523961
2003-04-07,0.0,488.9,15.31,-1.31,543.21,0.10381392172523961
2003-04-08,0.0,419.49,11.02,-1.15,559.49,0.09160051916932907
2003-04-09,0.0,493.28,10.88,-5.2,423.12,0.0854938178913738
2003-04-10,0.0,520.41,17.04,-1.76,507.84,0.0854938178913738
2003-04-11,0.0,533.13,23.84,2.42,646.76,0.0854938178913738
2003-04-12,0.0,519.08,26.79,6.42,846.35,0.07938711661341853
2003-04-13,0.0,509.12,27.81,8.16,953.83,0.07938711661341853
2003-04-14,0.0,437.49,29.01,13.95,1474.7,0.07938711661341853
2003-04-15,0.0,382.71,28.18,15.81,1741.32,0.07938711661341853
2003-04-16,11.05,267.68,20.81,10.3,1263.63,0.12213402555910544
2003-04-17,1.08,451.21,19.24,5.0,856.46,0.10381392172523961
2003-04-18,0.0,393.81,18.18,6.39,950.88,0.09770722044728435
2003-04-19,30.88,365.7,27.49,9.48,1193.91,0.5923500239616614
2003-04-20,14.81,321.75,19.32,5.7,919.91,2.7846557827476035
2003-04-21,0.0,458.65,20.09,5.0,880.0,1.038139217252396
2003-04-22,0.0,471.84,21.92,6.0,920.0,0.23816134984025558
2003-04-23,0.0,398.72,21.64,9.24,1179.22,1.148059840255591
2003-04-24,44.69,198.44,17.2,9.82,1225.76,14.350748003194887
2003-04-25,1.85,261.59,17.6,9.44,1195.27,7.328041533546326
2003-04-26,0.0,441.75,19.5,6.0,920.0,0.6778438418530351
2003-04-27,0.0,391.24,22.63,10.94,1315.44,0.3664020766773163
2003-04-28,0.0,416.4,25.68,12.66,1452.66,0.2809082587859425
2003-04-29,0.0,444.28,26.96,12.5,1440.0,0.23816134984025558
2003-04-30,0.0,417.15,27.99,14.66,1666.39,0.20152114217252395
2003-05-01,19.01,355.27,27.16,11.37,1349.71,3.0716707428115013
2003-05-02,0.0,350.74,18.68,9.0,1160.0,2.680841861022364
2003-05-03,0.0,417.7,21.81,9.5,1200.0,0.38472218051118207
2003-05-04,0.0,413.24,24.82,12.46,1437.09,0.24426805111821087
2003-05-05,0.0,524.42,28.57,9.5,1200.0,0.20152114217252395
2003-05-06,0.0,458.81,26.09,11.42,1353.26,0.1465608306709265
2003-05-07,0.0,471.31,23.29,8.5,1120.0,0.1282407268370607
2003-05-08,0.58,398.55,25.17,13.22,1515.77,0.12213402555910544
2003-05-09,0.0,537.06,30.17,9.63,1205.45,0.10992062300319488
2003-05-10,0.0,370.11,26.23,15.32,1743.31,0.09770722044728435
2003-05-11,0.0,517.03,24.08,7.0,1000.0,0.09160051916932907
2003-05-12,0.0,514.5,23.68,7.0,1000.0,0.07938711661341853
2003-05-13,0.0,419.64,23.97,11.96,1396.48,0.0854938178913738
2003-05-14,18.86,270.89,24.18,14.48,1640.93,0.09770722044728435
2003-05-15,0.0,343.09,24.74,15.45,1755.9,0.14045412939297125
2003-05-16,35.96,209.27,20.77,13.67,1569.71,2.326653186900958
2003-05-17,19.28,223.91,20.04,12.6,1448.2,4.922001230031949
2003-05-18,0.0,423.72,24.37,12.69,1455.44,0.7144840495207668
2003-05-19,3.0,358.41,25.02,13.5,1560.0,0.2503747523961661
2003-05-20,4.67,325.17,20.77,9.41,1192.99,0.1954144408945687
2003-05-21,0.0,421.36,20.3,9.49,1199.03,0.15266753194888177
2003-05-22,0.0,475.27,22.5,9.5,1200.0,0.12213402555910544
2003-05-23,14.85,322.18,24.26,12.85,1468.38,0.1465608306709265
2003-05-24,22.33,305.73,25.36,14.5,1643.37,1.1663799440894569
2003-05-25,21.3,370.1,25.24,11.53,1362.57,5.2334429952076675
2003-05-26,0.0,459.85,22.51,10.0,1240.0,0.5679232188498402
2003-05-27,0.0,493.21,24.5,10.15,1251.7,0.23205464856230032
2003-05-28,0.0,503.93,27.66,12.06,1404.9,0.15266753194888177
2003-05-29,0.0,512.49,31.07,14.03,1602.64,0.12213402555910544
2003-05-30,0.0,484.29,33.12,17.11,1938.4,0.10381392172523961
2003-05-31,0.0,511.67,33.02,15.33,1746.36,0.09160051916932907
2003-06-01,0.0,389.37,22.82,12.5,1440.0,0.0854938178913738
2003-06-02,26.3,319.01,26.81,14.76,1683.73,0.42136238817891375
2003-06-03,0.0,416.45,25.24,13.76,1580.97,0.40914898562300317
2003-06-04,0.0,372.69,21.4,11.97,1397.97,0.1709876357827476
2003-06-05,0.0,373.17,22.51,13.09,1494.91,0.7266974520766774
2003-06-06,40.66,295.04,24.01,13.93,1594.16,13.06834073482428
2003-06-07,0.27,428.99,23.66,12.34,1427.38,4.042636246006389
2003-06-08,0.62,445.56,21.21,9.49,1199.06,0.48853610223642174
2003-06-09,0.0,524.45,27.76,11.54,1363.17,0.30533506389776355
2003-06-10,0.0,370.43,28.72,19.02,2202.97,0.2137345447284345
2003-06-11,0.0,474.04,30.24,16.47,1875.42,0.18320103833865814
2003-06-12,0.0,483.93,30.99,16.48,1872.69,0.15266753194888177
2003-06-13,0.0,487.65,28.97,14.64,1662.12,0.1282407268370607
2003-06-14,0.0,457.97,29.32,16.18,1829.83,0.11602732428115016
2003-06-15,0.0,478.69,30.45,15.9,1791.94,0.10381392172523961
2003-06-16,0.0,466.2,30.52,16.4,1864.66,0.09160051916932907
2003-06-17,0.0,468.11,30.94,16.56,1884.8,0.0854938178913738
2003-06-18,0.0,498.62,31.01,14.87,1698.91,0.07938711661341853
2003-06-19,0.0,447.3,30.31,16.81,1906.66,0.0854938178913738
2003-06-20,5.87,348.89,30.5,19.22,2234.81,0.07938711661341853
2003-06-21,1.3,383.55,30.5,19.46,2274.07,0.07328041533546326
2003-06-22,1.84,394.13,32.0,19.87,2309.97,0.06717371405750798
2003-06-23,0.0,347.26,33.8,23.38,2860.81,0.06106701277955272
2003-06-24,0.0,339.5,34.82,24.54,3086.5,0.05801366214057508
2003-06-25,0.0,336.67,33.38,23.5,2880.0,0.05618165175718849
2003-06-26,0.97,499.9,30.24,12.89,1471.22,0.05129629073482428
2003-06-27,0.0,500.0,29.5,13.73,1578.34,0.04885361022364217
2003-06-28,0.0,484.91,30.83,15.59,1767.57,0.04824294009584664
2003-06-29,4.28,379.15,30.52,17.18,1948.75,0.04702159984025559
2003-06-30,0.0,423.86,28.91,16.97,1918.1,0.05129629073482428
2003-07-01,0.0,445.02,30.7,17.5,2000.0,0.05007495047923322
2003-07-02,0.0,442.06,33.2,19.51,2279.73,0.04885361022364217
2003-07-03,0.0,455.86,36.83,21.31,2529.4,0.044578919329073485
2003-07-04,0.0,448.84,36.82,21.51,2561.05,0.04091489856230032
2003-07-05,0.0,428.26,35.53,21.48,2556.94,0.03725087779552715
2003-07-06,0.0,393.39,34.29,21.94,2630.36,0.03541886741214057
2003-07-07,0.0,371.07,33.82,22.37,2699.2,0.03358685702875399
2003-07-08,0.0,341.13,33.84,23.44,2871.02,0.03236551677316293
2003-07-09,0.0,406.42,35.36,22.29,2686.95,0.03114417651757188
2003-07-10,9.32,343.92,35.72,20.0,2320.0,0.029922836261980834
2003-07-11,0.0,452.7,36.72,20.93,2468.83,0.028701496006389778
2003-07-12,0.0,459.91,38.14,21.43,2548.35,0.026258815495207664
2003-07-13,0.0,395.15,34.97,22.23,2676.99,0.02503747523961661
2003-07-14,0.0,428.51,37.91,22.85,2775.99,0.024426805111821086
2003-07-15,0.0,458.78,40.85,23.0,2800.0,0.022594794728434505
2003-07-16,0.0,416.27,37.35,22.94,2790.22,0.020762784345047924
2003-07-17,0.0,427.96,37.67,22.59,2733.78,0.020152114217252392
2003-07-18,0.0,445.18,39.37,22.79,2766.89,0.018930773961661342
2003-07-19,0.0,444.71,39.71,22.95,2791.76,0.017098763578274757
2003-07-20,0.0,418.8,37.94,23.0,2800.0,0.017098763578274757
2003-07-21,0.0,440.66,38.25,22.01,2640.56,0.015877423322683704
2003-07-22,5.35,384.17,37.52,18.32,2101.08,0.01526675319488818
2003-07-23,0.0,435.87,30.52,16.26,1841.23,0.014656083067092651
2003-07-24,0.0,422.68,31.59,17.59,2011.93,0.01282407268370607
2003-07-25,0.0,428.28,35.75,20.36,2374.21,0.01282407268370607
2003-07-26,0.0,398.34,38.13,23.49,2876.72,0.01282407268370607
2003-07-27,0.0,417.92,39.19,23.25,2836.53,0.012213402555910543
2003-07-28,0.0,421.64,38.51,22.59,2731.68,0.010992062300319488
2003-07-29,16.9,300.78,35.66,21.47,2555.33,0.010992062300319488
2003-07-30,0.0,376.03,33.66,20.94,2470.92,0.018320103833865814
2003-07-31,0.0,423.08,36.11,20.7,2430.52,0.01526675319488818
2003-08-01,0.0,429.33,37.54,21.32,2528.42,0.010992062300319488
2003-08-02,28.31,322.1,35.04,19.48,2277.38,0.06717371405750798
2003-08-03,1.54,340.0,32.77,20.49,2398.12,0.09770722044728435
2003-08-04,0.0,304.39,31.82,22.0,2640.0,0.0494642803514377
2003-08-05,0.26,305.58,32.11,22.02,2643.71,0.032976186900958465
2003-08-06,0.0,425.72,36.91,21.0,2480.0,0.02137345447284345
2003-08-07,0.0,376.42,34.98,21.74,2597.78,0.014656083067092651
2003-08-08,0.0,361.87,33.31,21.0,2480.0,0.012213402555910543
2003-08-09,0.0,370.3,34.88,21.94,2630.85,0.010992062300319488
2003-08-10,0.0,385.78,35.28,21.59,2574.44,0.009770722044728435
2003-08-11,11.09,348.27,33.02,18.33,2106.03,0.01282407268370607
2003-08-12,0.0,416.25,31.65,17.41,1984.95,0.02320546485623003
2003-08-13,0.0,411.88,31.53,17.47,1995.85,0.011602732428115015
2003-08-14,0.0,390.03,31.0,18.08,2085.56,0.008549381789137379
2003-08-15,0.0,382.82,32.0,19.17,2226.81,0.007938711661341852
2003-08-16,0.0,413.23,35.48,20.47,2384.07,0.007938711661341852
2003-08-17,0.0,429.24,38.07,21.44,2512.66,0.007328041533546326
2003-08-18,0.0,401.23,38.91,23.38,2843.9,0.006717371405750799
2003-08-19,0.0,391.98,39.0,23.88,2950.71,0.006106701277955272
2003-08-20,0.0,388.85,39.02,23.97,2970.04,0.0058013662140575075
2003-08-21,0.0,400.44,39.82,24.0,2962.86,0.005373897124600639
2003-08-22,0.0,410.92,39.17,23.02,2720.93,0.005129629073482428
2003-08-23,0.0,413.19,39.16,23.0,2603.7,0.005434964137380192
2003-08-24,0.0,433.4,39.0,22.0,2286.06,0.005007495047923322
2003-08-25,0.0,422.61,38.39,22.0,2321.68,0.004641092971246006
2003-08-26,0.0,404.24,37.61,22.3,2417.91,0.004213623881789137
2003-08-27,0.0,389.53,36.33,21.97,2416.09,0.005251763099041533
2003-08-28,8.38,271.98,33.16,21.59,2538.75,0.004763226996805111
2003-08-29,27.76,310.14,36.98,20.75,2415.16,0.015877423322683704
2003-08-30,65.66,158.52,25.98,19.52,2269.1,5.673125487220447
2003-08-31,29.07,118.4,22.66,18.16,2088.31,11.969134504792331
2003-09-01,0.0,198.0,22.22,16.67,1890.17,0.6961639456869009
2003-09-02,0.0,307.34,24.86,15.81,1788.58,0.18320103833865814
2003-09-03,0.0,372.01,27.7,15.89,1790.91,0.0854938178913738
2003-09-04,0.0,383.21,28.43,15.91,1792.41,0.05618165175718849
2003-09-05,0.0,416.56,28.03,14.0,1600.0,0.044578919329073485
2003-09-06,0.0,420.06,28.88,14.38,1630.52,0.03908288817891374
2003-09-07,0.0,426.68,28.51,13.56,1562.88,0.03541886741214057
2003-09-08,0.0,411.68,27.92,13.76,1581.13,0.03480819728434505
2003-09-09,0.0,373.51,29.78,17.02,1931.68,0.032976186900958465
2003-09-10,0.0,346.42,31.47,19.58,2282.4,0.03236551677316293
2003-09-11,11.97,284.57,31.8,18.3,2105.23,0.09160051916932907
2003-09-12,15.81,248.08,22.83,12.73,1458.17,0.05129629073482428
2003-09-13,14.31,231.93,22.5,13.38,1540.18,0.4030422843450479
2003-09-14,7.0,218.64,20.26,12.0,1400.0,0.360295375399361
2003-09-15,0.0,415.3,25.1,11.0,1320.24,0.0854938178913738
2003-09-16,0.0,395.54,27.42,13.93,1594.69,0.05557098162939297
2003-09-17,0.0,349.8,29.74,17.95,2072.22,0.04641092971246006
2003-09-18,0.0,411.04,29.12,14.23,1625.95,0.03847221805111821
2003-09-19,0.0,440.29,20.12,4.97,877.83,0.034197527156549515
2003-09-20,0.0,430.2,21.26,6.49,958.81,0.03175484664536741
2003-09-21,22.79,284.32,24.0,11.55,1364.02,0.5251763099041533
2003-09-22,17.12,271.07,23.08,11.6,1368.18,4.744906892971246
2003-09-23,9.43,282.41,24.22,12.38,1430.61,5.923500239616613
2003-09-24,0.0,400.92,29.25,14.58,1652.32,0.48853610223642174
2003-09-25,0.0,386.87,26.28,12.97,1493.98,0.1893077396166134
2003-09-26,0.0,336.9,24.58,13.9,1590.3,0.10992062300319488
2003-09-27,0.0,445.97,30.38,10.76,1300.6,0.07938711661341853
2003-09-28,0.0,414.41,23.54,8.5,1119.68,0.06717371405750798
2003-09-29,0.0,383.76,20.7,7.59,1047.23,0.06106701277955272
2003-09-30,9.43,112.4,12.66,8.52,1121.69,0.09160051916932907
2003-10-01,9.89,240.33,13.99,4.33,826.08,0.12213402555910544
2003-10-02,0.0,378.67,17.52,4.43,834.23,0.0854938178913738
2003-10-03,11.3,263.82,18.5,6.58,966.62,0.09770722044728435
2003-10-04,0.0,349.0,19.85,7.83,1066.03,0.15266753194888177
2003-10-05,0.0,347.93,20.52,8.38,1110.77,0.09160051916932907
2003-10-06,0.0,370.9,23.0,9.11,1168.54,0.06717371405750798
2003-10-07,0.0,365.92,24.0,10.11,1248.93,0.06045634265175719
2003-10-08,0.0,336.84,24.07,11.74,1379.48,0.06106701277955272
2003-10-09,50.37,196.76,23.0,14.1,1607.81,11.541665415335462
2003-10-10,0.0,298.0,23.97,13.44,1550.95,7.572309584664536
2003-10-11,4.27,216.47,21.59,13.0,1480.13,0.5068562060702875
2003-10-12,0.04,385.53,20.5,5.0,880.0,0.2809082587859425
2003-10-13,0.0,379.5,21.66,6.0,920.0,0.2137345447284345
2003-10-14,4.14,291.48,22.07,6.94,995.1,0.3175484664536741
2003-10-15,0.0,367.86,22.0,6.5,960.0,0.23816134984025558
2003-10-16,0.0,364.79,22.28,6.65,972.22,0.1282407268370607
2003-10-17,0.0,376.01,20.91,4.14,810.92,0.10381392172523961
2003-10-18,0.0,347.44,19.48,5.03,882.51,0.09770722044728435
2003-10-19,0.0,376.57,27.83,8.5,1120.0,0.09160051916932907
2003-10-20,0.0,380.02,30.36,9.0,1160.0,0.0854938178913738
2003-10-21,0.0,369.52,30.28,9.79,1223.24,0.07938711661341853
2003-10-22,0.0,349.52,29.5,11.06,1324.9,0.07938711661341853
2003-10-23,0.0,344.88,29.5,11.1,1328.04,0.07328041533546326
2003-10-24,0.0,328.01,28.26,11.42,1353.84,0.06717371405750798
2003-10-25,0.0,289.27,22.35,9.22,1177.65,0.06106701277955272
2003-10-26,0.0,324.08,14.86,-0.16,600.0,0.06106701277955272
2003-10-27,0.0,333.42,16.97,0.91,640.39,0.06106701277955272
2003-10-28,0.0,302.12,19.05,4.97,877.63,0.06106701277955272
2003-10-29,0.0,280.27,19.41,6.57,965.67,0.06106701277955272
2003-10-30,0.0,311.79,24.28,7.94,1074.93,0.058624332268370605
2003-10-31,0.0,246.6,14.59,3.57,792.25,0.05801366214057508
2003-11-01,0.0,166.71,11.6,4.66,852.58,0.058624332268370605
2003-11-02,0.0,185.29,15.48,7.5,1039.95,0.05984567252396167
2003-11-03,0.0,258.61,24.45,11.53,1363.15,0.05984567252396167
2003-11-04,0.0,307.77,21.02,4.45,842.95,0.05923500239616612
2003-11-05,0.0,190.4,8.6,0.49,630.92,0.05801366214057508
2003-11-06,0.0,137.86,4.5,-1.1,564.25,0.057402992012779555
2003-11-07,0.0,241.91,8.4,-2.36,520.0,0.057402992012779555
2003-11-08,0.0,224.95,9.52,-0.48,591.05,0.05618165175718849
2003-11-09,0.0,117.81,8.96,4.09,811.23,0.05679232188498403
2003-11-10,0.0,192.78,13.56,5.0,880.08,0.057402992012779555
2003-11-11,0.0,203.2,18.36,8.94,1154.94,0.057402992012779555
2003-11-12,0.0,243.27,20.69,8.68,1134.61,0.05984567252396167
2003-11-13,0.0,247.02,14.24,2.51,720.48,0.05923500239616612
2003-11-14,0.0,165.12,10.0,3.01,761.03,0.05496031150159744
2003-11-15,0.0,184.75,11.37,3.42,793.43,0.05496031150159744
2003-11-16,0.0,304.37,18.14,0.6,636.26,0.05801366214057508
2003-11-17,0.48,301.05,20.0,2.19,718.39,0.057402992012779555
2003-11-18,0.0,228.76,20.0,8.88,1150.35,0.05801366214057508
2003-11-19,0.0,298.14,17.85,0.68,640.0,0.05496031150159744
2003-11-20,0.0,303.06,21.67,2.54,723.8,0.05557098162939297
2003-11-21,0.0,292.11,21.2,3.57,794.23,0.05373897124600639
2003-11-22,0.0,241.23,12.04,0.66,640.0,0.05251763099041533
2003-11-23,0.0,281.62,9.32,-5.35,417.9,0.05129629073482428
2003-11-24,0.0,272.44,2.58,-10.94,280.0,0.05007495047923322
2003-11-25,0.0,299.77,6.95,-10.5,280.0,0.05007495047923322
2003-11-26,0.0,254.47,9.65,-2.99,492.16,0.05129629073482428
2003-11-27,0.0,268.47,12.21,-2.05,522.16,0.05129629073482428
2003-11-28,0.0,258.38,8.69,-4.48,440.0,0.051906960862619804
2003-11-29,0.0,263.02,9.12,-4.49,440.0,0.050685620607028754
2003-11-30,0.0,288.59,18.82,-0.11,600.02,0.050685620607028754
2003-12-01,0.0,265.41,16.3,0.8,640.0,0.04885361022364217
2003-12-02,0.0,193.74,11.0,1.6,687.99,0.04885361022364217
2003-12-03,5.94,92.32,7.87,2.39,720.0,0.06106701277955272
2003-12-04,0.0,197.0,7.2,-2.05,529.08,0.05373897124600639
2003-12-05,0.0,221.8,6.64,-4.25,440.0,0.05007495047923322
2003-12-06,0.0,244.49,5.0,-7.86,334.55,0.0494642803514377
2003-12-07,0.0,252.76,8.01,-6.02,388.24,0.05129629073482428
2003-12-08,0.0,220.81,12.28,0.61,632.76,0.05251763099041533
2003-12-09,5.49,147.01,10.03,0.04,613.87,0.05923500239616612
2003-12-10,6.28,145.19,2.37,-5.97,397.71,0.06106701277955272
2003-12-11,0.0,228.16,2.0,-8.55,320.0,0.06045634265175719
2003-12-12,0.0,198.74,0.67,-8.1,320.0,0.05923500239616612
2003-12-13,14.06,131.25,-0.5,-7.75,339.68,0.06106701277955272
2003-12-14,0.0,223.1,0.5,-9.29,299.33,0.06106701277955272
2003-12-15,0.0,222.6,5.11,-4.88,426.13,0.07328041533546326
2003-12-16,0.0,198.9,5.95,-2.6,508.72,0.07328041533546326
2003-12-17,0.0,225.89,4.5,-5.29,417.14,0.06717371405750798
2003-12-18,0.0,256.6,8.46,-3.58,473.24,0.06717371405750798
2003-12-19,0.0,250.76,9.03,-2.5,520.0,0.06717371405750798
2003-12-20,0.0,267.58,10.5,-2.23,520.0,0.06717371405750798
2003-12-21,0.0,274.29,13.35,-0.13,604.63,0.06717371405750798
2003-12-22,0.0,207.25,10.92,2.13,714.11,0.06717371405750798
2003-12-23,1.89,238.9,8.45,-2.04,520.93,0.06106701277955272
2003-12-24,0.0,269.19,8.47,-4.26,440.0,0.06106701277955272
2003-12-25,0.0,271.75,9.51,-3.37,480.0,0.06106701277955272
2003-12-26,0.0,269.29,13.66,0.46,631.92,0.05984567252396167
2003-12-27,0.0,200.04,15.5,5.99,923.19,0.058624332268370605
2003-12-28,0.0,286.02,15.94,-3.8,458.22,0.06106701277955272
2003-12-29,0.0,259.06,9.32,-4.6,439.96,0.05618165175718849
2003-12-30,0.0,259.54,9.46,-4.38,440.0,0.05618165175718849
2003-12-31,0.0,250.53,13.37,0.23,620.35,0.05557098162939297
2004-01-01,0.0,237.25,14.39,1.61,688.59,0.05557098162939297
2004-01-02,0.0,210.56,17.49,6.6,968.01,0.05679232188498403
2004-01-03,0.0,235.49,14.5,2.02,709.42,0.05618165175718849
2004-01-04,0.0,199.55,4.31,-4.99,429.73,0.05557098162939297
2004-01-05,0.0,173.81,-4.23,-11.82,241.12,0.05251763099041533
2004-01-06,0.0,251.36,-4.46,-17.0,160.0,0.043968249201277954
2004-01-07,0.0,270.25,-1.17,-15.57,194.52,0.04885361022364217
2004-01-08,0.0,254.99,6.08,-7.03,360.0,0.050685620607028754
2004-01-09,0.0,278.98,8.64,-7.19,360.0,0.050685620607028754
2004-01-10,0.0,275.5,6.57,-8.46,320.0,0.05129629073482428
2004-01-11,0.0,297.74,13.01,-6.13,389.81,0.05496031150159744
2004-01-12,0.0,292.12,16.21,-2.0,520.0,0.05618165175718849
2004-01-13,0.0,290.32,14.35,-3.0,488.31,0.05557098162939297
2004-01-14,0.0,294.42,15.5,-2.5,520.0,0.057402992012779555
2004-01-15,0.0,299.13,15.43,-3.0,480.0,0.057402992012779555
2004-01-16,0.33,266.58,11.34,-2.5,519.91,0.06106701277955272
2004-01-17,25.06,78.64,9.44,5.16,887.04,0.7572309584664536
2004-01-18,31.47,138.22,5.61,-2.15,520.0,3.7739413897763576
2004-01-19,0.0,263.52,1.66,-10.5,280.0,0.7389108546325879
2004-01-20,0.0,223.29,0.05,-9.4,288.18,0.2748015575079872
2004-01-21,0.0,199.1,3.6,-4.61,440.0,0.1954144408945687
2004-01-22,0.0,274.88,8.71,-4.3,440.0,0.1709876357827476
2004-01-23,0.0,273.84,9.34,-3.49,480.0,0.15266753194888177
2004-01-24,0.0,286.96,12.59,-1.4,559.99,0.1465608306709265
2004-01-25,5.54,81.55,6.19,2.12,719.46,0.15266753194888177
2004-01-26,6.35,160.39,1.38,-6.06,386.26,0.15877423322683706
2004-01-27,1.1,273.7,-3.93,-14.51,200.0,0.10992062300319488
2004-01-28,0.0,294.18,-3.1,-13.96,200.0,0.1282407268370607
2004-01-29,0.0,270.34,-1.5,-11.14,267.67,0.10381392172523961
2004-01-30,0.0,257.52,-4.42,-13.25,221.59,0.09160051916932907
2004-01-31,0.0,307.84,-1.2,-12.39,240.0,0.10381392172523961
2004-02-01,4.34,176.33,1.4,-6.34,372.81,0.11602732428115016
2004-02-02,14.02,221.01,0.08,-9.86,283.94,0.10381392172523961
2004-02-03,0.0,325.32,-2.23,-13.56,200.5,0.12213402555910544
2004-02-04,0.0,333.76,1.24,-10.66,277.56,0.12213402555910544
2004-02-05,8.46,95.33,0.94,-2.76,499.21,0.12213402555910544
2004-02-06,0.0,233.8,-0.18,-7.14,360.0,0.12213402555910544
2004-02-07,0.0,355.09,-3.49,-15.48,198.44,0.10992062300319488
2004-02-08,0.0,361.04,-3.0,-15.05,200.0,0.10992062300319488
2004-02-09,0.13,387.25,5.69,-8.33,321.6,0.1282407268370607
2004-02-10,0.0,375.38,6.25,-6.47,362.15,0.14045412939297125
2004-02-11,0.0,383.11,7.18,-5.75,400.0,0.3175484664536741
2004-02-12,0.0,410.41,4.15,-10.34,280.0,0.5801366214057507
2004-02-13,0.0,299.83,-2.55,-10.58,280.0,0.34808197284345044
2004-02-14,0.0,408.99,4.46,-8.8,320.0,0.24426805111821087
2004-02-15,0.0,449.5,8.57,-9.46,283.34,0.8915783865814696
2004-02-16,0.0,387.03,3.36,-8.4,320.0,0.8610448801916932
2004-02-17,0.0,340.96,6.01,-3.62,470.48,0.6228835303514377
2004-02-18,0.0,421.93,11.95,-2.52,514.15,0.8854716853035143
2004-02-19,0.0,431.52,18.5,2.12,720.0,0.8610448801916932
2004-02-20,2.21,387.5,19.35,3.5,799.89,0.5679232188498402
2004-02-21,0.0,435.61,13.85,-2.01,520.0,0.3419752715654952
2004-02-22,0.0,424.31,14.98,0.11,611.0,0.2503747523961661
2004-02-23,0.16,413.61,18.83,4.03,804.52,0.23816134984025558
2004-02-24,0.0,390.95,11.42,-1.44,555.8,0.20762784345047922
2004-02-25,0.0,279.68,5.91,-1.98,525.18,0.1893077396166134
2004-02-26,0.0,411.19,7.55,-6.21,383.42,0.17709433706070285
2004-02-27,0.0,447.62,12.6,-4.6,421.89,0.17709433706070285
2004-02-28,0.0,405.32,17.0,1.44,648.82,0.1709876357827476
2004-02-29,4.75,181.33,13.32,5.77,920.0,0.21984124600638977
2004-03-01,11.2,244.34,13.18,2.43,720.0,0.2564814536741214
2004-03-02,0.0,366.65,10.66,-2.0,520.0,0.2564814536741214
2004-03-03,4.7,230.8,9.29,-0.39,598.45,0.24426805111821087
2004-03-04,28.83,107.56,8.38,4.37,829.74,9.160051916932908
2004-03-05,41.67,149.64,7.25,1.71,696.48,28.09082587859425
2004-03-06,0.0,330.32,9.64,-0.5,599.62,5.434964137380192
2004-03-07,0.0,404.38,15.45,0.9,640.0,0.7083773482428114
2004-03-08,0.0,407.08,15.82,1.15,652.15,0.427469089456869
2004-03-09,0.0,446.06,22.3,3.0,759.99,0.3358685702875399
2004-03-10,0.0,377.04,15.69,2.98,758.58,0.28701496006389776
2004-03-11,0.0,442.06,19.24,1.54,682.9,0.24426805111821087
2004-03-12,0.0,422.32,14.77,-0.48,600.0,0.21984124600638977
2004-03-13,0.0,397.33,15.56,2.0,719.46,0.20762784345047922
2004-03-14,0.75,246.18,10.43,3.35,782.17,0.1954144408945687
2004-03-15,1.02,386.7,16.35,3.6,798.25,0.18320103833865814
2004-03-16,0.0,470.76,17.31,-1.5,560.0,0.16488093450479233
2004-03-17,0.0,387.06,11.73,-0.5,600.0,0.15266753194888177
2004-03-18,0.0,477.45,23.55,2.84,749.02,0.1465608306709265
2004-03-19,0.0,416.07,22.04,7.14,1011.38,0.13434742811501596
2004-03-20,0.0,385.85,22.23,9.23,1178.31,0.1282407268370607
2004-03-21,0.0,465.74,18.86,1.29,663.24,0.12213402555910544
2004-03-22,0.0,401.86,12.48,-0.09,602.14,0.11602732428115016
2004-03-23,0.0,445.98,17.44,2.04,716.65,0.10992062300319488
2004-03-24,0.0,385.01,23.01,10.45,1276.21,0.11602732428115016
2004-03-25,0.0,199.11,21.04,15.35,1747.64,0.11602732428115016
2004-03-26,1.7,198.83,23.06,16.91,1912.68,0.11602732428115016
2004-03-27,8.8,218.19,24.03,15.49,1759.33,0.2686948562300319
2004-03-28,29.06,301.06,19.72,7.67,1053.65,2.1251320447284345
2004-03-29,0.0,415.06,18.5,6.15,931.71,0.6717371405750798
2004-03-30,1.51,427.34,17.39,2.95,755.99,0.2503747523961661
2004-03-31,0.0,480.87,15.86,0.0,600.0,0.17709433706070285
2004-04-01,0.0,478.02,16.63,0.94,640.0,0.1465608306709265
2004-04-02,0.0,468.54,19.52,3.94,800.0,0.13434742811501596
2004-04-03,0.0,483.76,19.85,3.0,760.0,0.12213402555910544
2004-04-04,0.0,493.55,19.42,1.59,687.07,0.10992062300319488
2004-04-05,0.0,474.5,19.5,2.95,755.88,0.10381392172523961
2004-04-06,0.0,408.89,20.59,7.59,1047.17,0.09770722044728435
2004-04-07,0.87,365.27,20.46,9.43,1194.14,0.09770722044728435
2004-04-08,0.0,442.38,22.09,7.68,1054.68,0.09770722044728435
2004-04-09,0.0,409.39,19.65,7.16,1012.62,0.10992062300319488
2004-04-10,15.72,142.16,10.8,6.0,920.0,0.1465608306709265
2004-04-11,5.4,322.83,11.01,-1.15,560.5,0.14045412939297125
2004-04-12,0.0,446.31,12.84,-0.04,601.45,0.13434742811501596
2004-04-13,0.0,393.04,12.88,2.11,714.9,0.10992062300319488
2004-04-14,0.0,464.57,15.47,1.56,684.57,0.09770722044728435
2004-04-15,0.0,524.98,23.68,4.6,847.93,0.09770722044728435
2004-04-16,0.0,472.96,28.5,12.19,1414.94,0.09160051916932907
2004-04-17,0.0,439.23,28.51,14.28,1624.68,0.09160051916932907
2004-04-18,0.0,321.69,25.79,16.68,1890.34,0.09160051916932907
2004-04-19,0.0,326.38,23.09,14.2,1617.2,0.0854938178913738
2004-04-20,34.34,291.13,22.99,12.3,1423.8,1.8136902795527157
2004-04-21,2.27,438.48,23.49,8.96,1156.52,1.3068340734824282
2004-04-22,11.06,328.1,22.83,10.35,1268.15,0.5557098162939297
2004-04-23,3.7,225.28,15.64,9.98,1238.72,6.717371405750799
2004-04-24,45.39,192.49,14.8,8.7,1135.89,18.442237859424917
2004-04-25,0.0,464.77,18.38,5.37,909.39,3.859435207667732
2004-04-26,0.0,480.75,21.0,6.79,983.48,0.586243322683706
2004-04-27,0.0,511.41,23.39,6.98,998.04,0.32976186900958465
2004-04-28,0.0,499.51,26.49,10.17,1253.55,0.2503747523961661
2004-04-29,0.0,420.59,25.19,13.03,1494.88,0.20152114217252395
2004-04-30,0.0,465.85,21.94,8.41,1113.03,0.18320103833865814
2004-05-01,9.4,258.46,14.96,6.48,958.23,0.18320103833865814
2004-05-02,0.0,480.03,18.31,4.92,873.69,0.17709433706070285
2004-05-03,0.0,532.97,18.81,2.47,720.0,0.1465608306709265
2004-05-04,0.0,527.01,20.92,4.74,859.5,0.1282407268370607
2004-05-05,0.0,520.16,27.65,10.61,1288.99,0.12213402555910544
2004-05-06,0.0,508.4,29.99,13.02,1491.83,0.12213402555910544
2004-05-07,0.0,456.04,30.04,15.94,1795.29,0.10381392172523961
2004-05-08,0.0,415.67,29.0,16.91,1912.86,0.09160051916932907
2004-05-09,0.0,436.67,29.36,16.37,1858.59,0.0854938178913738
2004-05-10,0.0,384.77,27.83,16.94,1915.24,0.07938711661341853
2004-05-11,0.0,357.55,27.99,18.05,2083.73,0.07938711661341853
2004-05-12,0.0,375.87,28.5,17.95,2071.39,0.07938711661341853
2004-05-13,55.0,379.23,29.02,12.54,1443.32,5.911286837060703
2004-05-14,6.33,327.59,15.35,5.45,915.66,29.617501198083065
2004-05-15,0.0,459.14,17.98,5.84,920.0,1.9236109025559103
2004-05-16,0.0,504.97,22.52,7.84,1067.15,0.48853610223642174
2004-05-17,0.0,420.43,26.06,14.59,1658.83,0.30533506389776355
2004-05-18,0.0,404.82,28.77,17.4,1985.06,0.23205464856230032
2004-05-19,0.0,388.79,30.36,19.27,2242.8,0.1893077396166134
2004-05-20,0.0,402.84,32.87,20.76,2440.85,0.15877423322683706
2004-05-21,0.0,402.63,32.39,20.46,2393.45,0.1282407268370607
2004-05-22,0.0,373.34,30.82,20.27,2362.92,0.10992062300319488
2004-05-23,0.0,452.2,31.06,17.22,1965.65,0.09160051916932907
2004-05-24,0.0,461.91,32.42,17.61,2016.8,0.0854938178913738
2004-05-25,1.38,502.37,34.87,14.55,1654.31,0.07938711661341853
2004-05-26,0.0,288.31,22.04,14.69,1671.55,0.07328041533546326
2004-05-27,0.0,450.86,29.9,16.26,1843.25,0.06717371405750798
2004-05-28,0.0,486.88,32.4,16.41,1865.45,0.06106701277955272
2004-05-29,0.0,455.58,32.99,18.4,2112.27,0.06106701277955272
2004-05-30,3.52,401.94,31.52,16.4,1856.61,0.07938711661341853
2004-05-31,0.0,544.68,28.59,9.45,1196.25,0.2503747523961661
2004-06-01,0.0,535.56,29.95,10.97,1317.92,0.09160051916932907
2004-06-02,0.0,465.53,29.46,14.82,1693.91,0.06717371405750798
2004-06-03,9.26,309.17,24.93,13.33,1533.05,0.06106701277955272
2004-06-04,0.0,420.01,26.68,14.69,1669.93,0.05618165175718849
2004-06-05,15.19,304.0,26.87,15.52,1761.4,0.15877423322683706
2004-06-06,1.15,405.65,29.81,17.48,1996.32,0.21984124600638977
2004-06-07,0.0,428.41,32.04,18.92,2187.85,0.1465608306709265
2004-06-08,0.0,302.17,28.47,20.26,2363.67,0.09770722044728435
2004-06-09,7.12,247.75,29.0,19.95,2315.9,0.07938711661341853
2004-06-10,18.22,116.32,24.23,20.41,2385.27,0.20152114217252395
2004-06-11,0.0,347.7,30.69,21.0,2480.09,1.148059840255591
2004-06-12,0.0,406.91,34.3,21.97,2634.75,0.18320103833865814
2004-06-13,21.8,365.48,32.28,16.67,1893.2,0.7511242571884984
2004-06-14,7.43,358.73,32.0,17.71,2033.64,2.3327598881789138
2004-06-15,0.0,442.13,33.59,19.81,2305.76,0.23816134984025558
2004-06-16,0.0,405.17,31.53,19.69,2294.87,0.07328041533546326
2004-06-17,14.3,317.71,30.9,18.45,2118.44,0.22594794728434506
2004-06-18,27.91,295.73,29.05,18.0,2075.21,4.219730583067093
2004-06-19,13.7,273.33,25.9,16.3,1847.72,6.53417036741214
2004-06-20,5.03,238.44,23.51,15.57,1765.29,5.477711046325878
2004-06-21,15.19,296.76,27.01,16.36,1857.44,3.4319661182108625
2004-06-22,1.55,398.7,28.69,16.0,1800.0,6.100594576677316
2004-06-23,0.0,477.43,28.0,14.05,1604.1,0.561816517571885
2004-06-24,0.0,490.52,30.5,15.49,1759.46,0.24426805111821087
2004-06-25,0.0,521.25,30.17,13.15,1507.02,0.1709876357827476
2004-06-26,0.0,446.23,26.0,13.64,1569.27,0.14045412939297125
2004-06-27,0.0,420.86,27.99,16.38,1861.45,0.1465608306709265
2004-06-28,22.48,296.45,28.46,17.78,2044.97,1.45950160543131
2004-06-29,0.0,370.73,26.5,16.98,1920.36,0.6534170367412141
2004-06-30,0.0,371.67,27.36,17.9,2064.43,0.1954144408945687
2004-07-01,15.76,270.48,28.0,19.0,2199.62,0.48853610223642174
2004-07-02,35.1,300.19,29.0,18.72,2155.92,11.053129313099042
2004-07-03,0.0,462.33,31.52,18.36,2109.04,8.427247763578276
2004-07-04,14.92,356.16,32.96,18.94,2189.92,0.6839505431309904
2004-07-05,12.72,358.01,32.35,18.1,2084.3,1.4717150079872203
2004-07-06,11.42,348.16,31.25,17.89,2062.07,1.7465165654952075
2004-07-07,0.0,442.41,29.18,17.2,1951.36,1.4350748003194889
2004-07-08,0.0,438.88,31.67,19.2,2230.99,0.4030422843450479
2004-07-09,0.0,429.19,33.12,20.62,2419.75,0.32365516773162933
2004-07-10,10.75,272.51,28.58,19.07,2211.38,0.8366180750798721
2004-07-11,0.0,424.85,33.35,20.74,2438.7,0.22594794728434506
2004-07-12,0.0,419.93,34.73,21.97,2635.36,0.15266753194888177
2004-07-13,0.0,448.67,35.8,21.47,2555.83,0.12213402555910544
2004-07-14,0.0,448.81,35.86,21.5,2560.0,0.10381392172523961
2004-07-15,0.0,440.03,36.0,22.0,2640.0,0.09160051916932907
2004-07-16,0.0,421.55,36.3,22.99,2798.99,0.09160051916932907
2004-07-17,0.0,421.72,31.22,19.14,2222.29,0.0854938178913738
2004-07-18,0.0,464.83,31.32,17.28,1965.55,0.0854938178913738
2004-07-19,0.0,453.34,33.5,19.32,2250.77,0.0854938178913738
2004-07-20,0.0,475.78,37.35,20.49,2398.86,0.07938711661341853
2004-07-21,0.0,447.44,37.49,22.0,2640.0,0.07328041533546326
2004-07-22,0.0,443.09,36.15,21.25,2520.58,0.06045634265175719
2004-07-23,33.73,349.19,35.41,19.5,2275.49,0.2564814536741214
2004-07-24,30.31,196.55,24.41,17.72,2035.01,6.039527563897764
2004-07-25,0.0,324.66,23.05,14.93,1709.45,1.3617943849840255
2004-07-26,0.0,440.09,25.05,13.0,1480.0,0.34808197284345044
2004-07-27,0.0,454.84,26.86,13.88,1590.33,0.18320103833865814
2004-07-28,0.0,406.69,27.15,15.96,1796.65,0.28701496006389776
2004-07-29,15.22,140.79,22.0,17.5,2000.0,0.3664020766773163
2004-07-30,0.36,230.02,23.14,17.51,2002.36,0.1954144408945687
2004-07-31,0.0,412.67,29.78,18.04,2083.01,0.1465608306709265
2004-08-01,0.0,415.47,32.48,20.01,2330.97,0.10992062300319488
2004-08-02,0.0,421.85,35.16,21.72,2594.95,0.09160051916932907
2004-08-03,0.0,408.54,36.46,23.25,2840.17,0.07938711661341853
2004-08-04,0.0,421.03,36.52,22.69,2750.47,0.06717371405750798
2004-08-05,0.0,390.94,31.31,20.0,2320.0,0.06717371405750798
2004-08-06,0.0,411.39,28.0,16.5,1880.0,0.06106701277955272
2004-08-07,0.0,405.84,26.62,15.54,1763.49,0.06717371405750798
2004-08-08,0.0,398.61,28.58,17.48,1997.36,0.06717371405750798
2004-08-09,0.0,387.26,29.71,18.76,2161.1,0.07328041533546326
2004-08-10,5.16,315.18,30.16,18.2,2093.55,0.06717371405750798
2004-08-11,12.59,328.87,28.85,16.0,1800.0,0.10992062300319488
2004-08-12,0.0,422.33,25.01,13.49,1558.79,0.07328041533546326
2004-08-13,0.0,442.76,25.5,13.12,1498.55,0.05801366214057508
2004-08-14,0.0,449.92,26.03,13.21,1513.92,0.06106701277955272
2004-08-15,0.0,445.66,26.54,13.83,1586.48,0.06106701277955272
2004-08-16,0.0,385.51,26.0,15.68,1774.71,0.06717371405750798
2004-08-17,6.53,304.12,29.45,17.93,2068.22,0.058624332268370605
2004-08-18,0.0,449.43,33.0,18.59,2134.83,0.05129629073482428
2004-08-19,2.94,393.3,31.53,18.22,2097.35,0.0854938178913738
2004-08-20,17.66,225.26,21.55,14.38,1630.3,0.07938711661341853
2004-08-21,0.0,457.46,25.34,12.5,1440.0,0.07328041533546326
2004-08-22,0.0,479.74,28.39,13.67,1573.45,0.06717371405750798
2004-08-23,0.0,425.17,29.99,17.49,1999.0,0.07328041533546326
2004-08-24,9.42,291.43,32.0,20.46,2393.48,0.07938711661341853
2004-08-25,0.0,383.12,34.42,22.47,2715.02,0.06717371405750798
2004-08-26,0.0,409.92,35.42,21.93,2628.9,0.05923500239616612
2004-08-27,0.0,417.95,36.54,22.14,2662.06,0.05557098162939297
2004-08-28,0.82,418.91,33.71,19.0,2200.0,0.05251763099041533
2004-08-29,0.0,453.62,28.19,13.5,1559.83,0.05007495047923322
2004-08-30,0.0,451.9,29.5,14.43,1634.26,0.04702159984025559
2004-08-31,0.0,417.97,29.61,16.18,1828.32,0.045800259584664535
2004-09-01,0.0,428.61,30.79,16.39,1862.4,0.0360295375399361
2004-09-02,0.0,428.23,31.63,16.95,1916.02,0.034197527156549515
2004-09-03,0.0,408.9,31.01,17.38,1981.03,0.03236551677316293
2004-09-04,0.0,393.27,31.0,18.01,2080.82,0.03114417651757188
2004-09-05,0.0,377.69,32.04,19.43,2266.7,0.03175484664536741
2004-09-06,6.05,350.99,30.84,13.0,1480.0,0.03480819728434505
2004-09-07,0.0,460.74,29.0,12.0,1400.0,0.029312166134185302
2004-09-08,0.0,450.51,28.05,11.62,1369.63,0.028701496006389778
2004-09-09,0.0,460.86,28.21,10.77,1301.67,0.02748015575079872
2004-09-10,0.0,461.24,29.55,11.4,1351.82,0.02748015575079872
2004-09-11,0.0,434.14,30.5,13.76,1579.78,0.028701496006389778
2004-09-12,0.0,403.51,33.28,17.49,1998.04,0.02748015575079872
2004-09-13,0.0,378.0,33.88,19.22,2235.36,0.026258815495207664
2004-09-14,0.0,351.09,33.91,20.46,2393.83,0.022594794728434505
2004-09-15,0.0,330.56,32.5,20.16,2349.32,0.020152114217252392
2004-09-16,0.69,353.53,28.69,15.92,1797.5,0.020152114217252392
2004-09-17,0.0,386.99,30.92,15.89,1797.75,0.020152114217252392
2004-09-18,0.0,392.64,35.34,18.53,2124.02,0.020152114217252392
2004-09-19,0.0,363.16,35.0,19.76,2300.43,0.01954144408945687
2004-09-20,0.0,347.26,32.25,18.4,2112.07,0.018930773961661342
2004-09-21,0.0,323.12,30.95,18.49,2119.24,0.018930773961661342
2004-09-22,0.0,330.11,30.33,17.56,2009.35,0.018320103833865814
2004-09-23,12.54,271.33,29.05,14.74,1680.51,0.03175484664536741
2004-09-24,0.0,370.94,25.93,11.46,1356.91,0.022594794728434505
2004-09-25,0.0,409.42,29.28,11.36,1349.2,0.02137345447284345
2004-09-26,0.0,406.2,30.05,11.89,1390.98,0.020152114217252392
2004-09-27,0.0,392.14,29.92,12.54,1443.41,0.020152114217252392
2004-09-28,0.0,360.62,28.65,13.48,1557.27,0.02137345447284345
2004-09-29,0.0,324.5,24.64,12.0,1400.25,0.021984124600638977
2004-09-30,0.0,354.06,26.67,12.0,1400.0,0.020152114217252392
2004-10-01,0.0,341.14,27.15,13.0,1479.88,0.020152114217252392
2004-10-02,0.0,434.72,23.89,2.56,725.12,0.018930773961661342
2004-10-03,0.0,411.14,22.42,3.49,799.32,0.01954144408945687
2004-10-04,0.0,404.61,28.01,7.98,1077.01,0.020762784345047924
2004-10-05,0.22,318.38,23.83,10.21,1257.03,0.021984124600638977
2004-10-06,0.0,323.74,24.94,11.09,1327.02,0.024426805111821086
2004-10-07,7.8,122.92,19.6,13.41,1545.62,0.02503747523961661
2004-10-08,6.04,195.66,22.66,12.33,1426.32,0.02748015575079872
2004-10-09,0.0,332.46,27.8,12.95,1476.19,0.026869485623003196
2004-10-10,0.0,263.38,24.0,13.44,1551.14,0.03541886741214057
2004-10-11,36.34,170.04,19.06,10.54,1283.37,0.11602732428115016
2004-10-12,4.93,143.65,15.29,8.47,1117.78,0.04885361022364217
2004-10-13,0.0,265.86,18.0,8.0,1080.0,0.03847221805111821
2004-10-14,0.0,349.55,18.47,3.73,797.23,0.03175484664536741
2004-10-15,0.0,293.14,15.65,4.38,830.79,0.03053350638977636
2004-10-16,0.0,331.15,18.37,4.5,840.0,0.028701496006389778
2004-10-17,0.0,322.76,18.85,5.38,910.78,0.026869485623003196
2004-10-18,0.0,320.26,21.87,8.08,1086.23,0.026258815495207664
2004-10-19,0.0,285.99,20.5,8.8,1143.71,0.026258815495207664
2004-10-20,0.0,250.4,19.82,9.95,1235.63,0.02748015575079872
2004-10-21,0.0,151.41,16.15,10.61,1289.03,0.02564814536741214
2004-10-22,0.0,298.71,26.29,12.94,1475.05,0.02564814536741214
2004-10-23,2.0,314.36,23.04,8.58,1126.28,0.028090825878594246
2004-10-24,0.0,344.74,23.37,6.5,960.0,0.026258815495207664
2004-10-25,0.0,340.45,25.44,8.25,1099.75,0.026258815495207664
2004-10-26,4.64,209.61,20.53,10.08,1246.17,0.028090825878594246
2004-10-27,9.88,130.72,23.05,16.07,1822.59,0.03358685702875399
2004-10-28,18.33,126.1,24.42,17.64,2022.29,1.6182758386581468
2004-10-29,0.0,199.01,26.22,17.93,2057.63,0.26258815495207666
2004-10-30,0.0,342.61,25.51,7.23,1018.69,0.06106701277955272
2004-10-31,0.0,297.38,19.5,6.42,953.22,0.03664020766773163
2004-11-01,0.71,234.07,18.32,9.12,1169.32,0.03114417651757188
2004-11-02,0.0,258.13,17.49,7.24,1019.31,0.029312166134185302
2004-11-03,0.0,126.79,8.83,4.63,853.12,0.2564814536741214
2004-11-04,20.81,175.19,7.89,-0.23,600.0,2.2350526677316296
2004-11-05,0.0,336.49,16.17,0.0,600.0,0.2564814536741214
2004-11-06,0.0,337.84,19.97,1.87,709.95,0.07938711661341853
2004-11-07,0.0,342.86,25.71,3.5,800.0,0.05496031150159744
2004-11-08,0.0,326.52,22.19,4.0,800.0,0.044578919329073485
2004-11-09,0.0,280.02,18.23,5.31,904.47,0.040304228434504784
2004-11-10,0.0,230.98,17.66,7.7,1056.39,0.7938711661341853
2004-11-11,24.63,153.74,11.08,2.78,745.06,4.189197076677316
2004-11-12,0.0,175.3,8.0,1.14,653.37,0.5373897124600638
2004-11-13,0.0,250.56,9.81,-0.91,570.39,0.1709876357827476
2004-11-14,0.0,225.78,10.19,0.77,638.94,0.09160051916932907
2004-11-15,2.0,154.29,11.46,5.43,913.44,0.07328041533546326
2004-11-16,4.08,97.31,12.74,7.72,1057.67,0.06717371405750798
2004-11-17,11.03,76.28,16.02,12.1,1407.86,1.3923278913738018
2004-11-18,6.64,105.38,17.79,12.28,1422.02,2.241159369009585
2004-11-19,1.25,176.21,15.83,8.34,1107.11,1.0442459185303514
2004-11-20,0.0,147.02,11.81,6.22,937.97,0.31144176517571887
2004-11-21,5.34,116.24,10.15,4.42,835.85,0.40914898562300317
2004-11-22,0.0,133.89,9.44,4.62,849.46,0.22594794728434506
2004-11-23,5.24,94.19,9.19,4.79,863.4,1.3923278913738018
2004-11-24,23.21,190.03,8.44,-1.65,545.15,6.595237380191692
2004-11-25,0.0,244.43,6.97,-2.5,517.92,1.349580982428115
2004-11-26,0.0,285.15,13.89,-0.05,600.0,0.3908288817891374
2004-11-27,0.0,260.46,13.65,2.0,720.0,0.23205464856230032
2004-11-28,0.0,250.73,9.94,-0.86,571.35,0.15877423322683706
2004-11-29,3.38,174.78,8.53,0.06,604.68,0.13434742811501596
2004-11-30,2.85,173.48,3.37,-4.2,443.61,0.11602732428115016
2004-12-01,0.0,254.0,4.53,-6.06,395.23,0.10381392172523961
2004-12-02,0.0,290.5,10.44,-5.02,438.33,0.09770722044728435
2004-12-03,0.0,279.49,8.67,-5.5,400.0,0.09770722044728435
2004-12-04,0.0,274.87,9.98,-4.0,440.0,0.09160051916932907
2004-12-05,0.0,276.97,13.83,-1.14,560.0,0.15877423322683706
2004-12-06,9.03,150.63,10.56,2.4,724.12,0.2503747523961661
2004-12-07,0.0,238.45,9.63,-0.5,600.0,0.1954144408945687
2004-12-08,0.0,270.41,14.5,0.77,640.0,0.13434742811501596
2004-12-09,0.0,280.7,14.1,-1.31,560.0,0.10992062300319488
2004-12-10,0.0,283.47,15.95,-1.0,560.0,0.09160051916932907
2004-12-11,0.0,273.48,10.47,-3.8,455.92,0.0854938178913738
2004-12-12,0.0,273.3,12.52,-2.66,507.33,0.0854938178913738
2004-12-13,0.0,271.01,12.85,-2.0,520.0,0.07938711661341853
2004-12-14,0.0,272.97,5.65,-9.0,320.0,0.07328041533546326
2004-12-15,0.0,255.53,4.5,-8.23,320.0,0.06717371405750798
2004-12-16,0.0,242.32,7.99,-3.94,445.32,0.06717371405750798
2004-12-17,0.0,270.44,12.01,-4.21,440.0,0.06717371405750798
2004-12-18,0.0,270.89,13.49,-3.33,478.78,0.06717371405750798
2004-12-19,0.0,282.93,13.96,-6.23,381.51,0.06106701277955272
2004-12-20,0.0,161.39,1.53,-5.88,400.0,0.06106701277955272
2004-12-21,0.0,265.62,14.37,-2.75,502.87,0.06717371405750798
2004-12-22,0.0,236.48,4.58,-8.4,320.0,0.05923500239616612
2004-12-23,0.0,153.04,-5.88,-13.11,231.41,0.043968249201277954
2004-12-24,0.0,206.77,-6.1,-16.5,160.0,0.05129629073482428
2004-12-25,0.0,231.88,-2.94,-15.32,200.0,0.05129629073482428
2004-12-26,0.0,276.85,11.24,-7.99,321.63,0.05679232188498403
2004-12-27,0.0,264.23,13.77,-3.52,478.62,0.06045634265175719
2004-12-28,0.0,231.82,14.5,0.85,642.08,0.06106701277955272
2004-12-29,0.0,264.75,15.61,-2.26,520.0,0.06106701277955272
2004-12-30,0.0,246.83,16.9,1.0,654.61,0.06106701277955272
2004-12-31,0.0,255.79,16.26,-0.63,587.31,0.06717371405750798
2005-01-01,0.0,263.95,18.65,4.25,808.96,0.06106701277955272
2005-01-02,0.0,276.09,18.25,2.14,691.98,0.06106701277955272
2005-01-03,12.28,84.45,3.42,-0.8,579.16,0.09160051916932907
2005-01-04,0.0,96.76,1.13,-2.39,514.67,1.8747572923322682
2005-01-05,51.01,183.01,-1.95,-10.41,280.0,10.137124121405751
2005-01-06,0.4,222.53,-7.43,-14.9,200.0,2.8640428993610225
2005-01-07,0.0,255.4,-4.32,-13.16,227.16,0.9831789057507987
2005-01-08,0.0,239.51,-0.5,-8.62,320.0,0.3664020766773163
2005-01-09,0.0,271.55,4.4,-5.39,415.79,0.360295375399361
2005-01-10,0.0,249.7,7.35,-1.41,551.93,0.9587521006389775
2005-01-11,0.0,144.11,-0.11,-4.57,440.0,1.1847000479233227
2005-01-12,0.0,178.87,1.44,-4.21,441.12,0.586243322683706
2005-01-13,0.0,267.1,5.0,-4.34,440.0,0.6717371405750798
2005-01-14,0.0,330.66,-0.03,-13.27,219.59,0.6228835303514377
2005-01-15,0.0,187.72,-6.94,-12.66,237.07,0.40914898562300317
2005-01-16,0.0,257.74,-5.52,-13.87,200.0,0.24426805111821087
2005-01-17,0.0,290.46,-3.0,-12.91,236.37,0.15877423322683706
2005-01-18,0.0,299.24,1.97,-8.48,320.0,0.1709876357827476
2005-01-19,0.0,356.08,9.84,-5.99,397.89,1.013712412140575
2005-01-20,0.0,357.98,15.96,-0.96,571.48,1.917504201277955
2005-01-21,0.0,366.64,17.72,-1.12,560.0,1.483928410543131
2005-01-22,0.0,376.4,14.38,-5.07,430.59,0.6961639456869009
2005-01-23,0.0,311.8,0.0,-10.51,280.0,0.293121661341853
2005-01-24,0.0,352.65,4.88,-8.62,320.0,0.21984124600638977
2005-01-25,0.0,383.14,16.9,-3.03,481.34,0.18320103833865814
2005-01-26,0.0,362.34,15.32,0.0,600.0,0.1709876357827476
2005-01-27,0.0,291.72,7.99,-1.44,560.0,0.15877423322683706
2005-01-28,3.35,97.38,2.34,-1.22,560.0,0.16488093450479233
2005-01-29,9.94,104.56,1.35,-2.49,520.0,0.23205464856230032
2005-01-30,0.0,121.7,1.9,-1.4,556.04,0.7938711661341853
2005-01-31,9.19,77.54,1.97,-0.66,587.05,1.1358464376996804
2005-02-01,0.0,152.6,3.39,-0.5,600.0,3.1571645607028755
2005-02-02,0.0,175.03,3.98,-0.5,600.0,1.0747794249201277
2005-02-03,0.0,373.41,8.97,-4.1,440.0,0.41525568690095843
2005-02-04,0.0,407.07,14.62,-3.62,443.08,0.2564814536741214
2005-02-05,0.0,399.38,16.5,-0.64,553.66,0.20762784345047922
2005-02-06,10.81,261.82,13.0,1.09,654.53,1.532782020766773
2005-02-07,5.7,236.38,7.63,-2.06,528.87,3.0533506389776357
2005-02-08,0.9,121.01,-0.86,-3.91,448.32,1.282407268370607
2005-02-09,3.49,255.43,-0.08,-10.22,280.0,0.48853610223642174
2005-02-10,0.0,420.38,7.37,-9.52,283.4,0.4580025958466454
2005-02-11,0.0,414.73,13.01,-3.87,450.59,0.427469089456869
2005-02-12,0.0,407.66,15.16,-1.15,556.06,0.31144176517571887
2005-02-13,5.98,190.49,13.03,5.5,920.0,0.8915783865814696
2005-02-14,0.0,403.98,18.09,1.2,653.57,1.483928410543131
2005-02-15,0.0,405.67,20.37,1.65,673.58,0.4457891932907348
2005-02-16,0.0,361.31,12.74,-0.8,575.93,0.24426805111821087
2005-02-17,0.0,309.05,7.27,-2.99,480.89,0.1893077396166134
2005-02-18,0.0,378.59,11.47,-3.02,480.0,0.15877423322683706
2005-02-19,5.05,276.79,12.82,-0.97,562.61,0.18320103833865814
2005-02-20,0.35,272.05,14.35,5.6,917.02,0.2137345447284345
2005-02-21,2.84,300.38,17.51,3.11,768.48,0.23816134984025558
2005-02-22,0.0,201.52,8.48,2.63,730.0,0.22594794728434506
2005-02-23,12.89,174.39,9.05,2.3,719.81,2.564814536741214
2005-02-24,4.63,206.91,5.27,-2.51,519.6,4.085383154952076
2005-02-25,0.0,407.7,12.44,-2.99,480.48,0.8671515814696485
2005-02-26,0.0,423.26,17.27,-1.01,564.74,0.4030422843450479
2005-02-27,0.0,362.23,14.5,2.23,720.08,0.30533506389776355
2005-02-28,0.0,382.48,9.79,-3.43,480.0,0.2686948562300319
2005-03-01,0.0,422.53,9.48,-7.38,360.0,0.24426805111821087
2005-03-02,0.0,401.29,9.14,-5.86,399.38,0.22594794728434506
2005-03-03,0.0,429.22,16.77,-2.21,520.0,0.2137345447284345
2005-03-04,0.0,426.75,20.5,1.0,640.0,0.20152114217252395
2005-03-05,0.0,422.72,21.5,2.49,719.96,0.1954144408945687
2005-03-06,0.0,393.34,18.46,2.97,757.49,0.1893077396166134
2005-03-07,0.0,383.3,19.5,4.83,866.64,0.1709876357827476
2005-03-08,0.0,432.06,15.77,-2.29,520.0,0.15877423322683706
2005-03-09,0.0,371.9,12.28,-0.99,561.15,0.1465608306709265
2005-03-10,0.0,308.87,10.19,-0.08,600.0,0.1465608306709265
2005-03-11,0.0,429.11,17.92,0.0,600.0,0.14045412939297125
2005-03-12,0.0,450.72,22.2,1.5,657.66,0.13434742811501596
2005-03-13,0.0,482.34,27.5,0.1,564.48,0.1282407268370607
2005-03-14,0.0,373.82,11.31,-2.05,520.0,0.12213402555910544
2005-03-15,0.0,349.17,11.18,-0.96,563.4,0.12213402555910544
2005-03-16,0.0,280.55,8.12,-0.83,573.68,0.1282407268370607
2005-03-17,0.0,406.83,13.4,-1.34,556.57,0.1282407268370607
2005-03-18,0.0,419.99,15.95,0.26,620.81,0.1282407268370607
2005-03-19,0.0,465.8,16.28,-3.13,468.3,0.12213402555910544
2005-03-20,0.0,410.72,14.44,-0.5,589.32,0.11602732428115016
2005-03-21,4.59,290.17,19.12,5.18,894.6,0.1893077396166134
2005-03-22,32.33,188.06,12.61,4.76,860.61,3.248765079872204
2005-03-23,7.81,110.93,6.32,2.11,717.46,4.1830903753993605
2005-03-24,0.14,202.51,8.53,2.6,729.09,0.720590750798722
2005-03-25,0.0,320.63,13.82,3.71,796.27,0.3419752715654952
2005-03-26,0.0,158.92,7.98,3.49,797.15,0.2564814536741214
2005-03-27,0.0,255.85,9.1,1.71,693.93,0.21984124600638977
2005-03-28,0.0,438.7,16.01,1.0,640.0,0.1954144408945687
2005-03-29,0.0,468.77,23.02,5.04,866.23,0.1893077396166134
2005-03-30,0.0,413.4,22.61,8.27,1099.89,0.1709876357827476
2005-03-31,0.0,352.46,16.27,5.5,920.0,0.15266753194888177
2005-04-01,0.0,354.97,14.09,3.5,800.0,0.1465608306709265
2005-04-02,0.0,479.44,17.13,0.26,620.19,0.13434742811501596
2005-04-03,0.0,504.21,23.26,3.49,759.63,0.1282407268370607
2005-04-04,0.0,480.39,26.31,8.31,1024.8,0.1282407268370607
2005-04-05,0.0,407.04,25.7,12.25,1392.11,0.1282407268370607
2005-04-06,0.23,400.83,24.14,11.23,1169.01,0.12213402555910544
2005-04-07,0.0,307.64,17.02,8.5,1113.85,0.1282407268370607
2005-04-08,0.0,481.95,20.65,4.71,705.72,0.11602732428115016
2005-04-09,0.0,410.68,21.26,8.85,1001.54,0.11602732428115016
2005-04-10,0.0,373.26,24.99,13.91,1415.59,0.11602732428115016
2005-04-11,1.93,389.79,19.38,7.12,921.62,0.10992062300319488
2005-04-12,0.35,413.17,16.88,5.23,810.91,0.10381392172523961
2005-04-13,0.0,447.93,17.48,4.94,762.43,0.10381392172523961
2005-04-14,0.0,460.28,16.43,3.48,685.71,0.09770722044728435
2005-04-15,0.0,521.33,22.15,4.87,675.57,0.09770722044728435
2005-04-16,0.0,501.66,24.86,8.62,866.84,0.09160051916932907
2005-04-17,0.0,470.9,24.93,10.61,1022.68,0.09160051916932907
2005-04-18,0.0,432.08,26.0,13.55,1283.91,0.0854938178913738
2005-04-19,0.0,329.21,24.49,15.83,1680.76,0.0854938178913738
2005-04-20,0.0,337.66,25.58,16.7,1748.32,0.0854938178913738
2005-04-21,8.24,369.1,27.99,12.32,1261.08,0.09770722044728435
2005-04-22,0.0,512.54,24.15,7.84,840.92,0.0854938178913738
2005-04-23,0.0,529.88,19.65,2.44,591.52,0.07938711661341853
2005-04-24,0.0,522.78,17.03,0.5,534.61,0.07938711661341853
2005-04-25,2.77,374.31,16.61,3.0,734.29,0.0854938178913738
2005-04-26,3.83,329.53,15.09,2.5,720.0,0.0854938178913738
2005-04-27,0.0,513.38,18.46,2.02,599.25,0.07938711661341853
2005-04-28,8.89,368.71,19.08,3.83,779.83,0.09160051916932907
2005-04-29,1.68,355.6,13.56,4.24,818.86,0.0854938178913738
2005-04-30,0.0,394.3,10.43,0.05,603.98,0.07938711661341853
2005-05-01,0.0,490.57,16.6,1.99,614.46,0.07938711661341853
2005-05-02,0.0,461.13,14.17,1.23,588.21,0.07328041533546326
2005-05-03,0.0,504.9,16.51,1.58,567.4,0.06717371405750798
2005-05-04,0.0,532.11,18.55,1.96,553.05,0.06717371405750798
2005-05-05,0.0,459.01,18.0,5.21,751.65,0.06717371405750798
2005-05-06,0.0,368.79,20.76,11.01,1195.22,0.06717371405750798
2005-05-07,0.0,455.82,27.0,13.5,1219.63,0.06717371405750798
2005-05-08,3.45,253.14,24.56,16.0,1766.63,0.06717371405750798
2005-05-09,9.35,357.96,27.45,12.97,1257.12,0.06717371405750798
2005-05-10,0.0,485.1,28.89,14.01,1166.29,0.07328041533546326
2005-05-11,0.0,477.58,33.14,17.94,1440.56,0.06106701277955272
2005-05-12,0.0,368.6,29.59,19.08,1829.75,0.05618165175718849
2005-05-13,5.8,257.78,23.81,14.53,1633.18,0.07938711661341853
2005-05-14,20.8,314.12,21.03,9.64,1144.14,0.15266753194888177
2005-05-15,0.0,536.61,23.99,7.07,778.23,0.14045412939297125
2005-05-16,0.0,471.93,21.74,8.5,928.96,0.06717371405750798
2005-05-17,0.0,475.28,25.62,11.88,1125.02,0.05557098162939297
2005-05-18,0.0,413.93,27.55,15.98,1550.3,0.05129629073482428
2005-05-19,2.4,369.05,29.07,17.35,1767.12,0.09160051916932907
2005-05-20,0.0,463.8,32.47,18.0,1630.89,0.12213402555910544
2005-05-21,0.0,494.92,34.26,18.0,1521.83,0.05496031150159744
2005-05-22,0.0,487.86,35.25,19.17,1637.94,0.04641092971246006
2005-05-23,0.0,407.88,31.18,19.35,1842.27,0.0427469089456869
2005-05-24,6.33,297.27,29.52,18.16,1976.74,0.04641092971246006
2005-05-25,0.0,397.12,27.25,16.5,1552.77,0.04335757907348242
2005-05-26,3.72,363.21,27.49,13.14,1288.27,0.04213623881789137
2005-05-27,0.0,467.5,24.94,12.03,1080.91,0.04091489856230032
2005-05-28,0.0,523.77,26.47,10.73,911.19,0.03908288817891374
2005-05-29,0.0,520.48,29.26,13.1,1045.69,0.037861547923322685
2005-05-30,0.0,493.34,28.0,13.32,1108.39,0.0360295375399361
2005-05-31,0.0,423.85,26.06,14.46,1319.31,0.05251763099041533
2005-06-01,12.65,319.04,25.34,13.56,1427.66,0.0494642803514377
2005-06-02,0.0,457.12,27.59,14.59,1332.73,0.04213623881789137
2005-06-03,0.0,433.93,28.64,16.5,1535.71,0.13434742811501596
2005-06-04,40.27,309.48,27.61,16.14,1743.9,3.2365516773162937
2005-06-05,0.06,518.35,31.22,14.14,1357.93,0.8793649840255591
2005-06-06,0.0,441.61,29.96,16.96,1750.51,0.15877423322683706
2005-06-07,0.0,397.91,32.89,20.9,2301.08,0.07328041533546326
2005-06-08,0.0,400.73,33.49,21.34,2350.02,0.050685620607028754
2005-06-09,28.92,372.26,33.76,16.93,1837.7,0.4580025958466454
2005-06-10,0.0,413.88,29.55,17.52,1958.93,0.9526453993610223
2005-06-11,65.91,301.33,27.83,16.45,1871.52,10.80886126198083
2005-06-12,13.49,291.1,27.5,16.59,1887.32,22.045191613418528
2005-06-13,37.28,238.75,24.4,16.04,1810.6,13.190474760383385
2005-06-14,0.0,484.26,29.5,14.45,1637.94,8.79364984025559
2005-06-15,0.0,490.52,30.07,14.5,1640.0,0.8976850878594248
2005-06-16,20.77,342.95,31.5,17.2,1952.62,3.5541001437699675
2005-06-17,1.47,392.74,30.0,18.6,2140.77,2.8701496006389777
2005-06-18,0.0,384.03,29.43,18.45,2116.05,0.49464280351437695
2005-06-19,0.0,373.96,29.91,19.28,2244.8,0.2564814536741214
2005-06-20,0.0,422.44,30.98,18.5,2120.0,0.18320103833865814
2005-06-21,0.0,459.3,31.91,17.71,2033.45,0.13434742811501596
2005-06-22,0.0,434.05,31.84,18.74,2158.04,0.11602732428115016
2005-06-23,0.0,439.06,32.67,19.11,2217.24,0.09770722044728435
2005-06-24,0.0,411.8,33.44,20.76,2441.98,0.0854938178913738
2005-06-25,0.0,417.22,34.08,21.08,2492.98,0.07328041533546326
2005-06-26,0.0,398.87,33.86,21.66,2586.26,0.06717371405750798
2005-06-27,0.0,398.74,34.34,22.1,2655.74,0.06045634265175719
2005-06-28,0.0,418.22,35.38,22.19,2670.27,0.05496031150159744
2005-06-29,0.0,399.94,35.88,23.33,2852.2,0.05007495047923322
2005-06-30,0.0,434.6,36.17,22.0,2640.0,0.04641092971246006
2005-07-01,9.67,363.52,35.05,18.6,2135.51,0.04518958945686901
2005-07-02,0.0,406.84,31.14,19.22,2235.67,0.04885361022364217
2005-07-03,0.0,412.05,32.29,19.94,2315.15,0.17709433706070285
2005-07-04,84.81,373.38,34.14,17.0,1920.33,30.044970287539932
2005-07-05,6.47,358.42,29.72,18.13,2088.36,24.06040303514377
2005-07-06,0.0,389.81,29.47,18.5,2119.95,1.3190474760383386
2005-07-07,0.0,380.54,29.99,19.27,2243.82,0.5434964137380192
2005-07-08,0.0,400.48,30.5,19.0,2200.0,0.32976186900958465
2005-07-09,0.0,413.12,31.55,19.5,2280.18,0.24426805111821087
2005-07-10,0.0,420.79,31.94,19.5,2280.0,0.1893077396166134
2005-07-11,0.0,408.18,32.02,20.01,2322.39,0.15266753194888177
2005-07-12,0.0,414.43,32.99,20.49,2398.99,0.1282407268370607
2005-07-13,3.43,337.91,33.91,19.5,2279.99,0.14045412939297125
2005-07-14,0.0,418.75,32.99,20.21,2353.34,0.1282407268370607
2005-07-15,0.0,394.13,32.47,20.85,2455.31,0.10381392172523961
2005-07-16,0.0,406.83,33.22,21.0,2480.0,0.09160051916932907
2005-07-17,0.0,405.19,33.51,21.26,2520.81,0.0854938178913738
2005-07-18,0.0,392.83,33.26,21.5,2560.56,0.07328041533546326
2005-07-19,6.79,242.25,30.33,21.42,2546.9,0.07328041533546326
2005-07-20,0.0,394.76,34.69,22.56,2730.23,0.06106701277955272
2005-07-21,0.0,415.97,36.51,23.05,2808.44,0.05496031150159744
2005-07-22,0.0,440.85,37.48,22.5,2720.55,0.047632269968051116
2005-07-23,0.0,449.49,38.31,22.51,2722.15,0.04518958945686901
2005-07-24,0.0,433.79,37.41,22.65,2744.75,0.04213623881789137
2005-07-25,0.0,385.17,36.28,23.97,2991.96,0.03725087779552715
2005-07-26,0.0,379.11,35.0,23.23,2836.72,0.03358685702875399
2005-07-27,4.32,347.88,27.19,13.49,1558.39,0.03541886741214057
2005-07-28,0.0,488.79,26.92,12.01,1400.91,0.032976186900958465
2005-07-29,0.0,512.49,31.01,13.5,1560.0,0.032976186900958465
2005-07-30,0.0,502.08,33.71,15.89,1791.06,0.03175484664536741
2005-07-31,0.0,488.96,34.94,17.52,2002.68,0.029312166134185302
2005-08-01,0.0,469.84,35.89,19.14,2222.79,0.026258815495207664
2005-08-02,0.0,456.92,37.06,20.5,2400.0,0.02320546485623003
2005-08-03,0.0,441.23,37.23,21.46,2554.15,0.02137345447284345
2005-08-04,0.0,444.7,37.0,21.0,2480.0,0.020762784345047924
2005-08-05,0.07,473.27,35.39,18.09,2082.83,0.4518958945686901
2005-08-06,0.0,406.16,30.94,18.0,2080.0,0.946538698083067
2005-08-07,0.0,417.84,33.08,19.1,2216.55,0.10992062300319488
2005-08-08,0.0,426.73,34.3,19.5,2280.0,0.05557098162939297
2005-08-09,0.0,428.26,34.5,19.5,2280.0,0.0360295375399361
2005-08-10,0.0,407.14,34.5,20.39,2382.54,0.029922836261980834
2005-08-11,0.0,400.24,35.0,21.0,2480.0,0.024426805111821086
2005-08-12,0.0,373.1,34.1,21.47,2554.84,0.05312830111821086
2005-08-13,32.75,288.11,33.1,20.2,2352.41,0.15266753194888177
2005-08-14,37.1,256.11,27.82,17.4,1984.39,3.584633650159744
2005-08-15,17.97,87.7,20.67,17.7,2032.65,7.389108546325878
2005-08-16,2.48,168.46,23.92,18.55,2132.17,1.844223785942492
2005-08-17,0.0,260.54,28.07,20.5,2400.0,0.3664020766773163
2005-08-18,2.9,309.46,32.69,21.45,2552.06,0.16488093450479233
2005-08-19,0.0,371.82,36.22,23.28,2844.72,0.4335757907348243
2005-08-20,1.41,361.52,34.52,21.57,2570.42,0.16488093450479233
2005-08-21,19.89,189.06,27.81,20.5,2400.56,4.867040918530352
2005-08-22,12.24,174.62,26.99,20.43,2389.02,1.349580982428115
2005-08-23,26.02,237.37,28.63,19.47,2274.63,5.215122891373802
2005-08-24,36.53,251.9,29.47,19.59,2285.28,9.953923083067092
2005-08-25,14.9,258.66,30.75,20.33,2373.54,12.030201517571886
2005-08-26,4.97,265.25,32.51,21.5,2560.0,3.4380728194888177
2005-08-27,0.0,374.6,32.89,21.0,2480.0,0.9587521006389775
2005-08-28,0.0,393.26,32.0,19.61,2288.41,0.4335757907348243
2005-08-29,14.75,321.71,31.57,17.64,2023.17,6.106701277955271
2005-08-30,0.0,421.95,30.88,17.5,2000.8,2.564814536741214
2005-08-31,0.0,421.0,31.46,18.0,2080.0,0.4457891932907348
2005-09-01,0.0,435.17,32.5,18.0,2079.96,0.2564814536741214
2005-09-02,0.0,408.52,31.96,18.94,2190.96,0.20152114217252395
2005-09-03,0.0,405.29,32.46,19.5,2280.08,0.16488093450479233
2005-09-04,0.0,415.86,32.5,19.0,2200.0,0.14045412939297125
2005-09-05,0.0,401.81,31.0,18.5,2120.0,0.1282407268370607
2005-09-06,0.0,418.13,31.47,18.0,2079.97,0.11602732428115016
2005-09-07,0.0,396.29,30.8,18.5,2120.0,0.10381392172523961
2005-09-08,0.0,371.32,30.67,19.49,2278.75,0.09770722044728435
2005-09-09,0.0,435.71,32.6,17.61,2016.95,0.0854938178913738
2005-09-10,0.0,422.62,32.13,17.98,2076.2,0.07938711661341853
2005-09-11,0.0,399.4,32.0,19.0,2199.89,0.07938711661341853
2005-09-12,0.0,318.63,29.83,20.58,2413.26,0.07328041533546326
2005-09-13,4.86,249.74,31.5,21.5,2560.0,0.07328041533546326
2005-09-14,5.12,325.73,31.2,15.84,1788.92,0.07328041533546326
2005-09-15,9.38,265.1,24.59,14.25,1620.52,0.0854938178913738
2005-09-16,0.0,420.72,23.41,10.0,1240.0,0.06717371405750798
2005-09-17,0.0,435.36,26.01,11.0,1320.0,0.07328041533546326
2005-09-18,0.0,427.81,30.22,14.44,1635.63,0.06717371405750798
2005-09-19,0.0,371.07,34.94,21.07,2491.03,0.06106701277955272
2005-09-20,0.0,403.25,33.71,17.97,2068.75,0.06045634265175719
2005-09-21,0.0,388.8,33.61,18.43,2117.55,0.058624332268370605
2005-09-22,0.0,393.58,35.24,18.9,2184.62,0.05557098162939297
2005-09-23,0.0,386.34,33.46,17.84,2055.12,0.05312830111821086
2005-09-24,0.0,343.79,32.1,19.01,2203.55,0.05251763099041533
2005-09-25,0.0,365.0,32.5,18.0,2080.0,0.051906960862619804
2005-09-26,0.0,390.54,33.0,16.5,1878.6,0.05007495047923322
2005-09-27,0.0,407.41,28.04,11.31,1344.98,0.047632269968051116
2005-09-28,0.0,405.92,29.17,12.0,1399.91,0.04702159984025559
2005-09-29,0.0,456.54,25.86,3.98,800.0,0.0427469089456869
2005-09-30,0.0,410.3,22.58,5.69,920.0,0.04335757907348242
2005-10-01,14.8,267.58,27.17,12.86,1468.57,0.07938711661341853
2005-10-02,9.84,160.63,25.13,17.43,1988.39,0.05923500239616612
2005-10-03,0.0,234.85,30.04,20.97,2474.63,0.051906960862619804
2005-10-04,0.0,236.74,30.4,21.19,2511.01,0.0494642803514377
2005-10-05,0.0,280.98,29.5,18.5,2120.0,0.047632269968051116
2005-10-06,0.0,380.55,21.8,6.36,948.86,0.04641092971246006
2005-10-07,0.0,240.26,14.25,6.23,938.36,0.043968249201277954
2005-10-08,0.0,363.58,17.54,3.46,796.47,0.044578919329073485
2005-10-09,0.0,368.92,19.47,4.63,850.35,0.044578919329073485
2005-10-10,0.0,341.59,22.0,8.42,1113.47,0.04518958945686901
2005-10-11,5.32,150.19,18.22,11.24,1338.82,0.0494642803514377
2005-10-12,0.0,293.67,20.54,9.5,1200.0,0.04824294009584664
2005-10-13,0.0,349.82,22.75,8.0,1080.0,0.04641092971246006
2005-10-14,0.0,375.87,25.75,8.06,1084.95,0.045800259584664535
2005-10-15,0.0,383.21,29.5,9.5,1200.0,0.045800259584664535
2005-10-16,0.0,355.62,29.0,11.47,1357.21,0.04335757907348242
2005-10-17,0.0,335.28,28.47,12.5,1439.99,0.040304228434504784
2005-10-18,0.0,370.27,31.65,11.05,1323.67,0.04091489856230032
2005-10-19,0.0,348.1,29.67,11.61,1368.55,0.040304228434504784
2005-10-20,18.91,192.11,20.46,9.78,1222.19,0.15266753194888177
2005-10-21,0.0,171.62,14.48,7.97,1077.42,0.2503747523961661
2005-10-22,0.0,309.24,18.49,5.1,887.92,0.10992062300319488
2005-10-23,0.0,331.92,18.0,2.96,756.87,0.06717371405750798
2005-10-24,0.0,304.58,11.59,-1.21,560.0,0.04885361022364217
2005-10-25,0.0,337.36,14.05,-1.5,560.0,0.04518958945686901
2005-10-26,0.0,351.02,16.78,-0.58,593.71,0.04641092971246006
2005-10-27,0.0,341.83,19.03,2.0,719.62,0.045800259584664535
2005-10-28,0.0,325.86,19.94,4.0,800.0,0.04518958945686901
2005-10-29,0.0,320.5,22.5,6.5,960.0,0.05007495047923322
2005-10-30,4.24,194.24,20.53,9.94,1235.34,0.05496031150159744
2005-10-31,29.77,203.32,19.65,7.51,1040.63,1.734303162939297
2005-11-01,0.0,325.67,16.76,0.4,632.19,1.349580982428115
2005-11-02,0.0,333.85,20.99,2.46,720.11,0.15266753194888177
2005-11-03,0.0,302.15,24.32,8.04,1083.02,0.07328041533546326
2005-11-04,0.0,304.6,25.12,7.98,1078.02,0.051906960862619804
2005-11-05,0.0,301.86,24.32,7.31,1024.66,0.045800259584664535
2005-11-06,0.0,317.5,20.04,1.49,679.16,0.04213623881789137
2005-11-07,0.0,289.57,20.16,4.2,816.45,0.04152556869009585
2005-11-08,0.0,272.01,26.21,10.57,1285.34,0.044578919329073485
2005-11-09,0.0,303.01,26.49,7.22,1017.2,0.044578919329073485
2005-11-10,0.0,274.75,14.56,-0.5,600.0,0.044578919329073485
2005-11-11,0.0,279.66,18.23,2.02,720.0,0.04518958945686901
2005-11-12,0.0,259.55,23.61,8.25,1099.73,0.051906960862619804
2005-11-13,0.0,276.03,23.12,6.12,932.75,0.05496031150159744
2005-11-14,0.0,246.39,15.95,2.42,720.0,0.05434964137380192
2005-11-15,0.0,255.43,15.76,1.46,676.92,0.07328041533546326
2005-11-16,0.0,255.85,7.07,-6.76,360.0,0.0854938178913738
2005-11-17,0.0,268.85,9.61,-5.49,404.17,0.09770722044728435
2005-11-18,0.0,291.12,13.5,-4.5,440.0,0.0854938178913738
2005-11-19,0.0,274.75,14.08,-2.5,520.0,0.0854938178913738
2005-11-20,1.3,211.17,12.28,0.5,640.0,0.0854938178913738
2005-11-21,0.0,249.15,10.67,-3.79,456.95,0.09160051916932907
2005-11-22,0.0,290.21,17.5,-2.73,501.88,0.0854938178913738
2005-11-23,0.0,272.82,17.71,-0.45,600.0,0.07328041533546326
2005-11-24,0.0,280.61,22.26,1.92,713.56,0.07328041533546326
2005-11-25,0.0,270.52,13.07,-4.85,440.0,0.07328041533546326
2005-11-26,0.0,257.59,14.2,-2.56,514.51,0.07328041533546326
2005-11-27,0.0,240.3,20.85,4.98,878.2,0.07938711661341853
2005-11-28,0.22,258.61,16.72,-0.78,577.89,0.07328041533546326
2005-11-29,0.0,104.41,1.39,-4.1,440.0,0.06717371405750798
2005-11-30,0.0,226.42,5.21,-8.46,320.0,0.06717371405750798
2005-12-01,0.0,251.1,8.75,-7.53,355.15,0.06717371405750798
2005-12-02,0.0,204.08,4.75,-7.16,360.0,0.06717371405750798
2005-12-03,0.0,214.08,7.27,-5.46,405.42,0.06717371405750798
2005-12-04,0.0,202.17,2.58,-9.0,319.4,0.06717371405750798
2005-12-05,0.0,191.2,0.9,-9.79,280.0,0.06717371405750798
2005-12-06,0.0,223.2,-0.48,-13.46,206.49,0.05679232188498403
2005-12-07,0.0,154.74,-5.63,-13.74,200.28,0.05801366214057508
2005-12-08,1.0,205.89,-9.5,-19.38,120.0,0.05312830111821086
2005-12-09,0.0,275.68,-3.58,-18.61,150.85,0.05984567252396167
2005-12-10,0.0,297.83,4.98,-13.06,234.38,0.05923500239616612
2005-12-11,0.0,298.55,13.2,-5.95,390.55,0.06717371405750798
2005-12-12,0.0,260.83,15.21,-3.21,480.0,0.07938711661341853
2005-12-13,0.0,228.28,11.55,-2.62,510.49,0.07938711661341853
2005-12-14,0.0,172.23,9.19,-0.5,600.0,0.0854938178913738
2005-12-15,0.0,218.08,8.15,-4.82,440.0,0.07328041533546326
2005-12-16,0.0,240.85,6.11,-9.0,320.0,0.06717371405750798
2005-12-17,4.66,169.52,3.48,-7.89,328.45,0.0854938178913738
2005-12-18,5.05,80.22,-1.21,-5.97,393.15,0.07328041533546326
2005-12-19,0.0,74.7,-4.42,-7.41,356.33,0.05496031150159744
2005-12-20,0.0,104.22,-2.59,-6.96,358.82,0.07938711661341853
2005-12-21,0.0,217.96,1.01,-9.01,306.79,0.06717371405750798
2005-12-22,0.0,286.22,8.51,-7.14,354.66,0.06717371405750798
2005-12-23,0.0,277.92,14.51,-0.77,578.37,0.07328041533546326
2005-12-24,0.0,227.85,12.05,0.93,643.63,0.07328041533546326
2005-12-25,0.0,267.01,13.37,-1.0,560.0,0.07328041533546326
2005-12-26,0.0,275.11,15.5,-0.53,597.6,0.07328041533546326
2005-12-27,0.0,272.15,18.04,0.08,615.99,0.06717371405750798
2005-12-28,0.0,244.55,14.74,0.61,637.34,0.06106701277955272
2005-12-29,0.0,271.94,16.02,-2.46,519.82,0.06106701277955272
2005-12-30,0.0,274.21,17.1,-2.01,520.0,0.06045634265175719
2005-12-31,0.0,255.56,13.51,-2.0,520.0,0.057402992012779555
2006-01-01,0.0,233.0,15.85,-0.08,607.05,0.05679232188498403
2006-01-02,0.0,242.29,19.29,1.94,706.83,0.05557098162939297
2006-01-03,0.0,222.16,14.25,-0.3,600.0,0.05679232188498403
2006-01-04,0.0,250.69,21.25,2.75,739.76,0.05496031150159744
2006-01-05,0.0,190.0,14.3,2.5,720.0,0.05618165175718849
2006-01-06,0.0,257.2,12.05,-5.8,400.0,0.05312830111821086
2006-01-07,0.0,253.99,12.27,-5.01,438.29,0.051906960862619804
2006-01-08,0.0,271.25,20.71,0.0,600.4,0.05373897124600639
2006-01-09,0.0,263.34,19.62,0.47,637.57,0.05373897124600639
2006-01-10,2.01,139.24,4.74,-3.75,460.75,0.06106701277955272
2006-01-11,0.0,212.38,8.29,-4.36,440.0,0.057402992012779555
2006-01-12,0.0,242.08,12.73,-2.71,502.06,0.058624332268370605
2006-01-13,0.0,225.83,12.7,-1.1,567.33,0.05679232188498403
2006-01-14,0.0,248.75,11.85,-3.83,453.76,0.05679232188498403
2006-01-15,0.0,269.58,18.0,-0.57,594.73,0.058624332268370605
2006-01-16,0.0,267.84,19.5,1.21,657.18,0.05618165175718849
2006-01-17,0.0,239.43,9.66,-4.57,440.0,0.05557098162939297
2006-01-18,0.0,253.62,10.45,-5.0,440.0,0.05312830111821086
2006-01-19,0.0,277.76,16.6,-1.83,533.7,0.051906960862619804
2006-01-20,0.0,206.16,11.84,0.26,620.87,0.05312830111821086
2006-01-21,0.0,227.53,5.09,-7.5,360.0,0.051906960862619804
2006-01-22,0.0,276.7,10.83,-6.2,383.69,0.05312830111821086
2006-01-23,0.0,297.57,13.0,-6.5,360.0,0.05251763099041533
2006-01-24,0.0,292.14,12.51,-6.0,399.98,0.05251763099041533
2006-01-25,0.0,307.78,16.91,-3.92,446.27,0.051906960862619804
2006-01-26,0.0,286.3,15.56,-2.08,515.99,0.050685620607028754
2006-01-27,0.0,236.42,17.23,4.01,803.86,0.050685620607028754
2006-01-28,2.21,220.01,16.94,3.97,805.81,0.05618165175718849
2006-01-29,0.0,309.07,17.73,-2.02,499.9,0.05679232188498403
2006-01-30,0.0,297.61,15.33,-2.42,498.6,0.05618165175718849
2006-01-31,0.0,293.15,14.77,-2.27,501.35,0.05496031150159744
2006-02-01,0.0,308.87,18.5,-0.33,557.12,0.05434964137380192
2006-02-02,0.0,280.46,16.9,1.2,648.41,0.05312830111821086
2006-02-03,0.0,316.48,17.08,-1.94,501.27,0.05129629073482428
2006-02-04,0.0,289.7,11.5,-4.27,440.0,0.05007495047923322
2006-02-05,0.0,260.4,8.63,-4.47,440.0,0.050685620607028754
2006-02-06,0.0,277.59,11.08,-3.11,482.44,0.050685620607028754
2006-02-07,0.0,300.66,8.48,-7.02,360.0,0.0494642803514377
2006-02-08,0.0,312.05,10.0,-6.35,371.73,0.0494642803514377
2006-02-09,0.0,314.66,8.03,-8.34,320.0,0.04885361022364217
2006-02-10,0.0,325.9,10.88,-6.6,360.0,0.04885361022364217
2006-02-11,0.0,283.09,7.12,-6.5,360.0,0.04702159984025559
2006-02-12,0.0,279.78,2.06,-11.0,280.0,0.04518958945686901
2006-02-13,0.0,347.38,7.9,-10.72,266.48,0.04641092971246006
2006-02-14,0.0,383.32,17.59,-6.79,296.93,0.04824294009584664
2006-02-15,0.0,328.62,16.26,-0.66,515.54,0.04702159984025559
2006-02-16,0.0,267.91,10.62,-1.63,526.87,0.04824294009584664
2006-02-17,0.0,249.54,0.78,-9.92,280.0,0.045800259584664535
2006-02-18,0.0,264.65,-3.5,-14.62,200.0,0.0360295375399361
2006-02-19,0.0,194.29,-6.18,-13.83,200.0,0.04335757907348242
2006-02-20,0.0,169.79,-2.66,-9.17,306.51,0.047632269968051116
2006-02-21,0.0,334.16,6.08,-8.73,318.24,0.04335757907348242
2006-02-22,0.0,332.2,6.96,-7.44,335.08,0.050685620607028754
2006-02-23,0.0,393.1,14.4,-5.5,333.32,0.04885361022364217
2006-02-24,0.0,399.26,16.91,-3.49,373.14,0.05007495047923322
2006-02-25,0.0,401.66,19.23,-1.49,415.97,0.05007495047923322
2006-02-26,0.0,360.16,10.38,-5.51,363.79,0.050685620607028754
2006-02-27,0.0,381.46,14.64,-3.03,376.93,0.05007495047923322
2006-02-28,0.0,416.32,23.15,1.24,438.01,0.050685620607028754
2006-03-01,0.0,423.2,26.96,3.68,491.65,0.05312830111821086
2006-03-02,0.0,417.8,27.37,5.5,476.04,0.050685620607028754
2006-03-03,0.0,394.88,15.93,-2.19,340.32,0.047632269968051116
2006-03-04,0.95,377.05,15.76,-0.72,393.32,0.047632269968051116
2006-03-05,0.0,294.88,17.46,5.86,717.93,0.05007495047923322
2006-03-06,0.0,435.35,22.23,0.5,350.47,0.04885361022364217
2006-03-07,0.0,418.05,22.8,3.05,426.45,0.050685620607028754
2006-03-08,0.0,320.25,25.01,11.79,931.05,0.05373897124600639
2006-03-09,0.0,433.8,25.81,4.65,437.39,0.05557098162939297
2006-03-10,9.28,200.38,13.01,3.0,729.44,0.06045634265175719
2006-03-11,0.0,349.38,18.83,4.92,647.1,0.05984567252396167
2006-03-12,0.0,381.45,23.14,7.25,681.69,0.06106701277955272
2006-03-13,0.0,479.45,28.2,1.5,354.44,0.05923500239616612
2006-03-14,0.0,427.28,12.48,-6.09,291.02,0.05618165175718849
2006-03-15,0.0,441.44,17.4,-2.42,336.93,0.05007495047923322
2006-03-16,0.0,366.68,19.06,4.68,610.89,0.05007495047923322
2006-03-17,0.0,437.86,15.07,-3.58,318.66,0.04641092971246006
2006-03-18,1.87,336.5,11.85,-1.87,438.63,0.04824294009584664
2006-03-19,9.09,77.9,6.29,3.15,771.73,0.07938711661341853
2006-03-20,24.59,92.92,4.81,0.97,640.0,0.18320103833865814
2006-03-21,7.49,126.28,5.23,-0.18,600.0,0.23205464856230032
2006-03-22,0.0,136.8,3.37,-0.84,573.15,0.23816134984025558
2006-03-23,4.32,148.12,1.96,-4.18,441.16,0.16488093450479233
2006-03-24,0.0,372.74,7.33,-5.41,373.26,0.10381392172523961
2006-03-25,0.0,413.7,11.11,-3.58,385.44,0.0854938178913738
2006-03-26,0.0,391.02,13.33,-0.03,500.11,0.07938711661341853
2006-03-27,0.0,422.95,19.01,3.99,592.28,0.07328041533546326
2006-03-28,0.0,481.17,17.83,-1.0,383.61,0.06717371405750798
2006-03-29,0.0,458.56,19.11,2.14,495.01,0.06717371405750798
2006-03-30,0.0,356.19,21.93,10.26,972.89,0.07938711661341853
2006-03-31,2.59,417.62,24.74,7.5,620.98,0.07938711661341853
2006-04-01,0.0,473.45,24.36,7.33,523.45,0.06717371405750798
2006-04-02,2.25,422.39,27.35,10.37,697.66,0.07938711661341853
2006-04-03,0.0,448.52,23.64,8.5,616.41,0.06717371405750798
2006-04-04,0.0,470.88,18.6,2.5,422.3,0.05434964137380192
2006-04-05,0.0,471.6,21.45,5.41,489.23,0.05312830111821086
2006-04-06,0.0,462.36,28.88,13.03,747.92,0.05251763099041533
2006-04-07,0.09,514.2,29.0,8.98,509.54,0.05007495047923322
2006-04-08,0.64,395.89,14.79,3.17,530.67,0.047632269968051116
2006-04-09,0.0,473.49,17.39,2.0,410.93,0.047632269968051116
2006-04-10,0.0,528.56,24.89,4.86,395.84,0.045800259584664535
2006-04-11,0.0,486.02,27.53,10.7,600.43,0.04518958945686901
2006-04-12,0.0,521.03,26.92,8.04,462.7,0.044578919329073485
2006-04-13,0.0,531.83,30.09,9.97,491.41,0.0427469089456869
2006-04-14,0.0,496.31,34.92,17.13,806.04,0.04213623881789137
2006-04-15,0.0,444.04,32.49,18.02,985.84,0.04152556869009585
2006-04-16,0.0,534.72,33.92,13.46,582.62,0.0427469089456869
2006-04-17,0.0,538.4,32.51,11.92,526.31,0.045800259584664535
2006-04-18,0.0,535.93,33.23,12.25,541.8,0.03908288817891374
2006-04-19,0.0,555.98,25.72,3.08,304.18,0.0360295375399361
2006-04-20,0.0,516.43,23.22,4.13,370.45,0.034197527156549515
2006-04-21,0.0,508.37,25.3,6.35,423.62,0.034197527156549515
2006-04-22,0.0,510.68,28.41,8.73,469.75,0.03236551677316293
2006-04-23,0.0,476.87,32.93,14.93,719.72,0.03358685702875399
2006-04-24,17.47,338.84,32.67,15.53,1065.62,0.06717371405750798
2006-04-25,13.68,364.63,23.4,5.0,647.89,0.044578919329073485
2006-04-26,0.0,209.76,11.18,4.8,863.85,0.04702159984025559
2006-04-27,0.0,408.31,18.03,4.5,668.3,0.043968249201277954
2006-04-28,0.32,451.4,23.11,6.86,704.68,0.07938711661341853
2006-04-29,22.41,132.98,17.0,11.59,1366.93,0.13434742811501596
2006-04-30,4.11,230.97,17.49,7.94,1075.12,0.0854938178913738
2006-05-01,2.85,352.07,22.5,8.9,1042.42,0.06717371405750798
2006-05-02,0.0,437.0,23.54,8.85,939.48,0.050685620607028754
2006-05-03,0.0,450.48,27.0,11.37,1066.67,0.04702159984025559
2006-05-04,17.18,310.18,24.62,10.75,1230.61,0.1893077396166134
2006-05-05,7.09,164.97,16.25,9.84,1227.38,0.0854938178913738
2006-05-06,6.0,149.5,15.64,10.02,1241.94,0.10992062300319488
2006-05-07,2.0,136.24,13.93,10.41,1273.06,0.0854938178913738
2006-05-08,3.72,181.46,17.9,11.17,1333.76,0.0854938178913738
2006-05-09,42.55,301.23,25.5,13.0,1490.06,8.12191269968051
2006-05-10,2.0,402.45,25.24,10.54,1272.57,2.967856821086262
2006-05-11,5.0,303.92,18.59,7.5,1040.0,0.40914898562300317
2006-05-12,0.0,472.38,20.42,6.0,920.0,0.2137345447284345
2006-05-13,0.0,494.79,23.82,8.0,1046.49,0.1282407268370607
2006-05-14,0.0,474.55,24.82,9.98,1203.73,0.09770722044728435
2006-05-15,0.0,455.29,22.0,8.45,1107.01,0.07328041533546326
2006-05-16,0.0,487.11,22.95,8.0,1050.23,0.06717371405750798
2006-05-17,0.0,501.61,23.94,8.29,1053.29,0.058624332268370605
2006-05-18,0.0,517.62,28.5,11.26,1241.21,0.05373897124600639
2006-05-19,0.0,503.91,30.33,13.68,1451.81,0.050685620607028754
2006-05-20,0.0,524.13,35.97,16.38,1665.51,0.04824294009584664
2006-05-21,0.0,452.36,31.5,17.33,1892.67,0.04335757907348242
2006-05-22,0.0,394.66,30.39,18.89,2165.99,0.03847221805111821
2006-05-23,0.0,386.98,30.33,19.27,2227.45,0.03847221805111821
2006-05-24,0.0,434.63,32.49,19.39,2172.95,0.03664020766773163
2006-05-25,0.0,508.98,34.49,17.28,1787.04,0.034197527156549515
2006-05-26,9.96,380.07,35.03,18.34,2088.36,0.03541886741214057
2006-05-27,0.0,421.7,33.48,20.46,2362.73,0.03114417651757188
2006-05-28,0.0,362.62,33.32,22.6,2736.58,0.029312166134185302
2006-05-29,0.0,395.97,32.97,21.0,2473.32,0.029312166134185302
2006-05-30,7.24,354.2,32.75,19.08,2208.84,0.03358685702875399
2006-05-31,20.3,325.52,30.5,17.47,1995.0,0.23816134984025558
2006-06-01,9.31,309.57,29.42,17.48,1996.67,0.23816134984025558
2006-06-02,0.0,463.89,28.19,14.45,1635.99,0.23205464856230032
2006-06-03,0.0,482.07,30.01,15.01,1717.16,0.09770722044728435
2006-06-04,0.0,440.58,30.43,17.07,1932.79,0.04641092971246006
2006-06-05,0.42,414.72,33.0,20.0,2319.86,0.034197527156549515
2006-06-06,18.92,312.22,31.46,18.5,2123.01,0.047632269968051116
2006-06-07,0.0,434.54,32.49,18.37,2109.96,0.07328041533546326
2006-06-08,0.0,474.17,33.32,16.99,1918.9,0.05312830111821086
2006-06-09,0.0,461.53,34.02,18.12,2089.3,0.034197527156549515
2006-06-10,0.0,428.1,35.42,20.66,2425.86,0.026869485623003196
2006-06-11,0.0,459.67,36.27,19.68,2291.49,0.021984124600638977
2006-06-12,10.5,301.65,32.86,19.83,2306.8,0.028701496006389778
2006-06-13,7.73,296.41,28.36,16.47,1874.65,0.02564814536741214
2006-06-14,0.0,456.13,30.59,15.76,1780.71,0.02503747523961661
2006-06-15,0.0,455.6,33.28,17.85,2055.35,0.020762784345047924
2006-06-16,0.0,419.8,33.29,19.53,2279.55,0.017098763578274757
2006-06-17,30.31,344.09,32.37,17.09,1934.44,0.12213402555910544
2006-06-18,0.0,412.04,29.25,16.73,1898.23,0.14045412939297125
2006-06-19,5.99,381.35,32.46,18.65,2143.94,0.051906960862619804
2006-06-20,5.88,336.29,33.12,20.14,2342.63,0.03480819728434505
2006-06-21,0.0,397.66,33.6,20.94,2470.11,0.03236551677316293
2006-06-22,28.5,321.49,32.0,18.36,2108.49,1.752623266773163
2006-06-23,0.0,372.26,30.0,18.93,2188.48,2.7846557827476035
2006-06-24,0.0,397.36,28.63,17.0,1920.17,0.24426805111821087
2006-06-25,0.0,443.08,30.72,17.0,1919.95,0.07938711661341853
2006-06-26,0.0,481.66,29.71,14.31,1624.9,0.0494642803514377
2006-06-27,0.0,479.53,29.31,14.0,1600.0,0.03847221805111821
2006-06-28,0.0,490.7,31.6,15.01,1721.07,0.032976186900958465
2006-06-29,0.0,470.18,34.01,17.83,2052.99,0.028701496006389778
2006-06-30,0.0,474.2,34.88,18.1,2088.1,0.02564814536741214
2006-07-01,0.0,456.69,34.99,19.03,2204.73,0.02320546485623003
2006-07-02,0.0,421.62,35.45,21.0,2480.0,0.02137345447284345
2006-07-03,0.0,417.96,35.99,21.55,2568.52,0.017709433706070286
2006-07-04,0.0,390.51,35.18,22.11,2657.69,0.020152114217252392
2006-07-05,0.57,411.45,32.5,19.0,2200.09,1.349580982428115
2006-07-06,0.0,437.21,31.06,16.91,1912.83,0.1465608306709265
2006-07-07,0.0,438.42,30.86,16.67,1893.82,0.0360295375399361
2006-07-08,0.0,430.38,32.0,17.98,2076.82,0.022594794728434505
2006-07-09,6.14,318.97,32.62,18.73,2157.35,0.02137345447284345
2006-07-10,7.0,253.01,30.01,19.96,2317.47,0.021984124600638977
2006-07-11,0.0,392.37,33.57,21.0,2480.25,0.03114417651757188
2006-07-12,1.84,396.33,35.47,20.77,2443.62,0.034197527156549515
2006-07-13,0.0,409.98,35.24,21.47,2555.82,0.018320103833865814
2006-07-14,0.0,428.69,36.96,21.84,2614.4,0.018930773961661342
2006-07-15,0.0,440.4,36.66,21.06,2490.2,0.013434742811501598
2006-07-16,0.0,425.76,38.03,22.68,2748.48,0.012213402555910543
2006-07-17,0.0,413.54,39.84,24.46,3074.16,0.010381392172523962
2006-07-18,0.0,436.81,41.53,24.2,3031.33,0.009770722044728435
2006-07-19,0.0,440.43,41.77,24.0,3000.0,0.008549381789137379
2006-07-20,0.0,428.25,41.73,24.57,3091.73,0.007328041533546326
2006-07-21,0.0,418.07,40.5,24.24,3039.11,0.006106701277955272
2006-07-22,0.0,440.15,31.63,16.82,1905.33,0.00561816517571885
2006-07-23,0.0,466.77,31.84,15.5,1760.0,0.0050685620607028746
2006-07-24,0.0,461.02,33.5,16.89,1911.35,0.00494642803514377
2006-07-25,0.0,427.33,36.15,20.5,2400.0,0.0048242940095846645
2006-07-26,0.0,391.31,39.05,24.19,3030.96,0.004885361022364218
2006-07-27,22.51,332.68,39.38,21.71,2593.25,0.007328041533546326
2006-07-28,16.55,208.92,30.36,21.57,2571.67,0.010381392172523962
2006-07-29,8.32,287.27,35.99,22.5,2720.19,0.01282407268370607
2006-07-30,0.0,368.09,36.46,23.5,2885.02,0.010381392172523962
2006-07-31,0.0,343.16,36.98,24.91,3146.01,0.009770722044728435
2006-08-01,0.0,346.04,38.0,25.6,3295.47,0.007938711661341852
2006-08-02,0.0,339.92,37.51,25.5,3279.56,0.005190696086261981
2006-08-03,8.67,314.76,36.63,21.39,2542.52,0.004030422843450479
2006-08-04,0.0,308.31,30.56,20.99,2478.89,0.003664020766773163
2006-08-05,0.0,395.97,35.51,21.71,2594.29,0.003664020766773163
2006-08-06,0.0,409.19,38.98,23.5,2880.0,0.003786154792332268
2006-08-07,0.0,415.59,39.47,23.44,2870.8,0.003969355830670926
2006-08-08,0.0,396.16,37.54,23.02,2799.71,0.0036029537539936096
2006-08-09,0.0,366.72,37.25,23.98,2995.63,0.0031754846645367413
2006-08-10,0.0,389.27,40.49,25.14,3184.42,0.0026869485623003194
2006-08-11,0.0,452.2,39.94,21.42,2479.38,0.0020152114217252396
2006-08-12,0.0,390.38,36.12,21.9,2620.84,0.0014045412939297124
2006-08-13,0.0,386.47,37.69,23.17,2824.15,0.007328041533546326
2006-08-14,28.66,323.42,39.0,21.73,2597.38,0.18320103833865814
2006-08-15,4.1,212.2,27.98,19.99,2318.97,0.034197527156549515
2006-08-16,2.59,300.66,31.81,20.53,2404.01,0.015877423322683704
2006-08-17,5.25,262.75,33.88,22.0,2640.0,0.014656083067092651
2006-08-18,0.0,381.51,36.76,22.94,2790.89,0.008549381789137379
2006-08-19,0.0,396.28,37.4,22.76,2761.4,0.007328041533546326
2006-08-20,37.28,239.55,31.13,20.98,2477.48,0.23205464856230032
2006-08-21,0.17,268.88,29.12,21.0,2480.0,1.4106479952076676
2006-08-22,20.47,214.42,28.55,20.11,2341.03,3.70676767571885
2006-08-23,0.0,335.25,31.29,20.92,2466.47,0.3786154792332268
2006-08-24,0.0,355.99,33.49,22.0,2639.47,0.0854938178913738
2006-08-25,0.0,388.21,35.98,22.54,2727.0,0.04152556869009585
2006-08-26,23.59,319.19,37.08,21.36,2537.62,0.41525568690095843
2006-08-27,20.07,190.82,28.27,20.94,2470.23,1.5511021246006391
2006-08-28,3.0,243.15,27.0,19.32,2251.13,2.186199057507987
2006-08-29,0.0,385.59,27.45,15.94,1795.16,0.2809082587859425
2006-08-30,0.0,418.08,26.87,14.04,1603.17,0.0854938178913738
2006-08-31,0.0,418.17,28.9,15.58,1766.33,0.05007495047923322
2006-09-01,3.72,333.68,29.82,17.92,2066.84,0.037861547923322685
2006-09-02,0.0,330.01,27.46,17.85,2056.4,0.039693558306709266
2006-09-03,0.0,287.34,22.53,14.77,1685.16,0.0427469089456869
2006-09-04,0.0,369.43,25.72,14.95,1705.34,0.028701496006389778
2006-09-05,0.0,465.44,27.37,11.57,1365.44,0.024426805111821086
2006-09-06,0.0,455.18,27.18,12.0,1400.0,0.02137345447284345
2006-09-07,0.0,455.84,28.16,12.54,1443.09,0.01954144408945687
2006-09-08,0.0,432.61,28.5,14.08,1606.4,0.018930773961661342
2006-09-09,5.09,279.04,28.55,17.0,1919.81,0.018320103833865814
2006-09-10,0.0,381.52,30.0,17.87,2059.48,0.01954144408945687
2006-09-11,5.43,304.63,29.04,15.88,1790.14,0.020152114217252392
2006-09-12,0.0,392.31,25.76,13.84,1587.59,0.018320103833865814
2006-09-13,0.0,447.11,23.39,9.01,1161.09,0.017098763578274757
2006-09-14,0.0,477.47,28.86,10.28,1262.13,0.015877423322683704
2006-09-15,0.0,428.76,30.64,15.07,1725.0,0.014045412939297123
2006-09-16,0.0,384.5,32.6,18.93,2189.24,0.01282407268370607
2006-09-17,1.95,433.64,33.5,13.81,1584.81,0.01282407268370607
2006-09-18,0.0,437.59,22.79,7.69,1055.05,0.011602732428115015
2006-09-19,0.0,470.56,24.39,5.86,920.0,0.009770722044728435
2006-09-20,0.0,453.75,24.64,7.08,1006.72,0.009770722044728435
2006-09-21,3.56,310.09,28.93,12.95,1476.09,0.018930773961661342
2006-09-22,4.55,296.0,24.64,10.78,1302.31,0.01282407268370607
2006-09-23,0.0,401.68,26.79,11.5,1359.85,0.010381392172523962
2006-09-24,0.0,344.21,22.69,10.94,1315.52,0.010381392172523962
2006-09-25,0.0,417.87,23.01,7.06,1004.45,0.009160051916932907
2006-09-26,0.0,448.4,28.34,7.83,1066.44,0.009160051916932907
2006-09-27,0.0,427.83,30.03,10.5,1279.79,0.009160051916932907
2006-09-28,0.0,420.76,24.82,6.78,982.76,0.009160051916932907
2006-09-29,0.0,361.69,21.02,7.27,1021.37,0.010381392172523962
2006-09-30,0.0,414.47,29.15,9.94,1235.16,0.011602732428115015
2006-10-01,0.0,403.62,32.86,13.1,1496.23,0.010992062300319488
2006-10-02,0.0,355.96,35.0,17.91,2064.8,0.012213402555910543
2006-10-03,0.0,316.93,34.62,19.75,2296.93,0.010992062300319488
2006-10-04,0.0,345.04,34.28,17.5,2000.4,0.006717371405750799
2006-10-05,0.0,285.47,25.38,13.59,1566.99,0.005434964137380192
2006-10-06,0.0,297.64,25.94,13.43,1549.59,0.007328041533546326
2006-10-07,0.0,326.76,28.03,13.49,1558.47,0.006717371405750799
2006-10-08,0.0,357.28,28.5,11.63,1370.5,0.006717371405750799
2006-10-09,0.0,354.32,26.62,10.01,1240.78,0.0060456342651757184
2006-10-10,2.26,177.56,17.74,10.07,1245.57,0.006106701277955272
2006-10-11,3.57,200.94,14.45,3.96,800.0,0.011602732428115015
2006-10-12,2.48,297.06,19.01,4.03,802.75,0.010992062300319488
2006-10-13,0.0,294.18,14.19,2.16,720.0,0.011602732428115015
2006-10-14,0.0,367.46,19.74,2.38,720.0,0.011602732428115015
2006-10-15,4.88,246.77,21.54,6.53,962.44,0.017098763578274757
2006-10-16,4.12,86.59,16.77,12.33,1426.14,0.017098763578274757
2006-10-17,0.0,173.4,18.95,12.1,1408.25,0.01954144408945687
2006-10-18,0.0,339.98,21.59,5.87,925.71,0.01526675319488818
2006-10-19,0.0,272.73,12.68,1.83,704.11,0.014045412939297123
2006-10-20,0.0,345.09,17.19,1.47,677.73,0.01526675319488818
2006-10-21,0.0,355.27,20.04,2.77,742.84,0.015877423322683704
2006-10-22,0.66,327.19,11.32,-3.0,480.0,0.014656083067092651
2006-10-23,0.0,346.39,14.3,-2.0,520.0,0.01526675319488818
2006-10-24,0.0,346.27,17.68,0.59,635.59,0.01526675319488818
2006-10-25,0.0,341.01,22.01,4.4,834.42,0.017098763578274757
2006-10-26,2.93,98.45,17.44,12.53,1442.21,0.018320103833865814
2006-10-27,12.43,219.89,19.76,6.45,955.61,0.02564814536741214
2006-10-28,0.0,288.98,16.98,4.18,814.41,0.02320546485623003
2006-10-29,0.0,350.87,23.89,4.08,806.19,0.02137345447284345
2006-10-30,0.0,356.78,27.08,4.84,867.25,0.023816134984025558
2006-10-31,0.0,373.93,25.69,-0.72,583.36,0.018320103833865814
2006-11-01,0.0,267.19,9.18,-2.55,516.2,0.023816134984025558
2006-11-02,0.0,328.86,11.5,-5.34,412.95,0.028701496006389778
2006-11-03,0.0,326.76,13.5,-3.56,468.54,0.029922836261980834
2006-11-04,0.0,291.68,15.66,1.19,657.3,0.029312166134185302
2006-11-05,0.0,221.95,18.27,7.95,1075.68,0.029922836261980834
2006-11-06,0.0,187.84,16.97,8.52,1121.68,0.03053350638977636
2006-11-07,0.0,293.65,18.57,3.29,783.02,0.034197527156549515
2006-11-08,0.0,324.67,24.92,4.5,839.98,0.03480819728434505
2006-11-09,0.0,320.62,30.11,7.85,1067.75,0.03480819728434505
2006-11-10,0.0,312.19,27.93,7.0,999.99,0.037861547923322685
2006-11-11,0.0,270.01,11.67,-2.5,519.85,0.03236551677316293
2006-11-12,0.0,256.31,12.36,-1.01,560.0,0.034197527156549515
2006-11-13,0.0,230.01,14.91,3.17,773.95,0.034197527156549515
2006-11-14,0.0,209.26,13.25,2.88,750.07,0.03541886741214057
2006-11-15,6.61,154.1,12.66,2.37,721.48,0.043968249201277954
2006-11-16,0.0,207.04,6.51,-3.77,461.86,0.04213623881789137
2006-11-17,0.0,263.67,11.6,-3.08,480.75,0.04213623881789137
2006-11-18,0.0,294.02,18.08,-1.0,560.11,0.040304228434504784
2006-11-19,0.0,244.37,11.45,-2.09,520.0,0.039693558306709266
2006-11-20,0.0,283.15,13.72,-4.0,440.0,0.039693558306709266
2006-11-21,0.0,274.07,14.52,-2.46,519.64,0.039693558306709266
2006-11-22,0.0,260.12,19.48,3.25,780.26,0.03847221805111821
2006-11-23,0.0,262.77,20.5,3.57,789.17,0.039693558306709266
2006-11-24,0.0,259.27,20.89,4.2,822.26,0.04091489856230032
2006-11-25,0.0,240.62,18.52,3.52,795.17,0.040304228434504784
2006-11-26,0.0,235.89,19.7,4.85,849.19,0.0427469089456869
2006-11-27,0.0,226.37,19.03,4.95,857.04,0.044578919329073485
2006-11-28,6.1,152.97,17.42,5.31,891.55,0.05007495047923322
2006-11-29,0.0,290.54,21.5,-1.24,519.6,0.044578919329073485
2006-11-30,0.0,132.46,-0.71,-7.37,353.3,0.0427469089456869
2006-12-01,9.8,174.02,-4.51,-15.65,187.89,0.04091489856230032
2006-12-02,0.0,285.72,0.78,-14.57,200.0,0.040304228434504784
2006-12-03,0.0,270.76,2.41,-11.74,240.0,0.04091489856230032
2006-12-04,0.0,235.0,1.99,-9.53,280.0,0.040304228434504784
2006-12-05,0.0,252.33,7.01,-6.1,391.95,0.040304228434504784
2006-12-06,0.0,253.63,9.92,-3.66,467.88,0.0427469089456869
2006-12-07,0.0,304.38,11.61,-7.66,347.22,0.04213623881789137
2006-12-08,0.0,196.19,-0.66,-10.0,280.0,0.03908288817891374
2006-12-09,0.0,273.73,7.34,-7.62,350.23,0.04213623881789137
2006-12-10,0.0,262.9,13.35,-1.01,564.83,0.04518958945686901
2006-12-11,0.0,244.38,13.93,0.95,647.79,0.043968249201277954
2006-12-12,0.0,287.87,17.01,-0.69,548.25,0.043968249201277954
2006-12-13,0.0,270.58,16.17,-1.89,519.64,0.04335757907348242
2006-12-14,0.0,262.85,18.2,-1.0,558.25,0.0427469089456869
2006-12-15,0.0,255.65,18.48,-0.05,597.25,0.04213623881789137
2006-12-16,0.0,246.29,18.74,1.18,654.36,0.04152556869009585
2006-12-17,0.0,204.24,15.64,2.79,743.54,0.03908288817891374
2006-12-18,0.0,149.43,8.35,0.01,601.45,0.040304228434504784
2006-12-19,0.0,139.41,8.0,0.36,625.54,0.03847221805111821
2006-12-20,26.53,90.38,9.3,2.87,751.49,0.07938711661341853
2006-12-21,6.1,123.69,10.2,1.23,660.59,0.04702159984025559
2006-12-22,0.0,146.18,7.3,-0.25,599.44,0.0427469089456869
2006-12-23,0.0,201.06,7.89,-3.01,480.0,0.03664020766773163
2006-12-24,0.0,230.53,9.02,-4.21,440.0,0.03175484664536741
2006-12-25,0.0,208.19,7.06,-4.11,440.0,0.03053350638977636
2006-12-26,0.0,219.34,5.36,-6.49,360.96,0.028701496006389778
2006-12-27,0.0,247.49,9.2,-5.44,404.58,0.029312166134185302
2006-12-28,0.0,226.69,12.89,-0.02,604.99,0.029312166134185302
2006-12-29,0.0,141.77,13.63,6.63,970.14,0.03053350638977636
2006-12-30,13.62,109.86,14.74,7.41,1032.74,0.06106701277955272
2006-12-31,4.77,175.29,10.31,0.42,629.85,0.05618165175718849
2007-01-01,2.95,183.46,2.53,-5.06,435.45,0.05007495047923322
2007-01-02,0.0,291.36,6.79,-6.48,361.27,0.039693558306709266
2007-01-03,0.0,297.26,8.53,-5.38,409.53,0.0360295375399361
2007-01-04,0.0,283.75,11.88,-1.02,561.88,0.034197527156549515
2007-01-05,0.0,225.78,11.55,2.39,726.96,0.03358685702875399
2007-01-06,1.1,247.75,7.34,-2.71,504.73,0.032976186900958465
2007-01-07,0.0,286.57,9.0,-3.7,464.27,0.03175484664536741
2007-01-08,0.0,292.06,8.07,-4.95,438.81,0.03053350638977636
2007-01-09,0.0,319.81,13.1,-3.32,479.95,0.029922836261980834
2007-01-10,0.0,262.67,9.59,-1.24,559.64,0.029922836261980834
2007-01-11,0.0,312.54,15.54,0.06,608.8,0.029922836261980834
2007-01-12,0.0,353.58,20.42,-7.97,331.76,0.029922836261980834
2007-01-13,3.27,77.57,-6.6,-9.6,284.46,0.029922836261980834
2007-01-14,4.85,58.54,-7.11,-9.49,290.13,0.028701496006389778
2007-01-15,12.93,113.5,-5.97,-11.0,280.0,0.03114417651757188
2007-01-16,0.0,241.66,-5.47,-14.0,200.0,0.029312166134185302
2007-01-17,0.0,292.6,-2.74,-13.93,200.0,0.02748015575079872
2007-01-18,0.0,258.85,-0.49,-9.78,280.0,0.028090825878594246
2007-01-19,0.0,298.01,3.59,-7.9,328.41,0.029312166134185302
2007-01-20,0.0,273.09,2.99,-6.95,360.0,0.03175484664536741
2007-01-21,15.87,75.36,0.37,-2.72,502.63,0.03114417651757188
2007-01-22,0.0,195.5,0.73,-5.7,403.03,0.03114417651757188
2007-01-23,0.0,331.16,0.75,-12.34,240.0,0.03053350638977636
2007-01-24,0.0,350.66,4.33,-10.45,280.0,0.029922836261980834
2007-01-25,0.0,347.39,7.01,-7.44,356.58,0.032976186900958465
2007-01-26,0.0,338.61,7.51,-5.98,399.95,0.03358685702875399
2007-01-27,0.0,315.6,9.86,-2.01,530.36,0.03358685702875399
2007-01-28,0.0,336.77,2.79,-9.9,280.0,0.03541886741214057
2007-01-29,0.0,328.64,3.26,-8.74,320.0,0.03664020766773163
2007-01-30,0.0,363.7,6.71,-7.96,327.54,0.03664020766773163
2007-01-31,0.0,208.6,-2.3,-8.63,320.0,0.03664020766773163
2007-02-01,4.54,193.97,-3.82,-11.71,240.0,0.03664020766773163
2007-02-02,0.0,336.31,-1.0,-12.28,240.0,0.03664020766773163
2007-02-03,0.0,251.46,-5.09,-12.38,240.0,0.03480819728434505
2007-02-04,0.0,326.2,-1.68,-11.99,240.0,0.03725087779552715
2007-02-05,0.0,378.92,2.92,-10.76,280.0,0.0360295375399361
2007-02-06,0.0,400.38,10.12,-6.05,395.92,0.1465608306709265
2007-02-07,0.0,419.83,16.15,-3.94,444.61,1.300727372204473
2007-02-08,0.0,296.66,1.56,-7.28,360.0,0.5557098162939297
2007-02-09,0.0,245.21,-0.38,-7.2,360.0,0.1954144408945687
2007-02-10,0.0,244.62,-1.77,-8.32,320.0,0.09770722044728435
2007-02-11,0.0,341.09,1.7,-7.83,333.74,0.06717371405750798
2007-02-12,0.08,209.36,3.68,-1.57,554.66,0.07938711661341853
2007-02-13,6.17,261.67,4.42,-5.56,410.34,0.4824294009584665
2007-02-14,0.0,333.87,-4.7,-13.79,202.32,0.3908288817891374
2007-02-15,0.38,325.25,-6.11,-14.75,200.0,0.18320103833865814
2007-02-16,0.0,302.46,-8.11,-15.78,177.77,0.11602732428115016
2007-02-17,0.0,456.9,6.41,-11.04,276.97,0.07328041533546326
2007-02-18,0.0,397.29,8.18,-3.91,447.52,0.06106701277955272
2007-02-19,0.0,447.71,15.57,-1.44,552.91,0.06717371405750798
2007-02-20,0.0,452.48,19.06,0.43,634.37,0.05984567252396167
2007-02-21,0.0,455.7,15.22,-3.04,480.0,0.05801366214057508
2007-02-22,0.0,463.28,18.87,-1.1,560.0,0.05434964137380192
2007-02-23,0.0,408.86,18.12,3.87,802.2,0.05312830111821086
2007-02-24,15.02,279.63,21.21,8.78,1142.54,1.0930995287539935
2007-02-25,0.0,418.44,14.25,0.13,614.21,0.23205464856230032
2007-02-26,0.0,347.43,9.55,-0.52,595.01,0.09160051916932907
2007-02-27,0.0,431.74,13.28,-1.28,560.0,0.07328041533546326
2007-02-28,0.0,458.88,18.55,0.75,636.58,0.06717371405750798
2007-03-01,0.0,456.6,20.62,1.07,649.76,0.06106701277955272
2007-03-02,0.0,374.69,11.5,-0.96,566.94,0.057402992012779555
2007-03-03,0.0,356.81,8.48,-3.1,480.0,0.05434964137380192
2007-03-04,0.0,420.58,7.81,-7.42,360.0,0.05618165175718849
2007-03-05,0.0,471.43,17.52,-5.52,400.0,0.05618165175718849
2007-03-06,0.0,448.87,21.01,0.0,600.0,0.05312830111821086
2007-03-07,0.0,443.11,21.53,0.99,640.0,0.05007495047923322
2007-03-08,0.0,432.5,14.6,-3.47,475.8,0.0494642803514377
2007-03-09,0.0,460.58,19.88,-2.31,516.08,0.051906960862619804
2007-03-10,0.0,414.07,20.86,3.44,789.17,0.0494642803514377
2007-03-11,0.0,339.05,17.97,5.55,915.27,0.05251763099041533
2007-03-12,3.11,225.83,16.88,7.65,1051.71,0.05312830111821086
2007-03-13,0.0,371.83,22.0,7.69,931.96,0.05129629073482428
2007-03-14,0.0,391.91,23.83,8.0,915.49,0.050685620607028754
2007-03-15,0.0,438.74,22.99,3.72,651.3,0.05007495047923322
2007-03-16,2.03,365.26,12.62,-1.0,537.12,0.0494642803514377
2007-03-17,0.0,404.63,16.08,0.18,530.93,0.04824294009584664
2007-03-18,0.0,457.89,23.38,2.37,540.53,0.04885361022364217
2007-03-19,0.0,452.83,24.0,3.62,589.79,0.050685620607028754
2007-03-20,26.57,187.67,19.15,10.13,1250.24,2.570921238019169
2007-03-21,26.87,153.44,19.7,12.54,1443.53,2.845722795527156
2007-03-22,0.0,248.67,24.33,15.36,1744.84,0.5373897124600638
2007-03-23,10.23,178.99,22.98,14.68,1672.88,1.2579804632587859
2007-03-24,0.0,236.85,23.47,15.46,1756.9,0.78776446485623
2007-03-25,0.63,247.75,22.71,14.3,1624.38,0.24426805111821087
2007-03-26,3.13,216.88,21.97,14.51,1644.18,0.1709876357827476
2007-03-27,9.81,131.81,19.72,14.33,1626.53,0.16488093450479233
2007-03-28,6.06,205.53,21.69,13.01,1481.24,0.20762784345047922
2007-03-29,13.68,225.72,22.15,12.69,1454.96,1.0503526198083066
2007-03-30,27.43,159.8,17.71,11.59,1367.03,7.328041533546326
2007-03-31,34.2,226.21,16.86,8.28,1102.51,18.259036821086262
2007-04-01,0.0,373.55,18.37,7.22,1017.61,7.511242571884983
2007-04-02,0.0,460.3,24.26,8.05,1084.15,0.78776446485623
2007-04-03,0.0,460.31,27.02,10.3,1263.72,0.4030422843450479
2007-04-04,0.0,487.44,17.04,0.47,632.99,0.26258815495207666
2007-04-05,0.0,385.9,10.76,0.17,613.81,0.20762784345047922
2007-04-06,0.0,295.11,5.88,-1.34,560.0,0.18320103833865814
2007-04-07,0.0,335.35,3.23,-4.85,439.85,0.15877423322683706
2007-04-08,0.0,422.42,5.31,-5.3,416.2,0.14045412939297125
2007-04-09,0.0,393.8,6.92,-2.51,518.96,0.13434742811501596
2007-04-10,0.0,348.53,10.98,2.89,751.37,0.14045412939297125
2007-04-11,9.57,241.7,11.43,4.1,812.37,0.1954144408945687
2007-04-12,0.0,513.63,14.95,0.0,600.13,0.14045412939297125
2007-04-13,15.59,308.51,10.39,0.71,639.87,2.4121470047923323
2007-04-14,48.94,218.5,6.02,0.01,601.1,15.99955734824281
2007-04-15,0.0,508.22,13.98,0.5,640.0,8.12191269968051
2007-04-16,0.0,545.62,19.14,1.89,711.56,0.854938178913738
2007-04-17,0.0,524.87,21.5,6.0,920.0,0.39693558306709265
2007-04-18,6.83,336.07,17.41,6.92,993.26,0.32976186900958465
2007-04-19,0.0,514.52,21.79,7.4,1031.87,0.2748015575079872
2007-04-20,0.0,499.86,24.26,10.14,1251.18,0.21984124600638977
2007-04-21,0.0,455.69,25.67,13.55,1561.22,0.17709433706070285
2007-04-22,0.0,452.63,25.35,13.34,1535.66,0.15266753194888177
2007-04-23,0.0,520.12,24.82,9.03,1162.3,0.1282407268370607
2007-04-24,0.0,457.17,24.22,11.99,1399.24,0.12213402555910544
2007-04-25,2.04,402.46,22.99,11.5,1359.6,0.1893077396166134
2007-04-26,16.84,241.3,15.04,7.86,1069.14,0.1893077396166134
2007-04-27,0.0,452.77,19.0,7.5,1040.0,0.15266753194888177
2007-04-28,0.0,530.92,23.46,7.0,1000.0,0.1282407268370607
2007-04-29,0.0,534.05,27.01,9.06,1165.08,0.10992062300319488
2007-04-30,0.0,507.97,28.2,11.75,1379.85,0.10381392172523961
2007-05-01,0.0,430.39,26.17,14.07,1605.28,0.1465608306709265
2007-05-02,19.69,133.58,19.71,15.61,1768.6,0.2503747523961661
2007-05-03,0.0,195.97,19.59,15.21,1736.63,0.1893077396166134
2007-05-04,0.0,320.15,23.04,15.58,1766.6,0.15266753194888177
2007-05-05,0.0,405.61,27.57,17.09,1937.7,0.12213402555910544
2007-05-06,2.04,316.43,26.09,17.93,2055.18,0.10992062300319488
2007-05-07,35.82,278.24,24.81,15.78,1782.5,1.4717150079872203
2007-05-08,0.85,273.18,21.62,15.32,1745.79,3.334258897763578
2007-05-09,14.47,279.38,24.37,15.48,1758.47,1.0747794249201277
2007-05-10,0.89,400.93,26.08,15.75,1781.46,1.013712412140575
2007-05-11,15.69,324.89,26.52,15.27,1741.3,0.8732582827476038
2007-05-12,0.0,490.48,28.57,14.5,1640.0,0.42136238817891375
2007-05-13,0.0,490.85,29.96,15.4,1752.15,0.2137345447284345
2007-05-14,0.0,456.11,29.93,16.93,1914.25,0.14045412939297125
2007-05-15,18.39,341.44,28.5,15.84,1793.56,0.31144176517571887
2007-05-16,0.0,474.2,20.55,8.5,1120.0,0.24426805111821087
2007-05-17,0.0,510.89,23.29,9.21,1176.76,0.1465608306709265
2007-05-18,0.0,497.9,24.0,10.39,1271.39,0.10992062300319488
2007-05-19,0.0,502.54,24.97,11.0,1320.0,0.09160051916932907
2007-05-20,0.0,450.94,24.42,12.88,1470.54,0.0854938178913738
2007-05-21,0.0,449.81,26.5,14.71,1677.21,0.07938711661341853
2007-05-22,0.0,389.25,25.67,16.13,1824.19,0.07938711661341853
2007-05-23,0.0,376.37,27.02,17.86,2056.56,0.07328041533546326
2007-05-24,21.33,343.3,26.77,14.89,1702.14,0.14045412939297125
2007-05-25,3.06,318.56,20.5,12.58,1446.43,0.1282407268370607
2007-05-26,0.0,343.38,21.57,13.94,1594.94,0.09770722044728435
2007-05-27,7.8,275.61,24.18,15.91,1795.61,0.14045412939297125
2007-05-28,6.51,202.25,22.9,17.15,1945.78,0.293121661341853
2007-05-29,4.74,282.67,25.49,17.24,1958.98,0.1282407268370607
2007-05-30,14.64,311.37,25.98,16.6,1883.73,0.360295375399361
2007-05-31,3.34,406.04,25.28,12.4,1432.07,0.22594794728434506
2007-06-01,72.3,377.75,26.95,13.78,1582.66,18.808639936102235
2007-06-02,20.41,332.25,25.17,14.63,1667.16,18.808639936102235
2007-06-03,0.0,500.09,28.02,14.44,1641.76,2.180092356230032
2007-06-04,0.0,486.79,28.18,15.15,1728.08,0.5129629073482428
2007-06-05,0.0,488.64,28.93,15.5,1760.0,0.32365516773162933
2007-06-06,0.0,463.57,30.06,17.43,1988.3,0.24426805111821087
2007-06-07,0.0,418.08,30.98,19.82,2305.59,0.18320103833865814
2007-06-08,0.0,562.52,31.76,11.58,1366.5,0.13434742811501596
2007-06-09,0.0,512.85,26.48,11.64,1371.42,0.10992062300319488
2007-06-10,37.92,362.22,29.92,15.78,1782.64,1.508355215654952
2007-06-11,1.53,375.54,27.82,17.83,2049.67,10.747794249201277
2007-06-12,0.0,431.17,31.73,19.62,2285.0,1.0076057108626197
2007-06-13,9.82,315.08,31.04,19.54,2283.3,0.47632269968051116
2007-06-14,20.35,248.26,25.88,17.97,2074.53,1.9663578115015974
2007-06-15,5.79,265.31,26.5,17.98,2074.55,3.4380728194888177
2007-06-16,0.29,385.33,27.6,18.0,2080.0,0.6778438418530351
2007-06-17,0.0,389.18,28.46,18.83,2173.63,0.3786154792332268
2007-06-18,4.78,254.38,27.45,19.97,2318.99,0.32365516773162933
2007-06-19,19.85,264.05,27.75,19.5,2280.0,3.3831125079872204
2007-06-20,27.3,338.17,30.49,18.59,2136.83,18.991840974440894
2007-06-21,0.0,416.14,29.42,18.98,2196.9,8.427247763578276
2007-06-22,0.0,419.15,29.56,18.96,2193.66,0.7633376597444089
2007-06-23,0.0,428.11,30.5,19.43,2268.18,0.42136238817891375
2007-06-24,0.0,458.07,31.61,19.0,2200.0,0.32365516773162933
2007-06-25,0.0,445.79,31.98,19.68,2294.13,0.2809082587859425
2007-06-26,0.0,370.98,30.32,20.91,2465.57,0.24426805111821087
2007-06-27,10.82,163.74,25.69,20.72,2434.77,0.293121661341853
2007-06-28,24.94,141.29,23.61,19.5,2280.0,3.3831125079872204
2007-06-29,32.23,162.53,22.11,17.5,2000.0,17.892634744408944
2007-06-30,68.32,160.21,22.41,17.96,2066.89,29.556434185303512
2007-07-01,5.03,214.96,25.14,19.0,2200.01,15.51102124600639
2007-07-02,5.78,258.63,26.77,19.39,2262.88,1.9419310063897763
2007-07-03,0.0,385.03,29.27,20.3,2369.09,0.8244046725239615
2007-07-04,0.0,410.7,30.18,20.34,2375.24,1.3617943849840255
2007-07-05,49.31,343.19,31.87,20.0,2320.0,12.701938658146965
2007-07-06,0.0,461.12,31.45,19.56,2284.86,6.412036341853035
2007-07-07,0.0,487.28,32.46,19.0,2200.0,0.7511242571884984
2007-07-08,0.0,484.23,32.95,19.66,2292.56,0.4457891932907348
2007-07-09,0.0,462.96,32.99,20.78,2445.09,0.5068562060702875
2007-07-10,25.06,341.98,31.45,20.01,2321.85,4.879254321086262
2007-07-11,0.0,491.1,31.06,18.04,2082.83,1.4106479952076676
2007-07-12,17.57,326.1,28.0,18.0,2080.0,0.8854716853035143
2007-07-13,12.23,336.78,28.99,18.43,2114.51,0.8915783865814696
2007-07-14,0.0,455.5,30.42,19.11,2216.84,0.4824294009584665
2007-07-15,0.0,483.65,33.08,19.62,2287.34,0.3419752715654952
2007-07-16,0.0,466.91,34.0,21.0,2480.0,0.28701496006389776
2007-07-17,0.0,457.87,33.5,21.0,2480.0,0.2503747523961661
2007-07-18,0.0,444.63,32.99,21.06,2489.26,0.21984124600638977
2007-07-19,0.0,425.79,33.0,21.74,2597.63,0.20152114217252395
2007-07-20,0.0,404.86,32.01,21.74,2598.05,0.17709433706070285
2007-07-21,0.0,419.89,32.98,21.95,2631.75,0.16488093450479233
2007-07-22,0.0,415.15,32.79,21.95,2631.8,0.15266753194888177
2007-07-23,0.0,410.36,32.56,21.94,2631.08,0.14045412939297125
2007-07-24,0.0,388.52,30.24,20.84,2454.47,0.13434742811501596
2007-07-25,0.0,429.57,31.48,20.49,2397.79,0.1282407268370607
2007-07-26,0.0,452.21,31.47,19.5,2280.0,0.12213402555910544
2007-07-27,0.0,467.47,32.99,19.68,2294.11,0.11602732428115016
2007-07-28,0.0,458.93,33.43,20.14,2342.04,0.10992062300319488
2007-07-29,0.0,445.37,34.08,21.0,2480.0,0.10381392172523961
2007-07-30,0.0,419.58,33.58,21.5,2560.0,0.10992062300319488
2007-07-31,0.02,380.61,31.3,21.01,2481.65,1.5144619169329072
2007-08-01,0.0,390.59,31.94,21.1,2496.15,0.21984124600638977
2007-08-02,0.0,403.67,32.5,21.0,2480.0,0.10992062300319488
2007-08-03,0.0,408.0,33.37,21.42,2546.64,0.09160051916932907
2007-08-04,0.0,396.6,33.56,21.99,2638.97,0.07938711661341853
2007-08-05,0.0,383.45,34.49,23.19,2830.57,0.07328041533546326
2007-08-06,0.0,400.18,36.47,24.01,2999.17,0.06717371405750798
2007-08-07,0.0,394.72,36.77,24.45,3071.32,0.06106701277955272
2007-08-08,0.0,414.2,37.88,24.29,3046.72,0.06045634265175719
2007-08-09,3.88,368.16,37.6,21.33,2533.21,0.057402992012779555
2007-08-10,0.0,424.36,35.44,21.95,2632.21,0.05618165175718849
2007-08-11,0.0,434.99,36.44,22.0,2640.0,0.05373897124600639
2007-08-12,0.0,435.54,37.44,22.47,2715.98,0.051906960862619804
2007-08-13,0.0,445.37,37.99,22.12,2658.62,0.04885361022364217
2007-08-14,0.0,455.67,38.45,21.64,2582.66,0.044578919329073485
2007-08-15,0.0,448.74,38.59,22.0,2640.0,0.044578919329073485
2007-08-16,0.0,436.52,38.5,22.5,2719.99,0.04152556869009585
2007-08-17,0.0,439.91,37.13,21.31,2529.64,0.040304228434504784
2007-08-18,0.0,375.22,34.0,22.0,2639.71,0.04824294009584664
2007-08-19,10.23,217.41,31.44,22.99,2799.14,0.05129629073482428
2007-08-20,0.0,283.98,31.78,23.35,2856.63,0.04213623881789137
2007-08-21,0.0,351.26,34.47,23.27,2842.96,0.040304228434504784
2007-08-22,0.0,312.43,33.0,23.44,2872.58,0.03664020766773163
2007-08-23,0.0,320.6,34.0,23.93,2981.49,0.03480819728434505
2007-08-24,15.2,282.46,33.0,21.0,2480.0,0.06106701277955272
2007-08-25,5.09,177.43,26.7,20.21,2353.88,0.043968249201277954
2007-08-26,0.0,343.97,30.94,20.67,2426.61,0.0427469089456869
2007-08-27,0.0,386.6,34.25,21.6,2576.22,0.03908288817891374
2007-08-28,0.0,395.58,34.73,21.5,2560.0,0.03541886741214057
2007-08-29,0.0,381.22,34.06,21.56,2569.58,0.03358685702875399
2007-08-30,0.0,338.08,30.69,20.5,2400.0,0.032976186900958465
2007-08-31,0.0,388.96,29.47,17.46,1993.42,0.03175484664536741
2007-09-01,0.0,456.2,31.45,15.39,1751.56,0.03053350638977636
2007-09-02,0.0,470.34,31.99,14.5,1640.0,0.029922836261980834
2007-09-03,0.0,470.71,32.39,14.43,1634.38,0.028090825878594246
2007-09-04,0.0,447.15,32.5,15.86,1788.93,0.02748015575079872
2007-09-05,0.0,371.22,30.61,18.29,2103.0,0.028090825878594246
2007-09-06,0.0,314.83,30.28,20.23,2360.75,0.028701496006389778
2007-09-07,1.55,316.29,33.24,21.52,2562.8,0.026869485623003196
2007-09-08,0.0,250.83,28.25,20.72,2434.56,0.026869485623003196
2007-09-09,0.0,343.45,29.51,18.64,2144.1,0.026869485623003196
2007-09-10,0.0,327.1,26.29,16.53,1878.84,0.028090825878594246
2007-09-11,0.85,465.69,24.59,8.31,1104.57,0.024426805111821086
2007-09-12,0.0,484.82,27.41,8.55,1123.69,0.02564814536741214
2007-09-13,0.0,456.22,27.98,11.2,1335.89,0.02564814536741214
2007-09-14,0.0,431.82,29.46,13.91,1592.55,0.02320546485623003
2007-09-15,0.0,263.89,20.29,13.0,1479.92,0.021984124600638977
2007-09-16,0.0,264.51,19.27,12.14,1410.98,0.022594794728434505
2007-09-17,0.0,421.99,33.75,17.45,1991.52,0.021984124600638977
2007-09-18,0.0,338.92,31.08,19.75,2299.82,0.02137345447284345
2007-09-19,0.72,284.48,28.62,19.63,2290.32,0.02137345447284345
2007-09-20,0.0,337.42,31.45,19.93,2315.39,0.020762784345047924
2007-09-21,0.0,351.47,31.93,19.49,2278.99,0.021984124600638977
2007-09-22,0.0,377.87,33.5,19.09,2213.61,0.023816134984025558
2007-09-23,0.0,367.58,32.0,18.36,2109.05,0.021984124600638977
2007-09-24,0.0,344.97,31.01,18.5,2120.0,0.01954144408945687
2007-09-25,0.0,345.74,30.5,17.89,2059.43,0.018320103833865814
2007-09-26,0.0,333.06,24.61,13.45,1544.94,0.017709433706070286
2007-09-27,0.0,398.91,27.86,12.5,1441.82,0.017098763578274757
2007-09-28,0.0,403.85,30.94,14.14,1611.03,0.017709433706070286
2007-09-29,0.0,383.23,30.5,15.06,1671.78,0.017709433706070286
2007-09-30,0.0,337.92,29.53,16.69,1881.35,0.017098763578274757
2007-10-01,0.0,443.46,29.65,8.5,1016.12,0.014656083067092651
2007-10-02,0.0,430.69,29.42,9.48,1103.43,0.017709433706070286
2007-10-03,5.02,319.46,29.36,9.44,1190.57,0.020152114217252392
2007-10-04,0.0,420.75,28.15,9.47,937.12,0.020152114217252392
2007-10-05,0.0,298.75,31.69,19.82,2098.09,0.01954144408945687
2007-10-06,0.0,285.51,31.81,20.37,2211.04,0.01954144408945687
2007-10-07,0.0,246.32,29.94,20.35,2336.79,0.022594794728434505
2007-10-08,12.07,294.99,30.24,11.66,1273.83,0.028090825878594246
2007-10-09,0.0,384.36,25.15,8.5,878.03,0.026869485623003196
2007-10-10,0.0,397.81,28.0,9.17,885.94,0.024426805111821086
2007-10-11,0.0,382.08,24.91,8.01,740.09,0.020762784345047924
2007-10-12,0.0,361.24,23.4,8.31,686.85,0.06106701277955272
2007-10-13,9.27,261.53,26.47,11.35,1025.85,0.043968249201277954
2007-10-14,0.0,302.0,28.09,15.56,1342.91,0.1893077396166134
2007-10-15,41.62,218.35,23.12,11.18,1225.21,0.9160051916932908
2007-10-16,0.0,285.68,16.89,5.52,911.45,0.20762784345047922
2007-10-17,19.92,257.72,22.26,6.65,970.3,2.4426805111821084
2007-10-18,36.41,156.97,19.18,10.99,1319.27,9.770722044728434
2007-10-19,0.0,309.78,19.24,5.9,920.0,1.8320103833865815
2007-10-20,0.0,348.64,23.51,6.44,955.58,0.2992283626198083
2007-10-21,0.0,333.51,27.41,10.5,1277.89,0.15877423322683706
2007-10-22,10.52,205.04,18.74,6.96,996.96,0.3786154792332268
2007-10-23,0.0,292.52,14.52,1.9,711.69,0.20762784345047922
2007-10-24,0.0,345.58,19.94,2.49,720.0,0.10381392172523961
2007-10-25,0.0,321.83,17.4,2.0,720.0,0.09160051916932907
2007-10-26,0.0,322.88,17.2,1.39,671.12,0.07938711661341853
2007-10-27,0.0,313.59,16.82,1.58,686.28,0.07938711661341853
2007-10-28,0.0,285.86,16.25,2.93,754.18,0.07328041533546326
2007-10-29,0.0,303.38,18.91,3.94,800.0,0.07328041533546326
2007-10-30,0.0,301.68,22.83,7.14,1011.51,0.07938711661341853
2007-10-31,0.0,290.33,22.19,7.47,1037.92,0.09160051916932907
2007-11-01,0.0,318.5,16.37,-0.02,600.0,0.09160051916932907
2007-11-02,0.0,319.55,16.74,0.0,600.0,0.09160051916932907
2007-11-03,0.0,329.28,19.3,0.87,640.33,0.09770722044728435
2007-11-04,0.0,323.22,18.91,0.77,638.73,0.09770722044728435
2007-11-05,0.0,324.34,22.99,3.33,783.79,0.12213402555910544
2007-11-06,0.0,295.42,14.83,-0.99,560.45,0.12213402555910544
2007-11-07,0.0,263.99,11.12,-2.0,520.0,0.13434742811501596
2007-11-08,0.0,298.09,16.0,-0.53,593.18,0.14045412939297125
2007-11-09,0.0,317.96,22.39,2.23,720.0,0.13434742811501596
2007-11-10,0.0,302.01,22.66,4.14,811.49,0.1465608306709265
2007-11-11,0.0,245.25,20.87,7.57,1045.32,0.1709876357827476
2007-11-12,0.0,212.48,24.5,12.94,1486.53,0.15266753194888177
2007-11-13,0.0,280.47,19.09,2.75,744.91,0.1709876357827476
2007-11-14,0.0,283.29,20.36,3.16,773.12,0.1893077396166134
2007-11-15,0.0,279.87,14.76,-1.73,541.76,0.1954144408945687
2007-11-16,0.0,260.29,13.47,-1.26,556.41,0.20152114217252395
2007-11-17,0.0,282.98,18.99,0.91,640.0,0.20152114217252395
2007-11-18,0.0,296.84,23.33,2.0,720.0,0.2137345447284345
2007-11-19,0.0,279.68,24.96,5.42,913.92,0.22594794728434506
2007-11-20,0.0,237.29,26.1,10.7,1296.01,0.17709433706070285
2007-11-21,0.0,292.41,23.0,1.2,658.03,0.1893077396166134
2007-11-22,0.0,191.7,3.04,-7.45,360.0,0.18320103833865814
2007-11-23,0.0,228.49,4.12,-9.0,320.0,0.1893077396166134
2007-11-24,2.23,190.86,2.92,-7.56,354.88,0.20152114217252395
2007-11-25,0.0,240.24,6.26,-6.06,395.44,0.20762784345047922
2007-11-26,0.0,259.18,8.88,-5.0,440.0,0.20762784345047922
2007-11-27,0.0,286.33,11.65,-4.98,440.0,0.20762784345047922
2007-11-28,0.0,284.55,13.89,-3.97,442.24,0.20152114217252395
2007-11-29,0.0,295.95,11.88,-7.5,360.0,0.20152114217252395
2007-11-30,0.0,256.3,9.04,-6.03,396.54,0.20152114217252395
2007-12-01,3.0,132.31,9.79,-0.34,596.13,0.21984124600638977
2007-12-02,1.17,249.88,17.81,0.65,635.59,0.22594794728434506
2007-12-03,0.0,222.39,6.12,-7.43,360.0,0.2137345447284345
2007-12-04,0.0,261.01,11.64,-6.49,362.82,0.23205464856230032
2007-12-05,0.0,262.63,17.58,-1.46,557.49,0.21984124600638977
2007-12-06,0.0,181.11,6.04,-4.4,440.0,0.21984124600638977
2007-12-07,0.69,100.83,3.02,-2.67,506.85,0.22594794728434506
2007-12-08,1.45,66.67,1.61,-1.89,532.47,0.23205464856230032
2007-12-09,9.44,104.38,-0.84,-7.25,360.0,0.23205464856230032
2007-12-10,3.54,62.21,-3.57,-6.7,360.02,0.2564814536741214
2007-12-11,30.47,81.35,-0.02,-4.64,440.0,0.3664020766773163
2007-12-12,17.92,60.83,0.14,-3.11,480.86,0.427469089456869
2007-12-13,0.0,93.25,-0.25,-4.02,447.25,0.48853610223642174
2007-12-14,0.0,193.77,3.41,-5.01,439.5,0.30533506389776355
2007-12-15,5.38,101.94,0.6,-4.88,434.76,0.24426805111821087
2007-12-16,6.07,179.58,-2.05,-12.55,240.0,0.23205464856230032
2007-12-17,0.0,290.12,2.24,-12.2,240.0,0.21984124600638977
2007-12-18,0.0,293.55,7.46,-7.52,347.86,0.3664020766773163
2007-12-19,0.0,288.33,8.56,-5.87,393.27,0.48853610223642174
2007-12-20,0.0,298.13,11.51,-4.46,440.0,0.4457891932907348
2007-12-21,0.0,289.19,12.83,-1.88,532.16,0.41525568690095843
2007-12-22,0.0,302.34,15.53,-1.69,542.0,0.1893077396166134
2007-12-23,12.87,197.77,0.3,-11.3,256.22,0.0854938178913738
2007-12-24,0.0,278.47,2.95,-9.96,280.0,0.10992062300319488
2007-12-25,0.0,273.68,6.03,-6.6,360.01,0.09160051916932907
2007-12-26,0.0,253.25,8.4,-2.83,494.28,0.11602732428115016
2007-12-27,1.95,91.17,1.0,-2.72,503.02,0.13434742811501596
2007-12-28,5.18,129.08,-0.63,-6.85,361.73,0.15877423322683706
2007-12-29,0.0,222.24,-1.73,-9.81,280.0,0.10381392172523961
2007-12-30,0.0,299.77,1.31,-11.79,240.0,0.10381392172523961
2007-12-31,0.0,310.35,4.43,-10.06,280.0,0.10992062300319488
2008-01-01,0.0,194.85,3.34,-7.04,360.0,0.07938711661341853
2008-01-02,0.0,216.87,-0.62,-12.39,240.0,0.06717371405750798
2008-01-03,0.0,215.5,-0.06,-11.7,240.0,0.06717371405750798
2008-01-04,0.0,205.77,5.33,-5.74,399.47,0.07328041533546326
2008-01-05,0.0,191.0,9.15,-1.02,563.51,0.293121661341853
2008-01-06,0.0,238.3,16.03,1.76,692.43,2.491534121405751
2008-01-07,0.0,239.54,19.47,4.73,859.03,1.1785933466453673
2008-01-08,0.66,243.6,16.25,0.85,641.48,0.5068562060702875
2008-01-09,0.0,224.17,9.26,-3.0,480.0,0.28701496006389776
2008-01-10,0.0,217.03,11.25,-0.5,600.0,0.20152114217252395
2008-01-11,0.0,234.87,8.36,-4.49,440.0,0.15877423322683706
2008-01-12,0.0,257.7,11.5,-3.5,480.0,0.14045412939297125
2008-01-13,0.0,269.42,9.47,-6.5,360.0,0.1282407268370607
2008-01-14,0.0,261.35,8.83,-6.01,399.54,0.11602732428115016
2008-01-15,0.0,271.58,10.5,-5.43,405.31,0.11602732428115016
2008-01-16,0.0,288.0,13.06,-4.94,440.0,0.12213402555910544
2008-01-17,2.78,237.13,3.51,-10.94,270.64,0.10992062300319488
2008-01-18,0.0,236.14,-0.41,-10.69,277.63,0.09770722044728435
2008-01-19,0.0,290.66,1.26,-12.44,240.0,0.09160051916932907
2008-01-20,0.0,192.15,-4.17,-12.01,240.0,0.09770722044728435
2008-01-21,0.0,293.74,5.01,-8.78,320.0,0.10992062300319488
2008-01-22,0.0,307.77,2.39,-12.2,240.0,0.0854938178913738
2008-01-23,0.0,257.84,-1.12,-12.1,240.0,0.0854938178913738
2008-01-24,0.0,351.37,3.97,-14.89,200.0,0.0854938178913738
2008-01-25,0.0,304.75,-1.48,-15.16,200.0,0.09160051916932907
2008-01-26,0.0,329.2,9.98,-6.09,366.13,0.09160051916932907
2008-01-27,0.0,361.3,15.1,-5.0,360.04,0.09770722044728435
2008-01-28,0.0,332.49,18.76,0.21,536.55,0.10992062300319488
2008-01-29,0.0,324.74,18.57,-1.31,489.69,0.10992062300319488
2008-01-30,0.0,247.87,4.41,-6.93,360.0,0.09770722044728435
2008-01-31,9.64,259.8,9.42,-7.17,352.95,0.10381392172523961
2008-02-01,6.15,240.46,-2.66,-16.0,160.0,0.0854938178913738
2008-02-02,0.0,366.26,5.6,-12.1,240.0,0.11602732428115016
2008-02-03,0.0,294.67,8.57,-3.69,462.49,0.1282407268370607
2008-02-04,0.0,244.65,11.13,1.38,670.76,0.15877423322683706
2008-02-05,11.1,293.24,21.7,-0.68,564.14,0.5129629073482428
2008-02-06,5.27,156.71,0.86,-6.81,362.53,1.1114196325878594
2008-02-07,0.0,240.32,2.0,-6.81,360.28,0.34808197284345044
2008-02-08,0.0,263.86,7.85,-2.07,520.0,0.32976186900958465
2008-02-09,0.0,339.92,11.63,-2.5,519.41,0.3175484664536741
2008-02-10,0.0,412.84,15.3,-6.31,358.66,0.23816134984025558
2008-02-11,0.01,217.03,0.76,-6.83,360.0,0.16488093450479233
2008-02-12,0.0,273.46,4.01,-5.76,397.24,0.13434742811501596
2008-02-13,0.0,248.11,2.65,-5.82,400.0,0.11602732428115016
2008-02-14,0.0,411.94,13.93,-4.5,326.17,0.11602732428115016
2008-02-15,0.0,437.68,14.94,-6.92,268.03,0.10381392172523961
2008-02-16,0.0,246.68,2.4,-5.77,399.05,0.14045412939297125
2008-02-17,26.94,121.73,4.14,-1.0,560.0,4.15866357028754
2008-02-18,3.31,293.23,8.77,-3.07,478.66,3.26708518370607
2008-02-19,0.0,407.28,10.44,-6.0,374.73,0.6595237380191693
2008-02-20,0.0,446.04,14.53,-6.19,344.21,0.37250877795527154
2008-02-21,5.17,136.22,-2.29,-7.56,349.67,0.28701496006389776
2008-02-22,0.0,135.5,-3.22,-7.08,360.0,0.24426805111821087
2008-02-23,0.0,263.24,2.63,-5.27,418.37,0.23816134984025558
2008-02-24,3.52,121.38,1.43,-3.06,480.0,0.293121661341853
2008-02-25,0.0,327.31,8.98,-1.0,560.0,0.41525568690095843
2008-02-26,0.0,461.08,14.3,-3.99,409.0,0.31144176517571887
2008-02-27,0.0,393.22,6.83,-5.54,400.0,0.23205464856230032
2008-02-28,0.0,455.95,12.7,-3.86,422.72,0.1954144408945687
2008-02-29,0.0,447.45,15.54,-0.5,514.03,0.1709876357827476
2008-03-01,0.0,432.9,17.11,1.64,600.33,0.15266753194888177
2008-03-02,0.0,414.62,21.51,4.37,719.16,0.30533506389776355
2008-03-03,22.32,322.4,18.68,-0.06,591.13,4.0792764536741215
2008-03-04,0.0,356.75,4.85,-6.89,360.0,1.1114196325878594
2008-03-05,0.0,393.41,8.42,-5.55,400.0,0.4335757907348243
2008-03-06,0.0,371.13,7.76,-4.41,440.0,0.28701496006389776
2008-03-07,0.0,376.54,6.13,-6.27,378.7,0.23205464856230032
2008-03-08,0.0,377.92,0.74,-11.45,243.66,0.1893077396166134
2008-03-09,0.0,445.9,9.13,-8.34,320.0,0.17709433706070285
2008-03-10,0.0,444.15,15.84,-2.0,500.52,0.15877423322683706
2008-03-11,0.0,445.48,15.35,-2.04,498.05,0.1465608306709265
2008-03-12,0.0,476.63,22.83,-0.12,520.44,0.14045412939297125
2008-03-13,0.0,443.7,23.58,4.9,759.46,0.13434742811501596
2008-03-14,0.0,431.15,19.63,2.62,669.49,0.1282407268370607
2008-03-15,4.28,348.71,19.51,2.02,696.34,0.12213402555910544
2008-03-16,0.0,315.39,9.91,0.19,615.21,0.11602732428115016
2008-03-17,16.21,232.04,10.99,1.46,676.63,0.7511242571884984
2008-03-18,22.15,135.04,9.55,4.39,833.51,5.654805383386581
2008-03-19,0.0,398.84,13.76,0.35,628.07,1.6121691373801916
2008-03-20,0.0,450.28,18.05,1.14,651.43,0.5801366214057507
2008-03-21,0.0,465.12,22.52,4.0,780.21,0.360295375399361
2008-03-22,0.0,415.99,17.54,3.07,763.89,0.26258815495207666
2008-03-23,0.0,430.99,12.42,-2.65,507.06,0.21984124600638977
2008-03-24,0.0,411.82,11.49,-2.48,516.26,0.20152114217252395
2008-03-25,0.0,426.25,17.72,2.22,716.84,0.18320103833865814
2008-03-26,0.0,387.44,21.05,7.32,1024.09,0.1709876357827476
2008-03-27,0.0,348.32,18.73,7.19,1015.59,0.1709876357827476
2008-03-28,0.0,323.16,13.29,3.23,778.61,0.15877423322683706
2008-03-29,0.0,262.84,11.24,3.52,790.63,0.1465608306709265
2008-03-30,0.0,230.05,13.04,6.44,955.52,0.15266753194888177
2008-03-31,8.13,222.86,18.62,9.76,1221.07,0.293121661341853
2008-04-01,0.0,469.08,16.45,0.39,599.9,0.7999778674121405
2008-04-02,0.0,399.7,12.55,0.63,640.0,0.2809082587859425
2008-04-03,0.34,447.47,16.41,1.98,681.2,0.17709433706070285
2008-04-04,0.0,411.11,16.56,3.97,798.31,0.15266753194888177
2008-04-05,0.0,443.76,16.8,2.72,727.2,0.13434742811501596
2008-04-06,0.0,462.88,19.3,3.95,756.26,0.11602732428115016
2008-04-07,0.0,483.71,20.53,3.76,734.11,0.10992062300319488
2008-04-08,18.79,253.56,13.36,3.92,801.56,2.4121470047923323
2008-04-09,0.0,350.66,10.73,1.23,660.24,1.2946206709265173
2008-04-10,30.86,252.18,11.34,2.47,724.9,9.037917891373802
2008-04-11,9.64,350.63,17.3,3.2,776.12,7.938711661341853
2008-04-12,0.0,365.93,12.38,3.0,759.96,1.282407268370607
2008-04-13,0.0,476.35,13.66,0.0,600.0,0.6167768290734824
2008-04-14,0.0,509.45,12.9,-2.41,520.0,0.42136238817891375
2008-04-15,0.0,527.07,17.5,0.17,613.68,0.3419752715654952
2008-04-16,0.0,496.55,23.0,6.91,986.23,0.2992283626198083
2008-04-17,0.0,411.74,23.0,10.99,1317.81,0.2686948562300319
2008-04-18,0.73,441.36,16.67,4.17,817.9,0.24426805111821087
2008-04-19,0.0,523.86,19.26,1.97,707.61,0.21984124600638977
2008-04-20,0.0,540.37,24.56,4.96,829.6,0.20762784345047922
2008-04-21,0.0,436.01,26.73,13.39,1535.34,0.18320103833865814
2008-04-22,0.0,495.84,26.08,9.78,1173.98,0.1709876357827476
2008-04-23,0.0,446.58,24.34,10.98,1311.9,0.1465608306709265
2008-04-24,7.68,268.56,24.0,14.18,1614.45,0.17709433706070285
2008-04-25,0.0,496.81,25.79,9.82,1189.47,0.2748015575079872
2008-04-26,0.0,482.71,18.67,4.5,840.0,0.1709876357827476
2008-04-27,0.63,487.16,18.6,4.16,812.78,0.12213402555910544
2008-04-28,0.0,441.14,14.8,2.66,733.89,0.10381392172523961
2008-04-29,0.0,499.78,19.41,3.88,795.73,0.09160051916932907
2008-04-30,0.0,539.21,26.15,6.49,917.64,0.09160051916932907
2008-05-01,0.0,452.14,27.18,12.8,1447.45,0.0854938178913738
2008-05-02,21.92,397.08,26.66,7.52,1041.34,0.47632269968051116
2008-05-03,0.0,461.41,18.51,4.73,858.1,0.43968249201277954
2008-05-04,0.0,499.27,18.16,2.46,720.0,0.2137345447284345
2008-05-05,0.0,531.57,23.68,5.07,851.22,0.09770722044728435
2008-05-06,19.56,354.72,26.5,10.96,1316.93,0.5129629073482428
2008-05-07,24.24,270.54,24.5,14.02,1601.44,2.1007052396166133
2008-05-08,12.64,208.91,18.47,11.04,1323.34,3.9021821166134183
2008-05-09,17.75,301.25,23.42,11.64,1371.39,5.496031150159744
2008-05-10,0.0,401.36,23.63,11.8,1383.65,2.4426805111821084
2008-05-11,0.0,539.12,23.16,4.28,824.62,1.2213402555910542
2008-05-12,0.0,466.36,19.67,5.41,912.54,0.48853610223642174
2008-05-13,0.0,462.95,24.15,9.49,1199.35,0.23816134984025558
2008-05-14,0.0,458.12,22.99,8.76,1140.73,0.2137345447284345
2008-05-15,4.09,271.73,20.0,9.87,1229.54,0.1709876357827476
2008-05-16,0.0,455.74,22.79,8.98,1158.39,0.13434742811501596
2008-05-17,0.0,490.54,25.64,9.61,1209.02,0.10992062300319488
2008-05-18,0.0,509.86,28.98,11.0,1316.91,0.09160051916932907
2008-05-19,0.0,492.88,30.38,13.13,1501.31,0.07328041533546326
2008-05-20,0.0,463.77,30.65,15.04,1722.86,0.06717371405750798
2008-05-21,0.0,474.45,25.74,10.5,1280.0,0.05496031150159744
2008-05-22,0.0,418.02,27.36,14.46,1637.13,0.05007495047923322
2008-05-23,25.35,246.85,28.83,18.97,2194.78,3.4747130271565494
2008-05-24,35.45,283.49,27.34,16.01,1804.79,7.205907507987219
2008-05-25,15.46,243.59,26.96,17.57,2011.79,1.5205686182108624
2008-05-26,31.59,285.83,29.56,18.0,2080.0,10.930995287539934
2008-05-27,54.61,244.46,26.11,16.93,1914.43,41.76983674121406
2008-05-28,1.28,340.78,26.49,16.43,1859.94,6.070061070287539
2008-05-29,0.0,273.73,24.18,16.88,1912.86,0.34808197284345044
2008-05-30,0.0,336.58,29.46,19.95,2316.05,0.2503747523961661
2008-05-31,21.19,335.43,31.82,19.46,2272.6,0.20152114217252395
2008-06-01,15.95,290.22,28.51,18.98,2196.86,5.19069608626198
2008-06-02,9.71,331.02,30.08,19.48,2277.05,0.3175484664536741
2008-06-03,0.0,396.79,33.04,21.3,2528.34,0.20152114217252395
2008-06-04,9.31,356.49,34.56,19.07,2210.64,1.5816356309904154
2008-06-05,0.0,421.3,33.89,21.15,2503.95,0.2992283626198083
2008-06-06,19.96,375.03,31.21,15.29,1743.54,1.917504201277955
2008-06-07,0.0,398.51,30.29,18.94,2191.09,0.4335757907348243
2008-06-08,0.0,289.45,31.33,23.32,2850.99,0.24426805111821087
2008-06-09,29.74,366.42,29.79,14.74,1678.3,4.622772867412141
2008-06-10,0.0,444.74,26.8,14.5,1639.75,3.6701274680511182
2008-06-11,0.0,455.12,30.19,16.87,1909.66,0.3664020766773163
2008-06-12,0.0,407.57,32.28,20.48,2399.8,0.24426805111821087
2008-06-13,34.49,356.07,30.75,16.48,1876.93,5.575418266773163
2008-06-14,0.0,454.35,29.07,16.02,1802.64,7.999778674121405
2008-06-15,0.0,466.82,32.36,18.0,2080.0,0.5984567252396166
2008-06-16,15.84,320.52,30.81,18.58,2134.67,5.679232188498402
2008-06-17,23.28,231.34,23.98,16.57,1885.72,18.136902795527156
2008-06-18,25.4,335.36,27.98,15.91,1793.35,9.953923083067092
2008-06-19,0.0,451.64,29.68,17.19,1950.85,7.511242571884983
2008-06-20,7.01,351.09,29.12,17.46,1993.61,2.112918642172524
2008-06-21,0.0,457.0,30.23,17.5,2000.0,0.7266974520766774
2008-06-22,0.0,483.19,32.08,17.55,2007.42,0.32365516773162933
2008-06-23,0.0,463.35,33.44,19.45,2271.45,0.2686948562300319
2008-06-24,0.0,426.59,32.19,20.01,2321.68,0.23816134984025558
2008-06-25,0.0,421.08,33.14,20.94,2470.11,0.20762784345047922
2008-06-26,0.0,417.39,33.6,21.37,2539.43,0.1893077396166134
2008-06-27,21.07,377.19,33.7,17.08,1932.1,0.34808197284345044
2008-06-28,0.42,435.57,31.46,18.41,2112.88,3.462499624600639
2008-06-29,21.54,333.59,28.09,15.5,1760.0,11.236330351437699
2008-06-30,0.0,479.53,29.01,14.65,1664.46,1.1175263338658148
2008-07-01,0.0,462.98,30.97,16.84,1907.36,0.34808197284345044
2008-07-02,0.0,436.54,34.27,20.43,2389.56,0.2686948562300319
2008-07-03,0.0,461.55,33.5,18.62,2144.63,0.22594794728434506
2008-07-04,0.0,431.5,28.35,15.98,1801.46,0.1893077396166134
2008-07-05,0.0,441.78,31.39,18.0,2079.36,0.15877423322683706
2008-07-06,0.0,450.68,35.48,20.65,2423.95,0.13434742811501596
2008-07-07,0.0,403.71,34.5,21.94,2630.8,0.12213402555910544
2008-07-08,0.0,350.12,32.48,22.21,2672.84,0.11602732428115016
2008-07-09,20.98,241.14,28.28,19.62,2289.82,0.12213402555910544
2008-07-10,0.0,255.06,26.89,20.3,2368.26,0.13434742811501596
2008-07-11,6.1,225.83,29.07,21.35,2536.79,0.13434742811501596
2008-07-12,10.37,287.88,32.5,21.45,2551.57,0.12213402555910544
2008-07-13,4.13,350.08,27.52,15.66,1773.7,0.1465608306709265
2008-07-14,0.0,497.59,30.0,14.56,1650.0,0.11602732428115016
2008-07-15,0.0,473.47,30.91,16.51,1881.15,0.10381392172523961
2008-07-16,0.0,423.84,31.97,19.5,2280.0,0.09770722044728435
2008-07-17,0.0,393.22,31.86,20.47,2394.76,0.09160051916932907
2008-07-18,3.58,299.17,32.23,21.18,2509.51,0.09160051916932907
2008-07-19,5.75,229.97,29.88,21.64,2581.94,0.09160051916932907
2008-07-20,0.0,412.23,34.85,22.13,2660.41,0.07938711661341853
2008-07-21,0.0,444.46,36.05,21.5,2559.29,0.07328041533546326
2008-07-22,0.0,455.28,37.0,21.54,2566.63,0.06717371405750798
2008-07-23,0.0,450.18,37.16,21.86,2617.3,0.06045634265175719
2008-07-24,0.0,417.09,36.52,22.95,2792.03,0.05618165175718849
2008-07-25,0.0,395.21,36.04,23.5,2880.0,0.05007495047923322
2008-07-26,7.04,370.79,36.09,22.19,2670.57,0.0494642803514377
2008-07-27,6.59,358.19,36.13,21.67,2587.21,0.1465608306709265
2008-07-28,0.0,426.3,36.66,22.54,2727.07,0.1282407268370607
2008-07-29,18.59,294.65,33.26,21.41,2545.44,0.1282407268370607
2008-07-30,19.5,215.4,28.72,21.08,2492.62,0.20762784345047922
2008-07-31,0.0,357.58,29.9,20.1,2336.06,0.2564814536741214
2008-08-01,0.0,396.62,32.33,20.78,2444.47,0.1282407268370607
2008-08-02,0.0,425.36,36.2,22.5,2719.99,0.07938711661341853
2008-08-03,0.0,433.98,37.48,22.89,2781.97,0.05984567252396167
2008-08-04,0.0,444.64,38.61,22.94,2790.42,0.05312830111821086
2008-08-05,0.0,451.14,39.26,22.89,2783.02,0.04518958945686901
2008-08-06,0.0,439.77,37.28,22.2,2671.31,0.04213623881789137
2008-08-07,0.0,332.32,31.52,22.07,2651.18,0.04518958945686901
2008-08-08,0.0,325.97,28.26,19.44,2270.48,0.04518958945686901
2008-08-09,2.51,325.12,29.6,20.06,2329.46,0.05923500239616612
2008-08-10,14.48,150.56,25.22,20.09,2334.23,0.0854938178913738
2008-08-11,4.98,123.48,24.01,19.96,2316.49,0.06717371405750798
2008-08-12,2.18,253.63,24.47,17.87,2055.93,0.05679232188498403
2008-08-13,0.0,438.93,29.99,17.07,1931.98,0.05373897124600639
2008-08-14,14.21,336.75,31.22,17.5,2000.0,0.05984567252396167
2008-08-15,0.21,380.09,27.3,17.0,1920.0,0.05801366214057508
2008-08-16,0.0,383.96,27.43,17.08,1932.56,0.06045634265175719
2008-08-17,0.0,377.63,27.1,17.0,1920.0,0.05679232188498403
2008-08-18,5.46,260.01,25.97,17.54,2006.38,0.05312830111821086
2008-08-19,0.69,294.19,25.92,18.28,2102.44,0.051906960862619804
2008-08-20,0.0,351.07,27.04,17.93,2069.48,0.050685620607028754
2008-08-21,2.43,254.86,25.73,18.64,2145.22,0.0494642803514377
2008-08-22,0.0,384.17,30.5,20.0,2320.03,0.04702159984025559
2008-08-23,0.0,425.56,34.41,21.22,2515.19,0.045800259584664535
2008-08-24,0.0,425.33,32.63,19.87,2309.26,0.04335757907348242
2008-08-25,0.68,432.73,28.5,15.99,1799.24,0.0427469089456869
2008-08-26,0.0,465.22,28.95,15.0,1720.0,0.04213623881789137
2008-08-27,0.0,462.61,31.62,17.0,1920.0,0.04213623881789137
2008-08-28,0.0,421.17,34.94,21.43,2548.01,0.040304228434504784
2008-08-29,0.0,443.48,36.36,20.8,2447.23,0.0427469089456869
2008-08-30,0.0,391.75,31.35,19.75,2299.67,0.03847221805111821
2008-08-31,0.0,425.93,33.03,19.32,2251.82,0.037861547923322685
2008-09-01,0.0,405.42,32.0,19.5,2280.0,0.03847221805111821
2008-09-02,0.0,406.95,31.56,19.08,2213.03,0.03847221805111821
2008-09-03,4.05,343.32,29.28,14.58,1656.76,0.03908288817891374
2008-09-04,4.82,195.43,18.98,12.96,1476.51,0.03847221805111821
2008-09-05,0.0,469.88,25.43,11.01,1320.8,0.03908288817891374
2008-09-06,21.39,177.26,17.12,11.76,1381.18,0.06717371405750798
2008-09-07,11.79,195.68,19.79,13.71,1577.06,0.05007495047923322
2008-09-08,0.0,350.2,23.25,14.36,1628.94,0.04641092971246006
2008-09-09,0.0,405.29,23.44,12.33,1426.64,0.04213623881789137
2008-09-10,0.0,382.6,23.5,13.05,1489.71,0.04152556869009585
2008-09-11,13.09,177.62,23.97,17.93,2067.0,0.06106701277955272
2008-09-12,103.45,92.0,22.96,20.05,2328.5,18.381170846645364
2008-09-13,60.97,155.54,24.99,19.87,2315.51,64.73103354632588
2008-09-14,7.89,290.16,23.22,14.18,1614.31,14.839284105431311
2008-09-15,0.0,457.67,21.98,8.03,1082.25,0.78776446485623
2008-09-16,0.0,467.47,24.0,8.48,1118.72,0.4335757907348243
2008-09-17,0.0,467.3,25.57,9.28,1182.2,0.32976186900958465
2008-09-18,0.0,444.19,25.58,10.62,1289.22,0.2748015575079872
2008-09-19,0.0,406.93,24.75,12.0,1400.0,0.24426805111821087
2008-09-20,0.0,410.34,26.0,12.5,1440.0,0.21984124600638977
2008-09-21,0.0,409.68,27.5,13.5,1560.0,0.20762784345047922
2008-09-22,0.0,369.51,28.1,16.0,1800.0,0.1954144408945687
2008-09-23,0.0,346.35,28.64,17.47,1995.71,0.17709433706070285
2008-09-24,0.0,372.08,29.35,16.69,1895.1,0.16488093450479233
2008-09-25,0.0,386.85,28.97,15.5,1760.0,0.15877423322683706
2008-09-26,0.0,388.65,29.15,15.37,1749.57,0.1465608306709265
2008-09-27,0.0,408.38,30.05,14.5,1640.0,0.14045412939297125
2008-09-28,0.0,410.63,30.66,14.5,1640.0,0.13434742811501596
2008-09-29,0.0,399.17,29.04,13.92,1593.64,0.1282407268370607
2008-09-30,0.0,442.1,25.86,7.29,1022.99,0.12213402555910544
2008-10-01,0.0,433.79,25.89,7.76,1060.85,0.12213402555910544
2008-10-02,0.0,443.51,25.96,6.0,920.0,0.11602732428115016
2008-10-03,0.0,416.25,23.49,6.84,986.86,0.11602732428115016
2008-10-04,0.0,367.21,25.99,12.0,1400.0,0.11602732428115016
2008-10-05,0.0,332.45,27.93,15.46,1756.99,0.10992062300319488
2008-10-06,10.94,210.78,26.01,16.02,1803.64,0.13434742811501596
2008-10-07,28.96,222.97,22.19,11.76,1380.44,1.374007787539936
2008-10-08,0.0,378.74,20.98,5.91,921.37,0.946538698083067
2008-10-09,0.0,398.94,24.96,6.99,999.29,0.2564814536741214
2008-10-10,0.0,367.23,27.25,11.13,1330.32,0.17709433706070285
2008-10-11,0.0,329.78,27.03,13.12,1500.0,0.15266753194888177
2008-10-12,0.0,268.33,26.4,15.52,1761.73,0.1465608306709265
2008-10-13,0.0,230.23,24.91,15.77,1781.86,0.15266753194888177
2008-10-14,47.34,184.1,17.58,8.33,1106.22,4.085383154952076
2008-10-15,21.76,96.67,12.16,7.77,1061.38,13.98434592651757
2008-10-16,3.21,233.1,15.42,3.39,791.25,7.144840495207667
2008-10-17,0.0,346.17,18.19,3.5,799.68,0.7022706469648562
2008-10-18,0.0,358.41,21.43,5.0,880.0,0.39693558306709265
2008-10-19,0.0,336.88,21.63,6.63,970.17,0.30533506389776355
2008-10-20,0.0,307.5,23.04,9.65,1212.35,0.2564814536741214
2008-10-21,0.0,215.84,19.07,10.71,1296.94,0.23205464856230032
2008-10-22,17.61,185.63,19.18,9.37,1189.35,0.5129629073482428
2008-10-23,2.57,139.93,10.79,5.16,893.08,1.190806749201278
2008-10-24,2.17,152.29,9.48,3.56,800.0,0.42136238817891375
2008-10-25,0.0,315.65,14.76,1.5,680.0,0.28701496006389776
2008-10-26,0.0,362.45,20.94,2.0,719.74,0.24426805111821087
2008-10-27,0.0,337.39,14.25,-1.22,560.0,0.20762784345047922
2008-10-28,0.0,328.82,11.68,-2.99,481.13,0.1954144408945687
2008-10-29,0.0,350.87,15.42,-2.26,520.0,0.1893077396166134
2008-10-30,0.0,353.97,21.44,1.75,699.95,0.18320103833865814
2008-10-31,0.0,338.48,25.51,6.63,970.07,0.18320103833865814
2008-11-01,0.0,335.15,25.07,6.36,948.78,0.1709876357827476
2008-11-02,0.0,334.57,25.01,5.97,920.0,0.1709876357827476
2008-11-03,0.0,302.64,25.64,9.68,1214.33,0.16488093450479233
2008-11-04,0.0,239.87,24.69,13.3,1530.42,0.15877423322683706
2008-11-05,0.0,234.41,24.0,12.92,1477.34,0.15877423322683706
2008-11-06,3.99,234.76,22.01,4.77,861.87,0.15877423322683706
2008-11-07,0.0,290.66,16.43,1.91,713.04,0.15266753194888177
2008-11-08,0.0,281.42,14.57,0.86,640.0,0.15266753194888177
2008-11-09,0.0,292.82,12.45,-2.14,520.0,0.1465608306709265
2008-11-10,0.0,256.71,11.4,-0.48,599.02,0.22594794728434506
2008-11-11,32.5,87.42,9.91,5.16,892.63,5.64259198083067
2008-11-12,0.0,189.01,9.89,1.8,694.49,3.1449511581469647
2008-11-13,0.0,235.13,13.59,2.68,740.22,0.5007495047923322
2008-11-14,1.78,246.84,17.75,5.45,915.73,0.3358685702875399
2008-11-15,0.0,247.01,12.02,-0.01,600.0,0.2748015575079872
2008-11-16,0.0,215.07,8.75,-1.07,560.0,0.23816134984025558
2008-11-17,0.0,293.7,17.99,0.88,640.0,0.21984124600638977
2008-11-18,0.0,268.15,11.74,-2.19,520.0,0.20762784345047922
2008-11-19,0.0,255.06,11.83,-1.12,560.0,0.20152114217252395
2008-11-20,0.0,303.28,19.83,-0.52,598.57,0.1893077396166134
2008-11-21,0.0,260.24,5.91,-7.91,329.54,0.18320103833865814
2008-11-22,0.0,230.46,5.01,-6.75,360.0,0.1709876357827476
2008-11-23,0.0,246.75,11.42,-2.19,520.0,0.1709876357827476
2008-11-24,0.0,255.83,14.81,-0.15,600.0,0.1709876357827476
2008-11-25,0.0,260.5,13.59,-1.72,542.66,0.1709876357827476
2008-11-26,0.0,273.73,15.3,-1.97,522.28,0.16488093450479233
2008-11-27,0.0,274.46,15.77,-2.09,520.0,0.16488093450479233
2008-11-28,0.0,220.41,11.24,-0.76,578.8,0.15877423322683706
2008-11-29,1.99,154.6,7.58,0.0,600.0,0.16488093450479233
2008-11-30,0.0,207.79,9.28,-1.46,560.0,0.16488093450479233
2008-12-01,0.08,164.92,6.39,-1.5,560.0,0.15877423322683706
2008-12-02,0.0,213.76,7.42,-3.28,480.0,0.15266753194888177
2008-12-03,0.0,257.93,12.74,-2.07,520.0,0.15266753194888177
2008-12-04,0.0,201.5,3.31,-6.46,362.82,0.1465608306709265
2008-12-05,0.0,184.96,2.26,-6.49,366.92,0.14045412939297125
2008-12-06,0.0,231.25,5.86,-5.99,397.08,0.14045412939297125
2008-12-07,0.0,261.45,12.97,-2.45,516.42,0.1465608306709265
2008-12-08,0.0,270.78,17.26,-0.52,594.81,0.1465608306709265
2008-12-09,0.0,286.38,20.0,-2.45,510.1,0.1465608306709265
2008-12-10,4.17,169.48,-0.52,-10.62,280.0,0.1465608306709265
2008-12-11,0.0,252.7,2.28,-9.92,280.0,0.1465608306709265
2008-12-12,0.0,293.34,10.66,-6.19,381.62,0.1465608306709265
2008-12-13,0.0,249.65,10.99,-1.81,536.72,0.15877423322683706
2008-12-14,0.0,171.87,15.93,6.6,977.9,0.17709433706070285
2008-12-15,0.0,292.53,10.43,-14.29,200.0,0.17709433706070285
2008-12-16,4.67,67.84,-10.37,-14.1,200.0,0.1282407268370607
2008-12-17,0.0,110.9,-7.22,-11.81,241.92,0.1465608306709265
2008-12-18,0.0,140.95,-2.88,-8.79,316.45,0.1465608306709265
2008-12-19,0.0,273.02,11.01,-3.51,470.31,0.15877423322683706
2008-12-20,0.0,194.3,2.89,-5.54,409.78,0.16488093450479233
2008-12-21,0.0,256.27,-2.63,-14.62,200.0,0.15877423322683706
2008-12-22,0.0,228.06,-4.89,-14.88,200.0,0.14045412939297125
2008-12-23,0.0,249.54,-0.34,-11.77,240.0,0.13434742811501596
2008-12-24,0.0,255.3,2.15,-9.64,281.45,0.13434742811501596
2008-12-25,0.0,257.9,3.51,-8.41,320.0,0.1282407268370607
2008-12-26,0.0,283.99,14.83,-0.26,599.44,0.1465608306709265
2008-12-27,16.51,212.25,19.57,-1.75,540.38,0.46410929712460064
2008-12-28,0.0,176.96,2.28,-5.86,395.97,0.6961639456869009
2008-12-29,0.0,257.6,10.38,-4.44,440.0,0.26258815495207666
2008-12-30,0.0,259.71,14.58,-1.0,560.0,0.20152114217252395
2008-12-31,0.0,258.65,12.48,-2.72,500.0,0.17709433706070285
2009-01-01,0.0,189.68,4.5,-5.02,438.36,0.15877423322683706
2009-01-02,0.0,257.06,10.27,-4.5,440.0,0.15266753194888177
2009-01-03,0.0,262.18,12.28,-3.14,482.4,0.15266753194888177
2009-01-04,0.0,299.36,11.79,-8.55,320.0,0.1465608306709265
2009-01-05,0.0,186.44,0.6,-8.5,320.0,0.13434742811501596
2009-01-06,0.0,220.4,3.51,-7.78,337.3,0.1282407268370607
2009-01-07,0.0,230.16,7.55,-4.5,440.0,0.13434742811501596
2009-01-08,0.0,276.26,12.33,-4.0,440.0,0.13434742811501596
2009-01-09,0.0,282.71,14.59,-2.83,493.36,0.13434742811501596
2009-01-10,0.0,301.02,11.97,-7.63,346.89,0.1282407268370607
2009-01-11,0.0,256.39,6.75,-7.0,360.0,0.12213402555910544
2009-01-12,0.0,271.58,11.0,-4.63,436.34,0.12213402555910544
2009-01-13,0.0,308.63,8.75,-11.5,240.0,0.12213402555910544
2009-01-14,0.0,282.04,5.71,-10.3,280.0,0.12213402555910544
2009-01-15,1.52,333.91,6.5,-13.64,201.21,0.10992062300319488
2009-01-16,0.0,163.76,-6.4,-13.28,218.86,0.10992062300319488
2009-01-17,0.0,324.04,9.13,-9.0,319.97,0.12213402555910544
2009-01-18,0.0,294.59,14.89,-1.55,546.6,0.1282407268370607
2009-01-19,0.0,267.86,14.34,-1.02,560.0,0.12213402555910544
2009-01-20,0.0,234.24,9.96,-2.11,520.0,0.12213402555910544
2009-01-21,0.0,278.07,10.5,-5.2,419.62,0.12213402555910544
2009-01-22,0.0,313.26,16.1,-4.84,426.3,0.11602732428115016
2009-01-23,0.0,296.94,13.89,-3.86,451.83,0.11602732428115016
2009-01-24,0.0,275.81,3.29,-11.11,270.98,0.10992062300319488
2009-01-25,0.0,147.93,-2.96,-9.48,281.39,0.10381392172523961
2009-01-26,0.0,92.36,-4.6,-8.41,320.0,0.09770722044728435
2009-01-27,1.0,95.97,-7.33,-10.81,280.0,0.09770722044728435
2009-01-28,0.0,256.34,-4.98,-15.5,200.0,0.09770722044728435
2009-01-29,0.0,348.71,6.85,-10.29,211.86,0.10992062300319488
2009-01-30,0.0,350.9,11.5,-5.81,269.79,0.10992062300319488
2009-01-31,0.0,366.31,18.0,-4.0,267.46,0.11602732428115016
2009-02-01,0.0,330.08,16.3,-3.16,318.95,0.11602732428115016
2009-02-02,0.0,320.68,10.23,-7.37,261.6,0.11602732428115016
2009-02-03,0.0,283.9,6.49,-7.19,299.9,0.10992062300319488
2009-02-04,0.0,308.31,4.49,-11.08,222.85,0.10381392172523961
2009-02-05,0.0,340.92,13.0,-6.53,255.36,0.10992062300319488
2009-02-06,0.0,343.01,21.5,1.16,381.91,0.10992062300319488
2009-02-07,0.0,294.31,21.78,6.67,632.03,0.10992062300319488
2009-02-08,0.0,272.46,20.62,7.42,711.34,0.10992062300319488
2009-02-09,7.21,178.13,19.05,8.27,812.76,0.1282407268370607
2009-02-10,1.04,308.42,20.5,4.32,479.92,0.12213402555910544
2009-02-11,9.35,228.18,16.93,2.38,555.56,0.1465608306709265
2009-02-12,0.41,270.93,12.98,1.16,544.82,0.15877423322683706
2009-02-13,0.0,276.37,12.91,0.99,533.93,0.15266753194888177
2009-02-14,0.0,342.7,9.61,-6.33,261.32,0.1282407268370607
2009-02-15,0.0,285.59,5.75,-6.05,265.85,0.11602732428115016
2009-02-16,0.0,310.02,8.15,-4.8,246.19,0.10992062300319488
2009-02-17,0.0,314.92,14.82,1.64,322.01,0.10992062300319488
2009-02-18,0.0,378.94,18.96,0.5,261.7,0.10992062300319488
2009-02-19,0.0,385.83,11.0,-7.78,151.44,0.10381392172523961
2009-02-20,0.0,394.78,15.0,-4.82,180.18,0.10381392172523961
2009-02-21,0.0,389.48,12.36,-6.2,156.05,0.09770722044728435
2009-02-22,0.0,367.7,8.48,-7.5,164.98,0.09770722044728435
2009-02-23,0.0,375.77,13.11,-3.5,198.29,0.09770722044728435
2009-02-24,0.0,338.54,15.0,1.02,296.21,0.09770722044728435
2009-02-25,0.0,386.26,19.49,1.54,259.72,0.09770722044728435
2009-02-26,0.0,383.37,21.42,3.42,289.25,0.10381392172523961
2009-02-27,0.0,441.31,18.6,-7.67,121.4,0.09770722044728435
2009-02-28,0.0,322.23,2.29,-10.85,165.48,0.09770722044728435
2009-03-01,0.0,317.35,1.5,-11.15,167.19,0.09160051916932907
2009-03-02,0.0,359.04,5.75,-9.04,158.01,0.09160051916932907
2009-03-03,0.0,344.74,9.83,-3.83,211.46,0.09160051916932907
2009-03-04,0.0,352.44,15.5,1.49,285.26,0.09770722044728435
2009-03-05,0.0,410.85,25.0,6.34,343.77,0.10381392172523961
2009-03-06,0.0,440.52,26.5,4.5,320.0,0.09770722044728435
2009-03-07,0.0,346.04,22.89,9.25,449.83,0.09770722044728435
2009-03-08,0.0,420.35,20.34,2.0,243.75,0.09770722044728435
2009-03-09,0.0,370.34,19.45,5.0,328.53,0.09770722044728435
2009-03-10,23.11,327.49,18.65,-0.91,227.8,2.839616094249201
2009-03-11,0.0,281.18,2.79,-7.11,324.73,0.360295375399361
2009-03-12,0.0,265.06,3.26,-5.83,365.97,0.18320103833865814
2009-03-13,0.0,232.04,5.21,-2.51,478.09,0.15266753194888177
2009-03-14,0.0,262.86,9.95,1.08,552.6,0.14045412939297125
2009-03-15,0.0,399.91,16.0,0.78,372.53,0.13434742811501596
2009-03-16,0.0,437.89,20.5,2.52,354.29,0.1282407268370607
2009-03-17,0.0,445.09,24.46,5.66,406.14,0.12213402555910544
2009-03-18,0.0,411.05,23.8,7.6,505.15,0.12213402555910544
2009-03-19,0.0,372.84,19.92,6.22,534.87,0.11602732428115016
2009-03-20,0.0,339.71,18.26,6.4,599.31,0.10992062300319488
2009-03-21,2.15,321.04,20.0,8.51,706.71,0.10992062300319488
2009-03-22,0.0,362.65,22.99,10.37,712.14,0.10381392172523961
2009-03-23,0.0,318.65,23.46,12.85,928.1,0.10381392172523961
2009-03-24,8.86,334.43,19.71,3.07,469.51,0.10992062300319488
2009-03-25,0.0,433.49,13.32,-1.91,339.38,0.10381392172523961
2009-03-26,0.0,401.76,12.92,-0.47,381.95,0.10381392172523961
2009-03-27,4.8,275.75,10.11,-1.5,470.34,0.12213402555910544
2009-03-28,42.06,136.47,1.95,-3.03,489.18,0.24426805111821087
2009-03-29,3.15,388.03,7.06,-5.21,410.9,1.3923278913738018
2009-03-30,0.0,475.4,16.45,-0.34,499.08,6.839505431309904
2009-03-31,0.0,477.43,16.8,-0.09,496.87,1.2579804632587859
2009-04-01,0.0,459.08,16.16,0.63,537.46,0.4335757907348243
2009-04-02,0.0,459.01,16.48,1.05,543.06,0.2564814536741214
2009-04-03,0.72,476.61,14.0,-2.32,437.63,0.20762784345047922
2009-04-04,0.0,502.12,21.29,2.56,553.1,0.17709433706070285
2009-04-05,0.0,529.2,22.5,0.93,470.57,0.15266753194888177
2009-04-06,0.0,364.35,7.92,-2.5,498.1,0.15266753194888177
2009-04-07,0.0,526.39,13.03,-6.5,302.44,0.15266753194888177
2009-04-08,0.0,550.33,21.4,-2.3,367.89,0.1465608306709265
2009-04-09,0.0,519.56,23.83,3.85,568.36,0.1465608306709265
2009-04-10,8.8,378.52,20.41,1.76,606.77,0.14045412939297125
2009-04-11,0.0,471.37,16.98,1.0,547.06,0.1282407268370607
2009-04-12,11.13,269.24,14.91,4.0,800.0,0.34808197284345044
2009-04-13,23.91,192.91,10.5,3.22,777.77,3.212124872204473
2009-04-14,0.0,453.2,16.0,1.16,636.47,0.7816577635782748
2009-04-15,0.0,472.76,21.26,5.0,789.99,0.31144176517571887
2009-04-16,1.36,376.47,22.14,10.14,1201.13,0.2137345447284345
2009-04-17,4.04,226.49,19.99,11.32,1345.97,0.17709433706070285
2009-04-18,16.41,232.61,18.51,9.78,1222.68,0.1954144408945687
2009-04-19,40.09,267.18,18.47,8.19,1094.9,14.717150079872203
2009-04-20,0.0,479.11,20.0,4.27,821.84,8.366180750798721
2009-04-21,0.0,474.72,22.88,6.99,997.95,0.5984567252396166
2009-04-22,0.0,489.13,27.0,9.43,1153.23,0.360295375399361
2009-04-23,0.0,472.47,29.73,12.67,1426.23,0.2748015575079872
2009-04-24,0.0,387.44,29.04,16.31,1849.01,0.23205464856230032
2009-04-25,0.0,331.49,26.81,16.59,1886.97,0.2686948562300319
2009-04-26,31.86,271.43,24.6,13.61,1556.16,0.4335757907348243
2009-04-27,68.98,239.18,20.41,11.21,1336.62,31.388444568690094
2009-04-28,0.0,371.91,16.03,5.44,906.19,16.427026437699677
2009-04-29,6.99,239.92,18.61,9.72,1217.81,1.3862211900958465
2009-04-30,5.63,159.79,20.95,15.19,1734.9,2.7052686661341854
2009-05-01,9.55,178.26,18.61,12.43,1434.17,8.854716853035143
2009-05-02,14.57,166.45,15.43,9.94,1235.46,12.885139696485622
2009-05-03,9.54,216.41,16.53,9.38,1190.59,4.048742947284345
2009-05-04,0.0,338.11,17.74,9.38,1190.41,4.531172348242811
2009-05-05,0.06,286.22,16.68,10.0,1240.0,0.9343252955271565
2009-05-06,5.97,233.85,19.44,12.04,1402.9,1.3679010862619807
2009-05-07,0.0,479.65,27.51,13.59,1567.31,0.7633376597444089
2009-05-08,15.12,308.95,26.56,15.95,1796.29,2.4671073162939297
2009-05-09,0.0,448.19,22.45,11.35,1348.07,3.0044970287539936
2009-05-10,0.0,323.98,17.34,10.5,1280.0,0.6289902316293929
2009-05-11,1.4,446.36,18.08,8.01,1080.55,0.40914898562300317
2009-05-12,0.0,385.34,20.01,11.65,1372.01,0.5557098162939297
2009-05-13,5.87,319.95,25.77,15.49,1759.41,0.4457891932907348
2009-05-14,0.0,519.37,27.07,12.5,1439.87,0.32365516773162933
2009-05-15,0.0,432.09,24.88,14.75,1682.28,0.2809082587859425
2009-05-16,12.51,401.79,25.9,10.74,1299.1,0.46410929712460064
2009-05-17,0.0,518.61,19.32,6.3,944.12,0.3541886741214057
2009-05-18,0.0,530.6,22.92,8.48,1118.11,0.24426805111821087
2009-05-19,0.0,510.84,25.84,11.82,1385.93,0.20152114217252395
2009-05-20,0.0,501.56,26.6,12.99,1479.19,0.17709433706070285
2009-05-21,0.0,507.61,27.43,13.4,1543.83,0.16488093450479233
2009-05-22,0.0,516.42,28.23,13.61,1569.04,0.15266753194888177
2009-05-23,0.0,504.36,28.98,15.0,1719.31,0.14045412939297125
2009-05-24,0.0,504.31,29.06,15.0,1720.0,0.13434742811501596
2009-05-25,0.0,487.56,28.64,15.5,1760.0,0.1282407268370607
2009-05-26,4.12,350.11,28.12,15.99,1799.0,0.1282407268370607
2009-05-27,1.63,475.33,22.94,11.24,1339.54,0.11602732428115016
2009-05-28,0.0,526.44,22.37,8.3,1104.34,0.11602732428115016
2009-05-29,0.0,558.2,29.01,10.62,1289.58,0.10992062300319488
2009-05-30,0.0,535.14,33.0,14.71,1673.87,0.09770722044728435
2009-05-31,0.0,525.54,34.18,15.89,1791.16,0.09160051916932907
2009-06-01,0.0,471.84,32.72,18.0,2080.36,0.0854938178913738
2009-06-02,0.0,440.32,30.84,17.86,2057.04,0.07938711661341853
2009-06-03,6.21,322.33,26.97,15.01,1720.5,0.07328041533546326
2009-06-04,0.0,464.11,24.97,11.77,1381.68,0.07328041533546326
2009-06-05,0.0,470.49,28.05,13.86,1589.14,0.06717371405750798
2009-06-06,0.0,443.87,32.31,18.44,2115.17,0.06717371405750798
2009-06-07,0.0,448.33,34.47,19.76,2300.98,0.06106701277955272
2009-06-08,5.36,352.62,30.8,15.84,1798.65,0.06106701277955272
2009-06-09,0.0,395.72,29.06,17.43,1989.09,0.06717371405750798
2009-06-10,0.0,356.83,28.07,17.91,2065.96,0.06717371405750798
2009-06-11,4.5,239.02,26.26,17.5,2000.0,0.06106701277955272
2009-06-12,9.3,280.64,28.56,17.73,2037.55,0.07328041533546326
2009-06-13,10.84,318.14,28.78,16.15,1824.08,0.06717371405750798
2009-06-14,13.11,269.45,28.05,17.84,2053.76,0.12213402555910544
2009-06-15,17.74,296.53,30.8,19.0,2200.03,0.2748015575079872
2009-06-16,10.46,342.2,33.57,18.56,2134.21,0.11602732428115016
2009-06-17,0.0,414.46,34.98,21.53,2564.46,0.09160051916932907
2009-06-18,0.0,376.29,35.85,23.73,2936.39,0.0854938178913738
2009-06-19,0.0,332.34,34.14,24.0,3000.0,0.06717371405750798
2009-06-20,15.49,266.09,31.85,21.45,2551.99,1.013712412140575
2009-06-21,38.36,284.52,32.97,21.59,2574.85,2.2655861741214056
2009-06-22,0.0,394.85,35.52,23.03,2804.74,0.5434964137380192
2009-06-23,0.0,407.03,36.38,23.19,2830.66,0.17709433706070285
2009-06-24,0.0,422.29,36.3,22.5,2719.99,0.10381392172523961
2009-06-25,0.0,442.38,37.17,22.08,2653.49,0.07938711661341853
2009-06-26,0.0,433.88,37.29,22.5,2719.99,0.06717371405750798
2009-06-27,0.0,430.55,37.08,22.5,2719.23,0.06106701277955272
2009-06-28,4.42,412.13,35.06,18.8,2167.52,0.07938711661341853
2009-06-29,0.0,443.2,33.49,19.49,2277.7,0.058624332268370605
2009-06-30,0.0,480.6,34.94,18.68,2148.71,0.05251763099041533
2009-07-01,0.0,485.01,34.02,17.77,2043.18,0.050685620607028754
2009-07-02,0.65,435.7,32.47,18.63,2140.03,0.047632269968051116
2009-07-03,0.0,440.23,34.75,20.46,2393.07,0.04641092971246006
2009-07-04,19.48,305.0,33.58,21.0,2480.0,0.1465608306709265
2009-07-05,1.31,345.68,27.97,18.0,2080.0,0.0854938178913738
2009-07-06,0.0,406.36,28.32,16.9,1913.47,0.05801366214057508
2009-07-07,0.0,422.79,28.69,16.65,1892.32,0.05373897124600639
2009-07-08,6.25,281.93,29.42,19.57,2285.71,0.06717371405750798
2009-07-09,4.29,312.16,33.26,20.67,2427.45,0.06106701277955272
2009-07-10,0.0,415.46,37.28,23.58,2898.04,0.05007495047923322
2009-07-11,0.0,387.72,37.8,25.0,3161.05,0.04702159984025559
2009-07-12,0.0,431.08,37.75,23.0,2800.0,0.044578919329073485
2009-07-13,0.0,430.96,37.49,22.76,2761.15,0.045800259584664535
2009-07-14,0.0,432.17,38.25,23.07,2811.74,0.04091489856230032
2009-07-15,6.99,312.22,36.21,22.34,2694.44,0.04885361022364217
2009-07-16,18.9,306.47,31.51,19.12,2218.48,2.717482068690096
2009-07-17,0.0,425.79,29.72,17.0,1919.99,0.3908288817891374
2009-07-18,0.0,434.75,28.97,16.0,1800.0,0.1282407268370607
2009-07-19,0.0,451.7,29.94,15.94,1797.19,0.07938711661341853
2009-07-20,0.0,435.03,31.26,17.63,2020.95,0.06106701277955272
2009-07-21,42.2,301.38,29.91,17.84,2054.97,14.778217092651756
2009-07-22,0.0,445.16,28.96,15.27,1741.23,2.7419088738019166
2009-07-23,0.0,452.85,30.98,16.47,1875.99,0.360295375399361
2009-07-24,0.0,447.8,33.34,18.45,2116.25,0.17709433706070285
2009-07-25,0.0,356.91,32.08,21.22,2515.25,0.12213402555910544
2009-07-26,3.49,333.99,30.98,19.81,2304.81,0.10381392172523961
2009-07-27,0.0,386.1,31.89,20.13,2341.3,0.09160051916932907
2009-07-28,20.82,304.42,29.99,17.95,2071.28,0.2564814536741214
2009-07-29,8.13,305.44,28.33,16.53,1875.69,0.15266753194888177
2009-07-30,0.0,347.42,26.95,17.5,2000.0,0.12213402555910544
2009-07-31,0.0,444.44,28.0,15.0,1719.97,0.0854938178913738
2009-08-01,22.73,313.0,28.36,16.43,1868.26,0.519069608626198
2009-08-02,0.0,488.19,28.78,13.45,1547.41,0.39693558306709265
2009-08-03,0.0,483.81,33.43,16.96,1916.89,0.10381392172523961
2009-08-04,0.0,434.16,36.44,21.56,2569.59,0.07328041533546326
2009-08-05,0.0,381.14,34.22,22.18,2668.27,0.06717371405750798
2009-08-06,0.0,323.0,31.03,21.64,2582.46,0.20762784345047922
2009-08-07,4.47,290.62,32.6,21.95,2632.73,0.1282407268370607
2009-08-08,0.0,379.18,36.56,24.0,3000.0,0.0854938178913738
2009-08-09,0.0,396.89,36.65,23.32,2850.97,0.05923500239616612
2009-08-10,0.0,406.11,34.75,21.48,2557.08,0.05251763099041533
2009-08-11,9.67,329.25,32.15,18.0,2079.32,0.05312830111821086
2009-08-12,0.0,446.75,32.05,17.54,2007.02,0.05496031150159744
2009-08-13,0.0,449.85,32.35,17.55,2008.4,0.04641092971246006
2009-08-14,0.0,413.0,31.73,18.8,2168.07,0.04213623881789137
2009-08-15,2.51,334.78,32.14,21.0,2479.36,0.0427469089456869
2009-08-16,0.47,352.23,33.58,22.5,2719.99,0.04335757907348242
2009-08-17,6.33,320.89,30.98,20.34,2374.6,0.12213402555910544
2009-08-18,31.51,223.28,26.25,18.23,2098.26,0.34808197284345044
2009-08-19,24.64,228.18,26.59,18.42,2114.01,3.0777774440894565
2009-08-20,7.8,266.06,27.86,18.0,2079.84,2.7846557827476035
2009-08-21,0.0,456.2,28.01,14.0,1600.0,0.34808197284345044
2009-08-22,0.0,471.37,27.91,13.03,1485.12,0.1465608306709265
2009-08-23,0.0,417.06,27.6,15.41,1753.1,0.09770722044728435
2009-08-24,0.0,391.86,29.81,18.19,2094.9,0.07328041533546326
2009-08-25,0.0,395.64,32.38,19.99,2319.66,0.06717371405750798
2009-08-26,0.34,359.02,32.43,21.28,2524.92,0.05923500239616612
2009-08-27,24.77,254.12,29.21,19.5,2280.0,3.5663135463258784
2009-08-28,0.0,429.32,27.88,14.8,1686.87,2.430467108626198
2009-08-29,0.0,427.77,28.04,14.82,1691.96,0.24426805111821087
2009-08-30,0.0,434.73,25.17,12.07,1405.97,0.1282407268370607
2009-08-31,0.0,427.28,23.46,10.85,1308.09,0.09160051916932907
2009-09-01,0.0,410.87,24.5,12.5,1439.62,0.07938711661341853
2009-09-02,0.0,368.28,26.5,15.95,1795.84,0.06717371405750798
2009-09-03,0.0,392.62,27.48,15.89,1791.22,0.06717371405750798
2009-09-04,0.0,358.1,27.42,17.13,1940.09,0.05984567252396167
2009-09-05,10.55,236.38,26.24,17.52,2002.68,0.8244046725239615
2009-09-06,0.0,391.5,26.72,15.13,1730.53,0.6350969329073483
2009-09-07,0.0,415.03,29.63,16.33,1853.12,0.1282407268370607
2009-09-08,42.66,277.45,28.49,17.38,1981.14,2.436573809904153
2009-09-09,27.02,175.79,24.95,18.7,2152.17,10.80886126198083
2009-09-10,0.87,243.4,25.54,18.91,2185.93,2.0335315255591055
2009-09-11,13.44,193.8,25.98,19.16,2225.71,5.7830461102236415
2009-09-12,16.59,205.7,25.35,18.24,2096.9,16.732361501597442
2009-09-13,0.0,257.85,24.44,17.94,2065.08,1.190806749201278
2009-09-14,0.0,277.23,24.18,17.22,1954.99,0.46410929712460064
2009-09-15,0.0,295.47,24.5,17.0,1920.0,0.31144176517571887
2009-09-16,0.0,318.04,25.94,17.61,2017.5,0.24426805111821087
2009-09-17,0.0,344.19,26.16,16.84,1908.06,0.20152114217252395
2009-09-18,0.0,396.82,25.53,14.04,1602.87,0.1709876357827476
2009-09-19,0.0,398.08,26.11,14.28,1622.58,0.15266753194888177
2009-09-20,0.0,403.59,26.52,14.3,1625.55,0.13434742811501596
2009-09-21,0.0,356.79,25.45,15.5,1759.78,0.13434742811501596
2009-09-22,0.83,343.6,21.7,12.0,1400.0,0.12213402555910544
2009-09-23,0.0,437.8,20.39,6.99,999.3,0.10992062300319488
2009-09-24,0.0,427.56,20.32,7.45,1036.04,0.10381392172523961
2009-09-25,0.0,432.05,22.4,8.62,1129.78,0.10381392172523961
2009-09-26,16.3,331.44,24.31,9.0,1160.0,0.24426805111821087
2009-09-27,0.0,450.95,29.43,10.97,1317.68,0.43968249201277954
2009-09-28,0.0,454.36,27.83,9.0,1160.0,0.17709433706070285
2009-09-29,0.0,450.75,22.96,5.71,920.0,0.11602732428115016
2009-09-30,0.0,443.09,26.5,8.61,1128.6,0.10381392172523961
2009-10-01,3.49,335.8,26.08,11.62,1369.45,0.09770722044728435
2009-10-02,0.0,432.76,22.05,5.51,920.0,0.09160051916932907
2009-10-03,0.0,438.25,20.1,2.93,754.64,0.0854938178913738
2009-10-04,0.0,375.26,19.33,6.69,975.5,0.0854938178913738
2009-10-05,0.0,255.18,18.0,10.42,1273.37,0.0854938178913738
2009-10-06,2.84,211.78,16.93,9.03,1162.33,0.09160051916932907
2009-10-07,0.0,415.31,19.47,3.5,800.0,0.0854938178913738
2009-10-08,17.23,260.84,17.58,6.07,925.51,0.5923500239616614
2009-10-09,29.37,210.04,12.64,4.18,814.57,3.8044748961661337
2009-10-10,0.0,258.88,8.63,1.0,640.0,0.6595237380191693
2009-10-11,0.0,177.37,5.75,0.75,638.05,0.28701496006389776
2009-10-12,2.73,192.94,10.44,3.68,798.92,0.20152114217252395
2009-10-13,2.0,169.84,11.4,6.42,953.85,0.18320103833865814
2009-10-14,3.86,100.75,8.71,4.91,872.9,0.20152114217252395
2009-10-15,0.96,187.39,10.5,4.99,879.6,0.21984124600638977
2009-10-16,0.0,302.58,13.9,3.98,800.0,0.1893077396166134
2009-10-17,1.47,304.86,14.48,3.82,800.0,0.1709876357827476
2009-10-18,0.0,350.69,15.71,2.71,737.13,0.15266753194888177
2009-10-19,0.0,347.09,21.96,8.12,1089.97,0.1465608306709265
2009-10-20,0.0,299.05,24.38,13.0,1480.0,0.13434742811501596
2009-10-21,0.0,237.36,22.99,14.55,1648.65,0.1465608306709265
2009-10-22,14.06,226.62,18.49,7.38,1030.38,0.3358685702875399
2009-10-23,0.0,235.07,10.79,3.18,774.63,0.5496031150159744
2009-10-24,0.0,355.18,15.54,1.02,641.77,0.22594794728434506
2009-10-25,0.0,339.19,18.33,4.5,840.0,0.1709876357827476
2009-10-26,0.36,316.41,15.2,3.21,776.94,0.14045412939297125
2009-10-27,0.0,352.89,14.81,0.05,604.26,0.1282407268370607
2009-10-28,0.0,339.65,18.15,4.0,800.0,0.11602732428115016
2009-10-29,26.87,200.21,17.71,8.17,1093.7,5.160162579872204
2009-10-30,14.09,212.93,12.5,2.63,734.13,6.900572444089456
2009-10-31,0.0,336.3,15.78,2.03,720.0,0.7694443610223641
2009-11-01,0.0,358.08,22.14,3.78,801.9,0.3908288817891374
2009-11-02,0.0,339.57,21.77,5.92,920.0,0.2809082587859425
2009-11-03,0.0,349.5,18.45,1.5,680.0,0.23816134984025558
2009-11-04,0.0,331.8,18.27,3.0,760.0,0.2137345447284345
2009-11-05,0.0,336.43,21.06,4.02,811.25,0.1954144408945687
2009-11-06,0.0,313.5,23.94,8.7,1135.8,0.1893077396166134
2009-11-07,0.0,297.15,24.97,10.71,1296.74,0.18320103833865814
2009-11-08,0.0,270.46,23.9,11.65,1371.73,0.18320103833865814
2009-11-09,0.0,216.51,20.9,12.0,1399.72,0.17709433706070285
2009-11-10,11.3,136.42,17.16,10.03,1242.07,0.293121661341853
2009-11-11,0.0,211.07,15.94,7.43,1034.79,0.30533506389776355
2009-11-12,0.0,232.95,18.07,8.08,1086.79,0.21984124600638977
2009-11-13,0.0,229.23,21.19,10.84,1307.37,0.1893077396166134
2009-11-14,0.0,219.97,17.75,8.04,1083.34,0.17709433706070285
2009-11-15,7.25,81.26,10.17,5.98,920.0,0.23816134984025558
2009-11-16,9.36,89.1,6.06,1.58,686.16,0.922111892971246
2009-11-17,2.2,134.75,6.9,1.24,659.43,0.39693558306709265
2009-11-18,0.0,283.83,11.32,-2.22,520.08,0.2564814536741214
2009-11-19,0.0,294.35,14.53,-0.85,571.89,0.2137345447284345
2009-11-20,0.0,257.29,14.85,2.63,737.05,0.1954144408945687
2009-11-21,0.0,203.09,14.54,5.7,918.22,0.18320103833865814
2009-11-22,0.0,207.57,14.85,5.62,920.0,0.17709433706070285
2009-11-23,0.0,283.33,15.79,0.51,640.0,0.1709876357827476
2009-11-24,0.0,255.26,14.22,1.72,697.81,0.16488093450479233
2009-11-25,0.0,263.42,11.71,-1.46,560.0,0.15877423322683706
2009-11-26,0.0,284.43,11.5,-4.0,440.0,0.15266753194888177
2009-11-27,0.0,285.76,15.06,-1.53,557.4,0.1465608306709265
2009-11-28,0.0,283.7,19.41,1.83,706.69,0.1465608306709265
2009-11-29,0.0,249.0,14.76,1.65,692.37,0.1465608306709265
2009-11-30,0.0,261.87,10.56,-3.5,480.0,0.1465608306709265
2009-12-01,0.0,276.91,13.71,-2.56,515.32,0.14045412939297125
2009-12-02,0.0,233.3,9.54,-2.0,520.0,0.13434742811501596
2009-12-03,0.0,224.94,3.47,-7.1,360.0,0.13434742811501596
2009-12-04,0.0,250.97,1.56,-10.94,280.0,0.1282407268370607
2009-12-05,0.0,258.85,4.5,-8.88,318.61,0.12213402555910544
2009-12-06,0.0,218.2,4.65,-5.41,415.11,0.1282407268370607
2009-12-07,0.0,171.56,-0.03,-7.25,359.33,0.1282407268370607
2009-12-08,1.37,174.67,-1.1,-7.76,339.38,0.13434742811501596
2009-12-09,0.42,245.63,-2.76,-13.09,225.66,0.11602732428115016
2009-12-10,0.0,273.05,-2.76,-15.34,195.67,0.12213402555910544
2009-12-11,0.0,297.1,3.33,-12.65,236.77,0.12213402555910544
2009-12-12,0.0,272.71,6.77,-6.8,363.65,0.1282407268370607
2009-12-13,0.0,227.07,11.12,-0.05,607.52,0.13434742811501596
2009-12-14,0.0,291.08,11.22,-8.16,322.03,0.13434742811501596
2009-12-15,0.0,191.92,-3.18,-11.91,240.0,0.11602732428115016
2009-12-16,0.0,262.7,3.8,-10.89,274.57,0.12213402555910544
2009-12-17,0.0,264.48,10.89,-5.21,425.43,0.1282407268370607
2009-12-18,0.0,243.23,11.66,-2.65,507.78,0.12213402555910544
2009-12-19,0.0,198.84,7.02,-3.17,482.82,0.12213402555910544
2009-12-20,0.0,230.42,6.87,-5.73,400.0,0.12213402555910544
2009-12-21,0.0,268.13,12.51,-5.38,409.38,0.12213402555910544
2009-12-22,0.0,212.23,9.57,-2.02,525.53,0.12213402555910544
2009-12-23,1.91,109.66,5.55,0.34,626.77,0.1282407268370607
2009-12-24,0.0,159.81,3.03,-4.61,440.0,0.1282407268370607
2009-12-25,3.3,163.8,-2.49,-10.99,280.0,0.10381392172523961
2009-12-26,0.0,189.51,-1.49,-9.81,280.0,0.11602732428115016
2009-12-27,0.0,175.21,-0.08,-7.51,356.95,0.11602732428115016
2009-12-28,0.0,242.68,4.02,-7.27,360.0,0.10992062300319488
2009-12-29,0.0,243.15,4.15,-7.07,360.0,0.11602732428115016
2009-12-30,2.0,138.39,0.62,-4.83,434.12,0.12213402555910544
2009-12-31,0.0,205.5,1.39,-7.01,360.0,0.1282407268370607
2010-01-01,0.0,254.09,0.55,-10.11,280.0,0.10992062300319488
2010-01-02,0.0,257.6,-2.18,-12.91,240.0,0.11602732428115016
2010-01-03,1.33,137.16,-7.02,-11.5,240.0,0.10992062300319488
2010-01-04,0.0,157.48,-5.37,-10.59,280.0,0.10381392172523961
2010-01-05,0.0,162.36,-3.5,-8.9,319.88,0.10381392172523961
2010-01-06,0.0,160.65,-2.15,-7.48,359.85,0.10381392172523961
2010-01-07,0.0,276.02,-3.67,-14.21,200.0,0.11602732428115016
2010-01-08,0.0,247.96,-8.33,-17.11,160.0,0.0854938178913738
2010-01-09,0.0,296.19,-6.49,-18.19,160.0,0.09160051916932907
2010-01-10,0.0,336.36,-0.99,-17.49,160.0,0.0854938178913738
2010-01-11,0.0,341.43,6.75,-11.1,220.96,0.09160051916932907
2010-01-12,0.0,325.87,7.24,-7.5,289.5,0.09160051916932907
2010-01-13,0.0,313.13,7.68,-5.49,344.07,0.09770722044728435
2010-01-14,0.0,278.3,11.31,-0.76,489.97,0.11602732428115016
2010-01-15,0.0,213.86,7.48,-0.81,563.93,0.1282407268370607
2010-01-16,0.0,239.53,8.01,-1.57,510.34,0.13434742811501596
2010-01-17,0.0,295.6,10.29,-3.89,384.06,0.13434742811501596
2010-01-18,0.0,281.48,9.92,-2.5,439.67,0.13434742811501596
2010-01-19,0.0,215.79,8.66,0.5,600.72,0.13434742811501596
2010-01-20,0.0,226.07,9.21,0.64,597.4,0.14045412939297125
2010-01-21,7.57,144.96,7.58,0.64,635.36,0.15877423322683706
2010-01-22,0.0,183.18,7.19,0.74,637.24,0.16488093450479233
2010-01-23,2.0,271.5,14.17,3.06,629.44,0.16488093450479233
2010-01-24,0.0,288.54,11.29,-0.75,489.73,0.15266753194888177
2010-01-25,0.0,267.68,6.98,-3.24,440.76,0.13434742811501596
2010-01-26,0.0,287.83,6.02,-5.36,365.99,0.12213402555910544
2010-01-27,0.0,301.43,8.87,-3.5,402.89,0.10992062300319488
2010-01-28,0.0,318.43,9.21,-4.59,358.08,0.10381392172523961
2010-01-29,3.61,103.89,-4.25,-8.06,322.64,0.09770722044728435
2010-01-30,4.3,235.65,-3.81,-13.89,200.0,0.09160051916932907
2010-01-31,0.0,321.33,-2.54,-12.86,238.45,0.09770722044728435
2010-02-01,0.0,191.27,-1.5,-6.72,360.0,0.10381392172523961
2010-02-02,0.0,198.45,1.5,-3.96,454.88,0.10992062300319488
2010-02-03,0.0,293.8,4.69,-4.18,427.09,0.11602732428115016
2010-02-04,4.25,117.7,2.72,-1.5,560.0,0.14045412939297125
2010-02-05,5.04,87.29,2.93,-0.09,600.0,0.1709876357827476
2010-02-06,0.0,174.94,4.0,-0.79,576.54,0.18320103833865814
2010-02-07,0.0,114.06,2.88,-0.25,600.0,0.1709876357827476
2010-02-08,3.64,126.86,1.36,-3.28,480.0,0.15266753194888177
2010-02-09,0.0,320.61,0.68,-9.49,286.22,0.1282407268370607
2010-02-10,0.0,334.68,-0.51,-11.09,270.34,0.11602732428115016
2010-02-11,0.0,287.6,1.0,-6.97,360.0,0.1282407268370607
2010-02-12,0.0,345.23,6.07,-4.6,294.52,0.11602732428115016
2010-02-13,0.0,388.71,11.0,-3.84,253.89,0.11602732428115016
2010-02-14,0.0,384.68,10.56,-3.55,273.1,0.11602732428115016
2010-02-15,0.0,292.34,2.0,-5.85,320.0,0.10992062300319488
2010-02-16,0.0,317.5,2.97,-5.66,311.57,0.10992062300319488
2010-02-17,0.0,380.83,4.61,-7.41,210.39,0.10381392172523961
2010-02-18,0.0,413.82,11.5,-5.0,190.87,0.10381392172523961
2010-02-19,3.0,293.03,12.87,-0.48,365.71,0.10992062300319488
2010-02-20,1.56,265.09,6.16,-1.1,437.16,0.11602732428115016
2010-02-21,10.25,85.34,1.01,-1.55,546.51,0.15877423322683706
2010-02-22,1.47,189.42,-0.5,-4.84,436.02,0.1893077396166134
2010-02-23,0.0,336.43,0.71,-7.89,304.11,0.17709433706070285
2010-02-24,0.0,407.39,3.58,-8.98,240.54,0.1465608306709265
2010-02-25,0.0,407.13,5.84,-6.51,280.65,0.13434742811501596
2010-02-26,0.0,397.44,9.04,-2.5,352.3,0.1282407268370607
2010-02-27,0.0,432.01,11.0,-3.51,290.86,0.12213402555910544
2010-02-28,0.0,419.11,10.67,-2.5,326.51,0.11602732428115016
2010-03-01,0.0,359.78,8.15,-1.21,413.75,0.11602732428115016
2010-03-02,0.0,376.33,7.43,-2.5,371.49,0.10992062300319488
2010-03-03,0.0,425.98,10.56,-2.52,323.67,0.10992062300319488
2010-03-04,0.0,457.53,14.0,-3.22,266.4,0.10381392172523961
2010-03-05,0.0,451.46,17.36,1.0,340.27,0.10381392172523961
2010-03-06,0.0,406.76,19.02,6.5,530.21,0.10381392172523961
2010-03-07,0.0,354.41,16.07,6.2,611.73,0.10381392172523961
2010-03-08,0.0,269.96,14.18,7.22,800.64,0.2564814536741214
2010-03-09,35.1,176.71,12.85,6.84,955.52,3.1449511581469647
2010-03-10,0.0,334.06,12.95,3.8,747.27,2.0091047204472843
2010-03-11,11.13,197.03,9.76,3.14,771.39,3.3525790015974435
2010-03-12,0.0,201.32,8.29,3.5,800.0,1.080886126198083
2010-03-13,0.0,245.74,8.88,3.0,760.0,0.43968249201277954
2010-03-14,0.0,349.42,10.96,2.0,681.43,0.31144176517571887
2010-03-15,0.0,294.3,12.54,5.46,907.63,0.2564814536741214
2010-03-16,0.0,362.15,13.0,3.98,757.77,0.22594794728434506
2010-03-17,0.0,435.03,10.51,-1.5,490.51,0.20762784345047922
2010-03-18,0.0,469.76,12.5,-2.0,440.08,0.1954144408945687
2010-03-19,0.0,497.22,16.69,-1.22,440.0,0.18320103833865814
2010-03-20,4.92,371.94,14.39,-3.09,445.06,0.1893077396166134
2010-03-21,0.0,304.43,3.0,-3.86,456.29,0.1893077396166134
2010-03-22,0.0,503.42,12.03,-5.08,355.08,0.1893077396166134
2010-03-23,0.0,513.67,18.5,-1.5,429.11,0.1893077396166134
2010-03-24,0.0,460.22,19.45,4.83,697.94,0.18320103833865814
2010-03-25,1.66,329.29,12.64,4.2,808.19,0.1709876357827476
2010-03-26,0.0,477.48,17.02,1.72,560.35,0.15266753194888177
2010-03-27,0.0,418.86,16.28,4.5,720.15,0.14045412939297125
2010-03-28,0.0,402.27,14.77,3.86,711.02,0.13434742811501596
2010-03-29,0.0,515.48,19.0,0.54,478.66,0.1282407268370607
2010-03-30,0.0,517.96,24.04,4.38,589.71,0.12213402555910544
2010-03-31,0.0,484.54,28.42,11.36,944.45,0.12213402555910544
2010-04-01,0.0,421.8,28.24,15.03,1305.07,0.11602732428115016
2010-04-02,0.0,419.99,23.41,11.0,1036.28,0.12213402555910544
2010-04-03,1.9,469.96,20.52,0.49,493.6,0.10992062300319488
2010-04-04,0.0,518.9,23.74,5.01,609.91,0.10381392172523961
2010-04-05,0.66,477.8,28.5,11.19,936.79,0.10381392172523961
2010-04-06,0.0,447.07,28.9,14.48,1206.69,0.10381392172523961
2010-04-07,0.0,540.85,25.62,3.62,527.79,0.09770722044728435
2010-04-08,0.0,484.55,14.21,-1.36,451.38,0.09770722044728435
2010-04-09,0.0,537.56,21.5,0.5,441.16,0.09160051916932907
2010-04-10,0.0,501.14,24.55,6.4,675.18,0.09160051916932907
2010-04-11,0.0,449.54,24.69,9.5,885.47,0.0854938178913738
2010-04-12,0.0,391.45,24.64,11.99,1128.15,0.09160051916932907
2010-04-13,0.0,376.04,25.16,13.05,1231.67,0.09160051916932907
2010-04-14,0.0,379.14,26.01,13.63,1262.92,0.0854938178913738
2010-04-15,0.0,414.56,26.49,12.56,1113.82,0.0854938178913738
2010-04-16,0.09,345.64,22.88,11.97,1210.09,0.0854938178913738
2010-04-17,6.35,264.24,16.82,6.16,933.13,0.09160051916932907
2010-04-18,0.0,319.47,16.83,7.5,990.2,0.09160051916932907
2010-04-19,0.75,312.33,16.15,7.15,973.87,0.09160051916932907
2010-04-20,0.0,432.51,20.08,6.56,793.66,0.09160051916932907
2010-04-21,0.0,378.98,20.32,9.06,997.42,0.0854938178913738
2010-04-22,2.4,270.6,21.54,13.0,1424.15,0.0854938178913738
2010-04-23,11.94,266.11,23.89,13.43,1465.93,0.10381392172523961
2010-04-24,0.0,397.44,21.95,10.28,1066.84,0.10381392172523961
2010-04-25,2.99,267.06,20.51,10.76,1283.8,0.09770722044728435
2010-04-26,0.0,442.45,20.83,7.67,861.96,0.09770722044728435
2010-04-27,0.0,464.73,18.5,4.5,687.21,0.0854938178913738
2010-04-28,0.0,499.8,21.79,5.88,710.89,0.07938711661341853
2010-04-29,0.0,449.97,26.0,12.3,1111.99,0.07328041533546326
2010-04-30,9.23,364.54,26.92,11.19,1132.82,0.07328041533546326
2010-05-01,0.0,418.22,22.2,10.26,1039.88,0.07328041533546326
2010-05-02,0.0,457.0,21.59,8.18,870.74,0.07328041533546326
2010-05-03,1.97,512.54,24.28,8.0,786.98,0.07328041533546326
2010-05-04,0.0,521.97,26.0,9.0,824.6,0.06717371405750798
2010-05-05,0.0,496.58,27.31,11.71,1008.07,0.06717371405750798
2010-05-06,0.0,517.16,28.25,11.38,925.77,0.05984567252396167
2010-05-07,0.0,539.67,28.37,10.21,805.42,0.05679232188498403
2010-05-08,0.0,526.74,19.24,3.07,553.8,0.05496031150159744
2010-05-09,0.0,404.57,18.01,7.48,874.75,0.05496031150159744
2010-05-10,4.73,258.32,18.55,9.93,1207.48,0.05679232188498403
2010-05-11,23.6,379.98,23.54,8.57,932.99,0.05801366214057508
2010-05-12,0.0,484.78,24.73,10.76,1037.33,0.06045634265175719
2010-05-13,56.26,388.53,24.43,8.4,990.12,1.954144408945687
2010-05-14,0.0,420.01,19.3,8.18,1081.26,1.8808639936102236
2010-05-15,9.43,212.02,18.0,11.16,1332.58,0.2137345447284345
2010-05-16,5.39,198.59,19.27,12.89,1471.4,0.4702159984025559
2010-05-17,3.89,270.62,21.61,12.5,1440.0,0.17709433706070285
2010-05-18,0.0,446.65,21.47,9.5,1178.5,0.12213402555910544
2010-05-19,18.71,265.79,20.98,12.08,1406.22,0.38472218051118207
2010-05-20,14.04,141.99,17.7,13.38,1540.87,2.2228392651757187
2010-05-21,0.0,415.8,21.07,10.5,1280.0,0.40914898562300317
2010-05-22,0.0,443.95,27.5,15.0,1705.44,0.17709433706070285
2010-05-23,0.0,313.27,29.06,20.71,2433.18,0.10992062300319488
2010-05-24,0.0,331.03,29.53,20.66,2426.39,0.0854938178913738
2010-05-25,55.98,345.01,29.4,15.91,1794.63,8.488314776357827
2010-05-26,15.45,331.01,29.04,16.45,1869.74,17.58729968051118
2010-05-27,0.0,432.32,30.1,17.71,2034.35,1.0442459185303514
2010-05-28,0.0,437.31,30.98,18.3,2103.84,0.4335757907348243
2010-05-29,0.0,455.33,31.14,17.68,2028.18,0.28701496006389776
2010-05-30,0.0,436.07,31.21,18.64,2142.17,0.5801366214057507
2010-05-31,12.74,340.03,29.77,16.77,1901.75,3.1022042492012782
2010-06-01,0.0,425.11,30.47,18.51,2120.82,0.9282185942492013
2010-06-02,0.0,410.64,32.18,20.53,2404.56,0.2992283626198083
2010-06-03,0.0,460.21,31.39,18.0,2076.73,0.1893077396166134
2010-06-04,0.0,455.29,32.95,19.45,2272.24,0.15266753194888177
2010-06-05,0.0,458.97,35.12,20.9,2463.84,0.1282407268370607
2010-06-06,0.0,450.48,33.83,20.51,2402.59,0.10992062300319488
2010-06-07,14.73,355.13,28.95,15.86,1789.24,0.15266753194888177
2010-06-08,7.47,305.14,29.04,18.5,2120.01,0.15877423322683706
2010-06-09,15.99,312.18,31.96,20.5,2400.0,2.5770279392971243
2010-06-10,20.89,267.16,29.34,20.41,2386.26,7.633376597444089
2010-06-11,0.0,353.43,31.55,22.47,2714.98,0.561816517571885
2010-06-12,0.0,334.34,31.95,23.51,2889.29,0.24426805111821087
2010-06-13,8.71,407.77,31.39,19.72,2295.73,0.43968249201277954
2010-06-14,53.92,301.81,28.45,18.44,2115.16,12.030201517571886
2010-06-15,14.02,266.12,27.5,18.99,2198.88,11.236330351437699
2010-06-16,0.0,416.06,30.87,19.9,2312.33,0.8366180750798721
2010-06-17,0.73,363.72,31.92,22.04,2645.8,0.4518958945686901
2010-06-18,0.0,379.84,33.68,23.41,2865.27,0.293121661341853
2010-06-19,0.0,395.1,34.5,23.36,2857.05,0.21984124600638977
2010-06-20,0.0,401.04,34.49,23.12,2819.51,0.18320103833865814
2010-06-21,0.0,396.25,34.35,23.22,2835.7,0.15266753194888177
2010-06-22,0.0,393.66,34.63,23.47,2875.13,0.14045412939297125
2010-06-23,0.0,408.25,35.44,23.46,2874.11,0.12213402555910544
2010-06-24,0.0,434.71,34.15,21.47,2554.81,0.10992062300319488
2010-06-25,0.0,397.28,32.99,22.04,2646.21,0.10381392172523961
2010-06-26,0.0,431.51,35.29,22.45,2712.26,0.09770722044728435
2010-06-27,0.0,421.03,35.44,23.0,2800.0,0.09770722044728435
2010-06-28,0.0,474.25,33.66,19.3,2246.2,0.09770722044728435
2010-06-29,0.0,475.16,32.66,18.5,2120.0,0.09160051916932907
2010-06-30,0.0,478.69,32.94,18.48,2118.78,0.07938711661341853
2010-07-01,0.0,455.33,31.43,18.43,2117.46,0.07328041533546326
2010-07-02,0.0,399.59,31.15,20.36,2378.21,0.07328041533546326
2010-07-03,0.0,269.59,29.03,22.42,2707.34,0.07938711661341853
2010-07-04,21.92,152.14,26.5,21.84,2613.85,0.09770722044728435
2010-07-05,22.78,212.68,27.17,20.67,2426.68,0.4335757907348243
2010-07-06,21.8,300.96,29.03,19.17,2226.94,1.0625660223642173
2010-07-07,0.0,397.11,30.2,20.35,2376.36,0.293121661341853
2010-07-08,0.0,327.3,28.52,20.95,2471.39,0.1465608306709265
2010-07-09,0.0,370.14,28.59,19.91,2316.03,0.11602732428115016
2010-07-10,0.0,449.24,30.81,19.04,2206.08,0.09770722044728435
2010-07-11,0.0,428.22,32.54,21.13,2500.92,0.09160051916932907
2010-07-12,0.0,453.1,34.35,21.32,2530.62,0.21984124600638977
2010-07-13,5.13,397.01,33.0,21.27,2522.43,4.109809960063897
2010-07-14,0.0,421.51,35.47,23.39,2863.24,0.3358685702875399
2010-07-15,0.0,410.49,34.4,22.95,2792.49,0.16488093450479233
2010-07-16,2.26,385.5,33.81,22.28,2684.29,0.2137345447284345
2010-07-17,0.0,457.58,36.11,22.0,2640.0,0.09160051916932907
2010-07-18,0.0,471.38,37.45,21.93,2628.53,0.07328041533546326
2010-07-19,0.0,439.15,37.52,23.58,2904.47,0.06717371405750798
2010-07-20,0.0,411.38,37.0,24.42,3067.9,0.05618165175718849
2010-07-21,0.0,406.0,36.27,24.09,3014.77,0.05129629073482428
2010-07-22,0.0,390.7,35.92,24.4,3064.71,0.047632269968051116
2010-07-23,0.0,384.38,36.22,24.86,3138.05,0.04335757907348242
2010-07-24,0.0,403.05,36.57,24.4,3063.97,0.04091489856230032
2010-07-25,12.94,328.13,35.35,22.0,2640.0,0.050685620607028754
2010-07-26,26.72,347.52,33.37,20.53,2404.47,0.1954144408945687
2010-07-27,0.0,431.79,34.3,21.46,2554.05,0.18320103833865814
2010-07-28,0.0,405.27,33.5,21.98,2637.24,0.07938711661341853
2010-07-29,0.0,408.38,33.9,22.2,2672.75,0.050685620607028754
2010-07-30,10.32,360.22,35.3,22.92,2787.94,0.5740299201277955
2010-07-31,0.0,429.64,36.67,23.31,2849.75,0.21984124600638977
2010-08-01,0.0,425.11,36.53,23.33,2853.34,0.06106701277955272
2010-08-02,0.0,438.82,39.02,24.05,3006.67,0.04518958945686901
2010-08-03,0.0,453.84,40.94,23.95,2988.31,0.03847221805111821
2010-08-04,0.0,442.27,39.39,23.5,2880.0,0.03480819728434505
2010-08-05,1.78,410.8,36.24,22.41,2705.86,0.09770722044728435
2010-08-06,2.62,378.46,32.96,20.5,2400.0,0.0494642803514377
2010-08-07,0.0,397.91,34.0,21.5,2560.48,0.03480819728434505
2010-08-08,0.0,405.45,37.19,23.35,2856.06,0.03114417651757188
2010-08-09,0.0,399.32,38.7,24.58,3093.44,0.029922836261980834
2010-08-10,0.0,396.63,38.44,24.43,3068.37,0.02748015575079872
2010-08-11,0.0,411.5,38.97,24.0,3000.34,0.026258815495207664
2010-08-12,0.0,415.72,39.47,24.0,3000.0,0.02503747523961661
2010-08-13,0.0,398.52,40.47,25.36,3248.04,0.024426805111821086
2010-08-14,0.0,444.19,40.31,22.62,2739.25,0.0494642803514377
2010-08-15,31.12,311.61,35.35,20.79,2446.99,0.9160051916932908
2010-08-16,8.15,265.13,29.48,18.69,2150.81,0.2503747523961661
2010-08-17,48.34,247.06,28.84,19.06,2209.97,13.556876837060702
2010-08-18,27.35,220.73,27.03,18.67,2151.83,4.335757907348243
2010-08-19,0.0,423.16,32.0,18.07,2085.25,0.38472218051118207
2010-08-20,0.0,389.65,35.07,21.81,2610.32,0.16488093450479233
2010-08-21,0.0,403.51,35.94,21.73,2596.86,0.10381392172523961
2010-08-22,0.0,393.65,34.95,21.32,2531.28,0.07938711661341853
2010-08-23,0.0,383.27,34.42,21.33,2532.16,0.06717371405750798
2010-08-24,40.07,299.76,33.03,19.5,2280.0,0.20762784345047922
2010-08-25,2.32,413.1,26.85,12.54,1443.44,1.4656083067092651
2010-08-26,0.0,442.7,27.68,13.0,1480.0,0.32976186900958465
2010-08-27,0.0,460.35,29.5,13.21,1514.33,0.13434742811501596
2010-08-28,0.0,451.28,31.41,15.0,1720.0,0.09160051916932907
2010-08-29,0.0,397.61,32.5,18.52,2123.23,0.07328041533546326
2010-08-30,0.0,339.02,33.16,21.54,2565.92,0.06717371405750798
2010-08-31,0.0,330.79,34.0,22.52,2722.43,0.057402992012779555
2010-09-01,0.0,345.25,34.03,21.99,2638.23,0.05373897124600639
2010-09-02,0.0,398.3,31.96,18.04,2083.3,0.05129629073482428
2010-09-03,0.0,477.38,29.76,11.5,1360.0,0.04702159984025559
2010-09-04,0.0,478.01,28.02,9.9,1232.14,0.047632269968051116
2010-09-05,0.0,469.37,30.9,12.31,1424.47,0.0427469089456869
2010-09-06,0.0,419.15,34.02,17.7,2031.39,0.040304228434504784
2010-09-07,0.01,376.17,31.91,18.26,2101.07,0.03725087779552715
2010-09-08,0.0,271.74,26.35,17.7,2032.17,0.040304228434504784
2010-09-09,8.31,181.03,26.59,19.0,2200.0,0.051906960862619804
2010-09-10,0.0,308.5,31.0,20.56,2408.89,0.045800259584664535
2010-09-11,10.85,299.57,32.98,18.63,2141.04,0.43968249201277954
2010-09-12,0.0,426.11,29.94,14.0,1600.37,0.10992062300319488
2010-09-13,0.0,395.44,30.91,16.5,1880.08,0.05557098162939297
2010-09-14,0.0,342.41,31.96,19.82,2304.99,0.043968249201277954
2010-09-15,0.0,354.8,32.92,19.87,2309.4,0.03908288817891374
2010-09-16,0.0,375.9,31.25,17.35,1975.5,0.03541886741214057
2010-09-17,0.0,325.07,26.65,15.69,1775.12,0.034197527156549515
2010-09-18,0.0,387.4,33.03,17.77,2043.04,0.03358685702875399
2010-09-19,0.0,424.06,33.87,15.58,1769.9,0.03358685702875399
2010-09-20,0.0,393.87,33.49,17.25,1963.24,0.03114417651757188
2010-09-21,0.0,303.08,32.41,21.0,2480.0,0.029312166134185302
2010-09-22,0.0,266.84,31.55,21.77,2602.83,0.028090825878594246
2010-09-23,0.0,252.56,29.99,21.0,2480.0,0.0360295375399361
2010-09-24,22.87,251.97,27.17,15.19,1732.58,0.05496031150159744
2010-09-25,0.0,377.1,27.76,13.5,1560.05,0.040304228434504784
2010-09-26,0.0,415.68,25.47,9.04,1162.88,0.039693558306709266
2010-09-27,0.0,410.12,22.0,6.42,953.85,0.03664020766773163
2010-09-28,0.0,402.78,24.5,8.76,1141.19,0.03541886741214057
2010-09-29,0.0,417.8,27.69,9.72,1217.33,0.03480819728434505
2010-09-30,0.0,407.42,28.21,10.54,1283.38,0.032976186900958465
2010-10-01,0.0,412.66,25.68,7.79,1062.97,0.029312166134185302
2010-10-02,0.0,381.17,23.85,8.38,1110.07,0.029312166134185302
2010-10-03,0.0,409.33,20.08,3.01,760.66,0.02748015575079872
2010-10-04,0.0,396.1,20.05,3.85,800.0,0.026869485623003196
2010-10-05,0.0,403.02,23.01,5.56,920.0,0.02748015575079872
2010-10-06,0.0,397.66,26.54,8.52,1121.29,0.026869485623003196
2010-10-07,0.0,403.41,30.08,10.07,1245.34,0.02564814536741214
2010-10-08,0.0,395.62,31.82,11.5,1360.0,0.026258815495207664
2010-10-09,0.0,374.46,30.63,12.07,1405.66,0.024426805111821086
2010-10-10,0.0,359.87,26.29,9.5,1200.0,0.04518958945686901
2010-10-11,22.14,198.91,20.04,9.41,1192.92,0.057402992012779555
2010-10-12,0.0,288.75,22.53,10.5,1280.0,0.040304228434504784
2010-10-13,0.0,317.98,23.17,9.34,1187.45,0.032976186900958465
2010-10-14,0.0,372.89,22.68,4.6,847.75,0.028701496006389778
2010-10-15,0.0,389.52,26.96,5.63,920.0,0.026258815495207664
2010-10-16,0.0,379.02,29.35,8.07,1085.98,0.02748015575079872
2010-10-17,0.0,364.56,29.94,9.5,1200.0,0.026258815495207664
2010-10-18,0.0,329.07,27.64,10.63,1290.34,0.024426805111821086
2010-10-19,0.04,300.59,23.98,9.51,1200.74,0.02503747523961661
2010-10-20,0.0,343.68,23.99,6.05,924.28,0.024426805111821086
2010-10-21,0.0,350.77,27.53,7.73,1058.26,0.02564814536741214
2010-10-22,1.41,261.76,25.28,12.0,1400.0,0.02748015575079872
2010-10-23,5.0,123.63,21.66,14.0,1600.32,0.029312166134185302
2010-10-24,0.0,231.41,23.54,12.29,1422.86,0.028701496006389778
2010-10-25,0.0,255.43,24.64,11.8,1384.35,0.029922836261980834
2010-10-26,1.72,310.61,23.45,6.79,983.42,0.02748015575079872
2010-10-27,0.0,305.05,20.53,4.51,840.48,0.026869485623003196
2010-10-28,0.0,319.42,20.49,2.99,758.91,0.024426805111821086
2010-10-29,0.0,329.42,20.34,1.59,686.89,0.024426805111821086
2010-10-30,0.0,306.97,21.52,4.52,841.65,0.023816134984025558
2010-10-31,0.0,286.63,22.75,7.07,1005.94,0.024426805111821086
2010-11-01,0.0,264.88,19.58,5.76,917.15,0.026258815495207664
2010-11-02,0.0,247.4,16.5,4.08,814.11,0.02564814536741214
2010-11-03,0.0,318.31,20.22,1.47,677.66,0.029922836261980834
2010-11-04,0.0,306.0,19.62,1.88,710.19,0.029312166134185302
2010-11-05,0.0,302.41,15.1,-2.0,520.0,0.029312166134185302
2010-11-06,0.0,311.17,16.5,-1.8,535.77,0.03114417651757188
2010-11-07,0.0,302.79,21.27,3.0,760.0,0.03236551677316293
2010-11-08,0.0,278.6,23.43,6.97,997.71,0.03358685702875399
2010-11-09,0.0,239.75,23.22,9.81,1224.57,0.03114417651757188
2010-11-10,0.0,239.21,20.12,6.89,991.33,0.03114417651757188
2010-11-11,0.0,235.46,16.28,3.54,790.16,0.034197527156549515
2010-11-12,13.11,136.47,14.17,4.82,865.87,0.06717371405750798
2010-11-13,17.38,121.45,9.79,1.82,705.82,0.06106701277955272
2010-11-14,0.0,226.25,11.67,0.01,600.63,0.06717371405750798
2010-11-15,0.0,204.21,11.63,1.46,676.41,0.057402992012779555
2010-11-16,0.0,209.89,12.0,1.58,686.71,0.051906960862619804
2010-11-17,0.0,212.34,11.76,1.26,660.44,0.0494642803514377
2010-11-18,3.66,177.43,8.41,-3.5,480.0,0.051906960862619804
2010-11-19,0.0,253.63,11.93,-1.5,560.0,0.045800259584664535
2010-11-20,0.0,255.58,16.74,2.74,739.51,0.04335757907348242
2010-11-21,0.0,241.14,15.98,3.05,763.06,0.044578919329073485
2010-11-22,0.0,247.85,20.25,5.98,933.78,0.04885361022364217
2010-11-23,0.0,272.04,13.86,-2.29,519.45,0.04335757907348242
2010-11-24,0.0,274.18,14.45,-2.35,516.85,0.037861547923322685
2010-11-25,0.0,293.94,14.15,-5.77,399.52,0.0360295375399361
2010-11-26,0.0,259.55,7.5,-7.54,352.97,0.03480819728434505
2010-11-27,0.0,280.52,13.0,-5.27,418.06,0.032976186900958465
2010-11-28,0.0,269.51,15.1,-2.0,520.0,0.03358685702875399
2010-11-29,0.0,217.77,12.98,0.93,640.0,0.03664020766773163
2010-11-30,0.0,220.54,7.97,-4.0,440.0,0.03725087779552715
2010-12-01,0.0,250.19,6.93,-7.61,351.14,0.03541886741214057
2010-12-02,0.0,268.03,10.59,-6.5,360.0,0.03541886741214057
2010-12-03,0.0,276.77,16.59,-2.78,497.81,0.03664020766773163
2010-12-04,0.0,252.08,14.34,-1.5,560.0,0.03725087779552715
2010-12-05,0.0,186.59,4.3,-5.46,403.17,0.037861547923322685
2010-12-06,0.0,242.82,4.01,-9.95,280.0,0.03725087779552715
2010-12-07,0.0,250.17,6.95,-7.9,328.33,0.03725087779552715
2010-12-08,0.0,239.77,7.71,-6.12,389.14,0.03908288817891374
2010-12-09,0.0,244.34,11.25,-3.44,479.78,0.040304228434504784
2010-12-10,0.0,248.82,12.82,-2.58,506.28,0.039693558306709266
2010-12-11,0.0,225.63,9.94,-3.07,487.27,0.04152556869009585
2010-12-12,0.0,223.97,2.91,-9.76,280.0,0.03480819728434505
2010-12-13,0.0,194.16,0.93,-9.51,280.0,0.0360295375399361
2010-12-14,0.0,201.59,3.15,-7.9,328.25,0.04091489856230032
2010-12-15,0.0,197.35,5.59,-5.27,421.89,0.04091489856230032
2010-12-16,0.0,200.73,7.23,-4.0,440.0,0.044578919329073485
2010-12-17,0.0,197.81,7.9,-3.2,480.8,0.043968249201277954
2010-12-18,0.0,154.52,4.99,-3.11,480.0,0.043968249201277954
2010-12-19,0.0,202.9,7.47,-3.84,452.58,0.043968249201277954
2010-12-20,0.0,231.28,13.32,-0.83,576.73,0.044578919329073485
2010-12-21,0.0,226.33,13.67,-0.06,603.34,0.04518958945686901
2010-12-22,0.0,198.52,5.59,-5.27,418.61,0.044578919329073485
2010-12-23,0.0,182.14,1.46,-8.0,320.13,0.044578919329073485
2010-12-24,2.0,133.97,1.3,-5.21,423.48,0.045800259584664535
2010-12-25,0.0,105.27,1.0,-3.81,459.69,0.04518958945686901
2010-12-26,0.0,133.47,-0.67,-6.75,360.85,0.04518958945686901
2010-12-27,0.0,216.39,3.19,-7.55,356.35,0.04335757907348242
2010-12-28,0.0,251.28,6.87,-6.91,360.0,0.047632269968051116
2010-12-29,0.0,227.79,9.26,-2.48,511.23,0.050685620607028754
2010-12-30,0.0,231.78,15.94,3.36,780.99,0.05129629073482428
2010-12-31,0.43,311.39,19.95,-6.38,343.81,0.050685620607028754
2011-01-01,0.0,221.05,-1.33,-13.28,217.37,0.04885361022364217
2011-01-02,0.0,261.29,2.86,-12.99,240.0,0.03725087779552715
2011-01-03,0.0,250.61,5.65,-9.05,315.61,0.04152556869009585
2011-01-04,0.0,252.39,6.76,-8.13,320.0,0.043968249201277954
2011-01-05,0.0,274.65,9.37,-8.5,320.0,0.043968249201277954
2011-01-06,0.0,279.11,13.5,-5.49,400.87,0.0494642803514377
2011-01-07,0.0,264.23,14.38,-2.29,519.71,0.04885361022364217
2011-01-08,0.0,263.2,7.49,-8.12,320.0,0.047632269968051116
2011-01-09,0.0,200.49,2.72,-7.44,360.0,0.043968249201277954
2011-01-10,6.11,125.97,-0.76,-7.91,327.53,0.0494642803514377
2011-01-11,2.3,217.83,-5.17,-15.66,187.5,0.03908288817891374
2011-01-12,0.0,240.41,-7.67,-18.31,157.57,0.04152556869009585
2011-01-13,0.0,302.72,-3.05,-18.27,160.0,0.03908288817891374
2011-01-14,0.0,273.24,2.98,-9.86,280.0,0.04213623881789137
2011-01-15,0.0,223.47,3.11,-6.61,360.0,0.047632269968051116
2011-01-16,0.0,239.19,2.57,-7.91,332.09,0.05129629073482428
2011-01-17,0.0,242.74,5.48,-5.22,422.61,0.05312830111821086
2011-01-18,0.0,213.65,6.05,-3.05,486.8,0.05679232188498403
2011-01-19,0.0,132.37,-0.38,-5.59,400.0,0.05679232188498403
2011-01-20,0.21,242.28,-0.75,-10.96,276.24,0.047632269968051116
2011-01-21,0.0,291.58,3.79,-9.5,280.0,0.04702159984025559
2011-01-22,0.0,304.89,8.38,-6.0,400.0,0.05251763099041533
2011-01-23,0.0,307.85,5.76,-8.51,320.0,0.05129629073482428
2011-01-24,0.0,262.1,1.0,-9.93,280.0,0.0427469089456869
2011-01-25,0.0,330.12,7.96,-8.0,320.0,0.04824294009584664
2011-01-26,0.0,323.47,8.08,-7.05,360.0,0.05251763099041533
2011-01-27,0.0,357.67,11.49,-7.36,354.37,0.050685620607028754
2011-01-28,0.0,376.18,19.56,-3.74,461.13,0.05557098162939297
2011-01-29,0.0,377.87,21.69,-2.05,522.11,0.05434964137380192
2011-01-30,0.0,321.25,11.77,-2.73,501.0,0.051906960862619804
2011-01-31,0.0,222.36,1.5,-6.84,360.0,0.0494642803514377
2011-02-01,2.0,240.41,-6.95,-15.68,185.15,0.03908288817891374
2011-02-02,4.64,141.45,-11.2,-17.56,160.0,0.02748015575079872
2011-02-03,0.0,337.13,-7.23,-20.46,120.0,0.039693558306709266
2011-02-04,0.0,374.25,-2.45,-18.5,153.97,0.04152556869009585
2011-02-05,0.0,374.31,4.53,-11.5,240.0,0.04213623881789137
2011-02-06,0.0,353.6,8.7,-5.5,400.0,0.0494642803514377
2011-02-07,0.0,253.63,5.52,-3.0,480.0,0.05557098162939297
2011-02-08,0.0,345.89,1.78,-11.02,274.14,0.06106701277955272
2011-02-09,10.02,216.45,-8.36,-17.86,160.0,0.06106701277955272
2011-02-10,0.0,423.68,-7.0,-26.23,80.0,0.047632269968051116
2011-02-11,0.0,434.99,-1.63,-23.03,85.21,0.051906960862619804
2011-02-12,0.0,409.12,6.51,-11.26,260.03,0.05373897124600639
2011-02-13,0.0,397.31,11.06,-5.71,402.33,0.06045634265175719
2011-02-14,0.0,381.18,14.67,-1.1,560.0,0.07328041533546326
2011-02-15,0.0,380.41,14.55,-1.09,560.39,0.09160051916932907
2011-02-16,0.0,419.12,18.91,-1.06,560.0,0.09770722044728435
2011-02-17,0.0,412.27,24.26,3.87,800.0,0.11602732428115016
2011-02-18,0.0,417.52,23.38,2.26,717.89,0.11602732428115016
2011-02-19,0.0,327.85,20.72,5.73,919.85,0.09770722044728435
2011-02-20,0.0,292.74,22.64,9.17,1173.57,0.07938711661341853
2011-02-21,0.0,384.19,15.1,-5.01,427.59,0.06106701277955272
2011-02-22,0.0,349.44,8.32,-7.48,358.52,0.05557098162939297
2011-02-23,0.0,351.49,15.13,-1.33,554.66,0.05373897124600639
2011-02-24,3.57,274.6,16.82,1.92,711.51,0.11602732428115016
2011-02-25,7.1,192.27,1.79,-6.36,378.07,0.09770722044728435
2011-02-26,0.0,174.69,0.25,-5.53,410.46,0.07328041533546326
2011-02-27,0.07,292.02,9.15,-1.07,564.29,0.06717371405750798
2011-02-28,5.81,286.37,10.74,-2.85,497.31,0.06106701277955272
2011-03-01,0.0,406.12,14.15,-1.97,527.19,0.05923500239616612
2011-03-02,0.0,427.21,19.44,0.56,638.15,0.05801366214057508
2011-03-03,0.0,352.53,17.83,3.38,783.71,0.05557098162939297
2011-03-04,0.0,339.19,15.49,1.95,704.39,0.05251763099041533
2011-03-05,0.0,377.68,9.21,-6.12,387.18,0.050685620607028754
2011-03-06,0.0,388.53,10.5,-5.5,400.02,0.04885361022364217
2011-03-07,0.0,320.66,11.85,-0.06,606.25,0.0494642803514377
2011-03-08,18.29,125.7,9.02,3.47,796.53,0.1465608306709265
2011-03-09,4.35,158.78,7.57,0.59,640.0,0.14045412939297125
2011-03-10,0.0,401.88,13.0,-3.0,480.0,0.10381392172523961
2011-03-11,0.0,434.28,19.57,0.02,600.7,0.0854938178913738
2011-03-12,0.0,399.44,21.28,4.68,854.06,0.06717371405750798
2011-03-13,0.0,336.53,14.8,2.8,743.77,0.06106701277955272
2011-03-14,2.13,237.5,9.98,0.5,640.0,0.06106701277955272
2011-03-15,0.0,410.09,12.53,-2.72,499.44,0.058624332268370605
2011-03-16,0.0,459.14,19.51,-0.3,543.67,0.05618165175718849
2011-03-17,0.0,419.74,25.21,8.12,974.57,0.05496031150159744
2011-03-18,0.0,357.73,23.53,10.54,1217.65,0.05251763099041533
2011-03-19,0.0,312.46,17.87,7.67,1043.74,0.050685620607028754
2011-03-20,0.32,307.6,19.9,9.75,1193.52,0.051906960862619804
2011-03-21,0.0,373.21,26.38,13.8,1057.81,0.05251763099041533
2011-03-22,0.0,399.42,26.67,13.0,922.78,0.051906960862619804
2011-03-23,0.0,486.16,25.32,6.0,494.12,0.0494642803514377
2011-03-24,0.0,482.26,15.98,-1.94,323.61,0.04641092971246006
2011-03-25,2.27,415.0,14.17,-0.69,413.88,0.047632269968051116
2011-03-26,2.03,324.37,10.94,1.3,573.79,0.04824294009584664
2011-03-27,1.0,166.9,4.07,-0.25,600.0,0.04824294009584664
2011-03-28,0.0,189.96,4.77,-0.18,599.82,0.047632269968051116
2011-03-29,0.0,199.36,6.29,1.12,649.64,0.047632269968051116
2011-03-30,0.0,284.57,8.47,0.98,619.43,0.04824294009584664
2011-03-31,2.18,368.56,11.95,0.24,506.66,0.050685620607028754
2011-04-01,0.0,493.09,20.31,3.81,481.14,0.04824294009584664
2011-04-02,0.0,531.14,24.11,3.35,411.45,0.045800259584664535
2011-04-03,0.0,540.39,29.58,6.15,454.66,0.04641092971246006
2011-04-04,0.0,516.59,23.63,4.53,458.75,0.043968249201277954
2011-04-05,0.0,517.37,17.91,-0.5,348.07,0.04152556869009585
2011-04-06,0.0,499.54,23.6,6.26,529.85,0.039693558306709266
2011-04-07,0.0,422.73,25.48,12.14,882.03,0.04213623881789137
2011-04-08,0.0,527.27,28.15,7.35,504.67,0.04702159984025559
2011-04-09,9.51,361.81,30.75,12.82,990.72,0.0854938178913738
2011-04-10,0.0,413.42,29.88,16.36,1233.98,0.051906960862619804
2011-04-11,0.0,495.07,24.51,7.43,583.25,0.0427469089456869
2011-04-12,0.0,526.57,23.5,4.0,427.41,0.03908288817891374
2011-04-13,0.0,525.76,27.0,7.0,503.65,0.037861547923322685
2011-04-14,0.0,498.91,28.3,10.32,647.34,0.03847221805111821
2011-04-15,0.0,377.8,16.31,5.18,655.98,0.03664020766773163
2011-04-16,2.03,402.09,13.77,2.0,524.96,0.034197527156549515
2011-04-17,0.0,529.85,24.0,4.75,452.16,0.03358685702875399
2011-04-18,0.0,479.32,26.84,10.64,709.97,0.03358685702875399
2011-04-19,0.0,447.93,23.08,8.77,692.16,0.03541886741214057
2011-04-20,0.0,409.52,17.34,5.05,616.69,0.034197527156549515
2011-04-21,0.0,360.44,16.85,6.46,736.57,0.03541886741214057
2011-04-22,0.79,324.91,20.13,10.93,1016.64,0.03908288817891374
2011-04-23,0.0,369.82,21.56,11.03,937.97,0.03847221805111821
2011-04-24,0.0,341.96,17.2,7.91,833.83,0.043968249201277954
2011-04-25,13.24,214.78,15.98,8.34,1066.14,0.09160051916932907
2011-04-26,8.2,294.9,14.99,3.96,755.66,0.06717371405750798
2011-04-27,5.78,263.03,14.96,5.24,885.01,0.06106701277955272
2011-04-28,0.0,475.56,19.4,4.5,635.19,0.05373897124600639
2011-04-29,0.0,528.64,25.9,6.88,651.17,0.044578919329073485
2011-04-30,0.0,463.53,25.12,10.0,885.56,0.03847221805111821
2011-05-01,0.0,421.68,18.12,5.49,735.64,0.03480819728434505
2011-05-02,0.9,455.97,15.87,2.17,573.56,0.03480819728434505
2011-05-03,0.0,533.0,20.93,2.93,510.53,0.032976186900958465
2011-05-04,0.0,533.22,24.19,6.0,586.91,0.03175484664536741
2011-05-05,0.0,469.29,24.47,10.0,842.66,0.03114417651757188
2011-05-06,0.0,553.93,26.41,6.5,571.43,0.03053350638977636
2011-05-07,0.0,529.08,30.11,11.5,799.92,0.03114417651757188
2011-05-08,0.0,498.45,33.01,16.0,1093.65,0.029312166134185302
2011-05-09,0.0,477.12,35.98,19.62,1394.36,0.029312166134185302
2011-05-10,0.0,427.68,34.09,20.29,1595.14,0.028090825878594246
2011-05-11,0.0,368.28,28.18,17.5,1432.64,0.029922836261980834
2011-05-12,9.01,301.09,25.39,13.83,1301.64,0.032976186900958465
2011-05-13,0.0,430.56,21.64,9.69,877.46,0.028090825878594246
2011-05-14,0.0,387.16,17.02,6.97,814.45,0.02564814536741214
2011-05-15,0.0,492.93,18.58,4.5,585.23,0.026869485623003196
2011-05-16,0.0,526.48,21.05,4.94,553.18,0.026258815495207664
2011-05-17,0.0,526.56,23.05,6.91,618.88,0.026258815495207664
2011-05-18,6.17,299.43,20.54,10.51,1129.1,0.026258815495207664
2011-05-19,0.0,389.2,24.24,13.85,1231.69,0.02748015575079872
2011-05-20,18.84,242.98,25.7,17.0,1844.45,0.13434742811501596
2011-05-21,10.69,284.61,26.5,15.99,1734.73,0.13434742811501596
2011-05-22,0.0,448.2,31.0,17.57,1587.81,0.051906960862619804
2011-05-23,0.0,438.13,30.98,17.9,1637.82,0.03541886741214057
2011-05-24,0.0,476.4,30.68,15.91,1380.94,0.05496031150159744
2011-05-25,15.53,340.21,26.83,13.15,1390.03,0.07938711661341853
2011-05-26,0.0,445.73,22.5,9.77,1054.7,0.07328041533546326
2011-05-27,0.0,452.19,25.46,12.13,1172.4,0.040304228434504784
2011-05-28,0.0,351.0,25.23,15.5,1627.42,0.03236551677316293
2011-05-29,0.0,395.2,29.3,17.9,1763.32,0.029312166134185302
2011-05-30,0.0,335.68,31.86,22.12,2380.7,0.026258815495207664
2011-05-31,5.76,359.15,30.03,15.07,1506.09,0.026258815495207664
2011-06-01,0.0,476.49,32.04,17.17,1504.07,0.02320546485623003
2011-06-02,0.0,417.07,33.49,20.92,2024.22,0.02137345447284345
2011-06-03,0.0,412.29,35.35,22.73,2254.29,0.018930773961661342
2011-06-04,0.0,466.88,36.63,21.54,1945.57,0.016488093450479233
2011-06-05,0.0,528.29,36.93,18.4,1480.57,0.014656083067092651
2011-06-06,0.0,506.39,37.83,20.49,1724.73,0.013434742811501598
2011-06-07,0.0,477.66,37.79,22.37,1824.55,0.012213402555910543
2011-06-08,0.0,452.3,37.58,23.48,1976.34,0.009770722044728435
2011-06-09,4.19,439.16,37.07,21.64,1818.77,0.007938711661341852
2011-06-10,25.63,370.27,33.5,17.76,1638.78,0.008549381789137379
2011-06-11,0.0,477.31,31.46,16.84,1508.93,0.01954144408945687
2011-06-12,15.59,322.9,30.82,17.87,1926.59,0.03541886741214057
2011-06-13,4.7,321.58,34.0,20.31,2290.7,0.016488093450479233
2011-06-14,0.0,432.77,34.86,21.17,2166.6,0.010992062300319488
2011-06-15,0.0,483.27,32.51,17.15,1618.69,0.007938711661341852
2011-06-16,0.0,439.04,32.91,19.47,1952.47,0.008549381789137379
2011-06-17,7.65,333.1,33.69,19.38,2161.79,0.011602732428115015
2011-06-18,0.0,432.04,34.98,21.14,2205.93,0.009770722044728435
2011-06-19,2.87,355.19,36.29,20.92,2340.15,0.007938711661341852
2011-06-20,0.0,457.25,37.32,21.49,2193.05,0.007328041533546326
2011-06-21,7.34,351.92,33.85,18.0,1986.23,0.014045412939297123
2011-06-22,0.0,512.52,32.9,15.0,1439.64,0.006717371405750799
2011-06-23,0.0,507.58,33.31,15.52,1492.88,0.0060456342651757184
2011-06-24,0.0,475.61,35.0,18.5,1831.85,0.005373897124600639
2011-06-25,0.0,433.44,38.37,22.91,2457.16,0.0045800259584664535
2011-06-26,0.0,405.02,38.89,24.46,2763.14,0.0048242940095846645
2011-06-27,0.0,355.47,35.81,23.88,2823.91,0.004213623881789137
2011-06-28,0.0,419.75,31.64,18.1,1894.63,0.0053128301118210855
2011-06-29,0.0,438.21,35.52,20.31,2105.36,0.004763226996805111
2011-06-30,0.0,423.63,39.51,23.91,2607.64,0.004274690894568689
2011-07-01,0.0,413.08,39.6,24.41,2715.2,0.004030422843450479
2011-07-02,0.0,434.01,38.96,22.97,2444.21,0.004274690894568689
2011-07-03,0.0,436.53,38.56,22.49,2372.88,0.0050685620607028746
2011-07-04,5.29,353.69,37.85,19.62,2171.97,0.00586243322683706
2011-07-05,0.0,470.62,39.0,20.99,2120.31,0.0040914898562300316
2011-07-06,0.0,400.86,37.3,23.0,2576.26,0.004030422843450479
2011-07-07,0.0,352.51,34.75,22.85,2692.8,0.00494642803514377
2011-07-08,0.0,425.93,34.73,20.05,2121.6,0.0045800259584664535
2011-07-09,0.0,448.45,38.92,22.24,2281.01,0.004457891932907348
2011-07-10,0.0,452.65,43.0,24.69,2600.19,0.0036029537539936096
2011-07-11,0.0,428.0,41.39,24.79,2698.5,0.003908288817891374
2011-07-12,0.0,388.61,38.56,24.39,2768.02,0.005373897124600639
2011-07-13,18.01,330.52,35.75,21.76,2523.67,0.34808197284345044
2011-07-14,0.0,369.08,35.91,22.94,2708.2,0.0854938178913738
2011-07-15,0.0,368.97,38.65,25.06,3053.53,0.021984124600638977
2011-07-16,0.0,368.64,39.91,26.0,3208.22,0.012213402555910543
2011-07-17,0.0,377.92,39.07,25.03,3012.62,0.009770722044728435
2011-07-18,0.0,369.33,38.59,25.0,3035.46,0.009770722044728435
2011-07-19,0.0,408.52,38.72,23.52,2682.14,0.009160051916932907
2011-07-20,0.0,380.91,38.71,24.64,2943.18,0.008549381789137379
2011-07-21,0.0,389.61,39.67,25.01,2979.48,0.008549381789137379
2011-07-22,0.0,384.98,39.93,25.44,3061.82,0.009160051916932907
2011-07-23,0.0,382.85,40.36,25.88,3150.02,0.008549381789137379
2011-07-24,0.0,392.1,40.84,25.84,3113.87,0.007938711661341852
2011-07-25,2.6,388.33,38.39,22.5,2495.65,0.009770722044728435
2011-07-26,0.0,395.95,37.39,23.34,2592.74,0.007328041533546326
2011-07-27,0.0,384.64,41.11,26.49,3084.65,0.005984567252396166
2011-07-28,0.0,405.62,41.75,26.0,2926.35,0.005373897124600639
2011-07-29,0.0,411.13,40.25,24.69,2708.51,0.005190696086261981
2011-07-30,3.41,358.56,39.0,23.74,2711.64,0.005496031150159744
2011-07-31,0.0,404.35,39.24,24.18,2679.64,0.005007495047923322
2011-08-01,0.0,430.37,41.5,24.54,2643.9,0.004763226996805111
2011-08-02,0.0,441.69,43.0,24.86,2654.83,0.005007495047923322
2011-08-03,0.0,434.4,41.85,24.47,2624.28,0.004641092971246006
2011-08-04,23.97,320.79,38.39,21.93,2554.23,0.01282407268370607
2011-08-05,0.0,384.59,38.33,23.96,2856.44,0.004518958945686901
2011-08-06,8.37,298.04,38.22,23.06,2806.92,0.0028701496006389776
2011-08-07,0.0,426.12,38.5,22.0,2492.47,0.001893077396166134
2011-08-08,0.0,409.15,37.98,22.4,2595.35,0.0015877423322683706
2011-08-09,0.0,409.8,36.05,21.0,2396.58,0.001465608306709265
2011-08-10,18.86,298.89,33.27,19.28,2244.65,0.020152114217252392
2011-08-11,9.79,254.05,30.23,19.22,2234.71,0.005007495047923322
2011-08-12,0.0,346.57,31.6,20.1,2340.35,0.002992283626198083
2011-08-13,15.39,291.37,31.7,18.5,2120.0,0.007938711661341852
2011-08-14,0.0,379.58,31.93,19.03,2205.52,0.0033586857028753995
2011-08-15,0.0,386.91,33.58,20.0,2323.64,0.002809082587859425
2011-08-16,0.0,405.42,37.42,21.93,2626.82,0.003114417651757188
2011-08-17,0.0,387.65,36.44,22.01,2641.74,0.0036029537539936096
2011-08-18,11.17,295.26,36.9,22.5,2719.99,0.024426805111821086
2011-08-19,0.0,411.17,40.0,23.2,2814.84,0.3175484664536741
2011-08-20,0.0,335.39,35.65,23.51,2881.92,0.07938711661341853
2011-08-21,0.0,322.43,32.5,21.53,2564.06,0.03358685702875399
2011-08-22,3.62,227.98,33.0,23.0,2800.0,0.020762784345047924
2011-08-23,3.21,249.59,34.96,23.2,2831.63,0.02137345447284345
2011-08-24,0.0,418.02,41.0,23.52,2787.74,0.02320546485623003
2011-08-25,0.0,440.9,38.19,20.26,2265.49,0.013434742811501598
2011-08-26,0.0,466.58,36.0,16.99,1826.11,0.010381392172523962
2011-08-27,0.0,425.0,36.87,19.92,2256.42,0.009770722044728435
2011-08-28,0.0,403.32,37.57,21.5,2523.89,0.008549381789137379
2011-08-29,0.0,396.88,37.8,21.84,2586.33,0.008549381789137379
2011-08-30,0.0,362.82,37.29,23.1,2812.07,0.007938711661341852
2011-08-31,0.0,397.12,40.49,23.52,2830.4,0.006717371405750799
2011-09-01,0.0,378.5,40.97,24.76,3086.33,0.005984567252396166
2011-09-02,0.0,394.46,38.93,22.53,2684.73,0.005434964137380192
2011-09-03,0.0,383.79,37.44,22.0,2624.85,0.005007495047923322
2011-09-04,7.94,308.89,31.31,15.88,1790.74,0.011602732428115015
2011-09-05,0.0,439.34,26.1,10.08,1243.32,0.003969355830670926
2011-09-06,0.0,459.73,26.55,9.0,1149.78,0.003053350638977636
2011-09-07,0.0,419.87,26.13,10.96,1316.78,0.0022594794728434506
2011-09-08,0.0,410.27,26.45,11.67,1372.92,0.001893077396166134
2011-09-09,0.0,452.63,28.27,10.47,1200.61,0.001465608306709265
2011-09-10,0.0,416.89,28.46,12.59,1417.37,0.0015877423322683706
2011-09-11,0.0,411.45,29.18,13.34,1444.08,0.002503747523961661
2011-09-12,0.0,453.93,34.0,14.01,1404.22,0.0016488093450479234
2011-09-13,0.0,427.53,35.94,16.97,1730.11,0.0017098763578274761
2011-09-14,2.67,334.87,29.97,14.54,1622.39,0.0020762784345047924
2011-09-15,5.1,215.56,19.77,10.54,1283.43,0.001954144408945687
2011-09-16,5.89,151.89,15.37,9.35,1188.26,0.0014045412939297124
2011-09-17,19.26,187.57,20.58,12.31,1424.9,0.020762784345047924
2011-09-18,13.53,247.26,25.06,13.34,1534.9,0.005190696086261981
2011-09-19,0.0,402.38,27.31,11.38,1349.38,0.0020152114217252396
2011-09-20,0.0,414.9,30.0,12.38,1425.48,0.003053350638977636
2011-09-21,0.0,335.85,26.0,13.34,1534.62,0.004396824920127795
2011-09-22,1.44,313.08,22.48,11.06,1324.9,0.004396824920127795
2011-09-23,0.0,371.47,25.4,10.89,1311.11,0.0028701496006389776
2011-09-24,0.0,407.21,28.0,10.7,1293.67,0.002320546485623003
2011-09-25,0.0,384.28,25.91,10.42,1273.27,0.0018320103833865814
2011-09-26,0.0,387.99,24.0,8.51,1121.2,0.0018320103833865814
2011-09-27,0.0,404.52,26.98,9.62,1209.17,0.0026258815495207666
2011-09-28,0.0,431.9,31.96,10.5,1258.98,0.0007938711661341853
2011-09-29,0.0,407.11,31.85,12.38,1428.84,0.0009770722044728434
2011-09-30,0.0,409.62,26.5,7.9,1072.1,0.0003053350638977636
2011-10-01,0.0,410.2,24.72,6.09,927.25,0.0010381392172523962
2011-10-02,0.0,401.01,26.5,8.0,1080.0,0.0009160051916932907
2011-10-03,0.0,392.94,29.84,10.92,1312.49,0.0012213402555910544
2011-10-04,0.0,375.37,31.39,13.2,1511.27,0.00036640207667731624
2011-10-05,0.0,366.84,29.91,12.5,1440.0,0.0004885361022364217
2011-10-06,0.0,316.64,28.93,14.86,1695.88,0.0005496031150159744
2011-10-07,0.0,243.85,28.16,17.82,2049.79,0.0004885361022364217
2011-10-08,0.0,194.72,26.16,18.21,2097.17,0.00293121661341853
2011-10-09,29.85,120.09,20.68,14.61,1658.08,0.017098763578274757
2011-10-10,24.59,147.23,19.08,11.77,1381.46,0.02564814536741214
2011-10-11,0.0,290.27,22.65,11.02,1321.86,0.004152556869009585
2011-10-12,0.0,309.79,24.84,12.0,1400.0,0.0035418867412140573
2011-10-13,0.0,350.92,25.0,9.5,1200.0,0.004213623881789137
2011-10-14,0.0,345.89,24.22,9.0,1160.0,0.00586243322683706
2011-10-15,0.0,369.67,24.84,7.14,1010.98,0.009770722044728435
2011-10-16,0.0,334.86,24.81,9.42,1193.95,0.014045412939297123
2011-10-17,0.0,288.57,21.47,9.13,1170.35,0.014045412939297123
2011-10-18,0.0,298.25,17.15,4.52,841.58,0.013434742811501598
2011-10-19,0.0,299.46,14.91,2.34,720.0,0.014045412939297123
2011-10-20,0.0,357.23,15.39,-1.42,559.19,0.016488093450479233
2011-10-21,0.0,369.26,20.14,1.01,641.0,0.016488093450479233
2011-10-22,0.0,352.23,22.58,4.31,826.14,0.01954144408945687
2011-10-23,0.0,348.59,24.79,6.0,920.03,0.020762784345047924
2011-10-24,0.0,362.34,27.94,6.33,946.54,0.022594794728434505
2011-10-25,0.0,336.98,29.0,9.66,1212.85,0.026869485623003196
2011-10-26,0.0,271.59,22.73,9.53,1202.72,0.028090825878594246
2011-10-27,0.02,244.19,14.95,4.07,811.06,0.028701496006389778
2011-10-28,0.0,323.74,15.27,-0.93,565.91,0.029312166134185302
2011-10-29,0.0,346.97,19.0,-0.23,600.0,0.028701496006389778
2011-10-30,0.0,323.33,19.04,2.04,720.0,0.026258815495207664
2011-10-31,0.0,333.69,21.0,2.36,720.0,0.02748015575079872
2011-11-01,0.0,301.46,24.0,7.77,1061.73,0.028090825878594246
2011-11-02,0.0,275.29,21.32,7.5,1040.07,0.028701496006389778
2011-11-03,3.78,215.83,13.5,-0.54,596.84,0.028701496006389778
2011-11-04,0.0,320.8,12.38,-4.6,440.0,0.03114417651757188
2011-11-05,0.0,307.65,14.89,-1.36,555.43,0.03175484664536741
2011-11-06,0.0,248.92,17.6,5.34,902.0,0.029922836261980834
2011-11-07,0.0,258.61,18.2,5.0,879.64,0.05251763099041533
2011-11-08,40.99,136.33,12.7,4.22,817.31,0.3664020766773163
2011-11-09,6.05,147.22,9.87,0.62,640.0,0.4518958945686901
2011-11-10,0.0,285.43,13.69,-1.98,521.21,0.10381392172523961
2011-11-11,0.0,286.16,16.05,-0.25,600.06,0.047632269968051116
2011-11-12,0.0,257.71,17.97,3.8,802.55,0.03236551677316293
2011-11-13,0.0,249.95,20.19,6.2,946.99,0.020762784345047924
2011-11-14,0.0,233.87,18.04,5.51,907.65,0.017709433706070286
2011-11-15,0.0,278.44,18.03,1.58,686.54,0.015877423322683704
2011-11-16,0.0,261.88,14.75,-0.07,600.0,0.015877423322683704
2011-11-17,0.0,243.9,7.16,-5.84,400.0,0.017098763578274757
2011-11-18,0.0,250.24,11.86,-2.09,527.1,0.018320103833865814
2011-11-19,0.0,245.39,17.12,3.02,761.85,0.018930773961661342
2011-11-20,0.0,239.28,12.02,-1.25,559.15,0.015877423322683704
2011-11-21,0.0,73.72,2.66,-0.53,589.69,0.018320103833865814
2011-11-22,12.49,81.39,5.07,0.1,611.56,0.02503747523961661
2011-11-23,0.0,262.81,13.14,-1.6,551.67,0.018930773961661342
2011-11-24,0.0,284.63,19.0,0.81,639.6,0.01954144408945687
2011-11-25,0.0,210.42,17.44,6.29,943.4,0.01954144408945687
2011-11-26,19.44,125.3,14.29,5.95,920.0,0.050685620607028754
2011-11-27,0.0,218.8,9.01,-2.1,520.0,0.09160051916932907
2011-11-28,0.0,256.13,7.96,-5.99,400.0,0.0854938178913738
2011-11-29,0.0,264.67,10.5,-4.56,440.0,0.03908288817891374
2011-11-30,0.0,268.68,11.34,-4.38,440.0,0.02564814536741214
2011-12-01,0.0,242.56,11.01,-2.06,520.71,0.018930773961661342
2011-12-02,0.0,194.65,6.18,-3.2,481.98,0.014045412939297123
2011-12-03,12.04,138.34,6.89,-1.89,535.84,0.04641092971246006
2011-12-04,8.92,156.29,7.02,-3.1,484.97,0.07328041533546326
2011-12-05,0.0,167.14,2.99,-4.5,440.0,0.17709433706070285
2011-12-06,0.0,160.49,-1.94,-8.94,313.74,0.07328041533546326
2011-12-07,0.0,218.28,0.67,-9.62,280.0,0.03175484664536741
2011-12-08,0.0,261.78,7.24,-7.35,355.91,0.024426805111821086
2011-12-09,0.0,216.74,5.66,-5.0,439.65,0.02137345447284345
2011-12-10,0.0,179.91,1.12,-7.0,360.0,0.018320103833865814
2011-12-11,0.0,185.16,3.55,-4.81,439.99,0.017098763578274757
2011-12-12,2.6,122.57,7.38,1.33,670.12,0.017709433706070286
2011-12-13,2.57,103.24,8.14,3.16,772.92,0.018930773961661342
2011-12-14,9.25,158.71,14.43,4.28,824.66,0.043968249201277954
2011-12-15,9.33,190.01,14.12,0.47,637.93,0.20152114217252395
2011-12-16,0.0,245.96,7.89,-4.32,440.0,0.21984124600638977
2011-12-17,0.0,255.05,8.99,-4.32,440.0,0.07938711661341853
2011-12-18,0.0,265.64,12.75,-2.27,519.6,0.04091489856230032
2011-12-19,9.52,166.59,11.9,2.27,719.91,1.7220897603833865
2011-12-20,47.26,121.75,7.02,0.27,620.08,15.633155271565496
2011-12-21,2.04,160.52,3.75,-3.5,474.8,3.5724202476038336
2011-12-22,0.0,217.58,6.49,-3.5,473.51,0.519069608626198
2011-12-23,0.0,203.93,2.11,-6.66,363.91,0.23205464856230032
2011-12-24,0.0,244.82,4.67,-6.89,360.0,0.1465608306709265
2011-12-25,0.0,272.75,8.62,-6.5,360.0,0.11602732428115016
2011-12-26,0.0,260.42,10.25,-3.48,474.29,0.10381392172523961
2011-12-27,0.0,235.6,9.15,-2.09,521.71,0.09160051916932907
2011-12-28,0.0,256.35,10.33,-2.85,491.97,0.0854938178913738
2011-12-29,0.0,271.57,13.04,-2.39,520.0,0.07938711661341853
2011-12-30,0.0,273.88,16.13,-0.21,600.0,0.07328041533546326
2011-12-31,0.0,267.19,16.76,1.51,680.74,0.06717371405750798
2012-01-01,0.0,234.04,15.71,0.42,578.88,0.06717371405750798
2012-01-02,0.0,212.06,8.28,-4.5,433.18,0.06106701277955272
2012-01-03,0.0,229.79,8.64,-5.62,392.97,0.05923500239616612
2012-01-04,0.0,244.13,14.0,-1.97,485.16,0.058624332268370605
2012-01-05,0.0,250.69,15.64,-1.0,509.04,0.05923500239616612
2012-01-06,0.0,247.33,16.15,-0.09,542.13,0.05801366214057508
2012-01-07,0.0,241.6,13.14,-2.14,483.88,0.058624332268370605
2012-01-08,0.0,221.48,10.79,-2.45,495.05,0.05618165175718849
2012-01-09,0.0,245.73,10.73,-4.63,410.68,0.05496031150159744
2012-01-10,0.0,267.2,12.5,-5.18,373.18,0.05434964137380192
2012-01-11,0.0,263.77,12.1,-5.0,379.02,0.05373897124600639
2012-01-12,0.0,229.33,4.81,-8.34,318.06,0.05129629073482428
2012-01-13,0.0,213.0,2.64,-9.1,292.59,0.04702159984025559
2012-01-14,0.0,262.61,9.45,-6.55,253.76,0.05373897124600639
2012-01-15,0.0,258.81,13.05,-2.5,323.53,0.05251763099041533
2012-01-16,0.0,268.37,16.25,-0.29,345.32,0.05129629073482428
2012-01-17,0.0,293.31,11.14,-8.13,198.97,0.050685620607028754
2012-01-18,0.0,236.7,2.31,-10.63,220.76,0.04885361022364217
2012-01-19,0.0,222.75,4.27,-7.58,282.11,0.05007495047923322
2012-01-20,0.0,181.73,2.39,-6.78,337.43,0.04885361022364217
2012-01-21,0.0,245.05,2.93,-10.24,220.79,0.04518958945686901
2012-01-22,0.0,269.27,8.3,-6.87,243.02,0.05129629073482428
2012-01-23,0.0,295.04,15.44,-2.5,266.23,0.0494642803514377
2012-01-24,0.0,275.73,13.88,-1.68,313.48,0.04702159984025559
2012-01-25,1.76,258.43,14.4,0.41,376.95,0.04824294009584664
2012-01-26,0.0,290.68,12.38,-4.21,268.88,0.04824294009584664
2012-01-27,0.0,309.03,15.04,-3.5,252.98,0.045800259584664535
2012-01-28,0.0,315.72,12.5,-6.49,205.72,0.04335757907348242
2012-01-29,0.0,307.52,11.5,-6.12,227.54,0.0427469089456869
2012-01-30,0.0,310.27,15.34,-2.42,270.5,0.04335757907348242
2012-01-31,0.0,289.22,17.2,1.64,369.3,0.043968249201277954
2012-02-01,0.0,313.52,17.84,-0.01,293.45,0.04335757907348242
2012-02-02,0.0,318.23,17.52,-0.66,280.11,0.04335757907348242
2012-02-03,43.47,197.27,15.5,2.24,532.08,2.5892413418530347
2012-02-04,21.28,121.94,9.52,2.24,720.0,8.54938178913738
2012-02-05,0.0,162.84,5.66,-1.32,557.47,1.038139217252396
2012-02-06,0.0,284.8,9.6,-4.12,440.0,0.32976186900958465
2012-02-07,0.0,271.25,9.63,-2.99,489.55,0.23816134984025558
2012-02-08,3.13,136.21,4.13,-2.33,515.92,0.22594794728434506
2012-02-09,0.0,117.74,2.67,-1.8,540.06,0.20152114217252395
2012-02-10,8.2,137.6,3.0,-4.0,440.0,0.2137345447284345
2012-02-11,0.0,263.89,-0.8,-11.24,260.49,0.18320103833865814
2012-02-12,0.0,223.44,-2.75,-11.1,267.49,0.13434742811501596
2012-02-13,4.2,169.49,-0.02,-7.35,353.8,0.13434742811501596
2012-02-14,0.0,307.35,4.02,-6.44,365.73,0.1282407268370607
2012-02-15,0.0,336.82,8.9,-2.95,490.79,0.16488093450479233
2012-02-16,0.0,361.67,10.66,-2.33,486.04,0.2137345447284345
2012-02-17,0.0,359.29,12.2,-2.11,498.14,0.17709433706070285
2012-02-18,2.05,323.23,11.82,-1.07,558.64,0.14045412939297125
2012-02-19,0.0,328.9,9.18,-3.63,469.42,0.11602732428115016
2012-02-20,0.0,332.71,12.14,-0.89,558.79,0.10992062300319488
2012-02-21,1.53,361.45,13.15,-1.71,516.04,0.10381392172523961
2012-02-22,0.0,392.93,16.32,-1.54,485.82,0.09160051916932907
2012-02-23,0.0,394.45,19.05,0.92,564.84,0.09160051916932907
2012-02-24,0.0,368.19,12.54,-2.23,482.0,0.0854938178913738
2012-02-25,0.0,398.13,12.79,-4.34,404.58,0.07938711661341853
2012-02-26,0.0,407.35,16.0,-2.1,456.77,0.07328041533546326
2012-02-27,0.0,376.68,15.0,0.24,561.33,0.07328041533546326
2012-02-28,0.0,330.77,14.57,2.91,719.11,0.07328041533546326
2012-02-29,4.56,299.88,18.57,2.11,687.09,0.0854938178913738
2012-03-01,0.0,404.96,18.79,2.3,624.26,0.0854938178913738
2012-03-02,0.0,414.61,18.72,1.64,586.54,0.0854938178913738
2012-03-03,0.0,414.79,12.59,-3.5,433.95,0.07328041533546326
2012-03-04,0.0,434.09,15.08,-3.03,421.9,0.06717371405750798
2012-03-05,0.0,451.68,20.64,-0.91,455.88,0.06717371405750798
2012-03-06,0.0,408.05,20.95,4.34,697.56,0.06106701277955272
2012-03-07,0.0,333.01,21.99,10.0,1104.2,0.06106701277955272
2012-03-08,10.39,322.9,18.2,0.16,587.65,0.07328041533546326
2012-03-09,0.0,369.39,11.36,-1.76,526.45,0.06717371405750798
2012-03-10,0.0,419.77,16.37,-0.5,528.91,0.06717371405750798
2012-03-11,3.23,269.58,14.49,2.96,756.67,0.06717371405750798
2012-03-12,3.89,200.09,13.97,5.07,885.69,0.07328041533546326
2012-03-13,0.0,434.33,24.66,5.76,778.24,0.06717371405750798
2012-03-14,0.0,398.75,26.61,10.03,1067.15,0.07328041533546326
2012-03-15,0.0,286.34,26.4,15.6,1732.2,0.06717371405750798
2012-03-16,0.0,293.98,25.56,14.67,1612.87,0.06717371405750798
2012-03-17,0.0,241.51,24.54,15.9,1793.27,0.06717371405750798
2012-03-18,0.0,209.29,23.57,16.35,1856.75,0.06106701277955272
2012-03-19,8.29,201.03,21.11,12.1,1407.92,0.7450175559105431
2012-03-20,34.46,77.89,13.5,10.61,1288.78,4.231943985623003
2012-03-21,9.52,128.23,13.0,7.98,1078.72,2.4060403035143767
2012-03-22,10.9,188.74,13.05,5.66,916.26,3.5296733386581467
2012-03-23,6.48,208.99,14.47,6.36,948.99,3.26708518370607
2012-03-24,0.0,425.72,19.82,5.41,912.65,0.6778438418530351
2012-03-25,0.0,465.52,24.32,6.5,958.17,0.28701496006389776
2012-03-26,0.0,451.46,25.77,8.99,1125.54,0.1893077396166134
2012-03-27,0.0,388.33,26.2,13.19,1511.38,0.1465608306709265
2012-03-28,0.0,383.97,26.12,13.5,1560.33,0.1282407268370607
2012-03-29,0.0,367.44,26.8,14.87,1699.56,0.11602732428115016
2012-03-30,0.0,402.49,27.5,14.03,1602.1,0.10381392172523961
2012-03-31,0.0,444.28,26.61,11.17,1298.01,0.09770722044728435
2012-04-01,0.0,442.28,28.62,13.11,1454.67,0.09160051916932907
2012-04-02,0.0,383.36,30.0,17.35,1976.92,0.0854938178913738
2012-04-03,0.33,429.64,25.55,11.28,1311.97,0.07938711661341853
2012-04-04,6.67,229.87,19.3,11.2,1335.66,0.0854938178913738
2012-04-05,0.0,299.57,18.0,10.4,1271.94,0.17709433706070285
2012-04-06,0.0,351.15,16.07,7.16,1012.61,0.15877423322683706
2012-04-07,5.67,340.11,18.7,7.67,1053.67,0.2564814536741214
2012-04-08,1.32,504.02,20.08,3.31,762.34,0.38472218051118207
2012-04-09,0.0,502.64,20.46,4.72,846.86,0.1282407268370607
2012-04-10,0.0,432.5,21.01,9.06,1165.02,0.09160051916932907
2012-04-11,0.97,317.18,19.41,10.89,1310.89,0.07938711661341853
2012-04-12,0.0,293.09,16.76,9.96,1236.93,0.7328041533546326
2012-04-13,24.43,272.61,21.32,12.44,1435.44,2.2228392651757187
2012-04-14,8.3,282.96,25.0,15.51,1760.96,0.31144176517571887
2012-04-15,14.7,297.57,23.0,13.0,1480.0,2.180092356230032
2012-04-16,0.0,491.16,20.17,6.5,959.91,2.1556655511182106
2012-04-17,0.0,478.84,20.52,7.31,1024.76,0.28701496006389776
2012-04-18,0.0,466.3,23.17,10.16,1252.82,0.15266753194888177
2012-04-19,0.0,455.42,25.24,12.15,1412.07,0.11602732428115016
2012-04-20,0.0,489.2,22.19,7.66,1052.49,0.09770722044728435
2012-04-21,0.0,520.17,19.76,3.5,800.0,0.09160051916932907
2012-04-22,0.0,515.67,22.03,5.49,919.41,0.0854938178913738
2012-04-23,0.0,527.83,20.0,3.0,760.0,0.07328041533546326
2012-04-24,0.0,544.05,24.94,5.44,900.59,0.07328041533546326
2012-04-25,0.0,542.27,32.56,10.8,1247.58,0.06717371405750798
2012-04-26,0.0,485.58,32.35,15.28,1723.22,0.06717371405750798
2012-04-27,0.0,432.35,29.5,16.0,1800.0,0.05984567252396167
2012-04-28,0.0,476.16,27.28,12.0,1399.86,0.05312830111821086
2012-04-29,15.0,265.55,23.15,13.49,1547.49,0.07328041533546326
2012-04-30,16.78,266.73,24.34,14.68,1672.3,0.1465608306709265
2012-05-01,24.21,297.19,26.02,14.9,1703.07,1.7953701757188496
2012-05-02,0.0,399.86,28.33,16.81,1904.35,0.8244046725239615
2012-05-03,0.0,369.75,29.67,19.11,2218.03,0.16488093450479233
2012-05-04,0.0,401.42,31.72,19.56,2278.85,0.09160051916932907
2012-05-05,0.0,406.74,31.19,18.85,2175.73,0.07328041533546326
2012-05-06,0.0,381.4,30.17,18.93,2189.15,0.05984567252396167
2012-05-07,4.66,355.98,26.0,13.07,1490.47,0.05312830111821086
2012-05-08,0.0,443.77,20.91,8.73,1138.47,0.07938711661341853
2012-05-09,0.0,514.93,24.76,8.64,1107.56,0.05984567252396167
2012-05-10,0.0,515.17,26.84,10.19,1214.11,0.04702159984025559
2012-05-11,0.0,473.59,26.29,11.85,1372.93,0.04213623881789137
2012-05-12,0.88,387.01,22.53,11.94,1395.07,0.039693558306709266
2012-05-13,0.0,461.47,23.23,9.63,1206.96,0.037861547923322685
2012-05-14,0.0,500.73,25.99,9.9,1186.11,0.03847221805111821
2012-05-15,0.0,505.93,28.5,11.46,1289.45,0.040304228434504784
2012-05-16,0.0,516.51,31.0,12.62,1368.53,0.03541886741214057
2012-05-17,0.0,507.01,31.79,13.71,1471.35,0.032976186900958465
2012-05-18,0.0,444.61,31.93,17.07,1903.47,0.03053350638977636
2012-05-19,0.0,377.24,31.12,19.19,2230.81,0.03541886741214057
2012-05-20,20.22,348.07,29.44,14.13,1610.7,0.06045634265175719
2012-05-21,0.0,471.44,26.47,11.44,1352.02,0.07938711661341853
2012-05-22,0.0,485.58,27.99,12.0,1387.7,0.04702159984025559
2012-05-23,0.0,458.28,30.84,15.7,1765.7,0.03480819728434505
2012-05-24,0.0,385.43,32.68,20.4,2386.29,0.03053350638977636
2012-05-25,0.0,356.16,31.96,21.12,2499.28,0.02748015575079872
2012-05-26,0.0,338.03,32.4,22.24,2678.51,0.02564814536741214
2012-05-27,0.0,379.92,33.11,21.41,2545.24,0.023816134984025558
2012-05-28,0.0,411.35,32.32,19.65,2284.48,0.022594794728434505
2012-05-29,0.0,506.27,33.91,16.1,1736.56,0.021984124600638977
2012-05-30,0.0,492.95,33.29,16.29,1765.64,0.02137345447284345
2012-05-31,32.7,346.56,28.56,14.02,1601.83,0.07938711661341853
2012-06-01,0.0,435.24,20.89,8.57,1125.28,0.0854938178913738
2012-06-02,3.6,353.05,21.3,9.61,1208.52,0.057402992012779555
2012-06-03,8.98,362.18,29.62,13.7,1571.81,0.04213623881789137
2012-06-04,0.52,396.78,31.13,18.62,2143.19,0.043968249201277954
2012-06-05,0.0,424.23,32.96,19.02,2203.94,0.03725087779552715
2012-06-06,0.0,394.38,30.08,17.93,2067.2,0.032976186900958465
2012-06-07,0.0,376.18,28.51,17.28,1965.41,0.02748015575079872
2012-06-08,0.0,470.18,29.14,14.0,1599.67,0.02320546485623003
2012-06-09,0.0,470.05,31.0,15.5,1757.63,0.020762784345047924
2012-06-10,0.0,419.19,33.0,19.4,2263.13,0.017098763578274757
2012-06-11,0.0,403.73,34.03,20.77,2443.08,0.017098763578274757
2012-06-12,0.0,488.88,32.1,15.23,1718.33,0.016488093450479233
2012-06-13,0.0,421.43,30.46,17.22,1958.4,0.014656083067092651
2012-06-14,0.0,428.11,32.87,18.92,2187.4,0.011602732428115015
2012-06-15,23.75,351.33,33.32,17.41,1986.32,0.0427469089456869
2012-06-16,16.61,321.46,31.11,17.68,2029.36,0.11602732428115016
2012-06-17,4.48,354.28,32.43,19.06,2210.12,0.3419752715654952
2012-06-18,0.0,396.88,33.94,21.22,2515.54,0.09160051916932907
2012-06-19,0.0,379.98,33.49,21.58,2573.12,0.044578919329073485
2012-06-20,0.0,314.35,31.75,22.47,2715.15,0.029312166134185302
2012-06-21,11.76,312.0,30.5,18.01,2067.49,0.03664020766773163
2012-06-22,0.0,438.85,29.69,16.5,1871.48,0.10381392172523961
2012-06-23,0.0,448.55,32.75,18.45,2098.45,0.06045634265175719
2012-06-24,0.0,438.11,36.94,21.89,2596.37,0.03358685702875399
2012-06-25,0.0,480.19,39.07,20.96,2377.87,0.024426805111821086
2012-06-26,0.0,484.27,40.82,21.57,2454.73,0.020152114217252392
2012-06-27,0.0,452.0,40.71,23.21,2772.68,0.015877423322683704
2012-06-28,0.0,470.87,40.27,21.91,2532.13,0.01282407268370607
2012-06-29,0.0,455.75,39.94,22.5,2654.78,0.010381392172523962
2012-06-30,0.0,426.41,38.54,23.0,2779.88,0.008549381789137379
2012-07-01,0.0,402.84,37.5,23.27,2840.45,0.007328041533546326
2012-07-02,0.0,391.28,36.0,22.61,2737.55,0.006717371405750799
2012-07-03,0.0,372.3,36.06,23.48,2877.74,0.00586243322683706
2012-07-04,0.0,381.64,37.45,24.12,3015.93,0.005496031150159744
2012-07-05,0.0,406.64,38.21,23.6,2887.48,0.005557098162939297
2012-07-06,0.0,402.95,38.62,24.0,2978.04,0.005373897124600639
2012-07-07,0.0,439.73,39.49,22.8,2694.99,0.00561816517571885
2012-07-08,4.6,316.3,38.0,22.71,2750.72,0.003847221805111821
2012-07-09,0.0,365.79,34.64,22.47,2714.88,0.01526675319488818
2012-07-10,0.0,354.9,33.5,22.0,2640.31,0.037861547923322685
2012-07-11,0.0,437.98,34.76,19.58,2253.49,0.017709433706070286
2012-07-12,0.0,461.85,36.04,19.37,2180.16,0.008549381789137379
2012-07-13,0.0,462.49,36.92,20.0,2176.55,0.005984567252396166
2012-07-14,0.82,456.28,38.0,20.46,2204.33,0.005007495047923322
2012-07-15,0.0,457.5,37.88,21.0,2222.18,0.004885361022364218
2012-07-16,0.0,423.01,36.36,21.42,2363.34,0.004274690894568689
2012-07-17,0.0,395.11,36.81,22.89,2643.92,0.004641092971246006
2012-07-18,0.0,419.19,39.14,23.51,2671.77,0.0045800259584664535
2012-07-19,0.0,421.21,40.06,23.97,2736.82,0.006717371405750799
2012-07-20,0.0,476.86,40.5,21.15,2193.03,0.0053128301118210855
2012-07-21,0.0,487.96,40.01,19.95,2022.12,0.0028701496006389776
2012-07-22,0.0,462.16,39.5,20.97,2206.63,0.0031754846645367413
2012-07-23,0.0,415.51,38.56,22.56,2543.92,0.0034197527156549523
2012-07-24,0.0,367.86,38.86,24.77,3028.92,0.001954144408945687
2012-07-25,0.0,373.52,39.82,25.29,3103.58,0.0015877423322683706
2012-07-26,1.23,411.3,38.94,23.01,2628.17,0.002748015575079872
2012-07-27,0.0,431.37,37.85,21.42,2359.37,0.0026258815495207666
2012-07-28,0.0,434.18,40.47,23.09,2585.63,0.0040914898562300316
2012-07-29,0.0,390.67,41.53,25.95,3085.4,0.0022594794728434506
2012-07-30,0.0,416.41,42.59,25.69,2829.57,0.003908288817891374
2012-07-31,0.0,444.43,41.93,24.22,2307.43,0.0037250877795527155
2012-08-01,0.0,421.05,41.1,24.63,2448.74,0.003053350638977636
2012-08-02,0.0,413.53,41.75,25.31,2572.45,0.002748015575079872
2012-08-03,0.0,394.45,40.15,24.92,2592.79,0.002503747523961661
2012-08-04,0.88,417.71,39.68,23.5,2317.3,0.0023816134984025556
2012-08-05,4.96,337.36,36.03,18.61,1933.73,0.006106701277955272
2012-08-06,0.0,466.84,35.56,17.78,1575.32,0.00293121661341853
2012-08-07,0.0,447.48,37.57,20.23,1864.4,0.0021373454472843447
2012-08-08,0.5,400.57,38.25,22.59,2278.19,0.001954144408945687
2012-08-09,0.0,447.83,38.0,20.2,1866.91,0.001954144408945687
2012-08-10,0.0,447.79,33.98,17.0,1559.1,0.0017098763578274761
2012-08-11,0.0,455.45,32.69,15.5,1412.43,0.0014045412939297124
2012-08-12,0.03,430.93,34.02,17.77,1669.13,0.0012213402555910544
2012-08-13,0.0,444.97,33.91,16.97,1563.29,0.001465608306709265
2012-08-14,0.93,339.57,28.62,16.99,1808.55,0.0018320103833865814
2012-08-15,3.42,254.78,27.3,15.76,1778.05,0.001893077396166134
2012-08-16,0.0,432.15,33.97,17.57,1681.27,0.0016488093450479234
2012-08-17,0.0,406.97,30.51,15.85,1577.19,0.0014045412939297124
2012-08-18,0.0,366.4,29.46,16.67,1745.82,0.0013434742811501597
2012-08-19,0.0,433.69,29.36,13.87,1255.2,0.0009770722044728434
2012-08-20,0.0,499.08,30.5,11.0,954.04,0.0009160051916932907
2012-08-21,0.0,502.55,32.46,12.15,1012.71,0.0008549381789137381
2012-08-22,0.0,469.23,33.31,14.95,1263.16,0.0007328041533546325
2012-08-23,0.0,371.19,33.01,19.44,1907.06,0.0006106701277955272
2012-08-24,7.67,241.0,31.5,19.83,2295.26,0.003847221805111821
2012-08-25,23.5,206.91,29.06,19.5,2277.56,0.06045634265175719
2012-08-26,31.11,218.41,29.9,19.72,2297.02,0.044578919329073485
2012-08-27,0.0,366.83,31.93,18.5,2110.63,0.008549381789137379
2012-08-28,0.0,422.28,33.47,17.0,1856.85,0.010992062300319488
2012-08-29,0.0,427.26,33.95,17.01,1849.94,0.01526675319488818
2012-08-30,0.0,436.33,34.92,17.44,1737.34,0.011602732428115015
2012-08-31,0.0,418.19,35.02,18.42,1884.75,0.008549381789137379
2012-09-01,0.0,391.99,34.51,19.29,2029.55,0.006717371405750799
2012-09-02,0.0,424.23,37.37,19.75,1943.53,0.006717371405750799
2012-09-03,0.0,431.37,40.19,21.09,2073.51,0.007328041533546326
2012-09-04,0.0,404.21,39.54,22.12,2285.24,0.014045412939297123
2012-09-05,6.63,283.49,35.6,20.16,2336.67,0.007938711661341852
2012-09-06,0.0,369.09,35.17,20.5,2230.08,0.006106701277955272
2012-09-07,3.45,336.7,34.13,18.48,2027.22,0.006106701277955272
2012-09-08,0.4,417.99,28.17,11.5,1251.78,0.005007495047923322
2012-09-09,0.0,423.61,27.79,11.47,1248.48,0.004457891932907348
2012-09-10,0.0,458.5,30.31,10.97,1155.57,0.0045800259584664535
2012-09-11,0.0,466.16,33.36,12.34,1239.47,0.0048242940095846645
2012-09-12,0.0,425.24,34.5,16.01,1629.31,0.004763226996805111
2012-09-13,0.0,394.84,29.39,13.6,1468.84,0.008549381789137379
2012-09-14,19.57,128.47,17.26,11.7,1376.36,0.012213402555910543
2012-09-15,1.39,210.54,19.86,12.14,1411.09,0.00586243322683706
2012-09-16,0.0,200.11,20.84,14.19,1615.5,0.004885361022364218
2012-09-17,0.0,325.94,25.18,13.5,1496.09,0.0048242940095846645
2012-09-18,0.0,432.23,25.96,8.46,963.63,0.004518958945686901
2012-09-19,0.0,422.23,26.86,9.86,1059.64,0.004396824920127795
2012-09-20,0.0,423.9,30.74,12.89,1203.2,0.004213623881789137
2012-09-21,0.0,411.3,29.6,12.71,1217.17,0.004030422843450479
2012-09-22,0.0,427.38,29.64,11.26,1088.99,0.005740299201277955
2012-09-23,0.0,375.94,25.21,10.56,1134.91,0.003664020766773163
2012-09-24,0.0,375.04,26.83,11.74,1218.61,0.003969355830670926
2012-09-25,0.0,398.38,33.34,15.24,1442.28,0.003847221805111821
2012-09-26,5.06,235.0,30.56,17.45,1992.53,0.004152556869009585
2012-09-27,10.84,175.25,25.41,16.95,1915.74,0.034197527156549515
2012-09-28,0.0,227.29,23.35,15.0,1720.0,0.006106701277955272
2012-09-29,0.0,252.83,24.5,15.11,1728.7,0.005007495047923322
2012-09-30,0.0,287.12,23.52,12.85,1467.78,0.004702159984025559
2012-10-01,0.0,361.21,24.55,10.05,1190.74,0.004396824920127795
2012-10-02,0.0,379.19,24.61,8.91,1089.82,0.004335757907348242
2012-10-03,0.0,407.53,25.73,7.5,958.28,0.004213623881789137
2012-10-04,0.0,365.85,24.36,9.26,1129.3,0.004213623881789137
2012-10-05,0.0,228.59,15.86,8.0,1080.0,0.004274690894568689
2012-10-06,0.0,254.59,12.97,4.31,824.69,0.0045800259584664535
2012-10-07,0.0,309.57,10.29,-0.5,600.0,0.0050685620607028746
2012-10-08,0.0,394.65,15.83,-0.5,585.61,0.0053128301118210855
2012-10-09,0.0,394.09,20.46,3.38,750.01,0.00561816517571885
2012-10-10,0.0,406.02,21.12,2.49,693.51,0.006717371405750799
2012-10-11,0.0,378.24,22.11,5.78,887.88,0.008549381789137379
2012-10-12,6.38,254.94,25.68,12.5,1435.43,0.01954144408945687
2012-10-13,7.22,184.58,21.95,12.88,1475.99,0.03480819728434505
2012-10-14,8.11,240.38,26.06,12.5,1440.0,0.013434742811501598
2012-10-15,0.0,367.03,26.67,9.07,1156.43,0.013434742811501598
2012-10-16,0.0,371.62,29.66,10.13,1224.29,0.012213402555910543
2012-10-17,0.0,318.49,26.13,11.56,1364.54,0.010992062300319488
2012-10-18,0.0,323.06,21.24,6.99,998.81,0.010381392172523962
2012-10-19,0.0,293.42,19.25,7.0,1000.15,0.009770722044728435
2012-10-20,0.0,361.54,23.12,5.09,887.31,0.009770722044728435
2012-10-21,0.0,365.97,29.93,9.25,1164.73,0.009160051916932907
2012-10-22,0.0,290.75,29.51,15.47,1755.82,0.007938711661341852
2012-10-23,0.0,212.82,25.94,16.69,1891.62,0.006717371405750799
2012-10-24,0.0,255.85,30.78,18.54,2134.34,0.006106701277955272
2012-10-25,0.0,360.68,25.86,5.68,916.07,0.0045800259584664535
2012-10-26,0.0,269.61,10.49,-0.5,600.0,0.004335757907348242
2012-10-27,0.0,310.79,9.18,-4.5,440.0,0.0037250877795527155
2012-10-28,0.0,331.08,11.81,-4.09,440.0,0.00293121661341853
2012-10-29,0.0,339.35,16.11,-1.62,550.22,0.0021984124600638974
2012-10-30,0.0,334.97,21.53,2.85,753.76,0.0020762784345047924
2012-10-31,0.0,341.8,23.46,3.0,760.02,0.0021984124600638974
2012-11-01,0.0,336.5,23.01,2.88,750.23,0.0016488093450479234
2012-11-02,0.0,335.57,27.41,5.8,922.28,0.0016488093450479234
2012-11-03,0.0,327.44,23.61,3.53,800.0,0.0013434742811501597
2012-11-04,0.0,314.45,18.63,0.34,627.13,0.001465608306709265
2012-11-05,0.0,298.49,18.08,1.0,640.0,0.0018320103833865814
2012-11-06,0.0,266.5,15.08,0.73,640.0,0.0020762784345047924
2012-11-07,0.0,304.73,19.02,0.5,640.0,0.002320546485623003
2012-11-08,0.0,286.77,20.75,3.61,795.0,0.0022594794728434506
2012-11-09,0.0,247.38,25.46,10.9,1311.64,0.0021984124600638974
2012-11-10,0.0,170.15,25.67,16.15,1830.86,0.001954144408945687
2012-11-11,24.89,233.62,22.0,0.85,640.0,0.12213402555910544
2012-11-12,0.0,219.57,6.61,-4.84,440.0,0.03053350638977636
2012-11-13,0.0,269.49,12.02,-3.64,466.56,0.015877423322683704
2012-11-14,0.0,251.56,13.35,-0.99,569.87,0.014045412939297123
2012-11-15,0.0,242.86,14.43,0.67,635.8,0.01282407268370607
2012-11-16,0.0,276.99,16.26,-1.0,560.0,0.010381392172523962
2012-11-17,0.0,265.34,16.77,0.38,630.74,0.010381392172523962
2012-11-18,0.0,229.63,17.45,3.92,803.9,0.010381392172523962
2012-11-19,0.0,225.47,19.21,5.8,920.11,0.010381392172523962
2012-11-20,0.0,264.06,21.22,3.96,800.0,0.010381392172523962
2012-11-21,0.0,273.51,22.39,3.5,799.6,0.010992062300319488
2012-11-22,0.0,248.29,23.5,6.84,987.06,0.010992062300319488
2012-11-23,0.0,272.62,19.7,0.49,639.52,0.010381392172523962
2012-11-24,0.0,242.79,10.32,-4.68,440.0,0.010381392172523962
2012-11-25,0.0,260.08,15.53,-2.1,519.61,0.010381392172523962
2012-11-26,0.0,233.6,13.52,-1.33,559.99,0.010381392172523962
2012-11-27,0.0,247.68,8.3,-7.68,345.31,0.010381392172523962
2012-11-28,0.0,252.97,10.19,-6.6,366.46,0.010381392172523962
2012-11-29,0.0,259.0,16.36,-1.92,533.04,0.010992062300319488
2012-11-30,0.0,252.39,19.05,1.12,662.33,0.010992062300319488
2012-12-01,0.0,231.41,18.46,2.91,757.67,0.010992062300319488
2012-12-02,0.0,249.29,19.13,1.54,682.84,0.011602732428115015
2012-12-03,0.0,233.51,20.88,4.8,863.6,0.011602732428115015
2012-12-04,0.0,251.0,20.44,2.22,716.13,0.012213402555910543
2012-12-05,0.0,252.28,17.02,-0.97,562.25,0.013434742811501598
2012-12-06,0.0,219.01,15.11,0.81,641.53,0.014045412939297123
2012-12-07,0.0,158.28,12.58,3.21,770.22,0.013434742811501598
2012-12-08,0.0,192.61,10.0,-1.59,545.02,0.01526675319488818
2012-12-09,0.0,179.57,8.07,-2.45,517.24,0.018320103833865814
2012-12-10,0.0,239.97,4.65,-10.98,270.83,0.017098763578274757
2012-12-11,0.0,233.83,4.02,-10.87,275.09,0.017098763578274757
2012-12-12,0.0,249.79,9.75,-7.5,360.0,0.01526675319488818
2012-12-13,0.0,229.6,12.93,-2.36,513.84,0.01526675319488818
2012-12-14,0.0,209.85,15.02,1.49,667.86,0.016488093450479233
2012-12-15,1.94,158.23,13.59,3.74,799.65,0.016488093450479233
2012-12-16,0.0,219.28,13.89,-0.28,591.58,0.017709433706070286
2012-12-17,0.0,195.89,9.2,-2.62,508.71,0.017709433706070286
2012-12-18,0.0,243.37,14.22,-2.56,501.84,0.017709433706070286
2012-12-19,0.0,236.19,15.18,-0.92,554.54,0.01526675319488818
2012-12-20,1.52,220.26,10.48,-3.54,471.96,0.017709433706070286
2012-12-21,0.0,234.89,6.59,-8.51,320.0,0.018320103833865814
2012-12-22,0.0,268.52,13.3,-7.14,344.86,0.017098763578274757
2012-12-23,0.0,256.73,13.18,-5.19,410.95,0.018320103833865814
2012-12-24,0.0,181.53,2.4,-8.0,320.23,0.018320103833865814
2012-12-25,0.0,143.99,-0.76,-8.51,320.0,0.018320103833865814
2012-12-26,0.0,178.54,-3.33,-13.07,232.01,0.014045412939297123
2012-12-27,0.0,201.61,-0.19,-11.45,255.51,0.01526675319488818
2012-12-28,0.0,172.37,0.89,-8.25,320.5,0.017098763578274757
2012-12-29,0.0,242.25,1.39,-13.0,239.2,0.01954144408945687
2012-12-30,0.0,273.34,8.0,-10.71,256.78,0.018320103833865814
2012-12-31,0.0,257.8,4.7,-11.86,247.99,0.020152114217252392
2013-01-01,3.53,120.9,0.14,-7.0,360.0,0.020152114217252392
2013-01-02,0.96,226.2,-0.51,-11.04,276.93,0.015877423322683704
2013-01-03,0.0,251.97,2.72,-9.54,280.0,0.017098763578274757
2013-01-04,0.0,276.22,4.62,-9.53,280.0,0.017709433706070286
2013-01-05,0.0,286.48,8.66,-6.59,367.94,0.018320103833865814
2013-01-06,0.0,282.82,9.34,-5.5,400.0,0.018930773961661342
2013-01-07,0.0,298.99,11.0,-5.5,400.0,0.018320103833865814
2013-01-08,0.0,287.76,12.5,-2.85,491.65,0.01954144408945687
2013-01-09,0.0,295.66,13.5,-2.64,508.73,0.020152114217252392
2013-01-10,8.44,167.23,11.01,0.61,633.05,0.026258815495207664
2013-01-11,0.98,132.9,11.53,5.22,895.84,0.02503747523961661
2013-01-12,0.0,295.7,12.35,-3.38,480.0,0.021984124600638977
2013-01-13,0.0,200.44,-1.38,-10.0,280.0,0.018930773961661342
2013-01-14,0.0,242.11,-0.87,-11.69,240.0,0.015877423322683704
2013-01-15,0.0,251.65,1.04,-10.31,280.0,0.018320103833865814
2013-01-16,0.0,295.08,4.82,-9.65,280.0,0.017709433706070286
2013-01-17,0.0,324.1,11.39,-6.38,373.33,0.018320103833865814
2013-01-18,0.0,312.44,13.98,-2.5,519.73,0.020152114217252392
2013-01-19,0.0,320.49,16.06,-1.41,555.08,0.020762784345047924
2013-01-20,0.0,329.15,15.6,-2.75,499.98,0.020762784345047924
2013-01-21,0.0,336.13,9.08,-9.09,313.08,0.020152114217252392
2013-01-22,0.0,309.64,5.66,-9.18,305.21,0.018320103833865814
2013-01-23,0.0,342.86,10.47,-8.06,320.0,0.018930773961661342
2013-01-24,0.0,325.63,9.73,-6.42,366.85,0.02137345447284345
2013-01-25,0.0,199.8,2.48,-5.49,402.19,0.021984124600638977
2013-01-26,0.0,331.13,11.86,-4.65,440.0,0.02137345447284345
2013-01-27,0.0,294.47,16.06,1.17,660.97,0.022594794728434505
2013-01-28,0.0,259.75,21.55,7.99,1076.43,0.02320546485623003
2013-01-29,0.58,304.95,21.5,3.83,782.33,0.021984124600638977
2013-01-30,0.37,196.79,5.0,-3.48,480.0,0.02320546485623003
2013-01-31,0.0,220.77,2.09,-7.5,359.71,0.020762784345047924
2013-02-01,0.0,289.16,2.87,-10.99,280.0,0.020152114217252392
2013-02-02,0.0,312.76,7.43,-8.64,308.81,0.01954144408945687
2013-02-03,0.0,325.94,14.49,-3.41,415.3,0.02137345447284345
2013-02-04,0.0,323.36,14.59,-2.7,432.42,0.02137345447284345
2013-02-05,0.0,348.11,16.38,-4.0,331.99,0.020152114217252392
2013-02-06,0.0,345.51,18.02,-1.81,378.61,0.020762784345047924
2013-02-07,3.01,210.42,13.99,1.86,665.47,0.026258815495207664
2013-02-08,1.99,263.12,10.78,-3.63,424.42,0.023816134984025558
2013-02-09,0.0,260.48,8.74,-2.65,479.77,0.023816134984025558
2013-02-10,1.0,217.76,10.34,1.16,652.66,0.02503747523961661
2013-02-11,0.0,297.84,10.45,-3.0,435.08,0.021984124600638977
2013-02-12,0.0,249.19,7.5,-2.96,478.35,0.02503747523961661
2013-02-13,0.4,261.89,6.13,-5.01,409.96,0.026258815495207664
2013-02-14,0.0,331.1,11.47,-4.03,376.64,0.022594794728434505
2013-02-15,0.0,328.07,8.97,-5.92,336.53,0.021984124600638977
2013-02-16,0.0,345.04,7.06,-8.88,272.68,0.02137345447284345
2013-02-17,0.0,387.49,14.16,-6.84,272.68,0.021984124600638977
2013-02-18,0.0,377.99,18.06,-1.5,382.23,0.024426805111821086
2013-02-19,0.0,361.18,10.37,-6.5,301.53,0.02320546485623003
2013-02-20,0.0,282.16,6.07,-5.03,346.59,0.02748015575079872
2013-02-21,28.84,131.17,-0.76,-6.16,387.53,0.039693558306709266
2013-02-22,7.09,245.38,-2.21,-12.77,239.95,0.029922836261980834
2013-02-23,0.0,382.21,-1.69,-14.59,200.0,0.039693558306709266
2013-02-24,0.0,416.11,4.14,-10.89,251.07,0.043968249201277954
2013-02-25,3.52,228.22,6.12,-3.09,487.28,0.05373897124600639
2013-02-26,16.81,102.11,1.11,-2.63,509.47,0.06106701277955272
2013-02-27,0.0,243.38,3.07,-3.84,456.33,0.05007495047923322
2013-02-28,0.0,259.5,2.98,-4.21,441.71,0.045800259584664535
2013-03-01,0.0,274.45,2.2,-5.35,418.51,0.05557098162939297
2013-03-02,0.0,385.91,3.1,-8.42,319.18,0.04885361022364217
2013-03-03,0.0,443.81,7.97,-6.57,352.1,0.04335757907348242
2013-03-04,0.0,438.84,13.87,-0.5,514.73,0.07938711661341853
2013-03-05,0.0,392.07,8.89,-2.59,483.94,0.05007495047923322
2013-03-06,0.0,448.76,7.77,-6.16,357.67,0.04152556869009585
2013-03-07,0.0,484.53,12.64,-3.6,397.49,0.03664020766773163
2013-03-08,0.0,469.75,18.5,3.13,607.44,0.034197527156549515
2013-03-09,6.91,257.39,15.82,7.05,996.82,0.05496031150159744
2013-03-10,27.2,322.9,13.06,0.5,637.11,0.32365516773162933
2013-03-11,0.0,361.67,4.6,-4.69,440.0,0.15877423322683706
2013-03-12,4.73,407.67,11.5,-3.08,474.55,0.07938711661341853
2013-03-13,0.0,504.2,13.24,-3.5,448.13,0.05312830111821086
2013-03-14,0.0,525.57,18.07,-1.51,488.14,0.04213623881789137
2013-03-15,0.0,529.92,26.02,3.72,659.91,0.03847221805111821
2013-03-16,0.0,473.94,23.01,5.9,823.99,0.03725087779552715
2013-03-17,0.0,288.8,10.0,1.78,702.5,0.03480819728434505
2013-03-18,0.0,238.02,8.45,1.92,713.75,0.03480819728434505
2013-03-19,0.0,441.78,13.72,-1.06,549.74,0.032976186900958465
2013-03-20,0.0,425.06,10.71,-2.52,511.25,0.032976186900958465
2013-03-21,0.0,374.61,9.99,-0.56,593.08,0.03175484664536741
2013-03-22,0.0,333.19,9.39,0.48,638.12,0.03236551677316293
2013-03-23,0.0,291.93,7.24,-0.28,600.0,0.0360295375399361
2013-03-24,10.76,188.55,1.89,-4.24,440.17,0.043968249201277954
2013-03-25,0.0,296.45,2.14,-5.1,431.71,0.040304228434504784
2013-03-26,0.0,448.4,5.12,-7.66,342.25,0.03664020766773163
2013-03-27,0.0,502.97,12.68,-4.58,401.86,0.03664020766773163
2013-03-28,0.0,489.09,18.86,1.85,609.91,0.03664020766773163
2013-03-29,0.0,491.38,21.41,3.67,676.13,0.03664020766773163
2013-03-30,8.04,328.89,23.19,8.52,1086.94,0.09160051916932907
2013-03-31,2.48,395.58,22.4,7.24,960.16,0.0854938178913738
2013-04-01,0.0,383.71,14.86,3.6,791.7,0.06106701277955272
2013-04-02,6.0,142.55,5.51,0.81,640.0,0.07938711661341853
2013-04-03,9.38,113.32,4.5,0.95,641.26,0.10381392172523961
2013-04-04,3.74,195.72,7.7,1.5,680.0,0.0854938178913738
2013-04-05,0.0,484.67,16.03,0.86,619.51,0.06106701277955272
2013-04-06,0.0,478.71,21.16,6.0,860.87,0.05373897124600639
2013-04-07,0.0,466.62,23.5,8.84,1036.18,0.047632269968051116
2013-04-08,0.0,352.58,21.78,12.14,1403.49,0.04641092971246006
2013-04-09,0.0,492.85,23.42,7.19,906.34,0.045800259584664535
2013-04-10,26.97,368.96,13.71,-1.43,552.0,0.6412036341853035
2013-04-11,11.58,223.03,4.49,-2.5,519.16,0.964858801916933
2013-04-12,0.0,504.66,13.0,-2.26,517.68,0.2809082587859425
2013-04-13,0.0,525.43,17.82,0.63,620.99,0.10992062300319488
2013-04-14,0.0,502.23,23.08,7.16,959.92,0.07328041533546326
2013-04-15,0.0,424.29,20.64,9.21,1167.49,0.058624332268370605
2013-04-16,0.0,285.1,12.71,6.12,934.32,0.0494642803514377
2013-04-17,1.67,174.05,9.29,5.47,915.47,0.04824294009584664
2013-04-18,5.73,230.82,7.33,0.58,640.0,0.04885361022364217
2013-04-19,0.0,457.4,9.29,-1.97,522.34,0.045800259584664535
2013-04-20,0.0,553.42,18.26,0.18,591.02,0.0427469089456869
2013-04-21,0.0,481.01,18.77,5.54,898.77,0.040304228434504784
2013-04-22,0.0,484.87,21.2,7.32,994.19,0.03847221805111821
2013-04-23,25.96,386.5,15.3,0.18,614.15,0.1893077396166134
2013-04-24,1.17,375.2,6.34,-2.84,492.7,0.561816517571885
2013-04-25,0.0,555.4,16.87,-1.57,546.56,0.20152114217252395
2013-04-26,2.71,393.51,18.0,5.13,890.09,0.10992062300319488
2013-04-27,6.39,179.87,14.1,8.68,1134.0,0.0854938178913738
2013-04-28,0.0,506.25,21.87,7.15,1005.76,0.06717371405750798
2013-04-29,0.0,536.35,28.5,10.18,1187.71,0.06106701277955272
2013-04-30,0.0,483.46,30.0,14.95,1666.18,0.05496031150159744
2013-05-01,0.0,502.47,27.39,11.8,1352.29,0.0494642803514377
2013-05-02,19.62,400.45,18.02,1.73,698.68,0.14045412939297125
2013-05-03,4.61,329.1,12.01,0.95,640.0,0.2503747523961661
2013-05-04,0.0,437.5,13.25,1.78,702.57,0.15877423322683706
2013-05-05,0.0,330.68,12.25,4.35,830.39,0.0854938178913738
2013-05-06,0.0,484.26,18.48,5.0,880.0,0.06106701277955272
2013-05-07,0.0,499.52,21.65,7.03,1002.22,0.05496031150159744
2013-05-08,8.56,332.44,24.44,11.95,1395.66,0.057402992012779555
2013-05-09,18.55,332.24,25.5,12.99,1484.63,0.3358685702875399
2013-05-10,0.0,432.64,22.99,11.33,1346.8,0.4457891932907348
2013-05-11,0.0,464.97,21.85,8.92,1153.47,0.15266753194888177
2013-05-12,0.0,530.3,21.25,5.03,882.63,0.07328041533546326
2013-05-13,0.0,530.61,24.14,7.42,1033.39,0.058624332268370605
2013-05-14,0.0,534.28,29.92,11.42,1343.41,0.050685620607028754
2013-05-15,0.0,468.3,29.94,15.4,1751.85,0.045800259584664535
2013-05-16,0.0,383.04,25.8,15.25,1740.23,0.043968249201277954
2013-05-17,0.0,423.02,25.73,13.6,1567.98,0.04213623881789137
2013-05-18,0.0,401.66,28.16,16.37,1856.93,0.03908288817891374
2013-05-19,8.97,310.65,29.12,16.68,1894.07,0.15266753194888177
2013-05-20,14.54,343.32,28.17,14.18,1616.3,0.23816134984025558
2013-05-21,0.0,457.79,25.51,12.0,1400.0,0.09160051916932907
2013-05-22,0.0,461.25,23.92,10.52,1281.58,0.05373897124600639
2013-05-23,0.0,445.18,24.28,11.56,1364.54,0.043968249201277954
2013-05-24,2.38,311.66,21.91,13.0,1484.23,0.04091489856230032
2013-05-25,0.0,395.11,26.2,15.3,1740.8,0.03847221805111821
2013-05-26,0.0,359.85,27.98,18.07,2081.56,0.0360295375399361
2013-05-27,0.0,312.89,28.2,19.63,2286.88,0.034197527156549515
2013-05-28,0.0,282.3,28.57,20.95,2472.72,0.039693558306709266
2013-05-29,0.0,359.07,28.71,19.0,2200.0,0.040304228434504784
2013-05-30,25.02,327.59,26.67,14.67,1670.68,0.6778438418530351
2013-05-31,21.41,321.13,27.41,15.73,1779.57,0.8610448801916932
2013-06-01,0.0,447.45,26.5,14.35,1627.7,0.2137345447284345
2013-06-02,0.0,483.31,23.17,9.97,1237.9,0.07328041533546326
2013-06-03,0.0,488.38,24.25,10.6,1287.9,0.047632269968051116
2013-06-04,0.0,468.44,27.65,14.17,1613.65,0.037861547923322685
2013-06-05,17.87,295.23,27.0,16.54,1878.21,1.349580982428115
2013-06-06,0.0,418.8,24.15,13.3,1529.88,1.0198191134185304
2013-06-07,0.0,472.69,25.45,12.34,1427.22,0.1893077396166134
2013-06-08,0.0,469.45,27.38,14.07,1605.61,0.07938711661341853
2013-06-09,12.22,364.5,28.93,14.46,1638.88,0.07328041533546326
2013-06-10,0.0,510.24,32.66,15.73,1776.55,0.06106701277955272
2013-06-11,0.0,480.23,35.98,19.74,2293.87,0.05007495047923322
2013-06-12,0.0,436.44,36.48,22.36,2697.94,0.03358685702875399
2013-06-13,0.0,497.84,35.73,18.66,2141.04,0.026258815495207664
2013-06-14,0.0,463.14,33.99,19.4,2263.03,0.022594794728434505
2013-06-15,0.0,419.14,34.43,21.61,2577.26,0.01954144408945687
2013-06-16,0.0,399.43,32.28,20.71,2434.36,0.018320103833865814
2013-06-17,18.13,335.87,31.54,18.17,2093.73,0.05251763099041533
2013-06-18,0.82,398.09,29.5,17.5,2000.0,0.029312166134185302
2013-06-19,10.09,336.21,31.11,17.86,2056.77,0.023816134984025558
2013-06-20,0.0,380.86,31.44,20.74,2438.0,0.02137345447284345
2013-06-21,0.0,399.19,34.46,22.52,2722.51,0.018320103833865814
2013-06-22,0.0,367.62,34.06,23.39,2862.18,0.018930773961661342
2013-06-23,0.0,365.72,34.05,23.41,2865.16,0.018930773961661342
2013-06-24,0.0,360.42,33.81,23.4,2863.88,0.014045412939297123
2013-06-25,0.0,360.95,33.92,23.46,2873.52,0.011602732428115015
2013-06-26,0.0,414.12,36.03,23.0,2800.0,0.010992062300319488
2013-06-27,0.0,463.65,38.37,22.0,2640.0,0.010381392172523962
2013-06-28,13.14,362.17,38.19,20.54,2406.16,0.017098763578274757
2013-06-29,0.0,468.46,34.75,19.07,2210.83,0.012213402555910543
2013-06-30,0.0,489.82,31.54,15.5,1759.68,0.007328041533546326
2013-07-01,0.0,471.51,28.51,14.02,1601.42,0.009770722044728435
2013-07-02,0.0,490.11,29.01,13.41,1545.11,0.007938711661341852
2013-07-03,0.0,489.04,29.79,13.98,1598.51,0.007328041533546326
2013-07-04,0.0,491.53,30.95,14.65,1667.0,0.005496031150159744
2013-07-05,0.0,446.69,32.51,18.0,2080.0,0.00494642803514377
2013-07-06,0.0,374.33,31.92,20.43,2388.51,0.005007495047923322
2013-07-07,0.0,372.48,33.32,21.65,2583.85,0.005373897124600639
2013-07-08,0.0,416.68,36.83,22.52,2723.51,0.004641092971246006
2013-07-09,0.0,423.83,38.36,23.23,2836.95,0.0045800259584664535
2013-07-10,0.0,447.36,39.54,22.86,2758.12,0.004702159984025559
2013-07-11,0.0,393.2,36.96,23.66,2917.23,0.007938711661341852
2013-07-12,0.06,387.98,35.14,22.5,2719.99,0.00561816517571885
2013-07-13,0.0,421.68,37.65,23.0,2795.82,0.005190696086261981
2013-07-14,20.99,324.98,34.52,20.2,2352.43,0.06717371405750798
2013-07-15,12.16,228.31,26.24,17.95,2071.79,0.017709433706070286
2013-07-16,5.9,254.55,27.42,17.98,2074.89,0.010992062300319488
2013-07-17,4.97,346.15,31.9,18.95,2191.32,0.006106701277955272
2013-07-18,0.0,407.77,32.46,19.83,2306.1,0.005373897124600639
2013-07-19,0.0,404.39,33.13,20.49,2399.01,0.005129629073482428
2013-07-20,0.0,407.37,34.89,21.65,2584.64,0.004763226996805111
2013-07-21,13.54,312.31,33.58,20.24,2358.31,0.029312166134185302
2013-07-22,0.0,353.92,31.63,21.01,2481.7,0.005740299201277955
2013-07-23,21.91,321.36,34.58,21.24,2518.58,0.026869485623003196
2013-07-24,35.41,319.61,33.86,19.83,2306.45,1.172486645367412
2013-07-25,0.0,364.32,30.99,19.95,2315.81,0.6412036341853035
2013-07-26,16.85,266.39,29.64,19.16,2225.05,0.20152114217252395
2013-07-27,0.0,404.21,28.5,16.56,1884.64,0.058624332268370605
2013-07-28,32.44,257.34,25.34,16.03,1804.64,2.161772252396166
2013-07-29,2.64,254.26,25.17,17.52,2003.81,2.4610006150159744
2013-07-30,7.11,261.53,29.49,19.75,2297.89,0.5496031150159744
2013-07-31,0.0,339.48,28.81,19.54,2275.18,0.5984567252396166
2013-08-01,0.0,401.31,30.54,19.0,2200.0,0.12213402555910544
2013-08-02,11.06,307.21,32.5,20.32,2372.1,0.07328041533546326
2013-08-03,14.25,287.71,32.88,21.69,2590.08,0.23816134984025558
2013-08-04,32.48,200.75,29.14,22.19,2670.35,3.0777774440894565
2013-08-05,13.01,215.04,29.03,21.64,2582.52,7.999778674121405
2013-08-06,10.53,318.28,34.32,21.39,2541.76,1.9419310063897763
2013-08-07,10.01,294.49,32.75,21.5,2559.32,0.519069608626198
2013-08-08,39.39,300.14,30.46,19.46,2272.88,9.037917891373802
2013-08-09,22.17,242.42,26.4,18.54,2126.14,15.7552892971246
2013-08-10,14.93,281.09,25.22,16.79,1903.43,9.404319968051118
2013-08-11,0.0,423.69,28.89,17.59,2013.98,1.038139217252396
2013-08-12,16.84,295.05,29.87,19.55,2278.13,3.780048091054313
2013-08-13,16.75,288.76,29.44,19.55,2284.38,7.938711661341853
2013-08-14,17.57,320.66,27.69,16.5,1880.0,1.6182758386581468
2013-08-15,0.0,422.45,27.57,16.52,1881.1,1.3373675798722044
2013-08-16,8.76,335.9,27.48,15.96,1796.68,2.2594794728434504
2013-08-17,0.0,409.98,26.5,16.1,1815.77,1.3556876837060703
2013-08-18,0.0,424.62,27.01,16.0,1799.86,0.4518958945686901
2013-08-19,0.0,432.34,28.45,16.89,1911.08,0.22594794728434506
2013-08-20,0.0,440.5,31.0,18.5,2120.0,0.15877423322683706
2013-08-21,0.0,452.32,32.59,18.96,2193.73,0.1282407268370607
2013-08-22,0.0,447.38,32.75,19.22,2234.46,0.10992062300319488
2013-08-23,0.0,431.68,33.48,20.5,2400.28,0.09770722044728435
2013-08-24,0.0,420.2,33.96,21.27,2523.73,0.0854938178913738
2013-08-25,0.0,409.26,33.72,21.5,2560.0,0.07938711661341853
2013-08-26,0.0,401.74,33.89,21.91,2625.41,0.07328041533546326
2013-08-27,0.0,423.47,33.56,20.5,2400.0,0.06717371405750798
2013-08-28,0.0,428.65,33.45,19.97,2317.21,0.06717371405750798
2013-08-29,0.0,426.11,35.0,20.96,2472.99,0.06106701277955272
2013-08-30,0.0,439.86,37.1,21.25,2519.72,0.05984567252396167
2013-08-31,0.0,448.06,38.56,21.25,2519.98,0.057402992012779555
2013-09-01,0.0,415.62,36.3,21.79,2606.87,0.05373897124600639
2013-09-02,0.0,465.85,31.86,15.5,1760.07,0.050685620607028754
2013-09-03,0.0,463.87,30.75,14.5,1640.0,0.04885361022364217
2013-09-04,0.0,470.83,31.97,14.37,1629.28,0.04702159984025559
2013-09-05,0.0,454.74,33.01,16.02,1802.56,0.045800259584664535
2013-09-06,0.0,417.98,34.49,19.12,2218.53,0.043968249201277954
2013-09-07,0.0,411.63,36.32,20.5,2399.32,0.04213623881789137
2013-09-08,0.0,410.39,37.44,21.0,2480.15,0.04091489856230032
2013-09-09,0.0,405.91,36.5,20.32,2371.13,0.03725087779552715
2013-09-10,0.0,374.2,34.48,20.49,2397.65,0.03480819728434505
2013-09-11,0.0,373.75,34.05,20.0,2320.0,0.03236551677316293
2013-09-12,0.0,316.05,32.1,20.93,2468.82,0.03175484664536741
2013-09-13,0.0,235.16,26.79,19.26,2241.44,0.032976186900958465
2013-09-14,0.0,345.13,27.17,15.56,1764.87,0.03175484664536741
2013-09-15,0.0,379.33,30.54,16.63,1884.48,0.03175484664536741
2013-09-16,17.17,258.27,30.49,18.08,2076.9,0.044578919329073485
2013-09-17,4.02,177.32,26.16,18.47,2124.43,0.06717371405750798
2013-09-18,0.0,313.44,30.38,19.27,2242.68,0.043968249201277954
2013-09-19,0.0,342.88,33.03,20.0,2320.0,0.05434964137380192
2013-09-20,26.1,293.39,29.36,14.5,1640.0,0.05373897124600639
2013-09-21,0.0,385.21,24.28,10.5,1280.0,0.04335757907348242
2013-09-22,0.0,410.39,26.9,10.99,1319.4,0.0360295375399361
2013-09-23,0.0,386.38,26.8,12.16,1412.9,0.03236551677316293
2013-09-24,0.0,373.29,27.01,12.9,1473.72,0.03053350638977636
2013-09-25,0.0,411.33,27.65,10.76,1300.46,0.028090825878594246
2013-09-26,0.0,405.39,30.64,13.12,1505.74,0.028090825878594246
2013-09-27,0.0,351.89,32.69,17.94,2069.45,0.026869485623003196
2013-09-28,24.26,287.44,28.72,12.75,1460.28,0.10992062300319488
2013-09-29,1.34,360.04,22.63,7.76,1060.42,0.05129629073482428
2013-09-30,0.0,397.79,24.73,8.28,1102.16,0.037861547923322685
2013-10-01,0.0,386.58,27.62,11.16,1332.75,0.03053350638977636
2013-10-02,0.0,333.86,29.0,15.41,1750.11,0.028701496006389778
2013-10-03,0.0,245.43,29.43,19.93,2316.84,0.028701496006389778
2013-10-04,0.0,327.91,31.14,17.45,1991.61,0.04091489856230032
2013-10-05,8.71,307.08,26.65,7.88,1070.31,0.04335757907348242
2013-10-06,0.0,342.55,19.43,6.5,959.99,0.02503747523961661
2013-10-07,0.0,398.95,22.34,5.0,880.0,0.02503747523961661
2013-10-08,0.0,400.72,24.16,5.98,920.34,0.024426805111821086
2013-10-09,0.0,359.48,25.48,10.13,1250.29,0.023816134984025558
2013-10-10,0.0,349.71,27.1,11.91,1392.49,0.024426805111821086
2013-10-11,0.0,328.99,27.6,13.47,1555.35,0.024426805111821086
2013-10-12,0.0,356.17,26.06,10.11,1248.6,0.022594794728434505
2013-10-13,0.0,340.22,21.99,7.4,1032.09,0.02320546485623003
2013-10-14,0.0,255.92,20.15,10.13,1250.01,0.021984124600638977
2013-10-15,8.8,209.92,17.99,7.0,999.73,0.024426805111821086
2013-10-16,0.0,306.2,15.64,3.4,792.33,0.01954144408945687
2013-10-17,0.0,291.53,14.51,2.89,751.49,0.020762784345047924
2013-10-18,0.0,323.86,15.76,2.0,720.0,0.020762784345047924
2013-10-19,5.41,226.92,11.35,-1.0,560.0,0.023816134984025558
2013-10-20,0.0,375.36,20.1,0.94,642.75,0.02503747523961661
2013-10-21,0.0,321.01,20.09,5.42,913.78,0.022594794728434505
2013-10-22,0.0,295.7,18.84,5.87,920.0,0.021984124600638977
2013-10-23,0.0,362.12,21.5,2.5,720.22,0.02137345447284345
2013-10-24,0.0,317.06,17.62,2.91,753.19,0.020762784345047924
2013-10-25,0.0,307.68,13.85,0.02,601.61,0.020762784345047924
2013-10-26,0.24,312.45,16.39,1.91,713.02,0.023816134984025558
2013-10-27,1.93,353.74,17.9,-1.0,560.0,0.02503747523961661
2013-10-28,0.0,336.72,19.12,1.65,691.76,0.028090825878594246
2013-10-29,22.02,143.25,20.2,11.8,1384.35,0.06106701277955272
2013-10-30,1.91,192.57,21.53,12.82,1469.5,0.06717371405750798
2013-10-31,27.48,188.16,20.03,8.68,1134.23,0.4457891932907348
2013-11-01,4.8,216.97,18.21,5.08,886.49,0.8305113738019169
2013-11-02,0.0,287.71,17.0,3.24,779.14,0.20762784345047922
2013-11-03,0.0,280.23,17.06,3.65,796.65,0.07938711661341853
2013-11-04,0.0,232.02,17.08,6.67,975.38,0.057402992012779555
2013-11-05,0.0,207.79,16.58,7.45,1036.02,0.05434964137380192
2013-11-06,11.24,192.35,13.73,2.14,715.11,0.06717371405750798
2013-11-07,0.0,281.85,13.24,0.0,600.0,0.06717371405750798
2013-11-08,0.0,309.47,18.14,1.74,699.31,0.06106701277955272
2013-11-09,0.0,279.23,18.09,4.25,820.0,0.050685620607028754
2013-11-10,0.0,252.72,17.26,5.28,902.39,0.044578919329073485
2013-11-11,0.0,250.55,16.02,4.28,822.37,0.04518958945686901
2013-11-12,0.0,296.99,9.69,-5.31,415.39,0.040304228434504784
2013-11-13,0.0,269.56,5.75,-7.0,360.0,0.040304228434504784
2013-11-14,0.0,282.81,11.49,-2.93,491.87,0.0427469089456869
2013-11-15,0.0,269.72,14.41,0.62,632.71,0.04518958945686901
2013-11-16,0.0,262.46,19.14,5.17,883.65,0.05129629073482428
2013-11-17,0.0,259.21,23.0,8.57,1125.91,0.0494642803514377
2013-11-18,0.0,297.94,18.09,-0.08,600.0,0.04518958945686901
2013-11-19,0.0,269.55,16.5,1.65,688.72,0.047632269968051116
2013-11-20,0.0,184.13,15.86,7.0,1000.01,0.04641092971246006
2013-11-21,14.82,174.32,15.14,3.3,776.37,0.20152114217252395
2013-11-22,4.84,169.38,5.81,-4.93,434.72,0.2564814536741214
2013-11-23,0.0,136.23,0.33,-5.46,407.47,0.09160051916932907
2013-11-24,0.0,173.85,0.53,-6.97,360.0,0.06106701277955272
2013-11-25,0.0,119.12,-0.85,-5.71,399.29,0.05557098162939297
2013-11-26,0.0,188.27,3.15,-4.87,440.0,0.05251763099041533
2013-11-27,0.0,277.65,4.22,-10.06,280.0,0.0494642803514377
2013-11-28,0.0,269.6,5.79,-8.12,330.75,0.050685620607028754
2013-11-29,0.0,278.46,10.84,-4.89,432.04,0.0494642803514377
2013-11-30,0.0,278.41,13.88,-2.67,503.05,0.04885361022364217
2013-12-01,0.0,283.49,16.0,-2.02,529.03,0.0494642803514377
2013-12-02,0.0,276.85,15.34,-1.85,536.46,0.050685620607028754
2013-12-03,0.0,268.64,15.23,-1.08,569.32,0.051906960862619804
2013-12-04,0.0,256.24,12.88,-2.02,527.02,0.051906960862619804
2013-12-05,0.0,152.77,-1.36,-8.4,320.0,0.05007495047923322
2013-12-06,0.0,91.91,-6.71,-10.63,280.0,0.04518958945686901
2013-12-07,0.0,200.78,-5.48,-14.94,200.0,0.039693558306709266
2013-12-08,0.0,172.21,-4.88,-12.6,235.75,0.04152556869009585
2013-12-09,0.0,158.44,-4.96,-11.87,240.0,0.04152556869009585
2013-12-10,0.0,229.45,-3.15,-14.36,200.0,0.03908288817891374
2013-12-11,0.0,274.53,4.03,-12.38,240.0,0.04091489856230032
2013-12-12,0.0,258.04,3.4,-10.9,280.0,0.04091489856230032
2013-12-13,0.0,247.24,8.0,-5.5,409.72,0.044578919329073485
2013-12-14,0.0,230.26,6.99,-4.88,440.0,0.04885361022364217
2013-12-15,0.0,265.59,8.93,-6.91,360.0,0.04641092971246006
2013-12-16,0.0,284.35,16.33,-4.78,440.0,0.05007495047923322
2013-12-17,0.0,282.04,17.43,-3.74,460.86,0.0494642803514377
2013-12-18,0.0,275.85,16.54,-2.99,480.68,0.04885361022364217
2013-12-19,0.0,258.56,18.73,1.81,695.12,0.050685620607028754
2013-12-20,0.0,279.44,12.7,-7.57,348.71,0.04885361022364217
2013-12-21,2.82,75.67,-3.34,-6.93,359.96,0.04702159984025559
2013-12-22,13.64,126.19,-2.95,-9.94,280.0,0.045800259584664535
2013-12-23,0.0,221.79,-4.49,-14.27,200.0,0.04213623881789137
2013-12-24,0.0,151.71,-4.91,-11.14,267.67,0.04702159984025559
2013-12-25,0.0,208.09,1.28,-7.9,327.63,0.04702159984025559
2013-12-26,0.0,265.6,6.35,-6.94,360.0,0.04824294009584664
2013-12-27,0.0,291.71,9.99,-6.16,387.1,0.050685620607028754
2013-12-28,0.0,295.7,12.08,-4.82,439.39,0.05496031150159744
2013-12-29,0.0,309.24,10.06,-8.53,320.0,0.05373897124600639
2013-12-30,0.0,234.51,-2.33,-13.0,240.0,0.040304228434504784
2013-12-31,0.0,286.15,5.83,-8.95,316.15,0.05007495047923322
2014-01-01,0.0,263.09,8.7,-7.0,360.0,0.05496031150159744
2014-01-02,1.01,283.06,1.7,-14.43,200.0,0.03725087779552715
2014-01-03,0.0,278.46,4.15,-11.51,245.06,0.04091489856230032
2014-01-04,0.0,273.09,8.18,-7.12,360.0,0.05007495047923322
2014-01-05,2.05,237.33,-1.33,-13.47,205.99,0.04091489856230032
2014-01-06,0.0,220.92,-9.05,-19.72,120.0,0.0360295375399361
2014-01-07,0.0,283.43,-2.73,-18.17,160.0,0.0360295375399361
2014-01-08,0.0,247.06,5.49,-7.09,358.68,0.03664020766773163
2014-01-09,0.0,130.04,3.37,-2.57,505.43,0.04335757907348242
2014-01-10,0.0,149.67,6.46,-0.83,577.37,0.05434964137380192
2014-01-11,0.0,224.45,10.81,-1.96,523.35,0.06106701277955272
2014-01-12,0.0,263.88,16.34,-0.5,551.53,0.06106701277955272
2014-01-13,0.0,260.79,17.23,0.93,571.77,0.06045634265175719
2014-01-14,0.0,216.78,11.36,-0.58,580.52,0.05373897124600639
2014-01-15,0.0,261.17,9.84,-5.66,381.09,0.047632269968051116
2014-01-16,0.0,254.63,11.56,-3.2,451.2,0.04518958945686901
2014-01-17,0.0,253.81,9.99,-4.5,416.43,0.04152556869009585
2014-01-18,0.0,257.09,10.5,-4.09,428.95,0.040304228434504784
2014-01-19,0.0,305.34,15.84,-5.0,353.01,0.037861547923322685
2014-01-20,0.0,309.78,17.56,-3.99,364.18,0.037861547923322685
2014-01-21,0.0,296.58,6.56,-11.64,234.28,0.04091489856230032
2014-01-22,0.0,246.66,2.2,-10.59,279.65,0.03847221805111821
2014-01-23,0.0,285.41,2.05,-14.0,200.0,0.03053350638977636
2014-01-24,0.0,288.13,0.31,-15.76,178.8,0.03114417651757188
2014-01-25,0.0,307.7,12.29,-6.34,322.53,0.03725087779552715
2014-01-26,0.0,304.36,16.12,-2.18,419.87,0.043968249201277954
2014-01-27,0.0,283.57,5.59,-9.61,273.82,0.03664020766773163
2014-01-28,0.0,197.56,-4.51,-13.5,200.08,0.03358685702875399
2014-01-29,0.0,308.85,3.63,-13.5,200.0,0.03480819728434505
2014-01-30,0.0,310.84,9.96,-7.47,302.31,0.03847221805111821
2014-01-31,0.0,214.51,6.34,-3.46,474.29,0.04152556869009585
2014-02-01,0.0,89.8,-1.75,-5.25,419.67,0.03908288817891374
2014-02-02,0.0,193.44,-1.03,-9.02,317.65,0.03480819728434505
2014-02-03,0.0,299.3,2.29,-11.83,227.38,0.03114417651757188
2014-02-04,3.92,244.12,2.34,-10.02,273.86,0.0427469089456869
2014-02-05,10.63,219.51,-4.86,-15.94,164.92,0.034197527156549515
2014-02-06,0.0,149.18,-11.22,-16.12,162.68,0.034197527156549515
2014-02-07,0.0,173.98,-9.2,-14.86,200.0,0.03480819728434505
2014-02-08,0.0,214.38,-3.66,-10.79,271.11,0.034197527156549515
2014-02-09,0.0,147.98,-1.99,-6.71,360.0,0.037861547923322685
2014-02-10,3.28,175.97,-4.46,-11.52,240.0,0.03725087779552715
2014-02-11,0.0,272.88,-5.36,-14.14,200.0,0.03480819728434505
2014-02-12,0.0,355.52,-1.35,-13.81,200.0,0.03541886741214057
2014-02-13,0.0,383.98,6.19,-8.25,290.14,0.04152556869009585
2014-02-14,0.0,391.3,11.42,-3.57,376.9,0.05984567252396167
2014-02-15,0.0,417.72,14.2,-3.08,356.87,0.07328041533546326
2014-02-16,0.0,436.8,17.34,-2.4,326.25,0.07938711661341853
2014-02-17,0.0,380.26,15.56,1.5,486.55,0.07938711661341853
2014-02-18,0.0,409.41,18.88,2.77,481.97,0.07328041533546326
2014-02-19,0.0,432.15,19.78,0.95,401.73,0.06717371405750798
2014-02-20,0.0,380.61,15.59,1.39,482.39,0.06045634265175719
2014-02-21,0.0,425.06,13.54,-4.26,299.6,0.04885361022364217
2014-02-22,0.0,433.51,16.5,-3.19,304.04,0.044578919329073485
2014-02-23,0.0,411.37,13.87,-3.06,320.39,0.044578919329073485
2014-02-24,0.0,396.01,8.23,-6.67,274.42,0.04152556869009585
2014-02-25,0.0,384.12,6.62,-7.01,281.07,0.039693558306709266
2014-02-26,0.0,396.25,1.7,-12.34,200.9,0.03725087779552715
2014-02-27,0.0,421.61,4.97,-11.13,198.59,0.03725087779552715
2014-02-28,0.0,397.61,9.45,-4.86,308.25,0.04091489856230032
2014-03-01,0.95,413.17,7.2,-6.66,268.91,0.044578919329073485
2014-03-02,0.58,283.4,-6.37,-14.5,200.0,0.03725087779552715
2014-03-03,6.14,247.95,-9.86,-18.96,124.6,0.03114417651757188
2014-03-04,0.0,442.44,-2.91,-17.15,152.02,0.0360295375399361
2014-03-05,0.0,413.09,3.53,-9.0,261.27,0.04335757907348242
2014-03-06,0.0,335.81,5.78,-3.5,364.05,0.05007495047923322
2014-03-07,0.0,417.72,11.2,-1.38,317.06,0.05496031150159744
2014-03-08,0.0,447.53,11.98,-2.35,272.7,0.05618165175718849
2014-03-09,2.13,409.92,9.08,-6.5,237.44,0.051906960862619804
2014-03-10,0.0,531.46,19.86,-3.35,185.97,0.04885361022364217
2014-03-11,0.0,502.93,25.09,2.54,278.2,0.045800259584664535
2014-03-12,0.0,467.54,20.13,0.0,266.38,0.03847221805111821
2014-03-13,0.0,441.59,16.98,-1.5,272.8,0.03664020766773163
2014-03-14,0.0,457.88,20.5,-0.01,271.78,0.03480819728434505
2014-03-15,0.0,458.46,20.69,0.32,263.67,0.03664020766773163
2014-03-16,13.88,322.8,17.23,-0.5,326.51,0.06106701277955272
2014-03-17,0.0,412.73,10.94,-5.04,275.01,0.0854938178913738
2014-03-18,0.0,441.6,16.67,-1.33,305.06,0.07328041533546326
2014-03-19,0.0,423.66,17.1,0.58,319.24,0.04702159984025559
2014-03-20,0.0,442.1,17.53,-0.2,286.43,0.040304228434504784
2014-03-21,0.0,444.76,21.5,3.66,345.19,0.037861547923322685
2014-03-22,0.0,432.8,16.47,-0.22,294.38,0.03541886741214057
2014-03-23,0.0,411.86,10.5,-4.44,246.2,0.032976186900958465
2014-03-24,0.0,396.69,9.81,-4.05,262.44,0.03358685702875399
2014-03-25,0.0,422.45,11.55,-3.56,247.83,0.03236551677316293
2014-03-26,0.0,337.7,10.42,-0.55,379.56,0.034197527156549515
2014-03-27,2.48,370.69,17.75,2.7,386.53,0.037861547923322685
2014-03-28,0.0,468.85,18.89,0.91,271.09,0.0360295375399361
2014-03-29,0.0,471.04,16.04,-1.83,236.74,0.0360295375399361
2014-03-30,0.0,489.9,21.36,1.74,261.62,0.03480819728434505
2014-03-31,0.0,461.9,24.56,7.0,382.03,0.03541886741214057
2014-04-01,0.0,486.93,20.14,0.72,250.67,0.03358685702875399
2014-04-02,0.0,415.93,18.51,3.7,366.84,0.034197527156549515
2014-04-03,13.54,313.2,20.99,6.28,549.37,0.03664020766773163
2014-04-04,0.0,409.14,13.44,-0.86,366.38,0.039693558306709266
2014-04-05,0.0,446.66,15.97,-0.5,334.78,0.04213623881789137
2014-04-06,1.0,412.32,17.43,2.81,426.95,0.040304228434504784
2014-04-07,0.0,364.36,16.08,3.75,521.57,0.040304228434504784
2014-04-08,0.0,419.13,18.26,3.5,442.18,0.03908288817891374
2014-04-09,0.0,500.27,22.24,2.45,322.17,0.037861547923322685
2014-04-10,0.0,507.23,27.18,6.77,396.46,0.037861547923322685
2014-04-11,0.0,462.77,25.05,8.1,492.29,0.03664020766773163
2014-04-12,0.0,466.69,28.23,10.96,562.53,0.03664020766773163
2014-04-13,0.0,509.62,29.72,9.46,453.8,0.03725087779552715
2014-04-14,3.57,396.57,20.14,-1.31,316.38,0.03236551677316293
2014-04-15,0.0,456.47,12.52,-3.11,294.17,0.03175484664536741
2014-04-16,0.0,500.61,19.39,0.81,313.92,0.03175484664536741
2014-04-17,0.0,452.53,18.53,3.0,405.87,0.029312166134185302
2014-04-18,0.0,443.6,14.3,-0.5,348.92,0.029922836261980834
2014-04-19,0.0,534.57,24.03,2.89,310.47,0.029922836261980834
2014-04-20,0.0,414.56,25.5,11.63,709.62,0.029922836261980834
2014-04-21,0.0,397.02,24.35,11.42,735.18,0.03175484664536741
2014-04-22,0.83,499.82,25.62,7.5,438.25,0.028701496006389778
2014-04-23,0.0,485.14,26.92,9.58,521.02,0.02748015575079872
2014-04-24,1.19,468.07,26.86,10.5,575.73,0.026869485623003196
2014-04-25,0.0,506.34,23.52,4.98,391.05,0.024426805111821086
2014-04-26,0.0,517.15,29.0,9.26,469.9,0.024426805111821086
2014-04-27,0.78,448.85,29.19,13.51,720.47,0.02503747523961661
2014-04-28,0.36,471.6,24.25,7.89,506.05,0.024426805111821086
2014-04-29,0.0,356.96,17.17,6.16,636.69,0.021984124600638977
2014-04-30,0.0,288.83,12.69,4.23,671.37,0.021984124600638977
2014-05-01,0.0,457.91,16.62,2.0,392.06,0.022594794728434505
2014-05-02,0.0,535.2,20.27,0.95,291.59,0.02320546485623003
2014-05-03,0.0,570.46,27.06,3.81,304.12,0.02320546485623003
2014-05-04,0.0,565.82,34.91,10.92,480.93,0.022594794728434505
2014-05-05,0.0,526.24,36.66,15.99,692.74,0.02137345447284345
2014-05-06,0.0,500.57,34.28,15.76,677.54,0.020762784345047924
2014-05-07,0.0,499.9,36.63,17.83,784.63,0.01954144408945687
2014-05-08,0.0,445.5,32.88,17.5,765.28,0.01954144408945687
2014-05-09,0.0,502.57,27.54,9.65,437.93,0.018320103833865814
2014-05-10,0.0,487.03,28.37,11.44,488.98,0.018930773961661342
2014-05-11,0.09,456.04,32.55,16.81,730.7,0.017709433706070286
2014-05-12,6.24,370.45,29.05,11.59,553.12,0.020152114217252392
2014-05-13,0.78,337.09,16.55,5.83,552.37,0.017709433706070286
2014-05-14,0.0,434.36,19.01,5.49,404.37,0.016488093450479233
2014-05-15,0.0,443.68,19.83,5.97,402.0,0.015877423322683704
2014-05-16,0.0,484.88,19.64,4.01,317.28,0.015877423322683704
2014-05-17,1.78,463.84,21.24,4.86,361.5,0.015877423322683704
2014-05-18,1.7,457.62,21.88,6.92,414.98,0.016488093450479233
2014-05-19,0.0,467.54,27.46,12.42,562.7,0.016488093450479233
2014-05-20,0.0,487.63,33.07,16.56,720.32,0.01526675319488818
2014-05-21,0.0,493.19,34.89,17.79,783.7,0.01526675319488818
2014-05-22,0.0,461.14,32.89,17.69,788.58,0.014045412939297123
2014-05-23,1.24,371.24,29.39,17.52,965.19,0.017098763578274757
2014-05-24,16.06,214.87,26.17,17.51,1539.3,0.03541886741214057
2014-05-25,3.22,288.47,28.08,17.5,1480.35,0.034197527156549515
2014-05-26,9.47,244.65,26.76,16.96,1609.1,0.024426805111821086
2014-05-27,0.0,352.48,26.82,16.44,1348.82,0.01954144408945687
2014-05-28,0.0,404.33,27.55,15.5,1146.88,0.017709433706070286
2014-05-29,0.0,457.98,30.99,16.48,1068.18,0.017098763578274757
2014-05-30,0.0,419.88,30.47,17.41,1223.28,0.015877423322683704
2014-05-31,0.0,384.16,29.2,17.61,1328.6,0.014656083067092651
2014-06-01,0.0,391.25,30.22,18.46,1363.89,0.014045412939297123
2014-06-02,18.24,317.79,31.11,18.08,1457.93,0.03908288817891374
2014-06-03,0.0,401.95,31.5,19.58,1564.14,0.016488093450479233
2014-06-04,0.0,374.23,32.79,21.83,1866.19,0.015877423322683704
2014-06-05,11.13,333.7,32.73,19.71,1761.67,0.034197527156549515
2014-06-06,11.19,306.55,29.48,18.65,1847.49,0.017098763578274757
2014-06-07,48.12,257.92,26.35,17.03,1871.52,3.6029537539936096
2014-06-08,0.0,342.96,26.02,16.91,1880.62,0.8427247763578275
2014-06-09,1.95,287.74,24.84,16.48,1872.15,0.16488093450479233
2014-06-10,4.94,247.34,24.07,15.81,1784.89,0.09160051916932907
2014-06-11,0.0,473.32,27.99,14.72,1470.14,0.06106701277955272
2014-06-12,20.53,342.24,29.02,15.94,1769.51,0.07328041533546326
2014-06-13,0.0,473.16,25.76,12.68,1364.31,0.06106701277955272
2014-06-14,0.0,459.73,28.64,15.69,1653.66,0.05373897124600639
2014-06-15,26.17,356.71,30.35,16.23,1809.18,0.5740299201277955
2014-06-16,0.0,391.25,29.37,18.87,2159.67,0.31144176517571887
2014-06-17,0.0,342.87,32.18,22.85,2772.8,0.10381392172523961
2014-06-18,0.0,366.62,33.08,22.98,2777.1,0.06717371405750798
2014-06-19,0.0,377.62,32.67,22.44,2679.61,0.04518958945686901
2014-06-20,0.0,413.81,32.0,20.85,2386.83,0.03664020766773163
2014-06-21,0.0,448.08,32.96,20.45,2257.44,0.03236551677316293
2014-06-22,0.0,471.2,33.06,19.52,2092.08,0.029312166134185302
2014-06-23,27.63,351.34,31.45,18.0,2074.3,0.06106701277955272
2014-06-24,0.0,418.02,28.93,18.0,2073.25,0.06717371405750798
2014-06-25,34.68,352.41,29.72,16.51,1880.67,1.8136902795527157
2014-06-26,0.0,412.82,29.01,18.15,2087.28,1.3556876837060703
2014-06-27,1.46,302.41,28.54,20.88,2461.08,0.1893077396166134
2014-06-28,3.31,272.1,27.53,18.67,2151.57,0.15877423322683706
2014-06-29,9.5,258.11,27.21,19.01,2201.48,0.10992062300319488
2014-06-30,0.0,381.08,32.0,22.04,2646.52,0.07938711661341853
2014-07-01,18.16,357.29,32.09,18.36,2109.13,0.4335757907348243
2014-07-02,0.0,449.46,27.5,15.96,1796.79,0.9892856070287539
2014-07-03,0.0,495.04,26.3,13.0,1480.34,0.20152114217252395
2014-07-04,0.0,490.5,28.98,15.24,1738.1,0.09770722044728435
2014-07-05,0.0,448.14,31.78,19.32,2250.63,0.06717371405750798
2014-07-06,0.0,422.51,34.51,22.38,2700.57,0.05679232188498403
2014-07-07,0.0,470.18,36.63,21.5,2557.35,0.047632269968051116
2014-07-08,0.0,443.55,34.75,21.41,2545.7,0.037861547923322685
2014-07-09,0.0,430.97,30.37,18.5,2120.0,0.03664020766773163
2014-07-10,38.87,344.61,30.76,17.5,2000.0,0.8182979712460063
2014-07-11,0.58,414.81,30.31,18.49,2123.6,0.6839505431309904
2014-07-12,0.0,434.06,33.89,21.0,2480.3,0.1709876357827476
2014-07-13,0.0,428.41,33.49,20.95,2472.01,0.07938711661341853
2014-07-14,0.0,415.97,32.0,20.29,2366.74,0.10992062300319488
2014-07-15,6.34,415.2,30.63,13.0,1479.99,0.14045412939297125
2014-07-16,0.0,398.85,23.98,14.02,1601.33,0.06106701277955272
2014-07-17,7.96,135.99,19.25,15.28,1741.78,0.07328041533546326
2014-07-18,9.9,163.72,20.32,15.5,1760.0,0.07938711661341853
2014-07-19,0.0,428.51,25.13,14.25,1620.29,0.05923500239616612
2014-07-20,0.0,463.54,28.99,16.06,1813.54,0.0494642803514377
2014-07-21,0.0,464.57,33.16,19.1,2216.15,0.043968249201277954
2014-07-22,0.0,430.82,35.5,22.35,2695.51,0.03908288817891374
2014-07-23,0.0,420.45,35.23,22.58,2733.52,0.03480819728434505
2014-07-24,0.0,449.51,32.84,19.51,2281.02,0.032976186900958465
2014-07-25,0.0,441.76,34.96,21.38,2540.07,0.03114417651757188
2014-07-26,0.0,460.01,38.95,22.83,2773.34,0.028090825878594246
2014-07-27,0.0,431.73,36.75,22.76,2761.73,0.02564814536741214
2014-07-28,1.72,460.19,31.0,17.11,1938.42,0.026258815495207664
2014-07-29,0.0,464.85,31.38,17.0,1920.0,0.02503747523961661
2014-07-30,0.0,402.11,28.67,17.38,1980.41,0.037861547923322685
2014-07-31,22.35,245.53,23.25,15.04,1719.6,0.03847221805111821
2014-08-01,0.0,462.41,29.37,15.52,1761.67,0.03053350638977636
2014-08-02,0.0,460.5,31.16,16.95,1924.61,0.029312166134185302
2014-08-03,0.0,461.98,31.82,17.31,1971.54,0.02748015575079872
2014-08-04,0.0,435.94,32.58,19.06,2210.33,0.02503747523961661
2014-08-05,0.0,430.67,33.48,19.91,2313.02,0.023816134984025558
2014-08-06,0.0,441.55,34.33,20.01,2325.62,0.02137345447284345
2014-08-07,24.86,321.65,34.05,20.35,2376.48,0.10381392172523961
2014-08-08,8.13,295.87,32.46,20.55,2408.43,0.21984124600638977
2014-08-09,7.44,311.7,32.1,20.61,2417.69,0.24426805111821087
2014-08-10,19.48,303.27,31.34,19.25,2239.58,0.3664020766773163
2014-08-11,0.0,385.04,29.93,18.84,2175.18,1.2335536581469648
2014-08-12,0.0,473.44,29.93,14.9,1704.46,0.15877423322683706
2014-08-13,0.0,452.21,29.52,15.54,1763.57,0.06717371405750798
2014-08-14,0.0,448.52,31.74,17.5,1999.55,0.040304228434504784
2014-08-15,0.0,426.34,34.05,20.12,2340.36,0.029312166134185302
2014-08-16,0.97,430.14,35.5,20.57,2411.54,0.023816134984025558
2014-08-17,0.0,421.65,35.0,20.43,2388.44,0.020152114217252392
2014-08-18,8.39,321.4,34.5,19.56,2283.44,0.02320546485623003
2014-08-19,0.0,410.89,35.36,20.98,2477.06,0.018320103833865814
2014-08-20,0.0,389.77,35.03,21.65,2584.68,0.017098763578274757
2014-08-21,0.0,378.28,35.8,22.68,2748.75,0.018930773961661342
2014-08-22,0.0,360.2,37.29,24.49,3078.13,0.018320103833865814
2014-08-23,0.0,421.04,38.04,22.0,2640.0,0.014045412939297123
2014-08-24,0.0,401.83,37.96,22.87,2779.46,0.012213402555910543
2014-08-25,0.0,409.36,38.1,22.5,2719.99,0.012213402555910543
2014-08-26,0.0,419.32,37.3,21.34,2534.06,0.011602732428115015
2014-08-27,3.7,354.63,34.72,21.0,2480.0,0.011602732428115015
2014-08-28,0.02,342.09,32.37,21.09,2494.38,0.011602732428115015
2014-08-29,21.51,246.36,29.71,19.37,2259.7,0.010992062300319488
2014-08-30,0.0,390.09,30.92,17.79,2045.73,0.010381392172523962
2014-08-31,0.0,417.54,34.41,18.97,2196.09,0.009770722044728435
2014-09-01,3.85,386.12,34.41,18.5,2121.98,0.010381392172523962
2014-09-02,18.86,256.48,30.78,19.47,2271.75,0.06717371405750798
2014-09-03,0.0,332.35,31.57,20.49,2399.06,0.022594794728434505
2014-09-04,0.0,350.1,35.31,22.69,2750.86,0.011602732428115015
2014-09-05,0.0,370.7,32.99,20.0,2320.0,0.007938711661341852
2014-09-06,3.15,280.39,26.5,14.51,1640.99,0.006717371405750799
2014-09-07,0.0,420.63,25.45,11.35,1348.36,0.005740299201277955
2014-09-08,0.0,427.97,28.56,13.29,1525.83,0.005557098162939297
2014-09-09,0.0,389.98,33.11,18.66,2157.19,0.005190696086261981
2014-09-10,0.0,354.72,32.63,19.87,2309.85,0.005129629073482428
2014-09-11,0.0,308.24,23.56,14.02,1601.98,0.005007495047923322
2014-09-12,0.0,284.05,19.37,11.06,1324.53,0.004152556869009585
2014-09-13,0.0,357.28,15.46,4.89,871.53,0.004030422843450479
2014-09-14,0.0,446.19,22.64,6.88,990.21,0.004274690894568689
2014-09-15,0.0,427.09,28.65,12.73,1471.96,0.004518958945686901
2014-09-16,0.0,376.36,27.78,14.77,1682.46,0.0040914898562300316
2014-09-17,0.0,380.93,29.6,15.95,1801.67,0.004152556869009585
2014-09-18,0.0,390.66,33.86,18.52,2122.52,0.004457891932907348
2014-09-19,0.0,374.59,31.49,17.5,2000.0,0.004702159984025559
2014-09-20,0.0,370.93,32.33,18.2,2096.29,0.0045800259584664535
2014-09-21,0.07,371.9,31.47,17.35,1976.21,0.0048242940095846645
2014-09-22,0.0,441.28,27.45,9.49,1199.11,0.004396824920127795
2014-09-23,0.0,407.63,26.5,11.0,1320.0,0.004702159984025559
2014-09-24,26.02,271.76,27.1,14.0,1600.0,0.023816134984025558
2014-09-25,12.4,266.55,27.33,14.5,1640.0,1.1847000479233227
2014-09-26,0.0,376.89,27.64,13.5,1560.0,0.28701496006389776
2014-09-27,0.0,369.09,28.61,14.5,1639.99,0.07328041533546326
2014-09-28,0.0,357.98,28.25,14.6,1656.48,0.04091489856230032
2014-09-29,0.0,370.29,29.44,14.66,1666.31,0.02748015575079872
2014-09-30,0.0,364.16,30.26,15.55,1763.64,0.021984124600638977
2014-10-01,0.0,334.96,31.26,17.89,2061.98,0.018320103833865814
2014-10-02,0.0,352.45,28.85,14.83,1693.48,0.01526675319488818
2014-10-03,0.0,347.29,19.25,6.73,978.69,0.012213402555910543
2014-10-04,0.0,407.17,19.03,2.5,720.06,0.010381392172523962
2014-10-05,0.0,434.11,26.1,4.77,861.98,0.012213402555910543
2014-10-06,0.64,403.69,28.51,8.94,1155.06,0.011602732428115015
2014-10-07,0.0,396.34,30.32,10.91,1312.47,0.009770722044728435
2014-10-08,0.0,369.64,30.7,13.27,1522.14,0.009770722044728435
2014-10-09,0.0,308.7,29.52,16.2,1833.86,0.010381392172523962
2014-10-10,25.53,239.15,24.34,11.17,1333.58,0.05496031150159744
2014-10-11,4.43,137.69,14.57,8.06,1085.05,0.03358685702875399
2014-10-12,0.0,296.82,17.92,6.33,946.77,0.018930773961661342
2014-10-13,14.37,195.25,18.35,8.33,1106.75,0.029922836261980834
2014-10-14,7.02,197.01,18.08,8.0,1080.07,0.026869485623003196
2014-10-15,0.0,367.16,21.32,4.56,845.14,0.028090825878594246
2014-10-16,0.0,375.91,24.66,6.02,931.31,0.020152114217252392
2014-10-17,0.0,344.58,24.47,8.32,1105.22,0.014656083067092651
2014-10-18,0.0,310.55,20.05,6.7,975.97,0.013434742811501598
2014-10-19,0.0,308.72,20.42,7.0,1000.06,0.012213402555910543
2014-10-20,0.0,321.19,24.14,9.22,1177.52,0.011602732428115015
2014-10-21,0.0,331.7,26.58,10.16,1253.08,0.010381392172523962
2014-10-22,0.0,308.73,26.88,12.01,1400.86,0.010381392172523962
2014-10-23,0.65,248.38,25.0,13.98,1597.2,0.010381392172523962
2014-10-24,0.0,263.24,25.43,13.46,1553.54,0.010992062300319488
2014-10-25,0.0,327.18,29.51,11.91,1392.88,0.010992062300319488
2014-10-26,0.0,327.64,31.32,12.77,1467.39,0.01282407268370607
2014-10-27,0.0,279.19,28.48,14.4,1634.14,0.009160051916932907
2014-10-28,0.0,322.14,21.45,5.03,882.05,0.007938711661341852
2014-10-29,0.0,335.65,20.78,2.83,746.06,0.007328041533546326
2014-10-30,0.0,328.33,22.14,4.33,829.76,0.007938711661341852
2014-10-31,0.0,304.28,17.53,2.22,720.0,0.009770722044728435
2014-11-01,0.0,285.31,11.35,-2.22,520.0,0.014656083067092651
2014-11-02,0.0,270.58,14.46,1.51,682.97,0.012213402555910543
2014-11-03,0.0,227.41,17.89,7.25,1020.07,0.013434742811501598
2014-11-04,5.36,169.14,16.32,6.02,925.65,0.014656083067092651
2014-11-05,0.0,262.63,13.95,1.7,695.69,0.020152114217252392
2014-11-06,0.0,301.21,18.16,2.55,724.45,0.01526675319488818
2014-11-07,0.0,297.06,18.08,2.67,733.32,0.015877423322683704
2014-11-08,0.0,287.87,19.17,4.16,812.8,0.014656083067092651
2014-11-09,0.0,278.15,16.63,2.47,721.48,0.017098763578274757
2014-11-10,0.0,309.97,21.52,2.95,756.02,0.016488093450479233
2014-11-11,0.0,320.72,15.78,-4.01,440.0,0.012213402555910543
2014-11-12,0.0,204.92,0.74,-8.7,318.56,0.010992062300319488
2014-11-13,0.0,165.02,-1.61,-8.99,315.99,0.01282407268370607
2014-11-14,0.0,212.32,0.64,-9.2,304.62,0.013434742811501598
2014-11-15,0.0,209.06,3.09,-6.53,366.23,0.014656083067092651
2014-11-16,2.68,222.9,2.55,-9.52,280.0,0.01526675319488818
2014-11-17,3.98,158.86,-3.48,-11.93,240.0,0.016488093450479233
2014-11-18,0.0,316.79,1.18,-13.93,200.0,0.016488093450479233
2014-11-19,0.0,334.7,7.61,-10.15,281.33,0.017098763578274757
2014-11-20,0.0,309.21,10.24,-5.2,421.15,0.018320103833865814
2014-11-21,0.0,285.16,9.98,-3.63,464.49,0.020152114217252392
2014-11-22,1.31,181.55,10.29,2.38,727.78,0.02320546485623003
2014-11-23,0.4,197.79,15.51,5.5,920.0,0.018930773961661342
2014-11-24,1.81,247.13,12.94,-0.6,592.38,0.018320103833865814
2014-11-25,0.0,268.73,11.16,-3.98,441.67,0.017709433706070286
2014-11-26,0.0,230.75,9.61,-2.22,518.54,0.017709433706070286
2014-11-27,0.0,259.09,8.49,-5.66,400.0,0.015877423322683704
2014-11-28,0.0,258.39,11.65,-2.71,501.19,0.015877423322683704
2014-11-29,0.0,270.81,18.78,1.99,704.94,0.01526675319488818
2014-11-30,0.0,290.62,18.99,-1.59,552.81,0.014656083067092651
2014-12-01,0.0,211.19,1.87,-8.58,320.0,0.014045412939297123
2014-12-02,0.0,233.23,4.0,-8.18,329.55,0.014045412939297123
2014-12-03,0.0,222.36,6.12,-5.41,414.24,0.014656083067092651
2014-12-04,0.0,169.28,8.32,0.03,610.18,0.01526675319488818
2014-12-05,13.35,101.36,9.41,2.96,756.52,0.0360295375399361
2014-12-06,1.65,135.78,9.13,2.18,720.0,0.028090825878594246
2014-12-07,0.0,127.56,7.95,2.12,711.5,0.026258815495207664
2014-12-08,0.0,188.59,10.52,1.47,680.14,0.024426805111821086
2014-12-09,0.0,246.54,12.47,-1.05,567.49,0.02320546485623003
2014-12-10,0.0,201.27,8.12,-1.44,559.59,0.022594794728434505
2014-12-11,0.0,170.06,9.05,1.45,676.54,0.021984124600638977
2014-12-12,0.0,135.59,10.12,4.22,821.83,0.021984124600638977
2014-12-13,0.0,113.57,12.0,7.08,1006.34,0.021984124600638977
2014-12-14,2.52,114.43,14.5,8.69,1135.58,0.026869485623003196
2014-12-15,6.1,160.35,13.78,3.41,792.59,0.026869485623003196
2014-12-16,0.0,181.83,6.0,-1.93,531.26,0.024426805111821086
2014-12-17,0.0,142.98,3.46,-2.45,518.21,0.02564814536741214
2014-12-18,5.59,59.26,1.28,-1.67,545.71,0.03114417651757188
2014-12-19,0.0,95.18,2.54,-0.98,563.67,0.028090825878594246
2014-12-20,0.0,151.1,5.29,-0.46,596.85,0.026258815495207664
2014-12-21,0.0,146.27,8.12,2.63,733.26,0.02503747523961661
2014-12-22,2.91,124.93,8.78,3.34,787.29,0.02564814536741214
2014-12-23,0.0,207.25,9.06,0.75,640.0,0.02503747523961661
2014-12-24,0.0,172.63,5.31,-1.0,560.0,0.02320546485623003
2014-12-25,0.0,249.27,9.94,-1.02,560.0,0.021984124600638977
2014-12-26,0.0,252.14,11.51,0.22,619.77,0.01954144408945687
2014-12-27,0.0,220.55,3.72,-4.63,440.0,0.02137345447284345
2014-12-28,0.0,278.82,4.0,-9.32,294.6,0.020152114217252392
2014-12-29,0.0,283.11,5.32,-8.66,317.92,0.02137345447284345
2014-12-30,0.0,277.98,2.57,-9.91,280.13,0.02137345447284345
2014-12-31,0.6,191.6,-8.15,-13.91,200.0,0.018320103833865814
