Date,prcp(mm/day),srad(W/m2),tmax(C),tmin(C),vp(Pa),flow(mm/day)
1980-01-01,0.99,102.85,-1.32,-7.4,354.19,0.24579875375278337
1980-01-02,0.33,187.91,-2.22,-13.9,213.98,0.23933036549613118
1980-01-03,1.92,146.81,-4.56,-13.9,216.73,0.23681488117409977
1980-01-04,4.79,120.27,-3.06,-11.74,255.77,0.23933036549613118
1980-01-05,13.23,88.54,-3.14,-9.43,304.37,0.23681488117409977
1980-01-06,10.4,209.2,-1.82,-26.61,75.59,0.22280003995135333
1980-01-07,2.71,201.98,-11.66,-26.56,75.73,0.20842584382545956
1980-01-08,4.58,177.03,-10.75,-23.64,95.43,0.18686454963661894
1980-01-09,8.95,192.99,-3.83,-21.64,114.22,0.17967745157367207
1980-01-10,16.55,100.88,-2.26,-9.36,303.76,0.2012387457625127
1980-01-11,7.59,215.64,-4.76,-24.62,85.66,0.22280003995135333
1980-01-12,12.99,203.35,-2.76,-20.32,128.08,0.23250262233633162
1980-01-13,12.31,75.45,0.29,-4.59,440.33,0.2346587517552157
1980-01-14,7.36,87.89,1.2,-4.52,444.59,0.23933036549613118
1980-01-15,2.88,91.95,1.58,-3.36,486.81,0.24148649491501523
1980-01-16,3.14,191.97,0.86,-11.66,257.11,0.2436426243338993
1980-01-17,2.53,193.77,0.31,-11.35,267.38,0.24579875375278337
1980-01-18,2.64,164.83,-3.63,-13.3,220.73,0.25047036749369883
1980-01-19,0.0,293.0,-9.54,-27.19,69.17,0.2281903634985635
1980-01-20,0.66,301.74,-6.58,-27.92,63.96,0.21561294188840646
1980-01-21,0.0,265.43,-6.44,-21.1,125.84,0.2371742360772471
1980-01-22,0.0,324.38,-1.12,-23.39,101.75,0.2371742360772471
1980-01-23,0.0,315.64,-3.76,-23.41,96.79,0.2436426243338993
1980-01-24,1.74,242.53,-2.47,-15.59,186.92,0.24579875375278337
1980-01-25,5.26,213.81,-2.42,-17.44,159.71,0.24795488317166745
1980-01-26,2.18,277.07,-13.27,-29.62,56.86,0.24436133414019398
1980-01-27,2.54,275.7,-18.15,-34.24,37.16,0.22280003995135333
1980-01-28,0.19,345.18,-18.11,-39.43,17.18,0.16170970641630483
1980-01-29,0.0,352.55,-15.21,-37.26,28.03,0.1473355102904111
1980-01-30,0.0,342.68,-12.27,-31.5,49.65,0.15452260835335796
1980-01-31,0.0,346.28,-7.54,-27.63,68.7,0.16889680447925173
1980-02-01,0.0,326.53,-6.37,-23.51,99.58,0.17967745157367207
1980-02-02,0.61,167.64,-3.5,-10.85,276.78,0.22998713801430024
1980-02-03,0.09,173.59,-0.65,-8.12,339.14,0.2802968244549284
1980-02-04,4.82,163.71,-0.98,-9.52,303.92,0.2731097263919815
1980-02-05,0.0,357.44,-0.99,-19.79,131.97,0.2659226283290346
1980-02-06,0.03,342.43,1.64,-15.64,188.64,0.25873553026608775
1980-02-07,4.95,180.18,-1.4,-11.1,266.12,0.2551419812346143
1980-02-08,0.0,406.17,-0.72,-27.44,69.62,0.24795488317166745
1980-02-09,0.0,371.6,-5.46,-24.52,89.63,0.22280003995135333
1980-02-10,0.0,391.59,-2.0,-23.2,97.55,0.22639358898282677
1980-02-11,0.0,388.82,-1.56,-22.23,108.87,0.2281903634985635
1980-02-12,0.12,324.59,-2.98,-17.74,160.26,0.23034649291744758
1980-02-13,4.98,198.59,-4.79,-14.38,200.88,0.22208133014505865
1980-02-14,4.8,205.43,-8.53,-19.6,133.5,0.22280003995135333
1980-02-15,5.17,218.68,-8.2,-20.03,129.01,0.212019392856933
1980-02-16,3.24,308.18,-0.86,-17.3,160.27,0.22998713801430024
1980-02-17,3.38,245.52,3.09,-8.3,328.21,0.2526264969125829
1980-02-18,8.91,149.04,3.25,-3.81,461.08,0.2759845656171603
1980-02-19,6.25,178.57,3.28,-4.53,439.57,0.28820263232417
1980-02-20,3.38,196.51,2.77,-5.22,421.2,0.2957490852902642
1980-02-21,4.39,286.79,1.49,-11.58,259.08,0.2785000499391917
1980-02-22,5.44,188.25,0.49,-7.69,345.15,0.2785000499391917
1980-02-23,3.26,283.38,-0.96,-13.42,224.03,0.2810155342612231
1980-02-24,1.71,422.57,-0.36,-20.49,125.19,0.2759845656171603
1980-02-25,0.0,471.13,0.47,-20.48,123.97,0.27346908129512887
1980-02-26,0.0,404.33,0.23,-14.55,203.75,0.27346908129512887
1980-02-27,0.0,354.48,2.71,-9.36,313.19,0.2907181166462014
1980-02-28,0.0,474.99,7.59,-12.28,248.26,0.2907181166462014
1980-02-29,2.58,410.31,4.93,-14.13,212.23,0.2932336009682328
1980-03-01,0.0,415.48,1.38,-13.0,226.67,0.28820263232417
1980-03-02,0.0,478.24,3.24,-14.8,200.4,0.2907181166462014
1980-03-03,5.64,334.54,0.96,-14.1,209.01,0.3032955382563584
1980-03-04,6.49,294.27,-2.18,-14.74,200.64,0.2907181166462014
1980-03-05,10.68,270.18,-3.16,-14.27,208.96,0.2810155342612231
1980-03-06,5.45,312.8,-0.98,-13.94,214.96,0.3032955382563584
1980-03-07,2.82,348.55,-0.34,-12.83,234.75,0.2957490852902642
1980-03-08,1.23,473.03,-1.96,-19.1,140.42,0.28820263232417
1980-03-09,4.31,330.54,-3.65,-14.41,206.15,0.2907181166462014
1980-03-10,0.05,259.89,-0.74,-7.46,354.09,0.28820263232417
1980-03-11,3.87,349.22,2.37,-8.0,342.16,0.2907181166462014
1980-03-12,5.89,382.77,0.35,-14.85,198.09,0.2957490852902642
1980-03-13,2.15,319.11,-4.23,-13.23,228.16,0.2666413381353293
1980-03-14,8.1,319.05,-1.91,-12.41,242.67,0.2759845656171603
1980-03-15,8.67,189.06,-1.21,-7.03,364.57,0.2957490852902642
1980-03-16,7.23,434.68,-3.58,-22.18,108.19,0.28820263232417
1980-03-17,0.0,578.43,-4.24,-22.3,108.4,0.2759845656171603
1980-03-18,0.0,563.1,-1.23,-17.84,157.25,0.2907181166462014
1980-03-19,2.45,406.6,-0.54,-13.09,229.18,0.2907181166462014
1980-03-20,0.64,564.53,-0.02,-17.34,163.35,0.2907181166462014
1980-03-21,0.25,505.66,2.2,-11.79,251.8,0.2907181166462014
1980-03-22,1.49,553.93,2.1,-15.83,181.76,0.2932336009682328
1980-03-23,0.0,599.35,2.41,-16.99,168.53,0.2785000499391917
1980-03-24,1.88,464.71,-0.64,-14.68,199.67,0.2957490852902642
1980-03-25,4.4,310.37,-3.26,-12.98,228.89,0.2957490852902642
1980-03-26,1.8,595.24,-1.89,-23.77,93.36,0.2785000499391917
1980-03-27,0.68,542.83,-1.72,-17.36,163.7,0.2907181166462014
1980-03-28,1.3,600.36,4.74,-17.72,158.49,0.28820263232417
1980-03-29,0.87,592.79,3.28,-16.23,177.98,0.28568714800213857
1980-03-30,8.72,415.01,3.21,-11.88,249.08,0.2907181166462014
1980-03-31,2.85,397.46,-2.0,-12.69,234.09,0.27131295187624477
1980-04-01,3.3,432.9,-2.05,-16.33,177.08,0.2687974675542134
1980-04-02,0.27,610.08,0.63,-16.88,168.97,0.2957490852902642
1980-04-03,0.0,665.89,1.49,-19.54,136.53,0.28820263232417
1980-04-04,0.69,588.15,1.55,-14.89,197.78,0.29826456961229564
1980-04-05,1.71,489.01,3.32,-9.86,293.28,0.29826456961229564
1980-04-06,7.64,360.9,2.74,-8.53,326.64,0.3108419912224526
1980-04-07,6.5,399.7,-0.4,-12.99,230.54,0.3108419912224526
1980-04-08,0.0,673.33,-0.12,-20.23,127.2,0.2932336009682328
1980-04-09,0.06,613.8,2.12,-14.5,204.15,0.31335747554448407
1980-04-10,5.51,515.98,1.89,-17.07,164.16,0.31335747554448407
1980-04-11,0.32,671.42,2.16,-18.09,152.04,0.300780053934327
1980-04-12,0.0,659.03,1.28,-18.07,149.3,0.2932336009682328
1980-04-13,0.07,678.47,5.01,-16.53,166.06,0.2932336009682328
1980-04-14,0.0,639.6,8.64,-10.54,266.7,0.3032955382563584
1980-04-15,0.14,606.35,10.0,-7.43,330.02,0.32665360696093576
1980-04-16,0.0,640.03,6.39,-12.21,232.84,0.2932336009682328
1980-04-17,0.0,666.71,9.53,-11.03,247.5,0.31874779909169426
1980-04-18,0.0,666.99,12.22,-8.4,297.36,0.3428245776025663
1980-04-19,0.0,652.13,14.17,-5.77,360.3,0.38091619733618476
1980-04-20,0.0,628.63,14.03,-4.7,395.07,0.45997427602860047
1980-04-21,0.0,591.69,14.1,-2.89,454.83,0.5749678450357506
1980-04-22,0.1,579.85,13.56,-2.4,472.27,0.6863678650114272
1980-04-23,0.0,439.92,9.87,-1.19,543.28,0.7690194927353164
1980-04-24,0.0,606.37,13.27,-3.65,423.12,0.9522904933404618
1980-04-25,0.0,624.83,12.29,-5.27,369.34,1.0493163171902447
1980-04-26,0.0,671.63,11.79,-8.11,289.38,1.1427485920085543
1980-04-27,0.0,651.87,14.45,-4.78,372.42,1.1535292391029746
1980-04-28,0.0,632.2,12.2,-5.47,359.18,1.1786840823232887
1980-04-29,0.0,599.77,13.13,-3.25,431.87,1.3188324945507528
1980-04-30,1.04,539.71,13.6,-1.64,496.11,1.458980906778217
1980-05-01,0.65,566.86,9.9,-5.24,386.29,1.7680261234849328
1980-05-02,0.0,563.1,9.99,-4.76,399.99,1.7895874176737736
1980-05-03,0.24,589.76,11.02,-4.83,387.86,1.7536519273590392
1980-05-04,0.31,531.58,12.11,-1.62,499.36,1.8973938886179769
1980-05-05,0.01,595.82,12.79,-3.14,432.18,2.0483229479398615
1980-05-06,0.0,599.43,14.41,-1.73,468.4,2.2926842820800553
1980-05-07,0.86,557.26,13.81,-1.76,479.87,2.4076778510872052
1980-05-08,4.1,433.57,13.36,-0.4,573.36,2.4076778510872052
1980-05-09,5.52,326.7,9.45,-0.77,578.06,2.4256455962445727
1980-05-10,4.98,288.81,6.66,-1.52,547.89,2.353774615615104
1980-05-11,2.29,260.86,2.13,-4.42,441.99,1.9369229279641846
1980-05-12,0.01,416.16,4.45,-4.77,426.85,1.67100029963515
1980-05-13,0.0,617.63,7.12,-7.73,322.97,1.5092905932188454
1980-05-14,0.52,511.17,8.75,-3.24,457.4,1.4446067106523233
1980-05-15,0.16,663.67,11.09,-5.63,346.35,1.4446067106523233
1980-05-16,2.14,572.81,11.11,-3.47,427.71,1.5596002796594735
1980-05-17,6.53,298.28,8.0,0.24,622.34,1.7536519273590392
1980-05-18,3.41,367.56,10.11,0.56,626.83,1.9512971240900785
1980-05-19,3.9,404.84,10.88,0.84,629.18,2.055510046002808
1980-05-20,0.34,546.34,13.74,1.81,613.85,2.5478262633146698
1980-05-21,0.0,637.33,17.27,2.42,580.79,3.4138715798997685
1980-05-22,0.0,665.46,19.6,3.65,596.6,4.024774915250254
1980-05-23,12.6,492.47,18.05,3.0,653.2,4.384129818397597
1980-05-24,14.87,359.29,9.18,-0.44,584.42,4.240387857138661
1980-05-25,15.22,391.55,5.15,-5.21,415.72,3.701355502417644
1980-05-26,10.91,331.05,2.56,-5.58,408.99,3.0581102257838984
1980-05-27,1.81,521.04,6.68,-4.43,429.58,2.716723067793921
1980-05-28,1.48,517.82,8.73,-1.9,515.82,2.623290792975612
1980-05-29,3.96,521.01,10.58,-1.4,537.12,2.526264969125829
1980-05-30,6.72,444.45,6.13,-4.88,433.12,2.519077871062882
1980-05-31,5.39,425.87,8.84,-1.29,558.19,2.4184584981816255
1980-06-01,6.66,344.04,7.09,-1.04,570.79,2.5729811065349835
1980-06-02,5.85,348.17,6.35,-1.56,553.79,2.5945424007238245
1980-06-03,4.1,413.71,8.61,-0.74,582.57,2.4831423807481476
1980-06-04,3.16,398.48,7.26,-0.39,596.26,2.3825230078668915
1980-06-05,3.81,552.59,10.56,-1.91,517.91,2.33940041948921
1980-06-06,7.47,413.48,8.49,-0.8,580.48,2.2854971840171086
1980-06-07,0.55,483.91,6.93,-1.32,549.23,2.267529438859741
1980-06-08,2.23,629.15,11.58,-1.91,496.77,2.2603423407967944
1980-06-09,0.0,751.1,16.4,-1.87,447.54,2.4004907530242585
1980-06-10,0.0,711.82,17.86,2.0,593.45,2.774219852297496
1980-06-11,0.11,696.9,20.83,5.16,718.62,3.2162263831687294
1980-06-12,3.48,605.17,18.8,4.01,716.88,3.6294845217881755
1980-06-13,0.0,690.05,16.36,1.32,561.97,3.701355502417644
1980-06-14,6.39,605.12,16.82,1.22,583.44,3.546832894064286
1980-06-15,7.51,522.0,12.84,-2.77,481.99,3.44621352118303
1980-06-16,2.33,412.23,9.54,1.07,656.29,3.1623231476966285
1980-06-17,0.0,696.59,15.38,-0.51,508.74,3.12279410835042
1980-06-18,0.28,692.83,20.61,4.4,672.73,3.3132522070185124
1980-06-19,1.15,632.65,18.37,4.28,705.12,3.582768384379021
1980-06-20,2.95,614.18,20.98,2.44,629.78,3.701355502417644
1980-06-21,1.05,686.88,20.71,1.68,557.84,3.8450974636765816
1980-06-22,0.0,698.35,20.54,3.36,627.79,3.5719877372846005
1980-06-23,0.1,633.56,20.46,6.01,783.03,3.4030909328053482
1980-06-24,0.0,543.21,15.4,3.77,734.57,3.1623231476966285
1980-06-25,0.0,685.41,17.99,1.05,540.52,2.9754585980600092
1980-06-26,0.0,709.78,21.0,1.87,549.97,2.8964005193675937
1980-06-27,0.0,721.52,20.9,-1.02,437.73,2.8065617935807574
1980-06-28,0.0,725.39,17.57,-3.47,378.38,2.519077871062882
1980-06-29,0.0,727.48,21.77,-0.62,438.16,2.4436133414019396
1980-06-30,2.67,526.62,20.78,6.2,830.94,2.3897101059298382
1980-07-01,0.9,588.75,17.34,2.16,603.89,2.436426243338993
1980-07-02,8.45,366.78,17.76,6.32,950.83,2.4076778510872052
1980-07-03,10.37,368.6,15.86,4.31,840.07,2.583761753629404
1980-07-04,3.94,443.74,16.19,3.67,773.38,2.5370456162202495
1980-07-05,2.49,576.12,21.65,0.9,590.58,2.353774615615104
1980-07-06,0.0,628.66,21.4,3.73,672.97,2.249561693702374
1980-07-07,0.0,602.6,22.12,5.44,752.58,2.1740971640414317
1980-07-08,7.41,421.62,18.23,3.26,768.89,2.148942320821118
1980-07-09,7.33,496.35,20.08,3.17,725.83,2.1309745756637506
1980-07-10,0.18,569.58,20.48,4.75,766.22,2.0483229479398615
1980-07-11,0.0,582.67,22.66,6.18,825.67,1.9836390653733396
1980-07-12,0.0,647.95,23.19,3.31,647.71,1.9045809866809236
1980-07-13,0.0,569.72,21.17,5.23,782.89,1.857864849271769
1980-07-14,2.85,507.79,17.33,0.74,612.45,1.8183358099255613
1980-07-15,3.85,432.03,17.75,3.76,791.53,1.8183358099255613
1980-07-16,0.0,425.91,18.43,6.95,985.59,1.7536519273590392
1980-07-17,6.91,530.97,21.78,2.09,662.1,1.7213099860757781
1980-07-18,12.31,475.57,20.37,2.42,714.4,1.7356841822016722
1980-07-19,2.57,551.16,19.14,0.73,631.25,1.6638132015722034
1980-07-20,0.0,577.18,19.55,2.35,686.73,1.6278777112574687
1980-07-21,0.0,577.16,20.04,2.44,694.44,1.573974475785367
1980-07-22,0.0,591.64,23.12,4.3,785.44,1.5308518874076857
1980-07-23,0.0,603.75,25.4,5.38,827.42,1.498509946124425
1980-07-24,3.19,453.7,27.14,9.27,1148.89,1.4697615538726372
1980-07-25,5.68,442.73,22.74,3.53,797.1,1.498509946124425
1980-07-26,1.23,552.55,22.58,3.43,757.66,1.491322848061478
1980-07-27,0.0,545.64,23.63,6.23,923.69,1.4086712203375888
1980-07-28,0.0,533.56,24.72,7.59,1012.83,1.3619550829284341
1980-07-29,0.0,610.54,25.01,3.59,743.59,1.33680023970812
1980-07-30,4.03,494.64,24.51,3.85,790.33,1.3224260435822264
1980-07-31,0.37,511.49,24.91,7.93,1049.34,1.2864905532674917
1980-08-01,1.69,528.66,23.88,4.73,831.4,1.2577421610157042
1980-08-02,2.87,479.71,22.44,4.84,866.65,1.246961513921284
1980-08-03,0.68,332.35,19.74,9.56,1203.69,1.2038389255436026
1980-08-04,0.0,529.92,15.1,-2.11,531.2,1.1607163371659215
1980-08-05,0.0,591.86,20.95,-0.56,580.99,1.124780846851187
1980-08-06,0.0,610.63,21.41,-1.81,523.3,1.099626003630873
1980-08-07,0.14,559.34,21.33,1.64,672.94,1.0708776113790854
1980-08-08,0.0,501.0,20.25,3.56,786.41,1.0457227681587713
1980-08-09,0.0,477.64,21.56,5.64,908.25,1.027755023001404
1980-08-10,0.27,552.14,20.33,0.35,609.96,1.0061937288125635
1980-08-11,0.0,470.35,20.36,4.35,833.0,0.9738517875293025
1980-08-12,0.0,596.0,23.85,-0.31,571.74,0.9522904933404618
1980-08-13,1.46,494.12,22.16,2.29,707.75,0.9415098462460415
1980-08-14,0.0,480.07,20.91,4.3,828.49,0.9343227481830947
1980-08-15,4.68,246.15,16.38,6.13,948.07,0.9271356501201478
1980-08-16,5.61,191.17,12.38,5.32,897.4,0.9630711404348822
1980-08-17,0.88,412.83,16.39,2.64,746.18,0.9486969443089884
1980-08-18,5.89,316.95,16.9,5.79,936.32,0.9235421010886744
1980-08-19,6.17,258.82,11.96,1.47,683.91,0.9343227481830947
1980-08-20,6.08,191.27,8.12,0.91,660.5,0.9594775914034087
1980-08-21,0.0,372.16,13.4,1.76,702.13,0.9163550030257275
1980-08-22,0.0,542.3,18.14,-1.72,538.16,0.8732324146480462
1980-08-23,0.48,463.39,19.15,3.38,776.15,0.8444840223962586
1980-08-24,0.0,520.67,21.53,2.33,700.71,0.822922728207418
1980-08-25,2.2,516.61,22.28,-0.69,548.79,0.8013614340185774
1980-08-26,9.25,319.29,17.07,2.77,750.91,0.8337033753018382
1980-08-27,6.07,285.9,16.73,4.49,856.79,0.848077571427732
1980-08-28,5.72,303.75,13.1,0.69,643.86,0.8408904733647852
1980-08-29,1.03,441.53,15.75,0.2,622.4,0.8013614340185774
1980-08-30,1.65,276.36,12.83,3.63,798.74,0.7618323946723695
1980-08-31,5.8,278.77,10.96,-0.13,610.03,0.7546452966094227
1980-09-01,5.73,279.99,9.34,-0.15,607.52,0.7869872378926835
1980-09-02,0.0,310.97,12.76,3.24,782.14,0.7869872378926835
1980-09-03,5.03,368.38,14.83,0.73,643.11,0.7833936888612101
1980-09-04,0.0,458.2,14.65,-0.82,574.43,0.7618323946723695
1980-09-05,0.0,497.76,18.99,0.52,628.32,0.7223033553261616
1980-09-06,0.0,504.75,23.36,3.43,756.37,0.700742061137321
1980-09-07,0.0,452.86,20.81,4.84,868.49,0.6863678650114272
1980-09-08,2.4,258.14,14.86,6.16,946.82,0.693554963074374
1980-09-09,0.63,420.73,20.14,5.65,895.0,0.6899614140429007
1980-09-10,10.89,308.77,13.86,0.89,664.48,0.6755872179170069
1980-09-11,13.61,270.81,14.78,3.86,811.77,0.7654259437038429
1980-09-12,8.48,163.44,9.12,3.09,768.27,0.9846324346237229
1980-09-13,9.61,315.41,12.55,-0.64,592.89,0.8660453165850993
1980-09-14,7.27,315.75,13.52,-0.01,617.8,0.8912001598054133
1980-09-15,0.0,471.64,17.82,0.0,616.78,0.8049549830500508
1980-09-16,10.9,348.73,14.83,-1.73,544.05,0.8516711204592056
1980-09-17,0.0,347.79,13.22,1.82,703.85,0.8337033753018382
1980-09-18,1.0,417.6,15.75,0.48,639.86,0.7762065907982632
1980-09-19,7.11,333.79,15.33,-0.49,597.57,0.912761453994254
1980-09-20,0.9,207.72,7.5,0.97,667.93,0.8732324146480462
1980-09-21,6.6,208.15,5.54,-2.82,503.06,0.8372969243333118
1980-09-22,0.0,353.27,6.73,-4.76,438.75,0.8408904733647852
1980-09-23,0.01,391.19,8.15,-4.8,438.28,0.8049549830500508
1980-09-24,0.98,310.51,7.67,-2.52,514.34,0.7977678849871038
1980-09-25,0.0,444.8,10.44,-6.56,378.31,0.7726130417667898
1980-09-26,0.0,431.36,13.91,-2.89,504.62,0.7510517475779491
1980-09-27,0.0,444.63,17.59,-1.49,562.71,0.733084002420582
1980-09-28,0.0,435.97,18.8,-0.12,625.17,0.7187098062946883
1980-09-29,0.0,412.19,17.6,0.52,651.16,0.7079291592002679
1980-09-30,0.0,369.6,16.68,1.78,726.07,0.6899614140429007
1980-10-01,0.0,424.56,16.85,-2.33,524.08,0.6791807669484803
1980-10-02,0.0,440.75,16.76,-6.01,397.25,0.6576194727596396
1980-10-03,0.0,416.56,16.76,-3.46,492.69,0.6504323746966928
1980-10-04,0.0,401.06,19.34,-0.15,624.72,0.6396517276022725
1980-10-05,0.0,416.69,20.02,-1.83,545.64,0.6288710805078521
1980-10-06,0.0,384.01,16.77,-1.47,567.29,0.6180904334134318
1980-10-07,0.0,392.67,18.75,-1.12,584.84,0.6109033353504849
1980-10-08,0.0,377.6,17.67,-1.19,582.36,0.6037162372875381
1980-10-09,0.0,381.97,18.62,-1.02,575.58,0.5965291392245913
1980-10-10,0.0,398.3,13.4,-8.71,323.23,0.578561394067224
1980-10-11,0.0,370.08,14.38,-5.19,420.46,0.5677807469728037
1980-10-12,0.0,365.28,17.25,-2.8,521.85,0.5713742960042771
1980-10-13,0.47,329.69,10.97,-6.4,390.59,0.5965291392245913
1980-10-14,1.34,197.84,4.05,-5.05,426.2,0.578561394067224
1980-10-15,8.7,144.33,1.21,-6.46,379.49,0.5713742960042771
1980-10-16,1.28,169.58,-0.58,-7.7,344.13,0.546219452783963
1980-10-17,1.7,181.5,-1.05,-8.7,321.61,0.5354388056895427
1980-10-18,0.0,221.78,4.56,-4.57,438.6,0.5426259037524895
1980-10-19,0.0,137.04,4.78,-0.74,580.75,0.5426259037524895
1980-10-20,0.0,288.9,9.34,-3.96,466.18,0.5426259037524895
1980-10-21,0.0,265.16,9.98,-2.23,530.98,0.5390323547210162
1980-10-22,2.64,226.08,5.03,-6.12,389.91,0.5390323547210162
1980-10-23,0.0,315.18,-0.64,-15.88,182.31,0.4959097663433349
1980-10-24,0.0,312.34,2.83,-13.15,230.74,0.4779420211859677
1980-10-25,0.0,316.55,7.73,-8.93,318.93,0.48512911924891455
1980-10-26,0.0,272.44,6.35,-6.91,368.68,0.4995033153748083
1980-10-27,1.39,246.73,0.57,-12.06,248.27,0.48872266828038796
1980-10-28,0.0,257.61,-0.06,-12.33,240.95,0.4635678250600739
1980-10-29,0.0,276.46,5.22,-8.67,324.98,0.45997427602860047
1980-10-30,0.0,290.99,9.2,-6.25,400.18,0.4635678250600739
1980-10-31,0.0,274.55,10.21,-4.29,461.53,0.46716137409154734
1980-11-01,0.0,252.84,10.26,-2.85,513.06,0.456380726997127
1980-11-02,0.0,197.24,8.35,-1.08,573.74,0.456380726997127
1980-11-03,0.0,203.46,6.14,-3.66,477.14,0.44919362893418013
1980-11-04,0.0,141.74,6.01,-0.56,598.64,0.44560007990270667
1980-11-05,0.0,262.77,11.07,-3.01,507.18,0.4420065308712332
1980-11-06,0.0,249.32,10.14,-2.63,515.36,0.4384129818397598
1980-11-07,14.3,139.65,7.36,-0.57,593.53,0.44560007990270667
1980-11-08,9.21,114.07,4.21,-2.56,508.46,0.6216839824449052
1980-11-09,1.25,89.25,-0.53,-4.17,454.78,0.5677807469728037
1980-11-10,4.67,102.47,0.35,-4.7,436.99,0.5030968644062818
1980-11-11,6.57,136.2,0.48,-5.9,400.95,0.48872266828038796
1980-11-12,8.68,101.22,0.56,-4.66,439.32,0.4995033153748083
1980-11-13,3.98,207.03,-2.99,-13.77,216.67,0.46716137409154734
1980-11-14,0.0,304.16,-2.31,-18.75,144.34,0.3988839424935519
1980-11-15,0.0,288.18,-4.83,-20.11,130.5,0.366542001210291
1980-11-16,0.0,306.62,-1.63,-20.93,121.07,0.39529039346207856
1980-11-17,0.0,290.7,-0.02,-16.77,170.56,0.4132581386194457
1980-11-18,0.0,273.95,0.57,-15.18,199.42,0.40966458958797225
1980-11-19,0.0,243.5,-0.03,-12.4,242.74,0.4168516876509191
1980-11-20,0.0,273.66,1.25,-14.67,202.39,0.4204452366823926
1980-11-21,0.0,237.29,1.32,-11.71,264.73,0.39529039346207856
1980-11-22,0.76,222.45,0.87,-11.31,261.14,0.37732264830471135
1980-11-23,1.01,256.57,-0.41,-17.67,156.63,0.3589955482441967
1980-11-24,0.0,237.68,-3.02,-15.76,185.66,0.37732264830471135
1980-11-25,0.37,249.0,-3.24,-18.22,152.54,0.3737290992732379
1980-11-26,0.0,157.26,-5.32,-13.16,231.06,0.3881032953991316
1980-11-27,0.0,241.65,0.48,-13.41,224.54,0.39529039346207856
1980-11-28,0.0,173.41,1.94,-6.49,382.08,0.39169684443060504
1980-11-29,0.0,93.67,0.34,-3.84,463.98,0.3701355502417644
1980-11-30,8.12,113.7,1.79,-5.24,417.86,0.38091619733618476
1980-12-01,8.67,179.81,-5.06,-17.72,153.73,0.39169684443060504
1980-12-02,11.07,178.98,-3.64,-17.2,160.31,0.4132581386194457
1980-12-03,11.26,132.57,0.31,-8.51,334.22,0.38091619733618476
1980-12-04,6.55,63.01,0.43,-3.13,493.59,0.3701355502417644
1980-12-05,6.18,178.72,0.58,-13.33,221.27,0.3410278030868295
1980-12-06,1.37,209.69,-5.13,-17.26,165.07,0.35755812863160735
1980-12-07,0.0,245.6,-7.48,-22.09,106.29,0.35073038547180785
1980-12-08,0.0,249.38,-5.79,-21.55,115.64,0.34138715798997693
1980-12-09,0.0,257.97,-2.91,-21.47,116.22,0.35935490314734414
1980-12-10,0.0,202.86,-4.08,-16.34,184.21,0.3496523207623658
1980-12-11,0.0,155.04,-0.4,-8.66,330.02,0.35144909527810253
1980-12-12,0.0,209.93,1.27,-11.79,268.4,0.3579174835347547
1980-12-13,0.0,232.79,2.62,-13.02,236.52,0.3737290992732379
1980-12-14,0.0,230.33,3.21,-12.06,251.18,0.35108974037495516
1980-12-15,0.0,200.85,2.97,-9.33,318.38,0.3701355502417644
1980-12-16,0.0,194.45,6.51,-4.97,444.53,0.366542001210291
1980-12-17,0.0,221.68,5.65,-8.65,324.86,0.3557613541158707
1980-12-18,0.0,222.6,3.57,-10.82,271.26,0.36294845217881755
1980-12-19,0.0,197.36,-2.73,-13.91,212.46,0.3503710305686605
1980-12-20,0.0,228.24,1.36,-13.21,223.26,0.34462135211830297
1980-12-21,7.11,140.07,2.02,-7.67,345.77,0.3557613541158707
1980-12-22,7.88,77.96,-0.1,-5.24,419.54,0.35935490314734414
1980-12-23,5.82,143.36,-0.79,-10.99,268.5,0.35935490314734414
1980-12-24,4.21,174.41,0.0,-13.07,232.69,0.35755812863160735
1980-12-25,7.42,87.8,0.84,-4.84,430.11,0.35719877372846004
1980-12-26,1.79,99.87,3.93,-1.25,564.12,0.366542001210291
1980-12-27,1.01,134.36,3.62,-3.18,499.74,0.37732264830471135
1980-12-28,0.0,190.1,5.22,-4.57,438.66,0.37732264830471135
1980-12-29,0.0,226.48,3.44,-10.5,286.58,0.3492929658592185
1980-12-30,0.0,213.13,3.89,-8.54,341.29,0.3431839325057136
1980-12-31,0.0,219.81,3.66,-9.52,313.93,0.35683941882531267
1981-01-01,0.0,236.64,5.02,-10.35,282.49,0.33959038347424014
1981-01-02,0.0,237.03,2.95,-12.37,243.09,0.33240328541129327
1981-01-03,0.0,249.33,2.35,-14.18,210.7,0.31443554025392606
1981-01-04,0.0,224.93,1.69,-12.28,249.45,0.3363561893459141
1981-01-05,0.0,151.41,0.86,-7.58,347.4,0.343543287408861
1981-01-06,0.0,215.74,-0.08,-13.09,229.86,0.3191071539948416
1981-01-07,0.0,255.09,0.62,-15.79,187.88,0.30545166767524246
1981-01-08,0.0,280.39,3.44,-16.65,173.34,0.29934263432173763
1981-01-09,0.0,265.38,2.61,-14.72,203.58,0.31227941083504207
1981-01-10,0.0,249.39,1.24,-14.11,213.6,0.3126387657381894
1981-01-11,0.0,280.69,-0.68,-19.63,135.92,0.29287424606508544
1981-01-12,0.0,295.5,2.45,-19.1,143.74,0.27167230677939214
1981-01-13,0.0,271.42,-0.82,-18.24,153.09,0.28389037348640184
1981-01-14,0.0,268.49,0.16,-16.35,178.27,0.2950303754839695
1981-01-15,0.0,265.24,-1.21,-17.39,165.17,0.2946710205808222
1981-01-16,0.2,281.91,-2.46,-20.37,123.53,0.28820263232417
1981-01-17,0.2,287.61,0.04,-18.16,148.64,0.28317166368010716
1981-01-18,0.48,213.04,0.43,-11.1,270.74,0.30149876374062173
1981-01-19,0.0,279.99,2.33,-14.33,207.35,0.3043736029658004
1981-01-20,0.0,277.8,1.97,-14.15,212.25,0.3004206990311797
1981-01-21,0.0,278.79,1.89,-13.95,221.11,0.2971865049028536
1981-01-22,0.0,314.85,4.6,-15.42,192.78,0.29826456961229564
1981-01-23,0.0,330.11,6.9,-15.69,189.74,0.29610844019341154
1981-01-24,3.37,261.7,3.12,-13.56,225.04,0.29934263432173763
1981-01-25,3.75,127.55,-3.98,-10.93,269.73,0.3036548931595058
1981-01-26,4.0,114.18,-6.61,-12.79,233.52,0.299701989224885
1981-01-27,2.12,120.37,-6.46,-12.55,239.15,0.3000613441280323
1981-01-28,1.89,200.2,-1.12,-11.31,264.26,0.3032955382563584
1981-01-29,1.8,152.34,0.39,-7.29,357.34,0.3068890872878319
1981-01-30,1.44,245.73,-1.35,-13.27,224.93,0.3036548931595058
1981-01-31,5.89,185.55,-4.93,-15.78,182.48,0.300780053934327
1981-02-01,3.77,197.82,-6.41,-17.01,165.91,0.29251489116193813
1981-02-02,0.35,300.36,-5.16,-19.0,145.61,0.2813748891643704
1981-02-03,0.15,323.14,-2.38,-18.07,154.92,0.2939523107745275
1981-02-04,0.0,358.46,-2.99,-21.72,114.74,0.29035876174305403
1981-02-05,0.0,376.02,-3.17,-23.97,93.81,0.2860465029052859
1981-02-06,1.23,331.56,-5.97,-23.33,99.38,0.2846090832926965
1981-02-07,4.8,229.99,-7.1,-19.56,130.58,0.29287424606508544
1981-02-08,6.35,193.98,-6.52,-16.64,172.87,0.2964677950965589
1981-02-09,8.89,173.86,-7.4,-16.02,177.56,0.2802968244549284
1981-02-10,2.18,397.33,-12.59,-41.51,8.26,0.23358068704577367
1981-02-11,0.69,392.93,-12.4,-31.83,49.86,0.2371742360772471
1981-02-12,4.22,261.45,-5.54,-17.26,165.93,0.299701989224885
1981-02-13,3.17,147.14,-0.75,-6.83,374.2,0.3036548931595058
1981-02-14,3.68,184.26,2.64,-5.04,437.74,0.30832650690042124
1981-02-15,4.08,249.36,1.45,-9.21,311.19,0.3086858618035686
1981-02-16,9.8,132.09,-1.65,-7.22,365.23,0.3047329578689478
1981-02-17,5.11,121.34,-0.32,-4.59,444.04,0.3108419912224526
1981-02-18,6.25,238.44,-0.01,-10.06,292.83,0.3115607010287473
1981-02-19,7.56,240.41,2.84,-6.78,376.22,0.31407618535077875
1981-02-20,4.65,319.8,4.63,-9.72,296.35,0.3302471559924092
1981-02-21,0.0,395.31,-3.22,-15.99,180.96,0.30760779709412656
1981-02-22,0.0,338.29,-1.77,-11.69,258.38,0.3090452167067159
1981-02-23,0.0,398.33,1.16,-11.61,265.63,0.3101232814161579
1981-02-24,0.0,466.35,3.52,-13.72,225.99,0.3068890872878319
1981-02-25,0.0,482.96,5.3,-13.53,221.11,0.3061703774815372
1981-02-26,1.79,374.14,3.19,-11.67,255.27,0.3047329578689478
1981-02-27,4.01,246.1,0.7,-7.99,335.94,0.3086858618035686
1981-02-28,0.0,486.7,-1.23,-18.94,142.16,0.29538973038711686
1981-03-01,0.0,467.53,-0.39,-17.01,168.28,0.2939523107745275
1981-03-02,0.38,458.83,0.85,-15.51,189.16,0.3040142480626531
1981-03-03,0.0,519.45,2.94,-18.25,151.89,0.2943116656776748
1981-03-04,0.0,525.49,4.21,-17.28,165.86,0.29215553625879076
1981-03-05,0.0,513.09,3.76,-15.64,187.08,0.29790521470914827
1981-03-06,0.0,451.63,2.21,-12.19,245.58,0.3058110225783899
1981-03-07,0.0,477.23,2.54,-12.89,232.66,0.3022174735469164
1981-03-08,0.0,473.97,1.69,-13.76,217.72,0.2910774715493487
1981-03-09,0.43,466.32,3.3,-11.56,258.03,0.3047329578689478
1981-03-10,0.0,544.55,1.32,-18.77,144.44,0.2932336009682328
1981-03-11,0.05,544.96,3.39,-17.14,167.85,0.2907181166462014
1981-03-12,0.0,556.15,4.84,-15.91,183.5,0.29538973038711686
1981-03-13,0.0,548.86,5.48,-14.22,211.72,0.3004206990311797
1981-03-14,0.0,563.31,7.17,-13.82,214.74,0.30185811864376905
1981-03-15,0.0,543.88,5.39,-13.66,216.32,0.3022174735469164
1981-03-16,0.03,485.71,4.41,-10.8,276.06,0.30652973238468456
1981-03-17,3.36,301.14,2.72,-7.36,356.59,0.31479489515707343
1981-03-18,0.49,489.92,-1.84,-17.55,159.43,0.2975458598060009
1981-03-19,0.0,480.02,-1.99,-16.57,172.89,0.2932336009682328
1981-03-20,5.22,369.7,1.29,-12.25,246.61,0.30257682845006373
1981-03-21,3.82,340.19,2.85,-7.28,354.16,0.3000613441280323
1981-03-22,5.84,270.08,2.88,-6.92,371.63,0.30185811864376905
1981-03-23,0.21,396.93,3.19,-8.06,338.9,0.30545166767524246
1981-03-24,0.0,503.12,3.39,-11.67,252.32,0.3036548931595058
1981-03-25,0.0,526.68,5.6,-10.54,271.66,0.30113940883747436
1981-03-26,6.06,352.15,4.83,-7.96,339.49,0.3086858618035686
1981-03-27,3.7,276.93,4.97,-4.04,458.13,0.31299812064133675
1981-03-28,0.25,517.83,2.5,-12.63,228.41,0.2943116656776748
1981-03-29,3.5,410.02,5.31,-9.04,309.24,0.3040142480626531
1981-03-30,5.3,400.68,1.98,-11.77,248.86,0.31407618535077875
1981-03-31,0.7,422.54,-1.33,-12.52,235.07,0.3029361833532111
1981-04-01,11.61,279.42,-0.49,-9.54,300.35,0.3050923127720951
1981-04-02,9.32,269.85,1.29,-7.03,362.09,0.3158729598665154
1981-04-03,2.05,531.63,-0.21,-16.0,174.98,0.30724844219097924
1981-04-04,0.66,528.81,-0.59,-14.53,198.47,0.30149876374062173
1981-04-05,5.53,478.26,0.72,-16.29,170.9,0.289280697033612
1981-04-06,3.88,408.98,2.15,-10.54,271.4,0.3119200559318947
1981-04-07,1.64,452.64,-0.87,-13.15,226.69,0.3043736029658004
1981-04-08,0.59,573.37,-2.25,-17.54,155.16,0.28892134213046466
1981-04-09,8.24,338.86,-1.6,-11.46,260.53,0.30832650690042124
1981-04-10,5.38,351.67,0.06,-9.88,287.66,0.3108419912224526
1981-04-11,0.54,580.19,3.49,-10.97,256.16,0.3029361833532111
1981-04-12,0.0,511.68,3.66,-7.66,340.55,0.3079671519972739
1981-04-13,0.0,618.29,2.47,-11.98,237.88,0.31299812064133675
1981-04-14,0.0,699.74,6.29,-13.62,197.24,0.3061703774815372
1981-04-15,0.0,666.82,9.92,-7.97,305.2,0.32737231676723044
1981-04-16,0.0,615.0,10.18,-4.43,401.1,0.3737290992732379
1981-04-17,0.0,611.84,8.83,-5.51,373.95,0.45278717796565354
1981-04-18,0.0,628.71,10.74,-4.52,396.39,0.5246581585951223
1981-04-19,0.0,636.93,11.32,-4.27,398.01,0.6216839824449052
1981-04-20,10.78,384.87,7.42,-3.38,479.19,0.6396517276022725
1981-04-21,10.17,285.49,3.96,-3.45,476.29,0.6001226882560646
1981-04-22,0.31,624.03,6.68,-8.02,322.03,0.5570000998783834
1981-04-23,0.0,632.85,8.31,-6.27,360.44,0.5246581585951223
1981-04-24,0.0,626.12,11.04,-3.64,440.56,0.6755872179170069
1981-04-25,2.8,490.71,11.06,-2.22,505.62,1.0133808268755102
1981-04-26,3.06,434.05,9.31,-1.89,527.45,1.2397744158583373
1981-04-27,3.08,429.05,8.95,-1.48,546.86,1.2577421610157042
1981-04-28,0.49,343.24,5.67,-1.11,559.87,1.1535292391029746
1981-04-29,0.0,414.34,9.2,1.04,647.08,1.00260017978109
1981-04-30,0.0,679.03,12.47,-3.73,409.09,1.246961513921284
1981-05-01,1.15,642.14,15.81,-1.58,476.81,1.7177164370443048
1981-05-02,3.83,565.08,14.82,-0.57,533.68,2.22440685048206
1981-05-03,2.13,628.15,12.44,-4.24,402.72,2.084258438254596
1981-05-04,2.3,547.65,8.88,-5.65,381.42,1.6027228680371548
1981-05-05,9.2,386.39,9.37,-1.24,554.75,1.5056970441873718
1981-05-06,16.17,325.19,6.71,-1.71,541.67,1.5272583383762124
1981-05-07,8.47,345.59,3.22,-5.55,409.14,1.4302325145264294
1981-05-08,5.81,449.11,1.3,-10.55,279.24,1.2613357100471778
1981-05-09,1.01,549.3,3.42,-8.19,326.77,1.1391550429770807
1981-05-10,21.52,384.13,6.0,-3.98,458.33,1.1211872978197135
1981-05-11,11.2,243.75,3.2,-2.61,504.32,1.2074324745750762
1981-05-12,3.52,430.16,-0.54,-9.57,298.93,1.1104066507252934
1981-05-13,0.54,575.9,1.49,-10.07,291.22,1.034942121064351
1981-05-14,2.2,558.97,6.97,-5.86,384.63,1.0385356700958244
1981-05-15,4.52,431.24,8.51,-2.28,521.99,1.1068131016938199
1981-05-16,3.52,405.53,5.56,-2.96,494.29,1.2218066707009698
1981-05-17,1.1,535.75,8.58,-1.47,542.56,1.2649292590786512
1981-05-18,2.36,535.28,10.53,-0.49,570.69,1.6745938486666236
1981-05-19,2.49,570.7,11.26,-1.02,537.84,1.8686454963661894
1981-05-20,7.11,532.68,14.76,-0.92,555.7,2.1094132814749096
1981-05-21,10.06,382.07,8.75,-0.23,603.06,2.1884713601673256
1981-05-22,10.88,316.78,6.61,-0.36,600.95,2.519077871062882
1981-05-23,3.05,408.75,7.9,-0.48,589.46,2.802968244549284
1981-05-24,2.2,554.9,10.73,-1.01,563.93,3.0042069903117965
1981-05-25,4.13,538.49,12.39,-0.39,591.26,3.277316716703778
1981-05-26,8.52,341.3,10.43,2.88,759.09,3.701355502417644
1981-05-27,1.56,454.46,9.57,1.52,678.91,4.635678250600739
1981-05-28,0.0,711.62,12.97,-2.1,492.86,4.240387857138661
1981-05-29,0.6,709.87,15.96,-1.3,510.41,4.024774915250254
1981-05-30,6.21,538.28,16.25,-0.14,601.24,4.060710405564988
1981-05-31,8.74,417.74,13.41,3.48,791.47,4.995033153748083
1981-06-01,2.02,507.87,10.72,0.31,624.54,4.851291192489145
1981-06-02,1.48,717.16,13.65,-3.88,434.77,3.8810329539913164
1981-06-03,5.13,500.37,14.75,2.35,729.84,3.916968444306051
1981-06-04,1.81,614.07,11.62,-1.73,535.23,3.7372909927323787
1981-06-05,0.18,581.8,13.31,2.23,702.81,3.582768384379021
1981-06-06,1.08,614.59,16.53,3.86,786.44,4.060710405564988
1981-06-07,24.59,455.17,15.13,3.29,779.9,4.348194328082863
1981-06-08,35.06,363.6,10.73,2.51,737.94,4.995033153748083
1981-06-09,8.77,361.61,7.51,0.24,625.85,6.36058178570799
1981-06-10,0.47,474.58,9.21,0.66,644.89,4.635678250600739
1981-06-11,0.0,640.38,11.31,-1.3,559.17,4.024774915250254
1981-06-12,4.62,408.46,11.96,2.59,742.14,3.8810329539913164
1981-06-13,9.64,510.85,10.92,-3.08,493.56,3.809161973361847
1981-06-14,6.69,351.47,2.67,-4.64,439.23,3.496523207623658
1981-06-15,0.24,489.56,5.36,-3.12,491.55,3.234194128326097
1981-06-16,10.51,530.06,10.35,-3.81,470.57,3.083265069004212
1981-06-17,5.31,574.14,12.15,-4.11,459.17,3.5001167566551312
1981-06-18,3.08,545.04,8.22,-4.71,434.58,3.1551360496336813
1981-06-19,7.22,484.1,12.84,1.25,676.68,3.119200559318947
1981-06-20,2.47,525.23,12.76,2.32,733.08,3.66542001210291
1981-06-21,0.0,477.4,12.44,3.71,809.79,3.55042644309576
1981-06-22,0.0,584.38,15.28,3.59,792.31,3.4749619134348175
1981-06-23,0.0,681.62,18.12,2.74,746.78,3.773226483047113
1981-06-24,0.0,732.31,17.91,-1.01,569.84,3.7372909927323787
1981-06-25,0.0,729.19,21.78,0.68,645.65,3.302471559924092
1981-06-26,0.0,609.37,20.55,6.76,989.37,3.3815296386165077
1981-06-27,2.79,598.17,21.72,4.3,833.03,3.4641812663403972
1981-06-28,0.0,703.57,18.62,0.27,628.03,3.3240328541129327
1981-06-29,0.0,727.73,19.71,-1.74,536.77,3.032955382563584
1981-06-30,0.48,667.48,20.35,2.35,731.15,2.9071811664620135
1981-07-01,0.0,616.72,22.29,7.4,1045.39,2.8317166368010716
1981-07-02,0.0,666.21,19.47,2.65,739.55,2.7310972639198154
1981-07-03,0.0,655.68,20.58,3.73,799.1,2.619697243944138
1981-07-04,0.0,670.66,22.09,3.86,810.13,2.526264969125829
1981-07-05,0.0,646.37,24.45,6.52,968.02,2.4256455962445727
1981-07-06,0.31,617.59,24.66,7.84,1066.25,2.353774615615104
1981-07-07,4.03,447.48,21.99,7.82,1069.86,2.364555262709524
1981-07-08,0.0,696.14,15.57,-4.71,438.0,2.256748791765321
1981-07-09,0.0,669.76,19.16,-0.43,591.54,2.102226183411963
1981-07-10,0.0,590.07,23.7,7.4,1027.69,2.0339487518139676
1981-07-11,0.0,620.35,23.6,5.8,919.27,2.00520035956218
1981-07-12,0.34,586.5,22.22,5.23,886.26,1.9656713202159721
1981-07-13,0.0,581.6,22.51,6.18,957.59,1.8973938886179769
1981-07-14,0.0,672.72,21.63,-0.08,606.84,1.8434906531458752
1981-07-15,0.0,646.67,18.66,-1.22,564.47,1.7859938686423003
1981-07-16,0.0,655.68,21.0,-0.26,596.73,1.7356841822016722
1981-07-17,1.1,564.46,22.24,4.85,869.84,1.6925615938239909
1981-07-18,1.84,567.33,22.33,3.93,813.78,1.67100029963515
1981-07-19,0.2,576.31,20.26,2.57,743.52,1.6817809467295703
1981-07-20,0.0,585.29,20.38,2.22,725.39,1.6099099661001015
1981-07-21,0.0,605.76,21.38,1.76,693.01,1.5524131815965263
1981-07-22,0.0,601.29,20.44,0.9,655.01,1.5092905932188454
1981-07-23,0.0,614.53,20.97,0.49,632.35,1.4697615538726372
1981-07-24,0.0,632.64,22.2,0.11,610.55,1.4266389654949563
1981-07-25,4.02,405.28,19.57,4.19,832.48,1.4050776713061155
1981-07-26,3.6,387.12,13.98,0.98,664.38,1.4517938087152702
1981-07-27,1.12,441.43,13.59,-0.19,608.09,1.4122647693690622
1981-07-28,0.02,551.71,19.4,1.81,707.41,1.33680023970812
1981-07-29,0.0,558.17,21.23,3.33,784.71,1.2828970042360186
1981-07-30,0.0,519.49,23.13,6.82,997.08,1.2361808668268637
1981-07-31,0.0,612.34,21.16,-0.21,602.88,1.2074324745750762
1981-08-01,0.0,559.55,21.56,2.78,755.57,1.1786840823232887
1981-08-02,0.0,570.15,23.04,3.61,795.0,1.1499356900715012
1981-08-03,0.0,620.72,23.74,0.85,647.42,1.124780846851187
1981-08-04,0.0,587.02,22.54,1.88,700.46,1.099626003630873
1981-08-05,0.0,592.59,21.42,0.37,624.13,1.0780647094420324
1981-08-06,0.0,560.93,21.84,2.51,726.0,1.0493163171902447
1981-08-07,0.0,585.95,22.66,1.41,665.98,1.0241614739699307
1981-08-08,0.0,578.79,23.46,2.47,717.47,1.0097872778440369
1981-08-09,0.0,509.55,21.23,4.15,806.87,0.9990066307496166
1981-08-10,0.0,560.17,20.56,0.79,623.51,0.9810388855922494
1981-08-11,0.0,573.2,22.97,1.72,662.0,0.9558840423719354
1981-08-12,0.0,575.66,24.96,3.02,718.19,0.9343227481830947
1981-08-13,0.0,531.43,24.41,5.25,849.12,0.9163550030257275
1981-08-14,0.0,546.91,23.59,3.58,757.17,0.9055743559313071
1981-08-15,0.0,518.82,21.79,3.33,749.0,0.88760661077394
1981-08-16,0.23,549.81,23.19,2.57,694.5,0.8732324146480462
1981-08-17,0.78,543.01,24.54,3.0,722.08,0.8444840223962586
1981-08-18,0.0,561.85,25.02,2.85,710.92,0.8265162772388914
1981-08-19,0.32,526.35,23.31,3.17,721.64,0.8085485320815242
1981-08-20,2.47,446.86,24.07,4.53,819.51,0.8013614340185774
1981-08-21,4.99,419.19,22.23,3.75,791.15,0.7869872378926835
1981-08-22,0.25,496.38,21.0,2.28,695.23,0.7798001398297367
1981-08-23,0.33,533.23,21.44,0.92,602.55,0.7510517475779491
1981-08-24,0.0,531.99,23.69,2.85,677.1,0.733084002420582
1981-08-25,0.0,521.53,22.8,2.34,653.7,0.7187098062946883
1981-08-26,0.0,515.88,23.09,2.7,673.42,0.7043356101687944
1981-08-27,0.0,483.15,21.25,2.73,690.45,0.693554963074374
1981-08-28,0.13,506.8,23.69,3.13,695.04,0.6827743159799539
1981-08-29,0.38,486.29,23.94,4.24,754.17,0.6648065708225865
1981-08-30,2.22,412.3,20.63,3.38,744.72,0.6612130217911132
1981-08-31,0.1,535.62,18.96,-4.1,398.44,0.6576194727596396
1981-09-01,0.0,517.93,18.54,-2.92,447.89,0.6360581785707992
1981-09-02,0.0,484.74,19.43,-0.0,551.69,0.6216839824449052
1981-09-03,0.0,503.67,17.46,-3.27,433.62,0.6001226882560646
1981-09-04,0.0,492.15,19.47,-0.88,519.19,0.5893420411616443
1981-09-05,0.0,434.35,19.19,2.34,674.06,0.5821549430986974
1981-09-06,0.0,392.3,15.89,0.99,604.23,0.578561394067224
1981-09-07,0.0,498.8,20.82,-0.48,395.13,0.5605936489098567
1981-09-08,0.0,512.92,23.1,0.4,373.72,0.5498130018154365
1981-09-09,0.0,504.13,23.25,1.1,388.85,0.5426259037524895
1981-09-10,0.0,456.27,22.49,3.5,527.54,0.5354388056895427
1981-09-11,0.02,469.72,20.81,0.84,391.81,0.5282517076265958
1981-09-12,0.0,488.02,22.34,0.83,349.11,0.521064609563649
1981-09-13,0.0,483.04,22.35,1.02,331.75,0.5102839624692286
1981-09-14,0.0,488.06,22.79,0.61,321.72,0.5030968644062818
1981-09-15,0.0,485.18,20.6,-1.45,250.88,0.4923162173118614
1981-09-16,0.0,476.13,20.48,-1.2,252.49,0.48872266828038796
1981-09-17,0.0,489.79,22.68,-0.76,242.03,0.4815355702174411
1981-09-18,0.0,494.57,23.76,-0.57,223.63,0.4743484721544942
1981-09-19,0.0,459.0,21.61,0.44,239.43,0.46716137409154734
1981-09-20,0.0,474.72,20.09,-2.94,191.02,0.46716137409154734
1981-09-21,0.0,373.12,13.48,-2.03,222.22,0.45997427602860047
1981-09-22,0.0,376.6,12.22,-3.48,202.66,0.456380726997127
1981-09-23,0.0,393.27,11.8,-5.04,182.58,0.4420065308712332
1981-09-24,0.0,370.0,11.72,-3.73,201.07,0.4312258837768129
1981-09-25,12.02,224.39,12.0,-0.09,368.18,0.4420065308712332
1981-09-26,2.42,259.82,3.64,-7.36,279.84,0.47075492312302075
1981-09-27,0.18,420.66,14.13,-4.93,196.05,0.45278717796565354
1981-09-28,0.73,363.14,16.31,-0.08,311.27,0.45997427602860047
1981-09-29,6.96,246.06,12.02,-0.63,438.89,0.45997427602860047
1981-09-30,0.0,282.85,6.32,-4.95,341.27,0.45997427602860047
1981-10-01,0.2,335.99,9.57,-4.85,314.26,0.4420065308712332
1981-10-02,2.73,337.91,13.98,-4.13,307.56,0.43481943280828633
1981-10-03,8.0,262.3,13.41,-1.42,446.24,0.4420065308712332
1981-10-04,1.59,208.91,3.73,-5.38,391.56,0.45997427602860047
1981-10-05,0.79,258.65,3.15,-7.63,328.16,0.4420065308712332
1981-10-06,0.45,333.09,7.91,-7.0,298.35,0.424038785713866
1981-10-07,3.28,296.61,13.24,-2.11,435.73,0.4168516876509191
1981-10-08,3.11,254.32,13.0,-0.9,515.98,0.424038785713866
1981-10-09,4.3,127.48,2.44,-3.3,483.71,0.42763233474533946
1981-10-10,7.75,108.52,3.57,-1.9,537.32,0.424038785713866
1981-10-11,11.19,152.75,6.09,-1.74,542.67,0.45997427602860047
1981-10-12,4.13,224.86,3.46,-6.13,389.8,0.4923162173118614
1981-10-13,3.11,233.75,0.12,-9.23,307.51,0.45278717796565354
1981-10-14,5.36,241.29,2.6,-8.46,326.04,0.44560007990270667
1981-10-15,0.0,357.41,4.47,-9.98,289.14,0.43481943280828633
1981-10-16,0.0,360.93,6.2,-8.76,312.22,0.4204452366823926
1981-10-17,0.73,361.24,7.23,-8.77,314.39,0.4132581386194457
1981-10-18,0.6,332.68,6.63,-7.3,350.55,0.40966458958797225
1981-10-19,0.0,364.8,10.31,-5.51,407.42,0.4060710405564988
1981-10-20,0.75,328.65,9.32,-5.18,411.97,0.40966458958797225
1981-10-21,0.0,367.56,4.59,-10.91,265.73,0.39529039346207856
1981-10-22,0.0,356.84,3.08,-11.83,248.4,0.3737290992732379
1981-10-23,3.31,312.15,5.68,-10.69,271.39,0.366542001210291
1981-10-24,1.25,281.58,2.88,-8.34,331.5,0.39169684443060504
1981-10-25,2.17,235.83,0.79,-9.06,311.07,0.3845097463676582
1981-10-26,0.19,212.09,1.71,-5.86,406.79,0.3845097463676582
1981-10-27,0.24,198.69,5.19,-2.13,533.39,0.38091619733618476
1981-10-28,0.0,287.36,8.71,-2.82,504.09,0.37732264830471135
1981-10-29,1.47,247.82,7.79,-2.85,499.18,0.37732264830471135
1981-10-30,0.45,187.27,0.55,-6.18,390.87,0.3737290992732379
1981-10-31,0.3,213.88,0.5,-7.41,360.39,0.36294845217881755
1981-11-01,0.0,232.48,5.39,-3.61,476.67,0.3586361933410494
1981-11-02,0.0,309.67,9.33,-4.58,444.08,0.3557613541158707
1981-11-03,0.0,334.86,10.62,-6.57,377.69,0.3525271599875445
1981-11-04,0.0,317.03,10.48,-5.34,419.17,0.3525271599875445
1981-11-05,0.0,316.5,8.96,-6.62,374.63,0.35648006392216536
1981-11-06,0.0,285.59,7.71,-5.75,400.88,0.3471368364403344
1981-11-07,0.0,262.49,7.49,-4.22,456.17,0.3428245776025663
1981-11-08,0.0,289.85,7.09,-6.92,362.93,0.3410278030868295
1981-11-09,0.0,282.05,6.37,-7.64,353.14,0.3313252207018513
1981-11-10,0.0,292.14,5.5,-9.92,293.42,0.32557554225149377
1981-11-11,0.0,254.71,6.05,-6.72,378.78,0.322700703026315
1981-11-12,0.48,231.34,7.01,-4.78,444.63,0.3313252207018513
1981-11-13,5.47,192.75,7.34,-5.23,423.52,0.3492929658592185
1981-11-14,5.89,97.69,2.55,-3.27,485.51,0.35324586979383926
1981-11-15,8.23,124.75,1.3,-5.96,404.05,0.3492929658592185
1981-11-16,2.83,131.57,2.91,-3.59,475.27,0.3557613541158707
1981-11-17,6.81,120.68,5.24,-1.62,554.94,0.36294845217881755
1981-11-18,5.58,167.62,3.23,-6.15,391.18,0.3554019992127233
1981-11-19,0.4,270.66,-0.25,-15.33,191.08,0.3302471559924092
1981-11-20,0.27,245.39,0.48,-11.98,254.06,0.3288097363798198
1981-11-21,12.98,82.28,-0.79,-5.24,422.32,0.3334813501207353
1981-11-22,10.19,76.06,0.42,-3.69,467.22,0.3439026423120083
1981-11-23,9.73,180.22,-2.94,-13.71,220.27,0.3259348971546411
1981-11-24,12.51,91.02,-2.3,-7.0,366.0,0.3406684481836822
1981-11-25,7.46,161.22,-2.81,-11.66,253.12,0.34749619134348175
1981-11-26,2.9,217.72,-6.32,-19.08,140.28,0.2946710205808222
1981-11-27,0.0,258.22,-7.13,-19.91,128.85,0.29826456961229564
1981-11-28,2.99,213.89,-6.61,-20.28,125.07,0.30724844219097924
1981-11-29,0.0,235.12,-4.61,-16.12,180.04,0.30760779709412656
1981-11-30,4.45,208.82,-3.29,-19.06,141.41,0.30113940883747436
1981-12-01,2.0,202.08,-6.56,-17.37,162.94,0.3212632834137256
1981-12-02,8.63,113.47,-4.48,-11.08,271.16,0.31371683044763143
1981-12-03,4.85,241.1,-1.55,-19.13,139.23,0.30940457160986323
1981-12-04,0.26,263.24,-2.5,-18.47,151.13,0.3040142480626531
1981-12-05,0.02,257.08,-0.28,-15.07,197.25,0.32090392851057825
1981-12-06,1.08,209.16,1.21,-9.83,301.01,0.3349187697333247
1981-12-07,0.0,116.38,3.46,-1.71,543.07,0.3399497383773875
1981-12-08,0.0,116.98,2.28,-2.96,497.19,0.3313252207018513
1981-12-09,0.11,222.79,1.83,-10.04,290.26,0.32054457360743094
1981-12-10,3.57,212.76,6.64,-7.83,353.0,0.31515425006022074
1981-12-11,1.8,180.65,1.77,-7.62,346.44,0.32090392851057825
1981-12-12,3.35,184.28,-2.45,-13.17,225.72,0.2935929558713801
1981-12-13,5.53,164.14,-3.57,-13.78,214.2,0.30760779709412656
1981-12-14,5.49,165.23,-3.07,-13.2,225.73,0.3101232814161579
1981-12-15,15.2,116.84,-0.93,-7.86,339.89,0.30724844219097924
1981-12-16,9.37,134.42,-0.59,-8.61,320.83,0.3108419912224526
1981-12-17,3.38,229.98,-3.68,-21.61,114.8,0.2756252107140129
1981-12-18,0.12,267.6,-3.31,-21.29,117.42,0.22280003995135333
1981-12-19,10.21,188.4,0.01,-14.54,205.74,0.2515484322031409
1981-12-20,13.25,128.91,1.55,-6.28,388.39,0.2874839225178753
1981-12-21,6.91,136.46,-1.07,-9.51,301.51,0.30545166767524246
1981-12-22,4.41,183.74,-4.98,-17.82,156.21,0.2874839225178753
1981-12-23,1.12,208.28,-11.94,-23.6,95.75,0.2695161773605081
1981-12-24,5.45,189.05,-9.96,-23.88,93.38,0.2695161773605081
1981-12-25,5.31,91.16,-9.86,-15.06,199.6,0.2695161773605081
1981-12-26,4.7,188.41,-6.63,-20.87,122.22,0.25873553026608775
1981-12-27,2.61,200.57,-9.56,-21.89,112.23,0.25873553026608775
1981-12-28,3.79,178.93,-10.99,-21.82,113.35,0.2515484322031409
1981-12-29,10.4,115.36,-11.11,-17.9,149.74,0.2515484322031409
1981-12-30,9.92,139.94,-7.03,-15.41,189.34,0.2515484322031409
1981-12-31,5.39,232.57,-7.25,-25.18,84.86,0.2515484322031409
1982-01-01,9.45,171.03,-7.76,-19.38,135.96,0.25873553026608775
1982-01-02,1.81,229.26,-9.2,-22.84,106.88,0.2515484322031409
1982-01-03,6.29,160.22,-11.4,-21.72,114.04,0.22280003995135333
1982-01-04,10.52,146.51,-9.44,-18.59,147.48,0.2371742360772471
1982-01-05,5.66,103.18,-7.37,-13.26,221.02,0.22280003995135333
1982-01-06,0.01,287.49,-12.95,-31.06,50.9,0.20842584382545956
1982-01-07,0.34,273.98,-13.58,-29.27,59.02,0.2012387457625127
1982-01-08,1.12,270.85,-8.74,-26.1,78.97,0.21561294188840646
1982-01-09,0.0,244.82,-7.71,-20.05,126.77,0.2515484322031409
1982-01-10,0.01,246.56,-8.38,-20.23,117.89,0.2515484322031409
1982-01-11,1.6,223.1,-2.8,-14.55,196.94,0.25047036749369883
1982-01-12,1.79,282.18,-4.1,-24.04,96.26,0.24543939884963603
1982-01-13,5.3,230.9,-6.94,-21.15,121.71,0.23861165568983647
1982-01-14,6.88,119.67,-7.14,-13.53,223.76,0.2371742360772471
1982-01-15,8.73,147.01,-7.2,-15.89,182.11,0.22998713801430024
1982-01-16,12.91,207.22,-7.98,-21.14,119.11,0.21561294188840646
1982-01-17,9.11,210.24,-4.96,-17.84,155.22,0.22962778311115287
1982-01-18,4.12,99.35,-5.91,-10.22,283.66,0.2210032654356166
1982-01-19,5.2,186.44,-5.9,-15.46,188.25,0.22783100859541616
1982-01-20,2.01,259.57,-7.0,-20.8,122.13,0.22639358898282677
1982-01-21,5.63,192.27,-11.65,-22.01,110.31,0.22280003995135333
1982-01-22,9.46,218.16,-11.15,-23.46,93.55,0.20483229479398612
1982-01-23,11.9,226.85,-8.52,-22.54,110.21,0.17967745157367207
1982-01-24,10.78,150.39,-4.01,-11.5,255.89,0.2012387457625127
1982-01-25,6.5,224.19,-2.69,-14.57,208.03,0.2055510046002808
1982-01-26,9.32,215.75,-1.29,-12.36,242.2,0.2145348771789644
1982-01-27,0.66,310.46,-2.6,-15.9,183.27,0.21489423208211175
1982-01-28,0.0,255.75,-6.04,-15.47,190.05,0.2134568124695224
1982-01-29,0.08,307.31,-5.37,-18.08,155.72,0.21094132814749098
1982-01-30,1.65,276.36,-5.52,-17.05,171.27,0.2134568124695224
1982-01-31,4.48,126.2,-4.95,-9.86,290.03,0.21525358698525912
1982-02-01,2.68,293.06,-6.94,-20.05,132.36,0.2177690713072905
1982-02-02,4.03,285.75,-8.89,-23.37,98.17,0.2177690713072905
1982-02-03,2.03,325.12,-14.35,-30.35,45.83,0.1940516476995658
1982-02-04,0.07,407.0,-17.45,-39.36,20.18,0.1653032554477783
1982-02-05,0.0,419.1,-16.18,-40.47,15.07,0.1473355102904111
1982-02-06,0.0,408.83,-14.63,-35.85,31.77,0.16170970641630483
1982-02-07,2.5,300.23,-12.64,-26.75,72.23,0.17967745157367207
1982-02-08,0.23,361.4,-14.56,-29.03,57.15,0.16889680447925173
1982-02-09,0.18,423.02,-11.45,-33.12,40.8,0.17967745157367207
1982-02-10,0.51,374.62,-13.21,-29.73,57.56,0.18686454963661894
1982-02-11,0.0,435.38,-7.26,-29.57,63.72,0.212019392856933
1982-02-12,0.8,422.05,-5.61,-27.24,70.71,0.21561294188840646
1982-02-13,1.58,275.56,-2.35,-12.48,243.75,0.23358068704577367
1982-02-14,9.08,182.36,-0.04,-7.27,358.21,0.24076778510872054
1982-02-15,7.4,142.65,1.57,-3.85,468.45,0.24436133414019398
1982-02-16,7.97,121.27,0.6,-4.05,461.52,0.2515484322031409
1982-02-17,2.45,186.25,0.87,-5.66,414.36,0.24436133414019398
1982-02-18,0.5,284.94,0.81,-8.58,338.62,0.24436133414019398
1982-02-19,0.63,209.56,-1.04,-7.48,360.5,0.24795488317166745
1982-02-20,2.81,182.02,0.66,-5.52,420.73,0.25873553026608775
1982-02-21,6.55,159.56,2.71,-2.94,503.79,0.2659226283290346
1982-02-22,7.82,148.57,2.93,-1.98,533.69,0.2731097263919815
1982-02-23,6.11,86.31,-7.7,-10.06,285.79,0.2515484322031409
1982-02-24,0.43,483.73,-6.82,-25.47,80.7,0.22603423407967943
1982-02-25,0.0,502.09,-6.02,-26.13,78.16,0.23933036549613118
1982-02-26,0.23,506.68,0.62,-21.47,118.03,0.23933036549613118
1982-02-27,1.89,410.1,1.09,-14.57,207.36,0.24436133414019398
1982-02-28,0.19,415.21,-0.0,-13.26,232.93,0.23933036549613118
1982-03-01,4.16,399.64,3.14,-11.55,267.8,0.23681488117409977
1982-03-02,7.81,213.65,2.46,-5.37,411.32,0.23681488117409977
1982-03-03,6.02,272.19,0.13,-9.76,294.83,0.23933036549613118
1982-03-04,4.83,359.08,-1.95,-15.42,187.99,0.23933036549613118
1982-03-05,0.31,530.29,-3.31,-23.35,96.02,0.22603423407967943
1982-03-06,0.01,501.04,-3.81,-19.93,130.52,0.2177690713072905
1982-03-07,3.25,363.71,-3.09,-14.54,205.81,0.22603423407967943
1982-03-08,2.13,463.72,-0.96,-15.49,185.69,0.23034649291744758
1982-03-09,2.91,352.35,0.87,-9.64,303.08,0.2281903634985635
1982-03-10,1.62,270.87,1.79,-5.12,423.93,0.23034649291744758
1982-03-11,6.81,160.72,1.57,-2.98,495.86,0.23681488117409977
1982-03-12,1.98,504.78,-0.55,-15.95,180.37,0.24148649491501523
1982-03-13,1.88,423.54,-3.28,-14.74,202.44,0.21992520072617458
1982-03-14,1.38,549.78,2.38,-14.67,204.87,0.22208133014505865
1982-03-15,7.26,415.63,2.34,-12.3,245.86,0.22387810466079536
1982-03-16,3.87,426.05,-0.69,-13.78,216.4,0.23250262233633162
1982-03-17,4.17,405.64,-1.86,-14.48,202.55,0.24148649491501523
1982-03-18,9.11,416.71,-0.61,-15.4,190.4,0.23250262233633162
1982-03-19,10.24,88.73,-7.92,-9.44,298.23,0.24148649491501523
1982-03-20,0.92,305.4,-5.79,-12.63,233.44,0.23034649291744758
1982-03-21,0.28,513.34,-2.69,-15.3,190.3,0.2281903634985635
1982-03-22,0.78,569.47,-1.51,-17.71,158.5,0.2346587517552157
1982-03-23,8.68,350.72,-1.42,-11.78,257.01,0.23681488117409977
1982-03-24,4.94,263.16,-2.32,-9.64,293.9,0.24148649491501523
1982-03-25,1.66,608.92,-1.7,-24.36,88.77,0.23681488117409977
1982-03-26,2.23,576.15,2.22,-17.23,166.15,0.2687974675542134
1982-03-27,0.66,532.45,3.98,-9.77,299.37,0.27131295187624477
1982-03-28,15.37,313.43,2.08,-6.95,369.59,0.28317166368010716
1982-03-29,8.02,337.5,1.85,-7.67,346.13,0.3058110225783899
1982-03-30,5.51,464.29,-4.08,-18.78,144.49,0.3162323147696628
1982-03-31,6.36,438.68,-3.78,-16.15,180.32,0.3058110225783899
1982-04-01,10.87,214.79,-0.64,-5.84,399.43,0.31874779909169426
1982-04-02,9.51,327.27,-1.4,-10.26,281.66,0.33204393050814596
1982-04-03,10.72,235.6,-3.6,-9.41,300.26,0.30832650690042124
1982-04-04,8.74,190.12,-3.56,-7.91,337.05,0.34821490114977643
1982-04-05,2.18,600.19,-3.0,-19.62,134.8,0.3374342540553561
1982-04-06,1.66,620.3,-1.16,-17.42,160.66,0.34534006192459765
1982-04-07,0.57,632.61,-3.7,-19.0,141.27,0.34534006192459765
1982-04-08,0.78,693.22,-4.09,-25.1,82.62,0.33204393050814596
1982-04-09,3.14,537.39,-3.56,-17.98,153.83,0.35108974037495516
1982-04-10,3.99,592.42,0.67,-17.4,165.22,0.35648006392216536
1982-04-11,13.84,440.57,2.87,-10.53,288.27,0.3845097463676582
1982-04-12,8.16,256.64,2.23,-4.01,461.76,0.45997427602860047
1982-04-13,4.9,318.72,2.28,-5.6,412.8,0.47075492312302075
1982-04-14,5.37,221.88,2.04,-2.69,511.53,0.44919362893418013
1982-04-15,7.61,274.4,-0.19,-6.31,386.01,0.4743484721544942
1982-04-16,0.85,722.66,-0.52,-21.83,113.06,0.43481943280828633
1982-04-17,0.18,738.39,1.28,-19.16,140.71,0.36294845217881755
1982-04-18,4.72,495.93,-1.7,-15.51,188.06,0.43481943280828633
1982-04-19,0.0,721.44,-4.77,-23.15,99.85,0.3845097463676582
1982-04-20,0.21,717.27,-5.92,-24.95,84.8,0.366542001210291
1982-04-21,0.93,728.33,3.65,-20.1,129.87,0.3881032953991316
1982-04-22,0.0,746.45,8.19,-14.21,211.46,0.4168516876509191
1982-04-23,0.0,705.36,9.03,-10.23,294.6,0.44919362893418013
1982-04-24,0.0,708.85,10.46,-8.65,327.69,0.5066904134377551
1982-04-25,0.08,672.42,8.36,-8.27,327.69,0.578561394067224
1982-04-26,1.22,533.35,4.8,-7.6,344.68,0.6073097863190116
1982-04-27,2.88,495.1,6.72,-6.31,387.82,0.6576194727596396
1982-04-28,3.6,596.05,8.77,-8.49,328.49,0.6612130217911132
1982-04-29,3.06,542.67,6.93,-6.9,367.38,0.7079291592002679
1982-04-30,0.0,678.56,6.0,-10.66,276.27,0.7294904533891085
1982-05-01,0.0,723.31,11.48,-8.52,322.5,0.8013614340185774
1982-05-02,0.65,660.24,12.41,-6.07,390.43,1.0061937288125635
1982-05-03,0.0,602.88,11.17,-3.41,474.54,1.1930582784491826
1982-05-04,0.0,632.44,9.09,-7.39,347.7,1.5128841422503185
1982-05-05,0.0,556.44,-0.03,-13.14,230.45,1.1858711803862356
1982-05-06,0.01,582.44,3.78,-9.73,294.25,1.067284062347612
1982-05-07,0.54,389.08,5.11,-3.36,484.15,1.0205679249384572
1982-05-08,6.87,324.82,5.64,-3.39,478.75,1.034942121064351
1982-05-09,6.79,267.79,3.62,-3.47,475.8,1.0133808268755102
1982-05-10,1.95,264.87,0.91,-4.2,451.06,0.9558840423719354
1982-05-11,5.07,383.84,1.91,-7.8,342.69,0.8983872578683603
1982-05-12,0.65,420.91,4.52,-4.4,445.21,0.8696388656165727
1982-05-13,0.0,638.81,6.96,-7.58,353.57,0.9235421010886744
1982-05-14,0.0,669.1,9.05,-7.0,361.59,1.027755023001404
1982-05-15,0.0,640.37,8.47,-6.66,371.5,1.3152389455192792
1982-05-16,0.0,559.7,7.84,-4.59,436.54,1.3763292790543278
1982-05-17,0.0,652.99,10.64,-4.54,431.96,1.5991293190056812
1982-05-18,0.0,637.61,10.51,-4.35,445.86,1.8938003395865033
1982-05-19,5.15,297.67,8.92,1.05,665.55,2.141755222758171
1982-05-20,1.92,431.26,5.14,-4.1,455.43,2.030355202782494
1982-05-21,0.0,690.85,9.84,-6.0,383.06,1.8542713002402955
1982-05-22,0.0,716.37,12.23,-4.99,416.41,2.3681488117409977
1982-05-23,1.69,610.22,11.48,-2.19,513.96,2.7814069503604433
1982-05-24,0.0,697.27,10.17,-5.18,403.86,3.1156070102874733
1982-05-25,0.0,697.72,12.8,-3.25,461.17,3.2234134812316766
1982-05-26,3.1,637.94,16.23,-2.61,494.7,3.8810329539913164
1982-05-27,15.85,482.16,12.79,-0.89,575.7,4.456000799027067
1982-05-28,11.04,356.75,4.69,-4.23,449.06,4.384129818397597
1982-05-29,1.88,483.91,0.38,-9.24,307.25,3.277316716703778
1982-05-30,0.51,672.87,3.79,-10.98,271.82,2.6915682245736074
1982-05-31,0.01,689.61,6.92,-7.46,348.34,2.33940041948921
1982-06-01,6.42,515.3,10.38,-3.55,476.51,2.2351874975764803
1982-06-02,7.17,264.09,4.95,-1.12,565.51,2.1920649091987987
1982-06-03,4.55,375.25,6.01,-2.51,514.62,2.2531552427338473
1982-06-04,4.98,437.97,8.38,-1.41,558.08,2.396897203992785
1982-06-05,5.28,531.88,7.67,-5.37,417.04,2.4076778510872052
1982-06-06,8.69,406.1,6.95,-2.62,509.25,2.4148649491501524
1982-06-07,9.51,401.74,4.73,-4.78,441.44,2.281903634985635
1982-06-08,6.37,261.11,3.92,-1.89,536.2,2.267529438859741
1982-06-09,1.09,668.37,7.99,-5.91,401.93,2.2028455562932194
1982-06-10,0.01,690.41,10.29,-4.0,458.83,2.289090733048582
1982-06-11,0.0,745.98,13.23,-4.27,444.81,2.450800439464887
1982-06-12,0.0,738.83,14.8,-2.71,494.72,2.745471460045709
1982-06-13,0.38,627.47,16.85,3.53,782.78,3.809161973361847
1982-06-14,3.33,449.59,13.6,3.45,786.31,4.527871779656535
1982-06-15,2.48,606.98,13.58,-1.48,542.66,4.635678250600739
1982-06-16,2.89,537.17,14.93,2.48,728.29,5.102839624692286
1982-06-17,3.49,556.98,10.78,-3.5,481.92,5.5340655084691
1982-06-18,0.2,705.19,12.76,-2.99,475.56,5.605936489098568
1982-06-19,0.01,738.15,14.69,-2.91,472.4,5.6418719794133025
1982-06-20,0.0,715.61,16.29,-0.4,571.12,6.037162372875382
1982-06-21,0.0,674.06,16.45,1.4,654.74,6.252775314763787
1982-06-22,0.0,660.06,18.4,3.87,768.71,6.719936688855335
1982-06-23,2.7,537.0,16.6,3.82,794.77,7.223033553261616
1982-06-24,5.72,404.67,14.16,3.76,807.19,7.151162572632147
1982-06-25,4.86,448.84,15.39,3.33,782.12,7.115227082317412
1982-06-26,1.53,465.14,14.38,4.57,850.63,7.0074206113732105
1982-06-27,0.37,673.9,18.27,3.06,717.32,7.33084002420582
1982-06-28,0.02,725.32,21.5,3.97,709.75,7.977678849871039
1982-06-29,0.0,717.04,19.41,2.15,634.81,8.22922728207418
1982-06-30,0.34,722.79,20.39,2.07,611.11,7.726130417667898
1982-07-01,5.68,410.5,17.21,6.7,978.02,7.402711004835288
1982-07-02,0.65,524.63,13.13,2.6,729.65,6.971485121058476
1982-07-03,0.46,536.76,13.15,2.02,697.28,6.324646295393257
1982-07-04,3.43,488.1,13.99,1.43,666.96,6.073097863190115
1982-07-05,1.24,448.78,11.37,2.41,717.81,5.78561394067224
1982-07-06,1.11,496.77,10.8,0.26,611.27,5.426259037524896
1982-07-07,5.79,533.53,15.41,-0.88,560.04,5.174710605321755
1982-07-08,6.06,406.92,16.24,4.73,852.68,5.462194527839631
1982-07-09,8.19,365.93,13.2,3.47,789.52,5.6778074697280365
1982-07-10,2.64,451.43,13.42,2.83,740.65,5.749678450357506
1982-07-11,1.05,611.37,16.24,1.87,640.75,5.390323547210161
1982-07-12,1.93,600.21,17.81,2.98,688.05,5.2106460956364895
1982-07-13,0.8,676.89,20.18,3.21,645.6,5.2106460956364895
1982-07-14,0.17,604.88,18.45,5.04,776.32,5.138775115007021
1982-07-15,0.0,650.92,17.47,2.56,616.87,5.030968644062817
1982-07-16,0.0,640.75,17.01,2.55,623.22,4.7794202118596765
1982-07-17,0.0,646.6,14.5,-0.15,521.95,4.491936289341801
1982-07-18,0.0,656.49,18.16,2.76,612.28,4.276323347453395
1982-07-19,0.55,594.55,19.71,5.52,769.51,4.168516876509192
1982-07-20,0.0,719.15,21.21,1.84,550.09,4.096645895879723
1982-07-21,1.71,645.67,22.18,3.99,652.69,3.952903934620785
1982-07-22,0.06,678.53,23.93,6.21,756.25,3.8810329539913164
1982-07-23,4.8,491.95,21.36,7.4,955.48,3.773226483047113
1982-07-24,7.68,405.32,18.64,7.31,1014.8,4.024774915250254
1982-07-25,1.76,378.4,17.56,8.83,1132.55,4.096645895879723
1982-07-26,0.0,638.07,19.44,3.49,684.8,3.7372909927323787
1982-07-27,0.0,656.6,21.28,4.4,702.82,3.5324586979383925
1982-07-28,0.63,464.12,18.43,7.98,1005.58,3.395903834742402
1982-07-29,1.88,400.12,16.0,6.94,964.43,3.284503814766725
1982-07-30,0.14,607.77,18.77,3.78,715.77,3.1515425006022078
1982-07-31,0.0,644.95,21.56,5.31,751.2,3.0509231277209516
1982-08-01,0.0,663.68,23.01,4.85,726.43,2.9610844019341154
1982-08-02,0.0,606.44,22.18,6.97,858.08,2.864058578084333
1982-08-03,0.61,639.19,18.07,0.65,563.37,2.76703275423455
1982-08-04,0.0,683.56,19.86,0.19,517.64,2.6843811265106603
1982-08-05,0.01,674.66,22.13,1.81,585.11,2.583761753629404
1982-08-06,0.0,665.03,23.42,2.89,643.13,2.501110125905515
1982-08-07,0.26,626.66,22.63,3.56,675.54,2.4256455962445727
1982-08-08,1.45,586.88,23.44,5.37,755.46,2.4004907530242585
1982-08-09,5.79,401.85,20.78,6.42,947.21,2.4687681846222542
1982-08-10,0.98,581.02,20.09,2.97,658.73,2.4292391452760462
1982-08-11,0.0,629.82,22.61,3.49,663.83,2.281903634985635
1982-08-12,0.0,621.97,21.44,2.61,616.18,2.2028455562932194
1982-08-13,0.0,667.1,23.04,0.31,521.89,2.1237874776008034
1982-08-14,0.0,586.25,20.48,3.03,689.14,2.0626971440657553
1982-08-15,0.01,607.38,22.68,3.78,680.57,2.0159810066566
1982-08-16,0.0,594.74,21.64,2.85,661.61,1.9584842221530254
1982-08-17,0.0,621.47,24.34,3.66,675.85,1.9045809866809236
1982-08-18,0.47,570.19,22.82,4.2,733.74,1.8650519473347158
1982-08-19,0.57,502.59,20.44,5.26,824.18,1.8363035550829283
1982-08-20,1.28,522.98,20.0,2.86,706.26,1.8111487118626142
1982-08-21,1.07,539.96,22.98,4.58,760.43,1.77521322154788
1982-08-22,3.08,506.24,22.81,4.6,773.03,1.7356841822016722
1982-08-23,0.23,560.03,21.15,2.82,669.5,1.6997486918869376
1982-08-24,0.0,565.95,18.76,0.13,560.2,1.645845456414836
1982-08-25,0.0,564.23,19.4,0.58,581.94,1.5811615738483142
1982-08-26,0.0,558.62,20.68,1.86,609.73,1.523664789344739
1982-08-27,0.0,547.47,21.5,3.03,629.32,1.4769486519355843
1982-08-28,0.89,435.52,18.98,4.3,767.86,1.4482002596837968
1982-08-29,6.15,333.89,17.81,4.35,827.83,1.4194518674320091
1982-08-30,3.86,334.55,16.71,5.11,872.84,1.4374196125893766
1982-08-31,1.91,393.4,15.32,1.88,688.96,1.4697615538726372
1982-09-01,0.0,479.67,16.18,0.47,596.7,1.383516377117275
1982-09-02,0.0,532.47,18.76,0.27,535.82,1.3260195926136997
1982-09-03,0.0,499.68,20.9,3.85,695.05,1.2864905532674917
1982-09-04,0.0,397.44,18.97,6.12,883.09,1.2541486119842309
1982-09-05,0.0,558.14,17.73,-2.67,398.02,1.2254002197324434
1982-09-06,0.0,562.33,18.89,-2.21,390.26,1.189464729417709
1982-09-07,0.0,521.49,19.55,0.71,486.16,1.1643098861973948
1982-09-08,0.0,508.82,19.05,0.61,506.57,1.1319679449141338
1982-09-09,0.0,501.34,20.5,2.23,568.14,1.1104066507252934
1982-09-10,1.7,442.44,18.56,1.58,571.95,1.0888453565364526
1982-09-11,0.78,399.05,8.66,-4.58,402.94,1.074471160410559
1982-09-12,7.62,318.49,9.01,-4.77,429.54,1.042129219127298
1982-09-13,9.88,185.22,3.86,-3.53,472.07,1.042129219127298
1982-09-14,2.25,191.89,-0.22,-5.89,396.97,1.0133808268755102
1982-09-15,2.88,337.68,4.33,-7.09,359.14,0.9954130817181431
1982-09-16,1.22,287.69,5.83,-3.14,488.53,0.9954130817181431
1982-09-17,0.0,421.36,9.95,-3.38,450.63,0.9990066307496166
1982-09-18,0.0,474.66,12.68,-3.52,425.23,0.9702582384978291
1982-09-19,0.0,468.19,13.8,-2.39,460.15,0.9451033952775151
1982-09-20,0.0,470.91,14.01,-2.41,456.28,0.9271356501201478
1982-09-21,0.01,489.35,17.25,-0.85,496.04,0.9091679049627807
1982-09-22,0.04,439.92,16.23,0.94,583.75,0.8912001598054133
1982-09-23,0.0,449.26,14.52,-1.36,495.43,0.8732324146480462
1982-09-24,0.0,497.77,16.04,-3.42,402.03,0.8516711204592056
1982-09-25,3.13,374.18,15.57,0.31,599.3,0.8372969243333118
1982-09-26,10.39,156.41,12.39,5.8,930.48,0.8337033753018382
1982-09-27,16.2,191.75,6.68,-1.21,563.25,0.9055743559313071
1982-09-28,13.1,108.59,2.3,-1.54,547.14,0.9738517875293025
1982-09-29,5.45,142.66,1.04,-4.12,454.14,0.9630711404348822
1982-09-30,0.0,188.05,-0.55,-5.9,399.22,0.912761453994254
1982-10-01,2.11,169.36,0.83,-4.42,443.52,0.8696388656165727
1982-10-02,0.97,221.23,3.35,-3.38,483.8,0.8624517675536258
1982-10-03,4.7,188.5,4.51,-1.77,546.3,0.8444840223962586
1982-10-04,7.24,216.52,5.07,-3.17,487.72,0.8696388656165727
1982-10-05,1.91,204.71,2.05,-3.75,467.13,0.9019808068998337
1982-10-06,0.01,362.76,3.96,-6.86,368.54,0.8444840223962586
1982-10-07,3.86,323.73,5.43,-5.32,417.71,0.822922728207418
1982-10-08,0.66,376.84,1.86,-9.27,306.01,0.8085485320815242
1982-10-09,0.1,370.46,1.38,-9.24,306.65,0.7798001398297367
1982-10-10,0.0,477.76,7.31,-11.93,247.94,0.7546452966094227
1982-10-11,0.9,323.46,6.79,-2.82,505.5,0.7474581985464758
1982-10-12,0.0,369.47,8.28,-3.17,495.12,0.7474581985464758
1982-10-13,0.0,410.84,10.03,-4.09,454.21,0.7474581985464758
1982-10-14,0.0,423.43,12.94,-3.44,479.84,0.7510517475779491
1982-10-15,0.0,404.11,12.46,-2.62,505.96,0.758238845640896
1982-10-16,0.0,390.75,12.11,-2.55,519.79,0.7654259437038429
1982-10-17,0.0,375.26,8.32,-5.36,419.18,0.7546452966094227
1982-10-18,8.77,209.83,2.32,-6.71,374.84,0.7438646495150023
1982-10-19,2.31,312.74,-1.33,-13.04,226.75,0.7079291592002679
1982-10-20,0.01,396.41,2.61,-11.64,258.4,0.6827743159799539
1982-10-21,0.29,390.62,4.92,-10.14,295.57,0.66840011985406
1982-10-22,0.0,403.66,6.93,-8.97,323.24,0.6755872179170069
1982-10-23,1.21,229.5,5.7,-1.91,546.78,0.6719936688855335
1982-10-24,0.29,310.56,6.99,-3.11,496.94,0.6755872179170069
1982-10-25,0.27,354.78,8.21,-4.94,432.43,0.6899614140429007
1982-10-26,5.86,183.89,4.9,-2.54,520.31,0.6827743159799539
1982-10-27,4.07,232.56,4.66,-5.52,410.01,0.6971485121058476
1982-10-28,0.18,290.79,-2.56,-12.02,250.42,0.6719936688855335
1982-10-29,8.96,191.86,-2.16,-9.89,297.77,0.6540259237281663
1982-10-30,4.82,116.95,-0.34,-4.48,444.22,0.6540259237281663
1982-10-31,2.83,152.44,1.25,-4.6,437.81,0.6540259237281663
1982-11-01,5.65,125.14,-1.49,-6.62,376.59,0.6432452766337459
1982-11-02,1.76,295.36,-2.75,-14.61,203.07,0.6216839824449052
1982-11-03,0.15,345.81,-2.67,-17.04,165.96,0.578561394067224
1982-11-04,0.29,345.06,2.03,-13.94,214.09,0.6037162372875381
1982-11-05,0.0,214.22,1.66,-6.04,397.38,0.6180904334134318
1982-11-06,4.25,143.08,1.84,-4.13,457.12,0.6109033353504849
1982-11-07,2.33,221.9,-1.04,-10.77,273.66,0.6073097863190116
1982-11-08,2.79,200.77,-4.39,-12.99,229.73,0.5857484921301709
1982-11-09,6.77,128.28,-1.31,-6.67,372.2,0.5893420411616443
1982-11-10,1.0,325.04,1.7,-15.63,188.34,0.5749678450357506
1982-11-11,1.0,250.07,-1.88,-12.0,246.04,0.5641871979413302
1982-11-12,3.95,280.51,-2.89,-22.97,99.4,0.5282517076265958
1982-11-13,3.38,258.24,-6.16,-19.2,139.39,0.5534065508469099
1982-11-14,0.07,333.52,-4.67,-22.24,107.66,0.5066904134377551
1982-11-15,0.0,325.24,-2.16,-18.94,149.51,0.5174710605321755
1982-11-16,0.14,298.35,-2.8,-17.06,173.58,0.5354388056895427
1982-11-17,0.39,187.75,-0.4,-7.73,350.45,0.5570000998783834
1982-11-18,3.81,101.54,0.75,-3.5,477.37,0.5570000998783834
1982-11-19,7.59,100.76,1.06,-3.8,462.27,0.5605936489098567
1982-11-20,6.09,166.5,-3.73,-11.73,255.34,0.5426259037524895
1982-11-21,8.85,143.33,-6.86,-13.74,217.5,0.5282517076265958
1982-11-22,3.01,244.56,-8.27,-21.23,115.87,0.5102839624692286
1982-11-23,0.22,319.62,-5.15,-26.96,72.53,0.4779420211859677
1982-11-24,0.0,313.93,-3.05,-22.9,105.21,0.46716137409154734
1982-11-25,0.0,297.04,-2.9,-19.6,138.79,0.5641871979413302
1982-11-26,0.0,299.06,-0.23,-18.43,155.36,0.5390323547210162
1982-11-27,0.0,299.29,1.39,-17.91,158.96,0.513877511500702
1982-11-28,0.02,270.84,0.12,-14.9,207.46,0.5246581585951223
1982-11-29,3.59,92.88,-1.67,-6.28,396.71,0.5102839624692286
1982-11-30,1.35,121.36,-3.36,-9.07,314.07,0.45278717796565354
1982-12-01,1.58,123.25,-3.56,-9.25,304.67,0.456380726997127
1982-12-02,3.17,93.53,-6.43,-11.3,261.99,0.4779420211859677
1982-12-03,2.01,136.17,-3.09,-9.91,295.97,0.4959097663433349
1982-12-04,1.85,124.59,-0.53,-6.64,384.18,0.4815355702174411
1982-12-05,5.31,140.85,-3.66,-11.77,260.23,0.4815355702174411
1982-12-06,11.44,69.79,-3.76,-7.42,350.71,0.4815355702174411
1982-12-07,4.55,196.77,-7.26,-20.15,125.41,0.45278717796565354
1982-12-08,1.67,259.53,-10.37,-26.67,70.85,0.39529039346207856
1982-12-09,0.0,284.22,-4.17,-24.42,91.11,0.35935490314734414
1982-12-10,0.0,256.8,-2.81,-17.82,154.36,0.39529039346207856
1982-12-11,0.05,252.1,-3.86,-18.57,144.26,0.44560007990270667
1982-12-12,0.0,261.34,-0.74,-16.79,172.96,0.5246581585951223
1982-12-13,1.01,217.79,-1.78,-14.28,218.96,0.4635678250600739
1982-12-14,2.79,173.05,-3.33,-14.16,213.0,0.45997427602860047
1982-12-15,5.8,154.13,-4.21,-13.73,217.97,0.45278717796565354
1982-12-16,3.39,153.29,-1.19,-10.01,292.7,0.45997427602860047
1982-12-17,7.63,71.18,0.14,-3.94,464.56,0.45997427602860047
1982-12-18,4.42,155.56,-4.41,-13.94,215.89,0.4312258837768129
1982-12-19,5.97,149.41,-4.77,-14.26,208.04,0.4168516876509191
1982-12-20,4.27,147.73,-3.24,-12.01,254.6,0.43481943280828633
1982-12-21,11.59,116.79,-2.97,-10.35,290.41,0.4635678250600739
1982-12-22,4.63,74.61,-2.04,-5.7,405.19,0.45997427602860047
1982-12-23,6.77,130.66,-3.43,-10.77,275.14,0.45278717796565354
1982-12-24,1.98,150.45,-5.49,-12.75,231.75,0.424038785713866
1982-12-25,0.1,284.06,-6.64,-26.24,76.02,0.3543239345032813
1982-12-26,0.0,251.65,-6.02,-19.08,148.73,0.37732264830471135
1982-12-27,2.0,185.95,-6.99,-16.71,169.36,0.37732264830471135
1982-12-28,0.0,286.13,-12.22,-29.91,55.46,0.35935490314734414
1982-12-29,0.0,253.21,-12.43,-24.94,87.85,0.30185811864376905
1982-12-30,0.06,273.65,-9.65,-25.26,85.85,0.32341941283260967
1982-12-31,0.28,255.62,-6.99,-20.2,132.84,0.35935490314734414
1983-01-01,0.0,281.97,-6.25,-25.37,84.11,0.39529039346207856
1983-01-02,0.0,289.63,-3.62,-24.75,90.3,0.4312258837768129
1983-01-03,3.68,220.73,-4.99,-21.69,116.44,0.46716137409154734
1983-01-04,7.39,161.62,-5.12,-15.12,192.48,0.40966458958797225
1983-01-05,11.68,102.32,-2.04,-8.15,331.67,0.4060710405564988
1983-01-06,11.52,115.77,-1.89,-8.7,319.19,0.4204452366823926
1983-01-07,3.11,84.77,-2.0,-6.18,390.54,0.4168516876509191
1983-01-08,6.78,137.52,-1.69,-9.88,296.1,0.424038785713866
1983-01-09,4.83,167.02,-5.85,-15.51,187.81,0.4132581386194457
1983-01-10,5.97,138.46,-5.91,-13.62,217.8,0.4060710405564988
1983-01-11,1.93,185.48,-1.42,-11.08,272.96,0.39529039346207856
1983-01-12,0.0,264.22,0.57,-13.14,234.93,0.3988839424935519
1983-01-13,0.0,266.78,-0.5,-14.42,213.02,0.39169684443060504
1983-01-14,0.0,323.26,2.05,-20.39,128.99,0.3845097463676582
1983-01-15,0.0,327.95,2.87,-20.62,128.22,0.37732264830471135
1983-01-16,0.0,317.47,-0.14,-19.17,141.4,0.3737290992732379
1983-01-17,0.0,309.18,-1.43,-18.66,151.38,0.38091619733618476
1983-01-18,0.0,213.16,-2.47,-11.81,251.77,0.4024774915250254
1983-01-19,0.0,238.35,-0.09,-10.56,280.2,0.3988839424935519
1983-01-20,0.0,317.7,-0.77,-17.84,160.57,0.39529039346207856
1983-01-21,0.0,338.53,-0.29,-20.45,127.02,0.38091619733618476
1983-01-22,1.81,226.37,-5.66,-16.27,175.6,0.38091619733618476
1983-01-23,3.54,161.31,-3.75,-11.84,252.48,0.3881032953991316
1983-01-24,1.28,215.69,-2.39,-11.58,255.86,0.39169684443060504
1983-01-25,0.39,205.04,-2.92,-11.2,263.93,0.39169684443060504
1983-01-26,0.19,240.6,-1.31,-11.07,266.44,0.39169684443060504
1983-01-27,1.04,177.16,-0.77,-7.96,339.03,0.39169684443060504
1983-01-28,1.96,173.69,-1.51,-9.01,320.3,0.39529039346207856
1983-01-29,0.0,359.83,0.33,-18.34,149.18,0.3845097463676582
1983-01-30,0.97,296.65,-4.49,-17.5,160.04,0.38091619733618476
1983-01-31,1.01,267.8,-3.27,-14.16,208.52,0.3881032953991316
1983-02-01,0.14,337.04,-2.97,-17.35,161.51,0.38091619733618476
1983-02-02,0.94,323.39,-6.2,-20.19,128.51,0.3701355502417644
1983-02-03,0.0,396.33,-4.71,-25.95,78.7,0.3421058677962716
1983-02-04,0.0,407.31,-3.12,-27.67,68.53,0.3374342540553561
1983-02-05,0.0,408.0,-5.95,-29.46,56.47,0.3485742560529238
1983-02-06,0.05,404.16,-6.42,-29.0,58.57,0.34605877173089233
1983-02-07,2.16,309.25,-5.29,-20.19,131.66,0.36294845217881755
1983-02-08,5.36,284.87,-3.64,-19.04,139.32,0.36294845217881755
1983-02-09,12.37,163.8,-3.78,-11.79,250.93,0.366542001210291
1983-02-10,6.17,212.21,-1.35,-11.92,249.72,0.3701355502417644
1983-02-11,0.27,352.75,-0.97,-15.58,187.72,0.366542001210291
1983-02-12,2.44,290.96,1.7,-10.91,270.5,0.3737290992732379
1983-02-13,7.54,189.14,0.56,-7.71,347.5,0.3845097463676582
1983-02-14,0.08,308.82,0.53,-10.34,283.48,0.3845097463676582
1983-02-15,0.87,343.85,0.73,-12.46,238.93,0.38091619733618476
1983-02-16,5.45,213.42,-2.04,-10.66,274.53,0.38091619733618476
1983-02-17,8.96,192.84,-3.31,-11.12,266.81,0.38091619733618476
1983-02-18,3.8,231.45,1.2,-6.8,369.69,0.38091619733618476
1983-02-19,2.4,325.34,1.53,-11.4,261.17,0.3881032953991316
1983-02-20,0.14,440.75,1.65,-15.34,190.27,0.3701355502417644
1983-02-21,0.0,421.0,0.22,-14.51,203.46,0.37732264830471135
1983-02-22,0.0,357.21,0.05,-11.1,267.05,0.38091619733618476
1983-02-23,0.0,414.02,5.41,-8.85,313.79,0.3845097463676582
1983-02-24,0.13,489.11,8.12,-13.43,219.18,0.38091619733618476
1983-02-25,0.27,461.5,6.22,-11.89,249.0,0.3737290992732379
1983-02-26,2.79,329.59,-0.12,-12.26,246.44,0.38091619733618476
1983-02-27,2.37,378.9,-0.38,-15.43,190.58,0.37732264830471135
1983-02-28,5.03,291.96,-0.81,-11.67,254.06,0.38091619733618476
1983-03-01,4.44,222.46,0.73,-7.1,362.14,0.3845097463676582
1983-03-02,2.08,207.3,1.84,-4.37,447.85,0.39529039346207856
1983-03-03,0.07,397.83,5.34,-6.74,372.36,0.39529039346207856
1983-03-04,0.0,499.53,6.91,-10.93,268.04,0.39169684443060504
1983-03-05,2.05,360.95,2.65,-9.24,303.67,0.39169684443060504
1983-03-06,5.65,260.42,-0.25,-8.94,316.01,0.39169684443060504
1983-03-07,4.66,349.05,-1.21,-13.89,212.34,0.3737290992732379
1983-03-08,2.61,369.76,2.01,-9.5,298.57,0.3881032953991316
1983-03-09,0.0,409.47,2.11,-8.17,329.75,0.37732264830471135
1983-03-10,0.22,509.94,6.22,-8.73,313.34,0.38091619733618476
1983-03-11,1.38,486.86,8.18,-7.57,338.15,0.3881032953991316
1983-03-12,5.13,374.38,4.61,-7.37,349.59,0.3988839424935519
1983-03-13,9.43,197.91,0.82,-5.12,420.97,0.39529039346207856
1983-03-14,5.39,285.55,0.7,-7.31,359.46,0.4060710405564988
1983-03-15,3.4,499.11,1.85,-15.02,191.27,0.3881032953991316
1983-03-16,1.69,435.49,-0.9,-12.21,241.99,0.37732264830471135
1983-03-17,1.55,488.82,-4.85,-18.69,144.2,0.35935490314734414
1983-03-18,3.18,403.48,-3.59,-16.89,169.1,0.3845097463676582
1983-03-19,2.05,408.55,-5.81,-16.39,175.75,0.366542001210291
1983-03-20,0.0,625.31,-2.35,-25.5,79.57,0.3528865148906919
1983-03-21,0.11,640.49,1.17,-24.65,86.31,0.36294845217881755
1983-03-22,0.67,616.04,1.94,-20.36,121.56,0.3737290992732379
1983-03-23,0.0,573.08,1.73,-14.95,190.45,0.3845097463676582
1983-03-24,1.65,501.83,1.56,-13.0,226.58,0.37732264830471135
1983-03-25,1.41,428.49,-0.29,-11.61,255.68,0.3701355502417644
1983-03-26,0.0,623.12,0.82,-18.26,144.38,0.34749619134348175
1983-03-27,0.86,588.01,2.76,-15.73,181.52,0.36294845217881755
1983-03-28,1.73,449.65,0.53,-11.38,257.83,0.3701355502417644
1983-03-29,5.66,434.5,0.73,-12.83,225.36,0.35396457960013394
1983-03-30,12.32,254.36,0.54,-6.81,369.46,0.3701355502417644
1983-03-31,1.41,463.44,2.38,-9.5,292.9,0.37732264830471135
1983-04-01,0.6,592.54,3.28,-13.82,206.11,0.366542001210291
1983-04-02,8.07,432.37,1.45,-12.0,248.9,0.366542001210291
1983-04-03,5.88,372.04,-0.96,-11.62,254.36,0.3737290992732379
1983-04-04,0.58,564.79,-3.44,-18.72,141.9,0.3363561893459141
1983-04-05,0.0,660.93,-1.8,-21.57,110.6,0.32090392851057825
1983-04-06,0.28,696.63,1.12,-24.93,81.54,0.35108974037495516
1983-04-07,0.0,697.35,4.15,-19.7,122.56,0.355042644309576
1983-04-08,0.0,587.97,4.17,-11.64,244.92,0.3701355502417644
1983-04-09,0.24,594.0,5.06,-11.1,248.87,0.36294845217881755
1983-04-10,2.13,388.65,2.15,-7.91,337.37,0.366542001210291
1983-04-11,3.83,406.19,0.42,-11.65,248.72,0.366542001210291
1983-04-12,0.28,466.82,-2.68,-13.91,214.48,0.355042644309576
1983-04-13,0.0,533.43,-3.35,-16.45,170.75,0.33887167366794546
1983-04-14,0.0,669.28,0.28,-19.15,128.62,0.33851231876479815
1983-04-15,0.0,663.84,2.83,-16.34,160.54,0.35001167566551317
1983-04-16,0.06,610.31,2.81,-13.51,205.71,0.34605877173089233
1983-04-17,0.0,606.66,6.09,-10.11,259.88,0.3528865148906919
1983-04-18,1.85,612.01,10.81,-9.3,262.82,0.366542001210291
1983-04-19,2.27,563.58,8.81,-7.68,311.08,0.3845097463676582
1983-04-20,0.01,622.94,9.23,-7.35,310.32,0.4024774915250254
1983-04-21,1.31,566.08,9.94,-5.65,357.14,0.4132581386194457
1983-04-22,0.0,528.53,8.87,-3.79,425.98,0.43481943280828633
1983-04-23,0.0,560.71,8.73,-4.79,391.49,0.47075492312302075
1983-04-24,0.89,586.8,10.15,-5.57,359.56,0.5318452566580693
1983-04-25,2.36,514.24,5.42,-8.52,300.66,0.5713742960042771
1983-04-26,0.98,498.32,0.37,-11.45,246.61,0.5354388056895427
1983-04-27,2.31,543.64,4.82,-10.71,248.96,0.4923162173118614
1983-04-28,1.31,528.52,3.77,-9.33,286.04,0.4779420211859677
1983-04-29,1.67,617.88,8.68,-8.64,279.16,0.47075492312302075
1983-04-30,0.2,588.43,6.97,-7.52,319.42,0.48872266828038796
1983-05-01,0.0,658.39,6.36,-11.01,236.59,0.4959097663433349
1983-05-02,2.15,586.2,8.76,-9.17,271.09,0.5102839624692286
1983-05-03,1.37,523.95,7.62,-5.85,363.88,0.5282517076265958
1983-05-04,0.0,530.55,6.42,-5.85,367.56,0.5534065508469099
1983-05-05,3.79,535.2,7.79,-7.45,310.27,0.6109033353504849
1983-05-06,18.7,232.82,1.27,-5.03,427.03,0.6540259237281663
1983-05-07,2.57,471.48,6.55,-4.91,414.78,0.6252775314763788
1983-05-08,6.24,441.6,7.96,-5.1,415.03,0.6360581785707992
1983-05-09,5.21,486.88,4.61,-9.0,311.81,0.6827743159799539
1983-05-10,4.78,470.1,2.92,-10.88,272.57,0.6468388256652193
1983-05-11,5.86,410.25,-0.54,-11.72,255.01,0.6001226882560646
1983-05-12,3.07,427.94,-1.56,-11.78,252.63,0.5677807469728037
1983-05-13,0.31,667.43,2.26,-14.03,197.3,0.546219452783963
1983-05-14,0.27,718.05,4.24,-14.49,187.17,0.5282517076265958
1983-05-15,2.95,603.08,7.23,-10.72,245.47,0.5354388056895427
1983-05-16,2.9,495.19,4.68,-7.24,356.0,0.546219452783963
1983-05-17,1.83,629.67,8.09,-9.23,282.63,0.5354388056895427
1983-05-18,8.94,460.84,7.81,-5.71,393.16,0.5641871979413302
1983-05-19,3.77,500.87,7.99,-5.1,406.94,0.5821549430986974
1983-05-20,1.28,689.54,10.62,-5.8,341.3,0.5929355901931178
1983-05-21,0.04,650.47,10.31,-4.2,396.89,0.733084002420582
1983-05-22,0.0,688.98,10.13,-5.95,335.01,0.8660453165850993
1983-05-23,0.0,758.38,15.82,-4.76,328.39,1.0529098662217182
1983-05-24,0.0,773.08,19.01,-3.76,338.67,1.5560067306279999
1983-05-25,0.0,774.2,20.16,-3.03,352.44,2.1058197324434365
1983-05-26,0.0,756.0,19.29,-2.37,376.3,2.5226714200943556
1983-05-27,0.0,757.75,19.98,-2.13,381.31,3.083265069004212
1983-05-28,0.0,740.76,20.81,-0.5,425.01,3.701355502417644
1983-05-29,0.0,723.85,18.63,-1.44,407.85,4.204452366823926
1983-05-30,0.0,683.9,13.7,-3.75,372.82,4.3122588377681295
1983-05-31,0.0,703.13,10.54,-7.81,275.8,3.489336109560711
1983-06-01,0.0,725.13,14.26,-5.65,302.47,3.241381226389044
1983-06-02,0.0,708.08,14.66,-4.24,340.87,3.137168304476314
1983-06-03,1.45,596.57,16.33,-0.57,482.84,3.0365489315950573
1983-06-04,4.4,355.96,8.73,-1.0,560.19,3.334813501207353
1983-06-05,0.1,539.88,8.98,-3.72,418.36,3.374342540553561
1983-06-06,0.0,619.41,13.89,-1.6,434.11,3.291690912829672
1983-06-07,0.94,640.75,15.98,-2.48,389.25,3.4138715798997685
1983-06-08,0.0,698.75,17.44,-1.86,381.22,3.7372909927323787
1983-06-09,0.06,591.37,16.25,1.32,533.29,4.024774915250254
1983-06-10,0.29,577.39,15.35,0.51,513.65,4.3122588377681295
1983-06-11,6.97,406.94,13.58,0.32,590.29,5.2825170762659575
1983-06-12,3.01,432.57,8.28,-3.08,468.6,5.030968644062817
1983-06-13,0.8,516.63,9.38,-2.98,434.06,3.952903934620785
1983-06-14,0.63,539.53,10.98,-2.36,430.49,3.3671554424906143
1983-06-15,6.45,513.71,15.22,-2.56,426.44,3.277316716703778
1983-06-16,3.23,453.66,12.95,-0.3,552.07,3.8450974636765816
1983-06-17,0.0,663.51,14.85,-2.5,379.38,3.701355502417644
1983-06-18,0.0,559.74,13.76,0.3,516.91,4.024774915250254
1983-06-19,0.0,606.63,11.4,-3.49,383.84,3.7372909927323787
1983-06-20,0.05,566.77,11.05,-2.59,423.14,3.3240328541129327
1983-06-21,2.32,480.67,11.1,-1.44,503.0,3.1156070102874733
1983-06-22,0.0,677.16,16.38,-1.55,395.43,3.1012328141615795
1983-06-23,0.0,708.78,20.62,0.78,429.23,3.4210586779627157
1983-06-24,0.0,678.17,19.93,1.87,479.56,3.809161973361847
1983-06-25,0.0,738.63,20.13,-1.37,357.81,3.8810329539913164
1983-06-26,0.0,717.02,20.21,0.05,402.96,3.7372909927323787
1983-06-27,6.43,522.05,18.0,1.42,561.99,3.6294845217881755
1983-06-28,7.26,400.64,12.67,0.45,603.06,3.773226483047113
1983-06-29,5.29,447.91,14.64,0.89,582.09,3.554019992127233
1983-06-30,4.11,443.04,14.05,1.64,628.44,3.4821490114977647
1983-07-01,10.31,312.78,11.87,3.02,762.76,3.3671554424906143
1983-07-02,9.79,323.06,10.04,1.07,661.73,3.593549031473441
1983-07-03,2.6,444.14,7.58,-3.13,468.05,3.701355502417644
1983-07-04,1.34,628.2,13.67,-3.24,390.15,3.2629425205778846
1983-07-05,0.26,748.26,22.62,-0.9,378.23,3.12279410835042
1983-07-06,1.51,660.49,24.6,4.83,608.95,3.1587295986651545
1983-07-07,0.94,699.37,24.13,3.68,550.54,3.3599683444276676
1983-07-08,0.0,661.28,22.94,5.83,667.61,3.2809102657352516
1983-07-09,13.35,490.75,21.37,4.28,726.1,3.2306005792946237
1983-07-10,5.82,510.16,16.57,0.43,581.82,4.348194328082863
1983-07-11,0.1,627.5,13.37,-2.12,449.88,3.5001167566551312
1983-07-12,0.0,704.57,20.55,0.79,490.55,3.147948951570734
1983-07-13,0.0,659.15,22.56,4.78,670.14,2.9754585980600092
1983-07-14,4.51,543.47,23.17,4.3,713.37,2.8784327742102263
1983-07-15,6.67,531.1,20.54,-0.83,517.11,3.014987637406217
1983-07-16,0.76,649.19,14.38,-3.89,399.41,2.867652127115806
1983-07-17,0.0,666.43,18.48,-0.11,500.28,2.6053230478182448
1983-07-18,0.0,710.5,23.08,1.09,503.9,2.4795488317166745
1983-07-19,2.07,619.99,24.84,3.25,624.71,2.3825230078668915
1983-07-20,0.0,632.5,22.44,4.57,695.65,2.307058478205949
1983-07-21,0.0,719.83,22.67,-0.92,436.75,2.2315939485450067
1983-07-22,0.0,566.96,19.17,3.6,696.73,2.134568124695224
1983-07-23,2.68,491.95,15.95,2.43,694.2,2.066290693097229
1983-07-24,2.44,554.45,21.16,2.58,654.52,2.084258438254596
1983-07-25,2.83,464.39,19.43,5.67,862.2,2.0016068105307068
1983-07-26,1.69,550.43,19.94,3.83,733.71,1.9584842221530254
1983-07-27,1.25,579.45,20.38,2.12,624.22,1.929735829901238
1983-07-28,0.0,552.17,20.19,5.31,798.28,1.850677751208822
1983-07-29,0.0,596.81,21.81,5.0,745.93,1.793180966705247
1983-07-30,0.0,673.68,25.65,3.77,628.55,1.7500583783275656
1983-07-31,5.67,495.0,24.15,5.01,803.53,1.7069357899498843
1983-08-01,3.29,476.14,19.77,4.18,791.37,1.7716196725164064
1983-08-02,1.07,550.41,21.83,4.27,750.21,1.7680261234849328
1983-08-03,0.0,598.41,23.57,5.08,761.54,1.6602196525407298
1983-08-04,0.47,604.64,24.42,4.54,723.2,1.6099099661001015
1983-08-05,0.05,627.29,26.27,5.96,730.69,1.5667873777224202
1983-08-06,0.0,623.85,27.14,6.64,757.67,1.5200712403132657
1983-08-07,0.0,609.21,27.53,7.69,809.28,1.4805422009670577
1983-08-08,0.0,557.32,26.38,9.23,934.03,1.458980906778217
1983-08-09,0.0,568.79,25.1,7.51,818.9,1.4374196125893766
1983-08-10,2.79,505.85,26.76,7.28,834.71,1.4194518674320091
1983-08-11,0.47,487.87,23.44,8.34,935.51,1.3978905732431683
1983-08-12,0.0,555.24,21.43,4.39,681.82,1.3655486319599077
1983-08-13,0.0,619.6,23.11,2.18,537.84,1.3188324945507528
1983-08-14,0.0,543.12,21.72,5.13,716.56,1.2828970042360186
1983-08-15,5.06,397.44,18.92,4.55,791.72,1.2649292590786512
1983-08-16,0.97,423.1,19.11,5.81,851.47,1.2757099061730715
1983-08-17,1.98,399.82,18.68,5.68,844.61,1.2505550629527575
1983-08-18,0.25,435.92,19.13,6.42,870.69,1.2254002197324434
1983-08-19,7.41,358.51,19.01,5.16,865.98,1.196651827480656
1983-08-20,8.4,384.03,19.94,5.17,863.57,1.2577421610157042
1983-08-21,4.9,419.98,19.73,3.34,752.7,1.2900841022989653
1983-08-22,1.52,460.34,17.58,2.65,710.8,1.2361808668268637
1983-08-23,0.22,557.01,18.9,1.28,586.78,1.1750905332918151
1983-08-24,0.0,592.48,20.33,0.34,526.23,1.1319679449141338
1983-08-25,0.0,572.73,21.36,2.19,604.14,1.0960324545993994
1983-08-26,0.0,580.45,21.76,1.82,583.9,1.0708776113790854
1983-08-27,0.0,582.24,22.44,1.91,586.57,1.0457227681587713
1983-08-28,0.0,578.91,22.65,1.85,588.31,1.0205679249384572
1983-08-29,0.06,561.32,21.71,1.93,605.74,1.00260017978109
1983-08-30,0.0,541.99,21.12,2.5,642.1,0.9882259836551962
1983-08-31,0.0,578.48,24.06,2.31,604.87,0.9774453365607759
1983-09-01,0.0,528.81,24.11,5.23,772.67,0.9522904933404618
1983-09-02,3.15,406.03,19.62,4.46,825.14,0.9451033952775151
1983-09-03,0.0,453.7,17.37,2.63,705.4,0.9343227481830947
1983-09-04,1.26,460.23,16.41,0.73,613.62,0.9091679049627807
1983-09-05,0.17,471.16,14.61,-0.66,565.38,0.9055743559313071
1983-09-06,0.0,574.45,18.7,-3.45,416.5,0.8732324146480462
1983-09-07,0.59,485.33,21.01,2.88,695.78,0.8516711204592056
1983-09-08,6.94,382.61,17.33,-0.75,584.14,0.8516711204592056
1983-09-09,5.32,312.43,13.12,-0.13,615.59,0.8768259636795196
1983-09-10,1.35,486.93,12.78,-5.91,382.58,0.8588582185221524
1983-09-11,2.65,346.96,12.72,-0.75,582.13,0.822922728207418
1983-09-12,0.04,500.04,15.51,-2.42,494.42,0.8157356301444711
1983-09-13,0.0,539.41,18.59,-2.6,466.88,0.7905807869241571
1983-09-14,0.38,473.5,16.6,-0.81,550.37,0.7762065907982632
1983-09-15,0.0,519.9,16.16,-4.21,419.31,0.758238845640896
1983-09-16,0.0,500.4,18.48,-1.12,530.49,0.7438646495150023
1983-09-17,1.64,364.38,14.15,0.33,621.33,0.733084002420582
1983-09-18,9.47,192.89,8.23,-0.11,615.16,0.7366775514520554
1983-09-19,6.86,379.95,6.54,-13.02,227.89,0.7546452966094227
1983-09-20,0.0,513.23,1.2,-18.31,147.22,0.6899614140429007
1983-09-21,0.0,499.38,8.38,-10.97,264.72,0.693554963074374
1983-09-22,0.1,520.44,14.94,-7.4,343.77,0.7079291592002679
1983-09-23,0.0,472.23,16.19,-2.57,501.44,0.700742061137321
1983-09-24,0.0,451.04,16.67,-1.06,565.93,0.6863678650114272
1983-09-25,0.0,477.17,18.76,-1.82,526.56,0.6719936688855335
1983-09-26,0.1,449.99,17.62,-1.24,553.32,0.6540259237281663
1983-09-27,10.91,274.6,13.12,-0.63,594.94,0.6504323746966928
1983-09-28,9.38,131.33,5.11,-0.83,577.06,0.7510517475779491
1983-09-29,10.35,182.57,5.5,-2.47,513.58,0.8085485320815242
1983-09-30,1.96,184.34,5.78,-0.5,592.05,0.9199485520572009
1983-10-01,7.21,170.73,5.86,-1.65,548.07,1.034942121064351
1983-10-02,12.41,226.02,7.71,-2.44,518.33,1.0241614739699307
1983-10-03,3.47,235.2,4.8,-4.62,440.97,0.9522904933404618
1983-10-04,0.08,301.67,6.86,-3.52,479.85,0.8768259636795196
1983-10-05,0.0,367.31,11.35,-2.15,530.86,0.8372969243333118
1983-10-06,0.0,380.75,12.77,-1.62,547.39,0.8337033753018382
1983-10-07,0.08,383.16,11.71,-2.82,502.41,0.8085485320815242
1983-10-08,0.0,424.35,14.07,-4.0,455.38,0.7869872378926835
1983-10-09,14.33,260.19,10.7,-2.27,524.3,0.7905807869241571
1983-10-10,7.6,178.39,4.71,-3.24,491.54,0.9918195326866698
1983-10-11,0.09,302.34,3.84,-6.77,375.64,0.9199485520572009
1983-10-12,0.0,395.69,9.58,-6.63,373.75,0.8516711204592056
1983-10-13,0.0,395.79,11.61,-4.75,433.97,0.822922728207418
1983-10-14,12.82,164.95,4.31,-3.13,490.26,0.8265162772388914
1983-10-15,2.35,155.44,0.23,-5.33,420.96,0.8516711204592056
1983-10-16,1.2,341.14,5.92,-8.02,339.0,0.822922728207418
1983-10-17,0.0,339.96,6.1,-6.17,388.42,0.8013614340185774
1983-10-18,5.91,220.52,2.51,-7.33,354.4,0.7905807869241571
1983-10-19,0.0,388.85,5.0,-10.67,274.36,0.7654259437038429
1983-10-20,0.0,416.81,11.91,-7.57,347.08,0.7654259437038429
1983-10-21,0.0,411.53,13.88,-5.71,401.95,0.7618323946723695
1983-10-22,0.0,393.85,13.72,-4.38,445.56,0.758238845640896
1983-10-23,9.72,253.64,6.86,-6.11,392.49,0.7762065907982632
1983-10-24,0.0,391.19,7.96,-9.83,292.18,0.8049549830500508
1983-10-25,0.0,387.38,10.69,-7.32,356.11,0.7654259437038429
1983-10-26,0.0,390.26,14.48,-5.46,410.57,0.7474581985464758
1983-10-27,0.0,384.85,14.55,-5.39,413.6,0.733084002420582
1983-10-28,0.0,366.23,12.69,-5.49,408.48,0.7223033553261616
1983-10-29,0.0,346.16,11.05,-5.55,407.21,0.7151162572632147
1983-10-30,0.0,319.38,9.32,-5.45,410.67,0.7043356101687944
1983-10-31,0.18,216.8,7.51,-1.61,549.85,0.7079291592002679
1983-11-01,0.26,253.03,8.25,-2.9,502.38,0.7151162572632147
1983-11-02,3.95,142.05,5.83,-1.53,551.71,0.7115227082317414
1983-11-03,1.03,161.47,5.45,-1.44,558.14,0.7258969043576351
1983-11-04,3.25,163.38,5.59,-2.51,517.55,0.7151162572632147
1983-11-05,7.73,134.58,4.47,-2.93,502.6,0.7294904533891085
1983-11-06,15.27,125.95,3.7,-3.36,488.82,0.7654259437038429
1983-11-07,9.41,123.81,1.63,-5.0,428.46,0.8912001598054133
1983-11-08,4.02,188.77,-2.38,-11.62,256.77,0.8840130617424664
1983-11-09,0.93,281.9,-2.55,-15.84,182.94,0.7546452966094227
1983-11-10,1.24,195.35,0.01,-8.59,320.98,0.7833936888612101
1983-11-11,10.49,139.13,1.46,-6.12,396.03,0.7798001398297367
1983-11-12,7.87,171.76,1.19,-8.4,330.21,0.7690194927353164
1983-11-13,5.93,171.7,0.16,-9.42,307.07,0.7618323946723695
1983-11-14,1.28,175.13,-3.73,-11.27,264.41,0.7438646495150023
1983-11-15,0.26,226.22,-2.18,-11.89,252.11,0.7258969043576351
1983-11-16,2.78,214.4,-0.15,-10.77,274.75,0.7115227082317414
1983-11-17,10.74,141.53,-0.71,-8.47,329.12,0.7187098062946883
1983-11-18,3.66,199.54,-1.5,-12.57,238.93,0.7079291592002679
1983-11-19,5.01,180.92,-2.88,-13.24,224.83,0.6827743159799539
1983-11-20,4.9,145.69,-4.3,-12.07,247.68,0.6863678650114272
1983-11-21,4.66,114.85,-8.64,-13.89,215.25,0.6755872179170069
1983-11-22,0.81,274.47,-8.77,-22.24,108.08,0.6001226882560646
1983-11-23,1.08,230.41,-10.17,-20.0,128.96,0.5857484921301709
1983-11-24,9.15,168.26,-5.59,-14.38,203.8,0.6288710805078521
1983-11-25,6.76,150.3,-4.25,-11.72,253.88,0.6540259237281663
1983-11-26,0.62,255.11,-5.85,-17.25,162.56,0.6324646295393256
1983-11-27,0.0,277.54,-4.94,-17.94,152.0,0.6073097863190116
1983-11-28,2.3,204.53,-7.79,-16.89,168.09,0.6288710805078521
1983-11-29,1.14,277.81,-9.54,-24.6,86.02,0.5821549430986974
1983-11-30,0.87,281.64,-9.09,-23.78,92.95,0.5641871979413302
1983-12-01,1.88,216.49,-5.46,-15.24,194.3,0.6109033353504849
1983-12-02,0.67,230.63,-3.79,-13.6,218.23,0.6216839824449052
1983-12-03,6.2,148.42,-5.3,-12.85,229.43,0.6109033353504849
1983-12-04,5.58,117.03,-7.72,-13.32,222.97,0.6073097863190116
1983-12-05,2.99,229.31,-10.6,-23.86,91.5,0.546219452783963
1983-12-06,6.32,172.36,-10.27,-18.72,143.36,0.5929355901931178
1983-12-07,10.99,174.52,-5.67,-15.76,182.65,0.5677807469728037
1983-12-08,4.54,182.46,-4.05,-13.58,219.96,0.6073097863190116
1983-12-09,3.48,165.39,-2.91,-10.78,273.28,0.5893420411616443
1983-12-10,6.19,107.28,-2.77,-8.0,340.74,0.5929355901931178
1983-12-11,9.5,143.54,-1.21,-9.08,312.74,0.5857484921301709
1983-12-12,5.82,100.47,-3.44,-8.21,341.02,0.5893420411616443
1983-12-13,3.11,155.93,-6.53,-13.79,215.15,0.5534065508469099
1983-12-14,4.14,130.79,-6.28,-12.17,250.58,0.5749678450357506
1983-12-15,1.91,196.65,-7.77,-17.06,164.1,0.5534065508469099
1983-12-16,1.22,193.29,-10.33,-18.51,146.67,0.5390323547210162
1983-12-17,3.63,222.48,-10.58,-25.01,82.82,0.521064609563649
1983-12-18,1.89,251.54,-12.98,-29.36,47.79,0.5030968644062818
1983-12-19,4.14,213.05,-12.4,-25.74,80.25,0.48512911924891455
1983-12-20,3.05,236.36,-17.67,-33.34,38.94,0.44919362893418013
1983-12-21,0.0,281.47,-21.48,-38.02,31.51,0.4132581386194457
1983-12-22,0.0,258.91,-24.31,-37.12,34.8,0.39529039346207856
1983-12-23,0.92,254.33,-26.18,-40.17,13.38,0.37732264830471135
1983-12-24,0.84,277.72,-19.7,-40.55,6.66,0.35935490314734414
1983-12-25,0.66,261.4,-9.77,-25.56,79.39,0.37732264830471135
1983-12-26,2.54,158.63,-6.26,-14.18,204.94,0.4132581386194457
1983-12-27,2.84,221.29,-7.93,-21.83,109.05,0.4312258837768129
1983-12-28,0.13,282.69,-14.49,-32.87,40.06,0.4312258837768129
1983-12-29,1.92,262.94,-13.09,-29.89,50.12,0.44919362893418013
1983-12-30,10.66,163.94,-3.76,-13.67,208.36,0.44919362893418013
1983-12-31,4.36,177.43,-4.42,-13.92,213.3,0.46716137409154734
1984-01-01,3.38,203.2,-5.19,-16.62,169.07,0.46716137409154734
1984-01-02,0.0,247.53,-2.3,-14.34,207.36,0.48512911924891455
1984-01-03,0.51,160.05,-3.61,-10.29,280.59,0.48872266828038796
1984-01-04,0.0,167.61,0.92,-5.97,393.1,0.5066904134377551
1984-01-05,0.0,180.74,0.17,-7.42,353.63,0.5030968644062818
1984-01-06,0.0,160.05,1.26,-5.32,414.54,0.5030968644062818
1984-01-07,0.0,199.66,2.37,-6.11,388.76,0.4959097663433349
1984-01-08,3.96,149.7,-1.11,-8.81,314.85,0.4995033153748083
1984-01-09,1.86,235.92,-3.16,-15.65,184.26,0.4923162173118614
1984-01-10,0.14,269.87,-2.55,-15.45,186.09,0.45997427602860047
1984-01-11,0.35,200.92,-4.88,-13.04,225.3,0.46716137409154734
1984-01-12,0.39,248.31,-5.89,-16.78,166.99,0.4743484721544942
1984-01-13,2.01,178.21,-10.1,-18.52,145.9,0.4635678250600739
1984-01-14,0.0,253.65,-13.22,-24.03,91.1,0.4312258837768129
1984-01-15,0.0,295.51,-12.34,-26.42,73.2,0.4132581386194457
1984-01-16,2.13,253.14,-12.66,-25.93,75.3,0.39529039346207856
1984-01-17,1.64,293.81,-17.35,-34.16,40.02,0.37732264830471135
1984-01-18,0.09,325.78,-20.46,-37.3,38.06,0.35935490314734414
1984-01-19,0.0,338.6,-14.62,-33.7,40.0,0.37732264830471135
1984-01-20,0.0,347.86,-10.73,-31.44,43.81,0.39529039346207856
1984-01-21,0.0,295.24,-7.45,-20.81,122.95,0.39529039346207856
1984-01-22,0.14,279.7,-5.14,-16.3,170.63,0.4132581386194457
1984-01-23,5.27,176.29,-7.9,-15.05,190.59,0.4132581386194457
1984-01-24,6.03,172.34,-3.57,-11.43,258.39,0.43481943280828633
1984-01-25,6.57,149.22,-1.94,-8.58,319.26,0.43481943280828633
1984-01-26,2.07,252.42,-2.29,-12.78,230.47,0.4312258837768129
1984-01-27,0.04,186.02,-5.06,-11.22,263.65,0.42763233474533946
1984-01-28,0.0,203.43,-2.74,-9.45,301.18,0.4312258837768129
1984-01-29,0.22,328.59,-1.55,-14.77,198.41,0.4312258837768129
1984-01-30,0.0,380.31,0.89,-18.22,146.71,0.424038785713866
1984-01-31,0.0,390.1,4.23,-17.25,159.45,0.4168516876509191
1984-02-01,0.0,382.16,0.45,-17.98,150.44,0.4168516876509191
1984-02-02,0.0,352.27,-2.46,-17.67,154.86,0.4132581386194457
1984-02-03,0.0,365.84,-0.81,-16.7,168.64,0.4168516876509191
1984-02-04,0.0,400.6,4.17,-17.3,160.85,0.4132581386194457
1984-02-05,0.0,408.34,5.24,-17.89,148.33,0.40966458958797225
1984-02-06,0.0,393.64,3.72,-15.96,181.12,0.4060710405564988
1984-02-07,0.0,396.45,1.69,-18.09,150.0,0.4132581386194457
1984-02-08,0.0,401.27,1.41,-18.47,142.92,0.4132581386194457
1984-02-09,0.0,411.08,1.04,-20.1,128.37,0.4024774915250254
1984-02-10,4.95,266.54,-1.53,-15.96,179.43,0.4132581386194457
1984-02-11,3.58,270.29,-3.6,-16.87,166.06,0.4132581386194457
1984-02-12,0.5,265.09,-3.5,-13.51,218.37,0.4168516876509191
1984-02-13,8.45,154.65,-1.66,-8.8,313.65,0.4204452366823926
1984-02-14,5.87,182.89,-1.58,-10.17,286.68,0.42763233474533946
1984-02-15,0.29,401.08,-4.27,-21.45,113.67,0.40966458958797225
1984-02-16,1.83,339.04,-0.46,-16.21,177.7,0.4132581386194457
1984-02-17,2.29,314.26,-1.95,-15.82,183.98,0.424038785713866
1984-02-18,0.0,461.47,-1.85,-23.78,91.8,0.4060710405564988
1984-02-19,0.0,481.91,0.93,-24.38,84.91,0.3881032953991316
1984-02-20,0.01,472.78,3.07,-20.45,125.15,0.39529039346207856
1984-02-21,0.02,463.84,4.18,-17.48,160.02,0.3988839424935519
1984-02-22,0.88,368.96,-1.7,-16.36,172.35,0.40966458958797225
1984-02-23,1.31,238.61,-7.5,-16.18,174.85,0.4024774915250254
1984-02-24,2.46,253.22,-5.45,-15.11,191.18,0.3988839424935519
1984-02-25,5.09,282.21,-1.48,-14.57,201.82,0.4060710405564988
1984-02-26,0.92,450.08,-0.74,-21.12,117.65,0.4024774915250254
1984-02-27,0.0,504.17,1.08,-23.07,96.95,0.3881032953991316
1984-02-28,0.0,516.4,4.88,-21.21,113.68,0.39169684443060504
1984-02-29,0.0,493.61,4.34,-17.9,148.64,0.39529039346207856
1984-03-01,0.0,329.95,1.93,-9.59,293.82,0.4024774915250254
1984-03-02,3.72,283.86,-0.14,-11.57,254.72,0.40966458958797225
1984-03-03,2.67,368.18,-1.33,-15.28,189.34,0.40966458958797225
1984-03-04,0.36,430.23,-4.24,-20.39,123.01,0.39169684443060504
1984-03-05,0.21,509.94,-6.22,-27.16,69.38,0.366542001210291
1984-03-06,1.53,421.52,-1.12,-17.11,160.19,0.37732264830471135
1984-03-07,0.0,432.03,1.84,-12.81,229.1,0.39169684443060504
1984-03-08,0.48,394.93,3.82,-9.04,305.37,0.4024774915250254
1984-03-09,0.4,347.52,3.48,-7.35,347.0,0.4060710405564988
1984-03-10,0.0,367.64,4.44,-6.58,371.17,0.4024774915250254
1984-03-11,6.27,256.52,2.03,-7.58,341.99,0.4024774915250254
1984-03-12,2.99,269.09,0.45,-7.73,338.78,0.4024774915250254
1984-03-13,4.55,267.43,-0.19,-8.39,322.99,0.39529039346207856
1984-03-14,6.43,156.54,-0.29,-5.64,402.66,0.40966458958797225
1984-03-15,6.1,231.95,1.08,-6.94,363.34,0.4132581386194457
1984-03-16,3.36,269.36,0.77,-7.98,337.06,0.40966458958797225
1984-03-17,2.17,381.88,1.49,-9.55,296.62,0.4024774915250254
1984-03-18,0.0,489.88,1.33,-12.54,235.04,0.3988839424935519
1984-03-19,0.0,480.26,2.24,-10.89,263.92,0.39529039346207856
1984-03-20,0.09,408.82,2.96,-7.3,347.32,0.4024774915250254
1984-03-21,0.13,384.17,3.18,-6.13,386.15,0.40966458958797225
1984-03-22,0.0,575.08,4.44,-11.73,244.06,0.4024774915250254
1984-03-23,0.0,643.65,7.65,-15.05,171.38,0.39169684443060504
1984-03-24,1.85,465.55,0.75,-11.59,244.82,0.4024774915250254
1984-03-25,3.92,471.91,5.12,-11.98,234.9,0.3988839424935519
1984-03-26,4.09,460.69,3.3,-13.1,221.07,0.3988839424935519
1984-03-27,1.22,596.83,1.71,-18.6,136.97,0.3845097463676582
1984-03-28,0.0,658.45,1.93,-19.66,120.84,0.38091619733618476
1984-03-29,0.0,627.16,2.26,-15.67,165.85,0.4060710405564988
1984-03-30,0.0,609.32,2.55,-13.99,187.53,0.3881032953991316
1984-03-31,0.0,636.65,3.41,-14.68,168.72,0.39169684443060504
1984-04-01,0.66,577.82,3.07,-12.58,204.55,0.39529039346207856
1984-04-02,0.0,660.0,4.06,-15.89,148.12,0.38091619733618476
1984-04-03,0.0,700.41,5.89,-18.94,108.53,0.3737290992732379
1984-04-04,0.0,689.63,7.7,-14.98,144.42,0.3881032953991316
1984-04-05,0.27,643.88,8.93,-9.96,215.4,0.39529039346207856
1984-04-06,1.2,505.98,6.56,-6.66,316.67,0.4024774915250254
1984-04-07,0.91,419.89,4.09,-6.01,355.48,0.40966458958797225
1984-04-08,5.51,439.45,5.0,-8.13,299.64,0.4060710405564988
1984-04-09,4.47,414.63,5.03,-7.47,320.88,0.40966458958797225
1984-04-10,8.29,337.37,2.57,-7.5,341.25,0.40966458958797225
1984-04-11,7.15,345.24,-0.08,-10.5,271.63,0.4168516876509191
1984-04-12,3.4,578.79,0.09,-19.28,128.51,0.38091619733618476
1984-04-13,0.56,625.69,2.33,-15.2,169.73,0.3988839424935519
1984-04-14,0.0,725.79,9.05,-16.48,132.46,0.39169684443060504
1984-04-15,0.0,717.76,14.56,-10.15,201.75,0.4024774915250254
1984-04-16,0.0,724.63,18.32,-7.6,231.27,0.44919362893418013
1984-04-17,0.0,696.77,16.97,-5.92,269.62,0.5426259037524895
1984-04-18,0.0,508.07,10.32,-3.05,416.22,0.6073097863190116
1984-04-19,8.57,339.41,7.25,-3.02,469.71,0.6755872179170069
1984-04-20,4.28,354.53,3.47,-7.03,347.3,0.6504323746966928
1984-04-21,0.0,546.45,4.53,-9.75,263.02,0.6109033353504849
1984-04-22,0.2,556.52,8.69,-5.84,342.93,0.6216839824449052
1984-04-23,5.67,401.82,4.02,-9.07,298.45,0.6827743159799539
1984-04-24,4.64,541.88,7.3,-11.9,220.36,0.6504323746966928
1984-04-25,8.96,304.5,-1.02,-10.59,269.85,0.6324646295393256
1984-04-26,7.09,335.41,-4.68,-13.69,217.13,0.5749678450357506
1984-04-27,1.3,586.65,-1.81,-17.8,152.27,0.513877511500702
1984-04-28,0.0,729.94,0.34,-21.38,100.5,0.5174710605321755
1984-04-29,2.2,507.27,-0.88,-14.88,191.07,0.5426259037524895
1984-04-30,3.56,587.59,0.52,-17.15,151.74,0.5066904134377551
1984-05-01,7.03,506.7,5.0,-11.21,249.23,0.5318452566580693
1984-05-02,9.0,361.11,6.28,-4.74,428.45,0.5282517076265958
1984-05-03,7.78,415.39,4.48,-7.87,336.57,0.5354388056895427
1984-05-04,4.85,516.69,7.06,-9.36,286.59,0.5174710605321755
1984-05-05,9.73,395.42,2.64,-8.99,308.67,0.5318452566580693
1984-05-06,6.26,415.32,0.6,-11.46,258.72,0.5282517076265958
1984-05-07,0.0,675.8,3.6,-13.24,210.42,0.5030968644062818
1984-05-08,0.0,752.9,11.61,-10.51,236.05,0.5102839624692286
1984-05-09,0.39,498.19,9.73,-1.68,512.78,0.5534065508469099
1984-05-10,4.71,309.11,6.24,-2.0,527.2,0.6288710805078521
1984-05-11,4.61,267.71,4.74,-1.7,539.69,0.6540259237281663
1984-05-12,5.59,338.55,8.61,-0.49,586.3,0.7618323946723695
1984-05-13,1.67,623.33,15.41,-1.85,468.2,1.329613141645173
1984-05-14,0.23,686.2,16.67,-0.76,475.65,2.4328326943075194
1984-05-15,3.64,571.08,15.75,-0.58,512.51,3.7372909927323787
1984-05-16,5.07,497.58,8.27,-5.36,397.58,3.8810329539913164
1984-05-17,0.17,701.5,8.31,-8.85,278.52,2.5693875575035103
1984-05-18,0.0,744.65,13.52,-5.58,330.0,2.2711229878912147
1984-05-19,0.0,652.31,12.58,-2.41,441.29,2.325026223363316
1984-05-20,5.57,536.35,12.26,-0.21,556.16,3.2521618734834643
1984-05-21,4.2,433.86,8.4,-2.98,482.29,4.060710405564988
1984-05-22,1.41,637.24,8.53,-7.29,322.62,2.9467102058082215
1984-05-23,9.57,505.5,13.56,-1.97,501.88,2.871245676147279
1984-05-24,9.86,470.14,8.86,-4.77,424.02,3.5360522469698656
1984-05-25,8.01,399.19,4.02,-6.55,374.71,2.9143682645249607
1984-05-26,13.53,325.51,5.24,-3.22,485.2,2.619697243944138
1984-05-27,2.1,590.67,9.69,-4.86,410.16,2.6340714400700325
1984-05-28,0.0,733.16,12.54,-5.64,358.59,2.4220520472130995
1984-05-29,0.0,780.99,20.91,-2.26,421.32,2.810155342612231
1984-05-30,0.19,761.23,21.06,-0.43,488.21,4.024774915250254
1984-05-31,1.09,664.07,15.79,-1.15,498.07,5.498130018154365
1984-06-01,0.0,667.21,10.07,-5.13,389.68,5.2106460956364895
1984-06-02,0.0,743.37,12.05,-7.21,316.39,4.168516876509192
1984-06-03,3.24,527.67,10.13,-2.21,498.2,3.809161973361847
1984-06-04,6.75,374.28,8.87,-1.31,560.05,3.773226483047113
1984-06-05,3.1,397.36,8.21,-0.88,576.98,3.6294845217881755
1984-06-06,6.22,344.25,6.97,-1.8,541.85,3.4641812663403972
1984-06-07,7.52,351.03,6.93,-2.04,530.76,3.298878010892619
1984-06-08,7.0,384.61,7.48,-2.57,511.28,3.2126328341372563
1984-06-09,6.34,366.66,6.21,-3.24,485.86,3.047329578689478
1984-06-10,9.04,378.56,6.42,-3.41,479.1,2.8892134213046465
1984-06-11,8.82,296.52,4.65,-2.79,502.11,2.867652127115806
1984-06-12,0.2,580.54,10.08,-1.86,525.23,2.860465029052859
1984-06-13,0.12,647.89,13.46,-0.59,560.63,2.8892134213046465
1984-06-14,0.03,774.08,19.88,-1.91,458.26,3.3204393050814596
1984-06-15,0.01,762.26,21.48,0.46,539.41,3.9888394249355197
1984-06-16,0.13,733.02,17.24,-1.3,496.55,4.599742760286005
1984-06-17,1.22,647.0,15.19,-0.45,550.58,4.56380726997127
1984-06-18,0.33,714.66,16.09,-1.9,484.65,4.671613740915473
1984-06-19,0.04,749.85,18.1,-1.87,471.36,4.491936289341801
1984-06-20,0.31,702.71,17.67,-0.12,546.69,4.8153557021744104
1984-06-21,0.22,676.88,15.55,-0.9,532.97,4.887226682803879
1984-06-22,0.12,678.03,14.35,-1.79,501.52,4.707549231230208
1984-06-23,0.0,757.83,16.78,-4.56,386.52,4.240387857138661
1984-06-24,0.0,770.3,22.11,-1.15,471.29,4.420065308712332
1984-06-25,0.0,729.0,22.25,1.8,593.26,4.7794202118596765
1984-06-26,0.0,747.99,23.15,0.98,549.43,4.923162173118614
1984-06-27,0.0,741.33,22.76,0.98,554.88,5.066904134377552
1984-06-28,0.0,752.11,25.18,2.06,584.84,5.030968644062817
1984-06-29,0.0,740.52,25.57,3.19,636.43,5.066904134377552
1984-06-30,0.0,677.52,20.51,2.29,639.56,5.174710605321755
1984-07-01,0.0,739.37,21.53,-0.49,503.58,4.635678250600739
1984-07-02,0.0,710.28,21.11,0.97,568.83,4.240387857138661
1984-07-03,0.0,685.94,20.81,1.78,614.68,4.060710405564988
1984-07-04,0.0,699.3,22.53,2.28,624.45,3.8810329539913164
1984-07-05,0.0,723.72,24.81,2.28,607.47,3.809161973361847
1984-07-06,0.0,693.47,24.99,3.93,693.11,3.66542001210291
1984-07-07,4.32,526.17,22.11,4.58,815.18,3.6294845217881755
1984-07-08,6.03,514.17,19.93,3.02,737.2,3.701355502417644
1984-07-09,1.29,622.69,19.74,0.89,610.54,3.593549031473441
1984-07-10,0.0,685.34,21.48,0.22,547.09,3.3240328541129327
1984-07-11,0.0,690.7,23.66,1.41,577.21,3.1156070102874733
1984-07-12,0.0,692.56,24.73,1.98,594.57,2.9790521470914824
1984-07-13,0.0,650.16,24.28,3.75,691.06,2.864058578084333
1984-07-14,0.0,675.69,23.72,1.83,595.92,2.7418779110142353
1984-07-15,0.0,691.28,25.64,2.35,607.19,2.6268843420070853
1984-07-16,0.0,682.02,25.95,3.05,639.93,2.5226714200943556
1984-07-17,0.0,680.93,25.85,2.79,628.28,2.4256455962445727
1984-07-18,0.01,663.01,26.45,4.19,702.43,2.3501810665836302
1984-07-19,2.09,515.06,22.8,5.32,832.64,2.303464929174476
1984-07-20,3.94,471.29,22.01,4.14,788.21,2.2783100859541614
1984-07-21,8.21,316.99,17.49,5.8,926.99,2.314245576268896
1984-07-22,13.89,222.82,13.7,5.69,921.45,2.4292391452760462
1984-07-23,12.73,287.45,16.45,5.99,936.29,2.5729811065349835
1984-07-24,1.58,545.34,22.56,5.16,851.03,2.436426243338993
1984-07-25,0.47,590.35,25.09,6.17,874.45,2.256748791765321
1984-07-26,3.65,557.26,25.3,5.37,835.38,2.2351874975764803
1984-07-27,2.03,479.27,21.32,6.1,925.32,2.2172197524191133
1984-07-28,2.69,462.64,21.4,6.17,940.55,2.148942320821118
1984-07-29,3.1,374.4,19.68,6.99,1008.37,2.113006830506383
1984-07-30,0.47,575.75,22.04,4.26,784.74,2.0483229479398615
1984-07-31,2.69,500.54,20.97,4.97,837.72,1.9548906731215518
1984-08-01,6.2,416.99,21.41,5.18,887.72,2.0195745556880738
1984-08-02,1.58,474.28,19.51,4.83,846.3,1.9405164769956582
1984-08-03,0.51,570.9,21.71,3.69,744.16,1.8902067905550302
1984-08-04,0.53,596.45,22.57,3.76,723.18,1.8219293589570345
1984-08-05,3.67,529.88,23.17,3.71,745.62,1.7859938686423003
1984-08-06,3.13,495.32,22.92,4.35,805.73,1.742871280264619
1984-08-07,0.0,629.07,22.27,2.0,631.78,1.6925615938239909
1984-08-08,0.0,646.09,24.45,2.59,643.58,1.620690613194522
1984-08-09,0.0,666.55,26.42,2.49,618.39,1.5775680248168407
1984-08-10,0.0,650.57,27.13,4.11,690.37,1.5272583383762124
1984-08-11,0.0,603.33,23.77,4.08,719.9,1.4877292990300046
1984-08-12,0.0,637.58,25.17,3.13,649.17,1.458980906778217
1984-08-13,0.0,505.11,20.41,5.24,839.34,1.4194518674320091
1984-08-14,0.0,572.98,22.14,4.11,736.75,1.3978905732431683
1984-08-15,1.16,564.99,23.25,4.0,723.98,1.3583615338969606
1984-08-16,6.04,310.77,18.27,7.11,1014.5,1.369142180991381
1984-08-17,6.84,378.91,20.12,6.14,940.83,1.383516377117275
1984-08-18,0.0,614.81,24.45,3.43,692.7,1.3224260435822264
1984-08-19,7.35,401.04,19.31,4.76,855.92,1.2972712003619122
1984-08-20,9.83,398.06,18.71,2.42,733.28,1.3619550829284341
1984-08-21,0.0,619.78,21.63,-0.41,543.68,1.2900841022989653
1984-08-22,0.0,606.87,23.13,1.27,602.32,1.23258731779539
1984-08-23,0.05,447.24,17.37,3.52,775.45,1.2002453765121293
1984-08-24,1.92,479.11,20.33,2.28,693.95,1.196651827480656
1984-08-25,5.38,384.98,18.33,2.61,736.04,1.1679034352288682
1984-08-26,3.64,406.28,18.65,4.19,814.09,1.2146195726380231
1984-08-27,0.43,433.34,20.82,6.87,972.62,1.1355614939456073
1984-08-28,0.0,394.6,19.67,7.44,1035.6,1.092438905567926
1984-08-29,0.0,458.5,20.36,5.43,874.63,1.0600969642846652
1984-08-30,0.0,528.58,20.63,2.23,666.97,1.0205679249384572
1984-08-31,3.3,420.72,16.29,1.31,670.76,1.0169743759069838
1984-09-01,3.47,373.31,13.7,0.5,639.89,1.034942121064351
1984-09-02,0.83,532.05,17.22,-3.43,459.5,0.9846324346237229
1984-09-03,0.0,567.55,19.09,-2.38,473.3,0.9522904933404618
1984-09-04,0.0,561.21,22.36,0.67,576.26,0.9271356501201478
1984-09-05,0.47,494.84,20.77,2.79,697.44,0.9019808068998337
1984-09-06,9.19,338.86,12.83,-2.11,535.37,0.937916297214568
1984-09-07,2.77,344.44,7.67,-4.75,434.83,0.9918195326866698
1984-09-08,2.69,289.67,7.16,-2.83,498.77,0.9235421010886744
1984-09-09,1.57,380.99,12.56,-0.65,581.43,0.9199485520572009
1984-09-10,0.08,522.9,15.67,-2.92,452.46,0.9019808068998337
1984-09-11,0.83,453.17,16.79,0.88,613.84,0.8588582185221524
1984-09-12,0.35,480.5,15.42,-1.56,518.33,0.848077571427732
1984-09-13,0.0,534.82,16.12,-4.16,407.54,0.822922728207418
1984-09-14,0.0,562.65,17.42,-6.23,342.21,0.7977678849871038
1984-09-15,0.4,517.97,17.37,-3.05,447.78,0.7833936888612101
1984-09-16,0.0,495.22,18.47,-0.48,545.03,0.7762065907982632
1984-09-17,0.0,531.72,22.0,-0.86,507.65,0.7618323946723695
1984-09-18,0.0,532.04,23.87,-0.06,530.45,0.7474581985464758
1984-09-19,0.0,520.84,24.03,0.59,560.74,0.7366775514520554
1984-09-20,5.82,364.04,18.49,1.72,675.91,0.7294904533891085
1984-09-21,18.18,311.72,10.95,-4.25,453.01,0.7977678849871038
1984-09-22,7.54,237.72,3.77,-6.74,372.64,0.8301098262703649
1984-09-23,10.62,229.45,1.75,-8.04,337.72,0.7905807869241571
1984-09-24,6.03,231.77,-0.02,-9.58,296.21,0.7833936888612101
1984-09-25,0.6,360.24,1.47,-10.55,275.23,0.7510517475779491
1984-09-26,3.78,290.32,4.97,-7.0,364.04,0.7510517475779491
1984-09-27,2.45,301.83,3.27,-8.77,317.25,0.758238845640896
1984-09-28,0.54,451.22,4.63,-12.48,238.86,0.7294904533891085
1984-09-29,0.0,513.62,10.81,-11.91,247.16,0.7115227082317414
1984-09-30,0.0,485.69,13.19,-7.5,346.7,0.7151162572632147
1984-10-01,0.0,462.57,15.5,-4.05,453.21,0.7151162572632147
1984-10-02,0.0,466.17,15.54,-4.83,429.92,0.7079291592002679
1984-10-03,0.0,460.21,16.64,-3.49,474.54,0.700742061137321
1984-10-04,0.0,446.55,15.83,-3.49,473.08,0.693554963074374
1984-10-05,0.0,434.07,15.45,-3.13,488.25,0.6827743159799539
1984-10-06,0.0,413.17,14.21,-3.25,481.97,0.6755872179170069
1984-10-07,0.0,418.54,15.47,-2.88,496.79,0.6612130217911132
1984-10-08,0.0,413.94,15.92,-2.94,494.7,0.6504323746966928
1984-10-09,0.0,411.02,16.47,-2.67,504.68,0.6360581785707992
1984-10-10,0.0,396.88,16.81,-1.69,542.78,0.6288710805078521
1984-10-11,0.0,395.19,15.04,-3.43,479.76,0.6252775314763788
1984-10-12,0.89,259.22,7.32,-3.67,470.29,0.6216839824449052
1984-10-13,11.86,158.8,1.57,-6.48,385.41,0.6252775314763788
1984-10-14,6.39,214.12,0.65,-9.84,294.54,0.6288710805078521
1984-10-15,4.45,282.06,-2.5,-16.02,181.57,0.6144968843819585
1984-10-16,1.39,271.96,-3.74,-15.0,195.51,0.5929355901931178
1984-10-17,0.68,333.54,-2.89,-16.81,168.57,0.5857484921301709
1984-10-18,2.05,220.29,-5.23,-14.31,203.39,0.5893420411616443
1984-10-19,2.92,255.59,-3.88,-15.15,192.65,0.5821549430986974
1984-10-20,1.73,352.97,-1.0,-17.6,157.78,0.5713742960042771
1984-10-21,0.25,390.08,-1.57,-19.66,131.75,0.5605936489098567
1984-10-22,0.0,337.81,-1.44,-15.44,185.96,0.5534065508469099
1984-10-23,0.0,399.14,3.02,-16.86,164.43,0.5605936489098567
1984-10-24,1.66,263.86,0.15,-11.73,252.22,0.5713742960042771
1984-10-25,0.0,211.68,-0.72,-9.24,301.48,0.5641871979413302
1984-10-26,15.23,138.41,-0.83,-8.0,338.76,0.5677807469728037
1984-10-27,8.32,199.89,-3.11,-14.31,204.65,0.5641871979413302
1984-10-28,7.85,135.74,-5.8,-12.73,230.81,0.5605936489098567
1984-10-29,4.45,104.1,-4.0,-8.87,311.51,0.5605936489098567
1984-10-30,1.96,274.01,-0.38,-13.46,217.04,0.5498130018154365
1984-10-31,1.09,178.78,-3.99,-11.06,264.15,0.5677807469728037
1984-11-01,2.3,226.24,-2.75,-12.58,235.89,0.5498130018154365
1984-11-02,14.85,113.03,-0.33,-5.74,399.4,0.5390323547210162
1984-11-03,11.21,139.15,-0.99,-7.52,351.03,0.5749678450357506
1984-11-04,0.27,266.72,-1.0,-11.16,264.25,0.5534065508469099
1984-11-05,0.0,328.69,-0.31,-13.98,211.42,0.5318452566580693
1984-11-06,0.25,323.78,4.02,-9.91,288.35,0.5318452566580693
1984-11-07,4.55,191.47,0.55,-7.77,341.0,0.5534065508469099
1984-11-08,5.84,234.5,-0.22,-12.39,240.15,0.5390323547210162
1984-11-09,4.63,191.77,-1.92,-10.63,274.69,0.5390323547210162
1984-11-10,3.22,183.97,-4.45,-11.79,250.39,0.5246581585951223
1984-11-11,4.58,143.41,-1.32,-7.13,358.56,0.5282517076265958
1984-11-12,2.28,243.52,3.93,-5.86,398.78,0.5282517076265958
1984-11-13,11.33,198.88,2.84,-6.82,367.58,0.5174710605321755
1984-11-14,5.29,211.57,-2.0,-11.66,255.52,0.5318452566580693
1984-11-15,1.51,318.72,-0.6,-18.74,142.33,0.4779420211859677
1984-11-16,0.0,343.88,1.61,-17.44,158.99,0.4743484721544942
1984-11-17,0.0,342.21,2.32,-17.88,152.75,0.4923162173118614
1984-11-18,0.0,320.67,-0.27,-16.66,167.99,0.48512911924891455
1984-11-19,0.0,272.6,-2.07,-13.74,215.12,0.48872266828038796
1984-11-20,0.0,305.46,-0.03,-14.85,198.07,0.4995033153748083
1984-11-21,0.0,252.69,0.47,-10.3,282.54,0.48872266828038796
1984-11-22,0.0,319.47,3.43,-14.47,200.93,0.4815355702174411
1984-11-23,0.01,323.74,4.12,-16.85,168.17,0.456380726997127
1984-11-24,2.69,176.24,1.1,-7.05,361.5,0.4815355702174411
1984-11-25,4.61,194.85,-1.92,-13.24,226.59,0.4923162173118614
1984-11-26,2.35,226.96,-6.79,-19.36,135.97,0.44560007990270667
1984-11-27,2.3,257.89,-7.84,-22.33,106.2,0.44560007990270667
1984-11-28,6.24,122.32,-5.86,-12.67,231.73,0.47075492312302075
1984-11-29,4.91,141.58,-4.47,-12.24,243.85,0.4743484721544942
1984-11-30,7.03,138.34,-6.86,-14.62,201.8,0.46716137409154734
1984-12-01,3.99,187.83,-7.33,-18.43,145.64,0.4420065308712332
1984-12-02,2.84,204.43,-10.74,-23.01,99.6,0.4312258837768129
1984-12-03,0.0,289.96,-10.64,-28.35,58.26,0.4312258837768129
1984-12-04,0.01,297.0,-8.02,-28.5,53.9,0.4204452366823926
1984-12-05,0.0,289.87,-7.85,-26.92,73.4,0.4312258837768129
1984-12-06,0.0,282.74,-2.75,-21.78,112.31,0.4420065308712332
1984-12-07,0.0,259.88,0.56,-15.84,188.14,0.4312258837768129
1984-12-08,0.0,268.31,3.02,-14.08,210.11,0.4204452366823926
1984-12-09,0.0,199.3,-2.39,-12.93,227.39,0.4204452366823926
1984-12-10,6.84,64.41,-2.78,-6.61,373.1,0.4312258837768129
1984-12-11,6.46,171.03,-5.0,-17.78,156.58,0.4132581386194457
1984-12-12,3.17,179.43,-9.03,-21.57,115.29,0.39529039346207856
1984-12-13,1.08,241.19,-9.78,-25.13,82.5,0.37732264830471135
1984-12-14,0.13,278.74,-6.37,-26.99,71.59,0.37732264830471135
1984-12-15,0.21,245.26,-5.28,-20.77,119.75,0.3701355502417644
1984-12-16,2.7,186.62,-7.3,-20.15,127.1,0.3701355502417644
1984-12-17,2.02,192.45,-10.93,-22.93,89.41,0.37732264830471135
1984-12-18,0.12,254.45,-9.35,-25.38,78.46,0.35935490314734414
1984-12-19,0.23,259.53,-7.41,-24.91,85.14,0.35935490314734414
1984-12-20,2.11,174.02,-7.95,-18.28,145.36,0.3701355502417644
1984-12-21,3.56,87.4,-8.97,-14.1,208.16,0.37732264830471135
1984-12-22,11.42,76.86,-8.56,-13.38,220.02,0.37732264830471135
1984-12-23,11.31,94.34,-7.2,-12.92,233.87,0.37732264830471135
1984-12-24,2.39,186.81,-7.79,-18.89,140.75,0.37732264830471135
1984-12-25,0.11,229.73,-4.02,-16.54,172.02,0.3701355502417644
1984-12-26,0.76,222.7,-3.97,-16.53,172.97,0.3845097463676582
1984-12-27,5.68,71.77,-3.99,-8.13,331.87,0.4060710405564988
1984-12-28,7.25,134.4,-5.91,-14.36,204.37,0.4204452366823926
1984-12-29,10.21,153.44,-5.44,-15.37,187.22,0.4024774915250254
1984-12-30,1.78,185.52,-4.36,-14.0,209.61,0.39529039346207856
1984-12-31,5.99,169.48,-4.9,-14.69,198.42,0.4204452366823926
1985-01-01,1.31,242.11,-10.59,-27.51,69.22,0.39529039346207856
1985-01-02,0.0,208.8,-7.57,-19.27,133.45,0.39169684443060504
1985-01-03,0.01,235.59,-3.19,-17.13,166.02,0.40966458958797225
1985-01-04,0.0,243.25,-2.41,-17.1,161.62,0.4060710405564988
1985-01-05,0.0,231.28,-4.13,-17.61,156.73,0.4060710405564988
1985-01-06,0.0,246.75,-3.8,-18.6,144.13,0.3988839424935519
1985-01-07,0.0,230.79,-3.53,-16.53,170.32,0.3881032953991316
1985-01-08,0.67,187.94,-4.08,-14.48,201.3,0.4060710405564988
1985-01-09,0.11,252.39,-4.05,-18.83,141.88,0.4024774915250254
1985-01-10,0.86,148.21,-7.54,-15.41,187.05,0.3988839424935519
1985-01-11,0.4,254.36,-8.15,-23.14,97.05,0.3988839424935519
1985-01-12,0.45,294.45,-4.97,-25.71,81.89,0.366542001210291
1985-01-13,0.0,281.49,-4.03,-21.23,116.43,0.35935490314734414
1985-01-14,0.0,282.54,-2.36,-19.33,134.92,0.3485742560529238
1985-01-15,1.27,159.48,-6.39,-14.9,194.14,0.35935490314734414
1985-01-16,0.16,251.92,-3.25,-16.64,170.53,0.35935490314734414
1985-01-17,2.16,212.43,-3.12,-15.01,189.55,0.3701355502417644
1985-01-18,2.72,120.76,-2.22,-8.49,321.28,0.3701355502417644
1985-01-19,4.43,135.72,-2.89,-10.88,268.91,0.37732264830471135
1985-01-20,2.13,169.12,-3.28,-12.06,245.73,0.37732264830471135
1985-01-21,1.42,266.09,-4.72,-20.09,127.93,0.3701355502417644
1985-01-22,0.0,328.84,-6.06,-26.3,79.3,0.35935490314734414
1985-01-23,0.0,326.59,-3.46,-22.79,98.69,0.3485742560529238
1985-01-24,0.0,323.88,-0.53,-19.13,136.94,0.3485742560529238
1985-01-25,0.0,321.96,0.17,-17.77,152.59,0.35935490314734414
1985-01-26,0.0,318.63,-2.76,-19.73,131.91,0.35935490314734414
1985-01-27,0.0,325.73,-4.03,-21.62,111.15,0.3485742560529238
1985-01-28,1.03,204.47,-8.57,-17.83,157.51,0.3485742560529238
1985-01-29,3.06,219.54,-12.68,-24.58,87.93,0.3485742560529238
1985-01-30,1.16,308.53,-18.53,-34.56,39.85,0.34138715798997693
1985-01-31,0.05,340.81,-20.85,-38.16,26.17,0.33420005992703
1985-02-01,0.0,360.81,-19.37,-38.9,21.4,0.33420005992703
1985-02-02,0.0,345.62,-16.67,-34.0,40.0,0.34138715798997693
1985-02-03,0.86,319.08,-18.45,-33.62,39.78,0.34138715798997693
1985-02-04,0.0,386.68,-16.22,-38.66,26.11,0.33420005992703
1985-02-05,1.42,234.06,-16.39,-26.74,74.09,0.32341941283260967
1985-02-06,1.41,289.01,-11.98,-25.3,79.65,0.3126387657381894
1985-02-07,8.4,199.56,-9.69,-20.16,124.0,0.3162323147696628
1985-02-08,12.0,165.36,-6.38,-14.58,199.48,0.31982586380113626
1985-02-09,6.04,232.96,-7.39,-19.63,131.28,0.32341941283260967
1985-02-10,0.01,238.98,-9.14,-17.96,153.66,0.3485742560529238
1985-02-11,3.85,215.89,-7.97,-17.1,160.95,0.35935490314734414
1985-02-12,3.31,199.84,-3.33,-11.33,258.94,0.37732264830471135
1985-02-13,0.55,342.49,-3.22,-16.28,173.16,0.39529039346207856
1985-02-14,0.0,420.61,0.68,-18.07,148.17,0.39529039346207856
1985-02-15,0.0,392.5,1.85,-14.44,204.5,0.39529039346207856
1985-02-16,0.0,413.54,-1.1,-18.36,146.61,0.39529039346207856
1985-02-17,0.0,452.55,-1.38,-23.74,92.04,0.37732264830471135
1985-02-18,0.0,420.91,-2.08,-20.61,120.76,0.37732264830471135
1985-02-19,0.95,416.82,2.97,-18.47,147.98,0.3845097463676582
1985-02-20,3.62,296.83,-1.87,-15.96,178.1,0.39529039346207856
1985-02-21,2.38,364.36,-1.97,-19.71,132.14,0.39529039346207856
1985-02-22,2.23,309.96,-2.81,-14.97,192.54,0.39529039346207856
1985-02-23,2.34,346.74,-1.7,-15.95,175.08,0.39529039346207856
1985-02-24,5.63,205.53,-4.02,-11.84,247.84,0.39529039346207856
1985-02-25,1.73,375.82,-4.26,-19.08,140.09,0.37732264830471135
1985-02-26,0.0,456.87,-3.91,-21.14,116.08,0.3701355502417644
1985-02-27,0.02,479.72,-1.75,-20.93,118.56,0.35935490314734414
1985-02-28,0.13,448.73,-2.06,-18.59,140.73,0.3701355502417644
1985-03-01,9.82,188.47,-3.06,-10.57,273.84,0.37732264830471135
1985-03-02,7.24,236.94,-4.73,-13.84,215.71,0.37732264830471135
1985-03-03,3.16,411.77,-7.42,-23.39,97.95,0.35935490314734414
1985-03-04,0.82,512.82,-9.03,-30.48,43.78,0.35935490314734414
1985-03-05,3.58,315.19,-6.69,-17.91,154.83,0.3701355502417644
1985-03-06,4.92,275.55,-5.37,-15.25,187.73,0.366542001210291
1985-03-07,0.7,463.69,-2.93,-18.43,145.69,0.36294845217881755
1985-03-08,0.0,531.01,-1.32,-20.36,120.51,0.35935490314734414
1985-03-09,0.14,556.81,3.63,-19.05,130.7,0.36294845217881755
1985-03-10,0.2,504.52,3.7,-13.99,196.94,0.366542001210291
1985-03-11,0.69,557.95,4.81,-18.53,132.75,0.36294845217881755
1985-03-12,0.0,551.94,2.78,-18.18,138.96,0.35935490314734414
1985-03-13,0.0,582.02,5.21,-19.54,121.17,0.35935490314734414
1985-03-14,0.0,575.76,6.58,-17.09,140.3,0.366542001210291
1985-03-15,0.0,579.04,7.93,-15.97,146.96,0.366542001210291
1985-03-16,0.0,583.04,9.33,-14.77,162.15,0.366542001210291
1985-03-17,0.0,568.65,8.09,-14.02,173.33,0.3701355502417644
1985-03-18,0.0,550.56,7.0,-13.22,186.52,0.37732264830471135
1985-03-19,0.0,556.62,6.41,-13.93,175.38,0.37732264830471135
1985-03-20,0.0,530.2,5.63,-12.57,199.14,0.37732264830471135
1985-03-21,4.97,399.46,0.62,-14.4,192.56,0.3701355502417644
1985-03-22,4.9,332.19,-4.81,-17.04,158.73,0.35935490314734414
1985-03-23,2.2,327.5,-3.22,-13.82,208.47,0.3701355502417644
1985-03-24,3.27,332.52,3.59,-7.56,334.27,0.37732264830471135
1985-03-25,8.18,250.62,0.2,-8.84,309.94,0.3845097463676582
1985-03-26,7.0,263.69,-3.45,-12.9,227.16,0.37732264830471135
1985-03-27,8.2,249.04,-5.36,-14.02,212.32,0.3701355502417644
1985-03-28,3.03,442.85,-2.43,-16.5,169.86,0.3701355502417644
1985-03-29,0.54,581.27,-2.43,-21.45,109.58,0.35935490314734414
1985-03-30,3.9,555.77,-0.27,-22.65,97.42,0.35935490314734414
1985-03-31,4.0,382.23,2.39,-9.21,302.29,0.3701355502417644
1985-04-01,0.01,460.05,7.31,-5.47,401.15,0.3845097463676582
1985-04-02,0.0,445.45,8.32,-3.85,442.72,0.4132581386194457
1985-04-03,2.53,419.39,6.12,-6.29,365.87,0.4024774915250254
1985-04-04,5.08,364.86,1.59,-10.23,281.0,0.37732264830471135
1985-04-05,1.03,405.97,1.74,-9.34,299.62,0.3701355502417644
1985-04-06,0.0,618.12,6.87,-12.17,225.79,0.3737290992732379
1985-04-07,0.0,652.17,9.01,-12.13,216.64,0.37732264830471135
1985-04-08,1.33,594.21,10.86,-9.66,262.06,0.3881032953991316
1985-04-09,0.0,625.86,12.66,-6.6,320.55,0.40966458958797225
1985-04-10,0.0,636.6,13.4,-6.11,325.93,0.45278717796565354
1985-04-11,1.13,491.42,8.47,-4.91,392.54,0.5102839624692286
1985-04-12,2.91,519.9,10.04,-5.9,368.11,0.521064609563649
1985-04-13,0.0,664.64,13.16,-6.99,301.16,0.5498130018154365
1985-04-14,0.0,628.57,14.25,-3.45,396.38,0.6216839824449052
1985-04-15,0.0,613.68,14.37,-2.32,434.48,0.7690194927353164
1985-04-16,0.0,614.21,15.4,-1.16,465.94,0.8193291791759445
1985-04-17,0.0,528.63,12.2,-0.83,510.81,1.027755023001404
1985-04-18,0.0,562.11,11.51,-2.14,457.59,1.0385356700958244
1985-04-19,0.05,589.88,5.75,-8.44,294.08,1.0816582584735057
1985-04-20,3.08,377.8,-3.1,-12.52,229.88,0.88760661077394
1985-04-21,7.73,320.03,-2.74,-11.85,247.33,0.7690194927353164
1985-04-22,3.72,446.89,0.55,-11.73,245.68,0.693554963074374
1985-04-23,7.0,443.27,0.72,-12.33,233.85,0.6432452766337459
1985-04-24,1.38,564.28,-0.83,-14.95,185.19,0.6073097863190116
1985-04-25,0.28,639.86,-0.6,-16.92,156.73,0.5857484921301709
1985-04-26,0.11,665.92,4.63,-12.95,206.14,0.5713742960042771
1985-04-27,0.0,689.42,7.76,-10.95,231.3,0.5713742960042771
1985-04-28,0.0,697.29,14.04,-5.28,329.08,0.6180904334134318
1985-04-29,0.0,717.44,15.72,-4.94,324.98,0.7618323946723695
1985-04-30,0.0,701.91,16.8,-3.08,369.22,1.034942121064351
1985-05-01,0.0,717.01,17.75,-3.21,356.07,1.3799228280858014
1985-05-02,0.0,696.23,19.09,-0.87,423.61,1.6638132015722034
1985-05-03,5.13,465.88,14.1,0.2,553.9,2.0914455363175426
1985-05-04,0.36,548.98,8.52,-4.9,384.15,2.490329478811095
1985-05-05,0.0,597.18,7.95,-6.81,325.65,1.9584842221530254
1985-05-06,0.0,730.86,14.25,-7.46,266.83,1.7069357899498843
1985-05-07,0.0,673.03,16.44,-2.01,410.14,1.8866132415235566
1985-05-08,0.0,648.45,16.26,-1.08,445.52,2.4436133414019396
1985-05-09,1.09,555.96,13.88,-0.33,495.51,2.5981359497552976
1985-05-10,9.33,334.14,9.13,-0.78,557.73,2.6843811265106603
1985-05-11,9.86,312.24,3.36,-5.46,408.16,2.8892134213046465
1985-05-12,4.89,448.57,2.46,-9.49,294.4,2.2639358898282675
1985-05-13,0.11,713.59,9.02,-9.99,231.28,1.8938003395865033
1985-05-14,0.06,751.33,14.17,-7.75,245.23,1.7716196725164064
1985-05-15,0.0,632.83,12.62,-2.98,393.11,1.832710006051455
1985-05-16,0.0,559.35,10.15,-2.51,436.24,1.9656713202159721
1985-05-17,2.1,542.66,9.07,-3.82,395.62,1.9045809866809236
1985-05-18,1.61,560.8,11.44,-2.89,415.82,1.8902067905550302
1985-05-19,0.0,751.98,17.28,-4.41,304.52,2.0411358498769143
1985-05-20,0.0,713.46,17.41,-2.06,372.5,2.461581086559307
1985-05-21,0.0,731.57,18.95,-2.02,360.42,2.705942420699501
1985-05-22,0.0,721.06,19.51,-1.11,380.11,3.0724844219097918
1985-05-23,0.0,718.56,19.21,-1.29,372.57,3.3815296386165077
1985-05-24,0.74,671.09,19.98,-0.03,419.75,3.701355502417644
1985-05-25,4.19,500.4,16.77,1.22,557.13,4.132581386194458
1985-05-26,11.01,386.93,13.5,1.15,621.98,4.8153557021744104
1985-05-27,5.24,410.52,13.2,0.2,592.31,4.348194328082863
1985-05-28,6.74,359.97,11.01,0.06,602.82,3.9888394249355197
1985-05-29,5.5,484.09,12.42,-3.55,437.14,3.701355502417644
1985-05-30,2.78,438.06,5.7,-5.33,390.11,3.392310285710928
1985-05-31,1.41,625.89,13.02,-4.25,368.77,2.8856198722731734
1985-06-01,7.35,460.93,11.37,-2.5,468.45,2.7885940484233904
1985-06-02,3.51,483.1,9.56,-2.48,479.87,2.8496843819584385
1985-06-03,0.0,703.32,13.94,-4.29,343.35,2.583761753629404
1985-06-04,1.73,557.33,13.2,-0.52,502.88,2.5873553026608773
1985-06-05,6.47,313.7,11.02,2.37,716.08,2.76703275423455
1985-06-06,4.99,318.22,11.95,3.63,779.66,3.773226483047113
1985-06-07,0.92,656.67,21.66,4.38,628.0,4.096645895879723
1985-06-08,0.0,650.84,18.63,2.99,578.83,4.671613740915473
1985-06-09,0.0,707.12,16.73,-1.51,407.1,3.9888394249355197
1985-06-10,0.01,685.44,16.19,-1.22,426.36,3.489336109560711
1985-06-11,0.0,698.31,15.75,-2.43,388.06,3.119200559318947
1985-06-12,0.0,757.62,20.13,-3.15,333.95,2.9395231077452744
1985-06-13,0.0,664.55,18.17,1.09,501.56,2.925148911619381
1985-06-14,0.0,694.35,19.56,1.16,486.23,2.8568714800213857
1985-06-15,0.0,692.43,20.55,1.9,506.53,2.8389037348640183
1985-06-16,0.0,679.11,20.34,2.16,521.67,2.871245676147279
1985-06-17,0.0,743.21,20.54,-1.93,368.59,2.716723067793921
1985-06-18,0.0,750.57,21.66,-1.52,371.55,2.5442327142831966
1985-06-19,0.0,748.73,24.31,0.29,415.33,2.45439398849636
1985-06-20,0.0,677.24,21.92,2.94,537.82,2.4256455962445727
1985-06-21,0.0,676.28,18.44,0.02,441.5,2.3681488117409977
1985-06-22,0.47,660.87,20.25,1.85,499.39,2.2351874975764803
1985-06-23,0.0,688.01,21.95,2.49,497.08,2.166910065978485
1985-06-24,13.26,465.19,16.24,0.19,543.54,2.2064391053246926
1985-06-25,10.81,237.35,5.12,-1.9,535.03,2.307058478205949
1985-06-26,3.56,480.32,8.84,-3.77,434.44,2.199252007261746
1985-06-27,0.0,677.64,15.01,-3.34,356.37,2.0806648892231223
1985-06-28,0.3,699.46,20.92,-0.23,412.62,1.980045516341866
1985-06-29,0.0,674.43,22.32,3.02,515.93,1.9261422808697644
1985-06-30,0.0,707.64,23.61,2.05,450.39,1.8794261434606097
1985-07-01,0.05,684.44,23.64,3.17,500.33,1.8363035550829283
1985-07-02,0.0,691.92,24.66,3.3,497.56,1.793180966705247
1985-07-03,0.0,669.23,25.85,5.44,580.44,1.7572454763905128
1985-07-04,0.0,687.81,26.29,4.51,518.73,1.7213099860757781
1985-07-05,0.0,675.99,27.28,5.67,561.83,1.678187397698097
1985-07-06,0.0,668.03,27.16,5.6,566.97,1.6494390054463095
1985-07-07,0.0,570.23,24.72,7.88,755.47,1.6063164170686282
1985-07-08,0.2,626.15,25.55,6.08,618.86,1.588348671911261
1985-07-09,0.09,651.93,26.19,5.45,571.94,1.5452260835335796
1985-07-10,0.0,627.28,26.94,7.17,659.82,1.5056970441873718
1985-07-11,0.7,488.49,22.32,7.68,828.32,1.4769486519355843
1985-07-12,3.54,399.55,17.72,4.72,771.01,1.498509946124425
1985-07-13,0.77,560.4,19.74,2.68,561.78,1.5056970441873718
1985-07-14,0.77,602.05,22.13,2.89,537.61,1.4446067106523233
1985-07-15,0.0,643.6,24.69,4.15,546.52,1.3907034751802216
1985-07-16,0.78,598.52,24.2,4.46,591.53,1.3619550829284341
1985-07-17,7.44,388.39,19.2,4.36,763.72,1.3655486319599077
1985-07-18,4.18,507.79,20.98,3.35,643.54,1.387109926148748
1985-07-19,0.91,619.69,22.69,2.23,533.89,1.3224260435822264
1985-07-20,0.0,639.92,24.91,4.22,581.0,1.2864905532674917
1985-07-21,0.0,630.19,25.38,4.81,590.17,1.2541486119842309
1985-07-22,1.6,595.92,25.88,5.39,627.41,1.23258731779539
1985-07-23,10.14,360.07,18.6,4.79,807.07,1.2505550629527575
1985-07-24,6.27,421.26,18.03,3.62,728.95,1.3799228280858014
1985-07-25,0.0,626.5,23.19,2.39,529.14,1.23258731779539
1985-07-26,0.0,646.08,25.61,3.09,534.2,1.1750905332918151
1985-07-27,0.66,551.39,23.56,4.97,679.79,1.1427485920085543
1985-07-28,1.41,554.36,22.73,3.38,614.43,1.124780846851187
1985-07-29,9.14,233.32,13.44,4.81,862.72,1.1355614939456073
1985-07-30,14.5,275.85,12.84,2.89,758.09,1.182277631354762
1985-07-31,7.26,472.82,17.7,1.15,633.96,1.3978905732431683
1985-08-01,0.0,560.65,22.48,4.68,738.77,1.2397744158583373
1985-08-02,9.72,398.59,15.49,1.79,681.46,1.124780846851187
1985-08-03,3.25,345.93,11.83,1.47,684.57,1.1714969842603418
1985-08-04,0.0,578.64,18.79,0.64,577.85,1.1930582784491826
1985-08-05,0.0,582.86,21.57,2.92,660.88,1.0816582584735057
1985-08-06,2.01,568.96,22.05,2.32,639.88,1.034942121064351
1985-08-07,0.0,612.75,22.8,1.73,595.11,1.00260017978109
1985-08-08,0.0,543.57,18.42,1.55,634.24,0.9774453365607759
1985-08-09,0.0,578.35,15.46,-2.87,451.65,0.9486969443089884
1985-08-10,0.0,585.91,18.53,-0.77,498.26,0.9235421010886744
1985-08-11,3.03,398.41,13.3,0.24,611.57,0.912761453994254
1985-08-12,8.13,252.92,7.92,-0.19,604.09,0.912761453994254
1985-08-13,0.43,440.44,10.49,-2.04,516.2,0.9810388855922494
1985-08-14,0.0,598.5,15.91,-4.04,407.66,0.9522904933404618
1985-08-15,0.0,545.65,17.64,0.38,573.36,0.88760661077394
1985-08-16,0.24,515.08,14.85,-1.23,526.52,0.8552646694906789
1985-08-17,0.0,613.44,19.61,-2.63,431.44,0.822922728207418
1985-08-18,0.0,586.35,21.74,0.7,553.92,0.8049549830500508
1985-08-19,1.73,472.7,19.37,2.11,670.85,0.7977678849871038
1985-08-20,0.0,570.03,21.43,1.36,591.75,0.7798001398297367
1985-08-21,0.0,528.6,19.76,2.05,648.23,0.7546452966094227
1985-08-22,0.0,480.71,15.55,0.44,610.48,0.7438646495150023
1985-08-23,0.0,603.27,20.68,-2.77,434.76,0.7258969043576351
1985-08-24,0.0,611.14,24.1,-1.32,465.04,0.7151162572632147
1985-08-25,0.0,602.19,26.18,0.9,523.69,0.6971485121058476
1985-08-26,0.0,551.01,25.71,4.34,690.11,0.6827743159799539
1985-08-27,0.45,516.04,24.49,4.79,728.5,0.6719936688855335
1985-08-28,0.07,478.01,21.33,4.07,721.09,0.6648065708225865
1985-08-29,0.25,526.26,22.35,1.61,571.86,0.6576194727596396
1985-08-30,0.62,480.76,22.91,4.37,720.09,0.6468388256652193
1985-08-31,5.75,354.11,18.39,2.26,699.41,0.6540259237281663
1985-09-01,9.79,365.17,17.95,-0.6,573.81,0.6719936688855335
1985-09-02,7.27,232.9,11.46,1.22,672.59,0.700742061137321
1985-09-03,2.01,399.44,15.95,0.28,609.27,0.7151162572632147
1985-09-04,0.07,492.93,18.29,-0.72,527.39,0.6540259237281663
1985-09-05,0.0,265.59,13.95,4.97,871.78,0.6324646295393256
1985-09-06,0.0,279.23,14.18,5.09,878.09,0.6288710805078521
1985-09-07,0.0,391.47,15.98,2.37,709.49,0.6180904334134318
1985-09-08,2.67,371.95,16.68,0.97,644.11,0.6037162372875381
1985-09-09,4.67,323.76,15.0,1.83,694.3,0.6360581785707992
1985-09-10,2.92,369.36,15.46,0.65,630.81,0.6540259237281663
1985-09-11,10.97,336.93,15.37,-0.9,573.5,0.6180904334134318
1985-09-12,11.91,182.47,6.11,-1.99,533.75,0.6468388256652193
1985-09-13,3.08,385.22,12.33,-3.09,486.49,0.7366775514520554
1985-09-14,0.0,424.15,15.33,-0.6,582.99,0.700742061137321
1985-09-15,0.0,400.63,14.76,-0.19,601.13,0.6468388256652193
1985-09-16,0.0,399.8,13.2,-1.6,543.94,0.6216839824449052
1985-09-17,6.51,217.98,8.33,-0.65,588.2,0.6037162372875381
1985-09-18,11.21,164.36,5.79,-1.21,563.48,0.6252775314763788
1985-09-19,6.51,209.6,4.79,-4.13,454.62,0.6827743159799539
1985-09-20,0.28,417.32,9.76,-5.68,403.01,0.6863678650114272
1985-09-21,6.33,201.71,6.09,-2.92,494.8,0.6863678650114272
1985-09-22,2.55,300.04,3.94,-7.19,360.49,0.6791807669484803
1985-09-23,1.42,325.81,3.3,-7.88,338.23,0.6360581785707992
1985-09-24,4.66,229.82,3.64,-5.31,415.43,0.6216839824449052
1985-09-25,1.24,401.98,8.02,-6.49,380.11,0.6180904334134318
1985-09-26,0.0,453.98,11.39,-4.96,424.24,0.6109033353504849
1985-09-27,3.97,346.89,3.46,-10.52,280.6,0.6180904334134318
1985-09-28,1.98,327.27,-3.39,-14.5,203.99,0.5821549430986974
1985-09-29,0.0,481.32,-0.19,-17.69,154.33,0.5354388056895427
1985-09-30,0.0,508.0,7.26,-15.11,190.23,0.5498130018154365
1985-10-01,0.13,472.74,9.57,-9.01,304.28,0.5498130018154365
1985-10-02,0.0,424.56,10.32,-4.73,432.95,0.5605936489098567
1985-10-03,2.5,344.76,4.75,-8.48,329.89,0.5605936489098567
1985-10-04,0.12,469.06,7.13,-12.36,238.38,0.5282517076265958
1985-10-05,0.0,425.03,10.07,-5.94,389.22,0.5174710605321755
1985-10-06,4.21,295.24,9.84,-2.69,502.66,0.5174710605321755
1985-10-07,12.88,316.74,3.03,-12.84,232.17,0.5498130018154365
1985-10-08,5.13,255.24,-4.89,-15.76,184.31,0.5354388056895427
1985-10-09,1.44,375.73,-2.17,-16.33,171.77,0.5066904134377551
1985-10-10,0.0,451.67,5.97,-13.59,213.86,0.5066904134377551
1985-10-11,0.01,428.45,8.03,-10.13,283.39,0.5282517076265958
1985-10-12,4.82,265.08,1.67,-9.37,301.51,0.5390323547210162
1985-10-13,0.29,418.09,3.46,-14.5,201.04,0.5066904134377551
1985-10-14,0.0,326.43,2.96,-8.76,312.43,0.5102839624692286
1985-10-15,0.12,323.27,7.69,-4.27,449.32,0.5102839624692286
1985-10-16,0.02,391.46,10.68,-5.89,395.16,0.5030968644062818
1985-10-17,0.0,389.58,10.3,-6.91,363.86,0.5066904134377551
1985-10-18,0.0,397.78,10.91,-7.65,345.75,0.4959097663433349
1985-10-19,0.0,386.38,13.17,-5.36,411.87,0.48512911924891455
1985-10-20,0.0,350.0,12.16,-3.57,472.16,0.48872266828038796
1985-10-21,1.22,291.26,10.68,-2.6,507.49,0.48512911924891455
1985-10-22,6.85,178.67,1.81,-6.49,379.65,0.4923162173118614
1985-10-23,9.28,98.38,-0.28,-4.93,427.24,0.4959097663433349
1985-10-24,2.05,135.47,3.49,-2.19,522.8,0.4923162173118614
1985-10-25,0.13,183.5,6.39,-0.82,577.78,0.4995033153748083
1985-10-26,0.0,275.26,7.85,-3.56,472.44,0.5030968644062818
1985-10-27,0.0,326.41,11.75,-3.48,474.59,0.4995033153748083
1985-10-28,0.0,311.61,9.79,-4.58,440.09,0.48512911924891455
1985-10-29,0.0,346.12,10.03,-7.74,341.15,0.48512911924891455
1985-10-30,0.0,298.52,8.51,-5.36,414.76,0.4743484721544942
1985-10-31,0.16,244.76,3.37,-7.17,358.87,0.4743484721544942
1985-11-01,3.87,133.3,-0.88,-7.52,348.56,0.45997427602860047
1985-11-02,1.41,146.2,1.92,-4.14,452.82,0.4635678250600739
1985-11-03,0.0,229.47,4.86,-4.41,444.29,0.46716137409154734
1985-11-04,4.23,256.98,9.0,-5.23,417.16,0.45997427602860047
1985-11-05,4.58,212.65,3.2,-8.97,315.76,0.45997427602860047
1985-11-06,4.17,142.87,-2.22,-9.07,310.24,0.44919362893418013
1985-11-07,10.52,112.94,-1.51,-7.28,355.26,0.4420065308712332
1985-11-08,12.85,180.39,-2.4,-11.83,253.27,0.456380726997127
1985-11-09,5.67,219.23,-5.43,-17.55,159.21,0.4384129818397598
1985-11-10,3.76,247.43,-7.44,-21.63,112.42,0.4024774915250254
1985-11-11,3.41,208.0,-5.22,-15.69,178.73,0.4060710405564988
1985-11-12,0.68,282.63,-1.4,-14.18,205.26,0.4312258837768129
1985-11-13,0.13,252.31,-1.56,-12.36,237.65,0.43481943280828633
1985-11-14,0.0,298.4,2.24,-11.89,248.7,0.4312258837768129
1985-11-15,0.0,291.77,0.54,-13.32,216.77,0.4132581386194457
1985-11-16,0.0,248.93,-3.56,-13.88,209.0,0.4060710405564988
1985-11-17,2.8,211.98,-3.79,-15.07,191.93,0.4204452366823926
1985-11-18,4.21,208.56,-8.43,-20.67,121.9,0.4168516876509191
1985-11-19,2.64,202.76,-12.92,-22.69,101.62,0.3737290992732379
1985-11-20,2.04,201.38,-12.84,-21.79,112.86,0.3521678050843972
1985-11-21,3.06,157.5,-13.15,-20.66,121.07,0.32341941283260967
1985-11-22,4.15,196.91,-14.19,-24.86,79.93,0.30185811864376905
1985-11-23,0.94,239.42,-13.82,-24.64,80.0,0.2874839225178753
1985-11-24,14.12,194.62,-7.64,-19.37,128.68,0.2731097263919815
1985-11-25,9.81,174.03,-6.59,-16.44,170.74,0.2659226283290346
1985-11-26,0.31,210.02,-9.52,-18.34,148.25,0.2515484322031409
1985-11-27,0.99,154.02,-9.25,-15.79,182.14,0.2551419812346143
1985-11-28,6.18,145.3,-8.06,-15.1,193.56,0.2659226283290346
1985-11-29,10.67,181.73,-8.9,-19.13,134.1,0.2695161773605081
1985-11-30,7.58,195.04,-12.38,-23.8,90.88,0.26232907929756116
1985-12-01,4.06,175.09,-14.01,-23.19,96.94,0.25873553026608775
1985-12-02,8.33,202.12,-6.45,-18.58,147.37,0.25873553026608775
1985-12-03,10.05,168.87,-3.82,-13.54,218.91,0.2874839225178753
1985-12-04,2.33,253.67,-2.55,-16.7,166.98,0.3090452167067159
1985-12-05,0.0,265.74,-1.87,-15.33,187.23,0.3173103794791048
1985-12-06,1.06,242.59,-1.16,-14.43,200.83,0.32054457360743094
1985-12-07,0.21,158.76,-3.97,-10.65,272.75,0.3306065108955566
1985-12-08,0.07,209.75,-4.44,-13.9,211.43,0.3374342540553561
1985-12-09,0.45,233.33,-7.61,-19.57,131.95,0.32737231676723044
1985-12-10,0.36,258.82,-12.77,-27.17,72.35,0.3086858618035686
1985-12-11,0.37,269.97,-13.42,-29.95,44.41,0.2946710205808222
1985-12-12,2.97,150.09,-14.01,-22.44,103.91,0.2731097263919815
1985-12-13,1.9,182.08,-10.49,-19.37,132.39,0.27670327542345496
1985-12-14,1.59,155.35,-9.48,-16.48,167.56,0.2874839225178753
1985-12-15,1.06,160.43,-7.66,-14.47,200.23,0.30185811864376905
1985-12-16,1.65,145.54,-6.74,-13.04,225.26,0.3162323147696628
1985-12-17,2.14,125.55,-5.19,-10.36,279.01,0.3165916696728101
1985-12-18,0.54,184.31,-3.17,-11.02,265.53,0.31515425006022074
1985-12-19,0.0,241.62,-1.82,-13.13,224.92,0.31227941083504207
1985-12-20,0.0,231.98,-0.06,-10.59,273.67,0.31407618535077875
1985-12-21,0.0,259.16,0.25,-13.31,221.7,0.31227941083504207
1985-12-22,0.0,263.0,0.57,-13.94,211.37,0.3068890872878319
1985-12-23,0.3,238.54,-2.27,-14.22,205.31,0.3068890872878319
1985-12-24,0.0,241.22,-1.78,-13.71,213.83,0.3115607010287473
1985-12-25,0.0,263.44,-0.74,-14.83,195.56,0.3079671519972739
1985-12-26,0.0,240.81,-4.23,-16.05,174.29,0.3029361833532111
1985-12-27,0.0,236.01,-5.19,-16.49,162.66,0.3104826363193053
1985-12-28,0.0,260.72,-2.95,-16.99,163.42,0.3036548931595058
1985-12-29,0.0,261.96,-1.84,-15.98,177.39,0.3158729598665154
1985-12-30,0.0,231.29,-5.91,-16.92,166.49,0.30545166767524246
1985-12-31,0.0,225.85,-6.82,-17.45,158.9,0.3047329578689478
1986-01-01,7.84,154.35,-5.63,-15.23,189.95,0.3032955382563584
1986-01-02,6.3,145.79,-6.18,-15.44,187.64,0.2975458598060009
1986-01-03,5.14,135.72,-6.15,-14.36,205.02,0.29826456961229564
1986-01-04,2.52,229.49,-6.2,-21.13,115.92,0.29610844019341154
1986-01-05,3.51,229.27,-6.18,-21.29,114.73,0.289280697033612
1986-01-06,3.32,173.28,-5.3,-15.91,178.1,0.30257682845006373
1986-01-07,0.0,244.96,-3.85,-16.47,172.08,0.2957490852902642
1986-01-08,0.14,257.88,-1.24,-15.3,189.38,0.29215553625879076
1986-01-09,0.03,213.43,-2.08,-12.64,236.61,0.29251489116193813
1986-01-10,0.0,225.04,1.24,-9.64,296.33,0.2935929558713801
1986-01-11,0.0,265.92,2.6,-12.07,245.96,0.2968271499997062
1986-01-12,0.0,290.0,2.55,-15.07,192.44,0.2917961813556434
1986-01-13,0.0,279.58,1.46,-14.13,209.03,0.2899994068399067
1986-01-14,0.0,295.61,1.86,-15.63,184.09,0.28892134213046466
1986-01-15,2.01,235.0,-2.56,-14.84,197.61,0.28712456761472793
1986-01-16,10.33,141.89,-2.29,-10.3,280.13,0.28964005193675935
1986-01-17,6.03,165.04,-1.28,-10.7,277.37,0.2943116656776748
1986-01-18,3.49,195.98,-0.3,-11.19,262.2,0.28712456761472793
1986-01-19,0.0,248.5,4.65,-6.38,382.31,0.29287424606508544
1986-01-20,8.42,193.65,0.03,-11.3,263.83,0.30113940883747436
1986-01-21,4.82,199.06,-5.96,-15.89,180.91,0.3022174735469164
1986-01-22,1.68,256.87,-5.21,-17.89,152.83,0.2950303754839695
1986-01-23,5.51,174.68,-3.66,-12.61,233.29,0.3043736029658004
1986-01-24,2.31,201.0,-6.93,-15.76,184.51,0.3086858618035686
1986-01-25,0.72,312.05,-4.34,-19.37,132.57,0.2989832794185903
1986-01-26,0.46,331.11,-0.03,-17.64,156.39,0.2971865049028536
1986-01-27,0.0,327.25,1.92,-13.71,217.03,0.3097639265130106
1986-01-28,0.07,241.88,0.57,-8.69,318.21,0.31874779909169426
1986-01-29,4.28,148.5,0.74,-6.06,395.71,0.3212632834137256
1986-01-30,4.88,103.98,0.42,-4.37,445.1,0.3363561893459141
1986-01-31,2.48,139.18,0.97,-4.58,439.45,0.35180845018124984
1986-02-01,1.49,168.55,0.69,-5.81,404.02,0.36294845217881755
1986-02-02,1.42,211.78,0.85,-6.92,371.67,0.3701355502417644
1986-02-03,5.46,147.07,-2.48,-8.66,324.34,0.37732264830471135
1986-02-04,1.83,286.11,-3.02,-14.29,207.5,0.3737290992732379
1986-02-05,0.15,329.51,-3.47,-15.51,184.97,0.36294845217881755
1986-02-06,0.34,353.91,-6.66,-20.69,120.45,0.35935490314734414
1986-02-07,0.0,397.8,-7.91,-26.58,73.72,0.3169510245759575
1986-02-08,0.0,393.0,-11.63,-28.91,53.69,0.30832650690042124
1986-02-09,0.12,394.92,-10.01,-27.71,66.32,0.30545166767524246
1986-02-10,0.43,386.24,-9.89,-26.71,76.99,0.30185811864376905
1986-02-11,0.49,419.31,-8.87,-31.87,40.0,0.30185811864376905
1986-02-12,9.22,304.16,-8.85,-24.95,83.64,0.30185811864376905
1986-02-13,12.06,230.07,-6.61,-16.23,165.31,0.3126387657381894
1986-02-14,18.2,226.68,-2.92,-12.14,242.46,0.32341941283260967
1986-02-15,19.8,126.8,-0.96,-5.7,400.44,0.33420005992703
1986-02-16,13.72,91.71,-1.46,-4.58,436.22,0.34174651289312424
1986-02-17,18.8,89.94,-1.56,-4.52,438.82,0.34534006192459765
1986-02-18,19.12,109.69,-0.98,-4.65,435.69,0.3586361933410494
1986-02-19,16.15,257.63,-1.93,-11.48,258.9,0.35935490314734414
1986-02-20,9.49,307.23,-1.18,-13.4,221.43,0.3737290992732379
1986-02-21,8.14,209.58,-3.5,-10.37,276.62,0.39529039346207856
1986-02-22,15.24,201.7,-2.47,-8.98,310.47,0.4060710405564988
1986-02-23,10.35,181.09,0.08,-5.54,406.04,0.4132581386194457
1986-02-24,8.26,189.24,3.69,-1.84,534.27,0.4384129818397598
1986-02-25,0.66,266.07,5.9,-0.33,594.83,0.4779420211859677
1986-02-26,0.0,460.5,5.6,-7.27,360.52,0.5030968644062818
1986-02-27,0.0,514.89,6.02,-12.39,234.44,0.48512911924891455
1986-02-28,0.0,521.41,10.11,-9.98,281.59,0.47075492312302075
1986-03-01,0.0,514.95,9.77,-8.8,308.67,0.46716137409154734
1986-03-02,0.0,508.77,9.0,-8.34,320.39,0.47075492312302075
1986-03-03,0.0,528.53,9.68,-10.53,271.1,0.45997427602860047
1986-03-04,0.0,492.05,7.4,-8.3,320.66,0.45997427602860047
1986-03-05,0.0,507.45,7.28,-9.54,291.49,0.45278717796565354
1986-03-06,1.77,388.29,5.56,-6.15,383.26,0.4635678250600739
1986-03-07,12.55,178.55,2.65,-3.12,487.07,0.46716137409154734
1986-03-08,18.68,197.33,1.35,-4.81,433.11,0.5030968644062818
1986-03-09,8.63,288.57,1.36,-7.73,344.65,0.5066904134377551
1986-03-10,5.81,311.74,0.35,-9.49,299.89,0.4923162173118614
1986-03-11,5.03,331.23,1.92,-8.3,330.37,0.48872266828038796
1986-03-12,1.27,427.63,1.9,-8.81,317.03,0.48512911924891455
1986-03-13,1.78,485.62,0.58,-12.87,231.27,0.4815355702174411
1986-03-14,2.06,504.6,1.36,-13.86,210.44,0.45997427602860047
1986-03-15,0.0,566.93,0.29,-14.93,194.52,0.46716137409154734
1986-03-16,0.63,571.9,2.24,-16.15,174.01,0.4384129818397598
1986-03-17,0.49,498.64,0.83,-11.36,256.34,0.46716137409154734
1986-03-18,0.28,547.92,0.03,-14.71,200.21,0.43481943280828633
1986-03-19,0.55,472.33,2.02,-9.43,298.59,0.44560007990270667
1986-03-20,0.0,574.41,7.05,-9.44,296.72,0.4420065308712332
1986-03-21,0.0,563.54,8.03,-7.79,335.97,0.4420065308712332
1986-03-22,0.0,477.04,5.92,-5.75,399.35,0.45997427602860047
1986-03-23,0.14,517.7,7.28,-6.19,383.13,0.45997427602860047
1986-03-24,4.82,448.18,6.69,-7.38,353.08,0.46716137409154734
1986-03-25,1.77,449.2,0.47,-11.68,250.73,0.46716137409154734
1986-03-26,0.0,576.61,6.02,-10.26,280.14,0.45997427602860047
1986-03-27,0.0,586.39,11.68,-5.74,396.7,0.4779420211859677
1986-03-28,0.0,558.88,12.91,-3.02,484.47,0.5066904134377551
1986-03-29,0.0,558.4,12.49,-3.09,483.22,0.5749678450357506
1986-03-30,0.46,516.17,11.3,-2.84,491.02,0.6540259237281663
1986-03-31,1.7,529.14,6.18,-10.04,281.87,0.7366775514520554
1986-04-01,0.0,617.52,7.28,-10.62,271.19,0.6863678650114272
1986-04-02,0.14,476.84,3.17,-8.0,337.74,0.6612130217911132
1986-04-03,0.0,575.26,3.96,-10.51,274.82,0.5965291392245913
1986-04-04,0.0,616.62,6.21,-10.49,271.28,0.5893420411616443
1986-04-05,0.0,648.05,9.71,-9.25,298.37,0.5857484921301709
1986-04-06,0.0,617.49,12.08,-5.27,406.8,0.6144968843819585
1986-04-07,4.16,553.53,11.85,-5.26,405.9,0.7043356101687944
1986-04-08,4.66,496.7,10.64,-5.16,412.57,0.8337033753018382
1986-04-09,0.16,463.67,6.88,-4.38,439.56,0.9271356501201478
1986-04-10,6.31,358.34,6.91,-3.47,470.55,0.8912001598054133
1986-04-11,5.94,356.41,6.75,-4.04,453.13,0.9019808068998337
1986-04-12,11.92,366.14,3.43,-8.01,338.74,0.8768259636795196
1986-04-13,8.82,396.99,-2.65,-14.83,194.78,0.822922728207418
1986-04-14,0.61,647.36,1.58,-16.87,166.18,0.7510517475779491
1986-04-15,0.22,661.58,7.89,-11.06,260.09,0.7402711004835288
1986-04-16,3.71,393.19,4.76,-6.4,378.09,0.7474581985464758
1986-04-17,0.14,555.19,3.33,-9.79,292.14,0.7294904533891085
1986-04-18,0.06,587.52,2.91,-11.33,258.22,0.6863678650114272
1986-04-19,0.0,518.19,3.49,-8.19,330.81,0.6648065708225865
1986-04-20,0.0,427.84,8.05,-1.21,558.33,0.6540259237281663
1986-04-21,0.0,586.93,13.19,-1.01,559.54,0.6863678650114272
1986-04-22,1.4,595.48,14.48,-1.78,520.15,0.8947937088368868
1986-04-23,1.68,550.01,9.44,-4.76,422.31,1.3008647493933856
1986-04-24,3.19,435.77,5.08,-6.09,388.24,1.2649292590786512
1986-04-25,7.26,396.98,3.51,-7.17,357.04,1.0960324545993994
1986-04-26,7.32,375.79,2.84,-7.68,345.27,1.00260017978109
1986-04-27,8.49,406.68,2.87,-7.72,341.68,0.9199485520572009
1986-04-28,6.35,392.93,4.76,-5.8,398.94,0.8947937088368868
1986-04-29,12.47,402.22,2.52,-8.11,330.69,0.8768259636795196
1986-04-30,5.86,528.87,5.12,-8.54,319.4,0.8408904733647852
1986-05-01,0.0,751.1,14.17,-7.58,334.43,0.8516711204592056
1986-05-02,0.0,722.87,16.6,-3.27,459.0,1.0169743759069838
1986-05-03,0.0,696.85,17.95,-0.45,568.2,1.4805422009670577
1986-05-04,4.39,602.59,14.24,-4.97,413.95,2.1166003795378567
1986-05-05,2.87,496.07,5.1,-8.12,332.25,1.9009874376494504
1986-05-06,2.41,577.38,3.75,-10.14,281.86,1.5703809267538937
1986-05-07,3.69,361.53,3.59,-4.97,423.09,1.3942970242116952
1986-05-08,3.78,407.9,2.28,-6.86,365.81,1.2541486119842309
1986-05-09,6.11,410.41,1.74,-8.9,311.64,1.1607163371659215
1986-05-10,6.45,372.17,3.56,-5.72,401.82,1.1104066507252934
1986-05-11,7.26,370.2,1.69,-7.31,354.52,1.0780647094420324
1986-05-12,2.58,549.63,3.13,-9.6,297.55,1.0241614739699307
1986-05-13,5.56,432.46,4.98,-5.82,394.12,0.9846324346237229
1986-05-14,3.48,523.72,3.48,-9.57,297.89,1.00260017978109
1986-05-15,0.14,701.11,6.3,-9.45,296.28,0.9594775914034087
1986-05-16,0.31,696.37,7.51,-8.5,319.02,0.9307291991516211
1986-05-17,0.08,742.93,9.94,-8.57,308.42,0.937916297214568
1986-05-18,0.1,703.41,11.74,-4.67,419.35,0.9918195326866698
1986-05-19,0.0,703.36,16.09,-0.78,543.72,1.0780647094420324
1986-05-20,0.0,730.49,19.01,0.02,547.09,1.466168004841164
1986-05-21,1.06,715.62,16.01,-3.08,435.28,2.3322133214262633
1986-05-22,5.0,471.33,5.31,-7.93,330.59,2.8317166368010716
1986-05-23,0.73,707.6,8.52,-10.28,272.21,2.184877811135852
1986-05-24,0.0,759.12,14.86,-5.87,339.88,2.0195745556880738
1986-05-25,0.0,762.0,19.01,-2.74,404.27,2.436426243338993
1986-05-26,0.0,743.16,20.34,-0.44,469.19,3.453400619245977
1986-05-27,0.0,751.8,22.33,0.2,478.67,4.491936289341801
1986-05-28,0.0,752.92,22.33,-0.3,460.2,5.426259037524896
1986-05-29,0.0,744.86,22.19,-0.19,466.58,5.965291392245912
1986-05-30,0.0,755.37,23.05,-0.62,446.2,6.252775314763787
1986-05-31,0.0,742.61,23.2,0.43,485.39,6.504323746966929
1986-06-01,0.0,683.11,21.59,2.54,590.92,7.258969043576351
1986-06-02,0.07,704.07,22.91,2.6,581.06,7.294904533891086
1986-06-03,0.94,611.74,19.0,2.03,613.13,7.258969043576351
1986-06-04,3.51,508.51,19.07,1.7,653.9,7.115227082317412
1986-06-05,2.66,593.91,20.21,2.0,619.45,7.294904533891086
1986-06-06,3.38,459.7,15.2,0.9,619.62,7.33084002420582
1986-06-07,3.21,494.5,16.46,1.39,618.01,6.576194727596397
1986-06-08,9.57,340.7,11.98,1.2,662.07,6.252775314763787
1986-06-09,7.55,384.62,11.57,-0.05,607.15,6.899614140429007
1986-06-10,0.58,646.37,15.75,-2.37,431.64,6.252775314763787
1986-06-11,0.0,669.52,19.22,0.31,494.68,6.001226882560647
1986-06-12,1.15,604.09,19.48,1.84,576.53,6.288710805078522
1986-06-13,1.5,598.84,19.36,0.84,541.87,6.073097863190115
1986-06-14,5.55,509.63,18.63,1.51,610.54,5.929355901931178
1986-06-15,2.94,516.12,16.79,1.71,631.05,6.576194727596397
1986-06-16,0.0,671.47,22.17,2.42,573.23,6.252775314763787
1986-06-17,0.0,675.24,24.28,3.86,620.44,6.073097863190115
1986-06-18,0.0,638.69,21.98,3.47,628.71,5.893420411616443
1986-06-19,0.18,586.44,18.66,2.65,634.91,5.498130018154365
1986-06-20,0.03,585.2,16.52,0.68,559.43,5.2106460956364895
1986-06-21,0.0,558.0,14.27,-0.64,524.02,4.887226682803879
1986-06-22,0.0,690.15,18.79,-1.82,426.76,4.491936289341801
1986-06-23,0.0,692.2,22.65,1.48,516.6,4.384129818397597
1986-06-24,0.0,668.66,23.63,3.49,598.46,4.348194328082863
1986-06-25,1.05,604.67,22.6,4.05,662.31,4.276323347453395
1986-06-26,1.08,615.91,22.94,3.45,634.08,4.276323347453395
1986-06-27,0.65,620.4,23.66,5.28,713.28,4.132581386194458
1986-06-28,1.06,562.68,22.4,5.61,774.03,3.9888394249355197
1986-06-29,0.85,527.43,19.43,4.85,764.78,3.916968444306051
1986-06-30,0.0,612.29,18.24,1.68,579.29,3.773226483047113
1986-07-01,0.0,671.59,21.48,2.16,560.94,3.582768384379021
1986-07-02,0.0,663.94,24.22,4.84,665.62,3.4498070702145034
1986-07-03,0.5,521.89,21.01,6.96,875.06,3.356374795396194
1986-07-04,1.6,575.62,18.12,1.33,604.14,3.298878010892619
1986-07-05,0.0,575.68,12.01,-2.6,465.56,3.1623231476966285
1986-07-06,0.0,682.39,16.47,-3.3,395.33,2.9862392451544295
1986-07-07,2.34,499.75,16.43,1.3,618.06,2.874839225178753
1986-07-08,4.72,472.17,18.56,1.35,630.02,2.802968244549284
1986-07-09,8.05,371.91,15.48,2.76,746.2,2.810155342612231
1986-07-10,8.46,330.79,13.57,2.68,745.94,2.871245676147279
1986-07-11,9.04,338.45,12.74,2.14,719.29,2.864058578084333
1986-07-12,0.0,614.34,16.11,-0.36,519.03,2.738284361982762
1986-07-13,0.0,632.04,19.8,2.21,583.29,2.565794008472037
1986-07-14,0.0,627.21,22.25,4.48,672.19,2.4723617336537274
1986-07-15,0.0,595.75,20.86,4.52,700.44,2.404084302055732
1986-07-16,6.78,420.32,17.54,2.79,729.38,2.3681488117409977
1986-07-17,3.21,582.69,16.42,-2.13,465.17,2.457987537527834
1986-07-18,1.36,565.61,17.17,1.5,604.64,2.2854971840171086
1986-07-19,0.37,663.57,20.73,0.1,498.17,2.2172197524191133
1986-07-20,0.0,614.17,20.76,3.51,659.65,2.134568124695224
1986-07-21,0.0,628.1,21.7,3.54,651.96,2.0806648892231223
1986-07-22,3.77,526.65,21.45,4.47,751.41,2.0375423008454407
1986-07-23,1.92,550.55,20.57,4.85,766.69,1.9908261634362863
1986-07-24,5.56,427.45,18.34,3.73,781.68,1.9836390653733396
1986-07-25,10.84,322.08,14.63,4.17,833.33,2.012387457625127
1986-07-26,7.13,342.51,14.26,3.15,773.1,2.148942320821118
1986-07-27,4.79,375.8,14.42,2.06,711.69,2.0914455363175426
1986-07-28,2.42,533.64,18.51,1.66,628.7,1.9836390653733396
1986-07-29,1.89,516.63,18.99,3.24,693.02,1.9225487318382908
1986-07-30,4.28,416.12,16.13,2.92,733.69,1.875832594429136
1986-07-31,2.31,533.3,19.14,2.12,641.66,1.8363035550829283
1986-08-01,0.21,625.25,21.25,3.23,634.98,1.7824003196108267
1986-08-02,0.0,643.94,22.7,3.32,623.63,1.7141228880128314
1986-08-03,0.0,629.22,23.63,4.81,688.1,1.678187397698097
1986-08-04,0.05,606.45,21.77,3.82,658.39,1.638658358351889
1986-08-05,0.0,609.77,22.04,4.06,662.81,1.5991293190056812
1986-08-06,0.0,636.16,22.88,2.98,589.7,1.5560067306279999
1986-08-07,0.0,643.95,24.02,3.34,590.2,1.5092905932188454
1986-08-08,0.0,590.23,21.97,4.09,654.02,1.4805422009670577
1986-08-09,0.14,591.28,21.65,3.46,613.05,1.4553873577467435
1986-08-10,0.0,631.32,23.52,2.75,538.83,1.4194518674320091
1986-08-11,0.33,546.43,22.28,5.67,721.93,1.387109926148748
1986-08-12,1.47,524.34,19.78,2.79,603.4,1.3619550829284341
1986-08-13,0.56,552.81,18.3,1.23,532.16,1.3547679848654874
1986-08-14,0.0,573.92,20.22,2.52,562.68,1.311645396487806
1986-08-15,0.4,576.84,22.82,3.43,585.42,1.2828970042360186
1986-08-16,0.0,593.31,23.53,3.93,594.7,1.2433679648898104
1986-08-17,0.0,575.82,24.29,5.39,666.19,1.2146195726380231
1986-08-18,0.0,597.13,26.42,5.6,650.22,1.189464729417709
1986-08-19,0.0,535.47,21.7,4.56,673.34,1.1643098861973948
1986-08-20,2.58,472.61,20.55,3.75,679.12,1.1535292391029746
1986-08-21,15.52,296.19,13.7,2.79,743.97,1.157122788134448
1986-08-22,8.29,495.17,17.09,-0.55,517.95,1.4050776713061155
1986-08-23,2.41,456.85,16.88,1.76,651.36,1.189464729417709
1986-08-24,3.15,463.58,20.83,3.54,719.86,1.1463421410400276
1986-08-25,5.31,369.7,19.3,4.26,812.22,1.1104066507252934
1986-08-26,3.8,461.96,20.67,2.89,693.62,1.1319679449141338
1986-08-27,0.0,565.13,23.26,2.44,631.5,1.0888453565364526
1986-08-28,0.0,554.82,24.78,3.99,698.96,1.0600969642846652
1986-08-29,0.07,453.23,20.52,5.05,826.43,1.034942121064351
1986-08-30,4.81,395.65,20.19,3.72,784.14,1.0241614739699307
1986-08-31,2.7,391.88,15.28,1.35,663.62,1.067284062347612
1986-09-01,4.33,315.8,11.93,-0.14,604.71,1.034942121064351
1986-09-02,0.62,393.38,13.55,0.56,629.29,1.0241614739699307
1986-09-03,0.0,465.73,15.83,0.31,603.49,0.9918195326866698
1986-09-04,0.0,506.9,18.89,0.8,604.83,0.9486969443089884
1986-09-05,0.6,486.59,18.78,0.52,594.75,0.9307291991516211
1986-09-06,0.0,390.3,11.31,-1.28,550.59,0.8983872578683603
1986-09-07,0.0,532.82,17.53,-2.5,465.82,0.8768259636795196
1986-09-08,5.93,428.75,18.21,0.33,601.02,0.8696388656165727
1986-09-09,6.09,260.15,11.58,0.97,659.03,0.8840130617424664
1986-09-10,0.03,298.9,7.86,-1.29,560.11,0.8660453165850993
1986-09-11,0.0,352.52,10.71,-0.13,606.54,0.8372969243333118
1986-09-12,0.03,432.29,13.18,-1.3,547.82,0.8193291791759445
1986-09-13,1.85,412.62,14.66,-0.71,567.72,0.8013614340185774
1986-09-14,3.0,293.21,10.73,-0.07,608.09,0.7905807869241571
1986-09-15,1.54,378.83,12.52,-1.04,560.49,0.7941743359556305
1986-09-16,1.36,376.79,11.49,-1.62,544.58,0.7726130417667898
1986-09-17,5.68,288.05,10.33,-1.6,546.21,0.758238845640896
1986-09-18,8.25,222.79,7.38,-1.43,553.0,0.7762065907982632
1986-09-19,9.89,222.02,4.82,-3.58,472.38,0.8337033753018382
1986-09-20,9.6,230.38,4.71,-4.1,455.9,0.8804195127109931
1986-09-21,1.63,394.04,6.87,-6.78,368.78,0.88760661077394
1986-09-22,0.0,474.21,9.82,-6.7,369.87,0.8337033753018382
1986-09-23,0.0,472.32,11.79,-5.2,417.2,0.7941743359556305
1986-09-24,1.96,274.7,6.79,-2.41,512.69,0.7762065907982632
1986-09-25,2.62,198.15,2.31,-4.16,452.67,0.7762065907982632
1986-09-26,5.81,213.47,2.87,-5.07,422.87,0.7762065907982632
1986-09-27,3.78,287.5,3.41,-6.79,370.36,0.7618323946723695
1986-09-28,2.35,238.12,1.55,-6.18,390.74,0.7402711004835288
1986-09-29,0.51,226.2,1.03,-4.96,428.32,0.7294904533891085
1986-09-30,0.0,229.32,1.98,-3.77,467.1,0.7187098062946883
1986-10-01,2.66,253.56,3.54,-4.05,455.82,0.7366775514520554
1986-10-02,2.93,218.87,1.73,-5.33,414.87,0.733084002420582
1986-10-03,0.03,437.4,5.82,-8.24,330.89,0.7115227082317414
1986-10-04,0.0,339.59,3.7,-5.71,402.41,0.700742061137321
1986-10-05,0.0,433.27,10.74,-3.51,474.05,0.6971485121058476
1986-10-06,0.0,459.91,14.51,-3.44,472.67,0.700742061137321
1986-10-07,0.0,451.37,14.55,-3.11,487.11,0.7115227082317414
1986-10-08,0.0,425.45,12.0,-3.08,486.59,0.7043356101687944
1986-10-09,0.0,436.07,12.64,-4.4,444.37,0.6863678650114272
1986-10-10,4.09,357.8,6.26,-8.48,325.64,0.6755872179170069
1986-10-11,1.22,400.92,1.14,-14.11,208.2,0.6432452766337459
1986-10-12,0.0,461.48,6.35,-13.3,218.24,0.6180904334134318
1986-10-13,0.0,441.52,9.65,-8.75,313.96,0.6252775314763788
1986-10-14,0.0,430.37,10.63,-7.3,352.15,0.6252775314763788
1986-10-15,0.0,435.41,13.02,-6.59,375.25,0.6144968843819585
1986-10-16,0.0,423.02,13.59,-5.29,415.34,0.6073097863190116
1986-10-17,0.0,407.87,13.12,-4.7,435.12,0.6001226882560646
1986-10-18,0.0,335.83,9.75,-3.36,475.55,0.6001226882560646
1986-10-19,0.05,317.71,9.7,-2.34,515.92,0.5929355901931178
1986-10-20,0.45,306.33,10.07,-2.45,513.44,0.5857484921301709
1986-10-21,0.0,300.39,9.3,-2.77,500.53,0.5857484921301709
1986-10-22,0.0,365.03,11.22,-5.35,413.96,0.5821549430986974
1986-10-23,0.17,357.28,11.32,-5.38,412.53,0.5677807469728037
1986-10-24,0.0,351.41,11.06,-5.34,415.98,0.5641871979413302
1986-10-25,0.0,338.38,11.23,-4.7,435.47,0.5570000998783834
1986-10-26,0.0,331.88,11.83,-4.11,452.84,0.5534065508469099
1986-10-27,0.77,290.15,9.62,-4.18,451.74,0.5498130018154365
1986-10-28,1.54,257.59,6.76,-5.56,407.22,0.5605936489098567
1986-10-29,0.04,272.83,7.32,-5.05,422.0,0.5426259037524895
1986-10-30,10.42,185.72,4.49,-5.97,395.97,0.5534065508469099
1986-10-31,2.69,216.12,1.94,-9.04,311.34,0.5641871979413302
1986-11-01,0.0,322.98,4.17,-12.25,240.02,0.5354388056895427
1986-11-02,0.0,300.05,5.24,-9.73,291.72,0.5102839624692286
1986-11-03,0.0,272.26,6.45,-6.99,360.99,0.5282517076265958
1986-11-04,0.0,275.59,6.39,-7.41,347.76,0.5246581585951223
1986-11-05,7.28,157.03,3.17,-5.66,403.67,0.521064609563649
1986-11-06,10.99,173.77,-1.57,-11.83,253.06,0.5390323547210162
1986-11-07,4.01,183.14,-6.91,-17.67,155.35,0.4959097663433349
1986-11-08,4.13,191.18,-8.21,-18.54,146.93,0.4959097663433349
1986-11-09,10.05,203.71,-9.23,-21.87,109.64,0.4923162173118614
1986-11-10,4.47,283.87,-10.1,-29.88,41.05,0.44919362893418013
1986-11-11,10.89,184.49,-7.74,-18.81,137.34,0.4312258837768129
1986-11-12,2.62,267.3,-6.15,-22.19,105.5,0.4312258837768129
1986-11-13,0.24,300.72,-1.75,-18.21,149.59,0.44919362893418013
1986-11-14,1.83,144.84,-0.47,-7.19,357.13,0.5102839624692286
1986-11-15,2.63,113.95,-2.25,-7.65,344.66,0.5102839624692286
1986-11-16,8.35,69.39,-4.24,-7.28,357.72,0.4995033153748083
1986-11-17,6.39,156.42,-3.64,-11.8,252.0,0.4959097663433349
1986-11-18,6.63,218.37,0.04,-12.94,225.34,0.4743484721544942
1986-11-19,5.31,165.56,-0.13,-9.25,304.49,0.4995033153748083
1986-11-20,0.88,185.94,0.26,-8.23,331.82,0.48512911924891455
1986-11-21,9.55,171.04,0.87,-9.1,312.76,0.48872266828038796
1986-11-22,3.78,171.59,-4.34,-13.86,210.8,0.4815355702174411
1986-11-23,3.43,157.58,-4.55,-12.56,234.62,0.4815355702174411
1986-11-24,0.68,159.08,-1.08,-7.6,344.78,0.4815355702174411
1986-11-25,0.73,264.69,-1.84,-15.18,190.42,0.4743484721544942
1986-11-26,0.0,270.3,-3.16,-16.41,170.29,0.42763233474533946
1986-11-27,0.82,167.37,-1.68,-9.06,309.36,0.4635678250600739
1986-11-28,0.0,138.38,0.6,-4.94,427.28,0.46716137409154734
1986-11-29,1.64,202.9,0.89,-8.44,324.69,0.45997427602860047
1986-11-30,0.44,273.62,-1.71,-16.92,166.35,0.4384129818397598
1986-12-01,0.07,260.42,-2.02,-14.98,194.86,0.4132581386194457
1986-12-02,0.0,254.77,-3.24,-15.57,182.77,0.40966458958797225
1986-12-03,0.0,273.98,-2.46,-17.22,161.83,0.39169684443060504
1986-12-04,0.0,274.21,-0.74,-15.86,177.88,0.37732264830471135
1986-12-05,0.21,195.4,-0.26,-9.23,303.37,0.39529039346207856
1986-12-06,1.45,211.79,-0.27,-10.65,271.87,0.4060710405564988
1986-12-07,0.0,258.08,-0.42,-14.14,204.78,0.3988839424935519
1986-12-08,0.63,249.07,-6.34,-20.29,125.32,0.3881032953991316
1986-12-09,0.11,255.28,-11.49,-25.28,82.07,0.3737290992732379
1986-12-10,0.0,252.86,-8.84,-22.05,108.4,0.35935490314734414
1986-12-11,0.0,263.18,-5.29,-20.03,126.98,0.35935490314734414
1986-12-12,0.0,263.58,-2.85,-17.99,151.34,0.35935490314734414
1986-12-13,0.0,237.52,-5.16,-17.28,159.61,0.36294845217881755
1986-12-14,0.0,187.5,-4.38,-12.95,227.08,0.366542001210291
1986-12-15,0.0,224.55,-1.6,-12.81,229.86,0.37732264830471135
1986-12-16,0.0,244.66,-1.89,-15.53,184.5,0.366542001210291
1986-12-17,0.0,262.81,-1.89,-18.56,143.33,0.35935490314734414
1986-12-18,0.0,256.8,-3.54,-18.94,139.09,0.3579174835347547
1986-12-19,0.0,220.9,-5.84,-17.69,156.05,0.36294845217881755
1986-12-20,0.33,235.55,-4.12,-17.42,156.14,0.366542001210291
1986-12-21,0.0,251.4,-3.42,-18.63,143.81,0.3701355502417644
1986-12-22,0.0,239.8,-1.95,-15.92,178.7,0.3528865148906919
1986-12-23,0.0,165.2,-4.9,-13.17,221.67,0.355042644309576
1986-12-24,0.0,184.89,-4.73,-14.13,206.8,0.3737290992732379
1986-12-25,0.0,205.18,-5.76,-16.37,173.67,0.366542001210291
1986-12-26,0.0,227.4,-4.49,-16.98,164.37,0.356120709019018
1986-12-27,0.0,244.61,-3.65,-18.17,148.82,0.3381529638616508
1986-12-28,0.0,246.59,-2.99,-18.1,151.18,0.33779360895850347
1986-12-29,0.0,257.93,-1.14,-17.92,153.64,0.3381529638616508
1986-12-30,0.39,168.81,-6.42,-15.49,187.22,0.3489336109560711
1986-12-31,0.05,244.49,-5.96,-20.3,125.23,0.345699416827745
1987-01-01,1.04,224.56,-5.43,-19.92,128.4,0.35396457960013394
1987-01-02,3.8,144.44,-4.41,-14.1,208.27,0.3471368364403344
1987-01-03,0.21,206.94,-3.05,-14.22,205.2,0.35719877372846004
1987-01-04,5.16,88.12,-2.98,-8.28,326.1,0.36294845217881755
1987-01-05,6.06,110.04,-4.45,-11.21,263.32,0.3737290992732379
1987-01-06,2.44,179.22,-6.53,-16.48,172.43,0.366542001210291
1987-01-07,0.0,232.22,-8.32,-20.63,121.55,0.3589955482441967
1987-01-08,0.0,249.79,-7.94,-22.02,107.39,0.3410278030868295
1987-01-09,0.03,259.92,-6.74,-21.82,109.43,0.3280910265735251
1987-01-10,0.0,266.88,-4.55,-20.3,127.61,0.3439026423120083
1987-01-11,0.0,254.72,-0.0,-14.13,210.97,0.3701355502417644
1987-01-12,0.0,246.7,1.97,-11.19,266.43,0.3554019992127233
1987-01-13,0.42,255.62,-3.0,-17.34,161.03,0.3543239345032813
1987-01-14,0.98,210.59,-10.69,-21.32,116.18,0.346777481537187
1987-01-15,1.19,210.29,-13.46,-24.8,82.45,0.31982586380113626
1987-01-16,0.0,285.64,-10.66,-27.57,62.76,0.2874839225178753
1987-01-17,0.0,284.56,-8.52,-24.52,87.46,0.30545166767524246
1987-01-18,0.05,187.72,-9.19,-17.27,163.08,0.32341941283260967
1987-01-19,0.5,274.71,-9.89,-24.64,85.33,0.32701296186408313
1987-01-20,0.25,276.21,-11.67,-25.83,79.07,0.3306065108955566
1987-01-21,0.59,252.02,-7.98,-20.32,125.24,0.33420005992703
1987-01-22,0.06,277.09,-6.19,-19.77,130.48,0.33779360895850347
1987-01-23,0.0,261.78,-4.07,-16.52,171.47,0.34138715798997693
1987-01-24,2.8,172.72,-5.4,-13.59,213.54,0.34498070702145034
1987-01-25,4.53,123.25,-3.77,-9.42,298.95,0.3485742560529238
1987-01-26,4.07,107.01,-1.89,-6.66,372.68,0.3521678050843972
1987-01-27,1.81,169.35,1.55,-6.07,390.71,0.35935490314734414
1987-01-28,6.28,197.03,0.14,-10.7,277.83,0.37732264830471135
1987-01-29,0.42,289.91,-3.14,-16.1,177.65,0.366542001210291
1987-01-30,2.9,287.47,-1.48,-16.91,164.2,0.35935490314734414
1987-01-31,3.33,179.31,-3.31,-11.48,254.11,0.35935490314734414
1987-02-01,5.09,121.79,-2.21,-7.67,343.12,0.35935490314734414
1987-02-02,4.42,115.35,-2.73,-7.48,350.21,0.35935490314734414
1987-02-03,4.77,192.76,-1.13,-9.58,296.96,0.366542001210291
1987-02-04,0.92,305.78,-1.09,-14.25,204.08,0.35935490314734414
1987-02-05,0.0,360.01,2.79,-14.08,205.94,0.35935490314734414
1987-02-06,0.0,375.72,6.12,-13.13,223.25,0.35935490314734414
1987-02-07,0.0,373.53,6.83,-11.87,248.69,0.366542001210291
1987-02-08,0.0,386.68,7.75,-12.98,225.76,0.37732264830471135
1987-02-09,0.0,361.8,6.1,-10.31,278.74,0.37732264830471135
1987-02-10,0.0,345.44,3.64,-10.6,270.73,0.37732264830471135
1987-02-11,0.0,347.17,4.31,-9.77,287.4,0.37732264830471135
1987-02-12,0.0,364.63,4.29,-10.88,264.97,0.366542001210291
1987-02-13,4.88,170.48,0.87,-6.04,388.93,0.366542001210291
1987-02-14,4.15,211.2,-1.7,-10.43,281.86,0.35935490314734414
1987-02-15,0.0,370.58,-0.91,-14.72,195.92,0.35935490314734414
1987-02-16,0.0,378.36,-1.64,-15.69,177.82,0.3521678050843972
1987-02-17,0.0,368.66,-2.75,-16.06,174.18,0.3485742560529238
1987-02-18,1.7,346.62,-2.91,-16.55,167.98,0.34498070702145034
1987-02-19,1.86,344.09,-5.64,-19.54,129.95,0.34138715798997693
1987-02-20,0.0,445.66,-2.8,-22.53,100.56,0.33779360895850347
1987-02-21,0.0,437.52,-0.16,-18.28,142.47,0.33779360895850347
1987-02-22,2.19,294.24,-5.65,-15.91,174.01,0.34138715798997693
1987-02-23,3.37,197.04,-7.49,-14.3,204.65,0.34138715798997693
1987-02-24,1.39,329.5,-6.86,-18.03,150.05,0.3306065108955566
1987-02-25,2.38,338.86,-7.16,-19.54,128.85,0.32341941283260967
1987-02-26,1.21,438.06,-2.67,-22.81,99.74,0.3162323147696628
1987-02-27,0.0,484.86,-1.06,-23.22,93.14,0.3162323147696628
1987-02-28,2.21,363.6,-2.58,-17.23,157.57,0.32341941283260967
1987-03-01,1.75,183.61,-3.53,-9.25,303.42,0.32701296186408313
1987-03-02,0.28,362.83,2.78,-8.9,308.79,0.32701296186408313
1987-03-03,0.03,381.35,5.96,-6.32,376.42,0.32701296186408313
1987-03-04,0.0,441.81,9.96,-6.0,381.24,0.32701296186408313
1987-03-05,0.0,443.19,11.08,-5.14,408.35,0.32557554225149377
1987-03-06,0.0,290.52,6.72,-2.26,510.55,0.3316845756049986
1987-03-07,5.78,247.26,5.8,-4.02,455.07,0.3381529638616508
1987-03-08,5.58,229.7,-0.43,-8.55,321.83,0.35360522469698663
1987-03-09,3.9,290.31,1.23,-8.93,311.54,0.3374342540553561
1987-03-10,1.43,343.59,2.55,-7.86,337.01,0.33384070502388263
1987-03-11,3.41,287.06,2.3,-7.08,356.12,0.33384070502388263
1987-03-12,1.52,329.84,1.86,-7.57,342.78,0.3334813501207353
1987-03-13,4.39,349.94,5.33,-6.36,375.03,0.3316845756049986
1987-03-14,2.36,411.19,2.48,-11.43,250.12,0.33887167366794546
1987-03-15,0.37,508.29,2.83,-13.47,207.3,0.32341941283260967
1987-03-16,0.17,437.84,2.57,-9.25,296.37,0.3334813501207353
1987-03-17,0.02,511.61,4.47,-10.99,256.26,0.3219819932200203
1987-03-18,2.69,354.55,1.59,-9.34,297.1,0.3291690912829672
1987-03-19,0.37,508.85,-1.75,-16.48,168.15,0.3259348971546411
1987-03-20,0.0,559.82,-0.47,-17.84,146.95,0.3029361833532111
1987-03-21,0.3,479.79,-2.27,-15.36,181.36,0.3180290892853996
1987-03-22,0.0,536.5,-2.88,-17.75,150.4,0.31371683044763143
1987-03-23,0.0,562.33,-1.57,-17.79,148.31,0.3040142480626531
1987-03-24,0.53,524.23,0.01,-15.02,181.23,0.3126387657381894
1987-03-25,0.02,616.73,4.61,-17.79,134.12,0.2975458598060009
1987-03-26,3.13,400.91,-1.62,-12.53,226.78,0.31479489515707343
1987-03-27,1.09,497.24,-0.22,-14.31,195.79,0.299701989224885
1987-03-28,1.59,529.97,-7.36,-23.83,90.81,0.3079671519972739
1987-03-29,0.19,650.54,-3.11,-30.88,40.18,0.26196972439441385
1987-03-30,0.78,595.82,3.94,-17.76,138.77,0.29610844019341154
1987-03-31,0.12,592.96,8.29,-10.29,235.52,0.32737231676723044
1987-04-01,0.0,595.54,5.07,-13.01,194.99,0.3176697343822522
1987-04-02,0.0,652.9,8.95,-15.65,145.39,0.3004206990311797
1987-04-03,0.0,656.46,11.02,-14.58,149.9,0.31227941083504207
1987-04-04,0.0,634.34,14.35,-7.99,242.71,0.3259348971546411
1987-04-05,0.0,598.54,12.48,-6.78,271.47,0.343543287408861
1987-04-06,0.0,533.17,11.19,-4.26,341.2,0.3845097463676582
1987-04-07,0.0,541.08,9.92,-5.91,299.39,0.4168516876509191
1987-04-08,2.35,477.09,6.09,-9.25,255.73,0.4204452366823926
1987-04-09,2.92,420.94,0.42,-12.94,206.03,0.3988839424935519
1987-04-10,0.79,558.52,6.78,-10.67,219.18,0.366542001210291
1987-04-11,9.29,359.36,4.36,-8.86,293.54,0.3845097463676582
1987-04-12,1.76,522.38,2.98,-13.76,185.39,0.38091619733618476
1987-04-13,0.02,636.4,7.06,-13.84,167.29,0.3701355502417644
1987-04-14,0.0,590.29,10.24,-7.79,263.04,0.366542001210291
1987-04-15,0.0,539.83,11.71,-4.05,356.29,0.4024774915250254
1987-04-16,0.0,500.09,12.36,-1.84,426.49,0.4779420211859677
1987-04-17,0.0,511.96,14.3,-0.46,460.11,0.5713742960042771
1987-04-18,0.13,530.2,13.61,-1.87,407.37,0.7510517475779491
1987-04-19,3.51,401.62,4.11,-8.36,300.68,0.7869872378926835
1987-04-20,1.22,579.9,6.11,-12.65,193.27,0.6037162372875381
1987-04-21,0.0,636.02,12.32,-7.86,242.09,0.5929355901931178
1987-04-22,0.0,630.36,16.19,-3.94,311.79,0.7187098062946883
1987-04-23,0.0,597.87,16.07,-2.27,364.51,0.9486969443089884
1987-04-24,0.0,606.05,16.31,-2.42,356.52,1.1535292391029746
1987-04-25,0.0,599.26,17.05,-1.51,374.38,1.3008647493933856
1987-04-26,0.0,616.95,18.09,-1.34,356.66,1.458980906778217
1987-04-27,0.0,637.42,19.34,-1.36,333.18,1.6278777112574687
1987-04-28,0.0,621.34,19.14,-0.44,360.32,1.7859938686423003
1987-04-29,0.0,602.23,18.51,0.23,370.77,1.915361633775344
1987-04-30,1.06,562.73,16.95,-0.91,363.48,1.980045516341866
1987-05-01,5.52,450.74,13.6,-3.27,362.87,2.1633165169470114
1987-05-02,5.57,309.18,5.88,-4.1,419.51,2.0016068105307068
1987-05-03,0.12,618.91,10.62,-7.3,230.12,1.5200712403132657
1987-05-04,0.0,672.04,16.33,-4.53,233.84,1.383516377117275
1987-05-05,0.0,642.43,17.48,-1.79,284.67,1.5056970441873718
1987-05-06,0.0,665.67,19.46,-1.28,272.63,1.7320906331701986
1987-05-07,0.0,652.75,20.07,-0.22,300.07,1.915361633775344
1987-05-08,0.0,638.97,19.83,0.33,316.58,2.0339487518139676
1987-05-09,0.0,595.43,17.91,0.66,350.21,2.044729398908388
1987-05-10,0.0,590.67,17.29,0.42,347.09,2.0375423008454407
1987-05-11,0.0,595.74,17.78,0.41,342.41,1.9944197124677598
1987-05-12,0.07,579.32,17.54,0.87,362.72,1.9764519673103924
1987-05-13,0.1,509.45,16.55,2.79,464.11,2.1237874776008034
1987-05-14,0.0,640.87,19.87,0.54,312.44,2.0411358498769143
1987-05-15,0.0,650.71,22.15,1.88,314.21,2.0339487518139676
1987-05-16,5.93,389.81,15.95,2.88,527.92,1.9980132614992332
1987-05-17,11.0,216.18,8.68,1.63,661.18,2.249561693702374
1987-05-18,10.22,212.85,7.1,0.28,624.66,2.4148649491501524
1987-05-19,6.94,284.61,9.18,-0.25,588.15,2.2783100859541614
1987-05-20,8.36,219.41,4.14,-2.75,501.71,2.1561294188840647
1987-05-21,7.55,330.28,6.31,-3.92,455.93,1.947703575058605
1987-05-22,3.67,378.27,8.97,-2.89,466.05,1.7680261234849328
1987-05-23,0.0,607.33,12.57,-3.73,344.97,1.6602196525407298
1987-05-24,2.06,484.75,11.28,-2.36,427.9,1.5703809267538937
1987-05-25,3.34,464.25,12.28,-1.2,476.2,1.5775680248168407
1987-05-26,12.17,360.18,10.16,-1.21,538.42,1.6350648093204156
1987-05-27,16.74,176.97,3.98,-1.1,567.94,1.7644325744534595
1987-05-28,10.06,301.88,7.9,-0.72,582.72,2.1920649091987987
1987-05-29,4.76,410.03,11.29,-0.37,584.14,2.404084302055732
1987-05-30,2.72,524.53,12.53,-1.03,513.81,2.4400197923704665
1987-05-31,8.24,426.0,9.46,-2.35,507.59,2.3178391253003694
1987-06-01,6.64,370.15,4.75,-4.99,423.84,2.2639358898282675
1987-06-02,0.37,613.19,8.7,-6.56,342.32,2.0267616537510205
1987-06-03,0.0,717.59,16.82,-5.39,318.18,1.8722390453976627
1987-06-04,0.0,703.46,20.94,-0.41,446.06,1.7967745157367205
1987-06-05,0.0,664.49,21.69,3.14,587.77,1.778806770579353
1987-06-06,2.2,587.25,19.74,3.67,645.07,1.7680261234849328
1987-06-07,13.33,374.91,14.35,3.2,752.36,1.8183358099255613
1987-06-08,6.83,514.36,18.73,3.32,699.32,2.321432674331843
1987-06-09,3.99,411.68,15.07,3.88,787.46,2.1201939285693303
1987-06-10,4.84,394.59,14.12,3.4,778.64,2.1381616737266973
1987-06-11,0.94,579.36,17.36,2.61,651.04,2.0483229479398615
1987-06-12,0.0,660.19,20.49,2.7,587.97,1.9189551828068174
1987-06-13,0.0,666.97,23.5,4.65,648.46,1.832710006051455
1987-06-14,0.1,669.39,25.13,5.27,667.2,1.7680261234849328
1987-06-15,0.15,641.07,23.7,5.74,712.95,1.7105293389813578
1987-06-16,0.0,571.85,16.81,2.86,650.27,1.6638132015722034
1987-06-17,0.0,655.21,19.02,0.23,492.81,1.6027228680371548
1987-06-18,1.14,578.51,19.32,2.14,599.53,1.5452260835335796
1987-06-19,2.59,452.66,12.98,-0.29,569.91,1.541632534502106
1987-06-20,1.88,572.86,17.77,-0.01,532.86,1.538038985470633
1987-06-21,0.38,606.55,20.18,2.23,595.64,1.466168004841164
1987-06-22,6.13,390.96,12.71,0.31,616.58,1.4446067106523233
1987-06-23,2.83,502.64,13.49,-1.4,525.76,1.4805422009670577
1987-06-24,1.71,577.16,17.31,-1.41,494.77,1.3907034751802216
1987-06-25,0.0,648.01,20.53,-0.19,493.51,1.329613141645173
1987-06-26,0.0,646.35,23.8,2.09,566.79,1.2828970042360186
1987-06-27,0.0,594.6,24.05,5.27,734.15,1.246961513921284
1987-06-28,0.0,557.57,21.06,4.25,717.72,1.2182131216694965
1987-06-29,1.78,528.73,20.36,2.67,663.51,1.1930582784491826
1987-06-30,0.73,503.94,19.57,3.7,725.96,1.1714969842603418
1987-07-01,0.5,539.43,21.02,3.91,717.7,1.1679034352288682
1987-07-02,0.59,539.03,21.98,4.45,741.31,1.1643098861973948
1987-07-03,0.85,485.13,18.96,3.85,747.23,1.1535292391029746
1987-07-04,1.11,501.31,19.28,2.66,682.0,1.124780846851187
1987-07-05,1.32,490.18,20.04,3.78,738.84,1.0888453565364526
1987-07-06,0.0,486.69,17.34,3.15,727.35,1.0565034152531916
1987-07-07,0.0,545.32,18.0,0.96,597.52,1.027755023001404
1987-07-08,1.44,414.29,16.85,4.04,796.61,1.00260017978109
1987-07-09,8.4,338.37,16.99,3.83,807.09,1.027755023001404
1987-07-10,17.94,247.25,10.93,2.02,715.07,1.0780647094420324
1987-07-11,11.18,289.26,10.35,-0.13,611.33,1.33680023970812
1987-07-12,1.35,514.53,15.59,-1.48,536.08,1.228993768763917
1987-07-13,0.0,546.47,18.62,1.12,629.84,1.0636905133161385
1987-07-14,0.0,581.57,22.33,2.13,649.4,1.00260017978109
1987-07-15,0.0,553.63,24.57,5.5,826.37,0.9630711404348822
1987-07-16,2.58,435.09,20.85,6.39,940.51,0.9415098462460415
1987-07-17,11.1,239.48,13.7,5.07,882.85,0.9702582384978291
1987-07-18,12.58,285.67,11.16,0.86,655.49,1.2541486119842309
1987-07-19,3.21,454.99,15.12,-1.36,552.61,1.196651827480656
1987-07-20,0.95,521.32,19.03,0.67,631.57,1.0313485720328777
1987-07-21,11.53,272.93,15.23,4.92,870.11,0.9918195326866698
1987-07-22,4.85,409.28,17.28,3.09,766.39,1.182277631354762
1987-07-23,0.0,551.54,20.27,1.54,679.06,1.0313485720328777
1987-07-24,0.0,541.47,22.95,4.2,809.43,0.9666646894663555
1987-07-25,0.0,518.11,24.53,6.8,977.1,0.9271356501201478
1987-07-26,0.0,519.76,25.88,7.95,1059.89,0.9019808068998337
1987-07-27,0.01,450.88,23.38,9.08,1163.84,0.8804195127109931
1987-07-28,2.12,446.25,23.15,7.25,1020.98,0.8840130617424664
1987-07-29,7.68,332.03,20.34,7.78,1065.5,0.88760661077394
1987-07-30,4.98,421.37,23.04,6.5,968.65,0.937916297214568
1987-07-31,0.0,488.49,24.09,7.85,1064.74,0.8696388656165727
1987-08-01,0.0,522.51,22.49,4.25,822.91,0.8337033753018382
1987-08-02,0.2,517.13,22.36,4.09,816.17,0.8049549830500508
1987-08-03,0.0,539.2,21.36,1.79,691.99,0.7798001398297367
1987-08-04,0.0,553.55,23.52,1.98,698.46,0.7510517475779491
1987-08-05,0.0,498.97,23.37,5.43,898.16,0.7402711004835288
1987-08-06,0.0,521.28,22.02,2.9,751.69,0.7258969043576351
1987-08-07,4.65,408.06,16.69,2.45,732.09,0.7187098062946883
1987-08-08,0.0,538.31,21.51,0.71,639.45,0.7187098062946883
1987-08-09,0.0,514.3,23.84,4.03,811.56,0.693554963074374
1987-08-10,0.0,508.59,23.96,4.09,816.57,0.6755872179170069
1987-08-11,0.0,477.16,20.9,3.42,782.61,0.6719936688855335
1987-08-12,0.0,492.05,19.1,0.88,651.22,0.6576194727596396
1987-08-13,1.11,400.19,17.32,3.18,772.93,0.6360581785707992
1987-08-14,0.97,347.7,14.52,2.79,750.41,0.6324646295393256
1987-08-15,7.67,222.36,10.42,1.76,699.79,0.6324646295393256
1987-08-16,3.5,343.99,11.33,-0.44,594.71,0.6576194727596396
1987-08-17,0.0,474.17,14.75,-2.28,520.84,0.66840011985406
1987-08-18,0.0,510.15,17.98,-2.04,527.49,0.6144968843819585
1987-08-19,0.0,505.08,20.02,-0.08,603.17,0.5929355901931178
1987-08-20,0.0,441.33,22.35,5.74,915.73,0.5749678450357506
1987-08-21,0.08,441.95,20.41,3.67,791.6,0.5641871979413302
1987-08-22,0.3,465.93,20.53,1.99,703.77,0.5570000998783834
1987-08-23,4.86,388.95,20.22,3.65,796.92,0.5570000998783834
1987-08-24,10.42,225.57,13.54,3.46,786.16,0.6144968843819585
1987-08-25,6.27,224.84,10.82,1.28,675.82,0.66840011985406
1987-08-26,1.43,373.69,11.79,-1.74,543.1,0.6719936688855335
1987-08-27,0.0,495.37,16.18,-3.85,452.16,0.6073097863190116
1987-08-28,0.0,460.49,18.29,0.36,616.72,0.5713742960042771
1987-08-29,0.0,471.47,20.88,1.57,666.18,0.5498130018154365
1987-08-30,0.0,459.46,20.38,1.7,669.65,0.5318452566580693
1987-08-31,0.0,470.77,23.22,3.14,731.84,0.521064609563649
1987-09-01,0.0,469.75,23.85,3.46,745.63,0.5102839624692286
1987-09-02,0.0,435.21,22.99,4.94,843.5,0.5030968644062818
1987-09-03,0.03,348.04,16.7,4.09,824.77,0.4995033153748083
1987-09-04,1.77,270.35,8.84,-0.83,579.17,0.4995033153748083
1987-09-05,0.71,402.99,13.71,-2.18,520.68,0.4959097663433349
1987-09-06,0.0,439.84,16.63,-1.01,551.68,0.48872266828038796
1987-09-07,0.0,431.11,16.87,-0.25,584.4,0.4779420211859677
1987-09-08,0.0,436.38,17.91,0.18,596.65,0.46716137409154734
1987-09-09,0.0,445.29,17.95,-0.69,555.03,0.45997427602860047
1987-09-10,0.0,429.22,17.06,-0.5,568.97,0.45278717796565354
1987-09-11,0.0,456.58,17.78,-2.26,495.87,0.44560007990270667
1987-09-12,0.0,473.64,20.11,-2.7,474.15,0.4384129818397598
1987-09-13,0.0,454.21,20.36,-0.97,544.25,0.43481943280828633
1987-09-14,0.0,432.09,21.15,1.04,633.17,0.42763233474533946
1987-09-15,0.0,400.67,19.69,1.85,681.58,0.424038785713866
1987-09-16,0.0,391.29,12.98,-3.76,463.51,0.4204452366823926
1987-09-17,0.0,408.36,10.26,-7.58,343.39,0.4132581386194457
1987-09-18,0.0,433.35,15.15,-5.46,401.73,0.4060710405564988
1987-09-19,0.0,414.77,16.82,-2.65,491.38,0.4024774915250254
1987-09-20,0.0,425.09,18.94,-2.13,508.09,0.39529039346207856
1987-09-21,0.0,428.52,21.73,-0.65,554.94,0.3881032953991316
1987-09-22,0.0,443.81,24.75,-0.73,538.71,0.3845097463676582
1987-09-23,0.0,433.61,24.93,-0.03,569.29,0.3845097463676582
1987-09-24,0.0,422.52,24.28,0.01,577.15,0.37732264830471135
1987-09-25,0.0,402.41,22.68,0.45,606.62,0.37732264830471135
1987-09-26,0.0,338.28,17.44,0.96,661.94,0.3701355502417644
1987-09-27,0.5,283.6,8.01,-5.05,424.57,0.3737290992732379
1987-09-28,0.0,365.76,13.08,-5.41,408.68,0.366542001210291
1987-09-29,0.0,385.53,17.79,-3.34,468.26,0.36294845217881755
1987-09-30,0.0,388.66,19.31,-2.69,491.86,0.3579174835347547
1987-10-01,0.0,394.51,19.96,-3.26,469.82,0.35144909527810253
1987-10-02,0.0,392.96,20.92,-2.83,484.67,0.3471368364403344
1987-10-03,0.0,381.12,20.03,-2.87,487.49,0.3421058677962716
1987-10-04,0.0,302.48,14.43,-1.54,547.72,0.33923102857109283
1987-10-05,0.0,328.83,13.39,-4.89,427.02,0.3367155442490614
1987-10-06,0.0,332.1,14.05,-4.82,429.7,0.33312199521758795
1987-10-07,0.0,352.25,17.0,-4.05,449.55,0.3306065108955566
1987-10-08,0.0,306.19,13.35,-3.79,462.3,0.32737231676723044
1987-10-09,0.0,290.99,6.09,-9.57,300.72,0.3237787677357571
1987-10-10,0.0,358.92,9.06,-13.27,215.96,0.31227941083504207
1987-10-11,0.0,350.16,13.57,-8.57,308.43,0.30545166767524246
1987-10-12,0.0,323.68,13.42,-6.27,377.81,0.3068890872878319
1987-10-13,0.0,227.15,7.92,-4.35,446.12,0.31120134612559996
1987-10-14,0.0,307.61,11.45,-6.87,364.01,0.3061703774815372
1987-10-15,1.58,221.28,4.44,-8.29,325.41,0.3040142480626531
1987-10-16,0.0,313.77,6.42,-11.75,246.57,0.30113940883747436
1987-10-17,0.03,256.75,8.41,-5.85,385.55,0.300780053934327
1987-10-18,0.0,245.26,6.25,-7.16,351.64,0.30185811864376905
1987-10-19,0.0,246.52,2.95,-10.52,270.67,0.29287424606508544
1987-10-20,0.0,307.59,6.91,-11.47,225.14,0.2763439205203076
1987-10-21,0.0,302.71,10.59,-7.86,280.52,0.2817342440675178
1987-10-22,0.0,303.3,11.04,-7.59,282.85,0.289280697033612
1987-10-23,0.0,298.72,10.57,-7.74,280.78,0.2842497283895492
1987-10-24,0.03,214.1,6.98,-5.02,390.86,0.2846090832926965
1987-10-25,0.0,189.44,8.03,-2.16,499.2,0.2885619872273173
1987-10-26,0.0,242.22,9.34,-4.41,396.72,0.2867652127115806
1987-10-27,0.0,285.28,11.46,-6.48,315.51,0.2756252107140129
1987-10-28,0.0,280.82,13.22,-4.89,323.38,0.2756252107140129
1987-10-29,0.0,274.79,13.89,-4.02,323.64,0.27418779110142355
1987-10-30,0.01,267.72,14.11,-3.5,343.32,0.2727503714888342
1987-10-31,0.0,191.0,10.13,-1.01,488.43,0.2759845656171603
1987-11-01,0.27,107.13,5.62,-0.27,584.04,0.2792187597454864
1987-11-02,5.96,66.89,3.76,-0.54,590.61,0.28640585780843325
1987-11-03,0.6,137.91,5.6,-1.84,537.22,0.29862392451544295
1987-11-04,0.0,205.02,7.24,-4.26,414.45,0.2943116656776748
1987-11-05,0.0,255.28,10.42,-5.63,343.43,0.2835310185832545
1987-11-06,0.01,202.35,6.8,-4.89,397.36,0.27670327542345496
1987-11-07,0.52,190.73,5.27,-5.65,386.03,0.2792187597454864
1987-11-08,0.0,244.95,7.37,-8.01,300.09,0.2738284361982762
1987-11-09,0.0,250.88,8.89,-7.17,312.81,0.2641258538132979
1987-11-10,0.0,205.16,4.39,-7.26,334.26,0.2601729498786771
1987-11-11,0.0,148.22,2.09,-5.61,400.84,0.2702348871668028
1987-11-12,3.95,81.85,0.25,-4.59,438.01,0.2756252107140129
1987-11-13,7.04,58.61,0.3,-3.37,479.25,0.28317166368010716
1987-11-14,8.03,155.09,-0.44,-10.34,285.49,0.2899994068399067
1987-11-15,0.43,222.18,-4.86,-16.21,172.58,0.2680787577479187
1987-11-16,4.67,149.06,-5.7,-13.69,212.63,0.256938755750351
1987-11-17,0.14,227.8,-5.27,-16.61,170.81,0.2551419812346143
1987-11-18,0.0,262.71,-3.27,-18.05,149.98,0.24436133414019398
1987-11-19,0.07,263.51,1.48,-14.04,206.99,0.2515484322031409
1987-11-20,0.0,257.34,4.14,-10.86,265.14,0.25873553026608775
1987-11-21,0.0,258.7,3.36,-11.93,244.22,0.26232907929756116
1987-11-22,0.56,154.83,-3.88,-11.16,263.38,0.26232907929756116
1987-11-23,2.0,167.57,-4.9,-13.8,212.55,0.2515484322031409
1987-11-24,1.29,204.83,-5.3,-16.41,163.16,0.25550133613776166
1987-11-25,0.04,192.07,-4.04,-13.28,210.18,0.2544232714283196
1987-11-26,1.03,216.22,-2.91,-14.95,186.27,0.2616103694912665
1987-11-27,0.0,253.63,-1.42,-16.26,158.63,0.24256455962445728
1987-11-28,0.0,249.03,0.7,-13.93,188.46,0.23968972039927852
1987-11-29,0.0,250.94,-0.06,-15.16,172.59,0.23501810665836304
1987-11-30,0.0,236.24,-2.7,-16.26,163.46,0.22603423407967943
1987-12-01,4.68,140.51,-2.62,-9.89,280.34,0.2281903634985635
1987-12-02,8.87,72.07,-1.07,-5.33,414.76,0.2641258538132979
1987-12-03,2.61,116.28,2.52,-4.02,449.98,0.2691568224573607
1987-12-04,0.0,196.99,4.38,-5.93,372.89,0.2659226283290346
1987-12-05,0.0,145.02,2.07,-4.88,421.97,0.2616103694912665
1987-12-06,5.95,114.94,2.48,-4.39,440.76,0.26125101458811917
1987-12-07,6.39,149.17,-0.45,-10.32,283.27,0.2666413381353293
1987-12-08,3.6,146.43,-5.9,-14.65,199.38,0.25550133613776166
1987-12-09,5.66,151.4,-3.89,-12.69,230.42,0.24759552826852008
1987-12-10,11.61,163.54,-0.06,-11.36,259.05,0.2605323047818245
1987-12-11,4.77,143.05,-7.56,-16.04,182.01,0.2544232714283196
1987-12-12,1.99,172.77,-11.33,-20.56,124.71,0.2404084302055732
1987-12-13,2.37,209.84,-12.19,-26.17,78.41,0.21812842621043788
1987-12-14,0.0,233.0,-13.24,-26.77,72.85,0.19764519673103928
1987-12-15,0.0,223.67,-11.79,-24.17,85.37,0.1832710006051455
1987-12-16,0.11,219.12,-8.4,-20.61,120.95,0.1940516476995658
1987-12-17,2.54,146.74,-5.07,-13.73,213.66,0.20842584382545956
1987-12-18,0.0,207.95,-4.9,-15.89,177.66,0.22998713801430024
1987-12-19,2.21,156.1,-9.33,-17.87,153.66,0.22280003995135333
1987-12-20,1.71,192.06,-10.33,-21.45,115.51,0.21561294188840646
1987-12-21,3.37,133.23,-7.59,-14.64,199.93,0.2134568124695224
1987-12-22,7.02,135.04,-6.76,-14.97,196.45,0.21130068305063832
1987-12-23,3.2,171.34,-12.21,-22.55,104.42,0.21848778111358522
1987-12-24,0.0,245.82,-13.34,-28.59,51.77,0.2012387457625127
1987-12-25,0.11,253.24,-7.72,-24.46,87.89,0.20195745556880737
1987-12-26,0.0,239.12,-3.53,-17.62,154.3,0.20195745556880737
1987-12-27,0.0,246.22,-1.88,-17.1,161.34,0.20159810066566003
1987-12-28,0.0,254.22,-0.95,-17.5,157.67,0.20016068105307064
1987-12-29,1.14,231.83,-2.02,-16.7,166.16,0.1954890673121552
1987-12-30,3.65,168.11,-8.73,-19.33,130.51,0.19045809866809238
1987-12-31,2.21,147.18,-12.5,-19.74,125.81,0.1832710006051455
1988-01-01,0.74,233.97,-10.08,-23.81,90.94,0.18686454963661894
1988-01-02,0.0,256.43,-10.56,-25.13,82.14,0.19045809866809238
1988-01-03,0.24,241.15,-12.0,-25.56,79.41,0.18686454963661894
1988-01-04,0.41,269.6,-9.2,-26.94,71.86,0.16889680447925173
1988-01-05,0.5,200.6,-8.38,-18.32,145.14,0.16170970641630483
1988-01-06,0.0,256.0,-5.64,-19.72,126.41,0.1653032554477783
1988-01-07,1.19,167.01,-9.45,-17.7,159.96,0.16889680447925173
1988-01-08,2.69,136.78,-9.38,-16.14,171.26,0.17249035351072517
1988-01-09,4.12,145.0,-6.28,-14.13,199.64,0.1760839025421986
1988-01-10,15.05,118.11,-2.6,-9.43,297.69,0.17967745157367207
1988-01-11,10.34,148.6,-3.26,-12.0,249.19,0.17967745157367207
1988-01-12,3.11,144.34,-9.07,-16.65,170.55,0.16889680447925173
1988-01-13,2.03,185.94,-8.44,-17.35,160.88,0.16889680447925173
1988-01-14,3.19,179.22,-3.76,-12.66,234.49,0.17320906331701985
1988-01-15,6.67,198.19,-1.96,-13.02,230.3,0.17680261234849332
1988-01-16,2.76,236.87,-5.65,-19.27,135.79,0.17680261234849332
1988-01-17,1.3,255.87,-8.38,-20.94,120.88,0.1742871280264619
1988-01-18,0.65,303.54,-7.85,-25.37,80.67,0.1685374495761044
1988-01-19,0.0,330.02,-7.72,-28.04,61.77,0.16099099661001015
1988-01-20,0.42,287.53,-8.18,-22.41,105.95,0.1653032554477783
1988-01-21,1.01,258.95,-7.87,-19.94,129.04,0.17249035351072517
1988-01-22,1.34,270.91,-6.17,-19.55,132.74,0.17859938686423002
1988-01-23,2.93,228.43,-7.43,-17.85,151.63,0.17895874176737736
1988-01-24,1.04,296.9,-7.62,-21.6,110.78,0.17788067705793534
1988-01-25,1.73,271.0,-6.28,-19.27,137.09,0.17788067705793534
1988-01-26,0.32,332.87,-1.76,-18.82,141.99,0.1710529338981358
1988-01-27,0.08,278.94,1.21,-10.33,279.97,0.1710529338981358
1988-01-28,0.03,318.69,3.39,-10.89,267.72,0.17069357899498847
1988-01-29,3.93,199.57,-0.28,-8.87,316.86,0.16961551428554641
1988-01-30,6.58,206.58,-3.13,-13.33,224.61,0.17500583783275658
1988-01-31,5.26,217.23,-8.99,-19.34,136.83,0.17249035351072517
1988-02-01,0.0,327.8,-10.19,-23.27,90.87,0.1678187397698097
1988-02-02,0.06,334.49,-10.23,-23.84,87.45,0.1685374495761044
1988-02-03,0.2,315.81,-11.72,-23.56,93.55,0.16997486918869376
1988-02-04,0.5,266.18,-7.13,-16.35,171.54,0.16961551428554641
1988-02-05,0.0,354.96,-3.16,-16.9,162.73,0.17464648292960924
1988-02-06,0.0,365.25,-2.16,-16.78,168.87,0.1710529338981358
1988-02-07,4.18,226.17,-6.15,-15.03,190.89,0.16961551428554641
1988-02-08,7.3,165.45,-4.39,-10.74,272.11,0.1717716437044305
1988-02-09,11.16,166.22,-3.11,-9.97,287.78,0.17500583783275658
1988-02-10,5.82,217.99,-3.22,-12.53,231.11,0.17392777312331456
1988-02-11,2.74,220.22,-2.39,-10.28,276.98,0.1742871280264619
1988-02-12,0.05,325.32,2.1,-8.69,318.74,0.17500583783275658
1988-02-13,4.66,257.47,-2.55,-13.04,228.28,0.17680261234849332
1988-02-14,2.91,290.25,-3.98,-15.27,191.56,0.17392777312331456
1988-02-15,7.96,229.31,-4.41,-13.28,223.67,0.17500583783275658
1988-02-16,2.24,343.75,-4.63,-17.66,157.56,0.17572454763905127
1988-02-17,0.13,443.42,-3.84,-20.81,119.86,0.16566261035092564
1988-02-18,0.64,437.65,-1.86,-18.52,143.96,0.16997486918869376
1988-02-19,0.0,438.94,-1.56,-16.87,166.11,0.1742871280264619
1988-02-20,0.0,397.64,-0.29,-12.68,230.42,0.17464648292960924
1988-02-21,0.45,419.53,1.47,-12.59,231.18,0.17644325744534595
1988-02-22,0.27,428.51,-2.22,-16.41,171.58,0.17464648292960924
1988-02-23,0.2,484.09,0.42,-19.23,136.34,0.17320906331701985
1988-02-24,0.0,505.39,5.04,-17.39,156.81,0.1710529338981358
1988-02-25,0.0,512.01,9.27,-14.65,194.77,0.17644325744534595
1988-02-26,0.0,508.87,10.37,-12.23,235.6,0.18147422608940877
1988-02-27,0.0,510.11,11.23,-11.05,255.53,0.1832710006051455
1988-02-28,0.0,490.31,8.89,-10.08,275.3,0.18614583983032426
1988-02-29,0.0,413.47,5.91,-7.29,344.87,0.1929735829901238
1988-03-01,0.72,417.34,4.62,-9.42,288.11,0.19800455163418662
1988-03-02,0.31,448.65,4.81,-10.4,270.87,0.2023168104719547
1988-03-03,4.37,371.81,0.29,-12.82,227.07,0.21094132814749098
1988-03-04,3.17,410.87,1.01,-15.9,176.7,0.2192064909198799
1988-03-05,0.0,451.74,1.07,-13.27,217.04,0.22423745956394273
1988-03-06,9.16,313.38,-0.8,-13.19,222.34,0.23897101059298384
1988-03-07,2.73,399.74,-2.44,-16.02,176.67,0.24112714001186789
1988-03-08,0.22,518.61,3.0,-15.39,183.21,0.23501810665836304
1988-03-09,0.58,453.47,2.19,-12.67,227.44,0.25047036749369883
1988-03-10,3.07,293.57,-4.11,-13.94,209.79,0.26125101458811917
1988-03-11,0.35,445.02,-6.31,-19.9,129.97,0.24903294788110947
1988-03-12,0.59,498.11,-6.83,-24.02,89.75,0.2378929458835418
1988-03-13,0.0,539.39,-5.52,-24.04,90.21,0.24256455962445728
1988-03-14,0.36,465.81,-1.21,-16.05,176.19,0.2508297223968462
1988-03-15,0.96,464.51,-1.92,-17.71,154.54,0.26125101458811917
1988-03-16,0.0,560.39,-2.38,-22.27,104.51,0.24795488317166745
1988-03-17,0.11,592.94,0.74,-22.72,94.65,0.24903294788110947
1988-03-18,0.0,567.97,5.48,-15.09,181.52,0.26232907929756116
1988-03-19,0.0,517.18,7.35,-9.72,280.99,0.2695161773605081
1988-03-20,0.0,469.43,8.82,-5.74,383.98,0.2763439205203076
1988-03-21,1.37,434.36,8.73,-4.88,417.53,0.2899994068399067
1988-03-22,1.86,303.61,2.28,-7.02,355.52,0.2943116656776748
1988-03-23,7.12,255.84,-0.82,-9.35,299.66,0.2935929558713801
1988-03-24,3.19,369.52,-0.57,-12.06,240.88,0.28065617935807574
1988-03-25,4.37,330.75,0.21,-10.05,281.23,0.2828123087769598
1988-03-26,0.58,412.12,6.67,-4.41,432.78,0.2971865049028536
1988-03-27,7.18,443.18,3.2,-14.04,204.2,0.32341941283260967
1988-03-28,0.21,481.73,-5.65,-17.99,150.32,0.2792187597454864
1988-03-29,1.89,384.82,-5.62,-15.74,179.44,0.28065617935807574
1988-03-30,2.1,517.59,-1.82,-17.38,155.59,0.2867652127115806
1988-03-31,1.11,615.43,2.89,-20.89,111.58,0.27742198522974965
1988-04-01,0.0,684.61,5.47,-20.0,117.6,0.28964005193675935
1988-04-02,0.0,630.03,10.52,-9.02,274.82,0.299701989224885
1988-04-03,3.91,287.22,3.1,-4.51,430.32,0.3162323147696628
1988-04-04,10.67,304.34,-0.74,-10.26,283.7,0.3334813501207353
1988-04-05,4.21,533.16,1.85,-16.36,166.46,0.27167230677939214
1988-04-06,0.0,637.26,10.38,-8.74,289.93,0.30760779709412656
1988-04-07,2.99,536.17,11.29,-6.15,360.01,0.3471368364403344
1988-04-08,6.34,432.66,1.46,-13.72,211.74,0.36294845217881755
1988-04-09,1.21,587.13,-0.86,-18.02,147.04,0.3288097363798198
1988-04-10,0.24,690.29,9.16,-14.9,172.87,0.3244974775420517
1988-04-11,0.0,685.01,14.43,-7.88,280.89,0.3345594148301773
1988-04-12,0.0,668.98,15.95,-5.06,340.57,0.37732264830471135
1988-04-13,0.0,681.91,17.03,-5.09,331.34,0.45278717796565354
1988-04-14,0.0,676.82,17.27,-4.39,346.73,0.521064609563649
1988-04-15,0.0,686.24,18.02,-4.27,337.21,0.5677807469728037
1988-04-16,0.0,675.05,17.79,-3.35,359.38,0.6791807669484803
1988-04-17,0.0,626.73,15.07,-2.78,393.95,0.8121420811129976
1988-04-18,0.22,495.83,9.36,-3.26,428.55,0.912761453994254
1988-04-19,3.41,338.5,5.67,-3.39,468.46,0.848077571427732
1988-04-20,9.3,238.99,4.16,-3.05,488.95,0.7833936888612101
1988-04-21,12.7,316.94,5.18,-4.72,435.87,0.7905807869241571
1988-04-22,3.57,373.5,2.15,-7.25,357.88,0.7618323946723695
1988-04-23,6.87,307.39,2.45,-6.43,376.56,0.6755872179170069
1988-04-24,9.95,296.85,3.63,-5.38,411.36,0.6396517276022725
1988-04-25,9.6,350.18,-0.9,-11.54,258.96,0.6180904334134318
1988-04-26,2.9,526.11,1.15,-13.97,205.8,0.5605936489098567
1988-04-27,0.27,601.64,7.01,-8.16,315.64,0.5749678450357506
1988-04-28,0.0,682.7,13.25,-5.97,342.19,0.5821549430986974
1988-04-29,0.0,479.65,9.84,-1.49,520.4,0.6504323746966928
1988-04-30,13.06,382.49,6.19,-5.09,415.95,0.7762065907982632
1988-05-01,8.51,323.79,-1.25,-10.37,280.28,0.7474581985464758
1988-05-02,0.86,561.0,0.07,-13.27,217.51,0.6612130217911132
1988-05-03,0.0,619.17,4.02,-10.47,264.13,0.6432452766337459
1988-05-04,0.0,685.04,9.41,-8.41,294.51,0.6216839824449052
1988-05-05,0.13,653.31,13.1,-3.71,411.28,0.6540259237281663
1988-05-06,15.92,524.11,10.86,-5.23,383.79,0.8085485320815242
1988-05-07,25.11,272.66,1.98,-5.47,408.98,0.8337033753018382
1988-05-08,5.85,498.94,8.18,-4.7,435.08,0.7618323946723695
1988-05-09,2.5,476.68,7.05,-4.51,438.55,0.8157356301444711
1988-05-10,1.27,660.55,13.31,-4.65,406.07,0.8444840223962586
1988-05-11,0.0,752.91,17.67,-3.82,392.26,1.1140001997567668
1988-05-12,0.0,761.62,20.74,-1.79,437.27,1.538038985470633
1988-05-13,0.0,763.48,19.87,-2.84,407.97,2.1166003795378567
1988-05-14,0.46,602.4,9.79,-3.93,427.54,2.6915682245736074
1988-05-15,0.27,736.23,15.45,-4.48,370.94,1.9728584182789193
1988-05-16,0.0,756.13,20.44,-0.81,454.69,2.3106520272374227
1988-05-17,1.49,626.51,15.11,-0.26,528.1,3.298878010892619
1988-05-18,1.71,526.5,8.27,-4.27,425.72,2.8784327742102263
1988-05-19,2.55,517.88,6.68,-6.13,378.62,2.3501810665836302
1988-05-20,0.56,735.67,12.53,-8.45,279.55,2.044729398908388
1988-05-21,0.0,734.83,14.35,-5.25,350.24,2.044729398908388
1988-05-22,0.14,755.32,18.31,-4.12,362.29,2.325026223363316
1988-05-23,0.0,754.79,20.56,-2.05,413.17,2.813748891643704
1988-05-24,0.0,705.05,19.43,-0.01,499.82,3.219819932200203
1988-05-25,1.12,683.71,20.14,-1.02,464.61,3.809161973361847
1988-05-26,0.0,690.74,18.6,-0.45,490.82,4.024774915250254
1988-05-27,1.2,654.36,18.2,0.02,526.35,4.024774915250254
1988-05-28,0.06,659.62,17.28,-0.42,505.69,3.952903934620785
1988-05-29,0.0,635.05,18.18,1.4,584.86,3.8810329539913164
1988-05-30,12.94,385.83,11.32,-1.15,559.33,3.809161973361847
1988-05-31,7.08,330.12,5.69,-2.83,502.27,3.6294845217881755
1988-06-01,0.0,475.41,8.47,-2.57,509.4,2.8568714800213857
1988-06-02,0.73,456.16,11.47,0.54,632.49,2.5442327142831966
1988-06-03,0.0,730.79,22.15,0.05,502.06,2.655632734258873
1988-06-04,0.0,708.09,24.75,3.68,645.07,3.66542001210291
1988-06-05,0.0,696.83,24.72,4.2,660.82,4.491936289341801
1988-06-06,0.0,693.26,23.07,2.61,594.59,4.384129818397597
1988-06-07,0.0,675.15,23.1,3.07,621.22,3.952903934620785
1988-06-08,0.0,659.26,19.74,0.81,545.91,3.66542001210291
1988-06-09,0.0,697.44,20.59,-0.53,478.98,3.3527812463647204
1988-06-10,0.0,642.3,21.94,3.57,656.69,3.0401424806265314
1988-06-11,0.0,672.45,20.73,1.03,541.42,2.9431166567767484
1988-06-12,0.24,574.34,16.57,1.2,597.04,2.6843811265106603
1988-06-13,2.47,453.9,13.02,-0.29,585.03,2.616103694912665
1988-06-14,0.0,697.7,17.51,-2.91,413.43,2.386116556898365
1988-06-15,0.0,696.2,21.01,0.34,506.3,2.2711229878912147
1988-06-16,0.0,675.9,23.78,3.64,639.13,2.256748791765321
1988-06-17,0.12,650.85,23.27,4.06,668.82,2.238781046607954
1988-06-18,0.0,621.17,22.1,4.38,707.13,2.2064391053246926
1988-06-19,0.0,710.35,25.81,2.98,585.39,2.170503615009958
1988-06-20,0.0,640.74,24.59,5.7,749.28,2.0806648892231223
1988-06-21,0.54,611.56,24.96,6.43,808.2,2.095039085349016
1988-06-22,2.42,559.09,24.84,7.84,906.63,2.0375423008454407
1988-06-23,0.0,616.36,25.89,8.01,871.84,2.0375423008454407
1988-06-24,0.0,651.15,28.99,9.08,885.55,1.8938003395865033
1988-06-25,0.32,591.76,27.95,10.08,997.17,1.7967745157367205
1988-06-26,0.92,484.4,22.26,8.57,997.48,1.8147422608940877
1988-06-27,0.0,639.04,25.07,6.31,747.04,1.6817809467295703
1988-06-28,0.42,588.53,23.34,6.33,778.94,1.5991293190056812
1988-06-29,0.4,615.2,20.98,2.76,609.27,1.5811615738483142
1988-06-30,0.0,716.07,21.11,-2.69,375.15,1.4949163970929515
1988-07-01,0.0,673.46,23.86,2.19,541.83,1.4230454164634827
1988-07-02,0.0,632.13,24.98,5.03,680.34,1.3727357300228544
1988-07-03,0.0,595.57,24.95,6.84,788.14,1.3224260435822264
1988-07-04,1.94,444.26,22.15,7.82,947.14,1.2936776513304387
1988-07-05,1.42,550.63,23.46,6.19,768.97,1.3080518474563325
1988-07-06,0.0,606.25,20.19,2.3,572.48,1.2433679648898104
1988-07-07,0.0,707.39,21.23,-2.83,354.2,1.1930582784491826
1988-07-08,0.0,694.58,24.32,0.78,440.94,1.1463421410400276
1988-07-09,0.0,647.12,24.62,3.79,568.19,1.1068131016938199
1988-07-10,0.0,604.46,23.75,5.23,658.7,1.0780647094420324
1988-07-11,0.0,612.47,23.85,4.87,636.24,1.0565034152531916
1988-07-12,0.0,466.96,20.45,7.12,868.56,1.034942121064351
1988-07-13,0.0,604.98,23.95,5.21,661.99,1.0097872778440369
1988-07-14,0.0,549.17,25.24,8.58,869.62,0.9738517875293025
1988-07-15,0.0,617.39,24.96,5.35,651.47,0.9522904933404618
1988-07-16,0.95,601.46,25.18,4.33,619.41,0.9307291991516211
1988-07-17,0.12,573.39,22.16,4.42,654.39,0.937916297214568
1988-07-18,0.0,580.22,20.31,2.62,586.34,0.9055743559313071
1988-07-19,0.0,618.51,19.84,0.28,471.6,0.8660453165850993
1988-07-20,0.0,663.91,23.76,1.04,444.13,0.8444840223962586
1988-07-21,0.0,646.96,27.29,5.1,553.46,0.8301098262703649
1988-07-22,0.0,629.25,27.58,6.15,595.18,0.8121420811129976
1988-07-23,0.0,578.87,25.76,7.18,664.32,0.7941743359556305
1988-07-24,0.0,657.46,27.02,3.63,441.04,0.7833936888612101
1988-07-25,0.0,631.1,27.21,5.48,480.9,0.7726130417667898
1988-07-26,0.0,611.19,27.63,6.64,523.76,0.758238845640896
1988-07-27,0.0,541.55,24.11,6.92,611.97,0.7546452966094227
1988-07-28,0.0,572.95,24.36,5.66,537.68,0.7654259437038429
1988-07-29,0.0,626.29,26.74,4.57,458.81,0.7474581985464758
1988-07-30,0.0,641.83,28.71,4.97,425.91,0.7258969043576351
1988-07-31,0.0,610.82,28.05,6.52,454.27,0.7115227082317414
1988-08-01,0.0,544.92,25.15,7.17,520.46,0.6971485121058476
1988-08-02,0.0,583.44,21.14,1.51,353.3,0.6899614140429007
1988-08-03,0.47,530.37,19.07,1.73,397.45,0.6791807669484803
1988-08-04,0.68,584.16,21.28,0.4,327.55,0.6648065708225865
1988-08-05,0.0,630.35,25.42,1.74,307.17,0.6468388256652193
1988-08-06,0.0,462.29,21.48,6.93,415.29,0.6360581785707992
1988-08-07,0.54,438.54,17.2,3.38,322.28,0.6324646295393256
1988-08-08,0.31,547.62,21.0,2.49,268.45,0.6216839824449052
1988-08-09,0.0,593.35,22.99,2.04,251.89,0.6001226882560646
1988-08-10,0.0,558.31,23.96,4.8,316.62,0.5857484921301709
1988-08-11,0.0,566.71,24.47,4.46,307.33,0.5749678450357506
1988-08-12,0.93,427.8,18.36,4.26,336.61,0.5677807469728037
1988-08-13,0.26,504.5,20.57,3.68,302.61,0.5641871979413302
1988-08-14,0.0,583.18,23.34,1.76,250.2,0.546219452783963
1988-08-15,0.0,565.94,23.91,3.04,273.79,0.5246581585951223
1988-08-16,0.0,538.41,22.02,3.16,280.49,0.513877511500702
1988-08-17,0.0,594.9,24.59,1.4,244.93,0.5030968644062818
1988-08-18,0.0,575.13,25.79,3.5,280.13,0.48512911924891455
1988-08-19,0.0,580.91,24.82,2.13,251.1,0.4779420211859677
1988-08-20,0.0,528.64,24.13,4.77,313.34,0.46716137409154734
1988-08-21,0.0,526.2,19.43,0.21,223.03,0.4635678250600739
1988-08-22,0.0,573.32,21.13,-1.4,196.86,0.4420065308712332
1988-08-23,0.0,584.36,25.09,0.99,234.3,0.43481943280828633
1988-08-24,0.0,577.67,26.42,2.41,258.55,0.42763233474533946
1988-08-25,0.0,555.02,25.31,3.02,268.99,0.424038785713866
1988-08-26,0.0,531.91,22.51,1.94,254.05,0.4204452366823926
1988-08-27,0.0,520.39,18.87,-1.08,202.3,0.4060710405564988
1988-08-28,0.0,549.98,19.96,-2.37,180.54,0.3988839424935519
1988-08-29,0.0,558.47,21.9,-1.41,196.13,0.3988839424935519
1988-08-30,0.0,546.75,22.54,-0.08,215.02,0.39169684443060504
1988-08-31,0.0,518.24,20.89,0.23,220.13,0.3881032953991316
1988-09-01,0.0,551.53,22.04,-1.73,190.28,0.37732264830471135
1988-09-02,0.0,523.46,22.77,0.8,230.29,0.3737290992732379
1988-09-03,0.0,534.37,22.57,-0.44,208.25,0.3701355502417644
1988-09-04,0.0,547.1,22.63,-1.94,187.61,0.366542001210291
1988-09-05,0.0,516.52,21.39,-0.83,204.43,0.366542001210291
1988-09-06,0.0,510.31,21.73,-0.45,208.43,0.36294845217881755
1988-09-07,0.0,431.84,19.13,1.77,245.46,0.35827683843790203
1988-09-08,0.0,492.17,17.15,-3.89,157.52,0.3546832894064286
1988-09-09,0.0,495.47,18.71,-2.96,170.88,0.34534006192459765
1988-09-10,3.48,409.31,14.9,-4.26,155.79,0.3421058677962716
1988-09-11,3.96,222.48,3.75,-5.52,214.25,0.3464181266340397
1988-09-12,0.19,388.05,8.04,-7.08,125.75,0.34138715798997693
1988-09-13,0.0,226.51,6.46,-1.79,267.24,0.343543287408861
1988-09-14,0.0,381.69,11.34,-3.25,169.79,0.35144909527810253
1988-09-15,0.0,442.9,16.54,-1.98,185.93,0.3424652226994189
1988-09-16,0.0,411.74,16.68,-0.13,214.55,0.3356374795396194
1988-09-17,0.0,418.35,15.31,-1.77,190.39,0.3309658657987039
1988-09-18,1.59,270.24,4.37,-6.29,173.9,0.32665360696093576
1988-09-19,0.26,409.98,8.7,-8.06,117.77,0.3223413481231676
1988-09-20,1.69,235.46,8.43,-1.04,278.46,0.3252161873483464
1988-09-21,0.39,387.41,14.07,-1.54,202.57,0.3306065108955566
1988-09-22,0.0,405.49,14.03,-2.55,185.33,0.32629425205778845
1988-09-23,0.0,413.74,14.11,-3.04,176.69,0.3173103794791048
1988-09-24,0.0,358.48,15.2,1.04,252.18,0.31443554025392606
1988-09-25,0.0,319.56,15.0,2.6,291.38,0.3097639265130106
1988-09-26,0.0,386.09,15.9,0.1,228.1,0.3068890872878319
1988-09-27,1.69,341.73,12.66,-2.32,208.87,0.3043736029658004
1988-09-28,1.62,305.27,7.61,-4.68,194.01,0.3090452167067159
1988-09-29,0.02,413.52,14.95,-2.55,184.8,0.3032955382563584
1988-09-30,0.0,434.02,18.54,-1.28,202.15,0.30149876374062173
1988-10-01,0.0,414.76,17.82,-0.59,216.22,0.299701989224885
1988-10-02,0.0,422.57,18.57,-0.71,212.27,0.299701989224885
1988-10-03,0.0,388.4,16.13,-0.48,223.93,0.2968271499997062
1988-10-04,0.0,416.61,16.78,-2.27,188.43,0.2950303754839695
1988-10-05,0.0,423.02,17.04,-3.19,179.18,0.2917961813556434
1988-10-06,0.0,416.52,16.65,-3.29,175.91,0.2899994068399067
1988-10-07,0.0,412.59,17.33,-2.65,181.71,0.2878432774210226
1988-10-08,0.0,397.51,16.64,-2.36,194.48,0.28640585780843325
1988-10-09,0.0,360.46,14.74,-1.27,226.47,0.2835310185832545
1988-10-10,0.0,403.93,17.63,-2.3,190.08,0.2810155342612231
1988-10-11,0.0,385.6,17.3,-1.61,209.73,0.2810155342612231
1988-10-12,0.0,386.45,16.93,-2.58,192.49,0.2802968244549284
1988-10-13,0.0,310.35,12.75,-1.24,236.42,0.278859404842339
1988-10-14,0.29,247.83,10.05,-0.99,292.05,0.27993746955178106
1988-10-15,1.32,196.48,8.78,-0.04,395.74,0.2828123087769598
1988-10-16,3.02,153.1,8.75,1.84,541.71,0.2824529538738125
1988-10-17,7.08,179.92,8.3,-1.82,378.88,0.2899994068399067
1988-10-18,1.75,296.29,10.18,-4.94,225.32,0.299701989224885
1988-10-19,2.01,185.37,7.45,-1.57,398.15,0.29287424606508544
1988-10-20,0.0,253.22,8.93,-2.27,324.05,0.2910774715493487
1988-10-21,0.0,323.56,13.26,-2.63,256.86,0.2853277930989912
1988-10-22,0.0,242.16,9.36,-1.7,340.15,0.2802968244549284
1988-10-23,0.0,271.62,9.87,-3.02,289.78,0.27346908129512887
1988-10-24,0.0,270.11,10.37,-2.39,302.89,0.27095359697309745
1988-10-25,0.0,280.34,11.09,-2.47,292.82,0.2687974675542134
1988-10-26,0.0,259.65,9.82,-2.5,315.62,0.2666413381353293
1988-10-27,0.0,276.29,5.06,-8.44,212.5,0.2659226283290346
1988-10-28,0.0,255.15,5.77,-6.47,258.28,0.25657940084720365
1988-10-29,0.0,280.28,9.66,-4.51,265.62,0.2576574655566457
1988-10-30,0.0,245.11,8.66,-3.34,314.89,0.25586069104090897
1988-10-31,0.0,285.42,10.61,-4.15,262.68,0.25298585181573024
1988-11-01,0.01,274.31,11.41,-2.58,302.42,0.2519077871062882
1988-11-02,6.87,128.87,5.93,-1.36,496.52,0.2537045616220249
1988-11-03,7.24,124.39,3.27,-3.68,459.06,0.2630477891038559
1988-11-04,3.08,135.76,0.13,-6.61,357.92,0.2634071440070032
1988-11-05,1.94,208.38,1.37,-8.5,296.9,0.2519077871062882
1988-11-06,6.31,199.08,2.76,-7.26,326.36,0.2572981106534984
1988-11-07,4.09,196.66,-1.13,-11.63,238.47,0.2580168204597931
1988-11-08,7.03,109.01,-2.58,-8.07,330.07,0.2537045616220249
1988-11-09,3.85,192.88,-3.03,-12.81,226.3,0.25945424007238244
1988-11-10,2.76,233.92,-2.49,-13.27,215.58,0.23753359098039445
1988-11-11,4.47,151.56,-2.37,-9.42,298.03,0.2583761753629404
1988-11-12,9.31,135.82,-3.01,-9.53,297.61,0.2601729498786771
1988-11-13,10.94,144.67,-2.42,-8.98,310.77,0.2583761753629404
1988-11-14,10.67,182.84,-2.38,-11.83,252.78,0.2687974675542134
1988-11-15,3.08,264.19,-4.46,-18.96,137.18,0.24112714001186789
1988-11-16,1.38,169.03,-5.79,-12.98,230.36,0.25047036749369883
1988-11-17,3.21,149.6,-4.87,-11.63,254.0,0.2702348871668028
1988-11-18,0.48,249.47,-4.53,-14.75,195.96,0.2608916596849718
1988-11-19,0.56,203.12,-6.03,-13.86,212.21,0.24148649491501523
1988-11-20,1.45,187.18,-5.91,-13.61,218.07,0.25945424007238244
1988-11-21,4.2,138.91,-5.09,-11.11,263.08,0.2576574655566457
1988-11-22,10.39,131.81,-1.53,-7.58,347.04,0.2598135949755298
1988-11-23,19.11,144.04,0.19,-6.68,377.42,0.27167230677939214
1988-11-24,8.27,179.69,-4.59,-13.77,216.77,0.27993746955178106
1988-11-25,1.36,241.75,-6.56,-17.2,161.59,0.24975165768740415
1988-11-26,2.61,212.74,-8.54,-18.81,137.87,0.22747165369226882
1988-11-27,5.23,208.94,-9.69,-21.73,111.34,0.22064391053246926
1988-11-28,8.66,136.6,-6.29,-12.18,244.32,0.2249561693702374
1988-11-29,2.34,143.18,-7.08,-12.62,234.82,0.22603423407967943
1988-11-30,2.09,212.36,-4.61,-13.48,219.19,0.23106520272374226
1988-12-01,0.12,285.28,-0.11,-14.38,202.81,0.22962778311115287
1988-12-02,0.0,280.39,1.59,-12.28,241.17,0.2281903634985635
1988-12-03,0.0,269.54,1.55,-11.47,255.96,0.23933036549613118
1988-12-04,0.0,275.64,1.8,-12.54,235.02,0.24472068904334132
1988-12-05,0.0,257.44,-0.38,-12.53,235.95,0.24184584981816257
1988-12-06,0.15,174.99,-3.25,-9.83,291.36,0.2515484322031409
1988-12-07,1.51,212.89,-5.21,-14.83,197.07,0.25550133613776166
1988-12-08,0.0,268.99,-5.23,-19.03,134.47,0.24076778510872054
1988-12-09,0.06,185.31,-4.02,-11.38,253.99,0.24112714001186789
1988-12-10,0.42,155.92,-3.7,-9.77,292.4,0.2378929458835418
1988-12-11,0.0,196.24,-3.24,-11.15,262.42,0.24220520472130994
1988-12-12,0.04,150.86,-1.17,-6.96,363.29,0.2461581086559307
1988-12-13,0.12,214.92,-0.73,-9.92,295.07,0.2508297223968462
1988-12-14,1.93,240.86,-6.49,-20.27,127.28,0.24831423807481479
1988-12-15,0.06,278.85,-7.32,-25.13,79.97,0.2023168104719547
1988-12-16,0.0,276.79,-2.43,-20.09,126.63,0.18686454963661894
1988-12-17,0.0,264.57,0.19,-15.22,189.97,0.20842584382545956
1988-12-18,0.0,257.85,1.36,-13.38,220.89,0.21884713601673256
1988-12-19,0.29,215.63,-4.44,-15.21,189.04,0.2210032654356166
1988-12-20,2.16,136.96,-6.81,-13.4,219.22,0.22783100859541616
1988-12-21,4.96,139.95,-4.31,-12.34,243.59,0.23106520272374226
1988-12-22,4.22,115.01,-8.41,-14.66,199.2,0.22747165369226882
1988-12-23,4.05,138.42,-8.56,-15.61,185.55,0.22423745956394273
1988-12-24,0.9,186.42,-9.8,-18.37,149.21,0.2217219752419113
1988-12-25,3.94,173.02,-10.76,-21.08,116.13,0.22028455562932192
1988-12-26,2.77,165.79,-16.73,-25.45,78.3,0.20842584382545956
1988-12-27,0.06,222.8,-15.76,-25.77,79.05,0.1940516476995658
1988-12-28,1.4,223.21,-11.62,-23.33,95.31,0.19764519673103928
1988-12-29,2.51,138.21,-13.89,-20.59,122.03,0.2012387457625127
1988-12-30,2.47,160.29,-7.99,-16.25,172.65,0.2012387457625127
1988-12-31,2.49,149.25,-10.94,-18.42,147.34,0.20483229479398612
1989-01-01,3.53,103.72,-9.63,-15.41,188.54,0.2087851987286069
1989-01-02,3.07,117.47,-8.69,-14.78,195.87,0.2055510046002808
1989-01-03,1.69,146.8,-4.0,-10.9,267.52,0.20159810066566003
1989-01-04,0.0,232.22,1.15,-10.11,285.28,0.20159810066566003
1989-01-05,4.21,139.77,-2.64,-9.85,289.66,0.2030355202782494
1989-01-06,5.89,200.19,-5.73,-19.57,134.49,0.2069884242128702
1989-01-07,1.08,216.07,-14.76,-25.48,80.11,0.19117680847438703
1989-01-08,4.33,175.98,-14.95,-24.6,80.39,0.1832710006051455
1989-01-09,12.26,165.27,-6.5,-15.85,181.76,0.18794261434606097
1989-01-10,12.78,204.29,-4.38,-17.57,158.62,0.1897393888617977
1989-01-11,4.26,190.34,-11.03,-22.05,105.49,0.1832710006051455
1989-01-12,1.54,221.07,-9.53,-20.32,124.59,0.17644325744534595
1989-01-13,1.95,246.33,-5.35,-19.59,133.4,0.17967745157367207
1989-01-14,1.89,189.91,-10.72,-19.02,136.08,0.18470842021773487
1989-01-15,2.37,140.46,-11.53,-17.44,157.34,0.18902067905550302
1989-01-16,5.23,139.28,-6.77,-13.5,216.28,0.18291164570199817
1989-01-17,1.77,131.5,-4.74,-9.96,289.74,0.18291164570199817
1989-01-18,0.07,162.94,-3.12,-9.12,306.1,0.17824003196108268
1989-01-19,0.0,260.27,-1.16,-11.71,256.82,0.1839897104114402
1989-01-20,0.0,314.23,0.99,-14.06,209.41,0.18111487118626143
1989-01-21,0.22,277.74,-1.09,-13.2,226.59,0.1793180966705247
1989-01-22,16.05,97.93,-3.23,-7.71,341.52,0.18183358099255612
1989-01-23,9.29,247.29,-4.92,-20.42,125.05,0.18614583983032426
1989-01-24,1.64,304.84,-10.03,-25.02,82.54,0.1717716437044305
1989-01-25,0.0,348.79,-9.06,-25.58,77.7,0.1645845456414836
1989-01-26,0.0,357.39,-2.9,-20.39,123.82,0.1717716437044305
1989-01-27,0.0,362.83,-1.71,-19.78,130.7,0.1832710006051455
1989-01-28,0.0,370.44,-1.47,-20.35,122.25,0.17644325744534595
1989-01-29,0.0,326.74,-0.91,-13.72,216.81,0.1760839025421986
1989-01-30,0.0,275.79,0.36,-9.18,306.64,0.17967745157367207
1989-01-31,2.67,246.86,-2.09,-12.26,245.71,0.17895874176737736
1989-02-01,7.38,322.25,-7.11,-28.61,59.03,0.17859938686423002
1989-02-02,4.39,282.64,-17.37,-31.58,44.26,0.14913228480614782
1989-02-03,1.28,300.79,-22.15,-33.21,39.79,0.14374196125893765
1989-02-04,1.14,322.45,-19.87,-32.25,40.0,0.1401484122274642
1989-02-05,0.0,377.79,-17.54,-33.04,40.0,0.13655486319599075
1989-02-06,0.05,375.68,-14.46,-29.96,48.81,0.14374196125893765
1989-02-07,0.0,386.65,-10.8,-27.08,68.82,0.1473355102904111
1989-02-08,0.0,413.97,-8.07,-27.75,66.88,0.15452260835335796
1989-02-09,0.7,414.81,-2.93,-24.75,84.39,0.16170970641630483
1989-02-10,2.03,213.0,-2.01,-9.85,288.09,0.16889680447925173
1989-02-11,0.13,352.81,-0.58,-13.94,211.92,0.17967745157367207
1989-02-12,0.0,368.94,-4.97,-18.72,142.24,0.18686454963661894
1989-02-13,1.68,292.93,-9.2,-20.38,122.57,0.18686454963661894
1989-02-14,1.66,271.75,-11.23,-21.44,114.35,0.17967745157367207
1989-02-15,0.59,353.22,-9.65,-22.98,100.03,0.17249035351072517
1989-02-16,0.83,361.65,-5.74,-19.78,132.14,0.16170970641630483
1989-02-17,3.77,223.36,-3.11,-12.43,238.53,0.15452260835335796
1989-02-18,5.07,216.17,-0.7,-8.92,311.96,0.15452260835335796
1989-02-19,4.62,194.25,-0.0,-7.44,350.85,0.1581161573848314
1989-02-20,3.8,188.23,-1.64,-9.04,307.09,0.1581161573848314
1989-02-21,0.73,246.13,-3.31,-11.04,266.06,0.16170970641630483
1989-02-22,2.31,294.67,-0.59,-11.37,258.5,0.16278777112574688
1989-02-23,0.99,294.29,2.13,-7.22,355.66,0.1645845456414836
1989-02-24,1.56,399.66,5.33,-9.86,289.52,0.16494390054463096
1989-02-25,0.47,253.09,2.45,-4.87,425.59,0.1645845456414836
1989-02-26,0.66,346.75,-1.61,-11.62,253.44,0.1638658358351889
1989-02-27,3.58,244.74,-6.02,-13.59,216.91,0.1588348671911261
1989-02-28,4.7,246.81,-6.88,-14.99,194.62,0.16027228680371547
1989-03-01,8.63,220.43,-5.56,-12.55,235.0,0.1581161573848314
1989-03-02,14.93,253.8,-4.37,-12.94,235.9,0.15092905932188452
1989-03-03,4.76,449.57,-7.78,-23.92,91.11,0.1473355102904111
1989-03-04,0.0,560.98,-3.69,-26.44,79.62,0.14374196125893765
1989-03-05,0.16,528.47,0.98,-16.71,165.31,0.16170970641630483
1989-03-06,0.02,353.43,2.47,-6.39,379.53,0.1685374495761044
1989-03-07,9.38,187.14,2.09,-3.55,473.42,0.16997486918869376
1989-03-08,6.29,285.1,3.4,-4.82,431.85,0.1760839025421986
1989-03-09,4.9,310.69,8.38,-0.24,597.93,0.19908261634362862
1989-03-10,0.0,503.9,11.71,-1.88,530.4,0.21130068305063832
1989-03-11,0.0,529.66,10.94,-3.4,472.67,0.21381616737266973
1989-03-12,0.0,559.71,9.99,-6.52,368.94,0.21669100659784848
1989-03-13,8.39,405.04,2.36,-9.58,297.4,0.22208133014505865
1989-03-14,7.0,316.71,-3.9,-12.82,231.31,0.2217219752419113
1989-03-15,5.35,422.94,-3.08,-15.6,184.35,0.21058197324434363
1989-03-16,7.32,306.62,-0.5,-8.32,323.36,0.20842584382545956
1989-03-17,7.33,275.24,-3.99,-11.35,258.91,0.2012387457625127
1989-03-18,3.46,386.13,-1.05,-10.45,273.84,0.19764519673103928
1989-03-19,4.18,454.68,-0.24,-13.63,219.53,0.20483229479398612
1989-03-20,3.28,562.63,2.63,-19.22,132.86,0.20986326343804895
1989-03-21,1.48,487.46,-0.44,-12.11,240.93,0.21489423208211175
1989-03-22,6.87,260.22,0.36,-6.34,385.18,0.22854971840171084
1989-03-23,1.34,466.76,1.45,-9.18,302.16,0.22926842820800553
1989-03-24,3.92,539.12,6.4,-12.98,224.5,0.22962778311115287
1989-03-25,6.06,309.6,4.77,-3.76,459.47,0.24328326943075196
1989-03-26,6.57,304.6,4.48,-3.53,470.37,0.2648445636195926
1989-03-27,5.66,281.3,2.24,-4.83,428.8,0.2935929558713801
1989-03-28,8.67,319.22,1.86,-5.87,397.95,0.3061703774815372
1989-03-29,7.77,376.34,0.62,-9.69,298.8,0.31299812064133675
1989-03-30,4.19,496.62,2.67,-10.88,269.06,0.30940457160986323
1989-03-31,6.36,365.76,0.24,-9.54,300.31,0.31299812064133675
1989-04-01,7.52,424.21,1.73,-9.94,289.69,0.31982586380113626
1989-04-02,7.15,423.99,-0.72,-12.7,236.05,0.3298878010892619
1989-04-03,1.4,573.42,-1.04,-14.49,202.53,0.30832650690042124
1989-04-04,0.75,645.46,-0.29,-16.67,168.56,0.31407618535077875
1989-04-05,3.44,420.25,2.99,-5.68,401.73,0.3399497383773875
1989-04-06,0.01,457.04,8.47,-0.15,602.72,0.3439026423120083
1989-04-07,0.35,497.34,8.39,-1.45,551.22,0.3737290992732379
1989-04-08,0.04,676.94,5.32,-11.52,255.19,0.38091619733618476
1989-04-09,0.0,688.62,-1.31,-18.31,146.81,0.3701355502417644
1989-04-10,0.0,739.22,6.16,-19.61,128.24,0.34534006192459765
1989-04-11,0.0,729.05,8.76,-13.78,200.32,0.37732264830471135
1989-04-12,0.0,720.34,9.57,-11.62,240.24,0.3881032953991316
1989-04-13,0.0,696.31,11.31,-7.71,324.93,0.4204452366823926
1989-04-14,0.0,678.81,13.53,-4.41,420.0,0.48512911924891455
1989-04-15,0.46,498.11,8.96,-1.9,520.12,0.5857484921301709
1989-04-16,8.53,296.19,6.18,-1.82,535.84,0.6755872179170069
1989-04-17,3.81,439.55,6.37,-4.67,433.31,0.7151162572632147
1989-04-18,0.85,648.82,11.87,-5.55,389.1,0.7079291592002679
1989-04-19,0.0,633.57,13.29,-1.78,514.15,0.8947937088368868
1989-04-20,0.46,677.71,16.46,-2.52,474.4,1.1068131016938199
1989-04-21,0.0,648.6,16.13,-0.21,566.84,1.5308518874076857
1989-04-22,0.0,610.97,12.87,-1.49,530.13,1.9836390653733396
1989-04-23,0.0,591.54,9.71,-3.53,461.65,2.1633165169470114
1989-04-24,0.01,550.93,7.67,-4.32,429.44,1.77521322154788
1989-04-25,1.99,538.87,7.96,-5.1,408.34,1.8614583983032422
1989-04-26,7.8,339.85,2.93,-6.36,379.57,1.7967745157367205
1989-04-27,7.7,384.07,3.64,-7.21,361.97,1.3907034751802216
1989-04-28,2.7,480.55,1.12,-10.89,268.8,1.1643098861973948
1989-04-29,0.08,678.79,3.14,-13.48,215.37,0.9954130817181431
1989-04-30,0.06,718.52,6.85,-12.52,226.42,0.937916297214568
1989-05-01,1.25,679.72,11.26,-8.47,303.7,0.9630711404348822
1989-05-02,4.24,445.24,8.94,-2.18,512.07,1.1427485920085543
1989-05-03,6.45,330.94,6.17,-2.92,496.44,1.2828970042360186
1989-05-04,0.84,461.82,6.61,-3.32,477.89,1.2038389255436026
1989-05-05,0.51,663.91,13.65,-4.01,429.89,1.182277631354762
1989-05-06,0.0,707.52,16.82,-2.43,463.81,1.7967745157367205
1989-05-07,2.79,569.96,15.77,0.83,610.38,2.7490650090771824
1989-05-08,4.9,463.03,12.28,-0.61,577.72,3.701355502417644
1989-05-09,3.41,516.63,14.18,-1.76,523.49,3.773226483047113
1989-05-10,4.1,518.4,15.83,-0.08,596.79,4.456000799027067
1989-05-11,7.87,448.34,11.49,-1.69,542.77,4.8153557021744104
1989-05-12,12.9,342.47,6.39,-2.74,503.75,4.024774915250254
1989-05-13,4.52,351.18,4.93,-3.63,470.76,3.144355402539261
1989-05-14,3.4,532.53,8.97,-4.09,455.64,2.6448520871644527
1989-05-15,5.17,355.38,8.06,-0.93,574.08,2.6987553226365546
1989-05-16,4.07,383.8,8.99,-0.5,593.73,2.8460908329269654
1989-05-17,3.14,525.9,11.01,-2.03,527.18,2.968271499997062
1989-05-18,6.77,583.96,12.93,-5.73,401.34,3.1659166967281016
1989-05-19,6.11,503.86,4.0,-8.97,310.77,3.4174651289312425
1989-05-20,0.0,731.22,11.18,-6.53,370.59,2.6628198323218197
1989-05-21,0.0,721.49,13.62,-3.81,445.79,2.77781340132897
1989-05-22,0.0,666.32,15.12,0.11,599.89,3.3204393050814596
1989-05-23,1.86,667.5,13.99,-3.88,447.01,3.8450974636765816
1989-05-24,3.7,513.66,3.96,-7.86,340.19,3.952903934620785
1989-05-25,1.15,557.73,4.14,-7.96,339.47,2.968271499997062
1989-05-26,0.02,695.66,8.7,-7.31,350.01,2.562200459440563
1989-05-27,0.0,687.78,13.24,-2.88,481.0,2.4759552826852005
1989-05-28,0.4,663.89,15.19,-0.51,571.5,2.5873553026608773
1989-05-29,2.85,521.85,11.26,-1.41,552.39,3.083265069004212
1989-05-30,0.66,490.67,7.78,-2.18,524.24,3.1587295986651545
1989-05-31,0.11,672.37,10.62,-4.31,437.99,2.842497283895492
1989-06-01,0.0,720.11,14.16,-3.2,450.83,3.0042069903117965
1989-06-02,2.19,536.57,13.37,1.32,654.01,3.3204393050814596
1989-06-03,8.61,223.22,6.03,0.44,634.03,3.701355502417644
1989-06-04,2.77,552.85,13.65,-0.1,600.44,3.180290892853995
1989-06-05,0.06,720.09,17.31,-0.22,555.25,3.44621352118303
1989-06-06,0.38,678.64,17.06,1.04,611.54,3.9888394249355197
1989-06-07,0.0,713.51,18.39,1.03,593.88,4.420065308712332
1989-06-08,2.45,647.43,18.06,0.88,599.35,4.56380726997127
1989-06-09,0.0,719.53,18.27,0.51,566.84,4.420065308712332
1989-06-10,4.75,519.69,13.95,1.37,659.05,4.491936289341801
1989-06-11,2.18,592.4,13.6,-0.54,570.72,4.420065308712332
1989-06-12,0.0,705.42,15.39,-1.8,495.44,3.952903934620785
1989-06-13,0.0,717.39,16.99,-1.14,503.89,3.9888394249355197
1989-06-14,0.0,678.96,17.25,0.7,580.94,4.024774915250254
1989-06-15,0.73,690.49,21.94,2.98,650.1,4.024774915250254
1989-06-16,7.07,432.12,13.65,0.85,656.37,4.959097663433349
1989-06-17,1.48,666.54,14.98,-1.7,492.08,4.599742760286005
1989-06-18,0.0,670.54,18.45,1.78,611.36,3.952903934620785
1989-06-19,0.03,704.65,22.33,3.49,651.78,3.9888394249355197
1989-06-20,0.0,659.29,14.8,-1.2,514.8,4.096645895879723
1989-06-21,1.16,526.3,8.53,-3.44,469.61,3.4785554624662907
1989-06-22,0.22,634.61,11.33,-3.6,438.56,3.1084199122245266
1989-06-23,0.06,574.72,11.24,-1.65,513.27,2.9143682645249607
1989-06-24,2.49,531.34,12.72,-1.6,519.49,2.7885940484233904
1989-06-25,0.41,656.31,14.66,-1.52,476.92,2.716723067793921
1989-06-26,1.44,630.36,15.91,-0.2,523.73,2.709535969730975
1989-06-27,0.14,646.96,19.4,3.39,637.86,2.6843811265106603
1989-06-28,0.0,667.98,18.82,2.08,561.87,2.7310972639198154
1989-06-29,0.0,729.57,22.31,1.61,495.97,2.709535969730975
1989-06-30,0.0,696.84,23.11,4.03,585.9,2.7023488716680277
1989-07-01,0.0,677.42,20.77,2.77,541.52,2.655632734258873
1989-07-02,0.14,686.83,22.36,3.28,535.74,2.5442327142831966
1989-07-03,0.0,714.18,25.06,3.93,527.32,2.4759552826852005
1989-07-04,0.0,706.15,27.16,5.97,601.83,2.4076778510872052
1989-07-05,0.0,690.82,25.46,5.23,580.23,2.3573681646465774
1989-07-06,0.0,717.18,26.34,4.19,522.86,2.2711229878912147
1989-07-07,0.0,692.62,27.17,6.13,612.38,2.1776907130729053
1989-07-08,0.0,621.81,25.88,8.39,776.28,2.1094132814749096
1989-07-09,1.17,483.65,20.1,7.31,864.89,2.069884242128702
1989-07-10,4.82,461.0,19.49,5.2,780.04,2.087851987286069
1989-07-11,1.6,661.61,23.93,2.23,514.51,2.069884242128702
1989-07-12,1.26,529.54,22.0,7.18,826.75,1.9548906731215518
1989-07-13,3.49,406.35,17.89,6.59,909.8,2.084258438254596
1989-07-14,0.74,624.47,22.08,3.47,600.96,1.9728584182789193
1989-07-15,0.62,654.41,24.06,3.82,590.88,1.857864849271769
1989-07-16,0.11,595.93,21.4,4.87,663.01,1.8219293589570345
1989-07-17,0.44,499.38,16.24,3.01,652.11,1.7716196725164064
1989-07-18,1.06,645.56,23.07,2.27,512.73,1.7069357899498843
1989-07-19,0.0,659.62,26.07,5.95,640.39,1.6494390054463095
1989-07-20,0.0,646.13,27.64,7.9,733.91,1.6027228680371548
1989-07-21,0.75,531.73,23.97,8.5,882.06,1.5703809267538937
1989-07-22,1.67,506.98,24.12,8.46,902.77,1.5596002796594735
1989-07-23,0.04,529.39,21.61,7.03,829.3,1.5344454364391593
1989-07-24,0.33,634.1,24.65,4.67,618.92,1.5092905932188454
1989-07-25,0.06,615.07,25.37,6.43,706.18,1.4482002596837968
1989-07-26,1.24,564.55,25.35,6.97,746.0,1.4230454164634827
1989-07-27,3.04,473.07,24.2,7.49,849.04,1.4194518674320091
1989-07-28,2.05,559.89,23.89,5.99,697.83,1.4482002596837968
1989-07-29,0.28,594.01,25.08,6.56,694.74,1.3655486319599077
1989-07-30,0.0,605.36,26.23,7.28,716.91,1.304458298424859
1989-07-31,0.91,574.47,27.74,8.71,806.08,1.2685228081101247
1989-08-01,3.58,521.06,26.14,7.14,771.61,1.228993768763917
1989-08-02,1.03,523.94,20.92,4.81,677.78,1.2146195726380231
1989-08-03,0.0,519.98,19.02,3.92,645.68,1.1858711803862356
1989-08-04,0.0,564.38,19.71,2.77,565.64,1.1499356900715012
1989-08-05,0.0,595.6,21.75,3.41,566.5,1.1068131016938199
1989-08-06,0.0,586.49,22.28,4.17,593.33,1.0780647094420324
1989-08-07,0.0,590.58,22.39,4.01,571.51,1.0565034152531916
1989-08-08,0.19,473.65,21.16,7.28,812.27,1.0385356700958244
1989-08-09,2.03,400.39,19.47,7.5,895.52,1.0241614739699307
1989-08-10,4.61,441.79,20.65,5.72,738.83,1.0169743759069838
1989-08-11,3.83,495.13,21.63,4.89,622.08,1.027755023001404
1989-08-12,2.22,461.1,21.35,5.83,686.15,0.9882259836551962
1989-08-13,4.82,426.48,20.8,4.95,685.69,1.0097872778440369
1989-08-14,0.63,558.74,21.39,3.82,524.58,0.9774453365607759
1989-08-15,0.1,567.74,20.6,2.43,463.59,0.937916297214568
1989-08-16,0.0,496.21,20.08,5.07,599.08,0.9091679049627807
1989-08-17,0.0,580.34,22.8,3.55,440.66,0.8840130617424664
1989-08-18,5.32,341.21,15.62,3.47,653.32,0.8660453165850993
1989-08-19,5.01,350.88,14.47,3.04,652.57,0.9990066307496166
1989-08-20,3.21,357.69,13.24,1.37,583.78,0.9235421010886744
1989-08-21,0.69,428.85,14.4,1.59,546.02,0.8912001598054133
1989-08-22,0.03,508.1,19.55,4.16,566.92,0.8588582185221524
1989-08-23,0.0,537.45,20.39,3.54,504.15,0.8301098262703649
1989-08-24,2.8,327.32,11.05,0.28,575.74,0.8121420811129976
1989-08-25,4.82,264.82,8.06,-0.78,558.99,0.8157356301444711
1989-08-26,0.82,474.79,12.63,-2.21,412.29,0.8193291791759445
1989-08-27,1.61,490.92,15.9,0.06,465.28,0.7941743359556305
1989-08-28,0.78,493.52,14.49,-0.91,434.49,0.7869872378926835
1989-08-29,0.0,569.4,19.09,-0.04,399.01,0.7654259437038429
1989-08-30,0.0,530.7,20.27,3.09,517.14,0.7366775514520554
1989-08-31,0.0,497.09,15.83,0.46,471.97,0.7223033553261616
1989-09-01,0.0,566.85,19.17,-0.54,382.66,0.7043356101687944
1989-09-02,0.0,534.34,18.55,0.77,414.0,0.6899614140429007
1989-09-03,0.0,516.01,15.01,-1.85,358.33,0.6827743159799539
1989-09-04,0.0,568.9,18.58,-2.2,320.76,0.6648065708225865
1989-09-05,0.0,528.19,19.67,1.16,415.2,0.6540259237281663
1989-09-06,0.0,419.37,13.93,1.34,520.22,0.6504323746966928
1989-09-07,0.25,509.47,17.35,-0.09,397.94,0.6324646295393256
1989-09-08,4.79,266.27,9.1,-0.53,541.7,0.6288710805078521
1989-09-09,4.47,252.37,6.37,-2.4,505.78,0.6216839824449052
1989-09-10,0.89,385.4,5.22,-6.64,330.42,0.6144968843819585
1989-09-11,0.03,504.01,8.52,-8.26,256.45,0.6001226882560646
1989-09-12,0.0,517.17,11.28,-6.84,269.94,0.5893420411616443
1989-09-13,0.0,547.61,16.56,-5.06,279.64,0.5821549430986974
1989-09-14,0.0,531.91,18.88,-1.92,350.46,0.5749678450357506
1989-09-15,0.0,513.85,18.8,-1.16,360.09,0.5677807469728037
1989-09-16,0.0,516.41,20.22,-0.21,379.61,0.5570000998783834
1989-09-17,4.73,390.44,18.03,1.69,534.76,0.5534065508469099
1989-09-18,3.65,330.33,11.3,-2.07,476.29,0.5893420411616443
1989-09-19,0.0,466.16,13.97,-3.41,366.22,0.5821549430986974
1989-09-20,0.0,409.61,11.92,-2.88,412.68,0.5570000998783834
1989-09-21,0.0,472.02,14.76,-3.71,352.9,0.5390323547210162
1989-09-22,0.0,468.8,16.4,-2.39,383.84,0.5354388056895427
1989-09-23,0.0,465.49,18.41,-0.87,417.27,0.5282517076265958
1989-09-24,0.0,444.62,18.45,0.01,456.91,0.521064609563649
1989-09-25,0.0,467.06,20.03,-0.73,412.99,0.5102839624692286
1989-09-26,0.03,350.62,16.24,2.44,624.06,0.5030968644062818
1989-09-27,2.27,306.66,16.07,2.84,683.52,0.5030968644062818
1989-09-28,0.0,397.75,17.83,1.72,565.49,0.513877511500702
1989-09-29,0.0,415.97,19.9,1.85,547.03,0.5102839624692286
1989-09-30,0.0,409.86,17.68,-0.06,493.29,0.4959097663433349
1989-10-01,5.61,165.17,5.86,-2.28,521.0,0.5174710605321755
1989-10-02,8.3,120.68,0.83,-4.58,437.76,0.5534065508469099
1989-10-03,5.81,217.97,5.63,-4.65,434.08,0.546219452783963
1989-10-04,8.13,101.53,0.42,-4.11,453.78,0.5641871979413302
1989-10-05,0.76,346.86,6.87,-6.66,371.49,0.5570000998783834
1989-10-06,0.0,296.81,5.76,-4.85,430.92,0.5534065508469099
1989-10-07,0.0,365.71,9.15,-5.06,418.37,0.5354388056895427
1989-10-08,0.0,346.38,10.58,-3.1,483.6,0.5246581585951223
1989-10-09,0.13,370.08,13.06,-2.9,479.89,0.5246581585951223
1989-10-10,0.0,349.16,13.9,-0.99,557.94,0.521064609563649
1989-10-11,0.0,199.06,10.24,2.55,736.95,0.521064609563649
1989-10-12,0.0,283.26,12.6,1.48,679.68,0.5174710605321755
1989-10-13,0.0,309.51,12.44,-0.13,600.81,0.5030968644062818
1989-10-14,0.0,333.19,11.43,-2.54,500.14,0.4923162173118614
1989-10-15,0.0,276.22,4.12,-6.39,383.42,0.48512911924891455
1989-10-16,0.14,332.42,4.69,-8.7,317.35,0.46716137409154734
1989-10-17,0.22,339.07,5.15,-8.99,309.55,0.456380726997127
1989-10-18,0.0,378.87,9.79,-8.02,325.42,0.4420065308712332
1989-10-19,0.0,365.97,12.78,-4.54,424.64,0.44560007990270667
1989-10-20,0.0,328.78,12.39,-2.41,505.68,0.44560007990270667
1989-10-21,0.0,265.67,8.67,-2.38,512.81,0.44560007990270667
1989-10-22,1.1,174.58,6.42,-0.62,585.01,0.44560007990270667
1989-10-23,1.27,217.1,8.75,-0.01,612.7,0.45278717796565354
1989-10-24,3.21,193.53,7.57,-0.69,586.52,0.456380726997127
1989-10-25,5.39,224.68,8.14,-1.93,533.32,0.48512911924891455
1989-10-26,7.28,139.5,0.48,-5.71,406.82,0.5066904134377551
1989-10-27,4.25,154.98,0.19,-6.31,387.09,0.4815355702174411
1989-10-28,7.74,134.5,-3.09,-8.77,319.7,0.4779420211859677
1989-10-29,0.8,305.92,-2.08,-14.25,206.53,0.4420065308712332
1989-10-30,1.86,218.9,-3.12,-11.18,263.15,0.43481943280828633
1989-10-31,4.66,275.83,-3.96,-17.05,167.09,0.45278717796565354
1989-11-01,0.0,371.17,-2.87,-21.28,116.72,0.39169684443060504
1989-11-02,1.59,311.47,0.22,-14.82,195.57,0.3988839424935519
1989-11-03,2.34,147.09,-1.5,-7.3,354.84,0.44560007990270667
1989-11-04,10.51,160.75,-0.29,-7.74,345.4,0.45278717796565354
1989-11-05,4.02,149.46,-1.94,-8.66,320.33,0.4420065308712332
1989-11-06,4.32,141.33,-3.1,-8.9,312.65,0.4312258837768129
1989-11-07,5.15,140.22,-3.71,-9.89,293.71,0.4312258837768129
1989-11-08,6.34,196.49,-2.8,-12.04,245.67,0.4060710405564988
1989-11-09,1.83,164.89,1.62,-4.76,433.24,0.42763233474533946
1989-11-10,0.22,133.95,4.34,-0.15,605.05,0.43481943280828633
1989-11-11,0.0,244.84,6.95,-2.06,529.59,0.44560007990270667
1989-11-12,0.0,257.45,6.45,-3.36,481.52,0.4384129818397598
1989-11-13,6.98,157.57,0.49,-6.48,381.85,0.44560007990270667
1989-11-14,6.2,154.22,-4.79,-11.58,258.02,0.43481943280828633
1989-11-15,2.21,227.44,-4.8,-14.9,194.61,0.4024774915250254
1989-11-16,0.43,204.97,-2.0,-9.3,299.73,0.40966458958797225
1989-11-17,0.06,258.78,0.67,-8.97,312.0,0.424038785713866
1989-11-18,0.0,198.43,0.83,-5.79,401.98,0.4132581386194457
1989-11-19,0.0,259.14,4.19,-5.27,417.52,0.40966458958797225
1989-11-20,0.0,300.54,7.19,-7.18,358.15,0.39529039346207856
1989-11-21,0.0,278.05,4.73,-7.31,354.42,0.3881032953991316
1989-11-22,0.0,273.78,1.92,-10.07,283.13,0.3881032953991316
1989-11-23,4.04,240.39,1.96,-10.9,268.26,0.366542001210291
1989-11-24,7.39,183.46,-0.93,-10.44,278.81,0.4024774915250254
1989-11-25,5.11,148.03,-4.67,-11.59,255.47,0.39529039346207856
1989-11-26,10.34,156.1,-3.21,-10.77,270.36,0.3881032953991316
1989-11-27,3.56,177.39,-7.38,-15.52,185.15,0.366542001210291
1989-11-28,0.42,257.42,-6.85,-18.12,147.0,0.3471368364403344
1989-11-29,0.0,284.99,-2.36,-17.24,160.47,0.3370748991522088
1989-11-30,0.0,278.28,-1.26,-15.42,186.44,0.33959038347424014
1989-12-01,0.0,281.43,-1.62,-16.52,169.56,0.34174651289312424
1989-12-02,0.04,277.57,0.72,-13.94,209.89,0.3496523207623658
1989-12-03,0.0,253.36,2.13,-9.9,291.21,0.366542001210291
1989-12-04,0.61,149.84,0.18,-6.11,390.99,0.3881032953991316
1989-12-05,6.15,171.48,0.42,-9.01,315.69,0.3845097463676582
1989-12-06,3.11,184.45,-2.29,-11.64,254.87,0.3737290992732379
1989-12-07,0.81,231.04,-4.94,-16.58,169.81,0.355042644309576
1989-12-08,1.68,164.25,-2.63,-10.06,285.58,0.366542001210291
1989-12-09,5.57,173.79,-4.65,-15.09,195.01,0.366542001210291
1989-12-10,3.89,209.48,-8.49,-23.05,99.5,0.3464181266340397
1989-12-11,2.38,226.76,-12.45,-28.37,59.91,0.33240328541129327
1989-12-12,0.85,136.95,-10.53,-16.31,172.25,0.3162323147696628
1989-12-13,4.33,95.71,-9.1,-14.08,207.38,0.3259348971546411
1989-12-14,10.77,101.16,-6.41,-11.73,250.94,0.33599683444276673
1989-12-15,6.35,177.72,-5.48,-15.53,187.57,0.3406684481836822
1989-12-16,1.96,206.81,-9.61,-20.75,123.4,0.33240328541129327
1989-12-17,1.65,231.03,-10.78,-23.35,97.66,0.32054457360743094
1989-12-18,0.52,240.89,-13.8,-27.09,71.23,0.3104826363193053
1989-12-19,7.37,158.04,-9.84,-19.47,126.33,0.2874839225178753
1989-12-20,8.46,96.35,-7.04,-12.48,237.41,0.2659226283290346
1989-12-21,4.62,190.44,-7.49,-20.67,126.14,0.2515484322031409
1989-12-22,1.02,243.57,-4.95,-19.05,141.48,0.2802968244549284
1989-12-23,0.01,137.52,-2.61,-8.4,322.34,0.3241381226389044
1989-12-24,0.0,228.29,-1.7,-12.6,234.19,0.33887167366794546
1989-12-25,0.0,237.44,-1.63,-13.45,218.49,0.3119200559318947
1989-12-26,0.0,234.6,-0.43,-12.18,243.21,0.3108419912224526
1989-12-27,0.0,251.85,0.55,-13.11,226.6,0.3101232814161579
1989-12-28,0.0,238.83,-2.68,-14.6,197.92,0.3104826363193053
1989-12-29,0.47,210.08,-6.34,-16.75,166.73,0.3108419912224526
1989-12-30,1.48,166.61,-7.03,-14.75,193.68,0.31299812064133675
1989-12-31,0.02,174.46,-5.16,-12.25,241.94,0.31443554025392606
1990-01-01,2.78,85.12,-4.14,-7.78,339.76,0.3212632834137256
1990-01-02,5.92,197.38,-5.78,-17.68,158.93,0.3277316716703778
1990-01-03,1.33,231.03,-11.19,-22.11,111.0,0.30652973238468456
1990-01-04,2.77,144.33,-11.01,-17.24,160.94,0.2975458598060009
1990-01-05,1.73,202.64,-7.08,-15.86,176.14,0.30832650690042124
1990-01-06,1.48,197.19,-4.28,-12.65,232.69,0.3090452167067159
1990-01-07,9.5,140.13,-3.22,-9.57,295.1,0.3097639265130106
1990-01-08,9.71,148.48,-0.89,-8.02,336.31,0.3155136049633681
1990-01-09,3.37,159.02,0.24,-6.7,371.81,0.3158729598665154
1990-01-10,0.59,161.3,0.35,-5.4,415.01,0.32701296186408313
1990-01-11,0.67,261.29,-0.54,-12.22,242.57,0.3284503814766725
1990-01-12,0.0,302.59,2.16,-12.86,227.83,0.31515425006022074
1990-01-13,0.71,143.18,-0.96,-6.18,387.24,0.31443554025392606
1990-01-14,2.73,166.48,-0.36,-7.32,355.84,0.3244974775420517
1990-01-15,5.97,151.19,-2.19,-8.61,319.16,0.3298878010892619
1990-01-16,4.83,163.72,-4.51,-11.76,252.62,0.3288097363798198
1990-01-17,1.57,301.3,-5.41,-19.63,128.54,0.32629425205778845
1990-01-18,0.0,336.53,-4.74,-23.02,99.38,0.2867652127115806
1990-01-19,0.0,337.13,-4.2,-21.59,112.3,0.2759845656171603
1990-01-20,0.0,336.62,-3.59,-19.81,129.79,0.29215553625879076
1990-01-21,0.19,280.71,-5.02,-15.73,182.43,0.30185811864376905
1990-01-22,0.1,225.77,-4.12,-11.31,258.09,0.3126387657381894
1990-01-23,3.28,206.34,-7.01,-14.63,201.13,0.30760779709412656
1990-01-24,3.1,178.64,-9.81,-17.07,163.73,0.3000613441280323
1990-01-25,3.06,170.13,-6.57,-12.62,233.31,0.2957490852902642
1990-01-26,5.18,262.74,-5.73,-19.13,141.78,0.300780053934327
1990-01-27,4.29,235.0,-10.5,-21.12,116.17,0.2835310185832545
1990-01-28,6.35,153.59,-8.69,-14.31,203.86,0.2835310185832545
1990-01-29,5.88,174.67,-7.77,-14.34,205.03,0.2885619872273173
1990-01-30,6.97,173.71,-5.76,-12.29,239.48,0.28640585780843325
1990-01-31,4.87,137.67,-7.72,-12.68,230.04,0.29035876174305403
1990-02-01,3.21,205.7,-5.86,-12.93,228.21,0.2914368264524961
1990-02-02,1.43,301.17,-6.94,-16.84,165.36,0.2910774715493487
1990-02-03,1.14,320.43,-4.1,-14.35,201.51,0.2907181166462014
1990-02-04,1.01,332.68,-4.27,-15.72,181.08,0.2957490852902642
1990-02-05,0.94,366.31,-4.18,-17.15,158.11,0.2950303754839695
1990-02-06,3.74,279.91,-5.27,-14.43,203.9,0.3022174735469164
1990-02-07,4.44,231.43,-9.53,-17.56,157.91,0.3043736029658004
1990-02-08,6.59,224.1,-10.51,-18.16,150.3,0.2943116656776748
1990-02-09,8.2,193.18,-5.19,-11.4,257.68,0.2842497283895492
1990-02-10,5.44,166.21,-1.79,-6.92,365.64,0.2971865049028536
1990-02-11,0.42,210.23,0.52,-4.57,437.57,0.3043736029658004
1990-02-12,4.43,352.93,-2.44,-16.77,170.21,0.3155136049633681
1990-02-13,2.98,397.6,-9.58,-25.56,79.65,0.2874839225178753
1990-02-14,0.3,453.21,-9.93,-28.42,55.99,0.2731097263919815
1990-02-15,0.0,465.46,-11.27,-30.76,42.26,0.2515484322031409
1990-02-16,0.67,357.95,-10.17,-20.54,118.76,0.25873553026608775
1990-02-17,0.83,295.95,-9.04,-16.66,166.27,0.2695161773605081
1990-02-18,1.07,459.39,-5.42,-23.54,91.53,0.2802968244549284
1990-02-19,0.2,487.15,0.58,-24.35,87.99,0.28892134213046466
1990-02-20,0.0,495.06,0.48,-21.31,115.08,0.28892134213046466
1990-02-21,0.36,340.44,-2.25,-11.19,261.02,0.28820263232417
1990-02-22,0.0,371.53,1.41,-8.5,319.47,0.2914368264524961
1990-02-23,0.0,460.62,4.14,-10.61,270.39,0.2950303754839695
1990-02-24,0.0,460.83,3.31,-11.54,253.22,0.3000613441280323
1990-02-25,0.0,450.3,4.35,-9.43,296.5,0.30760779709412656
1990-02-26,0.0,481.79,4.18,-11.8,247.89,0.31407618535077875
1990-02-27,0.0,499.56,1.37,-16.16,170.02,0.3155136049633681
1990-02-28,0.0,533.36,4.9,-18.82,140.56,0.30545166767524246
1990-03-01,0.0,534.65,5.59,-17.9,151.12,0.300780053934327
1990-03-02,0.0,518.02,5.91,-14.59,197.0,0.3068890872878319
1990-03-03,2.55,281.7,3.61,-5.6,403.35,0.3173103794791048
1990-03-04,2.91,319.4,1.71,-9.45,301.69,0.33204393050814596
1990-03-05,3.48,235.67,0.24,-7.44,347.86,0.3313252207018513
1990-03-06,0.29,384.16,2.37,-8.62,317.8,0.3298878010892619
1990-03-07,0.0,515.88,8.4,-9.49,294.13,0.3288097363798198
1990-03-08,2.34,371.2,2.64,-9.04,307.72,0.335278124636472
1990-03-09,1.58,327.16,2.77,-7.42,346.9,0.33420005992703
1990-03-10,0.0,453.13,7.55,-6.05,386.35,0.3431839325057136
1990-03-11,0.47,449.58,4.22,-9.71,295.05,0.34749619134348175
1990-03-12,0.59,411.44,-3.12,-15.23,194.58,0.3424652226994189
1990-03-13,3.03,352.3,-6.42,-17.52,159.25,0.3183884441885469
1990-03-14,3.83,258.65,-3.56,-12.59,235.61,0.31479489515707343
1990-03-15,0.35,392.33,-2.55,-13.28,220.5,0.3288097363798198
1990-03-16,0.23,568.27,2.54,-17.44,154.05,0.3176697343822522
1990-03-17,0.36,379.97,1.44,-8.7,310.99,0.3349187697333247
1990-03-18,0.86,492.04,6.24,-8.66,314.03,0.33887167366794546
1990-03-19,0.0,545.4,7.77,-9.15,292.68,0.3424652226994189
1990-03-20,0.0,462.5,7.86,-4.86,415.28,0.356120709019018
1990-03-21,0.0,358.2,3.75,-5.21,409.04,0.36294845217881755
1990-03-22,0.57,513.39,4.99,-9.46,291.76,0.35396457960013394
1990-03-23,4.44,440.24,-5.91,-21.11,117.94,0.3367155442490614
1990-03-24,3.09,495.29,-3.78,-23.46,94.13,0.2964677950965589
1990-03-25,0.0,645.08,2.97,-20.19,118.37,0.3173103794791048
1990-03-26,0.12,639.47,8.26,-14.92,179.44,0.3485742560529238
1990-03-27,2.24,428.61,2.87,-9.45,284.3,0.366542001210291
1990-03-28,0.06,466.83,1.31,-10.49,268.71,0.356120709019018
1990-03-29,0.0,639.5,6.42,-14.43,182.86,0.345699416827745
1990-03-30,0.0,655.78,9.98,-12.35,209.53,0.3579174835347547
1990-03-31,0.2,618.81,11.5,-7.73,299.94,0.3881032953991316
1990-04-01,0.0,610.63,12.25,-5.56,350.77,0.43481943280828633
1990-04-02,0.0,613.69,12.62,-5.54,346.34,0.4923162173118614
1990-04-03,0.0,606.23,13.38,-4.46,371.03,0.6360581785707992
1990-04-04,0.0,602.1,11.02,-6.46,323.01,0.7726130417667898
1990-04-05,0.0,530.82,3.92,-9.93,264.6,0.848077571427732
1990-04-06,0.0,653.66,7.72,-12.53,201.65,0.7510517475779491
1990-04-07,0.0,579.65,8.3,-7.75,295.04,0.7762065907982632
1990-04-08,3.57,429.05,8.53,-4.23,408.82,0.7869872378926835
1990-04-09,4.43,337.36,7.16,-3.94,436.8,0.8265162772388914
1990-04-10,0.37,392.71,4.42,-5.26,388.0,0.8301098262703649
1990-04-11,1.43,478.04,8.25,-5.04,371.69,0.7618323946723695
1990-04-12,4.82,413.8,6.25,-6.62,352.18,0.8121420811129976
1990-04-13,3.27,497.76,6.8,-9.33,274.29,0.7833936888612101
1990-04-14,7.79,248.65,5.46,-1.95,518.47,0.8193291791759445
1990-04-15,2.84,486.55,12.08,-2.54,463.28,1.027755023001404
1990-04-16,0.05,461.8,7.59,-3.57,426.4,1.2864905532674917
1990-04-17,0.0,628.43,12.19,-4.94,338.5,1.279303455204545
1990-04-18,0.0,549.18,11.14,-2.58,423.58,1.5272583383762124
1990-04-19,0.0,577.7,12.72,-2.07,425.45,1.6494390054463095
1990-04-20,0.0,637.12,14.79,-2.79,374.78,2.0591035950342818
1990-04-21,0.0,580.83,13.55,-1.51,433.87,2.4112714001186792
1990-04-22,4.7,359.04,9.74,-0.87,535.8,2.533452067188776
1990-04-23,4.76,303.2,7.8,-0.59,570.9,2.314245576268896
1990-04-24,7.05,299.55,6.21,-2.08,522.87,2.184877811135852
1990-04-25,9.2,405.46,7.13,-4.83,409.41,1.9836390653733396
1990-04-26,7.07,391.61,2.59,-8.72,309.32,1.929735829901238
1990-04-27,8.75,428.14,0.24,-11.39,250.1,1.6099099661001015
1990-04-28,16.67,437.3,0.53,-12.33,238.85,1.5021034951558982
1990-04-29,2.44,578.26,0.09,-14.93,184.09,1.3152389455192792
1990-04-30,0.38,634.46,1.25,-13.52,206.33,1.2361808668268637
1990-05-01,0.0,761.27,7.17,-15.46,148.5,1.1355614939456073
1990-05-02,0.28,585.48,5.25,-7.48,304.59,1.1786840823232887
1990-05-03,0.03,635.0,8.78,-5.39,341.45,1.1068131016938199
1990-05-04,0.0,629.74,10.48,-3.26,386.22,1.1499356900715012
1990-05-05,0.0,733.92,14.74,-4.65,304.12,1.2218066707009698
1990-05-06,1.78,648.06,16.42,-1.72,394.43,1.678187397698097
1990-05-07,5.81,467.97,6.12,-5.86,362.36,2.5873553026608773
1990-05-08,8.12,378.89,0.88,-8.71,312.93,2.0339487518139676
1990-05-09,1.5,602.64,5.22,-9.44,263.83,1.696155142855464
1990-05-10,0.0,734.54,11.62,-7.07,265.5,1.5811615738483142
1990-05-11,4.56,406.52,6.02,-3.57,433.9,1.6602196525407298
1990-05-12,10.34,328.27,5.01,-3.33,475.37,1.5667873777224202
1990-05-13,11.06,334.67,4.52,-3.81,461.33,1.6422519073833626
1990-05-14,4.51,486.35,7.63,-6.44,359.5,1.588348671911261
1990-05-15,3.21,464.37,3.78,-7.28,339.41,1.5775680248168407
1990-05-16,2.0,602.32,4.92,-9.45,268.79,1.4553873577467435
1990-05-17,0.15,695.45,10.65,-5.34,328.71,1.4086712203375888
1990-05-18,1.12,633.77,10.87,-2.95,407.24,1.466168004841164
1990-05-19,1.39,576.14,7.63,-4.92,380.23,1.5955357699742077
1990-05-20,1.9,424.4,6.89,-2.21,505.64,1.6135035151315749
1990-05-21,0.16,546.03,8.72,-1.82,481.49,1.6063164170686282
1990-05-22,0.1,650.28,13.6,-0.11,481.56,1.728497084138725
1990-05-23,4.64,542.81,14.88,-0.28,516.5,2.1561294188840647
1990-05-24,10.88,513.92,12.94,-2.69,459.06,2.7346908129512886
1990-05-25,6.15,332.44,3.92,-4.23,448.07,2.6951617736050806
1990-05-26,0.0,634.82,9.59,-3.72,413.89,2.242374595639427
1990-05-27,0.28,684.98,13.71,-2.48,417.41,2.066290693097229
1990-05-28,1.64,525.47,13.3,1.87,619.82,2.3322133214262633
1990-05-29,3.99,377.91,11.51,2.21,705.93,3.176697343822522
1990-05-30,2.7,452.37,10.48,0.18,603.14,3.6294845217881755
1990-05-31,2.34,565.77,10.49,-2.91,460.36,3.6294845217881755
1990-06-01,0.1,549.29,6.8,-3.6,442.21,3.2665360696093577
1990-06-02,0.0,493.8,6.22,-2.79,475.88,2.860465029052859
1990-06-03,0.73,691.73,13.77,-2.9,406.73,2.5478262633146698
1990-06-04,0.0,657.71,13.98,0.33,522.66,3.047329578689478
1990-06-05,0.01,673.03,12.6,-1.38,458.0,3.546832894064286
1990-06-06,0.18,655.18,13.78,0.13,512.71,3.4210586779627157
1990-06-07,1.82,469.43,11.04,1.44,627.39,3.809161973361847
1990-06-08,0.61,667.06,13.43,-1.09,463.36,3.916968444306051
1990-06-09,0.57,729.02,19.0,0.27,468.81,3.809161973361847
1990-06-10,2.29,534.06,15.88,4.01,715.09,4.527871779656535
1990-06-11,3.02,447.86,10.15,0.61,619.52,5.246581585951224
1990-06-12,6.41,382.55,6.36,-2.97,488.42,4.384129818397597
1990-06-13,4.83,486.95,8.32,-3.72,455.39,3.557613541158706
1990-06-14,8.02,383.38,8.33,-0.95,565.05,3.2270070302631497
1990-06-15,7.83,503.09,12.15,-1.81,517.3,3.33121995217588
1990-06-16,4.68,406.58,9.43,-0.6,581.7,3.2054457360743096
1990-06-17,3.34,594.23,13.88,-1.62,502.58,3.1946650889798893
1990-06-18,1.53,681.11,17.79,0.39,532.82,3.3779360895850346
1990-06-19,0.44,666.32,14.16,-0.62,522.18,3.66542001210291
1990-06-20,0.06,687.63,16.28,0.85,561.06,3.5683941882531265
1990-06-21,0.0,685.56,17.53,2.11,608.07,3.952903934620785
1990-06-22,0.0,759.29,21.46,0.3,488.97,4.168516876509192
1990-06-23,0.0,737.4,23.68,4.3,642.73,4.276323347453395
1990-06-24,0.0,748.32,25.33,4.2,626.91,4.527871779656535
1990-06-25,0.0,715.63,25.52,6.51,752.72,4.491936289341801
1990-06-26,0.0,732.94,25.98,5.43,683.26,4.456000799027067
1990-06-27,0.0,690.92,23.42,5.31,710.84,4.204452366823926
1990-06-28,0.0,714.91,22.63,3.06,603.68,4.060710405564988
1990-06-29,0.0,729.86,24.97,3.49,606.32,3.773226483047113
1990-06-30,0.0,717.06,27.16,5.97,716.34,3.6294845217881755
1990-07-01,0.0,681.37,25.76,6.67,780.56,3.557613541158706
1990-07-02,0.31,632.39,24.91,7.36,852.79,3.4138715798997685
1990-07-03,0.0,630.14,20.64,4.17,707.02,3.4030909328053482
1990-07-04,0.0,661.73,20.91,2.77,624.95,3.0509231277209516
1990-07-05,0.04,688.99,25.24,4.79,684.41,2.8820263232416994
1990-07-06,0.0,615.35,23.07,6.27,811.73,2.7921875974548636
1990-07-07,0.0,633.47,21.61,4.04,694.93,2.659226283290346
1990-07-08,0.21,675.31,23.59,2.97,613.58,2.493923027842568
1990-07-09,1.79,442.07,18.04,5.69,871.67,2.4148649491501524
1990-07-10,0.0,651.2,21.92,3.24,643.68,2.3178391253003694
1990-07-11,0.0,659.08,23.39,3.7,650.91,2.2172197524191133
1990-07-12,0.0,675.26,26.02,4.67,667.64,2.1381616737266973
1990-07-13,0.41,597.39,23.68,5.73,768.93,2.0806648892231223
1990-07-14,0.0,635.58,23.79,4.39,670.33,2.0267616537510205
1990-07-15,0.0,613.3,23.27,4.81,698.94,1.9584842221530254
1990-07-16,0.0,621.44,24.97,5.53,722.81,1.8938003395865033
1990-07-17,0.0,634.59,24.84,4.54,670.66,1.832710006051455
1990-07-18,0.0,543.93,22.17,6.01,808.12,1.7716196725164064
1990-07-19,0.0,539.39,21.1,5.26,778.78,1.7249035351072517
1990-07-20,12.43,245.68,12.88,4.28,837.57,1.728497084138725
1990-07-21,4.93,443.73,15.57,1.55,681.07,1.8291164570199816
1990-07-22,0.0,614.11,18.67,-0.02,539.13,1.6638132015722034
1990-07-23,1.27,543.77,19.78,2.82,679.58,1.6063164170686282
1990-07-24,4.58,447.27,19.42,3.93,779.59,1.5847551228797874
1990-07-25,2.51,475.61,18.64,3.05,720.77,1.5955357699742077
1990-07-26,1.21,359.5,12.91,2.88,751.74,1.538038985470633
1990-07-27,0.28,473.98,16.08,3.29,733.19,1.491322848061478
1990-07-28,4.41,446.98,17.09,1.5,629.22,1.458980906778217
1990-07-29,2.02,504.12,18.03,2.22,628.15,1.4446067106523233
1990-07-30,0.08,614.36,21.32,2.45,569.69,1.401484122274642
1990-07-31,0.83,587.75,22.87,3.5,622.77,1.3511744358340139
1990-08-01,0.26,574.17,20.73,3.53,643.35,1.3188324945507528
1990-08-02,0.0,578.7,21.25,3.83,651.6,1.2757099061730715
1990-08-03,0.0,598.33,21.46,2.89,600.22,1.2433679648898104
1990-08-04,0.0,565.89,21.55,4.37,683.4,1.2110260236065498
1990-08-05,0.22,607.28,23.32,3.3,604.97,1.1786840823232887
1990-08-06,0.0,626.3,26.24,4.9,638.08,1.1499356900715012
1990-08-07,0.0,614.18,27.48,6.49,693.74,1.1211872978197135
1990-08-08,0.0,604.02,26.75,6.15,683.34,1.099626003630873
1990-08-09,0.0,562.46,25.9,7.54,789.46,1.0708776113790854
1990-08-10,0.52,547.11,24.34,6.05,723.63,1.0529098662217182
1990-08-11,6.1,335.63,18.79,5.72,877.08,1.067284062347612
1990-08-12,0.15,486.09,19.51,4.84,696.34,1.1355614939456073
1990-08-13,0.34,561.14,21.93,3.64,567.46,1.092438905567926
1990-08-14,0.5,570.78,23.59,3.75,548.7,1.0205679249384572
1990-08-15,0.0,570.83,24.98,5.67,616.41,0.9810388855922494
1990-08-16,7.01,377.65,21.86,6.09,825.72,0.9594775914034087
1990-08-17,9.19,374.43,19.42,4.93,800.37,1.1140001997567668
1990-08-18,2.49,424.76,20.0,3.83,718.54,1.0457227681587713
1990-08-19,4.7,374.95,18.84,4.79,809.48,0.9810388855922494
1990-08-20,6.34,310.58,16.32,4.13,818.66,1.0600969642846652
1990-08-21,2.66,388.99,17.04,3.43,742.17,1.0385356700958244
1990-08-22,0.16,439.08,15.12,1.8,647.45,0.9522904933404618
1990-08-23,1.75,374.91,15.42,2.97,716.79,0.9271356501201478
1990-08-24,3.78,342.54,15.75,2.55,710.9,0.9235421010886744
1990-08-25,2.95,366.38,15.52,2.04,679.15,0.9055743559313071
1990-08-26,0.0,487.99,17.4,1.73,597.98,0.88760661077394
1990-08-27,0.0,527.01,19.75,1.44,550.6,0.8516711204592056
1990-08-28,0.0,529.48,20.99,2.01,558.9,0.8265162772388914
1990-08-29,0.0,542.67,23.68,3.42,590.12,0.8013614340185774
1990-08-30,0.01,480.13,19.69,3.26,640.08,0.7869872378926835
1990-08-31,0.0,533.14,19.49,-0.22,474.82,0.7798001398297367
1990-09-01,0.0,543.19,23.17,1.94,532.16,0.758238845640896
1990-09-02,0.0,420.98,20.39,5.61,793.26,0.7402711004835288
1990-09-03,0.02,490.34,22.2,4.32,671.96,0.7366775514520554
1990-09-04,3.53,284.67,17.53,6.77,966.89,0.7546452966094227
1990-09-05,3.16,254.22,14.73,6.01,925.71,0.7546452966094227
1990-09-06,1.59,434.76,20.11,4.09,729.17,0.7546452966094227
1990-09-07,0.0,504.95,22.2,2.97,619.85,0.7223033553261616
1990-09-08,0.0,486.26,21.81,3.67,666.52,0.700742061137321
1990-09-09,0.97,449.63,20.74,3.16,666.06,0.6899614140429007
1990-09-10,0.0,483.49,21.47,2.83,622.83,0.6791807669484803
1990-09-11,0.0,502.35,23.22,2.31,567.62,0.6648065708225865
1990-09-12,0.0,478.66,23.76,4.35,656.31,0.6504323746966928
1990-09-13,0.0,469.04,20.97,2.41,569.77,0.6396517276022725
1990-09-14,0.0,519.49,24.27,0.14,422.31,0.6252775314763788
1990-09-15,0.0,469.57,23.47,3.62,565.09,0.6180904334134318
1990-09-16,0.0,415.42,19.58,3.59,617.33,0.6109033353504849
1990-09-17,0.05,446.02,18.81,0.58,477.2,0.6073097863190116
1990-09-18,0.0,441.22,18.54,0.28,472.0,0.5929355901931178
1990-09-19,8.1,209.41,11.53,2.08,696.17,0.5857484921301709
1990-09-20,7.31,234.81,10.03,-1.0,567.15,0.6432452766337459
1990-09-21,0.0,410.92,13.7,-2.71,445.95,0.6288710805078521
1990-09-22,0.0,448.79,16.95,-2.8,416.15,0.6001226882560646
1990-09-23,0.0,440.23,19.22,-0.77,478.68,0.5821549430986974
1990-09-24,0.0,411.3,19.22,0.88,557.25,0.5749678450357506
1990-09-25,0.0,387.19,18.83,2.04,624.31,0.5677807469728037
1990-09-26,2.12,316.83,15.56,0.87,620.44,0.5605936489098567
1990-09-27,0.88,355.16,15.14,-0.39,556.29,0.5605936489098567
1990-09-28,0.0,378.83,15.23,-1.22,521.54,0.5605936489098567
1990-09-29,0.0,413.58,16.85,-2.54,453.64,0.546219452783963
1990-09-30,0.0,399.37,18.01,-0.69,521.96,0.5354388056895427
1990-10-01,0.0,383.57,18.26,0.44,573.26,0.5282517076265958
1990-10-02,2.05,335.07,12.05,-4.51,433.25,0.5246581585951223
1990-10-03,0.65,247.75,3.43,-6.59,371.78,0.513877511500702
1990-10-04,0.34,257.29,11.43,0.94,649.02,0.5102839624692286
1990-10-05,12.05,213.22,11.64,0.41,635.53,0.513877511500702
1990-10-06,13.76,251.0,3.28,-9.82,296.38,0.5749678450357506
1990-10-07,0.57,326.85,0.27,-12.77,231.73,0.5713742960042771
1990-10-08,0.16,297.65,-1.49,-12.87,229.38,0.5282517076265958
1990-10-09,0.25,332.57,3.79,-9.63,293.66,0.513877511500702
1990-10-10,1.59,273.6,5.96,-5.44,412.4,0.521064609563649
1990-10-11,2.71,269.98,2.25,-10.14,283.8,0.5174710605321755
1990-10-12,0.0,257.59,2.53,-7.02,363.39,0.5030968644062818
1990-10-13,4.24,170.78,1.75,-5.46,412.79,0.5030968644062818
1990-10-14,6.71,142.82,-1.02,-6.71,373.84,0.4923162173118614
1990-10-15,4.53,123.77,1.7,-3.59,470.16,0.4995033153748083
1990-10-16,16.76,219.6,1.91,-8.28,333.46,0.5066904134377551
1990-10-17,7.83,270.41,0.24,-13.35,220.82,0.5066904134377551
1990-10-18,1.59,337.12,4.72,-9.53,297.85,0.4959097663433349
1990-10-19,4.58,245.72,1.16,-10.42,283.76,0.513877511500702
1990-10-20,0.63,304.43,-1.99,-13.56,218.5,0.4959097663433349
1990-10-21,0.55,314.42,0.02,-12.34,239.1,0.4635678250600739
1990-10-22,3.19,187.49,1.21,-6.51,379.99,0.4959097663433349
1990-10-23,2.08,245.92,1.63,-7.86,340.27,0.48872266828038796
1990-10-24,0.03,377.8,7.65,-8.81,312.99,0.47075492312302075
1990-10-25,0.0,369.02,11.43,-5.01,423.19,0.4743484721544942
1990-10-26,0.0,335.68,10.62,-3.33,480.03,0.5066904134377551
1990-10-27,0.0,361.49,11.49,-5.07,422.18,0.5174710605321755
1990-10-28,0.0,330.93,11.72,-2.76,501.45,0.5066904134377551
1990-10-29,0.0,308.14,10.48,-2.49,510.36,0.513877511500702
1990-10-30,0.0,306.52,10.34,-2.57,508.29,0.5066904134377551
1990-10-31,1.33,278.0,9.36,-2.49,510.86,0.4995033153748083
1990-11-01,5.9,201.87,2.06,-7.56,351.65,0.5030968644062818
1990-11-02,1.82,265.58,-3.81,-15.02,195.85,0.4815355702174411
1990-11-03,0.55,338.41,-0.86,-17.64,154.28,0.4204452366823926
1990-11-04,7.27,151.25,-1.4,-8.52,319.82,0.44919362893418013
1990-11-05,7.4,202.86,-2.28,-12.49,239.26,0.4815355702174411
1990-11-06,2.48,298.43,-3.93,-19.68,130.83,0.4312258837768129
1990-11-07,1.47,313.39,-3.87,-20.8,119.21,0.38091619733618476
1990-11-08,0.65,186.45,-2.93,-10.13,281.77,0.42763233474533946
1990-11-09,0.98,141.42,0.24,-5.15,420.73,0.4635678250600739
1990-11-10,0.0,199.42,3.87,-3.61,470.25,0.46716137409154734
1990-11-11,0.0,296.44,7.95,-5.77,400.5,0.4384129818397598
1990-11-12,0.0,310.47,9.13,-7.08,363.9,0.42763233474533946
1990-11-13,0.0,279.1,7.83,-5.83,400.38,0.4204452366823926
1990-11-14,0.27,247.49,8.11,-3.83,463.28,0.4312258837768129
1990-11-15,1.92,236.48,1.06,-11.1,267.23,0.43481943280828633
1990-11-16,0.86,278.91,2.53,-13.39,219.63,0.3988839424935519
1990-11-17,0.0,207.82,2.71,-6.92,367.06,0.4060710405564988
1990-11-18,2.25,97.0,0.38,-4.37,442.33,0.42763233474533946
1990-11-19,5.96,96.81,0.3,-4.37,443.89,0.4204452366823926
1990-11-20,11.51,179.83,-1.03,-11.86,253.56,0.424038785713866
1990-11-21,7.63,123.4,-6.84,-13.51,218.14,0.4024774915250254
1990-11-22,3.41,100.42,-3.8,-8.52,321.79,0.39529039346207856
1990-11-23,0.43,118.42,-1.07,-5.7,404.16,0.4204452366823926
1990-11-24,0.0,172.43,2.42,-4.6,440.7,0.40966458958797225
1990-11-25,0.23,203.13,4.21,-4.77,430.97,0.4132581386194457
1990-11-26,4.31,199.14,-1.74,-13.63,217.4,0.4168516876509191
1990-11-27,2.29,161.76,-10.63,-18.17,148.44,0.3313252207018513
1990-11-28,1.43,173.08,-8.53,-15.91,178.63,0.35683941882531267
1990-11-29,2.08,208.44,-3.04,-13.07,225.2,0.3701355502417644
1990-11-30,3.98,186.59,-4.16,-14.19,209.25,0.3988839424935519
1990-12-01,3.28,177.03,-7.6,-16.87,161.45,0.35935490314734414
1990-12-02,4.47,122.74,-10.09,-16.26,174.53,0.38091619733618476
1990-12-03,0.37,231.97,-6.82,-17.14,164.87,0.3298878010892619
1990-12-04,0.24,233.02,-3.01,-13.76,214.45,0.35935490314734414
1990-12-05,0.0,236.29,-4.78,-15.26,191.27,0.366542001210291
1990-12-06,0.0,263.48,-4.82,-18.14,147.55,0.343543287408861
1990-12-07,0.0,272.16,-1.01,-16.17,176.41,0.3367155442490614
1990-12-08,0.0,267.18,0.15,-14.87,197.84,0.33312199521758795
1990-12-09,0.0,265.25,3.7,-11.67,254.55,0.3424652226994189
1990-12-10,0.27,245.3,4.82,-8.65,324.74,0.3381529638616508
1990-12-11,3.9,191.51,1.24,-10.18,284.4,0.366542001210291
1990-12-12,2.19,199.84,-6.2,-17.43,156.15,0.35935490314734414
1990-12-13,5.41,159.53,-6.02,-15.64,181.96,0.3356374795396194
1990-12-14,3.23,162.59,-8.97,-17.46,160.92,0.35001167566551317
1990-12-15,0.78,246.66,-8.03,-22.09,104.86,0.32629425205778845
1990-12-16,0.0,239.99,-8.09,-20.03,127.55,0.2810155342612231
1990-12-17,4.45,163.82,-9.73,-17.83,152.96,0.2867652127115806
1990-12-18,7.65,177.44,-8.28,-19.95,127.98,0.3086858618035686
1990-12-19,5.43,206.86,-19.73,-31.72,40.45,0.2695161773605081
1990-12-20,2.24,164.06,-28.19,-35.72,38.87,0.21561294188840646
1990-12-21,1.72,232.25,-25.19,-37.99,38.3,0.19764519673103928
1990-12-22,0.0,220.13,-26.36,-36.65,39.99,0.17967745157367207
1990-12-23,0.33,247.52,-19.68,-33.2,40.66,0.19764519673103928
1990-12-24,2.53,163.1,-17.85,-26.3,74.17,0.21561294188840646
1990-12-25,1.3,205.4,-15.77,-26.49,73.49,0.23358068704577367
1990-12-26,1.6,223.45,-14.26,-26.13,77.44,0.2515484322031409
1990-12-27,5.51,105.02,-12.19,-18.02,150.73,0.2695161773605081
1990-12-28,5.07,199.05,-11.75,-26.59,72.76,0.2515484322031409
1990-12-29,2.6,212.33,-19.29,-32.44,40.0,0.21561294188840646
1990-12-30,3.32,209.56,-17.68,-30.62,42.64,0.23358068704577367
1990-12-31,0.91,176.17,-10.14,-18.15,147.47,0.2515484322031409
1991-01-01,0.33,116.96,-6.43,-11.33,258.29,0.2695161773605081
1991-01-02,0.0,243.6,-3.96,-16.06,176.58,0.2515484322031409
1991-01-03,0.0,264.36,-4.32,-18.46,145.13,0.23358068704577367
1991-01-04,0.0,274.62,-4.95,-20.35,124.25,0.22280003995135333
1991-01-05,0.0,264.7,-6.59,-20.48,122.59,0.21561294188840646
1991-01-06,0.0,257.86,-5.04,-17.89,151.58,0.21561294188840646
1991-01-07,2.29,145.9,-5.94,-13.05,225.01,0.22280003995135333
1991-01-08,1.18,117.93,-7.05,-12.01,245.81,0.23358068704577367
1991-01-09,0.0,250.81,-3.94,-15.7,183.45,0.23358068704577367
1991-01-10,1.96,156.3,-5.27,-12.77,231.15,0.23358068704577367
1991-01-11,1.39,134.83,-4.3,-9.96,285.44,0.24436133414019398
1991-01-12,2.45,93.23,-2.53,-6.59,371.15,0.2515484322031409
1991-01-13,2.39,100.23,-2.96,-7.19,357.29,0.2695161773605081
1991-01-14,3.68,79.18,-4.56,-8.37,326.37,0.25873553026608775
1991-01-15,4.2,152.69,-1.98,-9.83,292.17,0.25334520671887756
1991-01-16,1.72,220.0,-4.87,-15.47,186.09,0.24723617336537274
1991-01-17,1.46,176.56,-4.19,-10.89,266.76,0.24148649491501523
1991-01-18,0.61,143.54,-2.75,-8.05,333.78,0.24148649491501523
1991-01-19,3.36,238.18,-5.81,-19.29,136.98,0.24328326943075196
1991-01-20,0.0,311.4,-8.65,-23.39,95.19,0.22387810466079536
1991-01-21,0.0,325.35,-7.65,-23.76,94.1,0.21740971640414317
1991-01-22,0.26,234.32,-8.74,-17.67,155.34,0.23106520272374226
1991-01-23,2.13,249.43,-8.59,-20.33,125.2,0.23681488117409977
1991-01-24,3.83,272.81,-8.57,-24.19,88.86,0.23358068704577367
1991-01-25,1.15,314.45,-11.02,-26.76,72.93,0.21561294188840646
1991-01-26,1.84,272.16,-11.28,-23.51,93.34,0.22351874975764802
1991-01-27,2.32,163.48,-9.83,-15.84,176.58,0.23358068704577367
1991-01-28,3.99,285.09,-10.86,-28.46,60.82,0.22280003995135333
1991-01-29,1.32,344.63,-12.8,-32.73,40.0,0.19764519673103928
1991-01-30,0.29,338.52,-10.48,-24.58,89.28,0.21561294188840646
1991-01-31,0.8,286.58,-3.13,-14.34,202.39,0.22280003995135333
1991-02-01,0.0,348.56,2.45,-12.22,242.72,0.22639358898282677
1991-02-02,0.0,367.21,3.66,-13.0,229.8,0.23106520272374226
1991-02-03,0.16,224.13,-0.21,-7.34,353.39,0.22890907330485818
1991-02-04,0.0,253.5,0.64,-7.33,352.83,0.22854971840171084
1991-02-05,0.0,347.34,3.56,-9.18,307.16,0.22890907330485818
1991-02-06,0.0,372.5,4.33,-10.62,272.15,0.23034649291744758
1991-02-07,0.0,394.4,6.06,-11.83,249.48,0.22926842820800553
1991-02-08,0.0,401.5,5.67,-13.0,226.86,0.22711229878912148
1991-02-09,0.0,393.09,5.34,-11.81,248.66,0.22998713801430024
1991-02-10,0.0,400.02,5.63,-12.29,240.72,0.22926842820800553
1991-02-11,0.06,403.74,4.89,-13.8,212.73,0.2267529438859741
1991-02-12,0.14,266.02,0.03,-9.35,296.85,0.23286197723947896
1991-02-13,1.62,167.47,-2.5,-8.43,321.88,0.23537746156151038
1991-02-14,1.01,204.74,-0.39,-7.29,353.21,0.23645552627095243
1991-02-15,0.6,182.97,2.06,-3.83,455.96,0.23933036549613118
1991-02-16,10.16,151.43,1.6,-4.52,439.7,0.2450800439464887
1991-02-17,3.43,240.71,-3.34,-12.18,244.47,0.24795488317166745
1991-02-18,2.54,320.61,-4.14,-16.8,166.79,0.23250262233633162
1991-02-19,3.55,244.87,-2.6,-11.8,247.19,0.23034649291744758
1991-02-20,0.07,168.09,-1.07,-5.75,400.24,0.23358068704577367
1991-02-21,0.0,314.73,2.21,-7.06,361.47,0.23286197723947896
1991-02-22,0.17,398.02,4.91,-8.4,321.21,0.23573681646465772
1991-02-23,0.19,421.47,1.64,-12.72,229.55,0.23933036549613118
1991-02-24,0.37,435.12,-1.86,-17.08,162.15,0.23897101059298384
1991-02-25,0.51,421.35,-2.4,-16.74,167.13,0.24076778510872054
1991-02-26,0.0,487.58,1.26,-17.98,148.0,0.23609617136780509
1991-02-27,0.0,416.32,-1.25,-14.51,194.24,0.24184584981816257
1991-02-28,1.5,457.56,3.43,-14.41,197.37,0.24256455962445728
1991-03-01,4.56,269.04,0.81,-8.47,318.19,0.23358068704577367
1991-03-02,7.32,240.88,-0.18,-8.67,318.74,0.25622004594405634
1991-03-03,10.29,232.36,-0.89,-8.92,306.27,0.2540639165251723
1991-03-04,16.75,142.43,-0.02,-4.4,440.08,0.25550133613776166
1991-03-05,13.67,329.98,-1.92,-13.76,216.08,0.2659226283290346
1991-03-06,4.26,378.59,-7.33,-20.9,117.88,0.2378929458835418
1991-03-07,1.56,364.42,-7.62,-17.47,157.1,0.2404084302055732
1991-03-08,4.16,373.93,-3.49,-16.39,173.43,0.2544232714283196
1991-03-09,0.94,531.67,1.62,-17.47,153.11,0.2468768184622254
1991-03-10,0.53,485.74,2.54,-11.53,244.68,0.25657940084720365
1991-03-11,3.51,413.94,-0.17,-13.38,217.2,0.2705942420699501
1991-03-12,0.16,476.08,-2.78,-14.43,196.82,0.2659226283290346
1991-03-13,0.04,503.45,-0.79,-13.42,217.5,0.2720316616825395
1991-03-14,0.25,559.24,1.26,-15.32,179.13,0.27490650090771823
1991-03-15,0.0,558.76,1.7,-14.03,197.15,0.28640585780843325
1991-03-16,0.02,517.13,0.69,-12.64,223.58,0.30185811864376905
1991-03-17,7.57,340.24,-1.23,-11.29,253.01,0.3108419912224526
1991-03-18,2.03,524.97,4.75,-14.07,195.0,0.30940457160986323
1991-03-19,0.19,581.49,7.5,-10.59,247.12,0.3230600579294623
1991-03-20,0.8,427.27,1.87,-8.75,302.75,0.343543287408861
1991-03-21,1.87,492.78,3.94,-10.93,261.84,0.35001167566551317
1991-03-22,0.46,470.51,1.89,-10.11,274.45,0.35108974037495516
1991-03-23,5.23,315.24,1.28,-7.79,335.11,0.35648006392216536
1991-03-24,5.04,370.51,1.0,-10.93,265.29,0.36294845217881755
1991-03-25,5.46,415.22,2.45,-11.81,245.27,0.35073038547180785
1991-03-26,3.54,410.02,1.41,-11.09,258.05,0.3701355502417644
1991-03-27,3.25,371.59,-1.59,-11.96,242.18,0.36294845217881755
1991-03-28,4.87,424.41,-0.12,-12.5,232.53,0.3546832894064286
1991-03-29,3.37,474.38,1.13,-13.8,209.28,0.366542001210291
1991-03-30,0.0,663.66,5.75,-14.74,181.53,0.3521678050843972
1991-03-31,0.29,656.33,9.99,-11.14,233.35,0.3701355502417644
1991-04-01,0.0,644.25,11.2,-7.97,298.59,0.39529039346207856
1991-04-02,0.0,633.91,11.3,-7.16,316.79,0.4132581386194457
1991-04-03,0.0,479.62,5.77,-5.71,380.21,0.45278717796565354
1991-04-04,0.0,499.22,8.06,-3.9,439.9,0.4635678250600739
1991-04-05,0.0,446.52,10.47,0.06,587.98,0.5030968644062818
1991-04-06,4.42,354.48,6.33,-3.04,483.58,0.5965291392245913
1991-04-07,4.73,360.2,1.41,-8.93,311.81,0.6252775314763788
1991-04-08,1.13,508.32,-0.88,-13.44,215.45,0.5390323547210162
1991-04-09,9.12,436.5,-0.7,-13.49,212.75,0.46716137409154734
1991-04-10,4.4,374.91,-2.05,-11.84,248.73,0.4815355702174411
1991-04-11,7.58,420.92,-1.28,-12.57,235.5,0.45278717796565354
1991-04-12,4.34,391.6,-2.1,-11.23,261.66,0.4312258837768129
1991-04-13,7.64,334.49,-3.77,-12.51,236.85,0.4204452366823926
1991-04-14,4.94,376.83,1.59,-8.5,320.52,0.42763233474533946
1991-04-15,7.46,373.89,2.94,-7.15,357.68,0.4312258837768129
1991-04-16,10.87,344.33,2.28,-6.72,372.5,0.43481943280828633
1991-04-17,5.66,407.61,4.58,-6.41,379.38,0.43481943280828633
1991-04-18,5.48,353.07,1.73,-6.78,367.18,0.4384129818397598
1991-04-19,2.47,514.1,5.27,-7.89,338.59,0.4312258837768129
1991-04-20,0.0,735.06,9.48,-10.48,261.0,0.4312258837768129
1991-04-21,0.0,694.59,9.52,-7.34,331.09,0.47075492312302075
1991-04-22,0.0,731.93,10.94,-8.95,286.84,0.5426259037524895
1991-04-23,0.0,678.95,10.57,-5.86,369.96,0.6396517276022725
1991-04-24,1.81,506.1,7.88,-3.9,447.87,0.7079291592002679
1991-04-25,10.88,355.61,3.87,-5.31,414.4,0.7079291592002679
1991-04-26,6.19,333.91,-0.45,-8.74,319.48,0.6504323746966928
1991-04-27,2.54,494.09,-0.7,-11.88,248.22,0.5929355901931178
1991-04-28,3.37,466.43,1.13,-9.31,304.35,0.5641871979413302
1991-04-29,0.35,678.98,3.69,-11.54,249.81,0.5390323547210162
1991-04-30,0.19,686.21,3.31,-11.61,249.99,0.5282517076265958
1991-05-01,2.38,667.5,5.53,-13.42,210.34,0.5102839624692286
1991-05-02,4.87,407.7,2.91,-6.7,370.09,0.5282517076265958
1991-05-03,5.51,422.82,1.91,-8.39,326.42,0.5282517076265958
1991-05-04,1.86,594.43,3.17,-11.21,260.49,0.5246581585951223
1991-05-05,0.23,711.22,7.26,-8.86,302.34,0.513877511500702
1991-05-06,6.23,437.74,7.56,-2.13,515.28,0.546219452783963
1991-05-07,4.01,456.3,8.6,-1.58,539.87,0.6755872179170069
1991-05-08,8.21,504.45,11.42,-1.06,556.26,0.8408904733647852
1991-05-09,17.59,366.93,7.18,-1.64,541.7,1.2828970042360186
1991-05-10,16.39,333.78,5.85,-1.81,537.7,1.246961513921284
1991-05-11,9.52,439.76,8.77,-2.13,524.96,1.6170970641630484
1991-05-12,11.14,348.62,4.76,-3.22,485.87,1.9189551828068174
1991-05-13,5.28,470.2,9.16,-2.17,524.31,1.5560067306279999
1991-05-14,6.07,533.54,11.77,-1.79,536.1,1.6997486918869376
1991-05-15,2.49,446.77,8.44,-0.91,575.26,2.0591035950342818
1991-05-16,0.01,694.92,12.96,-1.98,527.35,2.2854971840171086
1991-05-17,9.43,507.77,12.99,-0.25,596.09,3.241381226389044
1991-05-18,6.98,504.52,11.92,-2.33,517.27,4.7434847215449425
1991-05-19,0.69,707.66,14.61,-3.04,484.76,5.066904134377552
1991-05-20,0.0,728.07,15.73,-1.35,543.52,4.995033153748083
1991-05-21,0.0,755.44,17.63,-1.3,538.2,5.354388056895427
1991-05-22,0.91,699.15,16.27,-1.16,547.76,5.749678450357506
1991-05-23,0.91,691.88,15.66,-0.78,564.91,5.6418719794133025
1991-05-24,1.44,663.84,15.76,-0.29,587.92,5.6418719794133025
1991-05-25,2.84,563.37,12.81,-0.19,599.64,6.36058178570799
1991-05-26,4.0,439.48,7.76,-2.39,514.75,5.5340655084691
1991-05-27,1.37,527.91,7.01,-4.08,454.05,4.240387857138661
1991-05-28,0.57,665.15,9.65,-4.95,425.38,3.66542001210291
1991-05-29,2.2,614.01,10.54,-4.14,451.09,3.7372909927323787
1991-05-30,4.05,419.52,8.75,-1.13,565.67,3.5719877372846005
1991-05-31,2.7,471.51,9.79,-0.77,580.35,3.453400619245977
1991-06-01,0.0,720.32,15.34,-1.1,556.82,3.9888394249355197
1991-06-02,1.19,630.67,15.68,0.74,628.53,5.030968644062817
1991-06-03,1.96,543.33,15.0,2.39,725.36,5.605936489098568
1991-06-04,1.98,611.53,16.46,1.46,663.25,5.929355901931178
1991-06-05,3.97,507.47,15.61,1.59,679.91,6.252775314763787
1991-06-06,4.41,550.43,16.69,0.84,643.63,6.288710805078522
1991-06-07,0.55,655.62,15.25,0.58,622.2,5.965291392245912
1991-06-08,0.4,673.38,14.81,-1.11,548.88,6.037162372875382
1991-06-09,0.03,682.82,16.65,0.81,627.27,5.605936489098568
1991-06-10,0.0,734.13,19.74,0.72,597.56,5.6778074697280365
1991-06-11,0.0,712.71,20.53,2.17,663.67,5.821549430986974
1991-06-12,0.0,645.16,19.06,3.56,756.38,6.288710805078522
1991-06-13,0.35,576.47,15.71,2.68,733.87,6.001226882560647
1991-06-14,0.0,565.21,11.35,-0.99,568.0,5.2825170762659575
1991-06-15,0.29,685.42,13.91,-3.33,465.69,4.56380726997127
1991-06-16,0.0,681.69,17.56,0.6,607.59,4.384129818397597
1991-06-17,0.0,566.85,14.83,1.97,696.03,4.456000799027067
1991-06-18,0.0,714.63,17.52,-1.08,529.46,4.168516876509192
1991-06-19,0.0,671.62,20.14,3.4,731.43,4.024774915250254
1991-06-20,0.0,689.77,18.94,1.49,637.47,3.9888394249355197
1991-06-21,0.85,652.41,18.1,0.94,619.88,3.916968444306051
1991-06-22,0.09,634.93,16.86,1.86,674.77,3.809161973361847
1991-06-23,0.68,676.0,18.52,0.56,592.76,3.6294845217881755
1991-06-24,0.06,693.88,20.17,2.08,646.31,3.5037103056866052
1991-06-25,0.0,556.54,13.77,1.16,656.18,3.4605877173089237
1991-06-26,1.89,503.23,12.37,-0.14,605.49,3.392310285710928
1991-06-27,1.81,576.29,14.99,-0.72,566.69,3.2126328341372563
1991-06-28,2.86,457.12,14.2,1.8,696.5,3.1587295986651545
1991-06-29,0.0,640.55,17.81,1.97,663.73,3.0401424806265314
1991-06-30,4.86,328.69,11.67,2.01,707.23,3.0113940883747436
1991-07-01,0.62,605.24,15.53,0.48,616.83,2.9862392451544295
1991-07-02,0.0,701.13,19.92,0.78,586.59,2.8496843819584385
1991-07-03,0.0,712.25,23.09,2.52,648.56,2.756252107140129
1991-07-04,0.05,685.56,24.23,4.65,757.83,2.687974675542134
1991-07-05,1.1,625.34,23.75,4.41,774.11,2.6771940284477136
1991-07-06,1.84,581.14,22.46,4.63,808.58,2.6053230478182448
1991-07-07,0.13,677.85,21.74,2.5,659.24,2.5226714200943556
1991-07-08,0.0,664.28,22.74,3.93,731.29,2.4256455962445727
1991-07-09,0.0,622.9,22.5,5.45,820.17,2.3465875175521567
1991-07-10,2.84,494.0,18.65,3.95,795.94,2.314245576268896
1991-07-11,2.11,590.3,19.96,2.14,667.62,2.281903634985635
1991-07-12,0.0,677.82,23.41,3.5,678.82,2.1740971640414317
1991-07-13,0.0,677.3,25.89,5.34,750.63,2.102226183411963
1991-07-14,0.0,622.42,25.73,7.77,912.81,2.044729398908388
1991-07-15,0.09,621.49,25.04,6.98,856.38,2.0016068105307068
1991-07-16,0.0,600.94,24.85,7.72,894.24,1.933329378932711
1991-07-17,0.0,614.32,25.12,7.19,841.88,1.8722390453976627
1991-07-18,0.0,576.38,21.06,4.97,754.24,1.8183358099255613
1991-07-19,0.0,623.42,21.75,3.54,652.28,1.7716196725164064
1991-07-20,0.0,611.27,22.17,4.54,704.8,1.7320906331701986
1991-07-21,0.13,609.24,22.18,4.22,691.44,1.7033422409184111
1991-07-22,0.47,558.11,20.97,4.84,757.39,1.67100029963515
1991-07-23,0.0,543.2,19.83,4.66,760.33,1.6674067506036765
1991-07-24,1.3,515.13,19.11,3.96,735.82,1.6817809467295703
1991-07-25,1.11,532.64,19.78,4.04,721.12,1.620690613194522
1991-07-26,2.2,469.69,18.95,4.29,774.02,1.588348671911261
1991-07-27,0.36,593.1,22.21,4.23,677.18,1.541632534502106
1991-07-28,0.0,616.79,24.08,4.91,680.98,1.484135749998531
1991-07-29,0.0,623.74,25.32,5.37,693.67,1.4374196125893766
1991-07-30,0.0,594.48,24.31,5.56,725.6,1.3942970242116952
1991-07-31,0.0,613.1,25.0,4.98,680.63,1.3655486319599077
1991-08-01,4.35,394.0,20.7,5.54,868.24,1.3475808868025403
1991-08-02,0.43,584.59,20.55,1.85,569.82,1.3511744358340139
1991-08-03,0.0,601.44,22.04,2.9,595.46,1.2936776513304387
1991-08-04,4.04,412.56,20.8,5.17,833.05,1.2721163571415983
1991-08-05,3.95,431.83,20.17,3.67,741.57,1.2757099061730715
1991-08-06,0.81,536.34,20.56,3.46,661.76,1.2577421610157042
1991-08-07,0.21,591.78,22.17,3.16,594.47,1.2110260236065498
1991-08-08,0.0,595.25,24.13,4.55,597.94,1.1750905332918151
1991-08-09,0.0,568.91,24.61,6.24,633.3,1.1427485920085543
1991-08-10,0.0,595.24,26.12,6.07,560.67,1.1211872978197135
1991-08-11,0.0,555.97,24.22,6.32,564.56,1.085251807504979
1991-08-12,0.02,561.34,23.58,5.44,506.58,1.0600969642846652
1991-08-13,0.0,566.71,23.54,5.05,463.33,1.0385356700958244
1991-08-14,0.0,488.26,22.41,7.44,615.68,1.0169743759069838
1991-08-15,0.8,392.16,17.55,5.59,658.98,0.9990066307496166
1991-08-16,0.0,527.61,20.25,3.8,420.89,0.9882259836551962
1991-08-17,0.37,467.54,19.0,4.73,471.68,0.9630711404348822
1991-08-18,0.2,575.61,22.35,2.73,325.43,0.9738517875293025
1991-08-19,1.88,479.52,21.69,4.57,449.06,0.9307291991516211
1991-08-20,0.48,536.25,22.34,4.21,397.22,0.9199485520572009
1991-08-21,0.0,548.03,23.87,5.22,410.95,0.9019808068998337
1991-08-22,0.9,528.8,24.3,4.86,413.79,0.8768259636795196
1991-08-23,0.0,495.13,23.44,7.01,507.03,0.8588582185221524
1991-08-24,0.0,457.36,23.51,8.55,585.26,0.8444840223962586
1991-08-25,1.22,441.54,23.98,7.9,555.15,0.822922728207418
1991-08-26,0.0,448.11,21.93,7.07,526.46,0.8085485320815242
1991-08-27,3.79,404.07,21.81,5.49,522.05,0.8337033753018382
1991-08-28,1.93,346.14,16.71,4.35,588.07,0.8085485320815242
1991-08-29,0.15,519.3,20.43,1.75,326.06,0.7905807869241571
1991-08-30,0.0,547.46,24.16,2.97,317.25,0.7546452966094227
1991-08-31,0.0,537.72,25.74,4.62,358.25,0.7366775514520554
1991-09-01,0.0,423.32,21.42,6.86,529.01,0.7223033553261616
1991-09-02,0.0,471.19,21.32,4.53,398.99,0.7115227082317414
1991-09-03,0.0,516.9,21.79,1.88,296.9,0.6971485121058476
1991-09-04,0.0,518.02,22.86,2.26,292.12,0.6827743159799539
1991-09-05,0.28,493.75,22.33,2.52,298.1,0.66840011985406
1991-09-06,0.0,496.22,23.45,3.74,320.47,0.6576194727596396
1991-09-07,3.79,262.37,15.8,5.94,657.13,0.6504323746966928
1991-09-08,8.88,171.33,10.71,3.38,740.79,0.6719936688855335
1991-09-09,8.56,178.25,9.77,2.29,696.75,0.733084002420582
1991-09-10,7.98,293.06,14.79,1.51,581.71,0.7402711004835288
1991-09-11,5.97,264.81,11.42,0.01,576.43,0.7869872378926835
1991-09-12,0.75,418.37,14.11,-1.0,440.08,0.7258969043576351
1991-09-13,3.44,381.77,14.22,-0.67,475.8,0.6791807669484803
1991-09-14,14.2,205.61,6.77,-2.31,516.47,0.7438646495150023
1991-09-15,2.14,266.47,6.1,-3.26,484.43,0.7941743359556305
1991-09-16,0.15,361.08,9.94,-2.42,488.06,0.7258969043576351
1991-09-17,0.35,345.95,8.1,-3.64,451.5,0.6971485121058476
1991-09-18,0.4,462.78,11.23,-7.39,306.34,0.6648065708225865
1991-09-19,0.0,467.87,16.72,-2.54,414.1,0.6468388256652193
1991-09-20,0.0,460.73,18.72,-0.63,470.64,0.6360581785707992
1991-09-21,0.1,390.62,12.16,-2.16,482.52,0.6252775314763788
1991-09-22,0.04,408.24,8.82,-6.28,361.17,0.6073097863190116
1991-09-23,0.0,326.54,9.19,-2.26,506.48,0.5965291392245913
1991-09-24,0.0,455.67,16.9,-2.88,411.27,0.5857484921301709
1991-09-25,0.0,456.95,19.44,-1.59,439.08,0.578561394067224
1991-09-26,0.0,451.07,20.34,-0.82,461.25,0.5713742960042771
1991-09-27,0.0,437.9,20.58,0.06,491.9,0.5641871979413302
1991-09-28,1.87,321.03,14.79,0.76,606.26,0.5570000998783834
1991-09-29,2.34,257.34,11.63,0.67,634.13,0.5713742960042771
1991-09-30,0.0,374.99,14.27,-0.9,518.54,0.5713742960042771
1991-10-01,0.0,355.46,15.93,1.46,620.36,0.5605936489098567
1991-10-02,0.0,349.5,14.02,-0.3,556.61,0.5498130018154365
1991-10-03,0.69,360.49,8.07,-7.22,342.94,0.5390323547210162
1991-10-04,0.68,333.19,3.19,-9.87,289.03,0.5282517076265958
1991-10-05,0.0,403.96,8.92,-8.17,308.73,0.5174710605321755
1991-10-06,0.0,421.38,15.09,-4.77,371.75,0.513877511500702
1991-10-07,0.0,395.33,16.68,-1.66,475.96,0.513877511500702
1991-10-08,0.0,367.05,14.53,-2.39,472.61,0.5102839624692286
1991-10-09,0.0,372.08,15.53,-2.39,462.84,0.5030968644062818
1991-10-10,0.0,371.33,17.98,-0.54,516.87,0.4959097663433349
1991-10-11,0.0,380.94,19.93,-0.55,504.37,0.4923162173118614
1991-10-12,0.0,341.26,16.87,-0.27,548.17,0.48872266828038796
1991-10-13,0.0,306.78,11.58,-2.98,474.19,0.48512911924891455
1991-10-14,0.0,301.58,13.36,-1.17,543.76,0.47075492312302075
1991-10-15,0.0,323.34,15.82,-0.82,544.33,0.46716137409154734
1991-10-16,0.09,292.59,16.27,1.27,650.31,0.4635678250600739
1991-10-17,0.23,290.5,10.22,-4.43,435.74,0.46716137409154734
1991-10-18,0.02,286.25,5.16,-8.9,309.94,0.45997427602860047
1991-10-19,0.0,216.03,4.94,-5.05,423.39,0.44919362893418013
1991-10-20,0.0,305.79,8.81,-6.76,365.61,0.4420065308712332
1991-10-21,0.0,254.66,8.47,-4.13,450.05,0.4384129818397598
1991-10-22,13.91,140.05,5.68,-2.51,511.24,0.44919362893418013
1991-10-23,12.51,153.71,-0.84,-9.18,305.51,0.4995033153748083
1991-10-24,6.62,144.14,-3.7,-11.23,260.53,0.46716137409154734
1991-10-25,5.57,104.31,-2.69,-7.73,340.75,0.4635678250600739
1991-10-26,9.41,108.04,0.26,-5.12,421.83,0.47075492312302075
1991-10-27,10.29,200.36,-1.3,-11.92,249.64,0.4923162173118614
1991-10-28,4.15,210.22,-7.31,-18.13,150.43,0.44560007990270667
1991-10-29,0.22,301.19,-9.42,-22.6,101.29,0.3988839424935519
1991-10-30,0.0,351.49,-6.95,-24.7,83.68,0.37732264830471135
1991-10-31,2.66,211.43,-5.76,-16.14,174.72,0.42763233474533946
1991-11-01,3.08,248.52,-10.82,-24.57,87.83,0.4384129818397598
1991-11-02,0.0,342.7,-10.65,-28.35,60.06,0.37732264830471135
1991-11-03,0.05,324.05,-7.3,-23.62,93.5,0.35935490314734414
1991-11-04,3.86,241.87,-3.78,-16.45,172.3,0.4132581386194457
1991-11-05,10.11,86.79,-1.54,-6.05,388.38,0.4312258837768129
1991-11-06,4.64,112.38,-0.91,-6.43,374.53,0.43481943280828633
1991-11-07,0.29,274.46,1.55,-10.75,270.04,0.424038785713866
1991-11-08,2.1,187.73,3.74,-4.58,437.76,0.4204452366823926
1991-11-09,5.97,179.34,3.69,-6.02,395.47,0.44560007990270667
1991-11-10,0.0,248.37,1.19,-8.92,312.58,0.45278717796565354
1991-11-11,0.05,282.89,2.14,-10.43,279.62,0.4312258837768129
1991-11-12,1.24,186.13,2.6,-5.07,421.49,0.42763233474533946
1991-11-13,10.91,113.53,0.28,-5.21,419.49,0.43481943280828633
1991-11-14,5.84,146.5,-3.74,-10.96,267.91,0.4384129818397598
1991-11-15,0.35,279.81,-3.02,-15.64,184.09,0.4024774915250254
1991-11-16,0.0,299.28,-0.08,-14.64,198.57,0.3845097463676582
1991-11-17,2.57,221.92,-1.98,-12.91,229.79,0.3988839424935519
1991-11-18,5.08,106.89,-3.59,-8.73,316.99,0.424038785713866
1991-11-19,0.0,215.18,-3.58,-11.72,248.78,0.4168516876509191
1991-11-20,5.68,129.82,-3.01,-8.94,309.75,0.40966458958797225
1991-11-21,4.06,185.17,-4.8,-14.4,204.14,0.40966458958797225
1991-11-22,0.6,258.64,-7.66,-19.77,129.14,0.37732264830471135
1991-11-23,1.24,264.85,-7.06,-21.57,111.66,0.3557613541158707
1991-11-24,0.47,171.63,-4.58,-11.37,256.51,0.39529039346207856
1991-11-25,7.57,101.47,-3.23,-7.93,336.2,0.40966458958797225
1991-11-26,9.49,105.01,-3.56,-8.81,312.49,0.39529039346207856
1991-11-27,9.32,172.54,-2.54,-12.18,244.97,0.40966458958797225
1991-11-28,1.12,243.02,-5.67,-17.42,158.65,0.38091619733618476
1991-11-29,2.41,245.03,-9.49,-22.53,105.99,0.3881032953991316
1991-11-30,0.0,283.83,-12.59,-27.98,64.49,0.36294845217881755
1991-12-01,3.12,232.69,-11.64,-25.72,79.87,0.34138715798997693
1991-12-02,5.74,154.74,-7.5,-15.8,177.98,0.35935490314734414
1991-12-03,2.17,142.93,-7.24,-13.3,218.76,0.35755812863160735
1991-12-04,1.91,125.07,-4.35,-9.38,299.33,0.38091619733618476
1991-12-05,0.82,198.67,-1.32,-9.79,292.2,0.3881032953991316
1991-12-06,14.47,94.53,-1.34,-5.86,394.11,0.39169684443060504
1991-12-07,11.55,163.03,-1.45,-10.2,284.31,0.3988839424935519
1991-12-08,3.07,153.42,-6.37,-13.52,217.86,0.3845097463676582
1991-12-09,1.64,123.29,-5.31,-10.1,284.57,0.38091619733618476
1991-12-10,0.15,253.5,-5.36,-17.07,165.22,0.3845097463676582
1991-12-11,0.01,271.41,-5.69,-19.97,128.85,0.3424652226994189
1991-12-12,4.32,142.1,-7.25,-13.26,220.79,0.34174651289312424
1991-12-13,3.7,133.27,-8.88,-14.99,195.07,0.3525271599875445
1991-12-14,2.62,180.95,-7.26,-16.02,174.34,0.30652973238468456
1991-12-15,0.0,265.05,-3.62,-17.1,162.38,0.3223413481231676
1991-12-16,0.0,265.54,-2.11,-15.87,179.98,0.3219819932200203
1991-12-17,0.0,270.96,-1.11,-16.0,177.46,0.32341941283260967
1991-12-18,0.22,249.4,-1.35,-14.11,208.93,0.3334813501207353
1991-12-19,0.98,241.27,-3.52,-16.1,176.55,0.35108974037495516
1991-12-20,0.0,268.41,-5.52,-20.53,120.56,0.3424652226994189
1991-12-21,0.0,263.43,-1.95,-16.64,172.84,0.32341941283260967
1991-12-22,0.0,253.19,-2.9,-16.23,175.59,0.32341941283260967
1991-12-23,0.0,252.83,-3.06,-16.11,175.32,0.3306065108955566
1991-12-24,0.0,241.71,-1.75,-13.75,213.62,0.33851231876479815
1991-12-25,0.0,251.51,-2.0,-15.36,187.43,0.3345594148301773
1991-12-26,0.0,254.53,-2.0,-15.88,179.9,0.32557554225149377
1991-12-27,0.0,253.35,-1.12,-14.99,194.69,0.3173103794791048
1991-12-28,0.0,260.71,-1.0,-15.9,180.92,0.3090452167067159
1991-12-29,0.32,229.41,-4.44,-15.99,174.72,0.3162323147696628
1991-12-30,0.0,244.66,-4.11,-16.53,170.84,0.32665360696093576
1991-12-31,0.0,232.8,-5.22,-16.4,171.76,0.3180290892853996
1992-01-01,0.0,212.82,-6.13,-17.06,163.69,0.31371683044763143
1992-01-02,0.0,235.81,-4.01,-16.78,167.19,0.3090452167067159
1992-01-03,0.0,261.26,-2.58,-18.1,152.02,0.30545166767524246
1992-01-04,0.35,162.91,-5.02,-13.21,223.87,0.30760779709412656
1992-01-05,0.48,179.41,-2.01,-10.67,273.29,0.31407618535077875
1992-01-06,0.0,205.0,0.04,-10.01,288.95,0.3191071539948416
1992-01-07,0.0,224.41,-2.16,-13.33,221.58,0.3259348971546411
1992-01-08,0.0,174.64,-6.33,-14.29,203.88,0.322700703026315
1992-01-09,0.0,242.23,-4.55,-16.87,164.88,0.32090392851057825
1992-01-10,0.0,256.62,-0.86,-14.49,203.56,0.3158729598665154
1992-01-11,0.0,258.37,-3.64,-17.35,158.8,0.31120134612559996
1992-01-12,0.72,243.58,-6.69,-19.41,133.6,0.3090452167067159
1992-01-13,0.04,190.93,-9.53,-18.16,147.66,0.30149876374062173
1992-01-14,3.76,212.37,-9.49,-23.09,94.96,0.30760779709412656
1992-01-15,2.37,253.69,-8.16,-25.33,78.24,0.2946710205808222
1992-01-16,1.2,238.14,-6.39,-18.48,140.4,0.2989832794185903
1992-01-17,1.08,262.56,-7.11,-20.94,120.04,0.30652973238468456
1992-01-18,0.0,305.35,-5.3,-22.35,104.91,0.2946710205808222
1992-01-19,0.0,299.02,-2.54,-18.59,146.23,0.2946710205808222
1992-01-20,0.0,303.05,-0.38,-16.57,173.66,0.29826456961229564
1992-01-21,0.0,304.83,-3.21,-19.24,137.21,0.2946710205808222
1992-01-22,0.13,259.68,-7.63,-19.36,135.77,0.2910774715493487
1992-01-23,3.69,135.54,-5.88,-12.31,238.86,0.2950303754839695
1992-01-24,1.56,159.8,-3.17,-9.89,285.2,0.2957490852902642
1992-01-25,0.0,263.83,1.53,-9.76,286.86,0.29826456961229564
1992-01-26,0.0,277.71,-0.48,-12.74,229.53,0.300780053934327
1992-01-27,0.0,298.77,-0.25,-13.68,215.21,0.3004206990311797
1992-01-28,0.0,261.97,1.73,-9.14,306.44,0.300780053934327
1992-01-29,0.0,248.92,0.59,-9.29,302.54,0.3061703774815372
1992-01-30,0.0,309.53,2.42,-11.18,263.89,0.30724844219097924
1992-01-31,0.0,343.01,4.84,-12.23,245.26,0.30149876374062173
1992-02-01,0.0,352.58,5.33,-12.9,231.63,0.2975458598060009
1992-02-02,0.0,337.01,1.89,-14.08,208.85,0.29826456961229564
1992-02-03,0.0,351.75,1.33,-15.66,182.39,0.2975458598060009
1992-02-04,0.0,368.15,3.47,-15.75,183.03,0.2910774715493487
1992-02-05,0.0,368.94,2.8,-16.28,176.42,0.289280697033612
1992-02-06,0.0,374.39,2.25,-17.26,163.61,0.28568714800213857
1992-02-07,0.0,374.38,2.23,-17.11,165.32,0.2849684381958439
1992-02-08,0.79,218.07,-1.16,-10.01,284.88,0.2914368264524961
1992-02-09,1.83,186.62,-1.72,-9.31,301.07,0.2968271499997062
1992-02-10,0.45,236.67,0.56,-8.3,324.27,0.3036548931595058
1992-02-11,3.12,175.97,0.14,-7.6,343.95,0.30652973238468456
1992-02-12,0.9,254.21,0.1,-9.32,297.26,0.30545166767524246
1992-02-13,2.52,218.64,0.53,-8.29,326.35,0.30760779709412656
1992-02-14,0.81,217.4,-0.3,-7.55,346.03,0.3108419912224526
1992-02-15,0.52,253.8,-1.04,-9.53,296.44,0.3108419912224526
1992-02-16,2.39,266.02,-0.82,-11.18,260.92,0.30724844219097924
1992-02-17,2.65,282.19,-3.27,-14.5,200.2,0.30724844219097924
1992-02-18,2.14,295.39,-3.66,-14.4,200.06,0.29934263432173763
1992-02-19,7.26,156.88,-2.25,-8.12,329.83,0.3036548931595058
1992-02-20,7.81,111.56,0.48,-3.43,474.64,0.31335747554448407
1992-02-21,3.91,125.94,0.22,-3.86,460.94,0.32018521870428357
1992-02-22,7.04,226.27,0.46,-7.75,344.65,0.3219819932200203
1992-02-23,1.65,364.85,-0.59,-13.78,213.0,0.31443554025392606
1992-02-24,0.77,379.23,-0.97,-12.72,228.63,0.3000613441280323
1992-02-25,0.0,429.43,3.25,-10.44,278.38,0.3126387657381894
1992-02-26,0.0,477.4,6.55,-11.3,255.66,0.3108419912224526
1992-02-27,0.0,484.37,8.49,-10.09,280.79,0.3090452167067159
1992-02-28,0.0,479.57,8.78,-9.02,303.31,0.31443554025392606
1992-02-29,0.0,476.25,7.81,-9.35,296.33,0.32018521870428357
1992-03-01,0.0,448.63,7.48,-7.08,353.17,0.3248568324451991
1992-03-02,0.0,419.19,5.89,-6.61,365.02,0.3277316716703778
1992-03-03,0.0,483.22,8.47,-7.69,334.21,0.3313252207018513
1992-03-04,0.0,479.01,8.83,-6.69,353.78,0.3349187697333247
1992-03-05,1.01,316.59,3.46,-5.2,408.59,0.3406684481836822
1992-03-06,1.09,352.19,3.5,-5.93,389.64,0.34462135211830297
1992-03-07,0.38,421.23,4.93,-6.21,377.99,0.3424652226994189
1992-03-08,0.0,468.19,1.91,-10.28,275.56,0.3403090932805348
1992-03-09,0.0,533.78,2.92,-13.9,205.84,0.3259348971546411
1992-03-10,0.0,529.35,3.96,-12.24,228.39,0.3169510245759575
1992-03-11,0.0,550.92,7.14,-11.3,238.13,0.3248568324451991
1992-03-12,0.0,549.52,8.72,-9.6,262.04,0.3313252207018513
1992-03-13,0.0,551.96,9.51,-9.01,267.52,0.33923102857109283
1992-03-14,0.0,544.02,9.9,-7.8,293.14,0.35396457960013394
1992-03-15,0.06,511.97,8.91,-6.63,329.23,0.366542001210291
1992-03-16,3.1,405.4,6.73,-6.87,338.4,0.38091619733618476
1992-03-17,5.04,283.48,3.6,-5.55,401.33,0.3881032953991316
1992-03-18,6.64,321.91,0.78,-10.09,284.91,0.39169684443060504
1992-03-19,0.54,492.15,1.71,-12.57,225.15,0.36294845217881755
1992-03-20,1.89,402.88,1.48,-9.9,281.65,0.35935490314734414
1992-03-21,1.02,516.03,1.59,-15.06,182.24,0.3485742560529238
1992-03-22,0.0,615.89,5.35,-17.81,133.61,0.3302471559924092
1992-03-23,0.0,560.96,5.07,-12.82,200.35,0.3363561893459141
1992-03-24,0.0,537.55,4.75,-11.49,224.19,0.3478555462466291
1992-03-25,0.0,517.55,6.63,-8.55,273.5,0.3492929658592185
1992-03-26,0.19,563.17,7.81,-10.29,223.83,0.3485742560529238
1992-03-27,2.98,345.37,5.23,-5.88,366.88,0.36294845217881755
1992-03-28,0.21,491.76,6.75,-6.8,304.68,0.38091619733618476
1992-03-29,0.0,550.74,8.55,-7.24,268.46,0.37732264830471135
1992-03-30,0.0,539.52,9.53,-5.47,280.7,0.39169684443060504
1992-03-31,0.0,529.85,7.32,-7.1,247.17,0.4204452366823926
1992-04-01,0.0,599.02,9.58,-8.44,197.14,0.43481943280828633
1992-04-02,0.0,602.72,12.62,-5.62,229.58,0.4779420211859677
1992-04-03,0.0,589.31,13.8,-3.72,263.92,0.5570000998783834
1992-04-04,0.0,515.76,10.8,-3.19,314.82,0.6971485121058476
1992-04-05,3.98,398.21,4.31,-8.29,274.49,0.7187098062946883
1992-04-06,1.29,436.64,-0.17,-12.01,213.64,0.6144968843819585
1992-04-07,2.66,491.81,0.49,-14.68,164.0,0.5390323547210162
1992-04-08,10.15,231.33,1.18,-5.79,384.31,0.5390323547210162
1992-04-09,12.39,161.3,2.38,-2.41,505.24,0.5174710605321755
1992-04-10,18.16,233.79,4.37,-2.58,497.89,0.5749678450357506
1992-04-11,5.07,325.05,4.82,-4.43,423.22,0.5857484921301709
1992-04-12,0.54,536.95,11.37,-2.07,438.45,0.5605936489098567
1992-04-13,0.0,596.17,13.64,-1.64,413.35,0.7366775514520554
1992-04-14,0.0,625.22,12.99,-3.51,346.09,0.9738517875293025
1992-04-15,1.23,456.83,9.21,-2.19,442.63,1.042129219127298
1992-04-16,1.8,506.45,10.53,-2.45,421.17,1.0816582584735057
1992-04-17,16.47,313.98,4.73,-4.29,427.58,1.3080518474563325
1992-04-18,10.95,253.15,1.32,-5.56,406.04,1.246961513921284
1992-04-19,3.04,346.2,1.94,-6.39,378.58,1.0205679249384572
1992-04-20,0.13,663.25,8.4,-9.26,256.11,0.8983872578683603
1992-04-21,0.22,629.3,10.45,-5.17,345.77,0.9594775914034087
1992-04-22,9.02,410.78,7.05,-4.78,417.02,1.0960324545993994
1992-04-23,5.47,412.39,1.35,-9.75,291.87,1.1175937487882401
1992-04-24,0.08,682.52,5.83,-11.47,227.42,0.9594775914034087
1992-04-25,0.0,716.56,11.45,-8.33,263.61,0.9558840423719354
1992-04-26,0.0,709.68,16.54,-3.39,360.56,1.042129219127298
1992-04-27,0.0,664.63,17.16,0.16,476.7,1.523664789344739
1992-04-28,0.0,669.32,15.33,-1.82,418.85,2.159722967915538
1992-04-29,0.0,683.84,17.46,-0.71,439.02,2.4112714001186792
1992-04-30,0.0,596.5,13.34,-0.46,494.13,3.23778767735757
1992-05-01,0.0,583.02,9.67,-3.16,425.91,2.720316616825395
1992-05-02,0.0,702.87,12.41,-6.03,306.74,2.4723617336537274
1992-05-03,0.07,701.12,15.18,-3.67,354.76,2.5693875575035103
1992-05-04,0.0,707.14,16.95,-2.31,381.53,2.874839225178753
1992-05-05,0.0,715.01,18.71,-1.61,392.23,3.1910715399484153
1992-05-06,0.0,705.19,20.62,0.52,450.83,3.5719877372846005
1992-05-07,0.0,673.75,19.6,1.5,499.57,3.952903934620785
1992-05-08,1.14,601.89,17.13,1.09,525.46,4.276323347453395
1992-05-09,4.04,369.87,6.28,-3.13,478.07,4.276323347453395
1992-05-10,0.0,522.87,7.13,-4.64,408.86,2.99701989224885
1992-05-11,1.43,447.79,7.84,-2.91,476.69,2.5118907729999354
1992-05-12,1.97,592.45,10.06,-7.11,314.38,2.256748791765321
1992-05-13,0.0,537.87,11.01,-1.57,484.45,2.1309745756637506
1992-05-14,1.84,565.37,14.06,-1.75,458.28,2.087851987286069
1992-05-15,4.78,454.39,12.83,-0.48,544.53,2.4687681846222542
1992-05-16,5.41,434.62,11.79,-1.66,520.24,2.7957811464863367
1992-05-17,0.07,674.81,16.94,-1.75,415.58,2.6628198323218197
1992-05-18,0.05,639.49,19.11,1.75,532.07,3.1048263631930526
1992-05-19,0.0,652.48,20.15,1.8,519.1,3.6294845217881755
1992-05-20,0.02,526.03,16.49,3.5,658.83,3.773226483047113
1992-05-21,2.97,326.52,9.93,1.67,665.97,3.66542001210291
1992-05-22,0.64,513.67,12.89,0.36,540.35,3.137168304476314
1992-05-23,0.17,607.11,17.1,1.16,487.18,3.147948951570734
1992-05-24,0.0,610.45,16.93,1.11,478.83,3.2054457360743096
1992-05-25,0.0,639.06,17.23,0.25,434.77,3.2593489715464106
1992-05-26,12.57,463.67,15.54,0.01,523.63,3.119200559318947
1992-05-27,11.74,301.41,8.88,-0.2,598.77,4.024774915250254
1992-05-28,2.88,502.21,13.66,-1.84,483.75,3.2485683244519903
1992-05-29,1.64,481.4,11.85,-0.66,534.99,2.89280697033612
1992-05-30,3.28,493.81,13.08,-0.92,521.55,2.7239101658568683
1992-05-31,2.02,512.88,11.03,-2.49,462.5,2.583761753629404
1992-06-01,0.11,696.79,17.16,-3.05,374.17,2.3897101059298382
1992-06-02,0.84,621.61,17.97,0.96,523.92,2.4112714001186792
1992-06-03,2.55,532.81,14.37,-0.0,545.62,2.4687681846222542
1992-06-04,1.33,610.81,14.92,-1.81,446.93,2.3286197723947897
1992-06-05,4.29,378.96,9.9,-0.98,564.39,2.3465875175521567
1992-06-06,1.92,528.91,11.33,-1.89,483.94,2.1920649091987987
1992-06-07,0.31,613.3,15.4,-0.07,513.27,2.0483229479398615
1992-06-08,0.18,614.28,17.09,1.47,563.3,1.9908261634362863
1992-06-09,0.37,647.66,19.17,1.04,524.86,1.9908261634362863
1992-06-10,0.44,643.48,21.43,2.95,589.79,2.0159810066566
1992-06-11,4.94,486.74,19.27,3.68,717.83,2.1633165169470114
1992-06-12,5.59,477.29,19.59,2.51,675.23,2.242374595639427
1992-06-13,4.92,426.26,12.68,0.44,619.65,2.199252007261746
1992-06-14,9.17,340.46,10.54,0.43,626.68,2.044729398908388
1992-06-15,27.11,185.82,5.45,0.08,617.34,2.289090733048582
1992-06-16,27.17,152.73,3.23,-0.74,581.08,2.8209359897066513
1992-06-17,10.34,373.0,10.06,0.13,615.97,2.8496843819584385
1992-06-18,3.14,517.18,16.34,0.66,637.84,3.3671554424906143
1992-06-19,1.49,597.15,18.53,2.12,669.52,3.6294845217881755
1992-06-20,0.41,634.59,19.56,1.67,645.38,3.5216780508439722
1992-06-21,0.0,652.18,21.44,2.78,683.38,3.1012328141615795
1992-06-22,0.0,611.0,21.82,5.19,823.2,2.8209359897066513
1992-06-23,0.0,629.37,23.94,5.95,851.53,2.6771940284477136
1992-06-24,1.62,570.83,22.96,5.47,861.83,2.583761753629404
1992-06-25,7.94,380.55,17.16,4.57,850.24,2.6340714400700325
1992-06-26,7.59,377.17,16.37,4.35,834.91,2.8245295387381244
1992-06-27,4.81,465.13,18.35,4.24,825.39,2.6412585381329787
1992-06-28,3.67,484.58,20.47,4.74,845.56,2.4328326943075194
1992-06-29,4.62,424.12,18.82,5.28,890.14,2.314245576268896
1992-06-30,9.02,273.96,10.0,1.65,693.86,2.436426243338993
1992-07-01,5.06,336.85,9.95,0.03,614.03,2.493923027842568
1992-07-02,2.61,396.12,11.34,0.91,655.6,2.238781046607954
1992-07-03,6.21,396.93,13.7,0.92,654.59,2.2028455562932194
1992-07-04,4.72,450.94,17.54,2.99,757.29,2.2854971840171086
1992-07-05,0.49,604.05,21.2,3.02,746.99,2.184877811135852
1992-07-06,0.0,485.15,18.58,6.5,969.87,2.0231681047195473
1992-07-07,0.0,480.19,14.96,3.32,776.4,1.9225487318382908
1992-07-08,2.0,514.0,14.8,0.34,620.67,1.8542713002402955
1992-07-09,2.86,458.76,13.41,0.72,642.21,1.8614583983032422
1992-07-10,1.58,459.53,14.61,2.65,727.16,1.7859938686423003
1992-07-11,7.59,297.71,11.91,3.11,768.48,1.7320906331701986
1992-07-12,8.87,262.07,9.61,2.19,719.97,1.850677751208822
1992-07-13,3.45,462.82,13.94,1.67,685.8,1.9045809866809236
1992-07-14,0.32,558.3,18.81,3.75,783.93,1.7249035351072517
1992-07-15,0.0,590.01,17.84,1.42,658.2,1.645845456414836
1992-07-16,0.0,599.17,18.17,0.67,620.94,1.5631938286909468
1992-07-17,0.0,614.2,20.69,1.41,636.57,1.5128841422503185
1992-07-18,0.0,603.54,23.07,3.82,747.07,1.4697615538726372
1992-07-19,2.53,399.15,16.92,5.3,887.92,1.433826063557903
1992-07-20,7.01,372.04,16.99,3.92,810.7,1.4877292990300046
1992-07-21,8.04,333.76,13.51,2.73,745.35,1.7464648292960925
1992-07-22,3.6,471.57,19.64,2.58,715.26,1.620690613194522
1992-07-23,0.76,516.49,19.19,4.28,806.82,1.466168004841164
1992-07-24,0.0,565.9,19.23,2.55,706.55,1.3978905732431683
1992-07-25,0.0,573.38,19.29,1.78,671.37,1.33680023970812
1992-07-26,0.09,572.85,20.99,2.66,713.0,1.2936776513304387
1992-07-27,0.0,570.32,22.27,3.8,768.87,1.2505550629527575
1992-07-28,0.0,563.67,22.51,4.09,787.45,1.2146195726380231
1992-07-29,0.0,544.3,20.18,3.02,735.52,1.1858711803862356
1992-07-30,0.0,565.04,21.56,2.53,705.17,1.1499356900715012
1992-07-31,0.0,546.72,23.8,5.18,852.65,1.124780846851187
1992-08-01,0.0,532.99,23.9,5.69,887.85,1.0960324545993994
1992-08-02,0.0,533.68,24.29,5.61,881.41,1.0816582584735057
1992-08-03,0.32,492.32,23.11,6.59,953.1,1.0565034152531916
1992-08-04,0.93,524.26,23.47,4.11,795.8,1.0493163171902447
1992-08-05,0.0,520.47,23.69,5.2,864.63,1.00260017978109
1992-08-06,0.0,492.61,22.03,4.94,858.29,0.9810388855922494
1992-08-07,0.0,494.73,22.92,5.5,889.27,0.9522904933404618
1992-08-08,0.0,435.36,22.98,8.36,1097.83,0.9307291991516211
1992-08-09,0.0,481.37,23.04,5.97,918.75,0.9091679049627807
1992-08-10,0.0,523.56,24.52,4.03,792.07,0.8840130617424664
1992-08-11,0.0,509.71,23.19,3.38,763.09,0.8552646694906789
1992-08-12,0.0,526.58,23.76,2.2,698.79,0.8372969243333118
1992-08-13,0.0,511.74,25.35,4.36,814.3,0.8193291791759445
1992-08-14,0.0,472.53,25.84,7.24,998.19,0.8049549830500508
1992-08-15,0.49,464.93,25.1,5.82,913.72,0.7833936888612101
1992-08-16,0.99,331.47,18.78,6.61,979.77,0.7905807869241571
1992-08-17,1.11,403.84,20.02,4.59,849.59,0.7977678849871038
1992-08-18,0.0,439.68,20.93,4.51,837.69,0.7762065907982632
1992-08-19,0.43,473.54,24.95,4.48,834.62,0.7438646495150023
1992-08-20,2.82,386.83,21.56,4.99,867.96,0.733084002420582
1992-08-21,1.67,393.81,21.33,4.94,868.96,0.7402711004835288
1992-08-22,0.81,361.21,17.17,3.3,778.91,0.7294904533891085
1992-08-23,1.21,314.26,9.83,-1.47,551.22,0.7079291592002679
1992-08-24,0.13,360.51,8.58,-3.88,460.33,0.6899614140429007
1992-08-25,0.0,415.64,9.54,-5.41,410.57,0.6648065708225865
1992-08-26,0.0,480.04,13.37,-5.86,395.41,0.6468388256652193
1992-08-27,0.0,476.49,17.81,-1.86,530.29,0.6360581785707992
1992-08-28,0.0,448.29,19.57,1.45,670.58,0.6216839824449052
1992-08-29,0.0,442.2,16.3,-1.25,556.24,0.6109033353504849
1992-08-30,0.0,464.28,18.52,-0.79,571.72,0.5929355901931178
1992-08-31,3.72,314.16,14.54,1.44,675.46,0.5857484921301709
1992-09-01,1.4,334.45,14.34,1.74,694.41,0.5965291392245913
1992-09-02,0.16,404.65,16.77,1.14,663.63,0.5965291392245913
1992-09-03,0.0,430.41,19.07,1.68,690.09,0.578561394067224
1992-09-04,9.67,196.79,10.63,1.59,690.58,0.5713742960042771
1992-09-05,11.68,149.45,6.62,-0.05,609.71,0.6648065708225865
1992-09-06,14.11,194.68,5.4,-3.0,495.73,0.700742061137321
1992-09-07,5.89,374.53,6.62,-8.74,316.4,0.733084002420582
1992-09-08,0.0,337.37,8.57,-2.34,517.94,0.6899614140429007
1992-09-09,0.05,385.76,12.48,-0.47,591.82,0.6396517276022725
1992-09-10,0.0,474.98,16.83,-1.65,544.81,0.6288710805078521
1992-09-11,0.0,430.25,17.29,1.1,661.13,0.6073097863190116
1992-09-12,2.51,362.46,15.03,-0.38,598.91,0.5929355901931178
1992-09-13,2.04,296.93,8.11,-3.4,475.26,0.5929355901931178
1992-09-14,0.0,440.86,13.22,-4.34,444.18,0.578561394067224
1992-09-15,0.0,402.32,15.65,-0.04,607.32,0.5570000998783834
1992-09-16,0.0,389.62,16.26,1.05,656.76,0.546219452783963
1992-09-17,0.0,401.95,13.74,-1.97,529.44,0.5354388056895427
1992-09-18,0.0,449.66,15.82,-4.44,435.75,0.521064609563649
1992-09-19,0.0,422.61,16.91,-1.33,548.2,0.513877511500702
1992-09-20,0.0,367.86,14.66,0.3,624.18,0.5102839624692286
1992-09-21,0.0,394.5,15.6,-0.67,581.92,0.5102839624692286
1992-09-22,0.0,413.13,19.33,0.59,629.68,0.5030968644062818
1992-09-23,0.0,397.12,20.71,2.65,731.24,0.4959097663433349
1992-09-24,4.53,300.62,12.86,-2.28,524.83,0.4923162173118614
1992-09-25,6.54,160.79,4.33,-3.37,478.74,0.5246581585951223
1992-09-26,1.13,313.98,6.93,-5.58,405.71,0.5282517076265958
1992-09-27,0.0,355.21,11.72,-2.16,523.7,0.5174710605321755
1992-09-28,0.0,408.01,15.44,-3.21,477.7,0.5030968644062818
1992-09-29,0.0,408.76,19.01,-1.13,544.73,0.4923162173118614
1992-09-30,0.0,407.89,20.8,-0.33,568.33,0.48512911924891455
1992-10-01,0.0,395.57,21.01,0.56,609.43,0.4779420211859677
1992-10-02,0.07,375.0,20.36,1.48,652.68,0.47075492312302075
1992-10-03,0.76,365.14,18.09,-0.76,558.43,0.4635678250600739
1992-10-04,9.01,103.25,3.61,-1.19,563.73,0.4815355702174411
1992-10-05,8.86,194.12,6.95,-2.49,511.62,0.521064609563649
1992-10-06,6.14,232.84,2.77,-9.04,313.38,0.5318452566580693
1992-10-07,4.38,284.23,1.89,-13.29,221.47,0.5066904134377551
1992-10-08,0.0,307.68,3.51,-8.35,325.39,0.48872266828038796
1992-10-09,1.71,200.35,4.98,-3.35,478.7,0.4923162173118614
1992-10-10,0.0,342.47,9.61,-4.57,439.66,0.48512911924891455
1992-10-11,0.0,338.17,12.33,-2.12,522.78,0.48872266828038796
1992-10-12,0.0,323.3,13.46,-0.61,584.23,0.5030968644062818
1992-10-13,1.86,270.65,10.48,-1.47,552.66,0.513877511500702
1992-10-14,1.5,206.37,3.81,-5.28,417.71,0.5066904134377551
1992-10-15,1.45,225.35,-0.08,-9.2,305.03,0.4959097663433349
1992-10-16,0.02,303.39,4.64,-7.85,337.34,0.45997427602860047
1992-10-17,0.0,269.0,7.46,-3.57,467.29,0.47075492312302075
1992-10-18,0.0,315.54,9.82,-4.12,450.8,0.4635678250600739
1992-10-19,0.0,282.39,10.38,-2.26,520.67,0.45997427602860047
1992-10-20,0.0,312.57,13.76,-1.98,530.31,0.45278717796565354
1992-10-21,0.0,308.62,14.93,-1.34,555.51,0.45278717796565354
1992-10-22,0.0,243.01,8.74,-2.47,512.63,0.45278717796565354
1992-10-23,0.0,316.11,12.58,-4.63,436.31,0.45278717796565354
1992-10-24,0.0,303.33,14.07,-2.66,504.86,0.4420065308712332
1992-10-25,0.0,288.39,13.15,-2.56,507.82,0.4420065308712332
1992-10-26,0.0,243.67,10.02,-2.28,519.51,0.4384129818397598
1992-10-27,0.0,252.2,8.96,-3.83,459.52,0.43481943280828633
1992-10-28,0.32,251.85,7.82,-5.19,422.04,0.42763233474533946
1992-10-29,5.8,98.46,3.71,-2.07,525.34,0.4384129818397598
1992-10-30,5.26,104.4,2.6,-3.33,480.66,0.4635678250600739
1992-10-31,2.87,121.45,-0.1,-6.12,389.32,0.46716137409154734
1992-11-01,5.73,142.15,0.38,-6.72,372.66,0.44560007990270667
1992-11-02,5.13,147.78,-1.95,-9.26,304.53,0.4420065308712332
1992-11-03,3.27,167.23,-5.11,-12.72,233.22,0.4168516876509191
1992-11-04,2.27,254.27,-4.48,-18.15,148.83,0.3881032953991316
1992-11-05,3.87,130.36,-3.39,-9.87,287.36,0.4168516876509191
1992-11-06,0.59,165.11,-2.45,-8.82,312.58,0.4204452366823926
1992-11-07,6.15,102.77,-0.73,-5.53,409.26,0.42763233474533946
1992-11-08,6.57,102.82,-2.71,-7.37,356.41,0.4312258837768129
1992-11-09,7.63,111.82,-4.74,-9.93,290.46,0.424038785713866
1992-11-10,2.89,191.2,-5.95,-15.25,188.96,0.40966458958797225
1992-11-11,0.81,223.47,-5.24,-14.25,202.48,0.3845097463676582
1992-11-12,0.92,176.29,-4.45,-11.16,263.6,0.4060710405564988
1992-11-13,0.2,137.78,-1.62,-6.46,376.7,0.4132581386194457
1992-11-14,0.0,233.26,2.63,-6.55,376.34,0.40966458958797225
1992-11-15,0.0,270.58,4.49,-7.79,339.38,0.39529039346207856
1992-11-16,0.0,275.12,4.1,-8.94,311.92,0.3881032953991316
1992-11-17,0.42,243.19,1.38,-9.68,293.27,0.3845097463676582
1992-11-18,1.27,188.97,0.17,-7.75,341.39,0.4132581386194457
1992-11-19,1.27,198.44,-2.7,-10.97,267.08,0.3988839424935519
1992-11-20,0.16,244.44,-4.42,-14.77,200.16,0.37732264830471135
1992-11-21,0.0,266.52,-5.51,-17.82,156.56,0.3277316716703778
1992-11-22,5.8,149.12,-3.89,-11.37,259.47,0.3737290992732379
1992-11-23,1.21,230.29,-7.52,-18.08,150.78,0.36294845217881755
1992-11-24,0.12,270.78,-9.33,-22.44,105.65,0.29934263432173763
1992-11-25,0.0,280.99,-6.22,-21.51,111.95,0.3036548931595058
1992-11-26,0.0,278.89,-4.07,-19.76,130.69,0.30545166767524246
1992-11-27,0.0,266.51,-3.14,-17.06,164.16,0.3162323147696628
1992-11-28,0.05,244.8,-4.41,-15.95,175.56,0.32341941283260967
1992-11-29,0.01,266.53,-5.77,-20.58,123.18,0.3162323147696628
1992-11-30,1.96,184.8,-7.0,-16.22,175.42,0.3248568324451991
1992-12-01,1.34,211.63,-7.2,-17.84,155.34,0.3288097363798198
1992-12-02,10.32,171.5,-5.77,-16.62,169.65,0.3183884441885469
1992-12-03,5.81,200.52,-11.4,-24.97,84.15,0.2874839225178753
1992-12-04,0.87,261.88,-9.97,-28.64,58.46,0.2515484322031409
1992-12-05,0.03,262.08,-7.16,-23.65,95.37,0.23358068704577367
1992-12-06,0.0,234.1,-8.81,-21.9,108.09,0.2515484322031409
1992-12-07,0.88,238.23,-5.21,-20.36,123.74,0.2695161773605081
1992-12-08,7.24,79.47,-4.51,-9.12,302.87,0.2695161773605081
1992-12-09,7.99,124.41,-5.04,-12.8,231.78,0.2874839225178753
1992-12-10,5.84,163.1,-0.27,-11.52,254.05,0.30545166767524246
1992-12-11,7.2,125.09,-1.28,-9.15,306.54,0.30940457160986323
1992-12-12,3.79,152.6,-5.57,-14.84,198.34,0.3291690912829672
1992-12-13,0.0,231.17,-8.61,-22.14,107.17,0.3162323147696628
1992-12-14,0.08,229.85,-5.88,-19.27,136.87,0.3176697343822522
1992-12-15,3.54,177.68,-8.9,-21.23,120.18,0.33599683444276673
1992-12-16,0.01,192.1,-13.28,-23.51,90.46,0.31120134612559996
1992-12-17,3.52,133.14,-11.52,-19.33,124.42,0.32018521870428357
1992-12-18,2.2,153.92,-12.14,-20.63,121.17,0.3040142480626531
1992-12-19,0.4,151.72,-12.99,-20.36,122.12,0.2874839225178753
1992-12-20,2.93,98.37,-11.17,-16.2,172.28,0.2946710205808222
1992-12-21,6.18,65.72,-8.54,-11.98,244.79,0.29790521470914827
1992-12-22,6.9,50.96,-8.62,-11.3,260.41,0.2939523107745275
1992-12-23,4.44,72.44,-5.24,-9.23,302.22,0.2846090832926965
1992-12-24,3.03,132.54,-5.82,-12.59,235.83,0.2860465029052859
1992-12-25,0.64,196.42,-7.26,-16.74,169.6,0.28712456761472793
1992-12-26,7.32,122.17,-7.07,-13.98,210.28,0.28317166368010716
1992-12-27,5.33,126.13,-5.56,-12.24,235.87,0.2846090832926965
1992-12-28,1.67,219.81,-3.48,-14.93,193.63,0.2695161773605081
1992-12-29,10.41,155.52,-2.86,-12.08,244.39,0.2515484322031409
1992-12-30,5.8,161.53,-7.58,-16.82,168.61,0.23358068704577367
1992-12-31,8.1,158.52,-5.22,-14.45,206.5,0.24436133414019398
1993-01-01,5.78,103.73,-4.46,-10.61,275.99,0.2616103694912665
1993-01-02,3.26,202.6,-5.69,-18.4,149.17,0.26448520871644526
1993-01-03,0.78,161.67,-13.43,-21.41,116.01,0.25586069104090897
1993-01-04,2.92,119.65,-13.23,-19.69,127.49,0.2515484322031409
1993-01-05,2.55,170.09,-11.91,-21.0,120.49,0.24436133414019398
1993-01-06,0.0,242.49,-10.24,-23.26,97.63,0.2371742360772471
1993-01-07,0.23,256.66,-9.85,-24.68,84.02,0.24436133414019398
1993-01-08,1.61,204.24,-8.52,-19.41,132.13,0.2515484322031409
1993-01-09,1.81,206.03,-11.27,-22.43,108.02,0.24436133414019398
1993-01-10,0.33,253.99,-8.08,-21.59,112.93,0.2371742360772471
1993-01-11,3.5,191.43,-7.88,-18.96,134.4,0.24436133414019398
1993-01-12,1.77,215.44,-12.93,-24.22,85.18,0.2371742360772471
1993-01-13,1.54,266.94,-8.66,-27.11,70.75,0.22639358898282677
1993-01-14,3.2,165.83,-3.22,-11.64,252.62,0.21561294188840646
1993-01-15,0.03,210.7,-3.79,-12.88,228.46,0.22280003995135333
1993-01-16,0.41,203.86,-3.26,-12.12,243.46,0.22998713801430024
1993-01-17,0.0,268.58,-4.67,-17.66,156.24,0.22998713801430024
1993-01-18,0.0,308.16,-2.69,-21.72,109.72,0.22280003995135333
1993-01-19,0.0,205.98,-3.91,-12.36,235.61,0.23358068704577367
1993-01-20,5.16,150.01,-2.94,-10.08,285.55,0.24400197923704664
1993-01-21,5.6,113.62,-3.72,-9.45,298.29,0.24472068904334132
1993-01-22,10.52,163.13,-3.93,-12.32,242.92,0.24112714001186789
1993-01-23,3.57,183.28,-8.83,-18.45,144.56,0.23178391253003694
1993-01-24,2.52,181.01,-8.5,-16.34,167.25,0.2249561693702374
1993-01-25,2.69,156.13,-3.96,-10.49,276.84,0.2281903634985635
1993-01-26,0.41,251.12,-0.88,-10.97,266.36,0.22998713801430024
1993-01-27,0.0,319.8,0.74,-14.27,206.06,0.23034649291744758
1993-01-28,0.0,311.49,-1.15,-15.13,191.48,0.22531552427338475
1993-01-29,0.0,310.67,-0.78,-13.95,208.25,0.22926842820800553
1993-01-30,0.0,350.45,2.53,-15.76,182.29,0.22351874975764802
1993-01-31,0.0,348.4,3.22,-14.52,204.19,0.21884713601673256
1993-02-01,0.14,342.04,2.62,-14.03,210.94,0.22064391053246926
1993-02-02,0.01,301.2,-1.89,-14.13,205.54,0.22854971840171084
1993-02-03,0.03,359.84,1.54,-16.78,167.02,0.2249561693702374
1993-02-04,0.0,369.7,3.69,-16.37,175.97,0.21633165169470114
1993-02-05,0.0,367.24,4.35,-14.79,199.49,0.21992520072617458
1993-02-06,0.0,349.74,-0.07,-16.16,177.02,0.2177690713072905
1993-02-07,0.0,309.58,-0.91,-13.32,219.5,0.22351874975764802
1993-02-08,0.09,372.21,2.56,-15.6,184.03,0.222440685048206
1993-02-09,1.31,264.32,1.16,-9.47,295.74,0.22351874975764802
1993-02-10,2.32,201.74,-2.29,-10.47,275.0,0.22747165369226882
1993-02-11,0.85,240.54,-2.95,-11.69,251.14,0.2249561693702374
1993-02-12,3.34,173.46,-4.0,-10.86,268.35,0.22603423407967943
1993-02-13,0.94,217.77,-5.03,-12.39,239.04,0.22423745956394273
1993-02-14,1.48,304.09,-5.85,-17.86,156.21,0.22351874975764802
1993-02-15,1.54,329.17,-13.34,-26.71,71.53,0.21561294188840646
1993-02-16,1.83,345.36,-15.68,-29.84,42.91,0.2012387457625127
1993-02-17,0.38,412.27,-10.56,-28.36,61.12,0.1940516476995658
1993-02-18,9.11,215.01,-5.05,-14.17,206.9,0.2012387457625127
1993-02-19,10.43,174.05,-0.69,-7.79,339.05,0.22639358898282677
1993-02-20,6.76,285.05,0.23,-13.13,223.82,0.2192064909198799
1993-02-21,3.18,237.87,-7.36,-16.68,167.86,0.20914455363175424
1993-02-22,2.76,248.4,-9.44,-18.25,147.68,0.20195745556880737
1993-02-23,2.44,330.18,-5.89,-18.92,140.4,0.19620777711844986
1993-02-24,3.01,340.11,-2.94,-17.42,155.46,0.20447293989083878
1993-02-25,0.0,456.72,-3.11,-20.92,118.45,0.19908261634362862
1993-02-26,0.14,450.39,-5.22,-21.98,107.34,0.1965671320215972
1993-02-27,0.0,501.29,-0.56,-24.3,89.32,0.19117680847438703
1993-02-28,0.0,498.39,3.71,-19.16,137.1,0.19261422808697645
1993-03-01,0.0,492.64,5.4,-16.0,179.66,0.1998013261499233
1993-03-02,0.22,412.17,-1.42,-15.79,179.82,0.2023168104719547
1993-03-03,0.0,494.95,1.04,-18.88,137.81,0.20087939085936535
1993-03-04,0.0,505.95,2.86,-18.5,143.5,0.19800455163418662
1993-03-05,0.09,315.26,0.33,-9.25,299.33,0.2030355202782494
1993-03-06,0.04,387.93,4.46,-7.49,347.0,0.2069884242128702
1993-03-07,0.0,453.66,6.17,-8.76,310.64,0.2087851987286069
1993-03-08,0.07,441.68,5.05,-9.14,301.17,0.20986326343804895
1993-03-09,0.26,449.12,2.01,-12.61,228.82,0.2134568124695224
1993-03-10,0.0,511.57,2.83,-15.15,183.59,0.20986326343804895
1993-03-11,0.0,508.79,-5.28,-22.66,102.29,0.2095039085349016
1993-03-12,0.0,557.85,-4.51,-27.31,68.49,0.19369229279641845
1993-03-13,0.0,525.53,0.47,-18.57,138.0,0.2055510046002808
1993-03-14,2.98,329.46,-0.14,-11.17,256.81,0.21669100659784848
1993-03-15,9.16,165.56,-0.65,-6.63,371.23,0.22280003995135333
1993-03-16,6.45,234.14,-0.24,-8.77,310.37,0.22064391053246926
1993-03-17,5.4,215.33,1.29,-6.14,385.32,0.2217219752419113
1993-03-18,3.55,239.78,3.61,-3.97,454.9,0.2249561693702374
1993-03-19,1.94,278.99,2.52,-5.28,412.62,0.22926842820800553
1993-03-20,7.2,242.34,1.98,-6.09,391.36,0.2314245576268896
1993-03-21,3.61,393.81,2.82,-9.59,296.05,0.22854971840171084
1993-03-22,0.46,546.86,8.29,-10.04,273.67,0.22711229878912148
1993-03-23,0.1,558.76,10.84,-7.6,320.95,0.23106520272374226
1993-03-24,0.33,507.07,11.14,-4.78,400.93,0.24723617336537274
1993-03-25,2.67,297.55,6.56,-2.66,498.81,0.2835310185832545
1993-03-26,2.51,349.01,8.66,-2.31,516.67,0.3230600579294623
1993-03-27,2.29,409.57,8.11,-4.44,434.69,0.3521678050843972
1993-03-28,2.73,307.33,4.64,-4.03,453.33,0.39529039346207856
1993-03-29,2.15,303.89,3.42,-4.47,442.03,0.40966458958797225
1993-03-30,1.98,409.79,3.71,-7.11,359.33,0.40966458958797225
1993-03-31,0.06,522.33,4.36,-8.52,316.58,0.4168516876509191
1993-04-01,2.12,552.42,8.73,-10.72,254.17,0.3988839424935519
1993-04-02,3.79,510.7,8.39,-9.3,288.05,0.4384129818397598
1993-04-03,1.3,397.63,4.48,-4.89,422.63,0.424038785713866
1993-04-04,3.04,325.87,5.03,-3.0,488.36,0.424038785713866
1993-04-05,0.81,492.64,2.23,-9.46,294.07,0.4384129818397598
1993-04-06,0.08,631.11,3.86,-13.22,206.67,0.4204452366823926
1993-04-07,0.05,664.59,5.06,-14.69,178.68,0.4204452366823926
1993-04-08,0.78,582.0,6.6,-8.83,286.45,0.4420065308712332
1993-04-09,9.13,335.68,2.28,-7.1,358.17,0.4779420211859677
1993-04-10,7.78,413.45,2.58,-9.44,294.82,0.4635678250600739
1993-04-11,8.03,328.9,-0.31,-8.83,313.53,0.4743484721544942
1993-04-12,5.16,446.39,-0.42,-11.64,255.95,0.45997427602860047
1993-04-13,1.97,597.8,3.78,-11.94,242.6,0.44560007990270667
1993-04-14,1.33,611.25,4.47,-11.94,234.09,0.4420065308712332
1993-04-15,3.5,514.73,5.37,-9.35,292.5,0.44919362893418013
1993-04-16,7.78,414.58,6.03,-5.49,406.31,0.45997427602860047
1993-04-17,0.92,477.65,5.15,-5.33,407.78,0.47075492312302075
1993-04-18,10.09,290.34,1.86,-5.58,407.13,0.47075492312302075
1993-04-19,7.47,347.19,2.34,-6.73,371.72,0.4743484721544942
1993-04-20,3.4,522.15,5.14,-9.0,308.95,0.47075492312302075
1993-04-21,0.73,673.11,10.35,-8.76,292.42,0.46716137409154734
1993-04-22,3.88,441.1,7.27,-3.87,447.27,0.513877511500702
1993-04-23,7.87,361.98,4.39,-4.8,430.3,0.5570000998783834
1993-04-24,3.13,417.11,4.16,-5.82,397.46,0.546219452783963
1993-04-25,3.21,405.88,4.89,-4.71,429.15,0.5282517076265958
1993-04-26,5.73,446.83,6.1,-5.57,405.43,0.5390323547210162
1993-04-27,2.84,611.51,5.7,-11.11,260.02,0.5641871979413302
1993-04-28,0.0,653.8,7.23,-7.32,337.68,0.5821549430986974
1993-04-29,7.36,332.29,4.47,-3.37,476.45,0.6396517276022725
1993-04-30,6.67,435.76,6.61,-5.21,419.26,0.6971485121058476
1993-05-01,1.47,610.09,7.9,-6.79,355.46,0.700742061137321
1993-05-02,0.34,617.87,9.41,-3.64,450.71,0.7438646495150023
1993-05-03,7.26,486.46,11.48,-2.74,496.27,0.9235421010886744
1993-05-04,10.5,271.95,5.0,-1.62,544.89,1.3403937887395936
1993-05-05,8.34,313.73,6.77,-0.77,580.09,1.1607163371659215
1993-05-06,3.44,411.62,8.17,-1.38,553.75,1.3152389455192792
1993-05-07,3.74,429.98,6.22,-4.28,449.96,1.638658358351889
1993-05-08,1.26,622.72,5.83,-7.19,355.61,1.5344454364391593
1993-05-09,1.35,625.52,7.43,-6.75,363.25,1.33680023970812
1993-05-10,0.0,756.4,14.64,-5.77,368.74,1.4625744558096905
1993-05-11,0.0,759.03,20.09,-1.64,476.48,2.1920649091987987
1993-05-12,0.0,748.96,19.58,-1.58,479.64,3.277316716703778
1993-05-13,0.0,732.71,19.6,-0.02,540.44,4.204452366823926
1993-05-14,0.7,704.56,18.73,-0.17,542.4,4.635678250600739
1993-05-15,1.45,639.76,16.9,0.17,577.21,5.102839624692286
1993-05-16,3.24,544.51,15.58,-0.99,557.16,5.426259037524896
1993-05-17,1.09,615.04,13.9,-0.75,553.73,4.995033153748083
1993-05-18,0.39,704.81,16.14,-2.42,466.61,5.102839624692286
1993-05-19,1.03,653.23,16.46,-0.28,560.6,5.498130018154365
1993-05-20,3.84,567.86,17.84,0.54,601.01,6.001226882560647
1993-05-21,15.54,391.67,11.6,0.43,630.19,7.0074206113732105
1993-05-22,9.97,366.41,8.82,-1.2,563.82,6.612130217911131
1993-05-23,4.36,446.46,9.53,-2.65,506.52,5.390323547210161
1993-05-24,0.97,532.3,10.77,-1.66,539.03,4.420065308712332
1993-05-25,0.96,674.89,16.34,-3.28,444.05,4.456000799027067
1993-05-26,0.12,632.7,17.07,1.49,634.36,5.174710605321755
1993-05-27,0.0,698.39,18.24,-0.38,533.41,6.1449688438195835
1993-05-28,0.0,680.93,18.04,0.29,565.83,6.037162372875382
1993-05-29,0.96,543.76,14.19,0.8,634.56,5.821549430986974
1993-05-30,0.54,656.84,16.13,-1.12,524.91,5.426259037524896
1993-05-31,0.0,658.32,18.38,1.35,621.16,5.390323547210161
1993-06-01,1.18,440.65,12.05,1.68,694.88,5.462194527839631
1993-06-02,4.8,433.44,12.22,-1.22,562.12,5.2106460956364895
1993-06-03,4.59,275.27,6.17,-1.07,568.65,4.887226682803879
1993-06-04,1.28,377.45,8.43,-0.31,600.07,4.204452366823926
1993-06-05,8.37,241.66,7.26,0.79,648.82,3.8810329539913164
1993-06-06,13.26,298.35,8.19,-0.19,606.78,4.527871779656535
1993-06-07,14.69,218.86,4.53,-1.5,552.46,4.707549231230208
1993-06-08,10.54,266.93,7.04,-0.17,605.36,4.599742760286005
1993-06-09,0.82,521.78,11.77,-0.12,606.62,4.240387857138661
1993-06-10,2.88,512.72,15.5,1.73,697.47,4.132581386194458
1993-06-11,7.2,423.8,13.5,1.25,672.69,4.707549231230208
1993-06-12,4.5,408.69,6.78,-4.0,458.65,4.8153557021744104
1993-06-13,0.57,662.24,11.69,-4.48,441.65,4.060710405564988
1993-06-14,0.0,730.23,18.64,-1.7,518.52,3.952903934620785
1993-06-15,4.12,461.02,15.2,2.02,708.63,4.348194328082863
1993-06-16,2.96,519.16,13.42,-0.28,600.31,4.527871779656535
1993-06-17,2.51,424.08,9.22,-0.49,590.58,4.348194328082863
1993-06-18,0.95,672.37,16.39,-1.77,526.62,3.916968444306051
1993-06-19,0.12,702.28,19.87,1.14,628.96,3.9888394249355197
1993-06-20,0.19,694.62,21.8,2.7,695.82,4.276323347453395
1993-06-21,2.1,573.08,20.2,3.98,796.42,4.420065308712332
1993-06-22,4.97,401.17,12.33,1.69,697.72,4.56380726997127
1993-06-23,4.38,347.26,5.79,-2.69,506.39,4.060710405564988
1993-06-24,0.03,445.19,6.69,-1.87,537.67,3.510897403749552
1993-06-25,0.0,678.88,15.46,-1.27,549.41,3.2126328341372563
1993-06-26,0.18,698.4,20.55,1.33,636.61,3.176697343822522
1993-06-27,0.0,679.18,21.75,3.76,756.93,3.3276264031444067
1993-06-28,2.12,611.52,20.32,2.78,725.7,3.485742560529238
1993-06-29,0.28,578.22,13.21,0.19,620.89,3.4030909328053482
1993-06-30,0.12,653.61,13.51,-2.16,520.87,3.0617037748153715
1993-07-01,0.0,648.36,15.92,0.15,611.17,2.921555362587908
1993-07-02,6.66,533.16,17.28,1.1,654.41,2.864058578084333
1993-07-03,15.58,202.91,5.65,0.24,624.0,3.1515425006022078
1993-07-04,9.16,263.81,7.74,0.94,657.1,3.183884441885469
1993-07-05,5.77,357.69,10.05,0.32,629.0,3.1012328141615795
1993-07-06,6.6,350.63,9.22,-0.45,594.6,3.076077970941266
1993-07-07,4.09,467.79,11.85,-1.21,564.49,3.022174735469164
1993-07-08,2.5,520.85,13.08,-0.85,578.07,2.8496843819584385
1993-07-09,0.2,624.2,15.96,-0.05,610.4,2.716723067793921
1993-07-10,0.0,587.16,15.75,1.42,679.2,2.6664133813532933
1993-07-11,0.0,648.72,17.38,-0.12,604.4,2.6376649891015056
1993-07-12,0.0,622.8,15.78,-0.5,591.81,2.5945424007238245
1993-07-13,0.29,621.7,15.45,-1.29,557.4,2.501110125905515
1993-07-14,0.0,625.19,17.1,0.51,630.86,2.4184584981816255
1993-07-15,0.0,550.6,16.06,2.59,738.43,2.375335909803945
1993-07-16,0.65,516.1,13.23,0.89,655.89,2.307058478205949
1993-07-17,0.24,616.52,15.37,-1.49,548.49,2.22440685048206
1993-07-18,0.87,611.66,15.89,-1.23,554.63,2.1776907130729053
1993-07-19,0.0,669.29,20.19,-0.22,568.46,2.113006830506383
1993-07-20,0.0,632.1,21.0,2.9,716.49,2.084258438254596
1993-07-21,0.02,563.45,16.66,2.23,717.06,2.066290693097229
1993-07-22,4.45,350.65,11.66,1.16,663.12,2.0267616537510205
1993-07-23,6.2,266.01,10.7,2.73,749.7,2.0087939085936535
1993-07-24,11.83,272.36,10.72,2.56,740.17,2.2998713801430024
1993-07-25,8.3,358.93,12.87,1.54,684.86,2.296277831111529
1993-07-26,5.35,278.58,9.47,1.83,700.85,2.113006830506383
1993-07-27,3.92,428.8,13.72,1.93,704.96,2.1309745756637506
1993-07-28,0.19,646.97,21.53,1.23,645.97,2.0016068105307068
1993-07-29,0.0,601.78,23.67,6.19,915.95,1.929735829901238
1993-07-30,0.0,549.21,22.09,7.27,1009.47,1.8973938886179769
1993-07-31,0.0,588.41,20.25,3.59,774.94,1.850677751208822
1993-08-01,0.0,629.03,20.93,1.49,655.34,1.77521322154788
1993-08-02,0.0,564.89,17.57,1.61,676.92,1.7249035351072517
1993-08-03,0.0,588.07,18.03,0.7,625.48,1.678187397698097
1993-08-04,1.05,539.53,20.03,2.72,720.54,1.6422519073833626
1993-08-05,5.03,438.59,18.54,2.7,739.27,1.6925615938239909
1993-08-06,3.41,440.5,16.58,2.0,704.51,1.678187397698097
1993-08-07,2.5,473.22,19.36,3.28,768.41,1.6099099661001015
1993-08-08,2.4,425.5,17.24,3.79,800.18,1.645845456414836
1993-08-09,1.1,541.45,21.91,3.35,748.03,1.5775680248168407
1993-08-10,0.0,496.82,21.08,6.42,958.62,1.516477691281792
1993-08-11,2.56,410.18,17.91,5.15,890.08,1.4949163970929515
1993-08-12,0.23,511.58,18.2,2.87,751.67,1.484135749998531
1993-08-13,1.8,460.59,17.8,2.9,750.85,1.4482002596837968
1993-08-14,0.49,528.48,19.1,1.93,696.09,1.4230454164634827
1993-08-15,0.24,505.37,18.93,2.93,752.74,1.3727357300228544
1993-08-16,0.72,459.09,16.3,2.35,727.13,1.33680023970812
1993-08-17,0.0,475.59,14.22,0.35,629.39,1.304458298424859
1993-08-18,0.0,563.67,19.04,-0.19,593.97,1.2613357100471778
1993-08-19,0.01,543.75,21.45,2.98,744.79,1.2218066707009698
1993-08-20,1.01,495.86,21.18,3.99,796.55,1.2002453765121293
1993-08-21,7.15,261.43,14.26,4.46,846.17,1.2254002197324434
1993-08-22,1.66,288.85,12.01,3.54,794.23,1.2397744158583373
1993-08-23,0.08,486.61,18.38,2.46,725.43,1.1858711803862356
1993-08-24,0.0,463.94,19.37,4.39,831.84,1.1319679449141338
1993-08-25,0.62,352.09,13.21,2.33,724.67,1.0960324545993994
1993-08-26,0.48,433.0,12.31,-1.04,568.12,1.0780647094420324
1993-08-27,0.0,520.03,16.13,-2.21,516.86,1.042129219127298
1993-08-28,0.0,507.31,17.69,-0.31,593.35,1.0241614739699307
1993-08-29,0.0,416.91,11.35,-1.59,548.77,0.9954130817181431
1993-08-30,0.08,509.33,13.28,-4.68,433.62,0.9666646894663555
1993-08-31,0.0,521.76,16.59,-2.88,491.29,0.9486969443089884
1993-09-01,0.0,384.59,12.0,-0.05,612.54,0.9307291991516211
1993-09-02,0.1,463.25,14.93,-0.59,586.76,0.912761453994254
1993-09-03,0.0,495.87,18.03,-0.15,596.55,0.8947937088368868
1993-09-04,0.0,470.08,18.47,1.51,671.77,0.8768259636795196
1993-09-05,0.69,415.73,15.23,0.97,650.69,0.8588582185221524
1993-09-06,0.0,490.92,17.09,-1.26,531.17,0.8408904733647852
1993-09-07,0.0,456.12,17.09,0.71,610.63,0.8265162772388914
1993-09-08,0.0,494.64,19.25,-0.42,545.02,0.8121420811129976
1993-09-09,0.0,477.8,19.17,0.37,579.03,0.7977678849871038
1993-09-10,0.0,477.44,20.46,1.15,599.66,0.7833936888612101
1993-09-11,0.0,417.73,18.87,3.08,716.25,0.7690194927353164
1993-09-12,3.5,339.05,11.58,-4.01,454.0,0.7654259437038429
1993-09-13,0.0,370.58,5.98,-6.43,379.08,0.7510517475779491
1993-09-14,0.14,439.39,10.3,-6.31,370.82,0.7366775514520554
1993-09-15,0.5,359.35,11.25,-1.82,530.58,0.7294904533891085
1993-09-16,1.56,317.43,10.86,-1.09,558.36,0.7223033553261616
1993-09-17,0.96,330.63,10.19,-1.52,543.85,0.7115227082317414
1993-09-18,0.38,333.94,9.96,-1.59,545.21,0.700742061137321
1993-09-19,2.82,248.47,8.92,-0.75,580.53,0.693554963074374
1993-09-20,0.0,364.14,11.74,-1.17,558.45,0.6899614140429007
1993-09-21,0.09,360.31,9.4,-3.48,471.6,0.6827743159799539
1993-09-22,0.0,432.75,11.63,-5.95,377.09,0.6612130217911132
1993-09-23,0.05,443.83,13.87,-5.54,383.52,0.6432452766337459
1993-09-24,0.0,416.45,13.03,-4.45,422.96,0.6360581785707992
1993-09-25,0.0,341.22,10.76,-2.48,508.47,0.6288710805078521
1993-09-26,0.0,429.34,13.78,-5.14,401.32,0.6180904334134318
1993-09-27,0.0,424.54,17.41,-1.95,497.18,0.6073097863190116
1993-09-28,0.0,413.95,17.47,-1.46,516.34,0.6001226882560646
1993-09-29,0.0,418.62,18.05,-1.76,504.57,0.5929355901931178
1993-09-30,0.0,343.45,15.95,1.38,663.02,0.5857484921301709
1993-10-01,0.0,349.42,13.41,-1.54,532.57,0.578561394067224
1993-10-02,0.0,405.74,16.13,-3.16,433.66,0.5677807469728037
1993-10-03,0.0,407.64,18.77,-1.59,461.68,0.5605936489098567
1993-10-04,0.0,391.86,18.39,-0.87,479.57,0.5570000998783834
1993-10-05,0.0,389.34,19.01,-0.55,474.43,0.5498130018154365
1993-10-06,2.13,248.34,14.42,2.65,705.3,0.5426259037524895
1993-10-07,6.91,187.39,7.2,-2.64,511.09,0.5641871979413302
1993-10-08,5.55,107.81,-1.43,-6.53,377.51,0.5857484921301709
1993-10-09,4.45,182.11,0.9,-7.13,354.87,0.5713742960042771
1993-10-10,0.05,248.02,3.96,-4.72,432.54,0.5605936489098567
1993-10-11,0.03,343.26,9.27,-4.12,432.94,0.5605936489098567
1993-10-12,1.6,186.65,6.13,-1.34,556.2,0.5534065508469099
1993-10-13,2.6,155.33,6.01,-0.26,602.21,0.5498130018154365
1993-10-14,4.44,144.44,5.27,-0.77,580.91,0.5641871979413302
1993-10-15,5.93,118.05,4.25,-1.32,559.04,0.5857484921301709
1993-10-16,2.61,187.86,4.18,-3.83,463.89,0.5929355901931178
1993-10-17,0.29,304.25,6.42,-6.13,388.8,0.5749678450357506
1993-10-18,0.1,309.02,5.81,-7.06,359.92,0.5498130018154365
1993-10-19,0.21,247.01,2.05,-7.6,345.16,0.5390323547210162
1993-10-20,1.62,316.14,3.4,-10.89,268.77,0.5318452566580693
1993-10-21,0.0,347.32,7.87,-7.73,340.55,0.513877511500702
1993-10-22,0.0,317.81,9.3,-4.49,438.05,0.513877511500702
1993-10-23,0.0,320.28,11.39,-3.11,476.53,0.5102839624692286
1993-10-24,0.0,292.47,10.34,-2.85,487.69,0.5066904134377551
1993-10-25,0.0,275.95,5.61,-6.48,374.48,0.4995033153748083
1993-10-26,0.0,292.22,4.22,-8.76,313.73,0.4815355702174411
1993-10-27,0.0,237.1,3.76,-6.13,385.2,0.47075492312302075
1993-10-28,3.08,269.72,0.37,-13.86,215.27,0.4815355702174411
1993-10-29,0.89,314.27,-3.66,-19.56,132.28,0.4312258837768129
1993-10-30,0.0,336.6,3.01,-14.14,203.25,0.40966458958797225
1993-10-31,0.0,316.62,4.9,-10.63,270.48,0.4420065308712332
1993-11-01,0.0,277.95,-1.01,-12.93,230.52,0.46716137409154734
1993-11-02,0.0,263.03,-1.81,-12.67,233.61,0.424038785713866
1993-11-03,0.33,203.64,0.74,-7.08,362.74,0.44560007990270667
1993-11-04,1.02,249.28,-2.16,-12.75,234.75,0.44919362893418013
1993-11-05,0.0,240.77,-5.86,-15.33,189.85,0.4204452366823926
1993-11-06,0.0,260.54,-4.3,-15.24,189.18,0.3845097463676582
1993-11-07,0.54,213.49,-3.97,-12.78,231.72,0.4168516876509191
1993-11-08,0.0,244.48,-3.19,-13.47,216.8,0.4204452366823926
1993-11-09,0.28,281.25,-0.3,-14.25,204.91,0.39529039346207856
1993-11-10,0.0,279.96,3.33,-10.57,271.29,0.4132581386194457
1993-11-11,0.0,296.85,4.15,-12.73,228.41,0.39169684443060504
1993-11-12,0.0,266.19,1.33,-12.55,235.59,0.3845097463676582
1993-11-13,0.22,209.57,-3.48,-13.62,212.8,0.37732264830471135
1993-11-14,0.0,248.67,-3.95,-16.33,174.13,0.3701355502417644
1993-11-15,0.0,247.36,-1.42,-14.28,205.32,0.3557613541158707
1993-11-16,0.0,205.44,-1.67,-11.73,251.72,0.3737290992732379
1993-11-17,0.66,195.42,0.75,-9.67,295.22,0.3737290992732379
1993-11-18,2.13,220.82,-3.64,-16.49,173.57,0.3845097463676582
1993-11-19,0.55,234.32,-5.97,-18.7,138.54,0.3280910265735251
1993-11-20,0.22,231.11,-3.31,-15.72,181.61,0.345699416827745
1993-11-21,1.12,222.04,-0.21,-13.11,222.11,0.3546832894064286
1993-11-22,8.0,201.43,-1.2,-16.43,173.4,0.3881032953991316
1993-11-23,8.58,183.3,-11.78,-23.42,95.87,0.3546832894064286
1993-11-24,1.35,209.02,-17.21,-28.33,57.9,0.2874839225178753
1993-11-25,0.0,253.29,-14.09,-28.25,59.84,0.2695161773605081
1993-11-26,0.05,247.65,-9.64,-23.72,94.41,0.30545166767524246
1993-11-27,0.24,255.53,-5.19,-21.2,117.77,0.34138715798997693
1993-11-28,0.19,188.48,-1.43,-11.16,262.77,0.3737290992732379
1993-11-29,2.21,98.94,-2.06,-7.68,342.02,0.39169684443060504
1993-11-30,2.37,135.69,-1.56,-8.74,316.89,0.38091619733618476
1993-12-01,5.43,78.42,-4.8,-9.38,300.56,0.36294845217881755
1993-12-02,7.19,93.06,-5.15,-10.52,277.54,0.356120709019018
1993-12-03,1.94,154.21,-4.52,-12.49,234.94,0.3492929658592185
1993-12-04,5.62,150.01,-3.52,-12.74,232.96,0.35827683843790203
1993-12-05,3.88,182.06,-7.98,-20.27,126.86,0.3428245776025663
1993-12-06,1.52,221.05,-6.91,-20.8,119.34,0.30185811864376905
1993-12-07,3.17,123.71,-6.68,-13.44,217.18,0.32341941283260967
1993-12-08,9.65,85.74,-2.93,-8.07,330.12,0.34749619134348175
1993-12-09,5.94,73.08,-2.94,-7.02,363.68,0.3485742560529238
1993-12-10,0.46,173.9,1.51,-6.81,368.53,0.35360522469698663
1993-12-11,0.44,227.38,3.87,-9.52,299.34,0.3557613541158707
1993-12-12,1.07,236.16,-0.95,-16.71,171.07,0.35001167566551317
1993-12-13,0.09,251.89,-5.18,-20.53,123.41,0.3248568324451991
1993-12-14,0.0,240.75,-0.93,-14.93,195.87,0.29790521470914827
1993-12-15,0.0,220.65,-1.96,-13.86,213.82,0.33204393050814596
1993-12-16,0.0,190.3,-6.12,-15.42,185.4,0.33599683444276673
1993-12-17,0.0,194.75,-7.52,-16.99,162.91,0.3244974775420517
1993-12-18,0.0,212.92,-7.08,-18.0,151.41,0.3180290892853996
1993-12-19,1.04,196.6,-9.19,-19.55,126.93,0.3280910265735251
1993-12-20,0.0,203.44,-8.25,-18.28,153.21,0.30652973238468456
1993-12-21,1.86,192.35,-9.99,-20.65,124.16,0.31407618535077875
1993-12-22,0.55,201.68,-10.34,-20.48,122.84,0.3050923127720951
1993-12-23,1.59,167.98,-9.63,-18.11,149.12,0.2968271499997062
1993-12-24,0.0,221.35,-5.57,-16.67,168.0,0.29251489116193813
1993-12-25,1.08,225.56,-3.79,-16.74,170.2,0.30185811864376905
1993-12-26,0.0,196.97,-2.15,-11.2,261.52,0.29538973038711686
1993-12-27,0.0,179.44,-3.51,-11.29,261.18,0.3004206990311797
1993-12-28,0.0,223.07,-4.47,-15.12,191.57,0.30832650690042124
1993-12-29,0.0,216.61,-5.28,-15.59,186.08,0.30113940883747436
1993-12-30,0.0,236.67,-3.0,-15.02,191.26,0.2946710205808222
1993-12-31,1.92,108.83,-6.04,-11.02,263.87,0.2975458598060009
1994-01-01,7.63,86.83,-5.14,-8.8,312.87,0.29934263432173763
1994-01-02,5.63,120.89,-5.65,-11.27,259.24,0.299701989224885
1994-01-03,5.87,138.67,-3.32,-9.74,292.46,0.300780053934327
1994-01-04,7.88,105.36,-1.39,-6.24,380.87,0.30149876374062173
1994-01-05,9.16,157.85,-3.54,-11.03,266.59,0.3101232814161579
1994-01-06,3.92,174.27,-9.13,-17.07,163.74,0.2989832794185903
1994-01-07,4.88,179.8,-9.36,-18.31,145.3,0.2849684381958439
1994-01-08,4.4,114.7,-6.77,-11.59,251.63,0.27346908129512887
1994-01-09,3.59,124.61,-5.57,-10.71,270.76,0.28568714800213857
1994-01-10,0.44,155.45,-5.5,-10.59,274.59,0.2914368264524961
1994-01-11,1.59,127.69,-5.76,-10.16,282.37,0.2946710205808222
1994-01-12,2.45,125.92,-5.08,-9.48,299.23,0.2971865049028536
1994-01-13,6.06,90.84,-3.56,-7.25,354.16,0.299701989224885
1994-01-14,2.49,125.33,-1.31,-5.79,400.92,0.3032955382563584
1994-01-15,1.25,191.95,-1.4,-8.04,334.67,0.3086858618035686
1994-01-16,3.98,131.24,-5.42,-10.46,278.58,0.3104826363193053
1994-01-17,7.14,138.25,-4.7,-10.37,277.72,0.3061703774815372
1994-01-18,2.24,225.41,-1.84,-10.26,277.75,0.2989832794185903
1994-01-19,0.0,271.59,-0.97,-10.6,274.72,0.3004206990311797
1994-01-20,0.11,334.34,0.59,-14.83,196.93,0.2932336009682328
1994-01-21,0.0,339.25,1.7,-13.71,216.87,0.2795781146486337
1994-01-22,0.0,342.28,1.99,-13.43,221.46,0.2849684381958439
1994-01-23,0.0,351.43,2.59,-14.03,211.63,0.2842497283895492
1994-01-24,0.3,316.82,-0.9,-12.6,233.89,0.2899994068399067
1994-01-25,0.0,343.39,1.33,-12.24,240.23,0.2899994068399067
1994-01-26,0.0,347.46,0.1,-13.5,217.94,0.2914368264524961
1994-01-27,0.0,336.39,-4.01,-15.85,178.48,0.2878432774210226
1994-01-28,0.2,366.91,-4.7,-20.18,125.33,0.277781340132897
1994-01-29,1.09,300.96,-8.15,-18.13,148.54,0.2810155342612231
1994-01-30,1.32,335.0,-11.5,-24.06,92.79,0.2752658558108656
1994-01-31,0.24,358.9,-12.27,-25.58,79.73,0.25873553026608775
1994-02-01,1.33,305.82,-10.03,-19.95,127.06,0.2687974675542134
1994-02-02,0.0,361.37,-7.04,-19.65,133.63,0.2846090832926965
1994-02-03,0.0,367.85,-6.97,-20.53,121.31,0.2828123087769598
1994-02-04,0.0,371.92,-6.8,-20.35,124.57,0.26771940284477136
1994-02-05,0.31,389.54,-5.22,-21.78,109.82,0.2670006930384767
1994-02-06,0.72,301.62,-5.53,-15.44,188.53,0.26268843420070853
1994-02-07,13.75,268.95,-4.81,-17.48,156.58,0.25873553026608775
1994-02-08,7.04,296.29,-8.52,-23.36,90.49,0.24436133414019398
1994-02-09,4.34,263.59,-10.94,-20.92,117.98,0.2515484322031409
1994-02-10,4.03,210.07,-6.63,-14.04,208.47,0.25873553026608775
1994-02-11,4.15,296.89,-7.83,-20.13,128.94,0.25873553026608775
1994-02-12,0.18,413.8,-7.86,-24.36,89.16,0.2526264969125829
1994-02-13,0.32,388.76,-4.38,-18.82,141.65,0.2601729498786771
1994-02-14,0.0,354.98,-2.18,-14.18,205.06,0.25657940084720365
1994-02-15,0.21,418.91,1.57,-15.19,191.21,0.25622004594405634
1994-02-16,0.12,358.78,3.75,-8.71,315.94,0.2576574655566457
1994-02-17,0.41,330.01,2.61,-8.92,310.23,0.2598135949755298
1994-02-18,1.69,272.94,-1.6,-10.81,271.34,0.26448520871644526
1994-02-19,6.27,250.42,-4.98,-13.86,214.12,0.2680787577479187
1994-02-20,0.92,378.23,-4.17,-16.49,169.21,0.26448520871644526
1994-02-21,0.56,368.19,-5.01,-16.63,168.26,0.2648445636195926
1994-02-22,1.14,405.87,-4.23,-18.31,148.02,0.266281983232182
1994-02-23,9.57,228.22,-7.72,-16.16,173.86,0.26448520871644526
1994-02-24,13.24,251.14,-6.63,-15.93,181.04,0.2605323047818245
1994-02-25,9.97,323.45,-2.52,-16.05,178.5,0.26232907929756116
1994-02-26,8.2,200.78,0.34,-6.52,377.49,0.26843811265106604
1994-02-27,5.11,269.99,1.8,-7.26,354.99,0.2727503714888342
1994-02-28,1.71,339.12,-0.68,-10.58,274.21,0.2817342440675178
1994-03-01,1.02,316.66,2.5,-5.86,396.76,0.29251489116193813
1994-03-02,0.63,363.95,5.82,-3.94,457.07,0.3043736029658004
1994-03-03,0.0,442.63,7.35,-4.84,428.66,0.3183884441885469
1994-03-04,0.0,435.46,5.49,-6.4,376.82,0.32737231676723044
1994-03-05,0.41,452.85,2.86,-9.41,298.34,0.3306065108955566
1994-03-06,0.0,536.55,2.55,-14.53,196.91,0.32090392851057825
1994-03-07,0.0,543.68,1.36,-15.97,175.42,0.3086858618035686
1994-03-08,0.0,543.32,1.47,-15.58,180.13,0.3086858618035686
1994-03-09,0.0,571.03,4.12,-16.11,175.33,0.3097639265130106
1994-03-10,0.12,545.89,5.19,-12.38,234.83,0.31120134612559996
1994-03-11,5.07,358.62,2.52,-10.26,282.44,0.3284503814766725
1994-03-12,0.0,581.61,6.16,-14.47,197.05,0.3165916696728101
1994-03-13,0.0,558.99,8.02,-9.99,280.1,0.31371683044763143
1994-03-14,0.08,505.15,8.9,-5.52,398.83,0.32737231676723044
1994-03-15,0.0,561.84,11.72,-6.12,376.97,0.33312199521758795
1994-03-16,0.0,534.19,10.74,-5.04,409.97,0.3399497383773875
1994-03-17,0.09,377.11,2.03,-7.02,360.19,0.3543239345032813
1994-03-18,0.01,497.9,5.51,-7.42,347.52,0.3406684481836822
1994-03-19,3.04,452.96,0.37,-13.65,216.39,0.35324586979383926
1994-03-20,2.45,495.81,-1.89,-19.46,132.61,0.3169510245759575
1994-03-21,0.97,372.71,0.26,-9.0,308.19,0.3406684481836822
1994-03-22,5.75,277.66,-0.69,-8.66,319.41,0.343543287408861
1994-03-23,6.52,303.2,-5.7,-14.8,199.35,0.3277316716703778
1994-03-24,1.18,591.98,0.78,-19.66,131.48,0.30724844219097924
1994-03-25,0.0,627.15,2.6,-16.94,160.17,0.3173103794791048
1994-03-26,0.5,513.96,-2.24,-16.2,174.8,0.3248568324451991
1994-03-27,2.86,464.85,-0.52,-15.27,189.48,0.31227941083504207
1994-03-28,0.19,496.06,-0.27,-12.7,232.48,0.31874779909169426
1994-03-29,0.0,639.98,3.47,-16.65,168.19,0.3090452167067159
1994-03-30,0.2,655.69,10.2,-13.41,209.59,0.3158729598665154
1994-03-31,0.0,660.21,12.12,-11.11,250.0,0.3223413481231676
1994-04-01,0.01,595.33,9.87,-7.94,322.18,0.3363561893459141
1994-04-02,0.16,551.06,8.83,-6.8,354.4,0.3478555462466291
1994-04-03,3.26,333.66,4.0,-5.36,407.83,0.3701355502417644
1994-04-04,7.5,350.22,-1.61,-12.92,233.58,0.39169684443060504
1994-04-05,0.59,553.03,-0.7,-16.26,171.43,0.3478555462466291
1994-04-06,4.2,309.76,1.11,-7.94,332.69,0.36294845217881755
1994-04-07,8.94,298.36,-0.11,-9.18,309.4,0.35755812863160735
1994-04-08,1.06,525.04,1.51,-12.92,224.73,0.3464181266340397
1994-04-09,0.24,669.56,6.21,-14.07,194.46,0.33384070502388263
1994-04-10,0.0,553.93,4.78,-9.47,280.89,0.33851231876479815
1994-04-11,0.29,666.64,9.67,-10.71,242.65,0.33599683444276673
1994-04-12,0.11,611.28,9.27,-6.96,332.49,0.3489336109560711
1994-04-13,0.03,522.96,6.42,-6.02,373.09,0.3845097463676582
1994-04-14,3.26,359.69,2.17,-7.4,348.36,0.4024774915250254
1994-04-15,0.28,650.62,8.77,-9.1,272.0,0.38091619733618476
1994-04-16,0.0,679.39,14.86,-4.73,350.06,0.4132581386194457
1994-04-17,0.0,653.87,16.32,-1.94,426.39,0.5354388056895427
1994-04-18,0.0,650.26,16.97,-1.06,439.42,0.733084002420582
1994-04-19,0.0,641.43,16.68,-0.75,449.26,1.0600969642846652
1994-04-20,0.0,657.88,17.11,-1.35,422.36,1.4050776713061155
1994-04-21,0.0,659.2,18.12,-0.75,435.46,1.8938003395865033
1994-04-22,0.0,548.49,13.5,-0.47,503.93,2.249561693702374
1994-04-23,0.56,589.92,12.6,-2.61,424.38,2.3106520272374227
1994-04-24,1.92,477.39,9.55,-2.78,455.65,2.220813301450587
1994-04-25,6.22,382.78,4.92,-6.91,369.55,1.7895874176737736
1994-04-26,0.42,413.22,-1.86,-11.05,266.85,1.3655486319599077
1994-04-27,0.52,557.92,0.21,-13.22,221.04,1.092438905567926
1994-04-28,1.12,485.93,-0.31,-11.89,247.21,0.9918195326866698
1994-04-29,0.89,694.17,5.45,-15.02,170.39,0.8804195127109931
1994-04-30,0.0,694.61,8.3,-9.76,245.9,0.8947937088368868
1994-05-01,0.8,498.11,6.96,-4.4,413.79,0.9810388855922494
1994-05-02,3.06,499.26,7.91,-4.82,397.16,0.9666646894663555
1994-05-03,4.81,474.87,9.6,-2.79,463.68,1.0097872778440369
1994-05-04,3.26,482.95,9.45,-3.13,451.88,1.1858711803862356
1994-05-05,2.78,478.53,12.36,-0.45,545.14,1.3907034751802216
1994-05-06,1.35,614.86,13.85,-2.33,436.98,2.1058197324434365
1994-05-07,0.0,714.7,17.83,-1.81,402.01,2.7418779110142353
1994-05-08,0.2,637.56,16.22,-0.06,484.03,3.485742560529238
1994-05-09,0.0,711.93,18.15,-1.23,395.42,3.952903934620785
1994-05-10,0.0,680.32,18.0,0.3,440.92,4.060710405564988
1994-05-11,0.0,709.49,19.31,0.08,408.39,3.952903934620785
1994-05-12,1.25,587.18,17.34,1.51,516.21,4.635678250600739
1994-05-13,5.56,434.78,12.71,-0.77,522.87,5.174710605321755
1994-05-14,0.0,615.8,12.65,-2.01,410.73,4.384129818397597
1994-05-15,5.36,440.68,12.61,-0.71,532.15,3.4713683644033444
1994-05-16,5.11,454.01,12.42,-1.22,519.03,3.4066844818368223
1994-05-17,6.77,305.7,6.52,-1.89,535.21,3.338407050238827
1994-05-18,4.35,383.37,9.11,-1.51,546.57,2.76703275423455
1994-05-19,3.82,462.33,12.42,-1.05,541.22,2.921555362587908
1994-05-20,3.73,405.84,7.82,-2.86,485.35,3.241381226389044
1994-05-21,1.13,517.88,9.74,-1.83,496.19,2.7526585581086556
1994-05-22,0.45,693.29,15.36,-2.16,394.9,2.5729811065349835
1994-05-23,0.0,718.52,16.41,-1.53,398.73,2.8173424406751777
1994-05-24,0.2,707.96,17.06,-1.08,409.44,3.0509231277209516
1994-05-25,0.0,716.61,17.87,-0.4,407.42,3.2952844618611454
1994-05-26,0.0,718.19,19.53,0.9,410.32,3.4354328740886095
1994-05-27,5.64,556.66,17.45,1.21,489.87,3.4785554624662907
1994-05-28,7.89,444.89,13.76,0.15,527.18,3.809161973361847
1994-05-29,3.16,444.07,11.98,1.11,579.07,3.492929658592185
1994-05-30,0.58,584.51,15.55,2.41,531.72,3.234194128326097
1994-05-31,3.71,535.41,17.83,1.16,503.45,3.3240328541129327
1994-06-01,7.38,371.16,12.28,2.02,672.41,3.6294845217881755
1994-06-02,3.95,579.14,15.66,-0.6,459.18,3.7372909927323787
1994-06-03,0.67,649.08,17.7,0.76,461.95,3.1982586380113625
1994-06-04,0.84,599.69,17.68,2.67,555.87,3.1120134612559998
1994-06-05,0.1,708.69,18.68,0.14,411.42,2.9718650490285357
1994-06-06,0.0,724.64,20.41,1.17,426.17,2.7239101658568683
1994-06-07,0.91,512.68,10.38,-1.64,471.76,2.5945424007238245
1994-06-08,5.32,313.5,5.42,-3.09,488.05,2.353774615615104
1994-06-09,2.52,488.25,9.21,-3.07,450.21,2.2280003995135336
1994-06-10,0.14,712.1,15.51,-2.36,359.95,2.0591035950342818
1994-06-11,0.57,692.78,19.63,1.96,476.81,2.0087939085936535
1994-06-12,4.43,405.06,15.52,5.08,806.38,2.1381616737266973
1994-06-13,12.4,373.62,12.63,2.38,720.01,2.2926842820800553
1994-06-14,16.58,365.12,6.38,-3.42,478.82,3.025768284500637
1994-06-15,7.38,471.96,8.93,-4.64,431.36,2.562200459440563
1994-06-16,1.61,470.71,8.95,-1.96,513.08,2.3609617136780505
1994-06-17,0.0,732.25,15.85,-3.15,387.72,2.159722967915538
1994-06-18,0.21,714.86,20.68,1.4,515.71,2.0591035950342818
1994-06-19,0.0,725.43,23.24,3.15,564.27,2.0339487518139676
1994-06-20,0.72,698.42,25.53,4.48,621.25,1.9836390653733396
1994-06-21,0.33,649.77,23.01,5.96,717.95,1.947703575058605
1994-06-22,4.85,536.51,20.97,4.83,738.13,1.947703575058605
1994-06-23,1.05,654.98,21.69,3.9,625.42,1.8794261434606097
1994-06-24,0.0,700.45,22.02,3.02,562.39,1.8039616137996675
1994-06-25,0.0,708.77,23.86,4.23,600.72,1.7356841822016722
1994-06-26,0.0,655.71,19.2,2.65,581.73,1.6638132015722034
1994-06-27,0.0,700.07,17.92,-0.9,437.55,1.6170970641630484
1994-06-28,0.0,702.84,21.25,1.56,506.99,1.541632534502106
1994-06-29,0.0,659.43,22.78,4.93,656.98,1.4949163970929515
1994-06-30,0.0,676.28,23.01,4.15,609.8,1.458980906778217
1994-07-01,0.18,645.32,22.82,5.33,682.83,1.4158583184005358
1994-07-02,0.0,625.39,20.93,4.27,658.1,1.383516377117275
1994-07-03,0.0,596.51,17.57,2.26,593.42,1.3511744358340139
1994-07-04,0.0,684.0,18.36,-0.89,426.98,1.3080518474563325
1994-07-05,3.64,580.28,18.77,1.05,536.26,1.2649292590786512
1994-07-06,11.28,267.15,6.93,-1.05,568.64,1.369142180991381
1994-07-07,3.56,527.59,14.27,-0.5,522.09,1.3727357300228544
1994-07-08,0.0,678.43,20.37,1.03,489.21,1.279303455204545
1994-07-09,0.0,669.86,23.55,3.98,591.81,1.2146195726380231
1994-07-10,0.0,671.84,23.13,3.41,567.32,1.1750905332918151
1994-07-11,0.27,698.88,22.23,0.42,449.28,1.157122788134448
1994-07-12,0.0,650.85,20.65,1.66,523.0,1.1211872978197135
1994-07-13,0.1,559.04,17.41,2.29,609.63,1.0888453565364526
1994-07-14,0.15,601.95,18.34,1.26,537.33,1.0780647094420324
1994-07-15,0.0,614.85,19.65,1.99,551.43,1.0529098662217182
1994-07-16,0.82,575.5,21.38,3.82,644.07,1.042129219127298
1994-07-17,0.0,656.59,24.77,4.08,595.22,1.0169743759069838
1994-07-18,0.0,621.06,23.68,4.65,644.63,0.9954130817181431
1994-07-19,0.16,569.66,19.29,3.0,622.36,0.9738517875293025
1994-07-20,0.0,617.37,20.49,2.22,561.75,0.9451033952775151
1994-07-21,0.0,683.34,25.26,2.18,508.79,0.9235421010886744
1994-07-22,0.0,646.19,26.74,5.54,662.5,0.9091679049627807
1994-07-23,0.04,489.38,21.99,7.77,918.82,0.88760661077394
1994-07-24,1.8,487.56,22.79,6.98,865.04,0.8912001598054133
1994-07-25,1.96,508.47,22.91,6.69,819.47,0.912761453994254
1994-07-26,0.0,605.07,24.0,5.19,672.98,0.8696388656165727
1994-07-27,0.0,628.68,26.18,5.6,666.98,0.8372969243333118
1994-07-28,1.32,559.14,25.06,6.42,757.9,0.8157356301444711
1994-07-29,0.18,612.9,25.59,5.27,659.68,0.8013614340185774
1994-07-30,0.0,544.04,23.95,7.36,825.22,0.7798001398297367
1994-07-31,0.0,540.67,23.9,7.38,828.03,0.7690194927353164
1994-08-01,0.0,524.47,23.22,7.49,849.53,0.7546452966094227
1994-08-02,1.25,527.36,22.99,5.14,704.04,0.7510517475779491
1994-08-03,0.17,539.63,22.14,5.34,703.92,0.7294904533891085
1994-08-04,1.36,555.55,24.23,5.51,682.72,0.7223033553261616
1994-08-05,0.49,583.45,26.34,5.73,664.97,0.7115227082317414
1994-08-06,0.0,573.88,24.75,5.36,664.57,0.6899614140429007
1994-08-07,0.0,596.76,25.64,4.73,622.31,0.66840011985406
1994-08-08,2.31,458.06,22.67,5.55,777.77,0.6540259237281663
1994-08-09,3.71,411.4,21.36,6.11,851.23,0.6648065708225865
1994-08-10,0.03,560.97,23.52,4.63,671.5,0.6612130217911132
1994-08-11,0.54,510.71,23.45,6.71,809.84,0.6360581785707992
1994-08-12,0.56,525.39,23.13,4.62,682.47,0.6216839824449052
1994-08-13,0.33,560.47,23.76,3.97,628.0,0.6180904334134318
1994-08-14,0.0,552.03,24.99,5.53,691.88,0.6073097863190116
1994-08-15,0.0,553.01,25.2,5.38,667.99,0.5929355901931178
1994-08-16,0.0,554.78,24.2,4.23,600.24,0.5821549430986974
1994-08-17,0.0,560.64,24.06,3.6,565.65,0.5641871979413302
1994-08-18,0.0,568.9,24.45,3.05,524.79,0.5534065508469099
1994-08-19,0.0,557.71,24.68,3.76,545.58,0.5390323547210162
1994-08-20,0.0,561.15,25.05,3.73,541.04,0.5282517076265958
1994-08-21,0.23,494.54,23.96,6.05,695.87,0.5246581585951223
1994-08-22,0.82,471.87,20.2,3.26,611.02,0.5282517076265958
1994-08-23,0.0,542.25,20.33,-0.13,442.34,0.521064609563649
1994-08-24,0.0,536.67,23.51,2.8,539.3,0.5030968644062818
1994-08-25,0.0,531.99,23.59,2.74,537.04,0.4959097663433349
1994-08-26,0.0,519.85,24.39,4.19,582.73,0.4815355702174411
1994-08-27,0.0,459.27,21.24,4.41,620.43,0.4743484721544942
1994-08-28,0.0,505.47,22.59,3.24,531.41,0.46716137409154734
1994-08-29,0.71,449.95,19.66,2.18,540.67,0.46716137409154734
1994-08-30,0.86,430.0,16.87,0.23,484.04,0.4635678250600739
1994-08-31,0.0,458.58,17.25,0.4,454.49,0.44919362893418013
1994-09-01,0.31,486.72,19.05,-0.14,408.96,0.44560007990270667
1994-09-02,0.09,485.73,21.43,2.06,466.29,0.4420065308712332
1994-09-03,1.32,326.3,16.76,3.87,675.34,0.44560007990270667
1994-09-04,0.19,404.98,14.03,-0.6,465.68,0.44560007990270667
1994-09-05,0.0,507.33,18.22,-2.73,335.15,0.42763233474533946
1994-09-06,0.0,506.66,20.79,-0.75,376.6,0.4168516876509191
1994-09-07,0.0,486.37,22.17,1.67,436.5,0.40966458958797225
1994-09-08,0.0,475.79,23.42,3.19,482.71,0.4024774915250254
1994-09-09,0.23,438.71,21.94,3.73,533.28,0.3988839424935519
1994-09-10,0.09,469.38,20.86,0.5,408.01,0.39529039346207856
1994-09-11,1.3,394.9,18.07,0.89,470.21,0.39529039346207856
1994-09-12,0.84,406.15,18.15,1.37,437.79,0.39529039346207856
1994-09-13,0.0,420.82,18.61,1.63,367.02,0.39169684443060504
1994-09-14,6.58,151.55,8.57,1.08,615.84,0.4024774915250254
1994-09-15,0.81,273.56,10.29,-0.08,452.56,0.4132581386194457
1994-09-16,0.0,439.54,16.76,-1.37,294.19,0.39529039346207856
1994-09-17,0.0,429.59,18.67,0.77,343.28,0.3881032953991316
1994-09-18,0.0,409.19,17.28,0.62,355.94,0.38091619733618476
1994-09-19,0.15,417.67,16.63,-0.75,319.52,0.37732264830471135
1994-09-20,0.0,426.32,17.05,-1.13,303.72,0.3701355502417644
1994-09-21,0.0,352.77,10.85,-3.04,292.35,0.366542001210291
1994-09-22,0.0,464.6,17.23,-4.66,209.83,0.3546832894064286
1994-09-23,0.0,454.9,20.66,-1.06,272.63,0.35324586979383926
1994-09-24,0.0,443.23,20.67,-0.4,290.12,0.35180845018124984
1994-09-25,0.0,437.86,21.12,0.18,307.04,0.35073038547180785
1994-09-26,0.0,422.34,20.17,0.07,313.89,0.34498070702145034
1994-09-27,0.0,424.48,21.17,0.6,321.02,0.3428245776025663
1994-09-28,0.0,423.88,22.1,0.98,334.7,0.33851231876479815
1994-09-29,2.14,232.53,13.36,2.23,552.99,0.33887167366794546
1994-09-30,0.21,235.76,11.43,1.82,555.59,0.3464181266340397
1994-10-01,2.8,268.38,12.92,0.01,453.51,0.34498070702145034
1994-10-02,13.22,210.87,5.55,-5.59,369.54,0.366542001210291
1994-10-03,5.51,128.78,-0.94,-7.12,360.37,0.39169684443060504
1994-10-04,2.89,326.28,7.85,-7.62,299.07,0.3701355502417644
1994-10-05,5.88,207.79,8.9,-1.81,513.21,0.3737290992732379
1994-10-06,7.18,125.54,3.68,-2.41,517.41,0.4312258837768129
1994-10-07,0.13,277.05,6.29,-4.12,432.01,0.43481943280828633
1994-10-08,0.0,360.32,9.85,-5.02,352.78,0.39529039346207856
1994-10-09,0.0,375.74,12.57,-3.84,367.79,0.38091619733618476
1994-10-10,0.0,376.11,14.15,-2.83,390.7,0.3737290992732379
1994-10-11,0.0,324.21,10.35,-3.21,425.78,0.36294845217881755
1994-10-12,0.0,263.4,6.74,-3.5,456.57,0.35935490314734414
1994-10-13,0.0,313.79,9.8,-3.12,437.63,0.3528865148906919
1994-10-14,12.09,194.81,8.38,-2.18,520.08,0.3492929658592185
1994-10-15,7.32,130.17,2.24,-4.4,446.12,0.3881032953991316
1994-10-16,3.79,167.2,2.43,-5.17,419.4,0.3881032953991316
1994-10-17,1.47,223.38,5.25,-4.51,439.91,0.3701355502417644
1994-10-18,0.04,156.57,2.48,-3.31,482.06,0.3737290992732379
1994-10-19,0.0,177.05,2.71,-3.93,459.28,0.3701355502417644
1994-10-20,0.02,234.99,5.14,-3.82,462.9,0.35935490314734414
1994-10-21,5.68,178.86,2.26,-5.61,408.74,0.35827683843790203
1994-10-22,0.0,271.28,1.41,-8.9,316.23,0.35935490314734414
1994-10-23,0.0,282.04,3.86,-6.98,365.52,0.34821490114977643
1994-10-24,0.36,334.56,7.83,-7.42,345.16,0.34138715798997693
1994-10-25,0.0,348.74,9.52,-7.08,352.31,0.3302471559924092
1994-10-26,1.66,285.24,8.2,-5.03,420.75,0.3302471559924092
1994-10-27,0.06,190.48,6.67,-0.13,606.98,0.3381529638616508
1994-10-28,7.21,231.72,4.48,-7.39,360.87,0.35180845018124984
1994-10-29,0.0,306.77,-0.71,-12.45,239.15,0.3421058677962716
1994-10-30,0.46,317.66,-0.44,-14.04,207.38,0.29826456961229564
1994-10-31,6.29,194.43,-0.3,-8.42,324.56,0.30832650690042124
1994-11-01,15.36,217.05,2.33,-8.42,327.31,0.3259348971546411
1994-11-02,7.28,249.56,-3.85,-16.34,174.2,0.32665360696093576
1994-11-03,0.27,332.1,-5.07,-19.55,130.72,0.2950303754839695
1994-11-04,0.44,253.97,-6.83,-16.47,169.82,0.28065617935807574
1994-11-05,5.59,145.73,-4.22,-10.63,273.61,0.31227941083504207
1994-11-06,14.28,102.04,-1.56,-6.0,392.42,0.3302471559924092
1994-11-07,10.56,210.3,-1.81,-12.42,242.02,0.3363561893459141
1994-11-08,1.85,311.5,-2.17,-19.29,134.06,0.3043736029658004
1994-11-09,2.94,263.47,-1.4,-14.35,206.51,0.28712456761472793
1994-11-10,0.0,270.71,2.12,-8.26,327.36,0.3410278030868295
1994-11-11,0.31,291.44,3.67,-9.46,297.16,0.32665360696093576
1994-11-12,4.65,190.31,1.42,-7.36,354.52,0.32629425205778845
1994-11-13,4.88,180.48,-5.54,-14.02,212.69,0.32737231676723044
1994-11-14,0.0,286.95,-7.37,-19.53,132.23,0.29215553625879076
1994-11-15,2.08,268.61,-3.98,-19.17,135.36,0.278859404842339
1994-11-16,4.86,174.38,-5.37,-13.44,213.73,0.30545166767524246
1994-11-17,1.02,214.3,-9.26,-18.13,152.69,0.3288097363798198
1994-11-18,0.33,291.46,-6.99,-21.59,115.23,0.289280697033612
1994-11-19,0.74,308.54,-4.37,-21.78,109.52,0.24723617336537274
1994-11-20,1.99,183.61,-6.76,-15.56,184.55,0.28964005193675935
1994-11-21,0.2,253.04,-10.5,-22.5,103.59,0.30185811864376905
1994-11-22,0.0,289.92,-9.58,-25.3,81.39,0.28317166368010716
1994-11-23,1.36,252.43,-3.83,-19.42,136.0,0.2935929558713801
1994-11-24,1.61,166.45,-3.74,-11.85,249.3,0.2975458598060009
1994-11-25,2.31,203.98,-0.52,-11.67,253.48,0.29538973038711686
1994-11-26,3.28,129.14,-7.61,-14.14,206.02,0.3043736029658004
1994-11-27,2.85,108.81,-11.74,-17.18,160.77,0.2907181166462014
1994-11-28,2.05,119.56,-11.1,-16.63,169.25,0.2756252107140129
1994-11-29,5.84,153.86,-8.3,-16.5,169.92,0.25873553026608775
1994-11-30,6.47,152.05,-1.15,-9.77,289.47,0.26268843420070853
1994-12-01,6.93,75.21,-0.13,-4.03,453.87,0.2720316616825395
1994-12-02,7.59,71.98,-2.4,-5.97,396.72,0.2842497283895492
1994-12-03,15.2,86.8,-2.86,-7.24,357.45,0.2885619872273173
1994-12-04,21.31,123.63,-3.5,-9.93,291.12,0.2943116656776748
1994-12-05,9.18,104.46,-4.27,-9.38,299.39,0.2867652127115806
1994-12-06,2.56,175.82,-3.19,-11.74,251.24,0.29790521470914827
1994-12-07,0.51,226.45,-8.43,-18.75,142.72,0.2975458598060009
1994-12-08,0.0,209.03,-11.79,-20.58,120.54,0.2659226283290346
1994-12-09,0.81,201.77,-12.23,-20.51,125.12,0.29215553625879076
1994-12-10,0.31,261.04,-8.8,-21.5,113.67,0.2770626303266023
1994-12-11,0.92,227.76,-8.54,-19.58,133.39,0.2731097263919815
1994-12-12,0.8,201.87,-5.75,-14.5,200.3,0.27167230677939214
1994-12-13,0.0,226.83,-5.42,-15.03,192.96,0.2745471460045709
1994-12-14,0.0,196.34,-9.36,-17.22,161.5,0.2666413381353293
1994-12-15,1.75,154.93,-9.26,-15.75,177.44,0.26196972439441385
1994-12-16,6.25,133.75,-6.03,-12.03,245.07,0.2630477891038559
1994-12-17,5.59,116.45,-1.45,-7.03,359.38,0.26268843420070853
1994-12-18,0.84,219.66,0.28,-9.29,301.22,0.26268843420070853
1994-12-19,1.66,183.98,-4.52,-12.2,243.38,0.26196972439441385
1994-12-20,0.0,249.55,-2.36,-13.1,224.87,0.2605323047818245
1994-12-21,0.0,270.85,0.5,-13.27,223.02,0.2537045616220249
1994-12-22,0.0,274.3,0.51,-14.14,209.11,0.24220520472130994
1994-12-23,0.06,261.93,1.5,-11.09,266.4,0.24292391452760462
1994-12-24,0.31,162.43,-1.08,-7.05,360.96,0.2537045616220249
1994-12-25,1.48,126.43,-0.14,-4.84,428.87,0.2572981106534984
1994-12-26,0.04,121.76,-2.13,-6.23,386.25,0.2572981106534984
1994-12-27,0.0,173.61,-0.82,-6.74,371.55,0.25657940084720365
1994-12-28,0.4,213.67,0.48,-7.8,341.68,0.25909488516923507
1994-12-29,2.5,235.35,-3.03,-16.75,171.03,0.2630477891038559
1994-12-30,0.0,272.87,-10.79,-23.64,90.05,0.2468768184622254
1994-12-31,0.23,276.16,-13.25,-26.74,74.0,0.23609617136780509
1995-01-01,0.0,280.1,-8.96,-26.03,76.53,0.22531552427338475
1995-01-02,0.0,280.35,-10.01,-26.68,71.02,0.21561294188840646
1995-01-03,0.0,284.92,-10.03,-27.45,65.81,0.20483229479398612
1995-01-04,0.0,286.25,-7.87,-25.38,81.32,0.19764519673103928
1995-01-05,0.45,259.04,-6.97,-20.55,123.2,0.20842584382545956
1995-01-06,0.98,196.69,-8.31,-17.41,162.63,0.22280003995135333
1995-01-07,11.09,137.9,-5.59,-12.7,230.6,0.2378929458835418
1995-01-08,6.49,68.32,-3.4,-6.6,368.27,0.2508297223968462
1995-01-09,7.25,99.99,0.16,-4.9,427.13,0.24651746355907805
1995-01-10,3.27,73.06,0.34,-2.92,495.29,0.2436426243338993
1995-01-11,3.75,108.99,-1.45,-6.61,380.0,0.2346587517552157
1995-01-12,4.9,79.74,-3.56,-7.3,355.49,0.22998713801430024
1995-01-13,6.99,100.86,-2.83,-7.7,342.82,0.2281903634985635
1995-01-14,11.31,87.34,-0.42,-4.5,438.64,0.22998713801430024
1995-01-15,6.24,132.78,-1.5,-7.88,340.66,0.23214326743318428
1995-01-16,4.44,169.56,-5.3,-13.8,213.27,0.2267529438859741
1995-01-17,0.94,197.65,-7.82,-15.59,177.64,0.22136262033876397
1995-01-18,1.59,200.32,-6.77,-14.93,193.66,0.21812842621043788
1995-01-19,1.24,247.19,-4.25,-14.4,203.06,0.22136262033876397
1995-01-20,0.15,306.44,-4.5,-18.43,145.2,0.22028455562932192
1995-01-21,0.0,331.0,-4.74,-21.63,112.64,0.20591035950342815
1995-01-22,0.0,332.24,-5.08,-21.53,113.28,0.1954890673121552
1995-01-23,0.0,339.56,-4.24,-21.54,114.61,0.21381616737266973
1995-01-24,1.7,309.75,-1.03,-19.5,134.86,0.22423745956394273
1995-01-25,1.16,221.89,0.49,-7.82,338.04,0.233940041948921
1995-01-26,0.92,215.93,1.48,-6.1,385.47,0.2346587517552157
1995-01-27,2.99,165.14,-1.78,-8.17,333.24,0.22854971840171084
1995-01-28,2.17,284.13,-3.2,-15.46,189.03,0.2281903634985635
1995-01-29,0.11,359.99,-2.21,-18.88,139.72,0.21884713601673256
1995-01-30,3.51,220.68,-3.4,-12.17,241.54,0.21705036150099583
1995-01-31,6.15,149.72,-0.56,-6.29,379.47,0.222440685048206
1995-02-01,7.85,109.75,1.21,-2.86,495.81,0.22423745956394273
1995-02-02,3.2,263.47,-0.98,-11.27,265.65,0.22962778311115287
1995-02-03,0.19,374.76,1.14,-14.11,205.6,0.2192064909198799
1995-02-04,0.0,347.19,3.26,-8.42,322.56,0.22711229878912148
1995-02-05,4.86,250.94,1.41,-9.2,306.1,0.23501810665836304
1995-02-06,1.74,275.76,1.9,-6.9,365.73,0.23645552627095243
1995-02-07,0.11,338.56,2.75,-7.82,339.22,0.24004907530242586
1995-02-08,0.0,382.43,1.8,-11.83,250.53,0.2461581086559307
1995-02-09,0.1,373.68,-1.15,-14.29,204.26,0.24831423807481479
1995-02-10,1.42,387.41,-8.17,-24.9,85.91,0.2601729498786771
1995-02-11,0.0,428.12,-11.28,-29.95,45.73,0.23214326743318428
1995-02-12,0.21,369.61,-15.07,-27.53,69.36,0.22280003995135333
1995-02-13,6.83,293.63,-9.86,-22.91,96.29,0.21561294188840646
1995-02-14,4.74,255.04,-8.16,-18.19,147.25,0.22280003995135333
1995-02-15,2.68,202.91,-10.67,-17.66,153.88,0.24436133414019398
1995-02-16,2.04,303.33,-4.68,-15.59,182.7,0.2544232714283196
1995-02-17,6.24,216.63,-1.75,-9.49,296.56,0.256938755750351
1995-02-18,6.6,221.98,1.3,-7.16,355.59,0.2537045616220249
1995-02-19,0.54,240.39,1.92,-4.76,432.64,0.2598135949755298
1995-02-20,0.56,353.72,7.21,-3.56,471.97,0.27418779110142355
1995-02-21,0.0,451.4,8.98,-7.28,353.3,0.289280697033612
1995-02-22,0.0,417.9,5.12,-8.02,333.19,0.29215553625879076
1995-02-23,0.0,454.45,6.46,-8.87,312.93,0.29035876174305403
1995-02-24,0.0,464.39,8.34,-7.87,338.52,0.29610844019341154
1995-02-25,0.0,431.04,7.47,-6.18,386.26,0.30257682845006373
1995-02-26,0.0,295.3,3.16,-4.81,432.41,0.31227941083504207
1995-02-27,1.67,428.78,1.1,-14.68,199.9,0.3162323147696628
1995-02-28,0.0,500.04,-2.93,-20.49,124.16,0.2968271499997062
1995-03-01,0.0,515.15,-3.56,-23.16,93.9,0.2759845656171603
1995-03-02,0.0,522.64,-1.3,-21.65,113.44,0.2680787577479187
1995-03-03,11.53,262.49,-1.06,-11.08,264.62,0.29934263432173763
1995-03-04,6.75,225.66,-2.26,-10.09,282.49,0.3101232814161579
1995-03-05,10.74,301.56,-4.41,-15.41,187.02,0.3115607010287473
1995-03-06,5.02,365.84,-8.07,-21.43,114.74,0.28640585780843325
1995-03-07,1.33,419.53,-4.22,-16.78,160.9,0.266281983232182
1995-03-08,1.02,432.02,1.02,-12.89,226.46,0.2975458598060009
1995-03-09,1.8,306.7,4.82,-3.68,463.43,0.3155136049633681
1995-03-10,3.19,261.4,5.66,-1.86,535.01,0.32629425205778845
1995-03-11,13.3,190.76,4.63,-1.32,558.29,0.366542001210291
1995-03-12,7.79,198.58,1.11,-4.82,431.88,0.3988839424935519
1995-03-13,5.48,214.9,0.09,-6.05,394.39,0.3701355502417644
1995-03-14,3.57,281.66,3.21,-4.57,437.91,0.35935490314734414
1995-03-15,2.95,362.99,4.97,-4.63,438.53,0.36294845217881755
1995-03-16,1.79,463.02,3.61,-9.6,294.34,0.38091619733618476
1995-03-17,0.0,577.46,6.65,-10.4,276.27,0.366542001210291
1995-03-18,6.0,404.99,5.24,-7.0,358.53,0.36294845217881755
1995-03-19,5.94,316.76,1.36,-7.9,338.78,0.37732264830471135
1995-03-20,7.35,413.9,2.67,-11.67,252.74,0.366542001210291
1995-03-21,10.83,306.73,2.22,-6.78,368.8,0.366542001210291
1995-03-22,1.23,422.83,-1.65,-11.74,253.26,0.366542001210291
1995-03-23,1.07,541.08,2.78,-12.28,238.19,0.34605877173089233
1995-03-24,4.47,329.19,-2.37,-10.41,278.48,0.36294845217881755
1995-03-25,5.25,364.81,-3.88,-13.8,215.57,0.34605877173089233
1995-03-26,0.0,606.66,-3.44,-18.95,137.11,0.32629425205778845
1995-03-27,0.0,607.2,-3.69,-19.02,135.51,0.3345594148301773
1995-03-28,0.12,585.56,-4.67,-18.83,142.39,0.335278124636472
1995-03-29,0.0,666.67,-1.22,-22.0,107.87,0.32054457360743094
1995-03-30,0.91,602.42,1.4,-15.99,179.06,0.3399497383773875
1995-03-31,1.49,565.91,6.22,-9.58,294.49,0.3496523207623658
1995-04-01,0.59,618.17,7.63,-9.61,291.64,0.345699416827745
1995-04-02,0.93,547.37,5.03,-8.17,326.57,0.3579174835347547
1995-04-03,0.13,607.25,6.81,-8.18,326.58,0.35719877372846004
1995-04-04,0.0,588.88,9.41,-4.64,428.05,0.366542001210291
1995-04-05,1.72,339.89,5.7,-1.83,532.86,0.4132581386194457
1995-04-06,5.05,284.14,6.08,-1.02,567.53,0.44919362893418013
1995-04-07,3.3,234.88,3.65,-1.61,544.1,0.4995033153748083
1995-04-08,5.87,366.06,2.01,-7.39,357.84,0.4995033153748083
1995-04-09,4.57,408.51,-2.9,-13.74,217.55,0.4743484721544942
1995-04-10,2.28,558.47,-1.08,-15.84,182.13,0.424038785713866
1995-04-11,1.02,641.59,2.8,-15.75,179.31,0.4132581386194457
1995-04-12,0.45,524.97,6.44,-5.28,410.13,0.4168516876509191
1995-04-13,0.83,547.62,10.88,-2.1,515.22,0.424038785713866
1995-04-14,2.38,516.38,3.12,-10.54,275.39,0.5030968644062818
1995-04-15,1.81,568.09,1.16,-13.22,221.01,0.48872266828038796
1995-04-16,2.07,505.21,2.47,-9.41,297.03,0.47075492312302075
1995-04-17,0.8,608.44,4.22,-10.06,281.15,0.45997427602860047
1995-04-18,0.18,670.84,5.44,-11.75,242.69,0.456380726997127
1995-04-19,0.0,663.81,6.39,-9.93,277.1,0.47075492312302075
1995-04-20,0.82,615.58,5.09,-10.22,272.85,0.4959097663433349
1995-04-21,1.54,548.55,4.0,-8.54,319.02,0.5174710605321755
1995-04-22,1.13,605.38,5.33,-9.7,286.62,0.5174710605321755
1995-04-23,0.73,571.63,4.16,-9.36,296.1,0.5318452566580693
1995-04-24,4.79,512.11,5.05,-10.15,279.69,0.5282517076265958
1995-04-25,9.84,444.6,2.83,-10.35,283.27,0.546219452783963
1995-04-26,0.0,712.83,4.76,-14.25,199.21,0.521064609563649
1995-04-27,2.03,645.69,8.24,-9.86,278.08,0.5318452566580693
1995-04-28,11.2,360.7,3.99,-5.84,396.73,0.5857484921301709
1995-04-29,10.07,305.97,1.35,-6.4,382.57,0.5821549430986974
1995-04-30,10.83,448.39,1.53,-11.02,269.09,0.5749678450357506
1995-05-01,3.28,614.96,5.63,-13.5,214.31,0.5354388056895427
1995-05-02,4.46,443.01,7.94,-3.9,456.61,0.5534065508469099
1995-05-03,3.6,453.4,7.88,-3.68,461.17,0.5821549430986974
1995-05-04,2.34,578.58,10.01,-4.11,441.13,0.6109033353504849
1995-05-05,3.95,496.18,10.38,-2.66,488.38,0.6827743159799539
1995-05-06,8.45,407.48,7.69,-2.85,500.23,0.9451033952775151
1995-05-07,0.43,612.12,9.41,-4.5,436.08,0.9702582384978291
1995-05-08,0.66,505.18,8.23,-2.53,504.83,1.0636905133161385
1995-05-09,0.78,571.17,9.71,-3.18,473.97,1.099626003630873
1995-05-10,0.05,611.69,11.23,-2.3,498.46,1.2397744158583373
1995-05-11,3.36,402.15,9.09,-0.82,570.66,1.5308518874076857
1995-05-12,3.68,370.38,6.17,-2.76,504.2,1.742871280264619
1995-05-13,5.02,380.8,2.24,-7.14,362.29,1.5775680248168407
1995-05-14,1.86,671.22,10.8,-9.28,290.92,1.2864905532674917
1995-05-15,0.72,634.0,13.63,-1.61,514.62,1.5488196325650532
1995-05-16,0.25,677.83,13.26,-2.65,469.77,2.4831423807481476
1995-05-17,0.0,698.74,13.51,-3.28,442.53,2.7885940484233904
1995-05-18,2.67,494.01,10.82,-0.84,555.46,2.6915682245736074
1995-05-19,0.93,603.28,11.81,-2.31,491.38,2.8784327742102263
1995-05-20,0.0,672.92,12.6,-2.65,464.41,3.180290892853995
1995-05-21,0.0,681.27,13.09,-2.66,462.07,3.3168457560499864
1995-05-22,2.52,434.74,5.65,-4.31,437.82,3.241381226389044
1995-05-23,0.29,633.82,7.66,-6.25,368.31,2.623290792975612
1995-05-24,0.0,629.53,7.53,-5.73,383.26,2.655632734258873
1995-05-25,0.53,507.56,6.88,-3.16,478.46,2.4795488317166745
1995-05-26,5.29,310.33,4.28,-2.49,510.57,2.396897203992785
1995-05-27,5.02,456.9,7.84,-3.41,475.15,2.148942320821118
1995-05-28,0.47,714.66,11.89,-5.15,385.78,2.095039085349016
1995-05-29,0.0,747.41,14.58,-4.11,404.12,2.55860691040909
1995-05-30,0.86,712.34,17.25,-2.16,460.87,3.23778767735757
1995-05-31,0.0,707.97,16.96,0.06,544.86,3.9888394249355197
1995-06-01,0.22,673.07,16.53,0.92,596.15,4.527871779656535
1995-06-02,5.31,542.96,17.47,1.06,625.84,4.7794202118596765
1995-06-03,5.8,419.78,13.49,1.92,688.81,5.426259037524896
1995-06-04,5.51,458.08,14.55,1.59,675.12,5.570000998783833
1995-06-05,7.37,561.18,17.91,1.43,631.44,5.749678450357506
1995-06-06,7.16,418.44,5.93,-5.27,416.24,7.258969043576351
1995-06-07,2.87,536.35,7.62,-5.34,404.69,4.959097663433349
1995-06-08,2.54,419.46,6.88,-2.46,508.77,3.952903934620785
1995-06-09,4.37,270.74,3.36,-3.07,490.45,3.6294845217881755
1995-06-10,5.08,506.47,10.64,-4.58,435.63,3.23778767735757
1995-06-11,0.22,693.5,16.51,-0.46,514.2,3.302471559924092
1995-06-12,0.0,702.97,19.84,2.19,600.51,4.3122588377681295
1995-06-13,0.0,689.05,21.0,4.02,674.32,5.605936489098568
1995-06-14,0.0,704.59,21.61,3.69,647.37,6.432452766337459
1995-06-15,0.0,676.59,20.82,4.22,680.86,6.432452766337459
1995-06-16,0.0,686.26,19.32,2.4,602.47,5.929355901931178
1995-06-17,0.18,576.25,14.63,1.96,635.74,5.462194527839631
1995-06-18,1.22,484.37,11.41,0.52,600.11,5.030968644062817
1995-06-19,6.58,396.35,10.1,-0.53,583.34,4.7434847215449425
1995-06-20,5.85,470.74,12.98,-0.8,558.74,4.3122588377681295
1995-06-21,4.71,488.45,12.29,-1.3,543.29,4.168516876509192
1995-06-22,2.79,441.3,8.39,-2.33,504.81,4.024774915250254
1995-06-23,2.06,516.56,12.2,-0.45,567.79,3.773226483047113
1995-06-24,0.12,690.14,16.59,-0.43,488.31,3.701355502417644
1995-06-25,0.0,673.3,19.18,2.54,594.07,3.9888394249355197
1995-06-26,0.0,699.38,21.27,2.88,588.98,4.204452366823926
1995-06-27,1.73,552.53,17.76,3.26,701.95,4.599742760286005
1995-06-28,5.55,425.76,10.36,-0.71,571.78,4.635678250600739
1995-06-29,2.81,548.75,12.67,-2.65,480.88,4.060710405564988
1995-06-30,0.14,691.18,16.88,-0.71,489.97,3.809161973361847
1995-07-01,0.0,684.76,17.99,0.86,545.02,3.8450974636765816
1995-07-02,6.94,454.91,16.17,2.4,712.22,3.809161973361847
1995-07-03,10.96,323.23,10.96,2.01,708.38,4.132581386194458
1995-07-04,3.04,380.02,10.89,2.02,711.34,4.060710405564988
1995-07-05,0.37,638.58,17.19,1.82,627.34,3.809161973361847
1995-07-06,0.54,643.98,20.37,3.6,686.76,3.8450974636765816
1995-07-07,1.51,622.6,22.71,4.72,752.79,3.916968444306051
1995-07-08,0.0,691.07,24.88,5.84,751.97,3.952903934620785
1995-07-09,0.78,636.5,24.88,6.83,823.03,3.8450974636765816
1995-07-10,3.54,493.74,22.86,6.47,912.67,3.8450974636765816
1995-07-11,1.72,535.08,20.79,6.5,898.8,3.8810329539913164
1995-07-12,4.71,441.1,18.56,5.2,869.71,3.773226483047113
1995-07-13,2.29,521.64,16.8,2.91,737.12,3.6294845217881755
1995-07-14,0.0,662.22,18.16,1.04,582.44,3.3420005992703
1995-07-15,0.5,629.25,18.5,1.66,609.52,3.129981206413367
1995-07-16,0.93,629.05,19.74,1.79,614.97,3.0078005393432705
1995-07-17,0.26,643.89,21.55,3.87,698.01,2.8856198722731734
1995-07-18,0.0,647.78,22.73,4.99,747.76,2.8209359897066513
1995-07-19,7.46,443.72,19.5,4.35,816.31,2.7885940484233904
1995-07-20,2.8,460.68,18.42,4.78,850.39,2.8065617935807574
1995-07-21,3.72,410.53,17.77,5.11,871.17,2.6915682245736074
1995-07-22,4.66,393.2,16.51,4.65,850.55,2.6304778910385584
1995-07-23,1.66,495.29,16.98,3.66,786.43,2.623290792975612
1995-07-24,0.0,587.33,18.77,3.6,745.85,2.4867359297796208
1995-07-25,0.48,623.81,20.29,2.85,677.72,2.4328326943075194
1995-07-26,0.0,532.59,20.38,6.88,940.43,2.3358068704577364
1995-07-27,0.0,593.16,21.98,5.93,844.4,2.2603423407967944
1995-07-28,0.0,637.7,24.73,6.07,799.28,2.1884713601673256
1995-07-29,0.0,627.01,25.54,7.15,843.91,2.1201939285693303
1995-07-30,2.6,529.41,16.21,0.14,584.44,2.148942320821118
1995-07-31,0.0,641.85,17.13,-1.15,481.82,2.0519164969713346
1995-08-01,0.0,648.18,21.67,2.13,578.35,1.9728584182789193
1995-08-02,0.0,630.68,22.78,3.61,641.5,1.9081745357123971
1995-08-03,0.0,611.06,22.8,4.31,678.73,1.857864849271769
1995-08-04,0.54,563.71,22.07,4.91,733.34,1.8183358099255613
1995-08-05,0.23,603.39,23.03,4.36,663.09,1.7716196725164064
1995-08-06,0.0,604.89,25.3,6.51,759.44,1.7213099860757781
1995-08-07,0.0,596.44,25.25,6.88,788.76,1.678187397698097
1995-08-08,8.09,373.84,14.42,0.8,645.38,1.678187397698097
1995-08-09,0.97,599.62,18.51,-1.01,484.43,1.67100029963515
1995-08-10,1.03,564.41,22.97,5.07,737.36,1.5919422209427345
1995-08-11,0.0,534.16,21.41,5.61,786.49,1.5596002796594735
1995-08-12,0.0,570.83,21.18,3.39,647.55,1.5021034951558982
1995-08-13,0.0,491.12,16.26,2.33,663.26,1.4625744558096905
1995-08-14,0.0,573.12,19.63,2.01,592.96,1.4194518674320091
1995-08-15,0.0,597.63,22.91,3.22,618.87,1.3799228280858014
1995-08-16,1.15,520.89,24.1,5.83,785.38,1.343987337771067
1995-08-17,5.67,398.47,19.06,4.39,812.44,1.3583615338969606
1995-08-18,2.86,395.44,14.1,-0.04,605.73,1.3583615338969606
1995-08-19,1.42,559.08,19.32,-1.36,484.97,1.3152389455192792
1995-08-20,0.0,614.08,24.11,1.6,557.42,1.2541486119842309
1995-08-21,0.17,547.78,23.68,4.71,730.61,1.2182131216694965
1995-08-22,3.63,480.84,25.12,5.08,790.22,1.2074324745750762
1995-08-23,7.98,307.68,20.55,8.1,1086.26,1.2254002197324434
1995-08-24,4.73,247.89,17.19,7.41,1037.67,1.2685228081101247
1995-08-25,6.56,316.98,18.04,5.24,891.69,1.2577421610157042
1995-08-26,3.36,439.78,20.52,4.3,787.22,1.3332066906766467
1995-08-27,0.0,535.0,22.96,4.12,742.96,1.196651827480656
1995-08-28,0.0,539.12,23.88,4.36,751.77,1.124780846851187
1995-08-29,0.0,515.11,22.07,3.81,742.57,1.085251807504979
1995-08-30,0.0,538.11,19.95,0.43,583.0,1.0529098662217182
1995-08-31,0.0,546.78,21.93,1.41,615.18,1.0241614739699307
1995-09-01,0.0,545.73,24.59,3.45,695.34,0.9954130817181431
1995-09-02,0.05,497.75,24.65,6.09,854.65,0.9738517875293025
1995-09-03,0.0,465.45,23.44,6.85,918.54,0.9558840423719354
1995-09-04,5.38,323.36,20.31,6.69,967.0,0.9702582384978291
1995-09-05,3.67,349.24,18.76,4.78,835.7,0.9882259836551962
1995-09-06,0.29,452.55,17.21,1.04,626.12,0.9558840423719354
1995-09-07,1.74,416.87,17.93,1.45,655.84,0.9163550030257275
1995-09-08,4.15,293.18,12.82,0.77,642.38,0.9163550030257275
1995-09-09,0.24,434.07,15.1,0.03,584.04,0.8983872578683603
1995-09-10,0.08,437.0,15.0,-0.31,569.76,0.8696388656165727
1995-09-11,1.55,376.65,14.93,0.86,631.76,0.8588582185221524
1995-09-12,0.0,482.08,18.55,0.32,574.74,0.8301098262703649
1995-09-13,0.0,482.23,19.85,0.99,598.14,0.8085485320815242
1995-09-14,0.0,465.6,21.27,3.1,700.15,0.7869872378926835
1995-09-15,0.0,474.03,20.69,1.73,636.56,0.7726130417667898
1995-09-16,0.0,479.49,22.04,2.19,650.61,0.7546452966094227
1995-09-17,0.57,390.05,17.98,2.97,732.64,0.7402711004835288
1995-09-18,1.12,369.18,15.22,0.89,638.41,0.733084002420582
1995-09-19,5.5,270.46,9.24,-1.31,558.8,0.7294904533891085
1995-09-20,3.31,260.1,1.36,-8.02,341.01,0.7474581985464758
1995-09-21,0.17,452.58,4.82,-11.79,248.37,0.7151162572632147
1995-09-22,0.14,429.25,8.63,-7.15,355.09,0.700742061137321
1995-09-23,0.0,376.26,7.29,-5.89,394.74,0.6971485121058476
1995-09-24,0.1,466.41,11.41,-7.77,329.75,0.6719936688855335
1995-09-25,0.0,461.82,15.37,-4.05,432.13,0.6648065708225865
1995-09-26,0.72,407.51,14.76,-2.61,495.71,0.6576194727596396
1995-09-27,0.0,351.27,12.59,-0.51,588.16,0.6540259237281663
1995-09-28,0.0,388.03,14.36,-0.73,569.56,0.6504323746966928
1995-09-29,4.04,194.04,6.07,-1.45,554.04,0.6360581785707992
1995-09-30,0.0,248.27,4.84,-3.59,469.13,0.6396517276022725
1995-10-01,0.0,340.65,4.93,-6.83,371.57,0.6324646295393256
1995-10-02,1.63,380.55,6.07,-9.76,288.61,0.6180904334134318
1995-10-03,10.55,150.05,2.72,-3.64,467.16,0.6180904334134318
1995-10-04,8.96,134.4,-0.61,-6.05,393.95,0.6648065708225865
1995-10-05,0.24,356.94,2.77,-9.73,293.99,0.6288710805078521
1995-10-06,1.03,389.22,6.27,-9.12,304.77,0.6073097863190116
1995-10-07,6.31,238.45,3.2,-7.28,354.94,0.6216839824449052
1995-10-08,3.2,294.12,2.94,-8.71,318.58,0.6252775314763788
1995-10-09,0.0,334.83,6.86,-4.57,440.75,0.6109033353504849
1995-10-10,0.41,351.35,10.08,-2.91,493.53,0.6037162372875381
1995-10-11,0.0,360.72,14.8,0.99,655.23,0.6073097863190116
1995-10-12,4.77,301.8,8.26,-7.06,366.46,0.6396517276022725
1995-10-13,3.81,298.62,2.5,-9.15,310.02,0.6432452766337459
1995-10-14,1.02,366.53,7.89,-6.91,364.16,0.6109033353504849
1995-10-15,0.0,399.49,13.59,-3.1,487.46,0.6073097863190116
1995-10-16,0.67,341.1,10.46,-3.3,478.22,0.6109033353504849
1995-10-17,0.01,289.02,6.51,-3.65,464.68,0.6037162372875381
1995-10-18,7.43,238.37,3.82,-7.06,367.08,0.6073097863190116
1995-10-19,1.69,351.49,3.82,-10.75,272.14,0.6073097863190116
1995-10-20,0.47,377.54,8.78,-7.82,339.89,0.5713742960042771
1995-10-21,3.1,295.16,5.68,-7.0,363.86,0.5713742960042771
1995-10-22,3.59,255.43,-2.61,-13.38,223.55,0.5713742960042771
1995-10-23,1.83,340.42,-0.39,-16.49,167.91,0.5174710605321755
1995-10-24,0.11,322.47,1.99,-10.24,283.05,0.5282517076265958
1995-10-25,0.28,246.43,2.84,-5.9,396.31,0.5498130018154365
1995-10-26,4.4,190.22,3.24,-5.35,417.19,0.546219452783963
1995-10-27,0.0,283.47,2.3,-7.75,344.45,0.5318452566580693
1995-10-28,2.15,264.15,2.82,-7.46,347.82,0.513877511500702
1995-10-29,4.28,199.13,2.24,-5.69,403.6,0.5246581585951223
1995-10-30,0.29,256.54,0.02,-9.09,310.59,0.513877511500702
1995-10-31,0.29,316.51,-1.66,-14.66,200.77,0.48512911924891455
1995-11-01,1.05,296.6,-8.58,-21.21,115.84,0.44919362893418013
1995-11-02,0.62,321.34,-8.06,-22.4,107.28,0.4168516876509191
1995-11-03,0.34,325.0,-3.44,-18.3,145.65,0.42763233474533946
1995-11-04,1.89,288.63,-1.35,-16.75,165.46,0.44919362893418013
1995-11-05,8.13,142.78,-2.07,-8.9,308.9,0.47075492312302075
1995-11-06,5.95,162.14,-4.22,-12.32,240.8,0.4815355702174411
1995-11-07,8.22,197.18,-1.98,-12.24,241.09,0.46716137409154734
1995-11-08,6.89,108.81,1.81,-3.37,476.48,0.4815355702174411
1995-11-09,8.51,207.76,0.73,-10.38,284.01,0.5030968644062818
1995-11-10,1.47,207.4,-6.57,-15.0,194.16,0.4779420211859677
1995-11-11,21.79,188.92,-1.22,-10.78,271.15,0.45997427602860047
1995-11-12,12.29,95.93,0.04,-4.39,443.2,0.48872266828038796
1995-11-13,5.06,130.93,1.35,-3.98,457.87,0.4923162173118614
1995-11-14,0.03,205.92,3.88,-3.48,474.02,0.48872266828038796
1995-11-15,0.0,267.19,5.72,-4.9,432.29,0.48872266828038796
1995-11-16,0.0,252.09,5.24,-4.79,431.54,0.4815355702174411
1995-11-17,0.0,232.74,5.13,-3.91,459.29,0.4743484721544942
1995-11-18,0.64,224.27,5.41,-3.86,463.53,0.4743484721544942
1995-11-19,0.32,277.9,2.55,-9.5,301.11,0.48872266828038796
1995-11-20,0.03,299.77,2.88,-11.9,248.46,0.44919362893418013
1995-11-21,0.49,273.21,3.46,-9.33,300.45,0.4312258837768129
1995-11-22,0.78,141.36,1.29,-4.33,446.2,0.4743484721544942
1995-11-23,0.53,163.85,2.08,-4.0,455.56,0.4635678250600739
1995-11-24,2.02,89.83,2.06,-1.44,554.34,0.456380726997127
1995-11-25,9.27,109.47,3.07,-1.61,547.43,0.456380726997127
1995-11-26,13.12,170.82,-0.17,-8.8,321.2,0.4923162173118614
1995-11-27,3.58,146.18,-5.23,-11.58,254.8,0.46716137409154734
1995-11-28,17.8,162.85,-1.91,-9.85,290.35,0.4635678250600739
1995-11-29,10.45,69.89,0.29,-2.86,494.38,0.46716137409154734
1995-11-30,15.09,55.65,0.77,-1.61,546.66,0.4995033153748083
1995-12-01,13.57,102.01,2.3,-2.16,525.87,0.5318452566580693
1995-12-02,7.51,198.61,-1.26,-10.12,291.31,0.5929355901931178
1995-12-03,3.07,213.48,-4.27,-13.58,218.53,0.5066904134377551
1995-12-04,9.47,199.67,-2.24,-13.09,227.94,0.5174710605321755
1995-12-05,4.76,208.38,-5.06,-14.86,194.69,0.424038785713866
1995-12-06,3.93,200.51,-5.73,-15.17,194.27,0.4743484721544942
1995-12-07,2.29,235.91,-4.71,-15.52,186.69,0.48512911924891455
1995-12-08,1.3,228.53,-10.37,-21.27,116.83,0.44560007990270667
1995-12-09,2.0,267.17,-5.04,-20.49,125.8,0.456380726997127
1995-12-10,6.02,104.45,-0.31,-4.84,427.68,0.4779420211859677
1995-12-11,3.41,78.58,0.47,-2.6,507.26,0.5066904134377551
1995-12-12,13.24,74.97,0.78,-2.48,513.33,0.4959097663433349
1995-12-13,9.85,103.22,-1.51,-5.99,397.39,0.5066904134377551
1995-12-14,2.95,102.65,-3.52,-7.51,348.61,0.4923162173118614
1995-12-15,0.01,167.75,-2.08,-7.69,345.75,0.4779420211859677
1995-12-16,0.92,227.16,-2.72,-12.32,242.93,0.4743484721544942
1995-12-17,0.03,264.02,-6.35,-18.08,150.41,0.43481943280828633
1995-12-18,0.0,274.57,-5.92,-19.46,131.88,0.40966458958797225
1995-12-19,0.0,270.92,-5.7,-18.81,141.87,0.37732264830471135
1995-12-20,0.0,269.69,-6.46,-19.27,134.78,0.35935490314734414
1995-12-21,0.0,269.15,-6.79,-19.65,128.36,0.35935490314734414
1995-12-22,0.0,273.31,-7.12,-20.9,117.67,0.37732264830471135
1995-12-23,0.0,272.83,-5.32,-19.25,136.59,0.35935490314734414
1995-12-24,0.0,265.72,-4.37,-17.6,157.73,0.35935490314734414
1995-12-25,0.0,273.72,-2.3,-17.27,163.47,0.35935490314734414
1995-12-26,0.0,272.82,-3.39,-18.38,147.61,0.35935490314734414
1995-12-27,0.0,272.16,-5.27,-20.2,126.0,0.35935490314734414
1995-12-28,0.0,264.11,-6.32,-20.2,125.94,0.35935490314734414
1995-12-29,0.23,185.96,-6.47,-14.42,202.09,0.39529039346207856
1995-12-30,4.35,118.37,-4.58,-10.3,281.56,0.4132581386194457
1995-12-31,9.57,130.32,-3.53,-10.42,278.23,0.43481943280828633
1996-01-01,2.73,246.02,-6.98,-19.37,135.23,0.424038785713866
1996-01-02,4.64,238.97,-7.21,-22.25,103.88,0.4060710405564988
1996-01-03,11.53,148.26,-4.25,-11.94,246.98,0.4132581386194457
1996-01-04,3.38,209.35,-7.08,-18.09,149.16,0.42763233474533946
1996-01-05,1.43,237.96,-10.12,-20.88,120.0,0.4132581386194457
1996-01-06,2.15,242.76,-7.81,-20.63,121.78,0.39529039346207856
1996-01-07,2.32,169.72,-3.22,-10.55,277.12,0.424038785713866
1996-01-08,1.55,144.83,-1.49,-7.13,358.66,0.424038785713866
1996-01-09,6.87,111.21,-0.49,-5.78,400.9,0.424038785713866
1996-01-10,5.92,126.33,-2.63,-8.58,322.2,0.42763233474533946
1996-01-11,0.36,259.32,-0.58,-11.39,259.37,0.4204452366823926
1996-01-12,0.05,309.84,2.42,-13.22,225.22,0.4060710405564988
1996-01-13,0.0,295.8,1.46,-12.04,247.12,0.39529039346207856
1996-01-14,0.0,272.08,-0.25,-11.63,253.21,0.3988839424935519
1996-01-15,7.46,146.26,-1.31,-7.59,346.37,0.4132581386194457
1996-01-16,6.85,95.2,-3.13,-7.24,356.81,0.4132581386194457
1996-01-17,4.52,277.81,-5.87,-24.34,87.17,0.4168516876509191
1996-01-18,0.05,321.1,-13.19,-27.31,68.84,0.34821490114977643
1996-01-19,5.86,165.49,-9.33,-16.8,164.94,0.3845097463676582
1996-01-20,5.84,113.77,-7.99,-12.42,236.99,0.40966458958797225
1996-01-21,12.53,196.24,-6.4,-15.45,188.15,0.40966458958797225
1996-01-22,4.21,275.76,-6.48,-19.61,133.09,0.4132581386194457
1996-01-23,0.39,251.82,-11.7,-20.53,124.98,0.40966458958797225
1996-01-24,7.45,190.13,-9.31,-17.5,157.28,0.4060710405564988
1996-01-25,4.26,268.07,-9.16,-22.14,102.82,0.4060710405564988
1996-01-26,1.11,268.63,-12.53,-22.18,106.64,0.4024774915250254
1996-01-27,8.09,231.75,-9.06,-18.59,141.77,0.39169684443060504
1996-01-28,12.82,208.31,-7.56,-17.1,165.74,0.4060710405564988
1996-01-29,8.11,212.53,-10.26,-19.31,137.76,0.3881032953991316
1996-01-30,6.37,290.53,-13.67,-27.68,67.29,0.37732264830471135
1996-01-31,0.0,388.34,-13.93,-30.74,40.56,0.34138715798997693
1996-02-01,0.0,392.51,-15.72,-32.31,40.0,0.32341941283260967
1996-02-02,0.0,405.32,-15.23,-34.11,40.0,0.30545166767524246
1996-02-03,0.0,406.49,-12.89,-31.36,42.58,0.32341941283260967
1996-02-04,2.27,335.89,-8.23,-22.22,106.54,0.34138715798997693
1996-02-05,3.73,219.36,-1.81,-9.74,289.24,0.35935490314734414
1996-02-06,12.54,84.28,-1.55,-4.58,439.0,0.37732264830471135
1996-02-07,15.95,76.05,-0.31,-2.92,496.21,0.39529039346207856
1996-02-08,5.18,138.83,2.06,-2.51,510.46,0.4312258837768129
1996-02-09,0.0,346.12,3.46,-7.41,356.95,0.46716137409154734
1996-02-10,0.0,424.22,0.67,-16.06,176.95,0.4312258837768129
1996-02-11,0.0,446.04,3.53,-17.07,163.68,0.39529039346207856
1996-02-12,0.0,446.58,5.58,-14.65,200.88,0.39529039346207856
1996-02-13,0.0,413.47,6.47,-8.7,317.54,0.4060710405564988
1996-02-14,0.0,369.7,3.98,-8.12,330.16,0.40966458958797225
1996-02-15,0.0,416.36,3.62,-11.4,257.21,0.4060710405564988
1996-02-16,0.0,442.6,6.13,-11.09,262.83,0.4024774915250254
1996-02-17,1.56,362.89,2.02,-10.49,277.68,0.3988839424935519
1996-02-18,3.39,188.14,0.65,-5.51,410.37,0.3988839424935519
1996-02-19,8.4,225.0,-0.99,-9.34,307.25,0.40966458958797225
1996-02-20,4.06,268.26,-0.43,-10.45,281.29,0.4060710405564988
1996-02-21,0.29,342.56,1.8,-8.11,337.02,0.4060710405564988
1996-02-22,5.89,291.47,-2.39,-13.47,222.31,0.40966458958797225
1996-02-23,5.49,234.59,-7.17,-15.28,188.85,0.37732264830471135
1996-02-24,7.99,233.81,-3.97,-12.0,247.12,0.37732264830471135
1996-02-25,6.28,313.72,-7.03,-19.04,139.5,0.4168516876509191
1996-02-26,2.77,310.34,-13.56,-23.53,94.92,0.35935490314734414
1996-02-27,1.28,446.48,-13.8,-28.69,56.93,0.32341941283260967
1996-02-28,0.17,524.22,-9.68,-30.22,40.06,0.34138715798997693
1996-02-29,0.74,485.28,-7.53,-25.38,79.41,0.37732264830471135
1996-03-01,4.76,278.67,-5.01,-14.57,200.08,0.40966458958797225
1996-03-02,1.02,380.9,-1.67,-12.17,242.34,0.4060710405564988
1996-03-03,4.28,286.83,-2.52,-10.67,270.23,0.4060710405564988
1996-03-04,14.38,206.61,-0.53,-6.8,363.88,0.4132581386194457
1996-03-05,8.17,372.98,-3.2,-16.82,168.98,0.4168516876509191
1996-03-06,5.66,396.8,-3.99,-19.53,127.91,0.37732264830471135
1996-03-07,3.77,333.31,-2.64,-12.26,238.18,0.40966458958797225
1996-03-08,5.08,325.75,0.66,-9.26,302.77,0.40966458958797225
1996-03-09,1.47,494.02,7.36,-7.88,330.98,0.4132581386194457
1996-03-10,1.51,484.21,7.93,-6.65,371.23,0.4204452366823926
1996-03-11,1.49,416.53,5.1,-6.09,390.18,0.43481943280828633
1996-03-12,0.0,520.05,5.6,-8.52,323.8,0.42763233474533946
1996-03-13,0.23,524.75,3.47,-10.68,273.33,0.4204452366823926
1996-03-14,0.0,597.65,7.24,-12.24,241.27,0.4060710405564988
1996-03-15,0.58,544.05,5.41,-10.72,271.6,0.4060710405564988
1996-03-16,1.75,382.24,-0.11,-9.53,298.64,0.4060710405564988
1996-03-17,4.35,351.65,-0.76,-11.02,266.82,0.4024774915250254
1996-03-18,0.6,567.62,-0.49,-16.9,167.57,0.3881032953991316
1996-03-19,0.01,641.42,3.83,-18.88,137.55,0.3701355502417644
1996-03-20,0.38,588.37,7.13,-10.57,273.64,0.39169684443060504
1996-03-21,0.27,490.78,5.41,-6.86,364.09,0.4024774915250254
1996-03-22,0.0,519.0,6.87,-6.13,389.31,0.4024774915250254
1996-03-23,1.23,502.13,-2.68,-15.94,183.56,0.4060710405564988
1996-03-24,1.12,519.2,-9.67,-23.53,95.2,0.3554019992127233
1996-03-25,0.39,645.94,-3.5,-26.43,79.16,0.34749619134348175
1996-03-26,0.0,625.0,-0.76,-19.36,136.46,0.37732264830471135
1996-03-27,1.33,496.42,-0.88,-14.02,205.37,0.39169684443060504
1996-03-28,13.15,354.41,1.05,-10.15,285.03,0.3881032953991316
1996-03-29,8.78,331.92,-1.03,-10.74,270.38,0.39169684443060504
1996-03-30,5.77,381.87,-0.43,-12.2,241.29,0.39529039346207856
1996-03-31,1.89,482.05,3.14,-9.18,302.84,0.39529039346207856
1996-04-01,0.62,521.75,8.44,-4.39,445.07,0.4060710405564988
1996-04-02,1.31,498.48,5.47,-6.66,375.23,0.42763233474533946
1996-04-03,0.05,548.17,3.78,-9.46,299.69,0.4132581386194457
1996-04-04,0.97,555.36,2.11,-12.24,245.17,0.40966458958797225
1996-04-05,0.36,679.45,7.52,-14.59,197.58,0.39169684443060504
1996-04-06,0.1,640.04,10.01,-8.05,327.36,0.4060710405564988
1996-04-07,0.0,519.71,9.83,-2.89,487.33,0.44560007990270667
1996-04-08,0.26,613.6,14.31,-2.83,484.5,0.5354388056895427
1996-04-09,0.0,648.56,16.23,-2.47,491.0,0.6719936688855335
1996-04-10,0.0,614.82,14.53,-2.14,507.2,0.8660453165850993
1996-04-11,1.31,481.36,7.68,-4.33,441.77,1.0960324545993994
1996-04-12,6.51,313.54,2.24,-6.9,367.56,0.9846324346237229
1996-04-13,3.03,426.11,1.16,-10.09,285.36,0.8085485320815242
1996-04-14,3.71,532.35,4.48,-12.71,232.3,0.7115227082317414
1996-04-15,0.0,680.6,9.55,-9.43,296.06,0.693554963074374
1996-04-16,0.0,615.67,10.21,-5.49,399.68,0.7762065907982632
1996-04-17,3.98,400.82,4.43,-6.69,374.07,0.8804195127109931
1996-04-18,6.88,446.77,2.35,-11.61,255.11,0.7977678849871038
1996-04-19,5.65,398.18,0.8,-10.77,273.98,0.7258969043576351
1996-04-20,4.84,421.87,0.89,-11.21,265.06,0.6719936688855335
1996-04-21,2.92,471.5,2.44,-10.22,283.21,0.6468388256652193
1996-04-22,3.77,439.36,3.6,-8.88,311.81,0.6216839824449052
1996-04-23,6.74,263.78,3.4,-3.52,473.75,0.6180904334134318
1996-04-24,10.94,364.38,3.03,-6.67,379.83,0.7690194927353164
1996-04-25,8.31,427.58,3.85,-7.9,341.21,0.9343227481830947
1996-04-26,4.99,427.17,4.96,-5.88,396.99,0.9019808068998337
1996-04-27,1.92,505.55,1.25,-10.01,289.03,0.9307291991516211
1996-04-28,1.2,612.76,2.21,-12.19,242.57,0.8265162772388914
1996-04-29,0.91,523.31,2.65,-8.63,317.2,0.8049549830500508
1996-04-30,0.49,465.69,3.17,-5.92,393.71,0.7762065907982632
1996-05-01,4.02,440.52,5.26,-5.53,405.05,0.7762065907982632
1996-05-02,3.63,500.94,4.24,-7.85,335.0,0.8301098262703649
1996-05-03,4.88,451.5,2.48,-9.44,298.75,0.8444840223962586
1996-05-04,5.32,469.86,1.73,-9.77,293.5,0.8049549830500508
1996-05-05,3.9,544.78,3.14,-10.82,270.77,0.7546452966094227
1996-05-06,4.62,559.87,6.44,-7.93,335.01,0.7366775514520554
1996-05-07,3.98,482.33,7.36,-4.1,448.0,0.7905807869241571
1996-05-08,0.3,694.43,9.11,-6.18,365.69,0.8408904733647852
1996-05-09,0.0,722.42,9.01,-7.0,342.07,1.0133808268755102
1996-05-10,0.0,672.17,9.28,-4.58,414.06,1.2828970042360186
1996-05-11,0.0,663.5,11.84,-1.85,501.98,1.4625744558096905
1996-05-12,1.66,590.6,13.26,0.18,579.77,1.7716196725164064
1996-05-13,0.46,686.05,15.92,0.03,551.77,2.6628198323218197
1996-05-14,9.8,406.24,10.86,0.57,622.56,3.773226483047113
1996-05-15,9.8,292.91,7.18,0.51,628.93,4.56380726997127
1996-05-16,17.9,280.98,6.65,0.48,633.94,5.354388056895427
1996-05-17,8.58,271.25,6.46,0.68,642.92,6.288710805078522
1996-05-18,15.55,337.99,5.5,-1.76,543.79,5.605936489098568
1996-05-19,11.35,417.08,5.08,-4.17,450.99,4.348194328082863
1996-05-20,3.84,575.93,6.34,-4.91,423.78,3.3635618934591407
1996-05-21,3.53,646.56,10.2,-5.46,401.0,2.9610844019341154
1996-05-22,1.4,580.79,9.02,-1.91,530.16,3.1587295986651545
1996-05-23,9.39,329.21,3.14,-3.83,462.3,3.453400619245977
1996-05-24,4.28,454.52,5.36,-4.08,451.96,2.921555362587908
1996-05-25,0.48,584.71,8.1,-2.11,523.69,2.842497283895492
1996-05-26,7.46,358.37,7.14,-0.47,591.86,3.5001167566551312
1996-05-27,3.53,441.17,8.09,-0.48,592.75,3.485742560529238
1996-05-28,5.76,459.69,10.0,-0.41,594.46,4.060710405564988
1996-05-29,5.68,518.99,11.01,-1.87,535.12,4.923162173118614
1996-05-30,5.16,458.21,8.89,-1.48,550.28,5.174710605321755
1996-05-31,6.44,506.8,9.25,-3.0,493.05,4.923162173118614
1996-06-01,0.19,728.47,11.24,-3.35,465.81,4.56380726997127
1996-06-02,0.18,770.74,15.07,-2.7,477.17,4.995033153748083
1996-06-03,0.24,755.91,17.7,-0.19,559.5,6.1090333535048496
1996-06-04,1.62,670.95,18.08,1.69,648.51,7.33084002420582
1996-06-05,0.24,736.22,15.63,-0.73,540.69,8.444840223962586
1996-06-06,0.0,784.22,16.32,-2.84,451.14,8.013614340185773
1996-06-07,0.0,788.92,21.02,-0.38,516.89,7.8698723789268366
1996-06-08,0.0,770.88,22.61,3.18,665.09,8.947937088368867
1996-06-09,0.0,765.72,22.55,3.36,673.92,10.061937288125634
1996-06-10,0.0,757.81,21.28,2.64,646.31,10.529098662217184
1996-06-11,0.0,747.87,20.04,2.08,628.99,10.241614739699306
1996-06-12,0.0,761.32,20.66,1.66,603.95,9.558840423719353
1996-06-13,0.0,751.75,21.16,2.39,637.27,9.37916297214568
1996-06-14,0.05,726.09,21.14,3.4,693.66,9.415098462460415
1996-06-15,2.18,630.5,20.62,3.1,709.05,9.019808068998337
1996-06-16,0.9,673.23,21.56,3.31,703.46,9.091679049627805
1996-06-17,0.91,662.74,20.75,3.22,706.67,8.80419512710993
1996-06-18,0.0,615.48,15.07,1.08,633.38,8.696388656165727
1996-06-19,0.0,679.62,12.05,-4.03,436.88,7.366775514520554
1996-06-20,0.23,698.28,16.98,-0.74,536.87,6.576194727596397
1996-06-21,2.18,642.18,17.85,-0.95,535.98,6.324646295393257
1996-06-22,6.32,461.86,14.04,0.98,658.4,6.935549630743741
1996-06-23,1.16,575.16,14.14,-0.08,599.49,6.6840011985406
1996-06-24,0.0,626.6,18.26,3.02,731.71,6.180904334134318
1996-06-25,0.0,667.98,20.16,2.85,699.78,6.468388256652194
1996-06-26,0.15,665.38,21.24,3.35,719.07,6.504323746966929
1996-06-27,1.87,509.87,17.3,3.5,763.66,6.396517276022725
1996-06-28,3.28,403.3,12.79,2.14,709.94,6.073097863190115
1996-06-29,1.05,551.39,15.49,1.37,656.07,5.6778074697280365
1996-06-30,0.45,669.29,19.47,0.62,575.41,5.462194527839631
1996-07-01,0.0,679.42,22.49,3.64,699.52,5.318452566580692
1996-07-02,0.0,676.42,24.58,5.56,790.39,5.318452566580692
1996-07-03,0.0,668.45,25.76,6.81,860.34,5.246581585951224
1996-07-04,0.62,623.62,24.93,7.34,914.11,5.102839624692286
1996-07-05,0.0,622.69,22.28,5.73,839.7,4.959097663433349
1996-07-06,0.0,657.43,20.47,2.63,666.88,4.7434847215449425
1996-07-07,0.0,693.46,21.96,2.26,631.23,4.420065308712332
1996-07-08,0.24,685.64,22.25,2.32,635.62,4.168516876509192
1996-07-09,0.89,590.46,22.35,5.35,829.94,3.9888394249355197
1996-07-10,2.43,562.51,22.57,4.47,802.3,3.952903934620785
1996-07-11,0.0,662.12,22.0,3.66,714.68,3.809161973361847
1996-07-12,0.0,676.4,22.14,3.14,676.79,3.6294845217881755
1996-07-13,0.0,648.17,21.59,3.86,721.87,3.5037103056866052
1996-07-14,0.0,702.08,23.44,2.76,635.43,3.374342540553561
1996-07-15,0.16,628.2,23.48,6.02,833.23,3.2629425205778846
1996-07-16,5.24,416.97,18.5,5.72,911.54,3.1982586380113625
1996-07-17,2.13,496.67,18.18,4.69,846.52,3.2126328341372563
1996-07-18,0.56,598.67,21.07,4.9,799.06,3.079671519972739
1996-07-19,0.0,637.87,21.51,4.15,731.55,2.9467102058082215
1996-07-20,0.0,636.26,19.24,1.99,632.63,2.842497283895492
1996-07-21,0.0,661.87,20.44,1.98,615.28,2.7418779110142353
1996-07-22,0.0,667.98,22.29,3.16,653.44,2.6520391852273995
1996-07-23,0.0,657.6,22.75,3.91,681.94,2.562200459440563
1996-07-24,0.0,662.01,22.81,3.63,651.1,2.4831423807481476
1996-07-25,0.0,649.28,23.59,4.89,699.79,2.4148649491501524
1996-07-26,0.0,671.62,24.2,4.19,645.37,2.3465875175521567
1996-07-27,0.0,649.14,24.97,5.76,727.0,2.2783100859541614
1996-07-28,0.14,615.95,24.81,6.82,803.69,2.22440685048206
1996-07-29,5.7,427.88,22.02,6.24,903.55,2.1740971640414317
1996-07-30,6.17,415.11,20.34,7.11,988.1,2.242374595639427
1996-07-31,1.71,522.88,21.01,4.98,795.73,2.1309745756637506
1996-08-01,2.47,537.43,23.21,5.46,805.87,2.0483229479398615
1996-08-02,0.34,571.89,22.39,5.87,803.38,1.9908261634362863
1996-08-03,0.0,575.35,17.47,1.81,621.65,1.9369229279641846
1996-08-04,0.0,542.22,13.93,-0.39,551.9,1.8686454963661894
1996-08-05,0.49,539.62,16.09,1.05,600.14,1.8183358099255613
1996-08-06,1.64,445.54,12.67,0.17,597.99,1.7895874176737736
1996-08-07,0.29,648.82,19.1,-0.46,482.71,1.728497084138725
1996-08-08,0.0,678.77,23.86,2.24,551.45,1.67100029963515
1996-08-09,0.0,639.32,24.27,4.66,673.02,1.620690613194522
1996-08-10,0.0,668.96,25.32,3.6,605.56,1.573974475785367
1996-08-11,0.0,656.37,26.88,5.56,693.49,1.538038985470633
1996-08-12,0.0,614.64,26.11,6.93,794.69,1.5021034951558982
1996-08-13,0.0,604.93,24.79,6.37,755.25,1.466168004841164
1996-08-14,2.74,513.87,22.25,5.18,751.54,1.4446067106523233
1996-08-15,3.36,497.71,21.3,4.99,727.62,1.4733551029041108
1996-08-16,0.0,605.22,23.76,5.1,624.72,1.4086712203375888
1996-08-17,0.0,578.84,23.57,6.06,637.41,1.3619550829284341
1996-08-18,1.92,528.35,19.15,1.04,478.52,1.33680023970812
1996-08-19,0.17,650.79,19.4,-2.58,305.11,1.304458298424859
1996-08-20,0.0,595.03,21.06,2.59,456.68,1.2505550629527575
1996-08-21,0.0,573.3,19.07,1.6,442.59,1.2218066707009698
1996-08-22,0.0,627.93,20.92,0.4,342.92,1.182277631354762
1996-08-23,0.0,634.49,23.77,2.38,366.87,1.1535292391029746
1996-08-24,0.0,628.12,25.75,4.24,411.46,1.124780846851187
1996-08-25,0.0,581.78,24.29,5.44,455.04,1.099626003630873
1996-08-26,0.0,588.8,24.82,5.54,434.73,1.074471160410559
1996-08-27,0.0,555.2,23.48,5.91,449.19,1.0565034152531916
1996-08-28,0.7,488.37,20.07,5.14,468.12,1.0457227681587713
1996-08-29,0.0,523.97,18.71,2.65,353.26,1.0205679249384572
1996-08-30,0.0,581.4,21.99,2.73,298.39,0.9990066307496166
1996-08-31,0.0,583.12,23.63,3.87,325.12,0.9774453365607759
1996-09-01,0.0,558.87,20.04,1.53,289.08,0.9558840423719354
1996-09-02,0.0,553.37,18.49,0.21,271.12,0.9343227481830947
1996-09-03,0.0,556.08,19.66,0.91,281.63,0.912761453994254
1996-09-04,0.0,546.61,22.31,3.54,334.25,0.8947937088368868
1996-09-05,1.44,459.71,15.03,-0.48,314.12,0.8840130617424664
1996-09-06,0.68,504.22,13.29,-4.1,239.83,0.8804195127109931
1996-09-07,0.0,520.91,15.8,-1.64,263.27,0.848077571427732
1996-09-08,0.0,517.58,18.13,0.59,303.59,0.8301098262703649
1996-09-09,0.0,538.31,20.29,1.31,303.15,0.8085485320815242
1996-09-10,0.0,557.13,22.71,2.18,313.62,0.7905807869241571
1996-09-11,0.34,498.62,21.54,3.79,383.26,0.7762065907982632
1996-09-12,2.83,342.33,18.96,5.21,585.32,0.7798001398297367
1996-09-13,1.06,407.0,17.83,3.78,487.72,0.7726130417667898
1996-09-14,5.79,306.76,13.75,1.19,505.71,0.7618323946723695
1996-09-15,1.3,394.89,13.22,-0.39,408.25,0.7690194927353164
1996-09-16,8.69,213.45,7.42,-1.43,526.08,0.7798001398297367
1996-09-17,8.0,210.56,3.91,-4.33,443.22,0.7977678849871038
1996-09-18,0.24,387.12,6.15,-5.99,346.01,0.7833936888612101
1996-09-19,3.52,205.51,4.27,-3.2,482.97,0.7654259437038429
1996-09-20,1.38,301.28,7.33,-2.43,484.77,0.7546452966094227
1996-09-21,1.74,279.79,9.23,0.05,574.74,0.733084002420582
1996-09-22,2.12,333.73,7.39,-3.92,417.75,0.7223033553261616
1996-09-23,0.01,494.31,8.55,-8.22,251.28,0.7079291592002679
1996-09-24,1.92,393.07,9.54,-4.45,372.48,0.6863678650114272
1996-09-25,5.22,291.21,4.74,-6.56,363.82,0.6827743159799539
1996-09-26,3.13,330.07,0.28,-10.48,267.9,0.6755872179170069
1996-09-27,5.17,329.25,3.02,-10.02,276.25,0.6576194727596396
1996-09-28,2.34,406.05,12.27,-2.97,418.34,0.6576194727596396
1996-09-29,0.01,479.56,16.2,-0.79,438.25,0.66840011985406
1996-09-30,0.0,479.69,17.38,-0.04,459.81,0.6648065708225865
1996-10-01,0.0,465.88,16.32,-0.4,459.17,0.6504323746966928
1996-10-02,0.0,495.31,17.63,-1.84,396.62,0.6324646295393256
1996-10-03,0.0,475.75,18.1,-0.35,452.62,0.6216839824449052
1996-10-04,0.0,465.8,17.75,-0.22,465.11,0.6144968843819585
1996-10-05,0.0,427.62,17.03,1.28,547.04,0.6073097863190116
1996-10-06,0.0,418.15,15.65,0.41,524.77,0.6037162372875381
1996-10-07,0.0,449.11,16.52,-1.03,455.11,0.5929355901931178
1996-10-08,0.0,439.74,17.39,0.05,492.75,0.5857484921301709
1996-10-09,0.0,456.33,18.4,-0.79,446.14,0.5749678450357506
1996-10-10,0.0,446.95,19.56,0.72,499.62,0.5713742960042771
1996-10-11,0.0,394.12,17.44,2.04,594.64,0.5641871979413302
1996-10-12,0.0,409.6,15.91,-0.47,496.05,0.5605936489098567
1996-10-13,0.0,408.92,15.99,-0.56,495.95,0.5534065508469099
1996-10-14,2.39,268.06,7.02,-3.39,469.5,0.5534065508469099
1996-10-15,3.95,185.99,3.24,-4.25,447.6,0.5534065508469099
1996-10-16,6.2,234.9,0.13,-10.2,283.68,0.5677807469728037
1996-10-17,1.53,347.63,-1.48,-15.63,180.96,0.546219452783963
1996-10-18,3.36,260.83,2.28,-8.97,306.45,0.5390323547210162
1996-10-19,4.45,213.78,-0.01,-9.6,299.51,0.5570000998783834
1996-10-20,3.23,236.86,-3.82,-13.39,221.51,0.5498130018154365
1996-10-21,0.81,337.14,-2.46,-15.9,177.24,0.5174710605321755
1996-10-22,0.9,205.25,-1.47,-9.03,307.5,0.521064609563649
1996-10-23,1.64,159.41,-1.07,-7.06,361.72,0.5174710605321755
1996-10-24,7.44,112.21,-0.46,-5.31,415.69,0.521064609563649
1996-10-25,9.38,142.41,-0.91,-7.22,358.42,0.5354388056895427
1996-10-26,2.11,244.08,-4.16,-13.57,218.93,0.513877511500702
1996-10-27,1.08,359.25,1.0,-15.35,187.68,0.46716137409154734
1996-10-28,0.48,357.76,5.69,-10.53,276.53,0.4923162173118614
1996-10-29,0.78,214.3,0.75,-7.84,337.05,0.5174710605321755
1996-10-30,3.02,209.73,-1.4,-10.11,286.05,0.513877511500702
1996-10-31,0.0,362.37,1.55,-14.21,207.95,0.4815355702174411
1996-11-01,0.0,362.29,3.77,-12.5,233.51,0.47075492312302075
1996-11-02,0.0,356.95,5.93,-10.31,279.79,0.4815355702174411
1996-11-03,0.0,341.36,6.35,-8.78,316.26,0.4815355702174411
1996-11-04,0.81,245.48,2.16,-7.64,345.75,0.4923162173118614
1996-11-05,0.68,277.26,-3.0,-14.17,207.79,0.48872266828038796
1996-11-06,2.78,208.44,-6.04,-15.16,189.57,0.44560007990270667
1996-11-07,1.93,150.14,-4.68,-10.57,273.81,0.47075492312302075
1996-11-08,1.68,212.59,1.85,-6.67,370.09,0.4635678250600739
1996-11-09,0.0,291.77,4.6,-6.7,372.64,0.45997427602860047
1996-11-10,0.0,314.66,7.13,-6.09,388.59,0.456380726997127
1996-11-11,0.0,323.07,7.15,-7.24,354.41,0.44919362893418013
1996-11-12,0.0,321.75,8.27,-6.27,384.26,0.44919362893418013
1996-11-13,0.0,280.27,6.61,-5.07,420.22,0.44560007990270667
1996-11-14,13.15,203.53,1.23,-9.12,310.28,0.4635678250600739
1996-11-15,5.11,213.09,-3.6,-13.52,218.19,0.456380726997127
1996-11-16,4.38,214.6,-5.25,-15.83,180.93,0.4384129818397598
1996-11-17,5.94,147.33,-5.48,-12.3,237.88,0.4384129818397598
1996-11-18,23.69,162.04,0.22,-7.64,340.84,0.456380726997127
1996-11-19,31.78,79.17,1.94,-1.88,534.78,0.5965291392245913
1996-11-20,13.79,86.78,0.89,-3.25,483.63,0.7726130417667898
1996-11-21,0.35,149.58,1.4,-4.02,452.49,0.6432452766337459
1996-11-22,10.77,136.81,1.83,-4.61,437.91,0.578561394067224
1996-11-23,4.67,217.67,-1.35,-11.46,255.89,0.5641871979413302
1996-11-24,2.69,176.4,-2.9,-10.79,270.55,0.5174710605321755
1996-11-25,5.06,185.0,-2.92,-12.63,235.58,0.5318452566580693
1996-11-26,0.32,241.89,-5.66,-15.64,180.47,0.4815355702174411
1996-11-27,1.1,201.13,-5.41,-13.3,222.63,0.4779420211859677
1996-11-28,1.34,146.84,-3.52,-9.0,309.62,0.4995033153748083
1996-11-29,1.91,228.93,-5.16,-15.71,185.49,0.4995033153748083
1996-11-30,2.69,223.95,-8.68,-20.1,125.34,0.4312258837768129
1996-12-01,10.65,142.75,-6.05,-12.66,233.01,0.46716137409154734
1996-12-02,1.35,190.13,-9.12,-16.25,177.04,0.456380726997127
1996-12-03,5.4,147.95,-9.73,-16.23,175.89,0.45997427602860047
1996-12-04,4.25,191.11,-9.58,-19.01,136.6,0.4204452366823926
1996-12-05,8.14,151.18,-5.75,-12.78,232.93,0.4312258837768129
1996-12-06,2.0,151.49,-7.12,-12.74,232.2,0.424038785713866
1996-12-07,5.39,167.48,-4.5,-11.84,250.55,0.4420065308712332
1996-12-08,10.58,123.17,0.02,-5.59,407.14,0.4635678250600739
1996-12-09,7.95,76.59,1.29,-1.93,532.92,0.4743484721544942
1996-12-10,11.49,88.59,0.77,-2.96,495.45,0.5030968644062818
1996-12-11,7.43,156.59,-2.38,-9.3,302.98,0.48872266828038796
1996-12-12,2.33,167.49,-3.14,-9.31,302.39,0.47075492312302075
1996-12-13,9.6,202.95,-3.05,-12.48,237.18,0.456380726997127
1996-12-14,3.33,224.2,-7.97,-17.29,162.23,0.4312258837768129
1996-12-15,6.44,167.69,-10.12,-17.34,159.78,0.4132581386194457
1996-12-16,5.04,216.19,-10.59,-22.7,101.88,0.3881032953991316
1996-12-17,0.0,240.24,-16.92,-25.62,82.63,0.34138715798997693
1996-12-18,2.88,225.52,-12.14,-22.79,98.73,0.2874839225178753
1996-12-19,5.05,163.04,-8.91,-16.11,173.61,0.30545166767524246
1996-12-20,8.21,109.38,-7.82,-12.35,237.95,0.32341941283260967
1996-12-21,5.79,117.34,-6.58,-11.62,252.49,0.34138715798997693
1996-12-22,6.83,180.05,-7.02,-15.16,190.98,0.30545166767524246
1996-12-23,4.78,159.44,-8.85,-15.76,181.86,0.2515484322031409
1996-12-24,12.09,144.75,-7.05,-13.41,219.85,0.2695161773605081
1996-12-25,12.63,207.79,-6.18,-17.57,154.26,0.2874839225178753
1996-12-26,19.71,217.06,-2.83,-17.3,161.67,0.2695161773605081
1996-12-27,19.67,96.8,-2.32,-6.44,378.92,0.32162263831687293
1996-12-28,12.51,97.64,-3.88,-7.81,338.73,0.355042644309576
1996-12-29,21.45,116.12,-0.19,-4.91,426.84,0.37732264830471135
1996-12-30,11.85,110.32,0.45,-3.74,467.02,0.40966458958797225
1996-12-31,16.65,113.22,0.13,-4.33,446.93,0.42763233474533946
1997-01-01,17.69,43.36,2.04,-0.25,598.8,0.4743484721544942
1997-01-02,16.6,68.35,1.25,-2.55,511.11,0.5929355901931178
1997-01-03,9.06,149.59,-0.83,-9.77,297.27,0.5965291392245913
1997-01-04,1.73,220.85,-7.43,-19.57,133.28,0.5498130018154365
1997-01-05,1.22,228.71,-10.38,-23.47,91.77,0.4959097663433349
1997-01-06,2.58,247.42,-10.0,-25.73,77.8,0.46716137409154734
1997-01-07,3.16,119.37,-9.38,-15.23,189.33,0.46716137409154734
1997-01-08,5.23,128.58,-7.14,-13.5,217.96,0.5174710605321755
1997-01-09,7.85,77.03,-5.51,-9.51,292.9,0.521064609563649
1997-01-10,8.46,144.86,-3.74,-11.58,254.35,0.5282517076265958
1997-01-11,0.18,292.84,-10.48,-29.29,55.38,0.5246581585951223
1997-01-12,0.0,263.07,-18.19,-31.13,40.02,0.39529039346207856
1997-01-13,0.58,291.77,-9.56,-27.56,63.27,0.32341941283260967
1997-01-14,0.0,281.45,-4.32,-18.73,141.72,0.35935490314734414
1997-01-15,0.0,218.84,-9.51,-18.61,142.53,0.4312258837768129
1997-01-16,0.0,258.86,-8.77,-20.39,122.01,0.39529039346207856
1997-01-17,1.35,264.23,-5.73,-20.27,123.87,0.46716137409154734
1997-01-18,1.3,137.25,-2.1,-7.67,342.63,0.5174710605321755
1997-01-19,0.07,260.35,2.4,-8.93,310.37,0.521064609563649
1997-01-20,1.05,259.37,2.3,-9.97,287.29,0.5246581585951223
1997-01-21,10.39,171.9,-2.73,-11.68,250.25,0.5282517076265958
1997-01-22,10.94,153.09,-5.03,-12.2,241.62,0.5246581585951223
1997-01-23,1.65,232.66,-7.46,-16.84,164.38,0.5102839624692286
1997-01-24,2.43,185.31,-10.4,-17.82,153.2,0.4995033153748083
1997-01-25,10.5,220.61,-6.11,-17.89,156.47,0.46716137409154734
1997-01-26,13.48,242.69,-2.13,-16.58,169.9,0.48512911924891455
1997-01-27,2.68,306.5,-3.2,-20.97,113.82,0.4923162173118614
1997-01-28,3.22,253.86,-3.4,-16.2,174.74,0.48512911924891455
1997-01-29,0.7,249.19,-2.03,-11.05,263.94,0.48872266828038796
1997-01-30,1.07,217.44,-0.93,-8.44,323.08,0.4995033153748083
1997-01-31,14.58,105.98,-0.99,-5.08,423.77,0.5102839624692286
1997-02-01,11.17,164.28,-0.28,-7.24,358.44,0.513877511500702
1997-02-02,2.72,259.49,-1.25,-11.91,247.94,0.5174710605321755
1997-02-03,2.32,300.65,-4.34,-17.6,157.64,0.5174710605321755
1997-02-04,0.92,361.08,-4.9,-22.57,104.25,0.4959097663433349
1997-02-05,0.0,391.89,-4.87,-23.13,97.68,0.47075492312302075
1997-02-06,0.0,400.86,-4.31,-24.7,88.39,0.4743484721544942
1997-02-07,0.0,404.6,-2.68,-23.34,97.97,0.48512911924891455
1997-02-08,0.0,409.05,-1.33,-22.99,100.93,0.48872266828038796
1997-02-09,0.0,407.01,-1.63,-22.26,106.56,0.4815355702174411
1997-02-10,2.01,300.91,-3.32,-16.82,167.18,0.48872266828038796
1997-02-11,3.81,240.98,-1.93,-12.49,238.15,0.4815355702174411
1997-02-12,4.97,226.98,-3.38,-13.21,219.4,0.48872266828038796
1997-02-13,2.6,253.92,-3.79,-13.27,221.27,0.48512911924891455
1997-02-14,8.32,161.86,-4.02,-10.16,281.97,0.4923162173118614
1997-02-15,5.28,138.46,-0.81,-6.03,391.9,0.4959097663433349
1997-02-16,0.29,355.96,4.28,-7.51,347.43,0.4995033153748083
1997-02-17,3.74,275.21,1.11,-9.55,295.64,0.5030968644062818
1997-02-18,1.4,350.41,-1.06,-13.58,218.84,0.4995033153748083
1997-02-19,3.5,306.88,-1.97,-13.28,223.56,0.48872266828038796
1997-02-20,0.59,375.19,-4.17,-16.66,169.56,0.4743484721544942
1997-02-21,0.0,423.04,-4.23,-18.71,145.23,0.46716137409154734
1997-02-22,0.0,448.69,-4.82,-21.25,119.54,0.4635678250600739
1997-02-23,0.0,481.25,-4.68,-25.07,84.89,0.44919362893418013
1997-02-24,0.11,498.3,0.59,-23.85,91.81,0.42763233474533946
1997-02-25,2.11,421.82,3.49,-17.24,163.84,0.43481943280828633
1997-02-26,4.86,269.8,-1.9,-12.1,244.2,0.45997427602860047
1997-02-27,5.08,266.68,-3.17,-13.32,221.55,0.47075492312302075
1997-02-28,0.38,460.48,-4.11,-20.82,120.47,0.4635678250600739
1997-03-01,1.2,416.19,-7.41,-22.33,106.17,0.42763233474533946
1997-03-02,9.66,215.81,-3.71,-11.9,246.87,0.45278717796565354
1997-03-03,6.62,297.31,-3.48,-15.69,182.44,0.456380726997127
1997-03-04,1.43,389.88,-4.83,-17.57,153.62,0.44560007990270667
1997-03-05,3.72,286.47,-5.23,-15.39,188.83,0.44919362893418013
1997-03-06,2.16,379.04,0.58,-12.98,226.74,0.4420065308712332
1997-03-07,4.25,292.23,-0.24,-9.68,290.88,0.46716137409154734
1997-03-08,3.47,344.87,-2.15,-13.82,214.95,0.4743484721544942
1997-03-09,3.28,418.17,-0.75,-16.54,171.18,0.45278717796565354
1997-03-10,1.16,257.41,1.78,-4.97,425.59,0.46716137409154734
1997-03-11,0.0,358.27,5.26,-3.51,471.58,0.48872266828038796
1997-03-12,0.0,535.91,5.84,-10.56,272.98,0.48512911924891455
1997-03-13,1.45,494.44,-3.5,-18.91,140.95,0.4743484721544942
1997-03-14,1.04,483.56,-6.5,-20.74,119.38,0.4384129818397598
1997-03-15,5.71,497.38,-2.53,-22.55,100.18,0.4168516876509191
1997-03-16,6.58,195.16,2.94,-3.13,485.0,0.44560007990270667
1997-03-17,4.76,347.74,2.35,-7.58,349.47,0.5066904134377551
1997-03-18,1.25,519.18,7.28,-9.81,290.56,0.48872266828038796
1997-03-19,0.93,488.36,11.03,-3.93,458.42,0.5030968644062818
1997-03-20,1.56,466.25,11.08,-3.16,483.19,0.5318452566580693
1997-03-21,0.55,446.55,7.48,-4.68,431.27,0.5677807469728037
1997-03-22,0.0,554.76,8.95,-7.28,351.49,0.5641871979413302
1997-03-23,1.15,475.02,5.83,-7.53,345.39,0.5713742960042771
1997-03-24,1.6,459.38,0.89,-12.1,244.81,0.5605936489098567
1997-03-25,0.01,612.42,6.09,-12.93,223.34,0.5174710605321755
1997-03-26,0.77,574.82,9.93,-7.94,332.97,0.5318452566580693
1997-03-27,7.74,415.29,2.92,-11.04,268.1,0.5677807469728037
1997-03-28,2.07,465.78,-0.94,-14.16,209.49,0.546219452783963
1997-03-29,0.26,593.53,0.65,-15.87,182.91,0.5174710605321755
1997-03-30,1.08,575.53,6.68,-11.39,256.24,0.5282517076265958
1997-03-31,2.59,528.63,7.27,-10.2,280.16,0.5426259037524895
1997-04-01,1.94,495.2,-0.55,-14.84,195.07,0.5426259037524895
1997-04-02,0.0,637.19,1.81,-16.7,167.79,0.5030968644062818
1997-04-03,0.52,619.22,5.62,-13.08,222.84,0.5102839624692286
1997-04-04,3.35,441.21,1.09,-12.64,231.99,0.5246581585951223
1997-04-05,0.8,480.57,-6.36,-18.33,149.08,0.4815355702174411
1997-04-06,1.41,618.2,-2.28,-22.73,97.83,0.4168516876509191
1997-04-07,2.22,458.63,0.69,-12.34,239.17,0.5246581585951223
1997-04-08,3.39,460.04,1.89,-11.43,255.3,0.4959097663433349
1997-04-09,0.3,604.05,1.68,-14.65,198.13,0.4923162173118614
1997-04-10,0.0,555.95,-4.11,-17.95,152.62,0.4743484721544942
1997-04-11,0.0,653.93,-2.17,-20.83,116.66,0.44919362893418013
1997-04-12,0.0,711.81,1.92,-22.15,104.23,0.456380726997127
1997-04-13,0.32,658.58,3.17,-16.85,160.18,0.4743484721544942
1997-04-14,3.73,335.38,2.98,-6.07,380.59,0.48512911924891455
1997-04-15,2.72,440.52,5.78,-6.37,370.87,0.4923162173118614
1997-04-16,1.17,585.99,10.41,-7.02,339.51,0.4959097663433349
1997-04-17,0.04,529.09,10.74,-2.6,484.4,0.546219452783963
1997-04-18,0.67,567.94,10.76,-4.5,416.82,0.6001226882560646
1997-04-19,6.3,219.39,5.5,-1.03,560.59,0.6971485121058476
1997-04-20,11.37,308.98,3.91,-5.31,414.71,0.8444840223962586
1997-04-21,2.13,520.38,3.83,-9.19,302.81,0.9990066307496166
1997-04-22,0.44,589.29,5.23,-9.89,276.71,0.912761453994254
1997-04-23,0.09,502.6,4.9,-6.71,360.5,0.8660453165850993
1997-04-24,0.09,415.03,5.14,-3.91,450.1,0.8552646694906789
1997-04-25,4.5,412.8,5.33,-6.08,389.81,0.8983872578683603
1997-04-26,2.52,582.63,9.35,-8.95,288.46,0.8947937088368868
1997-04-27,5.95,507.76,11.73,-3.69,429.66,1.042129219127298
1997-04-28,4.82,316.09,4.91,-3.95,448.16,1.3619550829284341
1997-04-29,8.5,367.16,3.98,-6.37,380.78,1.3152389455192792
1997-04-30,9.31,405.19,4.61,-6.98,358.35,1.1714969842603418
1997-05-01,11.98,311.94,1.86,-6.4,379.88,1.1283743958826604
1997-05-02,3.15,507.34,3.58,-9.48,296.27,1.0133808268755102
1997-05-03,0.92,693.59,9.32,-9.86,261.65,0.9486969443089884
1997-05-04,0.27,594.79,9.98,-3.11,449.5,1.0313485720328777
1997-05-05,0.17,685.31,12.78,-4.18,394.23,1.2182131216694965
1997-05-06,4.43,541.77,11.62,-2.82,460.24,1.5703809267538937
1997-05-07,3.57,528.96,7.99,-5.21,405.26,2.0231681047195473
1997-05-08,0.09,723.04,10.19,-8.54,287.99,1.987232614404813
1997-05-09,0.0,748.8,15.19,-5.61,340.61,2.184877811135852
1997-05-10,0.0,725.34,15.94,-3.29,404.92,2.716723067793921
1997-05-11,0.0,669.54,12.79,-3.12,430.45,3.2234134812316766
1997-05-12,0.07,729.11,14.59,-4.56,368.86,3.5360522469698656
1997-05-13,0.01,655.44,14.55,-0.57,511.42,4.060710405564988
1997-05-14,0.0,655.19,15.12,-0.05,523.19,4.096645895879723
1997-05-15,0.0,702.32,17.42,-0.28,488.35,4.887226682803879
1997-05-16,2.14,620.62,18.43,0.2,519.99,5.6418719794133025
1997-05-17,4.2,489.69,14.2,-0.18,555.7,6.037162372875382
1997-05-18,0.35,603.17,9.68,-3.94,417.59,6.324646295393257
1997-05-19,1.03,680.75,12.45,-5.3,348.33,5.6418719794133025
1997-05-20,0.47,668.17,15.95,-1.64,446.86,5.78561394067224
1997-05-21,1.28,568.57,14.44,0.15,548.5,6.037162372875382
1997-05-22,0.18,659.64,15.13,-0.99,469.85,6.1449688438195835
1997-05-23,4.16,452.45,13.01,0.07,575.91,6.612130217911131
1997-05-24,9.83,344.15,9.71,-0.04,603.56,6.719936688855335
1997-05-25,6.12,271.41,5.97,-1.24,561.86,6.648065708225865
1997-05-26,0.0,440.37,7.17,-1.68,541.81,5.318452566580692
1997-05-27,0.0,551.96,10.43,-1.32,521.74,4.707549231230208
1997-05-28,2.18,530.84,13.01,-1.1,520.16,4.599742760286005
1997-05-29,5.58,377.34,11.53,1.04,643.27,5.318452566580692
1997-05-30,1.04,524.76,13.91,1.56,637.32,5.965291392245912
1997-05-31,1.45,636.75,19.0,2.32,608.42,6.863678650114272
1997-06-01,5.17,427.38,15.3,2.28,693.28,8.947937088368867
1997-06-02,1.47,586.73,15.15,0.53,565.43,8.912001598054134
1997-06-03,0.0,698.09,18.73,0.71,505.76,8.337033753018384
1997-06-04,0.0,672.78,21.87,4.72,659.35,9.019808068998337
1997-06-05,0.27,675.94,21.24,3.8,616.25,10.277550230014041
1997-06-06,0.15,667.71,20.25,3.0,584.1,10.744711604105587
1997-06-07,6.47,543.56,19.54,3.32,659.95,10.421292191272979
1997-06-08,8.07,439.6,17.32,3.68,750.01,10.0260017978109
1997-06-09,7.03,324.11,13.42,4.45,845.49,10.34942121064351
1997-06-10,8.94,342.75,13.76,4.28,837.83,9.415098462460415
1997-06-11,5.93,263.95,10.33,3.47,793.08,10.34942121064351
1997-06-12,4.44,429.77,14.04,2.31,713.73,9.05574355931307
1997-06-13,4.07,469.51,14.12,2.23,707.68,8.912001598054134
1997-06-14,2.81,535.81,15.5,1.73,644.31,8.337033753018384
1997-06-15,3.73,442.4,14.98,3.32,773.04,8.157356301444711
1997-06-16,3.24,517.83,16.27,2.82,710.94,8.301098262703649
1997-06-17,2.91,546.51,17.92,2.65,683.16,8.013614340185773
1997-06-18,8.94,443.22,16.19,3.51,777.69,8.408904733647852
1997-06-19,1.18,460.36,14.36,4.51,822.84,8.372969243333117
1997-06-20,0.02,590.5,13.18,0.89,613.11,7.582388456408961
1997-06-21,1.03,660.67,16.6,-0.78,508.44,7.0074206113732105
1997-06-22,0.53,631.97,18.71,4.42,739.66,6.863678650114272
1997-06-23,0.0,620.8,15.35,1.7,627.73,6.827743159799537
1997-06-24,0.0,622.89,11.97,-1.79,499.78,6.324646295393257
1997-06-25,0.33,681.68,16.43,-1.53,474.6,5.857484921301708
1997-06-26,0.0,719.25,20.98,0.97,526.22,5.749678450357506
1997-06-27,0.0,652.44,21.29,4.95,726.4,5.78561394067224
1997-06-28,0.16,655.23,20.48,3.67,664.1,5.749678450357506
1997-06-29,0.0,673.99,20.27,2.44,602.48,5.5340655084691
1997-06-30,0.0,659.66,19.31,2.28,603.76,5.354388056895427
1997-07-01,6.63,320.02,8.86,0.14,616.74,5.2825170762659575
1997-07-02,6.96,457.43,13.61,-0.54,584.31,5.030968644062817
1997-07-03,6.5,490.52,14.68,0.7,625.08,5.102839624692286
1997-07-04,1.75,604.92,18.21,0.59,580.52,4.707549231230208
1997-07-05,0.04,660.18,19.81,2.63,639.92,4.527871779656535
1997-07-06,3.19,583.65,20.45,4.33,760.48,4.456000799027067
1997-07-07,0.89,623.22,20.03,2.58,658.28,4.348194328082863
1997-07-08,0.0,669.27,21.87,3.64,673.04,4.240387857138661
1997-07-09,0.09,649.77,23.82,5.62,773.09,4.132581386194458
1997-07-10,4.18,463.78,18.84,5.18,865.27,4.060710405564988
1997-07-11,3.71,446.75,14.98,2.49,730.06,4.024774915250254
1997-07-12,10.2,296.76,9.46,1.53,688.48,3.809161973361847
1997-07-13,3.49,479.35,14.52,1.57,677.68,3.773226483047113
1997-07-14,0.16,644.55,20.62,2.3,652.28,3.5719877372846005
1997-07-15,0.02,636.32,24.49,6.04,828.99,3.4498070702145034
1997-07-16,0.0,619.9,24.93,6.97,887.83,3.3599683444276676
1997-07-17,0.36,580.48,24.17,7.16,924.56,3.273723167672305
1997-07-18,0.0,546.94,21.08,6.51,922.07,3.1731037947910488
1997-07-19,2.16,409.8,16.98,5.26,885.73,3.0940457160986323
1997-07-20,2.06,498.92,19.15,4.68,821.35,3.0078005393432705
1997-07-21,1.66,546.93,22.1,4.58,785.74,2.910774715493487
1997-07-22,0.13,615.67,24.5,5.37,784.7,2.813748891643704
1997-07-23,2.89,496.08,23.35,7.27,968.26,2.76703275423455
1997-07-24,0.4,453.71,20.5,8.05,1062.69,2.7023488716680277
1997-07-25,6.79,420.75,19.92,4.94,868.81,2.6520391852273995
1997-07-26,6.14,497.74,20.34,3.52,761.13,2.7023488716680277
1997-07-27,1.08,537.82,21.36,4.8,806.33,2.5442327142831966
1997-07-28,6.53,430.86,22.12,5.04,871.12,2.501110125905515
1997-07-29,9.21,320.85,17.85,6.63,978.41,2.533452067188776
1997-07-30,1.58,480.04,19.89,5.66,888.39,2.5154843220314085
1997-07-31,0.13,545.41,21.09,5.35,829.79,2.3681488117409977
1997-08-01,0.13,562.41,21.88,4.86,783.42,2.289090733048582
1997-08-02,2.85,487.43,22.78,4.97,823.28,2.2280003995135336
1997-08-03,0.0,604.0,25.61,5.51,783.93,2.170503615009958
1997-08-04,1.49,455.95,22.1,8.06,1044.32,2.087851987286069
1997-08-05,8.76,205.34,13.78,6.93,1004.51,2.113006830506383
1997-08-06,4.91,432.71,19.73,5.22,879.65,2.1166003795378567
1997-08-07,1.6,507.71,21.58,5.25,846.8,2.00520035956218
1997-08-08,0.0,519.32,20.78,5.75,892.87,1.9656713202159721
1997-08-09,2.01,454.66,15.91,1.81,689.88,1.915361633775344
1997-08-10,3.87,304.5,12.53,3.72,800.5,1.850677751208822
1997-08-11,3.04,376.11,15.76,3.78,803.83,1.8363035550829283
1997-08-12,2.54,386.58,16.34,3.9,808.77,1.7967745157367205
1997-08-13,5.34,329.84,15.72,3.93,812.69,1.8003680647681939
1997-08-14,4.97,263.23,13.68,5.11,884.13,1.8434906531458752
1997-08-15,3.34,465.66,17.73,3.25,773.54,1.7967745157367205
1997-08-16,4.7,363.31,13.66,2.92,757.18,1.8398971041144019
1997-08-17,1.79,492.62,18.06,1.79,690.17,1.7536519273590392
1997-08-18,1.2,470.22,18.41,4.1,815.08,1.6745938486666236
1997-08-19,1.0,501.32,19.03,2.88,747.97,1.6530325544777829
1997-08-20,0.73,544.1,22.93,3.41,757.78,1.588348671911261
1997-08-21,0.34,523.38,23.01,5.36,879.18,1.5524131815965263
1997-08-22,0.0,532.9,23.51,5.42,877.1,1.5056970441873718
1997-08-23,1.85,463.38,23.75,5.5,897.06,1.4697615538726372
1997-08-24,4.19,344.14,19.39,6.26,951.53,1.4625744558096905
1997-08-25,2.42,465.92,22.03,4.53,837.02,1.4769486519355843
1997-08-26,1.9,473.83,23.73,6.25,936.27,1.4050776713061155
1997-08-27,0.0,494.87,23.6,6.68,963.31,1.3799228280858014
1997-08-28,0.0,507.42,23.12,4.95,852.19,1.343987337771067
1997-08-29,0.0,478.07,20.48,4.32,826.25,1.3080518474563325
1997-08-30,0.0,509.38,21.32,2.83,736.77,1.2685228081101247
1997-08-31,0.0,505.96,23.24,4.36,813.92,1.2397744158583373
1997-09-01,0.0,457.35,21.11,5.32,886.82,1.2182131216694965
1997-09-02,1.47,388.56,19.81,5.34,895.97,1.1930582784491826
1997-09-03,0.77,335.4,17.6,6.66,977.22,1.1858711803862356
1997-09-04,0.48,398.71,17.91,4.36,834.79,1.1714969842603418
1997-09-05,1.25,418.95,19.17,2.51,732.5,1.1355614939456073
1997-09-06,4.49,323.72,18.34,3.97,812.17,1.1319679449141338
1997-09-07,2.96,396.71,19.14,2.81,747.98,1.157122788134448
1997-09-08,0.0,454.72,19.89,3.13,761.04,1.1140001997567668
1997-09-09,0.04,472.62,21.67,2.95,742.1,1.0636905133161385
1997-09-10,7.41,338.43,20.28,4.84,862.61,1.042129219127298
1997-09-11,9.87,236.74,14.18,3.69,800.33,1.1427485920085543
1997-09-12,4.22,205.95,10.69,3.1,768.41,1.2685228081101247
1997-09-13,1.98,368.33,18.23,2.28,721.74,1.189464729417709
1997-09-14,0.0,386.28,19.04,4.71,856.45,1.085251807504979
1997-09-15,3.94,307.38,14.06,1.65,695.64,1.034942121064351
1997-09-16,2.68,223.49,8.02,-0.58,589.08,1.042129219127298
1997-09-17,1.05,369.3,13.87,-0.62,585.36,1.0097872778440369
1997-09-18,5.8,209.98,9.23,0.31,625.26,0.9882259836551962
1997-09-19,0.47,278.55,8.24,-1.21,563.25,1.0205679249384572
1997-09-20,0.19,349.12,10.38,-2.12,524.73,0.9774453365607759
1997-09-21,4.08,187.43,8.62,0.95,652.41,0.9486969443089884
1997-09-22,4.63,230.26,8.91,-0.24,601.71,1.0133808268755102
1997-09-23,0.39,419.84,14.82,-1.99,530.73,0.9666646894663555
1997-09-24,0.12,448.0,19.27,-1.12,565.67,0.9199485520572009
1997-09-25,0.64,400.75,18.39,0.81,648.18,0.8947937088368868
1997-09-26,0.79,220.21,13.34,5.43,900.91,0.8804195127109931
1997-09-27,4.83,251.25,9.36,-1.08,568.77,0.9343227481830947
1997-09-28,0.0,389.54,11.89,-2.83,498.04,0.9199485520572009
1997-09-29,0.06,409.43,15.61,-1.32,557.35,0.8732324146480462
1997-09-30,0.0,414.39,18.06,0.11,614.84,0.8444840223962586
1997-10-01,0.0,392.24,19.01,2.32,724.65,0.8121420811129976
1997-10-02,4.12,299.22,14.6,1.15,666.23,0.7977678849871038
1997-10-03,1.06,244.78,8.98,-0.23,602.3,0.822922728207418
1997-10-04,0.0,330.62,11.97,-0.38,595.75,0.8121420811129976
1997-10-05,0.04,353.67,9.86,-3.83,461.29,0.7941743359556305
1997-10-06,1.97,342.48,11.85,-4.9,432.03,0.7726130417667898
1997-10-07,4.75,240.23,8.22,-2.18,521.87,0.7654259437038429
1997-10-08,5.98,144.69,0.92,-5.27,419.11,0.8013614340185774
1997-10-09,4.93,185.53,2.35,-5.11,423.5,0.7941743359556305
1997-10-10,7.89,174.31,5.96,-1.44,552.92,0.8157356301444711
1997-10-11,10.82,207.44,2.99,-5.87,400.19,0.88760661077394
1997-10-12,4.53,188.5,-2.17,-9.27,305.31,0.8660453165850993
1997-10-13,3.55,212.23,-0.73,-8.92,312.93,0.8049549830500508
1997-10-14,0.0,304.86,5.42,-4.26,444.98,0.7869872378926835
1997-10-15,0.0,377.18,9.5,-4.73,435.24,0.7869872378926835
1997-10-16,0.0,392.34,14.11,-2.73,501.15,0.7869872378926835
1997-10-17,0.0,377.0,14.1,-1.96,532.07,0.7977678849871038
1997-10-18,0.0,345.02,10.74,-3.05,488.87,0.8013614340185774
1997-10-19,0.0,338.38,9.79,-3.64,469.25,0.7941743359556305
1997-10-20,0.0,304.9,6.82,-4.79,433.68,0.7762065907982632
1997-10-21,0.0,342.27,8.46,-6.09,389.77,0.7546452966094227
1997-10-22,0.0,291.54,7.15,-4.54,438.89,0.7438646495150023
1997-10-23,7.29,169.27,1.38,-6.1,391.44,0.7366775514520554
1997-10-24,4.37,208.27,-4.21,-12.83,234.46,0.7402711004835288
1997-10-25,0.0,358.79,-0.57,-16.14,174.52,0.6755872179170069
1997-10-26,0.13,331.17,3.38,-10.72,271.58,0.700742061137321
1997-10-27,0.0,288.09,3.52,-7.87,338.37,0.7115227082317414
1997-10-28,0.0,307.26,3.95,-8.56,318.81,0.6971485121058476
1997-10-29,4.15,127.66,1.46,-4.04,452.51,0.693554963074374
1997-10-30,12.69,77.93,2.16,-1.31,558.34,0.700742061137321
1997-10-31,8.91,155.21,1.69,-5.35,419.11,0.8085485320815242
1997-11-01,0.68,218.08,-0.57,-8.44,326.78,0.7618323946723695
1997-11-02,0.07,314.4,1.01,-12.33,239.49,0.7043356101687944
1997-11-03,0.78,273.83,3.05,-8.74,312.9,0.6827743159799539
1997-11-04,0.0,266.66,4.99,-5.46,409.96,0.693554963074374
1997-11-05,0.0,310.63,7.83,-6.41,380.51,0.6719936688855335
1997-11-06,0.0,314.93,9.77,-5.92,395.88,0.6612130217911132
1997-11-07,0.13,292.35,9.32,-4.89,428.72,0.6612130217911132
1997-11-08,0.38,229.51,2.25,-7.56,347.89,0.66840011985406
1997-11-09,0.0,240.03,-1.2,-11.08,267.39,0.6432452766337459
1997-11-10,0.0,289.45,-0.33,-14.47,202.52,0.6037162372875381
1997-11-11,0.0,289.36,-1.71,-16.56,170.57,0.5749678450357506
1997-11-12,0.0,291.93,-0.17,-15.88,176.14,0.5605936489098567
1997-11-13,0.0,285.99,-0.59,-16.11,177.06,0.5929355901931178
1997-11-14,0.0,270.44,-6.42,-20.62,122.35,0.5534065508469099
1997-11-15,0.0,283.01,-3.59,-19.31,130.96,0.5066904134377551
1997-11-16,0.0,273.69,-1.85,-16.93,163.22,0.5318452566580693
1997-11-17,2.96,130.5,-2.86,-9.73,287.28,0.5534065508469099
1997-11-18,1.72,109.53,-3.28,-8.44,324.09,0.5713742960042771
1997-11-19,7.95,93.25,-2.21,-7.29,354.84,0.5713742960042771
1997-11-20,4.94,73.49,-2.46,-6.35,381.4,0.578561394067224
1997-11-21,4.14,119.79,-2.96,-9.12,307.66,0.5749678450357506
1997-11-22,0.03,227.66,-3.59,-13.93,211.31,0.5641871979413302
1997-11-23,1.14,232.16,-2.05,-14.68,197.66,0.5318452566580693
1997-11-24,0.19,159.51,0.96,-6.22,388.11,0.5605936489098567
1997-11-25,6.76,188.46,-0.44,-11.2,266.2,0.5677807469728037
1997-11-26,9.37,192.81,-1.23,-14.36,203.14,0.5426259037524895
1997-11-27,3.28,177.02,0.82,-8.8,310.54,0.5641871979413302
1997-11-28,0.0,233.74,1.99,-9.52,296.26,0.5498130018154365
1997-11-29,0.0,242.77,2.2,-10.86,267.75,0.5354388056895427
1997-11-30,0.0,232.58,1.63,-10.54,275.57,0.5318452566580693
1997-12-01,2.41,150.14,-1.97,-10.06,282.89,0.5426259037524895
1997-12-02,0.0,241.33,-4.36,-17.31,161.47,0.5318452566580693
1997-12-03,0.0,259.61,-3.29,-19.16,136.59,0.4779420211859677
1997-12-04,0.0,248.14,-2.72,-17.26,158.69,0.48512911924891455
1997-12-05,0.0,251.77,-3.11,-18.47,144.24,0.5030968644062818
1997-12-06,0.61,231.6,-0.79,-14.86,193.52,0.521064609563649
1997-12-07,0.8,141.39,-1.55,-8.71,314.59,0.5390323547210162
1997-12-08,3.62,111.98,-1.36,-7.74,344.07,0.5318452566580693
1997-12-09,2.35,147.26,-5.96,-14.16,208.52,0.521064609563649
1997-12-10,0.0,221.51,-10.01,-21.86,110.18,0.4815355702174411
1997-12-11,0.0,252.21,-6.9,-22.6,101.21,0.44919362893418013
1997-12-12,0.0,237.61,-4.24,-17.83,154.19,0.44919362893418013
1997-12-13,0.0,235.59,-0.82,-14.43,205.49,0.46716137409154734
1997-12-14,0.18,234.2,1.7,-12.4,240.62,0.48512911924891455
1997-12-15,2.33,131.48,-2.15,-8.98,309.83,0.5030968644062818
1997-12-16,1.24,92.76,-3.32,-7.63,346.22,0.521064609563649
1997-12-17,5.43,60.01,-1.81,-4.84,430.64,0.5030968644062818
1997-12-18,8.17,126.93,-3.27,-10.81,271.36,0.5030968644062818
1997-12-19,0.07,230.73,-7.12,-19.62,127.9,0.4743484721544942
1997-12-20,0.0,245.11,-2.93,-17.8,154.27,0.47075492312302075
1997-12-21,0.0,214.01,-5.43,-16.92,163.32,0.47075492312302075
1997-12-22,0.06,223.79,-6.83,-19.24,130.61,0.46716137409154734
1997-12-23,0.14,215.62,-7.97,-19.69,132.89,0.44919362893418013
1997-12-24,0.02,209.72,-9.36,-20.49,122.7,0.45278717796565354
1997-12-25,0.0,248.83,-7.74,-23.56,94.1,0.4312258837768129
1997-12-26,0.0,238.85,-6.27,-20.54,122.4,0.4132581386194457
1997-12-27,3.1,157.46,-8.67,-18.27,144.98,0.4312258837768129
1997-12-28,6.77,155.39,-6.52,-17.24,161.43,0.44919362893418013
1997-12-29,6.86,87.51,-2.6,-7.95,333.09,0.456380726997127
1997-12-30,0.0,134.5,-0.98,-6.97,364.16,0.4635678250600739
1997-12-31,0.0,208.31,0.79,-9.73,291.62,0.45997427602860047
1998-01-01,1.54,194.85,1.12,-7.72,343.5,0.44560007990270667
1998-01-02,7.96,97.09,-0.67,-5.11,422.98,0.4635678250600739
1998-01-03,4.8,116.29,-1.5,-6.94,365.07,0.4635678250600739
1998-01-04,2.51,156.75,-1.86,-8.57,319.84,0.46716137409154734
1998-01-05,1.52,223.03,-4.48,-14.1,211.17,0.4635678250600739
1998-01-06,0.02,235.35,-6.71,-16.13,177.02,0.4420065308712332
1998-01-07,3.41,167.37,-6.61,-14.03,209.73,0.4420065308712332
1998-01-08,4.66,190.15,-7.92,-17.44,158.57,0.44919362893418013
1998-01-09,0.21,273.32,-9.69,-22.48,99.39,0.39529039346207856
1998-01-10,10.38,173.21,-6.04,-14.39,199.37,0.35935490314734414
1998-01-11,17.65,189.19,-6.11,-15.6,185.03,0.37732264830471135
1998-01-12,7.94,155.66,-6.49,-13.73,215.89,0.39529039346207856
1998-01-13,8.79,136.14,-4.06,-10.1,282.38,0.4312258837768129
1998-01-14,3.36,148.49,-4.55,-10.24,279.32,0.4635678250600739
1998-01-15,8.24,192.32,-4.65,-13.52,219.82,0.46716137409154734
1998-01-16,2.82,226.01,-6.21,-16.15,175.76,0.44560007990270667
1998-01-17,10.93,138.09,-2.65,-8.25,325.93,0.45278717796565354
1998-01-18,1.76,232.26,-0.99,-9.37,300.21,0.47075492312302075
1998-01-19,3.43,218.63,-0.33,-9.38,299.63,0.47075492312302075
1998-01-20,3.85,162.74,-4.42,-10.39,279.05,0.47075492312302075
1998-01-21,2.33,208.11,-6.49,-14.02,209.07,0.4635678250600739
1998-01-22,3.6,191.04,-6.9,-14.15,205.79,0.45997427602860047
1998-01-23,1.39,290.87,-3.96,-15.91,174.96,0.45278717796565354
1998-01-24,4.55,140.02,-2.77,-7.58,344.51,0.45997427602860047
1998-01-25,0.76,265.77,-2.54,-10.97,268.85,0.46716137409154734
1998-01-26,0.94,257.48,-1.18,-9.43,298.71,0.456380726997127
1998-01-27,3.27,160.56,-2.2,-7.85,339.19,0.4635678250600739
1998-01-28,2.63,267.82,-0.03,-10.71,271.85,0.4635678250600739
1998-01-29,0.0,369.13,2.67,-13.57,217.11,0.4420065308712332
1998-01-30,3.06,239.83,-1.07,-9.44,300.17,0.45278717796565354
1998-01-31,0.0,370.33,-0.97,-15.3,187.32,0.456380726997127
1998-02-01,0.0,373.75,-1.64,-16.16,173.87,0.4420065308712332
1998-02-02,0.49,341.79,-2.12,-13.99,209.68,0.43481943280828633
1998-02-03,0.08,372.02,2.62,-11.75,249.53,0.44560007990270667
1998-02-04,0.0,357.43,5.57,-6.94,363.93,0.456380726997127
1998-02-05,0.0,345.63,1.26,-10.03,284.9,0.44919362893418013
1998-02-06,0.0,381.95,1.94,-12.31,239.91,0.44560007990270667
1998-02-07,0.02,230.06,-0.08,-6.28,383.06,0.44919362893418013
1998-02-08,1.99,236.27,0.04,-7.05,360.82,0.45278717796565354
1998-02-09,2.52,239.29,-2.36,-9.93,290.39,0.44919362893418013
1998-02-10,0.0,364.87,-3.72,-14.6,201.22,0.4384129818397598
1998-02-11,2.11,299.07,-3.61,-13.56,217.77,0.4384129818397598
1998-02-12,0.99,268.05,-3.62,-10.86,269.53,0.4384129818397598
1998-02-13,4.2,243.57,-2.14,-10.32,279.45,0.4384129818397598
1998-02-14,3.94,262.62,-1.94,-11.21,260.49,0.4384129818397598
1998-02-15,0.14,379.81,1.56,-9.52,298.37,0.4420065308712332
1998-02-16,0.18,365.67,1.58,-8.76,316.39,0.4384129818397598
1998-02-17,0.0,412.8,0.55,-11.99,244.85,0.43481943280828633
1998-02-18,0.0,401.42,-0.61,-12.32,237.59,0.4312258837768129
1998-02-19,0.0,446.31,-0.4,-15.33,187.64,0.4312258837768129
1998-02-20,0.0,479.42,3.2,-17.37,159.71,0.4060710405564988
1998-02-21,2.59,338.52,-1.31,-12.79,231.46,0.424038785713866
1998-02-22,4.25,271.73,-1.84,-10.99,268.0,0.43481943280828633
1998-02-23,0.6,401.97,-2.12,-14.22,201.51,0.424038785713866
1998-02-24,5.17,289.28,-1.33,-11.67,248.52,0.42763233474533946
1998-02-25,1.89,343.85,-5.36,-16.05,177.36,0.42763233474533946
1998-02-26,0.0,437.57,-6.57,-19.61,129.39,0.3988839424935519
1998-02-27,0.94,438.32,-6.15,-20.56,121.19,0.4060710405564988
1998-02-28,0.0,504.83,-5.46,-23.11,97.58,0.3881032953991316
1998-03-01,0.45,479.16,-2.32,-18.98,134.67,0.4060710405564988
1998-03-02,0.43,438.48,2.13,-11.12,264.52,0.42763233474533946
1998-03-03,2.37,363.71,-0.36,-12.09,245.69,0.4312258837768129
1998-03-04,2.88,304.01,-5.45,-14.58,200.03,0.4204452366823926
1998-03-05,1.6,461.53,-6.01,-19.43,131.26,0.4132581386194457
1998-03-06,0.0,465.5,-8.25,-20.74,119.24,0.3881032953991316
1998-03-07,0.34,547.27,-5.22,-24.62,83.61,0.40966458958797225
1998-03-08,0.87,523.49,-2.9,-23.08,99.26,0.3845097463676582
1998-03-09,1.53,427.5,-3.31,-15.77,178.62,0.40966458958797225
1998-03-10,5.35,307.48,-1.74,-12.24,243.19,0.4132581386194457
1998-03-11,2.67,345.38,2.1,-8.72,315.73,0.424038785713866
1998-03-12,0.0,524.01,6.35,-9.5,288.44,0.4132581386194457
1998-03-13,0.0,572.56,9.0,-11.48,249.16,0.4132581386194457
1998-03-14,0.0,559.06,9.57,-9.54,289.71,0.4168516876509191
1998-03-15,0.0,514.37,7.26,-8.43,317.63,0.4204452366823926
1998-03-16,0.75,350.92,4.29,-5.35,409.69,0.42763233474533946
1998-03-17,3.78,305.01,0.13,-9.82,291.06,0.42763233474533946
1998-03-18,1.55,405.88,0.67,-11.26,258.6,0.40966458958797225
1998-03-19,0.94,489.87,0.87,-12.85,226.76,0.4168516876509191
1998-03-20,0.0,591.56,4.97,-14.66,193.78,0.4060710405564988
1998-03-21,1.85,502.69,7.87,-9.73,286.57,0.4168516876509191
1998-03-22,2.95,216.47,4.0,-1.89,532.71,0.4312258837768129
1998-03-23,6.94,137.66,3.71,-0.25,601.11,0.4420065308712332
1998-03-24,6.87,161.14,3.14,-1.44,554.42,0.4743484721544942
1998-03-25,10.38,173.33,3.06,-1.94,532.69,0.4995033153748083
1998-03-26,6.78,250.71,4.04,-3.26,483.7,0.5246581585951223
1998-03-27,5.57,357.33,2.56,-8.22,333.76,0.5102839624692286
1998-03-28,3.8,363.13,1.26,-8.96,310.52,0.4815355702174411
1998-03-29,0.31,465.82,-1.49,-11.98,246.19,0.456380726997127
1998-03-30,0.65,617.14,4.87,-14.93,192.26,0.4312258837768129
1998-03-31,0.0,604.22,5.81,-10.09,276.71,0.45997427602860047
1998-04-01,0.0,646.64,8.66,-10.49,267.01,0.44919362893418013
1998-04-02,0.03,551.24,6.79,-6.74,356.55,0.45997427602860047
1998-04-03,0.74,458.71,6.81,-4.08,447.96,0.47075492312302075
1998-04-04,1.71,504.35,7.23,-6.63,363.81,0.4779420211859677
1998-04-05,1.13,407.87,3.23,-6.19,390.27,0.4815355702174411
1998-04-06,0.0,589.68,5.13,-9.0,307.32,0.4815355702174411
1998-04-07,0.08,605.79,4.88,-9.79,282.92,0.4743484721544942
1998-04-08,1.62,477.01,2.97,-8.36,319.79,0.48512911924891455
1998-04-09,3.3,429.9,3.24,-7.87,333.88,0.4815355702174411
1998-04-10,1.15,480.98,4.74,-6.22,381.6,0.4815355702174411
1998-04-11,2.68,430.16,8.23,-2.94,482.34,0.48512911924891455
1998-04-12,4.19,435.52,4.4,-7.59,346.18,0.5066904134377551
1998-04-13,2.26,537.52,2.98,-10.22,278.02,0.5102839624692286
1998-04-14,4.12,467.67,2.55,-7.91,327.28,0.4923162173118614
1998-04-15,7.86,374.07,1.85,-7.14,355.56,0.4959097663433349
1998-04-16,3.48,447.76,2.38,-8.42,319.26,0.4995033153748083
1998-04-17,4.97,487.32,2.09,-11.79,245.17,0.4923162173118614
1998-04-18,1.35,651.27,3.79,-14.27,181.19,0.4815355702174411
1998-04-19,0.0,569.45,3.93,-7.19,328.51,0.48872266828038796
1998-04-20,0.72,659.24,8.12,-7.3,300.56,0.48512911924891455
1998-04-21,0.0,730.97,11.63,-8.14,254.06,0.513877511500702
1998-04-22,0.0,729.31,15.08,-5.4,298.76,0.5929355901931178
1998-04-23,0.0,681.57,15.95,-1.42,408.13,0.7510517475779491
1998-04-24,1.92,476.84,8.27,-2.66,439.04,1.0061937288125635
1998-04-25,0.18,555.65,4.91,-6.98,327.54,0.9486969443089884
1998-04-26,0.0,688.3,6.92,-10.25,229.7,0.8372969243333118
1998-04-27,0.0,691.26,9.3,-8.4,251.87,0.8696388656165727
1998-04-28,0.0,683.94,12.82,-4.72,315.34,0.9271356501201478
1998-04-29,0.0,697.44,14.7,-3.65,325.02,1.2038389255436026
1998-04-30,0.0,695.88,15.71,-2.6,346.5,1.6242841622259951
1998-05-01,0.0,689.86,15.13,-2.6,345.35,2.0231681047195473
1998-05-02,0.0,705.85,16.94,-2.15,345.63,2.325026223363316
1998-05-03,0.0,680.49,16.67,-0.97,384.59,2.612510145881192
1998-05-04,0.0,640.65,14.1,-1.7,387.8,2.932336009682328
1998-05-05,0.07,654.18,14.6,-1.91,374.26,3.1120134612559998
1998-05-06,0.0,627.71,13.82,-1.4,402.36,3.356374795396194
1998-05-07,0.0,611.49,13.36,-1.26,414.09,3.2629425205778846
1998-05-08,0.0,643.84,12.73,-3.15,351.71,3.4354328740886095
1998-05-09,0.71,619.82,12.12,-3.84,343.58,3.3204393050814596
1998-05-10,1.27,501.95,10.3,-2.51,420.47,3.1695102457595747
1998-05-11,2.03,425.79,8.39,-2.55,444.36,3.298878010892619
1998-05-12,3.05,535.65,11.94,-3.73,370.42,2.7814069503604433
1998-05-13,5.12,365.39,7.71,-2.44,482.25,2.9143682645249607
1998-05-14,5.39,238.74,3.25,-3.18,480.66,2.4867359297796208
1998-05-15,3.99,350.03,6.43,-3.01,481.85,2.2315939485450067
1998-05-16,2.94,488.0,10.02,-3.83,401.82,2.0087939085936535
1998-05-17,5.01,339.85,5.63,-3.15,463.73,2.0591035950342818
1998-05-18,1.43,527.86,8.7,-4.33,389.34,1.933329378932711
1998-05-19,0.1,688.9,14.25,-3.64,335.23,1.947703575058605
1998-05-20,0.23,640.66,16.5,0.35,454.29,2.321432674331843
1998-05-21,7.1,391.16,11.48,0.06,574.33,3.014987637406217
1998-05-22,7.92,286.7,5.35,-2.37,508.86,3.3204393050814596
1998-05-23,2.9,377.07,7.27,-1.95,513.76,2.6915682245736074
1998-05-24,0.25,612.21,12.28,-1.57,440.96,2.4795488317166745
1998-05-25,0.49,684.01,16.29,-1.36,400.16,2.5945424007238245
1998-05-26,0.04,693.65,17.31,-0.17,416.83,3.33121995217588
1998-05-27,0.63,603.77,11.4,-2.63,399.06,3.8450974636765816
1998-05-28,0.48,664.56,13.77,-2.68,370.09,3.23778767735757
1998-05-29,0.37,666.39,16.95,0.08,435.11,3.399497383773875
1998-05-30,1.2,495.95,9.96,-1.37,475.66,3.916968444306051
1998-05-31,1.09,644.96,13.31,-3.02,368.41,3.176697343822522
1998-06-01,0.2,588.72,12.94,0.27,493.64,3.3779360895850346
1998-06-02,6.31,435.33,11.73,-0.62,538.54,3.66542001210291
1998-06-03,8.91,294.25,4.24,-3.04,488.46,3.773226483047113
1998-06-04,3.62,298.18,2.5,-4.36,444.5,3.201852187042836
1998-06-05,1.91,614.91,8.85,-6.53,318.4,2.7957811464863367
1998-06-06,3.55,475.36,9.32,-3.15,446.05,2.6304778910385584
1998-06-07,4.95,408.38,9.92,-0.58,574.99,2.680787577479187
1998-06-08,2.48,505.28,10.17,-1.04,514.7,2.705942420699501
1998-06-09,2.64,467.56,11.07,0.21,569.96,2.6376649891015056
1998-06-10,2.34,417.02,9.49,0.85,621.48,2.7526585581086556
1998-06-11,3.9,437.21,12.88,2.37,686.43,2.756252107140129
1998-06-12,1.66,554.22,14.82,2.56,630.05,3.388716736679455
1998-06-13,9.39,489.97,14.13,0.7,586.21,3.773226483047113
1998-06-14,6.96,394.24,9.92,-0.27,587.46,4.204452366823926
1998-06-15,15.18,318.16,6.5,-1.22,557.46,3.6294845217881755
1998-06-16,10.04,332.66,6.25,-1.78,539.58,4.060710405564988
1998-06-17,2.21,407.61,7.33,-0.87,574.58,3.6294845217881755
1998-06-18,5.86,482.07,10.8,-1.07,549.83,3.2880973637981983
1998-06-19,20.28,349.31,8.68,0.42,628.41,4.635678250600739
1998-06-20,2.8,506.75,10.5,-0.67,581.63,4.671613740915473
1998-06-21,2.4,609.52,14.78,-1.23,529.75,4.060710405564988
1998-06-22,0.3,685.04,17.61,1.12,583.44,3.8450974636765816
1998-06-23,3.87,418.75,11.63,2.08,697.25,3.952903934620785
1998-06-24,4.57,400.79,12.05,2.43,721.43,3.952903934620785
1998-06-25,8.75,292.38,9.89,3.21,776.13,4.3122588377681295
1998-06-26,15.65,339.96,7.57,-0.14,607.2,5.138775115007021
1998-06-27,4.89,529.42,8.94,-1.7,541.7,4.671613740915473
1998-06-28,0.0,721.45,15.8,-0.84,512.17,4.096645895879723
1998-06-29,0.0,725.03,19.4,1.47,585.84,3.9888394249355197
1998-06-30,0.96,689.62,21.73,3.21,668.09,4.096645895879723
1998-07-01,0.0,705.93,21.82,4.54,728.04,4.348194328082863
1998-07-02,1.14,671.24,23.46,4.92,754.59,4.599742760286005
1998-07-03,0.3,694.04,23.49,5.27,763.22,4.7434847215449425
1998-07-04,0.14,683.45,23.71,5.9,799.48,4.56380726997127
1998-07-05,0.0,666.64,22.47,5.8,807.63,4.3122588377681295
1998-07-06,0.0,641.86,20.78,5.2,795.25,4.060710405564988
1998-07-07,0.0,673.63,22.48,4.98,761.76,3.8450974636765816
1998-07-08,0.28,646.72,22.12,4.99,776.05,3.6294845217881755
1998-07-09,0.0,675.88,23.88,5.26,763.51,3.431839325057136
1998-07-10,0.39,626.55,23.28,6.65,869.78,3.2952844618611454
1998-07-11,1.22,565.89,21.31,6.08,882.15,3.2306005792946237
1998-07-12,0.0,638.25,21.3,4.21,732.35,3.129981206413367
1998-07-13,0.02,644.73,23.89,5.9,804.83,2.957490852902642
1998-07-14,0.0,625.29,23.15,5.75,803.98,2.8389037348640183
1998-07-15,0.0,648.63,24.39,5.25,748.45,2.709535969730975
1998-07-16,0.0,655.49,26.48,5.94,767.73,2.5945424007238245
1998-07-17,0.0,648.18,27.77,6.9,809.99,2.490329478811095
1998-07-18,0.11,615.98,28.28,8.77,938.27,2.4004907530242585
1998-07-19,0.0,597.0,27.17,8.63,947.76,2.325026223363316
1998-07-20,0.0,569.79,26.61,9.2,1009.02,2.238781046607954
1998-07-21,0.05,594.59,25.44,6.73,843.92,2.159722967915538
1998-07-22,0.0,596.73,24.45,5.74,792.9,2.0770713401916487
1998-07-23,1.18,482.36,23.01,7.47,978.24,2.0267616537510205
1998-07-24,0.86,453.55,21.36,7.69,1015.29,2.030355202782494
1998-07-25,0.23,505.09,22.69,7.28,953.22,1.980045516341866
1998-07-26,0.0,535.3,24.13,7.19,923.34,1.8722390453976627
1998-07-27,0.27,498.87,23.78,7.89,996.12,1.8147422608940877
1998-07-28,8.56,340.65,21.76,8.01,1080.24,1.8075551628311408
1998-07-29,7.67,262.87,17.34,7.48,1045.46,1.9225487318382908
1998-07-30,4.83,321.22,17.97,5.99,938.35,1.8363035550829283
1998-07-31,4.19,382.49,20.93,5.18,889.59,1.8111487118626142
1998-08-01,4.49,334.64,16.76,4.44,838.87,1.696155142855464
1998-08-02,3.09,289.53,15.99,6.57,974.17,1.6925615938239909
1998-08-03,0.46,422.85,17.67,5.7,924.5,1.6242841622259951
1998-08-04,0.0,542.64,21.75,4.48,821.58,1.5524131815965263
1998-08-05,0.0,571.0,25.1,5.29,842.3,1.498509946124425
1998-08-06,0.0,541.48,25.74,7.33,985.9,1.4482002596837968
1998-08-07,0.0,500.49,24.57,8.29,1081.81,1.4050776713061155
1998-08-08,0.0,512.7,23.62,6.7,961.52,1.369142180991381
1998-08-09,0.0,513.12,23.72,6.73,964.82,1.329613141645173
1998-08-10,0.82,470.67,21.92,5.92,923.39,1.2936776513304387
1998-08-11,0.0,526.09,23.09,5.01,852.5,1.2613357100471778
1998-08-12,0.0,500.17,23.94,6.89,972.59,1.2361808668268637
1998-08-13,0.0,519.15,25.11,6.77,948.34,1.2074324745750762
1998-08-14,0.0,491.83,24.46,7.53,1011.47,1.1858711803862356
1998-08-15,1.55,450.17,22.97,5.67,900.92,1.1643098861973948
1998-08-16,1.56,432.53,21.58,6.38,948.56,1.1607163371659215
1998-08-17,7.38,298.2,17.71,6.7,977.22,1.1535292391029746
1998-08-18,6.83,266.36,16.27,5.83,925.96,1.2002453765121293
1998-08-19,3.46,378.28,18.93,4.31,828.08,1.1679034352288682
1998-08-20,0.12,477.19,20.88,5.03,867.63,1.1355614939456073
1998-08-21,2.65,427.26,20.57,4.73,847.08,1.099626003630873
1998-08-22,0.61,461.53,20.06,4.18,815.75,1.085251807504979
1998-08-23,0.0,513.72,21.31,2.7,727.83,1.0565034152531916
1998-08-24,0.0,485.49,18.51,1.84,690.82,1.0241614739699307
1998-08-25,0.0,527.85,21.81,1.53,665.37,0.9954130817181431
1998-08-26,0.32,408.75,18.79,4.94,866.31,0.9810388855922494
1998-08-27,0.0,470.51,19.33,2.92,749.75,0.9738517875293025
1998-08-28,0.0,512.12,23.45,3.11,748.32,0.9486969443089884
1998-08-29,0.0,498.14,24.44,4.34,818.0,0.9271356501201478
1998-08-30,0.0,470.07,24.02,5.75,906.03,0.9055743559313071
1998-08-31,0.0,447.97,22.75,5.7,908.27,0.88760661077394
1998-09-01,0.01,474.86,23.71,4.33,820.81,0.8732324146480462
1998-09-02,0.0,456.65,24.7,6.1,923.42,0.8624517675536258
1998-09-03,0.0,467.49,25.71,5.91,901.41,0.8408904733647852
1998-09-04,0.0,444.75,24.93,6.57,955.41,0.8265162772388914
1998-09-05,0.72,390.67,24.95,8.78,1125.42,0.8121420811129976
1998-09-06,1.86,325.28,22.71,8.81,1138.01,0.8157356301444711
1998-09-07,0.11,396.86,23.26,7.59,1035.28,0.8049549830500508
1998-09-08,0.78,341.93,21.02,7.54,1037.52,0.7941743359556305
1998-09-09,0.0,361.18,20.1,6.5,961.52,0.7869872378926835
1998-09-10,4.06,221.01,15.09,5.35,902.66,0.7798001398297367
1998-09-11,4.36,293.62,17.88,3.58,793.99,0.7869872378926835
1998-09-12,14.85,165.76,13.71,6.09,941.91,0.8121420811129976
1998-09-13,0.91,341.53,16.74,4.02,812.34,0.8624517675536258
1998-09-14,0.0,409.11,19.8,3.71,791.78,0.7905807869241571
1998-09-15,0.0,424.79,21.7,3.95,784.83,0.7618323946723695
1998-09-16,0.0,404.29,21.64,4.82,840.95,0.7438646495150023
1998-09-17,0.0,402.08,21.65,4.65,826.27,0.7294904533891085
1998-09-18,0.0,394.23,18.86,2.66,702.17,0.7187098062946883
1998-09-19,2.14,261.84,10.74,-0.35,592.89,0.7115227082317414
1998-09-20,4.52,165.32,6.16,-1.34,557.62,0.7187098062946883
1998-09-21,1.09,280.69,8.87,-1.76,539.66,0.7223033553261616
1998-09-22,2.71,222.19,8.17,-0.92,573.16,0.700742061137321
1998-09-23,0.21,362.71,12.25,-1.68,539.4,0.6971485121058476
1998-09-24,0.0,344.44,13.6,0.18,604.61,0.6827743159799539
1998-09-25,2.59,257.65,12.31,0.86,632.58,0.6648065708225865
1998-09-26,7.13,161.95,8.21,0.57,634.36,0.6863678650114272
1998-09-27,0.42,352.35,13.74,0.16,586.9,0.6971485121058476
1998-09-28,0.0,369.43,15.66,0.85,599.18,0.6719936688855335
1998-09-29,0.0,395.12,17.32,0.36,562.13,0.6504323746966928
1998-09-30,0.0,373.71,15.72,0.12,565.5,0.6360581785707992
1998-10-01,0.26,353.67,15.08,1.04,620.9,0.6324646295393256
1998-10-02,4.76,212.47,9.48,-0.71,582.11,0.6324646295393256
1998-10-03,3.98,158.43,4.3,-2.2,524.76,0.6432452766337459
1998-10-04,1.46,189.75,1.71,-4.65,437.84,0.6396517276022725
1998-10-05,0.07,322.18,4.59,-6.62,374.41,0.6216839824449052
1998-10-06,0.0,325.38,9.86,-1.81,533.86,0.6073097863190116
1998-10-07,0.38,364.08,14.35,-1.23,540.33,0.6037162372875381
1998-10-08,0.0,359.5,13.51,-1.38,537.75,0.6001226882560646
1998-10-09,0.0,338.8,11.06,-2.43,504.71,0.5893420411616443
1998-10-10,0.0,322.31,9.11,-3.31,477.61,0.5821549430986974
1998-10-11,0.0,332.57,7.14,-6.01,388.75,0.5749678450357506
1998-10-12,0.0,356.71,12.87,-3.23,472.5,0.5677807469728037
1998-10-13,0.0,341.06,14.51,-0.91,559.93,0.5570000998783834
1998-10-14,0.0,286.81,8.72,-3.01,486.22,0.5570000998783834
1998-10-15,0.92,239.87,5.43,-4.09,451.84,0.5498130018154365
1998-10-16,2.08,145.52,1.35,-4.25,448.18,0.546219452783963
1998-10-17,0.0,245.08,2.91,-5.8,398.51,0.5318452566580693
1998-10-18,0.0,280.07,5.32,-5.15,420.43,0.5354388056895427
1998-10-19,0.0,324.74,6.92,-6.9,363.34,0.5246581585951223
1998-10-20,0.0,345.82,9.98,-6.99,357.56,0.513877511500702
1998-10-21,0.0,341.54,12.9,-4.66,427.99,0.5102839624692286
1998-10-22,0.31,265.44,8.75,-3.04,487.35,0.5066904134377551
1998-10-23,2.87,136.29,5.09,-1.03,568.5,0.513877511500702
1998-10-24,0.59,202.67,7.02,-1.28,559.84,0.5246581585951223
1998-10-25,0.0,256.89,8.69,-2.03,530.17,0.5174710605321755
1998-10-26,0.0,312.99,12.21,-3.85,457.7,0.5066904134377551
1998-10-27,0.11,284.08,11.3,-2.49,508.07,0.4995033153748083
1998-10-28,4.21,130.3,5.46,-1.48,553.65,0.4995033153748083
1998-10-29,1.17,196.12,2.58,-5.47,411.75,0.5174710605321755
1998-10-30,3.0,134.4,1.12,-4.93,426.71,0.5030968644062818
1998-10-31,0.0,255.46,4.86,-5.81,397.58,0.4995033153748083
1998-11-01,0.14,250.01,4.83,-5.99,389.0,0.4923162173118614
1998-11-02,5.64,115.77,2.38,-3.61,468.53,0.4959097663433349
1998-11-03,5.73,120.0,-0.1,-5.88,398.04,0.4995033153748083
1998-11-04,0.0,217.1,-0.77,-9.23,304.72,0.4923162173118614
1998-11-05,0.75,200.13,1.01,-7.14,357.76,0.4923162173118614
1998-11-06,6.18,136.61,-2.21,-8.49,324.52,0.4923162173118614
1998-11-07,3.85,160.02,-2.87,-10.22,278.76,0.48512911924891455
1998-11-08,5.78,153.45,-3.16,-10.25,278.85,0.4923162173118614
1998-11-09,2.21,207.44,-5.95,-14.94,194.22,0.48872266828038796
1998-11-10,1.91,183.43,-6.75,-14.14,205.99,0.456380726997127
1998-11-11,1.08,179.19,-3.9,-10.55,274.55,0.47075492312302075
1998-11-12,1.41,187.96,-3.14,-9.94,285.77,0.47075492312302075
1998-11-13,0.7,176.19,0.37,-5.93,395.19,0.4779420211859677
1998-11-14,1.15,158.21,2.91,-2.91,494.79,0.4779420211859677
1998-11-15,0.22,167.5,3.18,-2.6,509.22,0.47075492312302075
1998-11-16,0.0,161.36,1.77,-3.75,466.76,0.47075492312302075
1998-11-17,7.11,159.59,3.56,-4.13,451.43,0.46716137409154734
1998-11-18,4.96,152.56,-1.74,-8.34,329.67,0.47075492312302075
1998-11-19,0.94,179.68,-3.53,-10.04,285.58,0.45278717796565354
1998-11-20,1.76,162.36,-2.68,-8.36,326.25,0.44560007990270667
1998-11-21,17.73,117.31,-0.16,-4.89,429.61,0.45278717796565354
1998-11-22,16.72,143.7,-0.49,-6.67,376.21,0.4815355702174411
1998-11-23,6.58,184.46,1.4,-7.73,343.03,0.4635678250600739
1998-11-24,15.57,167.97,1.02,-6.72,371.27,0.5102839624692286
1998-11-25,1.03,171.88,-1.39,-7.21,357.01,0.4923162173118614
1998-11-26,0.0,262.97,3.8,-7.1,360.86,0.45997427602860047
1998-11-27,0.32,257.83,5.63,-6.14,388.92,0.46716137409154734
1998-11-28,7.21,126.79,2.52,-2.64,504.56,0.48512911924891455
1998-11-29,7.48,97.5,-1.13,-5.06,422.42,0.4959097663433349
1998-11-30,5.39,154.81,1.54,-5.23,418.03,0.48512911924891455
1998-12-01,4.18,130.81,1.2,-3.9,458.35,0.4815355702174411
1998-12-02,2.5,88.97,0.33,-2.9,497.13,0.4779420211859677
1998-12-03,4.66,126.49,1.84,-3.54,473.2,0.48512911924891455
1998-12-04,9.34,191.2,-1.93,-12.55,236.39,0.48512911924891455
1998-12-05,1.58,200.62,-10.04,-17.77,154.33,0.45278717796565354
1998-12-06,0.0,248.66,-10.11,-20.06,128.47,0.4060710405564988
1998-12-07,0.57,222.98,-10.47,-18.89,138.66,0.4168516876509191
1998-12-08,0.63,232.56,-7.12,-17.1,161.39,0.4420065308712332
1998-12-09,0.0,264.31,-7.79,-21.05,116.62,0.424038785713866
1998-12-10,0.55,257.67,-4.36,-19.1,136.74,0.40966458958797225
1998-12-11,0.21,236.48,-2.66,-13.41,220.75,0.43481943280828633
1998-12-12,0.24,182.18,-1.26,-8.0,333.67,0.45997427602860047
1998-12-13,0.0,213.27,1.84,-6.79,369.49,0.47075492312302075
1998-12-14,0.0,233.02,2.49,-8.58,322.0,0.4312258837768129
1998-12-15,0.0,169.58,-0.74,-7.2,356.81,0.43481943280828633
1998-12-16,0.01,157.43,-0.03,-5.82,397.28,0.4384129818397598
1998-12-17,0.0,205.07,0.78,-7.5,348.49,0.42763233474533946
1998-12-18,0.62,257.34,-5.24,-25.53,80.58,0.4204452366823926
1998-12-19,0.0,238.61,-20.68,-31.9,41.1,0.32341941283260967
1998-12-20,0.0,252.93,-20.04,-33.62,40.0,0.25873553026608775
1998-12-21,0.0,245.42,-21.17,-34.41,39.99,0.2515484322031409
1998-12-22,0.0,240.3,-18.04,-30.77,42.85,0.2695161773605081
1998-12-23,0.28,229.16,-16.99,-28.6,55.3,0.30545166767524246
1998-12-24,2.53,167.76,-12.93,-21.52,110.52,0.32341941283260967
1998-12-25,10.1,132.7,-7.25,-13.92,208.67,0.34138715798997693
1998-12-26,7.24,101.4,-5.02,-10.11,281.31,0.35935490314734414
1998-12-27,9.41,145.11,-3.98,-11.41,257.08,0.38091619733618476
1998-12-28,11.24,83.74,-1.65,-5.88,396.81,0.39169684443060504
1998-12-29,10.9,76.28,-0.67,-4.53,437.97,0.3881032953991316
1998-12-30,4.68,158.7,-0.13,-8.67,318.4,0.3881032953991316
1998-12-31,1.61,156.09,-0.96,-7.8,336.01,0.3845097463676582
1999-01-01,2.06,175.65,-3.64,-11.32,259.61,0.39169684443060504
1999-01-02,0.0,219.83,-7.42,-16.39,167.87,0.39529039346207856
1999-01-03,0.09,209.14,-9.18,-17.51,157.26,0.39169684443060504
1999-01-04,5.46,125.0,-6.21,-12.04,241.6,0.3845097463676582
1999-01-05,11.28,80.64,-3.9,-7.49,349.51,0.3988839424935519
1999-01-06,8.66,58.2,-2.42,-4.79,433.75,0.4024774915250254
1999-01-07,5.2,116.8,-2.84,-7.95,336.88,0.4060710405564988
1999-01-08,2.31,112.67,-5.45,-9.87,285.53,0.4060710405564988
1999-01-09,5.33,89.17,-4.87,-8.44,322.0,0.4024774915250254
1999-01-10,5.1,128.87,-2.25,-7.86,337.03,0.4060710405564988
1999-01-11,0.0,163.73,0.11,-5.41,410.77,0.4132581386194457
1999-01-12,0.0,206.94,-1.01,-8.28,327.47,0.4132581386194457
1999-01-13,0.0,248.68,-3.14,-12.43,239.15,0.40966458958797225
1999-01-14,1.39,228.9,-2.01,-11.26,258.61,0.3988839424935519
1999-01-15,9.66,125.01,-1.53,-6.78,369.46,0.4024774915250254
1999-01-16,9.65,202.81,-2.0,-12.07,243.56,0.40966458958797225
1999-01-17,3.97,186.89,-4.53,-12.56,235.72,0.39169684443060504
1999-01-18,9.86,165.13,-1.51,-8.55,316.29,0.4060710405564988
1999-01-19,5.67,136.37,-1.86,-7.07,361.02,0.40966458958797225
1999-01-20,7.84,141.13,-1.87,-7.41,352.01,0.4204452366823926
1999-01-21,2.11,215.74,-2.03,-9.97,285.18,0.4204452366823926
1999-01-22,2.86,138.67,-4.44,-9.33,301.43,0.4132581386194457
1999-01-23,13.62,203.31,-3.92,-12.59,234.5,0.4204452366823926
1999-01-24,0.45,324.32,-6.88,-19.51,124.93,0.39529039346207856
1999-01-25,0.95,339.2,-3.29,-22.31,103.46,0.3881032953991316
1999-01-26,4.14,247.06,-0.4,-11.74,249.21,0.39169684443060504
1999-01-27,1.45,321.59,-4.47,-17.01,165.74,0.40966458958797225
1999-01-28,0.0,343.75,-5.51,-17.91,151.74,0.3988839424935519
1999-01-29,0.0,362.9,-1.72,-16.3,173.22,0.3988839424935519
1999-01-30,0.0,380.48,1.08,-17.84,155.14,0.39169684443060504
1999-01-31,0.57,358.05,0.19,-14.62,200.99,0.38091619733618476
1999-02-01,0.4,299.51,-3.77,-12.71,233.27,0.39169684443060504
1999-02-02,6.89,185.95,-6.1,-12.52,235.63,0.39529039346207856
1999-02-03,2.27,259.29,-4.15,-12.11,244.93,0.3701355502417644
1999-02-04,2.31,248.24,-1.71,-9.58,294.45,0.3737290992732379
1999-02-05,0.0,362.93,-2.04,-13.98,210.88,0.39529039346207856
1999-02-06,4.72,224.01,-2.1,-9.53,297.43,0.39169684443060504
1999-02-07,16.34,154.33,-0.96,-6.13,389.39,0.3988839424935519
1999-02-08,6.78,229.04,-3.75,-11.81,249.34,0.39529039346207856
1999-02-09,13.8,183.98,-0.36,-6.64,365.65,0.4060710405564988
1999-02-10,8.23,337.08,-3.83,-18.72,143.33,0.4168516876509191
1999-02-11,1.1,394.55,-9.01,-23.08,97.93,0.38091619733618476
1999-02-12,0.14,441.86,-1.99,-21.06,116.86,0.35935490314734414
1999-02-13,0.21,421.27,2.92,-12.87,230.96,0.3881032953991316
1999-02-14,3.82,269.48,-0.36,-9.58,296.54,0.3881032953991316
1999-02-15,3.12,285.73,-1.97,-12.1,243.41,0.39529039346207856
1999-02-16,3.11,228.79,-3.37,-10.75,267.01,0.39529039346207856
1999-02-17,7.52,278.02,-1.79,-12.36,239.25,0.4024774915250254
1999-02-18,5.52,284.01,-2.98,-13.74,210.67,0.39529039346207856
1999-02-19,6.85,223.33,-2.89,-10.58,274.41,0.39529039346207856
1999-02-20,0.0,459.85,-1.68,-17.45,158.62,0.39529039346207856
1999-02-21,3.87,335.43,-2.11,-14.08,205.17,0.39529039346207856
1999-02-22,4.58,224.73,-4.6,-12.13,241.95,0.3988839424935519
1999-02-23,7.35,174.11,-2.64,-8.1,333.03,0.3988839424935519
1999-02-24,5.24,170.49,0.88,-4.16,449.72,0.4060710405564988
1999-02-25,1.87,404.49,4.8,-8.69,316.5,0.4168516876509191
1999-02-26,3.47,296.63,-2.13,-11.05,266.95,0.4168516876509191
1999-02-27,1.35,429.07,-1.66,-14.59,202.01,0.39529039346207856
1999-02-28,6.08,203.61,0.73,-4.86,430.18,0.3988839424935519
1999-03-01,7.45,375.5,0.82,-13.51,222.04,0.4204452366823926
1999-03-02,0.66,522.89,-0.85,-19.62,131.72,0.3988839424935519
1999-03-03,3.77,408.13,-0.35,-13.23,222.12,0.39169684443060504
1999-03-04,3.75,428.5,-1.76,-17.8,151.73,0.39169684443060504
1999-03-05,2.21,470.61,-4.1,-20.26,127.77,0.39169684443060504
1999-03-06,0.11,566.2,-2.34,-24.04,90.55,0.3701355502417644
1999-03-07,4.4,330.47,-0.85,-11.65,253.63,0.39169684443060504
1999-03-08,2.46,396.44,-1.28,-13.11,223.15,0.4024774915250254
1999-03-09,2.71,371.8,0.52,-10.18,280.76,0.4024774915250254
1999-03-10,1.89,418.93,0.54,-12.14,243.07,0.4060710405564988
1999-03-11,0.11,536.96,1.39,-14.59,197.9,0.39529039346207856
1999-03-12,0.0,563.05,2.77,-14.72,195.91,0.39169684443060504
1999-03-13,0.4,541.41,5.84,-11.35,257.74,0.3881032953991316
1999-03-14,0.3,529.84,8.97,-6.78,370.13,0.4060710405564988
1999-03-15,0.0,518.38,8.8,-5.46,408.34,0.4168516876509191
1999-03-16,0.06,545.15,3.24,-12.01,246.49,0.4168516876509191
1999-03-17,0.48,608.63,5.71,-16.76,167.67,0.3881032953991316
1999-03-18,0.0,606.6,9.91,-11.1,262.53,0.39169684443060504
1999-03-19,0.0,600.27,12.77,-7.73,338.9,0.40966458958797225
1999-03-20,0.0,595.13,13.55,-6.47,373.48,0.42763233474533946
1999-03-21,2.63,404.95,8.03,-3.58,462.08,0.4384129818397598
1999-03-22,0.09,428.76,5.46,-5.32,414.15,0.44919362893418013
1999-03-23,0.0,563.62,8.67,-7.69,338.47,0.44919362893418013
1999-03-24,0.0,590.5,10.68,-7.67,338.0,0.456380726997127
1999-03-25,0.0,545.15,11.9,-4.05,448.34,0.4743484721544942
1999-03-26,1.59,417.81,5.65,-6.31,382.37,0.513877511500702
1999-03-27,5.41,345.32,-2.02,-12.88,230.54,0.513877511500702
1999-03-28,1.89,467.71,-3.42,-17.64,155.52,0.44919362893418013
1999-03-29,1.98,438.98,3.89,-8.71,315.3,0.45997427602860047
1999-03-30,1.22,375.07,1.71,-8.2,332.64,0.47075492312302075
1999-03-31,0.97,415.56,-0.26,-11.29,260.54,0.44919362893418013
1999-04-01,0.2,350.24,-4.83,-13.01,227.86,0.43481943280828633
1999-04-02,1.21,514.21,-0.76,-15.17,190.57,0.39529039346207856
1999-04-03,0.43,570.32,-0.07,-15.97,177.3,0.42763233474533946
1999-04-04,1.36,505.23,-0.33,-13.93,208.51,0.4204452366823926
1999-04-05,3.49,429.66,0.76,-12.4,239.01,0.4312258837768129
1999-04-06,6.87,284.79,2.25,-6.21,384.11,0.43481943280828633
1999-04-07,1.75,479.78,7.81,-5.24,413.67,0.43481943280828633
1999-04-08,0.12,501.62,5.47,-6.46,371.05,0.4420065308712332
1999-04-09,5.18,344.0,1.86,-7.65,342.73,0.44560007990270667
1999-04-10,1.46,555.9,0.03,-14.99,194.28,0.4420065308712332
1999-04-11,0.69,682.26,5.3,-17.51,152.71,0.4204452366823926
1999-04-12,0.03,676.83,8.37,-11.22,252.37,0.43481943280828633
1999-04-13,0.09,607.75,7.9,-7.7,332.91,0.4420065308712332
1999-04-14,0.0,635.15,2.28,-14.14,206.65,0.45278717796565354
1999-04-15,0.0,676.17,0.41,-18.12,146.88,0.4312258837768129
1999-04-16,0.0,659.75,4.42,-13.09,220.33,0.42763233474533946
1999-04-17,0.06,671.66,10.71,-7.73,322.05,0.4384129818397598
1999-04-18,0.0,633.27,12.92,-3.3,447.93,0.48872266828038796
1999-04-19,0.02,497.49,10.13,-1.02,543.6,0.5713742960042771
1999-04-20,10.02,338.9,6.13,-3.32,474.72,0.6360581785707992
1999-04-21,7.4,369.3,2.73,-7.62,345.15,0.6755872179170069
1999-04-22,3.99,387.02,1.64,-7.37,350.19,0.6288710805078521
1999-04-23,1.45,409.79,2.64,-5.91,391.88,0.5749678450357506
1999-04-24,0.59,659.5,9.28,-7.26,331.09,0.5605936489098567
1999-04-25,0.0,579.29,10.95,-1.83,500.88,0.6468388256652193
1999-04-26,0.48,556.07,10.68,-1.64,514.06,0.7977678849871038
1999-04-27,2.0,539.56,10.43,-1.85,510.38,0.9666646894663555
1999-04-28,6.07,405.7,9.86,-1.28,547.72,1.1786840823232887
1999-04-29,4.15,363.9,7.29,-1.02,564.63,1.2936776513304387
1999-04-30,3.09,470.69,10.91,-1.19,536.96,1.4230454164634827
1999-05-01,1.9,423.5,8.69,-0.78,569.62,1.7680261234849328
1999-05-02,1.41,417.88,7.01,-1.65,536.15,1.8722390453976627
1999-05-03,3.87,395.63,6.3,-3.47,467.05,1.6889680447925173
1999-05-04,3.97,409.44,3.16,-6.71,367.15,1.5056970441873718
1999-05-05,0.84,551.22,0.31,-11.11,261.25,1.2649292590786512
1999-05-06,0.73,734.84,9.18,-12.0,223.38,1.0888453565364526
1999-05-07,0.0,713.54,12.78,-4.56,390.83,1.1930582784491826
1999-05-08,1.11,516.16,7.44,-3.44,450.91,1.6530325544777829
1999-05-09,0.0,585.9,3.68,-8.21,323.18,1.6494390054463095
1999-05-10,0.59,560.36,1.67,-10.01,284.48,1.4877292990300046
1999-05-11,0.4,537.29,3.31,-7.24,340.35,1.311645396487806
1999-05-12,1.09,515.3,6.52,-3.44,450.48,1.23258731779539
1999-05-13,13.14,395.97,5.15,-4.46,433.79,1.2936776513304387
1999-05-14,2.95,578.57,5.71,-7.28,343.91,1.2361808668268637
1999-05-15,7.48,454.3,2.59,-6.77,358.29,1.1786840823232887
1999-05-16,7.0,481.56,5.78,-4.72,415.99,1.1175937487882401
1999-05-17,0.0,652.94,7.33,-4.89,395.96,1.0960324545993994
1999-05-18,0.06,694.91,12.05,-1.77,456.76,1.1427485920085543
1999-05-19,0.0,715.21,13.57,-1.21,453.15,1.3655486319599077
1999-05-20,0.0,748.15,15.22,-1.58,415.34,1.857864849271769
1999-05-21,0.0,705.55,14.79,0.0,470.96,2.6520391852273995
1999-05-22,0.0,714.21,14.81,-0.48,451.21,3.2485683244519903
1999-05-23,0.0,772.5,18.81,-0.83,398.53,4.024774915250254
1999-05-24,0.0,753.96,19.23,0.75,443.06,4.635678250600739
1999-05-25,0.3,731.42,19.23,1.26,453.74,5.426259037524896
1999-05-26,1.75,626.55,16.49,1.33,511.8,5.462194527839631
1999-05-27,0.0,726.36,17.12,0.27,426.22,5.821549430986974
1999-05-28,2.97,616.34,18.51,0.72,476.91,6.324646295393257
1999-05-29,5.07,383.86,11.76,1.86,654.13,6.971485121058476
1999-05-30,14.89,213.35,5.54,0.54,634.65,6.576194727596397
1999-05-31,6.55,276.26,6.31,-0.25,599.49,5.605936489098568
1999-06-01,1.36,477.53,11.1,1.47,630.75,4.707549231230208
1999-06-02,3.02,505.44,13.44,0.79,569.3,4.7794202118596765
1999-06-03,8.96,393.1,9.68,-0.41,580.21,5.246581585951224
1999-06-04,1.43,654.59,13.98,-1.55,439.67,4.887226682803879
1999-06-05,5.91,444.87,11.52,-0.01,571.49,5.030968644062817
1999-06-06,5.51,406.7,11.06,0.85,637.01,5.2106460956364895
1999-06-07,6.63,356.03,8.81,0.2,616.33,5.462194527839631
1999-06-08,11.12,352.5,7.14,-1.22,561.02,5.174710605321755
1999-06-09,2.6,564.3,8.12,-3.84,435.09,4.707549231230208
1999-06-10,0.0,721.76,12.23,-3.68,382.79,4.168516876509192
1999-06-11,0.0,683.42,13.39,-1.18,466.49,4.132581386194458
1999-06-12,0.04,683.1,14.41,-0.48,485.04,4.240387857138661
1999-06-13,0.01,719.22,17.06,0.33,487.64,4.384129818397597
1999-06-14,2.32,552.18,16.28,3.02,679.82,4.851291192489145
1999-06-15,0.42,650.26,16.54,1.85,580.66,5.5340655084691
1999-06-16,1.78,639.61,18.76,2.53,601.56,5.893420411616443
1999-06-17,6.22,483.62,16.91,3.03,716.52,6.180904334134318
1999-06-18,3.23,604.57,19.03,2.37,628.92,6.504323746966929
1999-06-19,0.37,649.89,19.11,3.92,678.37,6.791807669484804
1999-06-20,0.0,705.52,21.26,3.91,634.31,6.791807669484804
1999-06-21,0.0,677.83,21.41,5.32,713.59,6.755872179170069
1999-06-22,2.73,420.63,14.45,4.6,835.61,7.0074206113732105
1999-06-23,0.07,610.19,15.77,2.8,660.83,6.288710805078522
1999-06-24,3.01,570.17,19.8,3.27,686.88,5.857484921301708
1999-06-25,1.85,570.77,15.09,1.55,628.32,6.073097863190115
1999-06-26,0.0,688.59,14.23,-1.28,472.76,5.6418719794133025
1999-06-27,1.08,599.53,12.15,-1.14,512.55,5.030968644062817
1999-06-28,2.0,637.37,14.44,-1.24,494.89,4.671613740915473
1999-06-29,3.67,408.38,13.5,3.75,781.65,4.456000799027067
1999-06-30,6.2,337.64,11.25,2.63,737.43,4.456000799027067
1999-07-01,0.92,605.89,14.42,0.27,568.85,4.456000799027067
1999-07-02,1.39,607.67,16.2,1.29,602.02,4.276323347453395
1999-07-03,1.34,582.3,18.12,3.8,724.3,4.168516876509192
1999-07-04,0.9,589.84,17.87,3.91,727.29,4.168516876509192
1999-07-05,0.0,715.85,18.8,0.16,504.56,4.168516876509192
1999-07-06,0.0,736.12,23.38,2.06,539.67,3.952903934620785
1999-07-07,0.0,602.38,21.79,7.24,864.98,3.916968444306051
1999-07-08,0.0,613.2,18.44,3.57,679.65,3.916968444306051
1999-07-09,0.0,702.06,20.68,1.21,523.35,3.701355502417644
1999-07-10,0.0,691.51,22.62,3.38,602.44,3.5719877372846005
1999-07-11,0.0,662.24,23.04,5.0,688.49,3.4785554624662907
1999-07-12,0.0,680.43,24.18,4.88,667.54,3.3779360895850346
1999-07-13,0.0,651.5,25.01,6.97,786.37,3.3168457560499864
1999-07-14,0.84,569.27,22.08,6.46,828.82,3.244974775420517
1999-07-15,0.0,598.05,18.04,2.84,652.64,3.1695102457595747
1999-07-16,0.83,636.3,18.82,-0.03,514.98,3.0365489315950573
1999-07-17,3.99,500.78,18.72,3.21,715.77,2.932336009682328
1999-07-18,0.05,589.8,19.96,4.63,741.2,2.867652127115806
1999-07-19,0.0,635.65,22.18,4.49,699.13,2.7490650090771824
1999-07-20,0.44,578.07,20.47,4.73,734.62,2.6664133813532933
1999-07-21,0.44,588.77,22.7,6.2,779.39,2.590948851692351
1999-07-22,0.0,637.63,23.57,5.16,686.66,2.504703674936988
1999-07-23,0.0,648.51,24.52,5.07,669.85,2.4256455962445727
1999-07-24,0.0,585.86,24.41,8.06,875.35,2.3501810665836302
1999-07-25,0.0,573.2,19.8,4.03,689.01,2.296277831111529
1999-07-26,0.0,655.88,22.71,2.45,563.48,2.22440685048206
1999-07-27,0.0,631.76,25.58,5.93,714.32,2.152535869852591
1999-07-28,0.0,596.8,26.41,8.28,846.18,2.095039085349016
1999-07-29,4.11,424.78,22.76,8.12,1000.71,2.0591035950342818
1999-07-30,1.24,515.39,21.74,6.36,824.31,2.084258438254596
1999-07-31,0.0,540.18,20.47,4.78,723.08,1.9908261634362863
1999-08-01,0.0,579.74,22.12,4.57,678.42,1.9261422808697644
1999-08-02,0.0,581.01,23.74,5.71,717.19,1.8722390453976627
1999-08-03,1.47,472.19,22.63,7.08,871.79,1.8219293589570345
1999-08-04,1.89,367.4,20.01,8.43,1057.93,1.8075551628311408
1999-08-05,0.48,467.53,20.49,7.02,892.94,1.7716196725164064
1999-08-06,2.78,408.69,19.46,6.17,895.19,1.7464648292960925
1999-08-07,4.01,455.87,21.48,4.67,773.84,1.7320906331701986
1999-08-08,0.43,524.05,21.77,5.54,775.81,1.6602196525407298
1999-08-09,0.0,583.74,23.32,4.32,669.1,1.5955357699742077
1999-08-10,0.0,574.6,24.63,5.81,742.42,1.541632534502106
1999-08-11,8.61,256.52,14.92,5.37,898.64,1.5308518874076857
1999-08-12,9.76,219.8,12.33,4.79,866.83,1.6350648093204156
1999-08-13,6.35,393.66,17.17,3.65,771.37,1.638658358351889
1999-08-14,0.58,487.85,19.83,5.21,798.86,1.523664789344739
1999-08-15,1.22,392.69,15.58,3.65,766.09,1.4410131616208497
1999-08-16,0.0,545.62,19.08,2.05,605.57,1.3907034751802216
1999-08-17,0.0,558.07,21.73,3.52,653.06,1.33680023970812
1999-08-18,0.0,570.56,24.15,4.74,693.81,1.2936776513304387
1999-08-19,0.0,494.15,21.8,6.28,840.0,1.2577421610157042
1999-08-20,1.57,479.08,22.57,5.56,805.3,1.23258731779539
1999-08-21,2.75,403.91,20.71,6.05,895.57,1.228993768763917
1999-08-22,0.68,497.12,21.67,4.72,762.6,1.2074324745750762
1999-08-23,0.0,536.41,23.77,5.28,762.17,1.1643098861973948
1999-08-24,0.0,481.78,22.54,6.73,889.68,1.1319679449141338
1999-08-25,0.21,473.75,21.68,6.09,858.04,1.1068131016938199
1999-08-26,0.0,523.09,24.5,6.24,822.53,1.0780647094420324
1999-08-27,0.16,475.55,23.74,7.53,931.48,1.0493163171902447
1999-08-28,11.98,255.24,17.11,6.8,987.35,1.085251807504979
1999-08-29,1.48,409.26,18.74,5.29,841.58,1.1319679449141338
1999-08-30,4.33,371.51,21.81,5.3,855.34,1.0565034152531916
1999-08-31,4.3,327.06,15.01,1.83,700.52,1.0493163171902447
1999-09-01,1.19,419.06,15.08,0.96,626.61,1.0133808268755102
1999-09-02,16.09,209.74,9.9,1.88,701.22,1.0385356700958244
1999-09-03,6.75,208.16,8.59,0.88,651.17,1.1714969842603418
1999-09-04,2.56,294.61,9.85,0.28,621.52,1.0888453565364526
1999-09-05,0.0,459.44,14.91,0.03,587.59,1.0493163171902447
1999-09-06,0.03,465.0,17.05,1.35,630.53,1.00260017978109
1999-09-07,0.0,426.24,11.89,-1.74,516.21,0.9738517875293025
1999-09-08,0.0,506.09,16.07,-2.42,449.13,0.9415098462460415
1999-09-09,0.0,509.73,19.36,-0.26,512.55,0.9199485520572009
1999-09-10,0.0,446.07,17.08,1.7,631.69,0.9055743559313071
1999-09-11,0.0,415.15,11.78,-2.09,501.21,0.88760661077394
1999-09-12,0.0,460.16,11.29,-5.11,398.17,0.8624517675536258
1999-09-13,0.0,482.65,15.36,-3.35,432.04,0.8516711204592056
1999-09-14,0.0,466.04,16.49,-1.53,496.02,0.8408904733647852
1999-09-15,0.0,476.58,18.56,-0.85,508.1,0.822922728207418
1999-09-16,0.0,448.83,18.41,0.71,573.77,0.8085485320815242
1999-09-17,0.0,434.62,18.9,1.92,627.4,0.7941743359556305
1999-09-18,0.0,436.42,17.36,0.22,558.48,0.7798001398297367
1999-09-19,0.35,349.34,11.45,-1.29,547.2,0.7654259437038429
1999-09-20,0.0,446.79,15.25,-2.88,452.35,0.758238845640896
1999-09-21,0.0,446.35,18.26,-0.56,521.81,0.7474581985464758
1999-09-22,0.0,428.61,18.89,0.98,591.49,0.733084002420582
1999-09-23,0.0,417.8,18.68,1.13,598.83,0.7223033553261616
1999-09-24,0.0,276.5,13.51,3.36,776.81,0.7151162572632147
1999-09-25,0.28,323.86,10.84,-0.98,565.72,0.7115227082317414
1999-09-26,0.4,299.85,3.31,-7.4,351.04,0.6971485121058476
1999-09-27,0.0,304.46,1.78,-8.66,316.13,0.6755872179170069
1999-09-28,0.58,385.73,4.45,-11.02,260.48,0.6612130217911132
1999-09-29,0.97,373.21,11.53,-4.07,426.21,0.6540259237281663
1999-09-30,0.0,350.47,12.41,-1.14,538.75,0.6540259237281663
1999-10-01,1.17,292.74,8.75,-2.52,502.73,0.6432452766337459
1999-10-02,0.0,325.73,6.05,-6.23,379.95,0.6288710805078521
1999-10-03,0.0,384.89,8.96,-7.51,333.45,0.6180904334134318
1999-10-04,0.0,374.25,13.48,-3.16,458.53,0.6109033353504849
1999-10-05,0.0,383.31,16.05,-2.02,488.47,0.6037162372875381
1999-10-06,0.0,337.12,13.65,-1.18,541.9,0.5965291392245913
1999-10-07,0.0,303.55,10.2,-2.62,502.35,0.5857484921301709
1999-10-08,0.0,305.98,12.22,-0.7,575.97,0.5821549430986974
1999-10-09,0.0,260.15,13.02,2.28,717.58,0.5749678450357506
1999-10-10,0.0,328.58,14.91,0.13,598.58,0.5713742960042771
1999-10-11,0.0,290.45,14.65,1.81,688.21,0.5570000998783834
1999-10-12,0.0,248.95,12.98,2.32,722.62,0.5498130018154365
1999-10-13,0.0,325.75,15.09,-0.05,593.34,0.5426259037524895
1999-10-14,0.38,308.44,12.47,-1.68,539.05,0.5354388056895427
1999-10-15,0.19,293.6,4.3,-8.47,321.69,0.5390323547210162
1999-10-16,0.01,297.63,1.07,-11.4,257.88,0.513877511500702
1999-10-17,0.19,289.04,3.45,-8.94,306.31,0.4959097663433349
1999-10-18,0.88,253.47,3.42,-7.2,358.31,0.5102839624692286
1999-10-19,0.08,337.21,7.28,-8.67,313.0,0.4995033153748083
1999-10-20,0.0,337.91,11.07,-5.49,401.02,0.4923162173118614
1999-10-21,0.0,329.83,12.64,-3.53,463.49,0.4923162173118614
1999-10-22,0.0,340.53,14.37,-3.69,453.96,0.48512911924891455
1999-10-23,0.0,341.85,14.66,-4.37,431.56,0.4815355702174411
1999-10-24,0.0,306.82,13.18,-2.63,499.87,0.4743484721544942
1999-10-25,0.0,291.2,12.73,-2.22,516.63,0.4743484721544942
1999-10-26,0.0,278.92,13.89,-0.43,588.1,0.47075492312302075
1999-10-27,1.71,196.78,8.59,-1.81,537.55,0.47075492312302075
1999-10-28,7.75,155.57,6.42,-3.04,489.15,0.4815355702174411
1999-10-29,4.52,94.9,0.94,-3.97,457.46,0.4995033153748083
1999-10-30,0.03,221.66,5.15,-4.89,427.85,0.4779420211859677
1999-10-31,0.0,268.53,8.62,-5.23,419.35,0.47075492312302075
1999-11-01,0.0,256.87,2.09,-10.82,269.17,0.4635678250600739
1999-11-02,0.0,274.4,5.03,-9.56,295.35,0.42763233474533946
1999-11-03,0.0,244.82,7.98,-4.48,441.21,0.4420065308712332
1999-11-04,2.31,132.62,6.55,-0.05,609.68,0.456380726997127
1999-11-05,2.23,137.01,7.46,0.46,628.36,0.4779420211859677
1999-11-06,0.0,240.46,11.85,-0.65,583.49,0.46716137409154734
1999-11-07,0.0,255.19,12.79,-1.5,549.56,0.44560007990270667
1999-11-08,0.0,224.83,10.68,-1.11,565.99,0.4420065308712332
1999-11-09,0.0,174.88,5.39,-3.25,481.52,0.4384129818397598
1999-11-10,0.0,214.29,7.42,-3.51,472.34,0.4312258837768129
1999-11-11,0.0,206.12,10.03,-0.73,580.88,0.424038785713866
1999-11-12,0.0,230.8,12.22,-0.68,581.34,0.4204452366823926
1999-11-13,0.0,219.62,11.4,-0.79,577.6,0.4168516876509191
1999-11-14,0.0,248.06,12.35,-2.88,494.01,0.40966458958797225
1999-11-15,0.0,258.48,12.9,-4.57,434.24,0.3988839424935519
1999-11-16,0.0,221.42,10.32,-2.81,498.33,0.4024774915250254
1999-11-17,0.0,227.39,10.27,-3.6,470.22,0.4024774915250254
1999-11-18,0.4,121.52,-0.2,-6.48,378.99,0.4060710405564988
1999-11-19,0.0,208.7,2.59,-8.85,310.73,0.39169684443060504
1999-11-20,7.02,137.99,0.48,-7.93,339.96,0.3988839424935519
1999-11-21,4.1,159.94,-2.77,-12.14,244.18,0.3845097463676582
1999-11-22,0.04,178.33,-5.81,-13.81,212.99,0.3845097463676582
1999-11-23,0.0,213.92,-5.65,-15.7,184.26,0.36294845217881755
1999-11-24,3.3,150.69,-5.35,-13.29,220.24,0.35935490314734414
1999-11-25,16.72,110.2,-0.66,-6.56,372.73,0.3881032953991316
1999-11-26,16.62,75.57,1.0,-3.18,486.15,0.4060710405564988
1999-11-27,3.73,96.58,0.96,-4.03,454.25,0.4204452366823926
1999-11-28,0.0,177.5,1.94,-6.04,389.19,0.4060710405564988
1999-11-29,0.0,212.96,3.81,-6.65,372.05,0.39169684443060504
1999-11-30,0.0,186.7,5.79,-2.91,494.02,0.39529039346207856
1999-12-01,2.6,144.8,2.25,-5.89,396.01,0.39169684443060504
1999-12-02,0.68,111.96,-3.66,-8.35,323.63,0.3881032953991316
1999-12-03,0.0,226.46,-4.71,-15.73,181.79,0.3845097463676582
1999-12-04,0.0,247.49,-4.15,-18.1,148.8,0.3252161873483464
1999-12-05,0.0,233.85,-2.68,-15.32,188.33,0.3306065108955566
1999-12-06,4.28,150.78,-4.31,-12.9,229.25,0.3525271599875445
1999-12-07,4.28,185.43,-5.16,-17.46,159.54,0.38091619733618476
1999-12-08,0.12,223.55,-7.46,-19.25,133.04,0.3431839325057136
1999-12-09,2.06,164.9,-5.6,-14.51,200.38,0.35935490314734414
1999-12-10,2.77,158.36,-5.38,-13.29,223.05,0.3701355502417644
1999-12-11,4.28,115.8,-6.93,-13.59,213.71,0.3521678050843972
1999-12-12,4.82,91.37,-3.68,-8.64,317.36,0.3579174835347547
1999-12-13,7.73,179.71,-2.87,-15.97,180.69,0.3845097463676582
1999-12-14,5.51,141.93,-9.57,-18.03,150.21,0.322700703026315
1999-12-15,9.42,95.84,-6.81,-11.49,255.85,0.33312199521758795
1999-12-16,6.69,79.82,-3.13,-7.11,358.69,0.3424652226994189
1999-12-17,4.28,115.03,-2.53,-8.18,328.19,0.322700703026315
1999-12-18,9.47,97.82,-2.83,-7.54,346.96,0.366542001210291
1999-12-19,4.67,118.23,-6.24,-12.15,242.44,0.36294845217881755
1999-12-20,6.26,84.98,-5.65,-9.75,285.92,0.366542001210291
1999-12-21,4.65,100.16,-5.31,-9.76,292.06,0.3701355502417644
1999-12-22,2.54,182.1,-1.97,-10.63,273.14,0.35935490314734414
1999-12-23,0.0,248.86,0.06,-11.76,251.13,0.3525271599875445
1999-12-24,0.0,239.14,1.12,-9.77,294.35,0.3399497383773875
1999-12-25,0.0,252.04,1.41,-11.22,261.98,0.3431839325057136
1999-12-26,0.0,256.95,1.53,-11.88,247.8,0.33851231876479815
1999-12-27,0.0,252.51,2.43,-10.61,273.86,0.3406684481836822
1999-12-28,0.0,249.74,2.5,-10.29,283.35,0.34174651289312424
1999-12-29,0.0,248.48,-0.04,-12.68,234.65,0.33599683444276673
1999-12-30,0.0,251.0,-1.01,-13.9,212.85,0.3313252207018513
1999-12-31,0.15,192.37,-2.45,-10.7,271.19,0.3421058677962716
2000-01-01,1.55,168.32,-4.12,-11.37,260.54,0.3586361933410494
2000-01-02,3.35,182.23,-7.03,-15.89,181.6,0.3546832894064286
2000-01-03,0.46,200.06,-9.15,-17.17,158.7,0.34138715798997693
2000-01-04,8.59,141.61,-6.4,-13.23,220.27,0.33851231876479815
2000-01-05,1.99,128.54,-7.01,-11.97,245.35,0.3428245776025663
2000-01-06,0.0,218.07,-6.82,-15.3,187.45,0.343543287408861
2000-01-07,0.1,222.29,-6.08,-14.87,194.65,0.335278124636472
2000-01-08,3.33,119.99,-6.61,-11.64,251.12,0.33384070502388263
2000-01-09,5.65,100.5,-6.95,-11.21,263.06,0.335278124636472
2000-01-10,7.86,171.26,-4.91,-12.98,226.7,0.32701296186408313
2000-01-11,21.85,112.35,-2.4,-7.43,348.12,0.3230600579294623
2000-01-12,9.52,179.28,-5.34,-13.54,216.48,0.32341941283260967
2000-01-13,3.39,225.48,-3.07,-14.25,206.07,0.2971865049028536
2000-01-14,0.08,177.0,1.07,-4.81,430.86,0.33276264031444064
2000-01-15,2.52,125.94,0.73,-4.09,447.29,0.35719877372846004
2000-01-16,5.06,136.09,2.26,-3.58,465.48,0.366542001210291
2000-01-17,0.0,274.67,0.15,-11.32,260.94,0.366542001210291
2000-01-18,5.29,252.2,0.95,-11.8,251.03,0.34821490114977643
2000-01-19,1.53,160.28,-1.82,-7.34,352.7,0.35935490314734414
2000-01-20,0.48,174.01,0.29,-5.15,423.09,0.36294845217881755
2000-01-21,0.61,198.18,-0.88,-7.33,351.04,0.36294845217881755
2000-01-22,1.0,179.99,-4.27,-10.21,280.4,0.35935490314734414
2000-01-23,1.66,235.52,-4.09,-12.43,236.74,0.3525271599875445
2000-01-24,2.93,194.69,-2.46,-9.71,288.02,0.3521678050843972
2000-01-25,1.41,259.69,0.4,-9.12,304.61,0.35324586979383926
2000-01-26,0.68,275.65,-1.41,-10.69,272.82,0.356120709019018
2000-01-27,0.64,309.16,-5.5,-16.8,162.55,0.3471368364403344
2000-01-28,0.0,339.75,-6.66,-19.47,133.61,0.33887167366794546
2000-01-29,0.0,363.83,-5.17,-21.66,111.39,0.3126387657381894
2000-01-30,0.0,372.37,-3.25,-22.04,108.97,0.30652973238468456
2000-01-31,0.02,372.87,-2.44,-20.51,123.41,0.3259348971546411
2000-02-01,1.36,303.33,-3.35,-14.36,202.53,0.34138715798997693
2000-02-02,0.89,201.27,0.11,-5.68,401.11,0.355042644309576
2000-02-03,1.21,338.38,0.2,-13.92,212.86,0.35180845018124984
2000-02-04,0.4,378.43,1.88,-17.28,162.8,0.3313252207018513
2000-02-05,2.8,201.05,-0.73,-7.58,343.94,0.33779360895850347
2000-02-06,0.28,289.7,1.67,-7.27,351.41,0.3428245776025663
2000-02-07,0.0,355.87,3.49,-8.95,308.75,0.3431839325057136
2000-02-08,0.37,327.39,4.31,-6.99,361.29,0.3406684481836822
2000-02-09,5.31,171.1,2.4,-3.88,460.33,0.3485742560529238
2000-02-10,0.33,362.25,1.13,-11.73,248.57,0.35073038547180785
2000-02-11,7.41,280.41,-0.79,-12.06,246.38,0.3370748991522088
2000-02-12,7.23,181.49,-0.31,-6.62,371.25,0.34749619134348175
2000-02-13,7.67,119.76,-3.48,-7.68,340.18,0.3543239345032813
2000-02-14,18.38,164.93,-0.09,-5.73,400.46,0.3557613541158707
2000-02-15,8.42,167.81,-2.32,-7.96,337.09,0.3525271599875445
2000-02-16,1.22,320.75,-1.41,-10.82,267.31,0.35755812863160735
2000-02-17,0.04,436.29,-0.35,-15.86,176.54,0.3471368364403344
2000-02-18,0.0,439.31,-2.43,-18.1,148.11,0.33204393050814596
2000-02-19,0.0,440.8,-1.18,-16.37,170.08,0.3428245776025663
2000-02-20,0.0,473.55,3.67,-16.92,165.72,0.3313252207018513
2000-02-21,1.1,276.16,3.31,-4.87,429.19,0.3464181266340397
2000-02-22,0.42,327.93,3.52,-5.91,392.75,0.3554019992127233
2000-02-23,0.0,368.11,2.29,-8.44,323.59,0.35324586979383926
2000-02-24,4.33,291.84,1.86,-7.4,350.19,0.3528865148906919
2000-02-25,5.86,278.2,-3.26,-12.83,231.71,0.35360522469698663
2000-02-26,2.87,307.34,-3.37,-13.65,212.82,0.3306065108955566
2000-02-27,3.22,264.93,2.89,-5.42,409.48,0.3557613541158707
2000-02-28,1.69,268.5,2.53,-4.68,431.1,0.3586361933410494
2000-02-29,0.0,389.96,1.54,-8.14,329.28,0.35648006392216536
2000-03-01,0.0,444.05,2.39,-9.22,299.21,0.3503710305686605
2000-03-02,0.0,486.9,4.12,-9.92,283.44,0.3496523207623658
2000-03-03,0.0,523.16,7.45,-10.44,273.38,0.3439026423120083
2000-03-04,0.0,510.69,8.06,-8.17,327.51,0.3428245776025663
2000-03-05,1.27,479.12,9.77,-6.99,358.73,0.34821490114977643
2000-03-06,2.97,367.92,6.6,-4.84,426.63,0.36294845217881755
2000-03-07,5.42,353.2,3.23,-6.92,363.59,0.36294845217881755
2000-03-08,7.83,297.58,0.73,-8.28,328.05,0.366542001210291
2000-03-09,2.35,383.57,1.78,-8.41,318.62,0.366542001210291
2000-03-10,2.03,351.75,1.11,-8.09,333.33,0.366542001210291
2000-03-11,3.12,370.37,-0.9,-11.67,254.41,0.36294845217881755
2000-03-12,1.34,468.26,-1.42,-14.98,191.22,0.33851231876479815
2000-03-13,1.9,312.01,-0.36,-7.92,335.58,0.366542001210291
2000-03-14,3.94,363.17,1.4,-8.86,311.51,0.35683941882531267
2000-03-15,0.79,545.46,2.07,-14.78,194.07,0.3406684481836822
2000-03-16,1.41,532.15,3.11,-14.73,193.72,0.3374342540553561
2000-03-17,5.0,308.28,-0.11,-9.16,305.68,0.36294845217881755
2000-03-18,1.32,462.04,0.89,-11.21,258.24,0.35001167566551317
2000-03-19,8.06,388.91,-0.89,-13.37,219.66,0.356120709019018
2000-03-20,0.0,570.73,-2.52,-17.29,160.07,0.3244974775420517
2000-03-21,0.7,618.97,3.58,-20.58,118.03,0.3288097363798198
2000-03-22,0.02,630.99,9.52,-11.49,247.5,0.3503710305686605
2000-03-23,1.24,547.75,6.95,-9.63,288.23,0.36294845217881755
2000-03-24,0.29,590.05,1.8,-15.26,184.69,0.3543239345032813
2000-03-25,0.88,592.25,6.77,-12.64,226.37,0.34534006192459765
2000-03-26,0.63,491.09,7.01,-5.75,388.24,0.36294845217881755
2000-03-27,0.09,558.03,9.76,-5.17,403.18,0.36294845217881755
2000-03-28,3.65,395.4,5.18,-6.78,367.47,0.37732264830471135
2000-03-29,0.68,495.92,0.43,-11.59,250.81,0.38091619733618476
2000-03-30,0.63,544.39,2.07,-12.32,238.06,0.366542001210291
2000-03-31,0.0,622.21,3.66,-14.23,200.16,0.35396457960013394
2000-04-01,0.51,565.12,3.8,-11.84,242.6,0.3528865148906919
2000-04-02,2.44,497.71,0.57,-14.2,204.86,0.35935490314734414
2000-04-03,0.56,664.13,5.77,-17.12,156.77,0.34174651289312424
2000-04-04,0.28,571.1,10.76,-4.46,421.77,0.35396457960013394
2000-04-05,0.0,398.78,7.71,-1.37,543.98,0.4024774915250254
2000-04-06,1.48,430.01,2.56,-7.55,339.61,0.4384129818397598
2000-04-07,1.41,522.27,3.6,-10.52,266.68,0.40966458958797225
2000-04-08,0.13,648.71,9.22,-9.67,273.75,0.39169684443060504
2000-04-09,0.09,563.37,9.22,-5.43,386.13,0.40966458958797225
2000-04-10,0.0,544.67,8.72,-4.91,409.25,0.424038785713866
2000-04-11,0.0,580.97,10.32,-4.86,384.05,0.44560007990270667
2000-04-12,0.0,451.58,11.19,0.38,574.32,0.513877511500702
2000-04-13,2.19,457.54,12.28,-0.22,539.98,0.5677807469728037
2000-04-14,5.17,375.01,7.15,-3.93,425.19,0.7043356101687944
2000-04-15,0.51,547.21,8.54,-5.27,371.53,0.7043356101687944
2000-04-16,2.27,418.65,7.89,-3.5,436.18,0.7115227082317414
2000-04-17,0.63,371.98,7.55,-1.02,542.28,0.7258969043576351
2000-04-18,4.23,311.56,6.7,-1.82,507.47,0.7187098062946883
2000-04-19,2.5,392.93,9.13,-1.68,505.27,0.7294904533891085
2000-04-20,0.0,511.86,10.16,-1.2,499.66,0.8552646694906789
2000-04-21,0.05,618.1,12.83,-2.15,427.4,1.0600969642846652
2000-04-22,2.15,497.51,12.48,-0.91,494.06,1.3727357300228544
2000-04-23,5.15,335.06,6.86,-2.0,508.57,1.538038985470633
2000-04-24,4.79,387.09,4.36,-5.41,396.79,1.3727357300228544
2000-04-25,5.2,462.38,5.72,-6.42,353.24,1.0960324545993994
2000-04-26,4.24,411.03,8.38,-2.59,483.53,0.9990066307496166
2000-04-27,0.06,697.54,14.67,-3.22,381.61,1.0313485720328777
2000-04-28,1.67,589.96,16.42,-0.07,512.21,1.5092905932188454
2000-04-29,1.49,553.53,7.26,-6.33,346.66,2.307058478205949
2000-04-30,0.24,720.26,11.24,-8.41,265.55,1.6853744957610437
2000-05-01,0.01,699.49,15.96,-1.88,417.8,1.8183358099255613
2000-05-02,0.0,658.63,15.39,-0.34,480.09,2.5801682045979306
2000-05-03,0.0,681.81,15.6,-0.91,448.3,2.89280697033612
2000-05-04,0.0,501.41,12.57,2.38,647.78,3.4821490114977647
2000-05-05,0.99,471.33,9.14,-0.87,534.8,3.083265069004212
2000-05-06,6.03,263.21,4.96,-1.41,551.09,2.5693875575035103
2000-05-07,14.04,281.19,5.13,-1.69,541.22,2.238781046607954
2000-05-08,9.1,369.24,6.62,-2.45,509.39,2.0087939085936535
2000-05-09,11.12,243.35,4.18,-1.45,548.85,1.8938003395865033
2000-05-10,6.11,395.2,6.1,-3.48,469.54,1.8722390453976627
2000-05-11,6.19,335.72,1.24,-6.44,377.63,1.7320906331701986
2000-05-12,1.84,518.6,3.14,-7.15,347.34,1.538038985470633
2000-05-13,1.64,581.48,6.31,-6.3,375.27,1.4266389654949563
2000-05-14,0.17,664.3,11.21,-2.65,443.61,1.3655486319599077
2000-05-15,0.0,666.12,13.29,-0.41,489.73,1.4194518674320091
2000-05-16,3.92,482.19,12.28,0.57,579.36,1.620690613194522
2000-05-17,11.76,361.48,7.45,-1.38,537.17,2.2028455562932194
2000-05-18,0.76,659.71,11.97,-3.09,413.57,2.159722967915538
2000-05-19,0.0,609.37,11.77,-0.24,528.99,2.4687681846222542
2000-05-20,0.49,653.1,13.26,-1.28,464.29,2.835310185832545
2000-05-21,0.0,579.8,13.83,2.5,638.17,3.3671554424906143
2000-05-22,0.0,528.89,14.93,4.89,777.06,3.701355502417644
2000-05-23,0.47,546.16,13.54,2.76,663.44,4.204452366823926
2000-05-24,3.41,477.26,12.91,2.5,678.97,4.3122588377681295
2000-05-25,6.73,456.06,13.92,1.57,647.64,4.923162173118614
2000-05-26,11.49,367.73,9.96,0.88,634.87,5.174710605321755
2000-05-27,6.36,478.7,13.12,0.12,585.27,4.635678250600739
2000-05-28,7.17,387.47,12.3,3.27,759.33,5.066904134377552
2000-05-29,1.04,597.69,13.31,0.5,580.46,5.6418719794133025
2000-05-30,0.09,700.26,14.01,-1.23,473.98,5.174710605321755
2000-05-31,0.0,630.19,10.76,-1.2,511.39,4.923162173118614
2000-06-01,0.0,737.33,13.48,-3.7,388.36,4.276323347453395
2000-06-02,0.45,731.68,18.73,-1.11,446.8,4.168516876509192
2000-06-03,0.0,712.86,18.47,1.62,551.27,4.599742760286005
2000-06-04,0.0,729.25,19.35,1.11,519.85,4.671613740915473
2000-06-05,0.0,740.01,23.19,2.58,549.26,4.7794202118596765
2000-06-06,0.0,678.48,21.39,4.76,671.59,4.851291192489145
2000-06-07,0.0,702.16,22.87,4.57,625.22,4.959097663433349
2000-06-08,0.0,624.44,19.95,5.41,716.44,4.851291192489145
2000-06-09,2.79,506.38,15.28,2.91,677.38,4.456000799027067
2000-06-10,4.35,399.6,11.85,1.36,650.29,4.060710405564988
2000-06-11,1.68,472.31,13.79,2.58,697.69,3.701355502417644
2000-06-12,11.28,297.43,10.4,2.7,734.26,3.66542001210291
2000-06-13,7.18,308.19,9.59,1.5,682.02,4.276323347453395
2000-06-14,1.79,446.0,12.98,2.86,727.61,3.5755812863160736
2000-06-15,4.45,461.53,11.79,-0.08,600.94,3.6294845217881755
2000-06-16,3.16,425.72,9.09,-1.55,543.9,3.579174835347547
2000-06-17,1.2,588.03,12.06,-2.01,485.05,3.2090392851057827
2000-06-18,0.34,661.31,18.16,0.8,529.53,3.018581186437691
2000-06-19,17.14,383.06,11.65,0.72,635.29,3.485742560529238
2000-06-20,3.55,439.49,10.55,-0.15,601.22,3.66542001210291
2000-06-21,0.0,646.28,16.87,1.01,577.16,3.176697343822522
2000-06-22,0.0,618.95,19.12,3.95,709.59,3.1156070102874733
2000-06-23,0.0,623.92,19.62,3.87,699.93,3.0724844219097918
2000-06-24,0.46,602.43,19.28,4.26,731.18,3.0724844219097918
2000-06-25,0.21,572.19,15.82,2.07,653.42,3.022174735469164
2000-06-26,0.12,622.48,15.88,0.13,552.56,2.802968244549284
2000-06-27,3.72,432.27,15.01,2.67,724.21,2.7239101658568683
2000-06-28,0.52,624.96,18.61,1.07,577.89,2.5945424007238245
2000-06-29,0.0,605.43,19.48,3.65,699.11,2.4975165768740415
2000-06-30,0.0,639.22,22.43,4.33,703.57,2.4148649491501524
2000-07-01,0.77,533.79,20.56,6.25,866.13,2.3465875175521567
2000-07-02,0.0,624.99,21.87,4.54,720.75,2.289090733048582
2000-07-03,0.0,624.35,21.64,4.22,705.85,2.1776907130729053
2000-07-04,0.17,520.23,15.7,2.8,706.06,2.0734777911601756
2000-07-05,0.0,644.99,20.97,2.55,622.03,1.9548906731215518
2000-07-06,0.0,583.01,19.31,3.96,723.49,1.8614583983032422
2000-07-07,0.0,636.44,21.66,3.39,657.46,1.7859938686423003
2000-07-08,0.0,620.05,22.67,4.86,732.86,1.7213099860757781
2000-07-09,0.87,527.55,20.62,6.26,870.39,1.6674067506036765
2000-07-10,0.38,531.62,18.83,4.48,778.28,1.6314712602889423
2000-07-11,0.0,591.88,20.39,3.74,705.98,1.573974475785367
2000-07-12,0.0,605.55,24.17,5.83,791.09,1.5272583383762124
2000-07-13,0.0,603.61,26.44,7.36,865.17,1.4697615538726372
2000-07-14,0.0,592.01,26.6,7.65,880.08,1.4194518674320091
2000-07-15,0.0,568.39,24.86,7.28,882.51,1.3727357300228544
2000-07-16,0.0,515.25,23.82,8.56,1005.04,1.3332066906766467
2000-07-17,5.93,353.23,18.76,6.89,982.39,1.311645396487806
2000-07-18,9.05,327.39,16.39,4.66,853.82,1.3260195926136997
2000-07-19,0.71,480.18,17.92,3.83,771.97,1.3475808868025403
2000-07-20,0.08,542.64,20.2,3.57,728.56,1.2757099061730715
2000-07-21,0.0,561.02,21.79,3.83,723.92,1.2254002197324434
2000-07-22,0.0,589.27,25.34,4.66,736.62,1.1858711803862356
2000-07-23,0.0,526.86,25.5,8.25,976.14,1.1535292391029746
2000-07-24,0.0,524.76,22.45,5.3,804.29,1.124780846851187
2000-07-25,0.0,553.57,23.64,4.77,746.75,1.0960324545993994
2000-07-26,0.0,512.76,23.65,6.73,874.51,1.0780647094420324
2000-07-27,0.0,514.13,24.95,7.53,917.81,1.067284062347612
2000-07-28,0.0,526.92,25.82,7.4,893.43,1.0385356700958244
2000-07-29,0.0,518.69,26.7,8.45,959.88,1.0169743759069838
2000-07-30,0.0,521.42,27.42,8.43,953.2,1.00260017978109
2000-07-31,0.0,492.25,28.0,10.36,1109.32,0.9882259836551962
2000-08-01,0.0,510.76,28.01,9.07,1003.25,0.9594775914034087
2000-08-02,0.47,460.86,25.64,8.74,1035.48,0.9451033952775151
2000-08-03,0.04,462.63,24.87,8.53,1027.33,0.9199485520572009
2000-08-04,2.48,333.64,19.78,7.96,1059.96,0.9055743559313071
2000-08-05,8.59,301.6,18.63,5.74,911.94,0.9343227481830947
2000-08-06,0.0,476.25,21.19,4.54,774.18,0.8947937088368868
2000-08-07,0.0,436.37,21.99,7.21,939.24,0.8516711204592056
2000-08-08,0.0,503.21,24.38,5.55,756.55,0.8193291791759445
2000-08-09,0.0,490.98,26.12,7.57,854.45,0.7977678849871038
2000-08-10,0.22,366.0,22.46,9.75,1116.86,0.7833936888612101
2000-08-11,0.08,444.18,21.86,6.29,825.42,0.7726130417667898
2000-08-12,0.0,508.87,23.0,3.39,624.4,0.7474581985464758
2000-08-13,0.0,486.57,24.23,5.79,749.87,0.7294904533891085
2000-08-14,0.0,483.32,23.22,5.03,718.2,0.7151162572632147
2000-08-15,0.0,482.25,24.54,6.02,754.32,0.6971485121058476
2000-08-16,0.0,472.02,23.1,5.17,693.86,0.6899614140429007
2000-08-17,0.0,488.86,23.18,3.85,619.61,0.6755872179170069
2000-08-18,3.68,299.98,17.59,5.01,828.54,0.66840011985406
2000-08-19,0.11,437.8,20.02,3.66,674.67,0.6755872179170069
2000-08-20,0.04,385.14,17.25,3.74,729.7,0.6612130217911132
2000-08-21,0.0,460.9,19.09,1.67,578.25,0.6468388256652193
2000-08-22,0.0,492.66,22.55,2.22,566.62,0.6288710805078521
2000-08-23,0.0,465.07,24.45,5.79,730.16,0.6180904334134318
2000-08-24,0.0,401.08,22.27,7.44,871.13,0.6073097863190116
2000-08-25,0.94,421.12,22.71,5.42,705.56,0.6037162372875381
2000-08-26,2.57,372.84,21.21,5.4,739.11,0.5929355901931178
2000-08-27,2.49,375.66,20.25,5.2,717.24,0.6252775314763788
2000-08-28,0.0,418.21,19.99,4.21,640.7,0.6001226882560646
2000-08-29,0.0,448.49,21.44,3.72,585.38,0.5749678450357506
2000-08-30,2.42,269.56,14.6,3.82,758.18,0.5570000998783834
2000-08-31,0.39,347.8,15.02,2.51,651.46,0.5641871979413302
2000-09-01,6.48,238.82,13.84,3.01,755.49,0.5677807469728037
2000-09-02,6.96,242.5,12.04,1.67,685.91,0.5821549430986974
2000-09-03,0.0,404.63,15.04,0.24,556.82,0.5605936489098567
2000-09-04,0.0,433.43,18.7,1.67,581.89,0.5390323547210162
2000-09-05,0.0,421.43,19.19,2.63,629.36,0.521064609563649
2000-09-06,1.84,254.81,9.62,-0.04,605.47,0.5174710605321755
2000-09-07,0.26,414.38,14.5,-1.27,505.06,0.5174710605321755
2000-09-08,0.0,396.9,16.95,1.89,626.6,0.5066904134377551
2000-09-09,0.97,308.93,11.54,0.06,595.39,0.4995033153748083
2000-09-10,2.13,312.45,13.32,0.6,613.93,0.48872266828038796
2000-09-11,0.0,293.14,13.62,3.47,752.93,0.48512911924891455
2000-09-12,0.0,411.31,18.71,2.67,582.37,0.4743484721544942
2000-09-13,0.0,407.02,20.3,4.13,634.99,0.46716137409154734
2000-09-14,0.0,436.65,23.06,4.28,585.57,0.456380726997127
2000-09-15,0.0,438.24,24.52,5.02,596.43,0.45278717796565354
2000-09-16,0.0,430.11,24.17,5.17,608.51,0.44560007990270667
2000-09-17,0.0,360.49,19.29,5.18,700.41,0.4420065308712332
2000-09-18,0.0,346.54,16.38,3.31,567.61,0.4420065308712332
2000-09-19,4.31,283.97,12.1,-1.75,455.18,0.44560007990270667
2000-09-20,0.0,404.4,10.88,-5.51,296.07,0.44560007990270667
2000-09-21,6.26,271.07,6.44,-5.95,372.72,0.44919362893418013
2000-09-22,5.64,155.98,-2.89,-8.92,312.68,0.45278717796565354
2000-09-23,2.06,279.67,0.26,-9.41,296.6,0.44919362893418013
2000-09-24,1.02,426.02,7.73,-9.59,245.66,0.4384129818397598
2000-09-25,0.0,452.23,12.13,-5.07,320.22,0.4420065308712332
2000-09-26,0.0,440.94,13.57,-3.28,355.14,0.4384129818397598
2000-09-27,0.0,444.93,15.7,-2.03,377.43,0.4312258837768129
2000-09-28,0.0,438.7,17.17,-0.79,412.04,0.424038785713866
2000-09-29,0.63,345.25,16.0,2.41,598.55,0.4204452366823926
2000-09-30,0.0,285.44,13.18,2.6,670.56,0.4168516876509191
2000-10-01,8.07,142.61,8.59,1.75,693.05,0.45997427602860047
2000-10-02,3.57,174.99,8.44,0.91,648.58,0.6073097863190116
2000-10-03,0.0,285.06,8.88,-1.86,527.26,0.4995033153748083
2000-10-04,0.0,304.44,8.12,-3.65,457.6,0.45997427602860047
2000-10-05,0.0,307.29,4.81,-7.04,356.29,0.4384129818397598
2000-10-06,0.0,354.69,6.15,-9.0,300.24,0.424038785713866
2000-10-07,0.0,388.93,9.94,-9.5,273.24,0.40966458958797225
2000-10-08,0.0,387.61,13.86,-6.5,332.29,0.4024774915250254
2000-10-09,0.0,374.46,15.17,-4.44,390.65,0.4024774915250254
2000-10-10,0.71,318.3,14.55,-1.67,505.8,0.3988839424935519
2000-10-11,5.9,177.96,8.01,-2.1,526.25,0.40966458958797225
2000-10-12,7.7,86.16,2.28,-2.01,532.44,0.4312258837768129
2000-10-13,9.67,87.58,2.18,-2.12,526.31,0.4384129818397598
2000-10-14,3.93,119.8,3.02,-2.41,515.24,0.43481943280828633
2000-10-15,2.19,152.84,4.43,-1.99,530.57,0.42763233474533946
2000-10-16,0.0,240.81,6.92,-2.43,512.94,0.42763233474533946
2000-10-17,0.0,309.25,11.04,-2.73,498.57,0.424038785713866
2000-10-18,0.0,296.43,12.57,-0.79,575.72,0.42763233474533946
2000-10-19,0.0,245.33,8.39,-1.78,537.91,0.43481943280828633
2000-10-20,0.0,281.29,9.92,-2.27,518.57,0.42763233474533946
2000-10-21,0.02,236.99,6.48,-3.02,493.55,0.4204452366823926
2000-10-22,0.0,235.16,4.86,-4.82,429.19,0.4168516876509191
2000-10-23,0.0,308.23,10.64,-4.85,431.6,0.39529039346207856
2000-10-24,4.6,189.05,8.04,-1.25,559.81,0.39529039346207856
2000-10-25,0.35,138.79,4.91,-0.51,590.11,0.40966458958797225
2000-10-26,0.1,246.33,8.21,-2.24,515.84,0.4168516876509191
2000-10-27,0.0,232.57,7.82,-1.89,531.78,0.4132581386194457
2000-10-28,0.92,185.21,6.92,-0.55,588.79,0.40966458958797225
2000-10-29,0.0,167.66,5.05,-1.23,561.78,0.4024774915250254
2000-10-30,3.78,156.97,5.64,-1.42,552.28,0.4060710405564988
2000-10-31,1.37,196.49,4.68,-3.37,479.28,0.4132581386194457
2000-11-01,0.68,189.05,-0.69,-8.18,331.88,0.39529039346207856
2000-11-02,0.0,237.23,-2.17,-11.95,247.33,0.38091619733618476
2000-11-03,0.0,278.44,0.4,-12.8,229.75,0.3546832894064286
2000-11-04,2.75,237.72,3.5,-9.37,300.7,0.355042644309576
2000-11-05,3.04,178.12,-2.17,-9.9,287.62,0.37732264830471135
2000-11-06,0.77,231.34,-5.36,-14.15,205.49,0.36294845217881755
2000-11-07,0.0,310.01,-2.8,-17.09,160.51,0.3237787677357571
2000-11-08,1.6,250.72,-3.69,-14.28,199.75,0.3212632834137256
2000-11-09,2.39,238.38,-5.65,-17.41,159.33,0.35144909527810253
2000-11-10,0.0,275.13,-9.18,-20.55,122.98,0.3230600579294623
2000-11-11,0.1,273.65,-7.92,-19.37,135.42,0.30652973238468456
2000-11-12,0.0,257.06,-8.47,-18.93,136.68,0.33779360895850347
2000-11-13,0.0,285.05,-7.08,-20.55,121.38,0.3194665088979889
2000-11-14,1.97,256.19,-2.65,-18.06,150.37,0.3097639265130106
2000-11-15,2.7,179.87,-6.45,-15.07,191.27,0.33204393050814596
2000-11-16,0.11,262.93,-6.81,-19.17,131.11,0.3176697343822522
2000-11-17,0.87,217.35,-7.44,-17.01,164.74,0.31874779909169426
2000-11-18,1.75,183.06,-5.8,-14.11,204.5,0.30652973238468456
2000-11-19,0.0,242.87,-3.98,-15.02,190.29,0.3183884441885469
2000-11-20,0.1,276.48,-0.68,-16.51,170.97,0.29862392451544295
2000-11-21,0.2,264.51,1.8,-13.21,223.9,0.29934263432173763
2000-11-22,0.0,259.97,3.04,-11.22,261.11,0.3047329578689478
2000-11-23,0.0,268.08,2.97,-13.26,222.71,0.2975458598060009
2000-11-24,0.22,230.74,-1.13,-13.36,219.85,0.2943116656776748
2000-11-25,0.41,206.21,-2.71,-12.81,227.5,0.2950303754839695
2000-11-26,3.19,96.87,-2.71,-7.87,338.9,0.30652973238468456
2000-11-27,4.45,154.74,-2.53,-11.64,253.01,0.31227941083504207
2000-11-28,0.46,225.97,-5.5,-17.98,151.23,0.29610844019341154
2000-11-29,5.27,209.69,-0.04,-16.3,172.61,0.2666413381353293
2000-11-30,4.12,123.15,-3.03,-10.39,277.42,0.3047329578689478
2000-12-01,0.0,228.28,-2.24,-15.11,191.53,0.3158729598665154
2000-12-02,0.16,227.16,0.5,-13.05,227.02,0.2899994068399067
2000-12-03,0.0,195.62,-1.0,-11.71,252.66,0.2910774715493487
2000-12-04,0.0,224.36,-0.84,-13.88,209.93,0.2971865049028536
2000-12-05,0.64,192.32,-2.28,-12.8,228.59,0.29790521470914827
2000-12-06,0.17,220.3,0.46,-12.98,226.21,0.2853277930989912
2000-12-07,0.0,177.37,0.02,-9.48,297.29,0.2939523107745275
2000-12-08,0.1,148.32,-1.23,-8.96,312.06,0.29862392451544295
2000-12-09,6.19,87.98,-2.96,-8.32,327.54,0.3029361833532111
2000-12-10,5.16,150.57,-5.72,-16.19,174.77,0.2874839225178753
2000-12-11,0.68,180.21,-11.22,-20.99,112.61,0.21561294188840646
2000-12-12,0.25,203.87,-9.56,-20.76,120.0,0.17967745157367207
2000-12-13,2.94,121.65,-8.31,-15.41,188.13,0.19764519673103928
2000-12-14,9.37,80.42,-4.11,-9.01,309.73,0.23358068704577367
2000-12-15,7.53,168.79,-4.53,-17.23,163.46,0.23358068704577367
2000-12-16,5.24,181.31,-5.82,-20.32,121.69,0.19764519673103928
2000-12-17,7.23,111.68,-5.18,-12.11,243.14,0.21561294188840646
2000-12-18,0.66,166.74,-6.51,-14.72,198.64,0.24543939884963603
2000-12-19,2.29,151.4,-6.49,-14.85,195.24,0.24292391452760462
2000-12-20,0.24,221.37,-9.1,-21.56,111.61,0.23358068704577367
2000-12-21,1.84,228.67,-5.24,-22.99,98.38,0.23358068704577367
2000-12-22,5.67,80.56,-3.24,-7.89,338.15,0.2659226283290346
2000-12-23,2.32,92.17,-3.19,-7.73,340.33,0.26196972439441385
2000-12-24,3.21,119.12,-2.08,-8.55,320.41,0.26196972439441385
2000-12-25,0.15,214.22,-3.82,-14.24,205.69,0.2616103694912665
2000-12-26,0.0,225.28,-0.48,-12.19,242.31,0.25298585181573024
2000-12-27,0.0,200.52,0.2,-9.38,300.95,0.25586069104090897
2000-12-28,0.0,226.87,-3.17,-14.92,192.22,0.2580168204597931
2000-12-29,0.0,253.35,-2.8,-17.4,158.59,0.2436426243338993
2000-12-30,3.63,133.23,-3.19,-10.25,279.59,0.25550133613776166
2000-12-31,1.81,193.29,-3.0,-13.82,219.09,0.25550133613776166
2001-01-01,0.98,166.12,-3.36,-12.61,232.87,0.25945424007238244
2001-01-02,0.0,229.29,-2.02,-15.67,181.86,0.25226714200943556
2001-01-03,0.07,183.46,0.54,-9.25,304.04,0.2544232714283196
2001-01-04,0.0,178.71,1.62,-8.04,335.21,0.254782626331467
2001-01-05,0.0,206.85,2.82,-8.83,316.27,0.25550133613776166
2001-01-06,0.0,244.79,-0.46,-15.43,184.5,0.25298585181573024
2001-01-07,0.0,262.66,-1.5,-18.79,141.39,0.24148649491501523
2001-01-08,0.0,263.63,1.49,-15.85,183.34,0.22280003995135333
2001-01-09,0.41,229.17,2.3,-11.22,262.99,0.23358068704577367
2001-01-10,1.15,166.63,-1.82,-10.64,272.54,0.26520391852273995
2001-01-11,0.0,234.36,-0.89,-13.65,213.7,0.2511890772999935
2001-01-12,0.81,141.36,-2.13,-9.12,307.66,0.2515484322031409
2001-01-13,0.27,144.3,-4.88,-11.6,254.19,0.25226714200943556
2001-01-14,0.0,187.99,-6.05,-15.01,193.02,0.25226714200943556
2001-01-15,0.0,245.04,-6.36,-19.24,131.63,0.24867359297796213
2001-01-16,0.0,268.82,-6.62,-21.83,110.08,0.24076778510872054
2001-01-17,0.27,259.05,-6.57,-20.92,119.06,0.22280003995135333
2001-01-18,1.5,161.29,-4.16,-12.51,234.65,0.24472068904334132
2001-01-19,1.59,156.57,-4.06,-11.83,248.44,0.2537045616220249
2001-01-20,0.96,219.57,-4.84,-16.04,177.67,0.25226714200943556
2001-01-21,0.57,282.58,-1.74,-17.52,155.56,0.23645552627095243
2001-01-22,0.0,230.03,-1.39,-12.04,243.73,0.24256455962445728
2001-01-23,0.0,288.27,0.47,-14.9,193.18,0.23897101059298384
2001-01-24,0.0,296.06,1.03,-14.96,193.71,0.23573681646465772
2001-01-25,0.0,233.03,-2.35,-12.81,232.2,0.24256455962445728
2001-01-26,0.0,288.84,-2.29,-16.67,167.48,0.24220520472130994
2001-01-27,0.0,319.4,-1.26,-19.26,136.27,0.22854971840171084
2001-01-28,0.0,328.87,0.45,-18.72,145.09,0.22028455562932192
2001-01-29,0.0,312.8,-2.76,-18.76,143.14,0.22890907330485818
2001-01-30,0.0,222.03,-6.55,-15.77,180.52,0.23753359098039445
2001-01-31,1.7,164.1,-7.89,-15.27,186.28,0.23645552627095243
2001-02-01,3.5,152.91,-5.17,-12.5,233.72,0.23358068704577367
2001-02-02,4.59,109.66,-4.07,-8.94,309.76,0.22998713801430024
2001-02-03,1.54,163.9,-4.12,-10.7,270.95,0.2281903634985635
2001-02-04,3.51,164.11,-1.18,-8.41,321.97,0.22783100859541616
2001-02-05,6.38,181.69,-1.17,-9.76,292.97,0.23214326743318428
2001-02-06,1.91,281.19,-3.13,-15.31,187.51,0.23106520272374226
2001-02-07,0.0,364.57,-9.83,-25.84,78.67,0.23286197723947896
2001-02-08,0.0,382.43,-11.62,-30.12,46.94,0.20483229479398612
2001-02-09,1.53,330.12,-9.43,-26.42,74.67,0.21561294188840646
2001-02-10,0.72,284.57,-4.96,-15.09,196.04,0.25047036749369883
2001-02-11,0.11,321.38,-3.79,-15.68,179.75,0.23573681646465772
2001-02-12,3.15,274.61,-3.08,-16.51,169.98,0.23178391253003694
2001-02-13,0.0,365.76,-3.82,-18.57,142.04,0.23070584782059492
2001-02-14,0.0,409.13,-3.11,-22.8,96.98,0.2217219752419113
2001-02-15,2.77,219.49,-5.69,-14.43,198.21,0.2267529438859741
2001-02-16,4.3,174.81,-2.65,-9.53,296.74,0.2281903634985635
2001-02-17,0.12,285.7,0.26,-8.98,310.06,0.22639358898282677
2001-02-18,0.27,309.67,0.79,-9.66,291.97,0.22747165369226882
2001-02-19,1.27,263.28,1.04,-7.72,339.97,0.23861165568983647
2001-02-20,5.25,232.15,1.18,-7.79,338.16,0.25334520671887756
2001-02-21,4.01,149.46,-1.22,-6.5,372.78,0.266281983232182
2001-02-22,2.45,271.89,-0.02,-9.68,288.4,0.2723910165856868
2001-02-23,2.22,305.8,0.07,-10.59,270.76,0.27131295187624477
2001-02-24,1.91,315.5,-1.55,-11.17,259.98,0.27993746955178106
2001-02-25,1.86,295.01,-3.03,-12.03,239.08,0.2795781146486337
2001-02-26,0.0,441.15,-1.57,-15.85,175.56,0.277781340132897
2001-02-27,0.0,483.05,-1.79,-20.27,117.36,0.2723910165856868
2001-02-28,0.0,502.87,2.54,-20.93,112.15,0.2616103694912665
2001-03-01,0.0,487.87,2.01,-16.69,160.86,0.2648445636195926
2001-03-02,0.32,459.2,0.05,-16.43,165.2,0.27131295187624477
2001-03-03,2.27,364.23,-0.97,-13.29,212.45,0.2781406950360443
2001-03-04,0.95,449.99,2.88,-14.65,183.76,0.27670327542345496
2001-03-05,0.0,359.75,4.19,-6.15,364.89,0.2828123087769598
2001-03-06,0.0,477.45,7.52,-9.27,270.75,0.28389037348640184
2001-03-07,0.0,488.82,8.62,-9.2,263.04,0.2853277930989912
2001-03-08,0.0,482.79,7.98,-9.13,264.01,0.2874839225178753
2001-03-09,1.56,426.81,6.84,-9.8,259.52,0.28892134213046466
2001-03-10,0.5,421.41,5.23,-8.0,307.97,0.2971865049028536
2001-03-11,0.0,366.2,1.49,-8.47,306.06,0.29610844019341154
2001-03-12,0.3,220.41,-1.29,-6.83,360.29,0.2935929558713801
2001-03-13,0.36,274.87,1.21,-5.7,388.08,0.29251489116193813
2001-03-14,4.34,292.81,-2.32,-12.28,233.56,0.30149876374062173
2001-03-15,0.0,493.69,-1.01,-15.28,170.88,0.2842497283895492
2001-03-16,0.1,542.37,2.66,-15.24,156.93,0.2792187597454864
2001-03-17,1.57,452.47,1.19,-12.83,201.38,0.2899994068399067
2001-03-18,1.6,370.01,3.54,-6.83,324.54,0.299701989224885
2001-03-19,2.65,228.97,3.56,-2.8,464.45,0.300780053934327
2001-03-20,8.12,210.23,5.59,-0.35,551.11,0.3079671519972739
2001-03-21,0.19,417.49,7.37,-3.32,402.27,0.32557554225149377
2001-03-22,0.0,468.88,7.91,-4.51,351.87,0.32665360696093576
2001-03-23,0.0,516.21,9.27,-5.42,306.65,0.33599683444276673
2001-03-24,0.0,483.56,8.31,-4.72,337.18,0.34749619134348175
2001-03-25,2.81,402.8,8.51,-3.55,394.53,0.35719877372846004
2001-03-26,4.14,331.36,4.48,-6.01,354.29,0.36294845217881755
2001-03-27,1.46,427.68,1.24,-10.47,251.51,0.35324586979383926
2001-03-28,4.52,297.66,2.97,-6.45,357.0,0.3356374795396194
2001-03-29,3.01,367.17,5.39,-5.09,372.21,0.33851231876479815
2001-03-30,2.77,393.32,1.17,-9.2,277.39,0.3374342540553561
2001-03-31,5.38,444.15,3.31,-12.99,202.24,0.322700703026315
2001-04-01,3.68,333.73,4.36,-5.06,390.13,0.3248568324451991
2001-04-02,5.16,399.2,4.58,-7.97,309.26,0.3334813501207353
2001-04-03,6.87,362.1,0.99,-9.33,286.13,0.32952844618611454
2001-04-04,6.48,298.2,2.67,-5.36,399.42,0.3277316716703778
2001-04-05,0.0,524.14,5.67,-5.73,352.62,0.3288097363798198
2001-04-06,0.0,488.45,6.18,-3.83,411.18,0.3288097363798198
2001-04-07,3.6,396.49,5.2,-4.4,403.58,0.33420005992703
2001-04-08,6.09,349.39,-0.57,-9.3,296.41,0.3424652226994189
2001-04-09,1.41,486.03,-1.61,-12.06,237.49,0.3306065108955566
2001-04-10,0.0,615.78,1.03,-13.08,205.56,0.32737231676723044
2001-04-11,0.95,610.11,2.14,-13.46,189.76,0.3194665088979889
2001-04-12,3.73,455.56,2.21,-9.2,284.08,0.3244974775420517
2001-04-13,5.42,379.68,-0.2,-10.15,273.34,0.32737231676723044
2001-04-14,4.83,465.64,-0.26,-13.19,213.44,0.3280910265735251
2001-04-15,1.67,619.17,3.73,-14.79,171.99,0.31407618535077875
2001-04-16,0.83,667.25,8.78,-8.81,257.39,0.3219819932200203
2001-04-17,0.06,678.51,13.45,-4.4,337.19,0.3309658657987039
2001-04-18,0.0,625.84,14.05,-0.77,452.88,0.39529039346207856
2001-04-19,2.92,397.12,7.15,-2.09,475.92,0.5102839624692286
2001-04-20,9.68,294.65,2.93,-4.44,434.21,0.5174710605321755
2001-04-21,8.4,387.65,3.78,-6.41,373.75,0.47075492312302075
2001-04-22,0.0,609.2,5.3,-7.56,318.45,0.4420065308712332
2001-04-23,0.0,564.81,4.78,-6.56,349.84,0.4312258837768129
2001-04-24,0.0,604.26,10.45,-2.34,444.05,0.4312258837768129
2001-04-25,0.0,679.96,14.09,-2.73,393.29,0.4959097663433349
2001-04-26,0.0,673.39,15.63,-1.1,437.82,0.7115227082317414
2001-04-27,0.0,640.18,15.93,0.74,510.65,1.0133808268755102
2001-04-28,0.67,590.69,14.88,0.73,533.95,1.2577421610157042
2001-04-29,3.4,412.23,9.33,-0.94,535.58,1.638658358351889
2001-04-30,7.61,340.72,7.98,-0.07,582.93,1.4122647693690622
2001-05-01,5.25,477.85,3.42,-8.88,303.82,1.3799228280858014
2001-05-02,0.1,644.93,3.03,-11.39,239.01,1.074471160410559
2001-05-03,0.0,617.81,5.28,-8.37,296.85,0.9235421010886744
2001-05-04,0.0,718.17,11.95,-7.51,276.33,0.9163550030257275
2001-05-05,0.0,661.66,11.67,-4.31,365.47,1.1679034352288682
2001-05-06,0.0,611.35,6.68,-7.16,313.13,1.33680023970812
2001-05-07,0.0,671.03,10.19,-6.44,307.56,1.2433679648898104
2001-05-08,0.36,598.05,14.46,-0.14,487.87,1.458980906778217
2001-05-09,0.0,547.59,13.38,1.14,559.3,2.084258438254596
2001-05-10,0.0,575.61,11.67,-1.5,459.59,1.9692648692474457
2001-05-11,0.0,664.76,15.04,-1.68,408.38,1.9405164769956582
2001-05-12,0.0,691.61,19.84,0.83,452.63,2.364555262709524
2001-05-13,0.0,642.18,19.81,3.24,558.09,3.1695102457595747
2001-05-14,0.52,528.58,15.81,3.45,639.62,3.701355502417644
2001-05-15,23.39,210.88,8.08,2.26,705.63,4.456000799027067
2001-05-16,10.38,303.13,7.85,-0.17,597.81,4.456000799027067
2001-05-17,1.78,581.66,12.35,-2.0,471.78,3.496523207623658
2001-05-18,0.0,556.93,12.21,0.02,549.3,3.1120134612559998
2001-05-19,0.14,596.87,13.31,-0.42,513.92,2.7957811464863367
2001-05-20,0.81,556.44,7.14,-5.63,375.91,2.9538973038711687
2001-05-21,0.06,669.37,9.16,-7.49,303.8,2.267529438859741
2001-05-22,0.0,652.01,14.91,-1.32,451.18,2.159722967915538
2001-05-23,0.0,666.0,18.74,1.22,508.74,2.4184584981816255
2001-05-24,0.0,671.56,20.08,1.85,518.36,2.76703275423455
2001-05-25,2.0,574.16,19.77,2.66,595.19,2.9503037548396946
2001-05-26,1.23,611.25,18.69,2.13,566.17,3.1084199122245266
2001-05-27,6.23,414.0,15.62,2.72,706.98,2.9790521470914824
2001-05-28,5.22,473.8,16.47,1.72,637.87,2.9754585980600092
2001-05-29,2.58,512.74,14.42,0.89,598.72,3.1335747554448403
2001-05-30,0.01,605.92,13.8,-1.26,481.11,2.763439205203076
2001-05-31,0.0,598.14,15.46,0.43,537.2,2.4723617336537274
2001-06-01,0.0,649.64,19.91,2.1,558.51,2.4256455962445727
2001-06-02,0.81,511.29,15.67,2.62,661.53,2.4795488317166745
2001-06-03,8.23,308.25,6.97,-2.03,527.63,2.3717423607724712
2001-06-04,5.12,291.26,5.03,-3.03,491.55,2.184877811135852
2001-06-05,1.85,392.97,8.44,-0.85,571.0,1.9764519673103924
2001-06-06,1.34,477.29,11.72,0.41,608.88,1.875832594429136
2001-06-07,0.0,621.55,15.49,0.09,532.32,1.7895874176737736
2001-06-08,0.38,645.12,19.98,1.85,571.98,1.7536519273590392
2001-06-09,0.0,598.83,20.05,4.66,716.25,1.8147422608940877
2001-06-10,0.0,621.15,19.8,3.47,648.66,1.8542713002402955
2001-06-11,1.24,477.29,15.86,3.88,753.08,1.832710006051455
2001-06-12,11.11,383.78,9.44,-1.82,543.02,1.883019692492083
2001-06-13,28.3,213.53,2.64,-3.16,487.13,1.9405164769956582
2001-06-14,5.45,325.19,7.04,-0.94,574.05,1.8614583983032422
2001-06-15,3.93,449.51,11.64,-0.12,602.96,1.980045516341866
2001-06-16,0.0,647.42,16.72,-0.62,536.02,2.170503615009958
2001-06-17,0.03,544.04,17.32,4.14,792.1,2.2603423407967944
2001-06-18,2.47,430.06,12.05,1.08,659.87,2.2459681446709006
2001-06-19,0.0,606.5,15.05,-0.25,560.91,2.0626971440657553
2001-06-20,0.0,640.07,18.35,0.96,582.67,1.9225487318382908
2001-06-21,0.0,651.3,21.84,3.06,657.1,1.8470842021773488
2001-06-22,0.0,628.08,23.78,5.9,804.47,1.8183358099255613
2001-06-23,0.0,582.93,23.31,7.71,939.68,1.7967745157367205
2001-06-24,1.01,508.64,21.92,8.42,1046.33,1.7464648292960925
2001-06-25,0.0,528.49,19.12,6.2,892.45,1.6997486918869376
2001-06-26,0.0,578.13,21.15,5.92,835.12,1.6099099661001015
2001-06-27,0.0,506.07,20.63,8.14,1017.4,1.5452260835335796
2001-06-28,0.0,557.1,22.05,7.53,928.67,1.4949163970929515
2001-06-29,0.0,620.38,24.16,5.84,774.96,1.4410131616208497
2001-06-30,0.0,603.54,24.21,6.7,822.92,1.387109926148748
2001-07-01,0.0,600.51,26.06,8.27,899.47,1.3403937887395936
2001-07-02,0.0,590.86,25.2,7.71,866.21,1.3008647493933856
2001-07-03,0.0,598.99,26.06,7.56,833.98,1.246961513921284
2001-07-04,0.0,540.23,24.78,9.17,968.77,1.2074324745750762
2001-07-05,0.15,494.39,23.8,9.84,1060.94,1.182277631354762
2001-07-06,0.79,400.09,20.51,9.27,1115.51,1.1750905332918151
2001-07-07,0.79,465.11,21.62,7.89,962.1,1.1499356900715012
2001-07-08,3.51,410.68,21.14,7.73,991.63,1.1211872978197135
2001-07-09,8.09,362.36,21.13,7.47,1014.23,1.1211872978197135
2001-07-10,6.2,305.29,18.56,8.01,1077.3,1.228993768763917
2001-07-11,3.18,380.25,19.1,7.1,978.9,1.2038389255436026
2001-07-12,1.78,456.62,21.69,6.57,904.3,1.1535292391029746
2001-07-13,0.1,536.92,23.52,6.27,816.8,1.0816582584735057
2001-07-14,5.59,377.26,22.15,6.75,956.61,1.0493163171902447
2001-07-15,6.4,346.37,17.21,4.32,827.2,1.1104066507252934
2001-07-16,4.29,391.86,18.64,3.6,771.78,1.099626003630873
2001-07-17,0.38,470.34,18.72,4.59,797.95,1.027755023001404
2001-07-18,2.81,380.53,17.37,4.93,853.26,0.9882259836551962
2001-07-19,0.01,454.44,19.08,5.73,875.4,0.9630711404348822
2001-07-20,0.0,508.12,21.99,5.8,818.18,0.9307291991516211
2001-07-21,0.0,518.09,22.95,6.07,804.66,0.8983872578683603
2001-07-22,0.0,492.7,20.41,5.03,776.18,0.8768259636795196
2001-07-23,0.0,534.71,21.69,3.76,682.69,0.8624517675536258
2001-07-24,0.0,517.73,22.02,4.88,749.09,0.8372969243333118
2001-07-25,0.0,514.41,22.45,5.19,766.39,0.8193291791759445
2001-07-26,0.0,511.87,22.74,5.36,777.21,0.8013614340185774
2001-07-27,0.0,518.69,23.02,4.97,753.06,0.7798001398297367
2001-07-28,0.0,484.87,23.15,6.83,877.11,0.758238845640896
2001-07-29,0.0,455.79,21.0,6.18,858.42,0.7438646495150023
2001-07-30,0.0,508.36,22.06,4.61,721.73,0.7294904533891085
2001-07-31,2.63,359.65,15.88,3.24,733.33,0.7151162572632147
2001-08-01,0.07,534.08,21.13,1.94,583.92,0.7115227082317414
2001-08-02,0.0,515.35,25.0,6.44,797.49,0.6863678650114272
2001-08-03,0.03,497.75,25.44,7.63,876.63,0.66840011985406
2001-08-04,2.06,415.71,24.17,7.33,928.81,0.66840011985406
2001-08-05,0.52,477.39,23.91,6.34,829.82,0.6612130217911132
2001-08-06,0.0,520.33,27.3,6.9,820.82,0.6468388256652193
2001-08-07,0.0,471.09,27.11,9.78,1042.75,0.6288710805078521
2001-08-08,0.0,488.85,26.12,7.76,898.56,0.6216839824449052
2001-08-09,0.37,419.89,21.13,6.24,876.97,0.6109033353504849
2001-08-10,0.0,471.8,22.26,4.97,773.37,0.6109033353504849
2001-08-11,0.02,466.9,22.52,5.17,787.56,0.6001226882560646
2001-08-12,0.24,486.55,23.72,4.8,750.21,0.5965291392245913
2001-08-13,0.46,362.44,19.99,7.13,977.42,0.5821549430986974
2001-08-14,0.22,430.02,20.49,5.13,771.3,0.5857484921301709
2001-08-15,1.12,409.01,20.14,4.64,748.18,0.5749678450357506
2001-08-16,0.16,464.68,21.15,3.71,657.05,0.5677807469728037
2001-08-17,0.0,481.73,23.57,4.52,671.75,0.5641871979413302
2001-08-18,0.0,457.43,24.94,7.08,817.35,0.546219452783963
2001-08-19,0.0,450.19,23.82,6.28,783.16,0.5318452566580693
2001-08-20,0.0,432.59,21.95,5.47,766.0,0.521064609563649
2001-08-21,0.0,407.05,20.62,5.56,799.28,0.513877511500702
2001-08-22,0.0,447.98,21.97,4.56,712.87,0.5066904134377551
2001-08-23,0.0,422.48,22.37,6.32,822.0,0.4995033153748083
2001-08-24,0.0,431.97,21.83,5.19,752.41,0.48872266828038796
2001-08-25,0.0,471.22,23.05,3.56,638.49,0.4815355702174411
2001-08-26,0.0,452.59,24.86,6.39,764.51,0.4743484721544942
2001-08-27,0.0,449.92,24.99,6.44,757.6,0.45997427602860047
2001-08-28,0.0,451.93,24.93,6.01,728.66,0.456380726997127
2001-08-29,0.0,442.16,23.04,4.88,688.95,0.45278717796565354
2001-08-30,0.0,458.1,24.19,4.44,653.53,0.44560007990270667
2001-08-31,0.0,368.53,20.75,6.5,856.84,0.4384129818397598
2001-09-01,0.0,412.37,21.83,5.24,741.04,0.4384129818397598
2001-09-02,0.0,405.69,22.69,6.32,766.07,0.4312258837768129
2001-09-03,0.0,421.93,24.0,6.43,732.57,0.424038785713866
2001-09-04,0.0,419.08,24.32,6.68,740.25,0.4168516876509191
2001-09-05,4.72,283.37,19.8,6.04,863.12,0.4132581386194457
2001-09-06,7.32,186.74,9.83,0.95,656.8,0.42763233474533946
2001-09-07,4.68,158.55,4.73,-2.0,532.36,0.4384129818397598
2001-09-08,0.63,303.09,7.49,-3.33,475.0,0.42763233474533946
2001-09-09,0.0,403.83,13.81,-1.77,488.7,0.4168516876509191
2001-09-10,0.0,419.99,18.21,1.03,568.4,0.40966458958797225
2001-09-11,0.0,431.59,20.73,2.29,575.35,0.39529039346207856
2001-09-12,0.0,392.22,19.0,3.3,551.36,0.3845097463676582
2001-09-13,4.0,313.73,18.39,3.65,631.14,0.3845097463676582
2001-09-14,2.72,288.58,13.49,0.6,555.34,0.3881032953991316
2001-09-15,0.0,394.97,15.05,-0.86,425.82,0.39169684443060504
2001-09-16,0.24,364.75,15.3,0.72,500.93,0.3845097463676582
2001-09-17,0.06,320.9,13.51,1.24,556.01,0.38091619733618476
2001-09-18,0.06,364.36,15.27,0.86,499.45,0.37732264830471135
2001-09-19,0.0,363.58,15.53,1.06,507.23,0.3737290992732379
2001-09-20,0.0,409.27,16.81,-0.96,405.3,0.3701355502417644
2001-09-21,0.0,404.37,18.58,0.77,456.53,0.36294845217881755
2001-09-22,0.0,396.85,18.55,1.05,471.23,0.35683941882531267
2001-09-23,0.0,409.51,20.61,1.57,468.43,0.3503710305686605
2001-09-24,0.0,411.03,22.55,2.78,502.32,0.34426199721515566
2001-09-25,0.0,386.04,22.07,4.25,585.65,0.3406684481836822
2001-09-26,0.0,337.61,19.07,4.61,666.05,0.3363561893459141
2001-09-27,0.0,385.73,21.03,3.07,546.54,0.3334813501207353
2001-09-28,0.0,351.68,19.8,4.21,633.84,0.32952844618611454
2001-09-29,0.07,336.7,16.9,2.46,588.07,0.32952844618611454
2001-09-30,0.0,380.72,18.61,0.55,476.53,0.32701296186408313
2001-10-01,0.0,370.14,19.36,1.75,526.47,0.32629425205778845
2001-10-02,0.0,348.15,17.48,1.34,539.17,0.3244974775420517
2001-10-03,0.0,348.39,15.09,-0.8,471.03,0.31982586380113626
2001-10-04,0.0,331.46,6.59,-7.92,308.81,0.3169510245759575
2001-10-05,0.0,391.8,9.73,-10.92,221.75,0.30724844219097924
2001-10-06,0.05,364.09,13.8,-4.73,351.54,0.30652973238468456
2001-10-07,0.0,280.47,12.93,0.02,547.4,0.3079671519972739
2001-10-08,0.22,210.91,8.16,-1.09,537.73,0.30940457160986323
2001-10-09,3.71,172.32,2.89,-5.63,399.18,0.3162323147696628
2001-10-10,1.42,216.68,2.26,-6.95,355.72,0.3086858618035686
2001-10-11,9.75,147.34,1.0,-6.22,385.36,0.3086858618035686
2001-10-12,9.28,178.33,-0.83,-9.41,300.06,0.31515425006022074
2001-10-13,6.08,126.45,3.27,-2.84,497.21,0.3191071539948416
2001-10-14,8.2,168.67,2.61,-5.49,410.23,0.3252161873483464
2001-10-15,1.43,324.83,4.49,-10.13,272.11,0.3230600579294623
2001-10-16,0.28,352.37,9.55,-6.2,342.04,0.30940457160986323
2001-10-17,1.04,294.21,7.76,-4.79,402.21,0.3165916696728101
2001-10-18,0.0,241.06,3.5,-5.82,391.26,0.3288097363798198
2001-10-19,1.58,170.39,5.5,-1.28,557.62,0.3173103794791048
2001-10-20,1.04,238.6,7.04,-2.72,494.7,0.31479489515707343
2001-10-21,0.0,321.15,9.51,-4.29,411.47,0.31120134612559996
2001-10-22,4.74,155.12,5.8,-1.54,541.63,0.30724844219097924
2001-10-23,7.04,177.07,2.43,-6.3,387.05,0.3194665088979889
2001-10-24,0.03,180.9,-2.55,-8.95,312.91,0.3176697343822522
2001-10-25,0.0,265.35,-0.14,-9.98,287.37,0.28820263232417
2001-10-26,0.77,318.19,7.1,-7.82,332.74,0.2885619872273173
2001-10-27,0.02,308.73,10.75,-2.79,485.31,0.29538973038711686
2001-10-28,0.0,227.73,9.73,0.75,641.75,0.30185811864376905
2001-10-29,0.0,258.86,10.86,0.28,614.33,0.3032955382563584
2001-10-30,0.5,241.06,11.08,0.95,644.39,0.3022174735469164
2001-10-31,9.71,108.88,4.59,-0.76,579.97,0.32018521870428357
2001-11-01,4.2,82.4,1.85,-1.83,537.38,0.345699416827745
2001-11-02,0.0,166.78,3.67,-2.16,522.48,0.3219819932200203
2001-11-03,0.0,285.34,7.66,-4.37,446.14,0.3097639265130106
2001-11-04,0.0,309.88,10.84,-4.36,437.74,0.29862392451544295
2001-11-05,0.0,283.1,10.26,-2.46,506.91,0.29538973038711686
2001-11-06,10.35,156.92,6.41,-0.97,568.13,0.3036548931595058
2001-11-07,6.31,206.62,2.7,-7.25,359.06,0.3557613541158707
2001-11-08,0.43,291.94,5.59,-8.26,325.68,0.3381529638616508
2001-11-09,0.0,297.11,7.72,-6.64,374.01,0.299701989224885
2001-11-10,0.0,290.38,7.88,-6.43,377.65,0.2932336009682328
2001-11-11,0.19,249.84,5.5,-5.7,398.76,0.29862392451544295
2001-11-12,0.0,218.61,7.0,-2.36,512.87,0.3061703774815372
2001-11-13,0.0,209.96,6.87,-2.16,525.14,0.3047329578689478
2001-11-14,0.0,123.45,3.44,-1.29,559.2,0.299701989224885
2001-11-15,0.0,235.43,7.82,-2.6,506.41,0.29610844019341154
2001-11-16,0.0,233.09,8.48,-2.18,522.34,0.29215553625879076
2001-11-17,0.0,209.22,6.69,-2.56,509.53,0.28964005193675935
2001-11-18,1.03,164.81,1.67,-5.63,403.74,0.2943116656776748
2001-11-19,0.68,228.96,3.04,-8.41,322.55,0.2860465029052859
2001-11-20,0.25,214.87,3.55,-6.55,375.16,0.2738284361982762
2001-11-21,7.42,109.79,1.56,-4.38,442.13,0.289280697033612
2001-11-22,7.87,97.12,0.87,-4.13,451.31,0.30185811864376905
2001-11-23,5.7,108.0,-1.2,-6.84,367.34,0.29934263432173763
2001-11-24,0.55,151.97,-3.33,-9.58,297.58,0.2899994068399067
2001-11-25,4.2,127.93,-2.9,-9.54,298.71,0.2878432774210226
2001-11-26,1.57,198.76,-5.35,-14.27,203.52,0.2849684381958439
2001-11-27,0.0,238.52,-7.19,-18.26,143.02,0.2515484322031409
2001-11-28,1.54,174.08,-8.21,-16.29,173.74,0.23753359098039445
2001-11-29,3.47,108.4,-5.08,-10.15,278.7,0.2630477891038559
2001-11-30,1.97,116.54,-6.06,-10.9,267.44,0.25945424007238244
2001-12-01,6.53,130.11,-4.75,-11.15,263.43,0.26125101458811917
2001-12-02,10.1,96.91,-2.19,-6.9,364.02,0.2515484322031409
2001-12-03,5.88,107.22,-3.08,-8.37,326.48,0.21094132814749098
2001-12-04,1.85,152.48,-5.66,-12.05,245.81,0.2217219752419113
2001-12-05,5.64,127.82,-7.77,-13.5,216.74,0.23106520272374226
2001-12-06,6.69,133.95,-4.72,-11.14,262.78,0.233940041948921
2001-12-07,1.65,161.76,-5.43,-12.02,244.23,0.23106520272374226
2001-12-08,0.0,224.52,-3.15,-12.62,235.45,0.23070584782059492
2001-12-09,0.0,248.38,-1.55,-13.9,210.27,0.23286197723947896
2001-12-10,0.0,256.83,-2.26,-16.53,171.09,0.222440685048206
2001-12-11,0.0,233.41,-7.99,-18.45,143.36,0.22890907330485818
2001-12-12,0.1,209.74,-9.08,-17.58,155.21,0.24436133414019398
2001-12-13,7.76,152.88,-6.12,-13.87,207.4,0.24400197923704664
2001-12-14,6.95,121.74,-2.81,-8.68,314.59,0.2314245576268896
2001-12-15,0.67,216.62,-6.55,-16.25,174.72,0.2145348771789644
2001-12-16,1.77,209.65,-6.06,-16.39,167.68,0.2030355202782494
2001-12-17,5.51,120.28,-3.54,-9.09,306.27,0.2256748791765321
2001-12-18,3.51,126.52,-6.07,-11.88,248.56,0.2371742360772471
2001-12-19,2.62,136.56,-4.43,-10.11,285.35,0.23429939685206835
2001-12-20,0.2,234.77,-0.02,-10.62,276.51,0.23286197723947896
2001-12-21,0.01,219.44,-2.54,-11.98,245.57,0.23178391253003694
2001-12-22,0.0,206.29,-5.61,-13.79,214.64,0.23178391253003694
2001-12-23,0.0,255.01,-3.32,-16.92,164.19,0.23250262233633162
2001-12-24,0.0,257.51,-3.67,-18.27,149.18,0.21166003795378566
2001-12-25,0.0,258.07,-2.37,-17.31,161.94,0.20267616537510205
2001-12-26,0.0,257.77,-1.64,-16.58,169.75,0.21094132814749098
2001-12-27,0.0,254.75,-4.44,-18.89,141.14,0.21633165169470114
2001-12-28,5.63,132.75,-4.82,-11.93,247.07,0.22639358898282677
2001-12-29,2.92,145.88,-3.67,-10.89,269.55,0.2346587517552157
2001-12-30,0.0,215.99,-4.57,-14.1,203.91,0.2371742360772471
2001-12-31,1.41,225.02,-4.28,-15.65,184.23,0.23322133214262633
2002-01-01,0.0,260.99,-5.77,-20.19,124.13,0.22747165369226882
2002-01-02,2.06,241.42,-5.12,-21.8,110.54,0.21525358698525912
2002-01-03,2.12,145.11,-1.47,-7.78,338.48,0.22351874975764802
2002-01-04,0.75,158.79,-5.06,-11.43,254.94,0.22531552427338475
2002-01-05,1.38,140.06,-5.68,-11.26,258.57,0.222440685048206
2002-01-06,2.98,144.23,-2.53,-9.44,295.05,0.22208133014505865
2002-01-07,1.15,135.36,1.63,-3.83,462.28,0.22208133014505865
2002-01-08,2.62,161.81,2.61,-4.71,432.33,0.22890907330485818
2002-01-09,0.0,248.93,-0.89,-11.84,248.13,0.23070584782059492
2002-01-10,0.0,271.13,-2.05,-15.36,185.97,0.22603423407967943
2002-01-11,0.0,235.2,-0.05,-9.83,289.24,0.22998713801430024
2002-01-12,0.07,254.74,1.75,-9.62,292.13,0.23429939685206835
2002-01-13,0.71,214.5,-4.1,-12.78,232.01,0.2404084302055732
2002-01-14,0.0,241.15,-6.04,-15.49,184.18,0.23861165568983647
2002-01-15,0.26,267.01,-8.2,-19.72,130.05,0.23968972039927852
2002-01-16,0.0,261.61,-10.8,-21.79,109.92,0.22136262033876397
2002-01-17,0.42,241.39,-9.7,-18.83,136.55,0.22639358898282677
2002-01-18,1.66,197.44,-10.5,-18.11,153.78,0.23501810665836304
2002-01-19,2.3,175.16,-9.63,-16.43,169.29,0.22998713801430024
2002-01-20,4.4,162.62,-8.52,-15.21,188.64,0.22854971840171084
2002-01-21,16.92,132.07,-4.12,-9.77,285.18,0.22280003995135333
2002-01-22,7.31,194.57,-7.53,-16.39,173.7,0.2267529438859741
2002-01-23,1.7,218.54,-10.04,-18.22,149.5,0.21992520072617458
2002-01-24,4.36,183.66,-6.73,-14.3,202.4,0.21992520072617458
2002-01-25,3.73,135.97,-3.39,-8.33,326.15,0.22136262033876397
2002-01-26,4.44,94.17,-2.17,-5.55,405.73,0.22531552427338475
2002-01-27,7.66,144.02,-3.94,-9.58,295.2,0.23070584782059492
2002-01-28,4.81,207.22,-7.29,-16.07,178.82,0.23034649291744758
2002-01-29,0.89,310.15,-11.44,-23.85,90.73,0.222440685048206
2002-01-30,0.0,340.98,-12.88,-26.05,74.41,0.21669100659784848
2002-01-31,1.07,275.16,-9.03,-17.94,151.03,0.21848778111358522
2002-02-01,1.77,270.78,-7.06,-16.3,170.43,0.23645552627095243
2002-02-02,0.0,344.09,-4.63,-16.51,166.46,0.22783100859541616
2002-02-03,0.0,377.21,-2.35,-19.08,137.1,0.2267529438859741
2002-02-04,0.0,354.05,-4.85,-18.06,149.85,0.22423745956394273
2002-02-05,0.46,374.37,0.95,-17.85,153.99,0.22639358898282677
2002-02-06,0.05,384.05,-0.22,-17.63,156.76,0.22531552427338475
2002-02-07,1.44,277.45,-0.73,-11.17,260.42,0.22531552427338475
2002-02-08,6.3,202.61,-2.59,-10.55,273.4,0.23070584782059492
2002-02-09,0.41,354.7,-3.37,-16.08,177.29,0.23106520272374226
2002-02-10,0.33,396.75,-0.57,-17.67,156.25,0.22639358898282677
2002-02-11,0.0,371.94,-1.29,-14.3,201.78,0.23286197723947896
2002-02-12,0.0,387.96,-4.25,-18.58,140.56,0.23573681646465772
2002-02-13,0.0,416.97,-1.32,-19.07,137.09,0.2346587517552157
2002-02-14,0.49,388.23,-2.74,-17.56,153.42,0.23968972039927852
2002-02-15,0.0,434.38,1.03,-19.3,134.23,0.233940041948921
2002-02-16,0.85,416.48,3.34,-16.47,172.84,0.23286197723947896
2002-02-17,0.07,363.25,3.08,-9.34,296.71,0.2378929458835418
2002-02-18,0.02,382.47,2.27,-11.39,254.44,0.24076778510872054
2002-02-19,2.14,225.8,-1.95,-9.39,294.31,0.24903294788110947
2002-02-20,2.07,313.87,-1.73,-13.31,220.71,0.25622004594405634
2002-02-21,0.9,416.05,0.25,-17.02,160.26,0.25226714200943556
2002-02-22,0.25,244.58,2.51,-4.8,427.41,0.25334520671887756
2002-02-23,2.51,273.55,4.54,-5.46,402.33,0.2630477891038559
2002-02-24,6.96,344.71,-1.82,-20.13,124.96,0.2687974675542134
2002-02-25,0.32,432.49,-12.63,-29.14,51.08,0.2508297223968462
2002-02-26,0.09,485.78,-7.16,-30.34,47.31,0.23106520272374226
2002-02-27,2.74,304.28,-6.87,-18.14,148.65,0.25334520671887756
2002-02-28,3.26,360.03,-7.14,-22.83,102.06,0.25945424007238244
2002-03-01,0.0,459.57,-8.5,-25.89,79.9,0.24867359297796213
2002-03-02,0.0,471.25,-9.32,-27.82,64.59,0.24148649491501523
2002-03-03,0.81,463.35,-6.1,-26.27,71.83,0.24256455962445728
2002-03-04,1.76,332.53,-2.58,-14.32,199.78,0.24579875375278337
2002-03-05,0.78,334.73,0.96,-10.18,277.96,0.24975165768740415
2002-03-06,10.05,163.61,-0.29,-6.78,365.97,0.25873553026608775
2002-03-07,10.62,245.74,0.05,-9.82,293.41,0.2666413381353293
2002-03-08,6.28,309.11,-5.82,-17.65,155.7,0.2634071440070032
2002-03-09,0.86,408.35,-5.77,-18.51,146.06,0.25047036749369883
2002-03-10,3.85,277.78,-1.78,-11.06,262.7,0.2572981106534984
2002-03-11,5.0,173.57,-0.88,-6.59,371.23,0.27167230677939214
2002-03-12,11.58,209.59,0.48,-6.7,374.09,0.27742198522974965
2002-03-13,5.9,341.17,-1.27,-12.38,238.12,0.2824529538738125
2002-03-14,1.01,457.77,-2.94,-17.04,161.61,0.2770626303266023
2002-03-15,0.91,513.39,-2.07,-19.37,128.67,0.2698755322636554
2002-03-16,0.0,543.76,-2.97,-19.97,124.94,0.27346908129512887
2002-03-17,0.2,538.17,-4.41,-20.68,120.85,0.27095359697309745
2002-03-18,0.17,528.77,-4.84,-20.19,127.19,0.26771940284477136
2002-03-19,5.71,314.28,-4.52,-14.01,206.67,0.27346908129512887
2002-03-20,5.44,266.35,-0.65,-8.32,323.9,0.277781340132897
2002-03-21,1.78,490.9,5.37,-10.18,280.95,0.28317166368010716
2002-03-22,0.53,577.42,9.66,-9.9,275.61,0.2917961813556434
2002-03-23,1.4,456.56,8.05,-4.97,412.44,0.29826456961229564
2002-03-24,2.2,358.71,2.85,-6.8,366.75,0.2964677950965589
2002-03-25,1.56,388.87,3.36,-7.23,353.15,0.2939523107745275
2002-03-26,2.08,262.0,1.94,-4.57,433.17,0.2964677950965589
2002-03-27,3.03,208.73,0.53,-4.81,426.33,0.2946710205808222
2002-03-28,3.07,277.59,0.01,-6.26,381.96,0.29538973038711686
2002-03-29,1.93,439.81,2.07,-8.44,314.9,0.28892134213046466
2002-03-30,0.06,395.66,3.58,-4.59,427.25,0.29538973038711686
2002-03-31,0.0,528.09,7.38,-4.44,419.4,0.2935929558713801
2002-04-01,0.0,626.1,7.28,-8.87,291.93,0.3090452167067159
2002-04-02,0.0,628.02,1.35,-14.21,198.35,0.3022174735469164
2002-04-03,0.0,642.09,3.9,-12.67,220.18,0.28712456761472793
2002-04-04,0.0,657.7,7.81,-10.25,258.29,0.299701989224885
2002-04-05,0.02,661.96,12.18,-7.07,318.15,0.3097639265130106
2002-04-06,0.38,543.95,11.11,-1.98,483.65,0.3374342540553561
2002-04-07,2.22,414.38,6.96,-3.07,462.8,0.3737290992732379
2002-04-08,0.0,527.44,6.77,-4.58,411.0,0.38091619733618476
2002-04-09,3.47,372.28,5.49,-3.12,468.53,0.3881032953991316
2002-04-10,9.31,342.92,5.89,-3.12,479.67,0.39529039346207856
2002-04-11,3.85,386.49,4.37,-5.09,404.78,0.4060710405564988
2002-04-12,1.04,386.2,6.24,-1.66,522.45,0.39529039346207856
2002-04-13,0.03,539.51,10.39,-1.18,523.49,0.40966458958797225
2002-04-14,13.63,338.54,8.84,-0.06,594.61,0.521064609563649
2002-04-15,16.27,346.69,4.49,-4.24,444.3,0.8265162772388914
2002-04-16,7.99,360.49,0.51,-8.24,328.51,0.7079291592002679
2002-04-17,2.3,477.53,2.19,-8.98,305.25,0.5929355901931178
2002-04-18,2.25,516.99,1.64,-9.38,302.24,0.5426259037524895
2002-04-19,0.0,586.73,0.01,-11.57,251.61,0.48872266828038796
2002-04-20,0.01,646.4,-0.41,-14.11,202.56,0.456380726997127
2002-04-21,1.59,629.94,2.72,-11.92,239.37,0.4420065308712332
2002-04-22,3.58,448.7,6.15,-3.51,453.62,0.44919362893418013
2002-04-23,0.7,667.17,6.76,-9.31,283.78,0.45278717796565354
2002-04-24,0.89,695.14,2.52,-13.34,205.37,0.44560007990270667
2002-04-25,0.0,699.22,7.01,-9.47,274.42,0.45278717796565354
2002-04-26,0.0,644.7,7.81,-6.17,355.54,0.5318452566580693
2002-04-27,3.82,403.41,5.2,-3.83,444.35,0.6180904334134318
2002-04-28,2.8,418.81,5.98,-3.4,450.86,0.6109033353504849
2002-04-29,0.36,625.48,9.92,-4.18,395.39,0.6360581785707992
2002-04-30,8.04,392.92,7.13,-3.01,476.71,0.9343227481830947
2002-05-01,3.61,531.15,5.29,-6.85,353.89,0.8444840223962586
2002-05-02,0.16,695.98,8.09,-8.3,290.73,0.848077571427732
2002-05-03,2.07,566.81,7.59,-4.92,395.6,1.1032195526623463
2002-05-04,1.55,617.22,8.37,-6.81,334.36,1.0313485720328777
2002-05-05,4.39,303.4,4.79,-1.84,519.58,1.1175937487882401
2002-05-06,6.31,283.54,5.03,-1.14,558.84,0.9738517875293025
2002-05-07,7.05,469.79,4.39,-7.64,344.27,0.9163550030257275
2002-05-08,3.16,518.77,-0.5,-11.8,246.07,0.8696388656165727
2002-05-09,1.68,648.72,3.06,-12.6,223.09,0.7618323946723695
2002-05-10,1.58,567.27,6.03,-5.54,388.2,0.7618323946723695
2002-05-11,0.11,658.99,7.95,-5.7,369.38,0.7726130417667898
2002-05-12,0.0,717.55,10.54,-5.84,348.81,0.9522904933404618
2002-05-13,0.0,713.49,13.61,-3.1,417.82,1.3332066906766467
2002-05-14,0.02,654.19,12.56,-1.59,481.0,2.102226183411963
2002-05-15,0.0,646.43,10.33,-3.47,427.27,2.210032654356166
2002-05-16,0.0,611.18,9.54,-2.99,451.01,2.256748791765321
2002-05-17,0.03,682.66,12.89,-2.67,439.12,2.1237874776008034
2002-05-18,0.02,698.86,16.68,-0.26,502.45,2.687974675542134
2002-05-19,0.33,686.0,19.64,1.81,567.26,3.5324586979383925
2002-05-20,0.0,672.5,19.54,3.08,627.24,4.7434847215449425
2002-05-21,3.9,560.67,13.63,-1.17,499.4,5.030968644062817
2002-05-22,13.49,261.53,3.85,-2.84,495.8,3.701355502417644
2002-05-23,4.18,371.26,4.47,-4.66,429.13,2.659226283290346
2002-05-24,2.24,430.64,7.35,-2.25,507.24,2.242374595639427
2002-05-25,1.15,584.43,11.06,-1.87,499.02,2.0806648892231223
2002-05-26,2.31,480.88,11.06,0.24,602.42,2.1453487717896444
2002-05-27,3.03,464.29,13.05,0.89,626.82,2.364555262709524
2002-05-28,0.01,637.65,15.24,1.3,600.51,2.9035876174305404
2002-05-29,0.3,573.59,16.82,4.37,751.95,3.809161973361847
2002-05-30,1.71,595.25,18.96,4.74,755.0,4.959097663433349
2002-05-31,1.79,614.04,20.37,4.29,726.18,6.037162372875382
2002-06-01,2.89,562.78,20.21,4.34,760.57,6.791807669484804
2002-06-02,7.85,320.78,10.66,2.35,724.72,6.719936688855335
2002-06-03,1.89,503.63,10.78,-0.45,586.73,5.570000998783833
2002-06-04,0.01,653.73,12.96,-1.84,491.06,4.599742760286005
2002-06-05,0.83,606.79,15.46,1.23,603.35,4.276323347453395
2002-06-06,0.0,604.93,16.41,2.82,665.31,4.887226682803879
2002-06-07,0.51,604.88,16.18,1.91,612.48,5.102839624692286
2002-06-08,9.78,392.76,10.75,-0.12,596.83,4.707549231230208
2002-06-09,13.96,330.67,5.6,-2.94,494.53,4.132581386194458
2002-06-10,6.35,293.39,3.64,-3.54,473.7,3.701355502417644
2002-06-11,3.73,349.99,7.39,-1.24,559.14,3.3276264031444067
2002-06-12,0.87,551.47,11.46,0.04,586.82,3.180290892853995
2002-06-13,0.0,685.72,15.66,-0.46,508.39,3.1263876573818936
2002-06-14,0.0,704.11,18.72,0.97,541.0,3.176697343822522
2002-06-15,0.0,656.14,18.74,3.12,649.11,3.4030909328053482
2002-06-16,0.18,679.68,20.29,3.02,625.87,3.701355502417644
2002-06-17,1.59,560.43,18.78,4.64,773.57,4.060710405564988
2002-06-18,10.46,357.97,13.12,3.49,789.24,4.420065308712332
2002-06-19,4.45,530.7,11.89,-1.37,539.65,4.491936289341801
2002-06-20,0.0,695.21,16.84,-0.41,507.32,3.809161973361847
2002-06-21,0.0,691.94,21.37,3.03,627.85,3.701355502417644
2002-06-22,2.59,466.46,16.9,4.73,823.68,3.773226483047113
2002-06-23,2.12,489.23,16.7,4.94,834.97,3.66542001210291
2002-06-24,2.79,573.58,20.3,3.86,726.83,3.7372909927323787
2002-06-25,0.89,635.33,23.39,5.69,780.02,3.66542001210291
2002-06-26,0.0,658.62,25.14,6.97,822.2,3.5755812863160736
2002-06-27,0.0,648.21,25.26,7.4,847.59,3.4749619134348175
2002-06-28,0.0,649.6,24.68,6.59,802.09,3.284503814766725
2002-06-29,0.0,572.78,22.4,7.8,932.19,3.144355402539261
2002-06-30,0.0,595.13,21.92,6.44,839.38,3.0581102257838984
2002-07-01,0.0,580.98,21.0,6.1,832.79,2.9035876174305404
2002-07-02,0.0,644.5,22.42,4.14,689.2,2.720316616825395
2002-07-03,0.0,565.34,21.31,6.4,859.47,2.5729811065349835
2002-07-04,0.0,576.54,23.0,7.64,920.71,2.45439398849636
2002-07-05,0.0,625.37,24.41,6.26,802.27,2.3573681646465774
2002-07-06,0.0,587.32,24.52,8.09,933.82,2.256748791765321
2002-07-07,0.31,587.73,24.65,7.45,886.0,2.1776907130729053
2002-07-08,0.0,595.88,25.21,7.81,904.26,2.113006830506383
2002-07-09,0.0,631.77,24.53,4.57,702.12,2.0411358498769143
2002-07-10,0.0,639.49,25.98,4.68,683.25,1.947703575058605
2002-07-11,0.0,639.31,28.03,5.73,719.97,1.875832594429136
2002-07-12,0.0,619.43,29.58,7.98,844.9,1.8111487118626142
2002-07-13,0.08,579.22,29.23,9.83,990.38,1.7536519273590392
2002-07-14,0.0,593.64,29.59,9.25,906.55,1.7105293389813578
2002-07-15,0.2,537.35,27.54,10.05,967.45,1.6674067506036765
2002-07-16,7.17,405.46,24.85,9.21,1037.29,1.638658358351889
2002-07-17,5.23,419.3,23.49,8.78,1010.24,1.6494390054463095
2002-07-18,2.03,441.41,23.61,8.3,968.7,1.6422519073833626
2002-07-19,1.53,398.35,21.44,8.46,1028.11,1.5703809267538937
2002-07-20,2.6,410.32,20.9,6.5,889.31,1.5128841422503185
2002-07-21,1.3,427.56,20.85,6.96,902.08,1.4769486519355843
2002-07-22,2.52,430.19,22.26,6.9,893.87,1.4410131616208497
2002-07-23,2.65,423.07,22.73,6.16,857.72,1.3907034751802216
2002-07-24,0.0,529.26,24.33,6.47,800.97,1.3547679848654874
2002-07-25,0.37,469.99,22.0,6.73,869.16,1.2972712003619122
2002-07-26,4.43,328.83,16.75,4.51,818.43,1.2864905532674917
2002-07-27,5.81,338.49,17.29,3.54,783.52,1.2757099061730715
2002-07-28,3.48,433.14,17.3,1.97,659.43,1.3403937887395936
2002-07-29,0.0,489.65,20.48,4.54,758.66,1.2182131216694965
2002-07-30,0.0,487.86,21.81,5.68,799.76,1.157122788134448
2002-07-31,0.0,488.62,21.07,4.88,753.28,1.1175937487882401
2002-08-01,0.0,551.52,21.45,1.41,557.43,1.085251807504979
2002-08-02,1.13,420.41,18.88,4.57,775.65,1.0493163171902447
2002-08-03,7.25,340.13,18.95,4.34,808.57,1.0565034152531916
2002-08-04,7.64,352.63,20.84,6.04,903.8,1.1175937487882401
2002-08-05,0.0,469.12,21.77,5.84,825.54,1.0636905133161385
2002-08-06,0.0,462.41,21.84,6.14,831.13,0.9990066307496166
2002-08-07,0.0,428.67,19.79,5.59,823.38,0.9702582384978291
2002-08-08,2.29,354.79,14.16,1.28,646.85,0.9558840423719354
2002-08-09,0.59,470.83,14.39,-1.23,510.36,0.9451033952775151
2002-08-10,0.0,516.56,19.41,1.21,568.11,0.9163550030257275
2002-08-11,0.0,480.4,19.83,3.62,689.92,0.8983872578683603
2002-08-12,0.0,410.35,15.78,2.96,711.38,0.8732324146480462
2002-08-13,0.0,513.16,19.2,1.2,575.18,0.8516711204592056
2002-08-14,0.0,498.05,21.5,3.94,694.82,0.8408904733647852
2002-08-15,0.0,503.08,21.23,3.2,656.78,0.822922728207418
2002-08-16,0.0,493.73,21.63,3.95,697.56,0.8013614340185774
2002-08-17,0.0,521.98,20.93,0.88,552.47,0.7833936888612101
2002-08-18,0.0,466.44,19.01,2.69,663.69,0.7690194927353164
2002-08-19,0.0,517.53,21.64,1.32,573.89,0.7510517475779491
2002-08-20,0.0,459.89,21.35,4.58,749.16,0.7366775514520554
2002-08-21,1.88,364.25,17.04,3.4,733.9,0.7294904533891085
2002-08-22,0.06,446.79,18.36,2.52,638.46,0.7187098062946883
2002-08-23,0.0,434.88,17.74,2.37,640.33,0.7043356101687944
2002-08-24,0.0,441.36,17.79,2.22,624.42,0.693554963074374
2002-08-25,0.0,451.75,19.64,3.1,650.46,0.6827743159799539
2002-08-26,0.85,440.09,19.94,2.35,617.17,0.66840011985406
2002-08-27,3.1,285.02,15.07,3.2,754.36,0.6576194727596396
2002-08-28,1.43,365.01,16.54,2.5,691.11,0.6612130217911132
2002-08-29,0.0,432.88,18.29,2.43,644.94,0.6468388256652193
2002-08-30,0.04,428.79,18.67,2.82,661.68,0.6396517276022725
2002-08-31,0.0,403.87,18.73,4.27,740.75,0.6252775314763788
2002-09-01,0.0,405.4,18.78,3.94,709.61,0.6109033353504849
2002-09-02,0.0,428.51,20.41,4.23,697.21,0.6037162372875381
2002-09-03,0.0,444.36,22.25,4.61,696.2,0.5857484921301709
2002-09-04,0.0,416.39,21.94,5.8,779.85,0.578561394067224
2002-09-05,0.11,422.05,21.13,4.54,714.85,0.5677807469728037
2002-09-06,14.75,189.89,13.57,4.66,847.38,0.5821549430986974
2002-09-07,15.86,154.26,11.55,4.95,876.56,0.6755872179170069
2002-09-08,5.32,234.58,11.18,1.74,692.25,0.7115227082317414
2002-09-09,0.0,391.88,13.94,-0.31,565.94,0.6576194727596396
2002-09-10,0.29,429.9,17.18,-0.07,539.67,0.6180904334134318
2002-09-11,0.0,416.86,18.44,1.9,621.92,0.5965291392245913
2002-09-12,0.0,387.44,17.5,2.8,682.96,0.5857484921301709
2002-09-13,0.0,431.91,19.0,1.01,576.05,0.5749678450357506
2002-09-14,0.0,439.18,19.98,1.02,569.93,0.5677807469728037
2002-09-15,0.0,418.28,20.92,3.32,679.91,0.5570000998783834
2002-09-16,0.1,388.37,19.78,3.94,732.9,0.5498130018154365
2002-09-17,3.85,225.15,12.03,2.36,711.32,0.5426259037524895
2002-09-18,2.11,230.79,8.7,-0.06,608.88,0.5641871979413302
2002-09-19,0.66,375.72,13.45,-0.97,532.89,0.5570000998783834
2002-09-20,0.0,352.79,13.41,0.23,585.36,0.5426259037524895
2002-09-21,0.0,337.34,8.9,-3.51,454.92,0.5282517076265958
2002-09-22,0.0,408.55,12.84,-4.04,412.23,0.5102839624692286
2002-09-23,0.0,407.61,15.16,-2.19,459.62,0.5030968644062818
2002-09-24,0.0,382.74,14.99,-0.65,523.48,0.4959097663433349
2002-09-25,0.0,338.04,11.1,-1.81,506.29,0.4923162173118614
2002-09-26,0.0,380.25,11.95,-3.67,433.91,0.4779420211859677
2002-09-27,0.08,285.45,9.51,-1.21,547.61,0.4779420211859677
2002-09-28,1.31,314.22,11.35,-1.75,521.8,0.4743484721544942
2002-09-29,3.33,218.18,10.53,0.7,625.84,0.46716137409154734
2002-09-30,0.53,252.11,5.67,-3.59,470.04,0.48512911924891455
2002-10-01,2.2,163.47,-0.02,-5.73,401.32,0.48512911924891455
2002-10-02,2.63,254.45,4.04,-6.37,379.97,0.46716137409154734
2002-10-03,2.07,284.32,5.24,-6.03,386.08,0.45997427602860047
2002-10-04,4.91,145.67,3.8,-1.89,532.1,0.45997427602860047
2002-10-05,6.9,115.06,3.96,-0.83,576.81,0.4779420211859677
2002-10-06,0.13,253.28,7.49,-0.87,575.85,0.4815355702174411
2002-10-07,0.0,328.14,11.14,-1.32,549.27,0.4635678250600739
2002-10-08,0.0,332.26,10.37,-2.86,490.8,0.45997427602860047
2002-10-09,0.0,320.31,10.7,-2.14,518.98,0.45278717796565354
2002-10-10,1.08,308.91,11.63,-1.53,543.29,0.44560007990270667
2002-10-11,5.57,273.31,5.5,-7.49,348.81,0.456380726997127
2002-10-12,2.02,333.88,3.27,-11.44,255.52,0.45278717796565354
2002-10-13,1.59,356.0,8.81,-7.54,344.44,0.4312258837768129
2002-10-14,0.0,369.76,9.19,-5.56,400.78,0.4312258837768129
2002-10-15,0.0,377.1,10.1,-5.42,403.76,0.42763233474533946
2002-10-16,0.0,351.69,8.35,-5.41,410.57,0.4204452366823926
2002-10-17,0.0,365.5,10.75,-4.64,427.96,0.4132581386194457
2002-10-18,0.0,359.38,11.32,-4.28,440.34,0.40966458958797225
2002-10-19,0.0,365.94,11.15,-5.55,397.92,0.4024774915250254
2002-10-20,0.0,319.58,9.29,-4.07,453.09,0.4024774915250254
2002-10-21,0.0,303.01,9.15,-3.19,481.05,0.4024774915250254
2002-10-22,3.82,185.59,1.49,-7.17,359.93,0.4024774915250254
2002-10-23,3.97,195.84,1.36,-7.57,345.59,0.39529039346207856
2002-10-24,3.94,193.55,1.48,-6.65,372.13,0.4024774915250254
2002-10-25,0.0,320.47,2.97,-9.76,289.73,0.3988839424935519
2002-10-26,0.0,349.01,5.3,-10.35,276.42,0.3845097463676582
2002-10-27,0.26,332.89,5.57,-9.7,291.97,0.37732264830471135
2002-10-28,2.75,218.1,0.83,-8.9,311.01,0.39169684443060504
2002-10-29,0.17,265.64,-5.54,-15.62,185.04,0.37732264830471135
2002-10-30,1.78,240.0,-8.01,-18.07,149.98,0.34605877173089233
2002-10-31,0.27,307.93,-4.83,-18.56,141.75,0.33312199521758795
2002-11-01,0.0,325.05,-3.85,-19.28,134.14,0.33851231876479815
2002-11-02,0.31,278.55,-5.47,-17.83,154.94,0.346777481537187
2002-11-03,0.33,326.16,0.9,-17.05,162.67,0.33923102857109283
2002-11-04,0.2,271.46,-0.67,-13.58,216.01,0.3471368364403344
2002-11-05,0.23,277.11,1.21,-12.39,236.88,0.346777481537187
2002-11-06,0.01,275.46,4.61,-9.14,306.34,0.3489336109560711
2002-11-07,0.0,258.62,6.29,-6.61,374.15,0.34821490114977643
2002-11-08,5.25,126.56,1.74,-5.25,418.96,0.35180845018124984
2002-11-09,4.85,99.76,-0.34,-5.23,418.03,0.36294845217881755
2002-11-10,6.93,108.11,-1.31,-6.95,362.45,0.35648006392216536
2002-11-11,1.86,125.58,-2.1,-7.91,335.1,0.3557613541158707
2002-11-12,3.71,119.74,-1.17,-7.2,355.62,0.35073038547180785
2002-11-13,2.54,111.13,0.24,-5.05,424.43,0.35360522469698663
2002-11-14,2.74,133.6,-1.52,-7.81,339.37,0.35001167566551317
2002-11-15,0.79,202.64,-1.79,-10.69,271.36,0.3485742560529238
2002-11-16,0.1,234.92,0.41,-9.94,286.85,0.33779360895850347
2002-11-17,0.0,209.49,-0.27,-8.97,310.63,0.3403090932805348
2002-11-18,0.58,201.61,-1.65,-10.14,284.07,0.3316845756049986
2002-11-19,0.68,138.21,-0.62,-6.09,389.59,0.3406684481836822
2002-11-20,0.0,149.92,3.26,-2.51,509.7,0.3363561893459141
2002-11-21,0.0,222.09,6.27,-3.29,479.63,0.3349187697333247
2002-11-22,0.31,210.62,5.74,-3.87,461.47,0.33420005992703
2002-11-23,16.31,191.4,1.06,-11.41,260.54,0.34605877173089233
2002-11-24,0.72,256.34,-6.01,-19.02,137.29,0.3104826363193053
2002-11-25,0.16,271.2,-4.63,-19.96,129.94,0.2975458598060009
2002-11-26,1.19,239.91,-2.63,-16.73,167.36,0.300780053934327
2002-11-27,2.9,173.63,-0.61,-9.72,291.38,0.3428245776025663
2002-11-28,0.0,186.97,2.85,-5.11,421.81,0.3478555462466291
2002-11-29,0.0,191.65,2.58,-5.75,399.72,0.3399497383773875
2002-11-30,0.0,237.58,3.3,-8.5,320.2,0.33312199521758795
2002-12-01,0.0,233.49,2.72,-8.8,314.2,0.3212632834137256
2002-12-02,0.0,143.37,0.5,-5.32,414.2,0.3241381226389044
2002-12-03,0.0,162.58,-0.19,-6.78,368.71,0.3277316716703778
2002-12-04,0.97,107.69,-1.01,-5.15,426.73,0.3244974775420517
2002-12-05,0.0,165.22,-1.34,-7.94,336.31,0.3230600579294623
2002-12-06,0.0,201.49,-0.74,-9.05,309.24,0.3194665088979889
2002-12-07,0.0,246.97,0.6,-11.99,245.27,0.31335747554448407
2002-12-08,0.0,252.66,0.87,-13.19,222.49,0.28964005193675935
2002-12-09,0.0,250.72,1.34,-13.09,224.93,0.2795781146486337
2002-12-10,1.97,196.42,-1.64,-12.44,238.9,0.2849684381958439
2002-12-11,2.6,154.75,-4.31,-12.03,246.31,0.3090452167067159
2002-12-12,4.16,132.95,-2.06,-9.42,294.87,0.300780053934327
2002-12-13,1.78,83.25,-1.11,-4.84,430.36,0.32054457360743094
2002-12-14,0.49,100.64,1.5,-2.59,505.05,0.31335747554448407
2002-12-15,3.06,133.41,0.74,-5.52,410.05,0.31443554025392606
2002-12-16,2.27,156.9,-0.32,-8.12,331.84,0.30832650690042124
2002-12-17,2.16,174.87,-1.93,-11.35,259.66,0.3119200559318947
2002-12-18,0.6,222.97,-5.8,-17.2,159.97,0.2820935989706651
2002-12-19,0.0,196.52,-8.23,-17.14,162.51,0.266281983232182
2002-12-20,1.23,203.81,-6.12,-17.04,163.6,0.29538973038711686
2002-12-21,3.14,130.01,-6.15,-12.63,235.62,0.2939523107745275
2002-12-22,1.58,201.37,-4.94,-15.53,180.75,0.29826456961229564
2002-12-23,0.0,237.4,-7.51,-20.52,120.92,0.2860465029052859
2002-12-24,0.0,239.45,-9.2,-22.18,106.83,0.23573681646465772
2002-12-25,0.73,226.18,-10.9,-23.73,91.51,0.2867652127115806
2002-12-26,2.22,177.79,-7.58,-16.51,169.79,0.27742198522974965
2002-12-27,10.17,126.4,-1.47,-8.31,325.53,0.2957490852902642
2002-12-28,6.66,84.16,0.7,-3.63,466.99,0.2946710205808222
2002-12-29,1.93,166.4,-0.96,-8.5,320.73,0.29934263432173763
2002-12-30,2.41,143.28,-4.18,-10.79,270.75,0.2957490852902642
2002-12-31,1.4,133.32,-1.87,-6.8,366.72,0.2853277930989912
2003-01-01,0.0,231.19,-3.16,-12.63,232.27,0.28892134213046466
2003-01-02,1.15,161.19,-2.01,-8.24,328.98,0.2846090832926965
2003-01-03,3.32,111.79,-0.04,-4.9,426.34,0.2885619872273173
2003-01-04,2.44,158.73,1.26,-5.76,398.63,0.28964005193675935
2003-01-05,4.15,185.89,0.34,-8.95,309.02,0.29610844019341154
2003-01-06,0.0,267.99,1.14,-11.06,263.23,0.2824529538738125
2003-01-07,0.0,277.81,3.14,-10.6,278.56,0.26843811265106604
2003-01-08,0.0,290.75,2.24,-13.49,218.88,0.2630477891038559
2003-01-09,0.0,288.26,-3.38,-17.83,151.71,0.2616103694912665
2003-01-10,0.53,284.65,-2.63,-18.32,146.75,0.2537045616220249
2003-01-11,0.0,243.9,-2.81,-12.06,239.98,0.2720316616825395
2003-01-12,2.58,131.18,-1.48,-6.76,366.47,0.2842497283895492
2003-01-13,3.99,72.28,-0.22,-3.15,484.69,0.28317166368010716
2003-01-14,6.17,97.82,1.27,-2.85,496.09,0.28317166368010716
2003-01-15,4.78,217.22,-1.9,-12.74,233.43,0.2860465029052859
2003-01-16,0.0,268.97,-4.76,-14.92,197.1,0.2687974675542134
2003-01-17,0.0,299.22,-3.43,-16.28,175.35,0.2702348871668028
2003-01-18,0.0,310.1,-1.76,-15.84,182.3,0.2605323047818245
2003-01-19,0.99,268.53,0.45,-10.78,269.2,0.2698755322636554
2003-01-20,2.62,150.17,-0.57,-6.29,383.6,0.27670327542345496
2003-01-21,6.51,129.55,-1.55,-6.85,366.55,0.2785000499391917
2003-01-22,6.22,93.52,-2.18,-5.83,399.36,0.2792187597454864
2003-01-23,6.91,195.39,0.16,-8.42,323.69,0.2820935989706651
2003-01-24,1.09,263.12,-0.76,-10.29,279.72,0.2763439205203076
2003-01-25,1.78,175.99,-0.16,-5.91,392.53,0.2828123087769598
2003-01-26,3.48,128.47,1.24,-3.22,481.83,0.2824529538738125
2003-01-27,14.27,138.98,1.21,-3.98,458.34,0.2910774715493487
2003-01-28,4.11,202.64,-1.8,-9.3,301.07,0.2957490852902642
2003-01-29,1.31,211.73,-2.13,-8.47,320.0,0.2899994068399067
2003-01-30,12.74,132.7,-0.24,-5.09,423.15,0.2914368264524961
2003-01-31,10.16,132.83,2.42,-2.31,518.61,0.2939523107745275
2003-02-01,8.42,187.22,2.67,-4.13,454.07,0.32701296186408313
2003-02-02,3.26,291.45,-2.72,-14.13,210.96,0.3316845756049986
2003-02-03,0.75,332.33,-5.93,-17.5,157.3,0.2820935989706651
2003-02-04,0.0,366.04,-5.97,-19.12,137.27,0.2885619872273173
2003-02-05,0.68,358.89,-7.48,-20.68,123.82,0.27993746955178106
2003-02-06,0.0,396.06,-9.31,-25.45,80.63,0.2648445636195926
2003-02-07,0.2,403.14,-5.08,-23.59,95.67,0.26125101458811917
2003-02-08,1.93,313.88,-6.05,-16.41,164.68,0.28640585780843325
2003-02-09,5.18,239.69,-6.5,-15.21,188.54,0.28568714800213857
2003-02-10,5.72,169.67,-4.18,-9.72,289.22,0.289280697033612
2003-02-11,0.59,373.69,-1.22,-12.94,224.09,0.2910774715493487
2003-02-12,0.0,429.82,2.44,-15.59,184.22,0.2853277930989912
2003-02-13,3.74,350.99,3.48,-13.52,216.93,0.2802968244549284
2003-02-14,5.25,198.88,1.57,-5.09,422.84,0.29251489116193813
2003-02-15,1.45,288.57,0.78,-7.26,354.6,0.2950303754839695
2003-02-16,5.62,293.52,0.22,-10.66,269.84,0.2907181166462014
2003-02-17,4.68,201.68,-2.99,-9.09,306.22,0.289280697033612
2003-02-18,0.0,406.18,-1.64,-13.02,224.07,0.2910774715493487
2003-02-19,0.0,420.35,-1.53,-13.76,215.14,0.28389037348640184
2003-02-20,0.97,399.16,-1.65,-14.66,197.24,0.28317166368010716
2003-02-21,7.1,167.49,-2.23,-7.15,355.45,0.2910774715493487
2003-02-22,6.64,284.87,-3.05,-12.66,234.51,0.29538973038711686
2003-02-23,1.27,464.02,-9.12,-29.56,50.79,0.28065617935807574
2003-02-24,0.0,513.38,-7.47,-33.44,40.0,0.2511890772999935
2003-02-25,0.64,486.39,-2.27,-27.65,63.04,0.2515484322031409
2003-02-26,0.16,502.34,0.8,-20.89,119.15,0.27095359697309745
2003-02-27,0.19,455.31,-0.26,-15.65,181.08,0.2853277930989912
2003-02-28,0.67,428.74,-1.74,-15.65,184.56,0.28892134213046466
2003-03-01,0.07,455.07,-3.0,-17.92,153.04,0.28712456761472793
2003-03-02,2.52,373.52,-4.17,-18.48,144.4,0.27418779110142355
2003-03-03,4.97,308.65,-2.44,-13.34,215.0,0.278859404842339
2003-03-04,2.51,348.51,-4.56,-16.33,170.27,0.28317166368010716
2003-03-05,8.27,302.52,-5.63,-17.36,156.65,0.2770626303266023
2003-03-06,13.55,112.59,-4.45,-8.12,329.99,0.2759845656171603
2003-03-07,10.59,162.48,-2.17,-7.56,345.41,0.2828123087769598
2003-03-08,9.64,184.5,-0.91,-7.07,362.66,0.28964005193675935
2003-03-09,4.36,209.75,1.15,-4.99,424.59,0.29610844019341154
2003-03-10,3.01,217.18,2.67,-3.31,477.43,0.3029361833532111
2003-03-11,2.92,209.8,2.26,-3.23,483.11,0.3061703774815372
2003-03-12,2.73,255.69,4.7,-1.9,533.75,0.31335747554448407
2003-03-13,0.0,447.56,9.59,-1.64,543.09,0.32090392851057825
2003-03-14,0.0,453.83,8.52,-2.6,503.09,0.343543287408861
2003-03-15,0.02,531.39,8.83,-5.55,401.52,0.33312199521758795
2003-03-16,0.12,433.65,4.43,-5.67,401.9,0.3363561893459141
2003-03-17,0.94,354.16,1.82,-6.29,381.13,0.3349187697333247
2003-03-18,0.1,316.56,-0.26,-6.84,367.54,0.31371683044763143
2003-03-19,0.0,540.45,4.9,-9.06,307.09,0.30113940883747436
2003-03-20,0.0,572.05,6.12,-9.87,286.08,0.3090452167067159
2003-03-21,0.0,408.97,2.61,-6.33,379.19,0.3090452167067159
2003-03-22,2.89,282.2,4.38,-2.45,511.43,0.3079671519972739
2003-03-23,10.16,361.48,2.13,-8.7,321.16,0.3302471559924092
2003-03-24,0.05,559.43,0.23,-13.78,212.49,0.30760779709412656
2003-03-25,5.44,375.71,0.34,-9.06,304.39,0.3108419912224526
2003-03-26,17.16,310.34,0.38,-7.54,348.04,0.3212632834137256
2003-03-27,7.9,390.7,-1.25,-11.61,254.4,0.3068890872878319
2003-03-28,0.0,649.66,0.15,-16.58,169.5,0.3000613441280323
2003-03-29,1.56,563.8,2.03,-13.4,218.14,0.3090452167067159
2003-03-30,0.66,520.29,6.25,-4.58,433.64,0.3097639265130106
2003-03-31,0.32,537.36,9.27,-1.72,535.53,0.31443554025392606
2003-04-01,3.16,338.86,6.21,-0.51,587.76,0.33851231876479815
2003-04-02,4.09,511.85,6.98,-6.52,379.59,0.35935490314734414
2003-04-03,3.06,469.2,0.38,-9.97,287.7,0.3543239345032813
2003-04-04,1.92,576.05,-0.85,-14.53,201.56,0.3399497383773875
2003-04-05,0.94,663.23,2.55,-16.81,164.45,0.3173103794791048
2003-04-06,2.4,513.26,0.25,-12.17,241.52,0.3079671519972739
2003-04-07,0.0,679.13,3.15,-13.72,208.47,0.3158729598665154
2003-04-08,0.91,657.23,9.38,-10.75,263.1,0.3176697343822522
2003-04-09,0.47,644.78,11.84,-5.19,405.03,0.3284503814766725
2003-04-10,0.0,662.03,14.07,-3.31,462.19,0.3701355502417644
2003-04-11,0.0,656.48,14.87,-2.5,489.16,0.43481943280828633
2003-04-12,0.0,633.1,14.01,-1.97,511.83,0.5174710605321755
2003-04-13,0.0,543.4,12.56,0.35,608.5,0.6216839824449052
2003-04-14,0.29,469.18,9.73,-0.2,595.2,0.7618323946723695
2003-04-15,8.67,357.11,6.77,-2.84,498.84,0.8444840223962586
2003-04-16,0.0,536.9,4.72,-6.42,376.0,0.7762065907982632
2003-04-17,3.01,453.7,6.07,-5.5,406.68,0.6827743159799539
2003-04-18,4.78,381.77,5.54,-4.31,447.41,0.6324646295393256
2003-04-19,0.21,602.74,6.63,-6.77,368.22,0.5857484921301709
2003-04-20,0.0,677.48,9.93,-7.0,351.5,0.5605936489098567
2003-04-21,0.0,657.91,11.64,-4.73,415.78,0.6288710805078521
2003-04-22,5.38,450.17,11.51,-2.0,522.87,0.7977678849871038
2003-04-23,3.42,314.68,6.65,-1.08,567.65,0.9918195326866698
2003-04-24,0.63,450.64,8.6,-0.67,579.98,0.9486969443089884
2003-04-25,2.87,443.35,10.21,-1.89,530.83,0.9738517875293025
2003-04-26,6.7,384.0,3.63,-6.37,384.31,1.1499356900715012
2003-04-27,2.6,566.76,5.31,-9.56,295.97,0.9594775914034087
2003-04-28,5.69,419.08,4.8,-5.84,394.0,0.8624517675536258
2003-04-29,4.66,412.56,7.41,-3.46,473.87,0.8085485320815242
2003-04-30,3.79,347.37,5.74,-2.5,510.09,0.7941743359556305
2003-05-01,8.4,345.97,4.39,-4.22,450.11,0.8013614340185774
2003-05-02,2.49,505.55,7.3,-4.76,428.85,0.7762065907982632
2003-05-03,6.24,307.07,6.54,-1.14,564.95,0.7798001398297367
2003-05-04,6.93,365.9,7.14,-2.12,527.36,0.8408904733647852
2003-05-05,5.72,383.21,4.73,-4.55,440.25,0.8912001598054133
2003-05-06,5.38,372.77,3.28,-5.81,402.19,0.8552646694906789
2003-05-07,4.45,418.97,7.23,-2.95,491.03,0.8157356301444711
2003-05-08,2.32,460.72,5.36,-3.79,460.63,0.8157356301444711
2003-05-09,0.84,522.11,4.64,-4.82,429.26,0.7941743359556305
2003-05-10,0.2,583.24,5.32,-5.08,422.54,0.7726130417667898
2003-05-11,3.67,557.25,7.31,-6.58,368.79,0.7654259437038429
2003-05-12,9.74,375.98,7.22,-1.09,566.66,0.7977678849871038
2003-05-13,2.93,534.97,8.91,-2.22,521.32,0.8912001598054133
2003-05-14,0.06,746.68,14.81,-2.62,468.52,1.0708776113790854
2003-05-15,0.02,693.32,14.89,0.24,579.95,1.5488196325650532
2003-05-16,0.0,599.28,11.33,0.36,607.95,2.0734777911601756
2003-05-17,0.0,673.15,11.62,-1.74,515.52,2.5478262633146698
2003-05-18,0.96,633.27,4.78,-8.01,332.18,2.565794008472037
2003-05-19,0.27,724.48,4.72,-11.11,259.04,1.8614583983032422
2003-05-20,0.65,721.74,9.3,-7.78,322.32,1.5955357699742077
2003-05-21,0.69,644.93,11.95,-1.4,520.28,1.7105293389813578
2003-05-22,0.0,695.56,15.59,0.95,595.81,1.9836390653733396
2003-05-23,0.0,715.73,18.6,2.31,630.21,3.1910715399484153
2003-05-24,0.0,744.12,21.43,2.45,605.19,4.060710405564988
2003-05-25,0.0,730.13,21.22,2.88,627.98,5.174710605321755
2003-05-26,0.0,679.95,18.9,3.67,692.61,5.570000998783833
2003-05-27,0.0,715.69,19.68,2.48,620.32,5.78561394067224
2003-05-28,0.67,709.23,23.4,3.17,635.62,6.432452766337459
2003-05-29,0.0,705.11,23.55,5.79,764.25,7.294904533891086
2003-05-30,5.83,518.77,21.47,3.98,769.92,7.366775514520554
2003-05-31,6.28,460.12,15.83,3.53,776.99,7.33084002420582
2003-06-01,3.5,515.43,13.6,1.82,686.68,7.618323946723694
2003-06-02,0.3,595.1,12.82,-0.28,573.93,6.180904334134318
2003-06-03,0.0,655.43,13.48,-1.65,506.81,5.138775115007021
2003-06-04,0.15,554.52,11.63,-0.41,572.67,4.707549231230208
2003-06-05,0.0,584.85,11.41,-1.34,527.54,4.168516876509192
2003-06-06,1.51,498.61,9.44,-1.86,518.68,3.952903934620785
2003-06-07,0.01,694.36,13.65,-3.67,396.6,3.6294845217881755
2003-06-08,1.02,644.83,17.11,-0.64,491.28,3.701355502417644
2003-06-09,0.44,572.84,16.86,3.43,682.44,4.024774915250254
2003-06-10,0.0,601.63,16.97,2.77,637.12,4.456000799027067
2003-06-11,0.0,581.65,15.91,2.24,624.75,4.491936289341801
2003-06-12,0.0,669.67,17.8,0.4,503.73,4.276323347453395
2003-06-13,1.29,600.84,17.85,1.16,560.39,4.132581386194458
2003-06-14,1.11,603.41,18.28,1.4,570.59,4.096645895879723
2003-06-15,3.78,510.42,19.07,3.16,691.54,4.096645895879723
2003-06-16,1.25,566.87,19.59,3.56,681.27,4.132581386194458
2003-06-17,1.18,579.26,20.63,4.49,714.91,4.060710405564988
2003-06-18,2.39,579.41,21.62,4.42,714.21,4.132581386194458
2003-06-19,0.76,579.22,21.5,5.46,768.05,3.9888394249355197
2003-06-20,2.77,508.9,18.34,4.08,756.65,3.809161973361847
2003-06-21,0.24,461.86,12.05,1.12,646.04,3.6294845217881755
2003-06-22,1.93,369.74,8.04,-1.51,546.95,3.2665360696093577
2003-06-23,3.03,398.81,8.57,-2.27,517.44,3.0509231277209516
2003-06-24,1.54,333.72,7.24,-0.42,592.25,2.8496843819584385
2003-06-25,0.67,528.63,10.29,-2.23,477.22,2.687974675542134
2003-06-26,0.04,600.85,14.71,0.48,518.69,2.565794008472037
2003-06-27,0.0,631.75,18.04,2.36,556.09,2.5082972239684618
2003-06-28,0.0,575.61,18.49,5.18,709.12,2.5298585181573023
2003-06-29,0.0,666.86,20.7,3.3,556.4,2.590948851692351
2003-06-30,0.0,654.62,23.79,6.42,679.38,2.551419812346143
2003-07-01,0.0,663.05,24.06,5.75,635.67,2.551419812346143
2003-07-02,0.0,616.1,21.81,5.63,662.49,2.45439398849636
2003-07-03,0.0,638.89,21.15,4.05,576.09,2.3609617136780505
2003-07-04,0.0,625.8,20.32,3.67,569.36,2.2711229878912147
2003-07-05,0.0,625.45,21.04,4.21,586.48,2.1884713601673256
2003-07-06,0.0,627.59,20.86,3.85,565.41,2.141755222758171
2003-07-07,0.0,645.57,22.16,3.99,553.75,2.087851987286069
2003-07-08,0.0,527.96,18.86,5.57,717.3,2.0339487518139676
2003-07-09,0.0,641.06,21.52,3.38,534.35,1.9584842221530254
2003-07-10,0.0,668.16,25.15,4.6,548.33,1.883019692492083
2003-07-11,0.0,628.61,25.64,7.13,678.89,1.8183358099255613
2003-07-12,0.0,632.4,26.32,7.33,684.47,1.77521322154788
2003-07-13,0.0,606.17,25.35,7.52,718.3,1.728497084138725
2003-07-14,0.0,619.74,24.01,5.54,624.19,1.6853744957610437
2003-07-15,0.0,625.52,26.1,7.0,648.11,1.6314712602889423
2003-07-16,0.0,622.58,27.55,8.11,693.51,1.5775680248168407
2003-07-17,0.0,581.21,26.84,9.34,787.26,1.538038985470633
2003-07-18,0.0,575.88,26.95,9.86,800.68,1.498509946124425
2003-07-19,0.0,581.31,26.63,8.86,743.38,1.4625744558096905
2003-07-20,0.0,572.93,27.35,9.86,801.45,1.4266389654949563
2003-07-21,0.0,572.45,26.66,8.98,759.14,1.3907034751802216
2003-07-22,0.0,614.03,28.26,7.5,625.15,1.3511744358340139
2003-07-23,0.0,583.06,28.86,9.46,724.38,1.3188324945507528
2003-07-24,0.99,511.33,27.76,10.45,862.54,1.2900841022989653
2003-07-25,3.45,378.63,22.91,10.13,1030.71,1.3080518474563325
2003-07-26,4.64,360.6,21.82,9.38,1001.42,1.3224260435822264
2003-07-27,0.28,473.47,22.44,7.99,792.73,1.2721163571415983
2003-07-28,0.0,520.21,23.78,7.14,670.78,1.2182131216694965
2003-07-29,0.0,537.92,23.85,6.2,595.74,1.1750905332918151
2003-07-30,0.0,562.95,25.32,6.04,544.48,1.1355614939456073
2003-07-31,0.0,521.18,25.7,8.65,643.62,1.1068131016938199
2003-08-01,0.0,549.83,25.46,6.58,525.55,1.092438905567926
2003-08-02,0.06,554.89,27.32,7.74,534.28,1.0708776113790854
2003-08-03,0.35,372.15,21.6,10.04,835.32,1.0529098662217182
2003-08-04,2.3,313.61,17.79,7.21,777.35,1.0493163171902447
2003-08-05,1.03,495.67,22.56,5.16,447.25,1.0385356700958244
2003-08-06,1.09,480.7,24.23,6.91,501.03,0.9882259836551962
2003-08-07,0.0,528.69,25.07,6.49,436.04,0.9558840423719354
2003-08-08,0.0,523.67,24.46,6.02,429.36,0.9271356501201478
2003-08-09,2.36,421.54,22.59,7.56,580.88,0.9163550030257275
2003-08-10,1.76,448.98,24.41,7.21,540.46,0.8947937088368868
2003-08-11,0.0,488.42,26.14,9.43,526.89,0.8732324146480462
2003-08-12,0.0,503.97,27.12,9.3,496.99,0.8516711204592056
2003-08-13,0.0,505.74,26.96,8.86,478.49,0.8265162772388914
2003-08-14,0.09,510.6,28.25,9.26,489.8,0.8049549830500508
2003-08-15,0.0,493.21,27.41,9.59,507.08,0.7941743359556305
2003-08-16,0.0,477.7,24.38,7.43,456.98,0.7798001398297367
2003-08-17,0.0,411.66,16.73,3.32,411.09,0.7726130417667898
2003-08-18,0.22,438.88,18.3,3.45,391.53,0.7654259437038429
2003-08-19,0.0,472.98,22.88,6.17,430.41,0.7474581985464758
2003-08-20,0.0,463.98,24.5,8.14,483.3,0.7258969043576351
2003-08-21,0.03,468.2,24.11,7.37,459.27,0.7079291592002679
2003-08-22,1.04,343.7,21.11,9.2,662.38,0.693554963074374
2003-08-23,0.0,410.28,20.58,7.09,518.38,0.6899614140429007
2003-08-24,0.0,455.3,22.25,6.14,444.45,0.6755872179170069
2003-08-25,0.0,487.97,23.67,5.19,389.13,0.6576194727596396
2003-08-26,0.0,488.46,24.24,5.23,391.79,0.6396517276022725
2003-08-27,0.64,298.43,18.23,7.86,703.38,0.6324646295393256
2003-08-28,0.18,414.85,19.07,4.63,443.71,0.6324646295393256
2003-08-29,3.21,235.67,12.96,3.43,600.68,0.6252775314763788
2003-08-30,2.15,315.25,13.36,2.33,452.05,0.6180904334134318
2003-08-31,0.0,480.36,19.13,1.05,269.41,0.6073097863190116
2003-09-01,0.0,478.93,21.65,3.32,308.2,0.5965291392245913
2003-09-02,0.06,462.46,21.94,4.15,343.07,0.5821549430986974
2003-09-03,0.0,466.62,22.07,3.8,327.61,0.5749678450357506
2003-09-04,0.24,448.5,23.04,5.22,372.23,0.5677807469728037
2003-09-05,0.22,367.19,19.25,6.09,466.06,0.5570000998783834
2003-09-06,5.29,190.48,14.77,6.52,780.46,0.5605936489098567
2003-09-07,0.8,355.01,17.54,4.69,477.3,0.5713742960042771
2003-09-08,3.2,286.63,12.62,0.19,442.99,0.5713742960042771
2003-09-09,3.43,334.95,11.58,-2.48,348.53,0.5713742960042771
2003-09-10,5.87,156.43,7.47,0.7,620.68,0.5570000998783834
2003-09-11,1.41,105.38,7.46,4.12,811.32,0.5534065508469099
2003-09-12,3.92,261.38,7.75,-2.05,471.82,0.5498130018154365
2003-09-13,0.52,355.99,7.55,-4.15,356.24,0.5390323547210162
2003-09-14,0.44,434.74,12.68,-4.06,282.78,0.5246581585951223
2003-09-15,0.36,420.04,14.79,-1.19,346.09,0.5174710605321755
2003-09-16,0.52,361.62,11.36,-1.06,406.08,0.5102839624692286
2003-09-17,0.18,298.07,4.43,-5.04,358.29,0.513877511500702
2003-09-18,0.0,378.39,6.94,-5.66,292.87,0.4923162173118614
2003-09-19,0.41,401.5,11.31,-3.6,298.32,0.48872266828038796
2003-09-20,0.0,395.76,11.81,-2.33,329.17,0.4815355702174411
2003-09-21,0.0,406.37,12.64,-2.48,306.8,0.46716137409154734
2003-09-22,0.0,435.83,16.55,-1.37,281.8,0.45997427602860047
2003-09-23,0.0,423.58,17.43,0.18,311.79,0.45997427602860047
2003-09-24,0.0,427.36,17.24,-0.62,291.98,0.45278717796565354
2003-09-25,0.0,400.77,17.93,2.02,370.17,0.44560007990270667
2003-09-26,0.0,385.36,17.93,2.74,404.31,0.4384129818397598
2003-09-27,0.0,411.94,17.51,-0.11,314.87,0.4312258837768129
2003-09-28,0.0,420.36,18.09,-1.16,286.72,0.424038785713866
2003-09-29,0.0,371.74,14.18,-1.15,334.92,0.424038785713866
2003-09-30,0.0,421.26,16.84,-3.66,243.36,0.4168516876509191
2003-10-01,0.0,408.38,18.34,-1.14,298.45,0.4168516876509191
2003-10-02,0.0,386.58,17.2,-0.38,334.99,0.4132581386194457
2003-10-03,0.0,398.66,16.85,-2.37,284.89,0.4060710405564988
2003-10-04,0.0,394.56,17.76,-1.52,304.7,0.4060710405564988
2003-10-05,0.0,374.43,17.49,-0.24,352.37,0.4024774915250254
2003-10-06,0.0,358.67,17.08,0.2,379.15,0.3988839424935519
2003-10-07,0.27,332.76,16.14,0.57,418.7,0.3988839424935519
2003-10-08,0.43,277.72,14.41,2.0,533.15,0.3988839424935519
2003-10-09,2.49,260.55,15.96,1.68,543.59,0.39529039346207856
2003-10-10,11.64,191.55,5.89,-4.67,426.63,0.4204452366823926
2003-10-11,3.14,214.22,3.4,-7.11,358.28,0.4384129818397598
2003-10-12,0.41,208.44,5.99,-2.25,520.25,0.4204452366823926
2003-10-13,0.0,193.86,3.28,-4.38,440.6,0.4132581386194457
2003-10-14,0.92,240.67,5.67,-4.86,422.03,0.3988839424935519
2003-10-15,2.24,176.25,5.1,-2.93,493.92,0.39169684443060504
2003-10-16,1.17,238.05,7.35,-3.76,458.1,0.39169684443060504
2003-10-17,0.0,271.4,13.76,1.27,632.12,0.3881032953991316
2003-10-18,0.0,305.72,16.62,1.19,590.94,0.3845097463676582
2003-10-19,0.0,291.27,15.86,1.12,603.38,0.3845097463676582
2003-10-20,0.0,281.8,15.44,1.07,608.91,0.38091619733618476
2003-10-21,0.0,293.52,18.14,2.26,644.65,0.3737290992732379
2003-10-22,0.0,317.14,19.51,0.41,547.2,0.366542001210291
2003-10-23,0.0,290.29,13.95,-1.95,490.8,0.36294845217881755
2003-10-24,0.0,244.39,5.02,-7.3,346.82,0.35935490314734414
2003-10-25,0.2,282.07,5.38,-9.82,276.85,0.3421058677962716
2003-10-26,0.32,249.01,10.07,-3.13,465.73,0.34534006192459765
2003-10-27,0.48,174.72,7.67,-0.92,566.94,0.34749619134348175
2003-10-28,9.75,92.84,5.62,0.04,611.72,0.35001167566551317
2003-10-29,11.07,241.72,6.26,-10.21,285.16,0.3881032953991316
2003-10-30,1.34,147.79,-8.74,-14.92,195.94,0.4132581386194457
2003-10-31,2.14,247.36,-6.08,-17.84,154.66,0.32952844618611454
2003-11-01,0.51,265.42,-4.04,-16.17,175.71,0.3079671519972739
2003-11-02,0.01,282.16,-2.49,-15.11,190.52,0.3367155442490614
2003-11-03,3.76,194.98,-1.9,-11.87,249.73,0.345699416827745
2003-11-04,3.98,215.39,-7.19,-18.57,143.9,0.34138715798997693
2003-11-05,0.34,286.64,-7.64,-21.03,118.1,0.2907181166462014
2003-11-06,0.69,297.94,-4.66,-20.24,123.78,0.29610844019341154
2003-11-07,0.0,319.07,-0.62,-18.01,149.22,0.30760779709412656
2003-11-08,2.44,268.95,1.28,-15.85,180.44,0.3155136049633681
2003-11-09,4.01,171.76,0.58,-8.1,330.7,0.3244974775420517
2003-11-10,6.6,80.4,-0.22,-4.36,442.15,0.3237787677357571
2003-11-11,9.53,111.95,-1.27,-7.25,355.6,0.3284503814766725
2003-11-12,0.0,256.37,-0.31,-12.37,235.93,0.3291690912829672
2003-11-13,3.36,247.19,3.65,-13.15,224.32,0.3090452167067159
2003-11-14,0.49,125.98,-0.38,-5.71,401.5,0.32629425205778845
2003-11-15,1.5,120.05,-0.33,-5.86,400.35,0.32701296186408313
2003-11-16,5.28,92.07,-0.65,-5.45,412.13,0.3230600579294623
2003-11-17,4.92,130.02,-2.48,-9.6,295.51,0.32665360696093576
2003-11-18,3.44,176.5,-0.47,-9.94,287.46,0.31299812064133675
2003-11-19,0.59,149.53,3.88,-2.61,505.41,0.3241381226389044
2003-11-20,7.16,210.19,2.2,-11.01,268.0,0.3309658657987039
2003-11-21,2.63,205.89,-6.44,-17.44,159.38,0.3126387657381894
2003-11-22,0.72,240.46,-11.08,-22.82,99.53,0.2910774715493487
2003-11-23,2.05,217.77,-10.4,-22.25,106.94,0.2849684381958439
2003-11-24,3.9,143.34,-8.08,-15.34,185.09,0.3284503814766725
2003-11-25,2.47,148.11,-9.14,-16.32,172.05,0.2802968244549284
2003-11-26,2.36,132.45,-6.51,-12.54,235.11,0.27490650090771823
2003-11-27,0.28,187.26,-6.51,-14.49,202.06,0.2795781146486337
2003-11-28,1.57,219.57,-2.35,-13.66,213.22,0.27095359697309745
2003-11-29,4.24,127.47,-0.16,-6.49,377.28,0.2867652127115806
2003-11-30,0.0,141.78,1.82,-3.84,461.19,0.30652973238468456
2003-12-01,0.0,230.67,4.09,-6.91,364.88,0.3068890872878319
2003-12-02,0.37,196.45,0.13,-8.85,313.24,0.2917961813556434
2003-12-03,2.65,101.69,0.23,-4.38,442.43,0.30113940883747436
2003-12-04,0.0,244.23,-1.65,-13.89,207.75,0.29790521470914827
2003-12-05,1.72,225.95,1.95,-11.77,249.6,0.26232907929756116
2003-12-06,5.85,54.36,1.04,-1.44,553.13,0.2935929558713801
2003-12-07,9.73,136.85,0.21,-6.9,367.06,0.31299812064133675
2003-12-08,1.79,179.55,-3.7,-11.08,263.81,0.29538973038711686
2003-12-09,0.0,200.65,-6.72,-14.65,198.31,0.277781340132897
2003-12-10,2.8,168.13,-4.72,-13.01,223.7,0.2608916596849718
2003-12-11,4.11,127.26,-4.87,-10.49,278.03,0.2842497283895492
2003-12-12,3.36,111.16,-5.34,-10.27,281.49,0.2846090832926965
2003-12-13,13.48,129.2,-1.78,-7.64,343.82,0.289280697033612
2003-12-14,8.73,167.5,-0.89,-9.86,292.16,0.28964005193675935
2003-12-15,2.02,167.65,-6.92,-14.2,204.75,0.28389037348640184
2003-12-16,0.83,181.49,-5.52,-12.85,229.4,0.2641258538132979
2003-12-17,0.0,232.54,-3.61,-13.75,214.3,0.278859404842339
2003-12-18,0.03,259.81,-0.75,-14.89,194.69,0.2598135949755298
2003-12-19,0.27,248.02,1.71,-11.7,253.87,0.2515484322031409
2003-12-20,2.37,204.64,2.29,-10.21,285.52,0.2601729498786771
2003-12-21,0.0,221.69,-0.54,-10.24,283.07,0.2842497283895492
2003-12-22,0.0,245.58,-2.57,-14.41,201.29,0.2802968244549284
2003-12-23,0.0,259.66,-0.39,-14.71,199.76,0.25334520671887756
2003-12-24,0.79,221.43,-0.39,-11.78,251.88,0.2450800439464887
2003-12-25,2.17,140.33,-1.62,-7.84,339.19,0.2759845656171603
2003-12-26,6.8,143.75,-2.74,-10.43,275.27,0.2817342440675178
2003-12-27,3.1,128.65,-9.38,-15.07,192.88,0.2738284361982762
2003-12-28,2.71,168.7,-10.4,-18.26,149.31,0.2576574655566457
2003-12-29,9.51,124.05,-7.06,-12.94,229.12,0.26448520871644526
2003-12-30,6.61,146.34,-5.85,-13.7,212.38,0.2691568224573607
2003-12-31,1.53,153.49,-4.58,-10.47,277.92,0.2705942420699501
2004-01-01,11.0,80.23,-4.01,-8.45,319.55,0.2813748891643704
2004-01-02,5.88,129.16,-7.14,-14.07,208.25,0.2759845656171603
2004-01-03,1.38,201.07,-8.38,-18.82,141.7,0.2598135949755298
2004-01-04,2.03,187.58,-12.08,-21.87,110.27,0.24436133414019398
2004-01-05,0.45,242.02,-16.66,-30.22,46.52,0.2371742360772471
2004-01-06,2.28,237.38,-10.88,-27.99,56.38,0.24436133414019398
2004-01-07,5.92,113.83,-4.86,-11.1,262.56,0.2659226283290346
2004-01-08,3.33,112.26,-2.89,-8.36,322.48,0.2835310185832545
2004-01-09,0.0,203.16,1.59,-7.26,353.46,0.2828123087769598
2004-01-10,0.0,239.03,1.48,-10.18,284.69,0.277781340132897
2004-01-11,0.0,242.33,1.4,-10.26,282.45,0.27670327542345496
2004-01-12,0.0,270.73,1.63,-12.98,227.61,0.2756252107140129
2004-01-13,0.0,261.61,0.99,-12.17,243.51,0.26771940284477136
2004-01-14,0.0,261.66,1.44,-11.45,257.1,0.2695161773605081
2004-01-15,0.0,277.11,1.28,-13.46,221.19,0.2666413381353293
2004-01-16,0.0,266.99,-0.62,-13.62,215.65,0.2687974675542134
2004-01-17,0.0,283.74,0.19,-14.43,203.86,0.2666413381353293
2004-01-18,0.0,292.32,-0.34,-15.99,179.07,0.26268843420070853
2004-01-19,0.0,181.85,-3.45,-10.37,280.43,0.2659226283290346
2004-01-20,0.0,273.08,-1.98,-14.26,208.07,0.2705942420699501
2004-01-21,0.0,283.57,-3.08,-16.21,175.56,0.266281983232182
2004-01-22,0.39,286.0,-2.36,-16.76,168.08,0.2601729498786771
2004-01-23,2.14,160.35,-3.12,-9.61,295.75,0.2637664989101506
2004-01-24,3.5,166.04,-1.86,-9.46,296.56,0.27167230677939214
2004-01-25,4.45,171.48,-6.13,-14.2,206.48,0.277781340132897
2004-01-26,3.43,158.7,-9.34,-16.43,165.25,0.2698755322636554
2004-01-27,4.03,135.96,-6.77,-12.66,232.35,0.2637664989101506
2004-01-28,4.89,89.53,-4.08,-7.75,339.44,0.27095359697309745
2004-01-29,6.28,96.67,-2.29,-6.24,383.48,0.27670327542345496
2004-01-30,6.93,211.14,-0.54,-10.6,277.39,0.2802968244549284
2004-01-31,0.24,259.55,-6.73,-15.99,178.51,0.27346908129512887
2004-02-01,0.05,267.3,-8.6,-17.89,153.65,0.25945424007238244
2004-02-02,2.16,277.72,-6.74,-20.06,130.56,0.2698755322636554
2004-02-03,1.14,287.27,-2.03,-13.17,217.49,0.2727503714888342
2004-02-04,0.26,330.95,-1.95,-15.56,186.24,0.2727503714888342
2004-02-05,0.0,274.52,-3.76,-13.05,225.08,0.2727503714888342
2004-02-06,0.11,301.28,-4.43,-14.68,195.75,0.2731097263919815
2004-02-07,1.2,273.02,-3.62,-13.29,219.61,0.2738284361982762
2004-02-08,1.5,216.68,-5.38,-12.45,238.63,0.2731097263919815
2004-02-09,0.27,316.2,-4.96,-15.57,184.17,0.2738284361982762
2004-02-10,0.44,320.22,-5.16,-16.19,175.24,0.26556327342588726
2004-02-11,0.0,369.64,-8.19,-21.57,113.6,0.2698755322636554
2004-02-12,0.0,419.64,-0.88,-24.08,90.85,0.25586069104090897
2004-02-13,0.0,409.38,2.39,-16.31,174.96,0.25550133613776166
2004-02-14,0.19,406.06,1.12,-17.16,163.79,0.2630477891038559
2004-02-15,2.0,252.09,-2.98,-11.68,252.8,0.26448520871644526
2004-02-16,3.16,256.37,-1.41,-10.77,271.0,0.26771940284477136
2004-02-17,8.81,187.37,0.92,-6.0,389.41,0.2720316616825395
2004-02-18,7.64,154.35,2.66,-2.75,500.31,0.2802968244549284
2004-02-19,2.5,347.31,0.65,-10.6,275.06,0.28892134213046466
2004-02-20,0.0,423.26,0.08,-14.65,198.45,0.2817342440675178
2004-02-21,0.0,455.16,1.39,-17.65,153.38,0.2698755322636554
2004-02-22,0.0,460.96,2.77,-17.41,158.91,0.2616103694912665
2004-02-23,0.0,449.14,3.31,-14.42,201.75,0.26448520871644526
2004-02-24,1.22,402.9,3.67,-12.63,233.19,0.2687974675542134
2004-02-25,1.44,297.4,1.48,-8.06,330.5,0.2720316616825395
2004-02-26,5.04,242.41,2.58,-6.39,378.99,0.2763439205203076
2004-02-27,2.72,296.76,2.25,-8.22,327.21,0.27670327542345496
2004-02-28,1.85,270.73,-0.08,-8.49,320.08,0.2792187597454864
2004-02-29,0.57,368.36,-0.43,-11.38,258.81,0.2723910165856868
2004-03-01,0.0,421.65,-1.35,-14.6,198.44,0.267360047941624
2004-03-02,2.1,375.46,-1.41,-15.14,190.17,0.2598135949755298
2004-03-03,2.08,315.78,-2.54,-12.75,228.82,0.2648445636195926
2004-03-04,1.18,323.97,-2.65,-11.92,245.46,0.27131295187624477
2004-03-05,4.57,273.39,-3.55,-12.72,232.18,0.2698755322636554
2004-03-06,4.39,234.16,-4.34,-12.04,243.25,0.25909488516923507
2004-03-07,1.67,407.15,1.47,-11.57,252.0,0.24292391452760462
2004-03-08,0.0,481.54,7.84,-7.42,344.45,0.2752658558108656
2004-03-09,0.0,487.05,9.15,-6.74,359.0,0.2781406950360443
2004-03-10,0.0,440.19,4.99,-7.86,329.91,0.29035876174305403
2004-03-11,0.0,510.46,6.58,-10.37,268.23,0.28317166368010716
2004-03-12,0.0,490.22,7.25,-8.12,320.52,0.2853277930989912
2004-03-13,0.0,452.64,3.9,-8.84,304.87,0.29035876174305403
2004-03-14,2.87,356.0,1.31,-9.21,294.89,0.2849684381958439
2004-03-15,3.73,304.52,2.63,-6.5,372.76,0.2878432774210226
2004-03-16,1.76,294.09,3.79,-3.64,462.16,0.2860465029052859
2004-03-17,0.87,267.03,4.65,-1.73,537.61,0.28640585780843325
2004-03-18,0.0,430.66,7.56,-3.14,474.5,0.29610844019341154
2004-03-19,0.0,421.21,8.55,-2.09,514.29,0.31443554025392606
2004-03-20,0.0,536.33,9.75,-6.07,366.3,0.346777481537187
2004-03-21,0.0,542.68,12.03,-4.1,413.84,0.3244974775420517
2004-03-22,0.0,548.62,12.67,-3.7,421.14,0.33599683444276673
2004-03-23,0.0,512.04,12.29,-1.67,493.86,0.366542001210291
2004-03-24,0.0,526.1,11.35,-2.86,448.26,0.4060710405564988
2004-03-25,0.0,507.09,8.97,-3.91,422.63,0.456380726997127
2004-03-26,0.78,444.09,4.58,-6.23,374.21,0.44560007990270667
2004-03-27,0.55,421.36,1.96,-7.92,327.4,0.40966458958797225
2004-03-28,0.12,505.09,3.14,-9.03,294.98,0.3701355502417644
2004-03-29,0.0,606.07,9.53,-9.0,271.01,0.34749619134348175
2004-03-30,0.0,601.75,12.85,-5.55,339.16,0.35324586979383926
2004-03-31,0.0,544.43,13.51,-1.21,470.32,0.40966458958797225
2004-04-01,0.28,520.25,12.05,-1.61,451.14,0.513877511500702
2004-04-02,0.11,336.09,4.69,-2.96,459.12,0.5641871979413302
2004-04-03,0.0,569.14,10.51,-4.73,337.43,0.5426259037524895
2004-04-04,0.32,529.62,11.41,-2.25,408.31,0.5965291392245913
2004-04-05,0.0,571.69,12.63,-3.01,366.31,0.6576194727596396
2004-04-06,0.2,547.84,12.5,-2.27,390.79,0.7474581985464758
2004-04-07,0.0,490.07,11.04,-1.16,440.68,0.7905807869241571
2004-04-08,2.15,411.9,9.54,-1.33,467.78,0.8696388656165727
2004-04-09,4.1,355.92,2.03,-7.44,329.82,0.8372969243333118
2004-04-10,0.02,607.03,4.79,-11.33,201.38,0.7043356101687944
2004-04-11,0.0,607.63,7.3,-8.7,237.63,0.6648065708225865
2004-04-12,0.0,619.85,11.84,-5.14,287.11,0.6576194727596396
2004-04-13,0.0,614.7,13.89,-2.97,327.67,0.7690194927353164
2004-04-14,0.0,473.18,9.38,-1.59,440.06,0.9163550030257275
2004-04-15,0.0,446.27,5.61,-4.47,379.7,0.9019808068998337
2004-04-16,0.61,507.82,6.93,-5.82,321.39,0.7977678849871038
2004-04-17,9.12,312.19,6.3,-2.7,481.87,0.7726130417667898
2004-04-18,5.97,308.48,5.1,-3.76,456.89,0.7690194927353164
2004-04-19,4.82,358.68,5.66,-4.92,416.4,0.7187098062946883
2004-04-20,7.02,352.31,4.08,-6.04,380.48,0.7043356101687944
2004-04-21,2.32,504.01,5.3,-8.02,306.79,0.6827743159799539
2004-04-22,0.0,596.39,6.47,-7.77,288.92,0.6648065708225865
2004-04-23,0.22,645.8,10.83,-6.85,280.01,0.6396517276022725
2004-04-24,0.0,562.11,7.88,-5.07,349.65,0.6827743159799539
2004-04-25,0.13,633.06,9.47,-7.06,272.45,0.6791807669484803
2004-04-26,0.07,630.65,13.66,-3.04,343.83,0.700742061137321
2004-04-27,0.86,550.17,13.97,-0.88,426.7,0.8804195127109931
2004-04-28,3.4,493.14,8.19,-5.87,326.38,1.1858711803862356
2004-04-29,0.11,570.06,4.91,-8.15,264.42,0.9882259836551962
2004-04-30,0.0,632.21,8.76,-6.81,248.86,0.9091679049627807
2004-05-01,0.04,643.52,11.69,-4.66,273.86,0.9558840423719354
2004-05-02,0.16,633.59,15.2,-1.53,331.71,1.1499356900715012
2004-05-03,0.0,598.13,15.26,0.44,389.83,1.5021034951558982
2004-05-04,0.67,606.2,16.36,0.03,367.18,1.7680261234849328
2004-05-05,0.0,514.87,15.98,3.92,546.73,2.2531552427338473
2004-05-06,0.0,572.59,16.59,2.66,460.15,2.5693875575035103
2004-05-07,0.0,592.11,16.38,1.75,418.34,2.601729498786771
2004-05-08,0.0,572.77,14.96,1.02,411.26,2.5873553026608773
2004-05-09,0.0,515.8,12.06,0.16,423.77,2.404084302055732
2004-05-10,0.0,606.66,14.39,-0.71,342.53,2.0806648892231223
2004-05-11,2.18,418.51,6.4,-3.35,394.94,2.148942320821118
2004-05-12,4.24,354.24,2.11,-6.87,345.65,1.8111487118626142
2004-05-13,1.81,438.6,3.46,-6.75,324.7,1.5524131815965263
2004-05-14,4.29,457.7,6.02,-6.88,308.65,1.3942970242116952
2004-05-15,0.82,566.38,10.0,-3.56,336.13,1.3260195926136997
2004-05-16,8.45,326.69,7.22,-1.64,506.26,1.3332066906766467
2004-05-17,4.81,423.9,10.57,-2.32,444.8,1.3942970242116952
2004-05-18,8.42,371.11,10.62,-0.07,542.85,1.433826063557903
2004-05-19,2.63,447.28,9.79,-0.97,475.22,1.8003680647681939
2004-05-20,6.2,369.38,9.48,-1.23,492.24,1.5991293190056812
2004-05-21,6.74,367.45,10.11,-0.36,544.71,1.6278777112574687
2004-05-22,11.01,278.3,7.76,0.23,610.77,1.8902067905550302
2004-05-23,8.61,278.52,4.59,-2.62,506.26,2.069884242128702
2004-05-24,1.84,436.3,4.75,-4.75,420.4,1.850677751208822
2004-05-25,2.56,473.9,7.15,-4.37,409.42,1.6530325544777829
2004-05-26,6.25,223.62,5.08,-0.42,588.53,1.6027228680371548
2004-05-27,7.05,331.48,10.19,1.87,692.05,1.6242841622259951
2004-05-28,7.16,288.43,8.28,1.35,676.88,2.141755222758171
2004-05-29,8.53,293.76,4.74,-2.29,519.27,2.46517463559078
2004-05-30,3.59,346.33,4.75,-3.04,486.88,2.2136262033876397
2004-05-31,1.84,486.7,9.1,-0.97,535.5,1.9836390653733396
2004-06-01,0.0,641.46,13.7,-0.07,486.19,1.9009874376494504
2004-06-02,0.04,680.05,16.78,0.25,461.73,1.9908261634362863
2004-06-03,0.13,691.9,19.81,1.4,478.93,2.1956584582302723
2004-06-04,0.01,647.65,19.09,4.06,595.33,2.583761753629404
2004-06-05,0.0,672.08,19.93,3.09,528.28,3.0365489315950573
2004-06-06,0.0,562.33,16.57,4.7,673.6,3.546832894064286
2004-06-07,1.52,584.81,16.13,1.92,548.46,3.773226483047113
2004-06-08,0.57,552.58,15.46,3.59,641.21,3.4426199721515562
2004-06-09,6.07,496.07,18.17,3.52,665.96,3.4641812663403972
2004-06-10,17.99,278.19,7.65,0.91,651.16,3.9888394249355197
2004-06-11,9.6,298.25,7.52,0.5,634.67,3.5144909527810255
2004-06-12,3.07,440.93,10.22,0.29,606.3,3.0976392651301063
2004-06-13,0.55,455.49,11.76,2.81,720.4,2.813748891643704
2004-06-14,0.0,614.86,14.52,0.87,553.98,2.6304778910385584
2004-06-15,0.05,632.4,14.3,-0.29,501.75,2.5693875575035103
2004-06-16,1.75,465.47,9.81,-0.83,554.39,2.4867359297796208
2004-06-17,0.0,619.21,11.87,-2.01,460.25,2.325026223363316
2004-06-18,3.28,460.22,11.47,0.4,604.29,2.242374595639427
2004-06-19,3.22,454.34,13.08,1.35,653.87,2.2028455562932194
2004-06-20,3.3,424.42,12.39,0.84,640.43,2.1776907130729053
2004-06-21,0.16,609.32,13.43,-0.82,510.65,2.1561294188840647
2004-06-22,2.63,565.39,17.26,0.11,546.99,2.159722967915538
2004-06-23,0.66,607.81,19.04,2.19,610.37,2.2280003995135336
2004-06-24,1.03,565.26,18.59,3.37,686.53,2.3322133214262633
2004-06-25,3.82,432.14,15.96,3.72,775.64,2.375335909803945
2004-06-26,3.5,472.45,17.13,2.92,722.62,2.3501810665836302
2004-06-27,5.13,389.53,15.74,3.89,800.72,2.307058478205949
2004-06-28,3.59,448.77,16.91,3.19,749.9,2.281903634985635
2004-06-29,3.87,485.05,18.61,3.92,774.68,2.242374595639427
2004-06-30,3.3,385.29,16.62,5.56,902.21,2.353774615615104
2004-07-01,1.21,534.88,19.02,3.64,741.45,2.1920649091987987
2004-07-02,2.36,499.75,18.66,2.84,715.27,2.1094132814749096
2004-07-03,2.51,498.13,17.86,2.15,688.72,2.030355202782494
2004-07-04,9.67,333.7,14.11,3.55,791.16,2.0087939085936535
2004-07-05,6.35,400.09,13.96,1.5,680.36,2.1884713601673256
2004-07-06,0.71,532.14,17.58,3.02,741.17,1.9692648692474457
2004-07-07,0.67,516.03,19.18,4.7,835.79,1.8650519473347158
2004-07-08,0.03,522.28,16.51,2.56,722.61,1.8866132415235566
2004-07-09,0.0,580.46,19.62,2.26,676.36,1.7536519273590392
2004-07-10,0.14,562.05,21.29,4.43,790.1,1.6745938486666236
2004-07-11,0.0,522.79,21.59,6.34,915.24,1.6242841622259951
2004-07-12,0.0,585.68,24.01,3.97,744.6,1.5667873777224202
2004-07-13,0.0,539.72,23.25,5.95,882.18,1.5056970441873718
2004-07-14,0.05,543.03,25.62,7.48,968.56,1.4733551029041108
2004-07-15,0.97,429.4,22.65,9.2,1155.22,1.433826063557903
2004-07-16,0.26,541.06,24.73,6.31,899.57,1.401484122274642
2004-07-17,0.05,516.65,25.07,7.76,996.39,1.3583615338969606
2004-07-18,6.59,412.12,23.94,8.29,1075.34,1.3260195926136997
2004-07-19,9.11,316.84,20.58,8.4,1111.03,1.5596002796594735
2004-07-20,3.95,341.8,19.62,6.86,994.46,1.4446067106523233
2004-07-21,2.09,391.57,19.99,6.25,941.87,1.3942970242116952
2004-07-22,5.69,267.04,16.26,6.54,974.3,1.3511744358340139
2004-07-23,0.56,387.72,15.76,4.73,860.21,1.3547679848654874
2004-07-24,0.52,505.09,19.73,2.56,720.67,1.2685228081101247
2004-07-25,0.0,515.7,22.1,4.74,832.91,1.2182131216694965
2004-07-26,1.18,437.5,21.13,6.46,956.06,1.189464729417709
2004-07-27,0.0,486.41,20.66,4.82,850.68,1.1679034352288682
2004-07-28,0.54,438.12,18.99,4.76,856.58,1.1319679449141338
2004-07-29,0.0,476.38,19.65,4.25,819.49,1.092438905567926
2004-07-30,0.0,499.62,21.13,3.98,796.2,1.0636905133161385
2004-07-31,0.0,500.73,22.99,5.36,873.07,1.042129219127298
2004-08-01,0.0,508.08,24.28,5.74,888.97,1.0133808268755102
2004-08-02,0.82,415.24,21.92,7.82,1054.35,0.9918195326866698
2004-08-03,0.84,421.57,20.96,6.52,960.81,1.00260017978109
2004-08-04,0.02,467.92,21.61,5.5,898.65,0.9702582384978291
2004-08-05,1.0,439.71,22.69,6.66,967.57,0.9451033952775151
2004-08-06,0.0,474.76,22.34,5.45,893.24,0.9271356501201478
2004-08-07,0.0,460.86,19.15,3.27,770.12,0.9055743559313071
2004-08-08,0.0,504.34,19.73,1.06,649.67,0.88760661077394
2004-08-09,0.0,499.53,20.89,2.32,715.87,0.8624517675536258
2004-08-10,0.0,479.0,20.17,2.76,740.35,0.848077571427732
2004-08-11,0.0,497.14,20.39,1.77,682.65,0.8193291791759445
2004-08-12,0.0,510.24,21.5,1.49,663.58,0.8049549830500508
2004-08-13,0.0,506.88,22.71,2.55,714.92,0.7905807869241571
2004-08-14,0.0,492.22,23.45,4.05,796.43,0.7762065907982632
2004-08-15,0.0,474.04,23.12,4.86,844.34,0.758238845640896
2004-08-16,0.0,431.34,22.47,6.77,970.84,0.7474581985464758
2004-08-17,6.68,267.97,18.73,7.25,1023.33,0.7474581985464758
2004-08-18,7.28,190.98,14.12,6.05,941.04,0.7798001398297367
2004-08-19,3.08,303.1,16.45,4.96,873.09,0.758238845640896
2004-08-20,1.31,372.59,16.9,3.57,789.71,0.7474581985464758
2004-08-21,4.13,331.5,17.9,4.64,845.83,0.7366775514520554
2004-08-22,7.72,289.72,17.21,4.46,836.8,0.7366775514520554
2004-08-23,10.15,196.32,10.3,1.97,708.8,0.7798001398297367
2004-08-24,3.45,251.87,11.84,2.12,714.57,0.8049549830500508
2004-08-25,16.35,203.71,9.82,1.41,677.93,0.7726130417667898
2004-08-26,6.74,210.12,9.05,0.52,632.75,1.0169743759069838
2004-08-27,2.25,294.65,11.05,0.46,629.58,0.8912001598054133
2004-08-28,0.79,359.03,13.2,1.19,665.23,0.8265162772388914
2004-08-29,0.0,403.27,16.49,2.9,750.45,0.7833936888612101
2004-08-30,0.0,447.4,19.22,2.77,736.37,0.7510517475779491
2004-08-31,0.0,469.21,21.45,2.9,736.04,0.7258969043576351
2004-09-01,0.0,461.84,22.07,3.65,774.83,0.7079291592002679
2004-09-02,3.57,342.1,15.84,2.45,730.97,0.700742061137321
2004-09-03,4.81,229.56,8.3,0.14,618.21,0.7115227082317414
2004-09-04,0.02,408.84,12.74,-1.49,548.31,0.7079291592002679
2004-09-05,0.0,382.15,12.91,0.08,611.64,0.6899614140429007
2004-09-06,0.0,442.0,15.27,-1.16,558.86,0.6755872179170069
2004-09-07,0.0,448.97,17.13,-0.23,597.39,0.6648065708225865
2004-09-08,0.0,446.97,19.09,1.46,670.79,0.6540259237281663
2004-09-09,0.0,429.8,19.08,2.44,714.28,0.6432452766337459
2004-09-10,0.0,400.33,17.62,3.03,743.11,0.6324646295393256
2004-09-11,0.32,424.93,20.21,3.04,738.45,0.6216839824449052
2004-09-12,5.48,311.32,17.35,2.31,717.89,0.6180904334134318
2004-09-13,11.99,190.71,8.6,0.69,641.96,0.6396517276022725
2004-09-14,11.68,171.94,5.77,-0.94,573.78,0.7402711004835288
2004-09-15,6.33,196.94,5.92,-1.58,546.93,0.7654259437038429
2004-09-16,5.15,229.31,10.3,1.15,663.67,0.7402711004835288
2004-09-17,0.0,386.56,16.13,2.52,734.69,0.8013614340185774
2004-09-18,0.03,356.59,16.91,4.52,840.68,0.7510517475779491
2004-09-19,9.44,254.92,12.19,0.88,647.78,0.700742061137321
2004-09-20,6.33,215.67,5.37,-3.28,483.96,0.7798001398297367
2004-09-21,0.22,342.15,5.38,-5.31,415.03,0.7833936888612101
2004-09-22,4.04,214.61,2.97,-5.09,423.65,0.733084002420582
2004-09-23,5.88,151.04,6.37,0.44,631.38,0.7258969043576351
2004-09-24,0.98,346.94,12.59,-0.01,610.08,0.7654259437038429
2004-09-25,0.0,406.46,16.63,0.13,614.5,0.7869872378926835
2004-09-26,0.21,391.58,16.99,0.6,636.25,0.7474581985464758
2004-09-27,0.75,346.82,15.45,1.52,678.22,0.7294904533891085
2004-09-28,0.19,360.05,15.12,0.78,639.16,0.7187098062946883
2004-09-29,3.07,322.67,15.49,0.08,613.36,0.700742061137321
2004-09-30,0.0,300.68,11.41,0.4,626.76,0.693554963074374
2004-10-01,0.0,316.95,10.48,-0.91,573.48,0.693554963074374
2004-10-02,0.0,346.58,13.55,0.04,611.2,0.6791807669484803
2004-10-03,0.0,365.84,14.76,-0.68,582.25,0.66840011985406
2004-10-04,0.0,351.31,14.04,-0.48,589.15,0.6576194727596396
2004-10-05,0.0,354.29,14.58,-0.49,590.31,0.6468388256652193
2004-10-06,0.0,350.57,14.11,-0.91,571.27,0.6396517276022725
2004-10-07,0.01,295.05,11.03,-0.44,592.88,0.6324646295393256
2004-10-08,0.01,350.39,14.5,-0.7,580.36,0.6324646295393256
2004-10-09,0.0,343.8,15.9,0.8,646.31,0.6180904334134318
2004-10-10,1.55,240.87,9.49,-0.56,588.67,0.6180904334134318
2004-10-11,0.29,316.28,11.87,-1.23,560.61,0.6144968843819585
2004-10-12,0.57,248.43,8.2,-1.55,548.92,0.6073097863190116
2004-10-13,0.6,317.14,8.95,-4.54,437.76,0.5929355901931178
2004-10-14,0.72,274.17,10.29,-1.47,551.44,0.5857484921301709
2004-10-15,3.77,157.47,7.58,0.2,617.13,0.5857484921301709
2004-10-16,0.39,199.64,8.76,1.13,659.22,0.6001226882560646
2004-10-17,0.77,256.81,9.7,-1.3,558.65,0.5965291392245913
2004-10-18,5.91,149.05,3.49,-3.77,464.25,0.5857484921301709
2004-10-19,3.02,162.01,2.62,-4.37,445.06,0.5929355901931178
2004-10-20,7.63,102.98,3.24,-1.57,546.68,0.5821549430986974
2004-10-21,3.86,135.01,2.73,-2.98,493.32,0.6001226882560646
2004-10-22,0.0,196.56,2.04,-5.08,422.74,0.5893420411616443
2004-10-23,11.31,116.53,1.41,-4.04,455.48,0.5857484921301709
2004-10-24,8.91,177.48,-1.15,-8.94,313.29,0.6001226882560646
2004-10-25,2.17,288.65,1.31,-12.26,241.03,0.5641871979413302
2004-10-26,0.44,301.82,3.51,-8.41,322.25,0.5677807469728037
2004-10-27,0.0,287.14,7.25,-3.61,465.79,0.5677807469728037
2004-10-28,7.33,196.15,5.87,-3.3,479.28,0.5677807469728037
2004-10-29,7.8,109.58,0.66,-4.16,450.81,0.578561394067224
2004-10-30,4.57,105.02,-0.4,-4.57,438.21,0.5641871979413302
2004-10-31,0.53,283.03,-1.84,-12.56,238.46,0.5641871979413302
2004-11-01,0.01,316.68,-2.62,-15.82,179.98,0.5174710605321755
2004-11-02,2.5,255.08,2.27,-9.64,294.33,0.513877511500702
2004-11-03,0.56,254.22,3.3,-6.39,381.64,0.5426259037524895
2004-11-04,0.68,291.43,5.43,-7.42,349.89,0.5282517076265958
2004-11-05,0.0,297.08,7.53,-5.2,417.21,0.5246581585951223
2004-11-06,0.0,293.91,7.63,-5.21,417.14,0.521064609563649
2004-11-07,0.0,310.69,9.2,-6.2,385.55,0.5174710605321755
2004-11-08,0.0,309.54,11.37,-4.7,434.04,0.513877511500702
2004-11-09,0.0,276.65,10.43,-2.04,528.97,0.5246581585951223
2004-11-10,0.0,216.0,5.09,-3.53,469.95,0.5318452566580693
2004-11-11,0.0,272.73,6.95,-5.42,412.6,0.521064609563649
2004-11-12,0.0,277.74,5.82,-7.5,345.21,0.4995033153748083
2004-11-13,0.0,283.19,6.3,-8.04,331.61,0.4815355702174411
2004-11-14,0.0,272.92,4.83,-8.71,315.21,0.4743484721544942
2004-11-15,0.0,267.87,5.01,-8.5,321.69,0.4635678250600739
2004-11-16,0.04,251.67,5.61,-6.85,367.87,0.47075492312302075
2004-11-17,0.0,241.87,5.12,-6.52,373.86,0.4959097663433349
2004-11-18,0.69,243.28,4.77,-8.15,328.54,0.47075492312302075
2004-11-19,1.25,200.03,-1.13,-11.05,265.08,0.4743484721544942
2004-11-20,0.0,229.64,-4.41,-15.54,185.09,0.44919362893418013
2004-11-21,0.84,250.56,-2.25,-17.38,158.39,0.3988839424935519
2004-11-22,0.0,224.11,-0.23,-11.87,247.33,0.4060710405564988
2004-11-23,0.27,107.18,-3.06,-7.97,335.32,0.4420065308712332
2004-11-24,7.28,97.36,-1.65,-7.22,354.87,0.44560007990270667
2004-11-25,8.36,68.12,-0.35,-4.22,447.54,0.45278717796565354
2004-11-26,0.01,205.74,-2.87,-12.88,231.01,0.44919362893418013
2004-11-27,0.15,190.01,-5.53,-14.8,197.0,0.4024774915250254
2004-11-28,0.0,231.92,-9.07,-21.66,114.85,0.40966458958797225
2004-11-29,0.0,258.49,-7.12,-24.34,84.19,0.34138715798997693
2004-11-30,0.06,194.25,-8.06,-18.25,146.13,0.37732264830471135
2004-12-01,1.53,120.43,-8.88,-15.01,194.48,0.4132581386194457
2004-12-02,0.49,118.01,-7.13,-12.78,230.23,0.4204452366823926
2004-12-03,0.12,142.4,-4.09,-10.77,269.03,0.4132581386194457
2004-12-04,0.0,214.92,-0.59,-12.36,238.72,0.39169684443060504
2004-12-05,0.0,210.05,-2.46,-14.1,206.29,0.3881032953991316
2004-12-06,0.72,141.45,-5.69,-12.82,228.08,0.38091619733618476
2004-12-07,7.96,67.81,-4.48,-8.4,323.41,0.39529039346207856
2004-12-08,8.56,78.38,-2.7,-7.11,359.01,0.3881032953991316
2004-12-09,4.07,112.9,-2.04,-8.31,325.49,0.38091619733618476
2004-12-10,3.28,121.47,2.42,-3.93,457.32,0.4024774915250254
2004-12-11,0.98,94.24,3.29,-0.85,577.72,0.4132581386194457
2004-12-12,3.08,202.29,0.96,-12.24,243.19,0.4132581386194457
2004-12-13,0.25,239.36,1.29,-13.75,213.06,0.366542001210291
2004-12-14,1.96,157.65,0.49,-7.67,340.84,0.3881032953991316
2004-12-15,1.01,185.77,-0.71,-9.83,293.17,0.39529039346207856
2004-12-16,0.0,203.64,-1.43,-11.14,261.7,0.37732264830471135
2004-12-17,0.0,194.53,-0.38,-9.39,300.47,0.3737290992732379
2004-12-18,0.26,184.24,0.08,-8.24,327.17,0.37732264830471135
2004-12-19,0.0,155.11,0.37,-6.17,386.34,0.37732264830471135
2004-12-20,0.21,185.75,-3.15,-11.27,260.91,0.3737290992732379
2004-12-21,0.0,221.42,-7.96,-18.51,142.65,0.34498070702145034
2004-12-22,1.96,211.77,-9.68,-22.42,104.42,0.3356374795396194
2004-12-23,2.35,227.46,-11.38,-29.27,48.66,0.2874839225178753
2004-12-24,2.27,159.72,-7.4,-15.51,184.32,0.2946710205808222
2004-12-25,0.29,184.27,-3.31,-11.6,252.37,0.30545166767524246
2004-12-26,0.0,220.66,0.37,-10.79,269.06,0.3158729598665154
2004-12-27,0.46,198.38,1.77,-7.96,333.47,0.32341941283260967
2004-12-28,0.0,156.37,0.15,-6.42,375.4,0.35648006392216536
2004-12-29,4.02,158.93,2.17,-6.29,380.9,0.3543239345032813
2004-12-30,7.36,92.32,-2.43,-7.22,356.13,0.35144909527810253
2004-12-31,5.69,125.62,-0.13,-6.75,368.51,0.3543239345032813
2005-01-01,6.39,130.66,-5.56,-12.76,231.28,0.30545166767524246
2005-01-02,1.83,182.15,-4.47,-13.21,221.75,0.2932336009682328
2005-01-03,3.38,162.22,-3.15,-11.81,245.4,0.2835310185832545
2005-01-04,1.25,214.62,-7.5,-18.23,146.44,0.2874839225178753
2005-01-05,1.11,247.48,-6.62,-19.64,136.3,0.2695161773605081
2005-01-06,0.62,150.65,-10.58,-16.64,166.3,0.2515484322031409
2005-01-07,3.07,191.98,-6.57,-16.9,162.53,0.2874839225178753
2005-01-08,12.43,123.91,-3.72,-10.12,282.09,0.30832650690042124
2005-01-09,6.87,101.81,-4.31,-9.35,296.49,0.2971865049028536
2005-01-10,0.54,190.37,-2.81,-10.45,273.11,0.2957490852902642
2005-01-11,0.48,258.12,-2.29,-13.99,207.68,0.2943116656776748
2005-01-12,0.0,234.1,-7.69,-17.56,156.09,0.2817342440675178
2005-01-13,3.39,104.84,-9.07,-13.65,211.05,0.2723910165856868
2005-01-14,0.87,176.52,-8.03,-14.73,196.46,0.2659226283290346
2005-01-15,0.0,291.92,-5.17,-18.76,139.31,0.25873553026608775
2005-01-16,7.19,215.46,-2.32,-15.07,192.45,0.2695161773605081
2005-01-17,1.17,179.23,-0.74,-7.5,349.57,0.28389037348640184
2005-01-18,1.1,149.03,0.86,-4.58,438.42,0.29035876174305403
2005-01-19,0.0,166.1,3.98,-1.78,539.74,0.2946710205808222
2005-01-20,0.0,243.06,6.38,-2.79,498.33,0.29538973038711686
2005-01-21,0.0,262.18,3.73,-6.34,381.16,0.29826456961229564
2005-01-22,0.0,314.82,5.22,-9.16,304.59,0.29251489116193813
2005-01-23,0.0,315.93,6.49,-7.69,344.22,0.289280697033612
2005-01-24,0.0,334.1,6.98,-9.66,295.65,0.2853277930989912
2005-01-25,0.0,329.41,4.97,-10.06,286.4,0.27993746955178106
2005-01-26,0.0,329.64,3.76,-10.67,272.45,0.2813748891643704
2005-01-27,0.0,316.79,2.51,-10.25,281.5,0.2860465029052859
2005-01-28,1.7,241.95,1.13,-8.04,333.9,0.28964005193675935
2005-01-29,0.0,322.63,2.24,-10.2,282.0,0.2910774715493487
2005-01-30,0.0,300.48,-1.6,-12.16,243.28,0.28820263232417
2005-01-31,0.08,355.82,-0.06,-15.76,182.93,0.2824529538738125
2005-02-01,0.0,341.61,0.8,-12.89,227.42,0.289280697033612
2005-02-02,0.0,360.53,2.68,-12.95,227.24,0.2792187597454864
2005-02-03,0.0,375.34,7.33,-10.89,270.06,0.2770626303266023
2005-02-04,0.0,359.65,5.75,-9.7,295.12,0.2824529538738125
2005-02-05,1.05,318.98,-1.5,-14.4,204.66,0.29287424606508544
2005-02-06,1.3,315.4,-3.45,-16.28,173.58,0.2828123087769598
2005-02-07,2.23,286.47,-3.45,-15.95,176.35,0.28892134213046466
2005-02-08,0.87,269.3,-5.67,-15.42,186.49,0.2813748891643704
2005-02-09,0.0,317.0,-3.16,-14.15,204.74,0.2828123087769598
2005-02-10,0.01,398.42,1.7,-15.87,180.08,0.27670327542345496
2005-02-11,1.37,375.0,6.28,-14.83,198.16,0.2705942420699501
2005-02-12,0.84,204.73,0.62,-6.34,381.11,0.2853277930989912
2005-02-13,8.2,85.83,-1.98,-5.22,418.12,0.289280697033612
2005-02-14,5.86,249.99,-3.38,-14.3,206.2,0.2939523107745275
2005-02-15,0.3,405.7,-6.51,-23.09,100.39,0.2802968244549284
2005-02-16,0.0,442.81,-4.13,-24.75,83.44,0.267360047941624
2005-02-17,0.0,442.88,-0.11,-20.78,119.92,0.277781340132897
2005-02-18,0.67,424.98,2.7,-17.93,152.59,0.2824529538738125
2005-02-19,3.5,226.43,0.82,-8.41,321.87,0.28964005193675935
2005-02-20,3.92,154.97,0.94,-5.01,426.63,0.29035876174305403
2005-02-21,3.41,230.06,0.7,-8.06,335.0,0.2914368264524961
2005-02-22,0.0,424.77,2.96,-13.09,222.46,0.2910774715493487
2005-02-23,0.0,471.74,4.51,-16.55,168.97,0.28892134213046466
2005-02-24,0.0,470.86,6.55,-14.04,207.95,0.28820263232417
2005-02-25,0.0,472.68,7.4,-13.12,223.67,0.2917961813556434
2005-02-26,0.0,477.99,6.59,-14.33,201.59,0.2943116656776748
2005-02-27,0.0,467.17,4.8,-14.54,197.52,0.29538973038711686
2005-02-28,0.0,464.04,5.06,-13.7,212.62,0.2971865049028536
2005-03-01,0.0,381.9,2.54,-10.54,274.16,0.3050923127720951
2005-03-02,0.0,456.8,4.76,-12.62,232.17,0.3090452167067159
2005-03-03,0.0,487.75,7.75,-12.54,232.82,0.3090452167067159
2005-03-04,0.0,449.71,5.83,-11.07,259.18,0.30832650690042124
2005-03-05,0.0,476.99,7.04,-11.42,251.36,0.3108419912224526
2005-03-06,0.0,435.52,6.18,-9.14,300.22,0.31407618535077875
2005-03-07,1.17,351.78,3.48,-8.75,312.63,0.3219819932200203
2005-03-08,2.59,297.14,6.08,-4.22,441.65,0.3284503814766725
2005-03-09,0.24,390.76,9.67,-3.2,471.4,0.335278124636472
2005-03-10,0.0,377.09,6.42,-5.53,398.97,0.3410278030868295
2005-03-11,0.0,468.8,9.0,-7.24,342.09,0.33959038347424014
2005-03-12,0.14,439.9,3.75,-10.7,269.79,0.3431839325057136
2005-03-13,0.0,441.27,-2.1,-15.82,177.74,0.31874779909169426
2005-03-14,1.1,414.32,-3.37,-16.91,165.14,0.2935929558713801
2005-03-15,5.24,264.21,-2.13,-12.15,241.6,0.3162323147696628
2005-03-16,3.57,237.43,0.65,-7.52,345.94,0.3241381226389044
2005-03-17,5.02,295.73,-1.36,-11.78,250.38,0.3284503814766725
2005-03-18,2.83,403.38,-1.27,-16.27,170.27,0.3090452167067159
2005-03-19,5.21,256.3,2.89,-6.03,387.82,0.32701296186408313
2005-03-20,4.16,219.12,3.06,-3.9,458.0,0.33384070502388263
2005-03-21,2.69,312.46,3.42,-5.98,390.54,0.3356374795396194
2005-03-22,2.59,365.03,3.56,-7.27,354.16,0.33276264031444064
2005-03-23,2.46,387.64,2.31,-9.49,298.07,0.33599683444276673
2005-03-24,4.71,315.51,-1.71,-12.19,241.32,0.3259348971546411
2005-03-25,3.1,404.37,1.79,-11.43,253.09,0.31982586380113626
2005-03-26,0.0,536.06,0.96,-13.48,211.02,0.32018521870428357
2005-03-27,0.99,303.81,2.13,-5.09,420.5,0.3237787677357571
2005-03-28,5.14,275.56,3.57,-4.26,448.27,0.3280910265735251
2005-03-29,6.9,313.63,0.1,-8.77,310.86,0.3374342540553561
2005-03-30,3.65,424.48,0.14,-12.53,231.42,0.31874779909169426
2005-03-31,0.68,608.87,1.53,-15.49,174.36,0.3115607010287473
2005-04-01,1.2,581.48,6.28,-11.07,240.34,0.32341941283260967
2005-04-02,0.0,544.13,8.25,-4.42,393.81,0.3277316716703778
2005-04-03,2.71,405.01,7.2,-3.38,445.34,0.343543287408861
2005-04-04,6.74,301.33,4.22,-3.4,471.69,0.35935490314734414
2005-04-05,1.51,489.06,3.89,-7.22,341.27,0.36294845217881755
2005-04-06,0.0,689.98,13.16,-8.6,244.3,0.3496523207623658
2005-04-07,0.14,643.96,14.3,-3.25,376.5,0.366542001210291
2005-04-08,3.96,437.7,8.08,-3.68,425.51,0.4420065308712332
2005-04-09,2.49,357.25,2.75,-5.38,393.59,0.44919362893418013
2005-04-10,0.0,608.93,4.7,-8.94,260.65,0.40966458958797225
2005-04-11,0.5,653.29,6.32,-11.19,206.39,0.3845097463676582
2005-04-12,0.0,622.25,9.69,-4.64,332.28,0.3845097463676582
2005-04-13,0.0,640.95,12.93,-2.6,362.32,0.4168516876509191
2005-04-14,0.84,556.31,3.62,-8.96,262.13,0.513877511500702
2005-04-15,0.0,669.67,6.6,-10.18,213.71,0.4815355702174411
2005-04-16,0.0,696.02,11.78,-7.42,239.58,0.45997427602860047
2005-04-17,0.0,651.46,13.32,-2.93,329.7,0.5174710605321755
2005-04-18,4.23,408.08,6.89,-3.8,406.05,0.6612130217911132
2005-04-19,2.74,371.99,3.86,-4.98,399.28,0.6216839824449052
2005-04-20,3.23,406.94,5.19,-5.03,385.81,0.5570000998783834
2005-04-21,3.01,384.92,3.06,-5.62,389.53,0.546219452783963
2005-04-22,0.7,612.21,8.9,-5.55,312.5,0.5246581585951223
2005-04-23,0.08,668.56,13.45,-3.35,328.11,0.5965291392245913
2005-04-24,0.0,593.68,11.41,-2.14,394.06,0.7690194927353164
2005-04-25,0.0,626.0,11.05,-3.4,348.06,1.0313485720328777
2005-04-26,0.0,568.1,9.01,-3.63,370.38,1.1750905332918151
2005-04-27,5.54,399.13,2.82,-8.08,315.36,1.0493163171902447
2005-04-28,0.03,605.8,1.6,-11.88,216.96,0.8660453165850993
2005-04-29,0.98,635.64,1.53,-14.95,163.46,0.7833936888612101
2005-04-30,0.0,637.12,3.29,-11.29,214.57,0.7402711004835288
2005-05-01,0.0,694.83,6.2,-11.19,196.97,0.6971485121058476
2005-05-02,0.32,674.36,8.61,-8.81,232.55,0.7187098062946883
2005-05-03,2.92,541.03,10.15,-5.53,328.93,0.758238845640896
2005-05-04,2.23,481.11,10.71,-1.01,474.13,0.8372969243333118
2005-05-05,0.44,511.67,11.87,0.42,517.95,1.00260017978109
2005-05-06,0.25,543.1,12.3,0.26,491.96,1.383516377117275
2005-05-07,5.52,281.92,7.34,-0.01,574.72,1.573974475785367
2005-05-08,3.71,382.72,9.83,-0.09,571.32,1.4769486519355843
2005-05-09,7.63,382.2,10.04,-0.46,555.59,1.7141228880128314
2005-05-10,8.29,275.83,6.92,-0.12,600.32,1.8398971041144019
2005-05-11,4.17,366.09,4.96,-2.92,487.23,1.6997486918869376
2005-05-12,5.19,336.35,4.18,-4.16,446.12,1.4482002596837968
2005-05-13,1.41,582.83,9.7,-4.06,392.41,1.2972712003619122
2005-05-14,0.0,679.21,14.78,-0.82,433.99,1.3547679848654874
2005-05-15,3.39,512.43,13.66,-0.23,511.92,1.778806770579353
2005-05-16,6.12,344.25,10.61,2.23,691.37,2.6628198323218197
2005-05-17,6.35,279.75,5.73,-0.73,568.64,3.3132522070185124
2005-05-18,6.29,350.51,7.63,-0.05,591.83,2.436426243338993
2005-05-19,11.92,337.75,11.7,3.52,769.23,3.4138715798997685
2005-05-20,8.49,455.93,15.43,3.04,706.92,4.851291192489145
2005-05-21,2.32,528.53,12.64,0.53,572.97,5.498130018154365
2005-05-22,0.01,697.01,16.42,0.14,483.44,4.635678250600739
2005-05-23,1.18,554.35,13.75,1.96,615.99,4.995033153748083
2005-05-24,1.1,585.62,10.75,-2.22,464.27,4.635678250600739
2005-05-25,0.67,670.3,10.13,-5.16,355.44,3.66542001210291
2005-05-26,0.0,708.36,12.0,-4.36,359.83,3.147948951570734
2005-05-27,0.11,731.58,15.49,-3.69,357.87,3.0724844219097918
2005-05-28,0.0,718.37,17.16,-0.97,433.64,3.1946650889798893
2005-05-29,0.0,568.73,11.85,-0.05,528.64,3.3635618934591407
2005-05-30,0.54,563.53,10.15,-1.09,506.56,3.1551360496336813
2005-05-31,4.59,537.29,10.89,-1.87,484.07,2.8964005193675937
2005-06-01,12.2,285.25,6.59,-0.04,606.55,2.989832794185903
2005-06-02,6.84,339.03,6.15,-0.94,573.38,3.014987637406217
2005-06-03,2.59,423.1,8.85,-0.0,600.53,2.6987553226365546
2005-06-04,1.2,556.0,12.26,0.92,614.79,2.619697243944138
2005-06-05,5.04,500.24,14.76,0.5,609.2,2.659226283290346
2005-06-06,11.62,375.17,8.35,-0.64,584.19,3.3599683444276676
2005-06-07,8.31,369.02,6.03,-2.65,505.12,3.33121995217588
2005-06-08,5.29,402.03,7.3,-2.31,519.67,3.083265069004212
2005-06-09,4.44,387.98,7.01,-1.86,531.95,2.968271499997062
2005-06-10,0.62,588.6,10.78,-1.19,547.59,2.8209359897066513
2005-06-11,2.07,572.1,12.6,-0.46,569.47,2.7598456561716027
2005-06-12,9.57,256.15,5.98,0.03,612.3,2.8317166368010716
2005-06-13,4.44,516.06,9.46,-1.05,568.24,2.925148911619381
2005-06-14,0.25,697.77,16.53,-0.35,540.65,2.6520391852273995
2005-06-15,0.0,646.68,18.59,4.19,752.7,2.802968244549284
2005-06-16,0.57,666.86,20.03,3.22,684.11,3.2952844618611454
2005-06-17,0.54,630.15,19.45,4.17,748.72,3.5180845018124987
2005-06-18,0.0,596.48,15.73,2.66,694.72,3.809161973361847
2005-06-19,0.08,676.1,18.99,1.83,611.16,3.4785554624662907
2005-06-20,0.0,676.4,22.18,4.29,705.89,3.5144909527810255
2005-06-21,1.4,621.78,24.39,5.42,779.04,3.701355502417644
2005-06-22,3.31,538.47,23.31,5.31,826.44,3.701355502417644
2005-06-23,5.46,464.7,19.96,4.38,816.97,4.132581386194458
2005-06-24,3.97,491.02,19.86,3.68,775.13,3.8810329539913164
2005-06-25,0.4,611.46,19.86,4.26,748.08,3.5001167566551312
2005-06-26,3.15,423.78,15.88,4.01,801.5,3.2126328341372563
2005-06-27,5.74,453.65,16.57,2.61,732.26,3.022174735469164
2005-06-28,3.91,423.27,15.59,2.87,751.18,2.9395231077452744
2005-06-29,4.09,355.61,12.04,2.62,737.08,2.7814069503604433
2005-06-30,0.16,572.06,16.67,3.33,735.88,2.6771940284477136
2005-07-01,0.05,610.87,19.63,4.17,746.37,2.5442327142831966
2005-07-02,1.3,533.6,18.83,4.55,800.81,2.4867359297796208
2005-07-03,0.05,605.6,16.9,1.41,628.14,2.450800439464887
2005-07-04,0.26,613.51,18.74,1.85,629.43,2.256748791765321
2005-07-05,0.0,637.57,21.56,3.33,672.7,2.159722967915538
2005-07-06,0.0,623.78,23.26,5.2,767.28,2.0914455363175426
2005-07-07,0.0,586.55,23.63,7.12,897.54,2.0339487518139676
2005-07-08,0.41,580.09,25.35,7.99,940.55,1.9836390653733396
2005-07-09,0.0,577.63,24.84,7.91,940.84,1.9189551828068174
2005-07-10,8.65,314.13,17.01,6.36,962.3,1.8722390453976627
2005-07-11,5.53,479.01,19.9,4.83,832.73,2.069884242128702
2005-07-12,0.23,607.11,25.17,5.27,788.5,1.832710006051455
2005-07-13,0.0,578.31,27.45,8.88,1019.6,1.7320906331701986
2005-07-14,0.0,545.04,24.73,8.13,1001.41,1.6745938486666236
2005-07-15,0.0,575.8,25.88,7.23,919.33,1.6135035151315749
2005-07-16,0.0,524.46,24.51,8.56,1058.0,1.5560067306279999
2005-07-17,0.0,532.43,19.14,3.17,737.82,1.5200712403132657
2005-07-18,0.0,574.21,21.54,2.98,696.91,1.4553873577467435
2005-07-19,0.0,551.88,23.82,5.87,853.57,1.4158583184005358
2005-07-20,0.0,539.18,24.89,7.22,936.08,1.369142180991381
2005-07-21,0.0,568.21,26.89,7.21,901.34,1.329613141645173
2005-07-22,2.09,434.13,25.25,10.74,1259.06,1.2936776513304387
2005-07-23,0.0,466.93,23.21,8.86,1105.86,1.2685228081101247
2005-07-24,0.0,535.28,23.54,5.72,852.17,1.2433679648898104
2005-07-25,2.92,454.01,19.24,3.75,781.92,1.2110260236065498
2005-07-26,2.92,439.3,17.39,1.24,661.3,1.23258731779539
2005-07-27,0.72,529.94,21.26,2.57,692.74,1.1714969842603418
2005-07-28,0.0,527.31,23.03,4.82,812.55,1.1391550429770807
2005-07-29,0.08,421.92,20.32,6.85,980.57,1.1104066507252934
2005-07-30,0.5,440.09,21.41,7.09,998.14,1.0960324545993994
2005-07-31,2.4,421.76,21.72,6.57,957.44,1.0780647094420324
2005-08-01,0.97,444.88,22.47,6.52,954.84,1.0708776113790854
2005-08-02,7.06,313.58,20.69,7.33,1031.63,1.074471160410559
2005-08-03,2.02,390.53,18.86,5.35,901.74,1.0960324545993994
2005-08-04,0.35,491.41,21.67,3.88,787.13,1.0565034152531916
2005-08-05,0.0,502.79,23.93,5.78,889.92,1.0133808268755102
2005-08-06,0.0,503.09,25.31,6.75,942.44,0.9810388855922494
2005-08-07,0.0,489.47,25.31,7.35,985.08,0.9558840423719354
2005-08-08,0.0,450.81,22.89,7.22,991.84,0.937916297214568
2005-08-09,0.46,454.84,22.59,6.11,906.04,0.9271356501201478
2005-08-10,5.75,337.74,21.7,6.03,934.15,0.9163550030257275
2005-08-11,4.28,356.71,19.11,4.4,832.38,0.9199485520572009
2005-08-12,2.71,385.73,17.64,2.67,734.28,0.9019808068998337
2005-08-13,3.21,333.44,13.65,1.47,679.85,0.88760661077394
2005-08-14,0.39,478.16,17.47,-0.01,599.18,0.8588582185221524
2005-08-15,0.0,497.22,21.19,2.57,697.95,0.8337033753018382
2005-08-16,1.62,422.4,21.26,4.63,828.11,0.8085485320815242
2005-08-17,6.21,308.68,18.03,5.76,923.01,0.7941743359556305
2005-08-18,17.94,195.04,11.71,3.79,806.37,0.8337033753018382
2005-08-19,6.43,344.6,15.81,2.96,756.89,0.9990066307496166
2005-08-20,0.39,471.87,21.19,3.41,755.11,0.8768259636795196
2005-08-21,0.0,490.09,23.59,4.55,804.65,0.8157356301444711
2005-08-22,0.0,456.36,22.88,6.02,909.54,0.7869872378926835
2005-08-23,0.71,375.87,19.62,6.39,953.39,0.7869872378926835
2005-08-24,0.0,397.47,16.17,2.88,757.17,0.7654259437038429
2005-08-25,0.0,453.09,16.13,-0.17,601.19,0.7438646495150023
2005-08-26,0.0,481.26,19.66,1.17,648.66,0.7223033553261616
2005-08-27,0.0,473.24,21.09,2.74,725.27,0.7043356101687944
2005-08-28,0.0,475.22,22.74,3.69,770.47,0.6899614140429007
2005-08-29,0.0,482.23,24.26,3.99,780.18,0.6755872179170069
2005-08-30,0.01,401.45,15.35,1.2,669.58,0.6648065708225865
2005-08-31,0.0,453.5,15.5,-1.69,533.03,0.6576194727596396
2005-09-01,0.0,467.68,18.88,-0.07,582.39,0.6432452766337459
2005-09-02,0.0,469.53,21.68,1.81,653.59,0.6324646295393256
2005-09-03,0.0,416.52,21.94,5.46,871.01,0.6180904334134318
2005-09-04,0.0,392.39,20.85,5.79,896.88,0.6073097863190116
2005-09-05,0.0,407.18,18.42,2.7,712.09,0.6001226882560646
2005-09-06,0.0,449.25,20.83,2.14,644.99,0.5893420411616443
2005-09-07,0.0,458.14,22.19,2.2,629.13,0.578561394067224
2005-09-08,0.0,436.21,22.48,3.84,711.71,0.5677807469728037
2005-09-09,0.09,373.47,20.41,5.62,857.36,0.5570000998783834
2005-09-10,3.06,244.82,10.45,0.81,653.46,0.5641871979413302
2005-09-11,2.16,191.35,6.79,-0.36,598.05,0.5713742960042771
2005-09-12,10.19,162.43,6.28,-1.01,570.52,0.5641871979413302
2005-09-13,2.14,277.95,8.63,-2.38,514.52,0.5749678450357506
2005-09-14,0.0,370.34,11.85,-1.83,531.84,0.5677807469728037
2005-09-15,0.0,392.6,14.35,-0.9,557.85,0.5498130018154365
2005-09-16,0.0,398.39,16.29,0.25,597.15,0.5318452566580693
2005-09-17,4.36,188.76,9.09,0.32,626.37,0.5318452566580693
2005-09-18,1.89,223.59,8.17,-0.73,581.51,0.5534065508469099
2005-09-19,1.6,346.06,13.8,-1.01,566.91,0.5354388056895427
2005-09-20,2.32,344.41,17.83,1.71,684.22,0.513877511500702
2005-09-21,1.14,274.29,12.5,2.11,718.73,0.4995033153748083
2005-09-22,0.01,320.88,13.18,1.19,659.03,0.4959097663433349
2005-09-23,7.85,161.61,10.22,2.6,738.59,0.4995033153748083
2005-09-24,12.72,126.34,6.19,0.56,633.36,0.5426259037524895
2005-09-25,5.92,136.1,4.49,-1.04,568.87,0.6001226882560646
2005-09-26,0.11,370.78,12.59,-1.92,532.98,0.5570000998783834
2005-09-27,0.23,331.72,12.34,-0.07,607.91,0.5246581585951223
2005-09-28,0.21,387.46,13.56,-2.53,503.49,0.5174710605321755
2005-09-29,2.11,359.84,16.14,-1.17,555.94,0.5030968644062818
2005-09-30,0.0,347.64,15.57,1.7,690.0,0.48872266828038796
2005-10-01,0.04,346.44,17.02,3.09,763.62,0.4743484721544942
2005-10-02,9.14,228.35,10.68,-0.37,597.5,0.48512911924891455
2005-10-03,12.24,154.54,4.2,-2.45,511.97,0.5354388056895427
2005-10-04,8.07,167.26,1.74,-4.97,425.23,0.546219452783963
2005-10-05,1.62,316.62,4.41,-7.21,356.65,0.5174710605321755
2005-10-06,0.55,382.08,7.21,-7.66,342.42,0.5066904134377551
2005-10-07,0.39,373.8,10.2,-3.91,458.62,0.5102839624692286
2005-10-08,0.94,314.02,9.69,-1.71,542.12,0.5174710605321755
2005-10-09,0.99,245.26,4.68,-3.3,481.88,0.5246581585951223
2005-10-10,0.0,390.35,9.49,-6.44,375.84,0.5066904134377551
2005-10-11,0.13,375.58,10.89,-4.91,427.21,0.4923162173118614
2005-10-12,0.84,258.4,7.17,-2.15,523.82,0.4923162173118614
2005-10-13,0.08,294.92,9.71,-1.22,562.2,0.48872266828038796
2005-10-14,0.0,343.83,14.23,-0.61,584.91,0.48512911924891455
2005-10-15,0.0,351.87,16.14,-0.38,595.82,0.4779420211859677
2005-10-16,0.0,302.6,11.83,-0.7,583.11,0.4743484721544942
2005-10-17,0.0,296.91,11.68,-0.56,587.5,0.46716137409154734
2005-10-18,0.0,317.23,13.95,-0.35,595.99,0.456380726997127
2005-10-19,0.0,322.56,14.05,-1.38,554.21,0.44919362893418013
2005-10-20,0.0,234.39,7.79,-1.57,545.06,0.44560007990270667
2005-10-21,0.0,286.09,9.28,-3.05,487.97,0.4384129818397598
2005-10-22,0.0,317.85,12.81,-2.97,489.91,0.4312258837768129
2005-10-23,0.0,322.27,14.95,-2.42,512.58,0.424038785713866
2005-10-24,0.0,314.67,15.76,-1.68,543.45,0.4204452366823926
2005-10-25,0.0,297.97,15.77,-0.51,589.46,0.4168516876509191
2005-10-26,0.0,261.01,11.9,-1.15,565.09,0.4132581386194457
2005-10-27,5.98,120.37,6.79,-0.15,604.23,0.4132581386194457
2005-10-28,6.02,104.92,4.52,-1.11,567.97,0.4420065308712332
2005-10-29,4.6,151.73,3.41,-4.17,452.64,0.456380726997127
2005-10-30,3.67,165.57,1.15,-6.88,367.86,0.4420065308712332
2005-10-31,4.37,175.21,1.73,-6.74,370.69,0.4168516876509191
2005-11-01,0.94,158.93,5.96,-0.46,591.31,0.4204452366823926
2005-11-02,6.31,112.69,5.68,0.18,620.03,0.424038785713866
2005-11-03,7.6,131.19,1.7,-5.12,421.61,0.4635678250600739
2005-11-04,9.77,123.3,-0.88,-6.95,365.62,0.456380726997127
2005-11-05,6.11,127.02,-2.38,-8.41,324.23,0.43481943280828633
2005-11-06,19.69,147.38,1.21,-5.96,392.47,0.4312258837768129
2005-11-07,9.32,93.33,3.57,-0.97,569.46,0.48872266828038796
2005-11-08,10.34,208.57,2.2,-9.75,296.02,0.513877511500702
2005-11-09,5.44,233.91,2.36,-12.62,234.4,0.44919362893418013
2005-11-10,1.64,239.98,6.6,-5.26,416.29,0.4420065308712332
2005-11-11,0.06,235.48,7.59,-2.11,525.83,0.4815355702174411
2005-11-12,4.69,212.25,1.28,-11.1,267.66,0.48512911924891455
2005-11-13,5.03,178.74,-2.71,-11.48,256.48,0.42763233474533946
2005-11-14,5.46,218.99,-2.4,-16.02,180.27,0.44560007990270667
2005-11-15,2.86,247.91,-6.16,-21.04,119.32,0.3737290992732379
2005-11-16,4.86,122.87,-3.99,-9.83,288.47,0.4132581386194457
2005-11-17,2.26,216.44,-0.43,-10.7,271.96,0.4312258837768129
2005-11-18,1.75,240.27,0.28,-11.4,256.73,0.4060710405564988
2005-11-19,0.0,275.77,2.79,-10.39,275.91,0.424038785713866
2005-11-20,0.0,280.6,6.08,-8.56,322.57,0.3988839424935519
2005-11-21,0.0,283.37,6.89,-8.57,322.54,0.3988839424935519
2005-11-22,0.0,280.69,6.67,-8.76,318.97,0.39529039346207856
2005-11-23,0.0,279.02,6.24,-9.14,308.6,0.39169684443060504
2005-11-24,0.0,278.14,4.74,-10.78,269.33,0.3845097463676582
2005-11-25,3.18,223.42,2.52,-10.56,275.36,0.38091619733618476
2005-11-26,6.59,170.28,-1.41,-11.19,262.87,0.4024774915250254
2005-11-27,1.24,154.31,-7.14,-13.97,209.59,0.3881032953991316
2005-11-28,0.66,202.07,-6.96,-15.87,178.2,0.37732264830471135
2005-11-29,5.25,158.77,-6.76,-15.41,183.68,0.3737290992732379
2005-11-30,5.11,105.02,-8.09,-13.64,213.93,0.37732264830471135
2005-12-01,10.35,171.26,-2.23,-12.92,228.22,0.3701355502417644
2005-12-02,10.07,186.5,-0.71,-13.51,214.43,0.3881032953991316
2005-12-03,3.8,122.0,-7.96,-14.26,203.46,0.36294845217881755
2005-12-04,1.87,130.13,-11.1,-17.12,163.06,0.3737290992732379
2005-12-05,6.71,97.27,-10.76,-16.09,176.8,0.3496523207623658
2005-12-06,1.7,244.52,-12.55,-27.64,68.01,0.2874839225178753
2005-12-07,0.07,268.24,-13.4,-30.19,42.25,0.2515484322031409
2005-12-08,0.5,256.15,-8.83,-25.89,76.14,0.2874839225178753
2005-12-09,0.45,247.14,-4.72,-20.14,126.5,0.366542001210291
2005-12-10,0.24,237.09,-4.02,-17.79,156.6,0.42763233474533946
2005-12-11,0.02,228.46,0.13,-12.72,233.61,0.3845097463676582
2005-12-12,0.1,244.5,2.9,-12.25,242.52,0.366542001210291
2005-12-13,0.65,199.36,-4.56,-15.33,189.01,0.36294845217881755
2005-12-14,0.56,172.72,-9.35,-17.86,151.58,0.35360522469698663
2005-12-15,0.11,225.94,-7.14,-19.49,130.79,0.366542001210291
2005-12-16,0.82,211.43,-9.21,-21.06,116.02,0.3403090932805348
2005-12-17,0.3,217.31,-12.69,-24.76,80.58,0.32341941283260967
2005-12-18,0.0,258.36,-8.73,-26.14,75.19,0.30545166767524246
2005-12-19,4.97,173.91,-4.18,-16.99,163.98,0.3126387657381894
2005-12-20,2.21,121.35,0.71,-5.99,392.65,0.3284503814766725
2005-12-21,2.7,88.55,2.69,-2.05,527.83,0.356120709019018
2005-12-22,7.75,50.33,2.14,-0.71,582.32,0.36294845217881755
2005-12-23,1.48,153.94,1.01,-6.68,373.57,0.355042644309576
2005-12-24,1.81,165.07,2.04,-6.6,373.76,0.34174651289312424
2005-12-25,0.39,196.47,4.2,-5.57,406.77,0.3406684481836822
2005-12-26,3.46,115.44,1.37,-4.78,433.37,0.33779360895850347
2005-12-27,4.29,61.98,-1.82,-5.01,425.68,0.33923102857109283
2005-12-28,11.2,98.6,1.51,-3.91,459.72,0.3399497383773875
2005-12-29,5.14,157.46,-0.99,-9.92,292.59,0.3503710305686605
2005-12-30,5.09,144.39,-1.9,-9.98,286.38,0.3367155442490614
2005-12-31,5.02,97.02,1.2,-3.63,467.97,0.34138715798997693
2006-01-01,1.96,171.99,-0.87,-9.24,306.87,0.35108974037495516
2006-01-02,5.68,140.84,-0.66,-8.54,318.65,0.3424652226994189
2006-01-03,7.19,116.77,-0.87,-6.88,366.22,0.3503710305686605
2006-01-04,2.69,168.43,-2.98,-11.25,262.78,0.34749619134348175
2006-01-05,1.17,244.69,-0.12,-14.04,208.42,0.3306065108955566
2006-01-06,0.34,233.01,1.34,-9.7,296.42,0.3169510245759575
2006-01-07,4.24,162.47,0.91,-7.25,355.61,0.3288097363798198
2006-01-08,3.83,138.09,-3.52,-10.16,282.91,0.34605877173089233
2006-01-09,0.59,185.58,-5.86,-13.32,220.3,0.3367155442490614
2006-01-10,6.96,152.09,-2.96,-10.62,274.23,0.33276264031444064
2006-01-11,13.26,175.45,-0.25,-9.7,294.21,0.3399497383773875
2006-01-12,1.87,179.17,-4.97,-12.19,241.64,0.3316845756049986
2006-01-13,1.35,220.98,-0.02,-9.72,290.47,0.32952844618611454
2006-01-14,0.56,233.22,3.32,-6.82,369.26,0.3406684481836822
2006-01-15,4.39,202.42,-1.05,-11.75,249.02,0.34534006192459765
2006-01-16,0.4,246.08,-7.87,-17.87,150.97,0.3316845756049986
2006-01-17,6.61,173.81,-4.33,-12.79,229.68,0.31982586380113626
2006-01-18,7.79,203.64,-3.04,-13.44,220.12,0.3367155442490614
2006-01-19,0.01,284.38,-4.82,-16.74,168.0,0.33276264031444064
2006-01-20,2.5,137.17,-6.93,-12.01,242.13,0.3370748991522088
2006-01-21,2.46,216.04,-5.0,-13.76,213.38,0.33887167366794546
2006-01-22,0.21,234.3,-6.77,-14.98,191.07,0.3313252207018513
2006-01-23,1.52,227.23,-3.21,-11.67,251.16,0.33779360895850347
2006-01-24,0.0,328.42,1.56,-13.89,211.98,0.3291690912829672
2006-01-25,0.0,338.16,4.08,-13.38,222.41,0.3219819932200203
2006-01-26,0.25,285.32,-1.46,-12.46,238.24,0.32162263831687293
2006-01-27,4.11,181.39,-3.39,-10.75,272.3,0.3345594148301773
2006-01-28,4.94,163.81,-5.53,-12.02,243.85,0.33420005992703
2006-01-29,2.79,170.53,-5.59,-11.63,252.38,0.3306065108955566
2006-01-30,10.14,196.63,-0.71,-8.79,312.91,0.3284503814766725
2006-01-31,4.09,203.79,-2.09,-10.04,286.08,0.3370748991522088
2006-02-01,5.48,195.1,-1.97,-9.57,295.64,0.3381529638616508
2006-02-02,1.74,234.26,-3.08,-10.76,271.66,0.32952844618611454
2006-02-03,3.74,235.16,-2.01,-11.27,258.02,0.3367155442490614
2006-02-04,5.28,245.0,0.08,-9.36,302.33,0.3356374795396194
2006-02-05,1.03,258.38,-4.53,-12.35,240.23,0.33923102857109283
2006-02-06,0.0,315.32,-3.41,-12.76,232.42,0.3316845756049986
2006-02-07,0.02,387.4,-0.01,-14.59,198.0,0.3288097363798198
2006-02-08,0.0,395.97,3.41,-12.41,239.41,0.3173103794791048
2006-02-09,0.0,403.59,-2.15,-18.55,143.03,0.3284503814766725
2006-02-10,0.0,406.42,-8.17,-24.28,89.94,0.3104826363193053
2006-02-11,0.0,433.91,-1.41,-25.26,80.97,0.299701989224885
2006-02-12,0.03,424.68,3.34,-16.7,172.2,0.3108419912224526
2006-02-13,0.05,405.8,0.8,-15.24,190.82,0.3191071539948416
2006-02-14,1.89,298.64,-4.27,-14.93,192.51,0.3244974775420517
2006-02-15,0.23,318.62,-11.6,-21.31,116.2,0.32018521870428357
2006-02-16,0.0,413.51,-12.9,-27.79,68.72,0.2874839225178753
2006-02-17,0.0,433.39,-15.14,-31.94,40.14,0.2515484322031409
2006-02-18,0.29,457.0,-7.18,-30.95,43.43,0.2515484322031409
2006-02-19,0.61,415.79,-5.73,-22.27,102.85,0.2695161773605081
2006-02-20,0.02,352.89,-8.65,-19.94,124.9,0.2874839225178753
2006-02-21,0.98,266.44,-8.32,-16.64,166.65,0.3158729598665154
2006-02-22,4.82,186.0,-5.61,-12.07,241.57,0.30940457160986323
2006-02-23,4.66,176.23,-3.28,-9.07,307.58,0.30832650690042124
2006-02-24,5.78,179.41,-1.49,-7.65,343.76,0.3097639265130106
2006-02-25,0.0,361.14,0.8,-9.56,290.37,0.3158729598665154
2006-02-26,0.15,445.23,4.97,-10.18,282.92,0.32090392851057825
2006-02-27,0.93,334.58,5.33,-4.67,432.96,0.3248568324451991
2006-02-28,6.24,253.92,4.02,-5.33,418.04,0.3431839325057136
2006-03-01,2.76,361.47,0.79,-11.95,250.15,0.3439026423120083
2006-03-02,0.69,482.29,4.07,-15.73,182.11,0.32629425205778845
2006-03-03,0.66,469.42,7.41,-10.64,271.99,0.3248568324451991
2006-03-04,2.57,232.17,-0.92,-8.63,319.17,0.3356374795396194
2006-03-05,1.45,395.32,1.96,-12.15,244.86,0.33384070502388263
2006-03-06,3.63,402.22,7.25,-9.22,303.95,0.32952844618611454
2006-03-07,2.89,304.02,1.06,-9.23,306.16,0.33959038347424014
2006-03-08,0.83,392.34,0.26,-11.82,244.48,0.34174651289312424
2006-03-09,2.45,342.98,-4.66,-15.87,184.38,0.3374342540553561
2006-03-10,0.84,504.34,-4.5,-22.04,105.04,0.31227941083504207
2006-03-11,0.09,567.88,-1.21,-24.63,85.55,0.29251489116193813
2006-03-12,0.09,502.52,-3.13,-19.06,131.83,0.3115607010287473
2006-03-13,1.97,437.73,-4.67,-19.7,128.26,0.31299812064133675
2006-03-14,4.01,370.97,-1.3,-13.84,210.79,0.31371683044763143
2006-03-15,5.87,255.59,-2.74,-10.97,266.1,0.3288097363798198
2006-03-16,3.39,356.25,-0.65,-11.99,245.08,0.3223413481231676
2006-03-17,1.0,461.47,3.1,-10.05,282.93,0.32557554225149377
2006-03-18,4.51,384.94,4.47,-9.84,288.35,0.33384070502388263
2006-03-19,2.03,422.23,1.09,-11.16,263.28,0.33923102857109283
2006-03-20,0.22,544.86,1.53,-13.97,208.13,0.3277316716703778
2006-03-21,2.39,473.54,2.21,-13.27,222.71,0.3291690912829672
2006-03-22,1.43,483.43,3.47,-10.68,268.58,0.33384070502388263
2006-03-23,0.11,600.35,6.01,-12.5,230.38,0.33599683444276673
2006-03-24,0.34,579.64,7.62,-10.63,266.29,0.33887167366794546
2006-03-25,0.03,544.89,9.47,-5.95,382.3,0.33851231876479815
2006-03-26,0.57,382.44,1.68,-7.97,330.41,0.3496523207623658
2006-03-27,0.51,568.89,5.88,-11.34,252.19,0.3370748991522088
2006-03-28,0.87,510.55,7.69,-7.19,346.23,0.3374342540553561
2006-03-29,4.56,301.42,6.53,-3.1,484.44,0.346777481537187
2006-03-30,2.89,343.08,3.74,-6.1,391.58,0.3589955482441967
2006-03-31,2.21,440.88,5.38,-8.35,322.8,0.3489336109560711
2006-04-01,3.14,413.19,5.58,-6.5,375.4,0.35180845018124984
2006-04-02,0.31,494.12,4.45,-7.66,338.46,0.35755812863160735
2006-04-03,1.7,522.6,9.85,-5.82,378.64,0.35180845018124984
2006-04-04,1.98,358.59,7.71,-1.83,519.47,0.3737290992732379
2006-04-05,6.31,425.53,12.17,-2.61,494.46,0.4024774915250254
2006-04-06,7.39,373.21,8.78,-3.15,476.68,0.4635678250600739
2006-04-07,0.0,449.21,7.49,-2.78,489.23,0.4815355702174411
2006-04-08,1.12,464.06,8.59,-3.15,471.68,0.4815355702174411
2006-04-09,2.71,376.99,7.52,-2.44,496.41,0.4923162173118614
2006-04-10,1.08,437.31,5.63,-4.6,428.33,0.513877511500702
2006-04-11,2.04,477.76,6.91,-5.95,378.09,0.4959097663433349
2006-04-12,1.88,440.19,8.8,-2.04,502.37,0.48872266828038796
2006-04-13,5.8,330.15,7.4,-0.41,584.34,0.5713742960042771
2006-04-14,1.83,448.05,9.49,-1.08,551.73,0.7115227082317414
2006-04-15,2.19,332.5,8.13,0.49,617.43,0.7294904533891085
2006-04-16,10.25,371.74,8.94,-1.34,551.26,0.7869872378926835
2006-04-17,13.51,349.08,2.68,-6.46,375.8,0.9055743559313071
2006-04-18,0.82,548.13,2.09,-9.92,286.71,0.7869872378926835
2006-04-19,0.0,691.18,5.07,-12.41,221.06,0.6863678650114272
2006-04-20,0.67,688.85,11.36,-9.78,260.87,0.6612130217911132
2006-04-21,0.0,710.12,14.51,-5.36,346.51,0.6971485121058476
2006-04-22,0.0,699.83,16.76,-2.46,419.76,0.8337033753018382
2006-04-23,0.0,580.08,7.04,-5.55,377.06,1.0960324545993994
2006-04-24,0.0,544.55,3.91,-6.98,353.68,0.9846324346237229
2006-04-25,0.0,626.08,7.47,-6.36,355.21,0.8912001598054133
2006-04-26,0.0,620.73,10.22,-3.38,430.43,0.8588582185221524
2006-04-27,0.0,572.6,9.05,-2.71,465.52,1.00260017978109
2006-04-28,0.0,691.76,11.17,-5.72,339.23,1.0169743759069838
2006-04-29,0.0,707.05,14.45,-3.94,365.08,1.2505550629527575
2006-04-30,1.63,548.21,11.85,-2.01,468.09,1.7213099860757781
2006-05-01,0.0,643.06,10.46,-4.24,375.96,1.915361633775344
2006-05-02,0.0,585.46,6.64,-5.65,360.58,1.9584842221530254
2006-05-03,0.02,696.9,8.05,-8.8,255.64,1.7069357899498843
2006-05-04,0.47,611.59,8.77,-4.99,355.67,1.7213099860757781
2006-05-05,0.0,724.44,12.61,-6.52,275.71,1.7859938686423003
2006-05-06,0.11,676.73,13.04,-3.6,344.21,2.0770713401916487
2006-05-07,4.54,421.02,9.88,-0.38,541.49,2.375335909803945
2006-05-08,11.22,434.83,7.9,-3.59,437.24,2.2998713801430024
2006-05-09,1.99,533.98,3.87,-8.56,294.71,2.084258438254596
2006-05-10,0.08,682.28,8.45,-8.17,271.22,1.7392777312331453
2006-05-11,0.65,658.27,12.77,-4.4,346.76,1.6674067506036765
2006-05-12,0.0,613.25,14.15,-0.05,486.4,1.9189551828068174
2006-05-13,0.0,690.59,16.35,-1.57,397.72,2.4795488317166745
2006-05-14,0.0,702.39,18.17,-0.88,406.32,3.201852187042836
2006-05-15,0.0,701.65,19.77,0.23,432.11,3.809161973361847
2006-05-16,0.0,697.04,20.91,1.2,455.55,4.384129818397597
2006-05-17,0.0,663.16,20.85,2.7,521.47,4.959097663433349
2006-05-18,0.0,671.4,21.36,2.55,509.57,5.498130018154365
2006-05-19,0.0,531.87,17.54,4.58,687.6,6.037162372875382
2006-05-20,1.45,562.53,18.04,2.21,568.41,5.893420411616443
2006-05-21,0.06,618.74,17.85,2.06,533.75,6.180904334134318
2006-05-22,3.68,529.11,17.29,2.28,586.05,6.001226882560647
2006-05-23,4.53,361.65,11.69,1.53,630.71,5.713742960042771
2006-05-24,0.27,602.49,15.31,-0.01,482.04,5.2106460956364895
2006-05-25,0.0,616.07,18.03,2.39,542.81,5.354388056895427
2006-05-26,0.0,573.14,15.95,2.0,547.85,5.570000998783833
2006-05-27,10.85,340.17,9.97,-0.35,583.62,5.318452566580692
2006-05-28,9.23,288.13,6.61,-1.63,543.45,4.887226682803879
2006-05-29,2.9,357.26,6.95,-1.88,528.23,4.096645895879723
2006-05-30,0.05,556.39,9.84,-2.74,443.94,3.6294845217881755
2006-05-31,0.24,658.11,14.17,-3.01,376.54,3.356374795396194
2006-06-01,0.0,695.33,18.79,-0.47,414.69,3.356374795396194
2006-06-02,0.0,691.46,21.4,1.92,480.06,3.701355502417644
2006-06-03,0.0,522.82,17.44,5.03,717.55,4.240387857138661
2006-06-04,1.1,538.25,17.46,4.06,664.17,4.635678250600739
2006-06-05,1.51,588.01,18.07,2.06,549.16,5.174710605321755
2006-06-06,0.0,691.93,22.43,2.54,482.6,5.030968644062817
2006-06-07,1.37,622.19,24.48,5.57,632.02,4.959097663433349
2006-06-08,4.87,408.75,17.85,5.31,815.02,5.426259037524896
2006-06-09,10.87,355.11,15.44,4.26,804.42,5.498130018154365
2006-06-10,6.02,319.23,11.64,2.44,727.09,5.246581585951224
2006-06-11,3.73,479.91,15.66,1.44,624.45,4.7434847215449425
2006-06-12,0.04,661.56,22.1,3.51,584.47,4.420065308712332
2006-06-13,0.0,658.24,23.53,4.85,626.61,4.456000799027067
2006-06-14,6.25,404.96,15.21,2.8,717.09,4.420065308712332
2006-06-15,4.9,325.76,11.08,2.21,710.65,4.096645895879723
2006-06-16,0.6,473.73,13.55,2.72,690.1,3.7372909927323787
2006-06-17,0.0,572.36,15.73,2.23,597.56,3.5216780508439722
2006-06-18,0.0,648.64,17.67,0.62,484.77,3.395903834742402
2006-06-19,1.24,570.15,18.4,2.96,610.34,3.298878010892619
2006-06-20,0.67,553.06,16.28,2.36,603.17,3.2126328341372563
2006-06-21,0.0,628.47,16.06,-0.06,473.75,3.086858618035686
2006-06-22,0.0,642.78,18.22,0.98,494.28,2.9467102058082215
2006-06-23,0.0,632.69,19.36,2.33,542.12,2.8496843819584385
2006-06-24,0.0,615.6,19.63,3.24,585.47,2.7490650090771824
2006-06-25,0.0,634.9,20.98,3.36,572.19,2.6771940284477136
2006-06-26,0.0,613.46,21.45,4.51,628.78,2.5945424007238245
2006-06-27,0.66,580.77,21.53,4.89,667.0,2.526264969125829
2006-06-28,0.03,630.11,22.92,4.19,587.51,2.461581086559307
2006-06-29,0.0,594.86,23.74,6.57,705.62,2.375335909803945
2006-06-30,0.16,525.94,21.56,7.12,794.67,2.325026223363316
2006-07-01,1.29,494.57,21.21,6.81,807.28,2.296277831111529
2006-07-02,2.55,466.68,20.48,6.36,812.37,2.2315939485450067
2006-07-03,2.15,480.02,21.3,6.95,837.16,2.1776907130729053
2006-07-04,3.03,548.37,22.67,5.09,675.79,2.141755222758171
2006-07-05,7.21,402.32,21.03,7.33,916.88,2.0591035950342818
2006-07-06,3.93,429.36,20.44,7.56,913.84,2.1920649091987987
2006-07-07,2.44,462.46,20.45,5.88,800.41,2.055510046002808
2006-07-08,0.81,586.47,22.85,4.16,612.14,1.9728584182789193
2006-07-09,0.94,531.19,22.31,6.06,738.08,1.8650519473347158
2006-07-10,2.17,510.34,21.97,5.24,718.58,1.8219293589570345
2006-07-11,0.37,563.24,23.6,6.17,710.85,1.77521322154788
2006-07-12,1.32,481.04,21.2,6.96,832.36,1.7141228880128314
2006-07-13,2.17,505.6,20.4,4.58,683.1,1.7500583783275656
2006-07-14,0.0,585.59,24.43,5.84,662.54,1.645845456414836
2006-07-15,0.0,579.39,27.37,8.16,757.42,1.5631938286909468
2006-07-16,0.0,560.07,26.42,8.05,736.91,1.5092905932188454
2006-07-17,0.0,524.69,26.53,10.04,828.09,1.458980906778217
2006-07-18,0.0,546.26,26.29,8.42,712.76,1.4158583184005358
2006-07-19,0.0,536.19,25.16,7.61,690.45,1.3763292790543278
2006-07-20,0.0,523.46,25.42,8.41,740.57,1.329613141645173
2006-07-21,0.0,566.38,26.6,6.7,615.46,1.2900841022989653
2006-07-22,0.0,569.69,28.41,7.77,651.87,1.2541486119842309
2006-07-23,0.1,486.68,26.32,10.37,890.55,1.2254002197324434
2006-07-24,0.23,417.17,21.56,8.41,882.92,1.23258731779539
2006-07-25,0.87,483.37,23.51,7.21,742.6,1.1930582784491826
2006-07-26,0.02,495.03,23.77,7.24,731.0,1.157122788134448
2006-07-27,0.0,532.93,26.33,7.35,688.68,1.1211872978197135
2006-07-28,0.0,530.36,27.67,8.37,733.74,1.0780647094420324
2006-07-29,0.0,474.56,27.09,10.74,934.59,1.0457227681587713
2006-07-30,0.0,451.84,24.06,8.95,865.76,1.0169743759069838
2006-07-31,0.43,416.35,18.97,5.08,725.64,0.9954130817181431
2006-08-01,2.53,339.64,15.62,3.35,723.64,0.9774453365607759
2006-08-02,0.0,457.31,17.95,3.01,613.19,0.9702582384978291
2006-08-03,0.07,511.1,20.69,2.47,540.77,0.9415098462460415
2006-08-04,1.81,443.03,22.43,4.85,685.17,0.9163550030257275
2006-08-05,1.88,421.88,22.39,5.28,729.36,0.912761453994254
2006-08-06,0.76,451.12,23.08,6.25,739.54,0.8912001598054133
2006-08-07,0.0,494.29,23.97,5.77,631.06,0.8696388656165727
2006-08-08,0.99,432.42,22.7,6.76,733.57,0.8588582185221524
2006-08-09,0.0,485.12,22.23,4.45,588.9,0.8372969243333118
2006-08-10,0.0,505.05,23.18,3.95,551.77,0.8121420811129976
2006-08-11,0.0,429.24,22.16,7.02,761.5,0.7941743359556305
2006-08-12,0.0,477.69,20.76,3.11,548.91,0.7798001398297367
2006-08-13,0.83,472.46,19.84,1.02,481.14,0.758238845640896
2006-08-14,0.0,507.9,22.48,2.32,497.8,0.7402711004835288
2006-08-15,0.62,432.51,21.1,4.43,650.68,0.7294904533891085
2006-08-16,0.38,461.03,21.41,3.63,590.12,0.7294904533891085
2006-08-17,0.0,450.2,20.02,3.53,606.88,0.7115227082317414
2006-08-18,0.0,479.04,19.25,0.87,486.54,0.6899614140429007
2006-08-19,0.0,484.52,21.22,2.11,517.17,0.6719936688855335
2006-08-20,0.0,489.61,23.14,3.24,550.07,0.6612130217911132
2006-08-21,0.29,470.76,24.11,4.5,597.78,0.6468388256652193
2006-08-22,0.0,473.4,25.26,6.03,636.11,0.6360581785707992
2006-08-23,0.0,463.94,24.73,5.81,635.2,0.6252775314763788
2006-08-24,0.0,408.71,20.06,4.63,663.38,0.6144968843819585
2006-08-25,0.15,342.27,17.84,5.47,768.93,0.6037162372875381
2006-08-26,2.37,306.44,16.28,3.44,688.07,0.5965291392245913
2006-08-27,1.78,394.93,19.17,2.21,519.03,0.6001226882560646
2006-08-28,0.0,464.08,21.53,2.78,463.44,0.5929355901931178
2006-08-29,0.0,462.89,23.27,4.1,503.87,0.5749678450357506
2006-08-30,0.0,433.46,21.33,4.02,530.87,0.5641871979413302
2006-08-31,0.0,434.87,15.6,-1.77,373.26,0.5534065508469099
2006-09-01,0.0,452.74,15.97,-2.71,340.54,0.5390323547210162
2006-09-02,0.0,490.71,21.09,-1.71,326.82,0.5282517076265958
2006-09-03,0.0,480.96,23.26,0.83,390.34,0.521064609563649
2006-09-04,0.0,471.71,24.43,2.39,435.32,0.513877511500702
2006-09-05,0.0,446.74,23.84,3.7,502.12,0.5030968644062818
2006-09-06,0.0,364.35,20.1,5.3,659.38,0.4995033153748083
2006-09-07,0.0,321.91,17.87,5.12,694.34,0.4923162173118614
2006-09-08,0.0,280.62,16.62,5.9,724.7,0.4923162173118614
2006-09-09,0.55,324.89,16.88,4.06,555.48,0.48872266828038796
2006-09-10,0.0,381.86,17.87,2.5,420.98,0.4815355702174411
2006-09-11,0.0,426.17,20.07,1.46,351.1,0.4779420211859677
2006-09-12,0.0,442.87,22.36,1.88,352.74,0.46716137409154734
2006-09-13,0.0,402.62,20.97,3.44,400.56,0.45997427602860047
2006-09-14,3.01,307.21,16.94,2.9,448.57,0.456380726997127
2006-09-15,8.31,172.01,10.34,1.82,625.02,0.4635678250600739
2006-09-16,4.46,103.73,3.15,-1.51,550.72,0.48872266828038796
2006-09-17,1.94,132.39,2.44,-2.73,498.19,0.4779420211859677
2006-09-18,0.13,327.6,11.02,-1.39,423.8,0.45997427602860047
2006-09-19,1.54,376.7,15.73,-1.5,364.8,0.45278717796565354
2006-09-20,2.05,252.98,12.09,1.83,591.63,0.44919362893418013
2006-09-21,12.14,148.23,6.38,-0.42,592.56,0.4635678250600739
2006-09-22,4.7,113.47,3.12,-1.44,552.55,0.5066904134377551
2006-09-23,0.0,258.17,6.38,-2.44,490.83,0.47075492312302075
2006-09-24,0.0,365.36,10.51,-3.72,398.82,0.45278717796565354
2006-09-25,0.3,390.92,14.85,-2.11,418.56,0.44919362893418013
2006-09-26,0.0,364.84,14.3,-0.72,479.87,0.44919362893418013
2006-09-27,0.0,304.04,13.09,1.53,607.1,0.43481943280828633
2006-09-28,0.0,379.5,16.67,0.42,503.38,0.424038785713866
2006-09-29,0.0,366.65,16.81,1.15,539.65,0.4204452366823926
2006-09-30,0.0,375.22,17.34,0.82,516.91,0.4132581386194457
2006-10-01,0.01,363.29,16.79,1.06,529.51,0.4060710405564988
2006-10-02,10.39,261.19,13.48,0.53,588.4,0.4024774915250254
2006-10-03,8.62,188.6,9.16,0.19,616.1,0.4743484721544942
2006-10-04,2.93,248.66,11.25,0.06,597.74,0.48512911924891455
2006-10-05,3.18,268.54,13.97,1.68,656.71,0.45278717796565354
2006-10-06,5.3,154.03,11.43,4.37,833.73,0.44560007990270667
2006-10-07,10.66,151.78,6.36,-0.32,602.0,0.5030968644062818
2006-10-08,3.61,208.05,6.1,-2.2,523.08,0.6144968843819585
2006-10-09,6.01,161.79,1.71,-5.15,420.08,0.5282517076265958
2006-10-10,1.25,318.29,5.54,-6.71,367.92,0.4923162173118614
2006-10-11,0.0,249.63,6.89,-1.25,561.34,0.4779420211859677
2006-10-12,0.0,343.16,10.47,-2.46,506.52,0.47075492312302075
2006-10-13,0.0,361.52,12.19,-2.81,483.13,0.45997427602860047
2006-10-14,0.0,356.0,13.49,-1.61,527.98,0.45278717796565354
2006-10-15,3.64,250.42,10.28,-1.45,551.8,0.4420065308712332
2006-10-16,8.89,175.91,4.01,-4.07,454.31,0.4635678250600739
2006-10-17,0.54,221.25,-0.41,-8.01,335.79,0.48512911924891455
2006-10-18,2.11,271.56,1.52,-9.64,293.78,0.4420065308712332
2006-10-19,7.58,127.68,2.44,-2.93,492.17,0.4420065308712332
2006-10-20,5.85,192.52,2.74,-5.45,412.49,0.45278717796565354
2006-10-21,1.73,264.58,0.67,-9.0,309.34,0.4384129818397598
2006-10-22,0.05,364.28,3.52,-12.22,241.46,0.4204452366823926
2006-10-23,0.08,353.1,7.81,-7.79,340.03,0.4132581386194457
2006-10-24,1.68,305.24,8.89,-5.23,417.46,0.4204452366823926
2006-10-25,1.13,291.87,3.25,-9.07,309.51,0.4312258837768129
2006-10-26,0.42,324.39,2.59,-11.47,254.82,0.4060710405564988
2006-10-27,0.04,277.07,4.62,-5.89,394.69,0.40966458958797225
2006-10-28,0.0,315.08,8.1,-5.19,418.77,0.4060710405564988
2006-10-29,0.55,303.57,8.63,-4.7,436.07,0.3988839424935519
2006-10-30,0.41,325.92,0.91,-14.82,198.14,0.4024774915250254
2006-10-31,0.0,308.41,-3.08,-16.27,174.49,0.33851231876479815
2006-11-01,0.4,318.58,-1.05,-16.39,170.01,0.3259348971546411
2006-11-02,1.4,301.98,3.34,-12.91,226.55,0.34426199721515566
2006-11-03,4.3,112.64,3.55,-1.82,539.7,0.39169684443060504
2006-11-04,1.22,105.02,3.39,-0.78,577.75,0.39169684443060504
2006-11-05,1.79,80.35,2.85,-0.41,594.99,0.3845097463676582
2006-11-06,6.15,94.01,5.24,0.53,631.02,0.38091619733618476
2006-11-07,1.66,94.32,8.0,3.93,808.64,0.40966458958797225
2006-11-08,12.11,149.82,7.65,-0.75,582.79,0.5749678450357506
2006-11-09,6.26,178.74,0.59,-8.41,326.41,0.6971485121058476
2006-11-10,1.91,163.94,-2.45,-9.39,299.52,0.5246581585951223
2006-11-11,6.48,115.0,-1.38,-6.81,366.51,0.48512911924891455
2006-11-12,1.71,230.81,-3.19,-13.49,216.47,0.456380726997127
2006-11-13,8.35,139.15,-1.58,-8.28,326.13,0.4420065308712332
2006-11-14,5.31,181.89,-2.22,-11.33,261.25,0.456380726997127
2006-11-15,0.99,248.91,-1.09,-12.33,236.45,0.39529039346207856
2006-11-16,5.37,128.94,0.67,-5.3,413.45,0.4420065308712332
2006-11-17,0.0,203.68,1.64,-6.3,382.7,0.43481943280828633
2006-11-18,0.0,253.44,2.43,-8.89,312.02,0.424038785713866
2006-11-19,0.0,271.78,3.85,-9.82,289.34,0.4024774915250254
2006-11-20,0.48,211.47,5.95,-3.61,470.61,0.4060710405564988
2006-11-21,0.0,145.78,5.41,-0.37,594.5,0.4168516876509191
2006-11-22,0.0,166.47,5.16,-1.48,553.49,0.40966458958797225
2006-11-23,3.57,214.21,2.04,-9.4,303.02,0.4024774915250254
2006-11-24,1.02,185.34,-2.76,-10.72,272.43,0.36294845217881755
2006-11-25,0.29,162.57,-2.45,-9.01,312.67,0.3737290992732379
2006-11-26,0.56,175.73,-1.76,-8.74,315.78,0.3845097463676582
2006-11-27,5.63,165.36,-2.06,-10.8,269.61,0.3701355502417644
2006-11-28,4.15,182.98,-8.27,-18.39,144.83,0.3701355502417644
2006-11-29,1.38,234.83,-12.24,-24.03,86.42,0.2874839225178753
2006-11-30,3.16,180.41,-10.47,-20.09,121.28,0.2695161773605081
2006-12-01,2.95,162.46,-9.41,-16.32,169.67,0.30832650690042124
2006-12-02,0.59,232.97,-9.12,-19.16,135.12,0.26843811265106604
2006-12-03,0.67,229.81,-6.62,-17.13,159.34,0.2874839225178753
2006-12-04,0.25,233.79,-2.28,-13.24,222.97,0.3309658657987039
2006-12-05,0.0,190.04,-2.69,-10.34,278.31,0.3284503814766725
2006-12-06,1.22,205.67,-2.05,-12.11,242.11,0.3277316716703778
2006-12-07,0.19,228.75,2.57,-8.48,321.83,0.3248568324451991
2006-12-08,0.0,239.52,4.34,-8.47,323.73,0.3277316716703778
2006-12-09,0.0,228.69,2.43,-9.3,302.25,0.3223413481231676
2006-12-10,0.52,193.32,0.15,-9.3,302.72,0.3241381226389044
2006-12-11,0.0,136.21,-1.07,-6.66,372.19,0.3374342540553561
2006-12-12,4.71,93.8,-1.32,-5.95,394.23,0.3381529638616508
2006-12-13,9.67,66.45,-0.05,-3.45,475.41,0.33923102857109283
2006-12-14,9.77,97.71,1.34,-3.56,473.09,0.3370748991522088
2006-12-15,8.73,179.87,2.02,-11.25,264.1,0.3428245776025663
2006-12-16,1.38,230.92,-8.55,-22.48,104.28,0.29934263432173763
2006-12-17,0.0,253.5,-8.3,-24.51,86.88,0.19764519673103928
2006-12-18,0.0,252.41,-7.88,-23.82,94.04,0.17967745157367207
2006-12-19,1.07,232.49,-3.89,-19.85,130.56,0.20842584382545956
2006-12-20,0.0,246.09,-1.68,-16.65,168.09,0.21561294188840646
2006-12-21,0.3,238.59,-1.18,-16.15,176.91,0.22998713801430024
2006-12-22,3.87,183.58,-3.01,-16.63,170.31,0.2371742360772471
2006-12-23,5.59,172.71,-5.33,-18.13,147.93,0.24436133414019398
2006-12-24,2.31,183.55,-5.07,-15.8,177.9,0.25873553026608775
2006-12-25,4.72,175.22,-1.77,-13.57,216.36,0.2695161773605081
2006-12-26,8.44,58.45,-0.73,-4.09,453.6,0.28568714800213857
2006-12-27,4.53,81.71,0.96,-3.65,467.77,0.2867652127115806
2006-12-28,1.41,179.8,-1.87,-11.18,263.46,0.28964005193675935
2006-12-29,0.0,243.26,-2.97,-17.07,160.48,0.2842497283895492
2006-12-30,0.0,247.77,-1.66,-16.54,169.86,0.2695161773605081
2006-12-31,0.0,246.73,-2.23,-17.07,163.14,0.25873553026608775
2007-01-01,0.0,208.9,-2.98,-14.79,194.95,0.2835310185832545
2007-01-02,1.23,148.7,-1.62,-10.03,285.99,0.2846090832926965
2007-01-03,9.48,58.71,-1.11,-4.65,435.39,0.28640585780843325
2007-01-04,6.03,174.82,-1.89,-14.99,195.81,0.2917961813556434
2007-01-05,2.91,164.47,-7.24,-17.83,156.54,0.29035876174305403
2007-01-06,4.22,112.3,-9.16,-16.37,168.24,0.2813748891643704
2007-01-07,5.7,167.68,-6.42,-17.93,148.95,0.2792187597454864
2007-01-08,6.03,84.72,-2.2,-7.5,349.29,0.28389037348640184
2007-01-09,0.62,89.04,-0.11,-4.4,443.12,0.2853277930989912
2007-01-10,3.99,142.79,-1.28,-9.6,300.71,0.2939523107745275
2007-01-11,7.07,225.66,-8.87,-29.61,53.6,0.21561294188840646
2007-01-12,0.06,283.38,-16.04,-33.38,40.0,0.16170970641630483
2007-01-13,0.0,286.92,-12.43,-29.96,48.94,0.17249035351072517
2007-01-14,0.0,285.91,-12.06,-29.13,54.8,0.19764519673103928
2007-01-15,0.03,285.37,-10.05,-26.78,70.12,0.20842584382545956
2007-01-16,0.32,277.14,-4.89,-21.26,116.7,0.23358068704577367
2007-01-17,0.83,243.71,-7.2,-20.68,120.68,0.2515484322031409
2007-01-18,0.48,249.72,-8.88,-21.6,112.28,0.23358068704577367
2007-01-19,1.04,224.0,-3.58,-14.64,198.22,0.2515484322031409
2007-01-20,2.27,168.38,-3.6,-12.37,240.33,0.2695161773605081
2007-01-21,0.39,232.84,-4.59,-15.43,184.94,0.28317166368010716
2007-01-22,0.02,257.1,-4.32,-16.41,173.58,0.2687974675542134
2007-01-23,0.56,218.28,-0.79,-10.64,272.29,0.26520391852273995
2007-01-24,0.0,270.81,3.28,-9.65,293.71,0.2648445636195926
2007-01-25,0.0,309.66,4.78,-11.78,249.84,0.26196972439441385
2007-01-26,0.0,316.44,2.06,-14.78,193.61,0.26196972439441385
2007-01-27,0.0,318.65,-2.71,-19.41,130.31,0.2601729498786771
2007-01-28,0.0,329.3,-1.36,-18.89,140.38,0.2537045616220249
2007-01-29,0.0,327.97,-3.07,-19.88,129.87,0.23358068704577367
2007-01-30,0.24,330.09,-3.71,-20.9,117.49,0.21561294188840646
2007-01-31,0.07,263.69,-8.03,-19.11,135.7,0.23358068704577367
2007-02-01,1.21,312.14,-11.86,-27.83,60.9,0.19764519673103928
2007-02-02,4.0,264.18,-11.7,-28.06,61.13,0.2012387457625127
2007-02-03,2.56,217.13,-3.48,-13.92,209.51,0.21561294188840646
2007-02-04,2.1,222.08,0.56,-9.9,290.08,0.23358068704577367
2007-02-05,1.71,156.92,4.51,-2.02,528.94,0.24184584981816257
2007-02-06,0.0,233.93,6.9,-2.19,521.91,0.24759552826852008
2007-02-07,0.0,275.41,6.57,-4.6,436.62,0.25873553026608775
2007-02-08,3.57,125.72,0.83,-4.82,428.06,0.2835310185832545
2007-02-09,4.24,135.23,0.69,-5.38,414.24,0.29287424606508544
2007-02-10,2.19,160.24,1.3,-5.11,421.03,0.2957490852902642
2007-02-11,9.14,134.44,3.27,-2.76,498.46,0.3032955382563584
2007-02-12,4.97,201.0,-0.06,-9.06,307.75,0.3097639265130106
2007-02-13,3.74,232.25,-1.74,-11.82,250.44,0.3047329578689478
2007-02-14,3.44,232.22,-3.67,-13.01,231.08,0.3047329578689478
2007-02-15,7.47,182.96,-1.37,-8.53,321.55,0.3047329578689478
2007-02-16,0.0,308.96,-0.44,-9.81,292.63,0.3101232814161579
2007-02-17,1.28,370.74,1.45,-12.8,228.93,0.29215553625879076
2007-02-18,4.58,300.9,1.39,-10.95,264.54,0.30545166767524246
2007-02-19,0.56,285.02,-1.53,-10.03,283.57,0.3162323147696628
2007-02-20,6.43,174.09,-2.51,-8.64,315.82,0.3119200559318947
2007-02-21,10.72,154.36,-2.11,-7.33,351.4,0.3079671519972739
2007-02-22,4.94,260.84,3.64,-5.69,402.18,0.3090452167067159
2007-02-23,2.65,336.74,0.11,-11.04,265.35,0.3291690912829672
2007-02-24,1.19,398.4,-4.42,-17.24,158.84,0.3162323147696628
2007-02-25,1.36,375.24,-1.59,-13.25,217.37,0.30940457160986323
2007-02-26,3.87,315.41,-4.25,-14.65,199.98,0.3176697343822522
2007-02-27,3.56,356.07,-3.41,-15.21,188.89,0.3086858618035686
2007-02-28,2.68,352.39,-2.87,-13.8,214.5,0.30545166767524246
2007-03-01,1.65,387.02,-7.28,-18.15,147.47,0.31371683044763143
2007-03-02,0.0,521.56,-5.76,-23.34,92.48,0.28820263232417
2007-03-03,1.23,488.64,-4.81,-22.79,99.58,0.2810155342612231
2007-03-04,0.49,476.9,2.63,-11.25,256.23,0.30257682845006373
2007-03-05,0.6,506.82,6.84,-10.97,262.25,0.31227941083504207
2007-03-06,0.0,497.61,8.42,-5.84,392.55,0.3191071539948416
2007-03-07,0.0,518.69,8.32,-7.89,328.46,0.32665360696093576
2007-03-08,3.62,318.59,3.76,-5.61,399.02,0.33312199521758795
2007-03-09,0.98,370.42,3.47,-5.56,403.38,0.3309658657987039
2007-03-10,1.18,378.82,5.43,-4.32,442.42,0.3277316716703778
2007-03-11,0.02,373.74,5.59,-2.98,488.56,0.3291690912829672
2007-03-12,0.0,449.19,9.92,-1.25,554.29,0.3367155442490614
2007-03-13,0.03,374.24,8.64,-0.02,601.33,0.3845097463676582
2007-03-14,0.0,482.7,5.99,-6.27,381.55,0.4312258837768129
2007-03-15,0.0,495.14,4.53,-8.46,317.26,0.3988839424935519
2007-03-16,0.0,430.75,7.25,-2.97,484.02,0.38091619733618476
2007-03-17,0.0,504.81,11.75,-1.74,526.83,0.3737290992732379
2007-03-18,0.0,505.19,10.99,-2.58,489.09,0.39529039346207856
2007-03-19,0.0,532.49,10.94,-3.82,447.83,0.4204452366823926
2007-03-20,0.0,427.99,8.49,-1.64,530.68,0.45997427602860047
2007-03-21,0.0,457.16,6.94,-3.84,449.4,0.4743484721544942
2007-03-22,0.0,461.41,7.09,-3.87,447.25,0.44560007990270667
2007-03-23,0.0,496.95,7.71,-4.72,420.81,0.4384129818397598
2007-03-24,0.0,600.05,12.42,-7.03,332.06,0.4168516876509191
2007-03-25,0.04,526.51,11.35,-2.97,460.92,0.4420065308712332
2007-03-26,0.24,482.52,10.99,-1.37,524.03,0.4923162173118614
2007-03-27,8.2,371.32,10.95,-1.31,543.03,0.5426259037524895
2007-03-28,6.73,317.39,1.44,-7.68,343.32,0.5713742960042771
2007-03-29,0.59,472.08,0.84,-10.68,271.2,0.47075492312302075
2007-03-30,0.42,540.73,3.55,-10.9,261.43,0.4635678250600739
2007-03-31,2.1,417.58,6.26,-5.03,411.47,0.45997427602860047
2007-04-01,9.18,243.45,4.63,-2.19,518.08,0.44560007990270667
2007-04-02,11.97,355.16,1.19,-8.95,315.05,0.456380726997127
2007-04-03,2.33,498.36,2.33,-11.06,266.36,0.4312258837768129
2007-04-04,3.27,446.68,6.26,-6.12,382.45,0.42763233474533946
2007-04-05,1.21,502.47,8.79,-2.87,481.35,0.4312258837768129
2007-04-06,0.0,615.07,8.64,-6.56,356.57,0.4420065308712332
2007-04-07,0.0,640.55,9.18,-7.82,314.41,0.456380726997127
2007-04-08,0.0,604.93,9.57,-5.44,375.51,0.48872266828038796
2007-04-09,5.78,396.58,5.18,-5.63,392.56,0.5713742960042771
2007-04-10,3.01,369.52,0.51,-8.28,327.45,0.578561394067224
2007-04-11,0.04,575.58,1.97,-10.84,267.58,0.521064609563649
2007-04-12,0.0,660.26,5.14,-12.35,216.84,0.48512911924891455
2007-04-13,0.06,683.7,7.59,-12.4,202.47,0.4779420211859677
2007-04-14,0.16,650.27,11.69,-5.91,332.61,0.4959097663433349
2007-04-15,0.0,583.12,10.99,-2.96,434.46,0.5713742960042771
2007-04-16,0.0,581.89,12.25,-1.57,475.1,0.5929355901931178
2007-04-17,0.0,577.31,11.68,-2.0,462.04,0.7690194927353164
2007-04-18,6.32,412.84,9.38,-2.76,487.96,0.8983872578683603
2007-04-19,9.76,319.58,1.03,-7.59,346.42,0.8408904733647852
2007-04-20,4.91,479.11,5.01,-10.22,281.09,0.7223033553261616
2007-04-21,1.0,494.28,6.58,-4.73,421.57,0.6971485121058476
2007-04-22,3.45,495.75,9.62,-4.38,424.15,0.6719936688855335
2007-04-23,7.79,333.95,7.72,-1.22,557.49,0.6971485121058476
2007-04-24,1.17,603.42,11.49,-3.81,428.96,0.7474581985464758
2007-04-25,0.42,607.33,13.05,-1.52,492.0,0.8696388656165727
2007-04-26,0.92,470.21,9.21,-0.92,550.97,1.0780647094420324
2007-04-27,0.0,593.79,12.59,-0.79,526.68,1.0708776113790854
2007-04-28,0.11,653.47,16.88,0.1,520.09,1.4446067106523233
2007-04-29,0.0,638.31,18.3,2.31,606.44,2.3358068704577364
2007-04-30,0.0,602.92,16.17,1.76,604.08,3.12279410835042
2007-05-01,0.0,663.16,17.86,0.28,516.95,3.2090392851057827
2007-05-02,0.0,586.56,16.34,2.11,625.71,3.4605877173089237
2007-05-03,3.65,461.38,8.35,-3.76,461.27,3.5612070901901802
2007-05-04,1.43,514.69,6.71,-5.82,390.18,2.490329478811095
2007-05-05,2.48,300.21,2.92,-3.61,466.24,2.0231681047195473
2007-05-06,0.0,571.7,9.12,-3.48,449.2,1.6602196525407298
2007-05-07,0.24,675.8,13.64,-4.19,376.18,1.6566261035092562
2007-05-08,0.0,670.08,16.67,-0.67,474.15,2.0770713401916487
2007-05-09,0.0,664.56,17.81,0.39,508.37,2.6700069303847664
2007-05-10,0.0,644.59,17.88,1.28,542.99,2.9862392451544295
2007-05-11,0.0,665.73,19.5,1.45,527.57,3.356374795396194
2007-05-12,0.0,643.75,20.21,3.17,596.66,3.66542001210291
2007-05-13,0.0,668.34,19.45,1.43,501.96,3.952903934620785
2007-05-14,0.0,622.29,14.2,-1.17,446.61,3.952903934620785
2007-05-15,0.0,674.38,15.16,-2.69,375.67,3.3707489915220874
2007-05-16,0.0,674.43,18.21,-0.07,430.91,3.1587295986651545
2007-05-17,0.0,667.66,19.47,1.15,451.71,3.2306005792946237
2007-05-18,0.0,621.48,19.18,3.03,539.28,3.187477990916942
2007-05-19,0.0,618.09,18.69,2.5,522.86,3.1910715399484153
2007-05-20,0.12,594.79,17.35,2.08,515.38,3.2090392851057827
2007-05-21,3.04,457.24,10.72,-1.86,480.02,3.2485683244519903
2007-05-22,7.71,258.19,2.63,-4.32,438.58,2.7814069503604433
2007-05-23,1.76,440.93,6.59,-3.92,429.2,2.4184584981816255
2007-05-24,3.59,440.22,7.86,-4.67,393.19,2.2172197524191133
2007-05-25,4.46,382.44,9.79,-1.28,524.11,2.0914455363175426
2007-05-26,1.22,594.49,14.65,-1.79,393.04,1.9656713202159721
2007-05-27,0.0,587.4,17.9,3.29,543.76,1.980045516341866
2007-05-28,0.13,604.93,14.2,-0.89,406.35,2.22440685048206
2007-05-29,0.42,509.74,9.08,-2.78,408.54,2.2783100859541614
2007-05-30,0.11,574.3,11.83,-1.88,392.16,2.055510046002808
2007-05-31,0.35,584.51,13.04,-1.42,388.88,2.0267616537510205
2007-06-01,0.0,625.72,16.98,1.11,423.06,1.9944197124677598
2007-06-02,0.0,664.6,19.49,1.2,389.56,2.1058197324434365
2007-06-03,0.0,640.75,19.51,2.16,427.44,2.307058478205949
2007-06-04,0.0,631.07,20.18,3.0,453.0,2.3825230078668915
2007-06-05,3.62,480.67,19.01,4.83,631.63,2.4400197923704665
2007-06-06,17.99,302.2,9.99,0.8,633.78,2.612510145881192
2007-06-07,11.17,328.05,8.46,-1.2,555.98,2.6771940284477136
2007-06-08,1.37,492.03,10.84,-1.74,473.58,2.2854971840171086
2007-06-09,1.39,551.67,15.1,0.32,505.04,2.159722967915538
2007-06-10,0.67,506.28,16.1,3.5,647.65,2.1166003795378567
2007-06-11,0.72,463.55,15.27,4.29,723.33,2.1201939285693303
2007-06-12,0.0,587.31,17.23,2.78,566.11,2.1237874776008034
2007-06-13,0.0,639.05,18.45,1.34,479.3,2.1058197324434365
2007-06-14,0.71,511.78,17.22,4.47,681.75,2.0914455363175426
2007-06-15,0.63,607.0,19.41,3.4,568.3,2.0806648892231223
2007-06-16,0.15,630.43,21.59,4.47,586.52,2.0626971440657553
2007-06-17,0.64,523.84,14.7,2.2,587.87,2.055510046002808
2007-06-18,0.18,543.58,12.79,-0.08,504.41,1.929735829901238
2007-06-19,0.03,658.42,19.9,1.3,464.62,1.8003680647681939
2007-06-20,0.0,658.67,24.24,4.77,570.63,1.7716196725164064
2007-06-21,0.0,620.26,23.31,5.75,637.95,1.7536519273590392
2007-06-22,0.0,638.91,24.44,5.27,602.2,1.7213099860757781
2007-06-23,0.0,606.84,23.6,6.09,664.67,1.6745938486666236
2007-06-24,0.0,611.6,22.9,4.87,612.7,1.6242841622259951
2007-06-25,0.0,578.93,18.74,2.52,554.76,1.573974475785367
2007-06-26,0.0,656.52,21.23,0.15,407.1,1.5272583383762124
2007-06-27,0.0,639.99,23.84,3.36,490.53,1.4805422009670577
2007-06-28,0.0,614.59,26.01,6.64,621.8,1.4446067106523233
2007-06-29,0.0,610.12,26.7,7.06,640.28,1.4122647693690622
2007-06-30,0.0,588.1,25.11,6.64,639.33,1.3619550829284341
2007-07-01,0.0,591.67,24.96,6.23,586.79,1.3260195926136997
2007-07-02,0.0,597.95,25.77,6.49,541.57,1.2828970042360186
2007-07-03,0.0,594.24,25.07,5.88,517.75,1.2505550629527575
2007-07-04,0.0,575.41,25.83,7.43,571.12,1.2182131216694965
2007-07-05,0.0,576.39,27.32,8.53,599.27,1.189464729417709
2007-07-06,0.49,534.14,28.3,10.25,718.46,1.1607163371659215
2007-07-07,0.0,525.17,25.82,9.02,683.63,1.1427485920085543
2007-07-08,0.0,524.35,23.8,6.76,600.36,1.1211872978197135
2007-07-09,0.0,546.6,24.7,6.41,535.93,1.0816582584735057
2007-07-10,0.0,525.13,23.38,6.05,533.62,1.042129219127298
2007-07-11,0.0,562.4,24.87,4.98,461.67,1.0133808268755102
2007-07-12,0.61,497.67,24.73,6.93,592.69,0.9882259836551962
2007-07-13,0.0,489.72,25.2,8.75,676.23,0.9810388855922494
2007-07-14,2.05,415.98,25.24,9.12,790.2,0.9702582384978291
2007-07-15,0.17,533.71,27.38,7.54,584.21,0.9558840423719354
2007-07-16,0.05,490.19,26.66,9.28,711.91,0.9307291991516211
2007-07-17,0.0,442.51,24.87,9.93,815.61,0.9163550030257275
2007-07-18,0.01,524.5,27.29,7.93,578.53,0.9055743559313071
2007-07-19,0.0,479.95,28.14,11.09,702.35,0.8768259636795196
2007-07-20,0.0,507.7,27.93,9.25,571.77,0.848077571427732
2007-07-21,0.0,525.24,28.37,8.43,521.49,0.8265162772388914
2007-07-22,0.0,527.6,28.85,8.52,507.53,0.8049549830500508
2007-07-23,0.0,497.65,29.33,10.73,581.47,0.7905807869241571
2007-07-24,4.61,385.94,27.09,10.45,692.43,0.7798001398297367
2007-07-25,8.24,248.71,21.23,10.13,977.72,0.848077571427732
2007-07-26,9.77,259.52,20.58,9.11,954.25,0.8444840223962586
2007-07-27,6.47,286.8,21.6,9.11,959.93,0.937916297214568
2007-07-28,0.42,448.76,23.9,7.62,677.57,0.8408904733647852
2007-07-29,0.0,455.99,24.61,8.53,708.91,0.7905807869241571
2007-07-30,0.0,498.4,26.78,8.08,632.61,0.7510517475779491
2007-07-31,0.0,428.74,25.07,10.07,820.73,0.7258969043576351
2007-08-01,3.74,406.29,24.46,8.24,760.2,0.7079291592002679
2007-08-02,3.26,377.01,23.31,7.96,794.16,0.7079291592002679
2007-08-03,3.01,337.73,22.01,8.66,902.96,0.700742061137321
2007-08-04,0.08,457.02,23.33,7.14,670.02,0.6863678650114272
2007-08-05,5.99,344.3,22.61,6.03,750.82,0.6719936688855335
2007-08-06,2.47,425.1,22.24,5.64,669.58,0.6899614140429007
2007-08-07,0.0,452.98,21.98,5.95,667.07,0.66840011985406
2007-08-08,0.0,459.24,20.2,3.89,584.65,0.6396517276022725
2007-08-09,0.0,486.25,23.15,4.98,596.23,0.6180904334134318
2007-08-10,0.0,476.88,22.88,5.21,614.28,0.6037162372875381
2007-08-11,0.0,497.93,23.18,3.98,546.83,0.5965291392245913
2007-08-12,0.08,479.47,25.22,6.76,673.0,0.5749678450357506
2007-08-13,0.0,461.07,25.81,8.38,767.79,0.5605936489098567
2007-08-14,0.0,474.16,25.84,7.56,713.99,0.5534065508469099
2007-08-15,0.0,470.86,25.29,7.11,701.33,0.5426259037524895
2007-08-16,1.84,433.32,25.83,6.56,714.99,0.5282517076265958
2007-08-17,10.64,240.04,18.71,7.81,1025.03,0.5498130018154365
2007-08-18,8.41,258.9,17.99,6.42,947.49,0.5857484921301709
2007-08-19,4.73,313.91,20.15,5.3,856.53,0.5821549430986974
2007-08-20,2.73,286.2,16.38,5.19,864.58,0.5677807469728037
2007-08-21,2.81,282.1,16.7,5.52,884.51,0.5534065508469099
2007-08-22,0.54,374.83,16.1,3.61,727.87,0.5426259037524895
2007-08-23,1.96,348.85,15.88,2.1,665.61,0.5282517076265958
2007-08-24,1.05,391.14,16.96,2.2,633.59,0.5282517076265958
2007-08-25,0.0,476.59,21.16,2.58,581.13,0.5102839624692286
2007-08-26,0.0,445.79,22.63,5.54,733.74,0.4959097663433349
2007-08-27,0.0,424.5,21.25,5.47,754.54,0.48512911924891455
2007-08-28,0.0,435.88,20.4,4.06,679.19,0.4779420211859677
2007-08-29,0.0,478.03,23.11,3.36,606.83,0.46716137409154734
2007-08-30,0.56,455.5,24.59,4.53,673.1,0.456380726997127
2007-08-31,0.37,349.51,20.26,7.49,940.26,0.45278717796565354
2007-09-01,0.65,385.11,21.53,6.73,864.95,0.4635678250600739
2007-09-02,0.0,437.81,24.16,6.42,791.4,0.456380726997127
2007-09-03,0.0,426.3,25.06,7.75,875.33,0.44560007990270667
2007-09-04,7.21,357.46,24.01,5.65,817.56,0.43481943280828633
2007-09-05,7.75,241.2,17.47,5.83,915.49,0.44560007990270667
2007-09-06,6.82,174.69,12.1,4.4,836.4,0.5066904134377551
2007-09-07,0.0,349.3,15.68,3.3,717.55,0.4959097663433349
2007-09-08,0.0,326.18,12.77,1.49,646.32,0.46716137409154734
2007-09-09,0.0,281.57,7.69,-1.5,545.61,0.4420065308712332
2007-09-10,0.0,463.85,15.81,-3.93,374.66,0.4312258837768129
2007-09-11,0.0,449.3,19.29,0.38,506.88,0.42763233474533946
2007-09-12,0.0,442.11,20.28,1.53,550.78,0.4168516876509191
2007-09-13,0.0,418.86,17.67,0.87,549.77,0.40966458958797225
2007-09-14,0.06,447.13,20.12,0.23,499.22,0.4024774915250254
2007-09-15,0.0,428.09,20.15,1.94,578.44,0.3988839424935519
2007-09-16,0.0,417.1,18.71,0.99,553.44,0.39529039346207856
2007-09-17,0.0,386.1,15.84,0.2,552.54,0.39169684443060504
2007-09-18,3.96,209.93,10.48,0.81,644.3,0.39169684443060504
2007-09-19,0.07,339.08,13.36,0.38,607.94,0.39169684443060504
2007-09-20,0.47,352.81,15.9,1.33,630.91,0.3881032953991316
2007-09-21,0.0,370.43,15.88,0.57,592.21,0.38091619733618476
2007-09-22,6.28,272.45,18.25,3.85,792.64,0.3737290992732379
2007-09-23,6.79,203.0,11.03,0.94,657.13,0.3845097463676582
2007-09-24,2.38,151.12,4.97,-0.89,574.6,0.4168516876509191
2007-09-25,0.0,229.62,7.07,-1.09,565.6,0.3988839424935519
2007-09-26,0.0,313.29,10.45,-1.32,556.58,0.3881032953991316
2007-09-27,0.0,380.78,14.62,-1.71,526.45,0.3737290992732379
2007-09-28,0.0,360.62,15.32,0.15,604.13,0.366542001210291
2007-09-29,3.0,220.35,9.04,-0.77,577.44,0.36294845217881755
2007-09-30,0.0,287.94,8.9,-1.65,543.79,0.36294845217881755
2007-10-01,1.2,332.82,11.34,-2.53,510.76,0.356120709019018
2007-10-02,1.92,196.72,4.0,-3.55,471.48,0.3589955482441967
2007-10-03,7.96,122.97,5.05,-0.47,592.34,0.3579174835347547
2007-10-04,8.72,136.38,6.03,-0.05,607.12,0.37732264830471135
2007-10-05,17.78,155.29,6.85,-0.04,606.98,0.39529039346207856
2007-10-06,12.76,160.55,3.69,-3.33,481.76,0.45997427602860047
2007-10-07,3.68,169.95,1.52,-5.19,421.19,0.44560007990270667
2007-10-08,0.48,206.69,5.29,-1.54,548.23,0.4168516876509191
2007-10-09,0.0,368.51,14.11,-2.07,527.36,0.4132581386194457
2007-10-10,0.0,366.39,15.61,-1.18,563.27,0.4420065308712332
2007-10-11,0.0,330.65,10.54,-2.92,495.01,0.4779420211859677
2007-10-12,0.0,345.92,12.26,-2.6,505.56,0.44560007990270667
2007-10-13,0.19,260.67,8.67,-1.19,564.18,0.4204452366823926
2007-10-14,0.0,341.76,11.59,-3.04,486.67,0.4060710405564988
2007-10-15,0.0,345.58,13.05,-2.4,513.46,0.4024774915250254
2007-10-16,1.44,283.97,10.69,-2.07,527.11,0.39529039346207856
2007-10-17,5.2,169.58,3.38,-3.72,467.48,0.39529039346207856
2007-10-18,5.4,145.86,0.57,-5.27,416.41,0.3988839424935519
2007-10-19,32.3,131.65,3.54,-2.03,527.69,0.4024774915250254
2007-10-20,15.35,229.18,2.19,-7.57,350.1,0.5929355901931178
2007-10-21,4.33,228.62,0.77,-7.98,334.08,0.546219452783963
2007-10-22,1.05,224.84,2.19,-4.8,428.05,0.4743484721544942
2007-10-23,0.0,289.71,7.48,-1.88,531.26,0.456380726997127
2007-10-24,0.0,359.76,13.6,-2.01,529.65,0.45278717796565354
2007-10-25,0.0,344.94,13.29,-1.78,539.4,0.4779420211859677
2007-10-26,0.0,280.68,6.59,-3.56,471.44,0.4995033153748083
2007-10-27,0.0,337.4,8.79,-5.56,406.13,0.46716137409154734
2007-10-28,0.0,330.17,11.02,-3.36,474.16,0.44560007990270667
2007-10-29,0.42,302.97,11.82,-1.37,555.06,0.44919362893418013
2007-10-30,4.47,248.96,6.08,-6.73,372.61,0.456380726997127
2007-10-31,1.46,273.7,3.24,-8.3,326.9,0.4635678250600739
2007-11-01,0.0,253.38,3.38,-6.06,392.15,0.4420065308712332
2007-11-02,0.0,260.94,3.79,-6.27,382.89,0.43481943280828633
2007-11-03,0.0,234.67,4.78,-4.21,446.51,0.4132581386194457
2007-11-04,0.03,255.41,7.26,-3.22,483.14,0.4060710405564988
2007-11-05,0.0,278.2,7.61,-4.92,427.96,0.39529039346207856
2007-11-06,0.0,291.68,9.27,-4.81,431.13,0.3845097463676582
2007-11-07,0.0,242.4,8.61,-2.3,516.77,0.38091619733618476
2007-11-08,0.0,215.01,8.17,-0.99,573.37,0.3845097463676582
2007-11-09,0.0,252.15,9.55,-2.14,524.34,0.37732264830471135
2007-11-10,3.56,163.89,7.75,-1.05,568.41,0.3737290992732379
2007-11-11,4.9,151.39,2.25,-5.27,416.44,0.37732264830471135
2007-11-12,2.56,203.79,2.3,-8.3,326.43,0.36294845217881755
2007-11-13,7.01,187.68,1.3,-9.65,298.35,0.3701355502417644
2007-11-14,1.03,269.36,-1.26,-15.58,183.23,0.3381529638616508
2007-11-15,1.92,241.86,4.15,-9.13,305.89,0.31371683044763143
2007-11-16,4.48,115.26,3.49,-2.18,522.87,0.366542001210291
2007-11-17,9.93,60.5,3.46,0.53,630.79,0.3737290992732379
2007-11-18,7.33,53.07,3.9,1.37,674.84,0.3881032953991316
2007-11-19,7.74,162.51,5.3,-4.46,446.17,0.4024774915250254
2007-11-20,6.73,210.63,-1.91,-16.34,175.68,0.3988839424935519
2007-11-21,0.29,248.31,-7.53,-20.0,121.39,0.3183884441885469
2007-11-22,0.08,276.6,-3.51,-20.32,123.64,0.2695161773605081
2007-11-23,0.56,258.5,-3.1,-18.65,141.48,0.2874839225178753
2007-11-24,1.55,229.25,-1.2,-15.37,187.21,0.30545166767524246
2007-11-25,0.04,210.4,-0.7,-11.11,263.74,0.3399497383773875
2007-11-26,0.0,240.62,-1.7,-14.44,199.93,0.34138715798997693
2007-11-27,2.95,178.48,-2.34,-12.79,230.65,0.33420005992703
2007-11-28,1.53,159.97,-7.04,-15.16,190.28,0.3040142480626531
2007-11-29,2.92,126.13,-6.2,-12.78,228.03,0.31227941083504207
2007-11-30,1.08,224.22,-4.28,-16.52,161.18,0.3108419912224526
2007-12-01,3.93,138.82,-6.68,-14.13,203.21,0.3086858618035686
2007-12-02,6.17,125.5,-6.01,-13.08,221.09,0.29826456961229564
2007-12-03,17.68,105.47,-0.61,-6.58,371.44,0.2899994068399067
2007-12-04,10.14,71.73,1.65,-2.3,518.44,0.22998713801430024
2007-12-05,3.45,117.44,0.24,-5.32,415.02,0.25047036749369883
2007-12-06,3.69,140.86,-1.82,-8.87,312.57,0.2946710205808222
2007-12-07,0.64,200.1,-3.6,-12.99,227.81,0.32162263831687293
2007-12-08,0.0,219.71,-6.89,-17.33,160.08,0.3086858618035686
2007-12-09,0.39,233.92,-6.81,-19.55,131.11,0.2853277930989912
2007-12-10,0.68,238.49,-6.52,-19.81,127.65,0.2943116656776748
2007-12-11,0.18,254.81,-5.56,-22.47,103.74,0.2515484322031409
2007-12-12,0.0,218.49,-6.61,-17.98,149.92,0.2601729498786771
2007-12-13,0.53,167.44,-7.66,-15.51,185.67,0.2874839225178753
2007-12-14,0.0,187.25,-8.53,-17.12,157.52,0.3047329578689478
2007-12-15,0.88,186.17,-8.19,-17.17,160.82,0.2874839225178753
2007-12-16,2.89,115.94,-4.8,-10.83,270.13,0.2957490852902642
2007-12-17,4.08,95.3,-4.39,-9.37,300.96,0.3061703774815372
2007-12-18,3.63,88.37,-2.77,-7.41,349.24,0.30724844219097924
2007-12-19,6.76,56.47,-2.23,-5.18,422.13,0.29790521470914827
2007-12-20,10.06,103.81,-1.57,-7.13,359.58,0.30149876374062173
2007-12-21,1.44,219.18,-6.05,-17.42,159.76,0.2680787577479187
2007-12-22,1.02,200.88,-9.16,-18.79,136.79,0.22783100859541616
2007-12-23,3.05,141.02,-6.57,-13.42,216.38,0.2583761753629404
2007-12-24,7.14,177.04,-1.61,-12.74,232.36,0.2835310185832545
2007-12-25,0.71,212.66,-7.95,-18.04,151.38,0.2813748891643704
2007-12-26,0.34,219.76,-9.67,-19.19,133.75,0.2601729498786771
2007-12-27,0.0,230.21,-10.63,-20.83,120.8,0.2598135949755298
2007-12-28,2.58,133.44,-11.46,-17.27,156.49,0.2515484322031409
2007-12-29,4.93,145.14,-8.81,-15.97,176.46,0.2605323047818245
2007-12-30,5.03,130.77,-8.43,-14.62,199.76,0.25657940084720365
2007-12-31,2.21,148.1,-10.22,-16.41,170.71,0.2511890772999935
2008-01-01,0.0,241.86,-7.24,-19.7,125.08,0.24076778510872054
2008-01-02,0.38,255.34,-0.21,-15.8,182.08,0.22639358898282677
2008-01-03,0.0,244.63,1.21,-12.5,239.59,0.23358068704577367
2008-01-04,4.26,151.28,0.97,-7.53,347.0,0.24292391452760462
2008-01-05,8.12,160.59,-0.42,-10.12,286.07,0.24436133414019398
2008-01-06,4.65,133.11,-4.56,-11.71,253.16,0.23250262233633162
2008-01-07,2.37,167.38,-6.94,-15.37,187.4,0.23573681646465772
2008-01-08,3.13,144.55,-8.09,-14.9,193.47,0.23286197723947896
2008-01-09,3.02,147.4,-4.45,-11.72,251.25,0.2314245576268896
2008-01-10,5.48,135.94,-6.6,-13.62,212.8,0.22926842820800553
2008-01-11,3.73,97.9,-5.24,-9.87,287.55,0.2281903634985635
2008-01-12,2.28,106.5,-5.03,-9.72,286.16,0.2267529438859741
2008-01-13,0.53,192.32,-3.25,-11.13,262.45,0.22747165369226882
2008-01-14,0.25,266.8,-0.77,-13.58,217.1,0.2249561693702374
2008-01-15,2.38,243.9,-4.92,-19.13,135.6,0.22315939485450068
2008-01-16,0.0,294.85,-12.0,-26.84,74.63,0.21130068305063832
2008-01-17,2.09,196.09,-11.81,-20.47,121.65,0.21525358698525912
2008-01-18,3.82,152.12,-9.28,-16.65,168.59,0.22854971840171084
2008-01-19,6.88,145.47,-6.27,-13.16,218.85,0.22603423407967943
2008-01-20,6.56,229.13,-7.47,-21.72,112.29,0.21561294188840646
2008-01-21,1.3,293.03,-13.87,-28.32,52.76,0.17967745157367207
2008-01-22,0.5,327.01,-10.08,-28.9,55.45,0.16170970641630483
2008-01-23,0.51,322.12,-7.15,-22.63,100.81,0.17967745157367207
2008-01-24,0.42,329.31,-3.57,-21.8,112.54,0.20842584382545956
2008-01-25,2.84,147.55,-6.78,-12.76,232.53,0.22854971840171084
2008-01-26,3.37,195.07,-2.64,-10.98,269.71,0.22315939485450068
2008-01-27,9.31,187.83,-0.87,-9.18,303.68,0.21812842621043788
2008-01-28,9.99,250.38,-1.93,-15.83,181.96,0.2192064909198799
2008-01-29,5.55,169.25,-9.92,-17.21,159.51,0.1965671320215972
2008-01-30,2.29,189.11,-9.08,-15.8,180.1,0.19872326144048127
2008-01-31,7.69,161.11,-8.72,-15.1,191.15,0.19944197124677596
2008-02-01,4.52,165.66,-6.98,-13.11,224.96,0.20087939085936535
2008-02-02,2.27,236.42,-7.21,-15.17,193.22,0.19944197124677596
2008-02-03,2.36,266.9,-3.68,-13.68,210.58,0.19944197124677596
2008-02-04,0.42,341.16,-5.26,-16.9,163.49,0.2012387457625127
2008-02-05,1.62,283.1,-7.08,-16.81,162.63,0.19441100260271318
2008-02-06,2.12,217.35,-8.05,-14.77,196.62,0.19512971240900787
2008-02-07,9.14,215.48,-5.4,-13.41,220.63,0.1954890673121552
2008-02-08,3.94,161.26,-6.57,-11.79,249.24,0.19045809866809238
2008-02-09,5.66,197.45,-2.33,-8.92,308.25,0.18938003395865036
2008-02-10,6.23,155.03,0.17,-4.96,429.14,0.1897393888617977
2008-02-11,3.86,203.53,-1.18,-7.6,345.32,0.19477035750586053
2008-02-12,4.68,193.69,0.14,-6.24,384.42,0.19477035750586053
2008-02-13,7.18,263.23,-1.46,-11.0,268.83,0.19764519673103928
2008-02-14,1.24,417.92,-1.93,-17.5,157.08,0.19189551828068177
2008-02-15,0.48,444.36,2.19,-16.18,175.72,0.18686454963661894
2008-02-16,2.42,319.79,-1.55,-11.62,253.63,0.19009874376494504
2008-02-17,1.75,353.65,-3.4,-14.93,193.0,0.19477035750586053
2008-02-18,0.0,440.48,0.03,-14.25,204.65,0.1929735829901238
2008-02-19,0.0,478.3,4.68,-14.68,200.07,0.18902067905550302
2008-02-20,0.0,487.34,6.27,-14.61,200.64,0.18794261434606097
2008-02-21,0.04,490.31,5.78,-14.88,196.5,0.18938003395865036
2008-02-22,0.0,480.57,3.03,-14.28,202.47,0.19261422808697645
2008-02-23,0.49,428.29,0.19,-12.56,231.22,0.19512971240900787
2008-02-24,5.88,281.1,0.14,-9.4,295.11,0.19836390653733393
2008-02-25,4.13,308.25,0.2,-10.27,281.74,0.20411358498769144
2008-02-26,0.0,481.05,1.05,-14.0,208.42,0.2037542300845441
2008-02-27,1.96,372.89,3.1,-8.84,312.25,0.20052003595621803
2008-02-28,1.63,235.19,0.36,-5.57,409.25,0.20662906930972286
2008-02-29,0.0,422.15,3.48,-7.61,344.51,0.20519164969713347
2008-03-01,5.3,347.8,2.86,-8.95,311.84,0.20734777911601754
2008-03-02,0.65,470.41,-0.97,-15.41,186.28,0.2030355202782494
2008-03-03,3.83,384.93,-3.25,-16.45,171.78,0.19189551828068177
2008-03-04,5.35,350.25,-3.02,-15.55,185.08,0.20052003595621803
2008-03-05,1.86,463.74,-2.76,-18.77,138.82,0.2023168104719547
2008-03-06,0.16,457.95,-1.58,-13.95,207.91,0.20052003595621803
2008-03-07,0.03,532.6,1.73,-15.13,191.4,0.19908261634362862
2008-03-08,0.0,508.0,2.86,-11.99,240.24,0.2030355202782494
2008-03-09,0.0,473.21,1.76,-11.27,259.23,0.20662906930972286
2008-03-10,0.0,547.17,5.65,-12.21,242.06,0.2037542300845441
2008-03-11,0.45,478.1,5.33,-9.12,305.43,0.20842584382545956
2008-03-12,0.0,411.93,2.76,-8.14,327.95,0.21525358698525912
2008-03-13,4.86,322.26,1.37,-9.24,298.18,0.21956584582302724
2008-03-14,6.8,288.36,0.73,-8.93,311.07,0.23178391253003694
2008-03-15,0.33,494.61,0.97,-13.34,216.25,0.22711229878912148
2008-03-16,0.43,548.2,0.92,-16.53,169.61,0.2177690713072905
2008-03-17,0.92,519.62,-0.26,-16.58,168.0,0.21489423208211175
2008-03-18,5.99,346.69,0.95,-9.83,290.08,0.22711229878912148
2008-03-19,11.63,298.96,1.93,-7.8,338.53,0.2378929458835418
2008-03-20,6.94,294.63,1.47,-7.74,341.57,0.24184584981816257
2008-03-21,2.0,489.51,0.28,-14.47,202.85,0.23322133214262633
2008-03-22,1.89,582.03,1.86,-20.44,121.25,0.23573681646465772
2008-03-23,1.61,572.9,3.13,-18.55,142.2,0.23968972039927852
2008-03-24,3.66,314.67,1.91,-6.19,387.92,0.2634071440070032
2008-03-25,6.85,265.55,1.3,-6.39,379.91,0.278859404842339
2008-03-26,11.75,328.17,-0.75,-10.56,275.81,0.28640585780843325
2008-03-27,7.15,368.1,-3.28,-14.2,204.82,0.2846090832926965
2008-03-28,6.14,468.87,-1.92,-18.6,146.73,0.2670006930384767
2008-03-29,9.47,458.03,-2.68,-19.07,134.79,0.2968271499997062
2008-03-30,4.18,505.42,-1.85,-19.55,129.7,0.2698755322636554
2008-03-31,3.36,410.04,-3.16,-15.14,190.67,0.3047329578689478
2008-04-01,3.09,478.95,-2.46,-17.1,160.84,0.30724844219097924
2008-04-02,0.0,664.46,1.34,-18.34,144.45,0.2946710205808222
2008-04-03,0.0,687.12,3.82,-18.21,144.77,0.3004206990311797
2008-04-04,2.8,556.06,5.18,-12.28,236.14,0.31407618535077875
2008-04-05,4.35,380.04,0.44,-10.33,277.73,0.33887167366794546
2008-04-06,1.13,598.94,1.9,-16.07,173.47,0.32701296186408313
2008-04-07,2.86,511.91,3.46,-11.58,249.78,0.3424652226994189
2008-04-08,1.86,471.98,2.56,-10.75,272.98,0.345699416827745
2008-04-09,0.91,629.81,5.0,-13.71,210.93,0.3428245776025663
2008-04-10,0.0,605.24,3.99,-11.08,260.91,0.35935490314734414
2008-04-11,0.56,589.2,2.7,-12.67,229.76,0.35180845018124984
2008-04-12,0.37,621.06,7.57,-9.11,303.91,0.355042644309576
2008-04-13,0.0,668.69,12.56,-6.48,361.78,0.3737290992732379
2008-04-14,0.08,619.17,13.76,-2.92,477.92,0.4132581386194457
2008-04-15,2.02,546.63,7.68,-8.1,323.01,0.4779420211859677
2008-04-16,0.61,568.83,1.82,-12.38,237.11,0.456380726997127
2008-04-17,0.47,562.09,5.13,-8.75,312.82,0.44919362893418013
2008-04-18,0.7,540.89,7.46,-6.22,377.36,0.456380726997127
2008-04-19,0.26,537.63,10.68,-2.51,496.62,0.47075492312302075
2008-04-20,5.28,434.1,3.36,-10.44,273.66,0.5030968644062818
2008-04-21,1.72,450.08,-2.58,-13.5,218.45,0.4779420211859677
2008-04-22,1.36,544.57,4.16,-9.37,297.96,0.42763233474533946
2008-04-23,0.39,487.31,6.2,-4.82,424.77,0.47075492312302075
2008-04-24,5.72,333.99,0.94,-8.46,323.94,0.4635678250600739
2008-04-25,5.27,398.65,1.71,-9.99,285.23,0.4384129818397598
2008-04-26,1.98,592.95,3.15,-13.11,222.33,0.43481943280828633
2008-04-27,0.0,721.75,9.93,-10.24,264.87,0.42763233474533946
2008-04-28,0.0,649.54,13.23,-3.07,453.39,0.45278717796565354
2008-04-29,0.77,600.11,14.15,-1.65,502.92,0.5498130018154365
2008-04-30,3.81,389.94,5.66,-5.22,408.7,0.7366775514520554
2008-05-01,1.31,417.12,2.87,-6.92,363.6,0.700742061137321
2008-05-02,0.93,514.27,6.03,-5.54,401.82,0.6180904334134318
2008-05-03,0.0,683.42,9.51,-7.09,331.11,0.5965291392245913
2008-05-04,0.0,670.87,11.9,-4.11,410.58,0.7187098062946883
2008-05-05,0.0,705.52,13.91,-4.17,393.78,0.9055743559313071
2008-05-06,0.0,623.11,13.01,-1.3,506.04,1.3008647493933856
2008-05-07,8.46,328.3,8.83,-0.11,595.58,1.6314712602889423
2008-05-08,4.34,416.65,8.4,-2.42,506.83,1.5272583383762124
2008-05-09,8.54,368.91,5.77,-3.98,452.59,1.5272583383762124
2008-05-10,3.98,490.19,6.71,-6.93,356.51,1.2613357100471778
2008-05-11,7.97,475.49,10.28,-2.53,488.65,1.182277631354762
2008-05-12,8.01,393.75,6.22,-4.13,446.13,1.3008647493933856
2008-05-13,0.42,665.9,8.32,-6.88,343.01,1.196651827480656
2008-05-14,0.41,414.9,7.91,0.16,604.46,1.3152389455192792
2008-05-15,0.0,603.44,11.08,-0.95,537.63,1.3907034751802216
2008-05-16,0.0,745.32,17.27,-0.99,464.66,1.7392777312331453
2008-05-17,0.0,744.5,19.27,0.52,505.84,2.921555362587908
2008-05-18,0.0,703.08,19.04,2.31,586.26,3.916968444306051
2008-05-19,0.0,667.39,18.22,3.14,638.56,5.2825170762659575
2008-05-20,1.52,677.6,19.66,1.71,565.58,5.893420411616443
2008-05-21,19.08,358.4,8.85,-0.5,576.73,6.180904334134318
2008-05-22,15.49,257.46,5.27,-0.84,576.12,4.635678250600739
2008-05-23,1.99,461.91,9.3,-0.29,595.27,3.593549031473441
2008-05-24,10.52,248.44,5.82,-0.11,603.88,3.5360522469698656
2008-05-25,6.41,364.71,9.77,0.77,641.37,3.5037103056866052
2008-05-26,3.21,327.04,7.18,0.33,626.02,3.388716736679455
2008-05-27,1.33,570.9,10.88,-0.8,563.43,3.1407618535077875
2008-05-28,3.54,553.4,13.89,0.17,590.83,3.2162263831687294
2008-05-29,2.83,543.1,11.78,-0.01,582.59,3.579174835347547
2008-05-30,1.68,553.53,12.1,0.79,615.98,3.809161973361847
2008-05-31,0.12,684.3,14.39,0.07,565.9,4.3122588377681295
2008-06-01,1.28,635.0,15.87,0.83,591.91,4.671613740915473
2008-06-02,2.12,564.83,14.43,1.22,634.41,5.2106460956364895
2008-06-03,2.9,482.63,11.63,0.39,616.5,5.929355901931178
2008-06-04,6.94,429.9,11.35,0.98,652.03,5.5340655084691
2008-06-05,2.54,529.15,12.26,1.06,644.64,5.102839624692286
2008-06-06,11.83,403.07,7.81,-1.08,563.96,5.174710605321755
2008-06-07,7.54,412.78,6.78,-2.72,505.11,4.456000799027067
2008-06-08,6.31,336.3,5.91,-1.38,554.83,3.952903934620785
2008-06-09,7.56,480.51,10.38,-1.22,557.85,3.66542001210291
2008-06-10,12.41,488.14,8.84,-3.09,490.15,3.916968444306051
2008-06-11,12.44,317.57,3.09,-3.78,463.9,3.9888394249355197
2008-06-12,7.18,352.06,5.32,-1.86,535.56,3.6294845217881755
2008-06-13,0.48,687.18,11.93,-2.12,512.11,3.3815296386165077
2008-06-14,0.12,707.3,16.68,1.84,666.14,3.4821490114977647
2008-06-15,0.0,759.26,18.21,0.67,596.16,4.024774915250254
2008-06-16,0.0,753.06,19.21,1.94,651.36,4.8153557021744104
2008-06-17,0.0,765.45,21.2,2.5,664.35,5.570000998783833
2008-06-18,0.0,734.47,19.96,3.43,711.03,6.504323746966929
2008-06-19,0.0,721.87,17.62,2.24,658.29,6.648065708225865
2008-06-20,0.0,744.47,18.46,1.45,615.5,6.504323746966929
2008-06-21,0.0,756.72,21.8,2.98,664.94,6.432452766337459
2008-06-22,0.0,682.83,20.26,5.16,807.33,6.971485121058476
2008-06-23,0.07,687.98,19.59,3.91,741.42,7.294904533891086
2008-06-24,0.13,705.34,20.71,3.7,713.79,7.402711004835288
2008-06-25,0.34,690.43,20.8,3.79,713.91,7.5105174757794915
2008-06-26,0.52,627.79,19.29,4.75,788.54,7.258969043576351
2008-06-27,0.0,681.31,18.51,2.73,660.82,6.935549630743741
2008-06-28,0.0,724.39,21.06,2.71,620.47,6.6840011985406
2008-06-29,0.0,731.63,24.06,4.43,678.35,6.576194727596397
2008-06-30,0.0,702.17,24.55,6.31,777.9,6.755872179170069
2008-07-01,0.0,686.48,22.24,5.06,728.39,6.432452766337459
2008-07-02,0.52,634.08,20.64,4.91,760.85,6.037162372875382
2008-07-03,0.0,691.16,23.02,5.08,727.57,6.001226882560647
2008-07-04,0.0,678.03,24.8,6.86,816.85,6.001226882560647
2008-07-05,0.0,606.88,22.1,7.18,882.28,5.965291392245912
2008-07-06,0.0,599.14,20.03,5.47,800.5,5.570000998783833
2008-07-07,0.0,638.85,20.53,4.28,711.74,5.174710605321755
2008-07-08,0.0,630.75,21.12,4.82,739.79,4.923162173118614
2008-07-09,0.0,662.78,22.37,4.17,685.25,4.707549231230208
2008-07-10,0.0,631.28,22.97,5.9,787.06,4.527871779656535
2008-07-11,0.0,603.14,18.59,2.8,664.95,4.348194328082863
2008-07-12,0.0,683.14,19.82,-0.09,511.03,3.9888394249355197
2008-07-13,0.0,663.66,22.19,2.81,625.12,3.809161973361847
2008-07-14,0.0,611.08,21.75,4.68,741.19,3.66542001210291
2008-07-15,0.0,629.79,23.08,5.06,743.58,3.5324586979383925
2008-07-16,0.0,572.39,22.21,6.46,856.12,3.431839325057136
2008-07-17,0.27,579.87,21.41,5.11,779.62,3.33121995217588
2008-07-18,1.62,535.31,20.94,4.29,765.72,3.23778767735757
2008-07-19,1.01,570.87,20.78,3.28,702.51,3.137168304476314
2008-07-20,0.53,603.24,23.7,5.09,758.41,3.0042069903117965
2008-07-21,2.1,523.97,24.66,7.72,950.72,2.899994068399067
2008-07-22,4.3,499.71,23.14,7.91,995.13,2.899994068399067
2008-07-23,0.0,540.66,22.16,7.05,921.24,2.810155342612231
2008-07-24,0.0,585.92,22.46,5.52,794.33,2.6843811265106603
2008-07-25,0.02,623.06,24.97,5.86,770.65,2.5765746555664575
2008-07-26,0.0,584.18,25.96,8.23,925.47,2.4759552826852005
2008-07-27,0.0,559.7,24.32,7.6,913.75,2.3897101059298382
2008-07-28,0.0,538.37,23.13,7.42,923.59,2.296277831111529
2008-07-29,0.0,576.75,23.74,6.37,832.84,2.2172197524191133
2008-07-30,0.0,529.18,22.18,6.91,896.46,2.134568124695224
2008-07-31,0.0,606.48,22.74,3.8,679.53,2.066290693097229
2008-08-01,0.0,579.76,25.4,7.28,868.16,1.987232614404813
2008-08-02,0.0,526.7,23.99,8.21,971.36,1.9261422808697644
2008-08-03,0.0,569.73,22.48,4.86,755.53,1.8650519473347158
2008-08-04,0.0,558.95,21.56,4.41,742.72,1.8111487118626142
2008-08-05,0.0,582.12,24.28,5.56,780.26,1.7464648292960925
2008-08-06,0.0,552.7,24.32,6.68,845.08,1.6925615938239909
2008-08-07,0.13,529.39,24.96,8.05,933.55,1.6530325544777829
2008-08-08,3.71,391.99,22.32,8.35,1055.68,1.6314712602889423
2008-08-09,4.65,456.27,23.22,6.95,921.6,1.638658358351889
2008-08-10,0.81,476.36,21.69,6.56,874.07,1.5919422209427345
2008-08-11,0.0,505.7,19.4,4.0,714.43,1.523664789344739
2008-08-12,0.0,564.76,20.67,2.34,600.29,1.458980906778217
2008-08-13,0.0,519.46,19.81,3.52,681.58,1.4122647693690622
2008-08-14,0.26,480.09,18.21,3.45,706.48,1.369142180991381
2008-08-15,0.0,461.39,16.15,2.43,679.08,1.3224260435822264
2008-08-16,0.0,582.0,21.86,1.55,559.14,1.2864905532674917
2008-08-17,0.0,568.29,23.58,3.44,640.77,1.2541486119842309
2008-08-18,0.0,550.2,24.79,5.46,743.92,1.2182131216694965
2008-08-19,0.0,536.17,25.09,6.22,792.46,1.182277631354762
2008-08-20,0.1,473.89,21.91,6.15,802.44,1.1535292391029746
2008-08-21,0.0,434.54,18.12,4.65,734.45,1.1211872978197135
2008-08-22,0.0,526.09,17.45,-0.31,470.17,1.1140001997567668
2008-08-23,0.0,570.67,22.58,0.96,444.08,1.0636905133161385
2008-08-24,0.0,532.49,25.15,5.58,606.07,1.042129219127298
2008-08-25,0.0,509.61,26.16,7.66,701.59,1.0169743759069838
2008-08-26,0.0,435.96,18.65,4.39,653.2,0.9954130817181431
2008-08-27,0.0,379.83,14.73,2.63,626.29,0.9774453365607759
2008-08-28,0.0,497.06,18.71,1.23,467.73,0.9594775914034087
2008-08-29,0.0,514.51,22.2,3.16,499.09,0.9307291991516211
2008-08-30,0.0,485.35,23.75,5.93,630.01,0.9163550030257275
2008-08-31,6.77,355.72,19.91,4.38,693.63,0.9019808068998337
2008-09-01,5.19,198.12,8.46,0.34,616.23,0.9091679049627807
2008-09-02,1.09,359.14,10.25,-1.49,507.1,0.9019808068998337
2008-09-03,1.9,293.23,10.59,0.13,579.09,0.8768259636795196
2008-09-04,1.21,287.64,8.93,-0.71,550.38,0.8624517675536258
2008-09-05,1.69,313.59,9.19,-2.25,473.25,0.8516711204592056
2008-09-06,0.46,286.2,10.56,1.75,619.51,0.8372969243333118
2008-09-07,0.02,359.66,11.12,0.01,481.96,0.8193291791759445
2008-09-08,0.0,500.4,15.81,-2.88,274.68,0.7977678849871038
2008-09-09,0.33,481.69,19.01,0.65,306.96,0.7869872378926835
2008-09-10,2.89,335.63,13.62,0.81,386.58,0.7762065907982632
2008-09-11,0.55,390.63,12.1,-0.96,289.89,0.7726130417667898
2008-09-12,0.0,474.35,15.87,-1.71,227.28,0.7546452966094227
2008-09-13,0.0,426.38,14.21,-0.76,264.97,0.7402711004835288
2008-09-14,0.0,485.19,16.97,-2.41,209.69,0.7223033553261616
2008-09-15,0.0,487.97,20.3,0.0,245.71,0.7115227082317414
2008-09-16,0.0,480.1,21.82,1.62,277.56,0.700742061137321
2008-09-17,0.0,469.0,21.96,2.35,295.78,0.6863678650114272
2008-09-18,0.0,444.32,20.81,2.88,317.51,0.6755872179170069
2008-09-19,0.0,448.66,20.13,1.56,294.43,0.66840011985406
2008-09-20,3.71,317.95,16.7,2.45,401.09,0.6648065708225865
2008-09-21,2.64,189.22,9.07,1.85,569.06,0.6755872179170069
2008-09-22,1.42,183.54,6.68,0.12,536.91,0.6648065708225865
2008-09-23,0.0,331.77,9.56,-1.79,347.8,0.6576194727596396
2008-09-24,0.0,415.81,15.38,-0.78,302.86,0.6396517276022725
2008-09-25,0.0,399.05,17.76,2.16,374.27,0.6252775314763788
2008-09-26,0.0,415.19,17.38,0.16,313.4,0.6144968843819585
2008-09-27,0.0,420.52,18.33,0.24,312.81,0.6037162372875381
2008-09-28,0.0,413.97,18.61,0.77,327.16,0.5965291392245913
2008-09-29,0.0,428.23,20.19,0.33,303.52,0.5857484921301709
2008-09-30,0.0,423.62,21.2,0.98,323.39,0.578561394067224
2008-10-01,0.0,402.81,20.38,1.58,353.36,0.5713742960042771
2008-10-02,0.01,377.2,19.15,2.11,390.47,0.5641871979413302
2008-10-03,0.0,307.17,15.46,2.57,472.97,0.5605936489098567
2008-10-04,6.88,120.9,9.1,3.09,735.11,0.5605936489098567
2008-10-05,7.99,110.31,6.1,0.55,633.62,0.5713742960042771
2008-10-06,1.16,181.52,6.53,-0.95,556.51,0.578561394067224
2008-10-07,0.1,264.22,10.18,-0.62,519.11,0.5641871979413302
2008-10-08,0.0,302.9,8.69,-3.94,392.86,0.5534065508469099
2008-10-09,4.0,226.69,3.93,-6.61,358.17,0.5390323547210162
2008-10-10,3.85,171.91,-0.92,-8.58,318.35,0.5426259037524895
2008-10-11,4.1,116.4,-2.79,-7.63,344.19,0.5246581585951223
2008-10-12,4.86,166.13,-1.42,-8.65,317.14,0.5102839624692286
2008-10-13,1.83,264.02,1.32,-9.29,301.27,0.5102839624692286
2008-10-14,0.52,271.7,5.03,-4.79,423.34,0.513877511500702
2008-10-15,2.49,200.54,6.6,-1.55,545.8,0.5174710605321755
2008-10-16,0.0,184.58,4.18,-1.94,531.54,0.521064609563649
2008-10-17,0.0,338.78,10.66,-2.13,482.8,0.513877511500702
2008-10-18,0.0,336.77,13.25,0.09,555.84,0.5066904134377551
2008-10-19,0.0,326.25,11.18,-1.38,510.03,0.5102839624692286
2008-10-20,0.08,341.17,11.61,-2.28,467.89,0.5030968644062818
2008-10-21,3.64,257.8,5.12,-7.69,339.53,0.5030968644062818
2008-10-22,0.23,359.71,3.92,-12.04,235.59,0.48512911924891455
2008-10-23,0.51,347.69,9.78,-7.16,332.89,0.4743484721544942
2008-10-24,0.0,326.17,7.85,-6.16,369.91,0.4779420211859677
2008-10-25,0.0,229.94,7.65,-1.15,561.15,0.4779420211859677
2008-10-26,0.0,309.8,8.34,-4.85,412.03,0.46716137409154734
2008-10-27,0.0,349.64,12.54,-5.12,384.21,0.45278717796565354
2008-10-28,0.0,340.05,15.07,-2.37,467.29,0.45278717796565354
2008-10-29,0.0,299.73,11.97,-1.81,508.69,0.45278717796565354
2008-10-30,0.0,312.2,11.97,-2.99,467.58,0.44919362893418013
2008-10-31,1.14,271.3,12.45,-1.53,531.73,0.44560007990270667
2008-11-01,0.06,195.33,9.23,1.0,650.73,0.44560007990270667
2008-11-02,5.11,135.0,7.44,0.47,631.63,0.45278717796565354
2008-11-03,6.12,91.52,3.13,-1.67,542.44,0.48512911924891455
2008-11-04,9.09,127.78,1.68,-4.84,430.4,0.48872266828038796
2008-11-05,3.07,141.01,-2.82,-9.21,305.65,0.4743484721544942
2008-11-06,0.03,285.77,-2.0,-14.92,193.14,0.4384129818397598
2008-11-07,7.92,142.99,0.52,-6.66,372.75,0.4384129818397598
2008-11-08,3.73,110.75,2.84,-2.02,528.82,0.4635678250600739
2008-11-09,0.04,222.97,5.57,-3.39,477.58,0.45997427602860047
2008-11-10,4.1,128.95,3.98,-2.01,529.42,0.45278717796565354
2008-11-11,3.08,80.15,0.48,-2.98,492.95,0.45278717796565354
2008-11-12,10.31,103.82,2.68,-2.47,512.82,0.45278717796565354
2008-11-13,8.94,173.93,3.34,-6.55,381.91,0.48512911924891455
2008-11-14,1.21,213.94,-1.54,-11.44,257.38,0.48512911924891455
2008-11-15,0.42,253.75,1.99,-10.35,279.1,0.4312258837768129
2008-11-16,0.16,229.66,5.06,-5.48,407.24,0.4420065308712332
2008-11-17,0.0,245.34,7.58,-4.33,446.06,0.4384129818397598
2008-11-18,0.0,242.44,8.99,-3.27,483.97,0.4312258837768129
2008-11-19,0.0,255.38,7.82,-5.59,407.56,0.42763233474533946
2008-11-20,1.41,195.66,4.36,-5.89,396.56,0.424038785713866
2008-11-21,3.93,165.95,-0.41,-9.43,299.96,0.4312258837768129
2008-11-22,1.59,226.06,1.29,-11.33,258.98,0.3845097463676582
2008-11-23,1.54,212.76,-1.24,-12.29,239.21,0.424038785713866
2008-11-24,0.97,249.77,1.92,-13.73,212.62,0.3737290992732379
2008-11-25,0.0,261.49,4.09,-11.09,264.36,0.366542001210291
2008-11-26,0.0,259.75,4.4,-10.56,273.62,0.3881032953991316
2008-11-27,0.39,256.04,4.43,-11.71,251.76,0.38091619733618476
2008-11-28,1.89,141.62,-0.63,-7.77,339.21,0.3845097463676582
2008-11-29,3.06,102.25,1.16,-3.85,460.14,0.4024774915250254
2008-11-30,3.28,94.4,1.23,-3.35,477.52,0.4024774915250254
2008-12-01,0.42,128.99,2.29,-3.07,488.84,0.39529039346207856
2008-12-02,3.95,151.81,1.3,-6.8,369.96,0.3988839424935519
2008-12-03,0.69,169.19,-3.6,-11.24,260.7,0.3881032953991316
2008-12-04,0.18,236.74,-7.49,-19.82,125.52,0.35648006392216536
2008-12-05,2.73,195.16,-4.24,-15.88,179.45,0.3119200559318947
2008-12-06,3.78,127.72,0.19,-6.29,382.26,0.38091619733618476
2008-12-07,3.09,152.93,1.71,-6.89,364.68,0.3737290992732379
2008-12-08,4.89,164.73,-3.04,-14.18,208.01,0.3881032953991316
2008-12-09,0.0,226.81,-4.75,-16.81,168.09,0.33923102857109283
2008-12-10,0.69,144.36,-1.3,-7.7,342.86,0.3701355502417644
2008-12-11,0.0,204.2,-1.3,-11.69,250.43,0.36294845217881755
2008-12-12,4.07,186.96,-0.64,-14.28,203.3,0.33240328541129327
2008-12-13,7.0,196.05,-2.81,-24.76,85.92,0.2515484322031409
2008-12-14,3.12,190.58,-13.96,-27.08,69.55,0.17967745157367207
2008-12-15,2.13,161.77,-11.98,-20.79,119.17,0.16170970641630483
2008-12-16,2.09,168.82,-9.28,-18.92,143.51,0.19764519673103928
2008-12-17,0.47,142.29,-10.78,-17.71,157.49,0.23358068704577367
2008-12-18,2.55,183.74,-7.53,-19.22,132.25,0.2695161773605081
2008-12-19,6.09,150.74,-8.63,-18.58,141.11,0.23358068704577367
2008-12-20,2.65,158.63,-15.21,-24.45,80.33,0.19764519673103928
2008-12-21,5.25,190.56,-8.63,-24.5,80.26,0.21561294188840646
2008-12-22,8.82,156.74,-3.93,-14.58,198.78,0.2515484322031409
2008-12-23,3.67,99.09,-10.23,-15.83,177.89,0.23358068704577367
2008-12-24,4.46,108.27,-9.79,-15.79,179.09,0.23358068704577367
2008-12-25,7.89,111.22,-4.67,-10.93,269.84,0.2695161773605081
2008-12-26,2.04,189.92,-7.97,-17.76,153.74,0.2910774715493487
2008-12-27,4.03,165.94,-9.62,-18.79,139.15,0.2756252107140129
2008-12-28,8.25,149.23,-3.42,-11.83,248.71,0.2648445636195926
2008-12-29,12.17,104.44,-0.26,-5.87,395.47,0.26556327342588726
2008-12-30,0.0,211.75,-4.02,-13.7,212.64,0.256938755750351
2008-12-31,6.09,158.09,-2.14,-9.78,304.06,0.2461581086559307
2009-01-01,13.54,97.86,-1.7,-7.31,352.89,0.2583761753629404
2009-01-02,14.43,136.37,-0.46,-8.76,315.75,0.2634071440070032
2009-01-03,3.69,237.22,-7.35,-24.49,86.67,0.25873553026608775
2009-01-04,0.0,271.11,-11.23,-28.0,62.77,0.19764519673103928
2009-01-05,4.83,175.91,-10.14,-20.69,120.01,0.21561294188840646
2009-01-06,9.55,117.08,-5.73,-12.18,240.64,0.23358068704577367
2009-01-07,15.26,96.82,-0.99,-6.34,382.5,0.2576574655566457
2009-01-08,8.02,120.18,0.54,-6.01,392.63,0.25226714200943556
2009-01-09,3.66,158.82,-1.7,-10.34,279.8,0.2540639165251723
2009-01-10,0.35,137.51,-4.77,-10.35,279.04,0.24831423807481479
2009-01-11,6.51,94.6,-3.63,-8.42,322.55,0.24795488317166745
2009-01-12,3.63,119.57,-2.18,-8.2,328.19,0.2511890772999935
2009-01-13,0.0,146.92,-0.47,-6.24,382.91,0.24867359297796213
2009-01-14,0.0,118.84,-1.02,-5.58,404.86,0.2493923027842568
2009-01-15,0.0,214.34,0.88,-7.99,334.21,0.2511890772999935
2009-01-16,0.0,285.34,2.6,-11.77,251.14,0.2493923027842568
2009-01-17,0.0,299.84,2.63,-13.5,218.91,0.24328326943075196
2009-01-18,0.0,302.84,3.62,-12.79,235.18,0.2378929458835418
2009-01-19,0.0,306.15,3.89,-12.51,241.18,0.23968972039927852
2009-01-20,0.0,315.17,5.13,-12.65,238.59,0.2378929458835418
2009-01-21,0.0,311.89,4.32,-12.55,240.36,0.24148649491501523
2009-01-22,2.25,243.86,1.58,-10.52,276.88,0.24867359297796213
2009-01-23,1.04,246.52,0.26,-10.63,271.2,0.24975165768740415
2009-01-24,5.02,197.25,-0.31,-9.68,294.34,0.2493923027842568
2009-01-25,5.91,246.22,-4.55,-19.59,131.41,0.24975165768740415
2009-01-26,1.45,275.85,-12.75,-25.16,79.29,0.21561294188840646
2009-01-27,1.32,309.49,-12.51,-28.92,55.86,0.17967745157367207
2009-01-28,4.62,164.5,-8.28,-15.7,180.71,0.21561294188840646
2009-01-29,2.65,181.64,-6.32,-13.25,220.87,0.2515484322031409
2009-01-30,0.0,252.25,-2.37,-11.05,263.77,0.2551419812346143
2009-01-31,0.0,265.52,-2.17,-11.44,259.69,0.24867359297796213
2009-02-01,0.0,319.79,-3.93,-16.48,170.09,0.24184584981816257
2009-02-02,2.31,210.41,-3.15,-10.95,266.64,0.23968972039927852
2009-02-03,0.02,346.48,1.46,-12.34,240.49,0.23897101059298384
2009-02-04,0.0,381.1,4.67,-14.28,206.85,0.23322133214262633
2009-02-05,0.0,374.74,4.49,-12.95,230.04,0.2314245576268896
2009-02-06,2.89,187.06,0.17,-7.13,356.45,0.23501810665836304
2009-02-07,0.47,339.01,1.53,-11.88,248.05,0.23537746156151038
2009-02-08,0.64,379.66,4.56,-14.43,202.35,0.23214326743318428
2009-02-09,0.18,316.93,0.31,-11.31,259.26,0.23537746156151038
2009-02-10,0.33,321.85,-2.79,-14.73,198.17,0.23609617136780509
2009-02-11,1.17,236.43,-5.82,-14.02,207.34,0.23214326743318428
2009-02-12,0.0,366.14,-3.95,-18.18,148.1,0.23070584782059492
2009-02-13,0.0,404.44,-3.01,-21.08,115.5,0.22064391053246926
2009-02-14,0.85,360.84,-2.99,-18.63,142.34,0.21561294188840646
2009-02-15,0.02,301.97,-3.61,-14.09,204.66,0.23034649291744758
2009-02-16,0.47,338.14,0.47,-12.36,239.47,0.2267529438859741
2009-02-17,3.79,209.95,0.75,-7.94,334.83,0.22854971840171084
2009-02-18,2.92,172.74,-1.22,-7.56,345.53,0.2314245576268896
2009-02-19,0.06,241.11,-1.81,-8.76,312.92,0.22926842820800553
2009-02-20,1.9,302.82,-3.24,-13.67,213.78,0.22711229878912148
2009-02-21,0.0,458.58,2.63,-16.61,166.79,0.2159722967915538
2009-02-22,1.44,399.02,3.28,-13.36,218.74,0.22208133014505865
2009-02-23,2.64,236.65,3.67,-4.26,445.23,0.22998713801430024
2009-02-24,8.21,168.72,1.86,-4.17,449.87,0.23968972039927852
2009-02-25,3.7,247.72,2.46,-5.86,392.31,0.23609617136780509
2009-02-26,8.34,278.02,-0.37,-10.77,269.14,0.23609617136780509
2009-02-27,3.7,402.18,-3.37,-18.3,144.35,0.22711229878912148
2009-02-28,0.56,491.92,0.33,-22.24,105.1,0.2102226183411963
2009-03-01,0.59,469.21,6.76,-11.91,243.0,0.222440685048206
2009-03-02,0.12,439.82,9.06,-5.78,394.92,0.23286197723947896
2009-03-03,11.61,218.82,5.19,-2.86,491.07,0.2493923027842568
2009-03-04,11.79,249.58,3.39,-5.6,406.21,0.25550133613776166
2009-03-05,4.67,170.81,-3.82,-9.39,300.64,0.24076778510872054
2009-03-06,3.43,273.3,-3.13,-11.71,250.59,0.2267529438859741
2009-03-07,0.0,449.62,-2.64,-14.98,187.63,0.22280003995135333
2009-03-08,5.28,276.32,-4.32,-12.73,233.16,0.21561294188840646
2009-03-09,3.87,358.59,-5.5,-17.63,156.18,0.20842584382545956
2009-03-10,2.3,374.63,-8.75,-19.97,132.49,0.21561294188840646
2009-03-11,0.29,522.73,-2.06,-17.55,157.9,0.22280003995135333
2009-03-12,0.0,575.58,0.8,-20.29,121.89,0.2281903634985635
2009-03-13,0.5,561.12,5.63,-17.65,156.79,0.23178391253003694
2009-03-14,0.0,553.78,4.98,-13.28,219.4,0.23861165568983647
2009-03-15,7.57,212.72,0.58,-5.99,391.58,0.24795488317166745
2009-03-16,16.36,139.02,1.73,-2.24,520.57,0.2526264969125829
2009-03-17,8.26,234.79,2.18,-4.45,440.63,0.2605323047818245
2009-03-18,0.0,523.93,4.94,-8.86,308.19,0.2537045616220249
2009-03-19,0.41,551.13,7.26,-9.66,290.08,0.2580168204597931
2009-03-20,0.0,525.38,10.02,-4.39,437.7,0.2695161773605081
2009-03-21,0.0,552.2,12.25,-3.96,450.17,0.28568714800213857
2009-03-22,2.25,423.01,8.66,-3.29,473.37,0.3248568324451991
2009-03-23,2.6,308.51,-0.3,-8.18,330.2,0.35683941882531267
2009-03-24,1.73,403.65,0.13,-9.55,297.39,0.3428245776025663
2009-03-25,2.6,423.75,-0.71,-12.21,243.38,0.36294845217881755
2009-03-26,0.0,595.84,-1.98,-18.63,142.24,0.3410278030868295
2009-03-27,1.79,588.66,-0.49,-19.17,136.68,0.31299812064133675
2009-03-28,8.62,300.46,0.79,-7.49,345.33,0.35935490314734414
2009-03-29,8.34,392.56,0.8,-11.4,257.1,0.38091619733618476
2009-03-30,2.86,487.42,-0.37,-13.83,209.99,0.3543239345032813
2009-03-31,6.4,333.28,-1.32,-10.26,281.56,0.34605877173089233
2009-04-01,4.06,411.15,1.53,-10.43,279.24,0.36294845217881755
2009-04-02,6.87,349.67,0.96,-8.68,318.2,0.366542001210291
2009-04-03,6.78,347.37,1.29,-7.53,345.04,0.38091619733618476
2009-04-04,0.0,604.18,0.14,-14.46,201.35,0.3737290992732379
2009-04-05,0.0,694.54,3.93,-18.96,136.18,0.356120709019018
2009-04-06,0.0,700.24,9.22,-15.31,182.04,0.3701355502417644
2009-04-07,0.05,670.52,10.83,-10.02,274.45,0.39169684443060504
2009-04-08,7.47,461.31,10.45,-5.3,405.85,0.424038785713866
2009-04-09,6.41,260.0,5.13,-2.3,517.04,0.4384129818397598
2009-04-10,2.1,479.9,9.26,-3.36,470.74,0.44560007990270667
2009-04-11,0.02,618.0,11.16,-4.62,419.44,0.456380726997127
2009-04-12,0.0,563.38,10.01,-2.95,475.21,0.47075492312302075
2009-04-13,2.27,425.29,6.91,-3.57,456.85,0.4923162173118614
2009-04-14,10.9,284.71,4.5,-3.07,488.36,0.5066904134377551
2009-04-15,8.23,362.95,4.09,-4.94,425.11,0.5066904134377551
2009-04-16,0.92,470.26,5.21,-5.3,414.87,0.48512911924891455
2009-04-17,0.0,647.83,11.27,-5.18,403.74,0.4959097663433349
2009-04-18,0.0,611.82,10.19,-4.23,434.21,0.5426259037524895
2009-04-19,0.0,632.36,10.75,-4.53,424.38,0.5929355901931178
2009-04-20,0.0,605.34,13.38,-0.87,549.24,0.6504323746966928
2009-04-21,0.0,649.65,15.42,-1.14,525.78,0.7833936888612101
2009-04-22,0.03,612.81,14.77,-0.3,564.81,0.9810388855922494
2009-04-23,1.71,545.2,11.58,-2.19,506.6,1.304458298424859
2009-04-24,8.14,423.33,3.59,-9.04,305.5,1.2361808668268637
2009-04-25,1.45,640.61,6.38,-11.98,242.62,0.9702582384978291
2009-04-26,7.0,389.73,2.63,-7.39,350.55,0.9271356501201478
2009-04-27,4.96,473.42,4.94,-9.07,307.88,0.8444840223962586
2009-04-28,11.13,335.35,5.27,-3.68,466.83,0.8265162772388914
2009-04-29,5.69,413.0,4.23,-7.01,364.75,0.7977678849871038
2009-04-30,4.32,451.99,3.88,-8.83,313.97,0.7618323946723695
2009-05-01,1.28,658.25,6.6,-11.27,256.8,0.7223033553261616
2009-05-02,3.18,507.52,8.62,-4.71,426.9,0.7223033553261616
2009-05-03,10.95,358.93,8.89,-1.08,566.73,0.7690194927353164
2009-05-04,6.25,378.63,6.76,-3.61,468.97,0.8983872578683603
2009-05-05,8.08,321.98,8.08,-0.27,598.49,0.9235421010886744
2009-05-06,7.1,242.04,5.3,-0.56,587.51,1.0529098662217182
2009-05-07,7.46,451.64,6.56,-5.39,414.46,1.0816582584735057
2009-05-08,2.25,593.23,6.63,-8.16,329.23,1.0565034152531916
2009-05-09,0.01,703.23,8.95,-7.2,351.49,0.9882259836551962
2009-05-10,0.0,699.48,10.7,-5.45,401.25,1.0636905133161385
2009-05-11,0.33,672.17,12.59,-3.01,477.61,1.23258731779539
2009-05-12,6.76,480.26,7.44,-5.75,399.55,1.523664789344739
2009-05-13,3.07,583.93,6.25,-8.81,315.06,1.3080518474563325
2009-05-14,6.43,385.47,7.41,-1.56,546.82,1.2505550629527575
2009-05-15,0.19,595.85,9.49,-2.8,495.3,1.369142180991381
2009-05-16,0.0,701.37,13.37,-3.43,459.53,1.638658358351889
2009-05-17,0.0,705.11,17.82,0.31,597.44,2.3178391253003694
2009-05-18,0.0,712.43,20.46,1.94,662.21,3.485742560529238
2009-05-19,0.0,638.87,18.92,3.99,781.72,5.246581585951224
2009-05-20,0.0,626.77,12.62,-1.18,550.42,6.432452766337459
2009-05-21,0.0,722.99,14.74,-3.54,453.22,5.138775115007021
2009-05-22,0.0,721.13,17.06,-1.51,520.0,5.030968644062817
2009-05-23,0.0,696.6,18.3,0.84,614.39,5.5340655084691
2009-05-24,0.89,581.79,15.42,2.03,689.17,5.749678450357506
2009-05-25,0.8,569.02,13.35,0.59,630.59,5.965291392245912
2009-05-26,0.03,668.39,14.68,-1.01,548.88,6.037162372875382
2009-05-27,0.0,663.96,16.79,0.99,624.64,5.713742960042771
2009-05-28,0.0,686.17,18.62,1.31,620.6,6.216839824449053
2009-05-29,0.0,693.27,20.25,2.15,647.4,6.504323746966929
2009-05-30,0.0,661.3,19.48,2.83,691.74,6.827743159799537
2009-05-31,0.02,639.81,18.3,2.88,707.1,6.719936688855335
2009-06-01,4.49,508.92,14.68,1.39,662.59,6.6840011985406
2009-06-02,6.19,262.12,8.16,1.15,662.97,6.288710805078522
2009-06-03,5.12,360.55,12.58,2.46,730.82,5.462194527839631
2009-06-04,3.88,430.5,14.38,1.97,703.04,5.570000998783833
2009-06-05,8.88,422.96,14.85,2.06,711.68,5.78561394067224
2009-06-06,11.16,352.2,9.76,-0.2,604.58,6.073097863190115
2009-06-07,9.31,317.37,7.0,-1.65,544.68,5.498130018154365
2009-06-08,8.99,366.51,8.82,-1.19,562.18,4.959097663433349
2009-06-09,6.03,389.59,11.07,0.32,622.57,4.8153557021744104
2009-06-10,6.83,369.15,11.3,1.21,664.98,4.671613740915473
2009-06-11,2.13,473.95,12.28,1.14,659.88,4.56380726997127
2009-06-12,0.01,618.67,14.03,0.12,603.94,4.56380726997127
2009-06-13,2.55,523.81,14.24,0.65,626.11,4.671613740915473
2009-06-14,2.65,419.22,13.36,2.49,725.5,4.887226682803879
2009-06-15,3.96,372.9,12.72,3.26,772.67,4.995033153748083
2009-06-16,3.23,429.78,14.21,3.89,805.23,5.174710605321755
2009-06-17,7.46,442.8,15.23,3.43,782.56,5.390323547210161
2009-06-18,6.38,385.06,12.66,2.47,732.78,5.5340655084691
2009-06-19,1.14,603.92,15.68,1.43,660.19,5.462194527839631
2009-06-20,7.98,476.23,17.35,3.29,771.83,5.426259037524896
2009-06-21,9.54,374.88,13.22,3.42,783.57,6.216839824449053
2009-06-22,0.0,551.76,12.07,1.16,662.78,5.78561394067224
2009-06-23,0.34,680.04,16.64,-0.69,561.33,5.138775115007021
2009-06-24,0.0,687.53,20.03,2.6,698.86,4.959097663433349
2009-06-25,0.0,681.28,22.43,4.78,807.11,5.066904134377552
2009-06-26,4.68,519.33,16.96,2.94,740.32,5.066904134377552
2009-06-27,1.3,613.23,16.16,1.46,664.26,5.030968644062817
2009-06-28,0.0,689.46,20.35,2.71,693.95,4.707549231230208
2009-06-29,0.7,656.17,21.87,3.76,744.04,4.635678250600739
2009-06-30,1.67,618.72,22.68,4.86,823.8,4.491936289341801
2009-07-01,1.56,576.09,21.16,5.6,878.65,4.527871779656535
2009-07-02,3.0,497.35,20.37,6.39,944.39,4.456000799027067
2009-07-03,3.57,427.65,16.88,5.29,890.07,4.384129818397597
2009-07-04,7.32,452.75,17.31,3.87,808.03,4.240387857138661
2009-07-05,0.58,629.48,20.03,3.27,739.75,3.9888394249355197
2009-07-06,0.06,626.69,21.26,5.16,843.31,3.8450974636765816
2009-07-07,0.0,635.26,19.82,3.09,730.01,3.773226483047113
2009-07-08,0.1,603.99,17.29,1.98,688.29,3.6294845217881755
2009-07-09,0.0,638.53,16.72,-0.29,575.01,3.5180845018124987
2009-07-10,0.0,640.99,19.52,1.76,653.51,3.3420005992703
2009-07-11,0.0,643.9,23.74,4.82,792.4,3.234194128326097
2009-07-12,0.16,599.45,23.79,6.58,910.96,3.1407618535077875
2009-07-13,5.59,414.34,19.29,4.86,869.2,3.147948951570734
2009-07-14,0.52,445.17,14.58,3.37,776.72,3.0724844219097918
2009-07-15,1.18,542.17,18.57,3.12,748.64,2.932336009682328
2009-07-16,0.0,606.81,21.87,4.16,766.73,2.810155342612231
2009-07-17,0.0,592.66,23.02,5.59,850.94,2.6987553226365546
2009-07-18,0.0,593.44,24.67,6.63,904.92,2.601729498786771
2009-07-19,2.51,497.25,23.01,7.19,986.5,2.5370456162202495
2009-07-20,0.82,523.53,20.42,4.77,841.08,2.5298585181573023
2009-07-21,0.0,583.18,22.32,4.45,799.1,2.4112714001186792
2009-07-22,0.03,580.29,24.41,5.92,876.16,2.325026223363316
2009-07-23,0.0,585.13,26.0,6.9,928.34,2.2603423407967944
2009-07-24,0.61,453.05,21.33,7.86,1050.66,2.2028455562932194
2009-07-25,0.47,521.86,23.19,6.67,939.25,2.166910065978485
2009-07-26,1.47,486.14,23.42,6.58,938.8,2.1058197324434365
2009-07-27,5.76,340.62,18.45,5.43,901.83,2.084258438254596
2009-07-28,0.13,487.64,18.3,4.19,812.82,2.0626971440657553
2009-07-29,0.0,441.45,15.09,2.93,751.45,1.9548906731215518
2009-07-30,0.0,559.83,17.67,0.55,601.83,1.883019692492083
2009-07-31,0.0,480.79,17.03,3.19,755.55,1.8398971041144019
2009-08-01,0.0,553.39,20.49,3.08,710.39,1.7824003196108267
2009-08-02,0.02,543.5,23.11,5.49,818.2,1.7356841822016722
2009-08-03,1.16,454.04,21.91,6.5,923.55,1.7069357899498843
2009-08-04,0.35,502.35,22.27,6.2,865.83,1.678187397698097
2009-08-05,1.7,469.93,22.76,6.24,880.44,1.645845456414836
2009-08-06,12.4,349.46,21.42,7.03,995.33,1.6422519073833626
2009-08-07,5.09,362.28,16.8,3.34,773.13,1.6638132015722034
2009-08-08,5.09,314.06,13.06,1.25,659.05,1.6027228680371548
2009-08-09,0.34,394.23,14.71,3.4,779.49,1.5703809267538937
2009-08-10,0.0,504.88,18.09,2.39,696.15,1.5128841422503185
2009-08-11,0.18,528.83,21.41,3.61,722.99,1.4553873577467435
2009-08-12,0.06,518.85,23.08,5.47,817.45,1.4122647693690622
2009-08-13,0.04,507.91,22.73,5.43,811.8,1.3763292790543278
2009-08-14,0.0,484.27,20.83,4.92,808.05,1.3403937887395936
2009-08-15,0.18,432.27,14.01,0.77,637.47,1.3080518474563325
2009-08-16,1.06,394.18,11.72,-0.82,573.58,1.2649292590786512
2009-08-17,0.03,499.73,15.23,-0.91,549.48,1.2505550629527575
2009-08-18,0.11,468.4,16.68,1.72,669.42,1.2182131216694965
2009-08-19,0.0,443.14,18.84,4.83,840.51,1.1858711803862356
2009-08-20,0.0,526.02,22.57,3.49,711.49,1.1499356900715012
2009-08-21,0.0,528.32,26.12,5.89,824.16,1.124780846851187
2009-08-22,0.0,495.32,26.45,8.24,992.33,1.1032195526623463
2009-08-23,5.77,310.27,19.77,7.65,1040.77,1.0780647094420324
2009-08-24,6.2,286.75,16.72,5.22,890.39,1.1355614939456073
2009-08-25,0.48,459.78,19.17,2.95,740.42,1.1068131016938199
2009-08-26,0.0,481.06,21.49,4.13,792.23,1.0493163171902447
2009-08-27,0.0,486.08,23.28,4.99,835.03,1.0133808268755102
2009-08-28,0.0,493.48,23.47,4.05,778.28,0.9846324346237229
2009-08-29,0.0,466.86,22.73,5.05,849.65,0.9666646894663555
2009-08-30,0.15,422.09,22.37,6.95,981.02,0.9522904933404618
2009-08-31,1.57,325.68,17.25,5.85,930.73,0.9451033952775151
2009-09-01,0.87,401.52,19.39,4.4,830.24,0.9307291991516211
2009-09-02,0.0,438.39,21.81,5.44,876.41,0.9019808068998337
2009-09-03,0.0,450.56,22.6,5.15,848.31,0.8804195127109931
2009-09-04,0.0,445.31,22.58,5.26,845.71,0.8660453165850993
2009-09-05,0.08,437.46,22.61,5.32,835.2,0.848077571427732
2009-09-06,2.21,335.55,20.68,6.36,937.55,0.8444840223962586
2009-09-07,1.4,347.34,16.62,3.41,763.92,0.8372969243333118
2009-09-08,0.0,414.94,14.88,-0.74,552.93,0.8193291791759445
2009-09-09,0.0,473.05,19.18,-1.28,484.95,0.7941743359556305
2009-09-10,0.0,447.1,20.28,1.58,601.21,0.7798001398297367
2009-09-11,0.0,437.17,19.21,1.08,587.8,0.7546452966094227
2009-09-12,0.0,431.06,17.72,-0.15,546.07,0.7402711004835288
2009-09-13,2.06,364.34,16.37,-0.66,553.01,0.7294904533891085
2009-09-14,1.59,353.34,19.35,4.09,767.75,0.7294904533891085
2009-09-15,0.11,354.67,18.44,4.17,781.74,0.7223033553261616
2009-09-16,0.12,395.06,21.37,4.77,756.17,0.7115227082317414
2009-09-17,0.0,401.65,22.55,5.16,748.13,0.6971485121058476
2009-09-18,0.0,404.54,22.54,4.59,714.36,0.6863678650114272
2009-09-19,0.0,389.66,21.68,4.69,711.26,0.6755872179170069
2009-09-20,0.66,354.31,15.33,0.55,557.89,0.66840011985406
2009-09-21,0.0,355.52,10.72,-3.42,432.1,0.6432452766337459
2009-09-22,0.0,413.91,16.02,-2.79,405.26,0.6324646295393256
2009-09-23,0.0,410.07,19.82,0.38,497.35,0.6252775314763788
2009-09-24,0.0,416.0,21.41,0.76,503.32,0.6180904334134318
2009-09-25,0.0,397.04,21.3,2.01,547.63,0.6073097863190116
2009-09-26,0.0,378.3,20.6,2.72,588.72,0.5965291392245913
2009-09-27,0.0,356.69,15.95,-0.17,510.21,0.5929355901931178
2009-09-28,0.0,412.71,19.35,-2.22,397.66,0.578561394067224
2009-09-29,3.79,302.61,18.51,2.83,663.04,0.5749678450357506
2009-09-30,0.18,302.97,10.47,-2.75,473.76,0.578561394067224
2009-10-01,3.16,102.95,-0.06,-4.62,436.32,0.578561394067224
2009-10-02,0.04,301.17,5.22,-7.19,344.69,0.5677807469728037
2009-10-03,0.38,324.0,7.25,-6.78,336.79,0.5641871979413302
2009-10-04,1.88,140.77,1.76,-4.21,450.58,0.5570000998783834
2009-10-05,5.59,196.51,0.68,-8.49,324.38,0.546219452783963
2009-10-06,0.54,336.72,3.39,-10.45,268.95,0.5282517076265958
2009-10-07,3.1,218.94,2.34,-7.56,345.18,0.5390323547210162
2009-10-08,4.12,240.94,1.93,-10.07,285.32,0.5282517076265958
2009-10-09,3.37,294.37,-1.88,-16.31,174.76,0.521064609563649
2009-10-10,0.97,361.54,-2.99,-18.9,138.51,0.48872266828038796
2009-10-11,3.8,239.77,-3.43,-14.38,201.59,0.48872266828038796
2009-10-12,3.74,285.55,2.53,-11.73,250.14,0.4923162173118614
2009-10-13,4.62,202.87,6.18,-3.87,462.87,0.513877511500702
2009-10-14,8.18,116.27,5.15,-0.43,593.03,0.5246581585951223
2009-10-15,2.96,162.96,5.78,-0.91,571.73,0.546219452783963
2009-10-16,0.0,308.25,9.71,-2.4,511.18,0.5318452566580693
2009-10-17,0.04,351.89,13.4,-1.93,521.0,0.513877511500702
2009-10-18,0.0,304.04,13.24,0.72,634.03,0.5102839624692286
2009-10-19,6.83,161.28,7.75,0.1,615.55,0.5246581585951223
2009-10-20,3.94,166.88,3.47,-3.24,484.14,0.5749678450357506
2009-10-21,0.0,270.43,5.07,-5.06,422.07,0.5390323547210162
2009-10-22,1.15,237.31,5.01,-3.91,457.54,0.5174710605321755
2009-10-23,7.73,174.94,3.61,-4.7,433.86,0.5066904134377551
2009-10-24,3.5,223.07,2.82,-7.11,361.67,0.5174710605321755
2009-10-25,0.08,305.2,1.24,-10.43,279.23,0.4995033153748083
2009-10-26,3.05,256.9,2.85,-8.68,318.49,0.4779420211859677
2009-10-27,4.8,198.94,-0.35,-9.12,310.09,0.4923162173118614
2009-10-28,1.81,266.17,-2.79,-13.16,226.2,0.4779420211859677
2009-10-29,2.41,302.3,-1.83,-16.68,165.31,0.43481943280828633
2009-10-30,5.13,179.98,0.72,-7.24,353.56,0.4635678250600739
2009-10-31,3.06,110.39,2.54,-1.59,546.93,0.4779420211859677
2009-11-01,0.0,207.86,4.6,-2.29,520.66,0.4779420211859677
2009-11-02,0.0,265.1,4.32,-5.21,417.2,0.47075492312302075
2009-11-03,0.0,279.65,4.73,-5.91,394.39,0.45997427602860047
2009-11-04,0.0,332.43,9.49,-7.03,358.8,0.44560007990270667
2009-11-05,0.15,300.83,11.05,-3.04,492.11,0.4420065308712332
2009-11-06,2.59,181.91,6.14,-1.53,551.43,0.45278717796565354
2009-11-07,4.4,124.63,1.7,-4.06,452.74,0.46716137409154734
2009-11-08,0.0,237.34,-0.53,-9.32,300.98,0.44919362893418013
2009-11-09,0.09,312.48,3.33,-11.97,244.88,0.4168516876509191
2009-11-10,1.08,221.18,3.94,-5.43,410.57,0.4168516876509191
2009-11-11,8.02,127.12,3.47,-2.21,524.71,0.4420065308712332
2009-11-12,7.26,186.1,1.33,-8.16,333.5,0.456380726997127
2009-11-13,2.69,199.7,-4.32,-13.31,222.56,0.43481943280828633
2009-11-14,0.29,267.83,-4.31,-15.56,184.9,0.4204452366823926
2009-11-15,0.49,264.45,-4.69,-16.66,166.34,0.3988839424935519
2009-11-16,1.26,264.05,0.7,-13.77,213.74,0.3881032953991316
2009-11-17,0.0,284.06,5.28,-9.22,307.61,0.40966458958797225
2009-11-18,0.0,278.88,5.67,-8.73,316.64,0.4132581386194457
2009-11-19,0.0,252.72,2.05,-9.7,295.7,0.4204452366823926
2009-11-20,0.62,260.37,4.36,-10.16,284.02,0.3988839424935519
2009-11-21,4.16,179.8,0.72,-9.56,297.29,0.4060710405564988
2009-11-22,3.73,146.0,-4.92,-12.82,230.88,0.4060710405564988
2009-11-23,2.69,109.68,-5.68,-10.83,270.15,0.39529039346207856
2009-11-24,0.16,173.95,-2.79,-10.01,279.98,0.39529039346207856
2009-11-25,0.0,230.3,1.77,-9.07,308.67,0.3988839424935519
2009-11-26,0.0,250.69,3.66,-9.46,300.69,0.38091619733618476
2009-11-27,0.0,198.06,2.48,-6.68,373.77,0.38091619733618476
2009-11-28,0.41,227.37,0.01,-11.07,264.56,0.39169684443060504
2009-11-29,0.0,238.61,-0.12,-12.37,239.27,0.35935490314734414
2009-11-30,0.0,243.23,1.97,-11.33,259.16,0.3737290992732379
2009-12-01,1.93,236.55,-3.38,-21.47,114.92,0.35935490314734414
2009-12-02,0.0,255.49,-10.14,-25.86,78.92,0.2515484322031409
2009-12-03,0.0,259.04,-10.46,-27.22,72.1,0.21561294188840646
2009-12-04,0.15,245.19,-7.66,-22.49,103.13,0.23358068704577367
2009-12-05,0.0,211.76,-10.07,-21.1,117.92,0.2515484322031409
2009-12-06,0.22,180.48,-17.6,-26.42,73.46,0.19764519673103928
2009-12-07,1.21,210.28,-15.93,-29.21,51.65,0.16170970641630483
2009-12-08,0.86,181.95,-17.15,-26.96,76.28,0.14374196125893765
2009-12-09,0.11,141.37,-19.5,-26.34,76.89,0.16170970641630483
2009-12-10,0.34,206.76,-14.89,-26.29,77.05,0.19764519673103928
2009-12-11,0.38,192.57,-7.89,-18.49,143.31,0.2695161773605081
2009-12-12,7.74,117.38,-5.54,-13.19,222.43,0.32341941283260967
2009-12-13,6.32,88.38,-2.93,-8.45,320.34,0.30545166767524246
2009-12-14,1.35,75.44,-6.47,-10.11,283.9,0.2695161773605081
2009-12-15,4.5,84.65,-3.77,-8.76,314.22,0.2874839225178753
2009-12-16,4.45,69.0,-0.72,-4.5,437.75,0.3040142480626531
2009-12-17,1.44,160.66,-0.92,-9.24,304.99,0.30832650690042124
2009-12-18,0.0,171.49,-4.33,-12.23,242.99,0.2964677950965589
2009-12-19,1.72,141.97,-3.14,-9.98,286.99,0.2910774715493487
2009-12-20,2.3,88.58,0.18,-4.14,449.16,0.29610844019341154
2009-12-21,2.99,69.64,-1.06,-4.42,442.33,0.3004206990311797
2009-12-22,0.0,207.84,-0.25,-10.18,285.49,0.30149876374062173
2009-12-23,2.26,201.33,-5.37,-18.15,151.79,0.2975458598060009
2009-12-24,0.0,205.82,-10.22,-20.36,120.42,0.2731097263919815
2009-12-25,0.75,192.47,-6.91,-16.26,173.59,0.23358068704577367
2009-12-26,0.0,242.65,-4.53,-18.2,147.36,0.2515484322031409
2009-12-27,0.0,248.51,-5.27,-20.18,126.22,0.21561294188840646
2009-12-28,0.0,249.41,-4.24,-19.37,135.03,0.21561294188840646
2009-12-29,0.4,233.19,-5.25,-18.42,146.65,0.23358068704577367
2009-12-30,1.34,134.89,-6.69,-12.89,227.5,0.23358068704577367
2009-12-31,5.11,84.09,-7.48,-11.71,250.89,0.2515484322031409
2010-01-01,6.03,117.16,-3.23,-9.41,297.07,0.2601729498786771
2010-01-02,2.56,131.27,-1.42,-7.96,333.47,0.25657940084720365
2010-01-03,0.19,144.32,-3.17,-9.22,304.77,0.2576574655566457
2010-01-04,1.7,137.54,-2.85,-8.93,312.13,0.25873553026608775
2010-01-05,10.02,86.32,-2.78,-7.15,357.41,0.23358068704577367
2010-01-06,2.83,271.34,-5.01,-25.96,78.58,0.17967745157367207
2010-01-07,0.0,304.45,-9.54,-29.14,56.84,0.16170970641630483
2010-01-08,0.25,294.68,-5.63,-23.76,94.47,0.19764519673103928
2010-01-09,0.0,278.07,-1.9,-15.98,181.34,0.21561294188840646
2010-01-10,0.0,275.81,0.79,-12.92,228.39,0.21561294188840646
2010-01-11,0.0,287.97,1.96,-13.05,228.55,0.22998713801430024
2010-01-12,0.5,275.69,2.23,-12.16,248.12,0.2519077871062882
2010-01-13,0.73,185.02,1.17,-6.41,379.89,0.25047036749369883
2010-01-14,1.59,154.58,-0.25,-6.79,368.55,0.2493923027842568
2010-01-15,0.03,218.13,-1.02,-9.79,292.25,0.24759552826852008
2010-01-16,0.29,261.89,0.87,-10.99,269.58,0.24472068904334132
2010-01-17,0.0,271.55,1.6,-10.37,279.4,0.2450800439464887
2010-01-18,0.08,229.59,-0.58,-9.84,290.28,0.24543939884963603
2010-01-19,0.28,226.89,-0.54,-9.34,305.31,0.2461581086559307
2010-01-20,0.0,284.66,-1.71,-13.83,213.37,0.24651746355907805
2010-01-21,0.0,275.53,-1.46,-12.71,231.89,0.24472068904334132
2010-01-22,6.24,198.37,-1.8,-12.21,239.6,0.24472068904334132
2010-01-23,5.18,125.21,-4.87,-10.6,273.83,0.2468768184622254
2010-01-24,2.0,197.22,-5.95,-13.75,212.09,0.24112714001186789
2010-01-25,2.69,180.12,-4.84,-11.85,242.14,0.2371742360772471
2010-01-26,3.73,157.56,-2.6,-9.37,300.61,0.23968972039927852
2010-01-27,0.25,297.74,-1.13,-12.67,232.24,0.24004907530242586
2010-01-28,0.0,355.52,-0.24,-16.89,164.82,0.23178391253003694
2010-01-29,0.0,351.24,0.96,-14.5,201.61,0.22639358898282677
2010-01-30,0.0,348.79,2.54,-12.28,239.01,0.24076778510872054
2010-01-31,2.48,251.82,-2.13,-12.64,231.08,0.24076778510872054
2010-02-01,0.86,219.11,-3.25,-10.7,269.87,0.2436426243338993
2010-02-02,1.74,238.69,-2.51,-11.52,253.85,0.24292391452760462
2010-02-03,2.23,233.84,0.8,-8.34,324.88,0.24400197923704664
2010-02-04,1.27,253.04,-0.97,-10.19,285.76,0.24795488317166745
2010-02-05,2.73,221.36,-1.35,-9.88,287.96,0.2461581086559307
2010-02-06,0.8,309.46,-0.02,-10.81,272.99,0.24975165768740415
2010-02-07,0.0,400.89,-0.15,-16.75,166.89,0.24472068904334132
2010-02-08,0.0,414.55,-0.83,-19.1,137.72,0.24256455962445728
2010-02-09,0.0,400.39,-4.08,-19.51,133.62,0.23933036549613118
2010-02-10,0.67,348.32,-5.04,-16.68,168.1,0.2537045616220249
2010-02-11,1.3,305.3,-4.08,-13.75,213.05,0.2601729498786771
2010-02-12,4.91,191.95,-1.2,-8.02,329.75,0.2583761753629404
2010-02-13,2.9,244.22,-0.89,-8.82,313.5,0.2580168204597931
2010-02-14,0.0,397.99,0.2,-13.09,225.32,0.2572981106534984
2010-02-15,2.51,295.31,1.03,-8.78,314.37,0.2695161773605081
2010-02-16,0.0,363.35,0.55,-10.08,284.58,0.27131295187624477
2010-02-17,0.0,347.75,0.31,-9.49,292.87,0.2849684381958439
2010-02-18,0.1,420.25,-1.93,-15.55,184.9,0.2907181166462014
2010-02-19,0.18,424.28,-4.65,-18.26,147.39,0.28389037348640184
2010-02-20,0.0,430.99,-6.63,-20.25,124.03,0.2813748891643704
2010-02-21,0.0,482.69,-4.65,-23.54,93.24,0.2634071440070032
2010-02-22,0.0,491.79,-2.84,-23.38,96.97,0.26268843420070853
2010-02-23,0.0,482.97,-0.22,-18.95,139.61,0.27131295187624477
2010-02-24,2.59,354.14,-1.77,-15.66,181.95,0.2745471460045709
2010-02-25,2.21,300.84,-0.1,-9.82,289.57,0.28317166368010716
2010-02-26,0.0,373.58,1.2,-9.57,291.68,0.2810155342612231
2010-02-27,0.0,409.85,4.22,-7.93,330.79,0.28640585780843325
2010-02-28,0.0,470.3,5.78,-9.83,282.52,0.29251489116193813
2010-03-01,0.0,495.87,6.69,-10.73,264.18,0.3004206990311797
2010-03-02,0.0,504.44,6.43,-11.8,243.71,0.2989832794185903
2010-03-03,0.0,383.08,3.72,-7.15,353.15,0.30652973238468456
2010-03-04,0.99,446.7,5.8,-9.37,289.96,0.31407618535077875
2010-03-05,0.45,393.65,4.91,-6.54,368.25,0.3212632834137256
2010-03-06,0.0,460.54,6.74,-7.44,336.79,0.322700703026315
2010-03-07,0.03,488.59,7.63,-8.25,313.41,0.3241381226389044
2010-03-08,0.0,452.11,5.11,-8.38,313.08,0.33276264031444064
2010-03-09,0.01,499.0,5.57,-10.26,269.33,0.3241381226389044
2010-03-10,0.0,471.68,1.37,-12.36,232.46,0.3259348971546411
2010-03-11,0.0,494.71,-0.07,-14.74,191.21,0.3162323147696628
2010-03-12,0.0,516.6,4.2,-11.8,237.5,0.3101232814161579
2010-03-13,0.0,439.04,4.53,-7.67,329.51,0.3237787677357571
2010-03-14,0.0,462.94,5.0,-8.13,313.02,0.32018521870428357
2010-03-15,0.0,552.94,8.57,-10.0,255.57,0.3191071539948416
2010-03-16,0.0,553.18,11.12,-7.44,298.27,0.3212632834137256
2010-03-17,0.0,520.68,10.31,-6.03,339.9,0.3277316716703778
2010-03-18,0.0,430.7,3.34,-8.47,304.74,0.335278124636472
2010-03-19,0.0,510.0,0.35,-14.67,189.1,0.32557554225149377
2010-03-20,0.0,586.08,2.8,-17.28,138.25,0.300780053934327
2010-03-21,0.21,546.33,7.0,-10.48,221.72,0.31443554025392606
2010-03-22,4.16,349.4,3.46,-8.3,301.15,0.3302471559924092
2010-03-23,0.73,507.31,3.83,-11.7,213.15,0.3223413481231676
2010-03-24,0.0,582.56,4.63,-13.65,168.15,0.31227941083504207
2010-03-25,2.62,465.97,6.03,-10.57,231.22,0.31335747554448407
2010-03-26,4.03,372.63,2.74,-9.16,276.08,0.32341941283260967
2010-03-27,0.0,553.75,4.44,-11.45,208.79,0.3165916696728101
2010-03-28,0.42,549.31,5.64,-10.79,212.03,0.3165916696728101
2010-03-29,7.52,184.75,2.53,-2.99,470.39,0.32054457360743094
2010-03-30,16.72,275.44,1.06,-7.65,331.49,0.3410278030868295
2010-03-31,5.12,400.87,1.14,-11.55,235.21,0.31874779909169426
2010-04-01,5.11,310.16,-2.33,-10.77,259.41,0.3349187697333247
2010-04-02,2.36,532.83,-0.74,-16.83,146.97,0.31874779909169426
2010-04-03,6.97,389.28,-1.46,-14.14,198.21,0.34138715798997693
2010-04-04,2.4,477.59,-0.72,-14.86,179.8,0.322700703026315
2010-04-05,3.26,465.86,3.0,-12.62,212.19,0.3162323147696628
2010-04-06,5.69,361.04,0.26,-10.6,262.31,0.34498070702145034
2010-04-07,0.7,582.62,1.47,-14.32,172.69,0.3244974775420517
2010-04-08,1.58,525.72,5.37,-9.14,259.49,0.3374342540553561
2010-04-09,0.4,570.17,2.04,-12.06,205.94,0.33959038347424014
2010-04-10,0.0,703.88,7.17,-15.53,134.39,0.32952844618611454
2010-04-11,0.0,542.89,9.9,-3.19,382.49,0.3313252207018513
2010-04-12,1.16,525.04,12.42,-1.49,425.93,0.35108974037495516
2010-04-13,11.29,210.73,2.39,-3.57,457.57,0.38091619733618476
2010-04-14,2.53,426.48,4.87,-5.72,384.19,0.3845097463676582
2010-04-15,0.04,673.75,10.1,-8.22,242.77,0.37732264830471135
2010-04-16,0.0,670.06,13.48,-4.65,305.53,0.3881032953991316
2010-04-17,0.0,544.54,11.11,-1.51,438.13,0.45278717796565354
2010-04-18,0.0,632.1,12.75,-3.05,355.54,0.4923162173118614
2010-04-19,0.0,665.42,14.59,-2.86,342.4,0.5857484921301709
2010-04-20,0.0,682.23,16.17,-2.23,343.23,0.700742061137321
2010-04-21,0.08,608.87,15.5,0.51,451.35,0.8372969243333118
2010-04-22,5.5,481.78,12.96,-0.1,484.99,1.1140001997567668
2010-04-23,0.42,569.67,9.71,-3.34,372.53,1.1679034352288682
2010-04-24,0.36,632.77,9.42,-5.76,289.86,1.027755023001404
2010-04-25,0.32,520.07,4.7,-6.54,320.48,1.0097872778440369
2010-04-26,0.67,613.29,7.09,-7.75,259.07,0.8408904733647852
2010-04-27,9.1,488.78,10.78,-2.94,390.57,0.7869872378926835
2010-04-28,14.16,333.55,2.92,-6.07,368.45,0.9235421010886744
2010-04-29,8.98,214.07,-1.8,-7.16,357.55,0.8301098262703649
2010-04-30,5.31,310.13,0.71,-7.06,359.32,0.7366775514520554
2010-05-01,4.96,406.95,4.04,-6.9,356.13,0.6899614140429007
2010-05-02,2.66,506.12,4.78,-7.68,316.07,0.6612130217911132
2010-05-03,9.97,362.32,3.24,-5.5,391.81,0.6324646295393256
2010-05-04,4.83,438.53,0.19,-10.07,279.49,0.6324646295393256
2010-05-05,4.22,604.04,1.98,-14.16,190.6,0.5965291392245913
2010-05-06,4.63,500.84,0.86,-12.7,231.42,0.6001226882560646
2010-05-07,0.28,722.68,3.02,-15.07,169.69,0.5570000998783834
2010-05-08,4.23,588.65,6.69,-11.03,240.5,0.5498130018154365
2010-05-09,2.25,490.47,8.18,-3.27,456.69,0.5713742960042771
2010-05-10,2.6,503.26,6.96,-3.78,427.02,0.5893420411616443
2010-05-11,2.37,374.66,4.61,-2.85,489.28,0.6144968843819585
2010-05-12,0.28,555.31,5.48,-5.15,397.93,0.5929355901931178
2010-05-13,0.0,714.52,8.79,-7.67,289.36,0.6073097863190116
2010-05-14,0.0,737.02,12.17,-5.87,306.71,0.6755872179170069
2010-05-15,0.0,735.98,14.74,-3.39,355.55,0.8588582185221524
2010-05-16,0.0,715.74,15.19,-1.73,405.89,1.1140001997567668
2010-05-17,0.0,723.18,17.52,-0.15,435.7,1.498509946124425
2010-05-18,3.24,567.82,15.96,1.43,564.31,2.0986326343804893
2010-05-19,3.22,403.88,10.21,1.44,645.02,2.608916596849718
2010-05-20,0.56,547.96,8.43,-2.45,467.01,2.4328326943075194
2010-05-21,4.97,512.94,8.86,-5.02,392.99,2.1453487717896444
2010-05-22,4.98,417.88,4.84,-5.11,409.57,1.8470842021773488
2010-05-23,2.48,593.09,8.4,-6.61,337.02,1.5272583383762124
2010-05-24,6.14,359.92,6.88,-1.79,532.21,1.4374196125893766
2010-05-25,3.67,439.65,8.14,-2.41,505.63,1.3799228280858014
2010-05-26,0.24,700.18,13.85,-1.84,439.87,1.2757099061730715
2010-05-27,0.92,634.87,15.04,0.57,537.83,1.538038985470633
2010-05-28,8.11,494.89,14.2,0.8,613.27,2.526264969125829
2010-05-29,8.49,359.92,8.13,-0.74,578.47,3.5396457960013397
2010-05-30,2.69,362.72,6.74,-0.92,573.9,2.5981359497552976
2010-05-31,4.61,478.43,11.28,-0.59,563.96,2.084258438254596
2010-06-01,10.67,389.79,11.72,2.1,706.38,2.4112714001186792
2010-06-02,8.61,339.8,9.85,1.52,676.77,3.4498070702145034
2010-06-03,10.1,256.9,9.85,3.77,801.58,4.3122588377681295
2010-06-04,22.81,226.93,8.2,3.04,763.68,5.857484921301708
2010-06-05,14.31,390.14,11.81,2.34,723.74,8.408904733647852
2010-06-06,14.54,200.99,8.6,4.2,824.96,6.648065708225865
2010-06-07,17.01,288.17,8.35,2.19,720.8,7.0433561016879445
2010-06-08,4.89,586.41,12.95,-0.08,604.45,7.115227082317412
2010-06-09,0.68,570.6,13.95,3.13,752.46,6.180904334134318
2010-06-10,5.92,502.02,13.75,0.69,641.16,5.749678450357506
2010-06-11,1.63,565.78,11.11,0.02,608.4,5.390323547210161
2010-06-12,0.27,424.27,7.51,0.47,631.32,4.707549231230208
2010-06-13,0.27,637.46,11.55,-0.41,583.53,4.204452366823926
2010-06-14,0.0,739.88,16.67,0.3,594.95,4.276323347453395
2010-06-15,2.08,631.88,16.84,2.49,705.94,4.707549231230208
2010-06-16,9.67,525.74,15.85,1.79,699.6,5.102839624692286
2010-06-17,3.38,442.11,6.76,-2.2,524.68,5.318452566580692
2010-06-18,1.57,687.17,14.11,-2.1,520.93,4.276323347453395
2010-06-19,0.0,719.6,17.26,1.65,664.86,4.096645895879723
2010-06-20,0.29,716.61,17.75,1.56,659.46,4.204452366823926
2010-06-21,0.03,698.65,16.12,1.5,661.19,4.276323347453395
2010-06-22,0.3,659.86,14.51,0.66,623.46,4.348194328082863
2010-06-23,0.58,701.86,17.66,0.88,628.8,4.060710405564988
2010-06-24,0.0,735.89,20.79,2.65,705.17,4.132581386194458
2010-06-25,0.94,623.3,18.93,5.21,865.8,4.204452366823926
2010-06-26,1.4,579.6,16.84,4.34,832.69,4.384129818397597
2010-06-27,0.0,714.45,19.9,3.06,731.32,4.3122588377681295
2010-06-28,0.0,734.75,23.44,4.05,765.54,4.204452366823926
2010-06-29,0.66,697.29,24.8,6.05,867.04,4.132581386194458
2010-06-30,2.68,559.46,22.77,7.43,1018.36,4.3122588377681295
2010-07-01,2.28,604.41,22.67,6.43,935.56,4.3122588377681295
2010-07-02,0.0,654.22,21.0,5.28,852.73,3.9888394249355197
2010-07-03,0.0,589.43,15.33,2.46,722.4,3.701355502417644
2010-07-04,0.06,639.47,16.16,0.94,635.8,3.4066844818368223
2010-07-05,2.88,482.86,14.05,2.65,742.59,3.277316716703778
2010-07-06,1.75,484.39,12.57,1.18,663.52,3.1623231476966285
2010-07-07,0.0,648.43,16.36,0.21,602.48,2.968271499997062
2010-07-08,0.16,670.03,20.44,2.04,668.07,2.8209359897066513
2010-07-09,0.0,650.05,22.17,4.71,808.89,2.745471460045709
2010-07-10,0.0,605.72,20.89,5.37,866.32,2.7023488716680277
2010-07-11,1.84,484.31,18.36,5.16,874.11,2.648445636195926
2010-07-12,0.04,572.66,20.97,6.21,920.99,2.5765746555664575
2010-07-13,0.0,548.89,18.76,4.91,853.42,2.5082972239684618
2010-07-14,0.0,638.18,18.39,1.1,634.32,2.386116556898365
2010-07-15,0.0,651.86,21.15,2.55,690.8,2.289090733048582
2010-07-16,0.0,658.41,24.51,4.71,790.76,2.2064391053246926
2010-07-17,0.77,562.94,23.87,7.65,1004.05,2.1453487717896444
2010-07-18,0.0,606.5,23.3,5.83,876.93,2.113006830506383
2010-07-19,0.0,568.48,20.89,5.2,856.88,2.044729398908388
2010-07-20,0.0,623.03,22.16,3.87,766.58,1.9692648692474457
2010-07-21,1.52,538.47,19.96,4.07,794.79,1.9045809866809236
2010-07-22,0.9,508.45,19.09,4.79,858.19,1.875832594429136
2010-07-23,0.0,539.66,19.37,4.81,848.47,1.8111487118626142
2010-07-24,0.0,641.79,23.37,3.3,726.84,1.7320906331701986
2010-07-25,0.0,629.13,25.24,5.22,829.18,1.6817809467295703
2010-07-26,0.0,583.73,24.19,6.44,925.37,1.638658358351889
2010-07-27,0.85,486.06,22.31,8.69,1119.2,1.6099099661001015
2010-07-28,1.21,514.71,23.64,7.48,996.49,1.5703809267538937
2010-07-29,0.73,535.45,23.4,6.85,945.99,1.5344454364391593
2010-07-30,0.0,591.68,24.45,5.93,851.46,1.4949163970929515
2010-07-31,2.56,497.83,23.96,7.73,998.08,1.4625744558096905
2010-08-01,2.16,503.74,22.79,6.65,948.0,1.4733551029041108
2010-08-02,0.0,560.84,22.33,5.12,818.54,1.4122647693690622
2010-08-03,0.0,515.03,22.12,6.92,941.42,1.3583615338969606
2010-08-04,0.06,536.43,22.25,5.82,858.88,1.3152389455192792
2010-08-05,0.0,553.25,23.89,6.32,868.09,1.2757099061730715
2010-08-06,2.21,454.74,22.58,6.36,908.86,1.246961513921284
2010-08-07,1.08,490.09,20.91,4.92,820.43,1.2433679648898104
2010-08-08,1.72,494.63,21.17,4.18,773.72,1.2218066707009698
2010-08-09,6.56,341.77,18.71,5.3,894.29,1.196651827480656
2010-08-10,2.83,417.92,19.45,4.59,844.71,1.2182131216694965
2010-08-11,0.0,496.45,20.95,5.59,877.64,1.157122788134448
2010-08-12,0.19,447.14,17.06,3.38,765.16,1.1104066507252934
2010-08-13,3.95,315.1,14.42,3.09,768.11,1.0816582584735057
2010-08-14,2.01,424.2,15.59,1.23,666.56,1.0780647094420324
2010-08-15,0.0,538.0,19.43,2.07,684.23,1.0385356700958244
2010-08-16,0.19,529.4,21.34,3.6,758.39,1.0061937288125635
2010-08-17,0.0,529.42,22.33,4.61,810.34,0.9810388855922494
2010-08-18,0.0,522.29,23.37,5.52,858.88,0.9558840423719354
2010-08-19,0.0,437.48,20.16,6.33,937.83,0.9343227481830947
2010-08-20,0.0,485.35,21.12,5.36,869.5,0.9091679049627807
2010-08-21,0.0,497.84,23.98,6.97,951.85,0.88760661077394
2010-08-22,5.03,404.68,19.96,3.68,797.1,0.8768259636795196
2010-08-23,1.24,384.76,13.75,1.43,675.86,0.8696388656165727
2010-08-24,0.0,534.07,19.0,0.23,591.24,0.8516711204592056
2010-08-25,0.0,544.76,23.47,2.83,691.63,0.8265162772388914
2010-08-26,0.0,530.94,25.12,4.65,788.41,0.8049549830500508
2010-08-27,1.18,400.44,21.3,7.17,992.57,0.7833936888612101
2010-08-28,8.86,313.54,16.3,4.02,807.7,0.7869872378926835
2010-08-29,6.47,319.18,14.82,2.46,728.82,0.822922728207418
2010-08-30,4.69,215.75,9.26,1.21,667.59,0.8013614340185774
2010-08-31,3.87,228.0,8.42,-0.13,604.94,0.7762065907982632
2010-09-01,5.67,215.69,9.48,1.58,685.39,0.7690194927353164
2010-09-02,0.0,472.21,14.39,-1.37,541.45,0.7798001398297367
2010-09-03,0.19,509.58,19.39,-0.05,543.1,0.7474581985464758
2010-09-04,0.0,489.61,21.17,3.0,649.66,0.7187098062946883
2010-09-05,0.0,482.15,15.48,-1.61,471.28,0.7043356101687944
2010-09-06,0.83,407.01,9.88,-3.68,418.79,0.6899614140429007
2010-09-07,0.0,502.34,16.42,-2.62,384.54,0.6719936688855335
2010-09-08,0.62,405.87,16.63,2.31,605.27,0.6576194727596396
2010-09-09,6.01,282.8,13.25,1.77,665.78,0.6540259237281663
2010-09-10,6.13,163.88,7.13,0.53,635.4,0.6719936688855335
2010-09-11,0.0,378.66,12.01,-0.15,557.91,0.6791807669484803
2010-09-12,0.0,450.09,16.44,0.01,507.97,0.6612130217911132
2010-09-13,0.0,452.32,18.37,1.23,545.84,0.6360581785707992
2010-09-14,0.68,425.05,18.32,1.9,582.41,0.6180904334134318
2010-09-15,0.01,413.13,16.0,0.97,541.22,0.6073097863190116
2010-09-16,0.0,428.47,17.73,1.57,543.68,0.5965291392245913
2010-09-17,0.0,419.64,18.63,2.94,592.12,0.5893420411616443
2010-09-18,0.0,434.17,19.56,2.41,556.07,0.578561394067224
2010-09-19,0.0,447.71,21.51,2.54,546.39,0.5677807469728037
2010-09-20,0.0,375.12,14.82,0.86,556.72,0.5570000998783834
2010-09-21,0.0,411.43,15.2,-0.8,476.61,0.5534065508469099
2010-09-22,0.0,417.16,16.79,-0.18,486.94,0.5426259037524895
2010-09-23,0.0,349.24,13.43,0.44,563.99,0.5390323547210162
2010-09-24,0.0,368.95,14.48,0.56,552.9,0.5318452566580693
2010-09-25,0.0,430.27,19.94,1.14,511.18,0.521064609563649
2010-09-26,0.0,415.01,21.58,3.29,603.95,0.5102839624692286
2010-09-27,0.0,417.38,21.95,2.8,580.79,0.5066904134377551
2010-09-28,0.0,405.09,22.54,3.83,631.96,0.4995033153748083
2010-09-29,0.0,401.01,20.59,1.79,548.49,0.4923162173118614
2010-09-30,0.0,406.74,21.22,1.19,513.44,0.48512911924891455
2010-10-01,0.0,392.0,20.62,1.28,530.22,0.4815355702174411
2010-10-02,0.0,385.34,21.44,2.19,570.36,0.4779420211859677
2010-10-03,0.0,381.06,22.45,3.07,609.35,0.47075492312302075
2010-10-04,0.0,320.64,17.45,2.69,651.93,0.46716137409154734
2010-10-05,0.03,240.14,12.79,2.58,710.81,0.46716137409154734
2010-10-06,1.01,291.08,16.39,2.48,667.49,0.46716137409154734
2010-10-07,0.69,290.58,14.72,1.21,618.4,0.4635678250600739
2010-10-08,5.1,121.61,7.06,0.67,641.15,0.46716137409154734
2010-10-09,2.91,156.98,8.75,0.8,648.78,0.4779420211859677
2010-10-10,0.33,215.04,9.79,0.46,624.81,0.47075492312302075
2010-10-11,1.11,227.99,8.89,-1.69,541.58,0.47075492312302075
2010-10-12,0.0,307.11,9.2,-5.06,409.13,0.46716137409154734
2010-10-13,0.0,328.54,11.95,-4.15,428.3,0.45997427602860047
2010-10-14,0.0,330.23,15.35,-1.48,513.98,0.44560007990270667
2010-10-15,0.0,285.66,12.82,-1.01,549.65,0.4384129818397598
2010-10-16,2.61,198.67,9.13,-1.22,560.57,0.4384129818397598
2010-10-17,2.24,194.17,8.83,-0.83,574.27,0.4420065308712332
2010-10-18,0.0,278.37,10.23,-2.87,492.78,0.4384129818397598
2010-10-19,0.0,288.42,11.56,-2.5,503.74,0.4312258837768129
2010-10-20,0.0,316.55,14.31,-2.64,488.49,0.4204452366823926
2010-10-21,0.0,314.81,15.23,-2.09,506.78,0.4168516876509191
2010-10-22,0.0,267.44,11.45,-2.02,522.81,0.40966458958797225
2010-10-23,0.6,212.06,9.05,-1.07,567.19,0.40966458958797225
2010-10-24,13.88,93.57,3.96,-1.19,563.95,0.4168516876509191
2010-10-25,11.19,87.73,0.02,-4.68,434.59,0.4743484721544942
2010-10-26,3.85,125.41,-1.39,-7.23,356.92,0.44560007990270667
2010-10-27,1.12,169.22,-1.22,-7.92,338.61,0.424038785713866
2010-10-28,0.81,267.64,3.03,-8.88,312.36,0.4132581386194457
2010-10-29,0.08,267.36,6.37,-5.08,422.28,0.4060710405564988
2010-10-30,3.17,219.5,8.0,-3.18,483.43,0.40966458958797225
2010-10-31,5.27,124.18,3.63,-2.36,517.69,0.4132581386194457
2010-11-01,1.0,196.13,3.83,-3.93,458.21,0.424038785713866
2010-11-02,0.0,236.73,7.08,-2.39,515.02,0.4132581386194457
2010-11-03,0.0,286.03,8.87,-4.35,442.85,0.40966458958797225
2010-11-04,0.0,296.25,11.44,-3.89,458.89,0.4024774915250254
2010-11-05,0.0,281.47,11.53,-2.74,500.5,0.3988839424935519
2010-11-06,0.0,267.43,12.39,-1.09,567.35,0.4024774915250254
2010-11-07,0.0,225.02,9.53,-0.98,569.71,0.4060710405564988
2010-11-08,4.46,174.87,6.2,-3.66,469.43,0.4132581386194457
2010-11-09,2.89,153.73,-1.04,-8.48,326.41,0.4132581386194457
2010-11-10,0.17,200.07,-2.61,-10.71,271.65,0.39529039346207856
2010-11-11,0.23,198.05,-4.71,-12.82,229.94,0.37732264830471135
2010-11-12,1.45,148.88,-2.49,-8.71,314.67,0.3737290992732379
2010-11-13,1.96,135.53,-3.3,-8.85,312.88,0.38091619733618476
2010-11-14,7.82,97.02,-2.03,-6.62,372.7,0.37732264830471135
2010-11-15,9.73,88.44,-0.52,-4.75,433.42,0.38091619733618476
2010-11-16,8.76,132.99,-0.41,-6.89,364.94,0.3845097463676582
2010-11-17,3.42,149.06,-2.44,-9.15,303.56,0.3701355502417644
2010-11-18,0.39,193.97,1.6,-5.79,398.34,0.37732264830471135
2010-11-19,8.51,90.32,-0.3,-4.54,438.86,0.3845097463676582
2010-11-20,22.7,166.62,-1.7,-9.77,292.96,0.3737290992732379
2010-11-21,6.93,192.17,-4.85,-13.58,217.45,0.3090452167067159
2010-11-22,8.41,116.55,-7.24,-12.34,238.2,0.34498070702145034
2010-11-23,11.35,218.57,-5.39,-20.15,126.63,0.33779360895850347
2010-11-24,3.83,148.43,-18.99,-25.39,80.48,0.2659226283290346
2010-11-25,3.57,207.37,-14.69,-25.64,78.58,0.1940516476995658
2010-11-26,3.43,197.34,-6.23,-16.25,172.14,0.2515484322031409
2010-11-27,1.94,168.9,-2.64,-9.42,297.99,0.32341941283260967
2010-11-28,1.84,179.34,-3.98,-11.09,264.9,0.33779360895850347
2010-11-29,0.0,267.26,-6.56,-18.79,137.66,0.33923102857109283
2010-11-30,0.41,246.86,-7.84,-18.69,139.7,0.34174651289312424
2010-12-01,5.44,138.16,-4.31,-10.64,272.15,0.3464181266340397
2010-12-02,11.14,103.17,-0.78,-5.48,408.15,0.3589955482441967
2010-12-03,10.13,190.0,-1.19,-12.49,240.31,0.3737290992732379
2010-12-04,1.45,255.53,-2.0,-15.98,175.65,0.36294845217881755
2010-12-05,0.03,239.26,-0.11,-10.13,281.97,0.35935490314734414
2010-12-06,2.91,191.46,0.94,-8.09,331.03,0.3701355502417644
2010-12-07,1.11,144.87,-0.94,-6.23,385.54,0.366542001210291
2010-12-08,4.05,122.98,-0.66,-5.94,394.21,0.3701355502417644
2010-12-09,3.09,96.49,-1.41,-5.19,421.11,0.366542001210291
2010-12-10,5.97,166.51,-2.01,-10.49,278.62,0.36294845217881755
2010-12-11,2.66,171.13,-4.51,-12.26,241.63,0.3356374795396194
2010-12-12,8.25,169.68,0.73,-7.82,337.0,0.35719877372846004
2010-12-13,3.15,73.74,1.38,-1.46,552.89,0.3701355502417644
2010-12-14,8.78,145.58,1.0,-5.5,410.75,0.3701355502417644
2010-12-15,6.73,201.81,-4.71,-15.14,190.64,0.36294845217881755
2010-12-16,2.3,254.92,-6.44,-20.32,125.3,0.3162323147696628
2010-12-17,0.14,265.28,-8.57,-22.55,103.53,0.2874839225178753
2010-12-18,4.19,201.12,-5.12,-16.86,160.96,0.3162323147696628
2010-12-19,12.16,107.28,-2.38,-7.58,346.34,0.3306065108955566
2010-12-20,7.67,166.6,-2.9,-11.48,253.87,0.3090452167067159
2010-12-21,0.0,255.13,-3.66,-15.92,178.24,0.22998713801430024
2010-12-22,4.25,191.57,-0.96,-11.59,253.0,0.25873553026608775
2010-12-23,2.76,157.46,-0.67,-7.66,343.61,0.30185811864376905
2010-12-24,0.0,230.37,-1.34,-11.18,261.19,0.3399497383773875
2010-12-25,0.0,260.23,0.92,-12.11,244.9,0.3230600579294623
2010-12-26,1.21,230.81,0.46,-11.38,258.81,0.3180290892853996
2010-12-27,3.3,103.8,-5.04,-9.79,286.61,0.3306065108955566
2010-12-28,3.52,105.1,-4.61,-9.35,301.08,0.3367155442490614
2010-12-29,6.94,169.5,-2.6,-11.7,253.37,0.34605877173089233
2010-12-30,2.62,222.35,-10.31,-21.27,115.16,0.3162323147696628
2010-12-31,1.18,242.79,-15.37,-26.2,78.75,0.2515484322031409
2011-01-01,0.36,232.81,-15.18,-25.16,80.23,0.21561294188840646
2011-01-02,2.45,177.2,-11.24,-19.1,134.04,0.2515484322031409
2011-01-03,0.0,241.32,-8.26,-18.69,139.59,0.30185811864376905
2011-01-04,2.55,203.23,-8.54,-19.07,139.06,0.32701296186408313
2011-01-05,3.64,114.85,-6.73,-11.91,248.81,0.3180290892853996
2011-01-06,1.21,151.38,-2.13,-7.85,337.08,0.31299812064133675
2011-01-07,0.64,157.92,-0.34,-6.08,390.88,0.32054457360743094
2011-01-08,3.67,204.58,-2.27,-12.96,232.28,0.3284503814766725
2011-01-09,0.1,269.25,-9.69,-21.76,112.29,0.30185811864376905
2011-01-10,1.2,213.27,-13.52,-22.05,112.61,0.2659226283290346
2011-01-11,0.0,258.73,-11.39,-21.77,117.96,0.2874839225178753
2011-01-12,4.45,238.43,-5.79,-19.35,134.88,0.30185811864376905
2011-01-13,7.14,106.54,-1.64,-6.12,388.22,0.3043736029658004
2011-01-14,2.66,103.36,-0.32,-4.22,447.4,0.2939523107745275
2011-01-15,2.33,104.17,-0.3,-4.05,453.72,0.2935929558713801
2011-01-16,12.17,100.34,0.57,-3.51,473.05,0.29826456961229564
2011-01-17,5.68,126.52,0.83,-4.15,452.93,0.2971865049028536
2011-01-18,4.23,116.22,-2.73,-7.14,358.88,0.29826456961229564
2011-01-19,1.51,277.55,-4.58,-17.26,161.93,0.29862392451544295
2011-01-20,3.22,243.06,-8.0,-20.21,125.31,0.2792187597454864
2011-01-21,6.73,153.87,-4.25,-10.57,272.66,0.27167230677939214
2011-01-22,4.38,215.92,-3.77,-13.18,224.22,0.2802968244549284
2011-01-23,4.73,232.29,-3.94,-14.25,205.74,0.2781406950360443
2011-01-24,4.88,251.46,-2.8,-15.43,186.95,0.2842497283895492
2011-01-25,3.63,204.25,-1.25,-9.65,289.97,0.2813748891643704
2011-01-26,0.0,270.54,-0.98,-9.61,293.75,0.2820935989706651
2011-01-27,0.0,273.22,0.05,-8.55,318.5,0.28317166368010716
2011-01-28,0.51,317.32,2.32,-9.73,294.25,0.2846090832926965
2011-01-29,0.04,293.93,1.3,-8.44,323.66,0.2860465029052859
2011-01-30,0.79,299.56,0.57,-10.1,284.49,0.2914368264524961
2011-01-31,0.05,378.86,-7.87,-27.72,65.48,0.2659226283290346
2011-02-01,0.0,377.93,-15.27,-32.88,40.3,0.22998713801430024
2011-02-02,0.0,390.04,-7.55,-30.46,48.71,0.22280003995135333
2011-02-03,0.11,373.72,-0.87,-17.51,159.12,0.25873553026608775
2011-02-04,4.53,205.5,0.06,-7.89,336.39,0.2899994068399067
2011-02-05,8.94,227.87,-2.32,-12.15,244.63,0.2885619872273173
2011-02-06,2.23,277.56,-5.96,-16.79,167.0,0.2731097263919815
2011-02-07,6.13,277.66,-3.69,-17.65,156.18,0.27418779110142355
2011-02-08,0.78,383.69,-9.28,-25.86,77.76,0.25873553026608775
2011-02-09,0.0,414.94,-9.79,-29.22,53.69,0.22998713801430024
2011-02-10,0.88,232.87,-8.05,-15.27,186.29,0.24436133414019398
2011-02-11,1.02,253.73,-2.97,-10.68,275.42,0.25873553026608775
2011-02-12,0.5,271.43,0.79,-7.42,351.54,0.2605323047818245
2011-02-13,0.0,333.83,2.76,-7.79,341.69,0.26232907929756116
2011-02-14,0.34,385.52,4.78,-10.21,283.59,0.25657940084720365
2011-02-15,0.0,333.21,5.09,-5.76,399.9,0.26125101458811917
2011-02-16,3.87,296.54,3.16,-9.56,297.95,0.26556327342588726
2011-02-17,1.81,234.42,-5.53,-13.34,222.08,0.2670006930384767
2011-02-18,3.69,250.83,-3.17,-12.87,228.46,0.2537045616220249
2011-02-19,1.22,385.95,1.12,-14.12,204.58,0.26125101458811917
2011-02-20,7.13,234.47,-5.94,-15.23,190.28,0.2616103694912665
2011-02-21,3.73,201.02,-5.64,-12.79,230.57,0.2540639165251723
2011-02-22,4.07,192.31,-6.26,-12.8,229.13,0.2537045616220249
2011-02-23,3.54,195.5,-7.86,-14.21,202.6,0.24831423807481479
2011-02-24,4.09,297.81,-7.87,-17.91,151.63,0.2519077871062882
2011-02-25,3.08,345.9,-7.9,-19.7,131.6,0.22639358898282677
2011-02-26,0.48,421.19,-7.8,-21.29,114.0,0.21561294188840646
2011-02-27,0.45,376.19,-6.14,-16.7,168.44,0.24076778510872054
2011-02-28,1.38,290.43,-5.29,-13.26,221.43,0.25047036749369883
2011-03-01,0.05,377.54,0.96,-9.35,304.07,0.2436426243338993
2011-03-02,2.61,405.53,2.69,-11.94,247.02,0.25047036749369883
2011-03-03,6.12,311.54,2.83,-7.1,359.13,0.25873553026608775
2011-03-04,5.35,311.08,-0.95,-11.16,260.41,0.2608916596849718
2011-03-05,5.3,271.69,-1.3,-8.95,311.13,0.26125101458811917
2011-03-06,3.52,425.46,0.19,-13.11,225.76,0.26556327342588726
2011-03-07,0.6,513.41,1.6,-14.95,193.14,0.26520391852273995
2011-03-08,3.88,341.66,-1.08,-11.25,258.8,0.27095359697309745
2011-03-09,2.98,355.89,0.27,-10.13,283.03,0.27131295187624477
2011-03-10,7.53,344.17,6.44,-3.7,463.45,0.28892134213046466
2011-03-11,6.41,300.93,0.6,-8.01,333.07,0.3108419912224526
2011-03-12,0.0,540.73,2.94,-11.45,255.39,0.3068890872878319
2011-03-13,0.69,490.06,3.57,-9.21,301.9,0.322700703026315
2011-03-14,4.93,265.42,2.37,-4.67,433.58,0.33779360895850347
2011-03-15,3.9,359.62,3.02,-6.89,365.19,0.34534006192459765
2011-03-16,18.39,298.75,1.22,-6.86,368.22,0.36294845217881755
2011-03-17,8.15,399.67,-0.65,-11.97,249.35,0.35001167566551317
2011-03-18,0.96,541.29,1.96,-13.78,214.26,0.3259348971546411
2011-03-19,1.8,514.05,3.18,-10.8,269.59,0.3464181266340397
2011-03-20,1.91,546.89,4.49,-14.75,196.46,0.34605877173089233
2011-03-21,6.56,422.71,5.78,-6.56,375.12,0.35396457960013394
2011-03-22,8.98,245.75,-0.21,-6.55,374.59,0.366542001210291
2011-03-23,0.2,545.83,1.64,-10.99,265.82,0.3212632834137256
2011-03-24,0.35,591.65,5.35,-10.89,266.87,0.3528865148906919
2011-03-25,2.06,435.73,2.47,-8.02,332.68,0.3737290992732379
2011-03-26,2.18,421.51,2.12,-8.14,333.18,0.3701355502417644
2011-03-27,3.02,376.14,0.29,-9.01,311.14,0.3701355502417644
2011-03-28,2.17,495.52,2.05,-10.6,276.08,0.3701355502417644
2011-03-29,3.09,386.73,0.39,-8.86,313.75,0.36294845217881755
2011-03-30,11.08,274.92,1.11,-5.77,401.26,0.3701355502417644
2011-03-31,8.12,161.23,3.68,-0.13,606.12,0.38091619733618476
2011-04-01,1.12,417.5,8.22,-0.19,601.42,0.4060710405564988
2011-04-02,2.33,519.73,7.93,-5.28,412.48,0.43481943280828633
2011-04-03,3.47,493.41,0.69,-12.67,230.21,0.4384129818397598
2011-04-04,4.32,438.01,-1.4,-12.22,239.04,0.38091619733618476
2011-04-05,14.1,388.73,1.1,-8.98,311.38,0.39169684443060504
2011-04-06,11.62,456.09,0.88,-11.97,245.08,0.37732264830471135
2011-04-07,13.64,311.85,1.75,-5.57,406.93,0.4024774915250254
2011-04-08,9.85,340.83,1.93,-6.1,390.47,0.3881032953991316
2011-04-09,6.13,459.73,4.83,-7.13,356.59,0.4024774915250254
2011-04-10,0.32,555.76,2.74,-8.08,329.11,0.4024774915250254
2011-04-11,4.43,407.01,6.0,-3.37,474.96,0.3988839424935519
2011-04-12,0.58,590.55,6.48,-5.55,408.87,0.40966458958797225
2011-04-13,2.69,595.97,8.21,-7.44,346.49,0.4132581386194457
2011-04-14,2.7,507.13,3.03,-8.27,326.56,0.424038785713866
2011-04-15,3.03,546.21,2.98,-10.72,271.97,0.4204452366823926
2011-04-16,6.69,423.9,6.83,-2.77,494.79,0.42763233474533946
2011-04-17,10.2,356.73,6.67,-1.51,548.04,0.46716137409154734
2011-04-18,9.59,416.27,4.01,-5.24,414.83,0.5066904134377551
2011-04-19,4.66,479.04,0.5,-11.27,263.34,0.4959097663433349
2011-04-20,2.07,656.95,4.69,-14.34,198.56,0.45997427602860047
2011-04-21,9.15,471.62,5.09,-7.09,359.24,0.4635678250600739
2011-04-22,2.75,555.44,0.02,-12.44,238.12,0.456380726997127
2011-04-23,0.2,741.0,4.67,-14.4,200.72,0.44919362893418013
2011-04-24,0.0,760.98,8.11,-12.86,223.28,0.4420065308712332
2011-04-25,5.24,535.75,5.02,-8.71,309.14,0.4635678250600739
2011-04-26,7.9,349.69,1.24,-6.65,369.59,0.4743484721544942
2011-04-27,0.62,616.23,3.89,-8.48,317.47,0.46716137409154734
2011-04-28,5.13,521.17,7.41,-5.74,396.22,0.456380726997127
2011-04-29,4.43,427.85,0.87,-9.56,294.58,0.4779420211859677
2011-04-30,2.81,532.64,3.25,-9.92,288.05,0.4635678250600739
2011-05-01,0.0,694.85,4.86,-10.28,278.78,0.456380726997127
2011-05-02,0.84,711.09,7.54,-10.69,264.72,0.456380726997127
2011-05-03,0.0,600.61,7.1,-4.72,427.41,0.4923162173118614
2011-05-04,0.0,642.6,5.93,-7.15,351.6,0.546219452783963
2011-05-05,0.0,714.85,10.84,-5.88,384.37,0.5605936489098567
2011-05-06,0.0,520.11,9.16,-0.79,567.9,0.6648065708225865
2011-05-07,12.09,294.48,8.21,1.12,657.58,0.7833936888612101
2011-05-08,13.78,276.42,6.98,0.46,631.53,1.1463421410400276
2011-05-09,13.84,284.96,6.31,-0.27,600.13,1.2110260236065498
2011-05-10,6.72,318.92,4.85,-2.5,512.72,1.2182131216694965
2011-05-11,1.34,612.91,9.99,-3.9,452.1,1.1463421410400276
2011-05-12,0.0,735.35,14.08,-3.59,449.22,1.3547679848654874
2011-05-13,0.11,699.26,16.05,-0.13,585.45,1.832710006051455
2011-05-14,0.22,521.9,9.04,-1.1,555.41,2.4400197923704665
2011-05-15,0.0,649.56,12.53,-0.87,562.55,2.4795488317166745
2011-05-16,0.0,552.27,8.36,-2.11,516.82,3.047329578689478
2011-05-17,0.0,629.48,9.18,-3.47,468.85,2.519077871062882
2011-05-18,0.26,631.11,8.54,-4.52,433.57,2.519077871062882
2011-05-19,2.36,403.2,7.01,-0.92,568.59,2.5154843220314085
2011-05-20,8.27,317.85,5.73,-0.78,578.59,2.3501810665836302
2011-05-21,4.4,358.71,7.32,0.06,616.05,2.3609617136780505
2011-05-22,0.33,668.04,13.5,-0.76,565.11,2.396897203992785
2011-05-23,3.66,558.11,13.71,1.19,641.68,3.1587295986651545
2011-05-24,10.67,306.8,7.45,0.73,643.12,4.096645895879723
2011-05-25,8.32,445.58,10.67,0.12,615.23,3.916968444306051
2011-05-26,3.7,492.19,6.75,-3.06,488.63,3.593549031473441
2011-05-27,9.32,409.06,4.98,-4.22,448.48,2.9395231077452744
2011-05-28,8.23,445.43,7.79,-2.36,516.93,2.501110125905515
2011-05-29,6.55,318.59,4.85,-1.74,538.78,2.2603423407967944
2011-05-30,8.93,334.64,5.68,-1.23,562.13,2.087851987286069
2011-05-31,6.03,524.73,11.53,-0.91,575.5,2.0087939085936535
2011-06-01,0.13,747.66,17.33,0.74,627.36,2.242374595639427
2011-06-02,0.0,656.3,10.13,-1.64,539.79,3.3491876973332473
2011-06-03,0.0,646.77,8.15,-3.02,488.76,3.3060651089555657
2011-06-04,0.0,775.26,15.57,-3.9,444.51,2.8389037348640183
2011-06-05,0.0,765.06,19.51,1.05,630.48,3.773226483047113
2011-06-06,0.79,735.8,21.21,0.79,615.02,5.5340655084691
2011-06-07,12.29,335.88,8.96,1.11,660.91,6.6840011985406
2011-06-08,9.09,440.78,12.3,1.61,684.5,6.504323746966929
2011-06-09,5.33,366.97,8.59,0.26,623.68,6.288710805078522
2011-06-10,1.44,573.29,11.6,0.22,619.09,5.426259037524896
2011-06-11,1.45,566.6,12.67,0.91,644.41,5.138775115007021
2011-06-12,3.71,425.48,10.39,1.54,675.72,5.5340655084691
2011-06-13,11.66,477.69,13.2,1.43,670.19,5.6778074697280365
2011-06-14,5.85,470.79,12.33,1.18,662.11,6.899614140429007
2011-06-15,0.08,691.49,14.72,0.77,631.76,7.187098062946882
2011-06-16,0.43,570.89,10.2,-0.14,600.87,7.258969043576351
2011-06-17,0.42,527.94,8.31,-0.61,587.32,6.001226882560647
2011-06-18,2.37,503.4,11.83,1.1,657.76,5.030968644062817
2011-06-19,3.65,432.12,11.12,1.15,661.26,5.390323547210161
2011-06-20,0.66,620.3,12.47,0.48,622.48,5.6778074697280365
2011-06-21,0.05,694.37,16.72,2.12,691.97,5.857484921301708
2011-06-22,0.0,736.44,19.86,2.46,694.57,7.223033553261616
2011-06-23,0.56,694.44,20.71,4.13,781.59,8.408904733647852
2011-06-24,0.04,674.3,17.66,2.99,732.65,9.343227481830946
2011-06-25,0.0,667.61,16.2,1.81,677.8,8.80419512710993
2011-06-26,0.0,618.44,13.89,1.35,659.07,8.193291791759446
2011-06-27,0.0,734.18,18.0,-0.23,575.93,7.223033553261616
2011-06-28,0.0,731.95,23.11,3.54,740.98,7.690194927353163
2011-06-29,0.0,638.68,21.63,6.61,935.97,8.983872578683602
2011-06-30,0.0,611.95,18.93,5.27,865.62,9.918195326866698
2011-07-01,0.18,635.71,17.68,3.29,757.4,9.343227481830946
2011-07-02,0.0,716.65,20.88,2.05,665.7,8.444840223962586
2011-07-03,0.0,712.84,25.02,5.26,819.62,8.22922728207418
2011-07-04,0.37,665.56,23.03,5.16,825.1,8.696388656165727
2011-07-05,2.31,595.66,23.11,5.25,863.83,8.624517675536259
2011-07-06,0.92,639.21,22.97,6.49,913.97,8.480775714277321
2011-07-07,0.17,675.27,23.45,5.46,816.29,8.085485320815241
2011-07-08,0.66,564.66,19.79,6.04,899.18,7.654259437038429
2011-07-09,1.46,575.54,19.12,3.4,739.93,7.438646495150023
2011-07-10,0.0,632.12,21.03,5.06,812.19,6.755872179170069
2011-07-11,3.43,540.78,21.89,5.22,833.42,6.468388256652194
2011-07-12,7.93,416.69,18.73,5.26,886.91,6.755872179170069
2011-07-13,1.67,538.51,20.18,5.42,890.39,6.36058178570799
2011-07-14,0.29,567.37,20.08,5.68,885.55,6.073097863190115
2011-07-15,0.0,627.46,20.97,4.31,780.62,5.78561394067224
2011-07-16,0.0,635.02,22.33,4.89,801.5,5.498130018154365
2011-07-17,0.0,660.47,24.98,5.42,797.81,5.246581585951224
2011-07-18,0.03,558.85,24.39,9.17,1080.67,5.066904134377552
2011-07-19,0.96,528.98,23.28,7.95,1000.62,4.959097663433349
2011-07-20,0.09,535.63,18.56,4.46,807.18,4.8153557021744104
2011-07-21,0.0,586.11,19.63,3.57,730.82,4.527871779656535
2011-07-22,0.0,559.31,20.24,5.22,828.2,4.3122588377681295
2011-07-23,0.0,590.9,19.98,3.69,730.02,4.132581386194458
2011-07-24,0.0,654.27,24.0,3.73,687.72,3.9888394249355197
2011-07-25,0.0,617.4,25.61,6.88,861.24,3.8450974636765816
2011-07-26,0.17,528.4,22.07,7.22,935.58,3.7372909927323787
2011-07-27,0.0,527.99,19.82,5.21,823.76,3.6294845217881755
2011-07-28,0.0,603.99,21.18,3.55,692.47,3.4677748153718704
2011-07-29,0.03,609.79,22.33,4.03,703.38,3.334813501207353
2011-07-30,0.0,604.55,24.38,5.9,788.39,3.2162263831687294
2011-07-31,0.52,522.4,23.15,7.43,932.57,3.1156070102874733
2011-08-01,9.91,289.95,17.04,6.91,994.94,3.076077970941266
2011-08-02,1.28,525.73,20.23,4.7,804.0,3.119200559318947
2011-08-03,0.48,527.51,21.7,6.37,898.21,2.957490852902642
2011-08-04,0.13,574.42,22.58,5.26,801.7,2.8389037348640183
2011-08-05,0.23,476.23,19.52,6.45,936.24,2.7490650090771824
2011-08-06,0.0,555.7,20.63,4.57,770.41,2.6771940284477136
2011-08-07,0.04,542.18,20.77,5.04,779.19,2.583761753629404
2011-08-08,0.67,530.0,20.69,4.29,726.12,2.5298585181573023
2011-08-09,0.0,509.78,19.26,4.94,767.08,2.4400197923704665
2011-08-10,0.19,551.18,20.05,3.72,677.6,2.378929458835418
2011-08-11,0.0,517.63,19.74,4.75,749.24,2.307058478205949
2011-08-12,0.0,577.19,20.18,2.35,603.44,2.2351874975764803
2011-08-13,0.0,599.33,22.97,3.19,617.11,2.1633165169470114
2011-08-14,0.0,511.08,22.29,6.88,864.36,2.0986326343804893
2011-08-15,0.37,472.88,19.38,5.36,824.94,2.044729398908388
2011-08-16,0.0,558.51,18.82,1.56,589.78,1.9944197124677598
2011-08-17,0.0,579.29,21.74,2.68,616.43,1.933329378932711
2011-08-18,0.0,531.84,21.13,4.32,718.78,1.875832594429136
2011-08-19,0.0,554.36,21.47,3.38,644.01,1.825522907988508
2011-08-20,0.0,583.29,23.55,3.15,599.05,1.778806770579353
2011-08-21,0.11,545.23,24.51,5.88,747.53,1.7356841822016722
2011-08-22,0.0,551.94,24.73,5.42,712.16,1.6925615938239909
2011-08-23,0.0,522.53,23.89,6.28,751.21,1.6494390054463095
2011-08-24,0.0,542.74,24.96,6.11,697.15,1.6063164170686282
2011-08-25,1.25,431.51,22.88,7.67,875.84,1.573974475785367
2011-08-26,0.0,518.56,24.96,6.97,720.97,1.5488196325650532
2011-08-27,0.28,516.26,25.58,7.52,714.92,1.516477691281792
2011-08-28,0.42,444.62,23.54,8.66,835.06,1.4805422009670577
2011-08-29,0.02,456.37,21.71,6.88,703.82,1.4697615538726372
2011-08-30,0.63,495.85,21.29,4.21,532.62,1.4410131616208497
2011-08-31,0.87,441.16,21.06,5.55,642.88,1.401484122274642
2011-09-01,0.12,429.74,16.65,2.62,559.09,1.3727357300228544
2011-09-02,0.0,482.34,16.59,0.11,437.82,1.329613141645173
2011-09-03,0.0,500.04,16.86,-0.78,400.59,1.2900841022989653
2011-09-04,0.0,536.1,20.04,-0.86,366.39,1.2541486119842309
2011-09-05,0.0,527.21,22.05,1.15,419.08,1.228993768763917
2011-09-06,0.0,423.65,18.98,3.94,557.5,1.2002453765121293
2011-09-07,0.0,455.42,19.35,2.86,447.11,1.1750905332918151
2011-09-08,0.0,451.78,19.05,2.58,417.77,1.157122788134448
2011-09-09,0.0,466.84,19.89,2.36,388.27,1.1319679449141338
2011-09-10,0.0,482.99,20.74,1.88,353.44,1.1068131016938199
2011-09-11,0.0,460.11,20.52,2.99,382.53,1.085251807504979
2011-09-12,0.59,410.57,18.76,3.01,362.45,1.0708776113790854
2011-09-13,0.0,433.85,18.69,2.54,305.79,1.0565034152531916
2011-09-14,1.43,319.8,14.37,1.99,410.51,1.0385356700958244
2011-09-15,0.36,432.39,17.28,0.5,277.37,1.027755023001404
2011-09-16,2.07,259.36,12.09,1.8,497.25,1.0097872778440369
2011-09-17,3.42,238.48,10.91,0.78,492.27,1.0205679249384572
2011-09-18,0.71,343.91,11.75,-0.21,350.42,0.9990066307496166
2011-09-19,0.0,381.18,13.85,0.35,323.97,0.9630711404348822
2011-09-20,0.0,417.19,12.69,-2.84,243.35,0.9451033952775151
2011-09-21,0.01,453.68,15.75,-2.49,222.17,0.9163550030257275
2011-09-22,0.0,459.36,18.97,-0.39,246.96,0.8983872578683603
2011-09-23,0.0,451.96,20.85,1.64,285.66,0.8804195127109931
2011-09-24,0.0,455.82,22.7,2.38,294.73,0.8624517675536258
2011-09-25,0.0,428.66,21.4,3.04,330.46,0.848077571427732
2011-09-26,0.0,379.45,18.77,3.58,392.53,0.8337033753018382
2011-09-27,0.0,410.84,19.23,1.89,323.94,0.8193291791759445
2011-09-28,0.0,410.37,19.47,1.65,316.66,0.8013614340185774
2011-09-29,0.0,422.24,19.04,-0.11,274.12,0.7905807869241571
2011-09-30,0.0,412.48,20.93,1.96,323.64,0.7726130417667898
2011-10-01,0.0,393.31,21.15,3.21,369.62,0.7618323946723695
2011-10-02,0.0,303.43,16.29,3.68,497.61,0.7510517475779491
2011-10-03,0.58,353.74,18.22,2.19,388.56,0.7438646495150023
2011-10-04,0.24,250.47,13.89,3.54,563.08,0.7366775514520554
2011-10-05,6.23,174.63,11.58,2.46,635.69,0.7438646495150023
2011-10-06,9.79,149.96,6.3,-1.2,549.25,0.7618323946723695
2011-10-07,8.77,81.92,1.77,-2.06,526.46,0.7654259437038429
2011-10-08,2.8,185.04,5.45,-2.45,509.53,0.7474581985464758
2011-10-09,0.15,246.91,6.32,-2.97,471.83,0.733084002420582
2011-10-10,2.73,188.82,6.39,-2.04,516.86,0.7223033553261616
2011-10-11,8.78,146.68,5.51,-1.44,546.07,0.7258969043576351
2011-10-12,4.4,211.73,6.28,-2.94,474.46,0.7438646495150023
2011-10-13,0.99,206.91,6.7,-1.14,550.36,0.7223033553261616
2011-10-14,1.36,223.19,10.63,1.42,640.98,0.7043356101687944
2011-10-15,0.83,190.59,11.03,3.53,750.67,0.693554963074374
2011-10-16,11.51,159.35,8.15,0.45,622.65,0.7043356101687944
2011-10-17,4.08,230.19,5.23,-4.51,432.79,0.7618323946723695
2011-10-18,0.0,322.15,8.28,-5.18,401.7,0.733084002420582
2011-10-19,0.0,337.22,11.26,-4.01,425.05,0.6971485121058476
2011-10-20,0.0,287.2,8.83,-3.08,471.56,0.6791807669484803
2011-10-21,3.14,174.09,8.0,-0.19,595.71,0.66840011985406
2011-10-22,1.13,178.13,7.92,0.88,646.06,0.6648065708225865
2011-10-23,0.0,218.18,9.08,0.98,651.79,0.6612130217911132
2011-10-24,3.26,251.77,8.92,-2.25,515.51,0.6504323746966928
2011-10-25,1.49,269.07,1.39,-9.63,293.27,0.6612130217911132
2011-10-26,0.02,315.33,0.53,-12.05,242.38,0.6180904334134318
2011-10-27,0.04,289.01,2.03,-8.95,306.89,0.6109033353504849
2011-10-28,0.42,308.89,3.82,-9.12,299.04,0.6001226882560646
2011-10-29,0.0,223.43,4.81,-2.97,488.99,0.6037162372875381
2011-10-30,0.0,290.13,7.42,-3.65,456.52,0.5929355901931178
2011-10-31,6.84,185.83,4.95,-3.32,476.49,0.5893420411616443
2011-11-01,2.44,287.02,-0.94,-13.2,225.21,0.6073097863190116
2011-11-02,0.0,336.97,-0.17,-16.41,170.2,0.5534065508469099
2011-11-03,0.21,321.55,4.01,-11.37,255.07,0.5426259037524895
2011-11-04,2.9,260.75,6.15,-7.08,355.32,0.5677807469728037
2011-11-05,4.76,195.0,-0.98,-9.99,285.61,0.5857484921301709
2011-11-06,2.95,123.1,-5.84,-10.72,271.35,0.5605936489098567
2011-11-07,0.54,252.43,-2.44,-11.87,246.34,0.546219452783963
2011-11-08,0.25,190.29,-4.12,-10.76,269.34,0.5354388056895427
2011-11-09,0.0,288.68,-1.67,-13.51,217.08,0.5354388056895427
2011-11-10,0.28,293.78,0.83,-12.94,227.82,0.5066904134377551
2011-11-11,2.17,242.67,2.95,-9.48,297.06,0.513877511500702
2011-11-12,10.28,160.2,-1.12,-9.18,305.43,0.5426259037524895
2011-11-13,6.33,116.85,-3.56,-8.72,315.0,0.5282517076265958
2011-11-14,2.07,124.25,-3.36,-8.32,326.45,0.5246581585951223
2011-11-15,2.87,184.15,-5.3,-13.19,224.02,0.521064609563649
2011-11-16,1.74,277.51,-5.91,-21.59,114.44,0.47075492312302075
2011-11-17,14.05,170.71,-1.11,-9.54,296.01,0.5030968644062818
2011-11-18,13.4,166.16,-2.88,-11.33,258.69,0.5246581585951223
2011-11-19,6.86,146.67,-6.78,-13.9,211.52,0.513877511500702
2011-11-20,4.98,207.25,-3.81,-14.72,195.4,0.4995033153748083
2011-11-21,2.05,114.59,-0.93,-5.54,408.42,0.5174710605321755
2011-11-22,3.92,109.66,-0.33,-5.13,421.4,0.5066904134377551
2011-11-23,0.0,206.62,3.69,-4.49,441.72,0.5066904134377551
2011-11-24,0.0,234.49,4.47,-5.7,401.3,0.4923162173118614
2011-11-25,4.55,222.69,-0.75,-13.85,215.35,0.4995033153748083
2011-11-26,1.81,256.04,-2.74,-18.61,142.97,0.44560007990270667
2011-11-27,0.38,270.38,2.17,-12.9,230.39,0.45997427602860047
2011-11-28,0.0,233.12,3.54,-7.05,361.37,0.48512911924891455
2011-11-29,0.0,200.36,1.45,-6.96,358.16,0.4815355702174411
2011-11-30,3.74,183.86,-0.79,-10.62,274.96,0.48512911924891455
2011-12-01,0.87,256.86,-4.04,-18.41,142.8,0.4312258837768129
2011-12-02,1.42,233.19,-4.99,-17.31,158.59,0.424038785713866
2011-12-03,1.23,251.31,-6.82,-21.44,114.65,0.4168516876509191
2011-12-04,0.91,256.33,-9.59,-24.69,84.76,0.39529039346207856
2011-12-05,0.32,272.1,-10.1,-27.88,64.87,0.35935490314734414
2011-12-06,0.33,252.9,-6.13,-20.59,121.03,0.39529039346207856
2011-12-07,0.07,204.97,-5.19,-14.84,195.06,0.4132581386194457
2011-12-08,0.0,171.62,-4.65,-12.41,237.19,0.4312258837768129
2011-12-09,0.0,226.48,-3.9,-15.27,189.03,0.4132581386194457
2011-12-10,0.0,254.29,-0.18,-15.05,193.64,0.39529039346207856
2011-12-11,0.0,245.27,-1.56,-15.45,186.73,0.39529039346207856
2011-12-12,0.06,245.57,-0.54,-14.95,194.92,0.39169684443060504
2011-12-13,0.51,227.71,-1.79,-15.3,189.07,0.39529039346207856
2011-12-14,3.06,114.45,-4.17,-10.58,273.9,0.37732264830471135
2011-12-15,0.34,146.89,-3.99,-10.92,268.43,0.39529039346207856
2011-12-16,0.0,147.63,-4.27,-11.03,263.58,0.39529039346207856
2011-12-17,0.0,217.85,-0.11,-11.54,254.51,0.40966458958797225
2011-12-18,0.0,231.36,1.38,-11.89,249.5,0.39529039346207856
2011-12-19,0.0,214.94,-0.92,-12.68,235.06,0.3988839424935519
2011-12-20,0.75,217.9,-0.04,-13.42,220.55,0.3881032953991316
2011-12-21,5.85,167.02,-5.4,-17.75,152.11,0.3988839424935519
2011-12-22,0.06,238.32,-7.72,-22.11,108.64,0.35935490314734414
2011-12-23,0.0,236.23,-5.13,-19.52,134.32,0.32341941283260967
2011-12-24,0.99,221.78,-2.12,-17.42,161.81,0.33779360895850347
2011-12-25,0.0,228.61,0.43,-13.35,222.25,0.35935490314734414
2011-12-26,0.0,173.33,-2.93,-12.14,242.29,0.3845097463676582
2011-12-27,0.87,140.2,-2.96,-10.24,279.63,0.3845097463676582
2011-12-28,9.88,85.15,-0.27,-5.36,415.94,0.39169684443060504
2011-12-29,9.59,100.37,0.08,-6.06,391.65,0.4060710405564988
2011-12-30,17.73,99.37,1.23,-4.9,428.48,0.3988839424935519
2011-12-31,10.17,159.41,-2.81,-13.33,221.9,0.40966458958797225
2012-01-01,6.2,162.51,-4.19,-13.32,219.56,0.3881032953991316
2012-01-02,1.97,224.69,1.26,-11.43,256.94,0.39529039346207856
2012-01-03,0.38,229.65,1.1,-9.85,290.18,0.3988839424935519
2012-01-04,0.0,256.18,2.76,-10.06,287.25,0.39529039346207856
2012-01-05,0.0,248.41,3.2,-8.6,321.7,0.39169684443060504
2012-01-06,0.0,228.72,-1.9,-11.83,245.74,0.3988839424935519
2012-01-07,0.0,244.08,-2.91,-13.61,210.62,0.4024774915250254
2012-01-08,0.0,210.09,-3.26,-11.77,249.89,0.39529039346207856
2012-01-09,0.0,196.69,-0.39,-8.0,334.56,0.39529039346207856
2012-01-10,0.0,237.34,-2.22,-12.1,244.03,0.3988839424935519
2012-01-11,3.5,218.6,-8.78,-22.36,104.47,0.35935490314734414
2012-01-12,0.0,288.41,-6.21,-21.0,118.94,0.30185811864376905
2012-01-13,0.0,250.01,-4.45,-15.01,194.56,0.3306065108955566
2012-01-14,0.0,235.54,0.04,-9.24,306.03,0.35935490314734414
2012-01-15,0.0,258.26,-0.41,-11.07,263.33,0.3881032953991316
2012-01-16,1.54,244.19,-8.35,-19.65,132.02,0.3881032953991316
2012-01-17,2.79,176.2,-12.3,-19.56,121.98,0.35935490314734414
2012-01-18,3.32,192.61,-4.89,-13.09,222.58,0.3306065108955566
2012-01-19,10.83,94.62,-1.78,-5.91,394.4,0.2946710205808222
2012-01-20,18.62,75.72,-0.62,-3.85,459.21,0.3521678050843972
2012-01-21,7.79,153.02,1.08,-5.65,405.18,0.39529039346207856
2012-01-22,7.29,171.41,-4.24,-12.0,246.04,0.3988839424935519
2012-01-23,0.56,240.63,-2.83,-11.31,258.6,0.39169684443060504
2012-01-24,3.67,255.8,-3.99,-19.47,133.52,0.3881032953991316
2012-01-25,0.3,209.57,-1.99,-8.65,315.29,0.38091619733618476
2012-01-26,4.0,185.76,-1.82,-9.14,306.65,0.3881032953991316
2012-01-27,6.02,209.68,-6.04,-15.41,187.71,0.3881032953991316
2012-01-28,0.0,242.49,-6.43,-13.93,208.89,0.3737290992732379
2012-01-29,2.81,202.85,-1.51,-9.57,297.15,0.38091619733618476
2012-01-30,1.54,208.55,-2.33,-9.21,304.63,0.3845097463676582
2012-01-31,4.19,182.66,-1.82,-8.71,315.06,0.3845097463676582
2012-02-01,1.04,301.78,-0.75,-11.44,254.96,0.3881032953991316
2012-02-02,1.82,300.01,-1.05,-12.02,245.54,0.3881032953991316
2012-02-03,0.33,377.73,-0.54,-17.04,161.6,0.3737290992732379
2012-02-04,0.0,392.0,1.25,-18.16,151.02,0.356120709019018
2012-02-05,0.0,396.46,2.14,-17.83,154.58,0.3528865148906919
2012-02-06,0.0,391.13,-1.27,-19.0,139.53,0.35827683843790203
2012-02-07,0.0,383.2,-2.1,-17.72,155.12,0.3579174835347547
2012-02-08,0.0,391.98,-0.95,-17.63,157.49,0.3521678050843972
2012-02-09,0.71,317.74,-0.36,-11.09,265.5,0.35935490314734414
2012-02-10,0.62,264.3,-1.0,-9.23,301.55,0.3701355502417644
2012-02-11,7.09,236.51,1.08,-8.5,319.41,0.3701355502417644
2012-02-12,1.98,296.69,1.85,-8.05,332.19,0.3737290992732379
2012-02-13,1.16,248.68,-0.39,-7.84,336.93,0.3737290992732379
2012-02-14,1.08,294.72,-2.19,-10.85,269.63,0.3737290992732379
2012-02-15,1.06,382.0,-2.54,-17.01,163.77,0.366542001210291
2012-02-16,0.0,439.34,-2.46,-19.99,127.7,0.3424652226994189
2012-02-17,2.18,334.28,-2.21,-13.23,223.67,0.3543239345032813
2012-02-18,0.42,337.26,-1.09,-10.97,264.74,0.36294845217881755
2012-02-19,4.2,286.68,-3.26,-14.9,193.56,0.366542001210291
2012-02-20,0.0,316.94,-6.11,-15.14,195.23,0.3554019992127233
2012-02-21,3.55,220.53,-1.9,-8.88,312.42,0.3525271599875445
2012-02-22,15.58,259.24,0.18,-9.41,302.75,0.36294845217881755
2012-02-23,14.41,264.13,-3.88,-13.76,214.73,0.3525271599875445
2012-02-24,3.35,326.52,-3.52,-14.31,203.94,0.3428245776025663
2012-02-25,3.49,282.07,-3.55,-12.75,226.29,0.366542001210291
2012-02-26,7.95,315.34,-6.02,-18.03,152.77,0.356120709019018
2012-02-27,0.27,477.18,-1.99,-18.64,141.7,0.345699416827745
2012-02-28,2.73,307.41,-3.78,-13.32,216.61,0.36294845217881755
2012-02-29,4.2,270.19,-3.9,-13.12,223.54,0.36294845217881755
2012-03-01,7.35,301.1,-5.93,-16.91,160.23,0.3589955482441967
2012-03-02,3.1,340.18,-6.77,-18.76,139.28,0.3492929658592185
2012-03-03,1.46,333.32,-2.92,-11.84,249.89,0.35935490314734414
2012-03-04,5.05,254.84,2.17,-5.78,399.17,0.366542001210291
2012-03-05,0.21,338.4,3.77,-4.33,446.25,0.37732264830471135
2012-03-06,0.91,464.82,1.87,-11.42,261.66,0.3845097463676582
2012-03-07,5.32,426.92,-0.73,-20.17,126.35,0.35755812863160735
2012-03-08,0.0,576.91,4.1,-17.78,152.89,0.3367155442490614
2012-03-09,0.1,568.4,8.28,-12.36,239.31,0.35935490314734414
2012-03-10,0.0,573.48,10.0,-10.66,271.82,0.35935490314734414
2012-03-11,0.0,530.5,8.11,-7.79,340.69,0.36294845217881755
2012-03-12,2.36,314.3,4.56,-4.41,439.05,0.37732264830471135
2012-03-13,1.32,289.68,4.56,-2.5,509.17,0.38091619733618476
2012-03-14,2.85,164.5,3.46,-0.8,579.48,0.39169684443060504
2012-03-15,8.45,178.45,5.1,0.02,611.66,0.4060710405564988
2012-03-16,3.83,146.78,4.23,0.53,633.4,0.42763233474533946
2012-03-17,7.41,274.31,7.31,0.13,616.27,0.46716137409154734
2012-03-18,4.54,371.78,5.84,-3.9,461.53,0.48512911924891455
2012-03-19,9.11,337.82,-0.9,-10.42,279.79,0.45997427602860047
2012-03-20,6.93,363.67,-2.59,-13.02,228.09,0.4168516876509191
2012-03-21,1.62,403.26,2.98,-6.0,389.93,0.4168516876509191
2012-03-22,0.7,585.34,10.17,-6.04,386.88,0.40966458958797225
2012-03-23,0.02,573.08,11.28,-3.41,469.67,0.42763233474533946
2012-03-24,0.0,600.6,12.33,-4.23,441.49,0.45278717796565354
2012-03-25,0.0,597.18,14.11,-2.45,500.83,0.48512911924891455
2012-03-26,0.0,589.77,11.64,-4.14,443.03,0.5318452566580693
2012-03-27,2.02,448.36,6.05,-5.18,415.75,0.521064609563649
2012-03-28,0.0,489.97,6.07,-4.62,435.57,0.4923162173118614
2012-03-29,4.31,325.12,2.85,-5.29,414.43,0.4815355702174411
2012-03-30,2.95,231.74,4.67,-0.81,577.74,0.4635678250600739
2012-03-31,7.72,325.87,10.65,1.72,692.66,0.5102839624692286
2012-04-01,1.6,517.95,8.01,-4.92,420.69,0.6324646295393256
2012-04-02,0.8,576.14,5.46,-8.72,314.01,0.6073097863190116
2012-04-03,0.0,656.31,9.1,-9.16,298.45,0.5570000998783834
2012-04-04,0.0,615.46,11.07,-4.55,428.42,0.5749678450357506
2012-04-05,0.01,534.12,7.7,-4.25,440.18,0.6252775314763788
2012-04-06,8.11,352.97,1.7,-7.71,344.51,0.6432452766337459
2012-04-07,12.59,392.9,0.54,-9.87,287.17,0.5965291392245913
2012-04-08,0.6,646.09,9.2,-7.76,337.48,0.5534065508469099
2012-04-09,0.2,685.91,13.39,-6.06,381.88,0.5534065508469099
2012-04-10,0.0,698.6,16.45,-3.8,444.27,0.5929355901931178
2012-04-11,0.0,682.38,17.08,-1.8,513.48,0.7151162572632147
2012-04-12,1.95,460.53,7.77,-2.76,498.72,0.9343227481830947
2012-04-13,6.6,437.75,6.72,-5.54,408.19,0.88760661077394
2012-04-14,0.0,653.56,7.89,-8.04,328.56,0.7941743359556305
2012-04-15,0.1,581.46,5.28,-7.78,336.9,0.7690194927353164
2012-04-16,1.91,535.97,6.22,-7.73,339.95,0.733084002420582
2012-04-17,4.04,313.01,6.4,-2.0,529.97,0.7187098062946883
2012-04-18,6.46,317.21,6.0,-2.41,514.01,0.7366775514520554
2012-04-19,11.24,382.34,6.4,-4.31,445.89,0.7402711004835288
2012-04-20,2.85,450.44,10.73,-0.61,582.8,0.7115227082317414
2012-04-21,0.0,572.47,13.84,1.1,655.02,0.8444840223962586
2012-04-22,0.0,689.08,17.93,-0.73,536.19,1.2254002197324434
2012-04-23,0.0,689.84,19.58,0.68,584.92,1.5667873777224202
2012-04-24,0.53,630.2,17.73,1.34,626.04,2.087851987286069
2012-04-25,4.15,495.02,16.08,0.79,634.54,2.835310185832545
2012-04-26,1.13,564.0,14.6,0.92,633.28,3.065297323846845
2012-04-27,4.34,363.4,4.86,-4.44,441.12,3.187477990916942
2012-04-28,8.07,271.29,1.67,-5.17,420.28,2.3178391253003694
2012-04-29,6.57,339.55,4.68,-4.2,448.95,1.883019692492083
2012-04-30,0.97,423.51,6.85,-2.19,522.33,1.6602196525407298
2012-05-01,10.77,347.32,6.12,-3.05,491.4,1.7356841822016722
2012-05-02,5.81,405.39,6.27,-3.71,465.65,1.6135035151315749
2012-05-03,1.83,493.96,9.77,-1.34,553.44,1.4949163970929515
2012-05-04,2.44,452.53,9.96,-0.66,583.41,1.458980906778217
2012-05-05,2.82,466.73,5.61,-5.13,422.32,1.5703809267538937
2012-05-06,7.74,496.69,6.46,-8.3,326.56,1.498509946124425
2012-05-07,0.0,724.15,10.88,-7.69,334.09,1.4446067106523233
2012-05-08,0.0,719.06,14.49,-4.07,430.52,1.538038985470633
2012-05-09,0.0,687.08,16.37,-0.39,566.29,1.9117680847438707
2012-05-10,0.1,607.77,11.49,-1.5,541.17,2.659226283290346
2012-05-11,0.36,640.07,10.16,-3.76,458.13,2.325026223363316
2012-05-12,0.0,697.09,12.77,-3.73,445.84,2.3501810665836302
2012-05-13,0.0,728.54,16.29,-2.83,458.23,2.5729811065349835
2012-05-14,0.0,723.81,18.65,-0.52,533.99,3.0581102257838984
2012-05-15,0.0,722.01,20.49,0.89,583.19,3.701355502417644
2012-05-16,0.0,696.37,20.04,2.03,639.93,4.204452366823926
2012-05-17,0.0,626.11,16.2,1.61,653.18,4.3122588377681295
2012-05-18,4.21,382.92,9.36,-1.02,571.09,4.384129818397597
2012-05-19,3.15,517.14,10.06,-3.28,478.77,3.66542001210291
2012-05-20,0.18,642.13,14.02,-1.28,533.99,3.3240328541129327
2012-05-21,0.01,667.93,18.1,1.26,619.19,3.5612070901901802
2012-05-22,4.01,475.27,13.17,1.01,655.87,4.599742760286005
2012-05-23,7.57,387.82,7.16,-2.31,520.21,4.671613740915473
2012-05-24,6.8,406.42,7.19,-3.69,467.73,3.6294845217881755
2012-05-25,3.88,296.54,3.85,-3.02,492.17,3.1335747554448403
2012-05-26,12.24,384.0,7.3,-2.7,501.64,2.899994068399067
2012-05-27,13.66,280.89,4.84,-2.02,530.42,3.032955382563584
2012-05-28,8.46,339.65,6.9,-1.66,543.16,2.842497283895492
2012-05-29,4.37,493.19,12.49,-1.69,542.32,2.738284361982762
2012-05-30,3.46,377.12,10.8,1.71,692.87,2.810155342612231
2012-05-31,1.04,581.31,14.4,0.69,622.12,2.7490650090771824
2012-06-01,2.46,492.2,15.74,3.68,784.03,3.334813501207353
2012-06-02,0.17,622.4,17.55,2.99,714.39,4.060710405564988
2012-06-03,6.38,455.64,18.09,4.47,833.95,5.102839624692286
2012-06-04,0.76,648.97,22.81,4.96,783.87,5.821549430986974
2012-06-05,0.92,687.42,22.69,1.25,602.53,6.432452766337459
2012-06-06,0.01,568.27,11.22,-1.46,543.72,6.073097863190115
2012-06-07,0.0,675.79,13.98,-2.68,470.37,4.456000799027067
2012-06-08,0.0,643.34,16.23,0.8,605.2,4.276323347453395
2012-06-09,10.78,405.46,9.99,-1.12,567.46,5.102839624692286
2012-06-10,4.86,268.84,4.64,-1.63,545.0,4.348194328082863
2012-06-11,5.28,483.23,12.41,-1.0,562.67,3.7372909927323787
2012-06-12,0.0,661.72,15.72,-0.18,572.74,3.557613541158706
2012-06-13,0.68,585.24,15.89,2.44,701.79,3.66542001210291
2012-06-14,1.82,646.24,15.5,-0.57,546.3,3.8450974636765816
2012-06-15,0.0,626.06,14.74,0.67,606.38,3.809161973361847
2012-06-16,0.06,686.9,17.49,0.4,566.06,3.593549031473441
2012-06-17,0.0,589.43,18.13,4.7,796.6,3.8810329539913164
2012-06-18,0.0,613.04,16.69,2.46,670.56,3.9888394249355197
2012-06-19,0.0,588.46,12.56,-0.33,563.51,3.916968444306051
2012-06-20,0.0,639.37,14.13,-0.48,540.14,3.496523207623658
2012-06-21,0.0,711.35,19.55,0.02,515.11,3.3276264031444067
2012-06-22,0.0,683.48,22.83,4.32,694.78,3.4174651289312425
2012-06-23,0.0,685.1,24.56,5.21,731.91,3.55042644309576
2012-06-24,0.0,675.46,25.86,6.29,787.0,3.6294845217881755
2012-06-25,0.0,610.83,24.69,8.28,949.49,3.557613541158706
2012-06-26,0.0,586.72,20.81,5.64,820.82,3.4713683644033444
2012-06-27,0.0,619.11,18.41,1.85,626.37,3.23778767735757
2012-06-28,0.0,666.4,22.75,3.03,639.59,2.9143682645249607
2012-06-29,0.0,630.71,23.35,5.12,749.81,2.7885940484233904
2012-06-30,0.0,649.7,24.09,4.56,696.32,2.705942420699501
2012-07-01,0.0,644.61,25.77,5.96,759.07,2.6053230478182448
2012-07-02,0.0,615.73,24.44,6.06,784.17,2.519077871062882
2012-07-03,0.0,584.13,23.92,7.0,862.37,2.4328326943075194
2012-07-04,0.0,604.52,23.18,5.24,753.05,2.3681488117409977
2012-07-05,0.0,504.84,19.17,5.71,847.13,2.2531552427338473
2012-07-06,4.23,464.79,21.01,5.05,817.18,2.1740971640414317
2012-07-07,0.13,559.85,22.26,6.25,812.28,2.084258438254596
2012-07-08,1.54,520.98,22.78,6.41,846.27,2.0411358498769143
2012-07-09,0.0,606.24,24.91,6.16,770.53,1.9764519673103924
2012-07-10,0.0,570.71,25.46,7.96,894.51,1.9045809866809236
2012-07-11,0.0,549.73,23.26,6.75,849.18,1.8542713002402955
2012-07-12,1.89,543.45,25.15,5.08,754.43,1.8111487118626142
2012-07-13,0.0,544.3,26.08,9.25,984.6,1.7644325744534595
2012-07-14,5.47,294.4,20.16,9.84,1216.22,1.8111487118626142
2012-07-15,8.34,291.32,19.74,9.03,1160.9,1.8291164570199816
2012-07-16,5.1,330.33,19.32,7.54,1038.47,1.7500583783275656
2012-07-17,8.24,361.96,20.48,6.42,953.66,1.7213099860757781
2012-07-18,0.0,533.88,22.8,6.39,864.79,1.6314712602889423
2012-07-19,0.0,558.33,25.1,6.98,852.76,1.5667873777224202
2012-07-20,0.0,439.78,24.04,10.77,1205.43,1.516477691281792
2012-07-21,0.0,483.74,24.16,9.32,1058.99,1.484135749998531
2012-07-22,0.0,523.92,24.69,8.01,938.82,1.4446067106523233
2012-07-23,0.5,498.94,23.81,7.58,935.47,1.4230454164634827
2012-07-24,0.35,430.42,21.57,8.64,1069.72,1.3907034751802216
2012-07-25,0.0,481.73,21.8,7.18,927.59,1.3511744358340139
2012-07-26,0.0,535.6,23.18,5.79,801.11,1.3152389455192792
2012-07-27,0.0,501.55,22.67,6.89,879.7,1.2972712003619122
2012-07-28,3.54,467.09,24.26,5.5,798.91,1.3403937887395936
2012-07-29,0.06,532.02,24.43,6.61,807.65,1.2828970042360186
2012-07-30,0.17,554.16,25.78,6.19,763.9,1.23258731779539
2012-07-31,0.0,535.36,25.63,7.26,809.81,1.196651827480656
2012-08-01,0.0,504.84,24.16,7.49,841.16,1.1750905332918151
2012-08-02,0.0,496.68,22.4,6.23,783.47,1.1427485920085543
2012-08-03,0.0,465.6,18.18,3.87,702.85,1.1104066507252934
2012-08-04,0.0,567.06,20.96,0.58,490.83,1.0708776113790854
2012-08-05,0.0,561.3,25.06,4.24,602.72,1.0529098662217182
2012-08-06,0.0,451.45,22.0,7.27,849.93,1.042129219127298
2012-08-07,1.42,477.8,23.5,5.57,735.36,1.0385356700958244
2012-08-08,0.0,531.58,26.44,6.93,750.84,1.00260017978109
2012-08-09,0.0,479.35,25.89,9.31,933.56,0.9810388855922494
2012-08-10,0.0,434.77,22.17,8.07,922.78,0.9666646894663555
2012-08-11,5.78,347.26,20.69,6.43,901.54,0.9954130817181431
2012-08-12,0.32,491.89,22.98,5.7,754.22,0.9522904933404618
2012-08-13,0.0,487.01,24.17,6.88,817.64,0.9163550030257275
2012-08-14,0.0,487.94,23.8,6.07,775.23,0.8768259636795196
2012-08-15,0.0,438.82,19.8,4.69,745.9,0.8588582185221524
2012-08-16,0.0,486.24,20.85,3.34,658.95,0.8301098262703649
2012-08-17,0.0,493.11,22.95,4.49,688.93,0.8121420811129976
2012-08-18,0.0,502.82,23.02,3.67,637.28,0.7869872378926835
2012-08-19,0.0,491.18,22.81,3.99,663.72,0.7654259437038429
2012-08-20,0.0,409.35,21.22,6.73,875.6,0.7546452966094227
2012-08-21,0.75,452.33,22.96,5.16,744.04,0.7402711004835288
2012-08-22,0.0,422.53,21.46,6.2,812.61,0.7223033553261616
2012-08-23,0.0,455.99,22.48,5.26,712.41,0.7043356101687944
2012-08-24,0.0,444.75,20.82,4.18,666.1,0.6863678650114272
2012-08-25,0.0,486.57,20.53,1.08,478.15,0.66840011985406
2012-08-26,0.0,478.17,22.44,3.37,510.25,0.6504323746966928
2012-08-27,1.56,404.85,24.03,7.06,686.18,0.6432452766337459
2012-08-28,0.0,466.91,25.67,6.75,581.26,0.6252775314763788
2012-08-29,0.0,419.13,23.66,7.67,665.23,0.6073097863190116
2012-08-30,0.0,459.97,22.5,3.93,478.41,0.5929355901931178
2012-08-31,0.0,379.4,20.14,5.98,643.21,0.5821549430986974
2012-09-01,2.87,271.45,16.41,5.57,787.21,0.6109033353504849
2012-09-02,12.04,267.07,16.56,3.74,679.83,0.6432452766337459
2012-09-03,0.0,416.21,18.06,2.27,512.26,0.6288710805078521
2012-09-04,0.0,417.18,17.85,1.95,499.61,0.5857484921301709
2012-09-05,0.0,439.91,18.39,0.88,445.95,0.5641871979413302
2012-09-06,0.0,405.84,16.67,1.14,488.7,0.5534065508469099
2012-09-07,0.82,398.91,16.81,0.29,467.34,0.5498130018154365
2012-09-08,0.0,459.95,20.29,0.68,383.1,0.5390323547210162
2012-09-09,0.0,447.97,21.58,2.45,417.13,0.5246581585951223
2012-09-10,0.0,375.36,20.05,5.29,564.47,0.5174710605321755
2012-09-11,0.0,395.27,15.89,0.21,398.78,0.513877511500702
2012-09-12,0.0,403.38,13.76,-2.43,334.57,0.4995033153748083
2012-09-13,0.0,456.18,19.04,-1.68,290.53,0.48512911924891455
2012-09-14,0.0,444.25,20.82,0.6,344.66,0.4815355702174411
2012-09-15,0.0,418.48,20.74,2.36,412.71,0.4779420211859677
2012-09-16,0.0,377.17,16.91,1.3,436.26,0.47075492312302075
2012-09-17,0.67,369.96,15.44,-0.51,400.49,0.4743484721544942
2012-09-18,0.0,408.9,18.53,0.54,388.11,0.4635678250600739
2012-09-19,0.0,396.35,19.02,1.54,426.56,0.456380726997127
2012-09-20,0.0,397.28,19.32,1.51,425.0,0.44919362893418013
2012-09-21,0.0,405.93,20.75,1.81,421.65,0.4420065308712332
2012-09-22,0.0,397.78,21.06,2.44,448.82,0.4384129818397598
2012-09-23,0.0,378.14,20.16,2.83,485.56,0.43481943280828633
2012-09-24,0.05,308.83,16.86,3.65,607.7,0.4312258837768129
2012-09-25,2.84,228.87,15.15,4.24,742.18,0.44560007990270667
2012-09-26,2.67,258.5,15.61,2.98,666.74,0.45278717796565354
2012-09-27,1.17,323.17,16.51,1.48,540.67,0.44919362893418013
2012-09-28,0.0,343.42,17.02,1.7,533.53,0.43481943280828633
2012-09-29,0.18,261.87,14.06,2.99,680.85,0.424038785713866
2012-09-30,0.44,316.49,15.81,1.54,563.05,0.4204452366823926
2012-10-01,0.0,360.06,17.12,-0.05,464.87,0.4132581386194457
2012-10-02,0.0,323.62,16.52,1.64,561.61,0.40966458958797225
2012-10-03,0.0,296.65,8.1,-4.84,394.75,0.40966458958797225
2012-10-04,0.0,260.32,4.13,-6.72,365.15,0.39169684443060504
2012-10-05,0.0,296.17,3.03,-9.73,281.15,0.3881032953991316
2012-10-06,0.0,356.33,4.52,-12.8,203.9,0.37732264830471135
2012-10-07,0.0,342.16,8.71,-7.84,287.75,0.37732264830471135
2012-10-08,0.11,305.09,9.92,-4.38,388.51,0.37732264830471135
2012-10-09,0.0,238.33,7.9,-2.55,487.27,0.37732264830471135
2012-10-10,0.0,334.48,13.08,-3.57,383.03,0.3701355502417644
2012-10-11,0.0,327.95,14.46,-2.13,418.42,0.3701355502417644
2012-10-12,0.0,330.87,15.98,-1.38,434.97,0.366542001210291
2012-10-13,0.09,213.3,9.12,-0.68,546.82,0.36294845217881755
2012-10-14,0.27,251.92,10.89,-0.7,489.88,0.36294845217881755
2012-10-15,0.0,172.15,8.34,0.85,607.25,0.36294845217881755
2012-10-16,4.71,176.28,6.76,-2.93,451.74,0.3737290992732379
2012-10-17,12.31,151.14,2.77,-5.41,403.13,0.4204452366823926
2012-10-18,0.0,306.16,6.98,-6.72,313.89,0.3845097463676582
2012-10-19,0.07,265.93,8.49,-3.01,433.28,0.366542001210291
2012-10-20,1.19,152.66,6.86,0.34,620.76,0.366542001210291
2012-10-21,4.56,170.46,5.96,-1.64,536.95,0.38091619733618476
2012-10-22,0.87,151.9,3.8,-2.14,524.02,0.3701355502417644
2012-10-23,13.4,166.64,0.8,-7.13,360.42,0.3845097463676582
2012-10-24,4.24,235.92,0.18,-11.57,254.37,0.3737290992732379
2012-10-25,0.92,257.7,-2.03,-12.19,240.57,0.3439026423120083
2012-10-26,3.41,182.98,-3.27,-11.06,263.8,0.343543287408861
2012-10-27,3.06,126.55,-1.6,-6.77,363.92,0.3546832894064286
2012-10-28,6.23,132.12,3.11,-2.81,496.76,0.36294845217881755
2012-10-29,9.27,103.95,5.61,0.9,646.91,0.3845097463676582
2012-10-30,4.74,196.31,8.62,-0.55,586.74,0.4420065308712332
2012-10-31,0.0,295.86,11.44,-0.94,570.25,0.4204452366823926
2012-11-01,0.0,256.66,8.7,-1.36,552.36,0.39529039346207856
2012-11-02,0.21,238.4,5.54,-3.57,466.98,0.3881032953991316
2012-11-03,0.0,279.63,6.41,-5.15,419.61,0.3701355502417644
2012-11-04,0.0,188.67,6.18,-0.89,573.79,0.36294845217881755
2012-11-05,0.0,226.48,8.17,-0.71,578.26,0.35648006392216536
2012-11-06,0.0,243.81,8.95,-0.88,572.59,0.3543239345032813
2012-11-07,0.0,244.81,9.54,-0.77,577.36,0.3543239345032813
2012-11-08,0.0,219.42,6.83,-2.01,527.74,0.35827683843790203
2012-11-09,3.45,207.19,1.61,-7.58,347.41,0.36294845217881755
2012-11-10,7.6,209.0,-5.59,-16.8,167.23,0.3496523207623658
2012-11-11,1.83,203.98,-9.75,-17.89,151.02,0.2943116656776748
2012-11-12,1.19,206.77,-4.92,-12.69,230.17,0.3029361833532111
2012-11-13,2.06,155.44,-2.36,-8.24,325.96,0.33923102857109283
2012-11-14,3.09,137.51,-0.68,-6.06,392.38,0.34174651289312424
2012-11-15,2.92,201.98,0.54,-8.41,323.6,0.33276264031444064
2012-11-16,0.0,270.12,4.13,-7.46,350.07,0.31982586380113626
2012-11-17,1.68,140.87,3.21,-1.99,531.86,0.3302471559924092
2012-11-18,2.06,124.93,2.24,-2.38,516.33,0.33599683444276673
2012-11-19,2.11,120.63,1.83,-2.64,506.77,0.33887167366794546
2012-11-20,2.37,81.27,3.17,0.04,615.58,0.3316845756049986
2012-11-21,0.45,225.23,3.02,-6.06,394.75,0.3403090932805348
2012-11-22,9.29,180.36,-2.24,-11.95,246.74,0.33312199521758795
2012-11-23,0.0,272.21,0.91,-12.39,236.29,0.2899994068399067
2012-11-24,1.07,169.01,1.2,-5.35,411.63,0.32018521870428357
2012-11-25,6.04,199.96,0.2,-11.13,266.74,0.3356374795396194
2012-11-26,7.89,207.93,-2.66,-18.22,145.19,0.2975458598060009
2012-11-27,0.0,242.98,-0.16,-11.16,260.57,0.2907181166462014
2012-11-28,0.14,239.93,2.97,-8.52,322.19,0.3212632834137256
2012-11-29,1.69,118.4,1.81,-3.16,487.98,0.32162263831687293
2012-11-30,2.42,84.78,2.33,-1.23,560.81,0.3244974775420517
2012-12-01,9.69,57.88,1.54,-1.16,564.17,0.33420005992703
2012-12-02,9.51,147.92,2.52,-5.34,416.56,0.3431839325057136
2012-12-03,12.87,127.89,-2.44,-8.89,310.85,0.35360522469698663
2012-12-04,1.76,181.78,0.38,-7.3,355.13,0.3489336109560711
2012-12-05,7.77,86.92,1.85,-2.22,520.99,0.3521678050843972
2012-12-06,10.95,113.47,-0.52,-5.91,396.73,0.35935490314734414
2012-12-07,4.65,93.52,-4.75,-8.9,311.47,0.3374342540553561
2012-12-08,4.35,190.19,-6.99,-18.52,147.1,0.3194665088979889
2012-12-09,1.57,232.38,-9.86,-22.72,94.65,0.2641258538132979
2012-12-10,3.96,132.18,-7.38,-13.64,209.13,0.2738284361982762
2012-12-11,6.27,122.54,-4.05,-9.77,290.43,0.28820263232417
2012-12-12,6.17,117.57,-2.57,-8.03,333.73,0.3284503814766725
2012-12-13,7.9,129.11,-2.08,-8.3,324.23,0.33420005992703
2012-12-14,3.97,142.54,0.16,-6.46,379.04,0.33959038347424014
2012-12-15,3.16,147.1,-3.38,-9.82,290.79,0.33887167366794546
2012-12-16,0.44,158.78,-5.53,-11.03,264.79,0.3173103794791048
2012-12-17,5.98,163.32,-2.44,-10.67,271.58,0.2950303754839695
2012-12-18,11.2,187.69,-7.81,-19.23,136.84,0.2745471460045709
2012-12-19,0.0,262.03,-10.8,-24.62,81.35,0.22962778311115287
2012-12-20,0.0,252.69,-6.18,-18.86,140.61,0.2878432774210226
2012-12-21,0.34,248.23,-2.0,-14.97,194.7,0.35144909527810253
2012-12-22,0.0,253.78,-0.61,-13.92,210.52,0.27131295187624477
2012-12-23,2.43,157.73,-3.87,-10.54,275.39,0.2705942420699501
2012-12-24,3.84,185.23,-2.66,-13.75,211.73,0.2802968244549284
2012-12-25,4.86,177.2,-7.45,-17.75,152.09,0.26448520871644526
2012-12-26,0.0,207.21,-6.33,-14.39,203.56,0.256938755750351
2012-12-27,1.39,175.53,-6.32,-13.2,221.43,0.26520391852273995
2012-12-28,0.42,183.57,-7.23,-13.87,213.56,0.2659226283290346
2012-12-29,0.0,252.21,-5.57,-16.83,165.2,0.2605323047818245
2012-12-30,0.0,248.51,-6.76,-17.69,157.81,0.25657940084720365
2012-12-31,0.0,250.36,-6.16,-17.26,161.5,0.24579875375278337
2013-01-01,0.56,210.23,-7.55,-18.08,150.43,0.25047036749369883
2013-01-02,0.0,248.09,-7.51,-21.03,116.08,0.24723617336537274
2013-01-03,0.0,274.0,-2.55,-20.27,127.84,0.24148649491501523
2013-01-04,0.82,248.79,-2.6,-17.89,156.41,0.30832650690042124
2013-01-05,0.0,263.87,-3.18,-18.55,146.95,0.35935490314734414
2013-01-06,0.0,245.56,-2.52,-15.54,188.86,0.32341941283260967
2013-01-07,1.76,158.45,-4.9,-12.78,231.05,0.2583761753629404
2013-01-08,3.71,87.96,-3.8,-8.29,326.33,0.24112714001186789
2013-01-09,2.35,142.85,1.04,-6.09,387.17,0.23861165568983647
2013-01-10,1.19,220.41,0.57,-10.79,270.91,0.23968972039927852
2013-01-11,4.27,195.54,-9.26,-21.83,110.49,0.23861165568983647
2013-01-12,0.88,255.2,-13.61,-26.32,77.14,0.22639358898282677
2013-01-13,0.47,264.27,-15.31,-28.61,60.45,0.21669100659784848
2013-01-14,0.0,269.79,-15.67,-28.68,55.19,0.222440685048206
2013-01-15,2.82,190.67,-10.5,-20.04,129.74,0.24292391452760462
2013-01-16,1.99,231.66,-4.98,-16.32,173.87,0.25657940084720365
2013-01-17,0.0,286.88,-1.61,-16.29,178.76,0.2210032654356166
2013-01-18,0.02,278.09,-0.44,-14.01,212.8,0.2249561693702374
2013-01-19,0.0,283.82,-1.48,-15.44,192.3,0.22783100859541616
2013-01-20,0.0,280.37,-1.4,-14.66,201.12,0.212019392856933
2013-01-21,0.0,282.73,0.0,-13.26,225.32,0.21166003795378566
2013-01-22,0.0,303.88,0.52,-14.8,202.63,0.22890907330485818
2013-01-23,0.0,276.15,1.73,-10.55,280.44,0.20842584382545956
2013-01-24,0.22,172.22,0.31,-6.15,386.8,0.2102226183411963
2013-01-25,2.44,103.93,0.2,-3.99,456.18,0.21130068305063832
2013-01-26,2.14,110.48,2.02,-2.22,520.34,0.21417552227581707
2013-01-27,3.02,198.74,0.08,-8.92,314.79,0.21848778111358522
2013-01-28,6.36,157.19,-6.56,-13.9,212.57,0.21561294188840646
2013-01-29,2.38,194.92,-7.83,-16.03,175.62,0.20662906930972286
2013-01-30,4.27,179.77,-4.64,-12.95,225.39,0.20734777911601754
2013-01-31,8.5,93.49,-3.05,-7.01,360.29,0.20842584382545956
2013-02-01,5.66,141.35,-1.55,-7.43,349.79,0.21058197324434363
2013-02-02,4.37,207.54,-0.99,-9.69,294.03,0.20986326343804895
2013-02-03,0.0,333.87,0.78,-11.48,256.13,0.21237874776008037
2013-02-04,0.0,255.45,-1.33,-9.23,299.83,0.21561294188840646
2013-02-05,1.24,224.94,0.33,-6.47,375.1,0.22280003995135333
2013-02-06,0.17,301.18,-1.01,-10.47,277.77,0.22747165369226882
2013-02-07,0.14,348.51,-0.36,-12.76,232.39,0.22998713801430024
2013-02-08,0.0,356.96,0.12,-12.51,235.1,0.23645552627095243
2013-02-09,0.0,327.64,-1.98,-12.59,233.67,0.23537746156151038
2013-02-10,0.2,386.24,-6.14,-20.96,121.21,0.2450800439464887
2013-02-11,0.0,419.27,-5.96,-25.02,81.13,0.22639358898282677
2013-02-12,0.42,357.82,-5.24,-17.3,159.28,0.23897101059298384
2013-02-13,2.27,174.2,-3.44,-8.68,316.6,0.2511890772999935
2013-02-14,3.57,218.27,-3.75,-10.79,270.05,0.2511890772999935
2013-02-15,2.94,278.33,-1.08,-10.76,269.66,0.25298585181573024
2013-02-16,0.89,285.79,-0.55,-8.55,317.28,0.2544232714283196
2013-02-17,1.76,300.07,-2.64,-11.55,254.22,0.2637664989101506
2013-02-18,3.37,350.59,-3.23,-16.84,165.66,0.2608916596849718
2013-02-19,0.0,456.7,0.29,-17.12,161.99,0.2540639165251723
2013-02-20,0.0,442.94,0.96,-14.08,206.65,0.26125101458811917
2013-02-21,2.88,348.06,-2.13,-15.33,187.28,0.27095359697309745
2013-02-22,0.0,367.96,-4.61,-13.97,209.0,0.2695161773605081
2013-02-23,2.57,330.13,-3.23,-14.1,208.7,0.2695161773605081
2013-02-24,3.87,362.94,-2.16,-18.25,150.0,0.26771940284477136
2013-02-25,0.0,429.16,-4.41,-16.85,164.28,0.2526264969125829
2013-02-26,1.6,379.46,-3.85,-15.48,184.11,0.26843811265106604
2013-02-27,0.45,414.04,-3.5,-15.38,184.92,0.26771940284477136
2013-02-28,0.53,428.73,-2.58,-15.04,189.26,0.2698755322636554
2013-03-01,2.33,296.89,0.94,-7.81,337.88,0.2720316616825395
2013-03-02,1.21,293.08,4.08,-3.75,461.52,0.2813748891643704
2013-03-03,2.16,402.7,1.65,-12.02,246.66,0.2917961813556434
2013-03-04,8.49,363.22,-4.18,-19.06,139.16,0.2785000499391917
2013-03-05,0.0,528.98,-0.49,-19.89,127.19,0.2572981106534984
2013-03-06,0.0,476.06,2.15,-12.23,238.76,0.277781340132897
2013-03-07,6.99,318.81,1.73,-9.99,286.67,0.29035876174305403
2013-03-08,2.91,343.42,3.24,-7.46,346.49,0.29790521470914827
2013-03-09,0.68,471.21,1.21,-13.24,219.8,0.2917961813556434
2013-03-10,0.0,544.69,4.28,-14.6,196.31,0.2795781146486337
2013-03-11,0.11,474.5,1.32,-12.49,229.89,0.29251489116193813
2013-03-12,0.89,486.38,1.64,-14.22,201.11,0.2820935989706651
2013-03-13,0.35,376.62,6.9,-2.75,492.9,0.29287424606508544
2013-03-14,0.05,458.15,10.19,-2.08,502.95,0.3086858618035686
2013-03-15,0.0,423.74,8.88,-2.03,510.08,0.3212632834137256
2013-03-16,0.0,409.25,6.02,-4.33,431.52,0.33420005992703
2013-03-17,4.23,372.56,-0.98,-12.15,242.83,0.3302471559924092
2013-03-18,5.67,338.51,-4.34,-15.44,184.81,0.2824529538738125
2013-03-19,3.0,435.07,0.15,-13.35,212.55,0.30113940883747436
2013-03-20,0.25,477.19,1.64,-10.81,266.4,0.29862392451544295
2013-03-21,8.25,366.21,-0.36,-12.72,233.9,0.3230600579294623
2013-03-22,4.69,472.41,-3.19,-19.0,135.57,0.2899994068399067
2013-03-23,0.08,600.1,-4.15,-22.46,102.85,0.28820263232417
2013-03-24,0.08,598.71,-4.6,-22.64,101.56,0.2702348871668028
2013-03-25,0.0,634.97,0.17,-21.85,104.87,0.2824529538738125
2013-03-26,0.31,599.49,4.04,-15.07,179.53,0.29610844019341154
2013-03-27,1.19,499.0,4.9,-9.06,289.32,0.31335747554448407
2013-03-28,0.15,556.7,8.42,-6.99,328.87,0.3101232814161579
2013-03-29,0.32,473.17,7.48,-4.87,396.56,0.3158729598665154
2013-03-30,4.0,380.89,7.65,-4.34,428.55,0.32952844618611454
2013-03-31,0.28,576.05,10.54,-6.14,338.93,0.3356374795396194
2013-04-01,0.0,587.84,10.98,-6.1,330.63,0.3485742560529238
2013-04-02,0.0,612.77,12.29,-6.29,315.23,0.3737290992732379
2013-04-03,0.06,500.55,10.52,-2.64,452.02,0.4024774915250254
2013-04-04,0.0,485.91,10.92,-1.24,505.43,0.4132581386194457
2013-04-05,2.34,273.02,6.21,-0.92,561.47,0.46716137409154734
2013-04-06,9.59,236.59,4.57,-2.34,516.85,0.48872266828038796
2013-04-07,6.04,280.4,4.43,-3.74,464.38,0.45997427602860047
2013-04-08,11.98,358.25,-0.8,-11.48,257.83,0.44919362893418013
2013-04-09,3.81,456.3,-0.72,-14.28,203.32,0.39169684443060504
2013-04-10,0.0,676.41,4.08,-15.81,169.68,0.3845097463676582
2013-04-11,3.96,395.33,6.5,-4.96,421.07,0.4024774915250254
2013-04-12,0.55,570.82,5.89,-8.37,308.12,0.39169684443060504
2013-04-13,3.4,516.12,3.56,-11.18,259.98,0.3988839424935519
2013-04-14,13.79,432.4,-0.4,-13.88,210.0,0.3881032953991316
2013-04-15,2.6,516.75,-0.89,-14.98,192.58,0.39169684443060504
2013-04-16,0.38,532.46,-3.8,-15.91,178.26,0.3737290992732379
2013-04-17,0.1,638.91,-2.13,-18.47,142.93,0.3521678050843972
2013-04-18,0.08,690.16,1.6,-18.2,142.85,0.35180845018124984
2013-04-19,1.76,373.46,2.92,-6.03,385.93,0.3737290992732379
2013-04-20,4.16,343.48,5.5,-3.62,460.47,0.3737290992732379
2013-04-21,4.09,440.24,5.34,-7.25,346.86,0.3701355502417644
2013-04-22,6.3,468.28,-1.35,-16.09,178.12,0.37732264830471135
2013-04-23,0.37,720.15,1.59,-20.01,122.01,0.34462135211830297
2013-04-24,0.76,656.65,5.31,-12.28,224.33,0.35683941882531267
2013-04-25,0.09,615.01,8.78,-5.63,373.23,0.35935490314734414
2013-04-26,0.09,675.46,12.26,-5.17,362.41,0.3737290992732379
2013-04-27,0.2,625.42,13.31,-1.87,467.58,0.4384129818397598
2013-04-28,0.0,436.08,9.56,0.38,595.34,0.5929355901931178
2013-04-29,0.75,472.74,6.28,-3.76,446.42,0.6504323746966928
2013-04-30,2.42,497.11,3.14,-8.54,308.05,0.5965291392245913
2013-05-01,0.9,548.32,1.57,-10.4,269.3,0.5498130018154365
2013-05-02,0.86,707.82,7.79,-11.88,206.58,0.5246581585951223
2013-05-03,0.05,614.72,9.02,-4.51,375.19,0.6396517276022725
2013-05-04,2.29,391.19,7.32,-1.51,519.74,0.7115227082317414
2013-05-05,0.28,578.25,10.39,-2.21,442.19,0.8337033753018382
2013-05-06,0.0,676.55,14.49,-2.02,403.17,1.1535292391029746
2013-05-07,0.0,666.65,15.44,-0.97,429.57,1.6027228680371548
2013-05-08,0.09,627.1,14.76,-0.14,470.46,1.980045516341866
2013-05-09,0.0,657.07,15.14,-0.93,434.4,2.303464929174476
2013-05-10,0.0,661.84,15.23,-0.95,431.36,2.303464929174476
2013-05-11,0.0,655.63,15.47,-0.6,441.89,2.493923027842568
2013-05-12,0.0,652.29,18.22,2.1,522.51,2.7239101658568683
2013-05-13,0.0,635.31,19.68,3.99,599.06,3.5648006392216534
2013-05-14,0.0,615.91,18.01,3.11,577.36,4.8153557021744104
2013-05-15,0.0,657.65,17.32,0.79,473.5,4.707549231230208
2013-05-16,1.49,462.32,13.11,2.17,628.8,4.132581386194458
2013-05-17,5.0,277.44,9.49,2.03,696.37,4.024774915250254
2013-05-18,7.26,284.66,8.59,1.17,659.85,3.809161973361847
2013-05-19,10.46,221.44,6.31,0.64,635.82,3.701355502417644
2013-05-20,8.0,343.0,8.94,-0.16,607.03,3.2162263831687294
2013-05-21,1.94,596.45,13.39,-1.6,469.0,2.9359295587138012
2013-05-22,0.4,611.65,14.59,0.45,527.08,2.9718650490285357
2013-05-23,4.29,430.61,12.65,1.02,631.69,3.302471559924092
2013-05-24,3.29,505.1,11.75,-1.65,495.39,3.489336109560711
2013-05-25,0.0,671.31,14.93,-0.62,470.53,3.1335747554448403
2013-05-26,0.0,650.62,14.85,0.06,491.21,3.014987637406217
2013-05-27,1.37,464.34,11.18,1.11,605.55,2.9143682645249607
2013-05-28,2.89,435.71,11.13,1.0,613.31,2.7526585581086556
2013-05-29,4.78,200.0,6.65,1.78,696.29,2.774219852297496
2013-05-30,11.25,304.35,7.41,-0.04,612.24,2.874839225178753
2013-05-31,2.22,337.78,6.12,-0.87,573.66,2.590948851692351
2013-06-01,0.0,676.84,13.36,-1.78,449.92,2.3609617136780505
2013-06-02,0.8,664.72,16.69,0.58,516.81,2.4400197923704665
2013-06-03,3.84,428.55,10.51,-0.14,568.11,2.738284361982762
2013-06-04,0.71,530.9,9.84,-0.78,536.73,2.562200459440563
2013-06-05,0.0,719.79,15.11,-2.65,394.48,2.457987537527834
2013-06-06,0.05,674.55,17.83,2.22,548.15,2.6448520871644527
2013-06-07,0.16,664.49,18.53,3.17,580.37,2.8856198722731734
2013-06-08,0.8,599.47,18.41,4.41,660.84,3.1982586380113625
2013-06-09,0.0,693.78,20.7,3.74,576.71,3.4641812663403972
2013-06-10,0.0,659.29,22.08,6.58,715.42,3.773226483047113
2013-06-11,0.0,650.8,20.15,4.99,650.56,3.916968444306051
2013-06-12,0.98,522.5,15.74,4.41,719.88,3.8810329539913164
2013-06-13,4.98,541.59,17.72,2.03,612.53,3.66542001210291
2013-06-14,4.3,454.91,11.31,-0.31,556.17,3.5396457960013397
2013-06-15,0.88,686.88,17.06,-1.64,423.81,2.957490852902642
2013-06-16,0.0,699.37,19.34,1.16,498.39,2.76703275423455
2013-06-17,0.0,679.63,20.69,3.15,564.06,2.6700069303847664
2013-06-18,0.0,654.31,21.96,5.11,649.05,2.680787577479187
2013-06-19,0.0,690.73,21.17,2.0,506.29,2.6664133813532933
2013-06-20,0.0,609.97,13.95,-0.55,471.56,2.619697243944138
2013-06-21,0.0,573.35,12.79,-0.35,495.25,2.396897203992785
2013-06-22,0.0,522.96,11.48,-0.19,526.7,2.2639358898282675
2013-06-23,0.87,594.51,16.02,0.5,504.34,2.184877811135852
2013-06-24,0.0,634.49,19.44,3.34,575.15,2.134568124695224
2013-06-25,4.17,331.83,15.35,5.79,888.75,2.2028455562932194
2013-06-26,5.24,372.32,17.42,6.82,943.6,2.2747165369226883
2013-06-27,0.0,625.92,22.79,6.44,718.26,2.249561693702374
2013-06-28,0.0,635.33,25.36,7.59,753.93,2.1920649091987987
2013-06-29,0.0,630.23,25.63,7.72,749.79,2.127381026632277
2013-06-30,0.56,593.72,24.54,7.41,772.8,2.084258438254596
2013-07-01,0.0,582.84,25.09,8.91,860.14,2.0016068105307068
2013-07-02,0.0,621.48,26.47,8.1,776.54,1.929735829901238
2013-07-03,0.0,545.83,25.84,10.55,994.5,1.850677751208822
2013-07-04,0.0,561.08,24.77,8.99,886.52,1.7967745157367205
2013-07-05,3.72,429.3,20.63,7.41,927.89,1.7895874176737736
2013-07-06,9.46,399.17,19.93,5.64,839.57,1.832710006051455
2013-07-07,7.21,439.98,21.75,5.7,814.49,1.793180966705247
2013-07-08,3.14,468.78,22.18,6.65,833.37,1.728497084138725
2013-07-09,0.86,558.62,22.92,6.3,731.73,1.6494390054463095
2013-07-10,0.0,587.46,24.7,6.99,739.33,1.5775680248168407
2013-07-11,0.0,540.83,23.52,8.03,826.08,1.523664789344739
2013-07-12,0.38,490.84,21.14,7.25,834.03,1.491322848061478
2013-07-13,0.06,515.61,21.27,6.61,772.76,1.4482002596837968
2013-07-14,0.0,555.08,22.55,6.09,670.69,1.4158583184005358
2013-07-15,0.0,568.3,24.57,7.14,694.07,1.3727357300228544
2013-07-16,0.07,490.56,21.92,8.0,819.24,1.3332066906766467
2013-07-17,3.45,413.62,23.57,9.5,983.21,1.3224260435822264
2013-07-18,2.31,462.84,23.92,8.6,891.51,1.311645396487806
2013-07-19,0.0,565.22,24.69,7.01,705.82,1.2613357100471778
2013-07-20,0.0,566.07,24.45,6.42,666.66,1.2182131216694965
2013-07-21,0.0,556.06,24.52,6.76,679.05,1.1858711803862356
2013-07-22,0.0,561.93,24.8,6.29,631.5,1.157122788134448
2013-07-23,0.0,563.84,24.52,5.73,606.43,1.124780846851187
2013-07-24,0.0,523.69,24.59,7.89,735.61,1.0960324545993994
2013-07-25,0.0,523.19,23.84,6.75,685.37,1.0708776113790854
2013-07-26,0.0,536.56,25.12,6.98,679.81,1.042129219127298
2013-07-27,0.0,463.03,21.21,6.67,748.76,1.0241614739699307
2013-07-28,0.51,446.85,19.68,5.42,714.26,1.0205679249384572
2013-07-29,1.94,421.67,19.62,4.4,694.07,0.9990066307496166
2013-07-30,6.24,361.94,20.07,4.76,759.2,1.0133808268755102
2013-07-31,4.15,419.35,22.16,4.5,704.22,0.9774453365607759
2013-08-01,3.41,390.35,23.09,7.59,904.5,0.9486969443089884
2013-08-02,0.78,431.04,20.1,5.78,778.92,0.9235421010886744
2013-08-03,0.0,512.87,21.5,4.22,636.79,0.8912001598054133
2013-08-04,0.0,516.03,22.98,4.98,659.29,0.8552646694906789
2013-08-05,0.0,519.47,23.78,5.15,664.04,0.8337033753018382
2013-08-06,0.0,488.13,22.08,5.24,699.81,0.8085485320815242
2013-08-07,0.0,504.48,22.89,4.94,672.04,0.7833936888612101
2013-08-08,0.0,485.71,22.44,5.46,714.08,0.7654259437038429
2013-08-09,0.83,377.35,19.01,6.18,856.52,0.758238845640896
2013-08-10,2.28,413.29,21.84,5.53,785.72,0.7546452966094227
2013-08-11,0.0,466.94,22.52,6.14,774.74,0.733084002420582
2013-08-12,0.18,465.52,22.26,5.58,751.74,0.7187098062946883
2013-08-13,0.05,472.15,21.92,4.93,717.35,0.700742061137321
2013-08-14,0.51,468.43,22.1,4.63,705.66,0.6899614140429007
2013-08-15,0.0,495.3,24.65,5.61,725.95,0.6719936688855335
2013-08-16,0.0,490.2,25.91,6.77,770.1,0.6612130217911132
2013-08-17,0.0,475.45,26.02,7.6,802.11,0.6432452766337459
2013-08-18,0.0,430.23,25.08,9.34,907.96,0.6288710805078521
2013-08-19,0.0,461.88,25.16,7.64,744.98,0.6144968843819585
2013-08-20,0.0,430.6,24.98,9.06,847.63,0.6001226882560646
2013-08-21,0.0,429.75,23.67,7.81,787.57,0.5857484921301709
2013-08-22,6.47,319.8,22.15,7.61,905.74,0.6144968843819585
2013-08-23,3.54,325.5,21.69,7.96,937.35,0.6073097863190116
2013-08-24,3.46,289.01,19.23,7.58,959.27,0.6001226882560646
2013-08-25,2.65,347.06,21.53,7.02,878.39,0.6001226882560646
2013-08-26,0.11,347.3,20.59,8.72,995.95,0.5749678450357506
2013-08-27,1.64,354.18,20.57,7.26,880.65,0.5677807469728037
2013-08-28,0.21,391.34,21.22,7.18,826.39,0.5570000998783834
2013-08-29,1.98,374.4,21.77,6.64,772.98,0.5534065508469099
2013-08-30,2.89,341.32,22.66,7.82,877.33,0.5534065508469099
2013-08-31,0.39,431.16,22.49,5.62,672.48,0.5426259037524895
2013-09-01,0.0,462.61,24.08,5.28,622.17,0.521064609563649
2013-09-02,0.0,332.52,18.99,7.08,856.21,0.5102839624692286
2013-09-03,4.05,280.74,20.76,8.88,1037.52,0.521064609563649
2013-09-04,3.17,290.62,21.29,8.81,1027.27,0.521064609563649
2013-09-05,0.0,388.35,22.66,8.37,882.6,0.513877511500702
2013-09-06,0.0,399.64,23.07,8.11,850.99,0.5066904134377551
2013-09-07,1.46,352.04,21.1,7.31,864.85,0.5066904134377551
2013-09-08,0.84,321.52,18.03,6.29,857.22,0.4995033153748083
2013-09-09,4.85,280.84,16.32,4.04,776.75,0.4959097663433349
2013-09-10,0.0,419.28,19.05,2.84,622.06,0.48512911924891455
2013-09-11,0.36,398.95,19.56,3.93,681.48,0.4743484721544942
2013-09-12,0.06,288.19,15.2,5.0,811.63,0.4635678250600739
2013-09-13,2.92,308.19,16.94,4.69,776.31,0.47075492312302075
2013-09-14,3.32,154.82,12.7,6.57,967.99,0.4743484721544942
2013-09-15,5.87,213.88,14.75,6.51,950.63,0.4779420211859677
2013-09-16,1.51,345.38,19.12,6.33,869.65,0.4923162173118614
2013-09-17,6.47,248.46,15.01,4.22,824.75,0.48512911924891455
2013-09-18,17.19,163.68,7.6,1.07,664.9,0.6180904334134318
2013-09-19,12.47,226.98,8.34,-1.08,568.11,0.6504323746966928
2013-09-20,0.04,429.55,15.45,-1.62,528.73,0.5605936489098567
2013-09-21,0.2,396.28,17.57,2.16,695.76,0.513877511500702
2013-09-22,0.05,338.39,14.73,3.06,757.95,0.48872266828038796
2013-09-23,0.45,301.06,11.05,0.96,653.43,0.4779420211859677
2013-09-24,0.0,341.91,12.64,0.9,651.57,0.46716137409154734
2013-09-25,6.22,190.36,5.39,-2.04,533.12,0.47075492312302075
2013-09-26,9.34,204.04,3.89,-3.91,460.39,0.4923162173118614
2013-09-27,4.0,165.1,3.01,-3.05,489.93,0.4815355702174411
2013-09-28,1.89,167.93,3.8,-1.44,552.22,0.47075492312302075
2013-09-29,4.47,119.43,5.51,1.34,671.1,0.46716137409154734
2013-09-30,10.38,162.75,6.48,0.43,632.45,0.5426259037524895
2013-10-01,1.69,301.84,7.89,-1.67,542.79,0.7258969043576351
2013-10-02,0.4,305.82,7.83,-1.56,550.33,0.6001226882560646
2013-10-03,8.31,191.23,1.83,-5.01,424.86,0.5749678450357506
2013-10-04,14.94,275.77,1.03,-9.08,308.82,0.5498130018154365
2013-10-05,0.42,440.61,5.3,-10.85,268.0,0.513877511500702
2013-10-06,0.27,432.24,10.64,-5.4,411.93,0.5174710605321755
2013-10-07,0.0,430.47,13.54,-2.23,520.75,0.5282517076265958
2013-10-08,0.0,394.51,9.11,-3.69,464.07,0.5498130018154365
2013-10-09,0.0,375.44,7.41,-4.57,439.32,0.5318452566580693
2013-10-10,0.0,377.24,9.87,-2.19,522.4,0.5066904134377551
2013-10-11,2.62,278.52,4.65,-4.33,446.57,0.5066904134377551
2013-10-12,0.0,312.03,3.8,-5.13,422.83,0.4959097663433349
2013-10-13,1.64,220.43,3.34,-3.15,484.28,0.4959097663433349
2013-10-14,8.16,175.56,0.39,-5.75,402.8,0.4959097663433349
2013-10-15,2.1,325.34,3.78,-9.22,303.81,0.4779420211859677
2013-10-16,0.0,366.41,3.45,-8.62,315.37,0.47075492312302075
2013-10-17,0.18,272.57,1.76,-6.12,389.57,0.4743484721544942
2013-10-18,1.56,320.81,3.46,-8.5,320.59,0.4635678250600739
2013-10-19,0.21,346.11,6.56,-5.62,403.44,0.45278717796565354
2013-10-20,0.22,282.61,5.05,-3.91,459.61,0.456380726997127
2013-10-21,0.0,358.42,8.36,-4.86,427.43,0.44919362893418013
2013-10-22,0.0,360.84,11.21,-3.21,484.77,0.44560007990270667
2013-10-23,0.0,359.0,12.14,-2.99,493.22,0.4420065308712332
2013-10-24,0.0,360.45,12.9,-3.19,483.17,0.4420065308712332
2013-10-25,0.0,348.23,12.87,-2.77,499.54,0.4420065308712332
2013-10-26,0.0,337.93,11.85,-3.32,481.4,0.4384129818397598
2013-10-27,0.0,315.74,9.83,-3.62,464.87,0.43481943280828633
2013-10-28,0.1,257.58,3.5,-6.62,374.19,0.43481943280828633
2013-10-29,1.36,227.42,1.76,-7.02,361.85,0.4168516876509191
2013-10-30,3.37,102.02,0.04,-4.05,450.98,0.424038785713866
2013-10-31,3.85,109.51,0.03,-4.27,446.48,0.42763233474533946
2013-11-01,4.93,154.26,1.44,-5.73,400.2,0.424038785713866
2013-11-02,0.39,205.76,4.65,-3.33,481.45,0.4168516876509191
2013-11-03,5.56,212.31,0.69,-10.71,274.42,0.4384129818397598
2013-11-04,5.65,202.04,-4.24,-13.82,212.74,0.40966458958797225
2013-11-05,3.74,200.04,-5.1,-14.61,198.67,0.39169684443060504
2013-11-06,4.68,134.93,-2.01,-7.97,330.78,0.4060710405564988
2013-11-07,4.32,111.91,1.53,-3.05,487.25,0.4168516876509191
2013-11-08,7.98,130.97,0.97,-5.0,423.87,0.424038785713866
2013-11-09,1.69,159.59,1.66,-4.34,444.79,0.4132581386194457
2013-11-10,0.0,231.74,5.57,-3.17,483.45,0.4024774915250254
2013-11-11,0.0,259.04,7.04,-3.5,475.16,0.40966458958797225
2013-11-12,0.0,296.18,9.16,-5.56,408.09,0.3988839424935519
2013-11-13,0.0,229.9,5.55,-3.7,465.52,0.39529039346207856
2013-11-14,1.47,177.6,1.26,-6.02,391.54,0.3988839424935519
2013-11-15,0.0,170.48,-1.94,-8.2,328.7,0.3845097463676582
2013-11-16,3.82,143.67,-3.48,-9.69,294.43,0.3881032953991316
2013-11-17,9.23,160.42,-3.4,-11.15,262.85,0.36294845217881755
2013-11-18,1.93,173.41,1.71,-5.58,407.25,0.39169684443060504
2013-11-19,0.12,127.53,1.95,-2.66,503.37,0.39169684443060504
2013-11-20,2.86,230.88,1.22,-11.09,267.87,0.39169684443060504
2013-11-21,8.17,213.18,-5.01,-19.46,129.18,0.3496523207623658
2013-11-22,0.0,296.32,-2.19,-19.87,129.64,0.29934263432173763
2013-11-23,0.0,288.15,0.58,-15.64,184.15,0.29862392451544295
2013-11-24,0.09,281.2,2.78,-13.24,224.2,0.3370748991522088
2013-11-25,0.0,241.2,2.1,-8.84,314.46,0.3845097463676582
2013-11-26,0.0,260.5,3.51,-9.48,297.75,0.366542001210291
2013-11-27,0.0,257.42,4.61,-8.45,325.25,0.35360522469698663
2013-11-28,0.0,258.63,4.98,-8.69,319.5,0.3431839325057136
2013-11-29,0.0,240.92,3.3,-8.78,315.49,0.34138715798997693
2013-11-30,0.07,137.02,0.45,-5.28,415.99,0.35001167566551317
2013-12-01,5.03,64.28,-0.2,-3.08,489.0,0.3528865148906919
2013-12-02,15.18,146.66,0.13,-8.32,331.39,0.366542001210291
2013-12-03,19.38,205.26,-6.97,-23.85,93.46,0.3428245776025663
2013-12-04,2.82,216.82,-16.35,-28.18,62.5,0.2813748891643704
2013-12-05,0.08,244.44,-17.69,-30.06,40.55,0.25550133613776166
2013-12-06,0.63,238.89,-18.32,-31.67,40.0,0.27095359697309745
2013-12-07,1.99,208.39,-15.18,-27.09,72.0,0.29862392451544295
2013-12-08,1.39,205.61,-17.86,-28.83,52.47,0.300780053934327
2013-12-09,1.07,216.44,-16.97,-28.59,57.49,0.34138715798997693
2013-12-10,3.75,103.19,-12.97,-18.93,136.92,0.39529039346207856
2013-12-11,3.55,158.09,-7.83,-17.1,159.57,0.4312258837768129
2013-12-12,0.44,216.34,-3.03,-14.58,201.06,0.4312258837768129
2013-12-13,0.0,188.94,-4.43,-13.69,214.69,0.38091619733618476
2013-12-14,1.38,116.1,-4.17,-9.7,286.87,0.3173103794791048
2013-12-15,0.25,147.76,-2.04,-8.74,314.35,0.30832650690042124
2013-12-16,0.0,178.73,-1.04,-9.75,293.26,0.2971865049028536
2013-12-17,0.0,213.14,0.94,-10.39,280.07,0.2885619872273173
2013-12-18,0.0,176.69,1.0,-7.9,337.74,0.2828123087769598
2013-12-19,0.0,249.57,-2.55,-18.48,142.4,0.2846090832926965
2013-12-20,1.57,184.52,-8.79,-19.71,132.11,0.2702348871668028
2013-12-21,3.25,111.85,-7.22,-13.93,202.97,0.2691568224573607
2013-12-22,3.13,91.33,-6.01,-10.73,270.15,0.2731097263919815
2013-12-23,5.43,107.08,-2.33,-8.32,324.04,0.2745471460045709
2013-12-24,11.29,148.76,-2.62,-11.56,254.17,0.2745471460045709
2013-12-25,0.59,217.09,-3.06,-13.87,210.21,0.2695161773605081
2013-12-26,0.0,219.03,-0.64,-11.02,264.92,0.2727503714888342
2013-12-27,0.13,242.35,1.35,-11.76,252.48,0.2727503714888342
2013-12-28,0.0,220.38,-2.01,-12.33,239.56,0.2731097263919815
2013-12-29,0.05,220.63,-5.48,-15.76,181.23,0.27167230677939214
2013-12-30,2.58,107.37,-4.33,-9.25,299.34,0.2695161773605081
2013-12-31,3.97,92.26,-3.02,-7.51,347.42,0.27418779110142355
2014-01-01,7.97,135.37,-4.35,-12.64,234.56,0.2752658558108656
2014-01-02,1.32,204.48,-3.0,-13.71,216.05,0.2670006930384767
2014-01-03,1.65,211.12,-2.07,-13.78,211.32,0.2691568224573607
2014-01-04,3.91,167.06,-7.5,-17.3,159.89,0.2659226283290346
2014-01-05,2.22,198.17,-13.56,-24.37,87.06,0.24903294788110947
2014-01-06,0.0,268.18,-7.18,-22.19,106.95,0.24076778510872054
2014-01-07,1.51,203.54,-4.86,-15.47,188.49,0.24795488317166745
2014-01-08,2.53,130.3,-3.67,-10.12,282.76,0.256938755750351
2014-01-09,2.71,144.65,-3.1,-9.95,287.48,0.254782626331467
2014-01-10,8.07,112.48,-4.13,-10.14,280.77,0.2526264969125829
2014-01-11,7.19,123.16,0.4,-6.19,384.3,0.24759552826852008
2014-01-12,12.71,84.97,-4.16,-8.62,320.14,0.24759552826852008
2014-01-13,5.45,89.81,-2.96,-7.32,353.3,0.2450800439464887
2014-01-14,6.71,95.57,-1.37,-6.28,383.3,0.2461581086559307
2014-01-15,1.61,216.18,-0.0,-9.68,294.77,0.24867359297796213
2014-01-16,0.0,242.35,-1.03,-11.62,255.77,0.24867359297796213
2014-01-17,0.0,290.76,0.12,-14.23,208.87,0.24112714001186789
2014-01-18,0.0,301.72,1.36,-14.06,211.11,0.23933036549613118
2014-01-19,0.0,287.96,1.74,-11.84,251.17,0.24112714001186789
2014-01-20,0.0,297.57,1.05,-13.1,225.18,0.24256455962445728
2014-01-21,0.0,307.9,1.42,-13.9,215.75,0.2371742360772471
2014-01-22,0.0,303.04,-1.41,-15.29,187.76,0.23645552627095243
2014-01-23,1.08,305.36,-1.08,-17.58,157.48,0.23753359098039445
2014-01-24,0.0,308.26,1.16,-13.05,231.41,0.23286197723947896
2014-01-25,0.16,316.02,2.14,-13.05,230.48,0.23034649291744758
2014-01-26,0.0,294.4,-2.45,-14.67,200.91,0.22962778311115287
2014-01-27,0.6,299.49,-7.51,-20.45,124.63,0.22890907330485818
2014-01-28,0.0,356.02,-4.58,-23.51,94.68,0.2159722967915538
2014-01-29,2.46,190.0,-3.58,-10.93,265.77,0.22531552427338475
2014-01-30,11.41,168.47,-3.15,-10.72,272.15,0.22926842820800553
2014-01-31,5.93,193.36,-6.01,-14.63,198.74,0.22351874975764802
2014-02-01,1.75,266.74,-8.62,-19.14,131.78,0.2217219752419113
2014-02-02,0.49,298.26,-6.94,-17.75,155.97,0.21848778111358522
2014-02-03,0.82,324.61,-6.72,-20.31,125.56,0.2210032654356166
2014-02-04,4.41,264.86,-15.37,-29.04,55.7,0.21740971640414317
2014-02-05,0.54,361.8,-17.85,-31.99,40.0,0.19728584182789188
2014-02-06,0.07,398.35,-14.95,-34.04,40.24,0.17967745157367207
2014-02-07,3.94,247.0,-7.39,-17.77,154.07,0.1832710006051455
2014-02-08,9.25,199.55,-4.7,-13.19,221.66,0.19045809866809238
2014-02-09,12.11,209.56,-3.17,-12.16,243.84,0.19764519673103928
2014-02-10,8.02,201.19,-2.59,-10.91,268.74,0.19764519673103928
2014-02-11,2.06,226.1,-2.74,-10.55,274.79,0.2012387457625127
2014-02-12,4.3,207.35,-1.37,-9.32,300.23,0.2012387457625127
2014-02-13,8.47,238.44,0.26,-9.47,298.88,0.20519164969713347
2014-02-14,4.41,281.01,-0.47,-12.12,241.79,0.20016068105307064
2014-02-15,8.93,193.15,1.7,-5.99,388.58,0.20159810066566003
2014-02-16,7.54,269.63,1.17,-10.19,287.11,0.2087851987286069
2014-02-17,9.94,258.47,-0.11,-10.68,272.23,0.19908261634362862
2014-02-18,3.63,227.23,-1.31,-9.13,304.96,0.19620777711844986
2014-02-19,5.81,265.71,-2.65,-12.78,234.96,0.2012387457625127
2014-02-20,5.43,281.39,-6.62,-16.43,173.73,0.19908261634362862
2014-02-21,5.57,224.43,-5.21,-12.97,227.82,0.19800455163418662
2014-02-22,4.55,250.27,-6.57,-14.58,199.66,0.19872326144048127
2014-02-23,3.97,301.65,-3.69,-13.35,213.95,0.2012387457625127
2014-02-24,7.95,230.12,-0.89,-8.03,335.66,0.2030355202782494
2014-02-25,7.12,365.54,-1.79,-17.7,154.2,0.20447293989083878
2014-02-26,3.07,457.5,1.21,-21.65,115.1,0.19261422808697645
2014-02-27,0.0,483.46,4.3,-10.51,276.43,0.19872326144048127
2014-02-28,4.1,373.44,0.53,-14.79,204.68,0.20591035950342815
2014-03-01,12.43,367.01,-6.42,-21.43,115.6,0.20626971440657552
2014-03-02,8.02,374.87,-1.42,-16.67,169.95,0.19944197124677596
2014-03-03,5.84,166.49,1.27,-3.7,465.8,0.20591035950342815
2014-03-04,9.03,326.61,2.91,-8.1,332.32,0.21058197324434363
2014-03-05,1.65,383.45,2.41,-7.85,337.67,0.21417552227581707
2014-03-06,4.91,220.09,2.47,-3.73,463.17,0.2378929458835418
2014-03-07,12.1,333.93,2.66,-8.06,334.29,0.23609617136780509
2014-03-08,0.58,520.22,4.41,-11.05,264.28,0.23609617136780509
2014-03-09,0.69,398.55,4.36,-5.09,422.33,0.24795488317166745
2014-03-10,4.71,275.11,2.52,-4.47,441.91,0.28389037348640184
2014-03-11,13.99,402.97,1.94,-12.36,240.1,0.3029361833532111
2014-03-12,0.59,577.48,3.63,-15.38,187.81,0.2878432774210226
2014-03-13,0.0,572.73,4.22,-13.03,226.9,0.29610844019341154
2014-03-14,0.0,559.43,5.02,-10.93,265.91,0.3086858618035686
2014-03-15,4.96,362.71,3.25,-8.45,320.95,0.3248568324451991
2014-03-16,0.09,530.17,6.24,-7.66,343.02,0.3252161873483464
2014-03-17,0.12,446.11,2.75,-7.66,342.59,0.34426199721515566
2014-03-18,8.01,407.34,0.64,-13.45,221.11,0.33276264031444064
2014-03-19,0.08,583.28,0.29,-16.21,175.34,0.3101232814161579
2014-03-20,0.0,570.27,2.39,-13.08,221.72,0.32018521870428357
2014-03-21,0.0,616.59,0.1,-18.78,139.63,0.322700703026315
2014-03-22,0.0,585.31,-0.07,-16.39,171.95,0.3280910265735251
2014-03-23,0.0,467.42,-0.31,-11.63,250.93,0.32629425205778845
2014-03-24,0.0,598.62,2.83,-14.54,200.14,0.32054457360743094
2014-03-25,0.49,560.33,8.13,-8.17,328.93,0.3356374795396194
2014-03-26,1.44,367.65,4.62,-4.59,438.19,0.35935490314734414
2014-03-27,7.2,308.07,1.83,-7.47,347.44,0.3554019992127233
2014-03-28,7.36,294.56,1.29,-7.18,354.92,0.3381529638616508
2014-03-29,4.6,227.12,2.31,-3.62,467.01,0.36294845217881755
2014-03-30,14.86,269.59,0.92,-6.32,384.64,0.3845097463676582
2014-03-31,16.13,441.4,1.75,-12.49,236.52,0.3554019992127233
2014-04-01,1.93,598.68,5.13,-15.11,191.96,0.3701355502417644
2014-04-02,5.84,350.42,0.3,-9.6,290.47,0.39529039346207856
2014-04-03,5.16,455.18,3.21,-11.6,255.37,0.3845097463676582
2014-04-04,0.4,608.11,3.51,-12.1,242.45,0.3845097463676582
2014-04-05,3.76,408.87,4.8,-6.27,383.8,0.3881032953991316
2014-04-06,3.28,387.97,3.57,-6.99,363.45,0.39169684443060504
2014-04-07,3.06,491.07,5.87,-7.77,342.45,0.38091619733618476
2014-04-08,0.35,604.95,11.05,-4.28,443.3,0.3881032953991316
2014-04-09,0.1,569.81,11.16,-2.54,502.58,0.43481943280828633
2014-04-10,1.89,517.77,8.75,-4.47,437.22,0.4815355702174411
2014-04-11,0.0,587.61,10.25,-3.55,466.52,0.4815355702174411
2014-04-12,0.0,610.62,8.69,-5.76,398.13,0.5426259037524895
2014-04-13,4.84,514.16,1.24,-14.32,203.92,0.5318452566580693
2014-04-14,0.3,711.35,4.32,-17.44,155.73,0.4815355702174411
2014-04-15,0.02,556.96,4.79,-7.49,345.17,0.4923162173118614
2014-04-16,4.95,431.73,3.88,-7.96,334.25,0.4815355702174411
2014-04-17,0.0,626.23,8.03,-6.8,366.43,0.46716137409154734
2014-04-18,5.09,377.44,6.16,-2.66,499.71,0.5102839624692286
2014-04-19,10.87,482.72,9.54,-5.57,403.33,0.6073097863190116
2014-04-20,0.24,578.78,10.66,-2.22,512.9,0.6504323746966928
2014-04-21,0.13,668.86,12.26,-4.2,440.38,0.7510517475779491
2014-04-22,1.99,565.33,13.32,-1.06,560.2,0.9019808068998337
2014-04-23,5.57,357.17,4.63,-4.81,425.79,1.228993768763917
2014-04-24,2.76,345.64,2.72,-4.68,433.52,1.0493163171902447
2014-04-25,6.86,369.36,7.87,-1.37,554.87,0.9055743559313071
2014-04-26,8.45,389.57,8.4,-1.79,538.18,0.9558840423719354
2014-04-27,12.93,361.93,4.31,-4.81,431.13,1.0888453565364526
2014-04-28,6.55,390.68,2.51,-7.58,346.93,1.00260017978109
2014-04-29,0.47,571.51,3.72,-8.32,327.82,0.88760661077394
2014-04-30,0.93,641.83,7.46,-8.02,332.7,0.8265162772388914
2014-05-01,0.0,721.98,12.81,-5.19,410.84,0.8696388656165727
2014-05-02,0.0,661.44,14.58,-0.66,572.35,1.1355614939456073
2014-05-03,0.0,651.41,15.52,0.66,627.56,1.6530325544777829
2014-05-04,0.0,523.18,11.88,1.33,660.87,2.2998713801430024
2014-05-05,0.21,559.39,10.93,-0.45,585.38,2.1309745756637506
2014-05-06,0.0,542.81,8.7,-2.04,525.57,2.303464929174476
2014-05-07,6.95,354.4,3.99,-4.69,434.61,1.9261422808697644
2014-05-08,5.33,520.3,6.55,-7.92,337.34,1.6170970641630484
2014-05-09,4.03,336.35,5.15,-2.04,527.96,1.6674067506036765
2014-05-10,12.54,424.56,5.24,-5.41,413.74,1.620690613194522
2014-05-11,5.33,419.19,3.05,-6.43,377.5,1.4517938087152702
2014-05-12,1.18,622.16,4.99,-8.17,333.29,1.3403937887395936
2014-05-13,0.23,742.02,8.49,-9.34,297.69,1.2864905532674917
2014-05-14,0.0,723.27,11.08,-4.88,420.12,1.343987337771067
2014-05-15,0.12,675.12,14.32,0.06,596.76,1.5452260835335796
2014-05-16,0.0,647.87,14.24,1.02,636.43,2.2280003995135336
2014-05-17,0.81,624.83,13.96,1.22,647.21,2.9071811664620135
2014-05-18,0.5,639.84,13.78,0.09,597.46,3.6294845217881755
2014-05-19,0.53,601.33,10.74,-1.35,545.72,3.9888394249355197
2014-05-20,0.0,688.95,12.37,-2.07,509.94,3.546832894064286
2014-05-21,0.17,701.89,15.88,0.22,588.93,3.8450974636765816
2014-05-22,0.0,734.4,18.68,1.29,622.86,4.995033153748083
2014-05-23,0.0,734.32,19.78,1.83,638.28,5.857484921301708
2014-05-24,0.0,698.35,18.24,2.1,657.78,6.288710805078522
2014-05-25,0.62,662.73,17.72,2.37,684.02,6.971485121058476
2014-05-26,0.0,677.26,18.24,2.77,692.1,7.582388456408961
2014-05-27,0.0,713.64,19.57,2.04,638.35,7.977678849871039
2014-05-28,0.0,690.47,20.62,3.74,721.54,8.121420811129976
2014-05-29,0.84,634.73,16.95,2.13,669.43,8.121420811129976
2014-05-30,0.0,720.38,18.24,0.15,558.0,7.438646495150023
2014-05-31,0.08,636.97,16.63,2.21,662.76,7.115227082317412
2014-06-01,2.74,443.39,11.94,1.13,658.66,6.719936688855335
2014-06-02,3.31,527.55,15.53,1.29,645.63,6.180904334134318
2014-06-03,1.63,579.49,16.75,2.76,688.16,6.36058178570799
2014-06-04,1.16,564.22,14.46,1.06,618.76,6.073097863190115
2014-06-05,0.03,679.37,16.31,0.35,556.23,5.570000998783833
2014-06-06,0.06,637.6,15.27,0.77,576.0,5.749678450357506
2014-06-07,1.12,603.48,15.14,0.75,586.19,5.605936489098568
2014-06-08,5.36,456.77,13.25,0.77,628.92,5.6778074697280365
2014-06-09,3.82,569.07,15.83,0.56,583.37,5.426259037524896
2014-06-10,0.36,617.67,16.46,1.92,615.13,5.6778074697280365
2014-06-11,1.09,561.23,14.78,1.15,610.28,5.5340655084691
2014-06-12,0.0,698.34,18.48,1.01,539.67,5.390323547210161
2014-06-13,0.0,578.55,15.85,2.97,684.43,5.5340655084691
2014-06-14,0.52,462.63,10.09,0.08,588.53,5.6418719794133025
2014-06-15,3.38,457.34,12.35,0.58,618.6,4.7434847215449425
2014-06-16,4.29,404.31,11.69,0.91,641.46,4.491936289341801
2014-06-17,10.37,308.5,8.18,0.14,620.85,4.527871779656535
2014-06-18,6.31,306.92,6.59,-1.2,562.0,4.168516876509192
2014-06-19,4.94,378.73,10.81,1.01,659.4,3.916968444306051
2014-06-20,0.33,637.96,17.74,3.01,676.17,3.701355502417644
2014-06-21,0.0,675.74,19.04,3.06,654.79,3.8810329539913164
2014-06-22,0.0,563.74,14.28,2.33,677.81,4.060710405564988
2014-06-23,1.3,608.18,16.53,1.57,625.57,4.060710405564988
2014-06-24,0.0,676.01,18.82,3.03,656.57,4.132581386194458
2014-06-25,4.34,542.79,19.26,4.14,769.89,4.3122588377681295
2014-06-26,2.55,465.27,16.13,5.07,843.29,4.491936289341801
2014-06-27,8.05,309.45,12.38,4.51,847.41,4.7434847215449425
2014-06-28,7.52,340.74,11.1,2.45,730.9,4.7434847215449425
2014-06-29,5.12,502.01,14.83,1.47,651.81,4.3122588377681295
2014-06-30,0.86,624.97,14.71,1.16,584.92,4.024774915250254
2014-07-01,0.0,709.04,17.62,0.9,531.11,3.8810329539913164
2014-07-02,0.0,733.6,22.11,3.25,583.31,3.773226483047113
2014-07-03,0.0,703.57,24.04,6.5,727.23,3.809161973361847
2014-07-04,0.14,692.19,23.83,6.6,739.38,3.809161973361847
2014-07-05,0.5,658.55,24.13,7.34,797.09,3.773226483047113
2014-07-06,0.0,695.82,24.54,6.79,731.76,3.66542001210291
2014-07-07,0.0,642.11,22.15,7.04,786.0,3.5216780508439722
2014-07-08,0.0,695.7,23.78,5.89,686.05,3.3851231876479817
2014-07-09,0.0,678.94,24.88,7.53,773.25,3.2593489715464106
2014-07-10,1.67,519.32,22.38,9.21,1008.28,3.201852187042836
2014-07-11,0.0,631.7,22.6,7.45,816.58,3.090452167067159
2014-07-12,6.39,481.52,21.58,7.75,956.47,3.0365489315950573
2014-07-13,0.9,618.68,22.12,6.65,790.98,2.928742460650854
2014-07-14,0.19,541.79,20.42,7.9,924.86,2.810155342612231
2014-07-15,0.92,549.75,20.08,6.64,849.9,2.7239101658568683
2014-07-16,5.2,434.85,19.14,6.11,902.46,2.6951617736050806
2014-07-17,0.0,643.41,21.41,5.01,704.36,2.55860691040909
2014-07-18,0.79,604.55,22.24,6.53,789.87,2.490329478811095
2014-07-19,0.0,615.88,22.43,6.48,755.23,2.4112714001186792
2014-07-20,0.0,595.79,22.93,7.7,835.28,2.3286197723947897
2014-07-21,1.37,486.26,20.42,7.93,947.78,2.2783100859541614
2014-07-22,4.78,467.84,22.44,6.59,876.97,2.281903634985635
2014-07-23,0.02,617.48,25.2,8.54,851.91,2.166910065978485
2014-07-24,0.0,591.62,22.16,6.76,786.3,2.087851987286069
2014-07-25,0.0,644.63,20.73,2.84,567.41,2.0195745556880738
2014-07-26,0.0,645.22,21.29,3.19,558.01,1.9512971240900785
2014-07-27,0.0,663.14,23.98,4.1,539.11,1.883019692492083
2014-07-28,0.0,616.22,24.59,6.85,663.58,1.8291164570199816
2014-07-29,1.45,397.5,19.38,8.33,960.49,1.793180966705247
2014-07-30,0.64,537.06,20.82,6.03,707.62,1.7644325744534595
2014-07-31,0.0,566.62,21.71,6.24,694.17,1.7069357899498843
2014-08-01,0.65,553.98,21.53,5.7,681.69,1.678187397698097
2014-08-02,0.27,577.29,22.22,5.83,669.36,1.6422519073833626
2014-08-03,0.31,580.95,22.93,6.27,685.81,1.588348671911261
2014-08-04,0.59,351.42,16.97,7.52,967.05,1.5596002796594735
2014-08-05,8.07,208.16,15.08,8.66,1133.2,1.5991293190056812
2014-08-06,6.9,258.1,15.5,7.47,1035.6,1.6278777112574687
2014-08-07,2.17,421.22,17.55,6.28,858.26,1.5488196325650532
2014-08-08,4.17,442.81,18.01,4.97,765.11,1.5344454364391593
2014-08-09,3.09,460.88,19.17,5.08,737.29,1.5021034951558982
2014-08-10,0.15,584.36,21.97,5.28,624.63,1.4374196125893766
2014-08-11,0.0,584.86,23.86,6.99,690.77,1.3907034751802216
2014-08-12,0.0,581.88,24.92,7.94,734.72,1.3547679848654874
2014-08-13,0.87,496.38,22.72,8.49,858.39,1.3332066906766467
2014-08-14,2.72,376.19,20.12,8.28,989.7,1.311645396487806
2014-08-15,1.27,472.66,20.55,6.4,786.54,1.2900841022989653
2014-08-16,0.39,485.42,19.49,5.79,751.88,1.2577421610157042
2014-08-17,0.0,528.71,20.36,5.56,705.53,1.228993768763917
2014-08-18,0.78,521.5,21.29,5.93,725.78,1.189464729417709
2014-08-19,0.02,537.78,20.58,4.85,667.41,1.1607163371659215
2014-08-20,1.7,442.83,17.75,4.82,753.39,1.1427485920085543
2014-08-21,6.31,236.87,13.33,5.51,904.28,1.1499356900715012
2014-08-22,10.47,170.42,10.58,5.04,880.81,1.189464729417709
2014-08-23,5.1,213.34,9.17,2.73,749.91,1.2002453765121293
2014-08-24,7.65,241.63,8.33,0.91,652.17,1.2038389255436026
2014-08-25,1.38,451.92,13.02,0.37,606.65,1.157122788134448
2014-08-26,3.98,434.3,16.03,2.78,719.69,1.1283743958826604
2014-08-27,0.0,534.15,18.44,3.26,696.35,1.074471160410559
2014-08-28,0.0,537.81,19.96,4.11,727.39,1.0385356700958244
2014-08-29,6.64,393.95,19.22,5.06,857.89,1.034942121064351
2014-08-30,3.04,404.39,15.15,3.98,802.23,1.0600969642846652
2014-08-31,21.27,230.08,9.82,2.7,745.18,1.4697615538726372
2014-09-01,8.39,315.21,12.03,1.92,703.99,1.3547679848654874
2014-09-02,1.33,489.69,16.39,2.17,705.33,1.2110260236065498
2014-09-03,0.0,520.88,16.27,1.09,650.15,1.1032195526623463
2014-09-04,0.0,510.82,13.22,-1.72,537.93,1.0457227681587713
2014-09-05,0.0,532.07,15.81,-1.26,548.03,0.9990066307496166
2014-09-06,0.0,537.26,18.7,0.33,606.06,0.9738517875293025
2014-09-07,0.0,502.51,19.24,2.6,720.22,0.9522904933404618
2014-09-08,0.0,501.92,19.6,2.84,725.56,0.9271356501201478
2014-09-09,2.88,399.7,16.42,3.11,764.16,0.9307291991516211
2014-09-10,2.25,376.97,11.14,-0.81,581.49,0.9451033952775151
2014-09-11,6.3,297.72,3.95,-5.78,402.37,0.9271356501201478
2014-09-12,0.38,518.85,10.94,-7.56,346.19,0.9055743559313071
2014-09-13,0.77,488.73,14.76,-2.68,499.56,0.8768259636795196
2014-09-14,0.0,492.67,16.85,-0.06,603.6,0.8552646694906789
2014-09-15,0.0,499.97,19.11,0.81,637.12,0.8301098262703649
2014-09-16,0.0,473.76,19.8,2.95,742.52,0.8121420811129976
2014-09-17,0.69,442.92,20.53,4.43,824.28,0.8013614340185774
2014-09-18,0.65,355.25,17.24,5.65,910.68,0.7941743359556305
2014-09-19,14.78,272.45,16.04,4.67,851.08,0.9918195326866698
2014-09-20,0.0,446.77,18.94,2.91,747.67,0.912761453994254
2014-09-21,0.0,440.19,19.71,3.21,767.78,0.8372969243333118
2014-09-22,2.56,231.07,14.79,5.84,921.27,0.8301098262703649
2014-09-23,3.88,269.67,16.51,5.57,911.81,0.8408904733647852
2014-09-24,0.0,394.08,20.07,5.59,906.62,0.8049549830500508
2014-09-25,0.0,408.17,22.05,5.89,930.29,0.7798001398297367
2014-09-26,0.0,372.88,20.17,6.08,937.28,0.7618323946723695
2014-09-27,4.43,164.94,12.32,5.42,900.98,0.7941743359556305
2014-09-28,10.86,140.07,8.24,2.51,734.65,0.8444840223962586
2014-09-29,3.25,191.24,8.89,1.98,706.05,0.8085485320815242
2014-09-30,4.66,138.8,6.24,0.72,648.11,0.8049549830500508
