Date,prcp(mm/day),srad(W/m2),tmax(C),tmin(C),vp(Pa),flow(mm/day)
1980-01-01,0.0,283.11,11.89,1.23,661.58,1.5272354701669815
1980-01-02,0.0,345.74,15.56,-0.9,576.1,1.4466313759081686
1980-01-03,0.0,340.27,18.0,1.94,704.2,1.3723907627750513
1980-01-04,2.18,295.17,17.25,2.32,723.87,1.4275409325310813
1980-01-05,0.0,303.6,9.05,-2.47,511.23,1.45935833815956
1980-01-06,0.0,339.95,12.57,-2.22,520.08,1.3490579986475002
1980-01-07,3.38,205.26,18.78,8.45,1115.94,1.2917866685162385
1980-01-08,0.0,269.8,20.18,9.83,1226.27,1.3214829137694852
1980-01-09,12.58,139.5,16.79,10.43,1274.51,1.3914812061521387
1980-01-10,0.0,242.19,18.69,9.97,1237.5,1.643899290804737
1980-01-11,43.88,155.63,21.07,13.63,1568.92,2.5666040540306216
1980-01-12,0.0,314.2,19.87,7.05,1003.73,4.624129618005583
1980-01-13,0.0,242.12,16.13,7.74,1059.59,5.790767824383138
1980-01-14,0.18,244.73,19.19,10.49,1279.32,4.45443678798703
1980-01-15,0.0,325.22,20.4,6.99,999.48,3.3726449966187504
1980-01-16,6.78,225.28,20.44,9.88,1230.42,2.60902726153526
1980-01-17,14.65,136.29,18.9,12.82,1468.27,3.033259336581644
1980-01-18,13.41,184.21,19.64,11.08,1326.59,4.115051127949922
1980-01-19,0.0,338.57,21.64,7.41,1032.71,5.790767824383138
1980-01-20,0.0,339.24,22.38,8.13,1090.02,5.239266126822839
1980-01-21,0.0,293.45,21.34,10.52,1281.39,3.4574914116280278
1980-01-22,4.18,201.26,20.98,12.67,1453.9,2.6726620727922175
1980-01-23,17.82,264.8,18.85,4.48,838.68,2.86356650656309
1980-01-24,0.0,364.59,13.9,-0.55,590.5,3.3514333928664315
1980-01-25,0.0,309.61,15.82,5.08,885.76,3.0756825440862823
1980-01-26,6.01,119.06,15.88,11.02,1321.2,2.5453924502783027
1980-01-27,0.0,171.37,15.1,9.9,1232.29,2.4393344315167065
1980-01-28,0.0,217.23,12.82,6.26,944.4,2.2060067902411955
1980-01-29,0.0,312.14,14.62,4.23,818.57,1.97904263009138
1980-01-30,0.0,364.58,19.17,5.1,887.77,1.807228639697595
1980-01-31,8.18,302.24,19.69,0.98,651.82,1.7711689133186521
1980-02-01,0.0,340.55,5.46,-5.56,405.65,1.881469252830712
1980-02-02,0.0,340.38,5.76,-5.0,436.28,1.8857115735811758
1980-02-03,0.0,346.47,9.51,-1.55,551.98,1.7372303473149413
1980-02-04,0.0,379.32,12.67,-0.6,591.65,1.590870281423939
1980-02-05,0.0,381.22,13.97,0.64,635.74,1.4996603852889665
1980-02-06,10.65,270.37,14.12,2.26,720.0,1.775411234069116
1980-02-07,0.0,407.47,13.17,-2.08,529.14,2.061767884725425
1980-02-08,0.0,381.04,14.37,1.11,651.53,1.853894167952697
1980-02-09,22.22,252.37,15.6,4.83,866.07,1.82419792269945
1980-02-10,3.8,222.44,8.97,0.33,621.9,2.7999316953061326
1980-02-11,0.0,383.51,8.92,-3.64,467.11,2.7999316953061326
1980-02-12,0.0,337.04,9.48,-0.66,586.58,2.3544880165074296
1980-02-13,0.0,284.96,10.81,2.68,740.48,2.006617714969395
1980-02-14,0.0,402.89,16.51,2.31,724.15,1.673595536057984
1980-02-15,0.0,420.55,21.78,5.18,891.69,1.512387347540358
1980-02-16,5.49,316.56,20.81,4.19,815.66,1.4445102155329366
1980-02-17,1.85,400.56,9.06,-4.65,437.06,1.5251143097917494
1980-02-18,0.0,434.58,11.78,-4.31,440.02,1.512387347540358
1980-02-19,0.0,405.79,16.29,2.13,716.53,1.3957235269026025
1980-02-20,0.0,326.5,21.54,11.06,1325.05,1.3172405930190214
1980-02-21,0.0,283.51,23.61,14.68,1668.43,1.2726962251391514
1980-02-22,11.98,183.09,23.46,16.08,1812.05,1.302392470392398
1980-02-23,0.0,325.51,25.63,15.21,1736.42,2.0978276111043677
1980-02-24,0.0,355.89,25.06,13.4,1536.91,2.4393344315167065
1980-02-25,0.0,409.58,22.35,8.07,1085.29,1.9472252244629016
1980-02-26,0.0,470.85,17.65,-1.27,556.35,1.512387347540358
1980-02-27,0.0,444.41,15.7,-0.44,593.45,1.2833020270153108
1980-02-28,0.0,446.21,21.24,4.1,816.73,1.1708805271280192
1980-02-29,0.0,406.96,23.09,8.6,1128.26,1.1030033951205978
1980-03-01,20.97,344.19,21.33,3.47,785.19,1.4954180645385027
1980-03-02,0.0,428.04,7.22,-6.67,365.63,2.375699620259749
1980-03-03,0.0,455.67,8.35,-7.42,351.39,2.112675733730991
1980-03-04,0.0,444.66,14.53,-0.96,568.84,1.6778378568084478
1980-03-05,8.44,261.94,21.84,10.63,1290.6,1.5823856399230112
1980-03-06,0.0,471.77,23.88,5.03,882.17,1.6226876870524178
1980-03-07,13.02,273.9,21.89,10.18,1254.15,1.486933423037575
1980-03-08,31.34,154.75,24.68,18.38,2115.24,2.821143299058452
1980-03-09,5.34,264.14,26.12,16.04,1816.93,5.8544026356400956
1980-03-10,7.26,258.09,26.46,16.02,1812.83,8.399795085918399
1980-03-11,0.0,352.49,25.34,14.17,1613.9,8.717969142203186
1980-03-12,6.43,212.98,23.59,15.18,1728.57,7.0846756532746085
1980-03-13,1.97,323.33,25.79,14.74,1679.93,4.115051127949922
1980-03-14,0.0,470.65,22.35,5.72,916.97,2.86356650656309
1980-03-15,0.0,417.72,20.71,7.51,1041.01,2.142371978984238
1980-03-16,0.0,345.32,21.43,11.33,1346.64,1.7711689133186521
1980-03-17,58.13,223.21,21.56,13.25,1520.29,2.86356650656309
1980-03-18,41.8,341.74,18.67,4.52,844.71,8.675545934698548
1980-03-19,1.6,393.06,17.68,5.91,926.59,11.857286497546426
1980-03-20,4.27,294.79,21.51,10.27,1261.91,13.405733571465726
1980-03-21,14.1,340.25,23.34,9.07,1165.92,9.884607348580742
1980-03-22,0.0,498.48,20.72,4.01,814.21,6.575597163218948
1980-03-23,0.0,473.8,22.5,7.01,1000.61,4.199897542959199
1980-03-24,12.62,301.36,24.86,12.58,1446.2,3.181740562847878
1980-03-25,0.0,493.77,23.82,6.82,985.51,3.181740562847878
1980-03-26,30.18,240.57,18.87,10.15,1251.75,3.7332422604081765
1980-03-27,10.46,125.79,15.36,11.28,1342.53,5.578651786859947
1980-03-28,64.56,235.04,20.79,12.64,1454.69,8.717969142203186
1980-03-29,12.08,130.12,19.1,14.97,1712.49,14.466313759081684
1980-03-30,56.6,240.42,20.23,12.35,1428.36,21.635835827365568
1980-03-31,0.0,478.75,21.55,8.09,1087.03,20.61767884725425
1980-04-01,0.0,483.88,23.63,9.61,1208.65,18.135921208232904
1980-04-02,34.2,296.78,23.25,13.15,1510.72,14.954180645385028
1980-04-03,18.66,208.14,20.69,14.34,1631.28,12.939078288914704
1980-04-04,2.92,267.09,22.84,15.25,1735.85,12.451211402611362
1980-04-05,0.0,536.62,22.61,6.61,968.74,11.75122847878483
1980-04-06,0.0,495.22,22.73,9.3,1184.32,8.845238764717102
1980-04-07,8.8,281.17,22.39,13.49,1558.35,5.939249050649372
1980-04-08,9.6,279.66,25.42,16.32,1851.23,4.4332251842347095
1980-04-09,0.37,545.58,26.91,8.93,1154.26,4.45443678798703
1980-04-10,0.0,551.5,25.95,7.83,1066.26,5.1968429193182
1980-04-11,10.72,377.6,25.22,10.55,1284.3,6.108941880667926
1980-04-12,79.78,259.37,22.34,14.05,1603.75,8.633122727193909
1980-04-13,90.28,213.17,20.45,14.08,1604.4,16.863224983093755
1980-04-14,17.61,409.29,20.0,5.38,900.72,30.75682544086282
1980-04-15,0.0,511.07,20.16,6.46,963.28,30.33259336581644
1980-04-16,0.0,558.76,23.69,5.98,930.92,22.272183939935147
1980-04-17,0.0,538.15,24.92,8.51,1120.62,14.317832532815451
1980-04-18,5.5,366.87,23.41,10.51,1280.59,9.120989613497251
1980-04-19,1.35,401.88,21.02,10.62,1289.44,6.1513650881725646
1980-04-20,0.0,530.81,25.19,9.34,1187.2,5.133208108061243
1980-04-21,0.0,552.04,28.29,10.07,1245.64,4.412013580482391
1980-04-22,0.0,523.08,30.03,13.49,1545.7,3.627184241646581
1980-04-23,0.0,507.27,30.34,14.62,1660.41,3.0120477328293247
1980-04-24,0.0,515.57,28.68,13.0,1486.1,2.587815657782941
1980-04-25,0.0,411.36,27.35,16.45,1862.7,2.3332764127551107
1980-04-26,55.73,279.37,27.32,17.57,2011.51,3.3514333928664315
1980-04-27,0.0,474.69,25.39,12.15,1412.1,5.47259376809835
1980-04-28,0.0,467.96,21.48,8.85,1147.99,7.933139803367377
1980-04-29,0.0,489.98,25.5,11.19,1335.15,9.417952066029718
1980-04-30,0.0,447.0,26.54,13.95,1596.01,7.614965747082588
1980-05-01,0.88,332.27,26.4,17.5,2000.01,3.8605118829220917
1980-05-02,0.0,391.8,26.37,15.91,1793.28,2.9059897140677284
1980-05-03,15.92,296.86,26.86,16.12,1818.63,4.051416316692965
1980-05-04,0.0,473.63,27.12,13.25,1523.41,3.5635494303896236
1980-05-05,0.0,517.37,28.0,11.79,1383.03,2.5666040540306216
1980-05-06,0.0,481.23,29.47,14.8,1686.28,2.0660102054758887
1980-05-07,0.0,433.13,29.54,16.83,1910.62,1.8284402434499138
1980-05-08,9.37,284.54,28.57,17.9,2064.58,1.7987439981966669
1980-05-09,4.48,354.21,28.07,14.09,1607.09,1.7414726680654051
1980-05-10,0.0,503.13,26.65,11.58,1366.71,1.7032917813112307
1980-05-11,0.0,412.19,28.54,17.01,1930.35,1.5929914417991708
1980-05-12,0.0,361.83,29.75,19.68,2294.38,1.4954180645385027
1980-05-13,0.0,313.75,29.07,20.5,2400.04,1.412692809904458
1980-05-14,0.29,238.62,27.54,21.21,2513.13,1.357542640148428
1980-05-15,5.11,220.91,27.14,19.59,2284.52,1.3723907627750513
1980-05-16,37.76,221.04,25.75,18.49,2130.79,2.142371978984238
1980-05-17,110.26,217.21,24.61,17.73,2036.72,11.623958856270914
1980-05-18,2.97,328.47,27.61,17.54,2006.52,18.02986318947131
1980-05-19,42.52,295.67,27.77,17.76,2040.18,20.193446772207867
1980-05-20,62.07,265.81,26.56,18.01,2069.21,20.61767884725425
1980-05-21,0.0,439.86,27.88,16.71,1896.87,24.605460352690258
1980-05-22,4.26,310.8,28.26,18.03,2075.73,22.060067902411955
1980-05-23,6.05,299.19,29.18,19.43,2268.27,16.311723285533454
1980-05-24,0.0,459.62,30.5,18.52,2135.99,11.093668762462935
1980-05-25,0.0,460.48,31.47,19.22,2234.76,6.9149828232560555
1980-05-26,0.0,481.32,31.81,18.49,2127.33,3.9029350904267304
1980-05-27,0.0,462.85,32.04,19.47,2273.65,2.86356650656309
1980-05-28,0.0,425.44,31.63,20.61,2417.89,2.418122827764387
1980-05-29,0.0,428.31,30.95,20.05,2332.78,2.121160375231919
1980-05-30,0.0,461.01,30.29,18.35,2111.72,1.9302559414610458
1980-05-31,0.0,459.07,30.7,18.66,2150.71,1.7838958755700436
1980-06-01,0.0,462.52,30.78,18.54,2138.89,1.665110894557056
1980-06-02,0.0,439.23,30.82,19.44,2263.58,1.5569317154202282
1980-06-03,0.0,471.03,31.81,18.98,2198.41,1.4678429796604877
1980-06-04,0.0,485.03,33.19,19.42,2266.91,1.3914812061521387
1980-06-05,0.0,479.96,33.94,20.23,2356.95,1.329967555270413
1980-06-06,0.0,462.55,33.51,20.71,2433.36,1.2684539043886873
1980-06-07,0.0,439.76,33.94,21.92,2626.44,1.2154248950078894
1980-06-08,0.0,418.46,34.41,23.12,2818.64,1.1666382063775553
1980-06-09,5.38,366.4,32.87,19.96,2320.94,1.1305784799986127
1980-06-10,0.0,523.88,29.26,14.66,1669.7,1.1496689233757
1980-06-11,0.0,541.95,31.96,15.17,1724.26,1.1284573196233807
1980-06-12,0.0,526.21,33.39,16.92,1921.36,1.071185989492119
1980-06-13,0.0,533.16,33.92,16.46,1864.82,1.0181569801113208
1980-06-14,0.0,485.78,33.59,18.81,2175.63,0.9757337726066826
1980-06-15,0.0,435.18,33.41,20.78,2445.26,0.9396740462277401
1980-06-16,0.0,452.23,33.16,19.73,2297.23,0.912098961349725
1980-06-17,0.0,443.41,33.82,20.52,2402.51,0.888766197222174
1980-06-18,0.02,389.62,34.71,23.21,2833.99,0.8696757538450867
1980-06-19,2.79,343.4,34.32,22.62,2739.22,0.8548276312184633
1980-06-20,0.93,380.21,33.14,21.47,2555.76,0.8781603953460143
1980-06-21,0.0,400.05,33.48,21.77,2602.82,0.9078566405992612
1980-06-22,0.0,399.37,33.55,21.8,2608.64,0.8908873575974059
1980-06-23,9.01,305.94,33.09,21.74,2598.02,1.0245204612370167
1980-06-24,4.07,229.08,30.12,22.0,2640.0,1.226030696884049
1980-06-25,2.06,363.45,32.97,21.78,2604.43,1.2196672157583532
1980-06-26,7.47,274.06,33.11,24.0,3000.0,1.302392470392398
1980-06-27,0.0,370.51,33.39,22.88,2780.81,1.3108771118933258
1980-06-28,0.0,353.39,34.17,24.08,3012.06,1.2302730176345127
1980-06-29,2.29,342.99,34.1,23.92,2972.69,1.3151194326437896
1980-06-30,0.0,362.6,35.4,24.84,3133.76,1.2726962251391514
1980-07-01,0.0,401.86,36.62,24.38,3061.24,1.1666382063775553
1980-07-02,0.03,422.03,36.77,23.63,2911.96,1.0605801876159595
1980-07-03,0.0,435.79,35.19,21.95,2632.27,0.9545221688543633
1980-07-04,0.0,428.86,35.2,22.26,2681.09,0.8484641500927674
1980-07-05,0.0,422.51,35.71,22.89,2783.17,0.7572542539577949
1980-07-06,0.0,428.87,36.73,23.35,2855.64,0.7360426502054758
1980-07-07,6.91,352.83,36.98,23.34,2859.8,0.7211945275788523
1980-07-08,17.33,344.03,36.03,21.43,2548.62,0.7827081784605779
1980-07-09,0.0,430.65,36.0,22.64,2741.65,1.0181569801113208
1980-07-10,0.0,427.22,36.0,22.81,2769.93,1.0139146593608572
1980-07-11,0.0,419.49,36.65,23.68,2922.5,0.8548276312184633
1980-07-12,0.0,435.66,37.46,23.63,2917.14,0.7614965747082588
1980-07-13,0.0,428.14,37.99,24.39,3061.85,0.7084675653274608
1980-07-14,0.0,419.01,38.53,25.16,3202.49,0.6745289993237501
1980-07-15,0.0,410.43,38.99,25.82,3330.7,0.6490750748209672
1980-07-16,0.04,455.4,38.99,23.73,2934.27,0.6405904333200394
1980-07-17,0.66,445.22,36.61,22.51,2722.27,0.6427115936952713
1980-07-18,1.15,358.61,33.92,22.98,2797.17,0.6278634710686479
1980-07-19,11.15,298.81,33.69,22.35,2695.74,0.6193788295677203
1980-07-20,31.58,269.22,31.42,21.83,2612.49,0.888766197222174
1980-07-21,26.8,200.58,29.4,22.69,2750.37,2.2060067902411955
1980-07-22,18.98,235.34,30.49,22.5,2720.01,2.5666040540306216
1980-07-23,11.01,248.85,30.7,22.23,2676.92,3.13931735534324
1980-07-24,0.0,372.5,31.42,21.61,2577.44,3.096894147838601
1980-07-25,0.0,414.83,33.0,21.47,2555.35,1.9026808565830309
1980-07-26,0.0,375.79,32.38,22.26,2681.34,1.2684539043886873
1980-07-27,4.62,323.29,32.67,22.5,2719.83,1.0308839423627125
1980-07-28,22.05,271.92,31.97,22.33,2693.4,1.226030696884049
1980-07-29,0.0,399.67,32.63,21.66,2585.09,1.4636006589100239
1980-07-30,0.0,444.08,34.44,21.3,2528.31,1.3596638005236599
1980-07-31,0.0,414.82,35.1,22.94,2790.61,1.253605781762064
1980-08-01,0.0,424.51,34.53,22.14,2662.88,0.9969453763590018
1980-08-02,0.0,439.61,33.71,20.93,2468.06,1.045732064989336
1980-08-03,0.0,406.59,33.64,22.16,2665.98,0.8760392349707824
1980-08-04,3.66,366.87,33.48,21.17,2506.95,0.7784658577101141
1980-08-05,0.0,440.12,34.99,21.85,2615.99,0.7572542539577949
1980-08-06,0.0,439.69,35.21,22.02,2642.53,0.6872559615751416
1980-08-07,0.0,409.77,35.5,23.49,2880.3,0.6405904333200394
1980-08-08,0.0,420.83,35.37,22.96,2793.34,0.5896825843144734
1980-08-09,0.0,432.11,35.21,22.37,2699.38,0.57483446168785
1980-08-10,5.4,343.95,33.87,22.39,2701.75,0.5769556220630819
1980-08-11,4.28,338.21,33.39,22.18,2668.08,0.6151365088172563
1980-08-12,0.0,416.59,34.24,22.35,2696.72,0.7021040842017651
1980-08-13,0.0,393.63,34.86,23.71,2929.43,0.6172576691924883
1980-08-14,0.0,407.01,34.6,23.03,2805.56,0.6893771219503736
1980-08-15,0.0,395.11,33.77,22.91,2785.97,0.835737187841376
1980-08-16,0.0,379.11,33.1,22.99,2797.98,0.7784658577101141
1980-08-17,0.0,424.54,33.76,21.83,2613.42,0.8590699519689271
1980-08-18,0.0,428.36,34.88,22.46,2713.62,0.7636177350834907
1980-08-19,0.0,421.55,35.19,22.89,2768.75,0.6702866785732864
1980-08-20,0.0,409.28,36.07,23.84,2950.3,0.6087730276915607
1980-08-21,0.0,404.3,36.67,24.35,3034.27,0.5684709805621542
1980-08-22,0.0,429.78,36.84,23.34,2786.28,0.5769556220630819
1980-08-23,0.0,482.6,35.99,20.04,2202.45,0.5472593768098349
1980-08-24,0.0,422.7,35.14,22.14,2623.55,0.5048361693051967
1980-08-25,0.0,432.0,34.89,21.45,2503.52,0.47513992405194977
1980-08-26,0.0,437.15,34.17,20.56,2367.01,0.4581706410500944
1980-08-27,0.0,424.15,33.45,20.44,2371.72,0.44544367879870295
1980-08-28,0.07,414.12,31.83,19.42,2250.73,0.4475648391739348
1980-08-29,5.45,382.96,32.87,20.18,2350.13,0.5069573296804286
1980-08-30,0.02,399.89,33.97,21.61,2577.53,0.4687764429262541
1980-08-31,0.25,417.45,34.44,21.13,2491.17,0.4560494806748625
1980-09-01,1.44,397.4,34.85,21.15,2491.53,0.4560494806748625
1980-09-02,0.1,403.98,34.48,21.5,2556.92,0.4496859995491667
1980-09-03,6.54,288.0,33.31,21.53,2564.4,0.6087730276915607
1980-09-04,3.46,272.18,31.34,21.55,2568.02,0.6957406030760693
1980-09-05,10.78,239.35,30.79,21.9,2623.74,0.6618020370723586
1980-09-06,0.0,319.22,32.06,22.86,2777.94,0.6108941880667926
1980-09-07,0.0,413.74,34.47,21.17,2507.99,0.5557440183107627
1980-09-08,0.0,423.82,36.0,21.67,2586.57,0.5133208108061244
1980-09-09,0.0,424.02,36.46,21.81,2610.35,0.48150340517764556
1980-09-10,0.0,427.2,37.18,21.94,2629.78,0.45180715992439874
1980-09-11,0.0,426.19,37.1,21.77,2603.55,0.4327167165473114
1980-09-12,0.0,386.7,35.43,22.42,2706.75,0.41574743354545607
1980-09-13,0.0,395.66,34.06,20.9,2464.62,0.4136262731702241
1980-09-14,0.0,404.73,35.46,21.35,2536.53,0.4284743957968476
1980-09-15,0.0,408.19,36.04,21.39,2541.86,0.43059555617207945
1980-09-16,0.0,387.19,35.87,22.17,2666.75,0.40726279204452837
1980-09-17,13.23,267.88,32.81,21.7,2592.56,0.4051416316692965
1980-09-18,3.44,306.64,27.76,17.89,2054.41,0.4221109146711518
1980-09-19,7.05,233.57,29.62,20.54,2405.89,0.4921092070538051
1980-09-20,3.72,244.84,31.46,22.33,2693.3,0.5133208108061244
1980-09-21,0.0,323.36,33.48,22.97,2794.97,0.4921092070538051
1980-09-22,0.0,363.18,34.32,22.05,2648.76,0.4645341221757902
1980-09-23,0.0,381.0,34.28,21.14,2502.04,0.43908019767300716
1980-09-24,0.0,365.61,34.27,21.77,2603.79,0.417868593920688
1980-09-25,0.0,348.7,33.59,21.94,2630.37,0.40302047129406454
1980-09-26,4.26,314.62,32.46,21.0,2480.78,0.4242320750463837
1980-09-27,0.0,376.93,31.85,19.25,2238.01,0.48150340517764556
1980-09-28,0.0,414.04,32.5,17.66,2023.99,0.4560494806748625
1980-09-29,0.0,355.73,33.91,21.56,2568.93,0.4242320750463837
1980-09-30,27.97,253.91,32.11,20.85,2455.83,0.43059555617207945
1980-10-01,0.31,268.0,25.28,17.5,2000.0,0.5133208108061244
1980-10-02,0.0,366.14,27.22,15.72,1779.17,0.6469539144457352
1980-10-03,0.0,455.59,27.99,10.91,1312.71,0.680892480449446
1980-10-04,0.0,465.16,25.77,7.99,1079.42,0.5621074994364584
1980-10-05,0.0,422.97,25.26,10.36,1268.51,0.4836245655528774
1980-10-06,0.0,456.3,23.65,6.25,942.54,0.43695903729777524
1980-10-07,0.0,460.21,25.05,6.54,964.31,0.40726279204452837
1980-10-08,0.0,464.51,27.93,7.71,1057.04,0.392414669417905
1980-10-09,0.0,451.5,30.11,10.12,1249.58,0.38180886754174537
1980-10-10,0.0,433.38,30.86,12.01,1400.83,0.37332422604081766
1980-10-11,0.0,416.82,31.0,13.25,1518.51,0.36908190529035384
1980-10-12,0.0,458.48,28.93,7.08,1006.6,0.36059726378942614
1980-10-13,0.0,442.07,26.08,6.5,960.22,0.34787030153803467
1980-10-14,0.0,441.94,26.26,6.19,942.43,0.34150682041233893
1980-10-15,0.0,424.83,28.46,9.08,1166.5,0.34150682041233893
1980-10-16,0.0,328.24,29.73,16.4,1863.17,0.3436279807875708
1980-10-17,0.0,248.04,29.92,20.17,2347.32,0.3436279807875708
1980-10-18,5.43,148.6,28.48,21.44,2550.6,0.34574914116280275
1980-10-19,23.37,130.45,24.82,18.49,2119.31,0.3987781505436007
1980-10-20,0.0,340.89,23.47,10.1,1248.09,0.6002883861906331
1980-10-21,0.0,324.98,22.15,9.63,1210.38,0.7572542539577949
1980-10-22,0.0,347.66,25.5,11.12,1327.02,0.6639231974475905
1980-10-23,0.0,320.43,27.46,14.16,1615.6,0.5557440183107627
1980-10-24,7.99,199.89,27.06,16.41,1865.02,0.49423036742903703
1980-10-25,0.0,402.57,24.34,5.36,894.75,0.48150340517764556
1980-10-26,0.0,384.71,20.78,3.62,793.21,0.4921092070538051
1980-10-27,0.0,347.23,24.24,9.06,1142.26,0.5154419711813563
1980-10-28,58.27,171.72,24.12,14.96,1701.36,1.6481416115552008
1980-10-29,15.54,185.21,19.17,9.92,1233.34,3.3938566003710697
1980-10-30,4.57,152.18,14.78,7.34,1027.56,3.8605118829220917
1980-10-31,0.0,363.4,18.6,2.47,731.93,2.5666040540306216
1980-11-01,0.0,381.37,22.0,3.45,788.69,1.4720853004109515
1980-11-02,0.0,363.13,23.17,5.85,924.99,1.0499743857397998
1980-11-03,0.0,346.72,25.02,8.51,1121.04,0.9227047632258847
1980-11-04,0.0,332.03,26.11,10.33,1266.34,0.7763446973348823
1980-11-05,0.0,374.84,24.34,4.97,877.33,0.6745289993237501
1980-11-06,0.0,367.3,23.49,4.79,863.22,0.6172576691924883
1980-11-07,0.0,348.21,25.18,7.77,1061.8,0.5769556220630819
1980-11-08,0.0,337.96,26.31,9.47,1197.89,0.5536228579355308
1980-11-09,0.0,335.87,26.85,9.95,1236.13,0.5302900938079798
1980-11-10,0.0,318.28,26.38,10.83,1306.75,0.5154419711813563
1980-11-11,0.0,314.22,25.26,10.25,1260.26,0.5048361693051967
1980-11-12,0.0,304.53,22.93,8.96,1156.94,0.49423036742903703
1980-11-13,0.0,308.68,22.73,8.51,1121.2,0.4836245655528774
1980-11-14,0.0,238.96,24.37,14.05,1604.31,0.47301876367671786
1980-11-15,1.38,192.52,26.11,16.71,1896.85,0.496351527804269
1980-11-16,0.0,218.95,23.8,14.47,1650.85,0.5366535749336754
1980-11-17,1.36,184.56,23.19,14.55,1659.24,0.5069573296804286
1980-11-18,0.73,280.27,19.45,6.42,956.16,0.5069573296804286
1980-11-19,0.0,264.85,10.07,-0.8,578.21,0.4984726881795009
1980-11-20,0.0,310.67,13.61,-0.38,594.07,0.5281689334327477
1980-11-21,0.0,334.31,15.67,-0.63,584.91,0.5260477730575158
1980-11-22,8.6,208.71,15.61,4.31,825.94,0.5154419711813563
1980-11-23,20.91,133.16,16.01,8.74,1139.15,0.6151365088172563
1980-11-24,4.42,124.05,16.11,10.84,1307.31,0.9396740462277401
1980-11-25,0.0,157.61,13.24,7.23,1018.24,1.1051245554958296
1980-11-26,32.69,142.92,12.2,4.98,877.76,1.1284573196233807
1980-11-27,22.15,180.19,12.48,2.99,759.2,2.630238865287579
1980-11-28,0.0,278.13,11.63,0.08,606.07,3.839300279169773
1980-11-29,0.0,333.43,16.5,-0.15,604.52,3.033259336581644
1980-11-30,0.0,346.58,19.83,0.72,638.27,1.9832849508418442
1980-12-01,0.0,340.19,21.91,3.05,763.69,1.353300319397964
1980-12-02,1.63,279.06,24.42,9.15,1171.68,1.0775494706178148
1980-12-03,0.0,336.56,23.74,4.59,847.17,0.9651279707305229
1980-12-04,0.0,332.57,19.7,1.78,693.97,0.8590699519689271
1980-12-05,0.0,325.47,21.96,4.33,832.0,0.7827081784605779
1980-12-06,0.0,305.85,23.9,7.96,1076.87,0.72967916907978
1980-12-07,0.0,291.81,24.07,9.37,1189.58,0.6893771219503736
1980-12-08,0.0,266.21,24.04,11.31,1344.46,0.6660443578228225
1980-12-09,0.0,208.17,24.45,15.15,1731.95,0.6490750748209672
1980-12-10,23.52,217.02,22.22,8.25,1099.79,0.8760392349707824
1980-12-11,0.0,296.28,13.41,-0.04,608.07,1.3999658476530663
1980-12-12,0.0,323.21,15.96,-0.36,595.44,1.329967555270413
1980-12-13,0.0,329.28,18.38,0.8,642.74,1.071185989492119
1980-12-14,0.0,303.41,17.74,2.8,750.6,0.8930085179726378
1980-12-15,0.0,336.67,18.04,-1.15,563.83,0.7890716595862738
1980-12-16,0.12,292.64,18.04,3.49,789.38,0.7275580087045481
1980-12-17,0.0,300.17,16.51,1.29,663.48,0.680892480449446
1980-12-18,0.0,316.32,17.29,0.24,618.89,0.6490750748209672
1980-12-19,0.0,308.42,20.42,3.52,791.85,0.6236211503181841
1980-12-20,0.0,331.56,19.93,0.08,613.59,0.6066518673163287
1980-12-21,0.0,249.49,8.73,-2.57,505.75,0.6024095465658649
1980-12-22,0.0,300.83,13.01,-2.36,515.42,0.6024095465658649
1980-12-23,0.0,273.29,15.61,2.04,712.86,0.5939249050649372
1980-12-24,8.05,154.63,19.49,9.6,1208.16,0.5939249050649372
1980-12-25,0.0,319.9,15.32,-2.87,494.43,0.6151365088172563
1980-12-26,0.0,257.52,9.35,-3.18,480.62,0.6639231974475905
1980-12-27,0.0,232.9,10.15,-0.92,566.61,0.6660443578228225
1980-12-28,0.0,300.25,12.71,-3.39,479.84,0.6384692729448075
1980-12-29,0.0,301.11,16.67,0.12,609.75,0.6108941880667926
1980-12-30,0.0,265.6,16.47,3.0,760.0,0.6024095465658649
1980-12-31,0.0,283.35,16.57,1.56,684.87,0.57483446168785
1981-01-01,0.0,317.33,18.29,1.03,652.07,0.5621074994364584
1981-01-02,0.0,328.52,17.62,-0.73,580.5,0.5472593768098349
1981-01-03,0.0,331.03,16.26,-2.11,525.7,0.5345324145584435
1981-01-04,0.0,299.09,16.31,1.23,658.14,0.5281689334327477
1981-01-05,0.0,310.49,13.75,-2.0,520.8,0.5260477730575158
1981-01-06,0.0,265.15,12.99,0.76,641.01,0.5196842919318201
1981-01-07,15.8,198.12,14.27,2.05,716.86,0.5896825843144734
1981-01-08,0.0,299.62,12.45,-2.0,531.51,0.7572542539577949
1981-01-09,0.0,293.71,13.3,-0.69,584.62,0.7721023765844184
1981-01-10,0.0,282.62,12.71,-0.38,600.02,0.7424061313311715
1981-01-11,0.0,296.95,9.51,-4.28,440.36,0.6724078389485182
1981-01-12,0.0,319.67,7.85,-7.51,347.88,0.6151365088172563
1981-01-13,0.0,343.16,8.62,-8.93,313.24,0.57483446168785
1981-01-14,0.0,317.08,13.19,-2.15,524.91,0.5557440183107627
1981-01-15,0.0,298.15,15.44,1.5,680.0,0.549380537185067
1981-01-16,0.0,319.66,15.03,-0.42,593.19,0.545138216434603
1981-01-17,0.0,307.04,10.62,-3.37,478.51,0.5345324145584435
1981-01-18,0.0,343.61,10.73,-6.17,382.93,0.5239266126822839
1981-01-19,0.0,319.76,12.5,-2.33,515.14,0.5175631315565882
1981-01-20,5.26,198.16,12.31,1.11,657.34,0.5196842919318201
1981-01-21,0.47,121.17,8.52,3.74,802.68,0.5366535749336754
1981-01-22,0.0,141.92,9.03,3.59,797.68,0.549380537185067
1981-01-23,0.0,232.5,12.5,3.08,766.59,0.5557440183107627
1981-01-24,0.0,346.24,15.79,-0.83,577.98,0.545138216434603
1981-01-25,0.0,356.3,18.98,1.14,656.96,0.5281689334327477
1981-01-26,0.0,341.65,20.48,4.0,800.0,0.5175631315565882
1981-01-27,0.0,301.68,21.05,7.57,1045.34,0.5175631315565882
1981-01-28,0.72,313.23,19.66,4.82,865.71,0.5472593768098349
1981-01-29,0.0,378.69,20.56,0.92,648.38,0.5196842919318201
1981-01-30,0.0,321.87,21.26,6.8,990.75,0.496351527804269
1981-01-31,0.0,304.08,17.74,5.04,875.43,0.48574572592810933
1981-02-01,10.84,219.49,19.78,7.8,1063.84,0.5175631315565882
1981-02-02,24.18,296.07,18.98,-0.89,568.58,1.1560324045013957
1981-02-03,0.0,374.65,9.04,-7.24,358.58,2.0851006488529764
1981-02-04,0.0,351.19,11.54,-2.91,493.42,1.8199556019489862
1981-02-05,2.75,251.34,11.77,0.16,613.17,1.276938545889615
1981-02-06,56.28,161.35,9.15,1.68,686.93,2.9059897140677284
1981-02-07,0.0,165.89,11.68,6.1,929.22,6.00288386190633
1981-02-08,0.26,214.65,14.38,7.0,1000.0,7.487696124568673
1981-02-09,0.0,375.63,16.24,1.03,655.52,6.427115936952714
1981-02-10,139.13,210.49,17.5,7.56,1044.41,7.763446973348822
1981-02-11,20.65,308.25,16.25,-1.6,546.47,15.67537517296388
1981-02-12,0.0,358.68,4.99,-7.67,341.17,32.029521666001976
1981-02-13,0.0,324.61,7.92,-2.95,492.18,26.93873676544537
1981-02-14,0.0,285.92,12.47,3.18,774.62,16.67232054932288
1981-02-15,10.02,153.94,14.12,7.82,1065.98,10.075511782351613
1981-02-16,6.94,180.39,17.31,9.85,1227.71,6.2574231069341595
1981-02-17,3.31,192.97,21.0,14.31,1624.68,4.581706410500944
1981-02-18,0.0,318.71,21.82,11.5,1360.28,3.5847610341419425
1981-02-19,0.0,376.59,21.87,8.76,1140.87,2.9908361290770054
1981-02-20,0.0,371.68,24.57,11.22,1337.82,2.375699620259749
1981-02-21,0.0,394.35,24.74,9.85,1227.77,1.872984611329784
1981-02-22,2.48,264.85,21.59,11.9,1392.18,1.5526893946697646
1981-02-23,0.0,411.04,21.0,6.03,929.66,1.3872388854016748
1981-02-24,0.0,448.96,22.49,4.19,826.61,1.226030696884049
1981-02-25,0.0,447.54,23.96,5.66,914.61,1.1496689233757
1981-02-26,0.0,445.15,25.44,7.16,1013.07,1.0945187536196699
1981-02-27,0.0,454.79,26.6,7.09,1007.06,1.0627013479911913
1981-02-28,0.0,428.23,25.85,9.37,1189.28,1.041489744238872
1981-03-01,0.0,319.89,23.47,13.29,1524.32,1.0181569801113208
1981-03-02,0.0,357.66,21.58,10.18,1254.34,0.9820972537323783
1981-03-03,0.0,419.12,20.71,6.38,950.39,0.9820972537323783
1981-03-04,5.81,225.64,20.5,12.19,1415.2,0.9905818952333061
1981-03-05,12.45,278.67,22.65,11.15,1332.28,1.2048190931317297
1981-03-06,0.0,465.24,21.66,4.89,871.24,1.5314777909174453
1981-03-07,0.0,308.3,17.25,8.73,1138.07,1.3342098760208767
1981-03-08,0.0,353.28,17.97,7.87,1069.84,1.092397593244438
1981-03-09,0.0,461.67,19.32,3.52,789.24,0.9417952066029719
1981-03-10,0.0,461.14,19.08,3.24,773.81,0.8590699519689271
1981-03-11,0.0,421.59,20.5,7.02,1001.83,0.8208890652147526
1981-03-12,0.0,442.54,20.5,5.86,924.98,0.808162102963361
1981-03-13,3.17,300.44,19.1,8.2,1095.6,0.8166467444642886
1981-03-14,0.0,483.29,22.56,5.16,891.36,0.7954351407119695
1981-03-15,0.0,483.77,23.03,5.49,905.92,0.7614965747082588
1981-03-16,0.42,411.56,22.43,8.98,1158.08,0.7445272917064034
1981-03-17,0.0,499.68,21.31,2.59,738.98,0.7211945275788523
1981-03-18,0.0,401.35,24.4,11.25,1339.85,0.7105887257026927
1981-03-19,0.0,514.94,22.36,1.69,691.11,0.6999829238265332
1981-03-20,0.0,479.81,18.42,1.38,675.28,0.6893771219503736
1981-03-21,2.94,334.87,19.88,6.38,956.44,0.9545221688543633
1981-03-22,39.66,272.52,21.68,10.28,1262.2,2.5453924502783027
1981-03-23,4.15,289.68,19.88,7.89,1070.82,3.6059726378942614
1981-03-24,0.0,460.41,19.0,3.56,790.77,2.7575084878014944
1981-03-25,0.0,475.81,20.64,4.12,822.52,2.03419279984741
1981-03-26,0.0,492.85,22.46,4.7,856.13,1.4445102155329366
1981-03-27,0.0,500.77,23.89,5.43,905.66,1.119972678122453
1981-03-28,0.0,421.8,24.44,10.67,1293.27,0.9693702914809867
1981-03-29,12.19,220.66,23.43,15.42,1753.16,0.9057354802240293
1981-03-30,47.22,310.38,26.37,13.16,1510.77,1.7711689133186521
1981-03-31,0.0,389.23,27.26,14.96,1704.72,3.669607449151219
1981-04-01,1.56,233.37,25.18,18.42,2114.1,5.408958956841392
1981-04-02,0.0,505.3,26.97,8.87,1149.61,6.299846314438798
1981-04-03,0.0,360.4,26.87,15.83,1791.28,4.051416316692965
1981-04-04,0.0,231.46,27.35,20.5,2399.71,2.969624525324686
1981-04-05,7.9,291.43,26.35,14.64,1668.5,2.3332764127551107
1981-04-06,0.0,495.44,23.33,6.99,999.53,1.9090443377087265
1981-04-07,0.0,486.26,23.73,7.77,1061.93,1.6120818851762582
1981-04-08,0.0,403.56,23.85,11.81,1384.42,1.3999658476530663
1981-04-09,0.0,301.22,26.26,17.59,2013.88,1.2302730176345127
1981-04-10,0.0,415.54,27.42,14.69,1670.11,1.1030033951205978
1981-04-11,0.0,377.3,26.79,15.71,1777.8,1.0181569801113208
1981-04-12,0.0,332.44,27.49,17.88,2058.46,0.9545221688543633
1981-04-13,0.0,372.79,28.48,17.56,2010.21,0.8908873575974059
1981-04-14,0.0,450.2,29.33,15.33,1746.31,0.8272525463404482
1981-04-15,0.0,468.88,30.5,15.36,1748.71,0.78482933883581
1981-04-16,0.0,427.5,29.84,16.91,1917.88,0.7424061313311715
1981-04-17,0.0,368.99,28.54,18.07,2078.5,0.6999829238265332
1981-04-18,0.0,428.35,29.19,16.69,1895.54,0.6575597163218948
1981-04-19,0.0,406.51,29.0,17.53,2003.97,0.6151365088172563
1981-04-20,0.0,430.82,29.88,17.39,1982.1,0.5939249050649372
1981-04-21,0.0,419.66,30.36,18.22,2097.69,0.572713301312618
1981-04-22,5.8,293.82,29.69,19.47,2270.63,0.6363481125695757
1981-04-23,0.0,369.37,28.91,18.95,2193.56,0.7636177350834907
1981-04-24,13.23,318.96,26.62,15.28,1737.48,0.7211945275788523
1981-04-25,0.0,469.41,25.75,13.0,1494.05,0.678771320074214
1981-04-26,0.0,489.52,26.5,12.91,1482.32,0.6999829238265332
1981-04-27,0.0,541.15,28.54,11.45,1356.34,0.6363481125695757
1981-04-28,0.0,486.48,28.83,14.67,1673.39,0.572713301312618
1981-04-29,0.09,378.92,28.43,18.54,2138.47,0.5302900938079798
1981-04-30,0.27,405.34,30.32,19.16,2225.4,0.572713301312618
1981-05-01,0.0,460.47,30.06,16.87,1915.18,0.5939249050649372
1981-05-02,0.0,516.74,29.29,13.61,1567.92,0.5515016975602989
1981-05-03,0.0,546.8,27.88,10.48,1278.49,0.5090784900556604
1981-05-04,0.0,418.09,27.68,16.37,1856.42,0.46665528255102207
1981-05-05,13.19,220.43,25.77,18.47,2124.44,0.4242320750463837
1981-05-06,9.09,194.51,23.04,17.0,1919.73,0.44544367879870295
1981-05-07,0.0,336.13,23.53,15.67,1774.0,0.4878668863033413
1981-05-08,0.0,444.62,24.56,13.41,1541.07,0.5260477730575158
1981-05-09,0.0,455.29,27.0,15.04,1723.34,0.5684709805621542
1981-05-10,3.24,307.68,26.48,17.09,1945.19,0.5557440183107627
1981-05-11,0.0,540.59,25.43,9.73,1218.67,0.496351527804269
1981-05-12,0.0,544.47,25.55,9.52,1155.72,0.45180715992439874
1981-05-13,0.0,537.52,27.56,11.49,1261.96,0.43059555617207945
1981-05-14,12.58,355.31,28.52,15.28,1741.27,0.41574743354545607
1981-05-15,0.22,520.09,28.07,12.62,1396.09,0.43908019767300716
1981-05-16,0.0,421.72,25.96,15.15,1731.0,0.5175631315565882
1981-05-17,0.51,397.39,27.0,16.55,1879.44,0.549380537185067
1981-05-18,0.0,356.05,30.31,21.0,2479.95,0.4921092070538051
1981-05-19,27.07,272.51,30.18,20.71,2434.1,0.4602918014253264
1981-05-20,7.91,454.61,28.11,14.21,1604.54,1.145426602625236
1981-05-21,0.0,513.34,24.03,10.0,1228.6,0.8527064708432313
1981-05-22,0.0,538.38,28.08,11.76,1334.57,0.6490750748209672
1981-05-23,0.0,479.76,28.75,15.1,1703.15,0.5472593768098349
1981-05-24,0.0,436.63,29.87,17.73,2033.68,0.4602918014253264
1981-05-25,0.0,354.49,29.87,20.52,2403.34,0.41574743354545607
1981-05-26,35.44,272.74,29.88,20.34,2375.45,0.9248259236011166
1981-05-27,0.0,448.55,29.81,17.55,2004.72,1.665110894557056
1981-05-28,0.0,493.72,31.14,16.62,1882.52,0.992703055608538
1981-05-29,0.0,409.43,32.38,20.98,2477.34,0.8951296783478696
1981-05-30,0.0,396.47,32.75,21.74,2598.0,0.6639231974475905
1981-05-31,0.0,399.65,32.12,21.19,2509.65,0.5366535749336754
1981-06-01,0.08,338.24,30.15,21.54,2566.39,0.4687764429262541
1981-06-02,4.4,273.35,30.99,21.82,2610.46,0.43059555617207945
1981-06-03,25.05,319.37,31.2,19.89,2319.82,0.47089760330148595
1981-06-04,2.74,297.57,31.28,22.58,2732.33,1.5039027060394303
1981-06-05,0.0,272.76,30.42,23.63,2917.5,1.720261064313086
1981-06-06,0.0,279.45,31.06,24.04,2993.22,1.329967555270413
1981-06-07,19.54,242.26,31.7,23.5,2880.69,1.2875443477657746
1981-06-08,4.33,274.48,32.46,23.21,2833.8,1.1814863290041786
1981-06-09,0.45,356.28,33.57,23.93,2971.46,0.833616027466144
1981-06-10,11.02,335.86,33.84,23.42,2871.12,0.678771320074214
1981-06-11,8.06,325.22,32.97,21.34,2534.19,0.755133093582563
1981-06-12,29.63,276.51,32.0,22.83,2772.99,0.8781603953460143
1981-06-13,0.0,321.76,32.48,24.63,3100.4,1.881469252830712
1981-06-14,0.0,345.93,32.72,24.33,3044.85,1.1857286497546426
1981-06-15,0.0,403.16,33.51,23.27,2850.31,0.7827081784605779
1981-06-16,0.0,459.35,34.0,21.53,2565.45,0.6066518673163287
1981-06-17,0.0,439.2,34.21,22.43,2708.76,0.5154419711813563
1981-06-18,0.0,446.7,34.5,22.28,2684.28,0.4602918014253264
1981-06-19,0.0,461.31,35.0,22.04,2646.39,0.43483787692254333
1981-06-20,0.0,440.4,34.98,22.94,2791.68,0.5260477730575158
1981-06-21,0.0,428.92,34.47,23.12,2827.01,0.5281689334327477
1981-06-22,0.0,418.66,35.0,23.95,2979.48,0.44544367879870295
1981-06-23,7.43,367.78,34.35,21.78,2604.52,0.4051416316692965
1981-06-24,5.37,335.23,31.52,21.28,2524.78,0.5811979428135456
1981-06-25,6.67,318.92,31.92,21.85,2615.95,0.8208890652147526
1981-06-26,0.89,437.65,33.0,21.46,2554.39,0.8717969142203186
1981-06-27,0.41,496.19,33.06,18.89,2182.27,0.8824027160964782
1981-06-28,0.0,506.86,33.5,18.93,2192.27,0.7911928199615056
1981-06-29,7.33,377.71,33.0,21.39,2542.49,0.7084675653274608
1981-06-30,0.0,471.55,31.81,19.39,2257.71,0.6108941880667926
1981-07-01,6.07,349.17,32.21,21.49,2559.16,0.4645341221757902
1981-07-02,29.32,176.08,25.12,20.2,2352.75,0.4645341221757902
1981-07-03,13.24,249.55,27.55,20.26,2364.83,0.8484641500927674
1981-07-04,22.43,269.71,29.57,21.37,2539.07,2.0151023564703228
1981-07-05,20.7,286.81,30.98,21.89,2623.03,2.86356650656309
1981-07-06,10.06,276.96,31.13,22.36,2697.42,3.4787030153803467
1981-07-07,1.95,379.9,32.02,22.32,2691.76,4.093839524197603
1981-07-08,0.0,433.34,34.26,22.68,2748.63,2.736296884049175
1981-07-09,0.0,423.55,35.16,23.67,2921.03,1.7796535548195798
1981-07-10,0.0,438.69,35.49,23.28,2845.51,1.2642115836382235
1981-07-11,11.64,339.73,33.84,21.5,2560.0,0.9057354802240293
1981-07-12,0.0,404.95,33.01,22.59,2734.02,0.7636177350834907
1981-07-13,0.0,430.21,34.5,22.76,2760.96,0.6490750748209672
1981-07-14,0.0,425.86,35.19,23.34,2860.47,0.6151365088172563
1981-07-15,0.0,416.75,35.74,24.04,3000.46,0.5557440183107627
1981-07-16,0.0,421.24,35.75,23.9,2966.19,0.4878668863033413
1981-07-17,0.0,417.9,35.55,23.88,2966.42,0.43695903729777524
1981-07-18,0.0,414.63,35.69,24.12,3016.74,0.40302047129406454
1981-07-19,0.0,418.87,36.04,24.24,3038.75,0.37968770716651346
1981-07-20,0.0,395.02,35.82,24.95,3161.17,0.36483958453989
1981-07-21,0.0,425.97,36.0,23.93,2976.08,0.34787030153803467
1981-07-22,0.0,469.01,36.66,22.42,2707.44,0.3309010185361793
1981-07-23,0.0,464.43,37.49,23.14,2822.45,0.3160528959095559
1981-07-24,0.0,438.42,36.91,23.83,2954.2,0.2990836129077005
1981-07-25,0.0,404.04,35.42,24.09,3001.1,0.2905989714067728
1981-07-26,5.48,356.44,34.93,22.84,2775.18,0.30120477328293244
1981-07-27,3.11,324.14,33.88,22.83,2773.83,0.36696074491512193
1981-07-28,0.14,403.01,33.81,23.0,2800.78,0.3775665467912815
1981-07-29,3.42,348.88,34.88,23.36,2865.06,0.38817234866744116
1981-07-30,11.61,323.84,33.97,22.12,2659.1,0.37120306566558575
1981-07-31,0.0,449.86,34.49,21.7,2592.8,0.3987781505436007
1981-08-01,0.35,420.99,34.21,22.4,2703.41,0.36696074491512193
1981-08-02,0.0,410.93,33.57,22.23,2676.03,0.31817405628478784
1981-08-03,31.16,329.01,32.95,20.6,2415.57,0.2969624525324686
1981-08-04,5.9,313.74,33.33,21.6,2575.5,0.36059726378942614
1981-08-05,0.11,379.38,33.16,22.76,2761.8,0.44544367879870295
1981-08-06,0.0,401.87,33.97,22.58,2732.59,0.5642286598116903
1981-08-07,0.0,386.5,34.53,23.56,2899.83,0.5154419711813563
1981-08-08,17.89,280.26,33.83,23.45,2875.01,0.43695903729777524
1981-08-09,0.0,420.06,32.96,21.14,2503.19,0.3860511882922092
1981-08-10,0.0,433.95,33.93,21.32,2530.75,0.3775665467912815
1981-08-11,9.14,359.79,34.38,21.67,2587.6,0.38817234866744116
1981-08-12,0.0,413.51,34.77,22.64,2742.85,0.3542337826637304
1981-08-13,7.43,403.86,34.91,21.79,2606.78,0.3245375374104836
1981-08-14,0.0,404.5,34.37,22.62,2738.59,0.2969624525324686
1981-08-15,0.0,397.78,34.73,23.12,2818.61,0.28847781103154096
1981-08-16,0.0,381.11,35.35,24.19,3030.43,0.3202952166600197
1981-08-17,0.0,403.59,35.42,23.37,2868.18,0.3436279807875708
1981-08-18,15.22,322.17,35.76,22.5,2719.46,0.3266586977857155
1981-08-19,6.95,323.38,34.71,22.25,2679.36,0.30756825440862817
1981-08-20,2.4,313.71,31.3,21.89,2622.01,0.30968941478386014
1981-08-21,0.0,394.54,32.0,21.03,2484.22,0.37332422604081766
1981-08-22,0.0,369.8,31.45,21.49,2557.9,0.36696074491512193
1981-08-23,3.69,351.84,31.44,21.21,2513.78,0.4093839524197603
1981-08-24,0.0,417.91,32.77,20.84,2454.08,0.34787030153803467
1981-08-25,0.0,420.63,32.89,20.8,2448.06,0.3287798581609474
1981-08-26,0.0,429.9,33.26,20.61,2417.92,0.34150682041233893
1981-08-27,0.0,427.81,32.6,20.12,2348.63,0.3351433392866432
1981-08-28,0.0,397.37,32.46,21.17,2507.26,0.30332593365816435
1981-08-29,3.01,245.54,32.01,23.43,2868.79,0.286356650656309
1981-08-30,10.25,233.48,31.74,23.45,2872.71,0.2821143299058452
1981-08-31,20.76,276.81,32.65,22.42,2707.99,0.38180886754174537
1981-09-01,4.75,266.37,31.6,22.31,2688.8,0.5684709805621542
1981-09-02,5.43,259.39,31.5,22.27,2683.96,0.47089760330148595
1981-09-03,19.08,286.34,31.58,21.18,2508.31,0.5387747353089074
1981-09-04,11.7,281.36,30.9,20.82,2450.46,0.9057354802240293
1981-09-05,0.0,377.53,31.5,21.22,2514.45,0.912098961349725
1981-09-06,0.0,407.4,31.5,20.06,2340.63,0.7445272917064034
1981-09-07,7.11,333.38,32.34,21.62,2579.88,0.5769556220630819
1981-09-08,0.0,429.23,32.41,19.71,2292.86,0.47301876367671786
1981-09-09,0.0,426.89,31.06,18.73,2163.12,0.40726279204452837
1981-09-10,0.0,481.21,30.21,15.18,1725.38,0.36059726378942614
1981-09-11,0.0,490.63,31.76,15.36,1743.85,0.32241637703525167
1981-09-12,0.0,461.19,32.9,17.88,2054.75,0.2969624525324686
1981-09-13,0.0,415.78,33.03,20.21,2352.84,0.27787200915538135
1981-09-14,7.9,285.8,31.81,20.65,2424.35,0.27787200915538135
1981-09-15,12.79,255.24,30.85,21.29,2527.03,0.30120477328293244
1981-09-16,5.35,245.65,29.48,20.67,2426.99,0.549380537185067
1981-09-17,0.0,447.85,29.5,15.79,1790.81,0.678771320074214
1981-09-18,0.0,483.83,25.79,10.67,1293.38,0.5196842919318201
1981-09-19,0.0,485.53,23.55,8.47,1117.91,0.417868593920688
1981-09-20,0.0,495.53,25.06,8.62,1129.85,0.36483958453989
1981-09-21,0.0,466.53,27.16,11.92,1393.27,0.33726449966187505
1981-09-22,0.0,483.55,29.32,11.92,1393.54,0.3202952166600197
1981-09-23,0.0,454.97,31.38,15.17,1727.21,0.30756825440862817
1981-09-24,0.0,451.44,32.1,15.62,1770.89,0.2990836129077005
1981-09-25,0.0,440.74,31.77,15.87,1801.42,0.28847781103154096
1981-09-26,0.0,399.58,31.68,17.97,2068.07,0.2821143299058452
1981-09-27,0.0,401.48,31.98,17.94,2060.39,0.2842354902810771
1981-09-28,0.0,405.83,33.0,18.18,2090.43,0.2821143299058452
1981-09-29,0.0,415.44,33.0,17.32,1972.64,0.27787200915538135
1981-09-30,0.0,433.79,32.92,15.71,1782.14,0.27362968840491747
1981-10-01,0.0,405.49,32.99,17.25,1969.14,0.2693873676544537
1981-10-02,0.0,345.53,31.75,19.23,2236.18,0.2630238865287579
1981-10-03,0.0,462.44,28.23,9.05,1163.68,0.25241808465259835
1981-10-04,0.0,446.2,28.4,10.1,1248.3,0.24393344315167065
1981-10-05,0.0,415.96,31.08,13.94,1590.77,0.24605460352690256
1981-10-06,0.0,382.27,32.08,16.55,1874.18,0.24605460352690256
1981-10-07,0.0,311.57,31.58,19.57,2281.97,0.2418122827764387
1981-10-08,0.0,291.67,25.89,15.54,1762.1,0.23544880165074297
1981-10-09,5.38,222.44,25.59,15.16,1722.87,0.23969112240120682
1981-10-10,17.13,223.15,30.04,18.84,2182.94,0.28847781103154096
1981-10-11,5.98,237.83,29.67,19.57,2277.58,0.4221109146711518
1981-10-12,0.0,243.97,27.72,19.08,2212.01,0.4560494806748625
1981-10-13,0.0,276.35,26.98,17.17,1947.37,0.4242320750463837
1981-10-14,0.0,345.21,26.72,13.83,1586.22,0.3775665467912815
1981-10-15,0.0,306.05,27.61,16.28,1847.01,0.33726449966187505
1981-10-16,0.0,341.56,28.76,15.32,1745.98,0.3160528959095559
1981-10-17,0.0,331.08,29.0,15.98,1805.75,0.2990836129077005
1981-10-18,0.0,286.09,27.97,17.21,1954.07,0.28847781103154096
1981-10-19,0.0,385.07,21.52,6.5,960.0,0.27575084878014944
1981-10-20,0.0,425.65,21.26,2.96,758.82,0.2693873676544537
1981-10-21,0.0,407.26,24.92,7.17,1017.03,0.2651450469039899
1981-10-22,0.0,344.42,27.85,13.8,1580.44,0.2630238865287579
1981-10-23,0.51,349.59,27.38,13.05,1498.22,0.260902726153526
1981-10-24,0.85,282.41,16.23,6.43,955.67,0.2566604054030622
1981-10-25,3.91,201.91,18.2,8.93,1154.42,0.2566604054030622
1981-10-26,11.25,140.65,20.51,14.16,1612.38,0.2630238865287579
1981-10-27,0.0,292.97,19.27,9.0,1160.07,0.27575084878014944
1981-10-28,0.0,356.02,19.72,6.19,939.94,0.286356650656309
1981-10-29,0.0,388.68,24.36,7.47,1037.64,0.2990836129077005
1981-10-30,0.0,374.91,26.5,10.15,1251.79,0.3202952166600197
1981-10-31,0.0,283.18,25.86,15.1,1716.74,0.3160528959095559
1981-11-01,0.0,259.79,25.38,15.71,1776.65,0.2969624525324686
1981-11-02,0.0,279.76,25.42,14.97,1712.86,0.2821143299058452
1981-11-03,0.0,301.88,26.0,14.46,1646.52,0.2715085280296856
1981-11-04,0.03,277.85,26.95,16.49,1866.2,0.26726620727922173
1981-11-05,5.8,260.25,26.96,15.94,1798.59,0.2630238865287579
1981-11-06,0.0,328.24,25.31,12.32,1425.74,0.30756825440862817
1981-11-07,0.0,386.15,23.63,5.72,917.64,0.2927201317820048
1981-11-08,0.0,388.82,23.5,4.69,855.48,0.2905989714067728
1981-11-09,2.23,270.87,22.3,10.85,1307.74,0.2905989714067728
1981-11-10,3.61,178.09,21.06,13.24,1519.77,0.27787200915538135
1981-11-11,0.0,340.03,21.24,6.84,987.2,0.2715085280296856
1981-11-12,0.0,381.89,21.01,2.07,711.17,0.260902726153526
1981-11-13,0.0,340.54,21.46,6.32,953.81,0.2502969242773664
1981-11-14,0.0,360.58,21.95,4.5,839.81,0.24605460352690256
1981-11-15,0.0,375.0,22.0,2.32,724.37,0.23969112240120682
1981-11-16,0.0,308.63,23.53,9.63,1210.21,0.23332764127551103
1981-11-17,0.0,347.24,24.65,6.92,993.62,0.23332764127551103
1981-11-18,0.0,347.7,25.15,6.94,995.18,0.2290853205250472
1981-11-19,4.55,249.68,26.43,12.72,1464.99,0.22484299977458336
1981-11-20,4.46,287.85,24.16,4.55,843.81,0.2290853205250472
1981-11-21,0.0,347.62,14.96,-2.05,529.65,0.2715085280296856
1981-11-22,0.0,350.06,16.93,-0.92,575.5,0.286356650656309
1981-11-23,0.0,334.07,21.28,3.99,812.88,0.27787200915538135
1981-11-24,3.97,190.78,22.3,10.58,1286.1,0.2715085280296856
1981-11-25,0.0,342.25,22.74,3.43,781.57,0.2651450469039899
1981-11-26,0.0,275.78,25.05,11.04,1323.36,0.2566604054030622
1981-11-27,0.92,181.51,26.89,17.41,1985.07,0.2481757639021345
1981-11-28,0.87,243.45,25.59,12.83,1476.81,0.23544880165074297
1981-11-29,0.0,253.09,23.35,11.14,1331.23,0.2290853205250472
1981-11-30,2.26,193.56,24.74,15.01,1711.45,0.2290853205250472
1981-12-01,19.12,182.51,24.36,12.44,1438.84,0.2651450469039899
1981-12-02,0.0,319.97,21.05,3.5,785.19,0.40302047129406454
1981-12-03,0.0,317.75,19.82,2.39,727.36,0.4327167165473114
1981-12-04,0.0,262.72,19.71,6.62,973.48,0.392414669417905
1981-12-05,0.0,296.67,15.39,0.08,610.91,0.34787030153803467
1981-12-06,0.0,270.75,14.52,1.16,657.57,0.30332593365816435
1981-12-07,0.0,295.07,19.12,3.42,781.42,0.27575084878014944
1981-12-08,0.0,282.3,23.55,8.32,1105.23,0.260902726153526
1981-12-09,0.0,314.14,21.69,3.54,791.19,0.24605460352690256
1981-12-10,0.0,298.92,16.53,0.29,622.47,0.23332764127551103
1981-12-11,0.0,258.7,12.26,-0.53,597.08,0.2290853205250472
1981-12-12,24.4,120.04,10.83,3.68,796.89,0.2418122827764387
1981-12-13,3.57,79.46,9.66,5.19,895.49,0.31393173553432396
1981-12-14,26.26,113.63,14.8,8.14,1091.09,0.5090784900556604
1981-12-15,4.18,137.02,12.27,4.46,837.19,0.8569487915936952
1981-12-16,0.0,294.72,14.66,0.04,614.07,1.092397593244438
1981-12-17,4.31,207.97,17.47,4.88,870.09,0.9693702914809867
1981-12-18,3.49,214.56,12.01,-1.47,550.34,0.7445272917064034
1981-12-19,0.0,288.04,4.96,-8.21,321.53,0.6002883861906331
1981-12-20,0.0,287.16,6.07,-6.89,360.0,0.5069573296804286
1981-12-21,0.61,290.65,14.67,0.93,645.05,0.4475648391739348
1981-12-22,0.03,190.74,20.96,12.68,1454.96,0.40726279204452837
1981-12-23,2.91,197.99,20.82,10.06,1244.45,0.3839300279169773
1981-12-24,7.18,142.34,11.79,4.35,828.29,0.36483958453989
1981-12-25,18.91,124.02,10.39,4.23,818.86,0.4581706410500944
1981-12-26,0.0,220.25,15.0,6.38,956.88,0.9630068103552911
1981-12-27,6.97,191.92,18.25,7.55,1044.19,1.0499743857397998
1981-12-28,14.19,201.63,19.96,8.34,1107.36,0.8696757538450867
1981-12-29,8.73,193.05,18.95,8.21,1096.86,0.935431725477276
1981-12-30,0.65,226.83,12.62,3.88,808.49,1.1560324045013957
1981-12-31,24.99,193.86,17.7,7.15,1011.95,1.253605781762064
1982-01-01,0.0,229.27,20.0,9.93,1234.23,1.4911757437880389
1982-01-02,6.64,158.92,18.23,9.92,1233.38,1.4445102155329366
1982-01-03,5.19,128.92,22.46,15.01,1714.28,1.872984611329784
1982-01-04,9.25,205.72,22.99,9.99,1239.19,1.512387347540358
1982-01-05,0.0,339.33,17.01,-0.99,570.75,1.119972678122453
1982-01-06,0.0,297.65,20.54,6.28,952.34,0.835737187841376
1982-01-07,19.07,165.06,23.9,14.07,1603.44,0.7911928199615056
1982-01-08,17.11,257.78,19.03,0.52,629.79,1.7987439981966669
1982-01-09,0.0,322.77,12.15,-2.93,493.19,2.4605460352690254
1982-01-10,0.0,303.52,11.28,-2.08,520.0,1.9260136207105822
1982-01-11,0.0,359.7,3.85,-14.36,200.0,1.720261064313086
1982-01-12,16.19,229.15,0.71,-9.92,280.0,1.2111825742574256
1982-01-13,27.86,135.24,4.57,-1.32,557.83,2.057525563974961
1982-01-14,8.65,178.79,2.34,-5.54,403.5,3.5847610341419425
1982-01-15,0.0,356.3,8.45,-5.23,421.96,3.627184241646581
1982-01-16,1.38,361.6,15.49,-2.19,526.01,2.715085280296856
1982-01-17,0.0,433.13,15.06,-7.91,334.41,1.9175289792096546
1982-01-18,0.0,403.53,15.49,-2.48,512.32,1.3405733571465728
1982-01-19,0.0,294.05,23.51,12.11,1408.5,1.0733071498673508
1982-01-20,0.0,198.64,24.8,16.65,1887.6,0.9396740462277401
1982-01-21,0.0,217.69,25.74,16.55,1874.65,0.8569487915936952
1982-01-22,0.0,227.41,24.87,15.39,1751.23,0.7911928199615056
1982-01-23,4.23,215.47,23.24,10.9,1311.71,0.7508907728320993
1982-01-24,0.0,360.44,16.92,0.04,611.34,0.7105887257026927
1982-01-25,0.0,370.5,18.41,0.4,625.23,0.6724078389485182
1982-01-26,0.0,376.36,19.86,1.09,647.47,0.6278634710686479
1982-01-27,0.0,370.54,13.38,-3.41,479.44,0.5896825843144734
1982-01-28,2.01,264.09,16.74,5.82,920.81,0.5578651786859946
1982-01-29,1.29,207.79,19.52,11.76,1381.12,0.545138216434603
1982-01-30,0.0,279.29,22.74,11.56,1365.09,0.5387747353089074
1982-01-31,9.51,206.37,21.52,10.78,1302.04,0.5642286598116903
1982-02-01,0.0,359.33,14.37,-0.77,577.9,0.6087730276915607
1982-02-02,67.92,184.32,12.75,3.93,805.99,1.7245033850635498
1982-02-03,42.36,126.74,15.27,9.44,1195.16,8.187679048395205
1982-02-04,0.0,322.24,14.9,2.87,752.39,12.281518572592809
1982-02-05,0.0,226.85,11.48,4.01,811.81,14.869334230375749
1982-02-06,0.94,291.03,12.73,2.72,745.27,12.090614138821936
1982-02-07,0.0,330.01,8.61,-2.71,502.78,7.318003294550119
1982-02-08,0.0,347.41,15.39,2.85,748.14,3.13931735534324
1982-02-09,15.77,249.17,19.77,7.78,1062.32,2.142371978984238
1982-02-10,4.25,295.95,13.85,-1.2,561.27,2.3544880165074296
1982-02-11,0.0,349.67,14.51,2.39,725.13,2.736296884049175
1982-02-12,18.22,252.1,16.64,5.0,879.63,2.396911224012068
1982-02-13,7.04,291.84,13.53,2.68,740.14,2.7787200915538133
1982-02-14,0.0,398.65,13.28,-1.63,542.12,3.096894147838601
1982-02-15,14.93,234.05,18.43,8.11,1088.64,2.821143299058452
1982-02-16,15.9,197.77,23.36,14.88,1701.19,3.287798581609474
1982-02-17,0.0,357.33,24.8,12.23,1418.43,3.7332422604081765
1982-02-18,0.0,426.34,25.03,7.36,1028.91,3.4574914116280278
1982-02-19,0.0,398.86,24.71,9.51,1200.73,2.60902726153526
1982-02-20,0.0,429.04,22.52,5.23,893.89,1.9175289792096546
1982-02-21,0.0,396.2,22.68,8.02,1081.65,1.486933423037575
1982-02-22,0.0,439.92,23.83,5.29,895.63,1.2726962251391514
1982-02-23,0.0,452.74,25.44,5.22,897.25,1.1390631214995404
1982-02-24,0.0,428.67,26.03,8.48,1118.56,1.0308839423627125
1982-02-25,0.0,371.76,24.11,11.09,1326.8,0.9566433292295954
1982-02-26,18.55,271.86,19.22,7.84,1067.47,0.9142201217249569
1982-02-27,17.53,203.94,13.52,5.78,921.86,1.5866279606734752
1982-02-28,0.0,168.7,9.55,5.1,887.5,2.184795186488876
1982-03-01,0.0,264.64,13.62,6.34,947.17,1.807228639697595
1982-03-02,0.0,456.78,18.9,2.28,720.76,1.431783253281545
1982-03-03,0.0,448.97,21.52,5.27,893.07,1.1899709705051065
1982-03-04,0.0,425.9,24.13,9.02,1161.76,1.041489744238872
1982-03-05,1.15,370.2,23.94,11.51,1360.54,0.9587644896048273
1982-03-06,15.14,263.93,19.7,8.93,1154.13,1.2599692628877597
1982-03-07,13.61,309.7,14.13,1.09,653.56,1.8857115735811758
1982-03-08,0.0,479.62,15.07,-2.46,516.78,1.7881381963205074
1982-03-09,0.0,486.61,18.82,0.04,608.74,1.5442047531688368
1982-03-10,0.0,459.65,21.99,5.0,877.83,1.2642115836382235
1982-03-11,0.0,403.85,24.22,10.36,1269.12,1.0499743857397998
1982-03-12,0.0,355.36,25.99,14.27,1621.92,0.9311894047268122
1982-03-13,0.0,316.89,27.78,17.44,1990.88,0.8633122727193909
1982-03-14,0.0,333.57,27.47,16.63,1886.73,0.8166467444642886
1982-03-15,0.0,274.26,27.66,19.0,2200.77,0.7784658577101141
1982-03-16,0.0,252.27,28.58,20.7,2432.54,0.7508907728320993
1982-03-17,0.0,287.05,29.63,20.53,2405.12,0.7211945275788523
1982-03-18,0.0,289.57,30.57,21.29,2526.34,0.6893771219503736
1982-03-19,0.0,313.53,29.99,20.07,2334.12,0.6554385559466629
1982-03-20,0.0,330.27,29.93,19.63,2289.31,0.6236211503181841
1982-03-21,0.0,340.89,29.8,19.28,2244.43,0.598167225815401
1982-03-22,13.54,344.13,27.81,12.43,1435.96,0.6957406030760693
1982-03-23,1.05,393.35,20.0,8.76,1141.12,0.9142201217249569
1982-03-24,8.94,250.49,21.98,13.11,1498.06,0.8569487915936952
1982-03-25,0.26,406.08,25.7,13.85,1582.32,0.9396740462277401
1982-03-26,0.0,539.81,26.27,5.76,920.04,0.9184624424754207
1982-03-27,0.0,390.74,15.94,6.07,931.45,0.7699812162091865
1982-03-28,1.31,343.67,13.05,4.88,870.28,0.6490750748209672
1982-03-29,0.0,468.01,18.69,5.62,918.88,0.5918037446897053
1982-03-30,0.29,362.19,22.07,12.6,1447.63,0.5663498201869224
1982-03-31,61.37,229.89,24.51,16.5,1880.0,1.3681484420245875
1982-04-01,1.8,369.1,26.5,16.03,1812.59,3.7120306566558576
1982-04-02,0.0,327.24,27.05,18.5,2120.0,4.221109146711518
1982-04-03,4.43,274.34,26.12,17.16,1946.71,2.884778110315409
1982-04-04,0.0,522.24,24.08,7.93,1074.59,1.8454095264517694
1982-04-05,2.3,390.97,27.13,15.65,1772.07,1.2048190931317297
1982-04-06,0.0,562.04,28.16,6.77,982.57,0.9651279707305229
1982-04-07,0.0,526.87,19.14,3.69,800.0,0.8166467444642886
1982-04-08,2.12,449.69,25.02,10.08,1246.08,0.7211945275788523
1982-04-09,0.44,540.79,26.65,8.81,1144.42,0.6702866785732864
1982-04-10,4.44,326.77,20.0,9.07,1165.76,0.6278634710686479
1982-04-11,1.17,515.94,20.56,6.0,930.13,0.6002883861906331
1982-04-12,0.0,551.53,23.0,5.37,901.99,0.57483446168785
1982-04-13,0.0,484.85,25.74,11.74,1379.43,0.545138216434603
1982-04-14,0.0,348.02,27.02,17.95,2071.97,0.5239266126822839
1982-04-15,0.0,343.91,27.28,18.3,2103.61,0.5027150089299647
1982-04-16,3.22,315.25,27.91,18.3,2109.73,0.48574572592810933
1982-04-17,2.36,248.06,27.26,19.63,2281.41,0.4772610844271816
1982-04-18,1.58,465.7,26.94,12.68,1457.45,0.48574572592810933
1982-04-19,0.0,394.99,27.5,16.92,1916.01,0.5154419711813563
1982-04-20,0.4,317.47,27.28,19.02,2203.95,0.5260477730575158
1982-04-21,49.85,242.96,23.96,16.12,1823.92,1.2493634610116
1982-04-22,9.0,261.62,18.22,10.24,1258.99,2.9272013178200478
1982-04-23,0.18,426.2,19.17,8.8,1144.25,2.6726620727922175
1982-04-24,0.0,499.33,22.92,9.37,1189.38,1.9832849508418442
1982-04-25,54.85,328.97,25.68,14.45,1638.77,3.796877071665134
1982-04-26,0.0,433.58,27.48,16.16,1825.74,7.572542539577951
1982-04-27,0.0,509.12,27.24,12.55,1443.76,9.333105651020443
1982-04-28,0.0,498.33,26.0,12.12,1409.6,6.0877302769156065
1982-04-29,0.0,498.8,26.72,12.57,1445.94,2.502969242773664
1982-04-30,0.0,435.06,26.4,14.88,1696.88,1.5654163569211559
1982-05-01,2.39,379.27,25.88,15.8,1784.23,1.2387576591354406
1982-05-02,4.33,343.77,26.5,16.07,1814.27,1.0817917913682786
1982-05-03,0.0,486.04,28.13,14.13,1610.67,0.9630068103552911
1982-05-04,0.0,508.76,29.97,14.44,1639.38,0.8654334330946228
1982-05-05,0.0,507.78,30.13,14.52,1647.34,0.7784658577101141
1982-05-06,0.0,473.35,29.59,16.04,1808.22,0.7084675653274608
1982-05-07,7.23,322.42,27.76,18.23,2098.17,0.6851348011999097
1982-05-08,11.88,386.04,25.28,10.86,1308.49,0.7975563010872014
1982-05-09,0.0,545.09,26.72,10.31,1264.58,0.678771320074214
1982-05-10,0.0,531.79,28.49,12.33,1426.78,0.6490750748209672
1982-05-11,0.0,523.29,29.0,13.21,1514.06,0.6321057918191118
1982-05-12,0.0,516.04,29.13,13.81,1581.74,0.5769556220630819
1982-05-13,0.0,470.11,28.97,15.91,1798.69,0.549380537185067
1982-05-14,0.0,386.37,28.43,18.44,2117.63,0.4984726881795009
1982-05-15,0.0,422.16,29.19,17.86,2056.83,0.4772610844271816
1982-05-16,0.0,491.17,30.34,15.86,1789.08,0.46665528255102207
1982-05-17,0.0,506.5,30.53,15.0,1713.24,0.44544367879870295
1982-05-18,0.0,507.41,31.0,15.26,1740.89,0.4242320750463837
1982-05-19,0.0,473.62,30.61,16.55,1883.06,0.40302047129406454
1982-05-20,0.0,460.8,31.02,17.31,1969.72,0.38817234866744116
1982-05-21,0.0,452.34,31.94,18.24,2099.55,0.37968770716651346
1982-05-22,0.0,435.82,32.0,18.85,2175.39,0.36696074491512193
1982-05-23,2.9,360.31,31.51,17.71,2033.99,0.36908190529035384
1982-05-24,0.0,404.64,31.17,19.32,2251.19,0.41574743354545607
1982-05-25,1.36,379.29,30.71,19.51,2280.68,0.40089931091883263
1982-05-26,13.97,288.04,31.05,19.95,2316.02,0.4093839524197603
1982-05-27,9.66,299.94,32.69,20.79,2445.8,0.4624129618005583
1982-05-28,0.0,394.22,33.49,21.68,2588.41,0.8272525463404482
1982-05-29,0.0,396.55,33.55,21.69,2589.98,0.5854402635640096
1982-05-30,0.0,409.72,32.9,20.69,2430.55,0.47301876367671786
1982-05-31,2.96,313.31,32.87,22.19,2670.84,0.4242320750463837
1982-06-01,1.8,374.62,33.29,21.54,2566.19,0.4051416316692965
1982-06-02,0.0,432.81,32.72,19.64,2285.85,0.37968770716651346
1982-06-03,0.0,394.52,33.44,21.73,2596.58,0.34787030153803467
1982-06-04,0.0,386.88,34.09,22.59,2734.88,0.3245375374104836
1982-06-05,0.0,418.27,33.53,21.04,2486.11,0.4093839524197603
1982-06-06,0.0,507.59,33.38,16.62,1888.76,0.3860511882922092
1982-06-07,0.0,528.28,34.22,15.8,1779.61,0.3266586977857155
1982-06-08,0.0,518.8,35.14,16.97,1921.92,0.30120477328293244
1982-06-09,0.0,480.06,35.6,19.51,2274.8,0.2821143299058452
1982-06-10,0.0,426.41,35.55,22.0,2639.93,0.26726620727922173
1982-06-11,0.0,399.98,35.4,23.0,2800.0,0.2587815657782941
1982-06-12,9.74,330.1,34.95,22.01,2642.34,0.2545392450278302
1982-06-13,7.47,329.83,33.68,20.02,2338.02,0.2715085280296856
1982-06-14,0.0,445.58,32.73,19.0,2200.29,0.27362968840491747
1982-06-15,0.0,420.38,33.62,20.74,2439.0,0.2715085280296856
1982-06-16,7.12,347.35,33.25,20.03,2333.59,0.27787200915538135
1982-06-17,5.4,292.49,31.35,20.18,2349.3,0.30332593365816435
1982-06-18,0.0,442.76,33.07,19.6,2287.73,0.2990836129077005
1982-06-19,0.0,442.12,33.91,20.25,2364.16,0.286356650656309
1982-06-20,0.0,426.24,34.05,21.03,2484.26,0.28847781103154096
1982-06-21,3.14,363.12,33.58,22.58,2732.5,0.2842354902810771
1982-06-22,27.28,309.03,31.86,19.94,2321.96,0.2905989714067728
1982-06-23,0.0,392.78,32.36,21.04,2486.67,0.7890716595862738
1982-06-24,0.0,420.32,33.03,20.55,2408.15,0.7021040842017651
1982-06-25,0.0,420.7,33.04,20.51,2401.31,0.625742310693416
1982-06-26,13.3,272.96,31.11,20.94,2470.16,0.9820972537323783
1982-06-27,17.19,241.43,29.8,21.15,2503.94,0.9566433292295954
1982-06-28,19.8,246.11,30.93,22.0,2640.0,1.412692809904458
1982-06-29,9.2,280.72,31.5,21.1,2496.36,1.8199556019489862
1982-06-30,7.33,304.43,32.93,21.16,2505.13,1.4445102155329366
1982-07-01,0.06,439.31,33.84,20.48,2396.32,1.1496689233757
1982-07-02,0.0,423.58,34.46,21.66,2585.56,0.808162102963361
1982-07-03,0.0,397.08,34.9,22.98,2797.59,0.6172576691924883
1982-07-04,0.0,396.02,35.0,23.1,2815.34,0.496351527804269
1982-07-05,2.03,387.38,35.0,22.67,2747.56,0.43483787692254333
1982-07-06,25.68,345.02,34.66,20.31,2369.65,0.5302900938079798
1982-07-07,0.37,435.49,34.11,20.83,2453.02,1.223909536508817
1982-07-08,7.17,350.45,33.52,20.88,2460.2,1.0627013479911913
1982-07-09,12.71,342.68,33.43,21.56,2568.96,0.9057354802240293
1982-07-10,18.46,298.31,32.03,21.13,2500.58,1.1157303573719892
1982-07-11,3.06,318.66,32.54,22.23,2676.27,1.092397593244438
1982-07-12,14.96,303.13,31.98,20.96,2474.3,0.9905818952333061
1982-07-13,8.52,316.93,30.86,20.7,2431.67,1.408450489153994
1982-07-14,0.0,390.56,31.9,21.5,2560.0,0.9184624424754207
1982-07-15,1.55,369.11,32.16,21.59,2574.34,0.808162102963361
1982-07-16,3.67,322.92,32.28,21.77,2603.98,0.7105887257026927
1982-07-17,4.57,305.77,31.4,21.59,2574.27,0.7211945275788523
1982-07-18,9.15,308.89,31.92,21.0,2480.14,0.8951296783478696
1982-07-19,0.0,416.09,32.65,21.5,2560.0,0.8654334330946228
1982-07-20,0.0,401.04,32.6,22.02,2642.78,0.6957406030760693
1982-07-21,2.48,371.78,32.88,21.63,2580.86,0.5557440183107627
1982-07-22,2.92,348.02,33.47,22.49,2718.39,0.5833191031887777
1982-07-23,4.09,382.41,33.46,22.44,2710.0,0.6172576691924883
1982-07-24,14.17,347.94,33.35,22.0,2640.27,0.6872559615751416
1982-07-25,10.6,350.29,32.97,21.47,2555.55,0.7508907728320993
1982-07-26,1.21,415.4,32.93,21.51,2562.0,0.9820972537323783
1982-07-27,0.0,426.8,34.0,22.14,2662.05,0.6618020370723586
1982-07-28,0.0,408.91,34.91,23.42,2866.58,0.4921092070538051
1982-07-29,2.27,408.95,34.45,22.5,2720.0,0.5027150089299647
1982-07-30,8.22,296.04,32.56,22.04,2646.87,0.4687764429262541
1982-07-31,42.53,219.14,29.52,22.5,2720.0,1.0393685838636402
1982-08-01,32.84,234.39,29.44,22.0,2640.0,1.881469252830712
1982-08-02,21.31,260.79,29.29,21.0,2480.0,3.669607449151219
1982-08-03,2.82,386.72,32.34,21.13,2500.01,4.878668863033413
1982-08-04,0.0,436.18,33.34,21.53,2564.05,2.7575084878014944
1982-08-05,0.0,446.83,34.12,21.7,2592.6,1.3851177250264428
1982-08-06,5.7,322.17,32.4,22.1,2655.54,0.9290682443515804
1982-08-07,4.43,339.51,30.3,20.96,2474.09,0.7954351407119695
1982-08-08,11.85,339.74,31.57,21.0,2480.17,0.8930085179726378
1982-08-09,15.01,362.55,32.27,20.81,2449.55,1.3172405930190214
1982-08-10,15.67,329.22,33.0,21.24,2518.65,1.3957235269026025
1982-08-11,1.2,437.15,32.94,20.75,2440.69,2.184795186488876
1982-08-12,5.86,352.38,32.69,20.75,2440.0,2.630238865287579
1982-08-13,1.86,389.4,33.14,21.5,2559.24,1.6481416115552008
1982-08-14,0.0,386.38,32.95,22.91,2785.32,1.3108771118933258
1982-08-15,0.0,418.7,33.29,22.03,2644.03,1.2981501496419343
1982-08-16,9.18,267.65,31.83,22.85,2776.27,1.226030696884049
1982-08-17,9.98,345.62,31.08,21.5,2560.0,1.1899709705051065
1982-08-18,0.0,389.47,32.49,22.42,2707.93,0.9587644896048273
1982-08-19,4.69,360.39,32.43,21.0,2480.0,0.8484641500927674
1982-08-20,0.6,433.35,32.42,20.5,2400.0,0.9290682443515804
1982-08-21,0.0,428.16,32.5,20.93,2469.54,0.7381638105807077
1982-08-22,0.0,426.1,33.04,21.39,2541.79,0.6405904333200394
1982-08-23,0.0,417.01,33.5,22.04,2646.8,0.5642286598116903
1982-08-24,0.0,397.66,33.84,23.0,2800.0,0.496351527804269
1982-08-25,0.0,410.29,34.18,22.76,2761.8,0.4560494806748625
1982-08-26,0.0,443.55,34.33,21.44,2550.06,0.4199897542959199
1982-08-27,0.0,425.5,34.68,22.41,2705.11,0.390293509042673
1982-08-28,0.0,422.42,34.65,22.46,2714.33,0.36696074491512193
1982-08-29,0.0,420.16,34.98,22.7,2752.76,0.3521126222884985
1982-08-30,1.88,384.62,34.33,22.55,2727.68,0.33726449966187505
1982-08-31,0.0,383.74,32.04,21.58,2573.44,0.34150682041233893
1982-09-01,0.0,424.38,33.31,20.88,2460.76,0.3563549430389623
1982-09-02,0.0,420.14,33.36,21.02,2483.66,0.33726449966187505
1982-09-03,0.0,399.32,33.55,21.96,2634.17,0.32241637703525167
1982-09-04,0.0,458.5,32.41,18.4,2112.25,0.30968941478386014
1982-09-05,0.0,481.57,31.0,15.9,1803.29,0.30120477328293244
1982-09-06,0.0,425.95,31.59,18.97,2195.78,0.2969624525324686
1982-09-07,0.0,400.28,31.5,19.88,2310.78,0.2969624525324686
1982-09-08,0.0,415.67,30.05,18.05,2082.02,0.2969624525324686
1982-09-09,0.0,353.88,28.33,18.83,2172.38,0.2905989714067728
1982-09-10,2.75,268.23,29.18,20.99,2478.88,0.2842354902810771
1982-09-11,4.11,287.77,30.5,21.62,2579.37,0.30332593365816435
1982-09-12,12.41,246.2,31.41,22.34,2695.13,0.3330221789114112
1982-09-13,13.41,271.83,32.58,22.13,2660.42,0.78482933883581
1982-09-14,1.36,388.04,32.56,20.53,2404.6,0.7508907728320993
1982-09-15,0.0,399.42,33.44,21.11,2497.4,0.9736126122314508
1982-09-16,0.0,398.03,34.06,21.48,2557.12,0.6639231974475905
1982-09-17,0.0,390.66,33.92,21.57,2571.88,0.5366535749336754
1982-09-18,6.19,326.37,33.93,20.39,2382.36,0.496351527804269
1982-09-19,0.0,383.47,32.56,20.66,2425.16,0.44544367879870295
1982-09-20,0.0,364.26,30.82,20.0,2319.85,0.4051416316692965
1982-09-21,2.66,331.03,27.01,16.01,1801.72,0.36483958453989
1982-09-22,0.0,492.06,25.44,8.78,1142.31,0.339385660037107
1982-09-23,0.0,495.06,24.5,7.45,1035.98,0.3202952166600197
1982-09-24,0.0,490.97,26.58,8.92,1153.64,0.30120477328293244
1982-09-25,0.0,452.58,27.28,12.03,1402.34,0.2905989714067728
1982-09-26,1.35,414.11,26.75,12.25,1419.99,0.2821143299058452
1982-09-27,0.0,457.65,26.79,10.85,1307.94,0.27575084878014944
1982-09-28,0.0,453.19,28.5,12.16,1412.76,0.2715085280296856
1982-09-29,0.0,434.95,30.31,14.44,1645.43,0.2651450469039899
1982-09-30,0.0,425.81,30.44,14.83,1688.0,0.2651450469039899
1982-10-01,0.0,393.81,30.33,16.4,1858.04,0.2630238865287579
1982-10-02,0.0,398.01,30.47,16.12,1825.38,0.2587815657782941
1982-10-03,3.52,286.15,30.35,17.66,2025.52,0.260902726153526
1982-10-04,0.0,356.43,30.11,17.7,2031.57,0.2587815657782941
1982-10-05,0.0,340.41,30.89,19.04,2206.26,0.2587815657782941
1982-10-06,9.16,200.05,30.25,21.39,2542.57,0.27787200915538135
1982-10-07,11.31,177.18,29.3,21.63,2581.54,0.30332593365816435
1982-10-08,13.9,185.41,29.59,21.53,2565.24,0.40726279204452837
1982-10-09,0.0,291.49,31.5,21.49,2558.9,0.45180715992439874
1982-10-10,0.0,315.93,31.77,20.59,2413.81,0.4560494806748625
1982-10-11,0.0,364.43,30.85,17.35,1976.29,0.4093839524197603
1982-10-12,0.0,320.5,28.81,17.64,2021.91,0.3563549430389623
1982-10-13,5.24,177.02,23.91,16.45,1865.7,0.3266586977857155
1982-10-14,0.0,389.85,24.07,10.08,1246.58,0.31181057515909205
1982-10-15,0.0,438.58,24.76,6.75,979.68,0.3054470940333963
1982-10-16,0.0,415.04,25.31,8.78,1142.7,0.2905989714067728
1982-10-17,0.0,428.15,24.54,6.74,978.87,0.2821143299058452
1982-10-18,0.0,427.4,24.67,6.46,956.79,0.27575084878014944
1982-10-19,0.0,388.27,25.85,10.19,1254.95,0.27362968840491747
1982-10-20,0.0,338.77,27.4,14.25,1622.46,0.27787200915538135
1982-10-21,0.0,372.88,27.37,11.92,1393.76,0.2821143299058452
1982-10-22,0.0,362.15,23.99,9.76,1220.98,0.27362968840491747
1982-10-23,0.0,379.06,21.0,6.07,930.72,0.2693873676544537
1982-10-24,0.0,391.59,21.51,5.48,918.34,0.2651450469039899
1982-10-25,0.0,417.98,21.33,2.7,736.55,0.260902726153526
1982-10-26,0.0,422.87,22.08,2.21,720.11,0.2566604054030622
1982-10-27,0.0,426.83,23.95,2.54,733.88,0.2566604054030622
1982-10-28,0.0,408.95,24.62,4.9,872.12,0.2566604054030622
1982-10-29,0.0,370.41,25.96,9.23,1178.43,0.2587815657782941
1982-10-30,1.43,275.18,26.95,15.35,1747.9,0.260902726153526
1982-10-31,1.37,263.94,27.99,16.1,1817.96,0.2630238865287579
1982-11-01,0.0,299.67,28.47,15.63,1770.47,0.2651450469039899
1982-11-02,15.84,198.33,28.29,17.78,2045.16,0.2693873676544537
1982-11-03,21.99,176.75,24.55,15.29,1741.97,0.31817405628478784
1982-11-04,13.86,223.82,17.21,5.67,918.17,0.5769556220630819
1982-11-05,0.0,350.03,14.53,-0.05,607.49,0.6745289993237501
1982-11-06,0.0,365.41,15.33,-0.93,568.85,0.5875614239392415
1982-11-07,0.0,369.1,18.64,1.12,658.63,0.5154419711813563
1982-11-08,0.0,369.21,21.35,2.9,756.1,0.443322518423471
1982-11-09,0.0,335.47,23.28,7.15,1012.33,0.3966569901683688
1982-11-10,0.0,349.45,23.93,6.21,948.36,0.37120306566558575
1982-11-11,0.0,308.87,24.94,9.98,1238.32,0.3542337826637304
1982-11-12,4.73,193.59,24.85,13.57,1554.61,0.34574914116280275
1982-11-13,1.87,316.8,20.41,2.68,734.81,0.3584761034141943
1982-11-14,0.0,328.34,15.47,-0.28,598.66,0.3860511882922092
1982-11-15,0.0,287.52,16.05,3.0,759.97,0.3966569901683688
1982-11-16,0.0,340.18,17.19,0.06,611.83,0.4051416316692965
1982-11-17,8.98,196.52,19.04,7.18,1014.1,0.4051416316692965
1982-11-18,12.43,105.99,19.11,13.11,1497.48,0.43908019767300716
1982-11-19,7.73,109.3,22.66,16.28,1844.36,0.5239266126822839
1982-11-20,9.78,87.74,23.43,18.35,2107.71,0.5769556220630819
1982-11-21,18.54,96.98,23.57,18.0,2080.0,1.071185989492119
1982-11-22,1.15,162.25,25.0,17.81,2050.01,1.5951126021744029
1982-11-23,0.0,199.11,25.36,16.66,1893.02,1.2366364987602088
1982-11-24,0.0,298.57,24.63,10.42,1273.45,0.9057354802240293
1982-11-25,0.0,286.99,17.69,5.32,905.62,0.7508907728320993
1982-11-26,0.0,282.77,18.71,6.65,972.13,0.6342269521943437
1982-11-27,6.88,125.73,22.15,15.55,1764.58,0.57483446168785
1982-11-28,47.3,106.28,22.08,16.64,1888.68,1.1623958856270913
1982-11-29,3.17,251.51,20.82,7.95,1076.29,3.2453753741048357
1982-11-30,5.34,207.73,22.77,10.87,1309.26,2.821143299058452
1982-12-01,6.51,105.26,24.52,18.97,2195.08,1.8941962150821035
1982-12-02,0.0,115.68,26.21,21.58,2572.07,1.436025574032009
1982-12-03,2.48,110.02,25.76,21.07,2491.36,1.1411842818747722
1982-12-04,97.81,140.83,24.72,17.38,1982.94,3.1605289590955588
1982-12-05,20.47,200.19,19.62,9.09,1166.96,7.2967916907978
1982-12-06,0.0,304.46,19.83,6.87,989.51,10.71185989492119
1982-12-07,0.0,315.31,20.09,6.24,940.69,11.305784799986126
1982-12-08,0.0,329.14,20.97,5.54,912.52,7.211945275788523
1982-12-09,0.0,282.66,20.26,8.93,1154.78,3.330221789114112
1982-12-10,0.0,233.32,17.14,8.91,1152.54,1.9599521867142928
1982-12-11,35.79,192.37,19.17,9.75,1220.19,1.7351091869397095
1982-12-12,9.7,255.58,17.01,0.98,640.0,4.878668863033413
1982-12-13,0.0,322.26,8.39,-4.27,440.0,4.242320750463838
1982-12-14,0.0,320.44,12.8,-0.06,607.23,3.3938566003710697
1982-12-15,17.69,180.56,17.96,9.54,1202.9,4.242320750463838
1982-12-16,22.94,277.81,17.52,2.53,724.05,6.363481125695756
1982-12-17,0.0,321.73,12.76,-0.11,600.0,8.060409425881291
1982-12-18,0.0,342.08,15.49,-0.51,594.97,5.302900938079797
1982-12-19,0.0,301.3,18.49,6.04,937.85,3.818088675417453
1982-12-20,0.0,351.89,18.68,-0.78,577.59,2.969624525324686
1982-12-21,0.0,342.96,18.95,0.7,637.66,2.3332764127551107
1982-12-22,0.0,325.58,21.49,4.93,874.18,2.0151023564703228
1982-12-23,0.0,242.8,23.2,12.86,1471.11,1.8029863189471307
1982-12-24,1.71,191.27,23.62,15.82,1789.13,1.9090443377087265
1982-12-25,4.18,83.91,23.62,19.31,2248.87,1.9938907527180036
1982-12-26,2.59,131.7,23.85,17.94,2067.42,1.8878327339564076
1982-12-27,3.57,123.1,24.16,18.28,2105.79,1.7393515076901733
1982-12-28,18.58,212.16,23.85,11.36,1349.02,2.121160375231919
1982-12-29,4.59,182.6,15.28,6.6,968.01,3.181740562847878
1982-12-30,0.0,255.42,12.79,3.36,778.79,2.7575084878014944
1982-12-31,0.0,297.92,13.91,1.77,700.09,2.121160375231919
1983-01-01,33.07,171.48,13.84,5.21,895.42,2.7575084878014944
1983-01-02,16.72,104.01,12.23,7.32,1025.23,4.242320750463838
1983-01-03,1.75,202.39,11.05,3.01,761.12,5.72713301312618
1983-01-04,0.0,293.81,9.98,-1.79,536.9,3.818088675417453
1983-01-05,0.0,324.8,14.34,-0.15,602.97,2.5453924502783027
1983-01-06,0.0,320.72,16.09,1.85,708.11,1.8687422905793203
1983-01-07,0.0,315.65,18.18,4.17,813.91,1.5251143097917494
1983-01-08,0.0,304.84,20.12,6.82,985.67,1.3639061212741237
1983-01-09,0.54,267.18,20.49,9.65,1212.36,1.2557269421372959
1983-01-10,0.0,279.28,20.41,8.94,1155.55,1.175122847878483
1983-01-11,0.0,343.98,17.81,1.56,684.93,1.119972678122453
1983-01-12,0.0,352.12,17.27,0.3,624.22,1.0733071498673508
1983-01-13,0.0,349.52,12.91,-2.9,487.72,1.0096723386103934
1983-01-14,0.0,368.46,19.56,-0.06,601.21,0.9481586877286676
1983-01-15,0.0,345.06,19.09,3.21,776.43,0.9078566405992612
1983-01-16,0.0,347.74,11.47,-3.46,480.0,0.8717969142203186
1983-01-17,0.0,370.84,14.26,-3.64,468.58,0.8463429897175356
1983-01-18,0.0,350.86,13.76,-1.43,559.91,0.8187679048395206
1983-01-19,2.04,191.11,6.82,0.28,620.43,0.7996774614624333
1983-01-20,57.85,129.07,5.93,0.41,626.86,2.142371978984238
1983-01-21,12.1,131.85,8.45,2.76,747.83,5.239266126822839
1983-01-22,0.0,236.26,8.33,0.47,631.74,6.681655181980544
1983-01-23,0.0,266.19,10.55,1.4,671.78,6.405904333200394
1983-01-24,0.0,356.23,11.68,-2.7,504.07,4.369590372977752
1983-01-25,1.95,339.91,14.65,0.54,638.61,2.630238865287579
1983-01-26,3.72,262.17,15.38,4.99,879.13,1.8920750547068714
1983-01-27,3.24,138.87,12.7,7.17,1013.55,1.8157132811985224
1983-01-28,0.0,195.29,10.45,4.28,826.34,1.6269300078028817
1983-01-29,1.02,265.83,14.81,5.48,916.55,1.4636006589100239
1983-01-30,10.35,254.08,17.93,6.02,934.44,2.0490409224740334
1983-01-31,0.0,335.12,18.34,5.7,919.87,2.227218393993515
1983-02-01,100.93,229.99,20.05,8.77,1141.34,4.115051127949922
1983-02-02,31.86,209.4,14.71,5.21,890.25,10.817917913682784
1983-02-03,0.0,296.77,10.71,0.83,644.66,23.332764127551105
1983-02-04,0.0,347.88,12.3,-0.11,604.27,18.644999698288565
1983-02-05,0.0,298.1,12.67,2.95,755.69,11.369419611243083
1983-02-06,38.11,157.44,11.14,4.91,872.57,7.975563010872015
1983-02-07,0.0,292.09,11.14,2.18,719.99,7.042252445769971
1983-02-08,0.0,395.21,12.78,-1.86,534.33,7.02104084201765
1983-02-09,0.0,388.98,16.54,2.05,719.14,5.133208108061243
1983-02-10,40.46,211.19,18.42,9.62,1209.56,4.475648391739348
1983-02-11,0.0,214.14,14.08,8.09,1086.97,6.130153484420244
1983-02-12,0.0,278.54,13.19,5.39,906.59,7.890716595862737
1983-02-13,0.0,347.64,13.98,3.78,802.45,7.042252445769971
1983-02-14,0.0,426.96,15.98,0.63,632.9,4.666552825510221
1983-02-15,0.0,440.75,18.39,1.19,663.76,3.1181057515909205
1983-02-16,11.89,321.61,18.68,5.43,912.92,2.502969242773664
1983-02-17,17.61,233.3,15.83,7.5,1039.72,3.3938566003710697
1983-02-18,0.0,449.88,20.92,3.11,768.46,5.0271500892996475
1983-02-19,0.0,444.96,21.13,3.75,800.12,4.5604948067486255
1983-02-20,0.0,422.26,22.28,6.91,992.8,3.033259336581644
1983-02-21,0.55,350.4,22.03,10.87,1309.59,2.3332764127551107
1983-02-22,14.65,210.41,18.41,10.5,1280.0,2.86356650656309
1983-02-23,0.23,252.09,16.82,10.0,1240.0,2.736296884049175
1983-02-24,0.0,396.96,17.72,5.62,912.71,2.290853205250472
1983-02-25,0.0,415.57,21.08,7.5,1040.12,1.9917695923427716
1983-02-26,0.0,384.04,15.27,4.05,813.91,1.7457149888158692
1983-02-27,3.02,272.11,12.11,3.42,787.28,1.5802644795477794
1983-02-28,26.12,125.03,9.01,5.02,881.25,2.2060067902411955
1983-03-01,22.47,243.93,14.69,6.15,932.1,3.7120306566558576
1983-03-02,0.0,444.37,22.48,7.5,1040.0,3.4362798078757084
1983-03-03,0.0,439.62,24.91,9.85,1228.39,2.5453924502783027
1983-03-04,0.0,376.12,24.25,12.92,1473.34,2.006617714969395
1983-03-05,42.82,223.54,23.16,14.96,1701.5,2.969624525324686
1983-03-06,12.7,331.61,23.51,10.56,1284.99,6.045307069410968
1983-03-07,0.0,458.65,26.56,10.14,1251.08,7.402849709559396
1983-03-08,0.0,458.35,26.13,9.77,1221.65,6.490750748209671
1983-03-09,0.0,450.03,20.78,6.06,925.04,3.8605118829220917
1983-03-10,0.0,480.89,18.21,1.83,704.03,2.4817576390213447
1983-03-11,0.0,459.62,12.57,-1.47,554.21,1.9620733470895249
1983-03-12,0.0,466.74,13.58,-1.03,566.53,1.7287457058140139
1983-03-13,0.0,483.69,17.13,0.73,639.52,1.6057184040505625
1983-03-14,0.0,453.99,21.51,6.42,953.22,1.5060238664146623
1983-03-15,0.0,424.68,22.52,8.93,1154.45,1.3893600457769066
1983-03-16,3.64,274.29,20.58,11.04,1323.33,1.361784960898892
1983-03-17,4.44,144.78,17.25,12.34,1427.3,1.512387347540358
1983-03-18,0.17,296.59,18.66,10.94,1315.46,1.6778378568084478
1983-03-19,0.0,489.24,23.14,6.52,961.93,1.4954180645385027
1983-03-20,7.27,317.04,23.45,10.87,1309.89,1.306634791142862
1983-03-21,0.11,481.86,19.7,4.68,854.17,1.457237177784328
1983-03-22,0.0,485.77,13.55,-0.72,581.57,2.1635835827365573
1983-03-23,0.0,437.75,15.13,3.13,770.77,1.8029863189471307
1983-03-24,31.61,316.95,13.76,2.45,726.22,1.7817747151948118
1983-03-25,0.0,470.33,13.76,0.25,620.32,3.0120477328293247
1983-03-26,23.71,398.92,17.97,4.83,866.13,3.330221789114112
1983-03-27,37.79,344.84,20.14,8.16,1092.62,5.8544026356400956
1983-03-28,0.0,517.03,21.35,4.18,814.53,8.930085179726378
1983-03-29,0.0,488.91,18.24,3.32,785.47,10.563378668654954
1983-03-30,6.3,316.65,18.25,6.31,944.42,7.636177350834906
1983-03-31,2.34,216.09,15.91,9.82,1225.86,4.666552825510221
1983-04-01,0.0,382.65,21.72,11.18,1334.43,3.287798581609474
1983-04-02,6.39,333.66,21.66,8.83,1146.7,2.6726620727922175
1983-04-03,0.0,488.05,19.36,4.75,860.22,2.5453924502783027
1983-04-04,0.0,499.46,21.59,5.88,925.0,2.0851006488529764
1983-04-05,0.0,297.01,22.93,15.02,1716.21,1.7796535548195798
1983-04-06,14.6,189.27,23.41,16.88,1914.44,1.7796535548195798
1983-04-07,181.04,164.34,22.29,16.88,1910.03,11.157303573719894
1983-04-08,35.39,141.28,21.3,16.84,1906.39,42.635323542161565
1983-04-09,1.11,433.48,21.54,9.56,1205.0,48.78668863033413
1983-04-10,0.0,528.53,21.2,5.56,912.07,27.787200915538136
1983-04-11,0.0,508.75,24.29,9.33,1186.6,13.80875404275979
1983-04-12,0.0,509.42,26.27,10.97,1317.74,7.890716595862737
1983-04-13,0.0,408.78,25.33,14.79,1687.03,4.602918014253264
1983-04-14,71.35,288.17,23.61,14.18,1619.18,4.878668863033413
1983-04-15,0.0,471.39,20.16,8.04,1083.14,7.55133093582563
1983-04-16,0.0,544.43,19.3,3.28,775.25,11.17851517747221
1983-04-17,0.0,548.33,22.13,5.09,887.26,11.326996403738447
1983-04-18,0.0,456.42,24.0,11.71,1376.76,8.230102255899844
1983-04-19,0.0,569.48,21.79,3.19,774.34,4.602918014253264
1983-04-20,1.72,409.63,16.7,6.67,973.34,3.054470940333963
1983-04-21,0.0,510.28,21.51,7.24,1019.17,2.587815657782941
1983-04-22,4.1,332.24,23.85,12.97,1486.71,2.396911224012068
1983-04-23,46.79,228.71,24.35,16.94,1915.15,4.963515278042689
1983-04-24,0.1,504.12,24.77,10.43,1274.44,6.363481125695756
1983-04-25,0.0,544.02,23.0,6.78,982.21,5.72713301312618
1983-04-26,0.0,543.19,23.97,7.5,1039.92,3.7544538641604963
1983-04-27,0.0,537.64,25.24,8.93,1154.56,2.587815657782941
1983-04-28,0.0,496.65,26.14,11.99,1399.23,2.080858328102512
1983-04-29,0.0,428.03,26.59,15.23,1738.13,1.8581364887031608
1983-04-30,0.0,409.5,26.46,15.66,1774.89,1.720261064313086
1983-05-01,0.0,355.39,26.8,17.68,2028.9,1.6078395644257943
1983-05-02,0.0,329.48,27.66,19.28,2241.61,1.512387347540358
1983-05-03,0.53,329.85,27.21,18.64,2144.79,1.4423890551577045
1983-05-04,2.07,462.84,24.32,8.96,1156.57,1.4042081684035301
1983-05-05,0.0,549.21,24.92,8.27,1101.71,1.3405733571465728
1983-05-06,0.0,542.95,27.34,10.21,1257.15,1.2620904232629917
1983-05-07,0.0,483.97,27.91,13.67,1566.5,1.1814863290041786
1983-05-08,6.55,283.93,27.93,17.56,2009.07,1.1284573196233807
1983-05-09,0.0,518.71,28.25,11.91,1392.98,1.119972678122453
1983-05-10,0.0,462.31,27.86,14.43,1642.51,1.0627013479911913
1983-05-11,0.0,351.17,27.71,18.3,2104.23,1.0202781404865529
1983-05-12,0.0,380.73,28.48,18.18,2093.07,0.9948242159837699
1983-05-13,0.0,375.67,28.08,18.01,2080.64,0.9608856499800592
1983-05-14,0.0,375.45,29.05,18.83,2173.14,0.9333105651020441
1983-05-15,0.0,346.58,29.1,19.82,2306.2,0.9036143198487975
1983-05-16,24.15,299.91,27.32,16.76,1903.41,1.438146734407241
1983-05-17,0.0,479.8,25.63,12.52,1441.22,1.66935321530752
1983-05-18,0.0,446.07,26.51,14.59,1661.9,1.436025574032009
1983-05-19,0.0,303.42,27.93,20.39,2386.57,1.1772440082537148
1983-05-20,9.28,199.94,27.45,21.67,2586.58,1.090276432869206
1983-05-21,5.03,214.92,27.98,21.72,2595.6,1.1602747252518595
1983-05-22,66.44,252.9,28.1,19.91,2322.88,2.269641601498153
1983-05-23,0.0,458.69,28.47,16.32,1847.11,6.214999899429522
1983-05-24,0.0,461.19,29.36,17.0,1920.0,7.827081784605779
1983-05-25,0.0,534.45,28.86,13.11,1498.72,5.302900938079797
1983-05-26,0.0,535.57,28.89,13.08,1493.14,2.375699620259749
1983-05-27,0.0,507.46,30.48,15.87,1789.29,1.5781433191725476
1983-05-28,0.0,502.12,31.47,16.86,1910.1,1.3108771118933258
1983-05-29,6.75,405.63,30.89,17.83,2053.54,1.361784960898892
1983-05-30,0.0,460.64,30.77,18.12,2089.46,1.5272354701669815
1983-05-31,0.0,471.27,30.32,17.23,1962.45,1.2663327440134553
1983-06-01,0.0,506.33,29.29,14.63,1660.9,1.2748173855143832
1983-06-02,0.0,461.1,29.24,16.51,1875.81,1.0542167064902634
1983-06-03,0.0,455.03,31.32,18.46,2126.26,0.9311894047268122
1983-06-04,4.98,395.81,31.8,20.25,2359.95,1.0563378668654955
1983-06-05,17.39,316.17,30.21,19.09,2214.36,1.6332934889285773
1983-06-06,19.3,300.84,29.44,19.23,2237.08,2.630238865287579
1983-06-07,9.91,229.27,26.48,19.35,2249.74,2.375699620259749
1983-06-08,6.95,335.93,27.22,17.07,1940.25,2.587815657782941
1983-06-09,0.0,507.16,28.14,14.36,1628.4,2.002375394218931
1983-06-10,0.0,496.52,29.49,15.78,1782.46,1.382996564651211
1983-06-11,0.0,477.58,30.98,17.7,2032.13,1.0945187536196699
1983-06-12,0.0,441.17,30.26,18.55,2128.0,0.9545221688543633
1983-06-13,0.0,421.89,30.04,19.03,2204.47,0.8590699519689271
1983-06-14,0.52,402.79,30.47,19.64,2291.1,0.7996774614624333
1983-06-15,4.59,310.79,30.21,20.57,2411.74,0.8060409425881291
1983-06-16,0.0,410.13,31.43,20.6,2415.34,0.7742235369596503
1983-06-17,4.19,336.74,31.46,20.05,2328.36,0.7445272917064034
1983-06-18,19.92,293.81,30.05,20.01,2321.53,0.7381638105807077
1983-06-19,15.06,244.19,27.91,19.99,2319.4,0.8208890652147526
1983-06-20,8.12,247.5,27.25,19.44,2270.78,1.2684539043886873
1983-06-21,13.81,236.07,27.66,20.04,2326.91,1.5208719890412856
1983-06-22,0.59,281.08,27.81,20.85,2456.47,1.3872388854016748
1983-06-23,5.29,319.43,30.43,20.89,2461.89,1.198455612006034
1983-06-24,7.84,249.78,29.64,21.6,2575.74,1.2175460553831214
1983-06-25,7.26,276.34,30.0,22.21,2673.31,1.7860170359452756
1983-06-26,6.5,257.03,30.2,22.1,2656.7,1.747836149191101
1983-06-27,6.1,272.65,30.99,22.33,2692.68,1.5781433191725476
1983-06-28,8.65,261.75,30.1,22.07,2650.53,2.1063122526052953
1983-06-29,19.03,264.21,30.21,22.16,2666.38,5.705921409373861
1983-06-30,16.83,301.33,30.57,21.16,2506.11,6.830136408246778
1983-07-01,0.0,464.41,32.86,20.86,2457.9,7.233156879540842
1983-07-02,0.0,438.73,33.0,22.0,2640.5,5.811979428135457
1983-07-03,0.0,432.21,33.06,22.32,2691.54,3.054470940333963
1983-07-04,0.0,418.25,32.81,22.64,2742.68,1.7648054321929565
1983-07-05,5.8,387.15,33.87,21.39,2541.85,1.3426945175218046
1983-07-06,6.48,406.14,33.17,21.0,2479.71,1.1517900837509318
1983-07-07,0.0,471.83,31.81,19.68,2294.75,1.0648225083664231
1983-07-08,0.0,465.26,31.72,19.84,2307.93,1.0245204612370167
1983-07-09,0.0,459.47,32.17,20.46,2394.12,1.0181569801113208
1983-07-10,0.0,516.86,32.16,17.74,2037.7,0.8824027160964782
1983-07-11,0.0,490.49,32.69,19.49,2277.85,0.7890716595862738
1983-07-12,0.0,477.38,34.0,20.98,2477.58,0.7254368483293162
1983-07-13,0.0,444.82,33.52,21.99,2638.76,0.680892480449446
1983-07-14,0.0,464.23,33.36,21.04,2486.3,0.6490750748209672
1983-07-15,0.0,460.64,33.87,21.48,2557.59,0.6193788295677203
1983-07-16,0.0,451.32,33.69,21.71,2593.01,0.598167225815401
1983-07-17,1.29,398.94,33.26,22.15,2663.58,0.6045307069410968
1983-07-18,4.7,371.2,32.99,21.81,2608.8,0.6427115936952713
1983-07-19,2.02,393.54,33.1,22.24,2677.69,0.6745289993237501
1983-07-20,3.4,354.49,33.86,21.54,2566.98,0.8399795085918398
1983-07-21,20.67,334.4,34.04,21.84,2613.88,1.1114880366215254
1983-07-22,0.0,431.62,34.36,22.52,2723.8,1.4466313759081686
1983-07-23,0.0,412.1,34.77,23.5,2880.0,1.0139146593608572
1983-07-24,0.0,411.14,35.0,23.62,2908.98,0.78482933883581
1983-07-25,0.0,434.43,35.1,22.7,2751.57,0.6851348011999097
1983-07-26,0.0,429.02,35.34,22.98,2796.6,0.6193788295677203
1983-07-27,0.0,433.24,35.39,22.74,2759.1,0.5705921409373861
1983-07-28,7.58,335.41,34.97,21.89,2621.67,0.9333105651020441
1983-07-29,0.0,441.31,33.14,20.48,2397.17,0.7275580087045481
1983-07-30,0.0,416.85,33.62,21.73,2596.46,0.6278634710686479
1983-07-31,5.67,402.6,33.36,21.3,2527.48,0.57483446168785
1983-08-01,21.11,207.8,28.98,22.09,2655.13,0.704225244576997
1983-08-02,17.57,173.11,27.95,22.38,2700.02,1.5569317154202282
1983-08-03,11.46,194.44,28.12,21.9,2623.85,2.0787371677272803
1983-08-04,14.84,242.69,30.01,22.01,2641.51,1.6523839323056646
1983-08-05,2.05,348.02,32.15,22.29,2686.54,1.3766330835255154
1983-08-06,12.02,317.91,32.85,21.27,2522.87,1.0330051027379443
1983-08-07,11.26,341.45,33.43,21.17,2506.58,0.8611911123441589
1983-08-08,16.99,316.92,33.07,21.46,2553.62,2.269641601498153
1983-08-09,3.65,376.46,32.2,21.86,2617.43,2.290853205250472
1983-08-10,0.0,391.52,33.0,22.63,2741.01,1.4487525362834006
1983-08-11,13.12,327.29,33.82,22.19,2670.19,1.092397593244438
1983-08-12,4.8,341.29,33.1,22.16,2665.61,1.0266416216122487
1983-08-13,0.0,371.51,32.04,22.54,2727.08,0.912098961349725
1983-08-14,0.0,377.24,32.71,22.96,2793.59,0.8166467444642886
1983-08-15,0.15,393.5,32.93,22.58,2733.2,0.7360426502054758
1983-08-16,0.61,360.78,32.46,22.81,2769.78,0.6914982823256055
1983-08-17,2.17,373.96,31.98,21.88,2620.39,1.1496689233757
1983-08-18,7.52,330.64,31.83,21.77,2602.8,0.8824027160964782
1983-08-19,0.0,406.68,32.82,22.12,2659.58,1.0096723386103934
1983-08-20,0.0,434.72,34.47,22.28,2684.38,0.8484641500927674
1983-08-21,0.0,432.71,35.45,23.0,2800.0,0.7318003294550119
1983-08-22,0.0,424.81,34.79,22.82,2770.58,0.6299846314438798
1983-08-23,0.68,335.76,31.82,23.01,2801.16,0.57483446168785
1983-08-24,0.0,418.31,34.38,22.79,2765.62,0.5578651786859946
1983-08-25,0.0,425.45,35.11,23.0,2800.34,0.57483446168785
1983-08-26,0.0,419.16,34.95,23.11,2818.26,0.572713301312618
1983-08-27,6.83,291.56,32.88,23.5,2879.4,0.5387747353089074
1983-08-28,0.27,406.61,33.85,22.65,2744.31,0.5515016975602989
1983-08-29,0.0,423.09,35.0,23.0,2800.0,0.5578651786859946
1983-08-30,16.43,340.07,34.82,21.4,2543.6,0.5578651786859946
1983-08-31,0.0,450.25,34.54,21.16,2504.95,0.5536228579355308
1983-09-01,0.0,416.78,33.69,21.82,2611.79,0.5960460654401691
1983-09-02,0.0,426.18,32.48,20.33,2372.88,0.572713301312618
1983-09-03,0.0,431.68,31.74,19.38,2255.85,0.5196842919318201
1983-09-04,9.51,295.33,31.43,20.6,2415.89,0.48574572592810933
1983-09-05,13.63,273.82,30.36,20.65,2423.29,0.6554385559466629
1983-09-06,15.77,230.93,28.1,20.44,2390.75,1.0266416216122487
1983-09-07,10.21,220.92,27.7,20.5,2400.0,1.1772440082537148
1983-09-08,1.07,374.69,31.07,20.42,2387.12,1.1263361592481487
1983-09-09,0.0,438.67,32.5,19.44,2269.33,1.1072457158710616
1983-09-10,0.0,426.19,33.5,20.66,2425.24,0.9630068103552911
1983-09-11,19.53,298.56,32.38,20.93,2469.39,0.7360426502054758
1983-09-12,35.69,236.38,29.01,20.89,2462.86,1.3511791590227322
1983-09-13,15.77,188.19,27.36,21.19,2510.57,4.17868593920688
1983-09-14,4.39,345.71,29.38,19.45,2271.36,5.133208108061243
1983-09-15,0.0,466.75,29.9,15.52,1761.62,2.693873676544537
1983-09-16,0.0,456.76,29.84,15.82,1787.37,1.3745119231502831
1983-09-17,0.0,442.99,31.37,17.5,2000.0,1.0075511782351614
1983-09-18,0.0,426.39,31.84,18.54,2126.78,0.833616027466144
1983-09-19,8.6,317.8,31.47,19.91,2312.7,0.7466484520816353
1983-09-20,3.88,270.99,30.04,21.85,2615.7,0.7275580087045481
1983-09-21,26.81,330.65,28.21,14.84,1690.49,0.8781603953460143
1983-09-22,0.39,474.99,21.25,6.73,978.3,1.3914812061521387
1983-09-23,0.0,492.41,23.91,7.69,1055.52,1.2451211402611362
1983-09-24,0.0,482.44,26.35,9.98,1238.61,0.9842184141076102
1983-09-25,0.0,464.71,27.17,11.61,1368.85,0.7911928199615056
1983-09-26,0.0,423.8,28.07,14.48,1639.52,0.678771320074214
1983-09-27,0.0,438.78,27.97,13.35,1534.0,0.6130153484420245
1983-09-28,0.0,445.19,27.55,12.41,1432.79,0.5684709805621542
1983-09-29,0.0,438.84,27.08,12.26,1420.94,0.5324112541832116
1983-09-30,0.0,441.18,27.82,12.48,1438.32,0.5069573296804286
1983-10-01,0.0,445.9,28.97,12.72,1457.8,0.48574572592810933
1983-10-02,0.0,444.21,28.78,12.41,1433.13,0.47513992405194977
1983-10-03,0.0,414.86,28.38,13.79,1581.06,0.4560494806748625
1983-10-04,0.0,375.57,30.05,17.02,1927.74,0.43908019767300716
1983-10-05,0.18,333.48,30.95,19.49,2269.59,0.4412013580482391
1983-10-06,0.0,432.77,29.31,12.47,1438.11,0.44544367879870295
1983-10-07,0.0,417.01,27.75,11.99,1399.58,0.44544367879870295
1983-10-08,0.0,407.73,28.25,12.68,1454.26,0.4199897542959199
1983-10-09,0.0,366.04,27.57,14.35,1627.99,0.3987781505436007
1983-10-10,0.0,321.89,27.06,15.88,1790.56,0.3987781505436007
1983-10-11,10.52,149.26,24.41,18.0,2080.01,0.4221109146711518
1983-10-12,13.94,159.58,26.02,19.0,2200.0,0.4687764429262541
1983-10-13,17.81,263.9,21.62,9.58,1206.17,0.5515016975602989
1983-10-14,0.0,384.06,20.89,7.08,1006.1,0.6999829238265332
1983-10-15,0.0,415.56,24.32,7.73,1058.24,0.7954351407119695
1983-10-16,0.0,353.55,28.0,14.45,1647.59,0.6681655181980544
1983-10-17,0.0,318.01,28.71,16.77,1900.49,0.6002883861906331
1983-10-18,0.0,282.61,28.43,18.06,2083.94,0.5515016975602989
1983-10-19,0.0,316.84,27.98,16.07,1813.16,0.5154419711813563
1983-10-20,0.0,334.08,29.48,16.23,1837.07,0.496351527804269
1983-10-21,0.0,310.3,29.18,17.09,1940.04,0.47513992405194977
1983-10-22,7.38,168.79,28.0,19.75,2300.34,0.4687764429262541
1983-10-23,16.85,252.45,24.69,12.05,1403.68,0.4878668863033413
1983-10-24,0.0,184.8,18.21,12.3,1424.2,0.6363481125695757
1983-10-25,0.0,291.3,20.33,10.47,1277.78,0.6681655181980544
1983-10-26,0.0,321.26,19.4,8.28,1102.03,0.5833191031887777
1983-10-27,0.0,399.09,20.98,4.71,856.92,0.5302900938079798
1983-10-28,0.0,417.17,23.46,4.43,834.76,0.48150340517764556
1983-10-29,0.0,402.89,24.94,6.68,975.52,0.4539283202996306
1983-10-30,0.0,393.11,25.33,7.66,1053.03,0.43695903729777524
1983-10-31,0.0,384.82,25.42,8.28,1102.02,0.4284743957968476
1983-11-01,0.0,316.05,24.5,12.19,1415.08,0.4199897542959199
1983-11-02,0.0,318.93,26.19,13.39,1535.38,0.43059555617207945
1983-11-03,0.0,333.44,26.66,12.77,1461.49,0.43695903729777524
1983-11-04,0.0,303.69,26.49,14.23,1618.27,0.4327167165473114
1983-11-05,7.33,229.36,23.84,11.87,1389.44,0.43908019767300716
1983-11-06,0.0,377.03,20.54,3.99,813.87,0.4539283202996306
1983-11-07,0.51,309.83,21.37,9.34,1186.82,0.4539283202996306
1983-11-08,0.0,306.27,20.85,9.02,1161.75,0.4560494806748625
1983-11-09,0.0,301.13,23.16,11.19,1334.85,0.4496859995491667
1983-11-10,0.0,346.13,22.56,7.36,1029.12,0.4412013580482391
1983-11-11,0.0,237.27,14.28,5.71,920.0,0.43059555617207945
1983-11-12,0.0,253.49,12.11,2.98,758.23,0.42635323542161563
1983-11-13,0.0,347.29,18.44,3.29,783.16,0.4242320750463837
1983-11-14,0.47,253.38,22.79,12.54,1443.06,0.42635323542161563
1983-11-15,11.31,203.93,25.44,14.17,1613.65,0.43695903729777524
1983-11-16,0.0,347.8,19.61,3.87,802.72,0.4581706410500944
1983-11-17,0.0,356.64,17.0,0.42,626.17,0.4878668863033413
1983-11-18,0.0,340.36,19.07,3.4,787.45,0.5005938485547328
1983-11-19,18.01,214.93,23.58,13.12,1502.82,0.5005938485547328
1983-11-20,43.9,210.78,23.01,10.84,1306.98,0.704225244576997
1983-11-21,0.0,334.95,20.0,4.02,813.62,2.184795186488876
1983-11-22,0.0,315.04,23.02,8.03,1082.6,2.0447986017235693
1983-11-23,11.04,129.95,24.19,16.81,1904.44,1.4954180645385027
1983-11-24,23.84,201.15,21.29,9.42,1193.72,2.0235869979712504
1983-11-25,0.0,319.48,14.51,-0.28,599.1,3.181740562847878
1983-11-26,0.0,325.74,17.88,2.03,712.2,2.290853205250472
1983-11-27,12.32,190.26,22.27,11.02,1321.42,1.5823856399230112
1983-11-28,14.05,246.72,20.51,3.95,806.21,1.985406111217076
1983-11-29,0.0,334.42,15.81,-0.68,582.94,2.6726620727922175
1983-11-30,0.0,319.74,16.92,1.65,692.08,2.08934296960344
1983-12-01,0.0,263.29,18.57,7.04,1003.49,1.4720853004109515
1983-12-02,0.0,245.48,20.33,9.64,1211.03,1.1433054422500042
1983-12-03,3.95,210.77,24.85,13.38,1535.71,1.0308839423627125
1983-12-04,26.68,219.24,24.47,10.04,1243.55,1.6035972436753305
1983-12-05,1.77,267.28,22.44,8.59,1127.18,1.8454095264517694
1983-12-06,29.58,203.86,23.37,10.55,1283.71,2.4817576390213447
1983-12-07,0.0,310.32,14.3,-0.44,595.48,4.412013580482391
1983-12-08,0.0,312.25,15.36,0.16,612.8,4.412013580482391
1983-12-09,0.0,318.38,19.38,2.79,743.55,2.693873676544537
1983-12-10,0.0,291.78,21.38,6.9,991.63,1.8305614038251456
1983-12-11,66.08,171.98,21.99,11.47,1357.29,4.369590372977752
1983-12-12,0.0,278.75,21.48,7.72,1057.31,7.508907728320993
1983-12-13,0.0,159.07,12.04,5.6,917.35,7.614965747082588
1983-12-14,6.84,157.11,15.27,6.4,952.25,4.793822448024136
1983-12-15,0.0,275.13,13.8,1.27,661.74,3.5423378266373042
1983-12-16,0.0,311.1,15.08,-0.43,591.39,2.418122827764387
1983-12-17,0.01,287.72,15.89,2.34,725.59,1.7923805170709712
1983-12-18,0.0,215.93,15.45,6.37,949.37,1.5081450267898941
1983-12-19,0.0,223.35,14.91,5.51,908.6,1.3490579986475002
1983-12-20,0.0,150.31,9.61,3.84,802.08,1.2345153383849765
1983-12-21,0.0,231.12,13.74,4.3,824.07,1.1517900837509318
1983-12-22,22.06,219.85,18.32,4.68,856.57,2.0214658375960184
1983-12-23,0.0,185.3,6.69,-0.31,598.17,4.072627920445283
1983-12-24,0.0,280.66,3.97,-7.65,343.21,3.7120306566558576
1983-12-25,0.0,274.79,-2.2,-13.16,227.49,2.142371978984238
1983-12-26,0.0,234.04,-1.66,-10.33,280.0,1.567537517296388
1983-12-27,9.02,249.28,11.16,-5.04,430.48,1.4636006589100239
1983-12-28,72.42,206.93,18.85,6.82,985.27,5.0271500892996475
1983-12-29,12.81,261.27,16.99,-2.29,519.98,8.187679048395205
1983-12-30,0.0,297.03,2.05,-10.1,280.0,10.287627819874805
1983-12-31,0.0,302.95,2.62,-9.95,280.0,10.499743857397997
1984-01-01,0.0,346.04,10.45,-7.25,360.0,7.402849709559396
1984-01-02,0.0,342.52,13.36,-4.07,440.06,3.8605118829220917
1984-01-03,0.0,331.2,14.51,-1.57,552.37,2.587815657782941
1984-01-04,0.0,337.46,14.39,-2.33,519.7,2.142371978984238
1984-01-05,0.0,338.97,17.32,0.09,610.75,1.9069231773334947
1984-01-06,0.0,334.34,19.5,2.59,734.26,1.7372303473149413
1984-01-07,0.0,335.99,19.71,2.68,734.6,1.6014760833000985
1984-01-08,0.0,323.22,17.28,2.15,719.83,1.4890545834128068
1984-01-09,0.0,318.83,19.88,4.89,870.86,1.3936023665273707
1984-01-10,31.0,190.45,17.69,7.38,1030.05,2.6514504690398986
1984-01-11,0.0,333.93,11.79,-3.33,477.13,3.9029350904267304
1984-01-12,0.0,316.91,10.37,-3.09,486.57,2.9484129215723667
1984-01-13,0.0,261.27,13.67,3.45,786.19,2.121160375231919
1984-01-14,1.1,196.5,14.02,6.74,979.53,1.747836149191101
1984-01-15,10.25,200.52,13.76,3.35,788.18,1.6248088474276496
1984-01-16,6.77,135.28,9.57,3.18,774.56,2.0766160073520483
1984-01-17,4.65,127.85,8.96,3.25,778.15,2.3544880165074296
1984-01-18,11.77,142.38,10.05,3.35,786.71,2.60902726153526
1984-01-19,4.83,268.63,6.4,-4.63,435.35,3.627184241646581
1984-01-20,0.0,270.35,3.5,-6.18,381.56,3.9665699016836884
1984-01-21,0.0,284.92,4.45,-5.9,393.27,3.2241637703525163
1984-01-22,0.0,364.39,7.69,-8.09,331.5,2.5453924502783027
1984-01-23,0.53,294.61,11.85,0.07,613.97,2.002375394218931
1984-01-24,18.95,155.49,14.41,7.14,1011.14,2.0723736866015843
1984-01-25,17.07,134.5,15.38,9.12,1169.77,3.096894147838601
1984-01-26,0.2,241.59,11.27,2.75,749.17,3.9241466941790497
1984-01-27,3.77,194.4,13.16,4.24,830.02,3.669607449151219
1984-01-28,0.0,368.41,17.76,1.57,683.76,2.9908361290770054
1984-01-29,0.0,375.7,18.65,1.78,693.58,2.290853205250472
1984-01-30,0.0,356.58,19.46,4.45,835.62,1.870863450954552
1984-01-31,0.0,393.5,16.14,-1.82,537.23,1.6311723285533455
1984-02-01,0.0,373.37,13.37,-1.81,538.3,1.4763276211614154
1984-02-02,0.0,395.99,16.44,-1.29,557.46,1.3787542439007472
1984-02-03,23.27,265.9,18.23,4.31,830.5,1.620566526677186
1984-02-04,4.48,344.81,15.62,-0.21,603.13,3.4362798078757084
1984-02-05,0.0,404.55,17.48,-0.39,593.25,3.796877071665134
1984-02-06,0.0,422.18,14.32,-5.16,422.38,2.630238865287579
1984-02-07,0.0,384.96,9.68,-4.91,434.6,1.8941962150821035
1984-02-08,0.0,405.7,13.94,-2.78,498.0,1.5569317154202282
1984-02-09,0.0,413.01,17.09,-0.85,575.19,1.408450489153994
1984-02-10,19.4,313.1,20.24,4.55,846.16,1.327846394895181
1984-02-11,0.0,245.11,22.64,14.26,1620.98,1.7541996303167968
1984-02-12,0.0,249.94,22.05,13.65,1561.91,2.375699620259749
1984-02-13,19.88,216.62,21.21,11.37,1349.23,2.9059897140677284
1984-02-14,0.0,413.77,21.06,3.59,793.5,3.796877071665134
1984-02-15,0.0,422.61,21.79,3.18,771.36,3.13931735534324
1984-02-16,18.72,278.37,21.45,7.05,1003.61,2.6514504690398986
1984-02-17,0.0,297.16,20.62,10.1,1247.98,3.627184241646581
1984-02-18,0.0,325.58,22.8,10.82,1305.49,3.9665699016836884
1984-02-19,0.0,241.44,22.2,13.9,1589.52,2.821143299058452
1984-02-20,4.75,235.63,18.56,7.75,1059.89,2.1635835827365573
1984-02-21,9.55,176.23,13.65,6.37,949.54,2.0469197620988013
1984-02-22,0.0,301.39,16.18,6.46,957.45,2.3544880165074296
1984-02-23,0.0,427.12,19.98,2.98,758.34,2.0108600357198587
1984-02-24,0.0,427.42,22.16,4.59,847.31,1.643899290804737
1984-02-25,0.0,441.15,21.02,2.32,725.17,1.4296620929063133
1984-02-26,0.0,412.15,19.34,3.24,777.23,1.302392470392398
1984-02-27,63.98,257.28,19.07,7.02,1002.0,3.6483958453989
1984-02-28,1.4,302.64,11.02,0.82,643.24,6.2574231069341595
1984-02-29,0.0,321.28,7.5,-2.5,516.74,8.272525463404483
1984-03-01,0.0,422.81,11.27,-3.52,471.04,8.124044237138248
1984-03-02,0.0,425.1,15.51,0.39,630.29,4.984726881795009
1984-03-03,0.0,386.03,19.79,6.63,970.42,2.7999316953061326
1984-03-04,0.0,355.36,21.23,9.49,1199.18,2.121160375231919
1984-03-05,26.82,211.08,21.32,12.62,1449.34,2.269641601498153
1984-03-06,20.48,270.81,16.9,5.82,921.22,4.242320750463838
1984-03-07,0.0,406.62,10.61,-1.7,539.35,5.302900938079797
1984-03-08,0.0,472.28,16.43,-0.21,605.5,4.0302047129406455
1984-03-09,0.0,464.28,19.9,3.56,799.99,3.096894147838601
1984-03-10,0.0,461.24,17.26,1.78,702.36,2.6514504690398986
1984-03-11,0.0,466.27,19.78,3.73,799.96,2.2484299977458337
1984-03-12,0.01,440.47,20.27,5.72,918.64,1.9514675452133652
1984-03-13,6.66,245.37,20.12,10.52,1281.76,1.7393515076901733
1984-03-14,0.0,426.62,25.74,11.2,1335.76,2.0787371677272803
1984-03-15,0.0,396.13,26.16,13.3,1527.43,2.121160375231919
1984-03-16,0.0,363.74,25.77,14.58,1654.86,1.82419792269945
1984-03-17,0.0,370.99,26.64,15.19,1734.42,1.6332934889285773
1984-03-18,0.0,383.82,26.01,14.17,1613.62,1.4423890551577045
1984-03-19,0.0,335.88,25.72,15.84,1786.97,1.3363310363961087
1984-03-20,39.52,356.13,23.16,7.23,1018.32,3.818088675417453
1984-03-21,0.0,396.59,14.55,3.42,793.54,4.772610844271817
1984-03-22,0.0,481.58,22.23,6.01,923.71,4.45443678798703
1984-03-23,0.0,462.19,24.83,9.29,1183.43,2.969624525324686
1984-03-24,0.0,414.26,25.02,12.06,1404.88,2.1635835827365573
1984-03-25,5.08,412.0,23.22,8.02,1081.59,2.5241808465259834
1984-03-26,0.0,450.54,21.93,8.09,1086.98,2.5241808465259834
1984-03-27,0.0,379.0,22.84,12.06,1404.79,1.9090443377087265
1984-03-28,0.0,354.29,24.92,14.85,1696.44,1.7181399039378542
1984-03-29,0.0,451.83,21.94,8.38,1110.71,1.590870281423939
1984-03-30,0.0,491.64,18.85,3.57,792.67,1.4742064607861833
1984-03-31,0.0,495.12,21.56,5.76,920.07,1.2726962251391514
1984-04-01,0.0,481.9,23.25,8.02,1081.97,1.0817917913682786
1984-04-02,0.0,450.17,22.87,9.38,1190.06,1.0817917913682786
1984-04-03,37.71,291.58,24.42,13.26,1520.73,1.7181399039378542
1984-04-04,0.39,491.08,26.6,9.89,1231.36,2.1635835827365573
1984-04-05,0.0,467.02,21.63,7.42,1033.31,2.4605460352690254
1984-04-06,0.0,515.54,21.2,4.3,823.7,2.0363139602226417
1984-04-07,0.0,489.41,24.0,8.31,1105.19,1.7393515076901733
1984-04-08,32.11,252.5,21.91,12.76,1461.5,1.9938907527180036
1984-04-09,39.36,246.91,21.63,12.88,1480.59,4.984726881795009
1984-04-10,0.0,487.77,24.38,9.37,1189.77,7.636177350834906
1984-04-11,0.0,433.58,24.88,12.37,1429.31,8.696757538450866
1984-04-12,0.0,368.64,22.28,12.4,1431.88,6.893771219503735
1984-04-13,0.0,419.92,25.39,13.48,1556.17,4.45443678798703
1984-04-14,0.01,379.44,26.83,16.24,1841.35,1.82419792269945
1984-04-15,0.4,496.2,25.17,8.96,1156.98,1.5272354701669815
1984-04-16,0.0,458.17,19.54,6.85,987.89,1.357542640148428
1984-04-17,1.38,446.29,20.15,7.69,1055.51,1.198455612006034
1984-04-18,0.0,506.18,23.0,7.54,1043.11,1.0075511782351614
1984-04-19,0.0,445.03,26.09,13.13,1502.68,0.9205836028506528
1984-04-20,0.0,355.61,26.84,17.01,1921.11,0.8760392349707824
1984-04-21,0.0,280.26,27.37,19.86,2308.95,0.8399795085918398
1984-04-22,4.05,244.49,26.87,18.25,2098.69,0.8230102255899845
1984-04-23,0.0,450.68,23.72,11.44,1355.58,0.810283263338593
1984-04-24,0.0,536.64,24.06,7.52,1041.65,0.7784658577101141
1984-04-25,0.0,540.29,27.83,10.09,1247.25,0.7318003294550119
1984-04-26,0.0,425.56,27.23,15.32,1743.54,0.6957406030760693
1984-04-27,5.88,205.47,26.76,19.62,2288.32,0.6978617634513012
1984-04-28,0.0,223.6,27.8,22.01,2642.23,0.7254368483293162
1984-04-29,0.0,285.56,28.37,21.03,2484.32,0.7148310464531566
1984-04-30,0.0,335.68,28.2,19.65,2287.25,0.6914982823256055
1984-05-01,0.0,386.47,27.43,17.61,2017.96,0.6618020370723586
1984-05-02,0.0,313.29,26.57,19.03,2204.94,0.6427115936952713
1984-05-03,3.89,301.14,28.2,20.47,2396.9,0.6321057918191118
1984-05-04,0.56,501.43,29.49,14.43,1635.02,0.6151365088172563
1984-05-05,0.0,484.13,29.62,16.18,1832.37,0.5918037446897053
1984-05-06,0.0,358.41,30.25,21.34,2534.05,0.57483446168785
1984-05-07,0.0,332.29,30.95,22.82,2770.88,0.57483446168785
1984-05-08,14.26,374.05,31.18,17.01,1925.26,0.5854402635640096
1984-05-09,0.0,549.16,23.2,7.94,1075.53,0.6427115936952713
1984-05-10,0.0,553.97,25.77,9.62,1209.36,0.6999829238265332
1984-05-11,0.0,529.72,28.25,12.93,1485.1,0.6830136408246779
1984-05-12,0.0,550.44,28.85,11.81,1385.13,0.5811979428135456
1984-05-13,0.0,526.75,30.24,14.25,1619.83,0.5302900938079798
1984-05-14,0.0,504.54,32.14,16.75,1900.3,0.5027150089299647
1984-05-15,0.0,498.0,32.25,17.24,1957.67,0.47938224480241365
1984-05-16,0.0,531.93,30.47,13.92,1593.3,0.4602918014253264
1984-05-17,0.0,524.67,28.13,12.55,1445.23,0.443322518423471
1984-05-18,0.0,500.89,28.43,14.08,1606.53,0.4284743957968476
1984-05-19,0.0,505.35,28.95,14.23,1619.17,0.4199897542959199
1984-05-20,4.67,387.81,27.71,17.13,1951.59,0.4221109146711518
1984-05-21,23.36,217.51,26.59,19.44,2270.49,0.5536228579355308
1984-05-22,60.03,277.82,26.23,16.92,1914.63,3.1181057515909205
1984-05-23,6.53,322.08,27.46,17.01,1921.06,6.405904333200394
1984-05-24,0.0,432.14,30.9,19.05,2207.48,8.166467444642887
1984-05-25,0.0,402.3,31.3,20.57,2411.96,6.405904333200394
1984-05-26,0.0,400.9,31.11,20.5,2400.0,2.86356650656309
1984-05-27,1.91,396.7,31.79,20.19,2350.8,1.794501677446203
1984-05-28,0.0,409.31,31.89,20.62,2418.53,1.7987439981966669
1984-05-29,0.43,425.57,29.76,18.04,2069.5,1.9238924603353502
1984-05-30,0.0,527.05,23.27,8.38,1110.08,1.7605631114424927
1984-05-31,0.0,528.89,22.94,7.84,1067.53,1.1772440082537148
1984-06-01,0.0,544.69,26.06,9.15,1171.66,0.9269470839763485
1984-06-02,0.0,532.68,28.4,11.41,1352.74,0.7996774614624333
1984-06-03,0.0,495.77,29.5,14.28,1622.8,0.7190733672036205
1984-06-04,0.0,496.93,30.75,15.11,1729.16,0.6596808766971267
1984-06-05,0.0,429.63,30.49,17.8,2047.29,0.6151365088172563
1984-06-06,0.0,382.89,30.03,19.03,2204.32,0.5811979428135456
1984-06-07,0.0,358.02,30.5,20.32,2370.89,0.5557440183107627
1984-06-08,0.0,393.75,30.59,19.3,2247.14,0.5345324145584435
1984-06-09,0.0,402.16,31.15,19.57,2285.2,0.5111996504308923
1984-06-10,0.0,425.64,31.33,18.92,2187.77,0.4899880466785732
1984-06-11,0.0,421.5,31.89,19.64,2290.2,0.47089760330148595
1984-06-12,1.03,436.02,32.6,19.48,2277.3,0.4581706410500944
1984-06-13,0.0,440.87,32.48,19.47,2275.83,0.47301876367671786
1984-06-14,0.0,438.01,32.35,19.54,2283.2,0.48574572592810933
1984-06-15,2.08,424.45,33.6,20.24,2358.48,0.47301876367671786
1984-06-16,11.99,309.54,32.21,20.54,2406.09,0.6363481125695757
1984-06-17,8.18,313.99,30.98,20.34,2374.2,0.5939249050649372
1984-06-18,7.87,315.19,30.66,19.8,2304.04,0.6618020370723586
1984-06-19,0.0,439.55,32.68,20.03,2325.59,0.6957406030760693
1984-06-20,0.0,432.17,33.89,21.11,2498.3,0.6978617634513012
1984-06-21,0.0,402.42,34.51,22.66,2745.11,0.5811979428135456
1984-06-22,0.0,426.65,34.93,21.99,2639.1,0.5154419711813563
1984-06-23,3.28,399.07,34.52,21.85,2615.91,0.47938224480241365
1984-06-24,17.56,303.03,33.45,21.67,2586.51,0.5196842919318201
1984-06-25,10.97,343.45,33.4,21.42,2547.38,0.6108941880667926
1984-06-26,0.0,491.23,33.03,17.5,2000.47,0.9524010084791315
1984-06-27,0.61,424.88,32.2,19.46,2274.26,0.8187679048395206
1984-06-28,6.77,319.76,32.25,19.8,2304.01,0.6427115936952713
1984-06-29,0.0,364.57,31.59,21.44,2549.86,0.6130153484420245
1984-06-30,9.02,315.67,30.13,19.4,2263.56,0.545138216434603
1984-07-01,0.0,400.24,30.37,19.49,2277.82,0.5260477730575158
1984-07-02,0.0,408.8,30.79,19.68,2294.18,0.5175631315565882
1984-07-03,0.0,406.13,32.08,20.92,2466.54,0.496351527804269
1984-07-04,0.0,398.57,32.91,21.95,2631.72,0.4581706410500944
1984-07-05,0.0,409.56,32.98,21.64,2583.01,0.4496859995491667
1984-07-06,0.74,414.04,32.6,20.5,2400.27,0.5387747353089074
1984-07-07,2.48,372.44,32.97,20.95,2472.47,0.5302900938079798
1984-07-08,27.95,325.91,33.53,21.04,2486.11,0.6363481125695757
1984-07-09,0.0,426.2,32.8,20.8,2440.38,1.0096723386103934
1984-07-10,0.0,443.6,33.93,21.0,2455.86,0.9969453763590018
1984-07-11,0.0,422.0,34.24,22.06,2637.0,1.1051245554958296
1984-07-12,0.0,410.04,34.24,22.52,2718.68,0.835737187841376
1984-07-13,27.95,342.75,32.65,20.31,2367.32,0.9863395744828422
1984-07-14,8.36,364.55,32.82,20.3,2365.09,1.7838958755700436
1984-07-15,2.51,402.82,33.03,21.52,2562.52,1.3723907627750513
1984-07-16,2.7,371.12,32.44,22.02,2643.93,1.0223993008617847
1984-07-17,11.66,293.98,31.12,21.0,2479.88,1.1645170460023233
1984-07-18,11.53,296.85,31.77,21.14,2502.64,1.253605781762064
1984-07-19,0.0,424.06,31.94,20.33,2372.77,1.0605801876159595
1984-07-20,0.0,470.27,31.87,18.42,2123.12,0.780587018085346
1984-07-21,0.0,442.26,32.56,20.09,2338.47,0.625742310693416
1984-07-22,0.0,441.44,33.5,20.85,2455.26,0.5302900938079798
1984-07-23,0.0,441.0,32.86,20.37,2378.41,0.47301876367671786
1984-07-24,24.65,281.29,30.16,20.5,2399.83,0.5875614239392415
1984-07-25,6.58,320.21,30.78,20.35,2376.57,1.1008822347453657
1984-07-26,2.48,379.9,32.46,20.53,2404.24,0.9311894047268122
1984-07-27,0.0,437.16,32.92,20.73,2436.67,0.7572542539577949
1984-07-28,0.92,410.07,32.6,21.26,2520.93,0.678771320074214
1984-07-29,14.62,311.08,31.61,20.5,2400.07,0.6151365088172563
1984-07-30,3.92,311.34,30.0,20.0,2320.43,0.7424061313311715
1984-07-31,0.0,370.4,28.65,19.48,2276.02,0.5939249050649372
1984-08-01,12.85,249.7,28.31,20.27,2363.54,0.5769556220630819
1984-08-02,19.97,166.04,25.75,20.76,2442.25,0.9757337726066826
1984-08-03,5.15,173.28,25.43,20.31,2369.22,1.4954180645385027
1984-08-04,13.56,255.68,28.31,21.05,2487.6,1.0011876971094655
1984-08-05,6.31,282.65,30.26,21.08,2493.59,1.0011876971094655
1984-08-06,7.62,308.94,30.78,20.45,2392.27,1.3342098760208767
1984-08-07,8.59,335.65,31.57,19.82,2305.64,1.147547763000468
1984-08-08,15.62,342.72,30.99,18.98,2196.51,1.3936023665273707
1984-08-09,0.0,446.69,32.06,20.22,2354.94,1.276938545889615
1984-08-10,0.0,452.79,32.91,20.6,2415.37,1.071185989492119
1984-08-11,1.85,399.22,32.46,21.56,2569.75,0.8463429897175356
1984-08-12,0.73,411.01,31.34,20.21,2354.4,0.7318003294550119
1984-08-13,6.64,351.13,31.48,19.71,2296.86,1.0881552724939743
1984-08-14,6.73,279.86,29.62,20.72,2435.48,1.2133037346326574
1984-08-15,3.15,365.15,30.05,20.36,2377.03,1.3448156778970364
1984-08-16,0.0,428.36,32.11,20.92,2467.18,1.1411842818747722
1984-08-17,0.0,413.14,32.76,21.95,2632.42,0.9227047632258847
1984-08-18,1.07,376.24,32.57,21.91,2625.49,0.7466484520816353
1984-08-19,0.0,433.86,32.4,20.93,2468.77,0.625742310693416
1984-08-20,0.0,400.5,32.23,22.02,2643.13,0.5705921409373861
1984-08-21,0.0,405.85,32.0,21.69,2590.51,0.6342269521943437
1984-08-22,8.3,346.31,32.78,21.13,2500.18,0.6596808766971267
1984-08-23,15.88,305.91,32.18,21.94,2630.08,0.833616027466144
1984-08-24,5.96,388.14,32.0,19.75,2301.72,0.7445272917064034
1984-08-25,0.0,452.51,32.39,19.97,2328.77,0.72967916907978
1984-08-26,0.97,394.73,31.9,21.48,2556.25,0.5875614239392415
1984-08-27,13.08,289.08,31.9,22.26,2682.27,0.5154419711813563
1984-08-28,9.83,386.35,32.06,20.58,2412.85,0.7466484520816353
1984-08-29,10.45,319.32,30.7,21.28,2524.91,1.6502627719304326
1984-08-30,10.34,312.67,31.39,20.51,2401.56,1.8135921208232906
1984-08-31,0.0,434.87,32.48,20.5,2400.0,1.5484470739193006
1984-09-01,0.0,430.29,32.98,20.84,2453.8,1.0287627819874805
1984-09-02,0.0,440.13,33.3,20.38,2380.41,0.8399795085918398
1984-09-03,0.0,423.89,33.31,20.92,2467.59,0.72967916907978
1984-09-04,5.8,289.13,30.75,20.32,2370.9,0.7572542539577949
1984-09-05,5.56,332.36,26.85,16.48,1868.49,1.1666382063775553
1984-09-06,0.0,472.9,29.25,15.26,1740.77,1.0287627819874805
1984-09-07,0.0,465.77,29.8,15.93,1802.72,0.7487696124568672
1984-09-08,0.0,429.17,29.98,17.71,2032.6,0.6087730276915607
1984-09-09,0.0,408.0,30.48,18.94,2190.9,0.5324112541832116
1984-09-10,0.0,386.41,30.94,20.08,2332.72,0.4878668863033413
1984-09-11,0.0,402.96,31.9,20.12,2339.73,0.4581706410500944
1984-09-12,0.0,407.93,32.65,20.41,2385.94,0.43483787692254333
1984-09-13,0.0,416.21,33.48,20.49,2398.98,0.42635323542161563
1984-09-14,0.0,427.73,33.91,20.04,2337.56,0.41574743354545607
1984-09-15,0.0,402.23,33.04,20.51,2401.34,0.47089760330148595
1984-09-16,0.0,449.45,30.43,16.06,1818.53,1.2451211402611362
1984-09-17,0.0,416.19,28.46,16.04,1806.4,0.9036143198487975
1984-09-18,0.0,420.4,27.54,15.0,1719.91,0.6214999899429522
1984-09-19,0.0,406.35,28.5,16.26,1842.26,0.4984726881795009
1984-09-20,0.0,402.33,27.96,15.86,1794.19,0.443322518423471
1984-09-21,0.0,415.67,30.0,16.77,1903.4,0.41574743354545607
1984-09-22,0.01,377.78,29.64,18.05,2076.63,0.3987781505436007
1984-09-23,0.42,306.96,29.58,20.59,2414.31,0.3945358297931369
1984-09-24,0.0,384.14,30.94,18.76,2161.85,0.40302047129406454
1984-09-25,0.0,403.64,31.58,18.17,2093.87,0.3987781505436007
1984-09-26,0.0,423.57,31.64,16.89,1912.35,0.390293509042673
1984-09-27,0.0,452.85,32.02,14.93,1703.84,0.3839300279169773
1984-09-28,0.0,422.6,30.54,15.59,1768.29,0.38180886754174537
1984-09-29,0.0,448.12,28.57,12.18,1414.18,0.37968770716651346
1984-09-30,0.0,424.85,24.5,10.2,1256.3,0.3775665467912815
1984-10-01,0.0,445.22,21.3,6.1,928.01,0.40302047129406454
1984-10-02,0.0,473.82,22.73,4.77,861.31,0.4242320750463837
1984-10-03,0.0,478.43,24.5,5.23,897.72,0.4284743957968476
1984-10-04,0.0,465.5,26.42,7.37,1029.83,0.41150511279499224
1984-10-05,0.0,416.64,27.5,11.6,1367.67,0.43695903729777524
1984-10-06,0.0,358.08,28.91,15.88,1799.88,0.43908019767300716
1984-10-07,0.0,306.81,28.89,18.11,2087.04,0.443322518423471
1984-10-08,0.0,314.68,28.85,17.7,2031.75,0.4412013580482391
1984-10-09,10.16,252.24,28.53,17.97,2074.41,0.44544367879870295
1984-10-10,13.63,202.28,27.13,18.05,2083.75,0.47089760330148595
1984-10-11,0.18,327.31,28.5,16.65,1888.82,0.5430170560593712
1984-10-12,0.0,363.84,29.94,15.86,1788.73,0.6045307069410968
1984-10-13,0.0,356.21,29.49,15.8,1784.21,0.572713301312618
1984-10-14,0.0,331.61,28.92,16.51,1872.39,0.5281689334327477
1984-10-15,18.81,220.25,28.68,17.95,2072.23,0.5875614239392415
1984-10-16,9.18,176.61,29.49,21.01,2482.36,0.9227047632258847
1984-10-17,16.13,193.93,29.83,20.4,2383.23,0.8739180745955505
1984-10-18,9.98,206.68,26.93,18.69,2150.62,1.1539112441261639
1984-10-19,1.16,233.94,28.73,20.02,2322.79,1.1878498101298745
1984-10-20,6.68,192.76,28.81,19.77,2301.29,1.098761074370134
1984-10-21,5.05,160.45,28.54,21.04,2487.1,0.9205836028506528
1984-10-22,31.12,169.69,28.4,20.46,2396.83,0.9630068103552911
1984-10-23,0.51,185.87,28.48,21.92,2627.74,2.7787200915538133
1984-10-24,1.18,245.21,28.4,19.46,2261.74,4.305955561720794
1984-10-25,0.0,303.15,28.96,17.72,2034.82,4.687764429262541
1984-10-26,0.0,320.79,29.04,16.87,1909.97,2.3332764127551107
1984-10-27,0.0,323.41,28.5,16.31,1850.05,1.2408788195106724
1984-10-28,7.1,228.87,28.21,17.95,2065.38,1.0011876971094655
1984-10-29,1.12,257.45,28.71,19.35,2245.74,1.1136091969967574
1984-10-30,0.0,289.62,29.55,18.9,2184.92,1.041489744238872
1984-10-31,0.0,289.54,29.45,18.83,2172.63,0.8484641500927674
1984-11-01,0.0,295.9,29.7,18.81,2170.26,0.7721023765844184
1984-11-02,31.55,224.15,27.39,16.89,1911.21,0.8590699519689271
1984-11-03,0.0,275.29,20.4,11.93,1394.5,1.3660272816493557
1984-11-04,0.0,263.3,21.13,13.15,1503.84,1.8411672057013055
1984-11-05,0.0,310.47,23.05,12.91,1472.44,1.5802644795477794
1984-11-06,0.0,395.87,21.54,4.99,879.07,1.2154248950078894
1984-11-07,0.0,389.32,19.9,4.1,808.15,0.8802815557212463
1984-11-08,0.0,366.29,20.5,6.5,959.89,0.7318003294550119
1984-11-09,0.0,351.56,23.55,9.8,1223.94,0.6575597163218948
1984-11-10,2.51,282.92,23.63,12.81,1468.52,0.6172576691924883
1984-11-11,2.63,357.33,22.7,3.49,799.39,0.7593754143330269
1984-11-12,0.0,378.83,16.84,1.0,640.0,0.8675545934698548
1984-11-13,0.0,370.5,15.54,0.47,637.65,0.7339214898302439
1984-11-14,0.0,378.0,18.4,1.48,678.59,0.6427115936952713
1984-11-15,0.0,359.67,22.51,6.32,955.86,0.5960460654401691
1984-11-16,1.34,286.78,23.97,11.57,1365.28,0.572713301312618
1984-11-17,0.05,309.94,18.21,6.16,933.98,0.5515016975602989
1984-11-18,0.0,297.88,23.02,10.9,1311.93,0.5387747353089074
1984-11-19,8.01,224.5,24.97,12.23,1418.13,0.545138216434603
1984-11-20,0.0,291.84,17.73,6.21,936.75,0.6066518673163287
1984-11-21,0.0,299.59,13.09,1.33,668.58,0.7360426502054758
1984-11-22,0.0,313.0,12.76,-0.09,600.0,0.6872559615751416
1984-11-23,0.0,342.89,14.49,-1.31,560.0,0.6045307069410968
1984-11-24,0.0,361.77,17.38,-1.63,549.41,0.5599863390612265
1984-11-25,0.0,363.4,21.67,0.77,642.01,0.5345324145584435
1984-11-26,0.0,309.16,23.45,8.32,1105.62,0.5281689334327477
1984-11-27,15.09,152.0,22.94,14.23,1618.21,0.5430170560593712
1984-11-28,20.59,251.29,19.34,1.96,707.71,1.2875443477657746
1984-11-29,0.0,318.31,14.37,-0.95,564.98,2.290853205250472
1984-11-30,2.11,311.73,19.22,2.19,717.74,1.6078395644257943
1984-12-01,0.0,299.12,21.79,6.63,970.75,1.1539112441261639
1984-12-02,2.1,256.68,21.95,8.47,1117.8,0.9884607348580741
1984-12-03,16.63,171.63,21.93,11.25,1340.08,1.0033088574846976
1984-12-04,17.84,237.32,17.32,2.8,744.71,1.6799590171836796
1984-12-05,47.1,101.19,8.11,2.58,736.2,4.221109146711518
1984-12-06,1.09,177.13,9.59,1.94,707.55,6.490750748209671
1984-12-07,0.0,306.81,8.91,-5.9,395.66,7.869504992110419
1984-12-08,0.0,322.91,12.18,-4.57,440.0,6.724078389485182
1984-12-09,0.0,308.44,17.56,1.49,680.24,3.5211262228849853
1984-12-10,0.0,278.27,21.88,7.64,1050.95,2.112675733730991
1984-12-11,0.0,296.03,23.23,7.33,1026.17,1.6842013379341434
1984-12-12,0.0,282.72,22.84,8.12,1089.89,1.4763276211614154
1984-12-13,5.19,169.55,23.48,14.05,1604.15,1.3384521967713405
1984-12-14,0.0,174.78,23.99,15.9,1791.85,1.3490579986475002
1984-12-15,0.0,237.9,23.85,12.5,1439.68,1.3002713100171661
1984-12-16,0.0,240.0,24.66,13.08,1497.87,1.1814863290041786
1984-12-17,0.0,223.45,24.5,13.94,1594.92,1.0945187536196699
1984-12-18,0.0,259.21,23.47,10.84,1307.12,1.0330051027379443
1984-12-19,0.0,232.52,22.52,11.71,1376.69,0.9905818952333061
1984-12-20,0.0,179.38,22.09,14.13,1610.03,0.9693702914809867
1984-12-21,0.0,204.37,23.27,14.02,1601.83,0.9566433292295954
1984-12-22,1.81,147.09,22.74,15.26,1738.44,0.9396740462277401
1984-12-23,0.37,274.53,21.52,8.56,1124.68,0.935431725477276
1984-12-24,0.0,249.58,22.04,10.84,1307.03,0.9227047632258847
1984-12-25,0.0,252.24,23.79,12.45,1436.0,0.886645036846942
1984-12-26,0.0,266.24,18.49,7.04,1003.42,0.8548276312184633
1984-12-27,0.0,263.71,21.59,9.89,1231.3,0.8293737067156802
1984-12-28,0.0,180.98,22.31,15.0,1712.97,0.8145255840890567
1984-12-29,0.13,191.18,24.17,16.38,1860.37,0.8060409425881291
1984-12-30,2.76,145.69,24.2,17.1,1936.71,0.8251313859652163
1984-12-31,1.44,168.43,24.19,16.74,1898.54,1.0202781404865529
1985-01-01,17.52,111.07,22.45,16.04,1811.39,1.1348208007490765
1985-01-02,5.35,202.31,18.72,6.47,957.86,1.4805699419118794
1985-01-03,9.37,89.23,6.11,1.66,689.58,1.561174036170692
1985-01-04,1.46,194.19,4.98,-2.52,508.15,1.8793480924554802
1985-01-05,0.0,284.93,8.15,-4.08,447.38,1.5229931494165176
1985-01-06,0.0,321.6,12.92,-2.41,512.04,1.175122847878483
1985-01-07,0.0,318.94,16.41,1.01,652.42,0.9948242159837699
1985-01-08,0.0,322.65,15.81,0.24,618.08,0.8930085179726378
1985-01-09,0.0,335.52,15.0,-1.62,544.15,0.810283263338593
1985-01-10,0.0,317.57,17.88,2.73,748.32,0.755133093582563
1985-01-11,0.0,317.16,19.27,4.07,808.99,0.7169522068283886
1985-01-12,0.0,263.96,8.59,-2.03,527.27,0.6851348011999097
1985-01-13,0.0,172.53,4.34,-2.0,529.06,0.6575597163218948
1985-01-14,0.0,202.91,7.85,0.21,621.31,0.6427115936952713
1985-01-15,0.0,331.42,12.96,-2.2,521.24,0.6299846314438798
1985-01-16,0.0,329.37,13.61,-1.3,560.44,0.6236211503181841
1985-01-17,43.43,212.48,16.33,4.46,838.26,2.6514504690398986
1985-01-18,0.0,298.93,11.1,-1.2,562.65,5.366535749336754
1985-01-19,0.0,343.37,16.0,-0.02,610.38,5.642286598116904
1985-01-20,0.8,396.09,15.45,-5.94,396.08,3.4362798078757084
1985-01-21,0.0,351.37,-1.47,-15.76,178.05,2.032071639472178
1985-01-22,0.0,357.39,2.83,-11.96,240.0,1.410571649529226
1985-01-23,0.0,368.77,9.99,-6.09,386.21,1.19421329125557
1985-01-24,7.06,219.35,10.6,-0.76,582.14,1.145426602625236
1985-01-25,3.72,218.29,12.88,3.03,762.2,1.327846394895181
1985-01-26,0.0,392.4,16.17,-4.26,442.7,1.3660272816493557
1985-01-27,2.51,306.23,11.33,-3.49,480.0,1.2133037346326574
1985-01-28,35.3,244.26,14.45,1.3,663.78,2.3120648090027913
1985-01-29,0.0,302.51,9.7,-1.66,544.01,3.499914619132666
1985-01-30,7.27,262.34,16.33,1.62,688.13,2.969624525324686
1985-01-31,0.72,250.8,21.78,11.6,1368.28,2.842354902810771
1985-02-01,14.71,290.47,20.55,1.67,689.86,2.418122827764387
1985-02-02,5.74,213.29,5.71,-4.55,439.4,2.2060067902411955
1985-02-03,0.0,217.8,1.58,-5.76,400.74,1.9811637904666122
1985-02-04,0.0,306.94,8.04,-3.16,480.0,1.7711689133186521
1985-02-05,17.22,268.47,16.95,2.28,719.93,1.7541996303167968
1985-02-06,24.43,259.98,17.14,3.24,771.84,4.348378769225433
1985-02-07,0.0,301.55,9.71,-0.94,570.92,6.702866785732863
1985-02-08,0.0,352.07,10.04,-3.05,490.34,6.214999899429522
1985-02-09,0.0,384.14,13.0,-2.32,518.05,3.181740562847878
1985-02-10,0.0,392.91,16.53,0.26,620.79,2.0554044035997294
1985-02-11,19.22,273.61,17.74,3.49,798.71,2.227218393993515
1985-02-12,0.0,361.58,11.97,-1.61,545.15,3.1605289590955588
1985-02-13,0.0,382.64,11.82,-3.16,485.13,2.884778110315409
1985-02-14,0.12,378.21,14.46,-0.3,597.67,2.142371978984238
1985-02-15,0.0,352.76,12.71,-0.16,601.94,1.6799590171836796
1985-02-16,0.0,408.92,12.89,-3.64,463.19,1.4487525362834006
1985-02-17,0.0,395.41,16.5,0.66,636.88,1.308755951518094
1985-02-18,0.0,312.87,19.7,8.46,1116.69,1.2175460553831214
1985-02-19,0.0,305.82,21.9,11.06,1325.06,1.1560324045013957
1985-02-20,0.0,380.18,22.15,7.59,1046.82,1.1051245554958296
1985-02-21,0.0,365.32,22.4,8.83,1146.5,1.0563378668654955
1985-02-22,0.0,306.42,22.33,11.81,1385.13,1.0033088574846976
1985-02-23,0.0,304.04,23.17,12.78,1463.27,0.9651279707305229
1985-02-24,18.95,180.93,22.48,14.62,1659.93,1.1008822347453657
1985-02-25,38.87,136.92,19.22,13.75,1579.3,3.1181057515909205
1985-02-26,14.79,139.29,19.14,13.75,1578.3,5.981672258154011
1985-02-27,11.44,159.39,19.31,13.22,1514.63,6.893771219503735
1985-02-28,12.36,254.53,17.75,7.71,1056.89,6.1513650881725646
1985-03-01,27.58,259.94,18.67,8.4,1111.98,6.00288386190633
1985-03-02,5.14,291.7,21.34,10.78,1302.54,6.490750748209671
1985-03-03,0.0,363.63,23.66,12.5,1440.0,6.554385559466629
1985-03-04,0.0,301.94,23.67,14.94,1709.65,5.175631315565882
1985-03-05,3.22,306.4,24.03,11.62,1369.44,3.499914619132666
1985-03-06,0.0,419.59,20.28,7.07,1005.7,2.4605460352690254
1985-03-07,0.0,458.24,22.0,6.2,936.15,2.002375394218931
1985-03-08,0.0,416.27,24.58,11.08,1326.02,1.7223822246883178
1985-03-09,0.0,347.03,27.08,16.46,1873.48,1.5378412720431411
1985-03-10,0.0,418.9,27.37,13.48,1556.81,1.4169351306549216
1985-03-11,0.0,385.13,27.36,15.34,1747.4,1.306634791142862
1985-03-12,0.0,316.81,25.95,16.98,1919.11,1.2048190931317297
1985-03-13,0.0,363.85,24.29,14.03,1602.62,1.1348208007490765
1985-03-14,0.0,395.14,27.73,15.8,1784.2,1.0839129517435104
1985-03-15,8.11,386.0,25.79,10.02,1241.29,1.173001687503251
1985-03-16,8.78,275.29,19.48,9.96,1236.53,1.1772440082537148
1985-03-17,5.44,196.47,16.69,10.54,1283.16,1.279059706264847
1985-03-18,0.0,514.01,20.18,3.28,775.87,1.2833020270153108
1985-03-19,0.0,517.72,20.49,3.35,779.25,1.1242149988729169
1985-03-20,3.13,451.76,21.25,7.35,1027.6,1.0308839423627125
1985-03-21,54.68,292.75,21.89,11.69,1374.96,4.0302047129406455
1985-03-22,0.0,446.39,22.61,10.19,1255.26,6.575597163218948
1985-03-23,0.0,466.7,19.66,6.8,983.66,7.127098860779247
1985-03-24,0.0,482.81,24.5,9.9,1231.66,4.45443678798703
1985-03-25,0.0,501.4,25.48,9.36,1188.42,2.4605460352690254
1985-03-26,0.0,509.75,25.52,8.62,1129.28,1.7032917813112307
1985-03-27,1.42,417.38,24.97,12.31,1424.95,1.4232986117806175
1985-03-28,15.58,231.06,24.62,16.52,1878.47,1.510266187165126
1985-03-29,0.0,331.23,27.26,18.15,2091.79,1.9217712999601184
1985-03-30,0.0,291.57,26.96,19.15,2224.12,1.773290073693884
1985-03-31,6.77,349.78,26.41,12.2,1416.12,1.5081450267898941
1985-04-01,0.0,512.98,20.54,4.62,849.52,1.3236040741447173
1985-04-02,0.83,453.57,21.47,7.45,1035.62,1.175122847878483
1985-04-03,0.0,511.32,21.68,5.55,919.9,1.0499743857397998
1985-04-04,0.0,485.34,25.76,10.45,1276.08,0.9608856499800592
1985-04-05,0.0,356.82,25.5,15.7,1779.13,0.8972508387231015
1985-04-06,7.01,377.4,24.53,8.69,1135.4,0.8633122727193909
1985-04-07,0.0,486.88,25.29,10.31,1264.81,0.8548276312184633
1985-04-08,0.0,498.89,24.87,9.22,1177.29,0.8251313859652163
1985-04-09,0.0,506.46,21.23,5.8,921.6,0.7678600558339546
1985-04-10,0.0,518.86,21.66,5.34,897.76,0.7148310464531566
1985-04-11,0.0,492.36,23.26,8.11,1088.71,0.680892480449446
1985-04-12,0.37,407.31,23.82,11.94,1395.51,0.6618020370723586
1985-04-13,4.58,282.84,22.1,13.32,1525.8,0.6575597163218948
1985-04-14,0.0,374.59,24.49,14.28,1622.58,0.678771320074214
1985-04-15,10.22,337.02,26.0,12.76,1465.67,0.9248259236011166
1985-04-16,1.41,453.08,27.02,11.99,1399.43,1.0117934989856252
1985-04-17,0.0,502.34,27.18,10.99,1319.24,0.8421006689670717
1985-04-18,0.0,482.12,28.14,12.97,1484.9,0.706346404952229
1985-04-19,0.0,472.92,27.97,13.31,1523.42,0.6299846314438798
1985-04-20,0.0,438.09,27.78,14.67,1666.25,0.5875614239392415
1985-04-21,0.0,458.0,28.4,14.31,1627.34,0.5599863390612265
1985-04-22,0.0,419.33,28.69,16.2,1832.61,0.5387747353089074
1985-04-23,0.0,321.64,27.6,18.69,2153.22,0.5260477730575158
1985-04-24,9.52,270.15,28.61,18.52,2132.82,0.5175631315565882
1985-04-25,15.24,293.09,28.57,17.61,2017.58,0.5896825843144734
1985-04-26,2.97,260.63,28.07,20.04,2332.3,0.678771320074214
1985-04-27,21.37,227.27,27.86,19.8,2308.04,0.7105887257026927
1985-04-28,0.0,376.41,30.0,19.44,2270.63,1.0287627819874805
1985-04-29,0.0,430.77,31.1,18.28,2102.15,1.0881552724939743
1985-04-30,0.0,433.92,30.93,18.07,2085.25,0.7784658577101141
1985-05-01,7.1,286.76,30.09,19.39,2256.48,0.6660443578228225
1985-05-02,3.58,271.45,29.17,19.71,2295.98,0.7699812162091865
1985-05-03,0.0,424.7,27.18,15.73,1781.04,0.8272525463404482
1985-05-04,0.0,426.32,23.21,12.34,1427.02,0.7424061313311715
1985-05-05,0.0,460.53,27.04,14.33,1629.57,0.6575597163218948
1985-05-06,0.0,429.92,28.55,16.87,1916.61,0.5939249050649372
1985-05-07,2.3,359.92,28.84,18.46,2120.5,0.6363481125695757
1985-05-08,6.94,289.62,29.87,19.9,2312.78,0.6999829238265332
1985-05-09,4.61,415.36,29.32,16.56,1877.99,0.7211945275788523
1985-05-10,0.0,462.17,27.74,15.47,1759.96,0.7424061313311715
1985-05-11,0.0,463.5,29.96,17.27,1969.87,0.678771320074214
1985-05-12,0.0,428.22,30.98,19.48,2265.76,0.6151365088172563
1985-05-13,0.0,412.24,30.06,19.24,2239.14,0.5302900938079798
1985-05-14,0.0,404.55,30.49,19.85,2307.87,0.4921092070538051
1985-05-15,9.22,351.28,30.57,17.56,2008.44,0.5090784900556604
1985-05-16,0.0,560.6,30.14,11.87,1389.41,0.5133208108061244
1985-05-17,0.0,530.34,30.96,14.61,1661.21,0.47089760330148595
1985-05-18,0.0,516.66,27.23,12.65,1452.2,0.4327167165473114
1985-05-19,0.0,495.59,26.83,13.39,1534.74,0.40302047129406454
1985-05-20,0.0,488.65,29.75,16.03,1814.94,0.38180886754174537
1985-05-21,1.94,439.12,30.53,17.89,2056.02,0.37120306566558575
1985-05-22,11.78,338.45,30.08,17.89,2056.59,0.40302047129406454
1985-05-23,2.61,381.4,30.07,18.83,2173.21,0.44544367879870295
1985-05-24,1.59,404.11,27.0,15.72,1784.08,0.46665528255102207
1985-05-25,0.0,528.38,28.4,12.79,1467.07,0.46665528255102207
1985-05-26,0.0,531.65,29.85,13.41,1536.08,0.44544367879870295
1985-05-27,0.0,512.85,30.44,14.72,1674.48,0.40302047129406454
1985-05-28,0.0,480.1,31.02,16.69,1895.07,0.37120306566558575
1985-05-29,0.0,454.34,31.5,18.18,2094.38,0.34787030153803467
1985-05-30,0.0,420.54,32.16,20.04,2338.64,0.3266586977857155
1985-05-31,0.0,410.18,33.15,21.18,2508.02,0.31393173553432396
1985-06-01,0.0,408.94,34.49,22.21,2671.93,0.30120477328293244
1985-06-02,0.0,422.6,35.07,22.09,2644.45,0.28847781103154096
1985-06-03,0.0,441.55,34.96,21.19,2487.06,0.27575084878014944
1985-06-04,0.0,434.32,35.66,22.0,2607.32,0.2715085280296856
1985-06-05,0.0,454.03,36.48,21.68,2524.91,0.2651450469039899
1985-06-06,0.0,446.8,36.67,22.04,2589.6,0.2545392450278302
1985-06-07,0.0,437.58,36.46,22.18,2628.82,0.2545392450278302
1985-06-08,0.0,422.92,34.98,21.65,2569.58,0.2587815657782941
1985-06-09,0.04,386.43,34.5,22.63,2740.23,0.2566604054030622
1985-06-10,0.0,401.61,33.84,21.6,2574.11,0.2545392450278302
1985-06-11,23.9,280.09,31.78,20.94,2470.05,0.2693873676544537
1985-06-12,12.41,262.53,29.5,19.78,2305.63,0.3309010185361793
1985-06-13,4.7,357.12,29.23,14.88,1691.7,0.3775665467912815
1985-06-14,0.0,463.96,28.62,14.9,1694.42,0.3521126222884985
1985-06-15,5.99,293.87,28.81,18.17,2089.01,0.3202952166600197
1985-06-16,0.0,331.17,30.18,21.14,2501.95,0.3521126222884985
1985-06-17,0.0,356.81,32.62,22.5,2719.97,0.36908190529035384
1985-06-18,0.09,377.35,32.03,21.35,2536.39,0.33726449966187505
1985-06-19,14.82,279.82,29.61,19.99,2324.47,0.30332593365816435
1985-06-20,0.4,368.96,27.06,17.37,1979.7,0.2821143299058452
1985-06-21,4.72,356.28,28.57,18.48,2125.5,0.27787200915538135
1985-06-22,1.97,380.79,30.0,19.13,2213.52,0.30332593365816435
1985-06-23,0.0,475.99,32.9,18.6,2045.79,0.3245375374104836
1985-06-24,0.0,458.93,33.66,19.95,2244.31,0.2969624525324686
1985-06-25,0.0,454.52,34.04,20.5,2326.73,0.27362968840491747
1985-06-26,0.0,477.08,34.31,19.77,2182.32,0.260902726153526
1985-06-27,0.0,450.25,34.27,21.0,2338.91,0.2905989714067728
1985-06-28,7.35,330.23,33.01,20.27,2362.72,0.27999316953061326
1985-06-29,6.28,335.01,30.14,19.67,2292.58,0.30332593365816435
1985-06-30,0.0,460.69,30.2,17.37,1905.75,0.30332593365816435
1985-07-01,0.62,494.34,31.75,17.12,1817.98,0.2990836129077005
1985-07-02,0.0,461.0,32.05,18.77,2066.29,0.2969624525324686
1985-07-03,0.0,458.24,32.8,19.49,2156.32,0.2693873676544537
1985-07-04,0.0,435.88,32.22,19.91,2253.78,0.25241808465259835
1985-07-05,27.94,297.98,29.46,19.02,2201.27,0.2630238865287579
1985-07-06,36.57,174.37,24.77,19.4,2256.52,1.3257252345199493
1985-07-07,7.41,194.17,26.35,20.34,2374.69,1.8008651585718989
1985-07-08,3.7,318.08,29.02,20.03,2326.8,1.4890545834128068
1985-07-09,0.0,418.48,32.46,21.28,2524.04,0.8442218293423036
1985-07-10,0.58,411.96,33.82,21.93,2628.47,0.625742310693416
1985-07-11,0.0,469.14,34.07,20.41,2384.84,0.5472593768098349
1985-07-12,0.0,476.83,34.0,19.9,2315.97,0.5111996504308923
1985-07-13,0.0,444.75,33.74,21.15,2503.13,0.43059555617207945
1985-07-14,4.21,391.37,33.89,21.74,2597.72,0.3860511882922092
1985-07-15,4.55,389.58,32.82,21.54,2566.37,0.3563549430389623
1985-07-16,15.17,334.48,32.41,20.02,2327.65,0.3839300279169773
1985-07-17,3.23,327.96,31.53,20.57,2410.96,0.443322518423471
1985-07-18,0.0,395.19,31.93,21.44,2550.34,0.43483787692254333
1985-07-19,1.94,359.39,32.07,21.71,2594.2,0.4199897542959199
1985-07-20,5.71,316.72,31.68,22.03,2644.08,0.417868593920688
1985-07-21,2.62,372.62,32.2,21.6,2575.63,0.4327167165473114
1985-07-22,0.17,415.0,33.24,21.64,2582.81,0.4539283202996306
1985-07-23,15.33,319.98,32.28,20.62,2419.88,0.7318003294550119
1985-07-24,17.22,264.31,29.86,21.1,2495.29,0.7127098860779246
1985-07-25,23.49,284.14,31.08,21.43,2548.76,1.4508736966586324
1985-07-26,0.0,360.66,31.78,22.67,2747.31,1.7223822246883178
1985-07-27,6.93,284.51,32.3,23.42,2866.6,1.0669436687416551
1985-07-28,3.35,349.7,31.47,21.32,2530.91,0.9417952066029719
1985-07-29,0.0,390.73,31.74,21.88,2620.11,0.7678600558339546
1985-07-30,0.75,372.79,32.96,22.71,2753.88,0.5960460654401691
1985-07-31,0.06,431.82,33.95,22.29,2686.27,0.5005938485547328
1985-08-01,0.0,438.18,34.01,22.14,2662.4,0.44544367879870295
1985-08-02,6.09,400.14,34.44,22.17,2666.97,0.4221109146711518
1985-08-03,3.4,402.22,33.04,21.9,2623.79,0.5345324145584435
1985-08-04,0.0,400.24,32.07,22.01,2641.15,0.5345324145584435
1985-08-05,12.87,268.76,30.63,21.98,2637.23,0.47938224480241365
1985-08-06,5.84,347.79,31.46,21.84,2614.69,0.43483787692254333
1985-08-07,13.85,298.38,31.4,21.31,2529.65,0.8293737067156802
1985-08-08,22.18,314.34,31.8,20.92,2467.38,1.9196501395848864
1985-08-09,6.66,342.69,33.0,20.36,2377.15,2.60902726153526
1985-08-10,0.0,457.33,34.35,21.31,2529.27,1.5145085079155898
1985-08-11,0.0,451.93,34.52,21.68,2588.42,0.9333105651020441
1985-08-12,12.52,348.37,33.89,20.93,2469.07,0.7275580087045481
1985-08-13,5.56,305.2,32.3,21.76,2601.2,1.016035819736089
1985-08-14,0.0,380.2,32.0,22.36,2697.8,0.7721023765844184
1985-08-15,29.2,242.55,29.45,21.89,2622.28,0.9248259236011166
1985-08-16,55.87,211.3,28.41,22.05,2648.59,2.7787200915538133
1985-08-17,14.42,257.01,31.43,23.19,2836.57,5.175631315565882
1985-08-18,12.76,293.52,32.12,22.3,2688.26,6.745289993237501
1985-08-19,8.05,330.22,32.84,21.4,2544.74,6.0877302769156065
1985-08-20,0.0,412.67,33.07,22.25,2679.29,3.7332422604081765
1985-08-21,0.0,392.29,32.66,22.64,2742.72,2.0363139602226417
1985-08-22,0.0,437.12,33.5,21.61,2578.36,1.355421479773196
1985-08-23,0.0,415.59,33.81,22.59,2734.48,1.0775494706178148
1985-08-24,0.0,421.58,33.66,22.17,2667.7,0.9205836028506528
1985-08-25,15.96,325.78,32.46,20.66,2426.39,0.8505853104679993
1985-08-26,2.53,340.4,29.81,20.61,2417.96,0.810283263338593
1985-08-27,13.21,280.54,29.4,20.22,2355.89,0.7699812162091865
1985-08-28,3.49,256.03,28.88,20.84,2453.87,0.810283263338593
1985-08-29,0.43,368.86,31.15,21.43,2548.89,0.7890716595862738
1985-08-30,0.0,377.13,31.1,21.57,2571.28,0.7254368483293162
1985-08-31,2.77,396.6,32.58,20.09,2339.25,0.7954351407119695
1985-09-01,0.0,419.58,32.81,21.36,2537.57,0.7614965747082588
1985-09-02,0.0,402.51,31.22,20.73,2437.07,0.9863395744828422
1985-09-03,29.8,221.45,28.26,21.4,2543.5,3.6483958453989
1985-09-04,9.19,269.12,30.1,21.28,2524.65,4.136262731702241
1985-09-05,0.0,407.96,32.39,21.36,2538.28,2.969624525324686
1985-09-06,0.0,407.74,32.26,21.2,2512.16,2.121160375231919
1985-09-07,0.0,399.02,31.86,21.16,2506.19,1.6969283001855349
1985-09-08,2.21,420.4,32.76,20.51,2401.96,1.2726962251391514
1985-09-09,4.39,337.2,31.95,19.87,2314.0,1.1030033951205978
1985-09-10,0.0,432.66,32.5,20.17,2346.8,0.912098961349725
1985-09-11,0.0,447.48,33.44,20.02,2322.48,0.78482933883581
1985-09-12,0.0,416.07,33.57,21.49,2558.1,0.7211945275788523
1985-09-13,0.0,425.82,32.77,20.34,2373.79,0.6575597163218948
1985-09-14,0.0,412.42,30.48,19.0,2200.62,0.5939249050649372
1985-09-15,0.0,477.33,27.45,13.21,1513.39,0.5515016975602989
1985-09-16,0.0,449.33,27.74,14.71,1671.29,0.5302900938079798
1985-09-17,0.0,436.93,29.13,16.23,1833.79,0.5090784900556604
1985-09-18,0.0,450.7,29.91,15.94,1806.07,0.4878668863033413
1985-09-19,0.0,431.9,30.11,16.91,1923.25,0.46665528255102207
1985-09-20,0.0,431.43,30.4,16.97,1932.07,0.44544367879870295
1985-09-21,0.0,429.57,30.99,17.36,1976.82,0.43483787692254333
1985-09-22,0.34,382.95,30.59,19.05,2208.07,0.4242320750463837
1985-09-23,98.7,209.96,28.09,20.52,2403.18,3.181740562847878
1985-09-24,35.4,174.81,26.65,20.59,2414.68,6.7877132007421395
1985-09-25,13.94,245.06,26.73,18.65,2150.01,5.0907849005566055
1985-09-26,5.35,268.8,29.01,18.73,2157.24,3.6059726378942614
1985-09-27,0.0,451.14,24.84,10.82,1305.38,2.5453924502783027
1985-09-28,0.0,464.25,24.84,9.67,1213.3,1.9090443377087265
1985-09-29,0.0,451.05,27.55,12.3,1424.12,1.6969283001855349
1985-09-30,1.04,378.31,28.58,16.48,1868.2,1.484812262662343
1985-10-01,44.87,291.59,25.88,14.06,1609.37,2.7575084878014944
1985-10-02,0.89,323.89,20.17,10.97,1317.3,3.818088675417453
1985-10-03,0.0,361.25,22.97,12.46,1436.97,2.5453924502783027
1985-10-04,0.0,376.23,27.5,15.56,1762.97,1.8029863189471307
1985-10-05,0.0,416.43,28.5,14.06,1605.4,1.2726962251391514
1985-10-06,0.0,455.85,22.25,6.16,934.24,0.9969453763590018
1985-10-07,0.0,468.18,23.97,5.97,934.59,0.8060409425881291
1985-10-08,0.0,448.69,24.88,8.0,1079.96,0.678771320074214
1985-10-09,0.0,420.37,27.27,11.67,1373.9,0.6151365088172563
1985-10-10,0.0,354.17,27.87,15.71,1776.86,0.5833191031887777
1985-10-11,0.0,384.98,30.0,15.67,1773.54,0.5515016975602989
1985-10-12,0.0,370.94,30.0,16.3,1847.56,0.5196842919318201
1985-10-13,0.0,335.88,30.73,18.53,2132.37,0.5048361693051967
1985-10-14,0.0,325.17,31.0,19.16,2225.75,0.4878668863033413
1985-10-15,2.79,280.01,30.17,20.13,2341.05,0.4836245655528774
1985-10-16,23.2,201.88,28.75,19.6,2286.13,0.572713301312618
1985-10-17,11.81,211.61,28.55,18.94,2191.0,0.8060409425881291
1985-10-18,0.0,276.14,29.5,20.0,2320.0,0.8633122727193909
1985-10-19,0.0,280.84,28.77,19.2,2229.93,0.8802815557212463
1985-10-20,0.0,309.63,29.5,18.61,2140.59,0.808162102963361
1985-10-21,5.28,271.33,29.66,18.7,2151.51,0.7508907728320993
1985-10-22,0.0,286.92,29.58,19.56,2283.0,0.7105887257026927
1985-10-23,0.58,273.15,29.5,19.93,2320.38,0.676650159698982
1985-10-24,5.43,213.77,28.61,19.47,2266.13,0.6660443578228225
1985-10-25,9.47,199.41,27.55,18.57,2135.51,0.8781603953460143
1985-10-26,0.0,230.67,26.14,18.4,2117.87,1.302392470392398
1985-10-27,14.84,203.31,24.0,15.04,1714.44,1.041489744238872
1985-10-28,73.0,176.72,23.89,16.32,1848.21,3.5847610341419425
1985-10-29,52.15,128.71,24.79,19.38,2255.44,7.530119332073311
1985-10-30,50.18,140.24,22.83,17.14,1948.7,15.88749121048707
1985-10-31,9.45,126.57,21.72,16.72,1898.95,17.98743998196667
1985-11-01,3.99,229.51,21.68,13.12,1501.11,16.290511681781133
1985-11-02,0.41,257.57,20.6,12.49,1439.73,11.602747252518595
1985-11-03,5.1,130.06,16.25,11.43,1354.49,7.593754143330268
1985-11-04,0.0,370.37,17.51,4.69,854.31,4.221109146711518
1985-11-05,0.0,392.56,18.51,3.57,792.72,2.9059897140677284
1985-11-06,0.0,403.94,20.06,3.16,772.92,2.3120648090027913
1985-11-07,0.0,384.8,22.6,7.05,1003.92,1.9154078188344228
1985-11-08,0.34,401.55,22.75,4.52,841.7,1.6905648190598392
1985-11-09,0.0,386.16,22.6,6.17,940.19,1.516629668290822
1985-11-10,0.0,349.4,25.79,11.92,1393.68,1.3957235269026025
1985-11-11,0.0,324.13,26.41,14.08,1606.48,1.3193617533942534
1985-11-12,0.0,307.67,26.75,15.27,1741.15,1.2578481025125279
1985-11-13,0.0,279.26,27.07,17.0,1920.0,1.196334451630802
1985-11-14,0.0,279.48,26.5,16.41,1863.57,1.1623958856270913
1985-11-15,0.0,246.44,27.0,18.28,2102.74,1.1178515177472212
1985-11-16,0.0,239.81,27.93,19.33,2253.35,1.090276432869206
1985-11-17,1.0,267.88,28.01,17.42,1987.32,1.045732064989336
1985-11-18,0.0,268.88,27.37,17.34,1974.67,1.0223993008617847
1985-11-19,0.0,255.9,27.88,18.36,2108.44,1.0202781404865529
1985-11-20,0.0,270.0,25.94,15.95,1809.68,0.9778549329819145
1985-11-21,0.0,276.28,21.44,11.71,1376.55,0.9460375273534357
1985-11-22,0.0,275.72,20.14,10.49,1279.15,0.9163412821001888
1985-11-23,0.0,339.17,23.08,8.51,1120.93,0.8951296783478696
1985-11-24,0.0,322.48,23.97,10.4,1271.9,0.8717969142203186
1985-11-25,0.0,300.17,24.84,12.52,1441.46,0.8548276312184633
1985-11-26,0.0,252.96,26.52,16.56,1875.41,0.8442218293423036
1985-11-27,10.4,134.64,26.64,19.9,2312.37,1.1581535648766275
1985-11-28,21.07,140.72,25.07,18.11,2083.66,2.0723736866015843
1985-11-29,7.67,132.82,21.73,15.41,1749.79,2.715085280296856
1985-11-30,1.6,156.28,20.3,14.59,1660.36,2.418122827764387
1985-12-01,1.89,180.92,22.94,15.4,1752.31,1.851773007577465
1985-12-02,11.03,272.87,22.09,1.47,675.79,1.985406111217076
1985-12-03,0.0,319.33,11.28,-2.11,528.57,1.777532394444348
1985-12-04,0.0,334.33,13.76,-1.44,551.19,1.382996564651211
1985-12-05,0.17,324.0,17.24,2.5,733.19,1.1899709705051065
1985-12-06,0.0,316.43,15.06,1.3,663.94,1.0817917913682786
1985-12-07,0.0,346.72,16.48,-1.02,563.55,1.0054300178599294
1985-12-08,0.0,339.25,19.5,2.33,723.83,0.9566433292295954
1985-12-09,0.0,324.63,21.94,6.02,935.13,0.9184624424754207
1985-12-10,0.0,292.47,22.34,9.25,1179.94,0.8930085179726378
1985-12-11,0.0,226.73,23.88,14.58,1663.12,0.8802815557212463
1985-12-12,35.25,156.36,23.39,15.05,1712.66,2.0554044035997294
1985-12-13,52.8,214.13,18.22,6.2,941.48,5.069573296804285
1985-12-14,1.21,260.85,7.92,-2.52,508.31,7.402849709559396
1985-12-15,0.0,312.64,6.57,-6.6,369.09,9.227047632258845
1985-12-16,0.0,320.47,9.27,-5.01,433.83,8.124044237138248
1985-12-17,0.0,331.91,13.5,-2.67,505.65,4.687764429262541
1985-12-18,0.0,300.96,14.01,0.63,635.66,2.7787200915538133
1985-12-19,0.0,315.75,11.34,-3.22,482.98,2.2060067902411955
1985-12-20,0.0,303.08,11.34,-2.24,518.08,1.911165498083959
1985-12-21,0.0,313.29,11.81,-2.85,492.07,1.7329880265644775
1985-12-22,0.0,312.54,12.83,-2.01,520.0,1.6014760833000985
1985-12-23,0.0,311.42,18.0,2.6,741.29,1.5145085079155898
1985-12-24,0.0,321.69,19.45,2.64,739.55,1.4636006589100239
1985-12-25,0.0,343.26,15.34,-3.95,451.82,1.3957235269026025
1985-12-26,0.0,296.87,3.86,-9.45,290.23,1.3214829137694852
1985-12-27,0.0,323.18,11.84,-4.66,430.8,1.2726962251391514
1985-12-28,15.31,133.16,12.87,5.5,920.0,1.3978446872778345
1985-12-29,0.0,257.45,12.62,1.09,659.37,1.8475306868270012
1985-12-30,0.0,317.93,16.06,-0.74,577.97,1.7541996303167968
1985-12-31,7.58,221.5,18.63,3.37,781.79,1.561174036170692
1986-01-01,12.5,248.74,19.46,3.01,758.58,1.9726791489656843
1986-01-02,0.0,266.43,14.73,1.9,707.73,2.0108600357198587
1986-01-03,0.0,277.41,18.78,4.83,866.51,1.8008651585718989
1986-01-04,0.0,247.45,18.71,6.8,983.61,1.616324205926722
1986-01-05,0.0,297.59,16.33,1.21,658.1,1.438146734407241
1986-01-06,0.0,315.89,10.73,-5.38,410.11,1.327846394895181
1986-01-07,15.49,206.16,11.59,-1.33,557.25,1.4720853004109515
1986-01-08,4.31,189.47,10.59,0.36,623.89,2.3544880165074296
1986-01-09,0.22,193.71,10.27,1.96,705.6,2.5453924502783027
1986-01-10,11.67,78.12,7.02,2.85,748.09,2.184795186488876
1986-01-11,11.32,207.53,10.41,-1.04,564.28,3.033259336581644
1986-01-12,0.0,338.7,16.5,-1.83,533.63,3.2453753741048357
1986-01-13,0.0,329.19,16.61,-0.57,590.24,2.5241808465259834
1986-01-14,0.0,343.78,15.25,-3.15,480.37,1.957831026339061
1986-01-15,0.0,358.25,19.36,-1.41,553.2,1.643899290804737
1986-01-16,0.0,356.24,20.4,-0.01,608.2,1.4763276211614154
1986-01-17,0.0,300.66,18.7,4.22,824.78,1.3787542439007472
1986-01-18,1.6,218.84,20.03,10.15,1252.25,1.3257252345199493
1986-01-19,0.0,305.56,21.59,6.58,967.03,1.2917866685162385
1986-01-20,0.0,350.26,19.48,0.91,640.08,1.251484621386832
1986-01-21,0.0,345.89,21.88,3.53,787.68,1.196334451630802
1986-01-22,0.0,318.27,23.94,8.0,1080.27,1.1390631214995404
1986-01-23,0.0,357.05,19.9,1.13,653.45,1.0945187536196699
1986-01-24,0.0,334.69,15.1,-0.69,579.23,1.0393685838636402
1986-01-25,5.81,310.54,17.77,2.19,717.45,1.1390631214995404
1986-01-26,20.94,206.84,14.16,2.52,727.99,2.184795186488876
1986-01-27,0.0,320.08,10.24,-3.66,461.11,2.269641601498153
1986-01-28,0.0,300.77,5.37,-6.99,360.0,1.7796535548195798
1986-01-29,0.0,356.44,15.11,-1.66,543.05,1.4275409325310813
1986-01-30,0.0,322.65,20.71,6.06,929.29,1.2642115836382235
1986-01-31,0.0,346.63,19.29,3.24,779.47,1.1623958856270913
1986-02-01,0.0,359.73,21.87,4.37,829.98,1.092397593244438
1986-02-02,0.0,329.56,23.31,8.11,1088.56,1.045732064989336
1986-02-03,0.0,285.34,23.15,10.8,1304.22,1.0117934989856252
1986-02-04,0.0,225.51,23.24,13.98,1598.65,1.0330051027379443
1986-02-05,51.87,172.23,23.87,14.55,1656.21,3.6483958453989
1986-02-06,16.26,178.32,23.45,13.95,1595.93,5.599863390612265
1986-02-07,0.0,360.07,20.61,4.68,854.55,5.175631315565882
1986-02-08,8.26,243.59,20.02,6.72,977.37,3.627184241646581
1986-02-09,0.0,289.11,20.34,8.64,1131.36,2.9908361290770054
1986-02-10,5.2,209.18,18.82,9.01,1161.09,2.3120648090027913
1986-02-11,9.01,264.45,11.17,-2.88,494.44,2.184795186488876
1986-02-12,0.0,285.72,4.47,-5.6,408.26,2.3544880165074296
1986-02-13,0.0,349.1,8.59,-4.48,440.0,2.0151023564703228
1986-02-14,0.0,361.05,12.94,-0.78,578.15,1.665110894557056
1986-02-15,7.56,300.67,17.48,0.84,641.16,1.6014760833000985
1986-02-16,0.0,401.02,18.5,1.89,709.97,1.66935321530752
1986-02-17,1.45,296.69,22.11,10.44,1274.93,1.5717798380468517
1986-02-18,1.87,220.24,24.12,15.95,1796.37,1.4996603852889665
1986-02-19,0.0,246.5,24.64,15.95,1798.29,1.671474375682752
1986-02-20,0.0,299.59,24.0,13.5,1559.2,1.5017815456641985
1986-02-21,0.0,304.04,25.13,14.5,1640.0,1.3426945175218046
1986-02-22,0.0,237.93,19.3,11.95,1395.97,1.2493634610116
1986-02-23,0.0,410.92,17.09,2.55,732.39,1.1857286497546426
1986-02-24,0.0,446.3,21.01,3.13,769.97,1.1242149988729169
1986-02-25,0.0,450.85,21.29,2.92,754.07,1.0648225083664231
1986-02-26,0.0,425.03,20.09,4.35,830.12,1.016035819736089
1986-02-27,0.0,405.19,25.46,10.19,1255.21,0.9778549329819145
1986-02-28,0.0,417.44,19.97,5.08,885.96,0.9460375273534357
1986-03-01,0.0,447.07,11.24,-4.58,440.92,0.9163412821001888
1986-03-02,0.0,456.71,13.93,-2.73,501.32,0.8951296783478696
1986-03-03,0.0,437.99,20.96,5.02,875.34,0.888766197222174
1986-03-04,10.65,309.41,22.08,8.73,1138.27,1.1263361592481487
1986-03-05,0.0,481.14,19.91,0.69,640.0,1.5484470739193006
1986-03-06,0.0,442.13,19.97,4.05,814.43,1.3426945175218046
1986-03-07,0.0,482.65,20.85,1.23,658.8,1.1136091969967574
1986-03-08,0.0,466.14,22.57,4.16,813.18,0.9757337726066826
1986-03-09,0.0,451.25,23.56,6.29,943.31,0.9014931594735653
1986-03-10,0.0,385.51,25.12,11.6,1367.98,0.8696757538450867
1986-03-11,0.0,285.42,25.75,16.39,1860.68,0.8569487915936952
1986-03-12,0.0,215.56,24.53,17.72,2036.4,0.8675545934698548
1986-03-13,62.04,265.33,23.5,12.05,1404.33,4.17868593920688
1986-03-14,4.04,276.72,21.93,11.23,1338.66,5.8544026356400956
1986-03-15,0.0,371.55,23.5,11.5,1359.81,4.475648391739348
1986-03-16,0.0,411.4,25.07,11.11,1329.01,2.6514504690398986
1986-03-17,0.0,455.25,25.5,9.13,1170.7,1.720261064313086
1986-03-18,0.0,398.33,25.59,12.46,1436.95,1.308755951518094
1986-03-19,8.4,247.17,24.74,14.56,1654.24,1.2302730176345127
1986-03-20,35.27,253.63,17.53,7.74,1058.82,3.839300279169773
1986-03-21,0.0,462.12,14.45,-0.42,599.42,5.387747353089074
1986-03-22,0.0,470.62,12.41,-2.8,495.94,3.9665699016836884
1986-03-23,0.0,502.04,16.5,-1.25,560.1,2.2060067902411955
1986-03-24,0.0,510.19,21.7,2.25,719.47,1.6099607248010264
1986-03-25,0.0,510.7,24.5,4.47,837.28,1.355421479773196
1986-03-26,0.0,488.85,24.68,6.47,957.78,1.2069402535069618
1986-03-27,0.0,459.13,25.5,9.25,1179.64,1.1157303573719892
1986-03-28,0.0,471.88,26.5,9.36,1188.6,1.041489744238872
1986-03-29,0.0,520.38,26.5,5.67,919.29,0.9736126122314508
1986-03-30,0.0,485.65,26.79,8.67,1133.94,0.9184624424754207
1986-03-31,0.0,486.21,26.54,8.5,1119.88,0.88452387647171
1986-04-01,0.0,484.4,27.24,9.26,1180.66,0.8421006689670717
1986-04-02,0.0,449.74,26.8,11.02,1321.82,0.808162102963361
1986-04-03,0.0,429.64,26.72,12.0,1400.18,0.78482933883581
1986-04-04,0.0,367.58,26.49,14.64,1662.79,0.7636177350834907
1986-04-05,0.0,374.69,27.14,15.05,1721.29,0.7445272917064034
1986-04-06,0.0,388.7,27.82,15.29,1743.6,0.72967916907978
1986-04-07,0.0,409.95,29.34,15.84,1789.32,0.7211945275788523
1986-04-08,0.0,409.22,30.53,16.98,1918.35,0.6999829238265332
1986-04-09,3.46,375.48,28.36,13.45,1548.98,0.6830136408246779
1986-04-10,0.0,439.83,22.29,8.65,1132.29,0.6554385559466629
1986-04-11,0.0,479.25,21.35,5.79,921.15,0.6299846314438798
1986-04-12,33.13,312.37,23.37,10.41,1272.99,0.833616027466144
1986-04-13,17.41,254.83,22.94,12.86,1471.2,2.032071639472178
1986-04-14,0.0,404.18,25.5,12.86,1475.13,2.4393344315167065
1986-04-15,0.0,409.99,26.41,13.47,1546.63,1.7308668661892457
1986-04-16,0.0,508.36,25.52,7.94,1075.13,1.2620904232629917
1986-04-17,0.0,494.52,22.39,6.09,927.18,0.9417952066029719
1986-04-18,0.0,473.62,24.07,8.53,1122.6,0.8017986218376653
1986-04-19,0.0,456.74,26.27,11.13,1330.21,0.7233156879540843
1986-04-20,15.66,264.19,24.97,14.26,1620.81,0.6936194427008374
1986-04-21,0.0,488.26,25.27,8.85,1148.05,0.78482933883581
1986-04-22,0.0,521.72,24.15,6.01,921.13,0.8824027160964782
1986-04-23,0.0,518.18,22.54,5.0,879.73,0.8230102255899845
1986-04-24,0.0,523.87,23.86,5.85,920.0,0.7211945275788523
1986-04-25,0.0,531.75,26.39,7.41,1032.68,0.651196235196199
1986-04-26,0.0,514.07,26.85,8.92,1153.72,0.6024095465658649
1986-04-27,0.0,456.08,27.26,12.42,1433.4,0.5684709805621542
1986-04-28,0.0,364.37,27.52,16.47,1866.99,0.5536228579355308
1986-04-29,0.0,429.6,28.0,14.56,1658.36,0.5472593768098349
1986-04-30,0.0,493.64,29.05,12.49,1439.42,0.5302900938079798
1986-05-01,0.0,451.02,29.69,15.21,1735.72,0.5154419711813563
1986-05-02,0.0,366.06,28.72,17.79,2046.12,0.5027150089299647
1986-05-03,0.0,467.07,24.82,10.62,1289.92,0.4836245655528774
1986-05-04,0.0,544.21,26.95,7.92,1070.26,0.46665528255102207
1986-05-05,0.0,495.76,28.1,11.71,1373.55,0.4539283202996306
1986-05-06,0.0,390.39,27.9,16.09,1814.58,0.4496859995491667
1986-05-07,0.0,306.93,29.02,19.9,2312.61,0.44544367879870295
1986-05-08,0.0,392.65,30.53,18.38,2101.75,0.4496859995491667
1986-05-09,0.0,433.62,31.5,17.63,1990.4,0.43695903729777524
1986-05-10,0.0,426.87,32.84,19.0,2156.95,0.4242320750463837
1986-05-11,1.17,298.47,29.09,20.09,2334.16,0.41574743354545607
1986-05-12,15.31,226.7,28.12,19.5,2279.95,0.46665528255102207
1986-05-13,0.0,397.87,29.89,17.92,2050.46,0.5048361693051967
1986-05-14,0.0,392.53,30.47,18.61,2133.18,0.5302900938079798
1986-05-15,0.0,362.43,29.34,18.73,2155.65,0.5090784900556604
1986-05-16,0.0,371.41,28.73,18.07,2080.15,0.4772610844271816
1986-05-17,0.0,374.46,28.95,18.28,2097.37,0.4496859995491667
1986-05-18,4.81,263.16,28.35,19.59,2284.09,0.5302900938079798
1986-05-19,42.98,291.65,28.47,17.62,2018.88,1.6969283001855349
1986-05-20,0.0,434.73,26.41,14.24,1618.89,2.5453924502783027
1986-05-21,0.0,492.01,26.01,11.61,1366.04,1.6969283001855349
1986-05-22,0.0,491.51,27.03,12.58,1442.3,0.9545221688543633
1986-05-23,0.0,478.1,29.3,15.11,1714.55,0.7424061313311715
1986-05-24,0.0,461.34,30.81,17.16,1941.63,0.6575597163218948
1986-05-25,0.0,441.82,31.3,18.51,2118.99,0.6151365088172563
1986-05-26,36.05,317.3,30.51,19.11,2218.31,1.2726962251391514
1986-05-27,17.31,291.63,29.49,19.14,2223.15,2.5453924502783027
1986-05-28,12.97,255.02,29.49,20.66,2425.59,4.666552825510221
1986-05-29,10.86,287.97,30.41,20.18,2348.36,6.1513650881725646
1986-05-30,2.33,377.11,31.56,21.0,2480.33,5.939249050649372
1986-05-31,7.24,338.64,31.19,20.16,2345.58,4.242320750463838
1986-06-01,0.0,397.16,31.21,20.65,2423.84,3.181740562847878
1986-06-02,0.0,444.71,32.0,19.64,2290.91,1.9090443377087265
1986-06-03,0.0,455.27,32.66,19.87,2309.58,1.2726962251391514
1986-06-04,0.0,406.79,32.27,21.5,2560.23,1.0605801876159595
1986-06-05,1.98,352.53,31.51,21.51,2561.28,1.0075511782351614
1986-06-06,0.0,396.42,32.45,22.0,2640.0,1.0075511782351614
1986-06-07,0.0,383.29,32.5,22.52,2722.92,1.0605801876159595
1986-06-08,0.0,398.69,33.0,22.5,2720.0,1.251484621386832
1986-06-09,1.25,368.67,32.84,22.5,2719.32,1.2726962251391514
1986-06-10,13.96,291.18,31.49,21.66,2585.34,1.0181569801113208
1986-06-11,7.07,263.0,31.22,22.53,2725.36,1.0605801876159595
1986-06-12,0.0,409.85,32.95,22.17,2666.68,1.0817917913682786
1986-06-13,0.0,443.4,32.5,20.61,2417.0,0.9333105651020441
1986-06-14,0.0,480.06,32.5,19.01,2201.71,0.8272525463404482
1986-06-15,0.0,462.92,33.0,20.07,2331.13,0.7211945275788523
1986-06-16,0.66,443.95,32.23,19.71,2297.11,0.6999829238265332
1986-06-17,12.07,329.07,31.61,19.83,2306.7,0.7211945275788523
1986-06-18,9.81,367.61,32.63,19.5,2280.0,0.7636177350834907
1986-06-19,1.15,455.39,33.35,20.21,2350.58,0.9481586877286676
1986-06-20,12.92,350.45,32.43,20.4,2384.27,0.7827081784605779
1986-06-21,12.7,346.56,32.76,19.8,2304.28,0.72967916907978
1986-06-22,0.0,453.22,33.83,21.0,2480.0,0.7445272917064034
1986-06-23,0.0,466.78,33.93,20.51,2401.47,0.6214999899429522
1986-06-24,0.0,469.53,34.0,20.41,2385.75,0.5281689334327477
1986-06-25,0.0,440.98,33.95,21.55,2567.39,0.47089760330148595
1986-06-26,0.0,433.15,33.54,21.51,2561.3,0.4624129618005583
1986-06-27,0.0,434.55,33.91,21.65,2583.99,0.46665528255102207
1986-06-28,0.0,392.89,33.66,22.93,2789.33,0.4496859995491667
1986-06-29,10.46,281.03,31.01,21.37,2539.46,0.496351527804269
1986-06-30,4.83,273.12,30.13,20.99,2477.71,0.47938224480241365
1986-07-01,0.0,411.74,32.63,21.54,2565.88,0.4921092070538051
1986-07-02,6.02,308.88,33.46,22.58,2732.69,1.1348208007490765
1986-07-03,1.17,397.99,33.44,21.91,2626.14,0.7742235369596503
1986-07-04,0.0,462.77,33.93,20.54,2406.84,0.5599863390612265
1986-07-05,0.0,433.55,34.0,21.75,2600.06,0.48574572592810933
1986-07-06,0.0,429.08,33.39,21.42,2547.98,0.4327167165473114
1986-07-07,9.41,316.64,32.77,21.39,2541.74,0.40302047129406454
1986-07-08,0.07,433.88,33.0,20.78,2444.66,0.3860511882922092
1986-07-09,0.0,453.09,33.98,20.74,2438.92,0.3860511882922092
1986-07-10,0.0,426.45,33.95,21.73,2597.08,0.43059555617207945
1986-07-11,0.01,408.59,34.3,22.59,2734.02,0.40302047129406454
1986-07-12,0.0,388.62,33.33,22.53,2724.71,0.38180886754174537
1986-07-13,0.0,444.2,34.81,21.56,2566.57,0.36908190529035384
1986-07-14,0.0,464.45,35.38,21.05,2478.23,0.3521126222884985
1986-07-15,0.0,462.99,34.96,20.78,2437.66,0.3627184241646581
1986-07-16,2.07,384.44,34.06,21.05,2483.95,0.4051416316692965
1986-07-17,0.61,389.17,32.42,21.35,2536.09,0.43059555617207945
1986-07-18,16.92,303.45,31.36,21.0,2479.93,0.44544367879870295
1986-07-19,0.0,432.14,34.72,22.0,2636.98,0.5027150089299647
1986-07-20,0.0,421.05,35.5,23.0,2794.22,0.4539283202996306
1986-07-21,4.59,420.66,35.78,22.0,2640.21,0.4284743957968476
1986-07-22,15.04,362.75,35.0,21.5,2558.9,0.4772610844271816
1986-07-23,0.0,378.28,33.01,22.61,2738.24,0.8569487915936952
1986-07-24,0.0,415.39,33.81,22.0,2639.15,0.6596808766971267
1986-07-25,6.44,325.26,33.92,21.37,2538.99,0.625742310693416
1986-07-26,0.0,408.19,33.48,22.0,2640.0,0.7402849709559397
1986-07-27,6.07,369.88,33.98,22.0,2640.56,0.706346404952229
1986-07-28,10.8,336.58,35.04,21.5,2560.49,1.0117934989856252
1986-07-29,0.0,445.76,36.4,22.45,2712.1,1.0033088574846976
1986-07-30,0.0,425.82,37.5,23.98,2994.14,0.7211945275788523
1986-07-31,0.0,458.96,38.07,22.7,2752.25,0.49423036742903703
1986-08-01,0.0,439.02,38.39,23.77,2944.26,0.4199897542959199
1986-08-02,0.0,440.15,37.42,22.99,2797.95,0.3839300279169773
1986-08-03,7.76,368.15,35.39,19.79,2303.38,0.37968770716651346
1986-08-04,0.0,456.62,34.0,19.71,2297.15,0.37332422604081766
1986-08-05,0.0,457.64,34.32,19.8,2304.83,0.34150682041233893
1986-08-06,0.0,444.66,33.9,19.99,2325.04,0.3245375374104836
1986-08-07,0.0,429.17,33.59,20.38,2380.85,0.37544538641604963
1986-08-08,0.0,422.25,34.4,21.26,2520.81,0.4051416316692965
1986-08-09,1.56,408.46,34.29,20.94,2471.11,0.3499914619132666
1986-08-10,3.71,394.57,33.79,21.0,2480.0,0.34787030153803467
1986-08-11,19.49,306.33,32.9,20.51,2401.31,0.41574743354545607
1986-08-12,18.65,262.7,30.08,20.23,2357.59,0.4327167165473114
1986-08-13,0.0,394.67,32.17,20.54,2407.18,0.4051416316692965
1986-08-14,4.98,284.95,32.38,21.32,2531.69,0.4136262731702241
1986-08-15,14.53,282.84,32.45,21.46,2552.87,0.4475648391739348
1986-08-16,0.34,389.95,33.5,21.69,2590.95,0.4624129618005583
1986-08-17,0.0,386.19,33.71,22.06,2649.54,0.4051416316692965
1986-08-18,8.51,300.71,32.78,20.76,2440.92,0.40726279204452837
1986-08-19,0.0,399.75,33.0,20.98,2476.44,0.3775665467912815
1986-08-20,0.0,425.07,33.5,20.35,2376.33,0.339385660037107
1986-08-21,2.49,358.83,32.99,20.18,2348.16,0.33726449966187505
1986-08-22,12.97,237.44,28.85,20.24,2358.35,0.3860511882922092
1986-08-23,4.88,286.52,31.5,20.81,2449.63,0.45180715992439874
1986-08-24,0.0,418.05,34.0,20.97,2474.9,0.45180715992439874
1986-08-25,0.0,429.17,35.5,21.48,2556.39,0.3839300279169773
1986-08-26,5.07,393.74,35.28,21.04,2486.57,0.339385660037107
1986-08-27,6.43,347.75,33.79,20.43,2388.98,0.3202952166600197
1986-08-28,3.52,313.4,31.48,20.91,2465.82,0.3563549430389623
1986-08-29,0.0,430.32,29.17,16.46,1865.85,0.3287798581609474
1986-08-30,0.0,402.1,28.12,16.73,1896.5,0.3054470940333963
1986-08-31,0.0,330.27,25.64,17.01,1922.16,0.2905989714067728
1986-09-01,0.0,328.56,27.21,18.55,2127.62,0.286356650656309
1986-09-02,6.66,270.12,30.57,20.79,2445.98,0.2948412921572367
1986-09-03,24.98,274.7,31.64,21.27,2522.66,0.3054470940333963
1986-09-04,13.5,278.62,31.73,21.22,2515.59,0.339385660037107
1986-09-05,4.52,366.98,32.96,21.4,2544.36,0.4645341221757902
1986-09-06,10.27,326.41,32.85,19.5,2280.0,0.8760392349707824
1986-09-07,0.0,366.12,30.3,20.22,2354.72,0.5366535749336754
1986-09-08,0.0,421.45,30.5,18.31,2104.71,0.4199897542959199
1986-09-09,0.0,430.87,31.58,18.66,2145.63,0.36483958453989
1986-09-10,0.0,409.12,31.8,19.72,2297.77,0.3563549430389623
1986-09-11,9.03,314.45,31.44,20.61,2417.04,0.49423036742903703
1986-09-12,8.09,265.49,31.97,21.84,2613.66,0.4836245655528774
1986-09-13,0.0,397.81,31.22,19.54,2278.7,0.3945358297931369
1986-09-14,0.0,474.81,31.0,15.32,1745.56,0.3330221789114112
1986-09-15,0.0,465.3,31.06,15.74,1779.62,0.30120477328293244
1986-09-16,0.0,448.58,32.0,17.19,1951.47,0.27999316953061326
1986-09-17,0.0,410.16,32.25,19.23,2236.7,0.27999316953061326
1986-09-18,0.0,390.55,32.3,20.06,2329.8,0.30332593365816435
1986-09-19,13.41,275.25,31.74,20.95,2472.62,0.3054470940333963
1986-09-20,0.12,351.81,31.02,20.47,2395.67,0.37120306566558575
1986-09-21,0.76,316.72,30.71,21.07,2491.85,0.36059726378942614
1986-09-22,0.0,374.16,31.82,20.14,2342.33,0.3521126222884985
1986-09-23,0.0,398.05,32.5,19.55,2281.84,0.3351433392866432
1986-09-24,0.0,379.81,32.0,19.95,2316.14,0.3160528959095559
1986-09-25,0.0,366.85,31.94,20.44,2390.31,0.30756825440862817
1986-09-26,0.0,364.27,32.0,20.57,2411.06,0.30120477328293244
1986-09-27,0.0,370.07,32.59,20.67,2427.2,0.2969624525324686
1986-09-28,0.0,392.58,33.27,20.02,2323.83,0.2821143299058452
1986-09-29,0.0,394.25,32.98,19.58,2286.45,0.27362968840491747
1986-09-30,0.59,367.59,32.76,20.5,2400.57,0.27362968840491747
1986-10-01,3.29,281.8,31.84,21.82,2611.8,0.2693873676544537
1986-10-02,7.73,237.35,31.76,21.61,2577.14,0.27575084878014944
1986-10-03,0.0,321.02,32.37,21.85,2616.18,0.2927201317820048
1986-10-04,0.0,316.41,32.5,22.09,2654.52,0.27787200915538135
1986-10-05,0.0,328.01,33.14,22.06,2648.8,0.2715085280296856
1986-10-06,0.0,340.02,32.39,20.93,2468.6,0.26726620727922173
1986-10-07,0.0,394.8,29.24,15.65,1774.23,0.2566604054030622
1986-10-08,1.88,279.3,25.54,16.44,1859.93,0.25241808465259835
1986-10-09,13.67,152.77,24.15,18.39,2113.01,0.2566604054030622
1986-10-10,7.46,188.95,26.25,18.9,2183.84,0.27787200915538135
1986-10-11,0.0,344.17,27.0,16.19,1833.68,0.2821143299058452
1986-10-12,8.88,218.65,27.78,18.85,2177.54,0.30968941478386014
1986-10-13,18.78,169.08,26.84,20.22,2360.83,0.41574743354545607
1986-10-14,12.14,279.97,24.83,13.05,1498.59,0.6002883861906331
1986-10-15,0.0,394.6,22.32,9.8,1223.92,0.676650159698982
1986-10-16,0.0,429.41,23.26,8.07,1086.0,0.5578651786859946
1986-10-17,0.0,432.42,21.72,6.35,947.94,0.47301876367671786
1986-10-18,0.0,433.48,23.37,7.13,1010.24,0.40302047129406454
1986-10-19,0.0,414.15,23.71,8.69,1135.03,0.3584761034141943
1986-10-20,0.0,430.94,23.5,6.66,972.9,0.3245375374104836
1986-10-21,0.0,417.39,23.55,7.45,1035.65,0.3054470940333963
1986-10-22,0.0,400.28,24.0,8.87,1149.71,0.2905989714067728
1986-10-23,0.0,366.87,24.19,11.05,1324.35,0.2842354902810771
1986-10-24,19.87,192.36,23.06,14.92,1700.22,0.30120477328293244
1986-10-25,10.28,209.12,23.58,14.55,1654.64,0.390293509042673
1986-10-26,0.0,347.18,22.52,10.48,1278.47,0.4687764429262541
1986-10-27,0.0,357.02,22.36,9.67,1213.35,0.4221109146711518
1986-10-28,0.0,388.31,22.99,7.9,1072.3,0.40089931091883263
1986-10-29,0.0,388.61,23.5,7.98,1078.55,0.36696074491512193
1986-10-30,0.0,386.62,23.99,8.23,1098.53,0.3436279807875708
1986-10-31,0.0,383.25,25.25,9.08,1166.46,0.3266586977857155
1986-11-01,0.0,352.24,25.45,11.29,1343.23,0.30332593365816435
1986-11-02,0.0,261.03,21.52,12.47,1437.29,0.28847781103154096
1986-11-03,0.0,330.15,24.0,11.19,1334.91,0.286356650656309
1986-11-04,0.0,329.97,24.84,11.71,1377.01,0.2821143299058452
1986-11-05,40.06,198.11,23.93,14.22,1618.73,0.4687764429262541
1986-11-06,0.0,313.65,23.94,11.75,1379.9,1.1093668762462934
1986-11-07,0.0,294.04,24.31,12.94,1486.14,1.0011876971094655
1986-11-08,1.45,202.21,28.65,19.87,2316.17,0.8548276312184633
1986-11-09,6.51,157.0,28.46,20.24,2357.8,0.6554385559466629
1986-11-10,0.0,296.3,25.93,13.77,1573.39,0.5345324145584435
1986-11-11,30.86,205.74,25.44,14.39,1642.46,0.6278634710686479
1986-11-12,5.75,181.29,19.59,10.57,1285.26,3.669607449151219
1986-11-13,0.0,284.11,17.0,6.17,936.91,5.918037446897053
1986-11-14,0.0,338.87,12.8,-1.07,568.43,3.9877815054360073
1986-11-15,0.0,288.18,13.45,2.58,739.57,1.5802644795477794
1986-11-16,0.0,237.23,19.06,10.25,1259.89,1.0733071498673508
1986-11-17,8.02,171.23,24.76,15.89,1791.19,0.9057354802240293
1986-11-18,7.15,120.36,26.0,20.22,2355.72,0.8739180745955505
1986-11-19,2.04,255.37,26.63,14.35,1634.47,0.8399795085918398
1986-11-20,12.73,167.54,23.6,15.32,1742.71,0.8208890652147526
1986-11-21,14.38,293.27,22.31,5.82,922.97,1.1157303573719892
1986-11-22,0.0,319.4,20.28,7.06,1005.14,1.119972678122453
1986-11-23,0.34,256.52,23.37,13.21,1513.75,0.9651279707305229
1986-11-24,2.37,153.57,25.62,19.37,2256.73,0.8463429897175356
1986-11-25,52.54,119.79,23.43,17.58,2008.03,1.6481416115552008
1986-11-26,17.67,221.91,22.08,10.02,1241.56,4.921092070538051
1986-11-27,0.0,227.58,16.78,8.83,1146.29,6.342269521943437
1986-11-28,24.53,114.21,13.05,8.19,1095.16,6.745289993237501
1986-11-29,9.7,125.28,14.78,9.48,1198.58,6.448327540705033
1986-11-30,18.84,82.67,16.48,13.14,1507.73,5.960460654401691
1986-12-01,1.77,123.78,17.91,14.07,1605.48,5.684709805621542
1986-12-02,0.5,264.37,16.9,8.09,1087.34,4.369590372977752
1986-12-03,0.0,293.86,14.66,4.59,849.29,2.821143299058452
1986-12-04,0.0,324.63,14.95,2.76,741.95,1.9302559414610458
1986-12-05,0.0,327.95,15.03,2.36,724.87,1.4890545834128068
1986-12-06,0.0,357.09,15.94,-0.88,569.84,1.251484621386832
1986-12-07,0.0,354.29,17.72,0.52,633.0,1.1030033951205978
1986-12-08,0.0,336.51,20.3,4.88,869.54,1.0139146593608572
1986-12-09,0.0,253.32,23.92,14.21,1617.17,0.9651279707305229
1986-12-10,6.49,228.62,23.52,10.4,1271.73,0.9269470839763485
1986-12-11,17.08,172.51,11.39,3.82,805.27,1.1708805271280192
1986-12-12,0.68,180.6,9.63,4.01,813.67,1.9260136207105822
1986-12-13,0.0,323.25,13.0,-0.04,602.77,1.7563207906920286
1986-12-14,0.0,308.03,13.5,1.67,693.21,1.3363310363961087
1986-12-15,8.21,193.37,13.52,4.64,851.58,1.1539112441261639
1986-12-16,23.34,120.7,12.85,7.83,1066.69,2.2484299977458337
1986-12-17,3.59,160.76,17.59,10.42,1273.95,3.0756825440862823
1986-12-18,0.37,197.76,18.16,11.34,1347.54,2.5453924502783027
1986-12-19,16.28,158.8,14.35,7.57,1045.66,2.5241808465259834
1986-12-20,0.0,298.85,13.0,2.06,712.07,3.1181057515909205
1986-12-21,0.0,300.26,15.25,4.15,817.01,2.60902726153526
1986-12-22,10.88,178.85,13.75,6.12,929.51,1.9663156678399885
1986-12-23,47.6,189.11,14.31,6.09,932.6,3.9029350904267304
1986-12-24,4.88,246.19,16.84,6.56,965.08,6.299846314438798
1986-12-25,0.0,200.94,11.27,5.15,891.61,7.827081784605779
1986-12-26,0.0,319.89,14.0,1.67,693.41,7.211945275788523
1986-12-27,0.0,298.67,13.55,2.81,744.9,4.221109146711518
1986-12-28,0.0,321.4,13.67,1.01,641.77,2.418122827764387
1986-12-29,0.0,326.57,12.58,-0.66,582.27,1.8411672057013055
1986-12-30,0.0,321.28,13.82,0.65,640.0,1.5739009984220838
1986-12-31,0.0,299.56,12.84,1.27,661.55,1.4042081684035301
1987-01-01,0.0,280.36,10.01,-1.61,542.37,1.2833020270153108
1987-01-02,0.0,311.6,12.5,-1.51,559.35,1.1857286497546426
1987-01-03,0.0,324.37,13.71,-1.51,554.52,1.1263361592481487
1987-01-04,37.34,200.76,14.13,3.1,767.9,2.269641601498153
1987-01-05,0.96,291.08,12.82,-0.15,607.41,3.5635494303896236
1987-01-06,0.0,346.7,17.22,-0.85,573.03,3.13931735534324
1987-01-07,0.0,344.78,19.99,1.8,694.83,2.3544880165074296
1987-01-08,0.0,317.14,19.31,4.48,838.39,1.7711689133186521
1987-01-09,0.0,306.05,17.68,4.1,816.91,1.431783253281545
1987-01-10,4.42,220.24,16.31,3.84,802.51,1.3723907627750513
1987-01-11,0.0,312.48,10.39,-2.78,494.93,1.4614794985347919
1987-01-12,0.0,331.53,10.95,-3.7,461.58,1.361784960898892
1987-01-13,0.0,353.35,15.47,-1.91,534.04,1.19421329125557
1987-01-14,10.25,239.17,15.69,1.84,698.73,1.1348208007490765
1987-01-15,12.33,123.83,12.18,6.28,947.67,1.5442047531688368
1987-01-16,12.98,94.27,13.84,9.39,1191.38,2.0999487714795997
1987-01-17,9.21,88.76,14.07,9.92,1233.58,3.054470940333963
1987-01-18,40.54,179.4,20.21,10.89,1310.95,4.751399240519498
1987-01-19,3.55,269.38,20.97,3.13,765.23,6.9149828232560555
1987-01-20,0.0,245.22,9.78,0.98,651.79,7.784658577101141
1987-01-21,11.74,92.46,4.94,0.94,649.31,6.490750748209671
1987-01-22,44.34,130.07,5.16,-0.62,583.13,6.872559615751417
1987-01-23,0.0,356.74,11.02,-4.2,447.16,8.527064708432313
1987-01-24,0.0,359.25,12.52,-2.9,494.23,9.587644896048271
1987-01-25,25.28,224.93,15.98,4.51,842.36,8.845238764717102
1987-01-26,0.0,338.55,13.44,-0.07,607.47,7.572542539577951
1987-01-27,0.0,350.49,8.82,-5.02,425.85,5.811979428135457
1987-01-28,0.0,376.11,13.98,-2.42,513.42,3.6908190529035387
1987-01-29,0.0,339.19,20.74,6.73,978.59,2.693873676544537
1987-01-30,0.0,257.14,22.85,13.24,1521.71,2.227218393993515
1987-01-31,0.0,390.82,21.07,2.28,722.61,1.9366194225867417
1987-02-01,0.0,375.62,19.5,2.95,755.61,1.7160187435626222
1987-02-02,11.39,253.27,20.98,7.41,1032.91,1.911165498083959
1987-02-03,0.0,353.68,21.02,6.4,951.67,2.121160375231919
1987-02-04,0.0,330.72,20.85,7.88,1070.65,1.8390460453260733
1987-02-05,6.98,147.2,15.73,9.35,1187.71,1.6905648190598392
1987-02-06,11.88,115.1,12.83,8.2,1095.66,2.2484299977458337
1987-02-07,20.48,103.76,12.16,8.18,1094.52,4.157474335454561
1987-02-08,0.0,413.49,19.9,2.08,718.77,5.642286598116904
1987-02-09,0.0,430.7,21.45,0.67,637.91,5.133208108061243
1987-02-10,0.0,414.95,13.53,-3.12,482.24,3.309010185361793
1987-02-11,0.0,429.77,18.42,-0.76,578.69,2.227218393993515
1987-02-12,0.0,414.63,21.76,4.1,816.07,1.807228639697595
1987-02-13,0.0,405.0,23.45,6.56,966.12,1.6226876870524178
1987-02-14,0.0,369.28,23.35,9.17,1173.48,1.4932969041632707
1987-02-15,0.0,301.34,21.58,11.16,1332.57,1.7181399039378542
1987-02-16,43.81,206.81,17.64,8.57,1125.83,4.221109146711518
1987-02-17,0.0,285.53,15.12,5.9,922.46,5.72713301312618
1987-02-18,0.0,259.46,11.34,3.52,791.63,5.408958956841392
1987-02-19,0.0,315.16,9.83,0.09,614.57,3.7332422604081765
1987-02-20,0.0,354.22,14.26,2.48,732.26,2.375699620259749
1987-02-21,12.77,153.49,12.96,6.87,989.53,2.375699620259749
1987-02-22,29.69,126.76,13.69,8.84,1146.95,3.839300279169773
1987-02-23,0.04,367.51,14.75,2.98,757.16,5.493805371850669
1987-02-24,8.72,257.16,14.39,3.85,808.29,5.0271500892996475
1987-02-25,13.62,124.0,11.79,7.36,1028.58,4.518071599243987
1987-02-26,14.08,117.38,14.52,10.39,1271.15,5.5574401831076266
1987-02-27,30.02,187.06,19.05,12.22,1417.29,6.7877132007421395
1987-02-28,9.93,182.0,20.53,13.97,1597.6,7.784658577101141
1987-03-01,12.89,303.6,21.31,8.75,1139.84,8.505853104679993
1987-03-02,0.0,438.12,19.0,5.02,881.25,8.717969142203186
1987-03-03,0.0,469.59,20.05,3.65,799.93,7.890716595862737
1987-03-04,0.0,456.83,21.48,6.04,923.75,5.260477730575158
1987-03-05,0.0,486.42,21.5,3.31,778.97,3.181740562847878
1987-03-06,0.0,478.65,21.62,4.43,834.38,2.4393344315167065
1987-03-07,10.04,316.53,19.63,6.7,976.24,2.3120648090027913
1987-03-08,30.44,162.5,14.09,8.64,1131.32,4.008993109188326
1987-03-09,0.83,287.06,17.26,9.13,1170.5,5.324112541832116
1987-03-10,0.0,449.64,23.15,8.45,1116.29,5.260477730575158
1987-03-11,0.0,462.55,17.21,2.99,758.71,3.9877815054360073
1987-03-12,1.28,372.55,9.93,0.59,633.76,2.86356650656309
1987-03-13,0.0,488.7,15.54,0.49,638.16,2.269641601498153
1987-03-14,0.0,511.86,19.0,1.49,678.85,1.9960119130932354
1987-03-15,0.0,483.09,21.41,6.23,945.03,1.8114709604480586
1987-03-16,0.0,450.28,22.5,9.34,1187.37,1.6842013379341434
1987-03-17,0.0,414.78,23.55,11.97,1397.82,1.5929914417991708
1987-03-18,82.74,284.18,22.5,12.51,1440.6,6.575597163218948
1987-03-19,0.0,486.55,24.91,9.16,1172.58,8.293737067156803
1987-03-20,0.0,441.9,24.32,11.32,1345.4,8.845238764717102
1987-03-21,0.0,486.98,25.66,9.62,1209.41,7.614965747082588
1987-03-22,0.0,489.55,27.48,10.81,1304.7,4.5604948067486255
1987-03-23,0.0,462.68,26.44,11.68,1374.08,2.6514504690398986
1987-03-24,17.52,325.57,25.47,12.19,1421.42,2.715085280296856
1987-03-25,0.0,487.69,26.24,9.79,1223.35,2.884778110315409
1987-03-26,0.0,469.05,25.77,10.58,1286.07,2.3544880165074296
1987-03-27,2.41,356.21,25.01,11.71,1376.44,1.9514675452133652
1987-03-28,5.91,337.31,24.34,10.08,1246.46,1.8305614038251456
1987-03-29,0.0,413.81,26.06,13.11,1505.49,1.9429829037124373
1987-03-30,26.0,330.86,19.81,6.36,955.83,4.17868593920688
1987-03-31,3.46,354.49,11.06,-1.08,569.22,4.751399240519498
1987-04-01,0.0,478.1,14.5,-0.05,600.66,3.4362798078757084
1987-04-02,0.0,473.88,19.57,4.81,865.64,2.4605460352690254
1987-04-03,12.01,409.58,19.92,0.13,613.04,2.0935852903539036
1987-04-04,0.0,459.93,12.21,-1.02,562.04,2.269641601498153
1987-04-05,0.0,514.88,15.79,-0.5,596.48,2.142371978984238
1987-04-06,0.0,506.21,19.0,2.83,746.57,1.8199556019489862
1987-04-07,0.0,480.7,21.04,5.83,920.08,1.5929914417991708
1987-04-08,0.0,492.56,22.0,5.85,924.1,1.4508736966586324
1987-04-09,0.0,491.09,23.5,7.23,1018.34,1.3511791590227322
1987-04-10,0.0,494.82,25.48,8.66,1132.55,1.2705750647639193
1987-04-11,0.0,431.73,25.73,11.99,1398.96,1.202697932756498
1987-04-12,1.13,352.11,24.87,13.48,1556.35,1.1623958856270913
1987-04-13,0.0,367.96,26.65,15.55,1763.97,1.1708805271280192
1987-04-14,19.48,182.44,23.02,16.32,1853.76,1.4551160174090962
1987-04-15,0.0,435.27,24.63,11.52,1361.68,1.7584419510672604
1987-04-16,0.0,461.58,23.91,9.73,1218.3,1.5208719890412856
1987-04-17,0.0,492.61,24.46,8.56,1124.79,1.2472423006363682
1987-04-18,0.0,510.65,27.98,10.35,1268.14,1.092397593244438
1987-04-19,0.0,497.46,29.84,12.52,1441.34,0.9969453763590018
1987-04-20,0.0,464.5,30.67,15.01,1717.76,0.9269470839763485
1987-04-21,0.0,472.28,32.75,16.23,1837.58,0.8760392349707824
1987-04-22,0.0,478.1,33.48,16.44,1869.37,0.8272525463404482
1987-04-23,0.0,465.5,30.31,14.7,1671.89,0.780587018085346
1987-04-24,0.0,494.17,27.7,11.17,1333.65,0.7466484520816353
1987-04-25,0.0,481.28,25.6,10.15,1252.14,0.7148310464531566
1987-04-26,0.0,526.53,27.63,9.1,1168.13,0.6893771219503736
1987-04-27,0.0,519.88,29.11,10.59,1287.48,0.6660443578228225
1987-04-28,0.0,513.15,31.61,12.77,1461.69,0.6469539144457352
1987-04-29,0.0,550.84,30.64,9.1,1167.7,0.625742310693416
1987-04-30,0.0,513.2,30.11,11.34,1347.08,0.6066518673163287
1987-05-01,0.0,480.92,31.32,14.13,1610.57,0.5918037446897053
1987-05-02,0.0,442.4,30.41,15.33,1746.71,0.5811979428135456
1987-05-03,1.09,343.05,28.89,17.42,1989.75,0.5790767824383137
1987-05-04,14.85,244.12,28.06,18.04,2074.93,0.6618020370723586
1987-05-05,4.25,301.96,27.68,17.82,2051.43,1.0648225083664231
1987-05-06,0.0,360.67,28.31,17.31,1970.11,1.1793651686289468
1987-05-07,12.69,253.35,27.54,17.5,2000.0,0.912098961349725
1987-05-08,0.0,350.93,27.41,17.08,1933.4,0.9375528858525082
1987-05-09,1.95,370.58,28.72,16.07,1811.0,0.9311894047268122
1987-05-10,8.76,293.89,28.57,16.88,1911.18,0.9057354802240293
1987-05-11,6.39,258.4,27.36,17.5,2000.0,1.1072457158710616
1987-05-12,9.77,300.93,29.31,17.74,2037.96,1.253605781762064
1987-05-13,16.92,295.37,29.27,17.5,2000.0,1.805107479322363
1987-05-14,0.17,350.57,28.41,18.07,2085.67,3.1181057515909205
1987-05-15,20.92,232.67,27.79,18.94,2191.04,2.736296884049175
1987-05-16,3.55,305.73,28.64,18.85,2176.76,3.5847610341419425
1987-05-17,12.32,235.27,28.3,19.5,2279.98,2.7787200915538133
1987-05-18,18.16,219.71,28.0,19.99,2319.04,2.884778110315409
1987-05-19,2.34,348.51,30.29,20.21,2353.64,2.630238865287579
1987-05-20,0.55,362.95,30.93,20.5,2399.65,1.872984611329784
1987-05-21,0.0,396.28,31.14,19.87,2309.96,1.4339044136567771
1987-05-22,0.0,416.44,31.48,19.56,2284.82,1.7096552624369266
1987-05-23,28.16,297.14,30.61,19.65,2291.62,1.9472252244629016
1987-05-24,12.79,281.97,29.89,19.85,2307.75,2.269641601498153
1987-05-25,11.64,278.84,29.04,19.39,2260.5,2.1635835827365573
1987-05-26,2.85,335.28,29.12,18.7,2151.72,2.184795186488876
1987-05-27,0.0,460.27,30.5,17.87,2052.94,1.8454095264517694
1987-05-28,0.0,459.3,30.53,18.1,2085.23,1.3193617533942534
1987-05-29,0.0,437.45,30.49,19.15,2224.11,1.1008822347453657
1987-05-30,0.0,446.1,30.46,19.0,2200.0,0.9820972537323783
1987-05-31,0.0,464.51,31.21,19.02,2203.83,0.886645036846942
1987-06-01,0.0,472.12,31.51,19.0,2200.0,0.8166467444642886
1987-06-02,0.0,473.52,32.0,19.27,2243.26,0.755133093582563
1987-06-03,0.0,446.73,32.42,20.63,2420.1,0.7148310464531566
1987-06-04,0.0,464.07,32.05,19.58,2281.94,0.678771320074214
1987-06-05,0.0,449.39,31.52,19.74,2298.97,0.676650159698982
1987-06-06,0.0,475.94,31.5,18.58,2134.93,0.7254368483293162
1987-06-07,0.0,485.82,31.71,18.22,2097.73,0.653317395571431
1987-06-08,0.0,487.74,31.5,17.96,2071.38,0.6108941880667926
1987-06-09,0.0,478.5,31.71,18.49,2120.14,0.5875614239392415
1987-06-10,0.0,469.49,31.26,18.45,2115.94,0.5705921409373861
1987-06-11,0.0,411.67,30.69,20.15,2344.75,0.5557440183107627
1987-06-12,0.0,341.0,30.86,22.47,2715.39,0.549380537185067
1987-06-13,9.03,226.63,29.65,22.49,2719.14,0.5705921409373861
1987-06-14,30.2,238.72,28.9,21.44,2550.73,0.7614965747082588
1987-06-15,10.75,229.61,27.5,20.55,2407.83,1.0669436687416551
1987-06-16,8.59,317.32,30.97,20.2,2352.28,1.098761074370134
1987-06-17,5.57,305.6,30.81,20.88,2461.02,1.353300319397964
1987-06-18,4.31,314.87,29.57,21.37,2539.5,1.0308839423627125
1987-06-19,10.32,263.62,29.74,21.37,2538.56,0.9248259236011166
1987-06-20,6.05,311.74,31.21,20.71,2434.19,0.9057354802240293
1987-06-21,0.0,363.98,30.89,22.09,2653.79,1.119972678122453
1987-06-22,7.01,292.91,30.47,21.77,2603.31,1.1284573196233807
1987-06-23,0.0,416.4,31.52,21.05,2487.87,1.0754283102425828
1987-06-24,0.0,435.1,33.31,21.74,2598.45,0.9099778009744931
1987-06-25,16.32,328.65,31.95,20.57,2410.42,1.8963173754573353
1987-06-26,4.67,299.49,31.58,21.64,2582.78,1.5039027060394303
1987-06-27,4.79,357.12,31.98,20.6,2415.26,1.4678429796604877
1987-06-28,0.0,519.65,31.68,16.67,1893.92,1.3426945175218046
1987-06-29,0.0,507.57,30.84,16.68,1894.62,1.0478532253645678
1987-06-30,0.0,458.84,31.26,19.17,2227.86,0.8824027160964782
1987-07-01,6.08,351.02,32.37,21.71,2593.95,0.8251313859652163
1987-07-02,11.11,322.56,31.5,20.52,2403.28,0.8611911123441589
1987-07-03,4.61,355.98,32.05,21.14,2502.86,2.375699620259749
1987-07-04,2.45,352.37,32.71,22.56,2730.13,1.9429829037124373
1987-07-05,0.0,392.38,33.08,23.15,2823.39,1.2642115836382235
1987-07-06,1.08,347.91,32.07,23.18,2828.65,0.9905818952333061
1987-07-07,14.97,288.31,30.0,21.02,2483.94,0.9481586877286676
1987-07-08,10.53,309.64,30.31,20.52,2403.36,1.2663327440134553
1987-07-09,0.0,459.04,32.96,21.02,2482.68,1.1369419611243083
1987-07-10,0.0,454.0,33.72,21.79,2606.91,1.090276432869206
1987-07-11,0.0,449.71,34.49,22.5,2720.08,0.8739180745955505
1987-07-12,0.0,465.75,35.1,22.12,2659.26,0.7487696124568672
1987-07-13,0.0,425.41,34.88,23.51,2881.71,0.678771320074214
1987-07-14,0.0,419.83,34.36,23.22,2836.92,0.625742310693416
1987-07-15,0.22,444.83,32.77,20.68,2429.01,0.7487696124568672
1987-07-16,0.0,493.62,32.05,18.25,2099.89,0.6427115936952713
1987-07-17,0.0,500.06,33.45,18.77,2163.94,0.5642286598116903
1987-07-18,0.0,486.78,33.5,19.33,2252.23,0.521805452307052
1987-07-19,0.0,468.49,33.42,19.98,2320.11,0.49423036742903703
1987-07-20,0.0,472.57,32.6,19.12,2218.48,0.47513992405194977
1987-07-21,3.49,380.95,32.01,20.56,2409.48,0.47089760330148595
1987-07-22,8.01,259.06,29.53,20.93,2469.05,0.4921092070538051
1987-07-23,0.0,424.04,32.64,21.0,2479.35,0.5387747353089074
1987-07-24,0.0,462.23,34.58,20.84,2454.62,0.5175631315565882
1987-07-25,0.0,473.0,35.48,20.86,2457.91,0.48150340517764556
1987-07-26,5.75,422.94,35.45,21.02,2483.74,0.47301876367671786
1987-07-27,3.04,407.48,33.9,20.75,2439.82,0.4602918014253264
1987-07-28,0.0,441.42,34.56,21.51,2561.2,0.4475648391739348
1987-07-29,16.87,345.45,35.27,21.15,2504.16,0.47089760330148595
1987-07-30,5.58,406.34,35.36,21.45,2551.87,0.5811979428135456
1987-07-31,13.61,351.84,35.07,20.43,2389.42,0.5854402635640096
1987-08-01,0.0,436.92,34.72,21.57,2570.65,0.5811979428135456
1987-08-02,1.04,380.69,35.36,23.59,2902.44,0.5387747353089074
1987-08-03,33.37,305.06,33.31,22.34,2693.65,0.8590699519689271
1987-08-04,32.43,218.79,29.83,22.26,2681.5,1.202697932756498
1987-08-05,20.89,167.52,28.06,22.48,2716.45,0.8590699519689271
1987-08-06,13.41,254.38,30.3,21.39,2542.98,0.704225244576997
1987-08-07,22.12,234.75,29.99,21.89,2621.73,0.6066518673163287
1987-08-08,0.0,401.37,33.5,22.06,2649.54,0.6490750748209672
1987-08-09,0.0,402.55,34.44,22.73,2756.86,0.625742310693416
1987-08-10,0.0,394.9,33.77,22.5,2719.24,0.5324112541832116
1987-08-11,19.67,257.04,32.25,23.01,2801.91,0.4984726881795009
1987-08-12,43.55,217.85,30.22,22.81,2769.37,0.7381638105807077
1987-08-13,54.15,199.46,29.5,22.88,2780.79,4.793822448024136
1987-08-14,46.96,208.35,29.48,22.64,2741.97,14.211774514053854
1987-08-15,35.15,226.43,29.19,21.85,2616.12,52.1805452307052
1987-08-16,0.97,378.98,31.89,21.99,2638.84,53.24112541832116
1987-08-17,0.0,373.56,32.79,23.04,2807.03,30.33259336581644
1987-08-18,0.0,372.77,33.0,23.3,2848.05,13.129982722685575
1987-08-19,0.17,426.39,33.92,21.98,2636.46,5.875614239392415
1987-08-20,0.0,442.94,33.91,21.41,2545.14,2.842354902810771
1987-08-21,0.0,450.92,34.8,21.53,2565.48,1.7669265925681883
1987-08-22,0.0,441.2,34.84,21.93,2628.57,1.3872388854016748
1987-08-23,0.0,429.21,34.37,22.11,2657.34,1.1920921308803383
1987-08-24,0.0,432.65,34.71,22.23,2676.12,1.0648225083664231
1987-08-25,0.0,435.02,34.52,22.0,2640.0,0.9630068103552911
1987-08-26,0.0,435.69,33.92,21.51,2561.79,0.886645036846942
1987-08-27,0.0,426.67,33.45,21.53,2564.8,0.8293737067156802
1987-08-28,0.0,434.01,34.0,21.63,2580.87,0.8017986218376653
1987-08-29,7.96,397.14,33.56,20.38,2380.93,0.8760392349707824
1987-08-30,3.67,416.52,32.66,20.51,2401.32,1.1560324045013957
1987-08-31,0.0,391.24,30.88,20.86,2458.38,0.9311894047268122
1987-09-01,1.92,319.67,27.73,19.33,2251.01,0.8124044237138248
1987-09-02,0.0,459.66,30.74,18.04,2081.76,0.7933139803367376
1987-09-03,0.0,507.22,32.5,16.12,1823.72,0.755133093582563
1987-09-04,0.0,500.19,33.0,16.54,1874.14,0.7084675653274608
1987-09-05,0.0,469.47,31.69,17.35,1975.31,0.6724078389485182
1987-09-06,0.0,433.67,30.23,17.79,2046.74,0.651196235196199
1987-09-07,0.0,386.99,30.13,19.5,2280.0,0.651196235196199
1987-09-08,0.0,404.89,32.26,20.48,2397.49,0.6490750748209672
1987-09-09,0.0,459.07,33.71,18.8,2167.47,0.6278634710686479
1987-09-10,0.0,421.36,32.98,20.02,2325.28,0.598167225815401
1987-09-11,0.6,387.6,31.82,20.05,2330.69,0.5939249050649372
1987-09-12,2.32,353.98,31.5,19.74,2302.97,0.5960460654401691
1987-09-13,0.0,398.19,32.47,20.07,2331.86,0.598167225815401
1987-09-14,0.0,416.86,33.13,19.51,2279.76,0.572713301312618
1987-09-15,0.0,406.11,33.58,20.17,2347.86,0.5536228579355308
1987-09-16,0.0,369.83,33.17,21.3,2528.44,0.5366535749336754
1987-09-17,0.0,330.54,32.16,21.92,2626.51,0.5239266126822839
1987-09-18,7.78,273.23,31.99,20.48,2396.96,0.5154419711813563
1987-09-19,9.55,264.91,31.74,20.69,2429.87,0.5366535749336754
1987-09-20,12.7,304.96,30.48,18.59,2141.01,0.8251313859652163
1987-09-21,0.0,446.02,29.5,14.47,1638.49,0.9184624424754207
1987-09-22,0.0,437.42,30.27,15.36,1748.48,0.7763446973348823
1987-09-23,0.0,455.05,29.49,13.49,1552.52,0.6830136408246779
1987-09-24,0.0,457.5,27.55,11.62,1369.2,0.6066518673163287
1987-09-25,0.0,463.37,28.48,11.66,1372.84,0.5599863390612265
1987-09-26,0.0,456.13,29.1,12.32,1425.58,0.5281689334327477
1987-09-27,0.0,436.93,29.99,14.02,1601.37,0.5069573296804286
1987-09-28,0.0,383.81,30.33,17.04,1933.95,0.49423036742903703
1987-09-29,8.28,269.79,29.73,19.7,2295.91,0.496351527804269
1987-09-30,4.3,299.14,26.96,16.22,1837.54,0.5366535749336754
1987-10-01,0.0,431.55,27.01,11.31,1344.85,0.6066518673163287
1987-10-02,0.0,458.3,28.02,9.84,1227.23,0.5599863390612265
1987-10-03,0.0,459.23,28.75,9.99,1239.19,0.5133208108061244
1987-10-04,0.0,449.9,21.72,5.07,885.22,0.47938224480241365
1987-10-05,0.0,470.27,23.14,4.19,816.04,0.4624129618005583
1987-10-06,0.0,467.17,26.31,6.38,950.02,0.45180715992439874
1987-10-07,0.0,473.77,26.98,5.52,915.72,0.44544367879870295
1987-10-08,0.0,473.58,25.91,4.11,810.9,0.4327167165473114
1987-10-09,0.0,450.65,24.5,5.08,886.68,0.4242320750463837
1987-10-10,0.0,450.33,26.52,6.19,937.68,0.417868593920688
1987-10-11,0.0,432.09,28.36,8.77,1142.0,0.4136262731702241
1987-10-12,0.0,414.54,27.99,9.57,1205.36,0.4093839524197603
1987-10-13,0.0,421.38,22.27,4.03,802.92,0.40089931091883263
1987-10-14,0.0,420.4,23.07,4.44,835.17,0.3945358297931369
1987-10-15,0.0,431.49,23.32,3.28,780.76,0.392414669417905
1987-10-16,0.0,432.5,24.35,3.45,790.25,0.38817234866744116
1987-10-17,0.0,436.46,26.5,4.11,811.08,0.3860511882922092
1987-10-18,0.0,415.05,28.5,7.26,1021.17,0.38180886754174537
1987-10-19,0.0,378.09,29.44,10.79,1302.94,0.37968770716651346
1987-10-20,0.0,342.48,28.72,12.42,1433.48,0.37544538641604963
1987-10-21,0.0,376.11,26.99,8.41,1112.51,0.37332422604081766
1987-10-22,0.0,389.48,20.0,1.22,659.67,0.36908190529035384
1987-10-23,0.0,375.4,22.47,4.21,826.62,0.36696074491512193
1987-10-24,0.0,339.35,24.32,8.15,1091.9,0.37120306566558575
1987-10-25,0.0,268.14,23.91,11.81,1384.51,0.37968770716651346
1987-10-26,0.61,308.91,25.79,11.09,1327.26,0.3860511882922092
1987-10-27,0.73,233.21,23.16,12.19,1415.18,0.38817234866744116
1987-10-28,0.0,385.65,22.58,2.51,725.45,0.390293509042673
1987-10-29,0.0,387.39,21.48,0.88,641.75,0.3860511882922092
1987-10-30,0.0,387.7,24.4,2.78,742.7,0.3839300279169773
1987-10-31,0.0,368.12,26.83,6.31,945.18,0.3839300279169773
1987-11-01,0.0,357.08,27.79,7.8,1064.29,0.38180886754174537
1987-11-02,0.0,329.69,27.49,9.67,1213.41,0.38817234866744116
1987-11-03,0.0,278.15,26.81,12.44,1442.06,0.3839300279169773
1987-11-04,9.48,158.34,25.01,14.6,1666.37,0.392414669417905
1987-11-05,2.9,192.76,24.21,12.77,1467.8,0.43059555617207945
1987-11-06,0.0,353.33,25.5,5.77,920.0,0.46665528255102207
1987-11-07,0.0,339.66,22.51,4.36,833.57,0.43483787692254333
1987-11-08,0.0,310.92,24.47,8.14,1091.29,0.4199897542959199
1987-11-09,3.55,162.31,24.58,14.36,1635.86,0.417868593920688
1987-11-10,10.28,167.2,21.38,10.84,1307.09,0.43059555617207945
1987-11-11,0.0,317.51,16.06,0.32,620.82,0.47938224480241365
1987-11-12,0.0,331.58,15.04,-1.79,538.48,0.4899880466785732
1987-11-13,0.0,346.85,18.3,-0.41,592.41,0.4878668863033413
1987-11-14,0.0,315.1,19.0,2.91,721.86,0.47089760330148595
1987-11-15,0.0,287.97,22.53,7.97,1028.4,0.4581706410500944
1987-11-16,0.0,202.8,25.53,15.6,1766.22,0.4645341221757902
1987-11-17,68.53,172.18,24.15,13.07,1501.86,0.9693702914809867
1987-11-18,0.0,308.62,20.72,5.08,886.05,1.7075341020616945
1987-11-19,0.0,256.86,19.13,7.06,1004.99,1.4275409325310813
1987-11-20,0.0,304.56,18.5,3.38,781.71,1.1242149988729169
1987-11-21,0.0,337.98,17.28,-0.69,583.64,0.8484641500927674
1987-11-22,0.0,332.5,17.5,-0.1,603.66,0.6957406030760693
1987-11-23,0.0,319.35,21.32,4.23,827.82,0.6193788295677203
1987-11-24,0.0,258.33,23.36,10.38,1270.07,0.5811979428135456
1987-11-25,0.0,212.06,23.67,13.36,1535.11,0.5599863390612265
1987-11-26,2.99,183.98,24.61,14.44,1638.99,0.5642286598116903
1987-11-27,3.72,162.99,24.49,15.86,1791.05,0.6172576691924883
1987-11-28,13.69,193.13,22.56,9.98,1238.67,0.6193788295677203
1987-11-29,0.0,282.95,15.65,2.29,721.36,0.7105887257026927
1987-11-30,0.0,248.25,16.4,5.27,893.35,0.7381638105807077
1987-12-01,0.0,322.29,17.33,0.79,640.88,0.6936194427008374
1987-12-02,0.0,322.85,16.3,-0.24,600.46,0.6214999899429522
1987-12-03,0.0,321.29,17.56,0.82,643.65,0.5769556220630819
1987-12-04,0.0,306.03,19.97,4.07,815.78,0.5515016975602989
1987-12-05,0.0,324.66,18.13,0.35,626.34,0.5302900938079798
1987-12-06,0.0,301.46,17.89,2.45,726.5,0.5154419711813563
1987-12-07,2.92,226.11,19.01,8.33,1106.23,0.5111996504308923
1987-12-08,10.64,110.7,19.49,13.04,1488.03,0.6236211503181841
1987-12-09,0.49,137.32,21.63,15.37,1748.18,1.2345153383849765
1987-12-10,0.0,268.87,21.99,8.82,1145.77,1.276938545889615
1987-12-11,0.0,314.52,20.5,3.62,800.0,1.0075511782351614
1987-12-12,0.58,275.37,21.84,8.18,1094.3,0.810283263338593
1987-12-13,0.0,222.51,20.92,10.84,1307.55,0.7127098860779246
1987-12-14,2.92,141.01,21.53,13.74,1579.32,0.6469539144457352
1987-12-15,8.02,240.39,23.18,5.34,896.2,0.6299846314438798
1987-12-16,0.0,254.79,10.39,-0.63,589.3,0.7148310464531566
1987-12-17,0.0,298.42,10.37,-3.7,463.65,0.7402849709559397
1987-12-18,0.0,296.34,11.82,-2.15,521.81,0.6893771219503736
1987-12-19,0.0,263.07,15.58,3.63,797.54,0.6299846314438798
1987-12-20,3.77,182.9,20.88,9.67,1213.71,0.6024095465658649
1987-12-21,19.94,132.4,18.95,11.53,1362.25,0.6618020370723586
1987-12-22,19.96,90.81,15.56,10.89,1310.87,2.032071639472178
1987-12-23,0.0,300.46,20.03,5.71,916.62,2.6726620727922175
1987-12-24,1.18,268.61,22.09,9.87,1229.57,1.8878327339564076
1987-12-25,0.0,150.45,24.25,17.92,2063.1,1.3723907627750513
1987-12-26,0.0,114.07,24.03,19.33,2252.61,1.1051245554958296
1987-12-27,10.61,108.7,23.82,17.89,2061.7,0.9820972537323783
1987-12-28,12.44,221.25,22.91,8.98,1158.62,1.1136091969967574
1987-12-29,0.0,298.5,12.06,-0.67,581.2,1.198455612006034
1987-12-30,0.0,294.19,10.66,-1.65,547.97,1.0796706309930466
1987-12-31,2.19,237.1,13.27,2.87,754.86,0.9290682443515804
1988-01-01,7.29,133.73,16.42,9.56,1204.56,0.888766197222174
1988-01-02,16.52,200.46,14.22,3.31,784.32,1.2366364987602088
1988-01-03,4.44,135.18,10.1,4.32,825.22,1.5251143097917494
1988-01-04,0.0,201.19,10.71,3.25,771.28,1.3214829137694852
1988-01-05,0.0,280.56,10.73,-0.58,593.43,1.0860341121187425
1988-01-06,0.0,278.71,8.7,-2.32,519.61,0.9269470839763485
1988-01-07,9.29,127.46,5.95,-0.04,605.67,0.8399795085918398
1988-01-08,8.19,119.99,3.94,-0.96,570.53,0.9969453763590018
1988-01-09,0.0,145.41,3.45,-1.52,551.54,1.431783253281545
1988-01-10,0.0,258.48,6.03,-3.59,465.2,1.2345153383849765
1988-01-11,0.0,337.45,10.37,-4.64,439.99,1.0223993008617847
1988-01-12,0.0,357.01,14.5,-3.13,483.17,0.8972508387231015
1988-01-13,8.77,225.07,16.42,3.95,804.85,0.8442218293423036
1988-01-14,0.0,329.73,10.61,-3.36,477.06,0.9205836028506528
1988-01-15,0.0,351.82,11.27,-4.69,440.0,1.0075511782351614
1988-01-16,0.0,359.07,14.61,-2.48,508.14,0.9290682443515804
1988-01-17,20.87,244.6,18.29,4.1,823.01,1.119972678122453
1988-01-18,4.86,153.92,21.93,14.11,1608.6,2.000254233843699
1988-01-19,5.7,105.86,21.9,16.64,1891.36,2.227218393993515
1988-01-20,18.17,225.82,21.02,8.63,1130.64,2.6514504690398986
1988-01-21,0.0,349.37,17.09,1.72,695.27,3.5423378266373042
1988-01-22,0.0,334.83,11.02,-2.34,517.27,2.9484129215723667
1988-01-23,0.0,363.11,12.5,-3.24,480.0,2.0235869979712504
1988-01-24,8.38,298.49,13.48,0.29,620.78,1.457237177784328
1988-01-25,18.56,235.77,11.5,-0.24,603.28,1.5993549229248667
1988-01-26,0.0,372.57,11.5,-4.44,439.51,1.9641945074647567
1988-01-27,0.0,367.82,10.88,-4.31,440.0,1.6035972436753305
1988-01-28,0.0,381.54,13.0,-3.57,471.24,1.30451363076763
1988-01-29,0.0,394.02,16.84,-1.66,547.05,1.122093838497685
1988-01-30,0.0,381.16,19.78,2.64,734.71,1.0202781404865529
1988-01-31,0.0,326.05,21.0,8.16,1092.48,0.9608856499800592
1988-02-01,10.6,117.93,20.45,15.12,1729.26,0.9524010084791315
1988-02-02,43.85,97.08,20.57,16.24,1839.15,3.309010185361793
1988-02-03,12.47,93.45,22.11,17.94,2071.11,4.687764429262541
1988-02-04,21.62,191.84,21.29,12.54,1442.92,4.624129618005583
1988-02-05,10.03,261.63,13.49,1.05,651.49,5.896825843144733
1988-02-06,8.16,174.78,3.66,-3.3,479.77,6.639231974475906
1988-02-07,0.0,337.06,3.12,-8.03,327.91,6.618020370723586
1988-02-08,0.0,323.88,5.97,-4.72,434.63,5.281689334327477
1988-02-09,0.0,382.03,14.0,-0.55,595.68,3.287798581609474
1988-02-10,0.0,407.09,16.0,-0.74,580.54,2.269641601498153
1988-02-11,2.07,392.27,17.32,0.79,639.72,1.8284402434499138
1988-02-12,0.71,422.9,12.94,-6.15,383.21,1.620566526677186
1988-02-13,0.0,417.49,11.85,-4.15,445.26,1.5060238664146623
1988-02-14,0.0,433.25,18.83,0.46,631.73,1.3745119231502831
1988-02-15,38.64,272.65,18.57,5.43,910.81,2.3332764127551107
1988-02-16,0.0,420.3,14.38,-2.16,520.0,4.687764429262541
1988-02-17,3.36,310.38,14.9,-0.31,600.0,5.515016975602989
1988-02-18,31.67,205.23,14.91,6.06,929.43,4.581706410500944
1988-02-19,39.5,113.56,13.75,9.24,1179.26,6.214999899429522
1988-02-20,0.0,255.62,15.36,7.55,1043.61,7.593754143330268
1988-02-21,0.0,404.43,15.19,0.89,640.0,7.975563010872015
1988-02-22,0.0,417.24,18.84,3.38,784.73,5.918037446897053
1988-02-23,0.86,377.02,21.38,7.35,1028.21,3.4574914116280278
1988-02-24,3.13,323.09,20.66,6.02,933.32,2.4393344315167065
1988-02-25,0.0,445.44,16.5,-0.42,600.0,2.142371978984238
1988-02-26,0.0,459.99,19.37,0.74,640.01,1.8644999698288565
1988-02-27,0.0,441.77,21.83,4.68,854.61,1.6311723285533455
1988-02-28,0.0,412.79,22.45,7.65,1051.65,1.4763276211614154
1988-02-29,0.0,395.49,24.14,10.32,1265.68,1.380875404275979
1988-03-01,0.0,432.74,22.86,6.96,996.89,1.3129982722685576
1988-03-02,0.0,430.94,22.43,6.62,969.45,1.2387576591354406
1988-03-03,47.68,222.17,21.71,12.32,1426.62,2.142371978984238
1988-03-04,56.1,213.1,20.19,11.32,1345.53,8.017986218376652
1988-03-05,0.0,257.37,14.86,7.32,1025.49,14.33904413656777
1988-03-06,0.0,366.82,17.2,5.58,908.59,17.011706209359986
1988-03-07,0.0,442.65,22.7,6.35,954.89,11.22093838497685
1988-03-08,0.86,358.01,22.22,9.62,1209.39,5.811979428135457
1988-03-09,5.36,160.25,18.65,12.35,1428.0,3.1181057515909205
1988-03-10,8.44,317.21,18.34,4.28,825.02,2.821143299058452
1988-03-11,0.0,449.9,19.47,3.9,804.41,2.7999316953061326
1988-03-12,0.28,413.42,22.0,8.24,1099.37,2.3332764127551107
1988-03-13,0.0,418.62,22.62,8.83,1146.3,2.002375394218931
1988-03-14,0.0,458.93,18.4,3.11,768.47,1.7648054321929565
1988-03-15,0.0,477.38,12.19,-3.37,479.45,1.56965867767162
1988-03-16,0.0,493.66,14.28,-2.6,511.73,1.4339044136567771
1988-03-17,0.0,500.12,17.27,-0.34,600.0,1.3426945175218046
1988-03-18,15.06,339.05,17.49,3.15,772.08,1.3660272816493557
1988-03-19,1.05,339.45,12.13,1.99,707.42,1.8751057717050164
1988-03-20,0.0,470.98,15.83,0.47,637.68,1.9217712999601184
1988-03-21,0.0,502.19,22.1,3.51,800.0,1.5929914417991708
1988-03-22,0.0,484.29,24.03,6.5,959.9,1.3596638005236599
1988-03-23,0.0,448.12,23.77,8.63,1130.65,1.2366364987602088
1988-03-24,6.96,249.9,23.88,13.91,1592.43,1.1708805271280192
1988-03-25,20.2,215.69,23.36,16.13,1821.28,1.5654163569211559
1988-03-26,44.72,197.74,23.43,15.94,1795.55,5.896825843144733
1988-03-27,0.0,514.33,27.33,8.12,1089.44,9.311894047268122
1988-03-28,0.0,504.12,25.58,7.77,1061.32,12.154248950078893
1988-03-29,0.0,470.15,25.98,10.37,1269.44,9.863395744828422
1988-03-30,28.1,271.27,25.85,15.13,1720.32,6.342269521943437
1988-03-31,14.95,188.12,23.92,17.05,1936.69,6.342269521943437
1988-04-01,10.68,194.2,24.05,17.11,1938.21,8.314948670909121
1988-04-02,71.07,231.07,25.2,16.77,1904.87,9.524010084791314
1988-04-03,10.98,145.8,21.4,16.47,1875.06,11.284573196233808
1988-04-04,0.0,402.18,24.82,13.45,1551.27,15.335989512926771
1988-04-05,0.0,500.21,28.79,11.91,1392.89,11.263361592481488
1988-04-06,6.16,346.74,28.37,13.86,1585.05,7.339214898302438
1988-04-07,0.0,514.68,23.65,7.09,1007.31,4.687764429262541
1988-04-08,0.0,513.5,24.84,7.88,1070.72,3.2453753741048357
1988-04-09,0.0,491.51,25.5,9.78,1222.14,2.502969242773664
1988-04-10,0.0,468.88,25.96,11.43,1354.23,2.1635835827365573
1988-04-11,0.29,521.62,25.93,8.32,1105.76,1.9344982622115097
1988-04-12,0.94,409.32,17.42,6.38,950.85,1.773290073693884
1988-04-13,0.0,521.08,24.19,7.17,1013.86,1.643899290804737
1988-04-14,0.0,533.29,26.9,8.43,1114.65,1.5229931494165176
1988-04-15,0.0,513.18,27.48,10.33,1266.75,1.357542640148428
1988-04-16,0.0,491.14,26.91,11.31,1344.49,1.2302730176345127
1988-04-17,0.0,453.19,26.01,12.45,1435.81,1.1030033951205978
1988-04-18,9.31,283.67,26.52,15.74,1780.06,1.0181569801113208
1988-04-19,10.03,327.78,25.15,13.45,1544.08,1.1878498101298745
1988-04-20,0.0,515.75,22.05,6.34,948.12,1.484812262662343
1988-04-21,0.0,522.28,26.5,9.66,1212.76,1.3151194326437896
1988-04-22,0.0,416.41,27.97,15.97,1797.62,1.145426602625236
1988-04-23,0.0,237.87,26.77,20.43,2389.36,1.0605801876159595
1988-04-24,0.37,273.84,28.31,20.86,2457.06,0.9969453763590018
1988-04-25,0.0,393.35,29.98,18.55,2138.92,0.9969453763590018
1988-04-26,0.0,467.31,29.33,15.2,1727.18,0.9545221688543633
1988-04-27,0.0,507.11,28.9,12.97,1477.33,0.8908873575974059
1988-04-28,0.0,532.02,27.1,10.1,1247.71,0.8272525463404482
1988-04-29,0.0,523.12,25.87,9.54,1203.37,0.7742235369596503
1988-04-30,0.17,436.91,23.6,11.48,1358.37,0.7211945275788523
1988-05-01,0.0,505.16,22.89,7.73,1058.49,0.6999829238265332
1988-05-02,0.0,540.63,26.34,8.21,1096.86,0.6999829238265332
1988-05-03,0.0,536.01,27.37,8.95,1156.31,0.678771320074214
1988-05-04,0.0,495.63,27.53,11.37,1349.91,0.6575597163218948
1988-05-05,0.0,517.39,27.94,10.49,1278.92,0.6363481125695757
1988-05-06,0.0,526.66,28.12,9.97,1237.5,0.625742310693416
1988-05-07,0.0,527.87,29.49,10.91,1313.19,0.6045307069410968
1988-05-08,0.0,476.89,28.92,13.38,1536.88,0.5939249050649372
1988-05-09,0.0,344.89,28.0,17.84,2053.8,0.5833191031887777
1988-05-10,0.0,342.11,29.09,18.96,2194.28,0.572713301312618
1988-05-11,4.26,415.82,29.1,12.13,1410.28,0.5621074994364584
1988-05-12,0.0,502.92,30.41,13.38,1540.76,0.5833191031887777
1988-05-13,0.0,479.77,26.07,11.15,1331.82,0.57483446168785
1988-05-14,0.0,509.71,30.48,13.17,1506.92,0.57483446168785
1988-05-15,0.0,489.31,31.78,15.31,1744.92,0.5599863390612265
1988-05-16,0.0,477.2,32.96,16.81,1904.67,0.545138216434603
1988-05-17,0.0,479.64,33.49,17.0,1920.06,0.5281689334327477
1988-05-18,0.0,530.96,32.79,13.21,1513.15,0.5090784900556604
1988-05-19,0.0,510.95,31.03,13.08,1493.98,0.49423036742903703
1988-05-20,0.0,478.69,31.16,14.94,1707.8,0.48150340517764556
1988-05-21,0.0,448.52,31.28,16.49,1878.57,0.47513992405194977
1988-05-22,8.09,278.86,28.4,17.1,1936.3,0.5069573296804286
1988-05-23,0.85,418.26,29.36,15.67,1773.96,0.5790767824383137
1988-05-24,0.0,399.13,30.41,17.56,2009.87,0.5642286598116903
1988-05-25,7.16,308.86,29.47,16.26,1840.28,0.5557440183107627
1988-05-26,0.0,491.47,28.2,11.6,1368.22,0.598167225815401
1988-05-27,0.0,477.82,28.16,12.25,1420.27,0.5875614239392415
1988-05-28,0.0,492.73,29.66,12.7,1456.25,0.5408958956841393
1988-05-29,0.0,499.98,30.03,12.58,1446.45,0.49423036742903703
1988-05-30,0.0,485.49,31.08,14.06,1604.83,0.46665528255102207
1988-05-31,0.0,474.4,32.06,15.33,1746.47,0.4475648391739348
1988-06-01,0.0,480.39,32.49,15.39,1751.38,0.4327167165473114
1988-06-02,0.87,396.88,32.47,18.29,2103.1,0.4199897542959199
1988-06-03,0.0,418.33,32.49,18.4,2114.13,0.4242320750463837
1988-06-04,0.0,373.8,31.59,19.5,2279.95,0.43908019767300716
1988-06-05,12.5,259.81,28.5,17.97,2068.49,0.4284743957968476
1988-06-06,4.93,286.28,27.47,17.12,1948.3,0.5663498201869224
1988-06-07,4.21,295.78,29.11,18.33,2106.36,0.5387747353089074
1988-06-08,2.83,327.49,31.56,18.12,2089.87,0.5133208108061244
1988-06-09,0.0,418.94,34.18,20.11,2337.82,0.4878668863033413
1988-06-10,18.12,345.58,32.87,17.27,1963.53,0.4878668863033413
1988-06-11,0.0,506.76,29.0,11.94,1395.48,0.549380537185067
1988-06-12,0.0,491.66,29.53,13.12,1504.06,0.5048361693051967
1988-06-13,0.0,467.55,30.16,14.85,1693.07,0.45180715992439874
1988-06-14,0.0,460.93,31.06,15.9,1792.55,0.4199897542959199
1988-06-15,0.0,458.91,31.79,16.59,1887.26,0.40726279204452837
1988-06-16,0.0,458.26,33.02,17.59,2014.6,0.390293509042673
1988-06-17,0.0,456.84,34.57,18.9,2183.72,0.3775665467912815
1988-06-18,0.0,418.27,34.21,20.41,2389.3,0.36483958453989
1988-06-19,0.53,401.2,32.53,19.72,2295.43,0.3584761034141943
1988-06-20,0.0,460.63,32.67,17.47,1995.2,0.3521126222884985
1988-06-21,0.0,436.64,33.35,19.0,2199.41,0.34574914116280275
1988-06-22,0.0,391.33,32.6,20.23,2358.36,0.34150682041233893
1988-06-23,8.96,241.43,30.3,20.74,2438.84,0.3542337826637304
1988-06-24,0.0,262.5,29.55,21.94,2630.29,0.43483787692254333
1988-06-25,0.61,318.02,32.5,22.52,2723.92,0.46665528255102207
1988-06-26,0.0,403.82,34.38,21.57,2570.74,0.5939249050649372
1988-06-27,0.0,396.24,35.53,22.83,2773.57,0.678771320074214
1988-06-28,0.0,426.81,37.02,22.77,2756.72,0.5515016975602989
1988-06-29,0.0,415.6,37.43,23.72,2847.78,0.4772610844271816
1988-06-30,0.0,398.52,36.21,23.62,2807.43,0.38180886754174537
1988-07-01,0.0,396.45,35.16,23.06,2675.95,0.3287798581609474
1988-07-02,0.0,436.46,36.08,23.17,2014.0,0.2969624525324686
1988-07-03,0.0,442.07,36.38,23.43,1883.19,0.27575084878014944
1988-07-04,17.99,350.97,35.42,21.06,1911.93,0.38180886754174537
1988-07-05,19.29,267.73,31.57,21.5,2431.16,0.8272525463404482
1988-07-06,27.2,236.32,28.99,20.45,2391.67,0.5939249050649372
1988-07-07,3.61,311.75,29.44,20.5,2365.55,0.8272525463404482
1988-07-08,0.0,419.76,31.4,19.46,2042.5,0.6978617634513012
1988-07-09,0.0,431.21,31.23,18.96,1962.51,0.5833191031887777
1988-07-10,16.79,253.21,30.63,21.43,2548.61,0.47938224480241365
1988-07-11,3.94,230.19,31.5,23.21,2834.7,0.496351527804269
1988-07-12,0.41,346.33,32.78,23.09,2785.63,0.6618020370723586
1988-07-13,0.0,366.22,32.99,22.99,2749.15,0.6384692729448075
1988-07-14,0.0,364.58,33.92,23.91,2904.68,0.5133208108061244
1988-07-15,0.0,416.81,34.75,23.01,2633.42,0.443322518423471
1988-07-16,12.16,390.76,34.69,21.5,2457.87,0.4093839524197603
1988-07-17,33.37,319.09,32.74,21.06,2489.7,0.5048361693051967
1988-07-18,14.12,273.55,31.02,21.74,2598.28,1.119972678122453
1988-07-19,1.98,334.71,30.96,22.37,2699.55,1.2005767723812661
1988-07-20,3.7,310.16,31.63,21.98,2636.67,0.9227047632258847
1988-07-21,0.52,385.16,32.6,22.51,2721.14,0.8060409425881291
1988-07-22,28.47,314.19,31.99,21.17,2506.62,1.1136091969967574
1988-07-23,16.99,291.82,29.72,20.24,2359.11,1.6820801775589116
1988-07-24,0.0,453.2,32.36,20.05,2331.5,1.223909536508817
1988-07-25,0.0,461.03,33.31,20.35,2376.18,0.8145255840890567
1988-07-26,6.96,395.97,33.17,20.24,2358.01,0.6363481125695757
1988-07-27,0.0,425.69,32.4,21.07,2490.74,0.5557440183107627
1988-07-28,20.12,417.84,33.0,20.23,2357.6,0.5430170560593712
1988-07-29,0.0,434.29,32.6,20.97,2475.01,0.6702866785732864
1988-07-30,0.0,451.1,33.51,21.0,2479.22,0.6214999899429522
1988-07-31,0.0,431.71,33.83,22.0,2639.36,0.5345324145584435
1988-08-01,4.32,398.17,34.24,21.06,2489.14,0.47513992405194977
1988-08-02,3.98,416.79,33.98,20.5,2399.52,0.443322518423471
1988-08-03,0.0,428.63,33.5,21.88,2620.97,0.43695903729777524
1988-08-04,6.08,308.22,32.83,22.04,2645.67,0.4136262731702241
1988-08-05,5.33,310.68,30.71,22.45,2712.07,0.5090784900556604
1988-08-06,24.07,207.46,29.29,22.78,2764.89,0.3966569901683688
1988-08-07,16.0,221.01,29.88,22.96,2793.38,0.4199897542959199
1988-08-08,16.88,217.02,28.51,21.95,2631.89,0.545138216434603
1988-08-09,55.08,247.85,28.5,20.95,2471.95,1.7138975831873904
1988-08-10,14.95,229.46,29.34,22.33,2692.1,2.418122827764387
1988-08-11,4.59,355.8,31.89,22.0,2639.89,2.121160375231919
1988-08-12,8.6,363.67,33.03,22.01,2641.04,1.5972337625496347
1988-08-13,3.4,315.16,31.84,21.85,2615.21,1.2090614138821936
1988-08-14,0.0,437.98,33.11,21.36,2538.11,1.0520955461150316
1988-08-15,1.21,421.39,33.91,21.95,2632.61,0.9799760933571464
1988-08-16,3.08,372.06,33.39,22.44,2710.82,0.7721023765844184
1988-08-17,15.05,245.79,29.8,22.16,2666.3,0.6745289993237501
1988-08-18,2.79,368.18,31.79,22.06,2649.8,0.6299846314438798
1988-08-19,0.0,414.34,32.9,22.0,2640.0,0.5854402635640096
1988-08-20,1.86,369.62,33.0,22.5,2720.0,0.5918037446897053
1988-08-21,33.38,322.68,33.07,22.08,2652.56,0.9311894047268122
1988-08-22,16.59,278.66,29.85,20.84,2453.93,2.227218393993515
1988-08-23,0.0,399.45,31.84,21.63,2580.68,1.6757166964332157
1988-08-24,0.0,392.04,32.58,22.5,2720.0,1.0627013479911913
1988-08-25,2.53,367.91,32.35,21.62,2579.6,0.7869504992110419
1988-08-26,0.0,486.64,34.0,19.3,2248.51,0.6596808766971267
1988-08-27,0.0,465.64,34.28,20.56,2409.92,0.5536228579355308
1988-08-28,0.0,437.62,33.09,20.97,2475.59,0.48574572592810933
1988-08-29,0.0,425.12,32.47,21.01,2481.32,0.4475648391739348
1988-08-30,4.69,388.63,32.13,20.98,2476.61,0.4475648391739348
1988-08-31,8.57,340.89,31.6,20.85,2456.28,0.6893771219503736
1988-09-01,7.76,292.25,30.97,21.15,2503.8,1.1539112441261639
1988-09-02,9.92,255.77,29.69,21.79,2605.67,1.0266416216122487
1988-09-03,25.41,218.45,28.48,21.89,2621.75,0.9057354802240293
1988-09-04,49.97,217.8,27.99,21.48,2556.93,3.309010185361793
1988-09-05,23.61,336.66,26.24,15.07,1721.82,6.00288386190633
1988-09-06,0.0,461.53,27.25,15.15,1732.35,6.066518673163288
1988-09-07,0.0,515.09,26.83,11.45,1356.07,3.1181057515909205
1988-09-08,0.0,478.62,26.45,13.13,1505.59,1.5548105550449964
1988-09-09,0.0,412.68,26.78,16.09,1814.09,1.0860341121187425
1988-09-10,37.79,264.19,27.32,18.53,2124.62,1.9981330734684675
1988-09-11,16.49,235.75,29.99,21.97,2634.86,3.096894147838601
1988-09-12,22.05,219.22,29.33,22.03,2644.93,2.86356650656309
1988-09-13,2.29,343.71,31.51,20.56,2409.03,3.3726449966187504
1988-09-14,0.0,402.44,32.5,21.0,2479.45,2.7787200915538133
1988-09-15,0.0,371.77,32.03,21.77,2603.36,2.227218393993515
1988-09-16,41.27,174.09,27.58,21.97,2634.55,4.45443678798703
1988-09-17,35.27,169.19,28.17,22.72,2754.88,7.996774614624334
1988-09-18,0.0,338.67,31.5,22.5,2720.56,7.890716595862737
1988-09-19,0.0,352.28,31.93,22.36,2698.12,7.02104084201765
1988-09-20,0.0,379.14,32.49,21.76,2601.36,3.7544538641604963
1988-09-21,0.0,394.25,32.81,21.25,2519.83,2.032071639472178
1988-09-22,0.0,405.4,33.39,21.03,2484.31,1.4911757437880389
1988-09-23,0.0,379.37,32.76,21.61,2577.47,1.2366364987602088
1988-09-24,0.0,370.25,32.0,21.32,2531.66,1.0839129517435104
1988-09-25,0.0,371.91,31.58,20.96,2472.85,0.9757337726066826
1988-09-26,0.0,381.44,31.0,20.1,2341.71,0.888766197222174
1988-09-27,0.0,402.56,30.01,18.34,2109.67,0.8548276312184633
1988-09-28,1.69,361.73,29.64,19.18,2229.45,0.8505853104679993
1988-09-29,6.93,275.99,30.02,20.54,2406.03,1.0393685838636402
1988-09-30,6.09,256.45,28.11,19.03,2204.89,0.9587644896048273
1988-10-01,14.3,238.69,27.95,19.66,2290.01,1.1390631214995404
1988-10-02,22.43,210.22,25.23,18.32,2106.37,2.0935852903539036
1988-10-03,32.65,269.41,25.48,15.98,1798.89,4.666552825510221
1988-10-04,0.0,450.43,24.91,10.73,1298.66,6.2574231069341595
1988-10-05,0.0,445.31,23.43,9.66,1212.82,5.302900938079797
1988-10-06,0.0,460.52,22.32,7.4,1032.39,2.6726620727922175
1988-10-07,0.0,454.6,22.81,8.07,1085.65,1.6226876870524178
1988-10-08,0.0,451.62,23.41,8.54,1122.98,1.2493634610116
1988-10-09,0.0,423.93,21.86,8.91,1152.64,1.0733071498673508
1988-10-10,0.12,348.86,21.49,11.91,1392.64,0.9799760933571464
1988-10-11,0.0,449.34,23.03,7.42,1033.38,0.9205836028506528
1988-10-12,0.0,452.94,25.06,7.92,1073.69,0.8633122727193909
1988-10-13,0.0,454.5,22.24,5.28,902.41,0.8017986218376653
1988-10-14,0.0,461.6,21.37,3.31,784.5,0.7381638105807077
1988-10-15,0.0,459.68,22.71,3.88,804.08,0.6999829238265332
1988-10-16,0.0,438.94,25.46,7.47,1037.27,0.6702866785732864
1988-10-17,0.0,407.21,26.82,10.69,1295.42,0.6490750748209672
1988-10-18,0.0,393.41,27.99,12.28,1422.3,0.6342269521943437
1988-10-19,0.0,359.87,27.97,14.17,1613.24,0.6193788295677203
1988-10-20,0.0,324.0,24.56,13.0,1487.39,0.6024095465658649
1988-10-21,0.0,321.69,25.26,13.63,1569.54,0.5939249050649372
1988-10-22,0.0,394.54,24.37,8.34,1107.24,0.5833191031887777
1988-10-23,0.0,397.13,25.01,8.26,1100.95,0.5705921409373861
1988-10-24,2.56,318.69,25.01,10.75,1299.9,0.5642286598116903
1988-10-25,0.0,402.65,23.9,6.1,928.6,0.5599863390612265
1988-10-26,0.0,393.03,24.74,7.21,1016.56,0.5430170560593712
1988-10-27,0.2,331.31,24.46,11.07,1325.44,0.5302900938079798
1988-10-28,0.0,312.65,27.06,14.12,1609.46,0.5281689334327477
1988-10-29,0.86,269.79,27.35,15.66,1772.51,0.5281689334327477
1988-10-30,0.0,234.93,23.21,14.2,1619.01,0.5281689334327477
1988-10-31,0.04,277.23,23.11,12.05,1404.14,0.5260477730575158
1988-11-01,0.83,187.8,18.85,11.62,1369.96,0.5196842919318201
1988-11-02,0.0,372.58,22.92,5.48,914.7,0.5324112541832116
1988-11-03,0.0,358.51,25.25,8.28,1102.13,0.5175631315565882
1988-11-04,0.95,280.92,27.0,13.86,1588.44,0.5090784900556604
1988-11-05,11.14,241.08,26.39,11.65,1371.93,0.545138216434603
1988-11-06,0.0,354.5,22.77,5.96,921.59,0.6639231974475905
1988-11-07,0.0,363.32,21.5,3.84,800.01,0.6490750748209672
1988-11-08,0.0,342.02,25.85,8.94,1155.05,0.6024095465658649
1988-11-09,0.0,234.99,27.5,16.87,1912.98,0.5557440183107627
1988-11-10,0.0,255.71,27.48,15.77,1781.22,0.5281689334327477
1988-11-11,2.68,264.15,25.3,11.05,1323.82,0.5069573296804286
1988-11-12,0.0,285.45,24.0,11.08,1326.49,0.496351527804269
1988-11-13,20.97,193.87,25.12,13.61,1567.41,0.653317395571431
1988-11-14,0.0,190.32,22.28,14.47,1638.97,0.8421006689670717
1988-11-15,0.0,219.7,26.0,16.59,1886.45,0.8039197822128972
1988-11-16,4.06,169.06,26.47,18.83,2174.36,0.7678600558339546
1988-11-17,9.53,238.63,23.72,8.98,1158.59,0.8484641500927674
1988-11-18,0.0,310.07,21.49,7.58,1046.14,1.1433054422500042
1988-11-19,6.86,206.88,25.0,12.65,1460.47,1.1433054422500042
1988-11-20,21.04,222.65,24.43,10.68,1294.79,1.5590528757954603
1988-11-21,0.0,285.34,16.38,4.35,827.88,2.3120648090027913
1988-11-22,0.0,301.36,17.37,4.26,820.53,1.6099607248010264
1988-11-23,0.0,323.45,19.71,4.5,840.31,1.1348208007490765
1988-11-24,0.0,336.0,20.0,3.48,791.0,0.9014931594735653
1988-11-25,0.0,325.4,22.07,6.11,934.38,0.780587018085346
1988-11-26,0.0,255.35,24.47,13.1,1497.78,0.7084675653274608
1988-11-27,20.72,182.92,24.67,13.9,1590.62,0.6745289993237501
1988-11-28,0.76,304.72,16.31,2.35,721.56,0.7911928199615056
1988-11-29,0.0,326.27,14.99,-0.69,584.9,1.0520955461150316
1988-11-30,0.0,316.52,17.79,2.4,727.21,1.0520955461150316
1988-12-01,0.0,338.72,17.64,-0.51,599.18,0.8993719990983334
1988-12-02,0.0,329.87,15.99,-1.06,560.0,0.7508907728320993
1988-12-03,0.0,326.6,15.39,-1.31,559.87,0.6702866785732864
1988-12-04,0.0,334.33,19.0,0.55,638.39,0.6236211503181841
1988-12-05,0.0,339.37,19.02,-0.41,598.4,0.5939249050649372
1988-12-06,0.0,331.25,17.92,-0.39,594.34,0.5705921409373861
1988-12-07,0.0,319.59,20.0,2.56,737.59,0.5557440183107627
1988-12-08,0.0,278.62,20.49,6.69,975.01,0.5430170560593712
1988-12-09,0.0,228.06,18.12,7.71,1056.68,0.5387747353089074
1988-12-10,0.0,188.47,11.98,3.99,808.0,0.5345324145584435
1988-12-11,36.34,74.33,8.0,4.18,817.25,0.9566433292295954
1988-12-12,4.05,117.21,8.41,2.21,719.27,2.5453924502783027
1988-12-13,0.0,313.93,12.75,-2.87,490.72,2.418122827764387
1988-12-14,0.0,328.8,17.0,-1.22,560.0,1.6502627719304326
1988-12-15,0.0,295.75,18.76,3.56,793.86,1.2111825742574256
1988-12-16,4.96,231.33,19.16,2.43,722.09,1.0011876971094655
1988-12-17,0.0,298.21,11.62,-3.35,480.0,0.9184624424754207
1988-12-18,0.0,315.13,12.02,-4.65,440.0,0.8569487915936952
1988-12-19,0.0,320.35,14.5,-3.22,480.0,0.7869504992110419
1988-12-20,0.0,333.07,20.0,-0.48,596.48,0.7339214898302439
1988-12-21,0.3,218.38,23.68,12.64,1453.38,0.7021040842017651
1988-12-22,2.0,192.19,23.68,13.44,1544.84,0.6851348011999097
1988-12-23,10.55,124.34,22.56,15.51,1760.41,0.7105887257026927
1988-12-24,14.97,83.81,20.9,15.85,1788.1,1.620566526677186
1988-12-25,8.34,232.74,20.87,6.26,940.88,3.881723486674411
1988-12-26,0.0,299.97,19.68,3.93,804.61,3.13931735534324
1988-12-27,0.0,268.79,21.53,7.99,1078.93,2.0511620828492654
1988-12-28,3.51,206.11,22.03,7.99,1079.41,1.4148139702796898
1988-12-29,0.0,272.44,12.64,-0.13,606.21,1.1857286497546426
1988-12-30,3.0,219.02,15.36,2.92,756.89,1.098761074370134
1988-12-31,1.5,245.73,14.0,1.39,681.55,1.0966399139949021
1989-01-01,13.67,173.78,21.92,11.91,1392.74,1.119972678122453
1989-01-02,0.0,295.88,19.96,6.22,941.79,1.122093838497685
1989-01-03,0.0,284.04,22.23,9.1,1168.07,1.3257252345199493
1989-01-04,0.0,346.55,24.61,4.16,813.04,1.2684539043886873
1989-01-05,0.0,315.33,18.0,3.11,768.43,1.041489744238872
1989-01-06,0.0,333.39,21.89,4.52,841.56,0.8802815557212463
1989-01-07,0.0,185.16,24.87,17.0,1920.0,0.8039197822128972
1989-01-08,0.12,254.47,24.62,13.31,1526.42,0.7572542539577949
1989-01-09,0.1,269.77,17.88,6.54,966.32,0.7169522068283886
1989-01-10,4.78,117.29,10.99,5.37,899.66,0.6830136408246779
1989-01-11,5.41,167.15,18.25,9.53,1202.69,0.6936194427008374
1989-01-12,4.41,146.13,23.29,15.89,1793.52,0.810283263338593
1989-01-13,3.09,235.94,23.65,9.09,1166.99,1.0075511782351614
1989-01-14,5.31,188.47,16.86,6.91,992.49,1.1602747252518595
1989-01-15,13.58,227.12,20.09,6.87,990.83,1.4487525362834006
1989-01-16,0.0,265.03,12.7,2.47,720.06,1.6799590171836796
1989-01-17,0.0,297.98,11.31,-0.56,592.34,1.4466313759081686
1989-01-18,10.8,246.52,15.7,1.86,701.9,1.1814863290041786
1989-01-19,9.61,140.28,14.03,7.26,1020.81,1.4826911022871112
1989-01-20,22.96,94.56,14.13,9.73,1218.0,2.290853205250472
1989-01-21,0.5,295.75,13.77,2.2,716.52,3.5635494303896236
1989-01-22,0.0,337.97,14.09,-0.16,604.23,3.4362798078757084
1989-01-23,0.0,366.59,18.5,1.07,649.05,2.4605460352690254
1989-01-24,0.0,370.73,20.32,2.29,720.0,1.76904775294342
1989-01-25,0.0,369.97,21.84,3.83,801.62,1.3363310363961087
1989-01-26,0.0,350.16,22.91,7.01,1000.64,1.147547763000468
1989-01-27,0.0,276.03,22.89,12.03,1402.52,1.0351262631131763
1989-01-28,0.0,366.46,20.75,4.12,815.58,0.9566433292295954
1989-01-29,0.0,352.99,22.35,6.87,989.83,0.8930085179726378
1989-01-30,0.81,269.75,23.72,13.15,1513.2,0.8463429897175356
1989-01-31,0.0,376.29,21.3,4.03,805.25,0.808162102963361
1989-02-01,0.0,374.33,23.52,6.1,935.01,0.8378583482166079
1989-02-02,0.0,225.77,25.27,16.72,1897.46,0.8463429897175356
1989-02-03,0.0,277.18,26.46,15.76,1781.19,0.7933139803367376
1989-02-04,0.32,399.6,23.42,4.06,818.08,0.7466484520816353
1989-02-05,1.92,141.84,8.15,3.42,783.14,0.7169522068283886
1989-02-06,0.0,164.14,7.78,2.91,757.22,0.7381638105807077
1989-02-07,1.28,237.79,7.2,-0.38,593.77,0.704225244576997
1989-02-08,0.0,238.13,6.71,-0.31,594.23,0.6851348011999097
1989-02-09,0.0,336.53,10.3,-0.75,579.77,0.6702866785732864
1989-02-10,0.0,377.6,10.34,-2.99,481.6,0.6448327540705033
1989-02-11,0.0,407.11,14.01,-2.01,520.33,0.6278634710686479
1989-02-12,0.0,423.01,18.36,0.22,617.84,0.6087730276915607
1989-02-13,0.0,405.76,22.65,5.48,914.98,0.5960460654401691
1989-02-14,0.0,322.03,25.61,13.68,1567.23,0.5854402635640096
1989-02-15,0.0,278.22,27.08,17.07,1936.39,0.5811979428135456
1989-02-16,0.0,274.25,26.68,17.0,1920.28,0.572713301312618
1989-02-17,0.0,347.15,23.49,11.04,1322.99,0.5769556220630819
1989-02-18,0.0,328.67,21.53,10.23,1258.6,0.5642286598116903
1989-02-19,2.55,145.93,12.08,7.04,1003.26,0.5663498201869224
1989-02-20,2.09,252.24,17.28,8.44,1115.59,0.6066518673163287
1989-02-21,25.43,256.57,23.24,11.53,1362.13,0.8039197822128972
1989-02-22,0.0,369.21,16.51,4.48,838.39,1.872984611329784
1989-02-23,0.0,346.93,7.18,-2.97,493.06,1.9260136207105822
1989-02-24,0.0,417.98,6.28,-6.97,361.34,1.408450489153994
1989-02-25,0.0,451.73,10.99,-4.82,434.85,1.0033088574846976
1989-02-26,0.0,421.23,17.25,3.08,767.07,0.8208890652147526
1989-02-27,0.0,385.41,22.13,9.61,1208.81,0.7466484520816353
1989-02-28,5.41,289.5,22.15,10.32,1265.65,0.7021040842017651
1989-03-01,0.0,290.6,17.27,9.26,1180.66,0.7572542539577949
1989-03-02,12.7,154.27,14.09,8.92,1153.37,1.0839129517435104
1989-03-03,26.44,189.3,15.75,9.46,1196.86,2.86356650656309
1989-03-04,0.0,351.78,20.57,10.9,1311.71,3.202952166600197
1989-03-05,3.13,272.91,24.39,14.28,1622.83,2.269641601498153
1989-03-06,7.68,376.34,18.99,1.31,670.54,1.8751057717050164
1989-03-07,0.0,153.87,3.21,-0.11,607.42,1.5781433191725476
1989-03-08,0.0,280.08,7.11,0.62,631.09,1.2642115836382235
1989-03-09,0.0,478.96,16.11,0.95,649.21,1.0669436687416551
1989-03-10,0.0,496.67,20.58,2.84,751.98,0.935431725477276
1989-03-11,0.0,505.11,24.5,4.61,849.14,0.8399795085918398
1989-03-12,0.0,505.55,27.54,6.56,965.1,0.7699812162091865
1989-03-13,0.0,479.86,27.32,9.57,1205.46,0.7148310464531566
1989-03-14,0.0,368.08,26.31,15.42,1753.66,0.6681655181980544
1989-03-15,0.0,392.98,27.69,15.77,1781.52,0.6490750748209672
1989-03-16,0.0,449.14,27.88,13.07,1493.11,0.6214999899429522
1989-03-17,0.0,425.29,27.0,13.73,1578.38,0.6130153484420245
1989-03-18,0.0,385.32,27.09,15.63,1770.5,0.598167225815401
1989-03-19,0.0,446.16,27.46,13.08,1502.37,0.57483446168785
1989-03-20,0.0,392.54,26.62,15.03,1718.71,0.5599863390612265
1989-03-21,16.61,272.29,26.1,15.65,1771.17,0.755133093582563
1989-03-22,21.66,335.65,19.73,6.56,965.09,1.9663156678399885
1989-03-23,36.73,144.23,12.06,7.55,1044.28,3.13931735534324
1989-03-24,0.02,213.15,14.13,9.14,1171.22,5.21805452307052
1989-03-25,0.0,406.3,18.34,7.64,1051.48,5.578651786859947
1989-03-26,0.0,432.45,23.27,11.08,1326.23,3.6908190529035387
1989-03-27,0.0,390.14,25.09,14.5,1649.43,2.269641601498153
1989-03-28,0.0,369.03,26.82,16.89,1911.99,1.5272354701669815
1989-03-29,0.0,292.32,26.92,19.45,2271.53,1.251484621386832
1989-03-30,38.39,334.63,26.2,13.62,1560.65,3.415068204123389
1989-03-31,0.0,447.64,26.67,13.89,1589.6,7.593754143330268
1989-04-01,0.0,512.61,20.35,4.96,876.54,8.90887357597406
1989-04-02,0.0,503.71,21.51,6.3,944.12,5.493805371850669
1989-04-03,0.0,445.07,24.68,11.93,1394.11,2.587815657782941
1989-04-04,0.0,315.0,27.08,18.64,2144.26,1.7032917813112307
1989-04-05,45.04,365.51,26.6,11.69,1375.33,2.9272013178200478
1989-04-06,0.0,527.92,21.97,5.11,888.66,6.342269521943437
1989-04-07,0.0,516.17,22.45,6.09,931.07,6.045307069410968
1989-04-08,0.0,421.6,23.67,11.88,1390.26,3.9453582979313686
1989-04-09,0.01,501.2,26.99,10.99,1318.9,2.3332764127551107
1989-04-10,7.5,262.39,14.94,6.56,964.89,1.5951126021744029
1989-04-11,1.56,400.5,11.6,2.0,709.78,1.361784960898892
1989-04-12,0.0,525.33,16.75,2.13,713.62,1.2429999798859044
1989-04-13,0.0,519.05,20.34,5.52,905.17,1.1433054422500042
1989-04-14,0.0,490.12,22.99,9.29,1183.51,1.0605801876159595
1989-04-15,0.57,413.53,22.64,12.17,1413.43,0.9990665367342337
1989-04-16,0.0,520.34,23.88,8.6,1128.37,0.9460375273534357
1989-04-17,0.0,543.05,25.54,8.27,1101.64,0.8972508387231015
1989-04-18,0.0,534.97,27.09,10.01,1240.74,0.8505853104679993
1989-04-19,0.0,486.97,28.17,13.67,1573.42,0.8908873575974059
1989-04-20,12.93,362.89,27.32,13.76,1580.89,0.7742235369596503
1989-04-21,0.0,521.55,26.5,10.37,1269.35,0.8378583482166079
1989-04-22,0.0,512.1,27.58,11.46,1357.06,0.8505853104679993
1989-04-23,0.0,469.65,28.42,14.12,1609.76,0.7508907728320993
1989-04-24,0.0,467.61,28.42,14.15,1612.33,0.676650159698982
1989-04-25,0.0,476.13,29.43,14.52,1643.61,0.6321057918191118
1989-04-26,0.0,464.5,30.35,15.71,1777.05,0.598167225815401
1989-04-27,0.0,482.85,30.9,15.12,1729.61,0.5621074994364584
1989-04-28,0.0,425.75,30.44,17.24,1957.84,0.549380537185067
1989-04-29,19.63,310.79,29.74,17.13,1940.34,0.7699812162091865
1989-04-30,17.37,297.85,27.56,15.99,1800.34,1.7414726680654051
1989-05-01,30.36,258.3,26.5,16.93,1914.96,1.872984611329784
1989-05-02,0.0,466.81,26.26,12.39,1430.92,2.142371978984238
1989-05-03,0.0,445.38,25.87,12.94,1475.23,1.620566526677186
1989-05-04,0.0,384.52,25.79,15.04,1716.91,1.2599692628877597
1989-05-05,32.95,292.25,26.88,15.9,1802.72,2.000254233843699
1989-05-06,0.0,449.99,27.46,14.28,1623.21,4.136262731702241
1989-05-07,0.0,517.8,27.42,11.03,1322.52,2.969624525324686
1989-05-08,0.0,488.66,26.03,11.36,1349.13,1.7138975831873904
1989-05-09,0.0,456.98,28.53,14.92,1700.59,1.145426602625236
1989-05-10,4.04,299.92,27.98,17.02,1929.41,0.9014931594735653
1989-05-11,3.69,409.13,24.29,9.89,1231.28,0.8399795085918398
1989-05-12,0.0,531.97,25.05,8.13,1090.49,0.8972508387231015
1989-05-13,0.0,479.85,25.49,11.22,1337.51,0.8251313859652163
1989-05-14,1.89,332.53,25.29,14.76,1681.25,0.7487696124568672
1989-05-15,0.58,395.0,28.01,16.47,1875.15,0.7211945275788523
1989-05-16,1.28,357.78,28.49,17.56,2009.36,0.7148310464531566
1989-05-17,0.61,335.17,27.89,18.77,2163.23,0.6639231974475905
1989-05-18,0.0,339.4,29.02,19.78,2303.46,0.6087730276915607
1989-05-19,54.13,270.71,28.94,19.17,2226.95,1.5145085079155898
1989-05-20,5.56,242.45,29.99,21.37,2539.64,2.5453924502783027
1989-05-21,25.7,281.15,29.15,19.15,2222.98,2.5241808465259834
1989-05-22,1.46,345.41,28.64,19.09,2215.0,2.0235869979712504
1989-05-23,3.88,297.49,30.3,20.81,2450.36,2.1041910922300633
1989-05-24,22.18,359.25,31.73,19.73,2295.76,1.5293566305422133
1989-05-25,0.0,374.97,31.5,21.53,2564.62,1.3787542439007472
1989-05-26,0.0,363.68,31.92,22.32,2690.75,1.1496689233757
1989-05-27,0.0,406.75,32.96,21.89,2622.81,1.2366364987602088
1989-05-28,0.0,410.17,32.95,21.81,2610.4,0.9460375273534357
1989-05-29,0.0,490.24,31.93,17.75,2039.82,0.6978617634513012
1989-05-30,0.0,459.03,32.0,19.16,2226.02,0.6002883861906331
1989-05-31,0.0,425.23,31.9,20.34,2374.81,0.545138216434603
1989-06-01,0.0,418.73,32.16,20.83,2452.75,0.5048361693051967
1989-06-02,0.0,418.03,31.85,20.66,2425.63,0.47089760330148595
1989-06-03,16.57,330.85,31.61,19.59,2280.11,0.4602918014253264
1989-06-04,6.38,284.46,29.34,19.82,2307.01,0.9630068103552911
1989-06-05,13.07,302.82,29.6,20.99,2478.99,1.7796535548195798
1989-06-06,22.14,314.49,28.02,17.7,2026.92,2.4393344315167065
1989-06-07,0.0,462.94,29.87,17.77,2042.71,3.0120477328293247
1989-06-08,70.8,328.65,29.9,18.76,2161.16,3.2241637703525163
1989-06-09,11.99,342.79,30.0,18.12,2088.83,5.8544026356400956
1989-06-10,0.0,439.32,30.0,18.87,2178.82,7.890716595862737
1989-06-11,0.0,388.85,31.34,21.77,2602.54,8.717969142203186
1989-06-12,0.0,394.19,32.01,22.25,2680.79,5.769556220630818
1989-06-13,0.0,382.64,32.0,22.62,2739.39,2.2484299977458337
1989-06-14,0.0,373.92,31.78,22.74,2758.53,1.510266187165126
1989-06-15,31.25,271.62,29.02,20.78,2445.17,2.3332764127551107
1989-06-16,7.62,304.21,25.66,18.2,2093.53,3.499914619132666
1989-06-17,0.0,488.84,28.42,16.13,1825.9,3.0756825440862823
1989-06-18,0.0,455.91,30.5,19.02,2203.54,2.0447986017235693
1989-06-19,23.53,320.96,31.18,20.5,2400.04,1.4169351306549216
1989-06-20,5.94,298.45,28.82,19.74,2297.62,1.870863450954552
1989-06-21,0.16,407.85,30.8,20.71,2433.8,2.0660102054758887
1989-06-22,0.0,414.01,30.5,20.42,2386.96,1.3978446872778345
1989-06-23,0.14,422.23,30.95,20.48,2396.22,1.9260136207105822
1989-06-24,0.0,413.2,30.72,20.64,2422.63,1.796622837821435
1989-06-25,0.7,418.94,31.08,20.5,2400.0,1.226030696884049
1989-06-26,3.12,393.98,31.88,21.02,2483.32,1.0393685838636402
1989-06-27,0.0,394.89,31.47,21.85,2615.65,0.9566433292295954
1989-06-28,2.17,318.64,30.52,22.8,2768.3,1.0139146593608572
1989-06-29,20.08,279.81,30.88,22.23,2676.81,1.0075511782351614
1989-06-30,28.94,319.31,30.51,20.37,2379.0,2.7787200915538133
1989-07-01,14.3,284.98,30.37,21.69,2590.53,4.645341221757902
1989-07-02,45.41,301.27,30.23,20.99,2478.65,4.369590372977752
1989-07-03,28.64,265.4,29.04,21.37,2539.43,8.251313859652162
1989-07-04,30.74,260.82,28.42,21.01,2481.92,11.24214998872917
1989-07-05,15.05,264.59,28.22,20.74,2437.82,13.702696023998195
1989-07-06,0.0,379.43,30.0,21.63,2580.86,11.687593667527873
1989-07-07,1.87,383.02,31.41,21.41,2545.95,9.587644896048271
1989-07-08,14.28,347.41,31.97,21.93,2629.38,7.2967916907978
1989-07-09,1.19,411.3,32.0,21.78,2604.17,5.72713301312618
1989-07-10,5.2,383.69,31.98,21.14,2502.48,3.4574914116280278
1989-07-11,0.0,462.9,32.5,21.03,2484.22,2.693873676544537
1989-07-12,0.0,449.19,33.5,22.27,2682.56,2.227218393993515
1989-07-13,0.0,444.35,34.0,22.77,2762.56,1.6969283001855349
1989-07-14,26.21,303.58,31.75,22.34,2694.79,1.4508736966586324
1989-07-15,10.85,295.13,30.77,21.85,2616.39,2.2060067902411955
1989-07-16,0.05,388.29,31.78,22.8,2767.69,3.0756825440862823
1989-07-17,0.0,442.65,32.32,21.53,2564.31,1.9260136207105822
1989-07-18,0.0,417.67,32.3,22.41,2705.5,1.3957235269026025
1989-07-19,5.96,379.51,33.0,22.39,2702.83,1.308755951518094
1989-07-20,2.28,369.85,32.11,22.44,2710.08,1.306634791142862
1989-07-21,0.0,449.58,30.21,19.63,2282.17,1.0308839423627125
1989-07-22,7.57,395.46,30.43,20.08,2334.62,0.9269470839763485
1989-07-23,7.13,295.54,28.9,20.29,2371.85,1.1772440082537148
1989-07-24,10.88,295.61,29.63,20.93,2469.58,1.7457149888158692
1989-07-25,5.99,299.44,30.26,21.35,2535.67,2.5241808465259834
1989-07-26,4.5,328.48,31.0,21.06,2490.15,2.587815657782941
1989-07-27,4.95,422.93,33.0,21.46,2554.03,2.290853205250472
1989-07-28,8.86,350.32,33.3,21.48,2556.47,1.9641945074647567
1989-07-29,15.19,346.78,33.0,21.11,2498.24,3.5847610341419425
1989-07-30,0.0,422.32,33.0,22.61,2737.09,3.033259336581644
1989-07-31,10.35,352.5,32.1,21.72,2595.93,1.8602576490783926
1989-08-01,11.9,287.41,30.89,22.07,2651.95,1.3893600457769066
1989-08-02,4.18,353.06,32.1,22.66,2745.15,1.2133037346326574
1989-08-03,0.0,415.39,32.5,22.28,2685.21,1.0520955461150316
1989-08-04,0.0,433.12,33.5,22.33,2692.62,0.9481586877286676
1989-08-05,0.0,422.91,34.0,23.0,2799.99,0.8569487915936952
1989-08-06,0.0,428.89,34.41,23.03,2805.49,0.7742235369596503
1989-08-07,0.0,435.48,34.11,22.51,2721.15,0.7169522068283886
1989-08-08,8.56,337.35,31.07,19.66,2292.4,0.8908873575974059
1989-08-09,0.0,499.92,27.5,14.63,1662.92,0.8824027160964782
1989-08-10,0.0,500.24,29.42,16.02,1810.0,0.7190733672036205
1989-08-11,0.0,463.94,30.0,18.03,2074.01,0.6554385559466629
1989-08-12,0.0,462.04,30.5,18.46,2116.84,0.6066518673163287
1989-08-13,0.0,460.34,30.59,18.5,2120.0,0.5769556220630819
1989-08-14,0.0,459.53,30.8,18.58,2132.82,0.5472593768098349
1989-08-15,0.0,452.43,30.95,18.9,2183.63,0.5260477730575158
1989-08-16,0.0,451.48,31.5,19.29,2245.55,0.5196842919318201
1989-08-17,0.0,451.41,31.93,19.53,2282.29,0.5090784900556604
1989-08-18,2.39,415.94,32.4,19.98,2319.27,0.5790767824383137
1989-08-19,0.0,430.59,32.0,20.26,2362.05,0.4899880466785732
1989-08-20,0.0,418.91,32.5,21.05,2487.41,0.48150340517764556
1989-08-21,0.0,407.25,32.72,21.59,2574.09,0.4645341221757902
1989-08-22,0.0,374.91,32.94,22.82,2771.46,0.4560494806748625
1989-08-23,4.08,263.7,32.43,23.21,2833.4,0.5090784900556604
1989-08-24,0.0,361.74,33.0,23.22,2835.57,0.4242320750463837
1989-08-25,0.0,390.81,34.03,23.0,2800.0,0.40302047129406454
1989-08-26,0.0,419.95,34.99,22.55,2727.63,0.38180886754174537
1989-08-27,0.0,416.26,35.5,23.0,2800.0,0.40302047129406454
1989-08-28,2.84,340.18,34.17,22.64,2742.19,0.38180886754174537
1989-08-29,8.08,283.36,33.07,22.99,2798.29,0.36059726378942614
1989-08-30,0.0,366.28,33.46,23.23,2836.55,0.4242320750463837
1989-08-31,0.0,379.37,34.48,23.5,2880.84,0.38180886754174537
1989-09-01,0.0,370.82,35.0,24.13,3016.26,0.36059726378942614
1989-09-02,0.0,396.64,35.09,23.14,2824.24,0.3499914619132666
1989-09-03,1.51,390.99,35.51,22.23,2676.31,0.339385660037107
1989-09-04,0.0,405.16,34.11,21.9,2623.45,0.3287798581609474
1989-09-05,6.32,290.83,30.97,22.15,2664.24,0.3287798581609474
1989-09-06,3.16,256.06,30.2,22.11,2657.04,0.3287798581609474
1989-09-07,3.53,294.61,32.0,21.85,2615.92,0.339385660037107
1989-09-08,0.0,377.97,32.83,22.0,2640.0,0.3499914619132666
1989-09-09,0.19,367.47,33.02,22.5,2720.25,0.36059726378942614
1989-09-10,0.0,376.26,32.77,22.0,2640.73,0.36059726378942614
1989-09-11,1.8,363.77,33.0,21.67,2587.47,0.40302047129406454
1989-09-12,3.16,347.02,32.5,21.18,2508.11,0.37120306566558575
1989-09-13,0.0,395.1,32.77,21.17,2507.88,0.46665528255102207
1989-09-14,0.0,404.69,32.27,20.34,2373.82,0.6575597163218948
1989-09-15,0.0,391.75,31.58,20.3,2367.91,0.5621074994364584
1989-09-16,0.0,412.13,27.34,16.01,1814.63,0.4878668863033413
1989-09-17,0.0,459.39,28.59,14.67,1667.83,0.44544367879870295
1989-09-18,0.0,466.51,29.62,14.82,1688.93,0.40302047129406454
1989-09-19,0.0,468.97,30.47,15.03,1715.34,0.36059726378942614
1989-09-20,0.0,459.3,30.35,15.32,1745.65,0.3499914619132666
1989-09-21,0.0,443.97,29.85,15.62,1769.25,0.3287798581609474
1989-09-22,0.0,429.52,29.87,16.18,1828.47,0.31817405628478784
1989-09-23,0.0,424.27,28.69,15.34,1745.48,0.30756825440862817
1989-09-24,0.0,470.92,26.66,10.76,1301.06,0.2969624525324686
1989-09-25,1.78,271.27,20.35,13.32,1530.7,0.30756825440862817
1989-09-26,0.91,166.78,19.1,14.9,1698.79,0.31817405628478784
1989-09-27,0.0,253.1,22.87,16.36,1855.55,0.3287798581609474
1989-09-28,11.31,180.08,23.81,17.61,2017.48,0.37120306566558575
1989-09-29,19.03,105.42,20.32,16.97,1928.59,0.5515016975602989
1989-09-30,29.4,150.28,22.3,17.36,1981.52,0.8908873575974059
1989-10-01,4.45,252.0,23.63,14.79,1684.12,5.621074994364585
1989-10-02,0.0,393.31,26.0,14.64,1662.54,2.4393344315167065
1989-10-03,0.0,430.53,30.0,15.65,1771.93,1.1136091969967574
1989-10-04,0.0,428.58,30.44,15.89,1790.96,0.8251313859652163
1989-10-05,0.0,454.77,29.52,12.85,1468.31,0.6639231974475905
1989-10-06,0.0,443.51,30.0,13.66,1572.4,0.5705921409373861
1989-10-07,0.0,365.58,29.83,17.99,2078.28,0.5154419711813563
1989-10-08,4.63,310.35,28.74,14.34,1632.36,0.4921092070538051
1989-10-09,0.0,438.47,24.58,9.2,1175.93,0.47938224480241365
1989-10-10,0.0,440.43,24.18,8.39,1111.09,0.4645341221757902
1989-10-11,0.0,448.22,26.5,8.99,1159.53,0.4412013580482391
1989-10-12,0.0,433.04,28.14,11.15,1332.24,0.4242320750463837
1989-10-13,0.0,373.98,27.49,14.3,1633.34,0.41574743354545607
1989-10-14,3.03,221.8,23.74,15.96,1801.14,0.417868593920688
1989-10-15,0.0,276.65,25.51,16.81,1904.41,0.4581706410500944
1989-10-16,3.16,241.98,28.19,19.54,2272.38,0.47301876367671786
1989-10-17,16.57,137.45,26.89,21.19,2511.12,0.598167225815401
1989-10-18,8.02,243.45,24.0,13.74,1572.2,1.4190562910301536
1989-10-19,0.0,371.07,15.33,3.95,812.34,1.539962432418373
1989-10-20,0.0,404.2,12.25,-0.66,580.41,1.0181569801113208
1989-10-21,0.0,433.89,15.94,0.16,618.7,0.7890716595862738
1989-10-22,0.0,443.33,22.09,3.54,796.8,0.680892480449446
1989-10-23,0.0,421.21,24.0,7.07,1005.27,0.6193788295677203
1989-10-24,0.0,416.92,24.99,7.89,1070.88,0.5769556220630819
1989-10-25,0.0,416.63,24.99,7.33,1026.51,0.545138216434603
1989-10-26,0.0,413.74,25.0,6.85,988.23,0.521805452307052
1989-10-27,0.0,405.67,25.5,7.41,1032.87,0.5027150089299647
1989-10-28,0.0,393.67,26.0,8.36,1109.03,0.48574572592810933
1989-10-29,0.0,382.08,26.1,8.79,1143.47,0.47301876367671786
1989-10-30,0.0,384.2,26.02,7.95,1076.0,0.4624129618005583
1989-10-31,0.0,349.73,25.86,10.21,1256.94,0.4539283202996306
1989-11-01,0.0,309.66,22.06,9.27,1181.83,0.4475648391739348
1989-11-02,12.15,213.87,21.96,10.42,1273.87,0.4624129618005583
1989-11-03,6.45,262.61,18.33,4.32,826.99,0.6087730276915607
1989-11-04,0.0,369.23,18.78,2.09,712.33,0.6702866785732864
1989-11-05,0.0,363.09,22.23,5.31,898.1,0.6151365088172563
1989-11-06,0.0,308.28,26.0,12.19,1415.05,0.5790767824383137
1989-11-07,28.76,153.21,25.96,17.41,1986.02,0.6851348011999097
1989-11-08,69.3,94.9,23.5,18.5,2119.75,6.00288386190633
1989-11-09,19.14,230.87,23.49,10.15,1251.66,10.223993008617848
1989-11-10,0.0,358.63,22.92,5.78,920.97,11.072457158710616
1989-11-11,0.0,359.57,25.0,7.08,1006.67,7.827081784605779
1989-11-12,0.0,345.64,25.03,8.14,1091.1,3.1181057515909205
1989-11-13,0.0,311.82,24.01,9.59,1206.86,1.720261064313086
1989-11-14,24.13,202.99,24.33,14.09,1607.15,1.3511791590227322
1989-11-15,25.27,146.42,25.55,17.03,1926.79,2.396911224012068
1989-11-16,29.77,273.11,25.02,4.49,839.23,6.999829238265332
1989-11-17,0.0,311.5,12.37,-1.77,536.32,8.548276312184633
1989-11-18,0.0,285.91,14.14,1.36,669.3,5.8544026356400956
1989-11-19,0.0,225.14,17.46,7.71,1056.85,2.842354902810771
1989-11-20,0.0,292.21,20.0,6.21,936.82,1.904802016958263
1989-11-21,0.0,303.36,23.48,8.4,1111.61,1.563295196545924
1989-11-22,6.19,167.32,22.4,13.55,1559.62,1.4020870080282983
1989-11-23,16.47,241.44,21.12,4.86,867.82,1.794501677446203
1989-11-24,0.0,308.42,13.44,-0.85,572.84,2.184795186488876
1989-11-25,0.0,303.28,16.81,2.6,731.29,1.8623788094536244
1989-11-26,0.0,244.06,22.01,11.03,1322.58,1.510266187165126
1989-11-27,0.0,195.95,24.24,15.58,1766.3,1.3151194326437896
1989-11-28,8.16,127.53,24.0,16.69,1893.4,1.3448156778970364
1989-11-29,6.41,231.39,19.44,5.33,905.21,2.227218393993515
1989-11-30,0.0,312.95,12.99,-1.2,560.0,1.9493463848381334
1989-12-01,0.0,289.21,14.19,1.54,682.1,1.3405733571465728
1989-12-02,0.0,212.84,15.52,6.92,993.97,1.1411842818747722
1989-12-03,0.0,261.46,13.4,2.52,730.98,1.0542167064902634
1989-12-04,0.0,325.32,10.81,-4.39,439.99,0.9672491311057548
1989-12-05,0.0,337.95,14.68,-2.45,511.68,0.9142201217249569
1989-12-06,0.0,327.85,20.33,3.26,772.37,0.8908873575974059
1989-12-07,31.06,125.69,20.41,13.43,1543.09,0.9481586877286676
1989-12-08,61.14,203.41,19.24,6.81,987.05,4.157474335454561
1989-12-09,0.11,218.76,9.73,0.95,649.22,8.187679048395205
1989-12-10,0.0,293.5,11.0,-2.07,526.4,9.714914518562187
1989-12-11,0.0,309.39,17.06,2.18,717.9,7.996774614624334
1989-12-12,23.72,232.69,18.82,3.6,794.21,4.199897542959199
1989-12-13,0.0,293.56,7.75,-5.02,425.01,3.6483958453989
1989-12-14,0.0,313.14,10.45,-4.24,445.05,3.5211262228849853
1989-12-15,1.1,299.41,15.71,-1.43,553.35,2.9059897140677284
1989-12-16,2.57,332.72,18.37,-6.55,372.06,2.5666040540306216
1989-12-17,0.0,219.62,3.1,-5.08,427.73,2.290853205250472
1989-12-18,2.83,98.84,3.43,-0.92,572.45,1.9260136207105822
1989-12-19,11.18,109.22,7.51,2.13,712.21,1.807228639697595
1989-12-20,2.09,155.15,7.44,1.07,658.56,2.736296884049175
1989-12-21,0.0,203.93,7.07,-0.56,586.55,2.9059897140677284
1989-12-22,0.0,350.17,9.46,-9.57,293.0,2.4393344315167065
1989-12-23,0.0,247.13,-5.0,-14.37,200.0,1.8178344415737544
1989-12-24,0.0,283.28,-2.74,-14.03,200.14,1.4636006589100239
1989-12-25,0.0,323.27,3.29,-11.24,261.41,1.306634791142862
1989-12-26,0.0,330.77,10.77,-5.3,414.96,1.2833020270153108
1989-12-27,0.0,344.58,18.01,-1.45,554.02,1.2981501496419343
1989-12-28,0.0,341.28,19.77,0.06,605.46,1.2917866685162385
1989-12-29,4.78,239.62,19.93,4.3,824.04,1.2642115836382235
1989-12-30,6.85,121.74,18.26,12.06,1405.03,1.3787542439007472
1989-12-31,36.49,145.91,20.07,11.94,1394.96,4.666552825510221
1990-01-01,5.1,246.59,16.23,0.91,648.87,8.378583482166079
1990-01-02,0.0,256.87,12.46,2.31,720.0,6.363481125695756
1990-01-03,0.0,228.33,13.65,4.86,869.06,3.9241466941790497
1990-01-04,5.75,211.48,18.11,6.87,989.68,3.3938566003710697
1990-01-05,15.11,82.03,18.58,14.46,1637.02,3.287798581609474
1990-01-06,26.91,120.95,18.19,12.07,1405.42,5.111996504308924
1990-01-07,16.42,102.98,14.39,9.39,1191.29,6.936194427008374
1990-01-08,8.97,140.9,12.23,5.39,904.3,7.657388954587226
1990-01-09,0.0,302.69,14.73,2.0,720.0,7.593754143330268
1990-01-10,0.0,336.0,19.47,3.33,786.12,5.663498201869223
1990-01-11,0.0,346.19,21.27,3.68,797.42,3.7544538641604963
1990-01-12,0.0,347.12,21.46,3.91,800.14,2.6514504690398986
1990-01-13,0.0,352.34,14.55,-2.19,520.0,2.121160375231919
1990-01-14,0.0,350.14,13.88,-2.33,520.0,1.8348037245756095
1990-01-15,0.0,347.98,17.79,1.45,676.21,1.6969283001855349
1990-01-16,0.0,304.78,21.15,8.17,1093.4,1.5802644795477794
1990-01-17,0.0,254.26,21.0,11.03,1322.67,1.512387347540358
1990-01-18,14.65,153.79,22.06,14.25,1620.56,1.5548105550449964
1990-01-19,7.02,120.13,19.92,14.46,1637.14,1.9429829037124373
1990-01-20,9.11,137.42,22.81,15.93,1794.57,2.418122827764387
1990-01-21,43.29,224.76,21.74,9.49,1199.2,5.918037446897053
1990-01-22,0.0,349.35,18.03,2.79,744.74,8.654334330946229
1990-01-23,0.0,367.18,19.0,1.94,715.36,7.848293388358099
1990-01-24,8.16,260.12,20.5,5.94,928.81,4.369590372977752
1990-01-25,54.42,201.67,20.8,10.7,1295.96,4.751399240519498
1990-01-26,0.0,350.25,13.7,-0.42,599.65,8.230102255899844
1990-01-27,0.0,361.36,16.34,1.18,654.75,9.481586877286675
1990-01-28,0.0,341.66,19.5,5.67,916.71,9.566433292295953
1990-01-29,13.39,225.31,19.59,8.39,1110.98,7.190733672036204
1990-01-30,0.98,346.91,15.79,2.33,720.0,4.708976033014859
1990-01-31,0.0,343.59,16.65,3.53,792.28,4.008993109188326
1990-02-01,0.0,344.17,20.35,6.78,982.65,3.309010185361793
1990-02-02,0.0,248.82,23.43,14.49,1646.25,2.7999316953061326
1990-02-03,0.31,174.26,24.51,18.37,2109.96,2.418122827764387
1990-02-04,19.54,275.98,24.63,8.77,1141.54,3.669607449151219
1990-02-05,0.0,306.46,12.85,2.26,722.13,5.705921409373861
1990-02-06,0.0,318.68,15.21,3.82,798.77,4.539283202996306
1990-02-07,7.92,170.37,16.84,9.24,1179.55,3.818088675417453
1990-02-08,0.0,297.31,21.04,10.36,1268.86,3.6483958453989
1990-02-09,9.91,150.14,19.5,12.98,1480.63,3.7332422604081765
1990-02-10,26.4,190.73,22.48,14.01,1600.95,5.621074994364585
1990-02-11,0.0,389.6,19.11,4.34,833.77,8.272525463404483
1990-02-12,0.0,408.05,21.0,4.55,843.82,9.3967404622774
1990-02-13,0.0,413.91,23.72,6.29,943.15,7.402849709559396
1990-02-14,0.0,333.0,23.72,12.24,1418.95,4.199897542959199
1990-02-15,33.12,151.68,23.75,17.5,2000.0,7.975563010872015
1990-02-16,17.64,136.54,23.48,17.98,2069.06,9.3967404622774
1990-02-17,6.36,272.84,19.54,8.24,1098.92,8.972508387231017
1990-02-18,5.2,180.13,14.02,8.63,1130.31,7.805870180853461
1990-02-19,57.04,95.25,12.25,8.98,1158.39,9.036143198487974
1990-02-20,1.87,280.29,15.19,7.26,1020.81,10.605801876159594
1990-02-21,0.0,360.94,19.97,8.92,1153.83,13.426945175218044
1990-02-22,55.92,219.89,20.4,12.22,1417.48,13.172405930190214
1990-02-23,0.0,395.88,20.91,8.55,1124.3,12.599692628877596
1990-02-24,0.0,416.99,16.11,3.2,776.34,14.360255740320088
1990-02-25,0.0,449.25,20.27,4.44,834.99,12.345153383849766
1990-02-26,0.0,450.14,17.85,2.69,736.36,9.290682443515804
1990-02-27,0.0,447.69,20.13,4.91,872.72,5.324112541832116
1990-02-28,0.0,440.87,22.24,7.26,1021.09,3.7332422604081765
1990-03-01,0.0,424.92,22.91,9.08,1166.61,3.2453753741048357
1990-03-02,15.06,277.38,21.09,10.48,1278.57,3.033259336581644
1990-03-03,0.5,371.08,15.6,5.29,892.16,3.5635494303896236
1990-03-04,0.0,470.03,18.24,2.45,721.98,3.6483958453989
1990-03-05,0.0,480.88,20.5,3.08,766.66,3.13931735534324
1990-03-06,0.0,478.57,22.0,4.7,855.67,2.6726620727922175
1990-03-07,0.0,441.5,23.74,9.1,1168.11,2.3332764127551107
1990-03-08,0.0,349.24,23.05,13.05,1489.42,2.1635835827365573
1990-03-09,0.6,217.37,21.4,15.6,1769.94,2.061767884725425
1990-03-10,1.83,288.35,24.57,15.81,1790.05,2.0532832432244974
1990-03-11,0.0,334.4,25.47,15.94,1796.05,2.0235869979712504
1990-03-12,0.0,292.9,25.55,17.44,1990.35,1.9069231773334947
1990-03-13,0.0,306.53,25.11,16.79,1903.43,1.807228639697595
1990-03-14,0.0,325.71,25.88,17.08,1932.01,1.7287457058140139
1990-03-15,33.81,320.25,24.28,12.35,1434.14,1.957831026339061
1990-03-16,88.97,159.93,16.05,11.25,1340.38,7.1483104645315665
1990-03-17,18.14,258.72,15.44,7.31,1024.71,11.857286497546426
1990-03-18,0.0,501.35,21.5,5.45,915.62,14.296620929063133
1990-03-19,0.0,471.08,22.94,8.78,1142.38,12.408788195106725
1990-03-20,0.0,538.26,20.44,0.53,631.23,9.227047632258845
1990-03-21,0.0,514.46,16.85,0.03,602.78,4.942303674290371
1990-03-22,0.0,517.64,20.76,2.82,745.58,3.202952166600197
1990-03-23,0.0,500.98,23.7,6.51,961.04,2.6726620727922175
1990-03-24,0.0,479.96,25.08,9.0,1160.0,2.396911224012068
1990-03-25,0.0,474.69,25.48,9.65,1212.04,2.184795186488876
1990-03-26,0.0,463.07,24.9,9.91,1232.7,2.006617714969395
1990-03-27,0.0,473.8,21.68,6.75,980.38,1.8581364887031608
1990-03-28,0.0,427.46,21.56,9.05,1163.86,1.7329880265644775
1990-03-29,2.58,356.7,24.33,12.23,1418.61,1.6502627719304326
1990-03-30,26.19,238.36,24.06,15.45,1755.72,2.142371978984238
1990-03-31,4.43,208.51,22.0,14.85,1691.83,3.309010185361793
1990-04-01,0.0,428.83,24.55,12.23,1418.26,3.7120306566558576
1990-04-02,0.0,422.52,26.52,14.17,1613.61,2.7999316953061326
1990-04-03,5.05,446.01,23.09,5.89,929.77,2.1190392148566866
1990-04-04,0.0,513.12,19.85,4.18,821.8,2.0702525262263527
1990-04-05,0.0,527.14,23.5,6.31,945.19,1.8857115735811758
1990-04-06,0.0,481.85,25.81,11.1,1327.65,1.6078395644257943
1990-04-07,0.0,551.84,23.23,3.97,810.7,1.4551160174090962
1990-04-08,0.0,515.99,18.32,2.43,721.23,1.3511791590227322
1990-04-09,0.0,530.37,21.86,4.3,823.62,1.2726962251391514
1990-04-10,0.0,487.93,25.0,9.42,1193.22,1.2493634610116
1990-04-11,13.37,324.01,24.47,11.51,1360.85,1.7563207906920286
1990-04-12,0.0,497.02,20.68,5.05,884.33,1.898438535832567
1990-04-13,0.0,496.77,21.32,5.48,917.73,1.5887491210487072
1990-04-14,0.0,481.56,23.5,8.1,1088.31,1.3914812061521387
1990-04-15,25.69,287.07,23.35,12.01,1400.43,4.136262731702241
1990-04-16,0.0,462.17,24.79,9.91,1232.79,4.093839524197603
1990-04-17,0.0,486.79,26.83,10.39,1271.5,2.4817576390213447
1990-04-18,0.0,478.25,26.41,10.5,1279.67,1.7160187435626222
1990-04-19,0.0,404.17,23.98,11.86,1389.12,1.3999658476530663
1990-04-20,0.0,288.63,24.3,16.13,1822.36,1.2578481025125279
1990-04-21,0.0,391.69,26.77,15.16,1732.91,1.19421329125557
1990-04-22,1.13,383.3,28.0,16.46,1863.7,1.198455612006034
1990-04-23,9.99,331.63,28.2,14.65,1665.31,2.290853205250472
1990-04-24,0.0,426.77,28.34,15.5,1760.0,2.736296884049175
1990-04-25,0.0,378.45,27.66,16.8,1904.29,1.8623788094536244
1990-04-26,0.0,429.81,27.6,14.97,1706.52,1.3723907627750513
1990-04-27,4.43,321.21,26.99,16.67,1887.18,1.2048190931317297
1990-04-28,13.43,243.15,25.39,16.69,1894.29,1.3511791590227322
1990-04-29,0.0,468.97,27.48,13.31,1529.37,1.3745119231502831
1990-04-30,0.0,387.99,29.03,17.69,2030.83,1.2429999798859044
1990-05-01,0.0,352.12,30.26,20.0,2320.0,1.1093668762462934
1990-05-02,0.0,361.53,30.25,19.74,2298.76,1.0011876971094655
1990-05-03,0.0,314.85,29.48,20.7,2432.27,0.9269470839763485
1990-05-04,0.1,291.84,29.48,21.44,2550.2,0.8739180745955505
1990-05-05,2.73,252.16,26.53,19.17,2221.37,0.8781603953460143
1990-05-06,0.0,465.15,24.35,11.72,1377.62,0.8908873575974059
1990-05-07,0.0,511.2,24.39,9.86,1229.05,0.8251313859652163
1990-05-08,0.0,499.61,25.81,11.67,1373.59,0.7827081784605779
1990-05-09,32.72,332.7,26.14,14.44,1642.57,1.0075511782351614
1990-05-10,0.0,442.98,28.84,16.81,1906.25,3.2241637703525163
1990-05-11,0.0,540.73,26.94,10.56,1284.69,2.6514504690398986
1990-05-12,0.0,475.6,26.07,13.25,1519.21,1.5484470739193006
1990-05-13,106.89,276.05,26.54,17.44,1990.64,5.72713301312618
1990-05-14,0.08,324.71,26.31,18.57,2135.49,18.02986318947131
1990-05-15,8.94,325.0,28.57,20.09,2335.4,29.69624525324686
1990-05-16,0.0,383.41,30.11,20.44,2391.02,21.42371978984238
1990-05-17,0.0,346.1,30.01,21.6,2575.34,13.151194326437896
1990-05-18,0.0,509.25,29.37,15.33,1746.11,6.999829238265332
1990-05-19,0.0,443.27,27.98,16.99,1928.43,4.199897542959199
1990-05-20,0.0,406.93,29.97,19.81,2305.09,2.5453924502783027
1990-05-21,6.9,335.59,31.07,19.3,2239.94,1.8029863189471307
1990-05-22,12.57,338.29,29.48,17.9,2063.04,2.3332764127551107
1990-05-23,0.0,534.65,27.6,12.58,1446.52,2.715085280296856
1990-05-24,0.0,504.62,27.0,13.66,1572.53,2.227218393993515
1990-05-25,0.0,507.84,29.0,14.99,1718.28,1.7817747151948118
1990-05-26,0.0,455.14,30.0,18.07,2085.5,1.590870281423939
1990-05-27,0.0,421.4,31.36,20.36,2377.85,1.3999658476530663
1990-05-28,20.62,332.93,29.87,18.29,2099.97,1.4954180645385027
1990-05-29,4.1,377.76,26.56,16.35,1854.94,3.181740562847878
1990-05-30,0.0,511.0,28.64,14.5,1640.21,2.969624525324686
1990-05-31,0.0,464.86,29.51,17.18,1950.62,1.6969283001855349
1990-06-01,21.43,259.99,28.22,19.93,2314.47,1.7817747151948118
1990-06-02,42.72,307.9,30.5,19.94,2319.32,4.666552825510221
1990-06-03,0.0,392.77,32.11,21.79,2605.67,10.287627819874805
1990-06-04,7.28,339.22,32.0,21.23,2516.16,15.908702814239389
1990-06-05,1.35,427.68,32.3,19.84,2306.99,11.24214998872917
1990-06-06,0.0,420.6,31.84,20.65,2423.33,5.621074994364585
1990-06-07,0.0,419.36,32.73,21.46,2554.28,2.9059897140677284
1990-06-08,1.13,435.0,32.51,19.5,2280.22,2.0151023564703228
1990-06-09,0.0,439.41,31.95,20.1,2335.98,1.8666211302040883
1990-06-10,4.28,405.31,31.96,20.14,2342.46,1.590870281423939
1990-06-11,8.51,346.99,32.68,19.99,2319.6,1.6863224983093752
1990-06-12,0.0,488.94,32.0,18.03,2082.55,2.715085280296856
1990-06-13,0.0,438.63,32.15,20.17,2347.41,1.3787542439007472
1990-06-14,0.0,407.03,32.04,21.14,2502.3,1.0393685838636402
1990-06-15,0.0,451.0,32.81,20.06,2329.01,0.9439163669782038
1990-06-16,0.0,412.15,32.98,21.58,2572.32,0.8633122727193909
1990-06-17,0.15,358.7,32.55,23.0,2800.56,0.8124044237138248
1990-06-18,0.0,386.16,33.5,22.99,2798.16,0.7699812162091865
1990-06-19,0.32,439.56,34.7,21.6,2575.86,0.7360426502054758
1990-06-20,0.0,422.99,35.25,22.93,2789.06,0.7105887257026927
1990-06-21,0.0,414.73,34.93,23.0,2800.0,0.6999829238265332
1990-06-22,3.19,366.69,34.04,22.82,2771.85,0.6957406030760693
1990-06-23,18.53,299.2,29.92,19.7,2294.18,0.8272525463404482
1990-06-24,0.0,481.61,29.78,16.57,1885.34,1.590870281423939
1990-06-25,0.0,478.09,31.5,18.0,2080.0,0.8908873575974059
1990-06-26,0.0,464.38,31.89,18.84,2174.98,0.78482933883581
1990-06-27,0.0,461.83,32.5,19.37,2256.78,0.7211945275788523
1990-06-28,0.0,464.34,33.0,19.55,2284.18,0.6575597163218948
1990-06-29,1.83,409.81,33.06,20.0,2320.0,0.6363481125695757
1990-06-30,0.0,425.61,32.98,21.13,2500.88,0.678771320074214
1990-07-01,0.0,414.57,33.83,22.11,2657.1,0.7424061313311715
1990-07-02,0.0,411.83,33.85,22.2,2671.96,0.6575597163218948
1990-07-03,0.83,449.84,34.5,20.98,2476.4,0.5833191031887777
1990-07-04,0.0,434.16,33.34,20.85,2455.69,0.5515016975602989
1990-07-05,5.04,277.91,31.14,21.72,2595.37,0.5302900938079798
1990-07-06,0.29,402.64,32.82,21.39,2542.61,0.572713301312618
1990-07-07,0.0,423.72,34.34,22.05,2648.31,0.5515016975602989
1990-07-08,3.91,350.22,34.97,22.89,2781.95,0.5408958956841393
1990-07-09,5.45,374.75,35.2,21.5,2559.99,0.5833191031887777
1990-07-10,7.35,350.65,33.66,20.88,2461.47,0.6151365088172563
1990-07-11,0.0,424.09,33.5,21.36,2537.62,0.5621074994364584
1990-07-12,3.91,336.49,33.11,21.45,2551.86,0.5939249050649372
1990-07-13,10.49,305.3,32.19,21.03,2484.13,0.6575597163218948
1990-07-14,5.42,328.62,29.99,18.11,2088.65,1.0181569801113208
1990-07-15,0.0,450.0,29.46,17.23,1957.52,0.6681655181980544
1990-07-16,0.0,437.67,30.31,18.36,2114.79,0.5621074994364584
1990-07-17,14.65,276.0,28.8,19.4,2256.54,0.5833191031887777
1990-07-18,0.93,308.33,28.25,20.42,2386.52,0.8484641500927674
1990-07-19,0.0,431.83,31.55,19.68,2294.49,0.678771320074214
1990-07-20,3.52,337.46,30.5,20.59,2414.07,0.625742310693416
1990-07-21,11.1,316.94,31.0,20.86,2458.21,0.6045307069410968
1990-07-22,3.01,340.72,32.5,21.03,2484.68,0.6363481125695757
1990-07-23,0.0,394.4,32.34,21.7,2591.41,0.5939249050649372
1990-07-24,11.33,351.81,33.5,19.69,2294.86,0.6236211503181841
1990-07-25,0.0,424.73,32.21,20.56,2409.0,0.7233156879540843
1990-07-26,0.0,446.31,33.75,20.9,2463.24,0.6681655181980544
1990-07-27,0.0,446.15,33.88,21.0,2480.0,0.572713301312618
1990-07-28,0.0,441.71,34.3,21.5,2560.0,0.521805452307052
1990-07-29,0.0,446.74,34.44,21.38,2540.64,0.49423036742903703
1990-07-30,0.0,459.44,34.97,21.13,2500.79,0.47513992405194977
1990-07-31,0.0,448.24,35.37,21.85,2616.26,0.4560494806748625
1990-08-01,0.0,455.32,34.49,20.85,2456.5,0.4496859995491667
1990-08-02,1.24,412.02,33.85,21.16,2506.02,0.4984726881795009
1990-08-03,0.0,443.13,34.5,21.36,2537.25,0.5196842919318201
1990-08-04,1.08,418.87,35.0,21.95,2632.76,0.6278634710686479
1990-08-05,0.64,434.23,35.81,22.11,2658.09,0.5790767824383137
1990-08-06,7.03,376.58,35.46,21.9,2623.41,0.5260477730575158
1990-08-07,10.37,323.6,33.39,21.8,2607.59,0.4921092070538051
1990-08-08,0.0,456.69,30.81,17.76,2032.88,0.4921092070538051
1990-08-09,0.0,483.18,30.17,16.02,1813.6,0.4687764429262541
1990-08-10,0.0,500.6,31.5,16.0,1810.1,0.44544367879870295
1990-08-11,0.0,494.21,32.5,16.94,1922.62,0.4199897542959199
1990-08-12,0.0,473.37,33.06,18.28,2101.67,0.40302047129406454
1990-08-13,0.0,466.19,33.87,19.12,2219.19,0.390293509042673
1990-08-14,0.0,454.67,33.77,19.51,2280.91,0.38180886754174537
1990-08-15,0.0,444.1,34.58,20.5,2400.0,0.37544538641604963
1990-08-16,0.0,429.92,35.27,21.5,2560.0,0.36908190529035384
1990-08-17,0.0,437.28,36.01,21.5,2560.0,0.36059726378942614
1990-08-18,0.0,413.17,35.63,22.23,2676.02,0.3542337826637304
1990-08-19,0.0,418.82,36.51,22.49,2718.21,0.34574914116280275
1990-08-20,2.6,389.85,36.3,21.84,2614.94,0.34574914116280275
1990-08-21,0.0,422.65,35.95,21.68,2589.22,0.49423036742903703
1990-08-22,0.47,377.29,34.51,22.08,2652.02,0.4539283202996306
1990-08-23,16.89,314.8,35.16,21.12,2499.25,0.4496859995491667
1990-08-24,6.65,358.08,35.09,22.15,2663.67,0.4560494806748625
1990-08-25,7.02,300.49,35.26,22.09,2653.64,0.4093839524197603
1990-08-26,0.0,397.44,35.27,22.0,2639.96,0.3860511882922092
1990-08-27,0.69,389.14,34.63,21.82,2610.97,0.392414669417905
1990-08-28,0.0,370.05,34.24,22.26,2681.75,0.47089760330148595
1990-08-29,0.0,384.17,35.09,22.35,2695.61,0.46665528255102207
1990-08-30,0.0,383.1,35.89,22.97,2795.95,0.417868593920688
1990-08-31,13.69,335.04,35.36,19.53,2271.49,0.38817234866744116
1990-09-01,0.0,396.6,32.69,19.84,2301.68,0.41150511279499224
1990-09-02,0.0,370.47,32.15,20.42,2387.65,0.4645341221757902
1990-09-03,0.0,384.05,33.57,21.0,2477.52,0.46665528255102207
1990-09-04,0.0,394.32,34.91,21.57,2559.49,0.443322518423471
1990-09-05,2.44,398.82,35.82,20.49,2357.42,0.43483787692254333
1990-09-06,0.0,402.05,34.07,20.4,2377.2,0.41150511279499224
1990-09-07,0.0,412.27,34.23,20.0,2305.45,0.38180886754174537
1990-09-08,0.0,407.82,34.41,20.27,2351.77,0.36483958453989
1990-09-09,0.0,386.03,34.13,20.99,2477.02,0.34574914116280275
1990-09-10,0.0,395.63,33.77,20.33,2351.53,0.3351433392866432
1990-09-11,5.06,296.1,32.95,20.78,2443.97,0.3330221789114112
1990-09-12,12.73,216.12,30.08,21.32,2530.99,0.37120306566558575
1990-09-13,5.21,204.32,29.21,21.13,2501.32,0.4242320750463837
1990-09-14,9.59,242.35,31.01,21.4,2544.65,0.4284743957968476
1990-09-15,1.56,309.72,32.48,21.79,2606.4,0.4284743957968476
1990-09-16,0.0,365.75,33.8,21.78,2604.21,0.43695903729777524
1990-09-17,0.0,375.01,34.15,21.62,2579.22,0.4496859995491667
1990-09-18,0.0,425.74,33.33,18.5,2127.14,0.4284743957968476
1990-09-19,0.0,425.39,33.68,18.66,2145.54,0.38817234866744116
1990-09-20,0.0,383.8,33.27,20.35,2376.55,0.3563549430389623
1990-09-21,0.0,378.03,33.54,20.72,2435.79,0.34150682041233893
1990-09-22,0.61,362.98,33.86,21.28,2523.86,0.3351433392866432
1990-09-23,0.33,421.94,31.67,16.36,1829.8,0.36059726378942614
1990-09-24,0.0,488.87,27.06,8.85,1117.47,0.4539283202996306
1990-09-25,0.0,465.25,25.14,8.87,1136.33,0.37544538641604963
1990-09-26,0.0,475.26,27.0,9.27,1157.43,0.3521126222884985
1990-09-27,0.0,482.07,29.8,10.31,1227.02,0.34150682041233893
1990-09-28,0.0,470.62,31.68,12.2,1382.39,0.3330221789114112
1990-09-29,0.0,430.96,31.22,14.55,1637.48,0.3266586977857155
1990-09-30,0.25,379.68,30.76,16.99,1921.25,0.32241637703525167
1990-10-01,0.0,383.42,31.47,17.21,1953.96,0.3266586977857155
1990-10-02,0.0,379.64,32.35,17.93,2064.22,0.3266586977857155
1990-10-03,0.0,341.34,32.14,19.53,2282.06,0.3202952166600197
1990-10-04,14.26,189.71,30.3,21.54,2566.41,0.3266586977857155
1990-10-05,2.46,309.75,29.94,16.81,1907.34,0.3499914619132666
1990-10-06,0.0,435.84,31.0,12.82,1469.7,0.34787030153803467
1990-10-07,0.0,405.36,32.17,15.63,1769.86,0.34150682041233893
1990-10-08,0.0,339.59,32.17,19.21,2233.04,0.3351433392866432
1990-10-09,0.0,370.47,32.4,17.64,2022.76,0.3287798581609474
1990-10-10,0.0,436.8,31.33,11.87,1374.94,0.3266586977857155
1990-10-11,0.0,354.83,19.5,7.23,1018.75,0.3160528959095559
1990-10-12,0.0,354.48,21.93,9.24,1178.99,0.3160528959095559
1990-10-13,0.0,410.0,26.18,9.22,1168.3,0.3160528959095559
1990-10-14,0.0,410.72,25.79,8.49,1112.43,0.3160528959095559
1990-10-15,0.0,421.27,28.32,9.17,1152.79,0.3160528959095559
1990-10-16,0.0,420.27,29.94,10.06,1192.15,0.31393173553432396
1990-10-17,0.0,392.75,30.21,12.18,1379.46,0.31181057515909205
1990-10-18,7.81,205.97,28.84,17.64,2020.79,0.30756825440862817
1990-10-19,0.0,400.13,23.52,5.88,919.81,0.30968941478386014
1990-10-20,0.0,414.97,24.5,5.12,860.98,0.3202952166600197
1990-10-21,0.0,395.77,27.5,8.76,1095.16,0.339385660037107
1990-10-22,32.76,227.89,27.48,14.42,1644.38,0.47301876367671786
1990-10-23,8.03,172.86,20.15,11.67,1373.86,0.4645341221757902
1990-10-24,0.0,315.19,21.11,8.33,1106.67,0.47089760330148595
1990-10-25,0.0,335.71,21.26,7.31,1024.47,0.4772610844271816
1990-10-26,0.0,372.89,18.45,2.33,718.33,0.4539283202996306
1990-10-27,0.0,402.03,20.48,1.51,680.87,0.4242320750463837
1990-10-28,0.0,405.0,23.48,3.38,785.74,0.40726279204452837
1990-10-29,0.0,396.52,24.9,4.98,874.34,0.392414669417905
1990-10-30,0.0,399.97,24.0,3.46,789.22,0.3775665467912815
1990-10-31,0.0,389.02,25.0,4.97,875.08,0.37120306566558575
1990-11-01,0.0,377.85,25.55,6.11,926.26,0.3775665467912815
1990-11-02,0.0,365.06,26.05,7.3,1021.32,0.38180886754174537
1990-11-03,0.0,344.76,27.08,9.44,1190.63,0.3775665467912815
1990-11-04,0.0,318.07,27.54,11.54,1362.89,0.37120306566558575
1990-11-05,6.66,229.38,25.92,10.93,1314.61,0.36483958453989
1990-11-06,0.0,265.8,16.07,4.47,838.49,0.36696074491512193
1990-11-07,0.0,331.28,19.04,3.01,761.13,0.38817234866744116
1990-11-08,0.0,341.11,21.94,4.54,842.91,0.38817234866744116
1990-11-09,47.32,217.69,21.95,8.13,1090.08,0.4899880466785732
1990-11-10,1.96,282.37,19.61,4.89,867.59,0.8421006689670717
1990-11-11,0.0,339.65,19.97,2.39,725.05,0.888766197222174
1990-11-12,0.0,353.21,23.5,3.84,802.63,0.7933139803367376
1990-11-13,0.0,343.71,25.0,5.75,920.0,0.6405904333200394
1990-11-14,0.0,340.28,25.5,6.27,941.81,0.5472593768098349
1990-11-15,0.0,330.49,24.84,6.5,960.1,0.5048361693051967
1990-11-16,0.0,304.74,24.84,8.56,1124.76,0.4602918014253264
1990-11-17,0.0,270.18,23.97,10.06,1244.62,0.4327167165473114
1990-11-18,0.0,337.86,19.91,1.07,645.73,0.41574743354545607
1990-11-19,0.0,331.4,21.0,2.5,720.8,0.3987781505436007
1990-11-20,0.0,314.61,23.29,5.83,920.72,0.390293509042673
1990-11-21,0.0,291.3,24.31,8.4,1112.08,0.3839300279169773
1990-11-22,0.0,265.8,24.5,10.17,1253.51,0.37968770716651346
1990-11-23,1.63,225.51,23.33,11.56,1365.03,0.37544538641604963
1990-11-24,0.07,290.25,20.47,4.69,854.85,0.37544538641604963
1990-11-25,0.0,306.3,22.65,5.09,886.92,0.37332422604081766
1990-11-26,0.0,230.0,24.31,12.07,1405.39,0.37332422604081766
1990-11-27,0.0,141.77,25.99,18.55,2128.19,0.37544538641604963
1990-11-28,8.79,138.25,24.97,16.08,1816.73,0.40302047129406454
1990-11-29,19.72,204.76,18.08,4.16,823.25,0.4475648391739348
1990-11-30,0.0,298.44,14.59,-0.86,572.16,0.625742310693416
1990-12-01,0.0,305.19,17.0,0.73,640.0,0.7784658577101141
1990-12-02,4.71,167.9,20.14,10.57,1285.43,0.7127098860779246
1990-12-03,49.71,111.78,21.97,14.9,1704.4,0.9227047632258847
1990-12-04,27.81,235.11,17.59,0.68,638.6,2.108433412980527
1990-12-05,0.0,280.22,11.5,-2.1,520.0,1.6608685738065923
1990-12-06,0.0,303.23,14.0,-1.79,536.67,1.30451363076763
1990-12-07,1.97,289.45,15.35,0.53,639.91,1.0033088574846976
1990-12-08,1.01,253.52,11.02,-0.9,574.15,0.8124044237138248
1990-12-09,0.0,303.19,14.57,-1.37,560.0,0.7211945275788523
1990-12-10,0.0,326.31,18.37,-0.72,582.16,0.6660443578228225
1990-12-11,0.0,326.5,19.34,-0.01,606.2,0.6236211503181841
1990-12-12,0.0,315.81,20.0,1.79,703.25,0.5896825843144734
1990-12-13,0.0,266.82,22.25,8.19,1095.54,0.5599863390612265
1990-12-14,0.0,235.38,23.56,11.59,1367.0,0.5111996504308923
1990-12-15,0.0,216.42,23.48,12.8,1464.39,0.4921092070538051
1990-12-16,0.0,223.73,23.18,12.21,1416.84,0.48574572592810933
1990-12-17,0.03,148.61,21.88,15.02,1712.09,0.4772610844271816
1990-12-18,4.54,109.9,22.87,16.85,1907.8,0.47513992405194977
1990-12-19,8.93,193.31,21.47,9.16,1172.86,0.47938224480241365
1990-12-20,0.5,221.15,20.84,10.93,1314.77,0.496351527804269
1990-12-21,0.0,114.66,24.23,19.21,2234.04,0.47938224480241365
1990-12-22,5.55,65.24,24.07,20.5,2400.0,0.4687764429262541
1990-12-23,18.66,229.3,23.2,7.44,1040.79,0.5387747353089074
1990-12-24,4.68,276.66,8.89,-3.8,457.33,0.7572542539577949
1990-12-25,0.0,236.1,4.19,-4.81,436.66,0.9333105651020441
1990-12-26,0.0,210.95,6.1,-1.71,542.91,0.7890716595862738
1990-12-27,0.0,260.61,13.24,2.55,729.9,0.653317395571431
1990-12-28,0.0,236.07,20.59,10.64,1291.53,0.5875614239392415
1990-12-29,0.02,138.02,22.82,17.25,1960.77,0.545138216434603
1990-12-30,2.25,119.88,23.5,18.25,2099.62,0.5302900938079798
1990-12-31,2.78,288.14,23.43,4.03,817.5,0.5175631315565882
1991-01-01,5.94,160.74,9.0,3.52,788.63,0.5260477730575158
1991-01-02,6.59,178.5,12.15,5.46,909.09,0.5790767824383137
1991-01-03,32.12,151.97,13.84,7.82,1065.96,1.0011876971094655
1991-01-04,8.34,174.16,12.61,5.87,921.65,1.6290511681781135
1991-01-05,0.0,294.4,15.33,5.39,900.95,1.4805699419118794
1991-01-06,1.02,254.09,19.52,10.62,1289.54,1.2323941780097447
1991-01-07,71.24,161.14,19.78,13.06,1492.81,5.111996504308924
1991-01-08,0.0,284.71,15.33,6.06,941.01,6.045307069410968
1991-01-09,0.09,214.56,13.55,7.25,1019.75,3.796877071665134
1991-01-10,21.32,141.62,16.47,11.04,1322.81,3.2241637703525163
1991-01-11,69.44,120.18,17.56,12.89,1471.16,7.572542539577951
1991-01-12,8.99,252.86,17.67,5.61,914.89,9.269470839763486
1991-01-13,0.0,248.86,8.85,1.73,698.19,9.227047632258845
1991-01-14,0.0,359.27,12.06,-1.64,548.8,5.939249050649372
1991-01-15,5.77,288.62,16.91,1.39,673.39,3.033259336581644
1991-01-16,3.18,265.88,19.23,8.45,1116.34,2.3120648090027913
1991-01-17,0.0,375.56,17.53,1.01,648.88,1.9238924603353502
1991-01-18,0.0,358.21,16.26,2.75,740.05,1.5717798380468517
1991-01-19,21.51,158.76,12.79,6.97,997.62,1.7987439981966669
1991-01-20,1.89,193.42,13.31,7.46,1037.19,2.7575084878014944
1991-01-21,0.0,335.05,14.26,3.29,774.57,2.60902726153526
1991-01-22,0.0,344.31,8.38,-2.53,510.68,1.9726791489656843
1991-01-23,0.13,327.8,9.0,-1.01,563.81,1.486933423037575
1991-01-24,42.39,187.01,10.64,3.9,800.06,2.9059897140677284
1991-01-25,20.11,244.17,10.54,1.3,664.26,6.596808766971267
1991-01-26,0.0,387.1,14.5,-0.13,604.82,7.721023765844183
1991-01-27,0.94,376.8,15.29,1.28,662.75,5.281689334327477
1991-01-28,7.23,214.04,14.79,6.81,984.71,3.499914619132666
1991-01-29,13.7,138.16,16.79,12.0,1400.18,2.7575084878014944
1991-01-30,54.79,135.32,18.19,13.42,1545.67,7.3816381058070775
1991-01-31,12.06,283.23,16.65,3.57,790.21,10.902764328692061
1991-02-01,0.0,398.73,14.42,-0.4,599.93,11.051245554958296
1991-02-02,0.0,412.57,17.54,-0.06,607.2,9.375528858525081
1991-02-03,0.0,399.13,20.04,3.81,802.77,5.684709805621542
1991-02-04,2.18,275.58,20.14,10.2,1256.3,3.096894147838601
1991-02-05,6.92,190.37,21.5,14.04,1603.09,2.5666040540306216
1991-02-06,23.4,169.67,20.37,13.83,1586.58,4.772610844271817
1991-02-07,0.0,332.04,20.14,9.62,1209.75,5.239266126822839
1991-02-08,0.0,401.27,18.97,3.91,808.6,3.5423378266373042
1991-02-09,0.0,417.4,18.48,1.69,695.05,2.587815657782941
1991-02-10,0.0,422.55,20.0,2.06,720.0,1.9535887055885972
1991-02-11,0.0,411.34,20.51,3.93,800.0,1.637535809679041
1991-02-12,0.0,406.88,18.47,2.68,734.13,1.4402678947824727
1991-02-13,0.0,386.07,18.56,4.58,846.57,1.3257252345199493
1991-02-14,5.45,289.89,20.62,6.5,960.01,1.408450489153994
1991-02-15,0.0,412.47,19.3,3.49,786.89,1.5357201116679091
1991-02-16,0.0,413.87,8.53,-5.86,400.0,1.355421479773196
1991-02-17,2.24,396.08,13.71,-1.75,541.47,1.1878498101298745
1991-02-18,0.0,272.62,20.35,11.91,1392.45,1.1411842818747722
1991-02-19,0.0,231.78,22.33,15.15,1731.69,1.1326996403738447
1991-02-20,23.64,217.87,22.3,13.16,1509.27,1.2048190931317297
1991-02-21,7.34,213.64,19.55,10.98,1318.32,1.5590528757954603
1991-02-22,52.28,207.51,20.47,12.2,1415.9,3.415068204123389
1991-02-23,0.0,353.33,19.52,8.36,1108.94,7.339214898302438
1991-02-24,0.0,392.4,18.93,5.91,920.0,9.481586877286675
1991-02-25,0.0,358.51,18.71,7.57,1045.59,9.078566405992612
1991-02-26,0.28,426.64,18.09,3.41,783.75,5.0907849005566055
1991-02-27,0.0,403.6,14.62,1.77,701.59,2.630238865287579
1991-02-28,0.0,424.87,17.95,3.36,788.54,1.97904263009138
1991-03-01,13.47,328.26,20.15,7.89,1070.89,3.054470940333963
1991-03-02,81.07,193.29,21.25,13.58,1562.26,10.054300178599295
1991-03-03,16.24,281.24,22.47,10.39,1271.29,15.060238664146622
1991-03-04,0.0,378.18,14.72,3.52,789.62,14.551160174090962
1991-03-05,0.0,447.4,18.52,3.47,793.17,11.77244008253715
1991-03-06,0.0,448.19,23.36,7.42,1033.26,8.208890652147526
1991-03-07,0.0,278.26,24.67,16.34,1854.59,4.242320750463838
1991-03-08,0.0,404.23,24.18,10.82,1305.2,2.884778110315409
1991-03-09,0.0,440.36,19.62,4.92,873.99,2.290853205250472
1991-03-10,0.0,480.11,19.64,2.18,716.36,1.9217712999601184
1991-03-11,0.0,491.32,19.33,1.09,647.1,1.646020451179969
1991-03-12,0.0,462.08,20.74,4.87,869.99,1.4805699419118794
1991-03-13,3.66,254.95,23.01,12.96,1478.17,1.4254197721558493
1991-03-14,0.0,500.44,24.81,5.3,901.3,1.4254197721558493
1991-03-15,0.0,434.55,15.85,2.69,737.07,1.3723907627750513
1991-03-16,8.08,271.34,15.63,5.8,921.21,1.2917866685162385
1991-03-17,21.56,184.15,16.26,9.98,1238.77,1.8666211302040883
1991-03-18,2.29,293.2,20.03,11.7,1376.01,2.9484129215723667
1991-03-19,0.0,489.02,22.3,6.18,934.84,2.6514504690398986
1991-03-20,0.0,482.56,23.45,7.47,1037.33,1.898438535832567
1991-03-21,0.0,428.29,24.47,11.31,1344.63,1.4254197721558493
1991-03-22,0.0,249.27,24.97,18.11,2088.33,1.226030696884049
1991-03-23,0.0,253.99,27.42,20.24,2359.48,1.1517900837509318
1991-03-24,0.0,446.74,27.5,13.09,1504.28,1.098761074370134
1991-03-25,0.0,504.99,28.23,9.65,1212.33,1.0054300178599294
1991-03-26,0.0,483.18,28.24,11.38,1350.41,0.9205836028506528
1991-03-27,0.0,396.91,27.91,15.65,1776.52,0.8633122727193909
1991-03-28,0.0,269.93,27.55,19.87,2309.41,0.8378583482166079
1991-03-29,14.28,221.44,26.33,18.13,2083.86,0.833616027466144
1991-03-30,2.85,462.57,21.39,5.16,893.17,1.5951126021744029
1991-03-31,0.0,499.88,18.22,2.92,753.26,2.375699620259749
1991-04-01,0.0,522.5,21.13,3.66,800.0,1.457237177784328
1991-04-02,0.0,528.55,24.45,5.72,920.0,1.0839129517435104
1991-04-03,0.0,485.64,24.5,8.71,1136.44,0.8972508387231015
1991-04-04,0.0,454.51,25.09,10.95,1315.86,0.8017986218376653
1991-04-05,0.0,400.46,25.36,13.62,1569.18,0.7530119332073312
1991-04-06,0.0,359.13,25.53,15.24,1739.58,0.7190733672036205
1991-04-07,0.0,333.37,26.63,17.17,1946.55,0.7021040842017651
1991-04-08,12.25,202.37,25.55,18.24,2098.99,0.7530119332073312
1991-04-09,19.58,194.47,25.4,18.62,2138.71,1.1920921308803383
1991-04-10,9.0,297.66,26.7,15.76,1781.39,1.1051245554958296
1991-04-11,4.81,294.23,25.5,15.05,1721.08,1.0351262631131763
1991-04-12,0.0,377.73,26.88,16.76,1900.43,0.9799760933571464
1991-04-13,2.25,310.33,26.99,18.69,2150.66,0.8378583482166079
1991-04-14,2.36,253.04,27.0,19.7,2294.78,0.7593754143330269
1991-04-15,50.73,304.89,26.79,16.19,1830.78,2.502969242773664
1991-04-16,0.0,404.52,25.72,15.26,1740.98,5.811979428135457
1991-04-17,0.61,406.68,25.8,14.56,1657.09,5.599863390612265
1991-04-18,9.0,320.81,27.38,15.98,1799.0,3.499914619132666
1991-04-19,12.98,256.51,25.19,16.95,1915.68,4.008993109188326
1991-04-20,7.94,330.65,25.46,14.18,1614.39,4.242320750463838
1991-04-21,0.0,483.52,22.68,10.0,1239.77,3.3726449966187504
1991-04-22,0.0,444.54,22.46,11.24,1339.08,2.502969242773664
1991-04-23,10.22,303.05,22.95,13.14,1503.13,2.4605460352690254
1991-04-24,0.0,493.48,25.42,12.13,1410.06,3.669607449151219
1991-04-25,16.25,364.06,27.0,13.91,1593.08,3.881723486674411
1991-04-26,13.79,204.92,23.45,17.38,1980.86,5.833191031887776
1991-04-27,6.79,190.62,23.86,18.24,2099.4,8.124044237138248
1991-04-28,0.0,298.2,27.74,20.76,2442.37,8.251313859652162
1991-04-29,3.44,286.69,26.95,19.65,2289.43,6.299846314438798
1991-04-30,58.53,297.8,24.72,15.82,1788.5,8.124044237138248
1991-05-01,0.13,382.41,25.45,17.02,1923.37,9.757337726066826
1991-05-02,0.0,418.66,28.88,19.22,2234.83,10.330051027379444
1991-05-03,2.27,365.74,28.5,19.47,2264.53,8.972508387231017
1991-05-04,21.19,325.19,28.43,18.66,2151.3,8.824027160964782
1991-05-05,17.24,267.14,27.08,19.73,2297.55,8.717969142203186
1991-05-06,30.86,355.46,27.4,16.55,1876.08,9.439163669782038
1991-05-07,0.0,503.59,24.2,12.73,1468.54,9.65127970730523
1991-05-08,13.09,346.73,24.51,14.92,1700.18,8.611911123441589
1991-05-09,23.49,245.5,23.79,17.35,1976.37,7.869504992110419
1991-05-10,29.01,298.88,26.0,17.7,2032.33,8.993719990983335
1991-05-11,23.09,310.83,27.23,18.39,2112.1,13.29967555270413
1991-05-12,0.0,444.53,29.46,19.35,2254.52,17.584419510672607
1991-05-13,8.82,388.46,30.68,18.77,2162.46,13.914812061521387
1991-05-14,0.0,461.05,30.98,19.8,2303.97,10.605801876159594
1991-05-15,0.05,447.32,30.57,19.98,2324.31,6.936194427008374
1991-05-16,4.03,414.9,29.13,18.72,2156.37,4.051416316692965
1991-05-17,0.0,441.17,30.34,20.04,2335.8,3.181740562847878
1991-05-18,54.83,322.32,29.16,19.51,2274.83,4.602918014253264
1991-05-19,21.83,288.64,27.72,19.55,2280.99,10.796706309930467
1991-05-20,10.86,279.65,27.97,20.5,2400.0,15.781433191725474
1991-05-21,13.99,248.7,25.98,19.48,2276.36,13.002713100171661
1991-05-22,7.52,199.02,24.9,19.95,2316.37,10.202781404865528
1991-05-23,3.47,249.68,27.5,21.3,2528.22,8.654334330946229
1991-05-24,6.64,304.94,29.08,20.7,2431.4,6.8513480119990975
1991-05-25,19.95,244.19,28.04,21.86,2617.18,5.7483446168785
1991-05-26,37.8,217.73,27.12,21.75,2600.3,9.524010084791314
1991-05-27,19.47,259.78,28.88,22.13,2661.17,11.51790083750932
1991-05-28,8.44,272.99,29.89,22.87,2779.07,11.348208007490765
1991-05-29,0.73,366.1,30.97,22.87,2779.66,10.542167064902635
1991-05-30,3.36,322.47,31.0,22.27,2683.1,8.972508387231017
1991-05-31,0.3,464.22,31.0,20.33,2373.55,5.260477730575158
1991-06-01,0.0,476.76,31.49,20.41,2385.57,3.3514333928664315
1991-06-02,0.0,475.21,32.29,21.0,2480.0,2.715085280296856
1991-06-03,11.58,369.19,32.32,20.21,2354.09,2.5241808465259834
1991-06-04,3.73,418.81,33.21,20.9,2463.64,3.3514333928664315
1991-06-05,8.49,409.2,33.5,20.43,2388.53,3.1181057515909205
1991-06-06,11.91,350.88,31.17,20.21,2354.27,3.8605118829220917
1991-06-07,9.35,382.99,28.65,17.2,1952.21,4.602918014253264
1991-06-08,0.0,507.96,28.78,16.53,1873.89,3.627184241646581
1991-06-09,0.0,500.22,29.06,16.99,1925.07,2.418122827764387
1991-06-10,0.0,432.66,29.34,19.68,2294.5,1.9429829037124373
1991-06-11,15.47,269.37,28.24,20.79,2446.92,2.4393344315167065
1991-06-12,0.0,380.33,29.5,21.45,2551.54,2.842354902810771
1991-06-13,5.65,287.19,29.96,21.98,2637.04,2.502969242773664
1991-06-14,15.11,399.91,30.0,19.74,2299.69,2.3332764127551107
1991-06-15,0.0,451.14,31.47,21.01,2481.74,4.412013580482391
1991-06-16,0.0,433.24,32.0,22.04,2646.44,4.199897542959199
1991-06-17,0.17,440.61,32.44,22.06,2649.86,2.715085280296856
1991-06-18,10.67,316.55,31.28,21.76,2601.93,4.305955561720794
1991-06-19,7.82,324.16,29.9,21.14,2502.47,4.221109146711518
1991-06-20,9.7,358.86,31.29,20.67,2426.52,3.1181057515909205
1991-06-21,8.54,332.25,31.66,21.52,2563.25,2.227218393993515
1991-06-22,4.23,392.4,31.86,21.14,2501.74,3.0756825440862823
1991-06-23,5.69,414.23,32.9,21.34,2534.21,4.348378769225433
1991-06-24,13.83,342.19,32.0,20.6,2416.33,5.1968429193182
1991-06-25,15.77,354.21,31.92,21.06,2490.17,5.7483446168785
1991-06-26,3.96,348.81,32.04,21.29,2526.98,3.9877815054360073
1991-06-27,3.74,333.98,29.71,21.25,2520.71,3.4787030153803467
1991-06-28,4.73,361.71,30.06,19.61,2287.0,3.287798581609474
1991-06-29,0.91,437.24,32.28,20.39,2383.05,2.7787200915538133
1991-06-30,0.0,440.91,33.0,21.5,2560.42,2.184795186488876
1991-07-01,0.0,424.96,33.55,22.5,2720.0,1.8263190830746818
1991-07-02,1.05,433.91,34.04,22.03,2645.38,1.5866279606734752
1991-07-03,8.72,384.75,33.67,21.24,2518.8,1.9769214697161481
1991-07-04,6.77,370.35,32.72,21.49,2558.57,2.227218393993515
1991-07-05,19.71,308.52,31.36,21.3,2528.02,2.0766160073520483
1991-07-06,16.58,263.04,29.53,21.56,2569.01,2.9272013178200478
1991-07-07,27.68,152.76,25.55,21.4,2544.49,4.815034051776456
1991-07-08,19.65,244.47,27.48,20.59,2414.5,6.957406030760693
1991-07-09,0.0,463.28,32.48,20.71,2433.16,8.124044237138248
1991-07-10,0.0,448.09,33.01,21.65,2584.46,6.766501596989821
1991-07-11,0.0,420.67,33.5,22.94,2789.93,3.627184241646581
1991-07-12,0.0,422.57,33.5,22.82,2770.84,2.1020699318548313
1991-07-13,0.0,434.62,34.49,23.04,2806.38,1.6566262530561287
1991-07-14,0.0,434.21,34.56,23.07,2810.47,1.4339044136567771
1991-07-15,3.03,408.65,34.51,22.5,2720.0,1.3193617533942534
1991-07-16,2.64,416.54,33.21,21.98,2636.91,1.567537517296388
1991-07-17,0.0,439.72,32.69,21.36,2537.16,2.114796894106223
1991-07-18,10.03,351.93,32.45,19.91,2324.24,1.775411234069116
1991-07-19,0.07,423.59,31.9,21.13,2500.06,2.2484299977458337
1991-07-20,3.38,354.17,31.97,21.63,2581.38,1.6290511681781135
1991-07-21,0.0,429.01,32.67,21.58,2572.46,1.6842013379341434
1991-07-22,0.0,423.55,32.94,21.98,2637.41,1.3448156778970364
1991-07-23,0.0,438.06,33.67,22.0,2640.0,1.1772440082537148
1991-07-24,7.6,399.35,33.5,21.31,2529.01,1.308755951518094
1991-07-25,0.3,418.04,32.96,21.92,2627.84,1.3384521967713405
1991-07-26,4.59,315.23,32.45,21.93,2628.13,1.4296620929063133
1991-07-27,0.0,414.66,32.15,21.56,2569.55,1.1602747252518595
1991-07-28,0.0,420.04,32.88,21.93,2628.5,1.0245204612370167
1991-07-29,2.54,391.03,33.49,21.46,2553.95,0.9842184141076102
1991-07-30,0.0,426.3,33.07,21.84,2614.2,0.9566433292295954
1991-07-31,0.0,432.35,33.62,22.02,2643.06,1.016035819736089
1991-08-01,0.0,438.02,33.64,21.8,2607.91,0.9608856499800592
1991-08-02,0.0,430.88,33.65,22.09,2653.94,0.8654334330946228
1991-08-03,0.27,427.46,33.15,21.77,2602.85,0.9036143198487975
1991-08-04,0.0,434.53,33.92,22.09,2653.68,1.045732064989336
1991-08-05,0.0,433.81,33.48,21.67,2587.01,0.9693702914809867
1991-08-06,13.94,363.04,32.88,21.47,2555.45,1.0605801876159595
1991-08-07,0.0,408.27,32.77,21.75,2600.28,1.1390631214995404
1991-08-08,4.89,353.66,33.01,21.4,2543.65,1.0775494706178148
1991-08-09,0.0,411.68,33.61,22.26,2681.34,1.0860341121187425
1991-08-10,0.0,385.58,33.5,23.08,2812.06,1.0499743857397998
1991-08-11,10.26,303.61,32.61,21.73,2596.12,0.88452387647171
1991-08-12,0.0,420.82,32.36,20.9,2463.84,1.2939078288914705
1991-08-13,0.0,412.39,32.5,21.31,2529.9,1.6417781304295052
1991-08-14,0.0,374.84,31.0,21.38,2540.19,1.2302730176345127
1991-08-15,1.64,338.96,29.76,20.69,2430.81,0.9502798481038995
1991-08-16,0.0,409.12,31.08,20.34,2375.04,0.833616027466144
1991-08-17,0.0,434.3,32.12,20.24,2359.18,0.7721023765844184
1991-08-18,0.0,414.32,32.41,21.18,2508.96,0.7275580087045481
1991-08-19,0.0,421.53,33.41,21.63,2580.54,0.6957406030760693
1991-08-20,0.0,461.34,33.97,20.23,2357.09,0.6724078389485182
1991-08-21,0.0,480.66,33.29,18.63,2151.68,0.6405904333200394
1991-08-22,0.0,477.22,33.42,18.81,2169.02,0.6130153484420245
1991-08-23,0.0,459.89,32.0,18.56,2132.32,0.5896825843144734
1991-08-24,0.0,442.08,31.92,19.19,2230.66,0.5769556220630819
1991-08-25,2.14,366.24,31.45,20.04,2326.37,0.572713301312618
1991-08-26,1.52,362.05,31.08,20.71,2432.83,0.6087730276915607
1991-08-27,11.08,299.04,31.38,21.5,2560.73,0.5960460654401691
1991-08-28,28.79,193.77,28.94,22.5,2720.0,0.6490750748209672
1991-08-29,12.15,265.5,31.23,21.83,2612.76,1.0775494706178148
1991-08-30,0.0,404.67,33.0,21.5,2560.08,1.3999658476530663
1991-08-31,17.11,281.52,31.49,21.34,2534.61,1.1305784799986127
1991-09-01,9.73,233.68,29.84,21.92,2627.66,1.2960289892667023
1991-09-02,12.11,208.04,28.99,22.15,2664.63,1.6778378568084478
1991-09-03,8.64,245.07,29.5,21.82,2610.52,1.8454095264517694
1991-09-04,0.0,347.1,30.17,21.33,2533.27,1.6035972436753305
1991-09-05,8.0,298.46,30.27,20.79,2445.94,1.2069402535069618
1991-09-06,7.54,310.01,31.46,21.41,2545.5,1.092397593244438
1991-09-07,15.66,279.9,31.23,21.51,2560.95,1.119972678122453
1991-09-08,4.23,346.9,31.12,20.8,2448.06,1.223909536508817
1991-09-09,0.0,382.37,31.97,21.62,2579.14,1.045732064989336
1991-09-10,0.0,433.02,31.78,19.36,2257.89,0.9184624424754207
1991-09-11,0.0,434.54,31.47,18.96,2193.42,0.833616027466144
1991-09-12,0.0,432.86,33.0,20.04,2328.47,0.7742235369596503
1991-09-13,0.0,423.63,33.47,20.66,2425.65,0.7318003294550119
1991-09-14,0.0,403.67,33.5,21.43,2549.06,0.6999829238265332
1991-09-15,0.0,399.85,32.8,20.97,2475.65,0.6914982823256055
1991-09-16,0.0,410.1,32.98,20.58,2412.53,0.6660443578228225
1991-09-17,0.0,407.55,33.5,20.97,2475.87,0.6448327540705033
1991-09-18,1.94,381.99,33.45,21.44,2549.95,0.6321057918191118
1991-09-19,25.33,264.15,30.51,20.76,2442.46,1.465721819285256
1991-09-20,0.0,435.14,25.74,13.57,1552.31,1.8560153283279288
1991-09-21,0.0,479.32,26.59,11.67,1373.96,1.1602747252518595
1991-09-22,0.0,471.39,28.59,13.49,1544.02,0.8972508387231015
1991-09-23,0.0,397.24,29.91,18.36,2112.21,0.9651279707305229
1991-09-24,11.99,266.61,30.54,20.49,2398.37,0.935431725477276
1991-09-25,33.11,324.56,28.87,15.63,1776.45,2.0108600357198587
1991-09-26,0.0,450.96,24.05,10.6,1288.39,3.5211262228849853
1991-09-27,0.0,483.12,26.34,9.7,1215.68,2.2484299977458337
1991-09-28,0.0,466.31,25.27,9.83,1226.4,1.4169351306549216
1991-09-29,0.0,460.59,27.0,11.25,1340.27,1.0096723386103934
1991-09-30,0.0,392.56,27.02,14.9,1695.37,0.8124044237138248
1991-10-01,0.0,333.45,27.4,17.47,1994.73,0.7211945275788523
1991-10-02,0.0,365.29,28.62,17.06,1937.91,0.6702866785732864
1991-10-03,0.0,388.39,29.14,16.2,1833.12,0.6236211503181841
1991-10-04,0.0,385.4,30.0,16.82,1909.42,0.5918037446897053
1991-10-05,0.0,338.01,30.43,19.19,2229.91,0.5705921409373861
1991-10-06,0.0,429.74,27.93,12.13,1410.73,0.572713301312618
1991-10-07,0.0,412.21,20.68,7.03,1002.24,0.545138216434603
1991-10-08,0.0,456.8,20.8,3.76,801.35,0.5133208108061244
1991-10-09,0.0,469.17,24.46,4.85,868.12,0.5005938485547328
1991-10-10,0.0,454.34,26.69,7.56,1044.5,0.4878668863033413
1991-10-11,0.0,424.95,27.57,10.39,1271.05,0.4772610844271816
1991-10-12,0.0,417.45,29.16,11.86,1388.93,0.4687764429262541
1991-10-13,0.0,419.2,30.66,12.41,1432.42,0.4602918014253264
1991-10-14,0.0,398.31,29.5,12.87,1475.75,0.4560494806748625
1991-10-15,0.0,359.06,27.69,13.67,1564.62,0.4496859995491667
1991-10-16,0.0,414.49,23.86,6.66,973.05,0.44544367879870295
1991-10-17,0.0,436.41,22.24,3.03,762.27,0.43483787692254333
1991-10-18,0.0,442.02,24.86,3.78,800.96,0.4284743957968476
1991-10-19,0.0,433.85,26.6,5.4,907.5,0.42635323542161563
1991-10-20,0.0,404.39,26.97,8.17,1093.96,0.4242320750463837
1991-10-21,0.0,372.2,26.54,10.03,1242.77,0.4199897542959199
1991-10-22,0.0,339.27,28.44,13.55,1552.12,0.4221109146711518
1991-10-23,0.0,235.1,28.35,18.6,2135.95,0.4199897542959199
1991-10-24,50.34,158.14,27.42,18.77,2162.95,0.4284743957968476
1991-10-25,0.8,228.05,27.57,17.95,2066.18,2.3332764127551107
1991-10-26,6.84,176.48,27.38,18.69,2149.92,5.0907849005566055
1991-10-27,0.0,178.18,26.55,19.41,2265.22,3.818088675417453
1991-10-28,0.0,183.24,27.01,19.69,2292.63,1.484812262662343
1991-10-29,14.13,155.99,26.48,19.15,2224.13,1.1666382063775553
1991-10-30,0.0,234.03,26.54,17.24,1962.05,1.6969283001855349
1991-10-31,0.54,212.97,25.79,17.28,1964.77,1.0605801876159595
1991-11-01,3.48,231.88,25.8,12.77,1476.23,0.9545221688543633
1991-11-02,0.0,351.57,15.83,1.34,667.16,0.8484641500927674
1991-11-03,0.0,281.69,13.95,3.4,791.79,0.8060409425881291
1991-11-04,0.0,358.66,11.4,-3.53,467.12,0.7424061313311715
1991-11-05,0.0,362.15,10.59,-4.68,440.0,0.6999829238265332
1991-11-06,0.0,377.2,13.8,-3.31,479.71,0.6151365088172563
1991-11-07,0.0,385.44,18.0,-0.82,575.5,0.6045307069410968
1991-11-08,0.69,375.18,19.38,1.24,659.83,0.5939249050649372
1991-11-09,0.0,300.75,8.5,-3.24,481.57,0.5833191031887777
1991-11-10,0.0,374.97,13.79,-3.8,458.32,0.5875614239392415
1991-11-11,0.0,376.22,16.53,-1.85,532.05,0.5939249050649372
1991-11-12,0.0,368.28,18.5,0.48,637.74,0.6363481125695757
1991-11-13,0.0,364.87,19.5,1.39,670.9,0.6151365088172563
1991-11-14,0.0,359.65,20.61,2.48,723.32,0.6108941880667926
1991-11-15,0.0,350.92,23.02,5.11,886.19,0.6045307069410968
1991-11-16,0.0,301.27,25.36,11.12,1329.62,0.5939249050649372
1991-11-17,0.0,274.02,25.47,13.05,1494.75,0.5833191031887777
1991-11-18,0.0,226.78,24.76,15.1,1725.61,0.572713301312618
1991-11-19,6.07,110.33,25.34,19.94,2315.3,0.5621074994364584
1991-11-20,25.22,151.53,24.7,16.45,1862.64,1.484812262662343
1991-11-21,34.29,142.5,18.36,11.25,1339.85,4.45443678798703
1991-11-22,9.15,167.92,14.78,6.46,957.26,2.969624525324686
1991-11-23,0.0,299.37,18.06,5.45,915.9,1.9090443377087265
1991-11-24,0.0,353.68,16.37,-1.08,568.99,1.3999658476530663
1991-11-25,0.0,335.51,13.32,-2.22,520.17,1.1666382063775553
1991-11-26,0.0,334.04,14.5,-1.46,560.0,0.8484641500927674
1991-11-27,0.0,335.25,17.0,0.12,609.95,0.7424061313311715
1991-11-28,0.0,328.55,20.06,2.94,755.21,0.7211945275788523
1991-11-29,0.0,297.87,22.44,7.42,1033.44,0.7105887257026927
1991-11-30,2.84,140.18,23.14,15.5,1759.77,0.704225244576997
1991-12-01,3.64,90.66,25.3,20.02,2322.71,0.6999829238265332
1991-12-02,2.03,104.81,25.58,20.39,2382.21,0.7954351407119695
1991-12-03,14.24,234.24,23.45,6.92,993.5,1.1242149988729169
1991-12-04,0.0,287.46,13.35,0.12,612.3,1.5272354701669815
1991-12-05,0.0,303.37,12.96,-1.48,560.0,0.9545221688543633
1991-12-06,0.0,314.96,14.68,-0.95,564.52,0.7636177350834907
1991-12-07,0.0,327.59,17.97,0.52,634.55,0.7424061313311715
1991-12-08,0.0,323.99,21.68,3.89,804.03,0.7211945275788523
1991-12-09,0.0,296.05,23.78,8.25,1099.97,0.7105887257026927
1991-12-10,6.85,190.98,23.19,10.92,1313.96,0.7424061313311715
1991-12-11,0.0,291.81,21.24,6.65,972.0,1.0605801876159595
1991-12-12,0.0,263.71,22.1,9.57,1205.55,0.7211945275788523
1991-12-13,0.0,177.14,23.08,15.32,1745.82,0.6999829238265332
1991-12-14,13.09,165.6,23.45,13.66,1570.88,0.8484641500927674
1991-12-15,0.0,318.86,16.29,0.58,631.9,1.6969283001855349
1991-12-16,0.0,313.31,15.0,-0.06,600.36,1.1666382063775553
1991-12-17,0.0,336.63,17.23,-1.12,560.0,0.9333105651020441
1991-12-18,0.0,326.64,18.49,0.97,645.98,0.7424061313311715
1991-12-19,0.0,283.91,16.69,3.19,774.75,0.6596808766971267
1991-12-20,0.0,227.28,14.0,4.17,814.14,0.6236211503181841
1991-12-21,0.0,226.0,17.92,7.8,1064.16,0.6024095465658649
1991-12-22,0.0,232.28,22.69,11.7,1375.76,0.5939249050649372
1991-12-23,3.15,145.53,22.71,14.98,1712.48,0.5918037446897053
1991-12-24,5.07,229.88,20.58,5.24,897.09,0.6045307069410968
1991-12-25,0.0,274.72,11.86,-0.45,590.29,0.6321057918191118
1991-12-26,0.0,307.64,16.1,0.89,646.98,0.6936194427008374
1991-12-27,13.1,210.55,17.06,4.43,839.86,0.706346404952229
1991-12-28,20.15,76.36,13.73,9.87,1229.42,1.2217883761335853
1991-12-29,1.31,123.99,13.24,8.5,1120.23,2.4393344315167065
1991-12-30,0.0,143.66,12.33,6.99,998.97,1.8220767623242182
1991-12-31,0.0,276.98,12.33,0.65,640.0,1.2833020270153108
1992-01-01,0.0,294.5,14.07,1.62,689.54,1.0308839423627125
1992-01-02,0.0,269.68,16.1,5.07,884.63,0.8972508387231015
1992-01-03,0.01,276.18,14.12,2.94,754.98,0.8272525463404482
1992-01-04,0.0,314.98,15.54,1.53,682.67,0.8230102255899845
1992-01-05,0.0,300.87,16.21,3.31,783.81,0.7911928199615056
1992-01-06,0.0,320.58,16.43,1.99,709.53,0.7593754143330269
1992-01-07,0.0,336.91,18.61,2.27,719.91,0.7381638105807077
1992-01-08,0.41,302.51,18.8,5.29,896.82,0.780587018085346
1992-01-09,48.85,114.6,17.52,11.91,1393.03,3.4362798078757084
1992-01-10,5.69,203.63,17.2,6.74,979.11,6.0877302769156065
1992-01-11,0.0,334.59,13.47,-1.33,558.75,4.793822448024136
1992-01-12,13.66,241.15,14.27,1.19,655.8,3.054470940333963
1992-01-13,61.46,164.19,17.34,9.2,1176.07,6.618020370723586
1992-01-14,9.24,254.54,20.08,4.22,820.02,10.181569801113211
1992-01-15,0.0,315.58,9.15,-3.31,477.34,10.96639913994902
1992-01-16,0.0,336.24,10.3,-3.69,460.43,7.699812162091864
1992-01-17,0.0,305.04,7.67,-3.85,456.75,3.7332422604081765
1992-01-18,14.27,214.14,10.45,-0.07,600.48,2.5241808465259834
1992-01-19,48.49,128.35,5.58,-0.01,609.85,5.0271500892996475
1992-01-20,0.0,351.98,9.79,-4.89,433.69,7.530119332073311
1992-01-21,0.0,371.04,13.09,-3.77,458.15,8.166467444642887
1992-01-22,0.0,373.02,17.0,-0.53,587.82,6.172576691924883
1992-01-23,48.65,205.28,19.46,9.24,1179.06,6.024095465658649
1992-01-24,0.0,365.48,15.84,-0.07,605.54,7.848293388358099
1992-01-25,0.0,369.39,15.9,-0.2,600.01,8.33616027466144
1992-01-26,0.0,367.86,17.29,1.33,666.08,6.2574231069341595
1992-01-27,3.26,242.09,15.27,5.68,918.82,3.839300279169773
1992-01-28,36.4,126.79,13.15,7.71,1056.78,4.390801976730072
1992-01-29,3.06,78.63,13.08,10.28,1262.76,5.939249050649372
1992-01-30,7.93,71.09,13.94,11.07,1325.5,6.066518673163288
1992-01-31,0.16,245.85,16.63,8.49,1118.92,5.684709805621542
1992-02-01,0.0,390.98,20.47,2.79,742.83,4.3271671654731145
1992-02-02,0.0,384.07,19.15,2.6,730.74,3.096894147838601
1992-02-03,0.0,362.47,17.05,2.91,753.02,2.4605460352690254
1992-02-04,0.0,353.28,18.49,4.94,875.28,2.184795186488876
1992-02-05,38.66,163.58,15.49,8.58,1126.41,5.111996504308924
1992-02-06,5.47,211.86,14.64,5.63,915.94,7.572542539577951
1992-02-07,0.0,357.61,15.76,3.16,765.92,6.533173955714309
1992-02-08,0.0,409.65,15.87,-1.04,564.6,4.157474335454561
1992-02-09,0.0,400.98,13.99,-1.72,542.6,2.884778110315409
1992-02-10,0.0,405.56,14.23,-1.73,541.75,2.227218393993515
1992-02-11,0.0,423.05,17.8,-0.53,593.98,1.9451040640876696
1992-02-12,0.0,411.37,19.94,2.54,730.29,1.7796535548195798
1992-02-13,2.58,255.65,19.31,9.54,1203.42,1.6842013379341434
1992-02-14,7.08,188.2,20.85,12.68,1454.8,1.7563207906920286
1992-02-15,32.76,181.39,22.04,14.29,1622.93,2.227218393993515
1992-02-16,0.69,355.46,24.62,11.11,1329.15,4.412013580482391
1992-02-17,59.67,254.98,24.43,12.44,1435.14,8.08162102963361
1992-02-18,0.0,289.62,24.03,14.33,1627.74,10.054300178599295
1992-02-19,0.0,411.9,24.23,7.84,1067.32,10.584590272407274
1992-02-20,0.0,428.6,21.26,4.28,829.42,8.930085179726378
1992-02-21,0.0,401.14,19.13,4.93,872.91,4.899880466785732
1992-02-22,0.0,365.59,20.13,7.86,1069.2,2.9908361290770054
1992-02-23,17.56,220.35,20.58,11.58,1366.12,3.5847610341419425
1992-02-24,1.21,297.69,21.97,12.39,1431.13,4.539283202996306
1992-02-25,4.71,200.9,21.45,13.66,1573.05,3.796877071665134
1992-02-26,0.0,450.46,22.03,4.92,873.11,3.033259336581644
1992-02-27,0.0,379.02,13.32,1.84,705.02,2.375699620259749
1992-02-28,0.0,417.75,18.6,4.39,833.52,1.955709865963829
1992-02-29,0.0,433.72,23.31,7.0,1000.1,1.6926859794350713
1992-03-01,0.0,446.97,24.76,6.97,997.48,1.5060238664146623
1992-03-02,0.0,448.88,26.09,8.06,1084.97,1.3596638005236599
1992-03-03,0.0,427.08,25.19,9.25,1179.72,1.2599692628877597
1992-03-04,0.0,395.69,22.5,9.03,1162.25,1.1899709705051065
1992-03-05,18.68,303.07,24.01,10.81,1304.65,1.3723907627750513
1992-03-06,36.21,165.21,18.45,12.05,1404.2,4.815034051776456
1992-03-07,0.69,283.8,22.03,13.34,1533.54,7.657388954587226
1992-03-08,0.0,364.56,26.41,14.29,1630.3,6.978617634513013
1992-03-09,0.0,340.64,26.16,15.29,1743.34,4.199897542959199
1992-03-10,22.49,288.87,24.39,12.07,1405.77,3.2453753741048357
1992-03-11,0.0,449.42,14.19,0.01,612.02,3.4574914116280278
1992-03-12,0.0,336.11,10.25,1.34,667.34,3.202952166600197
1992-03-13,0.0,382.06,14.17,3.68,795.66,2.693873676544537
1992-03-14,0.0,483.23,17.67,1.71,696.86,2.142371978984238
1992-03-15,0.0,497.25,23.96,5.52,912.28,1.8093498000728268
1992-03-16,0.0,496.28,25.2,6.39,951.14,1.6332934889285773
1992-03-17,0.0,445.72,22.91,8.25,1100.13,1.5039027060394303
1992-03-18,0.45,312.92,23.35,14.17,1613.26,1.431783253281545
1992-03-19,24.12,205.42,22.83,15.08,1721.9,1.6290511681781135
1992-03-20,0.0,518.24,24.84,4.85,867.67,2.142371978984238
1992-03-21,0.0,450.94,18.24,4.47,837.34,1.8602576490783926
1992-03-22,15.72,271.93,17.0,7.09,1007.1,1.7032917813112307
1992-03-23,10.61,299.84,16.5,5.38,900.3,2.5241808465259834
1992-03-24,0.0,478.43,15.69,1.04,645.85,3.2241637703525163
1992-03-25,0.0,492.37,20.34,4.19,818.77,2.5666040540306216
1992-03-26,0.0,464.29,22.07,7.2,1016.11,1.9217712999601184
1992-03-27,0.0,470.71,24.16,8.77,1141.35,1.5654163569211559
1992-03-28,0.0,447.69,24.75,10.49,1279.07,1.3851177250264428
1992-03-29,2.13,303.83,21.93,12.66,1452.69,1.2684539043886873
1992-03-30,3.88,231.81,23.38,14.86,1697.51,1.226030696884049
1992-03-31,0.0,425.84,22.77,10.47,1277.42,1.3257252345199493
1992-04-01,0.0,483.54,21.85,7.14,1011.56,1.329967555270413
1992-04-02,0.0,549.76,22.29,2.67,741.28,1.1666382063775553
1992-04-03,0.0,462.03,17.83,4.73,858.1,1.0669436687416551
1992-04-04,0.0,520.99,19.87,3.29,779.75,1.0075511782351614
1992-04-05,0.0,499.14,22.4,6.59,967.42,0.9693702914809867
1992-04-06,11.36,315.9,21.29,9.24,1179.04,0.9714914518562187
1992-04-07,5.65,263.59,21.27,11.74,1379.35,1.19421329125557
1992-04-08,0.0,395.36,22.26,11.21,1337.03,1.3469368382722684
1992-04-09,0.0,440.14,25.0,11.92,1393.83,1.2281518572592809
1992-04-10,0.0,404.7,25.7,14.02,1601.52,1.071185989492119
1992-04-11,0.0,341.98,25.88,16.32,1851.04,0.9863395744828422
1992-04-12,0.0,380.45,27.33,16.35,1855.87,0.9969453763590018
1992-04-13,0.0,445.14,28.84,15.19,1735.17,1.0478532253645678
1992-04-14,0.0,438.56,28.38,15.27,1741.49,0.9439163669782038
1992-04-15,0.0,467.53,26.47,12.6,1447.81,0.8654334330946228
1992-04-16,0.0,435.53,26.79,14.33,1628.31,0.8230102255899845
1992-04-17,0.0,417.5,27.28,15.4,1752.02,0.7933139803367376
1992-04-18,0.0,372.15,26.47,16.25,1840.01,0.7636177350834907
1992-04-19,26.78,237.33,26.0,17.76,2042.02,0.9502798481038995
1992-04-20,0.35,286.82,26.13,18.62,2146.06,2.0681313658511207
1992-04-21,55.34,328.07,25.03,13.17,1508.69,5.981672258154011
1992-04-22,0.0,518.13,26.32,10.44,1275.29,10.796706309930467
1992-04-23,0.0,528.99,28.29,11.25,1339.96,12.133037346326576
1992-04-24,0.0,484.35,28.92,14.35,1629.81,6.0877302769156065
1992-04-25,3.02,370.0,28.13,16.1,1816.73,2.4605460352690254
1992-04-26,0.0,506.3,23.58,9.1,1168.18,1.8008651585718989
1992-04-27,0.0,521.71,21.04,6.19,935.12,1.4699641400357197
1992-04-28,0.0,514.3,20.1,5.64,919.99,1.2684539043886873
1992-04-29,0.0,484.51,21.0,7.69,1055.03,1.145426602625236
1992-04-30,0.0,473.01,23.0,9.93,1234.11,1.0669436687416551
1992-05-01,0.0,499.87,26.92,12.0,1399.76,1.0139146593608572
1992-05-02,0.0,503.97,28.62,13.28,1524.33,0.9630068103552911
1992-05-03,0.0,476.79,29.04,14.94,1709.76,0.9099778009744931
1992-05-04,0.0,465.65,28.05,14.74,1677.87,0.8654334330946228
1992-05-05,0.0,544.35,28.42,10.76,1301.19,0.8272525463404482
1992-05-06,0.0,535.82,28.32,11.15,1331.63,0.7933139803367376
1992-05-07,0.0,527.14,21.77,6.27,943.39,0.755133093582563
1992-05-08,0.0,542.02,23.01,6.29,943.31,0.7254368483293162
1992-05-09,0.0,545.52,25.44,7.89,1071.24,0.7021040842017651
1992-05-10,0.0,535.99,26.98,9.56,1204.7,0.6830136408246779
1992-05-11,0.0,512.22,27.85,11.48,1358.1,0.6639231974475905
1992-05-12,0.0,457.33,27.67,13.9,1592.06,0.6490750748209672
1992-05-13,0.05,437.05,29.85,16.5,1880.24,0.6384692729448075
1992-05-14,0.0,492.65,31.5,15.22,1737.71,0.6299846314438798
1992-05-15,0.0,475.03,31.06,15.76,1780.59,0.6151365088172563
1992-05-16,0.0,431.16,30.18,16.95,1916.62,0.5960460654401691
1992-05-17,0.0,413.05,29.91,17.41,1985.44,0.5790767824383137
1992-05-18,0.0,415.01,30.1,17.45,1991.28,0.5663498201869224
1992-05-19,0.62,421.42,30.68,16.97,1917.48,0.5578651786859946
1992-05-20,0.0,444.2,30.55,16.39,1861.98,0.5578651786859946
1992-05-21,0.0,433.38,30.95,17.12,1938.62,0.5515016975602989
1992-05-22,0.33,418.26,30.42,16.99,1921.89,0.5387747353089074
1992-05-23,0.0,413.25,30.01,17.3,1968.6,0.5302900938079798
1992-05-24,0.0,441.48,31.29,17.22,1955.64,0.5281689334327477
1992-05-25,8.61,326.88,31.35,17.46,1994.23,0.5239266126822839
1992-05-26,8.54,269.27,28.29,17.8,2046.19,0.5854402635640096
1992-05-27,8.27,283.63,28.54,17.45,1992.23,0.6681655181980544
1992-05-28,20.11,243.04,26.34,17.34,1974.05,0.9566433292295954
1992-05-29,6.99,258.98,27.63,17.9,2057.06,1.4190562910301536
1992-05-30,0.0,375.08,27.36,16.78,1906.21,1.4996603852889665
1992-05-31,0.0,409.52,26.38,14.84,1692.43,1.175122847878483
1992-06-01,0.95,359.54,27.5,16.94,1915.81,0.8696757538450867
1992-06-02,0.0,333.88,27.0,17.99,2075.24,0.7254368483293162
1992-06-03,20.0,259.57,28.43,18.94,2191.17,0.680892480449446
1992-06-04,3.95,334.13,30.45,17.33,1973.54,0.8781603953460143
1992-06-05,0.0,447.5,30.13,17.1,1937.85,0.912098961349725
1992-06-06,0.0,418.76,30.83,18.85,2176.23,0.7572542539577949
1992-06-07,2.43,305.69,30.84,20.97,2475.81,0.653317395571431
1992-06-08,23.33,228.46,29.73,21.79,2606.65,0.7487696124568672
1992-06-09,16.73,247.5,30.92,22.27,2682.9,1.382996564651211
1992-06-10,0.63,389.82,32.13,21.53,2564.45,1.512387347540358
1992-06-11,1.41,353.26,30.67,20.99,2477.85,1.2090614138821936
1992-06-12,0.08,385.59,29.96,20.1,2344.11,0.9036143198487975
1992-06-13,3.95,373.22,30.2,20.46,2393.19,0.7572542539577949
1992-06-14,7.86,338.28,30.1,18.23,2098.29,0.7975563010872014
1992-06-15,16.4,324.8,30.82,19.52,2281.17,1.0117934989856252
1992-06-16,0.0,436.3,32.27,20.57,2410.83,1.2854231873905426
1992-06-17,0.0,420.52,33.24,21.93,2628.31,0.9948242159837699
1992-06-18,0.0,428.7,33.12,21.6,2576.0,0.7954351407119695
1992-06-19,0.0,421.95,33.91,22.51,2721.48,0.6872559615751416
1992-06-20,0.0,463.03,34.05,21.02,2482.6,0.6108941880667926
1992-06-21,0.0,454.86,32.89,20.53,2404.9,0.5536228579355308
1992-06-22,0.0,504.62,31.96,17.56,1993.76,0.5090784900556604
1992-06-23,0.0,483.63,30.41,17.42,1987.94,0.4772610844271816
1992-06-24,0.0,486.87,32.5,18.84,2172.72,0.4539283202996306
1992-06-25,0.0,468.09,33.72,20.49,2398.17,0.43695903729777524
1992-06-26,0.0,443.68,33.68,21.46,2553.42,0.4242320750463837
1992-06-27,0.0,459.18,32.48,19.84,2308.56,0.4221109146711518
1992-06-28,0.0,470.05,32.17,19.06,2209.18,0.45180715992439874
1992-06-29,0.0,459.95,32.62,19.77,2300.92,0.4475648391739348
1992-06-30,61.33,327.91,31.05,19.43,2263.51,0.5536228579355308
1992-07-01,10.11,239.3,28.66,21.04,2486.01,1.667232054932288
1992-07-02,5.99,291.96,32.5,22.33,2693.05,2.418122827764387
1992-07-03,0.0,381.86,33.38,23.21,2834.12,2.03419279984741
1992-07-04,0.0,440.1,33.76,21.48,2557.33,1.223909536508817
1992-07-05,0.0,424.06,34.0,22.3,2688.35,0.8378583482166079
1992-07-06,0.0,441.36,34.32,21.85,2616.44,0.6893771219503736
1992-07-07,0.0,475.61,35.5,21.04,2486.76,0.5811979428135456
1992-07-08,0.0,470.26,35.5,21.14,2501.98,0.521805452307052
1992-07-09,0.0,439.89,35.48,22.38,2701.16,0.48574572592810933
1992-07-10,0.0,425.5,34.76,22.38,2700.59,0.4602918014253264
1992-07-11,0.0,418.94,34.41,22.31,2690.26,0.4645341221757902
1992-07-12,0.0,416.55,34.46,22.39,2703.19,0.43695903729777524
1992-07-13,0.0,408.27,33.85,22.17,2666.93,0.4284743957968476
1992-07-14,9.93,298.6,31.58,21.26,2521.82,0.4284743957968476
1992-07-15,10.96,272.09,30.69,21.16,2505.94,0.443322518423471
1992-07-16,9.6,268.62,30.5,21.19,2511.11,0.5281689334327477
1992-07-17,5.41,309.0,32.38,21.02,2482.93,0.5960460654401691
1992-07-18,6.74,324.45,32.52,20.35,2376.12,0.6214999899429522
1992-07-19,9.85,335.42,32.55,20.09,2336.51,0.545138216434603
1992-07-20,1.38,389.52,32.41,20.89,2462.81,0.5005938485547328
1992-07-21,22.51,306.57,31.99,21.22,2515.08,0.4624129618005583
1992-07-22,15.65,276.89,31.01,21.97,2635.46,0.57483446168785
1992-07-23,13.16,247.76,30.65,22.31,2689.86,1.0669436687416551
1992-07-24,14.41,258.06,30.65,22.02,2643.67,1.3363310363961087
1992-07-25,7.38,282.4,30.51,21.83,2613.35,1.4254197721558493
1992-07-26,2.67,324.16,32.09,22.23,2677.0,1.2408788195106724
1992-07-27,0.91,368.26,32.89,23.1,2815.98,0.9778549329819145
1992-07-28,8.54,289.54,32.88,22.89,2782.28,0.833616027466144
1992-07-29,4.5,341.34,32.32,21.96,2634.11,0.7148310464531566
1992-07-30,0.0,414.11,32.92,22.06,2649.33,0.6384692729448075
1992-07-31,0.0,402.49,33.48,22.81,2769.55,0.5557440183107627
1992-08-01,1.65,404.61,32.5,21.1,2495.44,0.5027150089299647
1992-08-02,2.34,401.38,31.95,20.32,2370.51,0.47089760330148595
1992-08-03,0.0,413.42,32.28,21.43,2549.22,0.47089760330148595
1992-08-04,4.54,397.55,31.82,20.48,2396.06,1.4487525362834006
1992-08-05,0.0,416.63,32.19,21.26,2521.75,1.0330051027379443
1992-08-06,0.0,424.7,33.11,21.75,2600.49,0.5557440183107627
1992-08-07,0.0,427.75,32.99,21.61,2577.66,0.4412013580482391
1992-08-08,0.56,420.01,33.31,21.88,2620.2,0.41574743354545607
1992-08-09,0.0,429.21,33.5,21.96,2633.89,0.3839300279169773
1992-08-10,10.54,408.0,33.92,20.83,2452.48,0.34787030153803467
1992-08-11,17.98,362.16,33.69,19.63,2288.35,0.4496859995491667
1992-08-12,0.85,395.2,31.34,21.06,2488.96,0.7954351407119695
1992-08-13,11.29,259.27,30.32,22.0,2639.46,0.7614965747082588
1992-08-14,16.89,295.48,30.43,20.66,2424.94,0.8802815557212463
1992-08-15,0.0,441.47,30.77,19.22,2234.18,0.912098961349725
1992-08-16,0.0,482.49,30.03,16.83,1910.08,0.6681655181980544
1992-08-17,0.0,478.2,29.28,16.4,1857.28,0.5069573296804286
1992-08-18,0.01,463.32,30.0,17.57,2008.75,0.42635323542161563
1992-08-19,1.89,355.93,29.57,19.69,2291.78,0.3945358297931369
1992-08-20,7.47,315.12,29.88,19.12,2219.27,0.6236211503181841
1992-08-21,0.0,381.76,29.17,19.75,2297.59,0.7487696124568672
1992-08-22,7.84,277.63,29.49,20.34,2374.16,0.6851348011999097
1992-08-23,0.0,403.88,30.5,20.05,2332.74,0.5918037446897053
1992-08-24,1.27,379.45,32.0,21.14,2501.79,0.5918037446897053
1992-08-25,0.0,364.68,31.63,22.14,2663.19,0.5642286598116903
1992-08-26,11.8,221.79,30.03,22.78,2764.13,0.5302900938079798
1992-08-27,32.0,182.19,29.71,23.86,2965.69,0.8187679048395206
1992-08-28,0.53,414.07,31.4,20.0,2319.77,0.9205836028506528
1992-08-29,0.0,483.96,28.09,14.64,1663.12,1.1051245554958296
1992-08-30,0.0,491.31,28.88,14.69,1669.74,0.8908873575974059
1992-08-31,0.0,481.89,29.5,15.52,1761.97,0.6130153484420245
1992-09-01,0.0,463.61,30.38,17.0,1925.01,0.4878668863033413
1992-09-02,0.0,415.26,31.17,19.62,2285.86,0.4284743957968476
1992-09-03,0.0,391.74,31.47,20.71,2434.24,0.392414669417905
1992-09-04,0.0,407.25,31.13,19.82,2307.24,0.3860511882922092
1992-09-05,0.07,420.15,31.43,19.44,2263.82,0.37544538641604963
1992-09-06,13.15,314.81,31.48,20.35,2376.3,0.36059726378942614
1992-09-07,4.24,279.72,30.69,20.78,2444.7,0.653317395571431
1992-09-08,8.61,289.48,31.38,20.66,2425.94,0.5769556220630819
1992-09-09,0.0,408.38,32.43,20.6,2416.31,0.47301876367671786
1992-09-10,0.0,410.22,32.5,20.57,2410.86,0.443322518423471
1992-09-11,0.0,417.38,32.65,20.25,2360.23,0.40302047129406454
1992-09-12,0.0,456.42,31.74,17.42,1988.91,0.37332422604081766
1992-09-13,0.0,437.82,31.93,18.35,2111.51,0.37332422604081766
1992-09-14,0.2,409.94,31.62,19.32,2251.54,0.37968770716651346
1992-09-15,0.0,420.79,30.26,17.72,2032.65,0.36483958453989
1992-09-16,2.67,302.27,28.74,19.19,2229.65,0.36483958453989
1992-09-17,8.58,206.7,28.46,21.27,2523.35,0.3627184241646581
1992-09-18,10.54,210.0,28.92,21.57,2571.19,0.5154419711813563
1992-09-19,7.89,251.69,30.41,21.21,2513.35,0.888766197222174
1992-09-20,0.0,361.3,30.99,20.65,2424.36,0.7954351407119695
1992-09-21,1.43,293.43,30.56,21.81,2609.45,0.7742235369596503
1992-09-22,0.0,332.35,30.99,21.61,2577.4,0.6151365088172563
1992-09-23,7.8,244.96,27.47,19.33,2247.81,0.5175631315565882
1992-09-24,0.0,291.35,24.39,17.1,1938.44,0.5090784900556604
1992-09-25,0.05,238.57,22.73,16.96,1923.21,0.5111996504308923
1992-09-26,9.91,100.19,21.22,18.22,2097.55,0.4836245655528774
1992-09-27,1.62,149.86,23.58,19.74,2299.71,0.521805452307052
1992-09-28,0.0,289.57,26.84,19.53,2271.89,0.5599863390612265
1992-09-29,0.0,428.78,27.49,14.86,1689.22,0.5133208108061244
1992-09-30,0.0,432.04,25.15,12.74,1468.51,0.4645341221757902
1992-10-01,0.0,429.39,24.91,12.58,1447.98,0.44544367879870295
1992-10-02,0.0,431.05,24.13,11.73,1378.37,0.4221109146711518
1992-10-03,0.7,401.77,24.59,13.41,1538.17,0.4093839524197603
1992-10-04,0.09,308.78,23.68,15.91,1800.85,0.40302047129406454
1992-10-05,0.0,448.39,27.49,12.74,1458.95,0.40726279204452837
1992-10-06,0.0,441.94,26.82,12.48,1438.44,0.392414669417905
1992-10-07,0.0,453.46,24.82,9.74,1219.09,0.38180886754174537
1992-10-08,0.0,421.26,24.52,11.51,1360.66,0.37544538641604963
1992-10-09,0.0,412.99,25.81,12.79,1477.38,0.36908190529035384
1992-10-10,0.0,410.25,25.37,12.46,1436.48,0.36483958453989
1992-10-11,7.74,279.75,25.16,14.12,1609.98,0.37120306566558575
1992-10-12,0.0,466.61,24.0,6.21,936.43,0.38180886754174537
1992-10-13,0.0,457.91,25.0,7.52,1041.28,0.390293509042673
1992-10-14,0.0,442.97,27.79,10.57,1285.61,0.3860511882922092
1992-10-15,0.0,419.78,27.44,12.12,1409.82,0.37332422604081766
1992-10-16,0.0,370.78,27.48,15.11,1721.12,0.3627184241646581
1992-10-17,2.29,249.91,24.66,16.18,1834.33,0.3563549430389623
1992-10-18,0.0,390.76,23.05,9.87,1229.6,0.3521126222884985
1992-10-19,0.0,427.43,23.45,7.09,1006.88,0.3499914619132666
1992-10-20,0.0,431.09,22.94,5.77,922.68,0.34787030153803467
1992-10-21,0.0,428.48,25.6,7.43,1034.39,0.34787030153803467
1992-10-22,0.0,389.23,26.61,11.3,1344.37,0.3436279807875708
1992-10-23,0.0,390.74,27.45,11.38,1350.09,0.34150682041233893
1992-10-24,0.0,394.17,27.0,10.28,1262.67,0.33726449966187505
1992-10-25,0.0,375.24,27.5,11.64,1371.35,0.3309010185361793
1992-10-26,0.0,366.39,28.95,12.85,1472.55,0.3266586977857155
1992-10-27,0.0,336.25,28.23,13.9,1592.08,0.32241637703525167
1992-10-28,1.61,243.62,26.87,16.2,1832.76,0.3202952166600197
1992-10-29,0.0,302.34,26.8,14.33,1631.27,0.3202952166600197
1992-10-30,0.65,252.17,26.37,16.05,1820.18,0.32241637703525167
1992-10-31,6.24,183.81,25.0,15.41,1752.99,0.3287798581609474
1992-11-01,0.0,210.9,26.02,17.77,2043.3,0.37332422604081766
1992-11-02,37.67,156.18,23.58,15.68,1775.6,0.9099778009744931
1992-11-03,0.0,355.2,23.93,8.02,1081.6,0.8611911123441589
1992-11-04,59.37,265.32,25.89,9.5,1199.91,1.590870281423939
1992-11-05,23.17,169.37,14.76,6.52,961.86,4.369590372977752
1992-11-06,0.0,307.56,12.62,0.8,643.31,3.7332422604081765
1992-11-07,0.0,325.73,13.15,0.16,616.45,2.110554573355759
1992-11-08,0.0,347.53,15.55,0.72,640.14,1.357542640148428
1992-11-09,0.0,345.24,18.05,2.88,750.65,1.0033088574846976
1992-11-10,0.0,313.0,20.48,7.01,1000.51,0.835737187841376
1992-11-11,11.47,122.46,19.5,13.32,1530.43,0.780587018085346
1992-11-12,19.9,126.32,21.37,14.97,1714.89,1.7626842718177245
1992-11-13,30.17,254.08,20.51,5.49,905.6,4.412013580482391
1992-11-14,0.0,344.71,16.88,1.76,700.79,3.9453582979313686
1992-11-15,0.0,353.23,19.16,2.67,733.88,2.4393344315167065
1992-11-16,0.0,348.32,19.86,3.25,779.74,1.5654163569211559
1992-11-17,0.0,332.08,19.68,4.28,824.79,1.1666382063775553
1992-11-18,0.0,329.91,20.31,4.89,871.32,0.9333105651020441
1992-11-19,0.0,330.59,23.61,7.46,1037.01,0.7636177350834907
1992-11-20,1.19,277.53,23.45,10.95,1316.05,0.7318003294550119
1992-11-21,30.33,135.27,23.43,16.06,1819.42,2.4393344315167065
1992-11-22,13.1,185.04,24.36,13.85,1586.29,3.2665869778571546
1992-11-23,0.0,318.77,19.08,4.75,859.88,2.9908361290770054
1992-11-24,49.5,202.93,18.04,7.01,1000.68,4.857457259281094
1992-11-25,2.66,214.83,20.68,11.38,1350.23,4.305955561720794
1992-11-26,0.0,326.63,18.44,3.47,785.21,3.181740562847878
1992-11-27,0.0,268.27,12.5,1.99,710.42,2.142371978984238
1992-11-28,0.0,139.24,7.63,2.85,747.97,1.6842013379341434
1992-11-29,0.0,175.3,7.3,1.22,657.4,1.308755951518094
1992-11-30,0.0,318.71,12.21,-1.53,554.73,1.122093838497685
1992-12-01,0.0,335.4,15.72,-0.35,597.9,0.935431725477276
1992-12-02,0.0,315.6,16.25,1.68,687.86,0.888766197222174
1992-12-03,0.0,334.49,15.78,-0.7,581.29,0.8421006689670717
1992-12-04,0.0,316.2,18.93,3.77,801.55,0.8230102255899845
1992-12-05,2.16,285.22,21.66,6.33,950.61,0.8039197822128972
1992-12-06,0.0,208.07,13.64,5.4,907.81,0.8421006689670717
1992-12-07,10.46,170.11,16.51,7.26,1020.69,0.935431725477276
1992-12-08,2.93,203.12,11.89,1.62,689.08,1.4042081684035301
1992-12-09,0.0,274.88,14.45,2.87,749.76,1.6842013379341434
1992-12-10,29.68,214.83,18.19,5.45,904.71,3.3726449966187504
1992-12-11,0.0,328.58,18.61,1.58,684.0,3.096894147838601
1992-12-12,0.0,321.32,16.17,-0.06,607.24,2.142371978984238
1992-12-13,0.0,300.66,16.27,1.98,711.22,1.590870281423939
1992-12-14,0.0,227.8,16.09,6.56,964.53,1.308755951518094
1992-12-15,0.0,210.78,19.27,10.47,1277.53,1.2154248950078894
1992-12-16,39.63,165.56,19.92,10.71,1296.69,5.621074994364585
1992-12-17,54.35,124.88,15.04,8.74,1138.87,11.22093838497685
1992-12-18,0.0,259.09,15.13,4.64,851.44,14.0420816840353
1992-12-19,0.0,278.55,16.65,4.99,879.12,9.354317254772761
1992-12-20,6.41,159.82,20.52,12.07,1405.79,5.154419711813563
1992-12-21,4.89,140.83,21.25,13.98,1597.62,4.199897542959199
1992-12-22,0.0,182.85,21.58,14.46,1639.08,3.2665869778571546
1992-12-23,0.85,193.67,22.42,14.92,1706.54,2.4393344315167065
1992-12-24,0.67,299.98,21.98,8.4,1111.65,2.057525563974961
1992-12-25,0.0,323.59,17.3,2.1,713.31,1.777532394444348
1992-12-26,1.07,306.64,19.36,5.56,914.13,1.6842013379341434
1992-12-27,1.29,161.69,13.17,7.5,1039.86,1.637535809679041
1992-12-28,1.92,166.86,15.96,9.86,1228.56,1.5484470739193006
1992-12-29,0.0,224.83,17.61,9.06,1164.83,1.5378412720431411
1992-12-30,0.0,282.17,19.65,7.89,1071.09,1.4975392249137345
1992-12-31,0.0,253.5,18.63,8.47,1117.96,1.357542640148428
1993-01-01,0.0,246.11,17.45,8.64,1131.04,1.2726962251391514
1993-01-02,0.0,306.67,16.11,3.97,810.74,1.2196672157583532
1993-01-03,0.0,305.92,19.98,7.42,1033.59,1.1666382063775553
1993-01-04,4.08,127.93,21.65,16.0,1802.82,1.1242149988729169
1993-01-05,6.05,192.08,21.75,12.12,1410.01,1.251484621386832
1993-01-06,0.98,203.91,14.51,7.77,1061.52,1.410571649529226
1993-01-07,6.85,117.73,13.25,8.25,1100.15,1.3978446872778345
1993-01-08,17.88,89.41,12.47,8.77,1141.78,2.587815657782941
1993-01-09,0.32,158.63,13.05,8.04,1083.15,3.033259336581644
1993-01-10,1.6,160.02,14.17,8.7,1135.97,2.3120648090027913
1993-01-11,45.4,123.25,17.11,11.79,1382.89,3.9453582979313686
1993-01-12,4.77,165.52,20.62,13.24,1519.48,9.014931594735655
1993-01-13,0.0,328.15,21.94,8.14,1091.49,10.478532253645678
1993-01-14,0.0,286.89,14.09,4.15,815.76,8.484641500927676
1993-01-15,0.35,235.73,10.65,3.12,763.95,4.2635323542161565
1993-01-16,4.89,197.24,11.03,2.51,721.07,2.7787200915538133
1993-01-17,0.0,353.37,15.5,1.05,656.13,2.3120648090027913
1993-01-18,0.0,346.9,17.9,3.89,801.52,1.97904263009138
1993-01-19,3.06,212.69,19.48,10.59,1287.01,1.7669265925681883
1993-01-20,59.73,148.98,19.17,12.82,1465.88,4.136262731702241
1993-01-21,150.71,188.48,18.68,10.43,1274.29,18.941962150821034
1993-01-22,0.0,364.41,21.62,5.79,921.98,40.51416316692965
1993-01-23,0.0,374.0,22.52,5.4,905.15,40.726279204452844
1993-01-24,8.86,280.03,22.49,5.75,923.8,22.272183939935147
1993-01-25,0.0,363.52,14.66,0.88,649.14,12.111825742574256
1993-01-26,0.0,332.6,12.71,1.44,674.4,7.318003294550119
1993-01-27,0.0,376.83,14.36,-0.24,600.44,4.115051127949922
1993-01-28,0.0,393.92,17.5,0.49,632.18,3.096894147838601
1993-01-29,1.05,350.45,17.47,4.58,846.13,2.6514504690398986
1993-01-30,0.17,350.85,17.08,4.77,861.84,2.3120648090027913
1993-01-31,0.0,399.21,17.5,0.47,626.17,2.1635835827365573
1993-02-01,0.0,396.89,18.75,1.97,714.64,1.9217712999601184
1993-02-02,0.0,406.07,20.27,1.86,705.35,1.7923805170709712
1993-02-03,0.0,378.67,16.82,2.26,720.67,1.673595536057984
1993-02-04,0.0,367.04,17.5,3.8,803.05,1.512387347540358
1993-02-05,0.0,386.21,18.33,2.88,750.98,1.484812262662343
1993-02-06,7.27,247.72,15.07,3.67,798.71,1.561174036170692
1993-02-07,5.46,176.89,11.81,4.5,841.22,1.8623788094536244
1993-02-08,0.0,396.64,18.52,2.05,709.54,1.8369248849508415
1993-02-09,0.0,409.26,20.16,1.92,708.32,1.5760221587973156
1993-02-10,0.0,396.23,20.72,3.57,791.27,1.5335989512926773
1993-02-11,33.41,200.36,19.98,10.5,1279.91,2.7787200915538133
1993-02-12,7.68,286.93,20.45,5.82,924.96,5.1968429193182
1993-02-13,0.0,337.55,15.56,3.36,787.17,4.602918014253264
1993-02-14,0.0,342.12,17.5,4.87,869.33,2.9272013178200478
1993-02-15,0.0,320.88,18.41,6.81,984.74,2.0999487714795997
1993-02-16,17.1,233.31,19.98,8.85,1148.13,3.2665869778571546
1993-02-17,0.0,407.44,16.96,0.57,633.39,3.4362798078757084
1993-02-18,0.0,349.26,12.22,-0.03,610.65,2.884778110315409
1993-02-19,0.0,368.5,9.83,-3.34,478.65,2.1020699318548313
1993-02-20,0.0,387.74,14.79,0.08,612.44,1.8751057717050164
1993-02-21,0.01,300.25,22.0,11.26,1340.74,1.8093498000728268
1993-02-22,0.24,378.95,22.01,7.47,1037.8,1.5145085079155898
1993-02-23,0.0,427.85,19.31,1.97,706.2,1.4466313759081686
1993-02-24,0.0,404.82,17.5,2.22,719.84,1.2981501496419343
1993-02-25,0.0,350.82,17.48,5.25,894.52,1.2154248950078894
1993-02-26,17.17,250.63,18.2,6.86,989.03,1.3787542439007472
1993-02-27,0.0,412.62,14.97,0.06,611.45,2.184795186488876
1993-02-28,0.0,370.78,14.87,2.4,721.88,1.97904263009138
1993-03-01,0.0,313.68,15.9,5.91,922.58,1.7648054321929565
1993-03-02,11.15,241.0,17.89,7.95,1076.12,1.45935833815956
1993-03-03,30.85,155.62,17.46,11.37,1349.34,3.0756825440862823
1993-03-04,0.0,393.43,17.27,4.61,848.68,5.069573296804285
1993-03-05,0.0,400.11,17.46,4.62,849.92,3.7544538641604963
1993-03-06,0.0,448.08,17.41,1.87,698.03,2.4605460352690254
1993-03-07,0.0,456.88,18.47,2.33,721.12,1.6969283001855349
1993-03-08,0.0,474.82,22.03,3.81,802.85,1.4190562910301536
1993-03-09,0.0,476.86,24.95,5.71,921.14,1.2387576591354406
1993-03-10,0.0,451.47,26.06,8.89,1151.28,1.1433054422500042
1993-03-11,0.0,383.51,22.63,10.17,1253.59,1.0945187536196699
1993-03-12,5.44,227.97,12.99,4.58,846.77,1.1602747252518595
1993-03-13,34.23,275.81,8.05,-2.33,515.26,2.5666040540306216
1993-03-14,0.0,421.39,6.02,-6.29,378.87,5.048361693051967
1993-03-15,0.0,462.12,10.86,-3.74,460.76,4.136262731702241
1993-03-16,0.57,369.63,13.35,2.56,734.37,3.3938566003710697
1993-03-17,39.8,148.53,14.67,9.52,1201.6,5.324112541832116
1993-03-18,0.0,424.69,17.75,5.0,879.75,7.424061313311715
1993-03-19,0.0,446.46,19.25,5.44,908.99,5.7483446168785
1993-03-20,0.0,316.24,17.46,8.96,1157.09,3.4362798078757084
1993-03-21,12.97,204.09,16.82,9.8,1224.15,2.5453924502783027
1993-03-22,0.0,352.95,21.88,12.2,1416.09,2.4817576390213447
1993-03-23,4.85,205.59,22.17,14.97,1714.54,2.396911224012068
1993-03-24,0.0,429.4,23.46,10.95,1315.73,2.290853205250472
1993-03-25,0.0,439.18,24.5,11.6,1367.98,1.911165498083959
1993-03-26,14.85,297.69,21.85,11.2,1336.16,1.8772269320802482
1993-03-27,0.0,484.87,20.78,6.38,950.68,2.4605460352690254
1993-03-28,0.0,493.25,22.17,7.05,1004.19,2.017223516845555
1993-03-29,0.0,513.9,26.24,8.85,1147.72,1.616324205926722
1993-03-30,0.0,476.94,26.96,11.92,1393.81,1.4466313759081686
1993-03-31,20.44,241.72,26.31,17.62,2019.8,2.587815657782941
1993-04-01,0.0,518.43,26.63,8.92,1153.56,2.6514504690398986
1993-04-02,0.0,525.3,21.28,4.0,814.72,1.8581364887031608
1993-04-03,0.0,445.01,17.52,5.21,894.5,1.4190562910301536
1993-04-04,39.33,263.74,17.07,8.14,1091.55,1.7075341020616945
1993-04-05,7.34,196.21,15.81,9.6,1207.86,4.369590372977752
1993-04-06,0.0,327.77,16.31,8.51,1120.97,6.214999899429522
1993-04-07,0.0,481.68,20.42,7.19,1015.03,5.451382164346031
1993-04-08,0.9,417.82,21.12,9.42,1193.67,3.499914619132666
1993-04-09,14.67,290.89,18.35,9.24,1179.43,2.3332764127551107
1993-04-10,0.0,514.21,20.14,5.93,924.32,2.693873676544537
1993-04-11,0.0,544.29,24.67,7.32,1025.48,2.3544880165074296
1993-04-12,0.0,528.43,26.74,9.98,1238.63,1.957831026339061
1993-04-13,0.0,475.91,27.25,13.45,1546.01,1.6820801775589116
1993-04-14,0.0,412.0,26.98,15.96,1807.79,1.5017815456641985
1993-04-15,30.22,288.89,25.52,15.65,1771.97,2.3120648090027913
1993-04-16,0.0,529.19,21.24,5.68,919.49,4.199897542959199
1993-04-17,0.0,537.58,21.84,5.6,915.12,3.7120306566558576
1993-04-18,0.0,521.85,23.51,7.96,1077.09,2.6726620727922175
1993-04-19,0.0,497.92,25.2,10.52,1281.41,1.8475306868270012
1993-04-20,0.0,440.94,25.91,13.54,1551.16,1.5208719890412856
1993-04-21,21.79,401.15,25.2,8.01,1080.87,2.969624525324686
1993-04-22,0.0,525.78,19.76,3.93,809.99,4.921092070538051
1993-04-23,0.0,527.4,21.0,4.83,866.0,3.2241637703525163
1993-04-24,0.0,497.26,23.48,8.55,1123.79,1.9493463848381334
1993-04-25,0.0,347.5,25.99,16.46,1864.75,1.5505682342945326
1993-04-26,7.09,324.23,27.04,14.54,1652.86,1.4042081684035301
1993-04-27,0.0,507.64,25.77,10.09,1247.42,1.3384521967713405
1993-04-28,0.0,499.48,25.51,10.41,1273.06,1.3936023665273707
1993-04-29,0.0,479.13,24.82,10.86,1308.94,1.2917866685162385
1993-04-30,1.57,369.87,24.23,13.61,1562.73,1.1517900837509318
1993-05-01,13.52,156.76,22.23,17.08,1934.98,1.3342098760208767
1993-05-02,18.95,199.81,23.2,16.69,1895.25,2.227218393993515
1993-05-03,4.88,289.74,23.67,15.54,1763.39,2.7575084878014944
1993-05-04,0.0,513.83,26.68,11.37,1349.53,2.2060067902411955
1993-05-05,0.0,502.76,27.83,12.64,1451.33,1.7181399039378542
1993-05-06,0.0,506.07,29.97,13.9,1591.71,1.3384521967713405
1993-05-07,0.0,491.77,30.37,14.92,1707.11,1.122093838497685
1993-05-08,0.0,502.24,30.18,14.13,1610.29,1.0033088574846976
1993-05-09,0.0,445.22,29.35,16.04,1809.48,0.9057354802240293
1993-05-10,0.0,387.97,28.65,17.65,2024.33,0.8484641500927674
1993-05-11,28.46,284.57,27.97,17.5,1997.52,1.3596638005236599
1993-05-12,14.03,261.64,24.58,15.61,1774.09,4.793822448024136
1993-05-13,1.54,433.66,26.86,14.93,1699.69,3.499914619132666
1993-05-14,0.0,450.3,25.12,12.8,1470.1,2.4393344315167065
1993-05-15,0.0,483.47,26.86,12.81,1469.03,1.7308668661892457
1993-05-16,0.0,482.92,28.5,14.22,1617.69,1.2366364987602088
1993-05-17,0.0,459.48,29.5,16.13,1820.17,1.041489744238872
1993-05-18,0.0,442.37,29.88,17.19,1951.15,0.9227047632258847
1993-05-19,9.34,293.25,28.48,17.94,2059.38,0.8548276312184633
1993-05-20,1.53,439.15,27.19,13.72,1575.26,0.8039197822128972
1993-05-21,0.0,520.01,26.03,10.75,1299.86,0.8421006689670717
1993-05-22,0.0,533.2,24.9,9.11,1168.43,0.9014931594735653
1993-05-23,0.0,541.6,26.0,9.48,1198.71,0.8166467444642886
1993-05-24,0.0,484.51,26.93,13.22,1516.62,0.7275580087045481
1993-05-25,22.64,260.47,27.03,18.08,2077.13,0.8208890652147526
1993-05-26,15.27,232.85,26.78,18.95,2191.7,1.0945187536196699
1993-05-27,2.09,339.09,27.19,18.12,2089.28,1.2557269421372959
1993-05-28,7.31,342.12,28.75,18.63,2145.0,1.2133037346326574
1993-05-29,1.24,412.86,29.79,17.89,2063.19,1.8029863189471307
1993-05-30,0.0,439.24,30.64,18.53,2127.78,1.3914812061521387
1993-05-31,0.0,437.18,30.98,18.71,2154.31,0.9714914518562187
1993-06-01,0.0,453.61,29.35,16.59,1881.34,0.8569487915936952
1993-06-02,0.0,512.61,28.42,12.99,1486.33,0.7869504992110419
1993-06-03,0.0,482.39,30.31,15.96,1803.8,0.7127098860779246
1993-06-04,0.0,388.86,30.87,20.13,2344.23,0.6660443578228225
1993-06-05,0.0,392.51,32.0,21.04,2485.88,0.625742310693416
1993-06-06,0.0,377.49,32.8,22.31,2689.21,0.5939249050649372
1993-06-07,0.0,431.66,33.0,20.65,2423.59,0.5663498201869224
1993-06-08,0.0,411.43,33.12,21.53,2565.22,0.5430170560593712
1993-06-09,0.0,426.89,32.85,20.72,2435.34,0.5260477730575158
1993-06-10,0.0,433.52,32.88,20.45,2392.74,0.5048361693051967
1993-06-11,0.0,449.64,32.69,19.56,2279.56,0.49423036742903703
1993-06-12,0.0,444.35,33.02,20.0,2326.08,0.48574572592810933
1993-06-13,0.0,430.55,33.85,21.17,2507.44,0.5408958956841393
1993-06-14,6.76,338.61,34.13,20.52,2403.82,1.147547763000468
1993-06-15,7.09,350.83,32.98,19.39,2261.15,1.2345153383849765
1993-06-16,0.0,429.17,32.83,20.48,2397.43,1.1242149988729169
1993-06-17,0.0,428.34,32.76,20.47,2395.19,0.9736126122314508
1993-06-18,0.0,419.0,31.81,20.04,2338.79,0.7233156879540843
1993-06-19,0.0,422.3,31.47,19.69,2292.27,0.6321057918191118
1993-06-20,0.0,369.13,31.14,21.31,2529.19,0.57483446168785
1993-06-21,4.11,293.53,30.92,22.1,2655.26,0.5408958956841393
1993-06-22,22.74,237.4,28.88,21.16,2504.89,0.833616027466144
1993-06-23,14.72,202.71,26.71,20.48,2396.83,2.3544880165074296
1993-06-24,11.37,244.29,28.37,20.62,2419.84,1.7308668661892457
1993-06-25,19.39,228.75,27.88,20.73,2436.29,1.8560153283279288
1993-06-26,24.13,300.06,30.46,20.29,2366.42,1.8411672057013055
1993-06-27,24.01,294.07,31.59,21.48,2556.8,2.4605460352690254
1993-06-28,4.12,288.17,30.88,21.39,2542.23,3.287798581609474
1993-06-29,11.6,291.07,31.81,21.89,2622.45,3.2453753741048357
1993-06-30,0.0,379.77,33.0,23.17,2827.7,1.8432883660765376
1993-07-01,0.0,416.4,33.37,22.3,2688.07,1.3151194326437896
1993-07-02,0.0,436.64,33.89,22.04,2647.07,0.9948242159837699
1993-07-03,0.0,441.75,34.5,22.35,2696.5,0.8166467444642886
1993-07-04,3.73,379.16,32.9,20.99,2478.02,1.3999658476530663
1993-07-05,7.09,332.08,32.33,20.63,2420.1,1.4932969041632707
1993-07-06,0.0,463.42,33.0,20.26,2362.69,1.145426602625236
1993-07-07,0.0,447.5,33.99,21.63,2581.06,0.835737187841376
1993-07-08,0.0,435.95,33.4,21.63,2581.55,0.7890716595862738
1993-07-09,20.2,348.09,32.71,19.96,2326.28,1.0796706309930466
1993-07-10,5.93,317.04,31.54,20.75,2439.41,1.7223822246883178
1993-07-11,13.42,287.36,30.66,21.29,2525.95,1.175122847878483
1993-07-12,6.81,278.2,29.71,20.94,2469.71,0.9566433292295954
1993-07-13,28.05,277.02,29.31,20.73,2436.51,1.0330051027379443
1993-07-14,16.68,299.98,30.84,21.21,2513.99,2.4605460352690254
1993-07-15,12.62,305.91,30.83,21.05,2487.31,3.9665699016836884
1993-07-16,0.0,447.6,32.47,21.02,2482.52,4.666552825510221
1993-07-17,0.0,434.82,32.96,21.89,2622.39,3.4574914116280278
1993-07-18,0.0,422.31,33.52,22.79,2766.12,1.8178344415737544
1993-07-19,28.84,322.95,33.43,22.65,2743.51,1.2748173855143832
1993-07-20,9.5,319.06,33.5,22.64,2742.63,1.1920921308803383
1993-07-21,20.19,331.73,33.5,21.96,2633.38,1.9196501395848864
1993-07-22,19.56,333.03,33.16,21.54,2565.73,2.969624525324686
1993-07-23,0.12,423.42,32.92,21.97,2635.57,3.796877071665134
1993-07-24,24.58,312.17,32.99,22.22,2674.81,4.412013580482391
1993-07-25,17.61,279.39,32.44,23.12,2818.83,7.063464049522289
1993-07-26,3.08,322.52,32.69,23.54,2890.6,7.805870180853461
1993-07-27,0.0,404.95,34.27,23.54,2896.99,6.978617634513013
1993-07-28,0.0,411.7,34.98,23.8,2951.62,5.324112541832116
1993-07-29,10.11,334.77,34.5,22.19,2670.5,3.775665467912815
1993-07-30,31.43,367.73,34.44,21.58,2572.29,3.1605289590955588
1993-07-31,0.0,433.39,34.31,22.31,2690.27,3.5847610341419425
1993-08-01,0.0,420.9,34.5,22.92,2787.67,2.6514504690398986
1993-08-02,0.0,434.34,34.69,22.53,2724.93,1.56965867767162
1993-08-03,12.63,330.11,33.29,21.23,2516.81,1.2069402535069618
1993-08-04,11.85,320.32,32.49,21.12,2499.91,1.1560324045013957
1993-08-05,0.76,409.83,32.08,21.28,2524.91,1.1433054422500042
1993-08-06,9.18,293.56,32.25,22.21,2674.4,1.2493634610116
1993-08-07,3.46,364.93,32.3,22.3,2688.51,1.223909536508817
1993-08-08,24.67,311.55,31.65,21.01,2481.36,1.6354146493038093
1993-08-09,16.25,317.37,32.0,21.79,2606.89,2.4817576390213447
1993-08-10,0.0,437.82,32.99,21.17,2507.54,2.227218393993515
1993-08-11,0.0,430.21,32.69,21.13,2501.16,1.5017815456641985
1993-08-12,0.0,419.3,33.11,21.78,2605.13,1.069064829116887
1993-08-13,0.0,413.47,33.72,22.41,2704.87,0.88452387647171
1993-08-14,0.0,385.5,33.85,23.45,2871.55,0.8039197822128972
1993-08-15,1.46,390.3,33.97,23.1,2816.12,0.8781603953460143
1993-08-16,0.0,431.75,33.6,21.52,2563.36,0.7339214898302439
1993-08-17,0.0,411.6,33.91,22.48,2717.58,0.6618020370723586
1993-08-18,1.19,394.61,34.74,23.08,2812.68,0.6236211503181841
1993-08-19,0.0,411.79,35.46,23.54,2892.55,0.5918037446897053
1993-08-20,0.0,421.47,35.04,22.8,2768.55,0.572713301312618
1993-08-21,13.87,329.94,33.66,20.97,2474.42,0.6618020370723586
1993-08-22,0.0,402.9,32.87,21.79,2606.27,0.6193788295677203
1993-08-23,0.0,394.83,33.01,22.16,2665.18,0.6830136408246779
1993-08-24,0.28,396.23,33.63,22.39,2701.66,0.6830136408246779
1993-08-25,6.72,327.52,34.12,21.81,2609.77,0.7190733672036205
1993-08-26,0.0,425.83,33.37,21.0,2479.33,0.6893771219503736
1993-08-27,0.0,421.67,33.62,21.28,2525.56,0.6151365088172563
1993-08-28,0.62,427.2,34.0,20.9,2463.62,0.5684709805621542
1993-08-29,0.0,411.87,33.57,21.56,2569.01,0.5260477730575158
1993-08-30,13.84,312.89,33.22,21.04,2486.25,0.6045307069410968
1993-08-31,3.8,317.19,32.63,21.33,2533.49,0.7827081784605779
1993-09-01,0.0,392.3,32.78,21.6,2576.29,0.6575597163218948
1993-09-02,25.16,256.99,32.16,22.8,2767.96,0.6087730276915607
1993-09-03,13.85,206.76,29.9,22.85,2775.64,1.0287627819874805
1993-09-04,12.58,217.89,29.37,22.3,2687.24,1.1242149988729169
1993-09-05,8.71,294.37,30.19,21.12,2499.66,0.7954351407119695
1993-09-06,2.79,328.46,30.54,21.15,2504.5,0.7105887257026927
1993-09-07,8.07,252.74,30.18,21.4,2543.98,0.6554385559466629
1993-09-08,0.06,366.98,30.28,20.5,2400.93,0.6363481125695757
1993-09-09,0.0,393.8,31.0,20.16,2345.68,0.6172576691924883
1993-09-10,0.0,401.18,32.15,20.74,2438.15,0.5769556220630819
1993-09-11,0.0,446.92,31.6,18.17,2093.43,0.5430170560593712
1993-09-12,0.0,466.55,30.93,16.45,1867.26,0.5133208108061244
1993-09-13,0.51,420.16,31.64,18.74,2159.32,0.48574572592810933
1993-09-14,14.31,266.92,31.83,21.9,2624.46,0.46665528255102207
1993-09-15,12.88,276.12,31.07,20.73,2436.2,0.8421006689670717
1993-09-16,8.79,257.22,29.36,20.15,2355.62,1.0754283102425828
1993-09-17,0.0,342.43,28.68,19.6,2281.32,0.9333105651020441
1993-09-18,0.0,326.67,28.21,19.72,2297.08,0.6554385559466629
1993-09-19,0.0,394.96,31.5,20.01,2336.1,0.6172576691924883
1993-09-20,0.0,387.41,32.8,21.27,2523.8,0.598167225815401
1993-09-21,0.0,379.48,33.08,21.74,2598.94,0.5621074994364584
1993-09-22,0.0,424.66,33.6,19.84,2310.55,0.5239266126822839
1993-09-23,0.0,437.45,33.38,18.75,2162.43,0.5048361693051967
1993-09-24,0.0,427.48,33.48,19.24,2238.21,0.496351527804269
1993-09-25,0.0,392.0,33.68,21.11,2497.27,0.48574572592810933
1993-09-26,0.0,355.08,32.4,21.68,2589.01,0.4772610844271816
1993-09-27,6.5,318.66,30.83,18.16,2085.77,0.46665528255102207
1993-09-28,0.0,484.5,26.22,9.46,1196.48,0.44544367879870295
1993-09-29,0.0,485.95,28.45,10.41,1272.61,0.4242320750463837
1993-09-30,0.0,466.81,29.45,12.43,1434.5,0.41150511279499224
1993-10-01,0.0,474.99,27.52,9.96,1236.95,0.40089931091883263
1993-10-02,0.0,467.64,28.95,11.15,1331.99,0.3966569901683688
1993-10-03,0.0,442.41,29.67,13.22,1516.47,0.3987781505436007
1993-10-04,0.0,408.29,29.87,15.23,1738.63,0.40726279204452837
1993-10-05,0.0,400.5,29.57,15.18,1734.24,0.3945358297931369
1993-10-06,0.0,441.78,30.07,12.35,1427.92,0.392414669417905
1993-10-07,0.0,420.39,30.25,13.7,1567.02,0.3945358297931369
1993-10-08,0.0,392.96,29.37,14.48,1647.27,0.3860511882922092
1993-10-09,0.0,375.06,29.56,15.44,1755.54,0.38180886754174537
1993-10-10,0.0,406.17,28.91,12.82,1469.11,0.37544538641604963
1993-10-11,0.0,387.5,20.58,6.86,988.75,0.36908190529035384
1993-10-12,0.0,413.31,23.19,7.4,1031.79,0.37120306566558575
1993-10-13,0.0,393.2,24.24,9.3,1184.03,0.38180886754174537
1993-10-14,26.75,189.77,21.71,13.31,1523.37,0.4921092070538051
1993-10-15,4.49,210.58,25.0,15.62,1772.49,0.5960460654401691
1993-10-16,7.86,147.43,26.03,19.19,2230.7,0.6384692729448075
1993-10-17,0.0,254.11,28.5,19.23,2236.53,0.7445272917064034
1993-10-18,0.0,284.12,29.75,18.93,2188.61,0.7487696124568672
1993-10-19,0.0,255.04,29.58,19.98,2319.4,0.6490750748209672
1993-10-20,0.0,247.07,30.28,20.86,2457.9,0.5536228579355308
1993-10-21,4.67,193.87,29.35,19.54,2269.36,0.5005938485547328
1993-10-22,4.34,247.96,22.19,10.09,1247.5,0.48574572592810933
1993-10-23,5.0,145.4,16.5,10.28,1262.51,0.496351527804269
1993-10-24,0.0,259.78,22.18,13.27,1522.64,0.5027150089299647
1993-10-25,0.0,283.02,23.91,13.88,1590.51,0.4984726881795009
1993-10-26,0.0,288.48,24.59,14.16,1613.11,0.4836245655528774
1993-10-27,0.0,339.25,26.24,12.94,1486.87,0.4560494806748625
1993-10-28,0.0,391.97,24.41,7.61,1048.74,0.43483787692254333
1993-10-29,20.12,253.39,21.24,8.64,1130.85,0.5302900938079798
1993-10-30,90.59,288.14,20.71,5.01,874.62,4.242320750463838
1993-10-31,0.0,266.7,7.48,-0.92,569.65,7.996774614624334
1993-11-01,0.0,348.83,9.5,-2.57,507.9,6.999829238265332
1993-11-02,0.0,391.1,14.48,-1.0,568.74,3.5635494303896236
1993-11-03,0.0,380.67,18.27,2.94,755.81,1.900559696207799
1993-11-04,0.0,330.11,22.4,9.83,1226.62,1.3342098760208767
1993-11-05,12.12,139.96,23.03,16.72,1897.67,1.198455612006034
1993-11-06,10.35,297.04,23.59,5.12,881.34,1.749957309566333
1993-11-07,0.0,368.77,12.61,-1.46,551.95,1.7054129416864625
1993-11-08,0.0,329.65,12.5,0.87,640.07,1.3723907627750513
1993-11-09,3.0,208.5,14.42,5.22,895.74,1.1857286497546426
1993-11-10,3.98,192.43,14.7,6.38,950.74,1.1517900837509318
1993-11-11,0.0,383.7,20.78,3.55,791.69,1.1178515177472212
1993-11-12,0.0,376.3,22.03,5.06,885.09,1.0054300178599294
1993-11-13,0.18,325.74,23.49,10.22,1257.56,0.9333105651020441
1993-11-14,6.18,80.11,24.08,20.39,2381.8,0.9078566405992612
1993-11-15,12.99,119.76,25.97,20.15,2344.74,1.0011876971094655
1993-11-16,38.89,144.43,24.33,17.44,1988.98,2.7787200915538133
1993-11-17,0.81,232.46,24.57,16.04,1818.4,4.666552825510221
1993-11-18,0.0,329.46,19.19,5.99,926.71,3.6483958453989
1993-11-19,0.0,294.16,18.05,7.04,1003.15,2.4605460352690254
1993-11-20,0.0,309.99,19.32,7.07,1005.69,1.7266245454387819
1993-11-21,0.0,357.36,16.07,0.13,614.02,1.3787542439007472
1993-11-22,0.0,356.41,17.85,1.11,653.76,1.2005767723812661
1993-11-23,0.0,353.18,20.37,3.03,760.18,1.0966399139949021
1993-11-24,0.0,345.54,22.8,5.41,912.32,1.0266416216122487
1993-11-25,0.0,334.98,22.5,5.96,920.36,0.9714914518562187
1993-11-26,0.0,327.41,22.12,6.13,930.52,0.9269470839763485
1993-11-27,0.89,304.24,18.64,3.44,793.02,0.888766197222174
1993-11-28,0.0,335.4,14.09,-1.77,538.01,0.8527064708432313
1993-11-29,0.0,350.56,19.0,0.3,623.5,0.808162102963361
1993-11-30,0.0,353.96,21.56,1.09,648.66,0.7933139803367376
1993-12-01,0.0,344.04,21.56,2.16,717.5,0.7742235369596503
1993-12-02,0.0,316.28,21.74,5.35,900.12,0.7593754143330269
1993-12-03,0.0,252.93,21.99,10.32,1265.38,0.7530119332073312
1993-12-04,6.85,166.63,22.26,13.08,1495.27,0.8251313859652163
1993-12-05,23.42,236.31,20.27,4.94,875.53,1.5463259135440686
1993-12-06,0.0,279.92,17.62,4.56,844.96,1.97904263009138
1993-12-07,0.0,314.24,17.01,1.11,652.8,1.7096552624369266
1993-12-08,0.0,298.92,17.56,2.81,744.95,1.3469368382722684
1993-12-09,0.0,286.88,20.84,6.44,955.05,1.0605801876159595
1993-12-10,2.05,198.93,19.76,9.24,1179.55,0.9460375273534357
1993-12-11,4.58,221.83,18.72,4.56,850.1,0.9311894047268122
1993-12-12,0.0,305.37,14.38,-0.88,572.97,0.9099778009744931
1993-12-13,0.0,273.14,15.44,2.55,730.23,0.9863395744828422
1993-12-14,42.03,190.8,18.25,6.09,927.43,4.369590372977752
1993-12-15,0.0,198.95,11.02,2.35,721.43,5.578651786859947
1993-12-16,0.0,243.69,11.48,0.3,626.52,3.3938566003710697
1993-12-17,0.0,240.3,12.5,1.38,670.59,2.227218393993515
1993-12-18,0.0,233.51,12.35,1.7,695.62,1.590870281423939
1993-12-19,2.96,179.35,15.06,4.36,829.19,1.3384521967713405
1993-12-20,12.46,145.75,15.94,7.17,1013.85,1.4720853004109515
1993-12-21,1.44,298.41,17.45,0.86,647.58,2.1063122526052953
1993-12-22,3.47,160.93,9.79,1.47,677.97,1.7457149888158692
1993-12-23,16.21,100.24,5.84,0.53,629.32,2.290853205250472
1993-12-24,0.0,137.08,5.74,0.45,629.36,2.6726620727922175
1993-12-25,0.0,224.23,7.41,-1.61,545.86,2.2060067902411955
1993-12-26,0.0,332.27,14.02,-3.28,480.0,1.7075341020616945
1993-12-27,0.0,333.63,17.15,-0.89,571.51,1.3957235269026025
1993-12-28,0.0,328.98,20.97,2.79,745.73,1.2472423006363682
1993-12-29,2.25,286.4,20.66,4.96,871.59,1.1878498101298745
1993-12-30,0.0,218.67,8.42,-0.12,607.03,1.119972678122453
1993-12-31,0.0,321.39,10.17,-4.75,440.0,1.071185989492119
1994-01-01,1.19,319.99,13.19,-1.55,549.09,1.0117934989856252
1994-01-02,1.41,180.12,13.7,6.76,980.83,0.9905818952333061
1994-01-03,0.64,133.52,11.57,6.7,976.21,0.9757337726066826
1994-01-04,1.53,231.41,10.77,1.37,672.37,0.9566433292295954
1994-01-05,0.39,296.41,9.51,-2.81,496.4,0.9311894047268122
1994-01-06,0.0,324.49,13.88,-0.95,569.68,0.9036143198487975
1994-01-07,0.0,269.44,20.45,8.98,1158.13,0.8824027160964782
1994-01-08,4.25,276.08,18.96,-3.17,484.11,0.888766197222174
1994-01-09,0.0,321.93,9.8,-4.09,444.75,0.8993719990983334
1994-01-10,0.0,333.7,12.51,-2.58,505.49,0.8760392349707824
1994-01-11,8.13,232.59,13.6,1.07,660.08,0.9460375273534357
1994-01-12,5.76,121.23,12.85,7.38,1030.22,1.1878498101298745
1994-01-13,2.9,141.16,11.78,5.8,920.89,1.119972678122453
1994-01-14,0.0,243.47,9.29,0.37,624.8,1.0330051027379443
1994-01-15,0.0,347.98,14.64,-1.41,552.4,0.9545221688543633
1994-01-16,0.0,310.64,10.45,-1.99,531.98,0.8739180745955505
1994-01-17,7.59,266.43,17.44,0.52,629.37,1.198455612006034
1994-01-18,23.92,280.38,15.03,-3.55,467.07,2.736296884049175
1994-01-19,0.0,318.55,5.01,-7.31,355.01,2.3332764127551107
1994-01-20,0.0,336.76,8.3,-5.36,417.48,1.7223822246883178
1994-01-21,0.0,346.65,14.28,-0.58,584.0,1.3363310363961087
1994-01-22,0.0,359.56,13.65,-2.17,523.66,1.1369419611243083
1994-01-23,0.0,364.91,15.0,-1.35,557.41,1.0308839423627125
1994-01-24,0.0,357.79,17.08,1.4,671.61,0.9736126122314508
1994-01-25,0.0,369.49,20.81,3.42,786.13,0.912098961349725
1994-01-26,0.0,263.14,21.15,11.24,1339.46,0.8739180745955505
1994-01-27,1.94,159.08,21.34,15.08,1726.37,0.8760392349707824
1994-01-28,60.7,153.12,20.05,12.81,1469.23,3.9029350904267304
1994-01-29,6.46,205.08,13.49,3.94,811.2,7.1483104645315665
1994-01-30,3.95,109.14,7.01,2.48,730.25,7.827081784605779
1994-01-31,0.0,311.55,9.3,-1.51,548.4,5.875614239392415
1994-02-01,0.0,344.15,9.87,-2.8,495.61,3.4362798078757084
1994-02-02,0.57,343.18,9.02,-4.4,444.81,2.080858328102512
1994-02-03,0.0,372.12,11.09,-3.76,460.72,1.646020451179969
1994-02-04,0.0,367.27,14.5,-0.18,600.97,1.4529948570338642
1994-02-05,21.14,208.54,19.95,9.96,1237.0,2.2484299977458337
1994-02-06,13.68,191.12,22.41,13.32,1526.97,3.839300279169773
1994-02-07,0.0,333.42,22.5,9.98,1238.35,4.772610844271817
1994-02-08,0.65,259.59,22.07,13.24,1518.72,4.17868593920688
1994-02-09,0.11,214.66,25.22,17.99,2077.82,3.309010185361793
1994-02-10,2.54,346.95,25.86,9.4,1192.01,2.3120648090027913
1994-02-11,4.43,313.12,21.52,3.08,762.01,1.8835904132059438
1994-02-12,0.0,235.08,9.42,2.3,721.37,1.6799590171836796
1994-02-13,0.0,279.55,13.55,4.7,855.89,1.5526893946697646
1994-02-14,0.0,415.29,14.37,-1.78,536.07,1.357542640148428
1994-02-15,0.0,429.79,17.27,-0.61,586.36,1.2048190931317297
1994-02-16,0.93,380.04,18.23,3.71,799.64,1.1093668762462934
1994-02-17,0.0,418.17,20.5,3.86,806.42,1.0393685838636402
1994-02-18,0.0,427.5,22.59,4.72,857.96,0.9820972537323783
1994-02-19,0.0,370.12,22.07,8.73,1138.77,0.9439163669782038
1994-02-20,0.0,305.84,22.11,12.08,1406.19,0.9099778009744931
1994-02-21,0.0,231.4,21.55,14.5,1644.98,0.8908873575974059
1994-02-22,0.0,297.7,22.99,13.69,1575.27,0.8781603953460143
1994-02-23,17.68,210.7,22.73,14.28,1622.42,0.8739180745955505
1994-02-24,10.21,331.3,18.09,2.31,724.49,1.807228639697595
1994-02-25,0.0,446.66,15.68,-0.13,602.89,3.2241637703525163
1994-02-26,0.0,455.51,19.22,1.91,708.37,2.821143299058452
1994-02-27,0.0,436.46,15.03,-0.14,607.27,1.8941962150821035
1994-02-28,0.0,435.71,17.0,1.67,693.53,1.2811808666400788
1994-03-01,9.39,331.93,19.49,6.65,980.42,1.353300319397964
1994-03-02,36.95,217.15,17.7,9.08,1166.18,3.669607449151219
1994-03-03,0.0,360.66,13.39,2.54,733.67,5.154419711813563
1994-03-04,0.0,453.25,18.81,2.44,724.49,3.775665467912815
1994-03-05,0.0,465.07,22.93,4.94,875.12,2.3120648090027913
1994-03-06,0.0,457.66,24.86,7.22,1017.36,1.61420304555149
1994-03-07,0.0,419.17,24.29,9.47,1197.61,1.3384521967713405
1994-03-08,0.0,386.32,25.54,12.31,1424.82,1.1836074893794106
1994-03-09,0.0,340.75,24.14,13.21,1514.86,1.8135921208232906
1994-03-10,44.24,346.82,18.74,2.1,712.46,6.27863471068648
1994-03-11,0.0,427.4,14.51,0.47,632.32,6.724078389485182
1994-03-12,0.0,462.93,17.54,1.19,655.47,4.157474335454561
1994-03-13,0.0,467.44,20.04,3.25,779.27,2.7575084878014944
1994-03-14,0.0,456.93,22.0,5.5,915.08,1.8157132811985224
1994-03-15,0.0,453.08,24.06,7.39,1030.9,1.4763276211614154
1994-03-16,0.0,416.89,24.91,10.38,1270.32,1.3002713100171661
1994-03-17,0.0,483.26,19.98,2.23,720.84,1.1687593667527871
1994-03-18,0.0,474.52,23.41,5.8,923.67,1.069064829116887
1994-03-19,0.0,432.85,25.94,10.66,1293.08,1.0096723386103934
1994-03-20,0.0,385.62,26.61,13.73,1577.33,0.9630068103552911
1994-03-21,0.0,273.17,25.4,17.0,1920.0,0.9290682443515804
1994-03-22,0.0,434.53,25.0,10.24,1258.87,0.8951296783478696
1994-03-23,0.0,430.35,26.51,11.59,1367.46,0.8633122727193909
1994-03-24,0.0,326.89,27.48,16.88,1913.88,0.833616027466144
1994-03-25,21.05,231.59,26.23,16.44,1863.61,0.9248259236011166
1994-03-26,0.0,395.02,23.2,10.66,1292.67,1.6120818851762582
1994-03-27,0.0,326.39,24.51,14.57,1662.49,2.142371978984238
1994-03-28,16.35,334.04,26.36,11.38,1350.35,2.0851006488529764
1994-03-29,2.49,375.78,14.69,2.46,727.6,2.5666040540306216
1994-03-30,0.0,480.83,19.01,3.49,798.1,1.7838958755700436
1994-03-31,0.0,491.86,20.73,4.31,829.05,1.3193617533942534
1994-04-01,0.0,502.68,17.99,1.13,650.16,1.0775494706178148
1994-04-02,0.0,514.48,21.56,3.25,779.96,0.9396740462277401
1994-04-03,0.0,497.93,23.4,5.99,934.06,0.8527064708432313
1994-04-04,0.54,490.11,22.73,6.07,937.16,0.8039197822128972
1994-04-05,0.0,477.51,24.1,8.07,1085.52,0.7721023765844184
1994-04-06,8.66,307.01,25.17,12.32,1425.98,0.8060409425881291
1994-04-07,17.16,304.63,17.48,5.65,915.35,1.6057184040505625
1994-04-08,0.0,489.86,19.71,3.82,803.56,1.9896484319675398
1994-04-09,0.0,512.06,24.34,6.43,956.91,1.5654163569211559
1994-04-10,0.0,340.56,26.28,15.98,1802.55,1.1687593667527871
1994-04-11,0.82,246.85,26.96,19.5,2280.0,0.9524010084791315
1994-04-12,0.0,244.05,26.98,19.95,2316.11,1.0181569801113208
1994-04-13,41.3,277.09,25.5,14.88,1696.2,4.0302047129406455
1994-04-14,0.0,462.33,26.3,12.03,1402.05,3.0120477328293247
1994-04-15,8.91,297.86,27.59,15.89,1802.7,1.8941962150821035
1994-04-16,46.22,285.83,27.38,16.47,1866.36,3.669607449151219
1994-04-17,0.0,449.65,24.0,11.15,1332.16,6.745289993237501
1994-04-18,0.0,513.15,27.0,10.5,1280.17,6.893771219503735
1994-04-19,0.0,502.34,28.02,11.89,1391.52,3.9241466941790497
1994-04-20,0.0,436.33,28.04,15.0,1719.93,2.269641601498153
1994-04-21,18.42,284.62,27.42,16.68,1894.1,2.006617714969395
1994-04-22,7.34,282.38,26.38,15.98,1810.14,2.9484129215723667
1994-04-23,0.0,401.44,27.95,16.51,1869.84,3.0756825440862823
1994-04-24,0.0,421.91,28.2,15.94,1799.77,2.1635835827365573
1994-04-25,0.0,359.49,27.73,17.76,2041.62,1.5548105550449964
1994-04-26,0.0,314.92,28.4,19.75,2301.7,1.2620904232629917
1994-04-27,0.0,295.22,28.87,20.86,2457.28,1.1348208007490765
1994-04-28,0.0,387.73,30.01,19.04,2205.64,1.0393685838636402
1994-04-29,0.0,399.1,29.8,18.59,2134.54,0.9333105651020441
1994-04-30,0.01,425.32,29.17,17.25,1961.34,0.8569487915936952
1994-05-01,12.35,272.69,26.2,16.91,1921.39,0.835737187841376
1994-05-02,0.0,405.79,23.65,13.58,1554.76,1.4784487815366472
1994-05-03,19.74,321.19,24.98,14.18,1620.11,1.6269300078028817
1994-05-04,23.59,324.38,25.41,14.74,1679.09,3.7332422604081765
1994-05-05,0.0,479.11,25.0,12.63,1450.06,3.796877071665134
1994-05-06,0.0,518.1,26.51,12.03,1402.43,1.9811637904666122
1994-05-07,0.0,499.3,27.93,14.06,1604.56,1.3342098760208767
1994-05-08,0.46,423.4,27.96,16.97,1922.45,1.0754283102425828
1994-05-09,0.0,366.91,27.54,18.8,2168.54,1.0330051027379443
1994-05-10,18.72,294.92,28.88,19.22,2235.07,4.242320750463838
1994-05-11,0.0,387.86,28.1,18.68,2148.11,4.687764429262541
1994-05-12,0.0,417.28,30.42,19.62,2289.81,2.1635835827365573
1994-05-13,0.0,437.13,31.04,19.41,2264.71,1.3596638005236599
1994-05-14,0.0,402.7,30.66,20.37,2378.74,1.0754283102425828
1994-05-15,0.0,362.04,29.97,21.09,2494.62,0.9396740462277401
1994-05-16,0.0,402.6,30.29,20.17,2349.72,0.8781603953460143
1994-05-17,4.23,302.34,30.45,20.35,2377.17,0.8145255840890567
1994-05-18,0.46,471.69,27.44,15.39,1751.23,0.7996774614624333
1994-05-19,0.0,526.78,28.5,13.96,1597.0,0.7657388954587226
1994-05-20,0.0,543.79,26.15,11.18,1334.62,0.7530119332073312
1994-05-21,0.0,548.6,26.5,11.0,1320.34,0.6681655181980544
1994-05-22,0.0,540.75,27.96,12.42,1433.29,0.6193788295677203
1994-05-23,0.0,547.52,29.01,12.57,1445.94,0.5854402635640096
1994-05-24,0.0,530.8,30.0,14.25,1620.06,0.5621074994364584
1994-05-25,0.0,491.84,30.48,16.59,1883.87,0.5472593768098349
1994-05-26,0.0,429.47,29.84,18.51,2136.28,0.5324112541832116
1994-05-27,16.73,306.32,29.93,19.23,2234.3,0.5281689334327477
1994-05-28,6.16,392.34,27.47,16.08,1818.92,1.332088715645645
1994-05-29,0.0,445.02,29.0,17.18,1949.14,1.6057184040505625
1994-05-30,8.82,299.78,29.15,18.88,2181.03,1.1178515177472212
1994-05-31,3.52,309.58,27.0,17.69,2029.55,1.069064829116887
1994-06-01,13.05,325.87,29.04,18.2,2096.46,1.0287627819874805
1994-06-02,0.76,408.95,30.07,19.31,2239.67,1.2854231873905426
1994-06-03,0.0,413.52,30.97,19.92,2319.33,1.1687593667527871
1994-06-04,0.0,409.14,31.45,20.48,2397.12,1.2154248950078894
1994-06-05,6.59,302.08,31.2,20.96,2473.02,1.1178515177472212
1994-06-06,16.6,255.38,30.29,21.81,2608.99,1.410571649529226
1994-06-07,4.62,245.76,29.91,21.91,2626.0,1.9408617433372055
1994-06-08,0.3,384.82,32.89,22.38,2700.95,1.8348037245756095
1994-06-09,0.0,388.67,33.38,22.95,2792.09,1.5378412720431411
1994-06-10,8.75,378.32,32.75,20.4,2384.71,1.0139146593608572
1994-06-11,0.98,418.35,30.77,19.37,2253.46,0.8421006689670717
1994-06-12,11.77,313.22,30.49,19.59,2282.15,0.9439163669782038
1994-06-13,10.87,281.11,29.6,20.27,2363.29,2.002375394218931
1994-06-14,17.36,326.84,31.25,19.5,2269.06,2.418122827764387
1994-06-15,0.0,437.02,32.62,20.48,2397.55,1.6354146493038093
1994-06-16,0.0,445.34,33.49,20.76,2441.33,1.2069402535069618
1994-06-17,4.27,357.97,32.86,21.18,2509.25,0.9439163669782038
1994-06-18,3.13,355.64,32.08,21.12,2499.06,0.8399795085918398
1994-06-19,3.46,335.92,31.26,20.58,2412.05,0.7954351407119695
1994-06-20,0.26,380.34,29.96,20.49,2399.06,0.8017986218376653
1994-06-21,0.0,382.28,30.45,20.98,2476.34,0.7911928199615056
1994-06-22,0.57,413.22,31.93,21.21,2512.97,0.7190733672036205
1994-06-23,7.13,276.42,30.07,21.42,2547.79,0.6639231974475905
1994-06-24,25.09,265.11,28.84,20.78,2444.83,0.9163412821001888
1994-06-25,25.88,223.82,27.12,20.69,2430.92,2.5666040540306216
1994-06-26,1.51,376.7,31.56,21.54,2566.86,3.8605118829220917
1994-06-27,0.0,325.25,31.54,24.03,2995.28,2.502969242773664
1994-06-28,0.0,395.35,32.99,23.33,2860.45,1.3426945175218046
1994-06-29,0.0,397.49,33.4,23.59,2908.04,0.9608856499800592
1994-06-30,0.37,447.85,30.86,19.87,2317.15,0.8039197822128972
1994-07-01,0.0,469.36,33.83,21.2,2512.18,0.7169522068283886
1994-07-02,4.34,430.32,32.93,19.17,2225.2,0.651196235196199
1994-07-03,0.0,445.95,32.46,21.05,2488.54,0.625742310693416
1994-07-04,0.01,425.3,32.96,22.18,2668.81,0.6045307069410968
1994-07-05,0.0,413.66,33.55,23.02,2803.81,0.598167225815401
1994-07-06,0.0,397.87,33.39,23.39,2864.61,0.5578651786859946
1994-07-07,19.91,311.28,33.07,22.55,2728.57,1.1369419611243083
1994-07-08,8.63,267.3,29.54,21.51,2561.51,2.1635835827365573
1994-07-09,11.57,248.2,29.07,21.68,2588.52,1.0372474234884081
1994-07-10,13.85,287.58,29.48,20.74,2437.89,1.9493463848381334
1994-07-11,21.79,257.97,28.63,21.12,2499.34,4.518071599243987
1994-07-12,19.32,276.13,29.05,20.92,2467.65,5.811979428135457
1994-07-13,31.68,286.98,29.56,20.97,2475.68,4.687764429262541
1994-07-14,14.6,290.33,30.05,21.33,2532.42,5.811979428135457
1994-07-15,16.2,291.04,29.87,21.23,2516.41,9.227047632258845
1994-07-16,0.0,430.14,31.5,21.37,2538.59,12.026979327564979
1994-07-17,9.99,353.9,32.47,20.55,2408.02,10.43610904614104
1994-07-18,16.95,343.76,32.38,21.06,2490.2,7.105887257026927
1994-07-19,6.17,350.67,32.23,20.5,2400.28,6.978617634513013
1994-07-20,0.0,456.32,32.32,20.97,2474.92,7.996774614624334
1994-07-21,0.28,425.68,31.84,21.5,2560.1,6.045307069410968
1994-07-22,9.56,313.42,31.5,21.67,2586.53,3.309010185361793
1994-07-23,6.86,298.82,30.66,21.56,2569.24,2.5241808465259834
1994-07-24,0.0,448.85,32.12,21.0,2480.07,2.184795186488876
1994-07-25,0.0,453.22,33.45,21.68,2589.28,1.9535887055885972
1994-07-26,15.4,342.8,32.78,21.83,2613.39,1.4190562910301536
1994-07-27,4.73,298.91,31.14,21.68,2588.22,1.3002713100171661
1994-07-28,2.6,425.16,29.17,18.18,2091.8,1.2854231873905426
1994-07-29,0.0,488.33,29.99,17.4,1985.58,1.1899709705051065
1994-07-30,0.0,487.37,30.62,17.85,2053.86,1.0287627819874805
1994-07-31,0.0,446.0,29.67,18.81,2169.67,0.9014931594735653
1994-08-01,0.0,406.9,28.97,19.6,2287.39,0.8272525463404482
1994-08-02,1.77,371.24,29.97,20.53,2405.16,0.7784658577101141
1994-08-03,5.26,224.56,28.07,21.68,2589.6,0.7699812162091865
1994-08-04,0.22,400.32,31.21,21.65,2583.22,0.7742235369596503
1994-08-05,0.0,436.89,32.44,21.52,2563.29,0.833616027466144
1994-08-06,3.1,388.68,31.49,20.53,2405.2,0.8484641500927674
1994-08-07,0.0,448.96,31.5,20.23,2357.6,0.7084675653274608
1994-08-08,0.0,461.98,31.99,19.94,2323.36,0.6575597163218948
1994-08-09,0.0,444.77,31.68,20.31,2369.7,0.6087730276915607
1994-08-10,0.0,450.36,32.38,20.5,2399.88,0.5705921409373861
1994-08-11,0.0,468.78,32.98,20.0,2319.72,0.5430170560593712
1994-08-12,0.0,447.13,32.91,20.76,2442.3,0.5196842919318201
1994-08-13,0.0,423.54,32.5,21.28,2524.03,0.5005938485547328
1994-08-14,0.0,421.14,32.73,21.45,2552.42,0.48150340517764556
1994-08-15,0.0,389.19,32.04,21.99,2639.07,0.4687764429262541
1994-08-16,7.65,345.51,33.05,21.9,2623.79,0.4602918014253264
1994-08-17,0.0,416.37,31.96,21.0,2479.63,0.46665528255102207
1994-08-18,0.0,438.54,32.92,20.84,2455.62,0.4539283202996306
1994-08-19,0.0,435.09,33.04,21.04,2486.0,0.43483787692254333
1994-08-20,0.0,409.14,33.33,22.2,2671.98,0.4221109146711518
1994-08-21,3.7,285.21,31.17,22.51,2720.87,0.4687764429262541
1994-08-22,5.84,257.76,29.4,21.04,2486.8,0.5048361693051967
1994-08-23,0.0,441.59,31.86,19.77,2301.46,0.4899880466785732
1994-08-24,0.34,432.16,32.47,20.32,2371.51,0.47301876367671786
1994-08-25,0.0,419.84,32.55,21.06,2488.95,0.4412013580482391
1994-08-26,0.0,449.77,32.64,19.76,2298.61,0.41574743354545607
1994-08-27,0.0,442.78,32.35,19.77,2301.76,0.40302047129406454
1994-08-28,0.0,427.54,32.75,20.68,2428.92,0.40302047129406454
1994-08-29,0.0,416.85,32.48,20.88,2461.02,0.390293509042673
1994-08-30,0.0,429.87,33.73,21.21,2513.63,0.3839300279169773
1994-08-31,0.13,416.45,33.64,21.41,2545.48,0.38180886754174537
1994-09-01,8.58,283.76,32.04,21.7,2591.71,0.40089931091883263
1994-09-02,11.72,290.7,32.0,21.21,2513.9,0.4687764429262541
1994-09-03,0.0,421.85,31.84,19.67,2289.88,0.4921092070538051
1994-09-04,0.0,425.52,30.23,18.16,2090.79,0.5408958956841393
1994-09-05,0.0,446.63,29.44,16.54,1876.84,0.48574572592810933
1994-09-06,0.0,462.81,31.62,17.25,1959.66,0.42635323542161563
1994-09-07,0.0,433.2,32.83,19.5,2275.85,0.38817234866744116
1994-09-08,4.12,358.44,32.0,21.07,2491.83,0.37120306566558575
1994-09-09,10.34,295.56,31.23,19.8,2310.2,0.40089931091883263
1994-09-10,1.44,361.77,30.87,20.12,2346.98,0.4051416316692965
1994-09-11,6.32,292.88,30.27,19.81,2308.45,0.4984726881795009
1994-09-12,1.74,377.59,30.92,18.97,2195.38,0.5345324145584435
1994-09-13,0.0,412.01,31.76,19.32,2249.8,0.43908019767300716
1994-09-14,0.0,428.15,31.39,18.15,2088.04,0.42635323542161563
1994-09-15,6.38,340.74,30.19,19.1,2211.87,0.4136262731702241
1994-09-16,18.92,213.79,28.41,20.76,2440.93,0.4496859995491667
1994-09-17,0.0,329.93,31.39,21.94,2630.5,0.521805452307052
1994-09-18,0.0,375.89,31.28,20.19,2361.08,0.4687764429262541
1994-09-19,0.0,445.84,30.15,15.97,1806.79,0.43059555617207945
1994-09-20,0.0,421.55,29.24,16.3,1845.92,0.3945358297931369
1994-09-21,0.0,411.58,29.17,16.5,1871.0,0.37544538641604963
1994-09-22,0.35,393.9,29.34,17.26,1964.26,0.37968770716651346
1994-09-23,15.51,289.88,28.62,17.09,1946.25,0.3945358297931369
1994-09-24,0.0,451.6,26.55,11.98,1399.49,0.390293509042673
1994-09-25,0.0,453.66,27.66,12.51,1444.84,0.3775665467912815
1994-09-26,0.0,466.54,25.85,10.04,1243.32,0.4284743957968476
1994-09-27,0.0,457.27,28.49,12.4,1432.56,0.40089931091883263
1994-09-28,0.0,430.54,31.85,16.33,1848.74,0.36908190529035384
1994-09-29,0.0,444.65,32.78,15.73,1779.69,0.3542337826637304
1994-09-30,0.0,452.58,33.07,14.94,1704.54,0.34150682041233893
1994-10-01,0.0,404.77,31.03,16.46,1863.84,0.33726449966187505
1994-10-02,22.33,195.62,28.67,20.44,2390.76,0.40089931091883263
1994-10-03,3.28,155.93,26.03,20.35,2375.84,0.47301876367671786
1994-10-04,0.0,265.29,24.87,17.02,1931.36,0.44544367879870295
1994-10-05,0.0,405.31,28.58,14.38,1639.29,0.40726279204452837
1994-10-06,0.0,429.01,28.84,12.91,1479.88,0.3860511882922092
1994-10-07,0.0,415.81,28.98,13.69,1571.05,0.36696074491512193
1994-10-08,0.0,355.55,29.0,16.78,1904.58,0.3563549430389623
1994-10-09,43.82,186.5,27.44,19.57,2276.6,0.6405904333200394
1994-10-10,42.96,220.58,22.02,13.14,1505.8,2.7999316953061326
1994-10-11,1.78,130.75,16.85,13.22,1515.06,2.6514504690398986
1994-10-12,25.23,125.11,18.43,13.85,1588.29,2.5241808465259834
1994-10-13,1.38,187.99,19.76,14.33,1628.46,2.9908361290770054
1994-10-14,0.08,284.59,20.67,12.53,1442.18,2.017223516845555
1994-10-15,0.0,327.56,22.15,12.3,1424.29,1.4042081684035301
1994-10-16,0.0,332.2,25.49,14.88,1698.49,1.0520955461150316
1994-10-17,0.0,256.28,24.63,16.91,1912.78,0.8633122727193909
1994-10-18,0.0,243.4,24.23,16.97,1926.37,0.7530119332073312
1994-10-19,0.0,313.0,27.95,17.75,2038.44,0.678771320074214
1994-10-20,2.28,263.01,27.52,18.28,2105.25,0.6427115936952713
1994-10-21,18.95,238.79,28.28,17.73,2034.79,1.6269300078028817
1994-10-22,7.08,227.43,27.81,17.96,2065.51,2.4393344315167065
1994-10-23,5.69,235.93,27.64,17.54,2006.83,2.0214658375960184
1994-10-24,0.0,366.68,27.5,14.44,1640.41,1.66935321530752
1994-10-25,0.0,385.17,27.0,12.71,1456.75,1.1920921308803383
1994-10-26,0.0,388.14,25.44,11.12,1329.23,0.9396740462277401
1994-10-27,0.0,419.88,20.98,4.6,847.63,0.7890716595862738
1994-10-28,0.0,400.89,20.49,5.83,924.83,0.6978617634513012
1994-10-29,0.0,388.55,20.75,6.85,988.44,0.6448327540705033
1994-10-30,0.0,360.49,21.68,9.51,1200.98,0.6151365088172563
1994-10-31,0.0,239.89,21.74,14.76,1681.87,0.5960460654401691
1994-11-01,0.0,373.91,22.61,9.17,1174.0,0.5790767824383137
1994-11-02,0.0,406.11,20.61,4.11,812.98,0.5557440183107627
1994-11-03,0.0,394.16,24.76,7.97,1077.29,0.5408958956841393
1994-11-04,0.0,357.22,26.0,11.98,1398.17,0.5302900938079798
1994-11-05,0.0,311.67,25.97,14.76,1682.21,0.5239266126822839
1994-11-06,37.95,234.12,26.15,14.88,1693.32,0.5557440183107627
1994-11-07,0.0,365.38,25.14,10.29,1263.56,1.1305784799986127
1994-11-08,0.0,355.24,25.5,11.02,1321.6,1.2408788195106724
1994-11-09,0.0,300.95,26.68,15.29,1740.37,0.9736126122314508
1994-11-10,8.72,208.45,26.3,15.9,1799.66,0.7869504992110419
1994-11-11,0.0,245.51,21.47,12.91,1479.53,0.7657388954587226
1994-11-12,0.0,143.52,17.27,12.65,1451.73,0.8675545934698548
1994-11-13,0.0,183.71,20.05,13.89,1591.21,0.8166467444642886
1994-11-14,0.0,292.53,25.25,13.81,1584.96,0.7127098860779246
1994-11-15,0.0,320.56,25.99,12.48,1438.28,0.6490750748209672
1994-11-16,0.0,309.96,25.14,12.26,1421.13,0.6066518673163287
1994-11-17,0.0,251.77,22.14,12.67,1453.51,0.57483446168785
1994-11-18,0.0,305.98,21.17,8.8,1143.65,0.5515016975602989
1994-11-19,0.0,310.76,21.26,8.37,1109.25,0.5302900938079798
1994-11-20,0.0,332.74,23.95,8.64,1131.02,0.5154419711813563
1994-11-21,0.0,292.77,25.49,12.68,1456.37,0.5090784900556604
1994-11-22,0.0,338.92,24.91,8.13,1090.49,0.4984726881795009
1994-11-23,0.0,322.9,20.33,5.71,920.02,0.48574572592810933
1994-11-24,0.0,260.06,15.1,5.0,880.12,0.47089760330148595
1994-11-25,0.0,252.84,14.39,4.74,859.58,0.4645341221757902
1994-11-26,0.87,246.48,20.19,9.81,1224.59,0.46665528255102207
1994-11-27,0.0,220.66,25.76,16.72,1897.24,0.47089760330148595
1994-11-28,17.11,223.41,25.19,11.72,1377.55,0.4899880466785732
1994-11-29,14.86,134.23,16.44,9.98,1238.62,0.6660443578228225
1994-11-30,15.1,168.91,13.15,4.93,874.56,1.4763276211614154
1994-12-01,0.0,336.46,16.16,0.6,632.61,1.302392470392398
1994-12-02,0.0,344.98,18.23,1.13,658.1,1.0287627819874805
1994-12-03,49.48,238.65,20.29,5.61,912.21,2.290853205250472
1994-12-04,53.45,80.79,20.36,16.42,1867.02,9.927030556085379
1994-12-05,15.94,100.74,19.68,15.29,1741.99,11.687593667527873
1994-12-06,0.0,123.5,18.24,13.93,1594.39,10.817917913682784
1994-12-07,0.0,266.08,20.15,9.76,1221.06,6.554385559466629
1994-12-08,0.0,289.24,24.48,12.0,1399.72,3.13931735534324
1994-12-09,0.0,265.06,24.29,13.4,1543.62,2.0257081583464824
1994-12-10,5.07,199.6,22.94,12.24,1418.93,1.6566262530561287
1994-12-11,3.05,319.7,18.58,0.14,614.52,1.8114709604480586
1994-12-12,0.0,315.27,10.91,-2.56,505.7,1.9514675452133652
1994-12-13,0.0,323.18,14.61,-0.33,596.5,1.6099607248010264
1994-12-14,0.0,305.48,15.64,2.08,713.75,1.357542640148428
1994-12-15,0.0,288.87,17.2,4.74,858.95,1.202697932756498
1994-12-16,0.0,241.49,18.35,8.68,1134.04,1.1051245554958296
1994-12-17,12.64,95.37,15.42,10.83,1306.21,1.147547763000468
1994-12-18,0.0,262.41,17.59,6.98,998.54,1.3405733571465728
1994-12-19,0.0,334.4,16.75,0.14,612.94,1.3108771118933258
1994-12-20,0.0,327.84,15.99,0.31,621.46,1.147547763000468
1994-12-21,0.0,303.08,17.89,4.33,826.54,1.0393685838636402
1994-12-22,0.34,251.84,18.67,8.26,1100.94,0.9863395744828422
1994-12-23,0.0,233.13,15.85,7.08,1006.63,0.9460375273534357
1994-12-24,0.0,302.13,15.83,2.91,752.41,0.9099778009744931
1994-12-25,0.0,292.85,13.1,1.1,649.73,0.8696757538450867
1994-12-26,0.0,320.62,14.54,0.02,603.37,0.835737187841376
1994-12-27,0.0,336.3,17.94,0.77,641.19,0.8145255840890567
1994-12-28,0.0,337.0,20.06,2.27,721.95,0.7975563010872014
1994-12-29,6.73,202.75,19.44,7.76,1060.4,0.8781603953460143
1994-12-30,0.2,182.74,17.79,10.68,1294.72,1.0117934989856252
1994-12-31,0.0,201.53,17.29,9.57,1205.96,0.9672491311057548
1995-01-01,9.6,143.36,18.01,10.49,1279.46,0.9417952066029719
1995-01-02,0.0,322.92,15.15,-0.03,610.56,0.9651279707305229
1995-01-03,0.2,186.64,8.29,1.45,676.37,0.9799760933571464
1995-01-04,0.0,211.39,9.55,1.66,688.87,0.9248259236011166
1995-01-05,0.0,292.24,8.06,-3.88,454.19,0.8505853104679993
1995-01-06,3.62,273.13,13.63,-1.04,569.3,0.8293737067156802
1995-01-07,14.99,241.27,20.14,6.3,946.31,1.0499743857397998
1995-01-08,0.0,328.2,13.5,-1.39,556.05,1.8029863189471307
1995-01-09,0.0,337.69,17.5,1.2,657.01,1.56965867767162
1995-01-10,0.0,311.71,20.05,5.97,924.3,1.2196672157583532
1995-01-11,0.0,276.26,20.91,9.25,1179.88,1.0520955461150316
1995-01-12,0.0,216.28,22.1,13.46,1551.06,0.9587644896048273
1995-01-13,18.7,162.9,21.76,13.15,1503.35,1.9132866584591908
1995-01-14,20.76,171.5,17.84,9.09,1167.25,5.5574401831076266
1995-01-15,2.46,114.29,11.47,7.18,1014.17,5.663498201869223
1995-01-16,0.0,259.51,11.31,1.64,688.1,3.13931735534324
1995-01-17,0.0,318.99,15.91,2.55,729.95,1.974800309340916
1995-01-18,0.0,276.5,18.46,7.56,1044.97,1.5654163569211559
1995-01-19,21.79,237.85,21.09,7.43,1034.03,2.375699620259749
1995-01-20,0.0,313.98,14.15,1.65,689.65,3.4787030153803467
1995-01-21,0.0,354.57,14.76,-0.86,571.01,3.1605289590955588
1995-01-22,0.0,361.46,16.54,0.15,612.28,2.2060067902411955
1995-01-23,19.7,256.26,15.81,1.54,682.86,2.0554044035997294
1995-01-24,0.0,351.3,10.68,-3.68,466.19,2.693873676544537
1995-01-25,0.0,372.59,14.51,-2.1,526.62,2.418122827764387
1995-01-26,0.0,369.1,17.49,1.01,645.16,1.8920750547068714
1995-01-27,22.03,231.3,18.19,6.38,950.43,2.184795186488876
1995-01-28,50.15,198.66,20.6,10.83,1306.78,7.211945275788523
1995-01-29,0.0,367.94,22.17,5.65,919.7,9.630068103552912
1995-01-30,0.0,254.15,11.57,3.02,760.9,9.757337726066826
1995-01-31,0.0,370.44,12.01,-3.06,487.35,6.766501596989821
1995-02-01,0.0,382.23,14.56,-1.69,542.52,3.415068204123389
1995-02-02,0.0,384.98,20.04,2.48,735.91,2.3332764127551107
1995-02-03,0.0,357.57,24.39,8.55,1124.3,1.9408617433372055
1995-02-04,0.0,377.89,21.88,4.77,861.91,1.7266245454387819
1995-02-05,0.0,368.4,15.39,0.25,619.62,1.561174036170692
1995-02-06,0.0,407.84,15.99,-2.97,488.56,1.4232986117806175
1995-02-07,0.0,382.96,14.89,-1.17,565.49,1.30451363076763
1995-02-08,0.54,392.46,13.79,-2.78,498.32,1.2281518572592809
1995-02-09,0.0,379.06,9.81,-5.12,428.61,1.1708805271280192
1995-02-10,4.04,310.1,17.48,0.27,620.67,1.1496689233757
1995-02-11,34.78,169.67,21.21,13.05,1501.19,2.142371978984238
1995-02-12,37.54,302.75,15.52,-1.8,537.45,7.127098860779247
1995-02-13,4.12,215.92,8.99,-0.23,600.0,9.608856499800591
1995-02-14,0.0,286.59,12.72,2.61,731.75,10.096723386103934
1995-02-15,1.37,315.39,19.99,7.8,1063.83,7.211945275788523
1995-02-16,2.77,149.87,22.97,17.0,1920.0,3.5635494303896236
1995-02-17,19.97,255.62,23.09,9.8,1223.73,3.7332422604081765
1995-02-18,32.18,134.85,13.52,7.74,1059.06,8.33616027466144
1995-02-19,3.9,167.17,15.63,9.21,1177.03,9.948242159837697
1995-02-20,5.91,182.5,16.68,8.86,1148.81,8.781603953460143
1995-02-21,0.0,399.87,22.17,6.68,974.15,5.72713301312618
1995-02-22,0.0,449.48,22.53,2.52,724.16,3.6908190529035387
1995-02-23,0.0,427.77,21.82,4.38,830.49,2.6726620727922175
1995-02-24,0.63,351.92,22.64,9.81,1224.78,2.184795186488876
1995-02-25,0.0,456.91,20.13,0.63,640.0,1.9069231773334947
1995-02-26,0.0,433.59,20.24,3.11,768.84,1.7032917813112307
1995-02-27,1.29,353.36,22.59,8.93,1154.33,1.56965867767162
1995-02-28,15.78,164.41,22.29,15.21,1736.56,1.7902593566957392
1995-03-01,22.19,224.95,16.67,7.33,1026.15,4.772610844271817
1995-03-02,0.0,221.69,11.78,5.38,902.42,6.299846314438798
1995-03-03,0.75,296.59,14.6,5.81,919.83,4.581706410500944
1995-03-04,0.33,305.29,14.48,5.67,918.29,3.054470940333963
1995-03-05,8.17,262.25,19.29,8.71,1136.75,2.3120648090027913
1995-03-06,4.71,214.11,23.21,15.15,1731.96,2.2484299977458337
1995-03-07,20.55,201.42,24.74,16.94,1922.97,2.9484129215723667
1995-03-08,45.5,369.77,22.29,3.28,774.84,8.145255840890567
1995-03-09,0.0,446.67,13.29,-0.29,600.23,9.714914518562187
1995-03-10,0.0,482.39,16.0,-0.08,600.86,9.799760933571465
1995-03-11,0.0,489.18,19.42,2.34,726.18,6.490750748209671
1995-03-12,0.0,451.49,21.65,7.21,1017.01,3.4362798078757084
1995-03-13,0.0,403.73,23.32,11.1,1328.21,2.502969242773664
1995-03-14,35.06,249.11,22.65,13.52,1561.34,2.5666040540306216
1995-03-15,40.11,188.58,20.45,14.0,1599.61,6.872559615751417
1995-03-16,9.51,276.22,22.06,11.93,1394.65,10.266416216122487
1995-03-17,6.5,262.21,21.81,12.48,1438.36,11.433054422500042
1995-03-18,0.73,370.9,21.7,11.31,1344.93,9.608856499800591
1995-03-19,0.0,496.86,26.0,8.59,1126.89,6.3210579181911175
1995-03-20,0.0,474.29,26.97,10.91,1312.48,3.839300279169773
1995-03-21,0.0,390.32,26.3,14.62,1661.98,2.9059897140677284
1995-03-22,0.0,364.15,27.6,16.75,1899.0,2.396911224012068
1995-03-23,0.0,404.34,29.23,16.61,1887.0,2.142371978984238
1995-03-24,0.0,462.0,29.27,13.91,1592.68,1.9387405829619735
1995-03-25,0.0,476.28,28.08,12.31,1424.62,1.7563207906920286
1995-03-26,0.0,439.24,27.97,14.35,1634.74,1.6035972436753305
1995-03-27,0.0,332.33,26.43,17.47,1994.91,1.510266187165126
1995-03-28,14.19,304.82,22.3,11.53,1362.77,1.486933423037575
1995-03-29,32.6,272.96,19.76,10.79,1303.2,2.142371978984238
1995-03-30,33.32,167.92,15.67,10.65,1292.17,5.705921409373861
1995-03-31,18.84,237.5,18.58,11.18,1334.48,8.654334330946229
1995-04-01,0.0,419.1,17.89,7.43,1034.73,9.375528858525081
1995-04-02,0.0,529.24,20.69,4.33,826.24,8.230102255899844
1995-04-03,0.0,539.53,23.8,5.72,920.0,5.005938485547328
1995-04-04,0.0,493.31,23.48,8.7,1135.92,3.054470940333963
1995-04-05,0.06,257.73,20.0,13.77,1581.47,2.375699620259749
1995-04-06,0.3,362.51,21.0,11.84,1386.87,2.121160375231919
1995-04-07,0.0,481.49,23.91,10.1,1247.82,1.9344982622115097
1995-04-08,0.0,506.32,25.84,10.31,1264.9,1.747836149191101
1995-04-09,0.0,452.71,26.66,13.87,1588.19,1.6078395644257943
1995-04-10,0.0,431.73,27.38,15.52,1761.22,1.4932969041632707
1995-04-11,46.49,322.57,27.02,15.36,1748.82,2.821143299058452
1995-04-12,46.4,281.32,22.93,13.77,1573.92,6.427115936952714
1995-04-13,0.0,535.28,27.24,10.03,1242.45,7.996774614624334
1995-04-14,0.0,539.08,25.39,8.14,1091.29,7.0846756532746085
1995-04-15,0.0,546.39,26.2,7.99,1079.3,4.0302047129406455
1995-04-16,0.0,510.85,26.6,10.65,1292.22,2.3120648090027913
1995-04-17,0.0,429.24,27.34,15.11,1725.19,1.8263190830746818
1995-04-18,0.0,355.73,28.51,18.86,2177.68,1.6184453663019538
1995-04-19,0.93,337.03,29.12,20.0,2320.06,1.4975392249137345
1995-04-20,0.0,300.06,28.62,20.82,2450.61,1.410571649529226
1995-04-21,55.63,264.49,28.21,18.99,2198.67,4.751399240519498
1995-04-22,0.95,320.23,27.91,19.14,2218.64,9.502798481038996
1995-04-23,32.08,279.58,28.21,18.63,2146.04,12.048190931317299
1995-04-24,0.0,533.73,25.56,9.78,1222.06,9.863395744828422
1995-04-25,0.0,487.77,20.52,8.0,1080.16,8.611911123441589
1995-04-26,0.0,538.2,23.89,8.11,1089.14,5.960460654401691
1995-04-27,0.0,511.05,24.92,10.4,1271.67,3.415068204123389
1995-04-28,0.0,441.8,25.0,13.4,1542.53,2.396911224012068
1995-04-29,0.0,507.56,26.5,11.56,1364.45,2.0108600357198587
1995-04-30,0.0,492.86,28.45,13.66,1566.22,1.7584419510672604
1995-05-01,0.0,453.41,30.28,16.87,1912.17,1.5717798380468517
1995-05-02,0.0,533.2,29.13,11.81,1384.42,1.4254197721558493
1995-05-03,0.0,461.02,22.27,9.99,1239.59,1.3129982722685576
1995-05-04,0.61,434.16,24.02,12.62,1452.87,1.2451211402611362
1995-05-05,0.0,419.54,28.54,16.91,1920.11,1.2196672157583532
1995-05-06,0.0,457.31,30.2,16.69,1895.53,1.1666382063775553
1995-05-07,0.0,429.01,29.0,16.9,1915.83,1.145426602625236
1995-05-08,0.0,425.52,29.66,17.68,2026.19,1.1242149988729169
1995-05-09,102.01,253.99,28.27,19.39,2262.03,4.221109146711518
1995-05-10,54.5,281.65,28.8,18.78,2164.91,15.12387347540358
1995-05-11,0.06,278.22,27.03,20.05,2335.23,15.505682342945326
1995-05-12,13.17,283.66,29.08,19.04,2206.26,13.002713100171661
1995-05-13,23.93,247.78,26.99,18.79,2166.03,12.726962251391512
1995-05-14,0.0,307.38,30.56,22.72,2755.82,11.708805271280191
1995-05-15,0.0,362.87,31.8,22.4,2704.32,9.227047632258845
1995-05-16,0.0,411.34,32.1,21.23,2517.1,4.899880466785732
1995-05-17,0.0,413.65,31.82,20.95,2472.57,2.969624525324686
1995-05-18,0.0,333.47,30.92,22.65,2744.35,2.2060067902411955
1995-05-19,15.0,290.35,29.87,20.21,2361.84,1.8199556019489862
1995-05-20,0.0,505.1,26.79,13.21,1512.99,2.60902726153526
1995-05-21,0.0,522.36,27.25,12.56,1445.04,2.375699620259749
1995-05-22,0.0,522.49,29.5,14.07,1605.61,1.7838958755700436
1995-05-23,0.0,502.82,31.11,16.16,1826.13,1.4190562910301536
1995-05-24,0.0,494.28,31.75,17.11,1936.98,1.2302730176345127
1995-05-25,0.0,437.9,31.31,19.22,2235.1,1.1263361592481487
1995-05-26,0.0,426.22,31.34,19.77,2301.84,1.0775494706178148
1995-05-27,0.0,436.37,31.79,19.81,2310.39,1.0139146593608572
1995-05-28,0.0,397.85,31.78,21.18,2508.5,0.9502798481038995
1995-05-29,14.39,347.31,31.83,18.85,2176.73,1.4699641400357197
1995-05-30,14.3,294.82,29.45,19.56,2284.75,2.969624525324686
1995-05-31,19.77,280.26,29.0,19.84,2307.45,5.302900938079797
1995-06-01,14.11,292.59,28.87,19.42,2266.54,6.596808766971267
1995-06-02,15.6,300.62,28.02,18.43,2122.85,7.190733672036204
1995-06-03,0.0,461.59,30.5,18.4,2111.76,5.918037446897053
1995-06-04,0.0,473.86,32.0,19.0,2199.96,3.669607449151219
1995-06-05,0.0,464.91,32.5,19.77,2301.86,2.3332764127551107
1995-06-06,0.0,462.23,32.5,19.88,2310.36,1.5569317154202282
1995-06-07,0.0,447.01,32.64,20.6,2416.24,1.2217883761335853
1995-06-08,0.0,416.36,33.23,22.12,2659.7,1.0669436687416551
1995-06-09,0.0,417.11,34.12,22.74,2758.76,0.9608856499800592
1995-06-10,0.0,437.54,34.39,22.06,2649.77,0.88452387647171
1995-06-11,0.0,432.88,34.34,22.15,2663.29,0.8251313859652163
1995-06-12,8.46,357.38,31.41,18.0,2074.68,0.7784658577101141
1995-06-13,0.0,484.15,25.5,12.83,1471.41,0.8272525463404482
1995-06-14,0.0,514.89,28.0,13.28,1525.47,0.7636177350834907
1995-06-15,0.0,513.0,28.65,13.75,1580.16,0.706346404952229
1995-06-16,0.0,505.49,30.0,15.06,1721.77,0.6681655181980544
1995-06-17,0.0,485.91,30.67,16.34,1847.38,0.6363481125695757
1995-06-18,0.0,473.57,30.99,17.05,1929.36,0.6108941880667926
1995-06-19,0.0,484.46,30.95,16.5,1879.76,0.5939249050649372
1995-06-20,0.0,478.41,31.19,16.97,1917.89,0.5705921409373861
1995-06-21,0.0,387.78,28.22,18.07,2085.67,0.5599863390612265
1995-06-22,0.0,440.46,30.89,18.53,2124.75,0.5599863390612265
1995-06-23,0.0,448.68,32.45,19.47,2275.53,0.5557440183107627
1995-06-24,0.0,435.73,32.55,20.05,2328.71,0.5408958956841393
1995-06-25,0.0,407.06,31.5,20.27,2363.89,0.5302900938079798
1995-06-26,2.92,335.39,33.06,21.33,2533.32,0.5281689334327477
1995-06-27,0.0,492.66,33.45,18.06,2076.75,0.521805452307052
1995-06-28,0.0,473.71,34.18,19.47,2272.66,0.5345324145584435
1995-06-29,6.27,320.95,31.68,19.99,2328.57,0.5684709805621542
1995-06-30,1.03,387.83,31.68,19.86,2312.9,0.6214999899429522
1995-07-01,12.97,270.02,30.42,20.66,2425.49,0.6957406030760693
1995-07-02,28.42,219.58,28.59,21.02,2483.51,1.3999658476530663
1995-07-03,7.71,257.18,31.4,22.1,2656.26,1.4466313759081686
1995-07-04,6.04,208.79,30.68,23.39,2868.75,1.0605801876159595
1995-07-05,0.0,278.39,31.92,24.56,3090.21,0.8590699519689271
1995-07-06,3.68,338.29,33.04,21.3,2527.49,0.7169522068283886
1995-07-07,0.0,445.08,32.8,19.99,2320.89,0.6299846314438798
1995-07-08,0.0,465.73,34.0,19.92,2313.64,0.57483446168785
1995-07-09,3.27,389.27,35.0,20.87,2458.49,0.5430170560593712
1995-07-10,7.43,383.25,34.79,21.3,2527.65,0.5260477730575158
1995-07-11,0.0,443.92,35.08,21.54,2565.67,0.6363481125695757
1995-07-12,0.0,407.88,35.59,23.36,2858.22,0.6384692729448075
1995-07-13,1.17,415.25,35.58,21.93,2629.48,0.5302900938079798
1995-07-14,0.7,424.44,34.32,21.47,2555.93,0.4878668863033413
1995-07-15,12.13,305.56,33.29,21.74,2598.4,0.5175631315565882
1995-07-16,0.0,403.34,33.07,21.78,2604.16,0.5599863390612265
1995-07-17,0.0,410.65,34.77,22.88,2781.32,0.5260477730575158
1995-07-18,38.06,330.96,35.21,22.02,2643.43,0.5621074994364584
1995-07-19,4.36,352.94,35.07,22.5,2719.83,0.8017986218376653
1995-07-20,16.97,329.76,34.51,21.72,2594.62,0.7911928199615056
1995-07-21,0.0,398.97,34.01,22.78,2764.61,0.9566433292295954
1995-07-22,0.0,413.7,34.94,22.96,2793.22,1.0648225083664231
1995-07-23,0.0,380.77,35.23,24.39,3062.81,1.2599692628877597
1995-07-24,0.0,402.0,35.55,23.9,2972.81,0.7678600558339546
1995-07-25,0.0,384.69,35.42,24.41,3065.75,0.5896825843144734
1995-07-26,0.0,421.16,35.93,23.43,2873.43,0.5090784900556604
1995-07-27,22.95,356.18,35.38,20.69,2430.26,0.5472593768098349
1995-07-28,2.47,403.29,35.22,21.45,2552.71,0.7424061313311715
1995-07-29,0.62,416.95,34.23,22.16,2666.02,0.7148310464531566
1995-07-30,13.37,231.35,30.33,22.62,2739.28,0.6066518673163287
1995-07-31,12.77,206.46,28.59,21.94,2630.93,0.6745289993237501
1995-08-01,2.94,274.9,31.02,22.2,2672.21,0.7084675653274608
1995-08-02,0.0,411.25,33.75,22.23,2676.59,0.6236211503181841
1995-08-03,0.12,388.99,33.9,23.0,2800.42,0.5430170560593712
1995-08-04,16.13,198.35,29.56,22.94,2790.92,0.5196842919318201
1995-08-05,25.65,224.29,30.34,22.8,2767.76,1.5378412720431411
1995-08-06,2.19,300.36,32.22,23.05,2807.23,1.7796535548195798
1995-08-07,0.93,353.43,32.5,22.93,2789.46,0.9842184141076102
1995-08-08,0.0,408.09,33.92,22.69,2750.19,0.7402849709559397
1995-08-09,0.24,407.04,33.79,22.5,2720.0,0.625742310693416
1995-08-10,22.96,312.02,33.52,22.17,2667.52,0.9057354802240293
1995-08-11,0.0,410.29,33.16,22.1,2656.77,0.7933139803367376
1995-08-12,2.49,364.79,33.72,22.5,2720.0,0.6363481125695757
1995-08-13,13.18,325.41,33.74,21.69,2590.84,0.833616027466144
1995-08-14,0.0,428.18,33.56,21.76,2601.92,0.9905818952333061
1995-08-15,0.0,420.79,34.44,22.67,2747.0,0.8781603953460143
1995-08-16,0.0,419.41,35.75,23.65,2915.25,0.6681655181980544
1995-08-17,0.0,415.25,36.72,24.49,3078.66,0.545138216434603
1995-08-18,0.0,417.08,36.57,24.3,3047.86,0.47513992405194977
1995-08-19,0.18,427.06,35.9,23.18,2832.58,0.43483787692254333
1995-08-20,8.51,358.03,35.74,22.54,2726.67,0.417868593920688
1995-08-21,10.87,321.82,34.56,22.22,2675.16,0.4051416316692965
1995-08-22,5.41,333.77,33.93,22.7,2751.29,0.42635323542161563
1995-08-23,19.51,302.06,33.63,22.8,2767.81,0.5705921409373861
1995-08-24,0.47,381.41,34.3,23.5,2879.54,0.7742235369596503
1995-08-25,0.0,392.28,33.41,22.7,2751.34,0.625742310693416
1995-08-26,0.0,407.22,33.84,22.53,2725.31,0.5281689334327477
1995-08-27,0.0,433.86,35.38,22.54,2727.19,0.4772610844271816
1995-08-28,0.0,449.36,35.82,22.02,2642.73,0.4602918014253264
1995-08-29,0.0,436.69,35.36,22.13,2660.24,0.4327167165473114
1995-08-30,0.0,453.86,35.83,21.35,2535.91,0.38180886754174537
1995-08-31,0.0,436.66,35.05,21.49,2558.99,0.36908190529035384
1995-09-01,0.0,448.21,34.92,20.72,2435.5,0.3584761034141943
1995-09-02,0.0,433.51,35.46,21.68,2588.03,0.3542337826637304
1995-09-03,0.0,496.95,35.25,17.43,1988.83,0.3499914619132666
1995-09-04,0.0,474.63,34.38,18.06,2076.2,0.34574914116280275
1995-09-05,3.32,383.99,32.23,18.83,2173.81,0.34787030153803467
1995-09-06,0.0,447.18,31.76,17.34,1973.86,0.390293509042673
1995-09-07,0.0,476.76,31.94,15.62,1769.63,0.4199897542959199
1995-09-08,0.0,472.11,32.95,16.38,1855.99,0.38817234866744116
1995-09-09,0.0,458.6,34.4,17.96,2072.4,0.36059726378942614
1995-09-10,0.0,436.48,34.15,18.83,2173.14,0.34574914116280275
1995-09-11,0.0,448.1,33.05,17.19,1961.48,0.33726449966187505
1995-09-12,0.0,437.83,33.22,17.69,2024.83,0.3287798581609474
1995-09-13,0.97,354.18,33.04,20.13,2350.99,0.3287798581609474
1995-09-14,0.87,331.48,33.01,21.76,2601.89,0.34787030153803467
1995-09-15,0.63,343.2,33.7,21.58,2573.13,0.3945358297931369
1995-09-16,0.71,336.3,33.67,22.13,2661.39,0.38180886754174537
1995-09-17,4.71,268.35,34.26,22.71,2753.48,0.3945358297931369
1995-09-18,26.26,291.66,33.24,20.0,2323.96,0.392414669417905
1995-09-19,0.0,444.15,32.43,16.02,1807.38,0.5515016975602989
1995-09-20,0.0,430.54,33.15,17.12,1941.92,0.6045307069410968
1995-09-21,0.0,352.54,33.11,20.78,2444.67,0.5027150089299647
1995-09-22,0.48,369.43,32.35,19.31,2249.65,0.4327167165473114
1995-09-23,0.0,364.51,24.76,13.12,1504.72,0.40726279204452837
1995-09-24,0.0,398.59,27.77,14.04,1603.18,0.3945358297931369
1995-09-25,0.0,228.18,24.64,17.65,2023.83,0.390293509042673
1995-09-26,0.0,350.33,28.56,16.8,1908.94,0.390293509042673
1995-09-27,0.0,390.84,30.78,16.7,1896.21,0.3860511882922092
1995-09-28,0.0,419.42,30.68,14.88,1696.97,0.37332422604081766
1995-09-29,0.0,408.25,30.85,15.52,1761.67,0.3627184241646581
1995-09-30,0.0,378.93,31.04,17.09,1941.8,0.3521126222884985
1995-10-01,0.0,373.37,31.7,17.8,2045.25,0.3436279807875708
1995-10-02,0.0,356.02,31.52,18.42,2115.2,0.339385660037107
1995-10-03,13.86,231.7,31.1,20.28,2366.39,0.34574914116280275
1995-10-04,40.96,104.54,24.16,19.92,2317.8,0.5302900938079798
1995-10-05,36.58,144.42,24.25,18.38,2117.22,0.9545221688543633
1995-10-06,0.0,377.8,29.86,16.3,1849.13,1.2726962251391514
1995-10-07,0.0,425.53,26.61,10.85,1308.31,1.0181569801113208
1995-10-08,0.0,412.25,24.5,9.88,1230.75,0.6999829238265332
1995-10-09,0.0,438.78,26.36,9.37,1189.51,0.572713301312618
1995-10-10,0.0,441.75,28.53,10.43,1274.09,0.4984726881795009
1995-10-11,0.0,396.51,29.84,14.58,1661.1,0.4560494806748625
1995-10-12,0.0,339.02,29.43,17.33,1973.89,0.4284743957968476
1995-10-13,0.0,293.55,28.41,18.37,2110.57,0.4136262731702241
1995-10-14,6.67,217.98,27.86,17.98,2077.19,0.40302047129406454
1995-10-15,0.0,364.21,21.14,8.87,1149.78,0.40302047129406454
1995-10-16,0.0,384.3,22.74,9.0,1159.87,0.4136262731702241
1995-10-17,0.0,405.17,26.3,10.3,1263.93,0.3987781505436007
1995-10-18,0.0,385.58,26.99,11.94,1395.52,0.38817234866744116
1995-10-19,0.0,355.58,27.31,13.96,1596.71,0.3775665467912815
1995-10-20,0.0,357.91,28.38,14.64,1664.73,0.37544538641604963
1995-10-21,0.0,438.92,22.99,3.47,793.89,0.36483958453989
1995-10-22,0.0,432.19,23.5,4.17,813.24,0.3563549430389623
1995-10-23,0.0,401.03,25.36,8.22,1097.75,0.3542337826637304
1995-10-24,0.52,328.74,27.93,14.92,1699.82,0.3542337826637304
1995-10-25,0.22,325.15,25.48,12.82,1471.93,0.3563549430389623
1995-10-26,0.0,377.82,25.99,9.66,1212.78,0.3542337826637304
1995-10-27,0.0,358.59,27.94,12.38,1432.66,0.3542337826637304
1995-10-28,9.55,263.38,28.16,12.92,1484.86,0.3584761034141943
1995-10-29,0.0,368.88,23.21,7.48,1038.37,0.3839300279169773
1995-10-30,0.33,267.71,19.01,9.25,1179.61,0.390293509042673
1995-10-31,7.11,117.95,17.01,11.65,1372.1,0.3987781505436007
1995-11-01,10.56,133.39,21.64,15.32,1743.36,0.41574743354545607
1995-11-02,18.04,161.65,26.84,18.6,2142.8,0.8802815557212463
1995-11-03,58.58,163.49,22.73,14.69,1674.06,2.4605460352690254
1995-11-04,0.81,334.18,16.96,2.89,750.92,3.1605289590955588
1995-11-05,0.0,249.08,13.49,4.65,852.05,2.142371978984238
1995-11-06,1.71,200.35,14.8,7.17,1013.57,1.3405733571465728
1995-11-07,0.51,269.52,23.26,12.71,1459.29,1.069064829116887
1995-11-08,15.24,264.53,23.44,7.92,1073.95,1.4232986117806175
1995-11-09,0.0,364.02,18.39,2.7,735.99,1.1242149988729169
1995-11-10,0.0,349.34,20.37,5.4,905.42,1.0266416216122487
1995-11-11,16.74,232.78,22.92,10.07,1245.78,0.9969453763590018
1995-11-12,0.0,376.97,17.94,0.04,602.88,0.9799760933571464
1995-11-13,0.0,346.0,15.56,0.55,634.41,0.9057354802240293
1995-11-14,2.74,312.53,18.63,2.35,720.43,0.8802815557212463
1995-11-15,0.0,346.55,16.31,0.64,637.3,0.833616027466144
1995-11-16,0.0,338.29,17.67,2.4,725.91,0.7911928199615056
1995-11-17,0.0,346.98,18.79,2.39,726.49,0.7508907728320993
1995-11-18,0.0,339.35,21.0,4.66,852.43,0.7211945275788523
1995-11-19,0.0,304.79,22.95,8.91,1152.84,0.6957406030760693
1995-11-20,4.78,189.48,21.87,11.21,1336.61,0.676650159698982
1995-11-21,4.71,178.89,19.73,10.99,1319.29,0.6660443578228225
1995-11-22,0.0,365.43,19.5,0.15,612.53,0.6575597163218948
1995-11-23,0.0,353.35,20.0,1.76,698.03,0.6427115936952713
1995-11-24,12.17,244.31,21.7,5.78,922.12,0.6596808766971267
1995-11-25,0.0,334.61,16.31,0.27,624.62,0.7021040842017651
1995-11-26,0.0,335.4,18.02,1.48,678.14,0.680892480449446
1995-11-27,0.0,330.1,21.34,4.56,845.08,0.6469539144457352
1995-11-28,0.0,231.44,24.48,14.19,1613.02,0.6002883861906331
1995-11-29,0.0,306.88,20.22,5.51,905.13,0.6045307069410968
1995-11-30,0.0,319.58,15.85,0.21,616.88,0.5599863390612265
1995-12-01,0.0,335.1,18.27,0.19,617.74,0.5005938485547328
1995-12-02,0.0,336.88,20.75,1.46,677.17,0.4687764429262541
1995-12-03,0.0,313.55,22.06,4.79,863.51,0.4539283202996306
1995-12-04,6.66,138.96,22.47,13.7,1569.32,0.4496859995491667
1995-12-05,0.45,106.64,21.33,16.47,1870.28,0.45180715992439874
1995-12-06,10.23,130.9,26.04,17.45,1992.12,0.6130153484420245
1995-12-07,3.49,234.34,23.85,8.82,1145.8,0.9842184141076102
1995-12-08,0.0,248.34,15.33,3.67,799.43,0.833616027466144
1995-12-09,7.52,204.04,18.54,5.06,884.13,0.7424061313311715
1995-12-10,0.0,290.67,7.87,-6.14,382.7,0.6936194427008374
1995-12-11,0.0,283.98,8.08,-5.5,406.81,0.6427115936952713
1995-12-12,0.0,323.53,14.04,-3.64,468.96,0.5960460654401691
1995-12-13,0.0,320.56,20.34,1.9,701.07,0.5621074994364584
1995-12-14,0.0,256.56,22.51,9.46,1196.69,0.5430170560593712
1995-12-15,0.0,200.65,24.24,14.44,1634.96,0.5260477730575158
1995-12-16,0.0,106.77,21.86,17.0,1920.0,0.549380537185067
1995-12-17,1.91,128.13,23.72,17.28,1965.11,0.5960460654401691
1995-12-18,92.83,96.82,21.84,16.18,1830.28,5.769556220630818
1995-12-19,52.26,179.79,20.21,9.35,1188.33,12.196672157583533
1995-12-20,0.0,175.22,10.27,3.29,782.85,13.617849608988918
1995-12-21,0.0,205.41,7.81,-0.41,594.09,10.563378668654954
1995-12-22,0.0,202.76,7.68,-0.2,600.11,6.2574231069341595
1995-12-23,0.0,197.71,4.09,-3.26,480.25,3.0120477328293247
1995-12-24,0.0,277.76,7.09,-4.23,440.0,1.9175289792096546
1995-12-25,0.0,305.01,9.03,-4.17,440.0,1.4975392249137345
1995-12-26,0.0,321.22,11.57,-3.18,480.0,1.2684539043886873
1995-12-27,0.0,277.88,9.43,-1.69,544.29,1.1369419611243083
1995-12-28,0.0,317.49,11.8,-2.51,514.44,1.0245204612370167
1995-12-29,0.0,299.27,7.65,-4.75,440.0,0.9545221688543633
1995-12-30,0.0,338.43,13.12,-3.42,475.73,0.9057354802240293
1995-12-31,0.71,328.16,17.84,1.44,677.27,0.9269470839763485
1996-01-01,48.34,67.56,16.91,13.09,1494.92,3.7332422604081765
1996-01-02,39.1,97.08,18.0,12.34,1426.83,7.975563010872015
1996-01-03,0.0,251.2,15.33,3.81,799.64,6.830136408246778
1996-01-04,0.0,255.7,7.42,-3.84,456.57,3.5635494303896236
1996-01-05,0.0,319.88,14.85,-1.65,540.21,2.2060067902411955
1996-01-06,0.44,241.82,20.29,8.72,1137.43,1.6608685738065923
1996-01-07,4.59,254.74,15.28,-3.04,489.52,1.3999658476530663
1996-01-08,0.0,258.72,3.85,-7.25,358.31,1.2748173855143832
1996-01-09,0.0,305.4,7.89,-6.38,376.08,1.145426602625236
1996-01-10,0.0,350.11,16.04,-3.53,465.63,1.069064829116887
1996-01-11,0.0,328.19,17.58,0.62,637.97,1.0075511782351614
1996-01-12,6.63,234.56,16.8,1.46,676.94,0.9990665367342337
1996-01-13,0.0,327.5,15.32,-1.02,561.86,1.0393685838636402
1996-01-14,0.0,350.28,20.86,1.22,657.3,0.9842184141076102
1996-01-15,0.0,322.42,21.52,5.08,886.5,0.912098961349725
1996-01-16,0.52,237.05,21.99,11.35,1348.31,0.8272525463404482
1996-01-17,0.0,244.26,23.02,11.95,1395.64,0.78482933883581
1996-01-18,2.41,206.34,22.28,12.03,1402.31,0.8272525463404482
1996-01-19,4.72,329.27,20.46,-6.6,368.27,0.912098961349725
1996-01-20,0.0,343.82,6.83,-6.5,372.91,0.9014931594735653
1996-01-21,4.24,277.93,12.96,-1.73,540.74,0.8696757538450867
1996-01-22,0.0,356.05,16.73,0.87,643.92,0.8166467444642886
1996-01-23,0.0,338.08,18.96,2.73,745.9,0.8060409425881291
1996-01-24,18.68,224.92,19.92,6.55,964.01,1.2302730176345127
1996-01-25,0.0,340.28,14.0,-1.49,557.13,1.671474375682752
1996-01-26,3.48,289.73,17.17,1.85,699.46,1.6842013379341434
1996-01-27,47.0,271.26,21.13,3.05,764.34,3.3938566003710697
1996-01-28,0.0,335.0,11.5,-2.91,490.52,6.045307069410968
1996-01-29,0.87,308.26,13.76,1.01,651.05,6.024095465658649
1996-01-30,3.82,143.95,17.2,9.8,1223.84,4.305955561720794
1996-01-31,3.9,292.37,21.5,3.77,803.16,3.13931735534324
1996-02-01,0.0,142.56,6.07,0.95,649.27,2.227218393993515
1996-02-02,23.57,111.09,5.33,0.12,613.11,2.4393344315167065
1996-02-03,14.54,235.45,2.63,-7.27,354.93,4.5604948067486255
1996-02-04,0.0,324.77,-0.06,-10.86,278.8,4.4332251842347095
1996-02-05,0.0,363.3,0.88,-11.68,243.32,3.0120477328293247
1996-02-06,0.0,428.2,8.26,-8.54,320.26,2.1635835827365573
1996-02-07,0.0,360.12,13.76,0.92,640.0,1.7838958755700436
1996-02-08,0.0,406.8,19.96,3.71,799.92,1.5845068002982432
1996-02-09,0.0,363.03,22.13,8.3,1103.9,1.4296620929063133
1996-02-10,0.0,255.61,21.5,12.3,1423.78,1.3172405930190214
1996-02-11,0.0,226.33,22.04,13.87,1589.63,1.2005767723812661
1996-02-12,0.0,409.72,18.41,0.52,634.73,1.0627013479911913
1996-02-13,0.0,414.3,14.52,-2.95,485.77,0.9799760933571464
1996-02-14,0.0,423.33,18.61,-0.28,598.63,0.9269470839763485
1996-02-15,0.0,385.32,22.26,6.32,945.65,0.886645036846942
1996-02-16,0.0,409.19,18.23,1.0,643.99,0.8399795085918398
1996-02-17,0.0,394.44,8.91,-6.24,380.8,0.8017986218376653
1996-02-18,0.0,420.41,15.01,-2.12,521.14,0.7763446973348823
1996-02-19,0.0,373.84,20.37,6.06,927.32,0.810283263338593
1996-02-20,37.08,237.55,20.58,9.35,1187.75,4.857457259281094
1996-02-21,1.89,314.34,22.84,9.99,1238.98,7.0846756532746085
1996-02-22,0.0,270.12,24.25,14.95,1712.39,4.3271671654731145
1996-02-23,0.0,308.74,25.34,14.5,1640.0,2.630238865287579
1996-02-24,0.0,312.14,25.73,14.88,1699.47,1.8369248849508415
1996-02-25,0.0,400.21,25.47,10.18,1254.77,1.465721819285256
1996-02-26,0.0,349.32,25.25,13.11,1502.89,1.2939078288914705
1996-02-27,0.0,260.31,26.47,17.96,2074.1,1.1857286497546426
1996-02-28,22.76,219.53,25.16,15.75,1780.58,1.1920921308803383
1996-02-29,17.26,282.02,16.74,4.77,861.7,3.033259336581644
1996-03-01,7.82,180.52,9.07,2.6,733.2,3.839300279169773
1996-03-02,0.0,364.28,11.3,0.56,633.15,3.1605289590955588
1996-03-03,0.0,466.13,18.95,1.33,666.58,2.3120648090027913
1996-03-04,0.0,480.79,21.91,2.15,720.0,1.7117764228121584
1996-03-05,0.0,434.61,22.17,6.36,949.94,1.457237177784328
1996-03-06,2.11,241.09,23.5,15.26,1740.73,1.3448156778970364
1996-03-07,18.88,360.75,25.12,5.23,889.03,1.512387347540358
1996-03-08,1.86,323.97,6.62,-3.36,476.75,2.290853205250472
1996-03-09,0.0,420.78,5.91,-6.9,361.79,2.142371978984238
1996-03-10,0.0,449.19,9.2,-5.16,427.0,1.6566262530561287
1996-03-11,0.0,478.82,13.39,-3.35,476.6,1.3745119231502831
1996-03-12,0.0,484.67,16.84,-0.9,573.4,1.2154248950078894
1996-03-13,0.0,482.58,20.88,2.86,748.73,1.1263361592481487
1996-03-14,0.0,423.26,22.68,8.47,1117.52,1.0881552724939743
1996-03-15,0.0,379.4,25.34,13.08,1493.2,1.0754283102425828
1996-03-16,0.0,332.18,26.64,16.27,1842.58,1.0330051027379443
1996-03-17,18.76,243.96,26.09,16.22,1837.47,1.1390631214995404
1996-03-18,20.54,290.81,23.21,11.51,1360.54,3.3514333928664315
1996-03-19,3.84,381.74,22.91,6.23,942.73,5.302900938079797
1996-03-20,0.0,468.11,16.01,1.55,683.82,5.833191031887776
1996-03-21,0.0,446.52,12.94,-0.1,601.31,4.4332251842347095
1996-03-22,0.0,513.95,17.49,-0.15,600.0,2.587815657782941
1996-03-23,0.0,522.47,21.21,2.0,719.99,1.777532394444348
1996-03-24,0.0,478.16,23.01,6.82,985.94,1.4826911022871112
1996-03-25,20.77,244.36,23.51,13.97,1597.46,1.6269300078028817
1996-03-26,8.48,333.52,22.61,8.57,1125.25,2.2060067902411955
1996-03-27,18.66,171.08,12.53,6.71,976.94,2.969624525324686
1996-03-28,18.78,216.13,15.51,7.96,1077.07,6.427115936952714
1996-03-29,0.0,340.11,21.31,11.83,1386.12,6.957406030760693
1996-03-30,49.98,273.41,23.18,12.74,1469.86,6.27863471068648
1996-03-31,16.81,190.79,21.86,14.99,1716.1,8.654334330946229
1996-04-01,0.0,447.13,23.57,9.92,1233.91,9.205836028506528
1996-04-02,0.0,522.02,21.4,3.9,804.65,7.318003294550119
1996-04-03,0.0,523.36,23.19,5.44,913.75,4.051416316692965
1996-04-04,0.0,461.74,23.63,9.6,1207.79,2.5666040540306216
1996-04-05,0.0,390.09,24.37,13.15,1511.36,2.0660102054758887
1996-04-06,35.74,348.25,19.75,6.32,948.48,2.5241808465259834
1996-04-07,0.0,452.66,14.66,2.2,715.52,4.836245655528774
1996-04-08,0.0,514.67,20.66,4.44,834.93,4.984726881795009
1996-04-09,0.0,512.62,23.87,7.25,1020.21,3.054470940333963
1996-04-10,0.0,519.96,21.4,4.84,866.97,2.142371978984238
1996-04-11,0.0,512.02,22.02,5.98,922.03,1.7223822246883178
1996-04-12,0.0,493.81,23.62,8.48,1118.35,1.5039027060394303
1996-04-13,14.99,332.29,25.3,12.35,1429.65,1.436025574032009
1996-04-14,9.34,332.71,27.26,15.98,1813.09,1.9663156678399885
1996-04-15,49.34,258.37,23.8,14.58,1664.34,7.678600558339546
1996-04-16,0.0,534.77,20.73,3.83,807.32,9.693702914809869
1996-04-17,0.0,543.66,23.46,5.29,891.21,8.972508387231017
1996-04-18,3.48,392.13,22.14,8.92,1153.63,4.305955561720794
1996-04-19,6.94,174.33,21.57,15.69,1775.14,2.6726620727922175
1996-04-20,0.0,246.09,26.57,20.04,2326.45,2.396911224012068
1996-04-21,0.0,293.51,27.19,19.48,2275.53,2.0532832432244974
1996-04-22,0.0,302.72,26.88,19.17,2226.98,1.7435938284406372
1996-04-23,10.25,285.29,26.79,17.01,1924.68,1.5548105550449964
1996-04-24,2.05,465.91,23.13,8.52,1121.41,1.5335989512926773
1996-04-25,0.0,542.31,25.15,8.51,1120.57,1.4402678947824727
1996-04-26,0.0,489.33,27.0,12.73,1464.68,1.3193617533942534
1996-04-27,8.21,409.7,26.74,12.17,1413.82,1.2133037346326574
1996-04-28,0.0,451.87,28.73,15.57,1767.92,1.1581535648766275
1996-04-29,0.0,369.08,27.8,17.77,2043.02,1.4805699419118794
1996-04-30,24.24,391.72,23.34,7.58,1046.56,2.60902726153526
1996-05-01,0.0,512.08,22.01,7.03,1002.13,2.0363139602226417
1996-05-02,0.0,531.01,25.61,8.99,1159.04,1.6757166964332157
1996-05-03,0.0,513.74,26.76,10.99,1318.99,1.2578481025125279
1996-05-04,0.0,475.51,28.38,14.21,1617.91,1.0542167064902634
1996-05-05,0.0,351.73,29.33,19.58,2286.54,0.9587644896048273
1996-05-06,0.0,385.46,30.13,19.25,2239.72,0.888766197222174
1996-05-07,0.0,415.15,29.95,18.09,2080.03,0.8442218293423036
1996-05-08,0.0,451.39,29.89,16.74,1898.6,0.7933139803367376
1996-05-09,0.0,411.95,29.23,17.81,2049.58,0.7466484520816353
1996-05-10,0.0,430.74,29.83,17.74,2032.09,0.7127098860779246
1996-05-11,3.79,308.57,28.87,18.14,2089.67,0.7318003294550119
1996-05-12,5.7,305.29,26.23,16.93,1914.51,0.833616027466144
1996-05-13,0.0,505.56,27.33,12.84,1467.73,0.8611911123441589
1996-05-14,0.0,481.65,28.04,14.47,1645.36,0.8145255840890567
1996-05-15,0.0,449.88,29.13,16.6,1881.48,0.7211945275788523
1996-05-16,0.0,418.11,29.68,18.35,2116.67,0.6660443578228225
1996-05-17,0.0,418.87,30.77,19.39,2261.17,0.6321057918191118
1996-05-18,0.0,462.9,31.61,18.37,2109.26,0.6002883861906331
1996-05-19,0.0,461.51,31.68,18.3,2103.4,0.57483446168785
1996-05-20,0.0,460.63,31.75,18.21,2096.92,0.5515016975602989
1996-05-21,0.0,464.43,32.13,18.17,2093.64,0.5302900938079798
1996-05-22,0.0,460.53,33.72,19.37,2258.58,0.5175631315565882
1996-05-23,0.0,449.38,34.46,20.32,2370.65,0.49423036742903703
1996-05-24,0.0,469.33,34.42,19.37,2254.81,0.47513992405194977
1996-05-25,0.0,442.35,34.28,20.55,2407.49,0.4602918014253264
1996-05-26,0.0,419.3,33.72,21.09,2495.07,0.45180715992439874
1996-05-27,0.0,389.82,33.14,21.78,2605.21,0.443322518423471
1996-05-28,7.34,262.69,33.1,23.52,2888.57,0.43695903729777524
1996-05-29,34.25,323.11,33.49,20.55,2408.57,0.4475648391739348
1996-05-30,4.76,312.07,26.91,17.4,1984.17,0.521805452307052
1996-05-31,0.0,475.28,30.33,16.44,1869.73,0.6745289993237501
1996-06-01,0.0,435.76,31.09,18.77,2163.0,0.6660443578228225
1996-06-02,12.36,276.55,29.39,19.74,2299.91,0.7954351407119695
1996-06-03,3.6,380.21,29.0,18.11,2085.04,0.6957406030760693
1996-06-04,0.0,487.24,30.87,16.55,1883.91,0.6872559615751416
1996-06-05,0.0,457.49,31.13,18.0,2072.26,0.6172576691924883
1996-06-06,0.0,450.06,31.66,18.71,2153.33,0.6002883861906331
1996-06-07,0.61,408.22,31.25,19.69,2295.11,0.5324112541832116
1996-06-08,20.86,328.39,30.62,18.36,2111.96,0.5896825843144734
1996-06-09,0.0,465.07,28.97,15.95,1802.71,0.6554385559466629
1996-06-10,0.0,465.79,28.27,15.29,1743.11,0.5536228579355308
1996-06-11,0.0,451.72,30.0,17.17,1947.44,0.496351527804269
1996-06-12,0.0,425.61,31.5,19.43,2269.41,0.47301876367671786
1996-06-13,2.84,325.26,32.1,21.05,2488.72,0.4687764429262541
1996-06-14,14.88,299.89,30.86,19.91,2320.2,0.5027150089299647
1996-06-15,13.94,263.84,29.22,20.06,2333.99,0.7275580087045481
1996-06-16,6.1,288.31,30.74,20.38,2380.76,0.9205836028506528
1996-06-17,1.75,398.72,32.43,20.12,2338.92,1.3342098760208767
1996-06-18,4.69,365.18,31.92,21.0,2480.18,1.0245204612370167
1996-06-19,1.8,368.73,31.87,21.36,2537.41,0.7954351407119695
1996-06-20,14.75,271.55,30.74,21.3,2527.73,0.755133093582563
1996-06-21,5.4,304.75,31.4,21.88,2621.39,0.7890716595862738
1996-06-22,3.59,336.85,32.67,21.8,2607.79,0.6999829238265332
1996-06-23,4.35,410.29,33.58,21.07,2491.73,0.6575597163218948
1996-06-24,0.0,429.13,33.49,21.58,2573.33,0.57483446168785
1996-06-25,0.0,449.82,33.91,21.07,2491.93,0.4878668863033413
1996-06-26,0.0,408.73,33.57,22.38,2701.37,0.4645341221757902
1996-06-27,0.0,426.75,34.5,22.38,2700.11,0.4836245655528774
1996-06-28,1.69,405.02,33.1,21.0,2480.47,0.4539283202996306
1996-06-29,0.0,446.02,33.47,20.79,2447.13,0.4199897542959199
1996-06-30,0.0,468.49,33.94,20.18,2349.15,0.3775665467912815
1996-07-01,0.0,453.61,34.02,20.86,2457.65,0.36483958453989
1996-07-02,0.0,446.15,34.07,21.13,2501.25,0.34574914116280275
1996-07-03,0.0,447.97,34.75,21.5,2560.0,0.3436279807875708
1996-07-04,4.07,408.98,36.09,20.24,2361.37,0.3351433392866432
1996-07-05,0.0,488.61,34.95,19.61,2281.82,0.3287798581609474
1996-07-06,0.0,460.4,34.99,20.98,2477.5,0.3202952166600197
1996-07-07,0.0,434.99,35.15,22.16,2665.26,0.31181057515909205
1996-07-08,13.2,357.07,33.51,22.69,2749.95,0.30332593365816435
1996-07-09,12.05,286.88,33.32,22.75,2759.59,0.3309010185361793
1996-07-10,14.98,324.22,34.86,22.15,2663.43,0.4921092070538051
1996-07-11,0.0,436.92,33.59,21.03,2485.29,0.6108941880667926
1996-07-12,0.0,442.47,34.67,21.59,2573.63,0.4475648391739348
1996-07-13,10.45,348.61,34.57,22.27,2682.73,0.3945358297931369
1996-07-14,27.64,316.18,33.22,21.23,2517.5,1.2090614138821936
1996-07-15,6.79,237.09,30.6,22.42,2707.49,2.290853205250472
1996-07-16,6.38,274.32,31.14,21.8,2607.68,1.1390631214995404
1996-07-17,7.51,268.73,30.69,21.38,2540.06,1.3660272816493557
1996-07-18,3.05,294.38,32.5,22.43,2708.5,0.9820972537323783
1996-07-19,0.0,415.49,33.79,22.0,2639.47,0.6893771219503736
1996-07-20,0.0,404.1,34.24,22.71,2753.28,0.572713301312618
1996-07-21,0.0,376.85,34.4,23.75,2939.98,0.5090784900556604
1996-07-22,0.0,381.55,34.81,23.9,2973.8,0.44544367879870295
1996-07-23,0.0,381.78,34.96,24.04,3005.66,0.40302047129406454
1996-07-24,8.09,316.55,33.37,21.36,2536.83,0.4878668863033413
1996-07-25,11.38,280.21,32.0,21.99,2639.17,0.8484641500927674
1996-07-26,14.82,293.64,30.39,20.11,2340.66,0.5515016975602989
1996-07-27,4.56,294.25,30.21,20.14,2341.68,0.5090784900556604
1996-07-28,0.0,372.44,31.13,21.39,2542.63,0.4878668863033413
1996-07-29,4.6,334.2,31.48,20.71,2433.83,0.46665528255102207
1996-07-30,0.01,421.51,32.41,20.88,2460.66,0.4560494806748625
1996-07-31,0.03,395.98,32.53,21.92,2627.03,0.8484641500927674
1996-08-01,15.41,287.42,31.81,21.79,2607.06,1.2939078288914705
1996-08-02,15.57,236.05,29.5,21.89,2622.9,1.253605781762064
1996-08-03,32.74,259.87,30.44,22.0,2640.0,2.821143299058452
1996-08-04,4.34,341.19,32.03,22.0,2640.02,3.4787030153803467
1996-08-05,9.43,298.38,31.89,22.06,2649.63,2.0554044035997294
1996-08-06,11.69,292.78,31.83,22.12,2658.59,1.5484470739193006
1996-08-07,14.0,285.89,31.2,21.9,2623.95,1.5060238664146623
1996-08-08,4.29,352.85,32.58,22.04,2645.77,1.1814863290041786
1996-08-09,7.55,320.63,33.97,22.54,2726.39,1.8963173754573353
1996-08-10,9.21,314.42,33.1,22.23,2676.69,2.5453924502783027
1996-08-11,0.0,403.68,32.19,22.08,2653.13,1.8390460453260733
1996-08-12,5.82,312.23,31.5,21.48,2556.51,1.353300319397964
1996-08-13,8.57,349.08,31.36,19.56,2278.75,1.0584590272407273
1996-08-14,1.36,413.16,31.21,19.96,2320.92,0.9481586877286676
1996-08-15,0.0,468.5,32.01,19.29,2246.13,0.8505853104679993
1996-08-16,0.0,467.2,32.78,19.77,2301.9,0.7339214898302439
1996-08-17,0.0,454.57,33.06,20.44,2390.49,0.653317395571431
1996-08-18,0.0,447.33,32.84,20.54,2406.74,0.6108941880667926
1996-08-19,0.0,428.41,32.17,20.77,2443.15,0.57483446168785
1996-08-20,5.57,317.45,32.37,21.27,2523.47,0.5621074994364584
1996-08-21,0.02,406.42,32.19,21.51,2561.72,0.5705921409373861
1996-08-22,0.0,418.99,31.57,20.55,2408.64,0.5557440183107627
1996-08-23,0.0,437.15,32.5,20.55,2407.3,0.5387747353089074
1996-08-24,0.0,449.18,33.11,20.37,2379.93,0.5260477730575158
1996-08-25,0.0,447.6,33.37,20.53,2404.2,0.5196842919318201
1996-08-26,13.69,343.68,32.93,19.57,2284.16,0.6978617634513012
1996-08-27,9.51,317.25,32.35,20.57,2411.08,1.4423890551577045
1996-08-28,0.0,404.24,32.45,21.33,2532.19,1.5229931494165176
1996-08-29,3.61,300.5,30.81,21.68,2588.74,0.9333105651020441
1996-08-30,8.57,237.77,29.34,21.52,2563.59,0.7593754143330269
1996-08-31,8.59,221.16,27.86,20.82,2451.83,0.704225244576997
1996-09-01,6.74,212.96,26.21,19.62,2286.88,0.676650159698982
1996-09-02,0.0,340.82,29.2,20.74,2438.67,0.6978617634513012
1996-09-03,18.75,313.7,30.5,20.03,2326.35,1.6269300078028817
1996-09-04,0.0,424.57,31.92,19.97,2325.72,1.2854231873905426
1996-09-05,0.0,413.69,31.97,20.36,2377.01,0.8569487915936952
1996-09-06,0.0,410.88,31.88,20.28,2365.28,0.6830136408246779
1996-09-07,0.0,408.27,32.44,20.74,2439.08,0.6087730276915607
1996-09-08,0.0,400.44,33.0,21.43,2548.98,0.5663498201869224
1996-09-09,0.0,383.33,33.03,22.06,2649.02,0.5345324145584435
1996-09-10,0.0,405.98,32.02,20.3,2369.23,0.5090784900556604
1996-09-11,0.0,420.88,32.6,19.96,2324.87,0.4921092070538051
1996-09-12,0.0,417.85,33.02,20.32,2372.09,0.47089760330148595
1996-09-13,0.0,448.48,32.84,18.5,2120.0,0.4539283202996306
1996-09-14,0.0,435.82,31.11,17.8,2047.65,0.43908019767300716
1996-09-15,4.66,354.41,30.23,19.3,2247.99,0.43695903729777524
1996-09-16,8.68,224.18,30.11,22.08,2652.14,0.47938224480241365
1996-09-17,8.52,250.45,32.73,23.17,2829.17,0.5154419711813563
1996-09-18,0.0,447.04,32.24,17.78,2043.4,0.4984726881795009
1996-09-19,0.0,434.98,30.36,16.93,1916.74,0.47301876367671786
1996-09-20,0.0,418.75,29.72,17.09,1937.99,0.45180715992439874
1996-09-21,14.71,260.05,28.4,18.82,2171.36,0.5154419711813563
1996-09-22,20.09,316.52,29.45,16.79,1903.54,1.8135921208232906
1996-09-23,0.0,476.12,29.5,13.03,1485.39,1.2133037346326574
1996-09-24,0.0,475.19,30.84,13.71,1576.59,0.755133093582563
1996-09-25,0.0,433.41,30.29,16.02,1802.86,0.598167225815401
1996-09-26,0.0,417.91,30.53,16.89,1912.21,0.5281689334327477
1996-09-27,4.91,334.98,30.98,18.41,2122.43,0.496351527804269
1996-09-28,20.4,272.29,28.77,17.73,2031.23,0.5769556220630819
1996-09-29,2.08,360.12,22.59,10.87,1309.65,0.9630068103552911
1996-09-30,0.0,428.72,26.07,11.92,1393.86,0.7996774614624333
1996-10-01,0.0,392.78,27.6,14.74,1678.28,0.6405904333200394
1996-10-02,1.39,204.65,27.39,21.02,2483.32,0.57483446168785
1996-10-03,0.0,247.35,26.64,19.35,2248.24,0.5366535749336754
1996-10-04,0.0,330.47,27.69,17.42,1987.69,0.5048361693051967
1996-10-05,0.0,344.57,27.3,16.48,1871.57,0.47301876367671786
1996-10-06,16.74,186.23,20.51,13.69,1574.82,0.4772610844271816
1996-10-07,8.03,99.52,17.73,14.38,1630.4,0.6851348011999097
1996-10-08,0.0,365.93,23.67,12.56,1444.49,0.8802815557212463
1996-10-09,0.0,395.76,26.0,12.93,1474.57,0.72967916907978
1996-10-10,0.0,425.93,25.62,10.51,1280.86,0.5918037446897053
1996-10-11,0.0,447.05,25.46,8.36,1108.51,0.5069573296804286
1996-10-12,0.0,431.11,23.61,7.93,1074.31,0.4602918014253264
1996-10-13,0.0,430.63,25.9,9.49,1199.38,0.4327167165473114
1996-10-14,0.0,411.13,26.5,11.2,1335.79,0.4221109146711518
1996-10-15,0.0,422.1,26.83,10.2,1255.76,0.41150511279499224
1996-10-16,0.0,398.73,27.23,11.89,1390.91,0.40726279204452837
1996-10-17,0.0,339.25,28.54,16.17,1826.92,0.4051416316692965
1996-10-18,0.0,336.27,28.04,15.84,1792.66,0.3839300279169773
1996-10-19,0.0,431.51,22.0,4.34,827.54,0.3627184241646581
1996-10-20,0.0,427.51,23.0,5.03,882.36,0.3563549430389623
1996-10-21,0.0,416.79,25.33,7.34,1026.94,0.3521126222884985
1996-10-22,0.0,383.73,26.98,11.06,1324.93,0.3499914619132666
1996-10-23,2.87,373.67,25.62,3.18,769.23,0.34574914116280275
1996-10-24,0.0,421.51,22.0,3.08,765.06,0.34574914116280275
1996-10-25,13.53,299.28,24.0,6.51,963.02,0.3521126222884985
1996-10-26,31.15,167.98,24.84,16.67,1890.36,0.3987781505436007
1996-10-27,8.01,159.85,27.37,20.35,2376.78,0.47513992405194977
1996-10-28,0.0,280.36,28.72,17.62,2020.0,0.7572542539577949
1996-10-29,0.0,263.84,28.1,17.83,2052.91,1.2154248950078894
1996-10-30,0.27,217.5,27.52,19.3,2247.4,1.0520955461150316
1996-10-31,0.65,338.92,25.71,11.74,1379.43,0.6660443578228225
1996-11-01,0.0,323.79,27.33,13.74,1577.8,0.545138216434603
1996-11-02,7.44,281.27,27.29,9.34,1187.36,0.47301876367671786
1996-11-03,0.0,356.27,17.35,2.4,723.95,0.4284743957968476
1996-11-04,0.0,356.7,17.9,2.54,725.26,0.4136262731702241
1996-11-05,3.03,284.05,22.66,7.77,1061.51,0.40302047129406454
1996-11-06,6.21,141.59,24.02,16.49,1866.8,0.4051416316692965
1996-11-07,10.42,126.94,27.02,19.93,2318.37,0.49423036742903703
1996-11-08,25.61,256.81,25.19,8.76,1141.14,0.833616027466144
1996-11-09,0.0,330.59,18.26,3.63,793.16,1.1560324045013957
1996-11-10,0.0,298.49,17.04,4.55,843.97,0.9036143198487975
1996-11-11,0.0,339.28,18.56,3.1,768.39,0.6851348011999097
1996-11-12,0.0,314.77,18.16,4.43,834.59,0.5663498201869224
1996-11-13,0.0,318.65,19.11,4.9,871.63,0.5027150089299647
1996-11-14,0.0,339.28,22.37,5.95,920.17,0.4645341221757902
1996-11-15,0.0,326.59,22.93,7.32,1025.28,0.4412013580482391
1996-11-16,0.0,293.49,21.18,8.02,1081.26,0.4242320750463837
1996-11-17,0.0,189.92,18.09,10.44,1274.88,0.4136262731702241
1996-11-18,0.81,189.93,20.71,12.98,1485.43,0.4199897542959199
1996-11-19,3.12,150.81,22.98,15.58,1766.31,0.4221109146711518
1996-11-20,0.0,163.91,23.27,16.7,1893.05,0.4199897542959199
1996-11-21,0.0,186.93,26.0,18.29,2103.19,0.4221109146711518
1996-11-22,0.0,336.49,25.97,9.15,1172.12,0.40302047129406454
1996-11-23,0.0,343.24,19.66,3.39,786.78,0.38180886754174537
1996-11-24,0.0,341.75,22.99,6.05,934.09,0.37968770716651346
1996-11-25,6.77,206.6,22.71,10.9,1311.93,0.3860511882922092
1996-11-26,0.0,227.1,14.22,5.55,913.11,0.390293509042673
1996-11-27,0.0,266.55,10.31,-0.07,608.01,0.390293509042673
1996-11-28,0.0,319.15,15.6,1.22,657.66,0.390293509042673
1996-11-29,0.0,299.05,19.43,5.89,928.58,0.390293509042673
1996-11-30,3.16,174.47,21.5,12.82,1477.18,0.4051416316692965
1996-12-01,59.05,210.12,23.5,10.71,1297.16,1.4805699419118794
1996-12-02,0.0,305.14,13.76,0.45,627.97,4.942303674290371
1996-12-03,0.0,326.47,16.5,0.94,640.0,2.969624525324686
1996-12-04,0.0,317.78,18.73,3.6,799.63,1.6629897341818243
1996-12-05,0.0,214.98,14.44,6.14,931.37,1.1581535648766275
1996-12-06,1.0,305.13,20.85,6.36,948.73,0.9566433292295954
1996-12-07,0.0,246.83,23.77,12.71,1460.51,0.8548276312184633
1996-12-08,0.0,329.88,22.75,4.92,873.32,0.7678600558339546
1996-12-09,0.0,329.37,18.81,1.69,695.41,0.6851348011999097
1996-12-10,0.0,336.3,21.81,2.8,743.65,0.6384692729448075
1996-12-11,0.0,306.88,23.49,7.57,1045.77,0.6214999899429522
1996-12-12,0.0,167.88,24.33,16.99,1919.4,0.6066518673163287
1996-12-13,2.78,226.03,24.35,13.0,1488.48,0.5854402635640096
1996-12-14,0.0,310.78,22.35,6.44,954.87,0.5599863390612265
1996-12-15,0.0,332.36,21.98,3.38,789.09,0.5663498201869224
1996-12-16,2.09,269.03,21.79,5.47,903.38,0.5705921409373861
1996-12-17,13.48,233.66,19.42,3.38,789.26,0.6066518673163287
1996-12-18,0.0,219.26,8.59,-0.41,596.05,0.7742235369596503
1996-12-19,0.67,219.19,3.1,-5.67,404.28,0.7911928199615056
1996-12-20,0.0,287.05,4.2,-8.2,320.0,0.7508907728320993
1996-12-21,0.0,329.69,9.38,-7.11,360.0,0.680892480449446
1996-12-22,0.0,338.33,16.95,-1.61,546.2,0.625742310693416
1996-12-23,0.0,254.85,20.64,8.51,1121.11,0.6002883861906331
1996-12-24,5.25,197.39,22.17,9.44,1195.12,0.5960460654401691
1996-12-25,0.31,319.84,14.77,-2.66,502.8,0.5939249050649372
1996-12-26,0.0,311.5,14.85,-1.19,562.38,0.6108941880667926
1996-12-27,12.31,212.06,18.88,4.78,860.33,0.6108941880667926
1996-12-28,0.24,146.62,20.28,13.8,1583.68,0.8569487915936952
1996-12-29,25.81,97.14,21.57,15.86,1789.3,1.2917866685162385
1996-12-30,26.68,96.89,20.33,14.77,1683.34,3.7544538641604963
1996-12-31,26.24,97.01,20.95,15.31,1736.32,3.5635494303896236
1997-01-01,5.22,134.65,22.87,16.51,1879.52,2.142371978984238
1997-01-02,1.45,220.43,22.34,13.36,1531.65,1.667232054932288
1997-01-03,0.0,179.66,21.53,14.91,1705.65,1.30451363076763
1997-01-04,0.0,161.94,23.68,17.61,2018.34,1.1008822347453657
1997-01-05,6.09,177.56,24.41,16.07,1821.14,1.0648225083664231
1997-01-06,0.0,266.7,22.6,11.94,1395.18,0.9630068103552911
1997-01-07,23.08,179.78,13.18,4.75,859.76,1.6502627719304326
1997-01-08,16.82,79.07,7.24,3.99,812.97,4.4968599954916675
1997-01-09,21.86,150.75,10.63,3.94,809.89,4.390801976730072
1997-01-10,0.0,265.69,7.73,-1.49,560.0,3.6483958453989
1997-01-11,0.0,369.67,14.63,-4.05,450.22,2.715085280296856
1997-01-12,0.0,277.46,6.5,-3.1,480.0,1.9069231773334947
1997-01-13,1.49,193.34,5.05,-1.36,560.0,1.3914812061521387
1997-01-14,0.0,247.28,6.89,-1.3,560.0,1.1602747252518595
1997-01-15,0.0,327.66,13.92,1.06,644.92,1.0563378668654955
1997-01-16,26.04,264.63,16.78,1.38,671.9,2.375699620259749
1997-01-17,0.0,363.25,8.6,-6.68,368.61,2.884778110315409
1997-01-18,0.0,349.52,6.05,-7.48,348.98,2.0384351205978737
1997-01-19,0.0,373.32,10.51,-5.78,400.15,1.4742064607861833
1997-01-20,0.0,389.94,17.41,-2.98,484.07,1.226030696884049
1997-01-21,0.0,388.36,20.29,-0.21,600.54,1.0839129517435104
1997-01-22,0.0,339.24,19.17,5.68,919.23,1.0075511782351614
1997-01-23,13.38,136.15,19.78,13.82,1585.48,1.4890545834128068
1997-01-24,28.19,128.13,20.1,14.52,1644.74,2.821143299058452
1997-01-25,3.49,246.13,20.37,10.4,1271.87,6.893771219503735
1997-01-26,0.0,382.09,18.5,1.64,691.36,7.190733672036204
1997-01-27,0.67,370.63,19.53,4.05,819.97,3.181740562847878
1997-01-28,27.27,232.34,20.28,9.26,1180.54,2.4393344315167065
1997-01-29,3.13,248.87,11.88,2.04,710.5,4.072627920445283
1997-01-30,0.33,261.03,10.17,2.21,717.3,4.242320750463838
1997-01-31,0.0,389.13,15.95,-0.18,600.16,2.9908361290770054
1997-02-01,0.0,393.72,19.67,2.25,721.31,2.2060067902411955
1997-02-02,0.0,294.62,22.03,11.5,1359.93,1.805107479322363
1997-02-03,0.0,246.73,22.86,14.35,1629.15,1.6248088474276496
1997-02-04,6.69,164.05,22.35,15.09,1727.41,2.9272013178200478
1997-02-05,25.84,249.46,20.09,8.06,1084.7,7.996774614624334
1997-02-06,0.0,377.66,17.0,2.42,725.2,6.9149828232560555
1997-02-07,0.0,323.35,14.37,3.24,779.08,3.4787030153803467
1997-02-08,2.98,264.82,16.79,5.25,894.05,2.184795186488876
1997-02-09,0.0,150.05,7.98,3.59,796.13,1.7860170359452756
1997-02-10,2.0,179.27,7.68,2.59,729.65,1.542083592793605
1997-02-11,0.0,322.87,7.38,-2.63,509.51,1.438146734407241
1997-02-12,2.35,341.37,12.1,-1.39,560.0,1.327846394895181
1997-02-13,28.26,162.24,9.6,3.34,787.49,1.561174036170692
1997-02-14,7.71,240.31,15.91,5.74,918.59,3.181740562847878
1997-02-15,7.58,212.48,10.98,2.77,746.01,3.9453582979313686
1997-02-16,0.0,431.9,16.32,-0.34,597.3,3.0756825440862823
1997-02-17,0.0,443.63,19.23,0.72,641.71,2.1635835827365573
1997-02-18,0.0,441.74,20.98,2.68,734.06,1.6290511681781135
1997-02-19,0.0,430.24,22.15,5.25,897.57,1.3851177250264428
1997-02-20,0.0,316.93,22.85,13.0,1487.26,1.2875443477657746
1997-02-21,22.64,190.49,25.12,17.5,1999.82,2.7787200915538133
1997-02-22,37.92,321.83,24.99,8.39,1110.95,7.254368483293162
1997-02-23,0.0,361.21,16.25,5.23,898.16,8.505853104679993
1997-02-24,5.5,137.42,11.72,6.98,998.26,4.581706410500944
1997-02-25,43.94,93.53,9.97,7.0,1000.32,5.069573296804285
1997-02-26,21.86,222.61,16.35,8.54,1123.53,8.781603953460143
1997-02-27,10.39,253.2,22.31,12.66,1458.35,10.627013479911913
1997-02-28,17.92,227.41,20.54,12.39,1438.12,11.24214998872917
1997-03-01,3.67,157.36,23.22,17.93,2056.42,10.478532253645678
1997-03-02,0.07,196.89,24.61,19.52,2281.83,9.057354802240292
1997-03-03,2.88,336.74,24.21,10.38,1270.23,5.705921409373861
1997-03-04,0.0,443.49,23.0,9.14,1171.53,3.627184241646581
1997-03-05,0.0,439.29,25.97,11.69,1374.9,2.7999316953061326
1997-03-06,1.65,491.03,26.44,5.43,904.43,2.3544880165074296
1997-03-07,0.0,481.0,18.9,2.71,736.53,2.002375394218931
1997-03-08,0.0,498.73,22.23,3.47,796.15,1.7351091869397095
1997-03-09,0.0,472.25,24.83,8.23,1098.58,1.5802644795477794
1997-03-10,0.0,369.07,25.91,15.09,1718.68,1.4763276211614154
1997-03-11,2.65,305.11,25.97,15.96,1800.46,1.4911757437880389
1997-03-12,0.0,349.9,26.5,16.23,1836.82,1.6014760833000985
1997-03-13,31.02,227.02,24.52,16.19,1830.05,2.2484299977458337
1997-03-14,27.75,140.97,21.06,16.36,1858.05,5.048361693051967
1997-03-15,0.0,472.07,24.18,8.63,1130.13,3.796877071665134
1997-03-16,0.0,381.91,15.18,5.18,894.59,2.269641601498153
1997-03-17,0.0,422.77,18.24,6.4,951.69,1.6990494605607669
1997-03-18,0.02,375.12,21.27,11.21,1336.68,1.4784487815366472
1997-03-19,3.78,267.93,25.24,15.86,1796.25,1.380875404275979
1997-03-20,12.89,300.64,21.86,11.34,1347.35,1.465721819285256
1997-03-21,25.08,245.54,16.21,8.71,1136.75,2.736296884049175
1997-03-22,0.0,505.51,26.66,9.81,1225.06,2.7787200915538133
1997-03-23,0.0,496.2,27.88,11.34,1346.95,1.9917695923427716
1997-03-24,0.0,521.33,25.5,7.63,1050.31,1.5187508286660538
1997-03-25,0.0,489.84,25.86,10.46,1276.7,1.2811808666400788
1997-03-26,5.13,304.82,26.35,15.63,1770.7,1.1623958856270913
1997-03-27,0.0,432.49,24.74,12.36,1428.8,1.1051245554958296
1997-03-28,0.0,411.41,26.44,14.64,1662.25,1.0605801876159595
1997-03-29,0.0,357.34,27.86,17.86,2053.8,1.0287627819874805
1997-03-30,4.59,299.79,28.34,16.7,1893.55,1.0033088574846976
1997-03-31,6.84,389.53,26.64,8.53,1122.47,1.0627013479911913
1997-04-01,0.0,428.37,21.96,9.71,1216.69,1.2472423006363682
1997-04-02,0.0,477.72,22.51,7.97,1077.38,1.30451363076763
1997-04-03,0.0,474.44,24.51,9.87,1229.87,1.069064829116887
1997-04-04,1.41,388.92,24.83,13.43,1542.22,0.9439163669782038
1997-04-05,5.48,199.89,23.79,17.74,2034.71,0.8951296783478696
1997-04-06,23.16,254.83,24.75,15.99,1812.46,1.1539112441261639
1997-04-07,0.0,493.02,26.98,12.04,1403.31,2.269641601498153
1997-04-08,0.0,516.79,24.07,8.44,1114.87,2.091464129978672
1997-04-09,0.0,464.96,21.77,9.2,1176.14,1.4954180645385027
1997-04-10,0.0,515.43,24.4,8.73,1138.31,1.0648225083664231
1997-04-11,0.0,499.0,24.75,9.89,1230.99,1.0266416216122487
1997-04-12,56.56,219.68,21.17,14.05,1604.04,2.2484299977458337
1997-04-13,3.82,431.86,21.97,6.28,949.64,3.309010185361793
1997-04-14,0.0,404.21,15.42,5.47,907.63,2.736296884049175
1997-04-15,0.0,455.47,17.03,5.18,894.25,1.9196501395848864
1997-04-16,0.0,540.19,22.86,5.84,923.88,1.4020870080282983
1997-04-17,0.0,527.2,24.83,8.16,1092.6,1.119972678122453
1997-04-18,0.0,570.19,21.99,2.27,721.22,0.9714914518562187
1997-04-19,0.0,548.28,22.26,4.19,816.13,0.8739180745955505
1997-04-20,0.0,489.35,24.94,9.81,1224.94,0.8145255840890567
1997-04-21,0.0,474.32,27.83,13.02,1489.17,0.7678600558339546
1997-04-22,0.0,377.06,28.44,17.59,2013.97,0.7339214898302439
1997-04-23,6.21,390.28,28.3,11.1,1327.82,0.7127098860779246
1997-04-24,0.0,506.64,23.24,7.91,1073.1,0.7530119332073312
1997-04-25,0.0,468.23,22.58,9.12,1169.82,0.7360426502054758
1997-04-26,46.02,299.46,21.4,10.71,1296.44,0.9481586877286676
1997-04-27,17.77,219.47,21.1,13.67,1572.94,3.181740562847878
1997-04-28,25.28,185.58,21.72,15.52,1761.22,6.27863471068648
1997-04-29,0.24,289.93,20.38,13.19,1510.89,7.593754143330268
1997-04-30,0.0,371.75,20.99,11.72,1377.34,5.21805452307052
1997-05-01,0.0,440.19,26.74,14.55,1660.09,2.9272013178200478
1997-05-02,0.0,413.73,28.28,16.91,1922.16,1.7287457058140139
1997-05-03,7.92,293.1,27.95,17.5,2000.41,1.2854231873905426
1997-05-04,0.0,539.6,26.67,9.81,1225.19,1.0817917913682786
1997-05-05,0.0,542.01,24.37,7.55,1043.76,0.9205836028506528
1997-05-06,0.0,515.98,25.17,9.53,1202.74,0.8017986218376653
1997-05-07,0.0,493.71,27.39,12.51,1440.9,0.7211945275788523
1997-05-08,0.0,489.46,28.44,13.6,1567.79,0.6618020370723586
1997-05-09,0.0,452.05,28.79,15.55,1763.78,0.6214999899429522
1997-05-10,0.0,473.24,28.88,14.75,1679.85,0.5939249050649372
1997-05-11,0.0,503.81,25.14,10.29,1263.13,0.57483446168785
1997-05-12,0.0,485.5,26.33,11.96,1397.17,0.545138216434603
1997-05-13,0.0,461.27,26.88,13.54,1559.12,0.5196842919318201
1997-05-14,0.0,447.9,27.61,14.62,1668.07,0.5005938485547328
1997-05-15,0.0,433.21,29.39,16.66,1888.25,0.4878668863033413
1997-05-16,1.31,418.6,28.94,15.81,1785.05,0.4772610844271816
1997-05-17,0.0,478.51,28.54,14.27,1621.36,0.4836245655528774
1997-05-18,0.0,472.34,30.09,15.92,1797.43,0.46665528255102207
1997-05-19,13.57,259.35,28.62,19.4,2264.13,0.5069573296804286
1997-05-20,35.83,254.8,27.16,18.44,2115.27,2.142371978984238
1997-05-21,13.33,298.85,29.74,18.95,2191.52,1.9026808565830309
1997-05-22,28.04,332.75,28.01,15.9,1791.99,3.2241637703525163
1997-05-23,0.0,422.01,28.46,17.2,1951.65,5.536228579355308
1997-05-24,8.34,308.78,30.06,18.99,2197.95,3.13931735534324
1997-05-25,25.37,285.97,28.48,18.71,2153.36,3.1181057515909205
1997-05-26,12.12,220.59,27.44,20.27,2363.91,4.857457259281094
1997-05-27,0.0,371.36,32.33,22.28,2684.39,3.775665467912815
1997-05-28,4.86,411.86,32.0,19.24,2236.21,2.6726620727922175
1997-05-29,34.48,315.14,30.1,18.57,2131.78,2.5453924502783027
1997-05-30,20.78,225.06,26.78,19.33,2253.38,4.666552825510221
1997-05-31,22.34,217.4,26.27,19.21,2232.61,5.981672258154011
1997-06-01,13.4,283.87,25.84,16.52,1872.32,5.302900938079797
1997-06-02,0.0,460.79,27.2,14.87,1698.56,3.7544538641604963
1997-06-03,0.0,470.74,27.96,15.21,1736.84,2.3544880165074296
1997-06-04,0.0,450.18,28.47,16.55,1883.63,1.6820801775589116
1997-06-05,0.0,434.22,29.39,18.0,2080.0,1.4296620929063133
1997-06-06,1.09,408.88,27.64,17.31,1969.56,1.7711689133186521
1997-06-07,11.56,319.68,28.06,18.17,2093.45,1.3151194326437896
1997-06-08,2.25,335.29,27.73,18.85,2175.91,1.1157303573719892
1997-06-09,0.29,362.6,27.99,19.36,2257.23,1.0351262631131763
1997-06-10,2.62,363.33,29.17,20.0,2320.0,1.9938907527180036
1997-06-11,4.32,308.89,27.77,19.48,2276.65,2.3544880165074296
1997-06-12,1.95,383.58,30.45,20.52,2403.28,1.380875404275979
1997-06-13,5.59,359.19,31.87,21.42,2547.46,1.3872388854016748
1997-06-14,0.0,406.76,32.86,22.66,2745.03,2.290853205250472
1997-06-15,0.0,460.33,33.0,20.86,2457.13,1.805107479322363
1997-06-16,0.13,414.45,32.92,22.55,2727.26,1.0966399139949021
1997-06-17,8.02,326.39,32.57,22.23,2677.28,0.9057354802240293
1997-06-18,37.14,289.99,29.06,20.32,2371.93,1.4296620929063133
1997-06-19,6.26,296.42,28.53,20.5,2400.35,3.627184241646581
1997-06-20,4.74,303.9,30.16,21.35,2536.16,6.427115936952714
1997-06-21,0.0,399.07,32.32,22.8,2768.7,7.0846756532746085
1997-06-22,0.0,443.43,33.21,22.0,2640.0,3.627184241646581
1997-06-23,0.0,458.25,34.0,21.98,2637.32,1.8623788094536244
1997-06-24,7.22,327.68,32.67,21.77,2603.22,1.3469368382722684
1997-06-25,22.1,281.68,30.51,21.9,2623.87,1.3999658476530663
1997-06-26,11.33,254.92,29.07,21.64,2582.45,2.884778110315409
1997-06-27,17.36,267.08,29.21,21.46,2553.44,2.9908361290770054
1997-06-28,11.11,346.53,31.96,20.43,2389.29,2.9059897140677284
1997-06-29,0.0,432.35,32.14,21.59,2574.81,3.881723486674411
1997-06-30,2.96,320.95,31.5,21.6,2576.21,4.072627920445283
1997-07-01,4.02,375.93,33.13,22.56,2730.31,3.3726449966187504
1997-07-02,0.0,426.53,34.36,23.45,2871.27,2.0702525262263527
1997-07-03,0.0,460.27,35.26,22.76,2762.03,1.4148139702796898
1997-07-04,0.0,446.62,35.75,23.68,2924.58,1.1093668762462934
1997-07-05,0.0,450.4,35.43,23.29,2845.64,0.9502798481038995
1997-07-06,11.05,353.76,34.06,21.86,2618.18,0.8654334330946228
1997-07-07,8.47,337.29,32.35,20.96,2473.23,1.561174036170692
1997-07-08,7.06,350.76,32.3,20.11,2342.24,2.4817576390213447
1997-07-09,0.38,451.79,32.86,20.77,2443.65,1.5526893946697646
1997-07-10,0.0,455.89,33.72,21.49,2559.0,1.0966399139949021
1997-07-11,0.03,445.83,33.99,22.0,2640.0,0.9163412821001888
1997-07-12,0.23,457.92,34.4,21.59,2574.82,1.198455612006034
1997-07-13,15.08,371.63,34.03,22.01,2641.72,0.8824027160964782
1997-07-14,42.51,357.93,33.22,19.89,2318.13,1.0308839423627125
1997-07-15,9.05,353.47,32.7,20.22,2354.63,2.0426774413483377
1997-07-16,0.0,447.66,33.38,21.23,2516.15,1.7435938284406372
1997-07-17,2.54,401.41,32.69,21.35,2535.79,1.1857286497546426
1997-07-18,8.52,278.64,30.2,21.2,2511.26,1.2408788195106724
1997-07-19,5.46,193.18,26.89,21.83,2613.0,1.1178515177472212
1997-07-20,10.95,205.1,28.46,22.88,2780.47,1.8432883660765376
1997-07-21,22.89,259.76,30.39,22.18,2668.64,1.4932969041632707
1997-07-22,7.98,294.51,32.41,22.56,2729.6,2.0744948469768163
1997-07-23,6.26,399.33,32.99,21.76,2601.61,2.4817576390213447
1997-07-24,38.13,355.25,32.99,21.15,2504.35,4.751399240519498
1997-07-25,5.76,360.67,33.71,22.0,2640.42,5.133208108061243
1997-07-26,0.63,421.47,35.15,23.0,2800.11,3.775665467912815
1997-07-27,0.0,417.21,34.35,22.97,2794.7,2.290853205250472
1997-07-28,0.0,400.44,33.79,23.13,2820.99,1.406329328778762
1997-07-29,3.73,332.4,34.09,23.04,2807.13,3.181740562847878
1997-07-30,9.08,309.12,33.61,22.52,2722.73,1.8220767623242182
1997-07-31,11.44,348.53,33.5,22.62,2738.7,1.61420304555149
1997-08-01,14.47,303.03,30.81,20.55,2407.81,2.5453924502783027
1997-08-02,0.0,351.96,28.5,20.22,2355.21,1.4636006589100239
1997-08-03,2.45,403.02,31.91,21.01,2481.7,1.1157303573719892
1997-08-04,0.0,402.33,32.43,22.06,2650.1,1.2005767723812661
1997-08-05,0.0,412.4,33.38,22.49,2718.33,1.4211774514053854
1997-08-06,0.0,434.55,33.58,21.81,2609.44,1.1263361592481487
1997-08-07,0.0,478.21,33.39,19.74,2298.98,0.8293737067156802
1997-08-08,0.01,455.59,32.66,20.18,2349.05,0.7105887257026927
1997-08-09,17.43,295.89,31.46,21.5,2560.0,0.7466484520816353
1997-08-10,2.41,305.51,30.77,22.35,2696.21,1.0669436687416551
1997-08-11,8.33,375.79,33.25,21.68,2588.46,1.1178515177472212
1997-08-12,4.1,323.69,33.05,22.09,2654.0,1.512387347540358
1997-08-13,0.0,425.41,33.93,22.49,2718.29,1.119972678122453
1997-08-14,0.0,419.28,34.3,23.01,2801.02,0.8675545934698548
1997-08-15,0.0,403.81,34.47,23.7,2927.44,0.7127098860779246
1997-08-16,0.0,401.41,34.53,23.82,2954.01,0.6321057918191118
1997-08-17,0.0,410.39,34.85,23.66,2924.08,0.6108941880667926
1997-08-18,0.0,432.68,35.42,23.0,2799.9,0.6172576691924883
1997-08-19,0.0,415.53,34.99,23.2,2832.4,0.5642286598116903
1997-08-20,0.0,406.27,35.1,23.54,2890.59,0.5281689334327477
1997-08-21,16.58,345.41,34.74,20.8,2447.69,0.5005938485547328
1997-08-22,0.0,490.37,32.63,17.66,2026.09,0.5302900938079798
1997-08-23,0.0,437.41,30.5,18.52,2123.51,0.545138216434603
1997-08-24,0.0,488.08,31.0,16.46,1872.41,0.5260477730575158
1997-08-25,0.0,482.99,31.77,17.17,1949.24,0.4899880466785732
1997-08-26,0.0,473.66,33.24,18.54,2127.36,0.4645341221757902
1997-08-27,0.0,454.69,33.9,19.84,2306.8,0.43908019767300716
1997-08-28,0.0,443.93,33.86,20.21,2353.48,0.4199897542959199
1997-08-29,0.0,441.47,34.49,20.65,2424.27,0.4093839524197603
1997-08-30,0.0,429.01,35.03,21.5,2559.68,0.40089931091883263
1997-08-31,0.0,436.74,35.78,21.51,2561.74,0.392414669417905
1997-09-01,5.83,331.76,35.61,20.92,2466.69,0.40726279204452837
1997-09-02,6.24,343.71,35.04,21.0,2480.0,0.40089931091883263
1997-09-03,0.0,412.81,34.88,21.51,2561.62,0.3987781505436007
1997-09-04,0.0,395.79,34.69,22.0,2639.99,0.390293509042673
1997-09-05,0.0,381.32,32.22,20.62,2419.45,0.3839300279169773
1997-09-06,0.0,391.04,31.77,19.88,2311.35,0.40726279204452837
1997-09-07,0.0,431.52,32.35,18.51,2128.97,0.3987781505436007
1997-09-08,0.0,436.37,32.52,18.24,2099.05,0.37968770716651346
1997-09-09,0.0,426.27,32.64,18.59,2134.21,0.36908190529035384
1997-09-10,2.07,314.03,30.19,19.93,2314.37,0.36483958453989
1997-09-11,0.0,435.66,32.43,17.76,2041.79,0.36483958453989
1997-09-12,0.0,465.22,31.9,15.5,1760.28,0.3563549430389623
1997-09-13,0.0,468.13,33.0,15.82,1790.96,0.34787030153803467
1997-09-14,0.0,439.7,33.5,17.65,2018.42,0.3436279807875708
1997-09-15,0.0,420.56,33.97,18.81,2175.37,0.3351433392866432
1997-09-16,0.0,408.09,34.3,19.52,2272.04,0.3266586977857155
1997-09-17,0.0,420.91,34.62,18.92,2187.83,0.32241637703525167
1997-09-18,0.0,410.2,34.66,19.34,2254.57,0.3160528959095559
1997-09-19,0.0,406.32,35.05,19.64,2290.96,0.31181057515909205
1997-09-20,0.0,389.4,34.68,20.14,2342.14,0.3160528959095559
1997-09-21,0.0,400.74,36.16,20.5,2400.0,0.31817405628478784
1997-09-22,0.0,388.74,35.68,20.62,2419.47,0.31181057515909205
1997-09-23,0.77,343.32,34.56,21.45,2552.59,0.3054470940333963
1997-09-24,0.08,295.98,32.58,22.21,2672.87,0.31393173553432396
1997-09-25,9.7,246.08,32.13,20.6,2416.84,0.3287798581609474
1997-09-26,0.95,190.14,24.43,18.5,2120.0,0.34150682041233893
1997-09-27,0.0,289.57,26.63,17.5,2000.0,0.34787030153803467
1997-09-28,0.0,307.72,28.19,18.23,2095.69,0.339385660037107
1997-09-29,0.0,362.39,31.37,18.62,2143.5,0.33726449966187505
1997-09-30,0.0,393.67,32.98,18.2,2094.31,0.3266586977857155
1997-10-01,0.0,398.17,33.48,18.18,2094.07,0.3202952166600197
1997-10-02,0.0,454.18,32.11,13.01,1487.49,0.30756825440862817
1997-10-03,0.0,450.44,29.34,11.07,1325.98,0.2990836129077005
1997-10-04,0.0,441.85,29.99,11.88,1390.74,0.2948412921572367
1997-10-05,0.0,389.03,30.62,15.59,1767.37,0.2905989714067728
1997-10-06,0.0,366.77,31.96,17.66,2026.09,0.28847781103154096
1997-10-07,0.0,351.82,31.8,18.21,2096.7,0.286356650656309
1997-10-08,0.0,351.13,31.79,18.14,2090.84,0.2842354902810771
1997-10-09,0.21,324.12,31.8,19.22,2235.84,0.2842354902810771
1997-10-10,0.0,321.36,31.78,19.37,2259.02,0.2948412921572367
1997-10-11,0.0,316.25,31.49,19.33,2252.11,0.3054470940333963
1997-10-12,0.0,343.04,31.34,17.89,2056.07,0.2927201317820048
1997-10-13,19.03,212.73,30.03,19.56,2275.44,0.3054470940333963
1997-10-14,43.86,285.96,27.84,12.95,1481.14,0.5048361693051967
1997-10-15,0.0,373.42,22.8,9.11,1168.45,0.9014931594735653
1997-10-16,0.0,385.47,23.0,8.47,1117.48,0.7996774614624333
1997-10-17,0.0,395.67,23.36,8.01,1080.84,0.6045307069410968
1997-10-18,0.0,396.61,22.47,7.01,1000.67,0.48574572592810933
1997-10-19,0.0,422.71,21.88,4.25,821.54,0.4242320750463837
1997-10-20,0.0,420.84,23.0,5.01,880.65,0.390293509042673
1997-10-21,0.0,417.91,25.87,7.11,1008.48,0.36908190529035384
1997-10-22,5.99,272.16,26.37,11.56,1364.65,0.37332422604081766
1997-10-23,0.98,337.8,21.06,7.01,1000.59,0.3966569901683688
1997-10-24,10.02,274.47,24.2,9.11,1168.88,0.41150511279499224
1997-10-25,11.95,179.1,27.95,18.62,2146.56,0.4496859995491667
1997-10-26,25.75,158.73,26.81,18.64,2143.75,0.6724078389485182
1997-10-27,0.0,310.54,20.71,8.77,1141.52,1.1093668762462934
1997-10-28,0.0,303.85,14.22,3.01,760.8,0.9608856499800592
1997-10-29,0.0,296.33,16.58,5.5,920.0,0.6660443578228225
1997-10-30,0.0,310.64,20.5,8.34,1107.21,0.5430170560593712
1997-10-31,0.1,306.81,23.6,11.18,1334.16,0.48574572592810933
1997-11-01,4.15,165.43,23.31,15.0,1720.16,0.47089760330148595
1997-11-02,6.5,282.06,26.28,8.72,1137.64,0.5281689334327477
1997-11-03,0.0,366.31,22.21,6.2,935.76,0.5557440183107627
1997-11-04,0.0,381.89,20.28,2.92,753.72,0.4899880466785732
1997-11-05,0.0,372.63,20.94,4.03,803.68,0.4496859995491667
1997-11-06,2.94,261.38,21.94,7.16,1013.03,0.4327167165473114
1997-11-07,0.0,279.98,19.36,8.37,1109.87,0.4284743957968476
1997-11-08,0.0,282.46,14.45,3.69,800.01,0.42635323542161563
1997-11-09,0.0,345.82,16.5,1.67,693.79,0.417868593920688
1997-11-10,0.0,334.0,17.0,2.74,739.19,0.4051416316692965
1997-11-11,0.01,264.89,16.48,6.14,931.05,0.40089931091883263
1997-11-12,30.74,162.23,17.6,9.33,1186.22,0.6321057918191118
1997-11-13,33.9,87.93,14.77,10.61,1288.8,2.082979488477744
1997-11-14,1.67,191.12,17.4,9.82,1225.73,2.3332764127551107
1997-11-15,0.0,294.58,15.57,3.95,800.0,1.561174036170692
1997-11-16,1.02,325.93,13.62,0.18,616.9,1.0520955461150316
1997-11-17,0.0,341.22,11.86,-2.62,510.14,0.7911928199615056
1997-11-18,0.01,336.8,12.51,-1.74,541.09,0.6660443578228225
1997-11-19,5.96,215.27,14.35,3.2,776.28,0.6087730276915607
1997-11-20,0.0,286.86,17.63,6.33,951.59,0.5854402635640096
1997-11-21,0.0,300.91,21.46,8.85,1148.22,0.6130153484420245
1997-11-22,34.86,142.81,20.87,13.8,1584.11,2.693873676544537
1997-11-23,0.0,298.76,18.03,6.08,926.02,3.0120477328293247
1997-11-24,0.0,343.46,18.5,2.67,736.55,1.8390460453260733
1997-11-25,0.0,344.11,19.04,2.58,728.03,1.1814863290041786
1997-11-26,0.0,344.49,20.34,3.22,777.81,0.9396740462277401
1997-11-27,0.0,336.72,23.39,6.13,933.43,0.8208890652147526
1997-11-28,0.0,289.3,24.18,10.77,1301.22,0.7445272917064034
1997-11-29,68.41,179.87,23.82,13.41,1537.97,5.663498201869223
1997-11-30,15.2,192.87,20.49,9.52,1201.42,10.817917913682784
1997-12-01,0.0,255.17,16.61,6.0,922.17,10.542167064902635
1997-12-02,0.0,240.81,17.1,7.34,1027.37,5.811979428135457
1997-12-03,0.0,212.65,18.56,10.15,1252.33,2.715085280296856
1997-12-04,18.03,181.34,17.89,8.27,1102.0,3.0756825440862823
1997-12-05,0.0,308.96,14.61,1.25,660.29,2.86356650656309
1997-12-06,0.0,324.57,12.83,-1.76,539.69,2.0957064507291356
1997-12-07,0.0,319.05,11.31,-2.8,495.77,1.5972337625496347
1997-12-08,11.95,218.18,11.26,-0.84,573.53,1.4551160174090962
1997-12-09,0.2,247.86,18.34,8.29,1103.21,1.6969283001855349
1997-12-10,0.1,255.7,21.75,10.94,1314.89,1.6757166964332157
1997-12-11,0.0,322.88,19.48,3.69,797.91,1.4636006589100239
1997-12-12,0.01,128.85,6.92,2.43,728.57,1.3681484420245875
1997-12-13,2.52,158.66,8.54,2.09,714.74,1.198455612006034
1997-12-14,0.19,133.97,6.19,1.52,681.59,1.1136091969967574
1997-12-15,0.0,214.6,6.78,-1.02,569.91,1.0181569801113208
1997-12-16,0.0,336.69,14.5,-2.25,520.0,0.9417952066029719
1997-12-17,0.0,343.22,17.52,-0.98,566.41,0.9078566405992612
1997-12-18,0.0,342.38,20.56,1.21,656.89,0.833616027466144
1997-12-19,0.0,334.68,21.02,2.56,735.68,0.7933139803367376
1997-12-20,0.0,314.78,22.13,5.83,920.0,0.7636177350834907
1997-12-21,7.31,196.69,20.72,8.91,1153.0,0.7487696124568672
1997-12-22,8.8,198.71,20.91,8.79,1143.58,0.992703055608538
1997-12-23,1.75,248.63,21.03,9.26,1180.64,1.380875404275979
1997-12-24,25.86,152.5,18.7,10.36,1268.47,2.029950479096946
1997-12-25,0.0,316.65,19.92,4.07,815.42,2.736296884049175
1997-12-26,0.0,307.73,18.25,3.62,799.82,2.2484299977458337
1997-12-27,14.57,193.72,14.68,4.08,808.82,1.773290073693884
1997-12-28,0.0,318.02,10.38,-4.01,450.86,1.974800309340916
1997-12-29,1.97,285.38,11.93,-1.22,560.0,1.9493463848381334
1997-12-30,0.0,273.2,10.67,-0.51,591.94,1.5145085079155898
1997-12-31,0.0,309.84,14.24,0.11,614.33,1.2323941780097447
1998-01-01,0.0,335.83,13.39,-2.13,523.56,1.0605801876159595
1998-01-02,0.0,339.7,15.56,-0.67,585.07,0.9524010084791315
1998-01-03,0.0,330.6,20.2,4.32,832.45,0.8908873575974059
1998-01-04,0.0,298.61,22.17,9.02,1161.97,0.8548276312184633
1998-01-05,40.21,163.58,21.19,12.79,1463.02,1.5717798380468517
1998-01-06,22.7,105.62,19.95,14.81,1688.87,5.5574401831076266
1998-01-07,92.26,108.17,21.34,16.0,1800.0,11.072457158710616
1998-01-08,3.78,188.14,19.0,9.91,1232.61,20.405562809731055
1998-01-09,0.0,255.7,12.51,3.19,773.85,26.30238865287579
1998-01-10,0.0,326.59,14.99,1.13,650.38,20.978276111043677
1998-01-11,0.0,348.37,18.32,1.8,703.93,12.23909536508817
1998-01-12,25.81,241.35,19.01,5.2,896.14,7.55133093582563
1998-01-13,43.91,106.84,16.6,11.71,1376.72,9.014931594735655
1998-01-14,7.58,67.81,16.71,13.74,1576.43,13.320887156456449
1998-01-15,18.51,88.4,17.37,13.37,1540.7,12.769385458896151
1998-01-16,3.42,270.5,17.31,3.25,776.91,9.799760933571465
1998-01-17,0.0,312.64,16.27,4.05,805.59,8.187679048395205
1998-01-18,0.0,332.62,18.95,5.05,884.23,5.621074994364585
1998-01-19,0.4,308.06,18.39,6.07,925.69,3.775665467912815
1998-01-20,0.0,337.89,13.18,-0.14,600.33,2.9272013178200478
1998-01-21,0.0,352.68,16.46,1.65,690.59,2.5241808465259834
1998-01-22,35.49,214.67,19.68,9.05,1164.26,3.4787030153803467
1998-01-23,22.21,187.62,15.85,7.32,1025.31,6.745289993237501
1998-01-24,0.0,313.39,12.55,1.34,670.55,8.060409425881291
1998-01-25,0.0,357.55,14.02,-0.19,600.0,7.190733672036204
1998-01-26,19.95,254.65,14.21,1.48,678.07,5.048361693051967
1998-01-27,23.06,118.62,10.44,5.63,920.0,6.1513650881725646
1998-01-28,0.05,330.09,12.21,0.5,630.03,7.614965747082588
1998-01-29,0.0,384.19,17.26,0.8,641.05,6.936194427008374
1998-01-30,0.0,374.91,18.55,3.11,767.91,4.708976033014859
1998-01-31,0.0,393.66,18.24,0.98,647.85,3.2241637703525163
1998-02-01,0.0,365.42,17.48,3.46,796.84,2.587815657782941
1998-02-02,12.36,170.62,15.6,8.67,1133.39,2.4605460352690254
1998-02-03,13.03,113.11,13.99,9.72,1217.53,3.5635494303896236
1998-02-04,0.0,316.6,14.41,4.41,835.49,4.369590372977752
1998-02-05,0.0,384.58,14.37,0.24,617.48,3.4787030153803467
1998-02-06,0.0,341.04,12.64,1.39,671.52,2.5666040540306216
1998-02-07,0.0,348.71,10.92,-0.54,596.65,2.1635835827365573
1998-02-08,0.0,387.39,14.62,0.38,630.36,1.9641945074647567
1998-02-09,0.0,392.08,15.0,0.55,639.18,1.8114709604480586
1998-02-10,0.0,367.66,18.52,5.6,907.25,1.7054129416864625
1998-02-11,22.82,242.44,21.01,10.35,1267.98,2.715085280296856
1998-02-12,0.0,400.11,17.99,3.01,761.13,3.181740562847878
1998-02-13,0.0,381.69,18.48,4.61,849.17,2.6514504690398986
1998-02-14,0.0,397.75,18.13,2.97,757.31,2.3120648090027913
1998-02-15,0.0,356.95,17.21,4.96,876.41,1.8751057717050164
1998-02-16,40.09,174.91,17.43,10.33,1266.77,4.899880466785732
1998-02-17,11.79,224.38,18.75,9.36,1188.94,7.530119332073311
1998-02-18,0.0,399.18,20.18,5.71,920.97,8.230102255899844
1998-02-19,0.0,408.35,18.94,4.12,809.51,6.172576691924883
1998-02-20,1.9,360.45,18.29,5.0,880.24,3.818088675417453
1998-02-21,0.0,429.78,19.62,3.3,782.47,2.587815657782941
1998-02-22,20.81,295.14,20.0,6.19,938.24,2.4817576390213447
1998-02-23,0.15,334.55,17.66,7.16,1012.51,3.6059726378942614
1998-02-24,0.0,425.86,19.07,3.6,799.63,3.6908190529035387
1998-02-25,0.0,446.49,21.74,4.06,805.1,2.7999316953061326
1998-02-26,5.31,323.25,22.05,8.59,1127.22,2.2060067902411955
1998-02-27,22.05,294.74,20.51,6.91,993.02,2.630238865287579
1998-02-28,0.0,406.1,20.19,6.11,930.68,4.221109146711518
1998-03-01,0.0,427.71,20.83,5.45,903.81,3.775665467912815
1998-03-02,0.0,460.23,18.26,0.93,646.41,2.7787200915538133
1998-03-03,0.0,469.38,17.27,-0.61,583.28,2.0129811960950907
1998-03-04,0.0,423.97,15.42,1.05,644.31,1.6926859794350713
1998-03-05,7.37,315.56,20.37,7.6,1048.33,1.5505682342945326
1998-03-06,22.11,208.69,23.11,14.29,1623.11,1.6417781304295052
1998-03-07,59.46,146.21,21.85,16.0,1800.0,3.669607449151219
1998-03-08,69.0,133.78,20.28,15.15,1731.27,9.269470839763486
1998-03-09,0.0,449.35,19.69,4.1,810.1,16.248088474276496
1998-03-10,0.0,426.3,12.99,-0.39,594.65,19.896484319675395
1998-03-11,0.0,452.48,11.26,-3.29,480.06,13.55421479773196
1998-03-12,0.0,456.97,11.47,-3.28,480.4,8.145255840890567
1998-03-13,0.0,434.93,11.23,-2.26,520.0,4.2635323542161565
1998-03-14,0.0,462.21,17.47,1.97,717.32,2.9908361290770054
1998-03-15,0.0,475.97,22.08,5.0,880.0,2.5666040540306216
1998-03-16,0.0,443.62,23.2,8.19,1095.1,2.3120648090027913
1998-03-17,36.8,240.32,22.29,12.81,1465.09,3.4787030153803467
1998-03-18,16.29,189.47,22.45,15.85,1788.27,5.8544026356400956
1998-03-19,13.75,193.17,20.36,13.16,1504.91,7.996774614624334
1998-03-20,1.85,435.18,20.25,5.12,885.58,7.848293388358099
1998-03-21,0.0,261.75,12.82,6.07,925.43,6.00288386190633
1998-03-22,0.0,486.4,15.44,0.02,612.17,3.839300279169773
1998-03-23,0.0,507.07,19.5,2.21,720.65,2.736296884049175
1998-03-24,0.0,498.49,22.58,5.45,914.27,2.3120648090027913
1998-03-25,0.0,442.57,23.42,9.46,1197.05,2.0469197620988013
1998-03-26,0.0,391.72,25.14,13.36,1536.62,1.870863450954552
1998-03-27,0.0,355.21,25.17,14.95,1709.78,1.747836149191101
1998-03-28,0.0,321.78,25.6,16.56,1885.09,1.646020451179969
1998-03-29,0.0,299.46,26.26,17.98,2071.97,1.5760221587973156
1998-03-30,0.0,266.96,26.03,18.86,2177.83,1.510266187165126
1998-03-31,0.0,290.4,26.78,19.03,2204.41,1.4529948570338642
1998-04-01,16.87,382.21,26.2,9.57,1205.6,1.590870281423939
1998-04-02,0.0,488.47,25.82,10.88,1310.2,1.870863450954552
1998-04-03,16.07,239.92,24.4,16.32,1851.24,2.142371978984238
1998-04-04,0.0,504.84,26.92,11.04,1323.31,2.3120648090027913
1998-04-05,0.0,515.55,21.84,6.22,937.96,1.9154078188344228
1998-04-06,0.0,513.73,22.0,6.25,940.16,1.5145085079155898
1998-04-07,0.0,487.0,23.55,8.85,1147.95,1.3129982722685576
1998-04-08,0.22,342.97,25.14,15.99,1814.03,1.2366364987602088
1998-04-09,1.0,445.33,25.84,13.06,1494.18,1.2366364987602088
1998-04-10,0.0,522.73,23.8,7.36,1029.04,1.1920921308803383
1998-04-11,0.0,546.17,23.2,5.13,890.57,1.098761074370134
1998-04-12,0.0,551.98,24.5,5.54,920.0,1.0202781404865529
1998-04-13,0.0,489.57,24.36,9.72,1217.73,0.9672491311057548
1998-04-14,1.88,324.18,24.48,16.12,1825.25,0.9396740462277401
1998-04-15,0.0,321.78,26.71,18.33,2111.14,0.9375528858525082
1998-04-16,0.0,278.05,26.4,19.32,2251.01,0.9375528858525082
1998-04-17,4.6,238.84,25.48,18.65,2150.57,0.9269470839763485
1998-04-18,22.64,287.51,25.41,15.39,1749.81,0.9566433292295954
1998-04-19,16.22,250.98,22.0,13.89,1591.13,1.3214829137694852
1998-04-20,0.0,517.15,23.1,8.01,1081.11,1.8454095264517694
1998-04-21,0.0,540.61,24.18,7.45,1036.35,1.361784960898892
1998-04-22,0.0,531.35,23.49,7.61,1048.5,1.0839129517435104
1998-04-23,0.0,532.97,22.16,6.52,961.72,0.9481586877286676
1998-04-24,0.0,534.62,22.9,7.01,1001.11,0.8696757538450867
1998-04-25,0.0,525.13,24.81,9.06,1164.7,0.8145255840890567
1998-04-26,0.0,467.47,25.23,12.2,1415.75,0.7742235369596503
1998-04-27,0.0,380.66,25.78,15.78,1783.34,0.7487696124568672
1998-04-28,47.08,275.87,26.29,16.59,1887.46,1.4211774514053854
1998-04-29,28.66,192.94,23.26,16.92,1913.58,4.539283202996306
1998-04-30,6.23,229.94,23.23,15.63,1770.16,6.745289993237501
1998-05-01,0.0,508.65,25.91,11.0,1320.0,5.621074994364585
1998-05-02,0.15,492.38,27.4,12.91,1472.75,3.202952166600197
1998-05-03,0.0,447.05,27.8,15.24,1739.2,1.9408617433372055
1998-05-04,0.0,483.39,27.96,13.89,1586.47,1.4954180645385027
1998-05-05,0.0,515.03,27.5,11.97,1397.56,1.251484621386832
1998-05-06,0.0,463.29,27.69,14.66,1667.2,1.092397593244438
1998-05-07,2.21,257.23,26.65,19.84,2308.39,1.2726962251391514
1998-05-08,0.0,352.39,30.8,21.31,2529.22,1.5272354701669815
1998-05-09,0.0,404.15,30.58,19.51,2270.09,1.357542640148428
1998-05-10,0.0,385.27,29.94,19.75,2300.27,1.1772440082537148
1998-05-11,0.0,462.19,28.57,16.05,1817.13,1.0605801876159595
1998-05-12,0.0,516.31,29.95,14.72,1674.51,0.912098961349725
1998-05-13,0.0,505.71,30.13,15.43,1754.09,0.8421006689670717
1998-05-14,0.0,521.55,31.37,15.23,1737.28,0.7911928199615056
1998-05-15,0.0,494.91,31.31,16.48,1869.24,0.7381638105807077
1998-05-16,0.0,443.26,31.33,18.66,2145.96,0.7021040842017651
1998-05-17,0.0,425.97,32.83,20.37,2379.38,0.676650159698982
1998-05-18,0.0,498.02,32.96,17.08,1932.67,0.653317395571431
1998-05-19,0.0,496.32,33.4,17.27,1963.31,0.625742310693416
1998-05-20,0.0,491.28,33.55,17.65,2024.38,0.598167225815401
1998-05-21,0.0,468.0,32.88,18.37,2112.56,0.57483446168785
1998-05-22,0.0,417.48,31.0,19.06,2209.19,0.5557440183107627
1998-05-23,0.0,396.74,31.36,20.18,2354.33,0.5408958956841393
1998-05-24,0.0,384.76,31.82,21.07,2491.81,0.5302900938079798
1998-05-25,0.0,406.84,32.08,20.63,2421.2,0.5196842919318201
1998-05-26,0.0,427.34,32.51,20.25,2359.73,0.5069573296804286
1998-05-27,0.0,427.89,32.69,20.31,2370.95,0.496351527804269
1998-05-28,0.0,416.99,33.49,21.28,2525.19,0.4878668863033413
1998-05-29,4.15,315.74,33.1,22.52,2723.24,0.47938224480241365
1998-05-30,15.56,280.41,31.5,21.04,2485.69,0.4984726881795009
1998-05-31,0.0,373.43,32.94,22.31,2689.47,0.6554385559466629
1998-06-01,0.0,416.53,35.27,22.64,2742.12,0.6321057918191118
1998-06-02,0.0,411.33,35.9,23.31,2849.22,0.5324112541832116
1998-06-03,0.0,356.25,34.53,24.26,3041.8,0.4836245655528774
1998-06-04,0.0,347.23,34.15,24.34,3053.91,0.4560494806748625
1998-06-05,0.0,350.85,33.68,23.92,2977.43,0.43483787692254333
1998-06-06,44.38,337.52,32.22,19.14,2221.92,0.5769556220630819
1998-06-07,0.0,468.39,27.85,14.84,1688.12,1.332088715645645
1998-06-08,0.0,481.84,29.0,15.13,1730.37,1.2345153383849765
1998-06-09,0.0,442.53,31.36,18.56,2141.58,0.8930085179726378
1998-06-10,0.0,365.05,33.32,22.92,2787.47,0.6936194427008374
1998-06-11,0.0,385.14,33.73,22.66,2746.18,0.5833191031887777
1998-06-12,0.0,370.87,33.54,23.09,2814.11,0.5175631315565882
1998-06-13,0.0,380.72,34.61,23.72,2933.33,0.4772610844271816
1998-06-14,0.0,371.19,35.08,24.5,3080.35,0.44544367879870295
1998-06-15,0.0,361.44,34.94,24.75,3121.01,0.4221109146711518
1998-06-16,0.0,351.82,34.74,24.94,3154.26,0.40302047129406454
1998-06-17,0.0,375.22,34.8,24.36,3056.95,0.38817234866744116
1998-06-18,0.0,381.21,35.05,24.47,3075.26,0.3775665467912815
1998-06-19,0.0,386.26,35.59,24.84,3138.32,0.36908190529035384
1998-06-20,0.0,411.19,36.23,24.52,3070.13,0.37120306566558575
1998-06-21,12.94,400.32,35.83,21.82,2574.91,0.37332422604081766
1998-06-22,0.0,483.3,35.28,20.73,2383.41,0.3627184241646581
1998-06-23,0.0,467.79,35.49,21.51,2518.3,0.3499914619132666
1998-06-24,0.0,470.65,35.8,21.52,2514.03,0.3542337826637304
1998-06-25,0.0,428.5,35.29,22.88,2778.61,0.3627184241646581
1998-06-26,0.07,391.26,32.73,22.22,2675.2,0.3436279807875708
1998-06-27,1.07,378.43,32.34,21.51,2562.28,0.3330221789114112
1998-06-28,0.0,435.35,33.26,21.15,2500.55,0.3309010185361793
1998-06-29,0.0,456.47,34.74,21.34,2513.15,0.3287798581609474
1998-06-30,0.0,471.71,36.28,21.65,2536.69,0.32241637703525167
1998-07-01,0.0,436.93,36.19,23.14,2775.12,0.3160528959095559
1998-07-02,22.87,323.85,35.4,22.69,2751.15,0.3287798581609474
1998-07-03,0.45,376.57,33.73,23.09,2814.93,0.34787030153803467
1998-07-04,0.34,385.97,33.99,23.13,2821.17,0.5005938485547328
1998-07-05,0.0,418.53,35.52,23.24,2829.65,0.6554385559466629
1998-07-06,12.51,330.62,36.18,22.77,2763.22,0.5599863390612265
1998-07-07,0.0,433.67,36.71,23.46,2868.9,0.4539283202996306
1998-07-08,0.0,389.02,36.47,25.03,3172.18,0.3966569901683688
1998-07-09,0.0,384.11,36.43,25.22,3210.76,0.36059726378942614
1998-07-10,0.0,407.89,36.38,24.27,3043.52,0.339385660037107
1998-07-11,16.61,313.37,35.36,23.11,2818.09,0.3584761034141943
1998-07-12,0.0,350.34,33.0,23.57,2897.9,0.3775665467912815
1998-07-13,0.0,341.5,34.04,24.71,3113.11,0.37968770716651346
1998-07-14,26.69,269.43,32.59,23.0,2799.99,0.47938224480241365
1998-07-15,28.92,254.56,31.39,22.6,2736.27,0.7657388954587226
1998-07-16,2.99,337.72,33.1,23.22,2836.29,0.704225244576997
1998-07-17,4.12,313.26,33.88,22.79,2767.12,0.521805452307052
1998-07-18,0.0,413.47,34.51,22.71,2754.09,0.4624129618005583
1998-07-19,0.0,427.43,34.95,22.45,2712.2,0.4051416316692965
1998-07-20,0.0,408.84,34.74,23.01,2801.07,0.36908190529035384
1998-07-21,6.32,299.4,33.2,22.2,2671.73,0.36059726378942614
1998-07-22,6.27,321.12,31.39,22.14,2663.11,0.3563549430389623
1998-07-23,11.91,303.86,32.45,22.09,2654.16,0.5281689334327477
1998-07-24,9.73,300.75,33.2,22.43,2708.09,0.8314948670909121
1998-07-25,17.06,301.38,33.05,22.72,2754.73,0.8548276312184633
1998-07-26,28.64,311.86,33.15,21.88,2621.03,2.0935852903539036
1998-07-27,16.02,277.28,31.75,22.28,2685.55,1.872984611329784
1998-07-28,3.63,385.07,34.0,23.0,2800.0,1.2642115836382235
1998-07-29,0.45,410.44,34.42,23.0,2799.52,1.090276432869206
1998-07-30,0.0,386.04,34.53,24.15,3023.49,0.78482933883581
1998-07-31,0.0,395.96,35.0,24.22,3029.43,0.6130153484420245
1998-08-01,0.0,401.12,36.48,25.16,3200.58,0.5196842919318201
1998-08-02,0.0,424.31,35.62,23.62,2908.2,0.4624129618005583
1998-08-03,0.0,449.46,33.2,20.8,2448.36,0.42635323542161563
1998-08-04,0.0,488.22,33.36,19.08,2213.26,0.3987781505436007
1998-08-05,0.0,458.19,33.67,20.71,2432.88,0.3775665467912815
1998-08-06,0.0,428.58,34.23,22.34,2694.03,0.3584761034141943
1998-08-07,0.0,428.42,34.17,22.28,2684.04,0.34574914116280275
1998-08-08,0.23,405.13,33.84,22.68,2748.69,0.38180886754174537
1998-08-09,3.02,364.58,34.31,22.36,2697.32,0.41150511279499224
1998-08-10,2.43,398.57,35.11,21.37,2538.45,0.3860511882922092
1998-08-11,0.65,433.8,35.35,22.41,2705.09,0.37332422604081766
1998-08-12,4.58,360.1,35.24,22.27,2682.78,0.3542337826637304
1998-08-13,10.63,318.15,34.14,22.04,2646.62,0.3627184241646581
1998-08-14,6.01,333.53,31.87,21.99,2637.64,0.36696074491512193
1998-08-15,19.03,277.57,31.77,22.0,2640.36,0.521805452307052
1998-08-16,14.46,294.28,32.31,21.7,2591.36,0.8463429897175356
1998-08-17,0.74,392.71,33.16,22.2,2672.09,0.7869504992110419
1998-08-18,0.0,401.21,33.8,22.57,2731.06,0.5833191031887777
1998-08-19,2.13,360.93,34.3,22.58,2732.31,0.47301876367671786
1998-08-20,13.01,307.42,34.25,22.52,2723.51,0.47301876367671786
1998-08-21,8.53,298.56,33.62,22.5,2720.0,0.545138216434603
1998-08-22,0.0,382.7,32.73,22.22,2674.65,0.5939249050649372
1998-08-23,0.0,392.23,33.6,22.54,2726.77,0.4921092070538051
1998-08-24,0.0,400.49,33.72,22.27,2683.7,0.417868593920688
1998-08-25,0.0,405.54,34.32,22.5,2720.54,0.3860511882922092
1998-08-26,0.0,420.49,35.79,22.85,2775.64,0.36059726378942614
1998-08-27,0.0,438.43,36.35,22.31,2688.86,0.34150682041233893
1998-08-28,0.0,436.64,36.79,22.56,2730.05,0.3287798581609474
1998-08-29,0.0,424.77,37.22,23.25,2847.42,0.3160528959095559
1998-08-30,0.0,415.15,36.16,22.87,2779.09,0.3054470940333963
1998-08-31,0.28,394.72,35.02,22.68,2748.68,0.2990836129077005
1998-09-01,9.74,297.18,33.8,21.81,2609.29,0.31181057515909205
1998-09-02,12.58,221.57,29.27,21.89,2621.88,0.33726449966187505
1998-09-03,0.0,402.96,31.74,20.04,2334.66,0.34574914116280275
1998-09-04,0.0,447.02,34.0,19.7,2291.06,0.3330221789114112
1998-09-05,0.0,439.48,34.18,20.09,2342.73,0.3054470940333963
1998-09-06,0.0,392.77,33.13,21.3,2527.99,0.2969624525324686
1998-09-07,0.68,323.63,31.63,22.5,2720.0,0.2927201317820048
1998-09-08,0.0,386.7,32.57,21.06,2489.74,0.30332593365816435
1998-09-09,0.0,375.24,33.06,21.88,2620.44,0.30332593365816435
1998-09-10,4.01,283.99,29.29,21.23,2517.53,0.2969624525324686
1998-09-11,23.86,163.47,25.63,20.24,2361.87,0.3436279807875708
1998-09-12,84.43,135.34,25.25,20.9,2464.7,3.818088675417453
1998-09-13,25.62,156.98,27.13,22.0,2640.0,6.108941880667926
1998-09-14,0.0,303.53,30.64,22.61,2738.24,4.115051127949922
1998-09-15,0.0,354.19,31.2,21.49,2558.6,1.8220767623242182
1998-09-16,0.54,348.16,31.89,21.99,2638.28,1.1687593667527871
1998-09-17,0.0,391.48,31.71,20.43,2388.64,0.9227047632258847
1998-09-18,6.71,286.46,31.03,21.71,2593.43,0.8569487915936952
1998-09-19,13.81,234.94,30.39,22.08,2652.75,1.3490579986475002
1998-09-20,24.51,201.88,30.37,23.36,2858.11,2.842354902810771
1998-09-21,11.67,161.16,29.45,24.03,3004.04,4.5604948067486255
1998-09-22,3.77,226.82,31.46,23.94,2982.39,3.9877815054360073
1998-09-23,7.42,281.53,33.38,22.5,2720.0,2.60902726153526
1998-09-24,0.0,404.21,32.33,20.3,2371.38,1.5993549229248667
1998-09-25,0.0,389.84,31.83,20.52,2403.92,1.1899709705051065
1998-09-26,0.0,390.11,32.39,20.92,2466.71,0.9630068103552911
1998-09-27,7.79,276.57,31.31,21.73,2596.35,0.9524010084791315
1998-09-28,173.83,179.5,27.85,22.07,2650.55,13.723907627750513
1998-09-29,40.46,124.33,25.85,22.09,2653.82,45.81706410500944
1998-09-30,13.64,273.81,28.98,20.81,2449.45,38.60511882922092
1998-10-01,0.0,410.97,32.23,19.94,2315.07,20.999487714795993
1998-10-02,0.0,413.37,33.06,20.09,2341.58,10.287627819874805
1998-10-03,0.0,374.33,32.53,21.61,2578.01,4.751399240519498
1998-10-04,0.0,354.44,31.12,21.38,2540.51,2.5241808465259834
1998-10-05,9.62,248.51,29.83,21.2,2512.52,2.227218393993515
1998-10-06,0.0,337.07,30.21,21.32,2531.38,2.969624525324686
1998-10-07,21.92,242.85,28.92,20.66,2425.19,3.309010185361793
1998-10-08,11.41,294.95,26.0,15.55,1763.83,6.1513650881725646
1998-10-09,0.0,449.71,24.49,10.91,1312.65,3.9665699016836884
1998-10-10,0.0,457.77,24.35,9.7,1215.64,2.269641601498153
1998-10-11,0.0,454.94,26.0,10.51,1280.62,1.6545050926808964
1998-10-12,0.0,449.61,27.47,11.41,1352.67,1.380875404275979
1998-10-13,0.0,430.03,27.5,12.61,1450.52,1.2217883761335853
1998-10-14,0.0,418.13,27.85,13.42,1540.06,1.1157303573719892
1998-10-15,0.0,408.48,28.73,14.43,1647.09,1.0330051027379443
1998-10-16,0.0,389.94,28.97,15.54,1764.41,0.9714914518562187
1998-10-17,0.0,376.61,29.1,16.27,1843.51,0.9205836028506528
1998-10-18,0.0,342.25,29.36,18.06,2074.8,0.8739180745955505
1998-10-19,0.0,312.18,29.54,19.42,2258.08,0.8463429897175356
1998-10-20,0.0,328.48,29.5,18.5,2120.0,0.8272525463404482
1998-10-21,0.0,353.92,28.38,16.03,1805.77,0.7996774614624333
1998-10-22,0.0,365.06,25.81,13.1,1495.78,0.7530119332073312
1998-10-23,0.0,390.78,20.51,6.9,992.07,0.7127098860779246
1998-10-24,0.0,422.37,22.52,5.58,910.99,0.680892480449446
1998-10-25,0.0,416.49,25.44,7.9,1072.03,0.653317395571431
1998-10-26,0.0,401.49,27.0,10.06,1244.85,0.6363481125695757
1998-10-27,0.0,399.28,27.13,9.86,1228.89,0.6214999899429522
1998-10-28,0.0,394.35,27.5,10.01,1240.69,0.6045307069410968
1998-10-29,0.0,369.56,27.47,11.53,1362.11,0.5939249050649372
1998-10-30,0.0,355.82,28.32,12.84,1468.47,0.5854402635640096
1998-10-31,0.0,340.72,29.0,14.18,1615.32,0.5769556220630819
1998-11-01,0.0,327.0,29.19,15.03,1715.53,0.5663498201869224
1998-11-02,0.0,289.11,28.22,16.26,1841.47,0.5599863390612265
1998-11-03,9.2,250.65,23.93,9.87,1229.27,0.5684709805621542
1998-11-04,0.0,318.01,21.03,8.11,1088.71,0.6236211503181841
1998-11-05,0.0,346.37,21.96,6.78,982.3,0.6660443578228225
1998-11-06,0.0,322.29,14.45,1.41,672.7,0.6278634710686479
1998-11-07,0.0,341.71,16.93,2.15,720.0,0.5875614239392415
1998-11-08,0.0,340.53,22.84,7.15,1012.27,0.5663498201869224
1998-11-09,0.0,299.02,25.99,12.51,1440.85,0.5557440183107627
1998-11-10,8.14,198.81,25.79,15.34,1746.91,0.5642286598116903
1998-11-11,28.02,236.74,23.26,9.03,1162.75,1.0139146593608572
1998-11-12,0.0,318.48,20.26,6.17,941.69,1.3214829137694852
1998-11-13,0.0,287.88,21.02,8.68,1134.15,1.175122847878483
1998-11-14,4.49,151.72,21.57,13.4,1537.33,0.9375528858525082
1998-11-15,24.38,83.47,22.22,17.84,2051.54,1.2578481025125279
1998-11-16,13.8,84.46,20.88,16.59,1879.11,5.005938485547328
1998-11-17,0.0,157.85,21.42,15.31,1738.26,5.515016975602989
1998-11-18,0.0,252.47,21.65,11.35,1348.15,3.881723486674411
1998-11-19,0.0,277.68,23.9,11.88,1390.23,2.4393344315167065
1998-11-20,0.0,267.24,25.33,13.63,1566.41,1.7711689133186521
1998-11-21,0.0,314.37,23.79,9.09,1167.17,1.4911757437880389
1998-11-22,0.95,238.79,18.53,8.34,1107.08,1.3469368382722684
1998-11-23,13.24,197.91,23.48,12.59,1447.61,1.667232054932288
1998-11-24,0.0,195.15,22.63,14.88,1698.77,1.9451040640876696
1998-11-25,0.0,258.2,23.55,12.78,1466.98,1.5039027060394303
1998-11-26,0.0,285.68,24.82,12.29,1422.94,1.3002713100171661
1998-11-27,0.0,330.64,25.28,8.89,1151.0,1.175122847878483
1998-11-28,0.0,328.97,24.53,8.33,1106.11,1.0881552724939743
1998-11-29,0.0,325.95,24.08,8.14,1090.84,1.0266416216122487
1998-11-30,0.0,302.22,24.44,10.44,1275.42,0.9820972537323783
1998-12-01,0.0,261.11,25.31,13.97,1597.78,0.9439163669782038
1998-12-02,0.0,280.28,25.13,12.51,1441.02,0.9184624424754207
1998-12-03,0.0,272.35,24.99,12.91,1475.92,0.8760392349707824
1998-12-04,0.76,234.0,25.41,15.5,1759.71,0.7975563010872014
1998-12-05,1.32,203.8,26.35,17.67,2026.36,0.7763446973348823
1998-12-06,0.0,184.92,26.94,19.33,2252.72,0.7678600558339546
1998-12-07,0.0,159.69,26.9,20.5,2400.0,0.755133093582563
1998-12-08,2.58,194.47,27.45,18.06,2082.17,0.7530119332073312
1998-12-09,4.51,271.0,23.39,6.95,995.65,0.7572542539577949
1998-12-10,0.0,279.88,18.81,7.45,1035.73,0.835737187841376
1998-12-11,4.04,205.89,19.28,9.2,1176.26,0.8421006689670717
1998-12-12,5.46,148.23,19.48,12.34,1427.17,0.8590699519689271
1998-12-13,4.21,236.01,19.87,7.91,1073.14,0.9608856499800592
1998-12-14,0.0,217.53,12.95,5.38,902.01,0.9481586877286676
1998-12-15,0.0,309.9,16.54,3.21,771.15,0.9269470839763485
1998-12-16,0.0,334.39,16.88,0.46,628.47,0.8484641500927674
1998-12-17,0.0,323.22,16.47,1.09,658.99,0.780587018085346
1998-12-18,0.0,328.2,15.75,-0.3,597.55,0.7360426502054758
1998-12-19,2.19,286.95,19.27,5.02,876.19,0.7127098860779246
1998-12-20,0.27,197.78,21.58,13.5,1560.0,0.6999829238265332
1998-12-21,0.0,172.87,23.24,16.3,1850.12,0.6936194427008374
1998-12-22,2.37,269.14,24.0,7.39,1031.95,0.706346404952229
1998-12-23,0.2,196.12,9.64,2.47,732.39,0.706346404952229
1998-12-24,8.96,85.9,5.98,2.11,714.1,0.6999829238265332
1998-12-25,7.46,107.09,5.72,0.89,647.0,0.7827081784605779
1998-12-26,0.9,146.62,6.7,1.8,700.93,0.9587644896048273
1998-12-27,0.0,262.29,10.98,1.33,671.92,1.0139146593608572
1998-12-28,16.29,177.76,15.59,7.06,1005.17,1.0499743857397998
1998-12-29,4.78,220.74,16.12,7.28,1022.29,1.4339044136567771
1998-12-30,0.0,330.7,14.9,0.58,633.62,1.539962432418373
1998-12-31,0.0,329.28,14.71,0.56,629.83,1.327846394895181
1999-01-01,0.0,306.39,18.94,3.37,782.88,1.0817917913682786
1999-01-02,8.71,224.95,18.92,7.56,1045.16,1.2069402535069618
1999-01-03,27.86,252.95,16.49,-1.94,532.87,2.3544880165074296
1999-01-04,0.0,276.8,5.51,-6.56,370.92,2.227218393993515
1999-01-05,0.0,279.45,4.0,-8.12,330.07,1.6778378568084478
1999-01-06,0.0,320.8,8.84,-6.58,373.13,1.3129982722685576
1999-01-07,2.57,260.42,16.41,2.04,706.03,1.1284573196233807
1999-01-08,1.87,201.89,19.18,9.48,1198.08,1.0520955461150316
1999-01-09,15.95,231.54,21.68,6.1,942.02,1.361784960898892
1999-01-10,0.0,331.03,11.43,-4.77,439.66,1.9026808565830309
1999-01-11,0.0,322.82,11.55,-3.74,461.15,1.4932969041632707
1999-01-12,0.0,347.45,16.68,-1.7,540.93,1.2069402535069618
1999-01-13,0.0,305.52,20.08,5.49,905.79,1.0542167064902634
1999-01-14,0.0,236.93,22.02,11.6,1367.85,0.9693702914809867
1999-01-15,0.08,346.9,20.31,1.98,707.12,0.912098961349725
1999-01-16,0.0,329.33,16.95,1.18,654.71,0.8633122727193909
1999-01-17,0.0,275.68,19.28,7.19,1015.5,0.8293737067156802
1999-01-18,0.0,214.65,22.35,13.2,1514.03,0.810283263338593
1999-01-19,0.0,351.46,22.8,4.27,822.01,0.78482933883581
1999-01-20,0.0,334.66,23.23,6.55,974.11,0.7593754143330269
1999-01-21,0.0,187.86,24.45,16.48,1876.34,0.7424061313311715
1999-01-22,0.0,137.32,24.0,18.29,2103.14,0.7360426502054758
1999-01-23,35.82,184.57,22.48,12.11,1408.91,2.017223516845555
1999-01-24,0.0,305.39,15.63,2.76,747.81,3.669607449151219
1999-01-25,0.0,345.57,18.57,2.58,726.63,2.142371978984238
1999-01-26,0.0,375.92,23.62,3.48,787.83,1.486933423037575
1999-01-27,0.0,366.5,24.23,5.48,916.18,1.223909536508817
1999-01-28,0.0,304.28,24.18,10.84,1306.98,1.071185989492119
1999-01-29,0.86,227.08,24.32,14.98,1705.44,1.0202781404865529
1999-01-30,59.58,84.96,21.41,17.09,1938.17,1.484812262662343
1999-01-31,20.75,213.8,21.84,10.27,1261.98,2.4393344315167065
1999-02-01,0.0,275.69,19.37,8.67,1133.95,3.669607449151219
1999-02-02,0.0,269.69,19.81,9.59,1206.93,3.181740562847878
1999-02-03,0.0,299.55,19.95,8.37,1109.38,2.5241808465259834
1999-02-04,0.79,282.64,20.78,10.1,1247.7,1.720261064313086
1999-02-05,0.0,380.41,22.5,5.35,902.34,1.4148139702796898
1999-02-06,0.0,375.37,22.79,6.22,940.31,1.2366364987602088
1999-02-07,0.0,329.22,25.12,11.52,1361.35,1.1114880366215254
1999-02-08,0.0,242.53,25.72,16.56,1884.74,1.0351262631131763
1999-02-09,0.0,230.87,25.76,17.27,1963.9,0.9799760933571464
1999-02-10,1.09,210.35,25.14,17.43,1989.21,0.9311894047268122
1999-02-11,0.0,237.81,26.37,17.99,2079.06,0.9057354802240293
1999-02-12,0.1,423.27,26.17,5.83,928.09,0.8930085179726378
1999-02-13,0.44,366.76,13.49,0.53,633.72,0.8611911123441589
1999-02-14,0.0,408.11,14.54,-1.1,563.5,0.8251313859652163
1999-02-15,0.0,419.38,15.86,-0.7,583.96,0.7890716595862738
1999-02-16,0.0,420.55,19.93,2.66,737.59,0.7678600558339546
1999-02-17,0.0,362.82,22.7,9.25,1179.99,0.7636177350834907
1999-02-18,11.43,218.68,18.89,9.52,1201.3,0.8739180745955505
1999-02-19,0.0,316.51,17.97,7.9,1072.15,1.0033088574846976
1999-02-20,0.0,373.74,16.7,4.1,815.51,1.0287627819874805
1999-02-21,2.0,395.76,18.6,4.4,834.44,0.9608856499800592
1999-02-22,0.0,397.75,11.66,-1.93,529.43,0.8611911123441589
1999-02-23,0.23,411.02,14.09,-0.4,596.29,0.8039197822128972
1999-02-24,0.0,442.25,19.78,2.29,719.65,0.7657388954587226
1999-02-25,0.0,444.9,19.5,2.15,720.0,0.7339214898302439
1999-02-26,0.0,457.23,22.92,3.92,806.33,0.706346404952229
1999-02-27,0.0,412.7,24.49,9.09,1167.07,0.6914982823256055
1999-02-28,17.34,282.19,22.56,9.64,1210.98,0.7784658577101141
1999-03-01,0.0,433.14,22.54,5.93,920.16,1.1708805271280192
1999-03-02,0.0,443.85,24.55,6.67,973.46,1.1708805271280192
1999-03-03,5.87,312.87,22.52,7.03,1002.35,1.0372474234884081
1999-03-04,0.0,442.12,15.84,-0.46,597.57,1.0181569801113208
1999-03-05,0.0,435.74,18.86,2.66,743.5,0.9481586877286676
1999-03-06,6.13,279.72,22.77,9.67,1213.73,0.8611911123441589
1999-03-07,0.0,467.59,26.21,6.3,946.13,0.8060409425881291
1999-03-08,0.0,318.52,17.91,7.83,1066.72,0.7699812162091865
1999-03-09,40.1,226.07,21.65,12.03,1402.66,1.412692809904458
1999-03-10,0.0,459.42,25.75,7.42,1033.56,3.8605118829220917
1999-03-11,0.0,409.14,22.79,8.21,1097.18,3.669607449151219
1999-03-12,11.24,230.76,17.95,8.24,1098.87,2.114796894106223
1999-03-13,26.13,237.29,18.68,8.64,1131.01,2.587815657782941
1999-03-14,71.53,260.24,18.43,7.52,1041.61,6.724078389485182
1999-03-15,0.24,314.23,12.14,2.85,750.79,9.884607348580742
1999-03-16,0.0,457.97,17.35,1.57,685.21,14.0420816840353
1999-03-17,0.0,478.81,21.82,4.12,809.34,10.754283102425827
1999-03-18,0.0,449.66,23.91,8.0,1079.99,5.302900938079797
1999-03-19,0.0,425.14,25.31,10.61,1289.08,2.693873676544537
1999-03-20,0.0,432.21,25.53,10.38,1270.16,2.019344677220787
1999-03-21,0.0,466.75,24.55,7.43,1034.35,1.775411234069116
1999-03-22,0.0,472.61,22.18,5.08,886.09,1.6354146493038093
1999-03-23,0.0,482.61,22.85,4.99,879.31,1.412692809904458
1999-03-24,0.0,453.54,24.52,8.29,1102.85,1.2578481025125279
1999-03-25,0.0,385.9,25.43,12.52,1441.56,1.175122847878483
1999-03-26,7.06,337.07,20.26,5.15,892.13,1.2090614138821936
1999-03-27,0.0,482.5,19.19,2.45,721.41,1.251484621386832
1999-03-28,0.0,485.4,21.0,4.03,806.59,1.145426602625236
1999-03-29,0.0,372.27,23.05,11.41,1353.09,1.041489744238872
1999-03-30,0.03,278.53,21.69,13.5,1560.0,0.9842184141076102
1999-03-31,20.88,129.97,17.99,13.3,1523.14,1.5760221587973156
1999-04-01,0.0,350.36,21.63,11.56,1364.73,2.017223516845555
1999-04-02,0.0,431.96,27.21,13.37,1538.84,1.7457149888158692
1999-04-03,0.0,345.64,27.01,16.76,1900.53,1.355421479773196
1999-04-04,0.0,262.53,26.03,18.66,2145.73,1.1560324045013957
1999-04-05,0.0,272.38,26.8,19.19,2230.29,1.2196672157583532
1999-04-06,1.17,271.32,28.26,20.34,2373.95,1.3214829137694852
1999-04-07,3.58,256.09,28.02,19.57,2281.68,1.090276432869206
1999-04-08,0.0,348.65,29.31,19.39,2261.81,0.992703055608538
1999-04-09,0.0,329.67,29.42,20.3,2372.7,0.912098961349725
1999-04-10,0.0,332.04,30.2,21.03,2484.93,0.8272525463404482
1999-04-11,0.0,349.44,30.88,21.09,2493.69,0.7593754143330269
1999-04-12,0.0,502.86,29.64,13.44,1541.65,0.704225244576997
1999-04-13,0.0,531.48,28.64,10.61,1288.81,0.653317395571431
1999-04-14,0.0,522.15,27.81,10.52,1281.91,0.6151365088172563
1999-04-15,6.36,330.48,26.2,13.96,1596.19,0.6045307069410968
1999-04-16,0.0,516.63,24.11,8.32,1105.52,0.5790767824383137
1999-04-17,0.0,469.06,19.69,7.02,1001.69,0.5557440183107627
1999-04-18,0.0,534.26,20.88,4.78,862.4,0.5430170560593712
1999-04-19,0.0,548.59,22.91,5.44,915.17,0.5324112541832116
1999-04-20,0.0,543.31,26.85,8.89,1151.45,0.521805452307052
1999-04-21,0.0,518.99,28.38,11.78,1382.14,0.5069573296804286
1999-04-22,0.0,458.05,27.78,14.59,1662.58,0.49423036742903703
1999-04-23,0.0,374.96,28.32,18.27,2106.33,0.4836245655528774
1999-04-24,0.0,380.95,30.12,19.69,2294.83,0.47301876367671786
1999-04-25,0.0,426.35,31.91,19.61,2287.17,0.4624129618005583
1999-04-26,1.2,365.36,29.65,19.32,2243.71,0.4539283202996306
1999-04-27,4.05,279.65,29.6,19.88,2317.64,0.4687764429262541
1999-04-28,0.0,462.36,30.67,17.55,2007.53,0.4921092070538051
1999-04-29,0.0,516.85,31.27,15.0,1720.17,0.4560494806748625
1999-04-30,0.0,481.83,27.22,13.53,1561.57,0.43059555617207945
1999-05-01,0.0,538.32,24.8,8.44,1115.52,0.4136262731702241
1999-05-02,0.0,545.9,26.57,9.29,1161.66,0.40089931091883263
1999-05-03,0.0,526.02,27.59,11.17,1320.52,0.392414669417905
1999-05-04,0.0,453.18,27.4,14.41,1642.84,0.3839300279169773
1999-05-05,13.4,248.82,27.43,18.52,2133.22,0.38180886754174537
1999-05-06,3.95,281.32,29.83,19.44,2258.55,0.390293509042673
1999-05-07,0.0,461.91,30.1,16.04,1820.7,0.3945358297931369
1999-05-08,0.0,535.0,29.42,11.44,1353.03,0.3966569901683688
1999-05-09,0.0,521.71,30.24,12.66,1452.97,0.38180886754174537
1999-05-10,0.0,503.03,30.89,14.05,1602.93,0.36696074491512193
1999-05-11,5.56,320.67,28.99,15.97,1802.38,0.3627184241646581
1999-05-12,7.33,205.64,25.14,17.79,2046.86,0.392414669417905
1999-05-13,9.85,308.1,28.44,18.0,2073.51,0.4284743957968476
1999-05-14,0.0,493.34,30.38,14.63,1667.61,0.443322518423471
1999-05-15,0.0,483.38,29.89,14.7,1671.56,0.4199897542959199
1999-05-16,0.0,434.28,30.35,17.29,1965.87,0.3839300279169773
1999-05-17,0.0,438.77,30.43,17.17,1946.5,0.3584761034141943
1999-05-18,0.0,419.42,30.39,17.98,2076.32,0.3436279807875708
1999-05-19,0.0,430.31,30.66,17.89,2055.11,0.3499914619132666
1999-05-20,0.0,507.93,30.46,14.26,1623.6,0.3499914619132666
1999-05-21,0.0,486.37,31.24,16.02,1805.36,0.3287798581609474
1999-05-22,0.0,484.74,31.91,16.54,1876.96,0.3160528959095559
1999-05-23,9.34,424.72,32.31,18.29,2103.09,0.31181057515909205
1999-05-24,35.8,301.54,30.62,18.82,2171.56,0.4921092070538051
1999-05-25,0.0,478.57,30.5,15.57,1766.09,1.3978446872778345
1999-05-26,0.0,420.38,31.48,18.75,2163.97,0.886645036846942
1999-05-27,0.0,395.76,31.37,19.52,2281.18,0.598167225815401
1999-05-28,0.0,379.82,30.5,19.39,2261.37,0.48150340517764556
1999-05-29,26.77,276.49,29.68,19.18,2227.55,0.4412013580482391
1999-05-30,9.67,241.85,28.74,19.89,2317.73,0.5684709805621542
1999-05-31,7.64,257.37,28.28,19.53,2274.87,0.6469539144457352
1999-06-01,15.02,302.67,30.81,19.35,2252.82,1.0075511782351614
1999-06-02,0.0,401.16,31.63,20.22,2354.92,1.2302730176345127
1999-06-03,0.0,411.46,32.05,20.23,2356.05,0.8951296783478696
1999-06-04,0.0,401.53,33.27,21.49,2557.6,0.6660443578228225
1999-06-05,0.0,424.45,34.16,21.26,2521.2,0.5345324145584435
1999-06-06,0.0,408.7,32.67,20.73,2437.49,0.4602918014253264
1999-06-07,0.0,404.93,32.15,20.62,2418.56,0.41574743354545607
1999-06-08,0.0,426.29,32.31,20.1,2335.32,0.390293509042673
1999-06-09,7.83,339.55,32.52,19.35,2255.01,0.4093839524197603
1999-06-10,0.0,429.78,32.12,19.92,2318.01,0.496351527804269
1999-06-11,6.5,379.94,32.01,20.18,2348.43,0.47938224480241365
1999-06-12,19.95,303.0,31.17,19.95,2324.66,1.8835904132059438
1999-06-13,9.71,300.74,31.18,20.65,2420.57,1.5463259135440686
1999-06-14,6.42,260.93,30.49,21.39,2541.65,1.1369419611243083
1999-06-15,8.82,281.73,31.7,21.61,2578.29,0.9036143198487975
1999-06-16,10.06,270.52,30.77,21.38,2540.87,1.0139146593608572
1999-06-17,10.63,286.87,30.55,21.24,2518.19,1.2387576591354406
1999-06-18,0.0,462.05,30.94,18.11,2084.36,1.0096723386103934
1999-06-19,0.0,472.87,30.41,17.33,1968.82,0.755133093582563
1999-06-20,0.0,472.87,30.9,17.76,2033.85,0.5939249050649372
1999-06-21,0.0,471.93,30.9,17.86,2049.31,0.5133208108061244
1999-06-22,0.0,434.57,31.42,19.8,2303.75,0.4645341221757902
1999-06-23,8.92,344.15,31.84,20.84,2454.32,0.5111996504308923
1999-06-24,1.83,348.06,31.96,21.94,2629.65,0.5663498201869224
1999-06-25,8.99,280.92,32.16,22.59,2733.7,0.6024095465658649
1999-06-26,32.15,270.1,30.88,22.0,2640.0,1.8390460453260733
1999-06-27,12.96,237.22,30.45,22.88,2780.34,2.2484299977458337
1999-06-28,0.0,323.05,32.23,24.28,3044.02,1.2684539043886873
1999-06-29,0.0,326.23,32.77,24.66,3106.71,0.9057354802240293
1999-06-30,0.0,368.04,32.75,23.46,2882.31,0.704225244576997
1999-07-01,0.0,386.16,33.12,23.23,2843.15,0.5854402635640096
1999-07-02,0.0,396.16,33.44,23.19,2832.11,0.5175631315565882
1999-07-03,0.0,394.87,33.25,23.13,2821.45,0.48150340517764556
1999-07-04,0.83,398.5,32.44,22.16,2666.07,0.45180715992439874
1999-07-05,13.47,304.96,32.3,22.09,2653.72,0.5663498201869224
1999-07-06,3.67,326.23,31.71,21.97,2634.55,0.7233156879540843
1999-07-07,0.0,431.12,33.26,22.06,2648.98,0.653317395571431
1999-07-08,16.52,302.37,31.78,21.88,2620.02,0.7763446973348823
1999-07-09,15.66,279.73,30.29,21.63,2581.48,1.0308839423627125
1999-07-10,0.65,386.7,32.06,22.33,2692.72,0.7911928199615056
1999-07-11,4.52,328.67,31.76,22.61,2737.95,0.7254368483293162
1999-07-12,15.34,299.56,32.08,22.5,2720.0,0.7572542539577949
1999-07-13,18.28,290.72,29.89,21.07,2491.59,2.3332764127551107
1999-07-14,0.0,468.24,30.86,19.12,2219.41,1.7881381963205074
1999-07-15,0.0,454.8,31.84,20.35,2377.91,0.9905818952333061
1999-07-16,0.0,427.83,32.14,21.54,2565.83,0.7211945275788523
1999-07-17,10.48,303.87,31.26,21.55,2568.78,0.7127098860779246
1999-07-18,2.15,399.42,31.57,21.29,2526.46,0.7105887257026927
1999-07-19,0.02,395.47,31.27,21.97,2635.35,0.6639231974475905
1999-07-20,8.13,324.73,31.71,21.66,2585.62,0.5408958956841393
1999-07-21,0.0,435.37,31.92,21.37,2539.31,0.5345324145584435
1999-07-22,0.0,453.82,34.0,22.24,2678.48,0.48574572592810933
1999-07-23,0.0,428.23,34.81,23.81,2954.86,0.4327167165473114
1999-07-24,17.34,340.74,34.77,23.13,2821.19,0.3966569901683688
1999-07-25,2.32,421.74,34.45,22.85,2777.31,0.4199897542959199
1999-07-26,15.37,343.9,33.61,22.11,2657.36,0.8760392349707824
1999-07-27,21.87,351.88,33.82,21.14,2501.95,1.276938545889615
1999-07-28,0.0,459.07,34.54,21.96,2632.83,0.9799760933571464
1999-07-29,0.0,439.63,35.33,23.21,2833.8,0.6893771219503736
1999-07-30,16.13,335.5,35.34,23.46,2878.92,0.5769556220630819
1999-07-31,11.5,343.78,34.97,22.73,2757.02,0.8463429897175356
1999-08-01,0.0,413.82,35.74,24.32,3051.71,0.9799760933571464
1999-08-02,0.0,421.04,36.5,24.54,3086.27,0.6596808766971267
1999-08-03,0.0,442.55,36.45,23.56,2894.38,0.5133208108061244
1999-08-04,0.0,436.3,35.59,23.15,2823.73,0.4602918014253264
1999-08-05,0.0,435.97,35.35,22.91,2785.28,0.42635323542161563
1999-08-06,0.0,435.01,35.84,23.24,2838.17,0.390293509042673
1999-08-07,0.0,424.74,35.44,23.31,2855.88,0.36483958453989
1999-08-08,0.04,378.99,34.97,24.51,3081.9,0.36059726378942614
1999-08-09,4.12,356.61,34.87,24.51,3082.06,0.36483958453989
1999-08-10,19.74,310.56,34.17,22.61,2737.13,1.1496689233757
1999-08-11,8.94,265.96,32.14,23.07,2812.0,1.0330051027379443
1999-08-12,0.0,375.18,34.88,24.45,3072.43,0.6936194427008374
1999-08-13,0.0,379.95,35.5,24.78,3127.76,0.5111996504308923
1999-08-14,0.0,409.46,36.62,24.49,3077.77,0.42635323542161563
1999-08-15,0.0,486.68,36.83,20.76,2441.65,0.37544538641604963
1999-08-16,0.0,453.05,33.5,20.14,2349.56,0.34574914116280275
1999-08-17,0.0,444.02,35.15,21.62,2578.99,0.3309010185361793
1999-08-18,0.0,401.49,35.72,23.68,2923.6,0.3245375374104836
1999-08-19,0.0,422.14,36.64,23.4,2867.58,0.3160528959095559
1999-08-20,0.0,411.17,36.86,23.92,2973.0,0.30120477328293244
1999-08-21,9.13,331.31,36.44,22.6,2735.49,0.286356650656309
1999-08-22,0.0,396.99,35.01,23.03,2804.1,0.30332593365816435
1999-08-23,0.0,369.71,34.69,23.77,2942.91,0.3266586977857155
1999-08-24,0.0,393.28,35.48,23.48,2877.88,0.31181057515909205
1999-08-25,6.56,353.58,34.38,22.89,2782.15,0.2969624525324686
1999-08-26,35.39,327.41,35.01,21.2,2512.61,0.2842354902810771
1999-08-27,0.0,414.68,34.82,22.0,2639.52,0.38817234866744116
1999-08-28,6.01,332.51,34.5,22.06,2650.12,0.40726279204452837
1999-08-29,0.0,411.53,34.23,21.58,2572.94,0.3987781505436007
1999-08-30,0.42,386.21,33.85,21.83,2613.39,0.37120306566558575
1999-08-31,0.24,382.56,33.57,22.02,2643.93,0.3542337826637304
1999-09-01,8.07,275.39,32.56,22.04,2645.93,0.3287798581609474
1999-09-02,6.29,246.71,30.58,21.94,2630.46,0.32241637703525167
1999-09-03,13.33,185.45,27.28,21.01,2480.95,0.3266586977857155
1999-09-04,15.18,294.42,31.54,21.64,2582.9,0.3839300279169773
1999-09-05,2.67,359.22,33.39,22.01,2640.81,0.5387747353089074
1999-09-06,5.19,343.91,34.33,22.98,2796.65,0.45180715992439874
1999-09-07,2.67,355.52,34.1,21.7,2592.25,0.3860511882922092
1999-09-08,8.26,307.29,33.49,20.91,2466.1,0.3521126222884985
1999-09-09,0.25,395.1,32.42,20.61,2418.16,0.3266586977857155
1999-09-10,0.0,434.77,31.08,17.72,2034.09,0.30968941478386014
1999-09-11,0.0,498.42,31.88,14.17,1613.7,0.2948412921572367
1999-09-12,0.0,463.55,32.86,16.96,1926.7,0.2842354902810771
1999-09-13,0.0,427.03,33.07,18.98,2197.26,0.27575084878014944
1999-09-14,0.0,415.2,32.5,19.11,2217.42,0.2651450469039899
1999-09-15,0.0,420.23,32.0,18.42,2119.24,0.2566604054030622
1999-09-16,0.0,459.46,32.0,16.13,1821.79,0.2502969242773664
1999-09-17,0.0,466.42,31.1,14.81,1689.13,0.2418122827764387
1999-09-18,0.0,476.16,30.52,13.51,1551.68,0.23969112240120682
1999-09-19,0.0,453.25,31.2,15.29,1734.99,0.23756996202597488
1999-09-20,0.0,361.41,31.93,20.29,2366.07,0.23969112240120682
1999-09-21,0.0,378.37,31.15,18.9,2183.94,0.23756996202597488
1999-09-22,0.0,458.16,27.82,12.01,1400.44,0.23544880165074297
1999-09-23,0.0,477.98,26.01,8.98,1158.07,0.23120648090027915
1999-09-24,0.0,486.58,28.2,9.5,1199.77,0.2290853205250472
1999-09-25,0.0,466.46,29.51,11.77,1381.55,0.2290853205250472
1999-09-26,0.0,424.09,30.25,14.89,1701.78,0.23120648090027915
1999-09-27,0.0,367.28,31.35,18.51,2123.91,0.23120648090027915
1999-09-28,1.09,283.86,31.64,21.52,2563.0,0.23544880165074297
1999-09-29,8.27,210.28,29.97,20.77,2442.53,0.23969112240120682
1999-09-30,15.04,307.95,25.75,12.4,1432.07,0.2715085280296856
1999-10-01,0.0,433.1,25.15,9.6,1207.89,0.2927201317820048
1999-10-02,0.0,460.53,28.99,10.1,1247.75,0.28847781103154096
1999-10-03,0.0,398.38,30.58,15.19,1723.34,0.31181057515909205
1999-10-04,0.19,279.67,30.7,20.65,2423.29,0.2969624525324686
1999-10-05,4.01,351.11,29.77,12.91,1486.07,0.2927201317820048
1999-10-06,0.0,423.49,27.18,10.23,1258.62,0.27575084878014944
1999-10-07,0.0,393.08,27.83,12.44,1442.87,0.2630238865287579
1999-10-08,9.94,124.86,25.48,19.77,2301.83,0.2693873676544537
1999-10-09,60.87,137.77,26.74,20.35,2376.58,0.37120306566558575
1999-10-10,20.44,114.62,26.21,21.0,2480.0,0.9630068103552911
1999-10-11,18.33,139.6,26.26,20.0,2331.8,1.881469252830712
1999-10-12,0.0,304.97,29.06,18.14,2085.36,2.396911224012068
1999-10-13,0.0,305.6,29.22,18.24,2096.44,1.5972337625496347
1999-10-14,0.0,351.79,29.31,16.09,1818.04,0.9142201217249569
1999-10-15,0.0,345.12,29.5,16.49,1871.57,0.6681655181980544
1999-10-16,0.0,357.68,29.5,15.75,1783.85,0.5515016975602989
1999-10-17,0.0,324.48,29.33,17.31,1972.48,0.48574572592810933
1999-10-18,0.0,347.9,28.6,15.52,1761.86,0.43695903729777524
1999-10-19,0.0,301.48,25.06,14.73,1676.85,0.3987781505436007
1999-10-20,0.75,321.71,22.65,11.69,1375.11,0.36908190529035384
1999-10-21,0.0,384.76,21.56,7.27,1021.47,0.3499914619132666
1999-10-22,0.0,414.74,23.37,6.29,943.39,0.3351433392866432
1999-10-23,0.0,413.76,25.14,7.49,1039.13,0.3245375374104836
1999-10-24,0.0,421.95,20.76,3.02,761.01,0.31181057515909205
1999-10-25,0.0,413.54,19.33,2.47,725.57,0.30120477328293244
1999-10-26,0.0,416.75,21.52,3.54,791.81,0.2969624525324686
1999-10-27,0.0,415.14,24.78,5.7,920.06,0.2927201317820048
1999-10-28,0.0,401.18,26.49,7.96,1076.56,0.28847781103154096
1999-10-29,0.0,382.7,26.12,8.89,1151.18,0.2842354902810771
1999-10-30,0.0,342.53,26.38,11.87,1389.72,0.27999316953061326
1999-10-31,12.61,182.33,25.04,15.81,1789.73,0.286356650656309
1999-11-01,34.59,203.94,24.28,13.97,1596.37,0.4921092070538051
1999-11-02,0.0,296.52,22.33,11.13,1330.04,0.9651279707305229
1999-11-03,0.0,372.57,17.46,1.95,708.55,0.72967916907978
1999-11-04,0.0,389.06,18.65,1.25,660.33,0.5684709805621542
1999-11-05,0.0,380.2,21.47,4.2,815.93,0.47513992405194977
1999-11-06,0.0,377.61,23.7,5.92,920.79,0.4221109146711518
1999-11-07,0.0,374.03,24.79,6.46,956.53,0.38817234866744116
1999-11-08,0.0,344.01,24.71,8.64,1131.26,0.36483958453989
1999-11-09,0.0,340.64,25.49,9.06,1164.69,0.34787030153803467
1999-11-10,0.0,318.71,26.0,10.74,1299.58,0.3330221789114112
1999-11-11,0.0,305.25,27.12,12.36,1428.82,0.3245375374104836
1999-11-12,0.0,328.8,26.46,9.79,1222.86,0.31817405628478784
1999-11-13,0.0,312.77,24.73,9.39,1190.81,0.31181057515909205
1999-11-14,0.0,324.07,25.29,8.74,1139.0,0.30756825440862817
1999-11-15,0.0,293.17,24.2,9.95,1236.31,0.30756825440862817
1999-11-16,0.0,344.54,22.08,3.74,800.0,0.30332593365816435
1999-11-17,0.0,327.32,20.43,3.64,800.0,0.2969624525324686
1999-11-18,0.0,338.14,20.45,2.26,720.17,0.2948412921572367
1999-11-19,0.0,327.85,22.7,4.77,861.9,0.4051416316692965
1999-11-20,0.5,221.57,23.9,12.75,1469.31,0.4560494806748625
1999-11-21,0.19,215.41,23.69,13.25,1524.35,0.4602918014253264
1999-11-22,0.0,208.47,24.0,13.95,1596.26,0.4560494806748625
1999-11-23,0.23,215.84,24.0,13.65,1566.4,0.4475648391739348
1999-11-24,0.0,238.91,25.01,13.3,1525.49,0.443322518423471
1999-11-25,0.0,167.91,19.98,12.51,1440.67,0.43695903729777524
1999-11-26,2.64,194.59,15.61,5.39,898.6,0.4327167165473114
1999-11-27,0.0,329.48,17.84,0.72,639.9,0.4284743957968476
1999-11-28,0.0,343.75,21.0,1.48,678.26,0.4242320750463837
1999-11-29,0.0,334.51,22.53,3.53,800.0,0.4136262731702241
1999-11-30,0.0,314.64,20.39,3.51,791.29,0.4051416316692965
1999-12-01,0.0,324.2,17.38,-0.36,598.63,0.392414669417905
1999-12-02,0.0,326.05,19.39,0.8,643.36,0.38180886754174537
1999-12-03,0.0,294.68,22.47,6.34,950.51,0.37544538641604963
1999-12-04,0.16,203.38,23.42,13.32,1527.16,0.36696074491512193
1999-12-05,5.75,106.5,21.74,15.03,1714.05,0.37332422604081766
1999-12-06,0.02,277.23,19.89,5.85,920.0,0.36483958453989
1999-12-07,0.0,288.62,12.97,-1.18,560.2,0.3563549430389623
1999-12-08,0.0,303.09,16.24,0.54,631.33,0.34150682041233893
1999-12-09,0.0,239.34,19.21,7.8,1064.39,0.339385660037107
1999-12-10,1.15,282.04,22.63,7.86,1069.11,0.339385660037107
1999-12-11,0.0,262.55,18.58,5.77,919.97,0.3351433392866432
1999-12-12,3.21,218.48,22.16,9.34,1187.52,0.3351433392866432
1999-12-13,25.83,170.44,24.17,13.02,1492.28,0.390293509042673
1999-12-14,0.0,258.37,16.63,4.5,840.0,0.47938224480241365
1999-12-15,0.0,238.87,16.59,5.71,920.0,0.5324112541832116
1999-12-16,0.0,322.09,15.11,-2.02,520.85,0.5239266126822839
1999-12-17,0.0,326.16,16.59,-1.3,558.58,0.4645341221757902
1999-12-18,3.3,293.33,17.82,2.45,730.29,0.43908019767300716
1999-12-19,40.05,88.54,11.36,6.67,973.98,0.7827081784605779
1999-12-20,0.0,170.85,12.88,5.93,920.0,1.3214829137694852
1999-12-21,33.22,127.21,13.07,6.22,939.26,1.4826911022871112
1999-12-22,0.0,269.51,11.82,-0.05,607.56,1.853894167952697
1999-12-23,0.0,290.35,13.08,-0.41,592.47,1.5251143097917494
1999-12-24,0.0,315.91,15.39,-0.72,582.72,1.198455612006034
1999-12-25,0.0,321.91,15.56,-1.51,553.97,0.8802815557212463
1999-12-26,0.0,307.09,12.61,-2.75,500.05,0.7169522068283886
1999-12-27,0.0,321.21,16.83,-0.42,600.0,0.6278634710686479
1999-12-28,0.0,306.79,16.92,1.32,665.68,0.5705921409373861
1999-12-29,0.0,313.96,15.55,-0.42,596.96,0.5345324145584435
1999-12-30,0.0,328.83,18.84,0.72,640.58,0.5027150089299647
1999-12-31,0.0,321.03,22.0,4.35,828.83,0.47938224480241365
2000-01-01,0.0,277.12,22.75,9.7,1215.71,0.4624129618005583
2000-01-02,0.0,258.36,22.47,10.75,1299.84,0.44544367879870295
2000-01-03,0.0,174.86,24.08,16.51,1878.16,0.43695903729777524
2000-01-04,15.87,215.08,23.11,9.45,1196.0,0.44544367879870295
2000-01-05,0.0,309.19,12.84,-1.21,560.0,0.5239266126822839
2000-01-06,0.0,320.58,13.14,-1.8,538.05,0.704225244576997
2000-01-07,0.0,341.41,16.86,-0.71,580.1,0.6914982823256055
2000-01-08,0.0,328.68,19.1,2.77,743.26,0.5896825843144734
2000-01-09,2.04,245.04,22.0,9.93,1234.49,0.5345324145584435
2000-01-10,19.95,183.48,22.66,12.06,1404.75,0.7105887257026927
2000-01-11,0.0,315.78,22.45,7.16,1012.58,1.1539112441261639
2000-01-12,0.0,308.95,23.28,8.53,1122.17,0.992703055608538
2000-01-13,0.04,248.91,24.73,13.83,1586.14,0.8017986218376653
2000-01-14,0.0,358.03,23.12,3.18,773.0,0.6724078389485182
2000-01-15,0.0,328.75,15.69,0.75,641.02,0.5918037446897053
2000-01-16,0.0,343.77,20.48,3.49,783.22,0.5366535749336754
2000-01-17,0.0,332.09,22.98,6.89,991.2,0.496351527804269
2000-01-18,0.0,312.91,23.85,9.4,1192.21,0.47089760330148595
2000-01-19,0.0,252.86,23.83,13.22,1514.87,0.4496859995491667
2000-01-20,0.0,315.18,22.88,8.68,1134.33,0.43483787692254333
2000-01-21,0.0,339.24,13.11,-1.56,547.59,0.41574743354545607
2000-01-22,0.0,323.51,15.6,2.0,703.16,0.40302047129406454
2000-01-23,6.0,187.39,19.51,9.79,1222.87,0.40726279204452837
2000-01-24,9.78,252.3,18.2,3.62,799.46,0.545138216434603
2000-01-25,0.0,304.26,8.92,-2.64,503.11,0.7742235369596503
2000-01-26,0.0,333.61,9.45,-3.81,455.09,0.7169522068283886
2000-01-27,0.0,270.74,7.0,-2.65,505.79,0.6108941880667926
2000-01-28,6.12,131.67,6.5,0.66,633.56,0.545138216434603
2000-01-29,2.83,102.72,7.67,3.5,785.09,0.5239266126822839
2000-01-30,2.74,175.23,8.85,1.82,695.93,0.549380537185067
2000-01-31,0.0,350.22,11.56,-2.29,518.91,0.5621074994364584
2000-02-01,0.0,340.27,12.25,-0.89,577.3,0.549380537185067
2000-02-02,0.0,325.32,14.97,2.48,727.18,0.5154419711813563
2000-02-03,0.0,379.26,14.98,-1.26,559.61,0.48150340517764556
2000-02-04,0.0,390.67,17.93,0.28,620.81,0.4539283202996306
2000-02-05,0.0,398.34,16.06,-1.97,531.67,0.43059555617207945
2000-02-06,0.0,388.34,12.42,-3.85,454.34,0.41574743354545607
2000-02-07,0.0,399.06,15.85,-1.66,545.99,0.40302047129406454
2000-02-08,0.23,369.37,17.48,2.42,724.7,0.3945358297931369
2000-02-09,1.04,395.82,18.82,1.37,669.49,0.392414669417905
2000-02-10,0.0,404.35,20.79,2.3,722.78,0.390293509042673
2000-02-11,0.0,367.4,22.37,6.97,997.49,0.38817234866744116
2000-02-12,0.0,254.02,23.99,14.5,1647.76,0.3839300279169773
2000-02-13,0.0,271.14,24.63,14.61,1657.61,0.37968770716651346
2000-02-14,7.1,191.46,24.32,15.29,1742.89,1.090276432869206
2000-02-15,0.0,398.67,23.75,7.02,1001.95,0.8760392349707824
2000-02-16,0.0,383.86,24.82,9.24,1179.01,0.5918037446897053
2000-02-17,0.0,301.37,25.07,14.22,1617.6,0.496351527804269
2000-02-18,0.0,256.29,24.88,16.03,1810.39,0.45180715992439874
2000-02-19,0.0,336.32,25.43,13.13,1508.07,0.43059555617207945
2000-02-20,0.0,432.24,18.56,1.11,648.65,0.40302047129406454
2000-02-21,0.0,435.87,19.38,1.6,688.34,0.3839300279169773
2000-02-22,0.0,435.67,20.65,2.62,730.3,0.37120306566558575
2000-02-23,0.0,415.04,22.49,6.05,935.51,0.3584761034141943
2000-02-24,0.24,320.96,23.16,12.01,1400.66,0.3521126222884985
2000-02-25,0.0,319.1,24.59,13.49,1548.19,0.34787030153803467
2000-02-26,0.0,303.81,25.17,14.72,1674.73,0.34150682041233893
2000-02-27,20.63,314.63,24.91,8.14,1091.48,0.3966569901683688
2000-02-28,0.0,430.83,22.35,5.05,883.97,0.7827081784605779
2000-02-29,0.0,442.04,22.5,4.12,813.3,0.6914982823256055
2000-03-01,0.0,426.39,25.29,7.69,1054.95,0.5875614239392415
2000-03-02,0.0,384.25,26.23,11.32,1345.32,0.5069573296804286
2000-03-03,0.0,349.71,25.4,12.5,1440.12,0.4496859995491667
2000-03-04,2.49,351.34,24.67,8.17,1093.68,0.41574743354545607
2000-03-05,0.0,411.64,19.66,4.57,845.81,0.3966569901683688
2000-03-06,0.0,438.28,22.98,5.9,923.56,0.3839300279169773
2000-03-07,0.0,439.42,25.47,7.99,1079.29,0.36696074491512193
2000-03-08,0.0,400.09,25.95,11.06,1324.96,0.3563549430389623
2000-03-09,0.0,353.58,26.25,13.75,1579.81,0.34787030153803467
2000-03-10,0.0,290.83,27.36,17.49,1997.94,0.339385660037107
2000-03-11,10.65,281.01,26.52,13.49,1551.96,0.339385660037107
2000-03-12,5.92,396.86,19.81,1.42,674.68,0.392414669417905
2000-03-13,0.0,477.49,19.21,1.22,657.79,0.5027150089299647
2000-03-14,0.0,456.09,20.69,3.99,807.81,0.46665528255102207
2000-03-15,0.0,425.48,22.47,7.3,1022.79,0.43695903729777524
2000-03-16,8.27,205.91,22.8,14.09,1607.29,0.4093839524197603
2000-03-17,0.0,395.08,25.92,12.26,1420.27,0.40726279204452837
2000-03-18,3.91,329.97,24.0,12.07,1405.64,0.40726279204452837
2000-03-19,47.0,209.06,21.41,12.82,1465.89,2.063889045100657
2000-03-20,10.67,364.18,21.73,4.42,837.86,3.818088675417453
2000-03-21,0.0,470.55,21.89,5.01,880.2,2.4393344315167065
2000-03-22,0.0,468.67,25.36,8.17,1093.27,1.3787542439007472
2000-03-23,0.0,446.11,26.2,10.39,1271.15,0.9630068103552911
2000-03-24,0.0,434.56,26.64,11.5,1360.04,0.755133093582563
2000-03-25,0.0,398.49,26.15,12.85,1467.77,0.6342269521943437
2000-03-26,0.03,341.11,25.92,14.99,1718.44,0.5621074994364584
2000-03-27,15.26,229.43,23.2,13.87,1589.66,0.5260477730575158
2000-03-28,0.0,493.9,23.64,5.89,925.6,0.5324112541832116
2000-03-29,0.0,457.15,26.91,10.95,1310.82,0.678771320074214
2000-03-30,6.05,226.63,26.21,16.96,1919.69,1.1008822347453657
2000-03-31,0.0,466.31,27.45,11.36,1345.75,0.780587018085346
2000-04-01,0.0,414.73,26.39,13.14,1503.76,0.6130153484420245
2000-04-02,0.0,306.52,25.93,16.82,1906.8,0.5430170560593712
2000-04-03,0.0,294.71,27.01,18.31,2104.68,0.5069573296804286
2000-04-04,23.83,352.71,22.38,7.64,1051.4,1.0202781404865529
2000-04-05,0.0,499.75,18.82,3.09,767.31,1.1581535648766275
2000-04-06,0.0,510.5,22.18,5.36,894.4,0.9778549329819145
2000-04-07,0.0,449.79,24.18,10.42,1273.55,0.7699812162091865
2000-04-08,1.49,406.29,25.12,13.1,1499.63,0.6172576691924883
2000-04-09,0.0,534.55,18.86,1.08,650.24,0.5239266126822839
2000-04-10,0.0,531.67,20.99,3.08,743.63,0.4624129618005583
2000-04-11,0.0,495.68,23.5,7.58,1021.56,0.42635323542161563
2000-04-12,0.0,399.11,25.61,13.88,1590.1,0.40089931091883263
2000-04-13,19.0,251.15,25.15,15.81,1784.69,0.41150511279499224
2000-04-14,13.8,272.95,23.49,13.64,1570.87,0.7190733672036205
2000-04-15,0.0,365.76,23.84,13.79,1583.01,1.0499743857397998
2000-04-16,0.0,381.19,24.99,14.41,1632.67,0.7657388954587226
2000-04-17,0.0,412.29,27.99,15.92,1793.58,0.6130153484420245
2000-04-18,0.0,518.02,28.15,10.79,1278.09,0.5133208108061244
2000-04-19,0.0,503.51,28.14,11.72,1366.8,0.443322518423471
2000-04-20,0.0,456.12,29.52,15.31,1743.53,0.40089931091883263
2000-04-21,0.0,481.57,28.01,13.01,1491.58,0.37120306566558575
2000-04-22,0.0,541.15,26.52,8.34,1075.89,0.34574914116280275
2000-04-23,0.0,484.62,26.16,11.39,1345.85,0.3287798581609474
2000-04-24,17.72,266.25,24.93,15.32,1745.86,0.3309010185361793
2000-04-25,0.0,503.33,25.44,9.89,1226.15,0.34574914116280275
2000-04-26,0.0,515.33,25.15,8.84,1139.92,0.3563549430389623
2000-04-27,0.14,514.72,25.89,9.56,1191.29,0.33726449966187505
2000-04-28,0.0,452.79,26.01,12.73,1460.45,0.3266586977857155
2000-04-29,0.0,538.08,27.44,9.31,1130.71,0.31181057515909205
2000-04-30,0.0,511.73,27.5,11.0,1279.02,0.2969624525324686
2000-05-01,0.0,480.71,27.74,12.74,1452.01,0.286356650656309
2000-05-02,0.0,427.79,27.85,15.0,1708.48,0.27999316953061326
2000-05-03,1.57,351.05,27.46,16.52,1869.69,0.27787200915538135
2000-05-04,0.0,374.71,27.49,16.68,1893.59,0.3054470940333963
2000-05-05,0.0,367.88,28.68,18.04,2080.67,0.2990836129077005
2000-05-06,0.54,369.34,28.2,17.39,1982.72,0.2905989714067728
2000-05-07,0.0,435.35,29.43,16.42,1865.87,0.27999316953061326
2000-05-08,0.0,429.11,29.45,16.67,1891.11,0.26726620727922173
2000-05-09,0.0,404.78,29.78,18.0,2072.98,0.2587815657782941
2000-05-10,0.0,399.72,31.24,19.53,2278.91,0.25241808465259835
2000-05-11,0.0,360.6,31.25,20.98,2477.16,0.24605460352690256
2000-05-12,0.0,353.68,31.53,21.48,2556.41,0.23969112240120682
2000-05-13,0.0,391.41,32.31,20.83,2453.43,0.23756996202597488
2000-05-14,0.0,476.36,30.28,15.81,1749.19,0.23544880165074297
2000-05-15,0.0,522.22,29.31,12.66,1374.73,0.2290853205250472
2000-05-16,0.0,524.76,30.0,12.87,1385.05,0.21847951864888762
2000-05-17,0.0,498.9,30.7,14.68,1579.8,0.2142371978984238
2000-05-18,0.0,385.98,30.73,19.4,2251.23,0.21211603752319186
2000-05-19,0.0,389.99,31.82,20.28,2368.64,0.20999487714795995
2000-05-20,0.0,377.07,32.11,21.04,2485.96,0.20575255639749612
2000-05-21,10.27,285.07,31.47,20.51,2401.04,0.20787371677272803
2000-05-22,6.84,337.29,31.36,19.32,2242.99,0.2630238865287579
2000-05-23,0.0,417.99,32.25,20.0,2330.03,0.27999316953061326
2000-05-24,0.0,393.93,33.35,21.69,2590.64,0.27999316953061326
2000-05-25,0.0,355.4,33.41,23.14,2829.08,0.24393344315167065
2000-05-26,0.0,360.79,33.38,23.05,2812.41,0.22272183939935147
2000-05-27,0.0,366.2,33.51,23.12,2820.69,0.20999487714795995
2000-05-28,0.0,412.61,34.31,22.26,2627.99,0.20575255639749612
2000-05-29,0.0,486.19,33.8,19.06,2045.83,0.20151023564703227
2000-05-30,0.0,514.65,32.62,16.8,1746.52,0.1951467545213365
2000-05-31,0.0,500.44,32.46,17.4,1833.58,0.18878327339564074
2000-06-01,0.0,493.3,32.58,17.78,1886.82,0.18666211302040883
2000-06-02,0.0,485.54,33.11,18.44,1972.96,0.18454095264517692
2000-06-03,0.0,470.56,34.56,20.11,2192.08,0.182419792269945
2000-06-04,0.0,467.29,34.5,20.11,2197.59,0.18454095264517692
2000-06-05,1.88,381.43,32.55,20.07,2298.16,0.18029863189471307
2000-06-06,4.98,251.27,28.51,19.75,2298.24,0.19090443377087268
2000-06-07,0.0,501.7,29.87,14.97,1597.25,0.1951467545213365
2000-06-08,0.0,525.4,30.99,14.46,1513.74,0.18666211302040883
2000-06-09,0.0,496.84,32.94,17.33,1837.07,0.18029863189471307
2000-06-10,0.0,443.85,33.24,19.85,2195.83,0.17817747151948116
2000-06-11,0.0,467.32,33.11,18.72,1988.31,0.17393515076901733
2000-06-12,0.0,460.09,33.49,19.24,2059.83,0.1718139903937854
2000-06-13,0.0,423.98,33.33,20.56,2302.98,0.1675716696433216
2000-06-14,5.64,301.61,32.36,20.79,2442.5,0.1696928300185535
2000-06-15,6.82,295.18,31.78,20.62,2417.63,0.17393515076901733
2000-06-16,7.79,262.55,30.9,21.32,2531.99,0.19090443377087268
2000-06-17,11.55,275.18,30.65,20.62,2418.46,0.18878327339564074
2000-06-18,8.91,265.75,31.23,21.54,2562.08,0.23120648090027915
2000-06-19,4.33,305.53,31.91,21.7,2566.72,0.2587815657782941
2000-06-20,0.0,362.67,32.42,22.42,2595.97,0.24393344315167065
2000-06-21,0.0,380.61,33.45,22.77,2597.21,0.2290853205250472
2000-06-22,0.0,403.03,34.42,22.88,2549.79,0.20575255639749612
2000-06-23,0.0,429.48,33.93,21.58,2301.85,0.18666211302040883
2000-06-24,0.0,444.12,34.96,21.79,2290.28,0.17605631114424924
2000-06-25,0.0,464.8,35.58,21.32,2178.6,0.1718139903937854
2000-06-26,13.49,343.08,34.29,20.25,2234.01,0.19938907527180036
2000-06-27,20.03,300.2,30.79,20.83,2420.76,0.23969112240120682
2000-06-28,2.3,384.9,32.83,21.6,2472.41,0.260902726153526
2000-06-29,8.94,277.57,32.89,22.5,2719.94,0.34150682041233893
2000-06-30,5.34,356.52,31.5,20.95,2403.44,0.3987781505436007
2000-07-01,0.0,383.91,32.22,21.76,2534.22,0.34787030153803467
2000-07-02,0.0,428.58,33.0,21.0,2345.73,0.32241637703525167
2000-07-03,0.0,430.97,33.17,21.1,2361.45,0.2927201317820048
2000-07-04,0.0,451.0,33.25,20.63,2150.16,0.25241808465259835
2000-07-05,0.0,470.83,33.88,20.33,2067.72,0.22484299977458336
2000-07-06,0.0,478.93,35.0,20.68,2087.84,0.20787371677272803
2000-07-07,0.0,463.19,36.49,22.48,2351.25,0.1930255941461046
2000-07-08,0.0,435.9,37.0,24.03,2633.24,0.18454095264517692
2000-07-09,0.0,441.06,36.47,23.5,2545.87,0.18029863189471307
2000-07-10,0.0,443.51,36.22,23.23,2501.43,0.17393515076901733
2000-07-11,0.0,409.02,35.77,24.16,2740.11,0.17393515076901733
2000-07-12,0.0,431.98,36.75,24.15,2671.49,0.17393515076901733
2000-07-13,0.0,441.31,37.18,24.33,2532.29,0.1696928300185535
2000-07-14,0.0,448.26,37.93,24.78,2438.83,0.16545050926808966
2000-07-15,3.82,383.54,37.89,23.01,2393.14,0.16545050926808966
2000-07-16,0.0,481.66,38.99,23.84,2248.45,0.17393515076901733
2000-07-17,7.36,357.86,38.65,23.0,2485.63,0.19090443377087268
2000-07-18,4.32,387.99,36.57,22.19,2347.38,0.18029863189471307
2000-07-19,0.0,439.77,36.78,23.44,2429.94,0.17605631114424924
2000-07-20,0.0,435.41,37.59,24.11,2536.71,0.1696928300185535
2000-07-21,0.78,462.92,38.16,22.94,2295.86,0.1675716696433216
2000-07-22,10.9,351.1,36.39,21.16,2339.15,0.22060067902411956
2000-07-23,16.74,331.52,34.38,20.68,2368.42,0.34574914116280275
2000-07-24,0.0,451.02,33.24,19.76,2022.99,0.4136262731702241
2000-07-25,0.0,473.3,33.0,18.65,1852.81,0.2969624525324686
2000-07-26,0.0,484.3,34.25,19.07,1874.71,0.23969112240120682
2000-07-27,0.0,465.17,34.25,19.8,1997.63,0.20575255639749612
2000-07-28,0.0,469.42,34.07,19.36,1939.13,0.19090443377087268
2000-07-29,0.0,447.11,34.75,20.72,2149.95,0.18029863189471307
2000-07-30,0.67,381.91,34.43,22.48,2545.83,0.17393515076901733
2000-07-31,9.21,246.98,32.02,22.38,2701.23,0.17817747151948116
2000-08-01,14.2,265.0,31.38,21.1,2496.77,0.19938907527180036
2000-08-02,0.0,313.22,30.58,21.72,2595.37,0.2651450469039899
2000-08-03,12.19,265.13,31.38,21.19,2509.7,0.2948412921572367
2000-08-04,0.0,362.15,31.39,20.99,2469.06,0.3499914619132666
2000-08-05,0.0,401.44,33.75,21.62,2534.05,0.31181057515909205
2000-08-06,0.0,391.96,34.69,22.71,2719.33,0.26726620727922173
2000-08-07,0.0,386.25,34.95,23.13,2788.14,0.2502969242773664
2000-08-08,2.04,366.92,34.47,23.09,2790.77,0.22484299977458336
2000-08-09,5.93,262.62,32.57,22.5,2720.0,0.21211603752319186
2000-08-10,10.53,296.87,33.94,22.0,2640.0,0.22484299977458336
2000-08-11,34.34,336.3,35.02,20.55,2408.7,0.2587815657782941
2000-08-12,4.03,364.88,33.81,21.55,2567.39,0.30756825440862817
2000-08-13,0.0,472.65,33.75,18.4,2115.39,0.30120477328293244
2000-08-14,0.0,446.99,33.15,19.18,2228.12,0.2948412921572367
2000-08-15,0.0,430.85,34.29,20.74,2438.79,0.26726620727922173
2000-08-16,0.0,419.7,35.42,22.08,2652.9,0.23120648090027915
2000-08-17,0.0,438.68,37.14,22.4,2703.96,0.20787371677272803
2000-08-18,0.0,442.07,37.52,22.41,2704.03,0.1930255941461046
2000-08-19,0.0,439.25,38.13,22.87,2778.4,0.18454095264517692
2000-08-20,0.0,425.6,37.78,23.28,2844.08,0.1718139903937854
2000-08-21,0.0,457.79,37.01,21.14,2487.21,0.1696928300185535
2000-08-22,0.0,425.27,35.79,21.8,2607.49,0.17393515076901733
2000-08-23,0.0,379.19,33.18,21.7,2591.21,0.20363139602226418
2000-08-24,0.94,389.81,34.01,21.16,2505.54,0.20151023564703227
2000-08-25,0.0,414.74,34.97,21.69,2589.86,0.20999487714795995
2000-08-26,2.36,408.55,36.8,21.52,2558.93,0.20575255639749612
2000-08-27,0.0,420.77,36.6,22.5,2718.93,0.17605631114424924
2000-08-28,2.43,370.44,36.24,22.71,2753.87,0.16545050926808966
2000-08-29,0.0,396.56,37.5,24.09,3011.76,0.21847951864888762
2000-08-30,0.0,424.44,38.57,23.33,2857.35,0.18454095264517692
2000-08-31,2.55,367.76,37.93,23.08,2812.89,0.16332934889285775
2000-09-01,5.28,392.92,35.61,20.35,2375.48,0.16545050926808966
2000-09-02,8.47,358.57,35.89,20.63,2420.91,0.182419792269945
2000-09-03,15.26,328.76,35.64,21.16,2505.07,0.18666211302040883
2000-09-04,0.0,375.24,35.91,22.98,2796.43,0.1951467545213365
2000-09-05,0.0,396.07,36.64,22.5,2720.46,0.182419792269945
2000-09-06,6.03,286.62,33.4,21.51,2560.85,0.17393515076901733
2000-09-07,4.3,243.25,28.56,18.75,2159.59,0.18029863189471307
2000-09-08,23.02,198.14,28.44,20.56,2410.07,0.1951467545213365
2000-09-09,14.14,147.53,28.16,22.39,2703.07,0.2269641601498153
2000-09-10,4.11,199.99,30.72,22.64,2742.52,0.2630238865287579
2000-09-11,3.22,259.93,31.84,22.92,2786.56,0.2842354902810771
2000-09-12,0.0,290.23,31.79,22.91,2785.12,0.2969624525324686
2000-09-13,8.47,236.56,31.64,22.01,2641.14,0.2821143299058452
2000-09-14,10.08,242.5,31.19,21.59,2574.4,0.24393344315167065
2000-09-15,0.0,376.19,32.93,20.82,2450.42,0.2587815657782941
2000-09-16,0.0,445.66,31.96,16.65,1888.31,0.23756996202597488
2000-09-17,0.0,470.01,29.42,13.16,1508.99,0.20787371677272803
2000-09-18,0.0,475.32,29.62,12.75,1462.31,0.19726791489656845
2000-09-19,0.0,473.69,30.36,13.17,1511.7,0.18666211302040883
2000-09-20,0.0,444.26,31.42,15.73,1787.83,0.18029863189471307
2000-09-21,0.0,331.18,32.42,21.75,2599.43,0.17817747151948116
2000-09-22,8.61,219.91,30.77,21.71,2594.34,0.182419792269945
2000-09-23,3.3,205.11,30.06,22.5,2719.92,0.21211603752319186
2000-09-24,0.0,271.95,32.09,23.64,2913.06,0.22272183939935147
2000-09-25,0.0,301.6,32.5,23.03,2805.52,0.2142371978984238
2000-09-26,0.0,451.38,28.02,12.56,1444.68,0.1930255941461046
2000-09-27,0.0,427.0,23.11,9.89,1231.14,0.18454095264517692
2000-09-28,0.0,462.94,27.02,10.61,1288.94,0.17817747151948116
2000-09-29,0.0,458.75,27.96,11.39,1351.58,0.1718139903937854
2000-09-30,0.0,445.14,28.49,12.55,1444.38,0.1675716696433216
2000-10-01,0.0,422.98,29.03,14.27,1628.48,0.16332934889285775
2000-10-02,0.0,415.05,29.93,15.3,1743.94,0.15908702814239392
2000-10-03,0.0,429.51,30.2,14.41,1632.74,0.15696586776716198
2000-10-04,0.0,433.79,30.63,14.13,1610.7,0.15272354701669816
2000-10-05,0.0,425.53,31.36,14.98,1704.91,0.15060238664146622
2000-10-06,1.18,365.66,31.17,17.77,2042.45,0.15060238664146622
2000-10-07,14.09,300.92,26.91,12.73,1464.18,0.15696586776716198
2000-10-08,0.0,382.24,20.54,8.08,1086.67,0.16120818851762583
2000-10-09,0.0,366.92,17.12,5.45,916.08,0.15484470739193007
2000-10-10,0.0,364.85,17.1,5.33,904.73,0.15272354701669816
2000-10-11,0.0,421.41,20.2,4.71,856.91,0.15272354701669816
2000-10-12,0.0,457.62,25.0,4.77,861.21,0.15484470739193007
2000-10-13,0.0,452.71,27.02,6.12,932.56,0.16332934889285775
2000-10-14,0.0,438.43,27.29,7.29,1023.33,0.15484470739193007
2000-10-15,0.0,432.55,27.85,7.74,1059.32,0.1463600658910024
2000-10-16,0.0,424.42,28.25,8.49,1119.28,0.14423890551577048
2000-10-17,0.0,381.86,28.22,11.66,1372.42,0.14211774514053854
2000-10-18,0.0,362.21,28.63,13.18,1511.23,0.13999658476530663
2000-10-19,0.0,318.95,26.25,13.62,1561.21,0.1463600658910024
2000-10-20,0.0,350.29,26.73,12.21,1416.87,0.14211774514053854
2000-10-21,0.0,340.11,27.32,13.09,1501.36,0.13999658476530663
2000-10-22,0.0,322.08,28.32,14.69,1673.99,0.13999658476530663
2000-10-23,0.0,300.94,28.71,15.92,1793.91,0.13999658476530663
2000-10-24,0.0,348.05,29.02,13.14,1503.09,0.13999658476530663
2000-10-25,0.0,350.07,27.55,11.5,1360.0,0.13787542439007472
2000-10-26,0.0,351.08,27.94,11.57,1365.76,0.1357542640148428
2000-10-27,0.0,346.87,28.33,11.95,1396.0,0.13363310363961087
2000-10-28,0.0,342.04,28.93,12.59,1447.22,0.13363310363961087
2000-10-29,0.0,347.78,29.83,12.7,1457.29,0.13363310363961087
2000-10-30,0.0,342.63,29.86,12.92,1476.38,0.13363310363961087
2000-10-31,0.0,332.26,29.29,13.01,1482.26,0.13363310363961087
2000-11-01,0.0,317.17,28.77,13.46,1553.75,0.13363310363961087
2000-11-02,0.0,289.84,28.86,15.15,1731.79,0.1357542640148428
2000-11-03,0.21,278.89,28.49,15.32,1745.88,0.1357542640148428
2000-11-04,0.0,298.15,28.5,14.24,1620.42,0.1357542640148428
2000-11-05,10.49,178.53,27.32,16.5,1880.4,0.14423890551577048
2000-11-06,14.25,112.69,25.77,19.18,2229.33,0.16120818851762583
2000-11-07,27.96,103.56,24.89,18.94,2194.11,0.19938907527180036
2000-11-08,5.0,100.0,26.0,20.2,2362.44,0.2502969242773664
2000-11-09,28.64,179.49,25.9,15.29,1737.69,0.26726620727922173
2000-11-10,0.0,314.07,19.78,5.65,915.0,0.31181057515909205
2000-11-11,0.0,293.05,16.96,4.48,838.58,0.3330221789114112
2000-11-12,0.0,325.65,18.13,3.49,799.15,0.3054470940333963
2000-11-13,1.27,284.85,18.86,6.51,961.17,0.30120477328293244
2000-11-14,8.96,217.92,14.58,3.03,761.75,0.28847781103154096
2000-11-15,0.0,322.85,14.1,0.31,624.18,0.27787200915538135
2000-11-16,0.0,303.93,16.01,3.26,774.11,0.2693873676544537
2000-11-17,32.39,148.8,16.25,8.75,1139.6,0.390293509042673
2000-11-18,33.47,144.72,10.38,3.41,786.65,0.6575597163218948
2000-11-19,57.16,97.62,7.64,3.22,777.18,1.5229931494165176
2000-11-20,5.46,235.6,12.12,-0.02,600.0,2.2484299977458337
2000-11-21,0.0,335.67,14.1,-0.62,588.55,1.7329880265644775
2000-11-22,0.0,343.25,12.0,-3.42,480.0,1.2939078288914705
2000-11-23,0.0,347.3,16.31,-0.23,600.06,0.9587644896048273
2000-11-24,17.47,242.32,18.5,7.08,1006.33,0.7954351407119695
2000-11-25,30.2,198.24,19.22,8.5,1119.75,2.1635835827365573
2000-11-26,0.0,318.53,17.31,3.28,782.3,2.4817576390213447
2000-11-27,0.0,339.31,18.36,2.11,713.61,1.590870281423939
2000-11-28,0.0,342.21,18.79,2.0,717.09,1.1284573196233807
2000-11-29,0.0,333.97,19.64,3.5,787.68,0.886645036846942
2000-11-30,0.06,330.99,19.8,3.8,801.98,0.7445272917064034
2000-12-01,0.0,338.64,17.89,1.21,656.64,0.6490750748209672
2000-12-02,2.18,274.17,17.42,3.01,760.95,0.5896825843144734
2000-12-03,0.0,222.12,10.86,2.53,728.02,0.545138216434603
2000-12-04,0.0,294.64,10.2,-1.92,533.93,0.5154419711813563
2000-12-05,0.0,308.47,11.91,-1.46,557.59,0.4899880466785732
2000-12-06,0.0,321.05,14.49,-0.57,594.65,0.4687764429262541
2000-12-07,1.02,284.84,14.24,1.82,704.39,0.4539283202996306
2000-12-08,0.0,282.22,15.96,3.31,773.96,0.4412013580482391
2000-12-09,0.0,198.01,16.56,8.45,1116.25,0.4284743957968476
2000-12-10,0.0,292.13,20.49,6.53,968.16,0.4199897542959199
2000-12-11,0.0,278.82,20.38,7.4,1031.77,0.41150511279499224
2000-12-12,0.41,321.79,21.0,3.07,762.79,0.3987781505436007
2000-12-13,0.0,273.52,12.19,0.21,616.94,0.392414669417905
2000-12-14,30.06,245.16,21.72,3.51,784.96,0.5642286598116903
2000-12-15,0.0,232.67,12.31,2.57,736.62,1.041489744238872
2000-12-16,4.3,246.44,20.63,5.26,888.12,0.9630068103552911
2000-12-17,10.11,276.06,22.45,-1.77,538.34,0.9163412821001888
2000-12-18,0.0,273.85,8.15,-4.41,440.0,0.8548276312184633
2000-12-19,7.13,236.48,12.98,-3.74,460.7,0.808162102963361
2000-12-20,0.0,262.52,4.58,-7.37,354.85,0.7890716595862738
2000-12-21,3.6,276.61,9.68,-5.68,403.02,0.7275580087045481
2000-12-22,10.45,225.26,8.53,-4.72,440.0,0.7530119332073312
2000-12-23,0.0,299.0,8.38,-5.24,419.55,0.835737187841376
2000-12-24,0.0,316.6,13.06,-2.35,512.98,0.7975563010872014
2000-12-25,0.0,253.93,14.85,3.33,783.2,0.7233156879540843
2000-12-26,0.0,201.38,13.71,4.84,867.28,0.6448327540705033
2000-12-27,6.96,134.98,14.72,7.45,1035.88,0.6024095465658649
2000-12-28,26.88,109.92,11.08,5.19,890.67,1.0054300178599294
2000-12-29,2.46,216.68,8.01,-1.85,536.74,1.7648054321929565
2000-12-30,0.0,280.55,7.4,-4.73,439.23,1.6587474134313605
2000-12-31,1.23,248.61,7.71,-3.29,487.98,1.3745119231502831
2001-01-01,0.0,269.39,6.5,-4.5,440.0,1.0605801876159595
2001-01-02,0.0,298.59,5.65,-7.13,359.41,0.8739180745955505
2001-01-03,0.0,279.31,4.75,-6.7,364.68,0.7657388954587226
2001-01-04,0.0,313.14,6.43,-7.38,360.0,0.6957406030760693
2001-01-05,0.0,351.21,13.37,-5.22,421.13,0.6490750748209672
2001-01-06,0.0,352.23,17.92,-1.48,560.0,0.6130153484420245
2001-01-07,0.0,348.02,18.39,-0.25,600.0,0.5833191031887777
2001-01-08,6.77,241.18,18.43,3.03,762.06,0.5663498201869224
2001-01-09,0.0,311.56,11.18,-2.42,517.41,0.5557440183107627
2001-01-10,0.0,315.55,9.4,-4.28,440.0,0.5769556220630819
2001-01-11,5.41,230.53,10.96,-2.12,525.44,0.6024095465658649
2001-01-12,1.41,237.27,14.12,4.32,825.87,0.5939249050649372
2001-01-13,0.0,152.28,9.15,3.67,799.65,0.5960460654401691
2001-01-14,0.28,270.17,15.81,4.79,863.38,0.5854402635640096
2001-01-15,16.94,189.91,19.69,9.36,1188.85,0.704225244576997
2001-01-16,14.91,143.25,13.62,6.55,964.13,1.807228639697595
2001-01-17,21.1,132.57,12.36,5.95,928.49,2.821143299058452
2001-01-18,2.97,200.85,19.53,9.93,1234.45,3.0756825440862823
2001-01-19,9.48,224.87,20.14,7.41,1033.19,2.3332764127551107
2001-01-20,10.28,200.17,8.99,-0.97,571.52,2.290853205250472
2001-01-21,0.0,305.82,7.84,-4.01,446.69,1.9705579885904523
2001-01-22,0.0,328.24,9.71,-3.57,474.55,1.5569317154202282
2001-01-23,0.0,356.05,11.76,-3.75,460.03,1.276938545889615
2001-01-24,0.0,350.27,12.7,-2.2,520.38,1.090276432869206
2001-01-25,0.0,343.36,15.34,0.88,640.1,0.9651279707305229
2001-01-26,0.0,364.75,15.16,-0.99,564.35,0.8739180745955505
2001-01-27,2.03,314.76,17.11,3.04,763.36,0.8166467444642886
2001-01-28,1.47,262.32,18.52,7.48,1038.23,0.8187679048395206
2001-01-29,6.13,225.63,21.43,9.71,1217.07,0.8802815557212463
2001-01-30,25.03,234.07,19.63,7.41,1032.99,1.720261064313086
2001-01-31,0.0,317.17,20.53,7.98,1078.26,2.587815657782941
2001-02-01,0.0,307.26,18.33,6.71,977.12,2.029950479096946
2001-02-02,0.2,121.74,9.71,5.89,920.0,1.5739009984220838
2001-02-03,0.0,265.87,9.42,0.74,641.01,1.2154248950078894
2001-02-04,0.0,367.28,12.07,-1.67,541.31,1.0223993008617847
2001-02-05,0.0,406.84,16.68,-1.0,569.48,0.9057354802240293
2001-02-06,0.0,411.23,17.57,-0.47,600.0,0.8230102255899845
2001-02-07,0.0,417.72,20.57,1.15,652.16,0.7614965747082588
2001-02-08,0.0,384.88,22.36,6.49,959.54,0.7148310464531566
2001-02-09,0.0,321.39,22.8,11.21,1336.71,0.6936194427008374
2001-02-10,21.63,299.74,21.85,5.11,885.86,1.276938545889615
2001-02-11,0.0,298.36,13.38,3.78,801.37,1.4211774514053854
2001-02-12,0.0,349.02,19.08,6.58,969.23,1.2748173855143832
2001-02-13,0.67,311.01,22.48,11.55,1364.04,1.0499743857397998
2001-02-14,2.78,100.45,20.64,16.72,1897.94,0.9163412821001888
2001-02-15,0.18,214.42,24.77,17.68,2028.09,0.8654334330946228
2001-02-16,0.0,228.69,26.08,18.39,2118.43,0.8717969142203186
2001-02-17,5.7,343.58,25.18,4.19,823.47,0.8124044237138248
2001-02-18,0.0,404.97,15.51,0.61,634.5,0.7636177350834907
2001-02-19,0.0,423.34,17.35,0.72,639.03,0.7127098860779246
2001-02-20,0.0,412.93,22.0,5.56,906.15,0.6702866785732864
2001-02-21,0.0,278.81,23.32,13.97,1595.62,0.6363481125695757
2001-02-22,0.0,264.15,24.65,15.92,1796.34,0.6130153484420245
2001-02-23,0.0,419.22,21.57,5.67,919.03,0.5939249050649372
2001-02-24,0.0,375.75,21.16,8.2,1095.98,0.572713301312618
2001-02-25,14.22,161.8,22.69,16.1,1816.5,0.5663498201869224
2001-02-26,2.81,254.19,22.89,14.23,1619.41,0.6914982823256055
2001-02-27,10.79,262.9,24.11,12.72,1457.62,0.9566433292295954
2001-02-28,14.11,268.03,25.09,13.36,1537.81,1.4720853004109515
2001-03-01,10.89,235.63,22.0,12.53,1445.69,1.5060238664146623
2001-03-02,6.46,237.76,21.78,14.07,1605.51,1.4551160174090962
2001-03-03,102.4,190.91,23.99,16.64,1889.72,3.7544538641604963
2001-03-04,60.39,265.37,21.82,11.12,1329.9,14.423890551577045
2001-03-05,0.0,400.31,18.26,5.94,925.31,26.514504690398983
2001-03-06,0.0,450.79,17.5,2.51,720.59,18.432883660765373
2001-03-07,0.0,458.31,17.65,2.37,719.89,10.9451875361967
2001-03-08,0.0,467.63,19.5,3.54,800.0,5.663498201869223
2001-03-09,8.18,339.78,21.16,6.26,940.81,2.86356650656309
2001-03-10,8.32,354.4,16.34,1.0,649.63,2.396911224012068
2001-03-11,0.0,480.05,19.22,2.92,753.66,2.290853205250472
2001-03-12,28.43,288.77,21.37,10.28,1262.02,2.4817576390213447
2001-03-13,43.97,263.21,22.26,12.41,1435.31,5.366535749336754
2001-03-14,0.0,425.21,22.94,10.03,1242.52,6.724078389485182
2001-03-15,21.16,282.24,20.63,10.17,1253.61,6.066518673163288
2001-03-16,0.0,441.89,23.25,9.34,1187.23,5.0271500892996475
2001-03-17,0.0,411.94,20.05,8.0,1079.74,3.818088675417453
2001-03-18,5.2,270.78,15.27,6.02,931.24,2.9484129215723667
2001-03-19,0.0,392.35,17.71,7.04,1003.34,2.3332764127551107
2001-03-20,0.01,323.87,14.53,6.5,959.93,1.870863450954552
2001-03-21,0.54,390.13,14.6,4.7,855.93,1.6226876870524178
2001-03-22,0.0,508.27,19.89,3.77,800.0,1.4402678947824727
2001-03-23,0.0,505.43,23.15,6.5,960.0,1.2875443477657746
2001-03-24,0.0,497.41,24.66,8.21,1096.57,1.1645170460023233
2001-03-25,6.91,356.76,22.71,8.19,1095.37,1.0839129517435104
2001-03-26,0.0,483.37,17.68,3.54,795.45,1.0627013479911913
2001-03-27,0.0,411.61,15.84,5.0,880.0,1.0202781404865529
2001-03-28,11.3,202.73,11.83,5.46,908.26,1.0372474234884081
2001-03-29,15.6,212.83,13.2,6.53,964.57,1.898438535832567
2001-03-30,2.18,328.78,19.07,9.95,1235.84,2.4605460352690254
2001-03-31,0.59,335.1,18.94,10.73,1298.09,2.0660102054758887
2001-04-01,0.0,484.68,22.26,8.0,1080.0,1.590870281423939
2001-04-02,0.0,499.26,22.5,7.23,1018.08,1.2684539043886873
2001-04-03,0.0,465.37,24.93,11.02,1321.88,1.0754283102425828
2001-04-04,0.0,281.85,25.82,18.42,2113.75,0.9693702914809867
2001-04-05,0.0,321.63,27.94,19.31,2248.93,0.9014931594735653
2001-04-06,0.0,399.03,28.17,17.1,1936.18,0.8442218293423036
2001-04-07,0.0,375.31,28.21,18.13,2090.2,0.7890716595862738
2001-04-08,0.0,318.05,27.63,19.54,2283.16,0.7424061313311715
2001-04-09,0.0,316.08,27.88,19.99,2322.8,0.704225244576997
2001-04-10,0.0,351.54,29.13,20.22,2356.83,0.6724078389485182
2001-04-11,0.0,411.68,29.13,18.32,2110.81,0.6384692729448075
2001-04-12,0.0,345.96,28.28,19.74,2297.19,0.6087730276915607
2001-04-13,0.0,324.77,29.97,21.92,2627.67,0.5811979428135456
2001-04-14,1.8,318.48,30.44,21.25,2519.57,0.5621074994364584
2001-04-15,0.0,389.23,30.49,20.63,2420.31,0.5430170560593712
2001-04-16,17.44,367.7,28.52,15.04,1718.26,0.5918037446897053
2001-04-17,0.0,493.76,25.6,12.53,1442.47,0.835737187841376
2001-04-18,0.0,561.98,19.55,3.46,785.83,0.7996774614624333
2001-04-19,0.0,566.93,20.32,3.45,790.28,0.6957406030760693
2001-04-20,0.0,553.2,23.39,6.78,983.48,0.5960460654401691
2001-04-21,0.0,457.67,25.5,13.67,1561.7,0.5408958956841393
2001-04-22,0.0,446.38,27.18,15.69,1774.99,0.5027150089299647
2001-04-23,0.0,436.25,27.64,16.6,1886.6,0.4772610844271816
2001-04-24,21.54,342.67,27.46,16.64,1886.52,0.4624129618005583
2001-04-25,13.38,349.23,21.41,10.43,1274.15,0.5557440183107627
2001-04-26,0.0,549.85,23.88,8.34,1107.22,0.7763446973348823
2001-04-27,0.0,565.57,26.0,8.38,1110.37,0.6639231974475905
2001-04-28,0.0,549.96,27.0,10.07,1245.76,0.5705921409373861
2001-04-29,0.0,544.38,28.0,11.0,1320.0,0.4984726881795009
2001-04-30,0.0,521.61,28.72,12.82,1465.67,0.45180715992439874
2001-05-01,0.0,489.47,27.8,13.85,1588.32,0.4199897542959199
2001-05-02,0.0,498.63,26.97,12.81,1466.0,0.40089931091883263
2001-05-03,2.55,445.47,28.19,13.73,1578.36,0.41574743354545607
2001-05-04,0.0,478.47,28.38,14.72,1675.83,0.4581706410500944
2001-05-05,0.0,466.73,28.25,15.04,1722.94,0.4242320750463837
2001-05-06,0.0,472.74,27.99,14.51,1642.96,0.3860511882922092
2001-05-07,0.0,484.47,28.81,14.55,1649.18,0.3627184241646581
2001-05-08,0.0,437.25,28.67,16.33,1852.49,0.34787030153803467
2001-05-09,12.63,341.15,27.36,16.62,1883.96,0.3584761034141943
2001-05-10,0.03,437.08,27.99,15.64,1770.97,0.5833191031887777
2001-05-11,0.0,462.63,28.36,14.86,1698.07,0.7678600558339546
2001-05-12,0.0,485.62,29.27,14.42,1633.45,0.57483446168785
2001-05-13,0.0,485.68,29.79,14.63,1661.63,0.4687764429262541
2001-05-14,0.0,508.67,29.99,13.4,1541.18,0.40726279204452837
2001-05-15,0.0,499.42,31.0,14.51,1641.85,0.3627184241646581
2001-05-16,0.0,480.77,31.75,16.0,1800.0,0.3351433392866432
2001-05-17,0.0,454.66,30.59,16.29,1841.4,0.31393173553432396
2001-05-18,0.0,434.85,30.58,17.18,1948.97,0.2969624525324686
2001-05-19,0.0,407.02,31.38,19.01,2202.12,0.28847781103154096
2001-05-20,0.0,362.44,31.66,20.95,2471.26,0.286356650656309
2001-05-21,0.0,348.91,31.14,20.97,2475.21,0.27999316953061326
2001-05-22,1.11,437.72,30.52,17.21,1962.24,0.27362968840491747
2001-05-23,0.0,530.36,26.83,9.69,1215.32,0.2630238865287579
2001-05-24,0.0,518.69,29.74,12.44,1435.39,0.2566604054030622
2001-05-25,0.0,416.16,30.76,17.98,2063.11,0.2481757639021345
2001-05-26,1.03,432.51,29.55,15.0,1720.0,0.2418122827764387
2001-05-27,0.0,457.01,31.63,17.11,1938.12,0.23756996202597488
2001-05-28,0.0,378.81,31.05,19.77,2300.39,0.23544880165074297
2001-05-29,5.05,280.11,31.9,20.79,2447.18,0.2418122827764387
2001-05-30,0.0,381.58,31.96,20.68,2428.08,0.23756996202597488
2001-05-31,0.0,395.29,32.62,20.77,2443.87,0.23120648090027915
2001-06-01,13.79,287.88,31.1,20.0,2320.0,0.23120648090027915
2001-06-02,0.0,496.86,31.86,15.89,1798.84,0.23969112240120682
2001-06-03,0.0,415.54,33.4,20.69,2430.2,0.2715085280296856
2001-06-04,0.0,337.56,32.98,23.1,2816.6,0.27362968840491747
2001-06-05,26.28,293.7,31.63,20.26,2365.67,0.30756825440862817
2001-06-06,17.22,237.1,30.12,21.51,2561.01,0.4412013580482391
2001-06-07,32.91,179.11,27.13,21.01,2482.05,0.6469539144457352
2001-06-08,28.56,247.63,30.01,21.13,2500.36,1.7329880265644775
2001-06-09,23.57,250.09,29.71,20.82,2451.81,2.375699620259749
2001-06-10,4.58,191.96,26.88,21.28,2525.02,2.290853205250472
2001-06-11,140.35,208.29,27.85,20.97,2475.21,7.614965747082588
2001-06-12,21.3,311.78,29.17,19.11,2216.62,10.71185989492119
2001-06-13,0.62,391.08,31.87,21.15,2503.59,14.911757437880388
2001-06-14,5.87,248.7,31.22,22.94,2790.44,27.36296884049175
2001-06-15,1.79,319.42,31.77,22.83,2772.8,27.57508487801494
2001-06-16,0.0,417.62,32.49,21.47,2555.88,4.921092070538051
2001-06-17,0.0,479.57,32.33,18.91,2185.85,2.4393344315167065
2001-06-18,0.0,473.76,32.5,19.28,2244.34,1.6120818851762582
2001-06-19,0.0,435.49,32.49,20.78,2445.06,1.2217883761335853
2001-06-20,5.2,341.05,31.0,20.63,2421.03,1.0351262631131763
2001-06-21,0.0,416.54,31.9,21.05,2488.3,1.043610904614104
2001-06-22,15.83,318.75,31.4,20.5,2399.98,1.2726962251391514
2001-06-23,0.0,442.82,30.1,18.99,2199.11,1.4763276211614154
2001-06-24,0.0,510.42,30.48,16.37,1857.3,1.5335989512926773
2001-06-25,0.0,497.19,31.09,17.5,2000.0,1.2960289892667023
2001-06-26,0.0,472.32,31.5,19.0,2200.18,0.9205836028506528
2001-06-27,2.46,419.77,30.66,19.49,2278.76,0.7572542539577949
2001-06-28,8.48,345.66,29.5,18.93,2188.75,0.8908873575974059
2001-06-29,0.08,453.44,30.96,19.29,2246.25,0.8230102255899845
2001-06-30,5.01,394.08,31.73,19.99,2329.88,0.7105887257026927
2001-07-01,0.0,434.95,30.99,20.04,2331.58,1.0202781404865529
2001-07-02,3.72,397.57,31.5,20.76,2440.9,1.3214829137694852
2001-07-03,2.79,372.62,31.52,21.78,2604.66,1.0351262631131763
2001-07-04,16.47,296.02,31.79,22.19,2669.68,0.8208890652147526
2001-07-05,8.75,310.2,31.77,21.96,2633.3,0.9333105651020441
2001-07-06,0.81,423.77,32.12,21.18,2508.16,0.9502798481038995
2001-07-07,0.0,422.8,33.42,22.42,2706.6,0.8696757538450867
2001-07-08,0.0,424.89,34.35,23.0,2800.56,0.7487696124568672
2001-07-09,0.0,419.8,34.5,23.24,2840.49,0.7169522068283886
2001-07-10,0.0,394.85,34.81,24.22,3035.92,0.6172576691924883
2001-07-11,12.84,327.01,34.59,24.03,3005.36,0.5408958956841393
2001-07-12,5.73,286.08,31.91,22.27,2682.49,0.5705921409373861
2001-07-13,16.34,330.8,33.81,21.69,2590.58,1.071185989492119
2001-07-14,5.17,314.34,31.11,21.1,2496.42,0.9948242159837699
2001-07-15,0.0,451.5,31.09,19.07,2210.04,0.8633122727193909
2001-07-16,0.0,444.16,32.0,20.04,2334.99,0.7318003294550119
2001-07-17,0.0,445.63,32.5,20.41,2386.03,0.6002883861906331
2001-07-18,0.0,417.84,32.41,21.41,2546.33,0.5196842919318201
2001-07-19,0.0,424.37,33.24,21.82,2610.45,0.4624129618005583
2001-07-20,0.0,410.23,33.88,22.8,2768.39,0.42635323542161563
2001-07-21,0.0,412.72,34.43,23.12,2819.18,0.40089931091883263
2001-07-22,14.56,289.91,32.49,22.48,2717.59,0.3839300279169773
2001-07-23,0.0,431.58,33.63,21.82,2611.46,0.3966569901683688
2001-07-24,0.0,437.01,33.62,21.65,2583.83,0.417868593920688
2001-07-25,13.06,358.23,33.78,22.0,2640.01,0.40089931091883263
2001-07-26,28.59,170.47,27.34,22.27,2682.6,0.4921092070538051
2001-07-27,18.42,227.44,28.09,21.26,2522.1,2.5241808465259834
2001-07-28,16.28,321.47,32.08,22.17,2666.9,2.5453924502783027
2001-07-29,8.41,289.94,32.28,22.72,2754.49,2.418122827764387
2001-07-30,0.0,395.04,33.25,23.21,2833.36,1.5357201116679091
2001-07-31,11.52,320.99,32.97,23.62,2908.94,1.0966399139949021
2001-08-01,34.02,304.37,31.99,21.89,2623.0,1.512387347540358
2001-08-02,0.0,399.95,31.5,21.68,2588.78,3.1605289590955588
2001-08-03,1.14,445.66,32.12,20.26,2361.83,1.9472252244629016
2001-08-04,0.0,455.16,32.71,20.52,2403.56,1.1051245554958296
2001-08-05,7.06,311.56,33.0,22.23,2676.89,0.8590699519689271
2001-08-06,4.66,312.67,32.1,22.13,2660.43,0.8314948670909121
2001-08-07,1.1,346.8,31.56,22.95,2791.22,1.0117934989856252
2001-08-08,7.02,281.66,31.19,22.12,2659.87,1.0754283102425828
2001-08-09,24.45,278.06,31.24,22.36,2697.57,1.410571649529226
2001-08-10,0.0,365.48,32.16,23.28,2844.22,1.3872388854016748
2001-08-11,14.79,286.86,31.83,22.5,2720.0,1.512387347540358
2001-08-12,21.82,203.81,27.41,21.59,2573.6,3.4574914116280278
2001-08-13,19.42,201.57,28.29,22.5,2720.0,5.281689334327477
2001-08-14,9.71,282.07,31.0,22.25,2679.91,4.008993109188326
2001-08-15,1.11,396.23,31.5,21.69,2590.84,2.587815657782941
2001-08-16,0.04,412.92,32.83,22.62,2739.27,1.5654163569211559
2001-08-17,4.77,287.89,32.53,23.96,2989.67,1.1602747252518595
2001-08-18,4.31,322.7,33.3,23.33,2852.06,1.2811808666400788
2001-08-19,1.81,384.02,32.52,22.5,2719.47,1.0839129517435104
2001-08-20,7.32,292.66,30.71,21.74,2598.19,0.9142201217249569
2001-08-21,1.73,446.79,33.23,19.8,2303.71,0.8421006689670717
2001-08-22,0.0,463.39,33.08,20.76,2441.46,0.7530119332073312
2001-08-23,0.0,474.57,32.98,20.09,2335.38,0.653317395571431
2001-08-24,0.0,455.82,32.5,20.58,2412.11,0.5684709805621542
2001-08-25,0.0,459.95,32.53,20.18,2348.09,0.5090784900556604
2001-08-26,0.0,444.36,32.99,21.02,2483.26,0.4984726881795009
2001-08-27,0.0,419.55,32.96,21.93,2628.49,0.46665528255102207
2001-08-28,11.2,341.62,33.05,20.35,2376.14,0.6575597163218948
2001-08-29,11.88,314.88,31.82,20.86,2457.75,0.6321057918191118
2001-08-30,5.17,268.14,30.3,21.64,2582.29,0.6299846314438798
2001-08-31,13.15,260.5,30.76,22.34,2694.65,0.8908873575974059
2001-09-01,13.75,271.1,30.42,21.64,2581.61,1.4169351306549216
2001-09-02,10.38,209.81,28.95,22.6,2736.26,2.693873676544537
2001-09-03,19.16,219.61,28.71,22.14,2662.15,2.269641601498153
2001-09-04,12.8,256.94,29.5,21.6,2576.24,2.7787200915538133
2001-09-05,19.32,309.99,31.5,20.96,2473.56,2.4817576390213447
2001-09-06,2.19,363.86,32.0,21.13,2500.64,1.870863450954552
2001-09-07,0.66,382.37,32.21,21.99,2637.72,1.7860170359452756
2001-09-08,12.68,273.27,31.57,22.49,2717.61,1.904802016958263
2001-09-09,21.13,292.29,31.0,21.13,2500.56,2.269641601498153
2001-09-10,8.67,354.92,30.84,20.67,2427.04,4.687764429262541
2001-09-11,0.0,405.5,31.7,20.87,2458.58,3.627184241646581
2001-09-12,7.09,304.94,31.74,21.48,2556.32,2.0469197620988013
2001-09-13,0.0,401.87,31.84,20.83,2452.57,1.3766330835255154
2001-09-14,0.0,428.19,30.63,18.68,2149.56,1.0181569801113208
2001-09-15,0.0,421.07,30.46,18.75,2160.78,0.8230102255899845
2001-09-16,0.0,413.78,30.0,18.55,2128.35,0.7021040842017651
2001-09-17,4.95,362.09,30.09,19.59,2286.82,0.6363481125695757
2001-09-18,2.62,357.53,29.75,19.73,2298.58,0.9502798481038995
2001-09-19,25.41,287.36,30.19,20.34,2374.44,0.8951296783478696
2001-09-20,27.7,254.52,29.43,20.6,2415.26,1.4296620929063133
2001-09-21,0.0,428.48,30.85,18.19,2095.01,1.7881381963205074
2001-09-22,0.0,432.46,30.95,17.99,2075.09,1.382996564651211
2001-09-23,0.0,423.95,30.97,18.32,2107.07,0.9693702914809867
2001-09-24,0.0,382.26,29.94,19.31,2248.94,0.7614965747082588
2001-09-25,0.0,476.87,27.17,12.01,1400.89,0.6554385559466629
2001-09-26,0.0,464.94,22.99,9.41,1192.7,0.5811979428135456
2001-09-27,0.0,479.53,24.14,9.1,1168.1,0.5366535749336754
2001-09-28,0.0,480.61,25.82,9.88,1230.27,0.5027150089299647
2001-09-29,0.0,465.76,27.47,11.88,1390.25,0.47301876367671786
2001-09-30,0.0,447.34,26.34,11.96,1396.79,0.443322518423471
2001-10-01,0.0,453.22,26.32,11.2,1336.12,0.417868593920688
2001-10-02,0.0,471.25,26.88,9.65,1212.07,0.3987781505436007
2001-10-03,0.0,468.81,28.0,10.06,1244.79,0.38180886754174537
2001-10-04,0.0,432.29,27.5,12.14,1410.95,0.36908190529035384
2001-10-05,0.0,413.24,28.0,13.44,1538.17,0.3627184241646581
2001-10-06,6.8,269.07,27.55,15.68,1776.95,0.3584761034141943
2001-10-07,0.45,396.57,20.6,7.81,1064.86,0.3563549430389623
2001-10-08,0.0,429.12,24.68,9.04,1163.21,0.3563549430389623
2001-10-09,0.0,395.44,26.02,11.94,1395.31,0.34787030153803467
2001-10-10,0.0,318.41,26.36,15.73,1785.84,0.3436279807875708
2001-10-11,0.0,208.58,25.94,19.28,2239.69,0.3584761034141943
2001-10-12,55.94,190.51,27.03,18.72,2158.63,1.1878498101298745
2001-10-13,21.11,189.41,27.03,18.79,2165.62,1.66935321530752
2001-10-14,71.2,238.77,26.66,15.91,1801.67,5.47259376809835
2001-10-15,0.0,388.24,25.41,11.26,1341.08,8.548276312184633
2001-10-16,0.0,395.96,26.03,11.01,1320.58,8.760392349707825
2001-10-17,0.0,412.45,18.81,3.6,793.33,5.069573296804285
2001-10-18,0.0,413.45,19.67,3.87,806.2,2.1635835827365573
2001-10-19,0.0,418.18,22.34,5.3,894.2,1.3851177250264428
2001-10-20,0.0,396.81,25.37,9.02,1161.46,1.098761074370134
2001-10-21,0.0,385.73,27.31,11.05,1323.89,0.9417952066029719
2001-10-22,0.0,341.1,28.6,14.77,1683.14,0.8463429897175356
2001-10-23,0.0,319.49,28.67,15.88,1790.32,0.7742235369596503
2001-10-24,0.0,280.4,28.97,17.91,2058.3,0.7148310464531566
2001-10-25,0.0,341.17,28.96,14.66,1671.97,0.6745289993237501
2001-10-26,0.0,376.98,23.51,7.64,1050.95,0.625742310693416
2001-10-27,0.0,385.78,21.3,4.91,873.01,0.5790767824383137
2001-10-28,0.0,394.12,18.17,1.35,667.84,0.5387747353089074
2001-10-29,0.0,385.47,18.54,2.13,713.82,0.5133208108061244
2001-10-30,0.0,386.18,21.22,4.07,815.42,0.4984726881795009
2001-10-31,0.0,388.3,23.28,5.24,898.79,0.48574572592810933
2001-11-01,0.0,370.62,25.01,7.94,1075.43,0.4772610844271816
2001-11-02,0.0,340.47,27.1,11.82,1385.79,0.47089760330148595
2001-11-03,0.0,325.6,27.35,12.9,1482.33,0.46665528255102207
2001-11-04,0.0,305.81,27.35,14.03,1602.28,0.4581706410500944
2001-11-05,0.0,340.02,25.98,10.45,1276.36,0.443322518423471
2001-11-06,0.0,364.7,25.19,7.46,1036.96,0.43059555617207945
2001-11-07,0.0,365.58,24.5,6.53,963.65,0.417868593920688
2001-11-08,0.0,357.04,25.0,7.4,1032.25,0.41150511279499224
2001-11-09,0.0,339.66,24.8,8.39,1111.53,0.41150511279499224
2001-11-10,0.0,322.13,24.4,9.01,1160.67,0.417868593920688
2001-11-11,0.0,313.19,24.38,9.29,1183.19,0.4136262731702241
2001-11-12,0.0,310.94,24.45,9.23,1178.08,0.41150511279499224
2001-11-13,0.0,311.59,23.5,8.11,1088.54,0.40726279204452837
2001-11-14,0.0,307.22,23.93,8.61,1128.96,0.4051416316692965
2001-11-15,0.0,311.07,24.01,8.26,1100.9,0.40302047129406454
2001-11-16,0.0,323.71,24.02,7.07,1005.69,0.3987781505436007
2001-11-17,0.0,333.61,24.21,6.11,933.52,0.3945358297931369
2001-11-18,0.0,334.82,25.33,6.64,970.91,0.3966569901683688
2001-11-19,0.0,312.7,25.0,8.23,1098.25,0.40089931091883263
2001-11-20,0.0,289.11,23.4,8.61,1128.62,0.40089931091883263
2001-11-21,1.21,304.42,17.58,0.31,624.34,0.40302047129406454
2001-11-22,0.0,325.83,19.12,1.45,675.94,0.40726279204452837
2001-11-23,22.82,212.84,22.8,7.86,1068.82,0.4496859995491667
2001-11-24,7.68,181.4,25.46,14.74,1677.39,0.5896825843144734
2001-11-25,18.87,200.96,24.58,10.42,1273.63,1.0223993008617847
2001-11-26,0.0,240.64,23.89,11.61,1368.82,1.6545050926808964
2001-11-27,0.0,167.72,26.36,17.87,2058.68,1.3384521967713405
2001-11-28,6.18,91.42,25.54,19.57,2285.44,0.9757337726066826
2001-11-29,13.45,100.76,24.44,18.01,2069.08,0.8930085179726378
2001-11-30,23.68,219.38,21.5,6.42,953.69,1.4911757437880389
2001-12-01,0.0,290.55,18.87,4.28,824.89,2.396911224012068
2001-12-02,0.0,286.82,20.43,5.88,923.25,1.76904775294342
2001-12-03,0.0,296.92,21.86,6.17,933.62,1.196334451630802
2001-12-04,0.0,286.04,23.5,8.32,1105.59,0.9205836028506528
2001-12-05,0.0,282.0,23.93,8.95,1156.18,0.7827081784605779
2001-12-06,0.0,262.1,24.31,10.77,1301.49,0.6999829238265332
2001-12-07,0.0,237.39,23.86,12.08,1406.67,0.6469539144457352
2001-12-08,0.0,230.83,24.02,12.71,1457.15,0.6151365088172563
2001-12-09,0.0,237.16,23.17,11.67,1373.25,0.5918037446897053
2001-12-10,2.14,170.4,18.49,10.18,1254.21,0.57483446168785
2001-12-11,0.0,208.23,17.23,8.07,1085.55,0.5642286598116903
2001-12-12,0.0,183.93,17.86,9.95,1235.9,0.5536228579355308
2001-12-13,12.11,147.37,23.63,14.72,1679.72,0.5578651786859946
2001-12-14,43.74,151.02,21.51,12.68,1460.81,1.1263361592481487
2001-12-15,0.0,280.92,19.7,6.47,957.96,2.227218393993515
2001-12-16,0.0,258.11,21.87,10.03,1242.79,2.6514504690398986
2001-12-17,6.96,168.3,24.76,15.35,1746.43,2.86356650656309
2001-12-18,15.63,228.03,22.24,7.15,1012.39,2.587815657782941
2001-12-19,0.0,296.53,19.51,5.64,916.23,2.121160375231919
2001-12-20,0.0,323.1,18.76,2.38,724.25,1.590870281423939
2001-12-21,0.0,319.94,15.57,0.08,607.19,1.1920921308803383
2001-12-22,0.0,332.53,19.2,1.59,687.41,0.9757337726066826
2001-12-23,9.62,242.95,21.87,4.71,856.83,0.8930085179726378
2001-12-24,0.0,308.61,15.56,1.0,647.45,0.9269470839763485
2001-12-25,0.0,277.52,10.94,-0.8,577.06,0.992703055608538
2001-12-26,0.0,313.14,10.41,-3.97,448.49,0.8908873575974059
2001-12-27,0.0,328.46,12.45,-3.91,453.95,0.7933139803367376
2001-12-28,1.36,322.88,14.65,-1.65,543.9,0.7402849709559397
2001-12-29,1.81,306.58,17.92,2.29,722.18,0.7190733672036205
2001-12-30,0.0,328.16,17.46,-0.11,606.4,0.706346404952229
2001-12-31,0.0,247.36,10.56,0.07,605.71,0.676650159698982
2002-01-01,0.0,211.02,6.53,-1.41,555.57,0.6363481125695757
2002-01-02,11.29,118.29,4.25,-1.43,557.54,0.678771320074214
2002-01-03,0.0,203.09,4.03,-3.45,472.1,0.8251313859652163
2002-01-04,0.0,305.9,6.12,-6.86,360.57,0.8378583482166079
2002-01-05,0.0,334.85,10.25,-5.52,411.09,0.8039197822128972
2002-01-06,43.99,178.67,12.29,2.99,759.06,2.6726620727922175
2002-01-07,3.02,178.79,7.43,-0.28,601.69,4.2635323542161565
2002-01-08,0.0,317.51,8.03,-5.64,407.18,3.181740562847878
2002-01-09,0.0,341.77,12.88,-3.42,476.32,2.184795186488876
2002-01-10,0.0,337.6,20.29,3.48,793.56,1.539962432418373
2002-01-11,0.0,292.57,21.46,8.54,1122.85,1.2705750647639193
2002-01-12,3.63,230.66,18.43,8.02,1081.92,1.1666382063775553
2002-01-13,9.7,239.37,13.75,-0.04,602.08,1.3787542439007472
2002-01-14,4.34,241.74,15.59,2.59,739.49,1.5484470739193006
2002-01-15,0.0,343.95,16.84,0.73,638.6,1.4911757437880389
2002-01-16,0.0,357.18,15.81,-1.47,559.99,1.2960289892667023
2002-01-17,0.0,356.36,17.98,0.66,634.87,1.1284573196233807
2002-01-18,0.0,312.73,20.34,6.79,987.97,1.0245204612370167
2002-01-19,6.55,226.58,21.48,9.28,1182.15,0.9948242159837699
2002-01-20,9.0,287.54,18.7,1.71,695.05,1.1708805271280192
2002-01-21,3.83,230.08,16.69,4.7,863.34,1.253605781762064
2002-01-22,0.0,309.48,18.91,6.27,951.63,1.410571649529226
2002-01-23,6.47,211.73,21.25,10.55,1284.21,1.2726962251391514
2002-01-24,0.0,205.83,25.07,17.07,1938.68,1.2345153383849765
2002-01-25,11.28,256.12,23.53,8.17,1093.39,1.3914812061521387
2002-01-26,0.0,348.36,17.65,2.91,755.95,1.4211774514053854
2002-01-27,0.0,334.5,18.78,5.09,882.18,1.3384521967713405
2002-01-28,0.0,313.94,21.34,8.73,1138.26,1.1793651686289468
2002-01-29,0.0,213.05,23.69,15.78,1782.74,1.0563378668654955
2002-01-30,0.0,170.39,23.73,17.52,2002.83,0.9863395744828422
2002-01-31,0.0,177.61,24.47,18.0,2080.0,0.935431725477276
2002-02-01,16.5,270.28,24.95,8.7,1135.62,0.9608856499800592
2002-02-02,0.0,339.18,14.55,1.41,671.99,1.3405733571465728
2002-02-03,0.0,321.98,15.19,3.16,772.91,1.3660272816493557
2002-02-04,0.0,252.76,14.82,6.24,939.67,1.202697932756498
2002-02-05,0.0,273.57,12.99,3.74,800.0,1.0266416216122487
2002-02-06,32.05,112.22,6.65,2.13,718.94,1.5993549229248667
2002-02-07,7.26,132.4,7.65,2.37,721.77,3.7332422604081765
2002-02-08,0.0,268.64,8.38,0.16,619.39,3.627184241646581
2002-02-09,0.0,409.0,16.19,-0.35,597.38,2.4605460352690254
2002-02-10,0.0,379.94,20.0,5.56,916.44,1.7626842718177245
2002-02-11,0.0,405.26,18.6,2.29,721.76,1.4296620929063133
2002-02-12,0.0,387.0,13.25,-0.71,581.38,1.2345153383849765
2002-02-13,0.47,378.02,16.5,2.93,758.0,1.1030033951205978
2002-02-14,0.0,413.94,17.85,1.56,684.54,1.0117934989856252
2002-02-15,0.0,420.97,17.66,1.08,658.06,0.9460375273534357
2002-02-16,0.0,394.01,20.4,5.85,923.59,0.8972508387231015
2002-02-17,0.0,441.16,19.76,1.01,649.48,0.8421006689670717
2002-02-18,0.0,435.46,20.0,2.07,711.42,0.7954351407119695
2002-02-19,0.0,392.09,20.67,6.49,959.14,0.755133093582563
2002-02-20,23.09,255.61,22.5,11.01,1320.8,0.8930085179726378
2002-02-21,0.0,445.11,23.34,4.36,830.4,1.5548105550449964
2002-02-22,0.0,433.84,22.66,5.06,884.9,1.5951126021744029
2002-02-23,0.0,419.32,14.06,-1.03,570.35,1.2748173855143832
2002-02-24,0.0,446.52,16.8,-0.7,585.87,1.0245204612370167
2002-02-25,0.0,443.28,20.26,2.61,738.37,0.8824027160964782
2002-02-26,0.0,421.31,21.45,5.54,911.68,0.7996774614624333
2002-02-27,0.0,434.67,11.35,-4.19,446.1,0.7381638105807077
2002-02-28,0.0,407.84,7.48,-6.15,384.58,0.6914982823256055
2002-03-01,0.0,435.25,12.0,-3.78,461.92,0.6724078389485182
2002-03-02,43.57,239.42,15.35,5.11,884.99,2.3544880165074296
2002-03-03,1.92,478.47,22.13,-0.16,602.54,4.4968599954916675
2002-03-04,0.0,325.87,4.75,-5.15,420.44,3.309010185361793
2002-03-05,0.0,435.75,9.71,-5.58,400.01,2.0384351205978737
2002-03-06,0.0,481.67,16.23,-3.51,479.57,1.436025574032009
2002-03-07,0.0,471.01,20.5,1.01,647.79,1.1857286497546426
2002-03-08,0.0,421.01,23.46,7.11,1008.93,1.0542167064902634
2002-03-09,0.0,304.11,23.52,12.81,1464.78,0.9672491311057548
2002-03-10,7.83,382.48,22.11,2.62,736.98,0.9778549329819145
2002-03-11,0.0,417.03,17.48,2.12,720.0,1.0139146593608572
2002-03-12,25.41,238.03,20.09,9.23,1178.11,1.1390631214995404
2002-03-13,16.33,233.45,19.71,9.29,1183.44,2.884778110315409
2002-03-14,0.0,386.92,20.51,6.95,995.75,3.669607449151219
2002-03-15,0.0,339.42,22.94,11.3,1344.13,2.587815657782941
2002-03-16,0.14,212.56,26.11,18.97,2195.32,1.7817747151948118
2002-03-17,0.0,270.79,28.11,18.89,2182.15,1.3914812061521387
2002-03-18,0.0,298.33,27.71,17.67,2027.01,1.198455612006034
2002-03-19,0.0,253.64,26.2,18.11,2088.74,1.0605801876159595
2002-03-20,0.0,264.59,26.95,18.61,2138.22,0.9608856499800592
2002-03-21,48.42,293.24,26.31,13.44,1542.27,2.2484299977458337
2002-03-22,0.0,509.09,21.28,2.15,713.88,5.8544026356400956
2002-03-23,0.0,445.58,13.9,0.05,610.17,6.342269521943437
2002-03-24,0.0,494.32,19.07,1.98,718.45,3.330221789114112
2002-03-25,0.0,444.33,23.47,8.84,1147.32,1.9451040640876696
2002-03-26,25.53,287.66,25.74,13.72,1576.26,1.7838958755700436
2002-03-27,6.25,435.4,21.32,5.42,913.38,3.6908190529035387
2002-03-28,0.0,487.24,21.56,5.31,902.62,4.730187636767179
2002-03-29,0.0,420.9,25.15,11.93,1394.44,3.415068204123389
2002-03-30,0.0,320.02,27.07,17.54,2005.85,2.3332764127551107
2002-03-31,0.0,323.88,26.26,16.86,1908.65,1.7393515076901733
2002-04-01,8.47,275.68,23.49,13.42,1547.7,2.290853205250472
2002-04-02,0.0,460.92,25.58,11.22,1337.36,2.396911224012068
2002-04-03,0.0,398.2,27.07,15.22,1729.09,1.9132866584591908
2002-04-04,0.0,496.04,24.19,8.24,1099.2,1.4720853004109515
2002-04-05,0.0,464.86,19.26,5.89,924.63,1.2111825742574256
2002-04-06,0.0,519.39,21.76,5.27,890.74,1.0478532253645678
2002-04-07,0.0,519.58,23.0,6.37,949.55,0.9460375273534357
2002-04-08,0.0,327.95,24.57,15.8,1784.34,0.886645036846942
2002-04-09,62.87,270.23,23.61,14.19,1616.25,2.587815657782941
2002-04-10,0.0,384.61,24.17,14.07,1605.46,5.72713301312618
2002-04-11,0.0,400.33,25.15,14.44,1635.29,6.172576691924883
2002-04-12,4.38,224.62,23.38,15.93,1796.05,5.684709805621542
2002-04-13,2.53,304.79,24.67,16.16,1827.96,4.708976033014859
2002-04-14,4.25,282.81,25.73,16.78,1904.94,3.818088675417453
2002-04-15,0.0,373.37,26.59,16.88,1919.67,2.5666040540306216
2002-04-16,0.0,358.5,27.44,18.11,2088.65,2.184795186488876
2002-04-17,0.0,434.67,28.83,16.67,1893.83,1.4275409325310813
2002-04-18,0.0,462.48,29.58,15.98,1809.5,1.1878498101298745
2002-04-19,0.0,437.92,29.61,17.0,1920.54,1.043610904614104
2002-04-20,0.0,416.84,29.71,17.96,2072.99,0.9333105651020441
2002-04-21,0.0,404.98,29.86,18.71,2154.49,0.8505853104679993
2002-04-22,0.0,402.81,29.22,18.35,2113.38,0.7911928199615056
2002-04-23,0.0,383.01,24.51,15.11,1717.96,0.7318003294550119
2002-04-24,0.0,409.5,26.64,16.27,1840.95,0.6893771219503736
2002-04-25,0.0,422.4,28.84,17.73,2036.91,0.653317395571431
2002-04-26,0.0,436.38,25.96,14.96,1705.44,0.6299846314438798
2002-04-27,0.0,484.78,27.63,14.54,1657.8,0.6087730276915607
2002-04-28,0.0,405.0,30.7,20.18,2351.84,0.5960460654401691
2002-04-29,0.0,415.76,30.79,19.86,2318.52,0.5769556220630819
2002-04-30,0.0,369.7,30.0,20.71,2434.07,0.5536228579355308
2002-05-01,0.0,393.97,30.87,20.68,2430.19,0.5366535749336754
2002-05-02,0.0,364.11,31.39,22.16,2665.58,0.5196842919318201
2002-05-03,0.0,355.63,31.53,22.59,2734.19,0.4645341221757902
2002-05-04,0.0,371.0,31.6,22.36,2697.51,0.43059555617207945
2002-05-05,0.0,413.55,31.91,21.36,2537.08,0.40726279204452837
2002-05-06,0.0,441.57,31.83,20.44,2390.87,0.390293509042673
2002-05-07,0.0,441.53,31.56,20.38,2381.56,0.3775665467912815
2002-05-08,0.0,425.3,31.84,21.12,2499.33,0.36483958453989
2002-05-09,0.0,431.37,31.95,20.97,2475.18,0.3542337826637304
2002-05-10,0.0,457.34,32.13,20.12,2341.59,0.34574914116280275
2002-05-11,0.0,481.1,32.39,19.23,2235.82,0.34150682041233893
2002-05-12,0.0,436.53,31.97,20.64,2421.97,0.3309010185361793
2002-05-13,1.66,402.53,31.85,20.9,2464.43,0.3245375374104836
2002-05-14,2.54,518.09,28.13,10.02,1240.09,0.32241637703525167
2002-05-15,0.0,545.29,26.81,11.14,1331.16,0.32241637703525167
2002-05-16,0.0,531.1,29.0,13.47,1543.99,0.3160528959095559
2002-05-17,0.0,418.12,30.72,19.8,2302.61,0.31181057515909205
2002-05-18,10.02,375.79,27.91,14.22,1617.66,0.31817405628478784
2002-05-19,0.0,514.78,21.68,8.48,1118.49,0.3245375374104836
2002-05-20,0.0,562.37,24.91,8.32,1105.92,0.3245375374104836
2002-05-21,0.0,539.72,25.02,9.73,1218.61,0.31817405628478784
2002-05-22,0.0,548.22,25.18,9.19,1172.73,0.31393173553432396
2002-05-23,0.0,554.32,26.1,9.24,1176.21,0.3054470940333963
2002-05-24,0.0,542.3,28.36,11.55,1361.12,0.30332593365816435
2002-05-25,0.0,477.98,29.55,15.79,1784.85,0.30120477328293244
2002-05-26,0.0,521.49,30.52,14.18,1614.09,0.2990836129077005
2002-05-27,0.0,510.39,31.67,15.56,1764.06,0.2969624525324686
2002-05-28,0.0,478.02,32.19,17.49,1997.83,0.2969624525324686
2002-05-29,18.89,345.49,31.75,18.0,2080.33,0.3627184241646581
2002-05-30,42.9,288.22,28.84,18.29,2103.98,0.3987781505436007
2002-05-31,22.89,311.92,28.97,17.32,1970.58,1.2302730176345127
2002-06-01,0.0,451.8,31.34,17.75,2040.23,2.184795186488876
2002-06-02,0.0,445.72,33.12,19.26,2241.92,2.3332764127551107
2002-06-03,0.0,426.2,33.47,20.23,2357.51,1.8878327339564076
2002-06-04,0.0,427.11,33.21,19.94,2315.65,1.4211774514053854
2002-06-05,0.0,413.08,32.83,20.15,2344.54,0.9545221688543633
2002-06-06,1.2,352.48,31.8,20.34,2374.19,0.7211945275788523
2002-06-07,0.0,368.2,32.42,21.44,2549.66,0.5939249050649372
2002-06-08,4.61,320.76,32.99,21.28,2524.21,0.5302900938079798
2002-06-09,6.98,270.38,32.4,21.67,2587.98,0.4878668863033413
2002-06-10,2.27,325.75,31.12,20.74,2437.76,0.44544367879870295
2002-06-11,0.28,378.33,31.49,20.11,2337.16,0.5302900938079798
2002-06-12,2.46,385.39,32.65,20.33,2372.2,0.7636177350834907
2002-06-13,0.0,395.21,33.05,21.17,2506.47,0.7211945275788523
2002-06-14,0.0,401.09,34.09,21.84,2615.19,0.5090784900556604
2002-06-15,0.0,492.53,32.77,16.86,1913.64,0.4051416316692965
2002-06-16,0.0,476.28,31.48,16.6,1881.23,0.37332422604081766
2002-06-17,2.66,381.4,29.9,17.85,2049.93,0.34574914116280275
2002-06-18,0.0,414.69,30.0,18.02,2071.91,0.3287798581609474
2002-06-19,0.0,405.59,31.07,19.34,2252.85,0.3054470940333963
2002-06-20,13.41,290.63,30.99,19.99,2326.36,0.31393173553432396
2002-06-21,5.97,332.26,31.79,19.14,2222.77,0.3436279807875708
2002-06-22,0.94,409.86,30.59,18.37,2114.91,0.34150682041233893
2002-06-23,3.6,262.59,28.44,19.52,2275.4,0.3266586977857155
2002-06-24,5.42,269.04,29.0,19.63,2290.17,0.32241637703525167
2002-06-25,4.56,322.21,30.45,19.86,2311.8,0.31393173553432396
2002-06-26,13.3,300.56,30.6,20.29,2366.2,0.3160528959095559
2002-06-27,16.19,279.62,29.52,20.01,2323.55,0.37120306566558575
2002-06-28,30.43,264.66,29.49,20.66,2424.99,0.5154419711813563
2002-06-29,16.62,280.68,30.45,20.88,2461.28,1.1242149988729169
2002-06-30,4.77,329.24,31.74,20.09,2335.1,1.8666211302040883
2002-07-01,1.7,408.99,32.22,20.55,2408.34,1.5272354701669815
2002-07-02,3.66,402.76,32.51,20.49,2398.0,1.1242149988729169
2002-07-03,7.72,369.26,32.5,21.14,2502.39,0.8272525463404482
2002-07-04,0.0,402.78,32.5,21.86,2616.87,0.5621074994364584
2002-07-05,6.6,347.75,32.5,21.32,2531.53,0.5175631315565882
2002-07-06,0.0,422.3,33.15,21.72,2595.73,0.4602918014253264
2002-07-07,0.0,423.66,33.79,22.14,2662.0,0.40726279204452837
2002-07-08,5.27,356.19,33.28,20.7,2432.16,0.3775665467912815
2002-07-09,0.0,417.53,32.82,21.57,2571.57,0.43908019767300716
2002-07-10,9.7,313.48,33.26,21.87,2619.99,0.5048361693051967
2002-07-11,0.0,423.93,33.39,21.76,2601.38,0.46665528255102207
2002-07-12,0.0,411.59,32.9,21.85,2615.66,0.3987781505436007
2002-07-13,17.1,322.14,33.06,21.31,2529.25,0.36908190529035384
2002-07-14,7.87,277.86,30.98,21.65,2583.49,0.4242320750463837
2002-07-15,0.86,335.58,30.56,22.0,2640.3,0.4878668863033413
2002-07-16,4.45,366.41,32.99,20.61,2417.44,0.5302900938079798
2002-07-17,0.0,449.05,34.01,21.58,2573.43,0.5939249050649372
2002-07-18,0.0,437.27,35.0,22.76,2762.23,0.5515016975602989
2002-07-19,0.0,423.98,35.47,23.63,2910.76,0.44544367879870295
2002-07-20,0.0,438.5,35.5,23.04,2805.64,0.36059726378942614
2002-07-21,0.0,440.26,34.98,22.59,2733.81,0.31817405628478784
2002-07-22,10.49,336.95,33.17,20.88,2461.34,0.32241637703525167
2002-07-23,0.92,424.36,32.49,20.32,2371.3,0.3287798581609474
2002-07-24,1.51,400.45,32.5,21.42,2546.58,0.2969624525324686
2002-07-25,14.51,295.06,31.34,21.31,2529.94,0.31817405628478784
2002-07-26,7.8,329.54,31.77,21.32,2531.93,0.38180886754174537
2002-07-27,5.55,307.17,32.57,22.03,2644.59,0.3775665467912815
2002-07-28,1.0,375.59,33.07,22.75,2760.58,0.4242320750463837
2002-07-29,12.35,294.47,33.02,22.65,2744.31,0.5515016975602989
2002-07-30,12.62,292.16,31.79,21.71,2593.27,0.46665528255102207
2002-07-31,14.64,293.68,30.61,20.71,2434.4,0.5302900938079798
2002-08-01,0.88,386.57,31.5,21.09,2494.46,0.8484641500927674
2002-08-02,6.92,319.5,31.01,21.12,2498.7,0.7636177350834907
2002-08-03,13.36,344.43,34.01,21.32,2530.59,0.6363481125695757
2002-08-04,0.0,427.32,33.3,21.61,2578.33,0.5302900938079798
2002-08-05,26.87,252.98,30.63,22.31,2689.41,0.5090784900556604
2002-08-06,18.1,194.58,28.86,22.84,2774.94,0.572713301312618
2002-08-07,2.61,315.14,31.89,22.53,2725.53,0.8060409425881291
2002-08-08,5.57,344.2,33.49,22.62,2739.2,0.7636177350834907
2002-08-09,7.86,390.87,32.43,20.35,2375.57,0.8908873575974059
2002-08-10,0.0,456.19,31.69,19.43,2266.16,0.9333105651020441
2002-08-11,0.0,431.1,31.66,20.36,2377.37,0.6363481125695757
2002-08-12,4.96,374.76,31.82,21.22,2515.96,0.5090784900556604
2002-08-13,2.45,392.54,31.5,21.07,2491.69,0.44544367879870295
2002-08-14,1.23,345.99,31.0,21.76,2600.81,0.5515016975602989
2002-08-15,0.0,352.77,31.54,22.77,2763.99,0.572713301312618
2002-08-16,0.95,363.98,32.0,22.86,2778.0,0.4878668863033413
2002-08-17,0.0,382.35,32.44,22.73,2756.38,0.4772610844271816
2002-08-18,0.0,413.05,33.0,22.15,2663.29,0.5090784900556604
2002-08-19,0.0,408.98,33.34,22.57,2730.75,0.4984726881795009
2002-08-20,6.88,372.77,33.44,20.86,2456.8,0.43483787692254333
2002-08-21,0.0,426.4,33.01,21.62,2579.25,0.4136262731702241
2002-08-22,13.16,278.37,31.11,22.24,2678.53,0.4242320750463837
2002-08-23,10.58,297.65,31.34,21.85,2615.75,0.46665528255102207
2002-08-24,0.0,411.11,32.94,22.16,2665.93,0.5515016975602989
2002-08-25,0.0,410.81,33.54,22.58,2733.3,0.5090784900556604
2002-08-26,7.63,348.43,32.87,20.22,2355.45,0.5515016975602989
2002-08-27,5.39,351.3,32.5,20.42,2387.51,0.7105887257026927
2002-08-28,0.0,446.17,32.5,20.14,2344.88,0.6363481125695757
2002-08-29,0.0,433.02,32.5,20.6,2415.65,0.5302900938079798
2002-08-30,0.0,407.65,32.0,21.14,2501.75,0.44544367879870295
2002-08-31,0.0,385.4,32.0,21.88,2620.68,0.37120306566558575
2002-09-01,0.0,375.23,31.47,21.75,2600.09,0.3287798581609474
2002-09-02,0.0,385.12,31.11,21.17,2507.35,0.31393173553432396
2002-09-03,2.89,303.04,31.06,21.53,2564.68,0.30968941478386014
2002-09-04,0.0,369.11,31.58,22.03,2644.32,0.30756825440862817
2002-09-05,0.0,394.92,33.09,22.18,2669.34,0.31817405628478784
2002-09-06,1.01,406.56,33.64,21.82,2611.02,0.30332593365816435
2002-09-07,16.8,304.99,30.89,22.0,2639.97,0.2905989714067728
2002-09-08,27.98,203.96,28.14,21.68,2588.48,0.36059726378942614
2002-09-09,0.0,376.72,31.29,21.4,2543.85,0.3542337826637304
2002-09-10,0.0,405.27,32.49,21.26,2521.99,0.31817405628478784
2002-09-11,0.0,433.27,33.99,21.0,2480.06,0.2927201317820048
2002-09-12,0.0,440.64,34.86,21.04,2485.75,0.27575084878014944
2002-09-13,0.0,402.05,33.56,21.79,2606.4,0.2693873676544537
2002-09-14,7.21,297.58,31.65,21.67,2587.19,0.2651450469039899
2002-09-15,22.64,273.65,31.02,21.07,2490.64,0.2630238865287579
2002-09-16,0.0,380.99,33.17,22.09,2654.59,0.27575084878014944
2002-09-17,1.88,351.23,32.61,21.75,2599.44,0.30756825440862817
2002-09-18,5.63,292.56,31.87,22.38,2700.07,0.4242320750463837
2002-09-19,0.0,355.36,32.38,22.34,2694.17,0.46665528255102207
2002-09-20,0.0,349.07,32.27,22.45,2712.0,0.34574914116280275
2002-09-21,11.9,249.38,32.03,22.77,2763.02,0.30332593365816435
2002-09-22,11.66,247.23,31.49,22.38,2700.85,0.7211945275788523
2002-09-23,14.86,280.94,30.96,20.7,2431.92,0.9333105651020441
2002-09-24,0.0,316.53,29.64,21.21,2513.96,0.8908873575974059
2002-09-25,90.54,156.43,25.67,20.67,2426.45,1.5548105550449964
2002-09-26,154.88,107.93,24.55,21.28,2525.35,9.290682443515804
2002-09-27,21.21,186.63,25.67,19.88,2318.96,17.541996303167966
2002-09-28,0.0,367.22,28.84,19.16,2223.25,23.5448801650743
2002-09-29,0.0,407.96,29.5,17.94,2062.41,16.120818851762582
2002-09-30,0.0,405.45,30.5,18.66,2147.67,11.496689233757
2002-10-01,0.0,381.78,31.09,20.05,2341.24,5.705921409373861
2002-10-02,0.0,358.82,31.62,21.33,2533.2,1.7393515076901733
2002-10-03,9.54,228.81,30.43,22.23,2676.31,0.9757337726066826
2002-10-04,46.08,185.31,29.37,23.03,2808.53,2.121160375231919
2002-10-05,0.21,325.37,31.86,22.67,2747.08,2.884778110315409
2002-10-06,0.44,367.32,31.5,20.67,2427.7,2.418122827764387
2002-10-07,0.0,358.89,31.29,20.81,2449.42,2.0151023564703228
2002-10-08,0.13,366.26,29.23,18.54,2129.65,1.7393515076901733
2002-10-09,0.0,330.24,28.01,19.0,2200.63,1.4466313759081686
2002-10-10,23.26,217.82,28.13,20.44,2391.0,1.8454095264517694
2002-10-11,20.63,166.05,26.46,20.98,2476.7,3.5423378266373042
2002-10-12,0.0,351.8,29.31,19.38,2256.08,3.5635494303896236
2002-10-13,0.0,347.58,28.03,18.45,2123.42,2.4817576390213447
2002-10-14,0.0,423.72,26.56,13.1,1502.74,1.6926859794350713
2002-10-15,19.6,243.6,21.93,13.77,1572.2,1.5378412720431411
2002-10-16,0.13,402.77,21.83,10.19,1255.43,1.747836149191101
2002-10-17,0.0,440.75,22.1,7.71,1057.0,1.7520784699415648
2002-10-18,0.0,437.12,22.86,8.17,1093.91,1.5081450267898941
2002-10-19,0.0,424.28,25.76,11.05,1323.74,1.2048190931317297
2002-10-20,0.0,362.44,27.0,15.85,1788.07,1.0033088574846976
2002-10-21,0.0,312.23,26.46,17.47,1994.88,0.9036143198487975
2002-10-22,0.2,287.92,23.92,15.96,1807.28,0.8463429897175356
2002-10-23,4.09,259.01,25.0,16.25,1840.16,0.7869504992110419
2002-10-24,3.03,165.11,22.65,17.56,2009.68,0.7742235369596503
2002-10-25,0.0,220.13,23.5,17.67,2027.77,0.7721023765844184
2002-10-26,36.9,137.4,23.79,18.9,2184.96,1.775411234069116
2002-10-27,33.95,96.76,23.16,19.8,2305.31,4.45443678798703
2002-10-28,34.97,132.3,25.19,20.44,2390.2,15.484470739193007
2002-10-29,32.37,130.48,25.1,20.48,2396.1,18.30561403825146
2002-10-30,11.91,184.97,23.71,17.14,1947.0,13.936023665273705
2002-10-31,0.0,381.46,23.8,11.15,1331.9,10.266416216122487
2002-11-01,0.0,375.18,19.99,8.27,1101.73,7.742235369596504
2002-11-02,0.0,367.67,18.98,7.65,1052.34,4.899880466785732
2002-11-03,2.66,276.58,18.01,9.35,1188.18,3.0120477328293247
2002-11-04,8.42,202.29,19.29,11.95,1396.3,2.418122827764387
2002-11-05,11.27,217.96,22.25,13.89,1585.47,2.1635835827365573
2002-11-06,24.3,283.61,23.08,9.44,1195.35,3.1181057515909205
2002-11-07,0.0,380.52,17.88,4.82,865.96,3.6908190529035387
2002-11-08,0.0,390.78,19.62,4.77,861.29,3.309010185361793
2002-11-09,0.0,353.92,22.78,10.22,1257.56,2.4393344315167065
2002-11-10,7.64,202.51,26.04,17.25,1960.54,1.9535887055885972
2002-11-11,36.35,219.48,26.63,16.61,1888.67,2.6514504690398986
2002-11-12,29.69,222.72,21.31,11.76,1380.69,5.599863390612265
2002-11-13,0.0,382.1,18.55,3.23,776.59,8.208890652147526
2002-11-14,0.0,381.82,18.44,2.56,725.09,10.9451875361967
2002-11-15,0.0,328.7,21.31,9.43,1194.62,6.766501596989821
2002-11-16,5.78,255.07,21.24,8.52,1121.53,3.627184241646581
2002-11-17,0.0,351.23,14.28,1.66,688.74,2.86356650656309
2002-11-18,0.0,365.55,16.98,2.46,720.2,2.715085280296856
2002-11-19,0.11,295.52,20.38,10.19,1255.26,2.3332764127551107
2002-11-20,7.75,147.89,20.41,14.31,1624.8,2.0257081583464824
2002-11-21,20.94,227.71,19.22,8.66,1132.49,2.715085280296856
2002-11-22,0.0,324.97,19.0,6.94,995.45,3.6483958453989
2002-11-23,0.0,357.78,15.0,0.24,619.04,2.9484129215723667
2002-11-24,0.0,360.17,16.57,0.69,640.0,2.269641601498153
2002-11-25,0.0,341.73,19.99,5.02,881.89,1.9196501395848864
2002-11-26,0.0,335.89,21.92,6.59,967.26,1.747836149191101
2002-11-27,0.0,314.79,20.51,6.89,990.81,1.6226876870524178
2002-11-28,0.0,292.82,12.0,0.5,628.44,1.5187508286660538
2002-11-29,0.0,331.63,13.79,-1.07,565.01,1.4423890551577045
2002-11-30,5.2,220.52,16.76,4.39,831.05,1.3893600457769066
2002-12-01,0.0,328.43,16.75,1.45,675.78,1.3787542439007472
2002-12-02,0.0,319.66,14.01,-0.4,599.55,1.3914812061521387
2002-12-03,0.0,318.78,18.8,3.58,790.9,1.3639061212741237
2002-12-04,2.67,192.95,21.43,11.44,1355.34,1.3172405930190214
2002-12-05,19.2,246.78,21.81,4.34,827.53,1.410571649529226
2002-12-06,0.0,219.49,7.62,-0.94,572.51,1.6990494605607669
2002-12-07,0.0,307.59,11.17,-2.8,496.31,1.796622837821435
2002-12-08,0.0,296.75,12.43,-0.82,577.77,1.6587474134313605
2002-12-09,0.0,262.24,13.75,2.65,741.33,1.4720853004109515
2002-12-10,28.0,156.67,13.09,4.69,856.31,1.9981330734684675
2002-12-11,2.73,151.05,10.06,3.05,761.99,5.705921409373861
2002-12-12,0.0,200.27,10.33,2.55,735.73,6.618020370723586
2002-12-13,15.89,164.12,13.43,4.76,864.25,5.154419711813563
2002-12-14,0.0,276.9,14.56,2.75,742.96,4.581706410500944
2002-12-15,0.0,324.95,14.98,-0.99,564.35,3.415068204123389
2002-12-16,0.0,326.41,17.0,0.39,626.28,2.5241808465259834
2002-12-17,0.0,317.21,20.43,4.12,815.58,2.0511620828492654
2002-12-18,0.0,254.8,21.39,9.97,1237.47,1.694807139810303
2002-12-19,1.7,174.82,21.61,14.19,1614.92,1.8623788094536244
2002-12-20,25.45,224.68,20.53,5.79,920.5,5.239266126822839
2002-12-21,0.0,314.31,15.73,0.14,614.7,6.575597163218948
2002-12-22,0.0,258.2,18.53,6.95,997.72,5.430170560593712
2002-12-23,0.9,243.57,21.5,10.14,1251.19,3.627184241646581
2002-12-24,69.68,186.54,21.86,10.69,1295.33,4.157474335454561
2002-12-25,0.0,325.4,18.84,1.88,705.4,7.360426502054758
2002-12-26,0.0,247.07,9.55,-0.41,595.16,9.120989613497251
2002-12-27,0.0,263.47,10.76,-0.08,607.29,9.693702914809869
2002-12-28,0.0,323.38,15.57,-0.4,599.99,8.208890652147526
2002-12-29,0.0,331.34,17.92,0.63,640.0,4.793822448024136
2002-12-30,0.0,301.09,20.48,5.88,923.22,3.3938566003710697
2002-12-31,45.12,170.96,20.77,11.06,1324.82,4.221109146711518
2003-01-01,10.14,190.15,18.63,7.18,1014.21,7.911928199615057
2003-01-02,0.0,194.5,12.91,4.91,872.78,9.354317254772761
2003-01-03,0.0,299.39,13.37,-0.58,584.5,9.736126122314507
2003-01-04,0.0,298.53,10.89,-2.73,501.9,8.633122727193909
2003-01-05,0.0,319.94,15.18,-0.58,586.23,5.7483446168785
2003-01-06,0.0,323.1,18.7,2.28,720.83,4.008993109188326
2003-01-07,0.0,335.27,15.72,-1.49,550.41,3.309010185361793
2003-01-08,0.0,316.23,13.91,-1.07,567.93,2.884778110315409
2003-01-09,0.0,319.43,18.91,3.11,762.34,2.5666040540306216
2003-01-10,0.05,262.08,20.01,8.35,1108.14,2.3332764127551107
2003-01-11,0.0,303.94,13.51,-0.16,601.26,2.1635835827365573
2003-01-12,0.0,216.41,9.66,1.15,655.75,2.002375394218931
2003-01-13,0.0,172.18,7.32,0.82,640.0,1.8581364887031608
2003-01-14,0.0,314.94,12.44,-1.67,545.45,1.7435938284406372
2003-01-15,0.0,327.81,14.18,-1.03,569.3,1.6354146493038093
2003-01-16,0.0,326.45,15.47,0.38,630.05,1.542083592793605
2003-01-17,0.0,357.71,16.44,-1.82,533.45,1.4720853004109515
2003-01-18,0.0,316.84,8.27,-5.24,418.88,1.408450489153994
2003-01-19,0.0,339.25,11.15,-4.2,450.62,1.353300319397964
2003-01-20,0.0,315.53,15.79,2.03,710.43,1.30451363076763
2003-01-21,0.0,257.93,20.92,10.15,1252.36,1.2684539043886873
2003-01-22,0.0,249.73,21.29,10.96,1317.01,1.2345153383849765
2003-01-23,0.0,353.38,13.51,-2.67,503.52,1.2069402535069618
2003-01-24,0.0,314.52,3.67,-8.78,318.58,1.175122847878483
2003-01-25,0.0,335.68,6.39,-7.45,347.15,1.1433054422500042
2003-01-26,0.0,284.01,10.32,-0.58,585.79,1.1157303573719892
2003-01-27,0.0,328.32,11.68,-1.75,539.69,1.092397593244438
2003-01-28,0.0,364.85,14.65,-1.73,541.44,1.0733071498673508
2003-01-29,0.0,296.37,18.22,6.38,960.45,1.0520955461150316
2003-01-30,6.37,209.76,20.39,9.3,1184.36,1.041489744238872
2003-01-31,0.0,308.01,12.33,0.53,629.7,1.1114880366215254
2003-02-01,0.0,330.92,14.96,1.6,688.08,1.2642115836382235
2003-02-02,0.0,367.47,18.73,2.32,721.14,1.2875443477657746
2003-02-03,0.0,313.64,20.66,7.96,1076.66,1.202697932756498
2003-02-04,10.33,271.33,21.04,5.2,892.64,1.145426602625236
2003-02-05,0.0,361.73,14.74,-0.06,608.4,1.4020870080282983
2003-02-06,2.58,274.7,13.42,1.9,698.73,1.3511791590227322
2003-02-07,12.95,183.0,12.22,4.0,810.48,1.2429999798859044
2003-02-08,0.0,255.3,8.0,-0.27,598.92,1.4911757437880389
2003-02-09,0.0,298.67,11.29,1.24,671.36,1.6820801775589116
2003-02-10,5.89,207.36,14.58,5.45,907.42,1.6099607248010264
2003-02-11,0.0,400.49,14.35,-1.67,540.57,1.465721819285256
2003-02-12,0.0,410.15,17.95,0.39,625.32,1.3893600457769066
2003-02-13,0.0,411.0,20.81,2.82,745.34,1.251484621386832
2003-02-14,0.0,330.27,20.95,8.75,1140.05,1.1348208007490765
2003-02-15,0.0,281.28,23.47,13.49,1558.87,1.0563378668654955
2003-02-16,33.22,219.61,22.73,12.59,1447.44,1.510266187165126
2003-02-17,0.0,363.8,14.42,1.88,700.68,2.5241808465259834
2003-02-18,0.0,280.09,8.4,0.0,608.14,2.587815657782941
2003-02-19,0.0,409.49,16.92,1.79,693.04,2.60902726153526
2003-02-20,0.0,374.78,20.45,7.15,1011.87,2.142371978984238
2003-02-21,36.48,207.21,20.25,11.9,1392.17,2.1190392148566866
2003-02-22,37.86,204.87,20.45,11.99,1399.4,5.536228579355308
2003-02-23,0.07,411.81,16.18,1.9,704.93,6.511962351961991
2003-02-24,0.0,384.29,18.5,5.71,920.0,5.5574401831076266
2003-02-25,0.0,391.99,19.44,6.18,934.08,4.878668863033413
2003-02-26,6.5,341.36,18.01,6.79,985.05,3.9241466941790497
2003-02-27,46.12,182.16,15.39,8.64,1131.58,4.984726881795009
2003-02-28,0.21,188.94,13.88,8.85,1147.62,6.511962351961991
2003-03-01,2.27,168.0,13.99,9.3,1183.63,7.233156879540842
2003-03-02,0.0,240.37,15.39,9.14,1171.06,6.936194427008374
2003-03-03,0.0,336.93,14.01,5.05,883.91,6.342269521943437
2003-03-04,7.25,209.83,12.82,5.9,928.93,3.6483958453989
2003-03-05,1.29,280.71,16.41,9.45,1195.98,2.715085280296856
2003-03-06,7.11,228.05,21.41,13.64,1565.17,2.375699620259749
2003-03-07,31.78,259.67,19.85,11.08,1326.05,2.60902726153526
2003-03-08,0.0,416.85,21.19,9.6,1208.0,4.2635323542161565
2003-03-09,8.09,231.97,21.32,13.69,1570.66,4.666552825510221
2003-03-10,0.0,465.04,23.49,8.84,1147.28,4.539283202996306
2003-03-11,0.0,468.2,22.9,8.19,1095.31,3.6908190529035387
2003-03-12,0.0,440.1,22.41,9.55,1204.24,2.693873676544537
2003-03-13,29.1,303.65,24.23,12.97,1485.03,3.0120477328293247
2003-03-14,33.74,272.6,22.37,13.2,1514.17,6.045307069410968
2003-03-15,0.0,413.78,22.59,11.82,1385.22,7.954351407119694
2003-03-16,0.0,394.46,23.13,13.17,1511.03,8.633122727193909
2003-03-17,20.31,239.28,21.69,14.32,1627.86,7.402849709559396
2003-03-18,1.72,376.94,22.82,12.93,1485.56,6.27863471068648
2003-03-19,4.38,365.6,24.88,12.21,1417.0,5.239266126822839
2003-03-20,0.0,520.49,26.5,8.34,1107.0,3.9241466941790497
2003-03-21,0.0,519.63,26.35,8.49,1119.57,2.86356650656309
2003-03-22,0.0,502.41,21.43,6.68,974.12,2.290853205250472
2003-03-23,0.0,475.49,21.66,8.51,1120.59,1.9875272715923078
2003-03-24,0.0,509.53,23.84,7.92,1073.96,1.7987439981966669
2003-03-25,0.0,507.32,25.09,9.13,1170.33,1.6629897341818243
2003-03-26,0.0,471.78,24.5,11.08,1326.63,1.5569317154202282
2003-03-27,24.46,358.87,24.58,12.97,1488.17,1.904802016958263
2003-03-28,0.0,451.84,26.66,13.98,1596.1,2.418122827764387
2003-03-29,0.0,510.09,25.73,9.61,1208.6,1.870863450954552
2003-03-30,6.54,317.99,13.4,3.1,768.11,1.56965867767162
2003-03-31,0.0,530.86,14.96,-0.87,573.31,1.5526893946697646
2003-04-01,0.0,492.56,19.48,5.28,891.3,1.4614794985347919
2003-04-02,0.0,494.83,22.82,7.89,1071.31,1.3426945175218046
2003-04-03,0.0,442.47,23.83,11.24,1339.01,1.2663327440134553
2003-04-04,0.05,372.38,25.5,15.28,1739.14,1.2196672157583532
2003-04-05,0.29,373.34,26.96,16.28,1843.07,1.1772440082537148
2003-04-06,2.49,252.25,25.36,17.51,2001.48,1.1772440082537148
2003-04-07,9.98,180.99,25.3,19.07,2209.88,1.1772440082537148
2003-04-08,72.6,210.61,22.86,15.8,1783.72,4.115051127949922
2003-04-09,21.42,371.46,19.41,5.38,900.12,8.548276312184633
2003-04-10,0.3,386.79,11.92,2.64,735.46,11.030033951205978
2003-04-11,0.0,538.23,21.02,4.41,839.96,10.16035819736089
2003-04-12,0.0,554.66,24.63,5.73,919.15,6.575597163218948
2003-04-13,0.0,543.86,27.56,8.6,1127.65,3.3514333928664315
2003-04-14,0.0,532.1,28.93,10.4,1272.12,2.1635835827365573
2003-04-15,0.0,518.47,28.69,11.08,1326.11,1.694807139810303
2003-04-16,0.0,447.63,27.64,13.9,1588.94,1.4423890551577045
2003-04-17,0.0,402.24,27.73,15.83,1788.39,1.30451363076763
2003-04-18,0.0,470.1,28.32,13.43,1540.94,1.2217883761335853
2003-04-19,0.0,454.45,28.52,14.46,1646.87,1.1496689233757
2003-04-20,0.0,386.21,27.78,16.73,1898.79,1.0839129517435104
2003-04-21,0.27,372.02,27.71,17.26,1964.58,1.043610904614104
2003-04-22,0.0,488.15,27.01,12.03,1402.08,1.0096723386103934
2003-04-23,0.0,483.82,26.17,11.63,1370.64,0.9778549329819145
2003-04-24,0.0,398.86,25.94,14.98,1708.54,0.9396740462277401
2003-04-25,12.15,287.57,27.44,16.88,1911.76,0.9439163669782038
2003-04-26,0.78,497.01,28.21,12.06,1404.62,1.0223993008617847
2003-04-27,0.0,508.97,25.67,10.1,1248.21,1.3193617533942534
2003-04-28,0.0,485.53,26.94,12.41,1433.01,1.1857286497546426
2003-04-29,0.0,502.72,28.6,12.72,1459.26,0.9799760933571464
2003-04-30,0.0,476.14,29.13,14.55,1656.27,0.886645036846942
2003-05-01,0.0,456.67,29.37,15.65,1777.36,0.8272525463404482
2003-05-02,0.0,426.85,30.19,17.61,2013.78,0.7890716595862738
2003-05-03,0.0,369.99,30.94,20.33,2372.34,0.7636177350834907
2003-05-04,0.29,393.69,31.07,19.43,2262.81,0.7339214898302439
2003-05-05,0.0,288.02,30.67,22.63,2740.57,0.706346404952229
2003-05-06,0.0,273.67,30.73,23.1,2815.56,0.680892480449446
2003-05-07,0.0,267.47,31.0,23.5,2889.18,0.6618020370723586
2003-05-08,0.0,298.92,30.95,22.55,2727.3,0.6427115936952713
2003-05-09,0.0,311.42,31.74,22.95,2792.34,0.6236211503181841
2003-05-10,0.0,304.0,31.5,22.98,2798.23,0.6045307069410968
2003-05-11,0.0,331.68,31.97,22.7,2752.61,0.5854402635640096
2003-05-12,0.0,462.65,30.6,17.14,1950.9,0.572713301312618
2003-05-13,0.0,499.4,28.98,14.31,1628.5,0.5578651786859946
2003-05-14,6.67,336.38,26.91,14.94,1710.47,0.5663498201869224
2003-05-15,0.57,409.89,30.5,19.08,2212.5,0.6024095465658649
2003-05-16,0.0,379.35,30.53,20.61,2417.94,0.6045307069410968
2003-05-17,0.0,347.33,31.56,22.49,2717.69,0.5939249050649372
2003-05-18,25.81,299.07,30.17,19.86,2314.57,0.7933139803367376
2003-05-19,13.9,317.04,28.33,19.15,2220.61,1.6502627719304326
2003-05-20,15.21,304.9,29.32,20.08,2339.47,1.8199556019489862
2003-05-21,17.46,260.0,28.54,20.2,2352.32,3.1605289590955588
2003-05-22,19.94,269.48,27.87,19.4,2264.44,4.0302047129406455
2003-05-23,0.0,483.61,28.04,15.52,1761.45,3.796877071665134
2003-05-24,0.0,512.78,28.99,14.84,1694.24,2.693873676544537
2003-05-25,0.0,490.43,29.84,16.48,1867.07,1.6778378568084478
2003-05-26,0.0,447.56,29.84,18.35,2108.43,1.19421329125557
2003-05-27,17.77,322.92,27.47,17.09,1937.53,1.5251143097917494
2003-05-28,0.04,514.21,26.65,13.13,1501.34,1.3936023665273707
2003-05-29,0.0,529.1,29.02,14.24,1618.88,1.175122847878483
2003-05-30,0.0,514.14,31.27,16.7,1895.67,0.9842184141076102
2003-05-31,0.0,463.97,32.13,19.74,2298.98,0.8399795085918398
2003-06-01,0.0,413.75,31.94,21.48,2556.39,0.7424061313311715
2003-06-02,0.0,366.6,31.07,22.24,2678.17,0.6830136408246779
2003-06-03,25.88,327.69,31.65,20.48,2397.34,0.8166467444642886
2003-06-04,16.17,343.92,30.81,19.0,2198.82,1.5717798380468517
2003-06-05,0.0,408.44,29.78,19.78,2306.26,1.8093498000728268
2003-06-06,21.6,267.74,29.43,20.95,2472.26,3.330221789114112
2003-06-07,38.12,236.99,28.35,21.1,2496.57,6.490750748209671
2003-06-08,4.26,362.92,30.81,21.12,2499.38,4.857457259281094
2003-06-09,0.0,433.75,32.31,20.9,2463.54,3.1181057515909205
2003-06-10,0.0,397.48,32.82,22.51,2721.38,1.794501677446203
2003-06-11,0.0,386.45,32.35,22.55,2728.77,1.2811808666400788
2003-06-12,17.29,256.88,29.7,21.7,2592.5,1.2175460553831214
2003-06-13,21.75,281.49,29.44,20.67,2427.11,2.3120648090027913
2003-06-14,10.83,320.3,31.57,20.88,2461.29,2.587815657782941
2003-06-15,27.53,323.92,31.4,20.53,2405.28,3.1605289590955588
2003-06-16,19.31,323.02,30.9,20.13,2352.93,4.2635323542161565
2003-06-17,3.52,308.0,30.02,20.5,2400.65,5.260477730575158
2003-06-18,2.72,303.4,29.44,21.48,2556.4,3.818088675417453
2003-06-19,0.0,378.88,31.53,22.33,2693.22,2.269641601498153
2003-06-20,6.13,303.97,31.95,22.36,2696.94,1.6820801775589116
2003-06-21,7.04,317.48,30.78,21.87,2618.48,1.7308668661892457
2003-06-22,13.18,279.36,30.72,21.87,2619.16,1.9408617433372055
2003-06-23,4.22,391.63,31.94,21.53,2565.12,1.510266187165126
2003-06-24,0.44,405.33,32.75,22.39,2701.86,1.2323941780097447
2003-06-25,0.0,407.43,32.88,22.76,2761.45,1.090276432869206
2003-06-26,0.0,431.64,32.47,21.62,2579.8,1.1496689233757
2003-06-27,27.05,327.2,31.69,21.55,2567.37,1.0393685838636402
2003-06-28,36.34,264.48,28.72,21.05,2487.65,1.1539112441261639
2003-06-29,7.33,313.25,29.5,21.12,2498.63,1.881469252830712
2003-06-30,60.06,274.43,29.2,21.34,2533.7,5.324112541832116
2003-07-01,120.72,168.09,25.75,21.42,2547.83,18.560153283279288
2003-07-02,0.0,356.09,29.9,22.34,2695.0,27.57508487801494
2003-07-03,2.17,417.89,32.04,22.13,2660.29,25.241808465259833
2003-07-04,5.84,320.97,31.61,22.33,2692.68,16.92685979435071
2003-07-05,12.34,283.06,29.71,21.76,2601.17,11.051245554958296
2003-07-06,8.08,294.61,29.53,21.2,2511.42,9.290682443515804
2003-07-07,3.18,342.58,30.55,20.95,2471.45,8.421006689670717
2003-07-08,7.44,302.55,30.98,22.08,2652.65,7.487696124568673
2003-07-09,5.01,346.34,31.78,22.3,2688.78,6.830136408246778
2003-07-10,0.0,411.41,32.52,23.16,2825.66,5.005938485547328
2003-07-11,0.0,436.3,32.5,22.33,2692.4,3.3726449966187504
2003-07-12,10.42,341.35,31.75,21.01,2482.4,2.630238865287579
2003-07-13,0.0,449.75,32.51,21.75,2600.21,2.227218393993515
2003-07-14,0.0,426.83,31.33,21.6,2576.1,1.9154078188344228
2003-07-15,1.08,394.28,30.51,21.78,2604.45,2.121160375231919
2003-07-16,2.46,434.57,32.65,21.81,2609.67,1.9154078188344228
2003-07-17,8.45,419.4,33.48,21.6,2575.81,1.6226876870524178
2003-07-18,5.56,376.06,33.5,21.06,2489.62,1.7711689133186521
2003-07-19,1.31,428.87,32.52,21.95,2632.07,1.7414726680654051
2003-07-20,9.11,332.11,31.84,21.3,2528.59,2.029950479096946
2003-07-21,9.39,312.45,31.85,22.19,2670.86,2.5241808465259834
2003-07-22,0.25,418.34,32.88,22.87,2778.7,1.8114709604480586
2003-07-23,21.02,317.08,31.98,22.05,2648.71,1.749957309566333
2003-07-24,23.98,283.0,29.07,21.0,2479.55,4.305955561720794
2003-07-25,0.0,460.1,31.0,20.01,2326.27,4.815034051776456
2003-07-26,0.0,458.29,32.0,20.82,2451.38,2.4605460352690254
2003-07-27,0.0,461.64,32.47,20.99,2479.07,1.6587474134313605
2003-07-28,0.79,434.16,32.42,21.75,2600.47,1.4445102155329366
2003-07-29,0.0,431.84,32.79,22.2,2671.79,1.4996603852889665
2003-07-30,23.17,343.5,32.49,20.89,2462.54,1.5654163569211559
2003-07-31,5.44,315.31,32.41,22.3,2688.03,1.7308668661892457
2003-08-01,11.42,314.89,32.37,22.19,2669.68,2.227218393993515
2003-08-02,26.16,337.05,32.25,21.1,2495.37,1.9726791489656843
2003-08-03,12.12,314.62,32.14,21.99,2638.66,3.1181057515909205
2003-08-04,14.91,322.97,32.85,21.8,2608.29,3.181740562847878
2003-08-05,0.0,395.99,32.89,22.97,2794.48,4.305955561720794
2003-08-06,0.0,355.99,32.18,23.59,2902.73,2.842354902810771
2003-08-07,8.7,308.17,32.81,22.38,2700.02,1.9154078188344228
2003-08-08,0.0,407.35,32.05,21.87,2618.92,1.7435938284406372
2003-08-09,0.0,451.22,32.4,20.47,2395.09,1.6523839323056646
2003-08-10,0.0,434.48,32.46,21.12,2499.2,1.3236040741447173
2003-08-11,0.0,444.45,32.0,20.35,2377.6,1.1390631214995404
2003-08-12,0.0,399.78,30.9,21.02,2483.51,1.043610904614104
2003-08-13,16.55,239.75,28.52,21.26,2521.86,1.251484621386832
2003-08-14,7.78,302.06,31.07,21.41,2545.38,1.2854231873905426
2003-08-15,0.93,393.73,32.99,22.45,2711.43,1.2408788195106724
2003-08-16,0.0,397.09,33.27,23.03,2804.21,1.0860341121187425
2003-08-17,32.09,322.17,32.81,21.51,2561.49,1.1433054422500042
2003-08-18,0.0,417.54,33.1,22.15,2664.23,1.7245033850635498
2003-08-19,3.78,389.37,33.09,22.35,2695.82,1.3957235269026025
2003-08-20,0.0,401.33,33.12,22.67,2747.95,1.1517900837509318
2003-08-21,22.16,334.85,32.89,20.71,2434.34,1.3236040741447173
2003-08-22,5.84,299.8,31.27,21.16,2504.99,3.054470940333963
2003-08-23,4.32,299.2,31.35,21.8,2607.39,2.3332764127551107
2003-08-24,0.0,391.85,32.51,22.36,2696.99,1.3384521967713405
2003-08-25,0.0,392.22,33.12,22.81,2769.64,1.0011876971094655
2003-08-26,0.0,396.06,33.4,22.88,2780.43,0.8505853104679993
2003-08-27,0.0,391.35,32.89,22.63,2740.66,0.7742235369596503
2003-08-28,4.31,341.01,33.14,22.16,2665.32,0.7657388954587226
2003-08-29,5.24,301.61,32.87,22.31,2690.28,0.8060409425881291
2003-08-30,12.36,270.96,32.0,22.83,2772.61,0.9460375273534357
2003-08-31,14.38,245.9,30.61,22.65,2744.79,1.1836074893794106
2003-09-01,16.65,251.99,30.92,22.72,2755.65,1.8560153283279288
2003-09-02,4.63,278.97,32.0,22.9,2783.5,2.7575084878014944
2003-09-03,0.0,404.77,33.0,22.17,2667.08,1.7838958755700436
2003-09-04,0.0,404.4,32.81,21.97,2635.02,1.361784960898892
2003-09-05,11.54,325.97,31.99,20.82,2450.55,3.6908190529035387
2003-09-06,0.0,397.19,29.86,19.75,2300.26,2.184795186488876
2003-09-07,12.51,270.02,29.31,20.45,2392.67,2.227218393993515
2003-09-08,0.0,384.44,28.75,19.26,2238.22,1.590870281423939
2003-09-09,0.0,405.09,30.35,19.83,2308.35,1.1411842818747722
2003-09-10,7.36,315.66,30.35,20.36,2377.69,1.3426945175218046
2003-09-11,0.0,406.8,31.01,20.21,2353.47,1.3193617533942534
2003-09-12,0.0,414.63,30.61,19.42,2258.69,0.9672491311057548
2003-09-13,2.03,367.15,30.5,20.7,2432.7,0.810283263338593
2003-09-14,15.66,303.68,30.43,19.53,2273.35,1.145426602625236
2003-09-15,0.0,417.26,30.52,19.01,2201.57,2.60902726153526
2003-09-16,0.0,469.39,29.44,15.44,1754.93,1.6290511681781135
2003-09-17,0.0,489.17,29.37,13.83,1584.4,1.0584590272407273
2003-09-18,0.0,450.43,30.78,17.03,1941.91,0.8421006689670717
2003-09-19,0.0,430.33,31.0,18.12,2081.63,0.7318003294550119
2003-09-20,0.0,415.55,31.33,18.97,2198.06,0.6724078389485182
2003-09-21,4.29,331.42,30.46,20.58,2413.37,0.653317395571431
2003-09-22,32.47,221.52,28.69,21.02,2482.87,0.888766197222174
2003-09-23,7.0,343.86,27.42,17.19,1959.82,2.3120648090027913
2003-09-24,0.0,427.39,29.8,16.86,1914.44,3.309010185361793
2003-09-25,0.0,383.32,29.67,18.66,2153.51,2.3544880165074296
2003-09-26,0.0,371.43,30.47,19.69,2294.86,1.3193617533942534
2003-09-27,1.84,338.56,30.42,20.46,2395.91,1.0033088574846976
2003-09-28,5.72,353.39,30.25,17.03,1935.93,0.8930085179726378
2003-09-29,0.0,478.4,26.58,10.13,1250.47,0.8527064708432313
2003-09-30,0.0,445.7,23.65,9.83,1226.71,0.7445272917064034
2003-10-01,0.0,442.1,24.72,10.6,1287.92,0.676650159698982
2003-10-02,0.0,455.65,25.16,9.72,1217.31,0.6342269521943437
2003-10-03,0.0,448.69,23.11,8.26,1101.03,0.5960460654401691
2003-10-04,0.0,457.65,26.11,9.61,1208.49,0.5790767824383137
2003-10-05,0.0,439.95,28.39,12.3,1424.86,0.5599863390612265
2003-10-06,0.0,396.61,28.58,14.9,1698.28,0.5472593768098349
2003-10-07,0.23,286.75,26.31,17.5,2000.0,0.5408958956841393
2003-10-08,3.71,225.75,26.7,17.61,2017.12,0.5472593768098349
2003-10-09,0.0,264.57,25.58,17.58,2013.03,0.5705921409373861
2003-10-10,15.36,135.64,23.86,18.61,2144.69,0.6469539144457352
2003-10-11,18.72,109.32,23.59,19.45,2272.42,1.0817917913682786
2003-10-12,2.55,206.65,24.66,17.51,2000.37,1.4890545834128068
2003-10-13,0.0,328.29,26.83,16.41,1856.21,1.1496689233757
2003-10-14,0.0,310.5,26.37,16.67,1889.49,0.8993719990983334
2003-10-15,0.0,434.99,26.16,9.32,1185.54,0.7763446973348823
2003-10-16,0.0,427.24,24.07,8.09,1087.12,0.6999829238265332
2003-10-17,0.0,422.38,25.35,9.27,1181.23,0.6427115936952713
2003-10-18,0.0,394.02,25.15,10.94,1315.26,0.6045307069410968
2003-10-19,0.0,403.42,24.46,9.53,1202.57,0.5790767824383137
2003-10-20,0.0,420.99,26.66,9.43,1194.11,0.5578651786859946
2003-10-21,0.0,419.22,29.18,10.78,1302.1,0.5408958956841393
2003-10-22,0.0,403.73,30.33,12.53,1442.56,0.5302900938079798
2003-10-23,0.0,394.46,30.44,12.99,1489.08,0.5133208108061244
2003-10-24,0.0,379.07,28.93,12.83,1471.9,0.5005938485547328
2003-10-25,0.0,345.91,28.54,14.51,1655.94,0.4878668863033413
2003-10-26,39.15,196.45,27.52,17.73,2037.29,0.8124044237138248
2003-10-27,3.62,304.2,24.71,12.34,1428.46,3.6059726378942614
2003-10-28,0.0,230.16,17.33,9.67,1213.95,2.693873676544537
2003-10-29,0.0,354.51,22.5,8.64,1130.82,1.5293566305422133
2003-10-30,0.0,371.42,26.0,10.11,1248.96,1.1645170460023233
2003-10-31,0.0,333.26,27.21,13.53,1548.44,0.9757337726066826
2003-11-01,0.0,333.95,27.8,13.85,1588.05,0.8675545934698548
2003-11-02,0.0,338.73,27.91,13.52,1555.11,0.8124044237138248
2003-11-03,0.0,364.29,28.19,11.63,1370.39,0.7699812162091865
2003-11-04,0.0,336.06,28.04,13.53,1550.2,0.7424061313311715
2003-11-05,3.16,198.41,26.92,17.51,2002.29,0.72967916907978
2003-11-06,0.2,242.76,27.53,18.0,2066.11,0.7424061313311715
2003-11-07,0.0,279.5,28.13,16.61,1883.51,0.7424061313311715
2003-11-08,0.0,308.54,24.67,11.9,1391.76,0.7169522068283886
2003-11-09,0.0,287.72,23.79,12.05,1404.23,0.6893771219503736
2003-11-10,0.0,280.15,24.12,12.46,1436.73,0.6702866785732864
2003-11-11,0.0,278.88,24.21,12.4,1432.11,0.653317395571431
2003-11-12,0.0,296.72,27.06,13.61,1561.65,0.6448327540705033
2003-11-13,0.0,279.58,26.92,14.35,1636.92,0.6427115936952713
2003-11-14,0.0,330.91,18.54,3.73,800.0,0.6299846314438798
2003-11-15,0.0,340.28,20.24,4.29,823.77,0.6087730276915607
2003-11-16,0.0,338.67,24.4,7.68,1054.23,0.598167225815401
2003-11-17,0.0,248.95,24.38,13.6,1560.17,0.6002883861906331
2003-11-18,7.13,184.28,25.44,15.57,1765.76,0.6363481125695757
2003-11-19,22.66,209.07,23.31,11.56,1364.49,0.9248259236011166
2003-11-20,0.0,339.96,20.4,4.08,811.81,1.1030033951205978
2003-11-21,0.0,355.78,23.5,4.55,844.05,1.0033088574846976
2003-11-22,0.0,334.65,23.26,6.57,965.84,0.8654334330946228
2003-11-23,0.0,289.84,24.5,11.17,1333.3,0.7742235369596503
2003-11-24,4.74,271.57,24.56,3.34,777.76,0.7211945275788523
2003-11-25,0.0,323.28,12.11,-2.76,496.59,0.7021040842017651
2003-11-26,0.0,329.75,15.48,-0.54,587.45,0.6978617634513012
2003-11-27,20.05,211.55,21.0,8.13,1090.79,0.7402849709559397
2003-11-28,39.17,215.53,20.04,6.48,960.22,1.5739009984220838
2003-11-29,0.0,298.23,12.65,-0.95,569.35,2.587815657782941
2003-11-30,0.0,317.2,14.13,-1.25,561.0,2.032071639472178
2003-12-01,0.0,323.78,17.58,1.0,652.89,1.4763276211614154
2003-12-02,0.0,317.86,19.6,3.11,769.08,1.1072457158710616
2003-12-03,0.0,301.4,18.86,3.89,808.27,0.9566433292295954
2003-12-04,0.0,254.48,19.98,8.12,1089.32,0.8824027160964782
2003-12-05,0.0,292.56,18.05,3.64,796.66,0.8399795085918398
2003-12-06,0.0,241.93,10.35,-0.25,601.12,0.7996774614624333
2003-12-07,0.0,243.18,8.49,-2.11,525.89,0.7678600558339546
2003-12-08,0.0,301.38,13.75,-1.16,563.88,0.7487696124568672
2003-12-09,0.96,303.29,18.11,1.72,691.59,0.7466484520816353
2003-12-10,5.65,203.21,18.55,5.2,893.3,0.8208890652147526
2003-12-11,0.0,252.32,11.85,0.23,620.41,0.9099778009744931
2003-12-12,0.0,259.69,12.88,0.74,638.2,0.8717969142203186
2003-12-13,1.95,215.29,13.75,3.86,803.81,0.8569487915936952
2003-12-14,17.33,100.57,10.07,4.53,842.45,1.2493634610116
2003-12-15,0.0,272.77,10.91,-1.64,548.9,1.4763276211614154
2003-12-16,0.34,302.84,17.05,1.31,672.51,1.2599692628877597
2003-12-17,0.4,326.53,19.26,0.64,638.61,1.0648225083664231
2003-12-18,0.0,282.48,13.45,-0.3,598.37,0.9439163669782038
2003-12-19,0.0,318.86,17.57,-0.16,606.49,0.8611911123441589
2003-12-20,0.0,310.18,14.61,-1.84,533.19,0.8039197822128972
2003-12-21,0.0,313.35,14.93,-1.81,535.47,0.7657388954587226
2003-12-22,0.0,318.27,18.4,0.6,638.12,0.7402849709559397
2003-12-23,1.14,270.67,19.61,5.52,905.02,0.7402849709559397
2003-12-24,8.77,233.72,17.34,1.54,681.05,1.098761074370134
2003-12-25,0.0,268.31,11.62,-0.92,566.57,1.406329328778762
2003-12-26,0.0,270.41,12.3,-0.32,598.1,1.1623958856270913
2003-12-27,0.0,321.01,17.78,0.11,609.14,0.9884607348580741
2003-12-28,0.0,312.52,19.66,2.5,733.29,0.88452387647171
2003-12-29,21.42,170.7,20.76,9.96,1236.91,0.9778549329819145
2003-12-30,24.08,233.45,18.97,2.27,720.13,2.4393344315167065
2003-12-31,0.0,316.86,16.75,-0.16,604.47,2.502969242773664
2004-01-01,0.0,341.56,19.99,0.63,634.36,1.7711689133186521
2004-01-02,0.0,285.96,21.64,7.89,1070.89,1.3405733571465728
2004-01-03,0.0,129.0,22.01,16.51,1879.8,1.147547763000468
2004-01-04,1.26,158.5,24.6,17.5,2000.0,1.0499743857397998
2004-01-05,4.09,163.85,23.53,14.56,1651.65,0.9884607348580741
2004-01-06,7.44,243.62,17.52,1.29,663.68,0.9969453763590018
2004-01-07,0.0,291.66,9.03,-3.56,467.94,1.2620904232629917
2004-01-08,5.24,229.14,9.04,-2.19,523.9,1.2387576591354406
2004-01-09,16.84,166.94,11.91,3.06,765.42,1.3702696023998193
2004-01-10,0.0,246.7,10.41,0.5,629.35,1.8475306868270012
2004-01-11,0.0,309.88,9.99,-3.63,466.48,1.7054129416864625
2004-01-12,0.0,335.39,13.45,-2.54,513.55,1.3469368382722684
2004-01-13,0.0,337.15,16.83,0.39,625.33,1.1348208007490765
2004-01-14,0.0,302.94,18.64,5.01,880.46,1.0266416216122487
2004-01-15,0.0,288.27,19.46,6.82,985.39,0.9630068103552911
2004-01-16,0.0,320.18,17.93,3.31,784.06,0.9142201217249569
2004-01-17,11.25,249.62,17.65,5.03,880.38,0.9905818952333061
2004-01-18,28.87,146.72,18.03,10.37,1269.89,2.9908361290770054
2004-01-19,1.57,315.06,18.86,4.12,810.4,3.5211262228849853
2004-01-20,0.0,302.81,8.37,-3.81,453.59,2.502969242773664
2004-01-21,0.0,340.2,11.47,-3.42,472.43,1.7648054321929565
2004-01-22,0.0,360.63,15.3,-1.78,540.28,1.361784960898892
2004-01-23,0.0,361.52,16.5,-0.61,586.65,1.1772440082537148
2004-01-24,0.0,348.37,17.41,1.64,687.61,1.0754283102425828
2004-01-25,3.61,197.39,18.49,9.59,1207.39,1.0266416216122487
2004-01-26,11.68,206.86,20.23,9.12,1169.98,1.2323941780097447
2004-01-27,0.0,367.62,18.16,0.99,656.01,1.4911757437880389
2004-01-28,0.0,347.45,9.4,-4.82,437.44,1.2917866685162385
2004-01-29,0.0,366.01,11.86,-3.89,458.78,1.0796706309930466
2004-01-30,11.65,247.33,13.89,0.77,647.14,1.016035819736089
2004-01-31,0.0,299.73,12.28,1.32,670.95,1.3236040741447173
2004-02-01,0.0,286.93,13.34,3.06,763.5,1.5717798380468517
2004-02-02,1.82,184.66,14.0,7.81,1064.94,1.3511791590227322
2004-02-03,0.84,349.6,16.39,1.66,687.78,1.1645170460023233
2004-02-04,0.0,331.96,14.09,1.49,677.43,1.0563378668654955
2004-02-05,5.54,260.04,18.05,4.35,838.49,1.0054300178599294
2004-02-06,30.9,231.34,21.56,9.8,1223.69,1.7393515076901733
2004-02-07,0.0,331.18,11.99,0.02,611.34,4.2635323542161565
2004-02-08,0.0,369.69,10.51,-3.67,460.38,4.242320750463838
2004-02-09,0.0,318.95,9.98,-1.21,563.41,2.9272013178200478
2004-02-10,2.81,279.36,17.69,5.59,906.73,1.904802016958263
2004-02-11,12.68,91.72,13.86,10.11,1248.79,1.747836149191101
2004-02-12,42.1,137.74,13.02,7.46,1036.92,4.708976033014859
2004-02-13,2.18,141.57,9.91,5.32,897.24,6.978617634513013
2004-02-14,10.22,138.84,10.81,5.56,909.07,6.724078389485182
2004-02-15,5.69,198.0,10.51,2.98,757.16,5.939249050649372
2004-02-16,0.0,243.45,8.95,2.28,721.48,4.751399240519498
2004-02-17,0.0,394.34,12.65,-0.38,600.0,3.096894147838601
2004-02-18,0.0,409.48,13.09,-0.71,582.84,2.3120648090027913
2004-02-19,0.0,435.26,16.0,-0.14,600.0,1.928134781085814
2004-02-20,0.0,440.56,19.45,2.34,723.88,1.7011706209359987
2004-02-21,0.0,395.39,21.56,8.01,1081.0,1.5526893946697646
2004-02-22,0.0,441.48,20.5,3.81,803.2,1.4211774514053854
2004-02-23,42.0,323.95,20.79,5.15,889.14,2.142371978984238
2004-02-24,47.38,112.51,13.11,9.26,1180.73,6.724078389485182
2004-02-25,21.36,108.44,13.92,10.3,1264.12,9.439163669782038
2004-02-26,10.74,191.11,13.94,7.5,1040.2,9.927030556085379
2004-02-27,0.19,281.94,10.24,3.37,780.3,9.184624424754208
2004-02-28,0.0,457.52,15.42,0.81,640.01,8.569487915936952
2004-02-29,0.0,454.2,17.4,2.9,751.69,5.833191031887776
2004-03-01,2.65,297.96,19.3,10.03,1242.33,3.3514333928664315
2004-03-02,3.17,219.26,22.97,15.42,1753.96,2.821143299058452
2004-03-03,0.0,298.65,24.85,16.83,1906.45,3.202952166600197
2004-03-04,0.38,270.07,24.06,17.18,1948.28,2.60902726153526
2004-03-05,0.11,220.53,24.25,18.82,2171.09,2.184795186488876
2004-03-06,9.81,273.0,24.19,14.66,1666.57,2.019344677220787
2004-03-07,0.0,474.28,26.35,10.22,1257.9,2.1635835827365573
2004-03-08,0.0,488.85,24.86,7.81,1064.87,2.080858328102512
2004-03-09,0.0,487.75,20.65,5.09,887.39,1.7181399039378542
2004-03-10,0.0,516.57,22.08,2.67,740.71,1.4805699419118794
2004-03-11,0.0,501.84,18.48,2.14,720.0,1.3490579986475002
2004-03-12,0.0,501.0,21.51,4.34,826.83,1.2620904232629917
2004-03-13,0.0,483.51,22.73,6.7,976.25,1.2005767723812661
2004-03-14,0.0,446.14,22.74,9.01,1160.83,1.147547763000468
2004-03-15,4.86,248.18,21.34,12.5,1439.64,1.1348208007490765
2004-03-16,5.12,200.3,21.8,14.83,1691.9,1.2833020270153108
2004-03-17,0.0,489.32,23.25,6.69,975.28,1.4720853004109515
2004-03-18,0.0,462.24,24.49,9.57,1206.0,1.4805699419118794
2004-03-19,0.0,427.76,26.23,13.0,1480.21,1.3384521967713405
2004-03-20,0.0,457.55,27.65,12.67,1453.4,1.1517900837509318
2004-03-21,0.0,449.66,27.26,13.02,1482.7,1.0605801876159595
2004-03-22,0.0,513.75,22.09,4.65,851.97,0.992703055608538
2004-03-23,0.0,495.05,18.09,2.93,754.26,0.935431725477276
2004-03-24,0.0,510.06,21.41,4.76,861.15,0.8993719990983334
2004-03-25,0.0,431.71,22.5,9.95,1235.66,0.8717969142203186
2004-03-26,0.0,460.51,24.57,10.09,1247.52,0.8590699519689271
2004-03-27,0.0,464.89,25.82,10.72,1297.9,0.8442218293423036
2004-03-28,0.0,432.78,25.96,12.37,1429.92,0.8230102255899845
2004-03-29,0.0,423.01,26.46,13.34,1529.53,0.810283263338593
2004-03-30,5.84,350.85,24.92,9.93,1234.68,0.8145255840890567
2004-03-31,0.0,522.98,24.43,5.74,919.73,0.9248259236011166
2004-04-01,0.0,532.48,21.22,2.18,720.0,0.9799760933571464
2004-04-02,0.0,499.01,22.24,5.31,902.72,0.8548276312184633
2004-04-03,0.0,513.78,23.88,5.42,905.99,0.7869504992110419
2004-04-04,0.0,516.06,25.04,5.89,923.48,0.7530119332073312
2004-04-05,0.0,510.6,24.74,5.87,926.12,0.7254368483293162
2004-04-06,0.0,474.79,23.22,6.93,994.1,0.704225244576997
2004-04-07,6.29,358.6,26.03,9.85,1227.61,0.6936194427008374
2004-04-08,0.0,356.23,26.91,15.51,1760.84,0.7148310464531566
2004-04-09,0.0,407.26,26.66,13.5,1550.69,0.7190733672036205
2004-04-10,0.0,448.58,27.81,12.7,1455.67,0.6957406030760693
2004-04-11,2.65,361.9,27.57,14.96,1711.45,0.6830136408246779
2004-04-12,5.84,258.7,24.32,14.09,1608.01,0.706346404952229
2004-04-13,0.6,348.01,16.91,6.74,979.11,0.7657388954587226
2004-04-14,0.0,449.5,16.99,3.62,800.66,0.7911928199615056
2004-04-15,0.0,511.71,22.01,4.74,859.08,0.7402849709559397
2004-04-16,0.0,523.75,24.59,6.1,934.1,0.6893771219503736
2004-04-17,0.0,500.27,25.32,8.19,1095.25,0.653317395571431
2004-04-18,0.0,475.78,25.91,10.0,1240.0,0.6278634710686479
2004-04-19,0.0,464.45,26.52,11.1,1327.94,0.6087730276915607
2004-04-20,0.0,418.76,26.55,13.2,1512.51,0.5918037446897053
2004-04-21,0.0,356.98,26.05,15.24,1737.71,0.5769556220630819
2004-04-22,0.0,345.67,27.36,16.87,1918.89,0.5684709805621542
2004-04-23,0.0,307.03,28.19,19.0,2199.74,0.5578651786859946
2004-04-24,0.0,336.57,28.68,18.53,2133.26,0.545138216434603
2004-04-25,0.0,313.95,28.89,19.55,2279.61,0.5408958956841393
2004-04-26,77.65,238.85,26.64,17.56,2009.4,1.5548105550449964
2004-04-27,0.0,475.28,25.33,10.7,1295.82,3.309010185361793
2004-04-28,0.0,513.05,25.51,8.84,1147.56,2.3332764127551107
2004-04-29,0.0,461.66,25.58,11.49,1359.37,1.6990494605607669
2004-04-30,25.09,242.18,23.92,15.09,1714.93,5.47259376809835
2004-05-01,14.42,196.18,22.56,15.8,1787.89,11.24214998872917
2004-05-02,23.01,292.27,26.24,15.5,1760.71,11.136091969967573
2004-05-03,0.0,479.7,20.81,7.56,1044.6,8.484641500927676
2004-05-04,0.0,536.5,23.02,6.75,980.1,4.857457259281094
2004-05-05,0.0,548.33,25.87,8.34,1106.89,2.418122827764387
2004-05-06,0.0,518.6,28.1,11.96,1396.46,1.7011706209359987
2004-05-07,0.0,522.96,29.51,12.77,1461.62,1.3639061212741237
2004-05-08,0.0,517.9,30.66,13.79,1583.16,1.1560324045013957
2004-05-09,0.0,488.31,30.78,15.45,1755.73,1.0202781404865529
2004-05-10,0.0,436.52,29.7,16.93,1923.43,0.9227047632258847
2004-05-11,32.29,267.78,27.47,17.96,2072.9,1.2811808666400788
2004-05-12,14.05,221.3,27.0,19.26,2238.51,3.1181057515909205
2004-05-13,69.96,250.6,26.59,17.83,2047.97,7.869504992110419
2004-05-14,0.94,314.5,28.38,19.62,2282.47,12.408788195106725
2004-05-15,19.49,213.3,27.09,19.9,2311.96,14.911757437880388
2004-05-16,11.75,217.26,26.52,19.44,2266.21,9.927030556085379
2004-05-17,0.0,353.54,28.51,19.66,2288.5,7.105887257026927
2004-05-18,24.5,281.04,28.0,18.74,2158.77,5.515016975602989
2004-05-19,7.11,293.07,28.04,18.87,2179.26,7.466484520816353
2004-05-20,0.0,461.99,30.41,18.0,2079.97,10.3936858386364
2004-05-21,0.0,450.67,30.23,18.26,2100.7,8.442218293423036
2004-05-22,0.0,441.17,30.59,18.88,2180.44,3.9241466941790497
2004-05-23,0.0,439.21,30.4,18.73,2163.58,2.3332764127551107
2004-05-24,3.86,367.96,30.07,19.61,2282.2,1.8432883660765376
2004-05-25,0.0,412.27,30.8,19.96,2324.97,1.7032917813112307
2004-05-26,0.0,427.67,30.79,19.37,2250.54,1.56965867767162
2004-05-27,0.0,424.21,30.85,19.61,2284.08,1.3490579986475002
2004-05-28,0.0,409.11,30.5,19.99,2332.65,1.198455612006034
2004-05-29,0.0,436.26,31.32,19.78,2307.58,1.090276432869206
2004-05-30,0.0,367.76,31.0,21.72,2594.7,1.0075511782351614
2004-05-31,0.0,377.25,31.12,21.49,2558.61,0.9714914518562187
2004-06-01,37.89,283.97,28.36,19.14,2215.59,1.6523839323056646
2004-06-02,38.3,280.95,27.98,19.01,2201.79,4.348378769225433
2004-06-03,23.06,320.76,29.81,19.05,2208.73,6.130153484420244
2004-06-04,6.77,377.54,29.83,19.05,2207.98,6.448327540705033
2004-06-05,0.0,456.97,30.29,18.69,2154.87,6.554385559466629
2004-06-06,3.44,434.81,30.42,19.08,2213.37,4.136262731702241
2004-06-07,12.92,351.3,30.1,18.37,2116.59,3.5635494303896236
2004-06-08,2.77,428.81,31.51,19.86,2312.71,2.502969242773664
2004-06-09,3.98,422.35,31.73,20.14,2342.52,2.1169180544814545
2004-06-10,0.0,459.92,32.23,20.4,2384.16,2.2484299977458337
2004-06-11,0.0,429.77,32.47,21.64,2582.08,1.6778378568084478
2004-06-12,0.0,423.94,32.69,21.95,2632.07,1.3957235269026025
2004-06-13,0.0,391.48,32.12,22.51,2721.92,1.3236040741447173
2004-06-14,20.78,304.43,31.46,21.48,2556.64,1.2451211402611362
2004-06-15,23.1,246.99,29.23,21.72,2595.25,2.5453924502783027
2004-06-16,0.57,327.1,31.67,23.58,2909.13,3.499914619132666
2004-06-17,0.0,402.54,32.44,22.36,2698.34,2.3332764127551107
2004-06-18,0.0,390.1,33.43,23.53,2897.35,1.6608685738065923
2004-06-19,7.26,338.64,33.5,21.43,2548.15,3.13931735534324
2004-06-20,7.97,366.45,33.23,21.15,2503.78,4.518071599243987
2004-06-21,0.06,429.32,32.31,21.31,2530.01,3.6483958453989
2004-06-22,16.34,335.14,32.0,20.61,2417.57,2.4817576390213447
2004-06-23,11.23,319.43,31.98,21.24,2517.99,2.396911224012068
2004-06-24,6.55,296.02,30.67,21.24,2517.63,2.3332764127551107
2004-06-25,28.53,289.6,29.66,20.65,2423.76,5.260477730575158
2004-06-26,26.2,198.82,27.03,21.39,2542.94,6.533173955714309
2004-06-27,5.6,294.9,29.58,20.5,2400.0,7.636177350834906
2004-06-28,11.36,323.64,29.91,19.66,2289.23,7.848293388358099
2004-06-29,12.16,346.05,31.4,19.69,2295.45,7.805870180853461
2004-06-30,12.68,325.0,31.36,20.69,2430.84,6.448327540705033
2004-07-01,17.02,307.53,30.95,21.1,2496.67,6.024095465658649
2004-07-02,27.15,297.02,30.56,21.2,2512.42,6.745289993237501
2004-07-03,11.92,349.08,30.99,19.16,2221.28,6.363481125695756
2004-07-04,0.0,441.27,32.0,20.86,2457.27,5.048361693051967
2004-07-05,0.0,409.65,32.83,22.61,2737.0,3.6483958453989
2004-07-06,0.0,440.7,32.73,21.46,2553.72,3.309010185361793
2004-07-07,6.54,338.93,32.5,21.64,2582.38,2.9272013178200478
2004-07-08,3.02,390.17,32.0,20.0,2335.31,4.539283202996306
2004-07-09,15.68,334.96,31.59,20.68,2429.31,5.430170560593712
2004-07-10,30.38,349.28,31.66,20.35,2375.2,4.369590372977752
2004-07-11,0.0,459.64,32.72,20.75,2439.81,3.839300279169773
2004-07-12,0.0,448.53,33.48,21.72,2595.48,2.9272013178200478
2004-07-13,0.0,428.39,33.85,22.7,2752.26,2.000254233843699
2004-07-14,0.0,424.9,33.5,22.54,2726.42,1.5081450267898941
2004-07-15,0.74,419.44,34.27,23.1,2816.05,1.2726962251391514
2004-07-16,0.05,399.53,34.19,23.79,2949.16,1.1305784799986127
2004-07-17,14.36,303.66,31.55,21.52,2563.17,1.0775494706178148
2004-07-18,10.0,271.31,30.74,22.62,2739.58,1.1623958856270913
2004-07-19,0.0,443.9,31.75,20.41,2386.27,1.3151194326437896
2004-07-20,0.0,456.65,32.01,20.13,2340.05,1.1411842818747722
2004-07-21,0.0,452.12,32.4,20.58,2412.78,0.9778549329819145
2004-07-22,0.0,445.67,32.94,21.23,2516.85,0.8824027160964782
2004-07-23,0.0,449.32,33.61,21.54,2566.09,0.8230102255899845
2004-07-24,0.0,466.18,34.81,21.57,2570.85,0.7742235369596503
2004-07-25,0.0,448.54,34.63,22.12,2659.27,0.7339214898302439
2004-07-26,17.84,347.32,34.09,22.02,2643.27,0.7148310464531566
2004-07-27,15.54,314.97,32.2,21.13,2501.08,1.1369419611243083
2004-07-28,0.0,430.17,31.37,20.08,2342.23,0.9311894047268122
2004-07-29,0.0,434.66,32.58,20.86,2457.02,1.0351262631131763
2004-07-30,0.0,428.02,33.39,21.7,2592.19,0.8972508387231015
2004-07-31,10.3,359.72,33.73,21.88,2621.04,0.8760392349707824
2004-08-01,3.87,349.76,32.48,22.69,2750.66,0.9333105651020441
2004-08-02,0.0,384.55,33.78,23.46,2876.14,0.8124044237138248
2004-08-03,0.0,433.4,33.78,21.69,2590.03,0.9014931594735653
2004-08-04,0.0,431.38,33.35,21.39,2543.15,0.7763446973348823
2004-08-05,0.0,430.48,34.47,22.22,2675.19,0.6830136408246779
2004-08-06,0.0,441.08,34.46,21.73,2597.15,0.625742310693416
2004-08-07,0.0,455.09,31.17,18.64,2146.39,0.5960460654401691
2004-08-08,0.0,446.8,31.59,19.24,2229.68,0.5642286598116903
2004-08-09,0.0,381.51,31.6,21.57,2571.22,0.549380537185067
2004-08-10,30.31,268.15,31.9,22.6,2735.53,0.6066518673163287
2004-08-11,16.21,282.68,31.32,21.56,2570.2,0.8124044237138248
2004-08-12,2.09,335.18,30.03,20.82,2450.46,2.3544880165074296
2004-08-13,0.0,448.74,26.6,15.22,1730.56,1.8857115735811758
2004-08-14,0.0,468.78,26.62,14.41,1638.54,1.145426602625236
2004-08-15,0.0,478.37,27.44,14.58,1660.38,0.8611911123441589
2004-08-16,0.0,488.53,29.25,15.39,1747.63,0.7381638105807077
2004-08-17,0.0,493.6,30.64,15.95,1806.64,0.676650159698982
2004-08-18,0.0,490.72,30.92,16.17,1831.57,0.6342269521943437
2004-08-19,0.0,476.96,31.96,17.52,2004.95,0.6066518673163287
2004-08-20,2.49,402.17,32.79,20.65,2423.88,0.6024095465658649
2004-08-21,12.45,312.2,32.49,20.5,2400.04,0.9799760933571464
2004-08-22,8.75,295.16,31.45,20.51,2401.0,1.3236040741447173
2004-08-23,0.0,382.91,32.24,21.55,2568.11,1.0796706309930466
2004-08-24,0.0,385.63,32.35,21.55,2568.63,1.1369419611243083
2004-08-25,0.0,369.26,32.77,22.45,2712.71,1.9535887055885972
2004-08-26,0.0,372.08,33.05,22.57,2730.91,1.2578481025125279
2004-08-27,0.0,374.56,33.29,22.66,2745.74,1.0308839423627125
2004-08-28,0.0,365.56,32.7,22.5,2720.31,0.8675545934698548
2004-08-29,9.11,293.96,32.61,21.48,2557.25,0.833616027466144
2004-08-30,6.88,326.36,31.0,21.1,2495.96,0.8908873575974059
2004-08-31,25.67,272.27,30.37,20.62,2419.06,0.9248259236011166
2004-09-01,0.0,386.31,30.88,20.23,2356.49,1.0223993008617847
2004-09-02,0.0,389.65,31.5,20.6,2416.58,0.8654334330946228
2004-09-03,0.0,378.55,31.62,21.08,2492.31,0.78482933883581
2004-09-04,3.32,337.94,31.44,21.18,2509.22,0.7445272917064034
2004-09-05,0.0,381.08,31.89,21.22,2514.81,0.7508907728320993
2004-09-06,0.0,378.42,32.4,21.72,2595.81,0.7487696124568672
2004-09-07,0.0,373.09,32.82,22.24,2678.89,0.7254368483293162
2004-09-08,0.0,424.53,32.0,19.47,2268.54,0.6851348011999097
2004-09-09,0.0,409.96,32.0,19.95,2325.63,0.6490750748209672
2004-09-10,0.0,405.79,32.5,20.4,2384.19,0.6299846314438798
2004-09-11,0.0,414.81,32.43,19.8,2304.06,0.5833191031887777
2004-09-12,0.0,373.66,31.62,20.78,2444.59,0.5408958956841393
2004-09-13,8.68,290.86,31.43,20.97,2475.58,0.5302900938079798
2004-09-14,8.99,267.91,30.59,21.0,2479.29,0.6596808766971267
2004-09-15,0.0,252.33,28.38,21.87,2618.81,0.8505853104679993
2004-09-16,31.5,195.42,28.55,21.91,2625.78,1.1411842818747722
2004-09-17,3.65,344.04,31.28,20.4,2384.51,1.3745119231502831
2004-09-18,0.0,438.19,32.94,19.11,2216.84,1.1708805271280192
2004-09-19,0.0,482.84,31.26,14.78,1681.43,0.8972508387231015
2004-09-20,0.0,453.17,29.63,15.49,1759.29,0.7275580087045481
2004-09-21,0.0,428.61,28.5,15.78,1792.75,0.6363481125695757
2004-09-22,0.0,404.51,29.5,17.56,2008.73,0.5833191031887777
2004-09-23,0.0,372.61,29.49,18.79,2174.8,0.5472593768098349
2004-09-24,0.02,363.69,29.09,18.74,2158.32,0.5239266126822839
2004-09-25,0.0,410.0,30.67,17.89,2062.38,0.5069573296804286
2004-09-26,0.0,405.38,30.24,17.64,2022.86,0.4899880466785732
2004-09-27,0.0,405.38,30.82,17.91,2057.56,0.47513992405194977
2004-09-28,0.0,413.72,31.0,17.44,1992.12,0.4581706410500944
2004-09-29,0.0,399.38,30.22,17.38,1985.1,0.443322518423471
2004-09-30,0.0,417.13,30.1,16.13,1825.72,0.43483787692254333
2004-10-01,0.0,407.63,30.21,16.54,1871.97,0.4242320750463837
2004-10-02,0.0,398.59,31.06,17.47,1995.55,0.41574743354545607
2004-10-03,0.0,360.41,31.88,19.85,2308.32,0.41150511279499224
2004-10-04,0.77,354.74,31.48,19.4,2262.69,0.40302047129406454
2004-10-05,6.81,274.83,31.3,19.31,2249.07,0.40089931091883263
2004-10-06,0.68,349.84,29.95,17.85,2056.1,0.4093839524197603
2004-10-07,0.0,321.71,29.19,18.84,2174.74,0.4221109146711518
2004-10-08,1.21,209.86,25.52,19.25,2233.82,0.4327167165473114
2004-10-09,16.12,77.35,21.71,19.06,2208.75,0.443322518423471
2004-10-10,35.66,83.49,22.07,19.22,2234.95,0.549380537185067
2004-10-11,31.03,130.69,24.21,19.5,2280.09,1.646020451179969
2004-10-12,0.0,352.37,28.24,17.14,1946.52,1.9981330734684675
2004-10-13,0.0,407.78,25.75,12.03,1402.42,1.4042081684035301
2004-10-14,1.69,376.09,25.53,12.48,1442.15,1.0117934989856252
2004-10-15,12.03,320.38,21.04,6.38,950.77,0.7657388954587226
2004-10-16,0.0,428.53,23.56,7.59,1047.12,0.6830136408246779
2004-10-17,0.0,414.55,27.07,10.95,1315.7,0.6087730276915607
2004-10-18,0.0,355.33,27.82,15.28,1734.22,0.5578651786859946
2004-10-19,6.62,199.17,29.24,20.69,2430.02,0.9333105651020441
2004-10-20,0.0,249.54,30.8,22.44,2709.98,1.3914812061521387
2004-10-21,0.0,284.01,31.07,21.33,2533.19,0.9036143198487975
2004-10-22,0.0,274.83,29.42,20.31,2369.5,0.72967916907978
2004-10-23,0.1,239.95,28.68,20.94,2470.14,0.6427115936952713
2004-10-24,0.95,211.13,28.0,21.09,2494.88,0.5960460654401691
2004-10-25,0.0,237.67,28.76,21.14,2502.87,0.5684709805621542
2004-10-26,0.0,319.35,29.9,18.72,2154.75,0.5472593768098349
2004-10-27,0.0,315.82,29.67,18.65,2144.73,0.5260477730575158
2004-10-28,0.0,338.12,29.15,16.98,1918.61,0.5090784900556604
2004-10-29,0.0,338.05,29.14,16.88,1910.17,0.49423036742903703
2004-10-30,0.0,326.64,28.79,17.17,1948.73,0.47938224480241365
2004-10-31,0.0,304.38,29.04,18.46,2126.34,0.4687764429262541
2004-11-01,0.0,263.99,28.93,20.17,2349.89,0.4624129618005583
2004-11-02,11.08,184.34,28.78,20.78,2444.43,0.4878668863033413
2004-11-03,71.62,209.36,28.9,19.5,2266.17,0.5875614239392415
2004-11-04,9.2,312.21,26.86,11.8,1384.22,0.6618020370723586
2004-11-05,0.0,336.49,18.52,7.63,1050.2,0.7190733672036205
2004-11-06,0.0,386.92,19.96,4.91,872.88,0.7699812162091865
2004-11-07,0.0,392.58,22.79,5.7,916.67,0.7954351407119695
2004-11-08,0.0,376.66,24.32,7.98,1078.29,0.8039197822128972
2004-11-09,0.0,373.6,23.96,7.34,1026.95,0.810283263338593
2004-11-10,0.0,336.34,22.93,9.27,1181.84,0.8039197822128972
2004-11-11,41.43,203.41,22.59,12.59,1457.17,2.142371978984238
2004-11-12,6.65,230.84,21.87,11.06,1325.08,4.3271671654731145
2004-11-13,0.0,191.98,16.51,10.23,1258.78,2.821143299058452
2004-11-14,0.0,206.59,17.69,10.92,1313.23,1.7860170359452756
2004-11-15,0.0,250.75,20.19,11.63,1370.25,1.3448156778970364
2004-11-16,0.0,300.68,20.96,9.99,1239.34,1.1093668762462934
2004-11-17,0.0,328.68,22.68,9.54,1203.1,0.9651279707305229
2004-11-18,0.0,311.93,22.03,9.93,1234.43,0.8802815557212463
2004-11-19,2.42,211.08,21.65,13.07,1499.24,0.8293737067156802
2004-11-20,0.78,212.25,22.62,15.05,1711.58,0.8484641500927674
2004-11-21,21.19,156.94,22.15,15.08,1715.42,1.563295196545924
2004-11-22,0.45,176.05,24.5,18.18,2092.44,1.8963173754573353
2004-11-23,10.67,134.01,25.16,19.11,2216.89,1.5357201116679091
2004-11-24,35.57,167.86,25.27,16.97,1919.07,2.1635835827365573
2004-11-25,0.04,331.85,21.58,7.22,1017.92,4.899880466785732
2004-11-26,0.0,315.83,13.47,1.35,667.7,5.790767824383138
2004-11-27,3.33,314.62,18.63,4.79,864.51,4.730187636767179
2004-11-28,10.3,310.65,21.49,5.19,893.16,3.8605118829220917
2004-11-29,0.0,330.79,19.39,4.66,852.24,3.2665869778571546
2004-11-30,0.06,309.46,22.54,8.86,1148.67,2.396911224012068
2004-12-01,23.22,260.28,22.26,4.12,815.23,2.7575084878014944
2004-12-02,0.0,270.36,12.87,2.45,720.74,2.375699620259749
2004-12-03,0.0,301.72,14.32,1.71,694.87,1.904802016958263
2004-12-04,2.88,280.65,15.93,3.06,763.22,1.5081450267898941
2004-12-05,10.72,206.77,17.89,7.11,1008.63,1.3681484420245875
2004-12-06,4.74,160.24,21.73,14.89,1697.17,1.8941962150821035
2004-12-07,13.91,128.43,23.04,16.55,1884.37,2.2060067902411955
2004-12-08,0.0,300.09,22.22,9.11,1168.54,2.5453924502783027
2004-12-09,15.86,204.99,21.96,10.8,1304.03,2.86356650656309
2004-12-10,0.0,290.33,23.01,10.58,1286.69,3.2453753741048357
2004-12-11,0.0,319.66,17.45,3.33,777.84,2.7787200915538133
2004-12-12,0.0,308.71,13.41,0.63,635.61,1.9451040640876696
2004-12-13,0.0,317.72,17.97,3.48,784.47,1.5229931494165176
2004-12-14,0.0,326.84,15.37,0.04,610.61,1.3214829137694852
2004-12-15,0.0,303.05,8.53,-4.15,440.58,1.1899709705051065
2004-12-16,0.0,326.7,11.77,-3.46,468.9,1.1072457158710616
2004-12-17,0.0,329.22,15.73,-0.46,590.79,1.0648225083664231
2004-12-18,0.0,326.21,15.8,-0.14,605.15,1.0330051027379443
2004-12-19,0.0,326.26,15.63,-0.6,583.48,1.0075511782351614
2004-12-20,0.0,331.73,12.79,-4.03,449.59,0.9842184141076102
2004-12-21,0.0,315.68,13.73,-1.73,540.97,0.9587644896048273
2004-12-22,3.26,236.76,20.44,6.71,985.94,0.9566433292295954
2004-12-23,25.52,256.74,18.99,-1.55,553.16,1.6078395644257943
2004-12-24,0.0,146.42,1.89,-3.83,455.32,2.7999316953061326
2004-12-25,0.88,112.53,1.09,-3.2,481.95,2.290853205250472
2004-12-26,0.0,219.88,5.22,-3.58,466.67,1.7584419510672604
2004-12-27,0.0,320.03,13.19,-2.73,502.76,1.431783253281545
2004-12-28,0.0,330.45,15.62,-1.77,538.12,1.2705750647639193
2004-12-29,0.0,325.69,18.35,1.1,661.56,1.1687593667527871
2004-12-30,0.0,312.72,20.93,4.65,852.26,1.0966399139949021
2004-12-31,0.0,319.21,19.64,2.88,756.91,1.0478532253645678
2005-01-01,0.01,222.12,21.69,12.95,1484.96,1.0139146593608572
2005-01-02,0.13,219.49,22.99,14.26,1628.44,0.9863395744828422
2005-01-03,0.0,245.36,23.62,13.56,1554.3,0.9651279707305229
2005-01-04,0.0,227.09,22.63,13.65,1566.8,0.9417952066029719
2005-01-05,0.0,200.98,22.72,14.93,1701.35,0.9205836028506528
2005-01-06,2.0,206.79,22.57,14.14,1611.41,0.912098961349725
2005-01-07,4.13,179.31,20.54,12.22,1417.94,0.9566433292295954
2005-01-08,22.2,198.72,21.69,11.01,1321.1,1.3681484420245875
2005-01-09,0.0,252.28,15.98,6.58,973.92,2.693873676544537
2005-01-10,0.0,267.1,18.89,8.54,1122.93,2.715085280296856
2005-01-11,0.0,264.42,22.5,11.94,1395.45,2.002375394218931
2005-01-12,0.0,188.02,23.03,15.98,1799.33,1.4954180645385027
2005-01-13,9.78,177.14,23.09,14.01,1600.43,1.3172405930190214
2005-01-14,17.7,216.76,16.92,5.81,923.96,2.108433412980527
2005-01-15,0.0,294.94,13.81,2.72,737.46,3.033259336581644
2005-01-16,0.0,331.91,14.85,1.28,664.7,2.4817576390213447
2005-01-17,0.0,358.89,11.97,-3.64,462.01,1.7393515076901733
2005-01-18,0.0,322.32,8.88,-3.25,479.79,1.3469368382722684
2005-01-19,0.0,351.63,11.29,-3.17,481.94,1.1772440082537148
2005-01-20,0.0,317.38,15.33,3.22,771.07,1.0881552724939743
2005-01-21,0.0,314.69,20.72,8.25,1100.02,1.0330051027379443
2005-01-22,0.0,328.95,22.28,8.69,1135.05,0.9948242159837699
2005-01-23,0.0,403.58,21.21,-4.04,447.8,0.9608856499800592
2005-01-24,0.0,343.52,7.76,-4.98,432.3,0.9205836028506528
2005-01-25,0.0,383.41,14.92,-2.19,523.86,0.8802815557212463
2005-01-26,0.0,373.85,21.61,4.59,852.3,0.8505853104679993
2005-01-27,0.0,356.81,20.01,5.32,897.83,0.8314948670909121
2005-01-28,3.29,198.97,13.04,5.83,924.54,0.8145255840890567
2005-01-29,8.38,139.65,13.36,7.58,1046.18,0.808162102963361
2005-01-30,0.0,209.22,13.25,6.74,979.41,0.8824027160964782
2005-01-31,3.45,212.44,12.01,4.63,850.54,0.9608856499800592
2005-02-01,43.88,84.57,10.02,6.87,989.84,1.8199556019489862
2005-02-02,43.42,138.51,13.3,7.89,1071.49,4.45443678798703
2005-02-03,2.83,137.07,12.29,7.56,1044.55,8.060409425881291
2005-02-04,0.0,244.6,12.21,5.1,887.97,10.733071498673509
2005-02-05,0.0,388.3,15.99,1.42,673.65,8.293737067156803
2005-02-06,0.0,390.24,17.78,2.77,750.01,4.136262731702241
2005-02-07,0.0,307.42,18.78,8.77,1141.59,2.4817576390213447
2005-02-08,3.54,158.09,20.27,14.12,1609.82,1.985406111217076
2005-02-09,10.52,176.62,21.73,14.51,1641.75,1.9981330734684675
2005-02-10,2.92,364.74,18.39,2.52,734.53,2.227218393993515
2005-02-11,0.0,410.44,14.32,-1.07,567.46,2.2484299977458337
2005-02-12,0.0,422.42,17.34,0.28,623.86,1.9175289792096546
2005-02-13,0.0,396.86,19.73,4.76,863.13,1.6587474134313605
2005-02-14,10.17,233.32,21.27,11.04,1323.53,1.7393515076901733
2005-02-15,0.0,357.34,22.67,10.21,1256.98,2.2060067902411955
2005-02-16,0.0,315.84,23.87,13.49,1550.59,2.142371978984238
2005-02-17,0.0,359.38,21.36,9.33,1186.68,1.8390460453260733
2005-02-18,0.0,367.24,16.21,4.59,847.21,1.5887491210487072
2005-02-19,0.0,413.13,16.63,2.33,720.06,1.406329328778762
2005-02-20,0.0,392.27,21.41,7.88,1071.2,1.2960289892667023
2005-02-21,0.0,284.02,23.86,15.22,1737.4,1.2408788195106724
2005-02-22,0.0,303.16,25.82,16.67,1892.41,1.2111825742574256
2005-02-23,5.7,262.75,23.36,14.78,1683.85,1.1899709705051065
2005-02-24,6.85,212.38,19.48,12.03,1402.33,1.4211774514053854
2005-02-25,8.83,275.52,16.55,6.63,970.82,1.6820801775589116
2005-02-26,0.0,433.14,16.56,3.59,792.25,1.7563207906920286
2005-02-27,5.59,247.03,14.95,6.68,977.32,1.6248088474276496
2005-02-28,1.29,274.08,15.26,7.97,1077.41,1.5039027060394303
2005-03-01,0.0,460.91,16.88,2.04,712.81,1.486933423037575
2005-03-02,0.0,457.73,14.42,0.13,613.34,1.2917866685162385
2005-03-03,11.6,272.62,12.93,3.38,778.38,1.2620904232629917
2005-03-04,1.4,351.19,14.79,4.15,820.06,1.5845068002982432
2005-03-05,0.0,467.26,20.82,4.6,847.99,1.667232054932288
2005-03-06,0.0,445.62,21.05,6.35,947.64,1.4339044136567771
2005-03-07,0.69,415.26,20.84,7.23,1018.38,1.2472423006363682
2005-03-08,5.75,307.48,20.51,8.25,1100.3,1.2133037346326574
2005-03-09,0.0,390.78,16.0,5.11,888.06,1.2217883761335853
2005-03-10,0.0,420.14,16.58,4.28,822.55,1.1093668762462934
2005-03-11,0.0,451.98,19.58,5.14,890.84,1.0245204612370167
2005-03-12,0.0,495.24,22.42,4.21,817.15,0.9502798481038995
2005-03-13,0.0,464.28,25.01,8.98,1158.04,0.9036143198487975
2005-03-14,0.0,392.2,23.77,12.1,1407.73,0.8569487915936952
2005-03-15,6.25,325.46,18.23,8.17,1093.43,0.8187679048395206
2005-03-16,27.62,218.45,15.74,8.48,1118.2,0.8972508387231015
2005-03-17,0.07,194.12,10.49,6.04,934.85,1.4529948570338642
2005-03-18,0.0,427.88,12.44,1.19,664.52,1.2833020270153108
2005-03-19,0.0,491.07,18.92,3.74,800.19,1.2217883761335853
2005-03-20,0.48,404.44,21.1,9.59,1207.2,1.1369419611243083
2005-03-21,5.61,242.49,20.37,12.34,1426.98,1.173001687503251
2005-03-22,3.76,303.13,24.79,13.72,1568.9,1.2302730176345127
2005-03-23,4.46,415.74,24.19,10.02,1242.0,1.512387347540358
2005-03-24,0.0,490.0,22.45,7.37,1029.96,1.6290511681781135
2005-03-25,0.0,482.61,27.18,11.43,1354.51,1.2917866685162385
2005-03-26,0.82,412.24,26.68,14.35,1639.69,1.1284573196233807
2005-03-27,6.67,276.26,24.18,14.17,1613.87,1.1157303573719892
2005-03-28,0.0,444.05,21.41,8.91,1152.47,1.1708805271280192
2005-03-29,0.0,511.61,22.04,5.58,915.77,1.1602747252518595
2005-03-30,0.0,454.48,24.26,10.61,1288.63,1.0287627819874805
2005-03-31,27.92,250.24,25.37,16.34,1852.38,1.196334451630802
2005-04-01,139.64,279.94,24.52,14.45,1641.51,11.348208007490765
2005-04-02,0.66,476.7,22.39,7.52,1041.95,18.602576490783928
2005-04-03,0.0,533.97,21.32,3.7,800.0,30.120477328293244
2005-04-04,0.0,531.21,23.36,5.59,911.4,24.393344315167067
2005-04-05,0.0,454.68,24.55,11.22,1337.99,12.00576772381266
2005-04-06,27.49,266.04,24.2,15.7,1779.05,5.663498201869223
2005-04-07,8.3,280.37,22.71,14.32,1634.59,5.260477730575158
2005-04-08,0.0,325.25,21.0,12.94,1475.13,6.00288386190633
2005-04-09,0.0,472.64,23.0,9.66,1212.93,3.9241466941790497
2005-04-10,0.0,464.19,25.84,12.45,1446.1,2.630238865287579
2005-04-11,0.0,372.96,25.52,15.89,1794.39,2.108433412980527
2005-04-12,46.17,317.82,26.28,14.97,1711.28,4.581706410500944
2005-04-13,0.0,528.82,26.0,9.51,1200.71,6.554385559466629
2005-04-14,0.0,489.51,23.6,9.81,1225.12,6.3210579181911175
2005-04-15,0.0,497.48,22.9,8.66,1132.53,4.518071599243987
2005-04-16,0.0,509.2,25.43,9.86,1228.47,2.60902726153526
2005-04-17,0.0,520.04,25.92,9.49,1199.54,1.8857115735811758
2005-04-18,0.0,517.0,25.73,9.57,1205.9,1.5951126021744029
2005-04-19,0.0,476.16,25.16,11.22,1337.48,1.4211774514053854
2005-04-20,0.0,476.3,26.01,11.8,1384.21,1.3002713100171661
2005-04-21,0.0,470.59,27.69,13.39,1542.67,1.2111825742574256
2005-04-22,0.0,425.47,28.94,16.42,1866.17,1.1433054422500042
2005-04-23,0.0,474.42,26.9,12.71,1457.15,1.0796706309930466
2005-04-24,0.0,506.99,21.0,6.25,941.18,1.0096723386103934
2005-04-25,0.44,448.43,20.0,7.69,1055.38,0.9502798481038995
2005-04-26,15.5,307.21,22.1,11.15,1332.24,1.069064829116887
2005-04-27,2.9,474.62,24.75,8.34,1107.4,1.4551160174090962
2005-04-28,0.0,521.16,25.87,9.52,1201.74,1.4975392249137345
2005-04-29,0.0,452.75,27.53,14.21,1623.19,1.2111825742574256
2005-04-30,69.16,283.37,26.7,16.27,1842.1,2.5666040540306216
2005-05-01,8.71,375.73,21.99,9.75,1220.0,6.575597163218948
2005-05-02,0.0,494.54,23.28,8.84,1147.41,14.402678947824727
2005-05-03,0.0,472.78,23.81,10.41,1272.58,15.654163569211558
2005-05-04,0.0,447.84,22.2,10.16,1252.57,8.378583482166079
2005-05-05,0.0,490.36,24.4,10.3,1264.2,3.5847610341419425
2005-05-06,0.0,500.61,25.34,10.45,1275.66,2.142371978984238
2005-05-07,0.0,477.8,26.09,12.0,1399.95,1.7011706209359987
2005-05-08,0.0,457.08,26.38,13.02,1483.02,1.4742064607861833
2005-05-09,0.99,436.13,26.8,13.52,1561.19,1.3257252345199493
2005-05-10,0.85,416.82,27.32,15.39,1751.25,1.2175460553831214
2005-05-11,0.0,437.69,30.29,17.01,1933.85,1.1539112441261639
2005-05-12,0.0,442.25,31.42,17.7,2031.9,1.1030033951205978
2005-05-13,0.0,420.32,30.56,17.96,2067.58,1.0245204612370167
2005-05-14,0.0,425.23,29.39,16.87,1914.34,0.9481586877286676
2005-05-15,1.85,346.56,29.15,17.86,2052.11,0.888766197222174
2005-05-16,0.0,483.48,28.71,13.99,1599.44,0.8442218293423036
2005-05-17,0.0,462.98,28.5,14.8,1685.15,0.8017986218376653
2005-05-18,0.0,462.29,29.99,16.11,1820.92,0.7572542539577949
2005-05-19,0.0,463.19,30.46,16.44,1866.45,0.7211945275788523
2005-05-20,0.0,444.24,31.49,18.09,2087.04,0.6957406030760693
2005-05-21,0.0,415.88,31.96,19.62,2289.66,0.6702866785732864
2005-05-22,0.0,442.63,31.17,17.94,2068.47,0.6490750748209672
2005-05-23,0.0,422.26,33.23,20.4,2384.5,0.6278634710686479
2005-05-24,0.0,419.13,34.8,21.77,2603.11,0.6087730276915607
2005-05-25,0.19,431.99,32.81,19.71,2296.72,0.5875614239392415
2005-05-26,0.0,470.17,29.14,15.15,1731.66,0.5684709805621542
2005-05-27,0.0,492.63,30.2,14.97,1707.61,0.549380537185067
2005-05-28,0.0,471.68,31.53,17.03,1933.79,0.5324112541832116
2005-05-29,36.86,312.69,30.17,18.22,2098.68,0.5175631315565882
2005-05-30,50.63,236.83,27.66,19.28,2237.51,0.6427115936952713
2005-05-31,25.34,174.56,26.06,20.15,2348.94,2.290853205250472
2005-06-01,21.56,173.36,25.84,20.11,2339.7,4.051416316692965
2005-06-02,0.0,350.33,28.64,19.53,2272.24,4.878668863033413
2005-06-03,0.0,407.45,31.33,20.0,2331.06,3.6059726378942614
2005-06-04,0.0,409.85,32.14,20.63,2420.67,2.2484299977458337
2005-06-05,0.0,357.47,31.95,22.27,2683.99,1.431783253281545
2005-06-06,7.49,313.11,30.42,21.39,2541.82,1.2196672157583532
2005-06-07,6.7,276.5,29.2,19.83,2306.64,1.3363310363961087
2005-06-08,0.0,435.35,32.28,20.19,2351.76,1.2090614138821936
2005-06-09,2.83,399.65,32.3,20.09,2343.06,1.412692809904458
2005-06-10,6.61,325.72,31.19,20.85,2455.72,1.4020870080282983
2005-06-11,11.45,221.38,28.71,21.57,2571.66,1.9408617433372055
2005-06-12,0.0,376.1,28.34,19.15,2223.09,3.2241637703525163
2005-06-13,0.0,411.4,31.77,20.96,2473.52,2.0426774413483377
2005-06-14,0.0,404.58,33.31,22.43,2709.3,1.5463259135440686
2005-06-15,0.0,424.43,34.75,22.9,2783.65,1.202697932756498
2005-06-16,0.0,459.15,34.84,21.56,2570.08,0.9524010084791315
2005-06-17,5.2,403.4,33.49,20.5,2399.52,0.8251313859652163
2005-06-18,7.13,308.76,31.01,20.53,2405.18,0.7636177350834907
2005-06-19,0.0,490.95,30.83,17.32,1971.93,0.7827081784605779
2005-06-20,0.0,466.67,31.06,18.55,2136.22,0.7275580087045481
2005-06-21,0.0,453.44,31.7,19.59,2278.64,0.8675545934698548
2005-06-22,0.0,466.96,32.5,19.66,2289.42,0.72967916907978
2005-06-23,0.0,464.63,33.5,20.5,2399.3,0.6469539144457352
2005-06-24,0.0,463.35,33.5,20.55,2408.71,0.6087730276915607
2005-06-25,3.49,440.18,33.01,19.99,2326.03,0.5896825843144734
2005-06-26,0.0,466.53,32.35,19.66,2292.15,0.5663498201869224
2005-06-27,0.0,447.49,31.99,20.22,2357.28,0.5430170560593712
2005-06-28,0.0,426.22,32.44,21.36,2537.36,0.5260477730575158
2005-06-29,15.58,348.85,31.78,21.94,2630.91,0.5642286598116903
2005-06-30,2.52,376.15,31.96,22.19,2669.88,0.6936194427008374
2005-07-01,16.24,354.65,34.0,22.43,2708.53,0.5918037446897053
2005-07-02,0.0,392.64,33.64,23.17,2826.96,0.5833191031887777
2005-07-03,1.24,438.33,34.49,21.59,2574.59,0.6342269521943437
2005-07-04,0.0,383.29,33.54,23.37,2867.47,0.5769556220630819
2005-07-05,17.61,285.97,32.29,22.48,2716.41,0.5387747353089074
2005-07-06,91.33,303.93,29.5,19.35,2247.87,3.5423378266373042
2005-07-07,1.39,424.24,29.34,18.28,2105.01,5.1968429193182
2005-07-08,0.0,423.24,32.21,20.91,2466.12,2.9484129215723667
2005-07-09,12.4,309.31,32.85,21.84,2614.45,2.0999487714795997
2005-07-10,13.48,239.89,29.84,22.09,2654.88,2.3544880165074296
2005-07-11,9.47,230.96,28.76,21.57,2570.94,2.969624525324686
2005-07-12,0.0,361.61,32.54,23.24,2846.16,2.227218393993515
2005-07-13,7.59,294.99,32.94,22.95,2792.92,1.720261064313086
2005-07-14,5.41,287.07,32.32,23.32,2853.26,1.438146734407241
2005-07-15,9.25,247.58,30.98,22.95,2792.27,1.1857286497546426
2005-07-16,6.58,271.47,31.21,22.6,2736.32,1.1878498101298745
2005-07-17,3.0,330.36,31.94,22.98,2796.59,1.092397593244438
2005-07-18,0.0,394.73,32.85,22.83,2772.92,0.9269470839763485
2005-07-19,0.0,378.21,33.17,23.68,2926.77,0.8230102255899845
2005-07-20,0.0,384.65,33.0,23.41,2874.91,0.7508907728320993
2005-07-21,14.32,349.58,33.9,22.83,2772.48,0.7975563010872014
2005-07-22,26.54,329.92,33.69,22.11,2658.29,0.7678600558339546
2005-07-23,0.0,414.82,34.02,23.34,2856.2,0.6618020370723586
2005-07-24,0.0,420.62,35.02,23.91,2973.47,0.7127098860779246
2005-07-25,0.0,428.45,35.0,23.64,2913.43,0.6342269521943437
2005-07-26,0.88,392.65,34.1,23.77,2942.41,0.572713301312618
2005-07-27,0.0,391.57,32.69,23.2,2832.81,0.5472593768098349
2005-07-28,0.0,410.92,33.26,23.05,2807.76,0.5854402635640096
2005-07-29,14.6,332.08,33.04,22.39,2701.75,0.6999829238265332
2005-07-30,3.43,328.85,31.5,22.4,2703.59,0.7402849709559397
2005-07-31,0.25,387.35,31.68,22.45,2712.75,0.8611911123441589
2005-08-01,11.06,301.24,31.9,22.3,2688.28,0.886645036846942
2005-08-02,9.76,276.77,30.48,22.17,2666.45,1.0796706309930466
2005-08-03,3.82,312.6,30.72,21.79,2607.11,0.8548276312184633
2005-08-04,22.46,310.99,31.14,21.58,2572.01,0.7911928199615056
2005-08-05,13.31,315.89,30.82,20.92,2466.73,0.8463429897175356
2005-08-06,7.74,318.66,30.52,20.89,2462.94,0.886645036846942
2005-08-07,0.0,443.86,31.55,20.75,2439.4,0.8972508387231015
2005-08-08,0.0,430.64,32.07,21.61,2578.28,0.755133093582563
2005-08-09,0.0,429.19,32.5,21.91,2625.78,0.6363481125695757
2005-08-10,9.69,328.86,33.3,22.45,2712.06,0.5854402635640096
2005-08-11,5.28,366.82,33.21,21.89,2621.76,0.6087730276915607
2005-08-12,1.3,383.59,32.5,22.89,2783.06,0.5663498201869224
2005-08-13,0.0,442.78,33.5,21.88,2621.22,0.5599863390612265
2005-08-14,0.0,426.82,34.03,22.79,2766.96,0.5663498201869224
2005-08-15,0.0,422.61,34.42,23.15,2823.76,0.5599863390612265
2005-08-16,0.8,429.14,34.52,21.68,2588.98,0.5345324145584435
2005-08-17,0.0,426.3,34.69,23.02,2803.49,0.6066518673163287
2005-08-18,0.0,419.03,34.77,23.29,2846.67,0.7211945275788523
2005-08-19,0.0,409.47,34.62,23.48,2883.85,0.6469539144457352
2005-08-20,0.0,407.12,35.46,24.16,3025.28,0.6957406030760693
2005-08-21,4.13,333.52,35.74,23.55,2892.56,0.6066518673163287
2005-08-22,8.74,324.51,34.58,22.4,2703.26,0.5663498201869224
2005-08-23,29.71,321.83,34.37,22.33,2692.09,2.3332764127551107
2005-08-24,0.0,392.45,33.54,23.08,2812.71,2.1635835827365573
2005-08-25,0.0,408.48,34.5,23.18,2829.43,1.5208719890412856
2005-08-26,8.32,309.99,34.36,23.48,2877.27,1.1602747252518595
2005-08-27,0.0,398.84,33.7,22.81,2770.09,0.8527064708432313
2005-08-28,0.0,383.33,33.35,23.06,2810.37,0.7084675653274608
2005-08-29,116.66,243.58,31.06,23.27,2845.59,4.369590372977752
2005-08-30,101.36,239.93,29.59,22.96,2795.27,15.590528757954601
2005-08-31,0.0,366.66,32.88,23.23,2842.04,24.605460352690258
2005-09-01,0.0,395.95,33.09,22.31,2689.33,28.423549028107708
2005-09-02,0.0,412.07,32.94,21.48,2556.74,24.605460352690258
2005-09-03,0.0,429.11,33.77,21.27,2523.74,17.902593566957393
2005-09-04,0.0,448.1,33.52,20.06,2337.37,9.714914518562187
2005-09-05,0.0,405.25,32.54,21.1,2496.09,4.539283202996306
2005-09-06,0.0,440.55,31.97,19.07,2210.77,2.7575084878014944
2005-09-07,0.0,428.3,31.87,19.43,2258.01,2.057525563974961
2005-09-08,0.0,428.41,31.9,19.34,2248.1,1.694807139810303
2005-09-09,0.0,427.94,32.35,19.58,2277.32,1.4826911022871112
2005-09-10,0.0,421.52,32.13,19.6,2283.68,1.3426945175218046
2005-09-11,0.0,463.39,33.0,17.87,2059.32,1.202697932756498
2005-09-12,0.0,452.94,32.89,18.22,2096.95,1.092397593244438
2005-09-13,0.0,447.92,32.5,18.05,2084.04,1.0223993008617847
2005-09-14,0.0,435.62,33.0,18.9,2183.72,0.9736126122314508
2005-09-15,0.0,414.47,33.52,20.23,2356.58,0.9248259236011166
2005-09-16,0.0,392.6,34.0,21.48,2556.75,0.88452387647171
2005-09-17,0.0,377.59,34.04,22.06,2650.36,0.8569487915936952
2005-09-18,0.0,377.3,34.82,22.57,2730.99,0.8293737067156802
2005-09-19,0.0,390.26,35.33,22.25,2680.09,0.8060409425881291
2005-09-20,0.0,392.13,35.72,22.32,2691.11,0.78482933883581
2005-09-21,0.0,399.18,35.42,21.64,2581.8,0.755133093582563
2005-09-22,1.77,341.74,34.19,21.8,2607.55,0.72967916907978
2005-09-23,13.2,213.39,30.98,22.5,2719.72,0.7275580087045481
2005-09-24,10.0,153.62,30.12,24.2,3025.57,0.8187679048395206
2005-09-25,2.89,152.96,30.86,25.67,3306.69,1.0860341121187425
2005-09-26,0.0,281.19,32.82,24.3,3048.33,1.2620904232629917
2005-09-27,0.0,359.86,33.5,21.87,2619.32,1.0817917913682786
2005-09-28,0.0,387.27,32.85,19.92,2320.96,0.935431725477276
2005-09-29,0.0,351.26,32.44,21.02,2483.37,0.8442218293423036
2005-09-30,0.0,406.97,31.98,17.82,2051.52,0.7742235369596503
2005-10-01,0.0,369.23,31.98,19.55,2272.86,0.7275580087045481
2005-10-02,0.0,323.78,32.14,21.55,2568.16,0.7148310464531566
2005-10-03,0.0,316.5,31.85,21.57,2571.69,0.7508907728320993
2005-10-04,0.0,329.61,31.59,20.84,2454.59,0.7127098860779246
2005-10-05,0.0,335.62,31.99,20.85,2456.49,0.6702866785732864
2005-10-06,0.0,325.45,31.36,20.72,2435.28,0.6342269521943437
2005-10-07,0.0,325.52,28.78,18.55,2128.88,0.6087730276915607
2005-10-08,0.0,351.83,25.77,14.93,1699.83,0.5875614239392415
2005-10-09,0.0,411.95,27.2,12.98,1488.98,0.5705921409373861
2005-10-10,0.0,424.09,27.63,12.27,1421.51,0.5515016975602989
2005-10-11,0.0,423.45,28.97,13.07,1501.37,0.5387747353089074
2005-10-12,0.0,396.2,29.5,15.18,1729.22,0.5281689334327477
2005-10-13,0.0,379.92,29.87,16.28,1844.93,0.5154419711813563
2005-10-14,0.0,373.0,30.07,16.74,1897.65,0.5048361693051967
2005-10-15,0.0,413.62,29.14,13.18,1512.18,0.496351527804269
2005-10-16,0.0,415.88,29.65,12.99,1479.17,0.48574572592810933
2005-10-17,0.0,443.14,29.77,9.81,1224.64,0.47301876367671786
2005-10-18,0.0,441.97,29.4,9.07,1165.79,0.4645341221757902
2005-10-19,0.0,430.95,30.65,10.7,1295.94,0.4581706410500944
2005-10-20,0.0,415.68,30.33,11.73,1378.58,0.4496859995491667
2005-10-21,0.0,369.91,29.87,14.78,1683.93,0.44544367879870295
2005-10-22,0.0,377.79,28.07,12.62,1449.92,0.4412013580482391
2005-10-23,0.0,399.07,25.34,8.48,1118.55,0.43695903729777524
2005-10-24,0.0,401.58,22.94,5.76,920.29,0.42635323542161563
2005-10-25,0.0,376.28,18.21,3.19,771.64,0.417868593920688
2005-10-26,0.0,389.7,18.43,1.96,707.81,0.4136262731702241
2005-10-27,0.0,387.95,20.42,3.46,782.4,0.41574743354545607
2005-10-28,0.0,375.2,20.66,4.39,837.44,0.41574743354545607
2005-10-29,0.0,380.92,21.1,3.92,808.5,0.4136262731702241
2005-10-30,0.0,396.35,22.94,3.65,794.48,0.41150511279499224
2005-10-31,0.0,389.45,24.0,4.72,860.31,0.4093839524197603
2005-11-01,6.08,236.4,22.67,8.89,1151.45,0.4221109146711518
2005-11-02,0.0,342.31,22.35,6.64,970.97,0.44544367879870295
2005-11-03,0.0,386.64,24.31,3.92,809.29,0.4687764429262541
2005-11-04,0.0,333.23,25.82,9.5,1199.87,0.4560494806748625
2005-11-05,3.16,200.07,26.02,15.93,1800.99,0.44544367879870295
2005-11-06,0.0,229.81,26.53,15.94,1804.04,0.47089760330148595
2005-11-07,0.0,275.19,28.9,15.39,1751.37,0.4921092070538051
2005-11-08,0.0,293.9,29.06,14.23,1618.11,0.4836245655528774
2005-11-09,0.0,276.88,28.34,14.64,1662.13,0.4581706410500944
2005-11-10,0.0,289.38,26.89,12.57,1445.5,0.4475648391739348
2005-11-11,0.0,358.96,24.71,4.86,868.67,0.43483787692254333
2005-11-12,0.0,370.82,25.41,3.52,787.54,0.42635323542161563
2005-11-13,0.0,327.71,26.45,8.54,1123.0,0.417868593920688
2005-11-14,0.02,245.0,26.9,14.53,1657.02,0.41574743354545607
2005-11-15,2.59,173.3,27.75,17.86,2057.5,0.41574743354545607
2005-11-16,4.14,286.88,25.53,7.15,1011.98,0.4221109146711518
2005-11-17,0.0,268.63,13.51,1.22,657.8,0.43908019767300716
2005-11-18,0.0,307.53,13.6,-1.18,560.0,0.4602918014253264
2005-11-19,0.0,326.78,17.04,0.35,627.61,0.4687764429262541
2005-11-20,0.0,316.18,19.22,2.99,759.66,0.46665528255102207
2005-11-21,6.38,183.62,16.55,5.26,899.43,0.46665528255102207
2005-11-22,0.0,263.46,15.76,3.5,799.91,0.4772610844271816
2005-11-23,0.0,341.97,19.01,0.05,606.15,0.48574572592810933
2005-11-24,0.0,325.57,23.26,5.03,875.36,0.4878668863033413
2005-11-25,0.0,308.8,22.72,6.03,932.54,0.49423036742903703
2005-11-26,12.93,234.86,21.77,8.42,1113.98,0.48574572592810933
2005-11-27,30.93,168.79,23.01,12.02,1401.24,0.7339214898302439
2005-11-28,0.0,206.18,24.67,14.6,1662.99,1.5484470739193006
2005-11-29,0.0,317.16,21.15,4.0,784.19,1.7435938284406372
2005-11-30,0.0,308.26,15.44,-0.23,594.25,1.3193617533942534
2005-12-01,0.0,317.49,17.71,0.76,630.41,1.0584590272407273
2005-12-02,0.0,308.71,17.79,1.52,674.92,0.886645036846942
2005-12-03,0.0,269.22,19.51,6.19,944.79,0.7339214898302439
2005-12-04,0.0,197.16,24.11,14.61,1658.77,0.653317395571431
2005-12-05,34.78,226.99,20.98,4.74,858.04,0.6681655181980544
2005-12-06,0.0,269.22,10.44,-2.35,516.95,1.6078395644257943
2005-12-07,0.0,247.1,12.35,0.82,649.84,1.747836149191101
2005-12-08,3.48,200.08,15.44,4.81,866.64,1.4296620929063133
2005-12-09,4.13,215.52,12.07,0.53,630.08,1.1623958856270913
2005-12-10,0.0,249.17,10.33,-1.09,568.85,1.0096723386103934
2005-12-11,0.0,258.6,13.32,1.3,669.35,0.8717969142203186
2005-12-12,0.0,308.95,17.45,1.28,662.78,0.780587018085346
2005-12-13,0.0,313.25,17.7,1.06,650.98,0.7127098860779246
2005-12-14,0.0,282.93,18.92,4.72,860.81,0.6639231974475905
2005-12-15,36.54,191.35,18.84,6.53,962.09,1.408450489153994
2005-12-16,0.0,281.24,13.03,-0.44,596.62,2.821143299058452
2005-12-17,2.28,160.59,9.84,2.36,725.18,2.3120648090027913
2005-12-18,1.82,238.44,12.88,2.23,718.82,1.6120818851762582
2005-12-19,0.0,261.91,14.13,2.21,717.46,1.2726962251391514
2005-12-20,0.0,287.17,12.55,-0.89,570.75,1.0478532253645678
2005-12-21,0.0,260.51,11.03,-0.53,595.92,0.888766197222174
2005-12-22,0.0,288.88,11.35,-2.16,520.15,0.7954351407119695
2005-12-23,0.0,322.61,14.47,-2.34,520.0,0.7381638105807077
2005-12-24,3.42,248.88,18.17,4.53,849.48,0.680892480449446
2005-12-25,8.65,193.96,16.9,5.31,904.98,0.7784658577101141
2005-12-26,0.0,299.26,14.44,0.22,620.33,0.886645036846942
2005-12-27,0.0,325.83,19.15,1.48,681.25,0.8760392349707824
2005-12-28,0.0,288.78,22.55,7.88,1070.51,0.8548276312184633
2005-12-29,0.0,307.51,21.13,5.1,888.18,0.7721023765844184
2005-12-30,0.0,316.83,20.67,3.78,800.01,0.6936194427008374
2005-12-31,0.0,289.1,22.15,7.7,1055.69,0.6490750748209672
2006-01-01,0.0,329.3,22.08,3.58,790.83,0.6172576691924883
2006-01-02,0.87,194.29,24.75,15.78,1791.95,0.6002883861906331
2006-01-03,0.0,309.69,24.44,7.86,1068.69,0.5854402635640096
2006-01-04,0.0,324.05,22.18,4.63,850.32,0.5642286598116903
2006-01-05,0.0,297.23,21.13,6.41,954.2,0.545138216434603
2006-01-06,0.0,292.2,13.72,0.32,625.87,0.5281689334327477
2006-01-07,0.0,312.46,9.66,-4.89,436.79,0.5090784900556604
2006-01-08,0.0,333.07,17.5,0.2,617.99,0.496351527804269
2006-01-09,0.0,309.3,22.74,7.11,1008.54,0.4899880466785732
2006-01-10,0.0,254.79,22.16,10.56,1284.93,0.4878668863033413
2006-01-11,0.0,287.14,20.5,7.13,1010.13,0.4836245655528774
2006-01-12,0.0,305.3,19.68,5.17,884.51,0.48574572592810933
2006-01-13,9.51,225.76,19.93,7.81,1064.79,0.5005938485547328
2006-01-14,3.28,290.71,16.58,2.5,724.84,0.5811979428135456
2006-01-15,0.0,318.44,15.44,0.72,640.0,0.808162102963361
2006-01-16,0.0,308.48,18.1,3.97,817.28,0.7869504992110419
2006-01-17,15.73,227.85,19.9,6.0,936.63,0.6999829238265332
2006-01-18,3.47,319.02,15.03,-0.71,582.77,0.7699812162091865
2006-01-19,0.0,343.09,17.75,1.16,664.39,1.0605801876159595
2006-01-20,0.89,273.93,18.6,6.0,934.06,1.0393685838636402
2006-01-21,28.87,118.57,19.88,13.6,1560.47,1.332088715645645
2006-01-22,1.95,175.35,21.96,14.18,1616.55,3.330221789114112
2006-01-23,4.63,141.42,22.48,14.82,1690.72,3.5211262228849853
2006-01-24,0.03,283.14,19.68,7.83,1066.09,3.5423378266373042
2006-01-25,0.0,328.98,18.12,3.62,796.53,2.60902726153526
2006-01-26,0.0,356.46,17.0,0.54,633.99,1.6905648190598392
2006-01-27,0.0,328.85,16.76,2.69,736.41,1.2557269421372959
2006-01-28,0.0,302.34,20.4,7.75,1060.16,1.0648225083664231
2006-01-29,10.71,178.79,21.23,11.84,1386.81,1.0075511782351614
2006-01-30,0.0,322.95,22.32,8.38,1110.7,1.1284573196233807
2006-01-31,0.0,389.58,20.3,0.84,640.08,1.2302730176345127
2006-02-01,0.0,373.2,18.83,1.5,680.14,1.1517900837509318
2006-02-02,21.23,268.91,22.25,5.85,925.54,1.2387576591354406
2006-02-03,0.0,322.89,22.75,9.15,1172.14,1.5548105550449964
2006-02-04,0.0,350.69,19.7,4.81,864.8,1.61420304555149
2006-02-05,0.0,354.17,14.12,-0.28,599.19,1.486933423037575
2006-02-06,0.0,368.09,18.58,2.82,750.67,1.3193617533942534
2006-02-07,5.67,287.81,20.4,3.25,779.36,1.198455612006034
2006-02-08,0.0,386.75,14.84,-1.61,547.21,1.0796706309930466
2006-02-09,0.0,371.9,15.51,0.23,621.81,1.0881552724939743
2006-02-10,2.87,337.17,14.52,0.32,624.89,1.0181569801113208
2006-02-11,27.14,259.36,15.53,2.23,720.0,1.4423890551577045
2006-02-12,0.0,332.04,9.9,-2.1,526.07,2.60902726153526
2006-02-13,0.0,371.17,9.7,-4.37,440.11,2.587815657782941
2006-02-14,0.0,396.48,13.37,-2.62,507.85,1.9620733470895249
2006-02-15,0.0,399.28,18.64,1.97,708.3,1.6587474134313605
2006-02-16,0.0,290.36,22.62,11.91,1392.67,1.4211774514053854
2006-02-17,0.0,251.17,22.62,13.74,1577.86,1.2005767723812661
2006-02-18,2.99,251.32,18.02,6.59,967.12,1.0796706309930466
2006-02-19,1.28,276.81,10.47,0.93,650.11,1.0308839423627125
2006-02-20,0.0,204.42,10.06,3.83,802.25,1.0054300178599294
2006-02-21,0.82,229.89,12.36,5.27,889.75,0.9693702914809867
2006-02-22,0.0,284.93,19.19,9.78,1222.04,0.9375528858525082
2006-02-23,0.78,326.1,24.35,12.33,1426.14,0.9078566405992612
2006-02-24,0.0,393.83,19.93,5.56,911.44,0.8696757538450867
2006-02-25,21.14,238.15,19.07,8.73,1138.8,1.1284573196233807
2006-02-26,40.23,231.15,15.35,5.82,920.12,3.775665467912815
2006-02-27,0.0,442.48,16.46,-0.08,601.95,5.175631315565882
2006-02-28,0.0,454.96,20.02,1.81,697.79,4.581706410500944
2006-03-01,0.0,417.46,23.28,7.59,1047.57,3.287798581609474
2006-03-02,0.0,401.56,25.02,10.31,1264.7,2.60902726153526
2006-03-03,0.0,416.98,25.37,9.86,1228.96,1.8878327339564076
2006-03-04,0.0,456.73,22.14,4.42,833.41,1.3936023665273707
2006-03-05,0.0,442.72,21.05,4.74,859.5,1.1305784799986127
2006-03-06,0.0,436.67,24.72,8.34,1107.01,0.9969453763590018
2006-03-07,0.0,468.71,25.32,6.21,936.66,0.9036143198487975
2006-03-08,0.0,443.3,24.36,7.74,1059.15,0.835737187841376
2006-03-09,0.0,357.68,23.9,12.19,1414.89,0.7869504992110419
2006-03-10,2.1,270.37,24.97,15.75,1787.98,0.7614965747082588
2006-03-11,0.0,283.58,26.36,17.55,2006.27,0.7508907728320993
2006-03-12,0.0,208.78,26.8,20.5,2400.0,0.7445272917064034
2006-03-13,3.32,204.67,27.18,19.71,2296.65,0.72967916907978
2006-03-14,12.0,319.54,25.47,11.45,1356.06,0.7402849709559397
2006-03-15,0.0,481.19,20.24,3.76,800.0,0.7339214898302439
2006-03-16,0.0,456.49,20.69,5.96,924.06,0.7233156879540843
2006-03-17,1.38,348.58,22.17,11.39,1351.47,0.7127098860779246
2006-03-18,0.0,442.64,23.75,9.65,1211.9,0.676650159698982
2006-03-19,0.04,238.21,16.58,10.45,1276.29,0.6448327540705033
2006-03-20,0.36,277.75,20.68,13.19,1514.49,0.6278634710686479
2006-03-21,7.53,317.8,24.18,11.32,1345.75,0.6299846314438798
2006-03-22,0.0,481.9,21.78,6.0,927.59,0.6427115936952713
2006-03-23,0.02,383.83,16.32,5.68,918.22,0.6490750748209672
2006-03-24,0.0,468.55,16.61,2.28,722.63,0.6596808766971267
2006-03-25,0.0,510.97,17.34,0.21,617.17,0.6321057918191118
2006-03-26,0.0,502.23,18.0,1.47,677.61,0.5875614239392415
2006-03-27,0.0,500.0,18.77,2.22,719.92,0.5536228579355308
2006-03-28,0.0,461.64,21.97,7.19,1015.32,0.5302900938079798
2006-03-29,0.07,363.22,22.86,12.33,1426.67,0.5175631315565882
2006-03-30,0.0,387.15,24.02,12.71,1457.08,0.5090784900556604
2006-03-31,0.0,361.91,25.44,15.03,1715.45,0.5005938485547328
2006-04-01,0.0,346.3,26.72,16.81,1905.76,0.4921092070538051
2006-04-02,0.0,324.03,28.63,19.36,2257.23,0.4878668863033413
2006-04-03,0.0,386.67,29.6,18.22,2099.21,0.47938224480241365
2006-04-04,0.0,494.79,28.45,12.25,1419.92,0.4645341221757902
2006-04-05,0.0,521.73,25.94,8.61,1123.87,0.4475648391739348
2006-04-06,0.0,505.44,27.3,10.96,1314.63,0.43059555617207945
2006-04-07,0.0,435.35,28.58,15.78,1789.29,0.4199897542959199
2006-04-08,0.0,361.7,28.12,18.21,2090.46,0.4093839524197603
2006-04-09,0.0,524.94,25.76,8.7,1126.48,0.3945358297931369
2006-04-10,0.0,537.88,24.83,6.84,984.73,0.38180886754174537
2006-04-11,0.0,530.6,26.75,8.57,1110.98,0.37120306566558575
2006-04-12,0.0,497.73,26.25,10.16,1250.69,0.36483958453989
2006-04-13,0.0,495.02,27.56,11.37,1347.21,0.3563549430389623
2006-04-14,0.0,494.29,28.94,12.59,1434.36,0.3499914619132666
2006-04-15,0.0,486.85,29.41,13.4,1512.78,0.3436279807875708
2006-04-16,0.0,426.22,29.41,16.22,1835.03,0.33726449966187505
2006-04-17,0.0,396.56,30.41,18.3,2108.38,0.3309010185361793
2006-04-18,0.0,430.69,31.91,18.0,2037.05,0.32241637703525167
2006-04-19,0.0,411.04,31.94,18.75,2147.89,0.31181057515909205
2006-04-20,0.0,389.54,31.69,19.43,2262.17,0.3054470940333963
2006-04-21,5.38,396.37,30.69,17.48,1981.98,0.3054470940333963
2006-04-22,9.57,297.26,28.5,16.61,1888.61,0.34787030153803467
2006-04-23,0.0,509.23,28.74,11.88,1266.76,0.43908019767300716
2006-04-24,0.0,480.81,29.93,14.45,1505.94,0.392414669417905
2006-04-25,10.18,410.6,29.7,16.31,1766.53,0.36696074491512193
2006-04-26,47.49,277.75,27.45,16.88,1910.28,0.8293737067156802
2006-04-27,12.45,388.44,25.44,11.26,1338.97,1.329967555270413
2006-04-28,0.0,487.84,25.55,10.59,1284.71,1.1560324045013957
2006-04-29,0.0,422.6,26.44,14.1,1612.12,0.8442218293423036
2006-04-30,27.69,238.7,25.56,16.82,1907.91,0.680892480449446
2006-05-01,5.28,316.5,26.84,15.93,1806.03,0.8060409425881291
2006-05-02,0.0,387.59,28.33,17.0,1931.61,1.1369419611243083
2006-05-03,0.0,436.59,29.07,15.77,1781.44,1.0351262631131763
2006-05-04,0.0,428.66,29.82,16.8,1902.96,0.8760392349707824
2006-05-05,0.0,413.94,29.4,17.16,1943.82,0.7084675653274608
2006-05-06,0.0,391.92,27.91,16.81,1908.0,0.549380537185067
2006-05-07,14.62,236.98,26.91,18.38,2114.05,0.47513992405194977
2006-05-08,9.69,261.81,27.9,18.29,2106.69,0.4772610844271816
2006-05-09,11.03,317.99,29.4,17.16,1947.15,0.545138216434603
2006-05-10,0.0,344.66,29.33,19.93,2321.99,0.5324112541832116
2006-05-11,1.64,438.03,28.94,15.75,1779.78,0.5239266126822839
2006-05-12,0.0,503.72,25.15,10.74,1297.95,0.5366535749336754
2006-05-13,0.0,517.75,26.96,11.55,1353.43,0.5027150089299647
2006-05-14,0.0,478.11,29.12,15.27,1733.99,0.44544367879870295
2006-05-15,0.0,451.19,25.98,13.89,1588.91,0.4051416316692965
2006-05-16,0.0,516.33,24.49,9.82,1217.83,0.37332422604081766
2006-05-17,0.0,511.27,25.31,10.68,1285.48,0.3521126222884985
2006-05-18,0.0,510.37,27.53,12.49,1430.03,0.33726449966187505
2006-05-19,0.0,502.91,30.4,15.06,1695.45,0.3309010185361793
2006-05-20,0.0,459.68,31.82,18.12,2074.24,0.3202952166600197
2006-05-21,0.0,496.88,31.32,16.0,1785.0,0.31181057515909205
2006-05-22,0.0,462.29,31.07,17.35,1965.73,0.3054470940333963
2006-05-23,0.0,450.28,32.25,18.85,2166.44,0.286356650656309
2006-05-24,0.0,453.3,32.52,19.0,2186.27,0.2905989714067728
2006-05-25,0.0,439.38,32.78,19.77,2296.05,0.2969624525324686
2006-05-26,0.0,424.46,32.39,20.0,2322.5,0.3351433392866432
2006-05-27,0.0,421.18,32.4,20.19,2338.7,0.36696074491512193
2006-05-28,0.0,425.93,32.8,20.59,2263.36,0.4539283202996306
2006-05-29,0.0,467.56,33.79,19.75,2063.87,0.43695903729777524
2006-05-30,1.15,441.16,34.05,19.74,2110.54,0.4327167165473114
2006-05-31,0.0,450.58,33.48,20.0,2133.1,0.4051416316692965
2006-06-01,0.0,431.58,34.19,21.23,2332.17,0.36483958453989
2006-06-02,0.11,444.48,33.76,20.37,2190.48,0.3351433392866432
2006-06-03,4.98,365.78,32.06,19.0,2148.61,0.3266586977857155
2006-06-04,0.0,504.19,31.45,15.87,1604.93,0.3351433392866432
2006-06-05,0.0,479.25,31.98,17.36,1796.21,0.31817405628478784
2006-06-06,0.0,511.86,31.95,15.55,1559.55,0.2969624525324686
2006-06-07,0.0,467.13,31.57,17.23,1801.64,0.27575084878014944
2006-06-08,0.0,439.86,31.82,18.51,1991.33,0.27999316953061326
2006-06-09,0.0,465.14,34.4,19.4,2033.19,0.2842354902810771
2006-06-10,0.0,505.07,34.64,17.54,1747.56,0.28847781103154096
2006-06-11,0.0,483.56,35.06,18.88,1932.35,0.2927201317820048
2006-06-12,0.0,445.85,35.65,21.07,2261.0,0.27575084878014944
2006-06-13,6.71,327.9,34.36,21.21,2465.69,0.26726620727922173
2006-06-14,0.0,386.94,31.78,20.18,2262.13,0.27575084878014944
2006-06-15,0.0,412.2,33.72,20.94,2301.47,0.2545392450278302
2006-06-16,0.0,390.0,34.03,22.03,2498.37,0.2418122827764387
2006-06-17,0.0,367.27,33.36,22.3,2595.52,0.23544880165074297
2006-06-18,0.0,395.99,33.06,21.19,2368.18,0.2651450469039899
2006-06-19,9.27,291.21,32.21,21.09,2484.31,0.27575084878014944
2006-06-20,0.0,389.98,32.38,20.97,2361.58,0.27787200915538135
2006-06-21,0.0,430.02,34.24,21.11,2282.25,0.2566604054030622
2006-06-22,0.0,427.14,35.47,22.17,2430.91,0.24605460352690256
2006-06-23,23.82,366.1,36.5,21.87,2506.22,0.2418122827764387
2006-06-24,12.37,378.32,35.52,20.2,2303.03,0.2481757639021345
2006-06-25,8.94,323.47,34.0,21.01,2468.13,0.40302047129406454
2006-06-26,0.0,420.83,33.6,20.6,2384.65,0.43695903729777524
2006-06-27,0.0,392.46,33.6,21.65,2567.11,0.521805452307052
2006-06-28,0.0,449.0,33.78,19.63,2221.3,0.41150511279499224
2006-06-29,0.0,459.84,33.83,19.19,2154.29,0.32241637703525167
2006-06-30,0.0,497.12,35.5,18.54,2004.53,0.27999316953061326
2006-07-01,0.0,465.38,35.57,20.09,2252.68,0.2502969242773664
2006-07-02,0.0,405.25,34.01,21.38,2514.24,0.23544880165074297
2006-07-03,1.02,350.32,32.5,21.21,2509.95,0.23756996202597488
2006-07-04,0.0,337.49,32.24,22.41,2704.89,0.2566604054030622
2006-07-05,12.7,273.8,32.32,22.55,2727.99,0.2693873676544537
2006-07-06,15.91,239.05,31.42,22.51,2721.8,0.2693873676544537
2006-07-07,10.96,250.53,31.93,22.57,2731.21,0.3521126222884985
2006-07-08,0.0,360.14,32.16,22.02,2643.12,0.5939249050649372
2006-07-09,0.0,383.79,32.71,21.78,2604.19,0.6299846314438798
2006-07-10,0.0,388.57,32.36,21.47,2555.6,0.4878668863033413
2006-07-11,0.0,421.59,33.06,20.96,2473.81,0.392414669417905
2006-07-12,0.0,422.7,33.7,21.46,2551.9,0.3266586977857155
2006-07-13,0.0,415.47,34.13,22.1,2655.07,0.2948412921572367
2006-07-14,0.0,400.76,34.05,22.56,2729.93,0.2693873676544537
2006-07-15,0.0,406.08,34.47,22.71,2753.31,0.24393344315167065
2006-07-16,12.16,319.58,35.94,23.02,2803.02,0.2290853205250472
2006-07-17,0.0,425.26,35.07,22.38,2697.36,0.22484299977458336
2006-07-18,0.0,414.62,35.3,22.95,2790.38,0.23969112240120682
2006-07-19,0.0,415.25,35.43,23.0,2800.0,0.25241808465259835
2006-07-20,13.93,369.49,35.08,20.82,2450.95,0.3839300279169773
2006-07-21,0.57,431.36,34.82,21.64,2582.32,0.42635323542161563
2006-07-22,3.88,386.64,35.73,22.5,2720.02,0.40089931091883263
2006-07-23,26.37,296.53,33.15,21.96,2632.95,0.6575597163218948
2006-07-24,23.0,238.53,30.05,21.88,2620.06,1.0817917913682786
2006-07-25,12.21,256.08,30.82,21.96,2633.22,1.3108771118933258
2006-07-26,1.49,352.35,31.21,21.3,2527.5,1.119972678122453
2006-07-27,0.0,382.41,33.11,22.7,2751.49,0.7933139803367376
2006-07-28,0.0,380.12,33.44,23.11,2817.48,0.6087730276915607
2006-07-29,0.3,366.33,33.81,23.68,2923.51,0.4921092070538051
2006-07-30,4.22,314.1,33.56,22.23,2677.04,0.4475648391739348
2006-07-31,13.45,354.6,32.81,21.63,2560.84,0.4136262731702241
2006-08-01,6.64,349.74,32.5,21.94,2631.05,0.37332422604081766
2006-08-02,0.0,402.52,33.82,23.0,2799.43,0.3542337826637304
2006-08-03,8.18,334.84,34.5,23.62,2906.9,0.43695903729777524
2006-08-04,7.35,323.0,34.8,23.38,2868.4,0.5175631315565882
2006-08-05,0.0,394.52,33.69,23.03,2804.96,0.43483787692254333
2006-08-06,14.28,321.75,33.49,21.54,2567.02,0.3987781505436007
2006-08-07,9.48,295.69,32.59,22.21,2672.83,0.4984726881795009
2006-08-08,7.53,341.22,33.6,22.48,2716.54,0.5472593768098349
2006-08-09,8.9,388.45,35.34,23.0,2800.0,0.4624129618005583
2006-08-10,33.19,327.16,34.03,21.56,2569.76,0.7678600558339546
2006-08-11,0.0,390.13,33.5,22.88,2780.93,1.092397593244438
2006-08-12,0.0,385.06,34.35,23.73,2934.78,0.7721023765844184
2006-08-13,0.0,402.94,34.49,23.2,2831.81,0.5896825843144734
2006-08-14,5.24,352.55,35.05,24.24,3038.88,0.5430170560593712
2006-08-15,11.66,323.64,35.65,22.92,2786.58,0.5196842919318201
2006-08-16,23.63,361.9,35.93,21.66,2585.95,0.9884607348580741
2006-08-17,0.0,408.18,34.5,22.94,2790.76,1.6417781304295052
2006-08-18,0.0,405.06,34.32,22.92,2786.52,1.069064829116887
2006-08-19,0.0,419.1,34.67,22.67,2746.61,0.7084675653274608
2006-08-20,0.0,431.27,34.83,22.28,2685.2,0.5345324145584435
2006-08-21,0.0,403.51,34.97,23.49,2878.37,0.44544367879870295
2006-08-22,11.26,313.11,33.7,23.05,2808.48,0.390293509042673
2006-08-23,12.79,294.4,33.11,22.36,2697.24,0.5515016975602989
2006-08-24,1.38,373.2,33.47,22.21,2673.93,0.7466484520816353
2006-08-25,18.94,288.9,32.53,22.04,2645.93,0.992703055608538
2006-08-26,21.5,271.7,32.72,22.92,2787.3,1.9302559414610458
2006-08-27,0.75,358.26,32.33,22.55,2728.68,1.6884436586846072
2006-08-28,0.06,390.99,33.59,22.56,2729.01,1.2451211402611362
2006-08-29,0.0,383.95,34.42,23.44,2880.4,0.810283263338593
2006-08-30,0.0,390.73,34.62,23.31,2853.1,0.6299846314438798
2006-08-31,0.0,405.9,32.54,21.09,2494.19,0.5366535749336754
2006-09-01,0.0,438.67,31.51,18.87,2180.34,0.8717969142203186
2006-09-02,0.0,430.78,31.93,19.44,2260.09,0.545138216434603
2006-09-03,0.0,433.32,32.58,19.73,2298.5,0.43483787692254333
2006-09-04,0.0,425.3,32.84,20.17,2353.51,0.3860511882922092
2006-09-05,0.0,418.66,32.69,20.28,2368.11,0.3542337826637304
2006-09-06,0.0,389.23,32.24,21.01,2482.09,0.3351433392866432
2006-09-07,0.36,415.09,31.46,19.17,2223.05,0.3287798581609474
2006-09-08,0.0,434.41,32.21,18.95,2192.95,0.31181057515909205
2006-09-09,0.0,393.72,31.37,19.98,2329.85,0.2969624525324686
2006-09-10,9.05,243.38,29.76,21.0,2480.44,0.2948412921572367
2006-09-11,12.74,256.77,30.88,21.37,2539.77,0.4475648391739348
2006-09-12,20.45,268.15,31.61,21.45,2551.22,0.5366535749336754
2006-09-13,20.09,245.73,30.38,21.41,2546.24,0.7381638105807077
2006-09-14,5.24,309.72,30.48,19.28,2243.95,0.755133093582563
2006-09-15,0.0,453.04,31.0,16.79,1904.22,0.7254368483293162
2006-09-16,0.0,455.03,32.0,17.19,1954.61,0.6066518673163287
2006-09-17,0.0,414.27,32.34,19.43,2263.5,0.5048361693051967
2006-09-18,13.44,258.63,31.93,21.88,2620.82,0.5302900938079798
2006-09-19,20.37,270.4,30.67,20.56,2409.3,0.6745289993237501
2006-09-20,0.0,465.41,28.77,13.75,1579.95,0.8654334330946228
2006-09-21,0.0,472.37,28.06,12.49,1439.39,0.7657388954587226
2006-09-22,0.0,423.78,30.24,16.73,1905.78,0.6108941880667926
2006-09-23,9.4,234.53,32.44,23.0,2799.88,0.5175631315565882
2006-09-24,13.93,222.02,31.32,22.6,2736.3,0.4624129618005583
2006-09-25,3.93,331.59,28.96,16.75,1900.69,0.4560494806748625
2006-09-26,0.0,424.04,27.33,13.98,1598.63,0.43483787692254333
2006-09-27,0.0,452.35,28.01,12.65,1451.87,0.43695903729777524
2006-09-28,0.0,458.08,30.12,13.43,1539.62,0.4284743957968476
2006-09-29,0.0,469.55,28.23,10.83,1306.4,0.392414669417905
2006-09-30,0.0,453.81,27.95,11.52,1361.56,0.3563549430389623
2006-10-01,0.0,417.07,30.75,15.77,1788.83,0.33726449966187505
2006-10-02,0.0,369.78,32.66,19.61,2288.95,0.3245375374104836
2006-10-03,0.0,355.87,32.88,20.35,2375.55,0.3054470940333963
2006-10-04,0.0,373.22,32.9,19.41,2265.0,0.2990836129077005
2006-10-05,0.0,363.01,32.6,19.57,2280.86,0.28847781103154096
2006-10-06,0.0,385.22,31.41,17.34,1973.93,0.27999316953061326
2006-10-07,0.0,432.24,27.57,11.25,1340.3,0.2693873676544537
2006-10-08,0.0,426.39,27.61,11.42,1353.32,0.260902726153526
2006-10-09,0.0,415.41,27.81,12.05,1404.07,0.2587815657782941
2006-10-10,0.0,400.86,27.96,12.77,1461.44,0.25241808465259835
2006-10-11,0.0,370.82,28.8,14.9,1699.34,0.2502969242773664
2006-10-12,0.0,412.65,29.03,12.17,1413.21,0.2481757639021345
2006-10-13,2.32,348.77,25.59,10.95,1315.76,0.2481757639021345
2006-10-14,0.0,430.7,24.87,6.73,978.67,0.24605460352690256
2006-10-15,0.0,418.3,25.97,8.32,1105.57,0.2418122827764387
2006-10-16,16.59,221.66,26.49,15.61,1770.93,0.28847781103154096
2006-10-17,46.18,156.15,27.14,19.64,2291.48,0.6299846314438798
2006-10-18,2.55,263.11,29.47,18.58,2134.39,1.0266416216122487
2006-10-19,4.56,257.76,30.14,19.16,2225.9,0.7911928199615056
2006-10-20,3.11,298.15,24.87,10.34,1266.94,0.7996774614624333
2006-10-21,0.0,362.66,22.85,8.79,1143.14,0.7084675653274608
2006-10-22,16.66,259.21,24.79,11.3,1344.05,0.6893771219503736
2006-10-23,0.0,379.97,21.41,6.03,922.75,0.888766197222174
2006-10-24,0.0,382.72,19.89,4.14,811.44,0.7636177350834907
2006-10-25,0.0,372.53,21.83,6.27,942.0,0.6724078389485182
2006-10-26,6.72,174.58,19.77,11.33,1346.18,0.6193788295677203
2006-10-27,50.55,194.3,22.49,12.8,1470.15,1.5335989512926773
2006-10-28,21.22,235.86,22.13,11.14,1331.21,4.242320750463838
2006-10-29,0.0,368.21,21.41,6.03,922.78,3.796877071665134
2006-10-30,0.0,386.11,23.88,6.44,955.46,2.269641601498153
2006-10-31,0.0,354.86,25.4,9.95,1236.24,1.671474375682752
2006-11-01,0.0,333.89,26.93,12.4,1432.07,1.276938545889615
2006-11-02,0.0,361.91,25.53,8.97,1157.82,0.9524010084791315
2006-11-03,0.0,338.9,17.66,3.76,799.85,0.72967916907978
2006-11-04,0.0,364.98,18.65,2.52,730.86,0.6172576691924883
2006-11-05,0.0,355.02,21.22,5.26,887.81,0.5472593768098349
2006-11-06,6.66,281.93,22.76,10.2,1255.82,0.5896825843144734
2006-11-07,30.92,173.37,21.69,12.61,1448.47,1.6629897341818243
2006-11-08,0.0,322.9,22.21,8.29,1103.09,2.142371978984238
2006-11-09,0.0,343.21,23.95,8.14,1091.17,1.6354146493038093
2006-11-10,0.0,319.85,26.34,11.64,1371.5,1.1666382063775553
2006-11-11,0.0,324.85,24.5,9.69,1215.37,0.9227047632258847
2006-11-12,0.0,349.33,18.98,2.94,754.49,0.7721023765844184
2006-11-13,0.0,355.08,19.27,2.52,730.73,0.6660443578228225
2006-11-14,1.56,311.27,19.43,4.91,872.59,0.6002883861906331
2006-11-15,65.64,212.8,21.91,9.67,1213.65,2.6726620727922175
2006-11-16,23.87,231.48,19.58,7.29,1023.2,6.830136408246778
2006-11-17,0.0,320.27,15.4,1.11,658.88,6.8513480119990975
2006-11-18,0.0,344.39,17.85,0.96,646.21,4.645341221757902
2006-11-19,0.0,322.24,17.42,2.3,722.8,3.13931735534324
2006-11-20,0.0,297.81,13.27,0.19,616.05,2.227218393993515
2006-11-21,0.0,294.9,12.66,-0.27,599.95,1.4996603852889665
2006-11-22,0.0,331.84,16.42,0.22,618.7,1.1030033951205978
2006-11-23,0.0,356.69,20.06,0.21,619.08,0.9036143198487975
2006-11-24,0.0,360.09,21.97,0.8,640.18,0.8187679048395206
2006-11-25,0.0,348.61,23.0,2.63,738.59,0.755133093582563
2006-11-26,0.0,330.75,23.39,4.63,855.44,0.6999829238265332
2006-11-27,0.0,314.66,23.14,5.73,920.42,0.6639231974475905
2006-11-28,0.0,281.72,23.62,8.81,1144.71,0.6321057918191118
2006-11-29,0.0,191.39,24.99,15.58,1766.09,0.6066518673163287
2006-11-30,0.0,171.15,25.33,16.98,1918.79,0.5960460654401691
2006-12-01,7.28,297.53,23.35,1.27,667.63,0.6066518673163287
2006-12-02,0.0,272.62,12.63,-0.44,591.75,0.6278634710686479
2006-12-03,0.0,294.26,14.92,0.02,609.19,0.6130153484420245
2006-12-04,0.0,288.01,12.54,-1.7,544.2,0.6193788295677203
2006-12-05,0.0,300.32,10.96,-4.2,442.62,0.5875614239392415
2006-12-06,0.0,326.98,15.73,-2.76,500.81,0.5387747353089074
2006-12-07,0.0,289.43,16.98,1.73,697.84,0.5069573296804286
2006-12-08,0.0,318.57,12.33,-5.35,414.5,0.5069573296804286
2006-12-09,0.0,279.35,8.93,-5.07,425.36,0.5175631315565882
2006-12-10,0.0,298.5,14.0,-2.0,529.72,0.5090784900556604
2006-12-11,0.0,263.81,19.28,5.48,908.3,0.5069573296804286
2006-12-12,4.21,214.08,21.73,10.13,1250.4,0.5090784900556604
2006-12-13,11.76,133.21,21.28,12.59,1447.0,0.5472593768098349
2006-12-14,0.0,222.19,20.68,9.67,1213.88,0.5769556220630819
2006-12-15,0.0,221.51,18.18,7.45,1035.9,0.5663498201869224
2006-12-16,0.0,296.29,21.0,4.51,840.56,0.5578651786859946
2006-12-17,0.0,284.59,22.5,6.76,980.5,0.5472593768098349
2006-12-18,0.0,258.18,22.8,9.16,1172.55,0.5260477730575158
2006-12-19,0.0,193.65,21.52,12.05,1403.92,0.5090784900556604
2006-12-20,0.0,221.52,23.5,12.3,1424.39,0.4984726881795009
2006-12-21,27.53,106.77,21.23,14.47,1650.57,0.6363481125695757
2006-12-22,82.54,74.66,18.92,14.5,1640.0,5.345324145584435
2006-12-23,0.2,268.95,18.14,4.99,872.23,14.720853004109516
2006-12-24,5.47,216.38,16.77,6.5,964.99,21.84795186488876
2006-12-25,13.71,175.4,17.4,7.09,1006.97,12.00576772381266
2006-12-26,0.0,204.35,11.27,3.05,763.94,6.618020370723586
2006-12-27,0.0,281.11,10.4,-1.77,537.54,4.305955561720794
2006-12-28,0.0,303.3,15.39,1.21,663.26,2.821143299058452
2006-12-29,0.96,254.82,20.23,8.25,1099.72,2.142371978984238
2006-12-30,11.66,158.05,22.15,14.67,1673.33,1.7860170359452756
2006-12-31,76.33,138.96,20.74,13.2,1512.38,4.645341221757902
2007-01-01,0.0,303.63,17.57,5.17,893.11,7.699812162091864
2007-01-02,0.0,306.81,12.0,0.01,600.97,10.351262631131764
2007-01-03,0.0,316.61,13.29,0.5,628.4,9.693702914809869
2007-01-04,0.0,301.1,17.2,5.19,885.48,6.024095465658649
2007-01-05,41.74,193.23,21.4,11.56,1364.62,4.899880466785732
2007-01-06,0.0,239.39,22.27,13.27,1523.94,6.745289993237501
2007-01-07,2.58,225.05,23.13,13.97,1597.66,7.466484520816353
2007-01-08,5.8,303.69,19.98,5.62,920.0,6.363481125695756
2007-01-09,0.0,344.21,17.32,1.88,710.1,6.1513650881725646
2007-01-10,0.0,348.16,16.34,0.79,640.34,5.875614239392415
2007-01-11,0.0,356.8,17.41,0.69,637.14,4.2635323542161565
2007-01-12,0.0,325.68,20.16,6.5,971.45,2.842354902810771
2007-01-13,0.0,232.3,22.42,14.02,1601.84,2.227218393993515
2007-01-14,0.0,213.52,23.57,15.9,1792.94,1.9408617433372055
2007-01-15,0.0,233.24,24.0,15.5,1760.04,1.7563207906920286
2007-01-16,6.73,272.68,20.06,2.81,744.19,1.6417781304295052
2007-01-17,1.61,162.77,5.68,0.81,642.72,1.6248088474276496
2007-01-18,2.14,205.36,9.06,2.48,734.31,1.5972337625496347
2007-01-19,7.54,123.93,10.49,5.48,904.8,1.8008651585718989
2007-01-20,0.7,182.96,11.02,5.45,907.73,2.269641601498153
2007-01-21,0.03,287.7,18.18,8.12,1089.46,2.032071639472178
2007-01-22,25.52,175.94,17.5,9.88,1230.07,2.3544880165074296
2007-01-23,0.76,205.11,11.02,4.79,863.54,3.6483958453989
2007-01-24,1.32,143.07,8.51,4.39,831.22,3.5211262228849853
2007-01-25,0.0,265.15,11.9,3.55,800.0,2.715085280296856
2007-01-26,0.0,374.18,14.82,-0.11,600.91,2.227218393993515
2007-01-27,0.85,347.48,14.26,1.2,658.92,1.853894167952697
2007-01-28,12.75,233.91,12.54,2.34,720.0,1.9154078188344228
2007-01-29,0.0,392.99,10.02,-5.58,409.12,2.1190392148566866
2007-01-30,0.0,357.51,9.93,-2.41,515.08,1.8687422905793203
2007-01-31,2.1,312.97,10.02,-0.77,578.3,1.6417781304295052
2007-02-01,16.0,232.16,11.62,2.06,710.35,1.7138975831873904
2007-02-02,4.46,156.63,9.91,4.2,815.89,2.4817576390213447
2007-02-03,0.0,340.04,8.45,-1.88,535.3,2.375699620259749
2007-02-04,0.0,369.94,10.44,-1.63,545.16,1.9323771018362779
2007-02-05,0.0,383.52,13.53,0.23,619.7,1.6269300078028817
2007-02-06,0.0,413.22,15.4,-0.98,561.27,1.4275409325310813
2007-02-07,0.0,420.34,19.3,1.26,660.46,1.302392470392398
2007-02-08,0.0,400.06,21.4,5.68,917.23,1.226030696884049
2007-02-09,0.14,384.88,20.03,6.21,937.21,1.1666382063775553
2007-02-10,0.13,424.17,16.39,-0.3,599.97,1.1136091969967574
2007-02-11,0.0,409.19,14.23,-0.33,599.82,1.0669436687416551
2007-02-12,0.0,415.16,17.46,1.89,707.46,1.0266416216122487
2007-02-13,25.57,305.06,22.48,6.69,974.84,1.1857286497546426
2007-02-14,0.0,446.08,23.36,1.76,694.35,1.6502627719304326
2007-02-15,0.0,329.59,7.52,-2.15,524.71,2.0447986017235693
2007-02-16,0.0,375.59,7.32,-4.5,440.0,2.1169180544814545
2007-02-17,0.0,417.46,10.61,-4.18,444.03,1.97904263009138
2007-02-18,0.0,434.24,14.99,-1.88,530.47,1.567537517296388
2007-02-19,0.0,435.31,14.44,-2.64,508.44,1.2451211402611362
2007-02-20,0.0,415.77,18.39,2.46,729.72,1.1072457158710616
2007-02-21,6.97,219.29,20.85,11.22,1337.2,1.0584590272407273
2007-02-22,0.92,347.26,22.45,9.24,1179.48,1.1305784799986127
2007-02-23,0.0,402.01,24.75,8.75,1140.16,1.2323941780097447
2007-02-24,0.0,322.61,22.49,11.18,1334.43,1.2090614138821936
2007-02-25,9.22,241.56,22.4,11.29,1343.25,1.098761074370134
2007-02-26,0.0,451.23,23.1,3.75,799.91,1.0054300178599294
2007-02-27,0.0,433.72,24.48,6.46,958.45,0.9545221688543633
2007-02-28,0.0,445.41,25.3,6.19,935.21,0.8930085179726378
2007-03-01,1.3,343.58,23.65,11.01,1320.89,0.8484641500927674
2007-03-02,12.08,300.17,22.34,7.31,1024.45,1.016035819736089
2007-03-03,0.0,397.92,20.0,5.45,915.79,1.4996603852889665
2007-03-04,0.0,412.74,17.69,2.4,720.0,1.3596638005236599
2007-03-05,0.0,439.43,15.28,-1.51,553.34,1.2281518572592809
2007-03-06,0.0,462.46,19.21,0.12,609.43,1.0372474234884081
2007-03-07,0.0,461.02,21.72,2.37,720.0,0.888766197222174
2007-03-08,0.0,441.58,22.54,4.76,861.0,0.8187679048395206
2007-03-09,0.0,428.96,23.32,6.49,959.09,0.7742235369596503
2007-03-10,0.0,409.36,23.52,7.98,1078.26,0.7445272917064034
2007-03-11,0.0,427.69,25.44,8.55,1123.66,0.7190733672036205
2007-03-12,0.0,420.2,26.28,9.85,1228.09,0.6978617634513012
2007-03-13,0.0,349.89,25.59,12.98,1487.46,0.676650159698982
2007-03-14,2.19,280.67,25.25,14.54,1650.73,0.6639231974475905
2007-03-15,11.34,194.74,23.53,14.98,1717.28,0.6660443578228225
2007-03-16,3.1,246.01,22.38,13.0,1480.0,0.7169522068283886
2007-03-17,0.0,460.79,20.09,3.3,783.45,0.7827081784605779
2007-03-18,0.0,452.98,19.91,3.65,800.0,0.8124044237138248
2007-03-19,0.0,433.76,22.39,7.01,1000.71,0.7657388954587226
2007-03-20,0.0,427.99,23.79,8.68,1134.26,0.6936194427008374
2007-03-21,0.0,418.69,25.2,10.52,1281.27,0.6490750748209672
2007-03-22,0.0,413.91,25.66,11.27,1341.87,0.625742310693416
2007-03-23,0.0,452.8,26.74,9.97,1237.51,0.6002883861906331
2007-03-24,0.0,443.42,27.56,11.22,1337.37,0.5854402635640096
2007-03-25,0.0,416.52,28.69,13.68,1573.56,0.5705921409373861
2007-03-26,0.0,432.48,28.21,12.47,1437.44,0.5599863390612265
2007-03-27,0.0,393.63,28.04,14.23,1618.69,0.5387747353089074
2007-03-28,0.0,343.46,27.82,16.35,1854.54,0.5260477730575158
2007-03-29,0.0,398.59,28.7,14.97,1701.7,0.5196842919318201
2007-03-30,0.0,406.2,28.24,14.44,1634.94,0.5069573296804286
2007-03-31,0.0,375.26,27.3,15.01,1710.51,0.49423036742903703
2007-04-01,13.67,238.39,26.14,16.25,1837.67,0.5090784900556604
2007-04-02,13.28,189.05,26.01,18.47,2127.32,0.6108941880667926
2007-04-03,0.0,316.66,28.81,18.94,2190.36,0.6936194427008374
2007-04-04,1.54,302.22,27.34,16.93,1914.71,0.6469539144457352
2007-04-05,1.14,404.78,22.01,9.11,1168.88,0.5875614239392415
2007-04-06,0.0,419.27,18.46,6.65,971.69,0.545138216434603
2007-04-07,0.0,445.31,16.23,3.78,802.16,0.545138216434603
2007-04-08,2.79,303.66,12.08,2.71,737.18,0.5302900938079798
2007-04-09,0.0,395.4,15.68,5.48,902.76,0.4984726881795009
2007-04-10,1.53,339.38,18.07,9.39,1191.22,0.4921092070538051
2007-04-11,24.93,275.86,21.46,12.07,1405.7,0.8951296783478696
2007-04-12,0.0,555.17,27.81,7.94,1021.22,1.1433054422500042
2007-04-13,0.0,532.6,26.12,8.5,1085.53,0.9184624424754207
2007-04-14,0.0,468.89,27.09,12.82,1468.68,0.8145255840890567
2007-04-15,25.4,372.23,23.32,8.16,1093.12,1.2345153383849765
2007-04-16,0.0,530.26,19.44,3.02,761.73,1.8348037245756095
2007-04-17,0.0,536.42,23.84,6.32,945.6,1.4211774514053854
2007-04-18,9.68,362.02,24.9,10.36,1269.05,1.0330051027379443
2007-04-19,0.0,462.91,24.31,10.87,1309.84,0.9227047632258847
2007-04-20,0.0,501.33,26.5,10.86,1299.62,0.8717969142203186
2007-04-21,0.0,500.63,25.37,10.0,1230.93,0.7572542539577949
2007-04-22,0.0,506.62,26.13,10.37,1256.74,0.651196235196199
2007-04-23,0.0,463.04,27.24,13.55,1529.99,0.5790767824383137
2007-04-24,0.0,389.67,27.52,16.68,1892.59,0.5324112541832116
2007-04-25,0.0,367.49,27.73,17.73,2031.46,0.4899880466785732
2007-04-26,28.0,296.28,27.31,16.56,1884.9,0.5345324145584435
2007-04-27,0.0,511.91,26.86,11.23,1318.16,0.8421006689670717
2007-04-28,0.0,494.73,26.72,12.01,1395.2,0.8972508387231015
2007-04-29,0.0,508.89,28.98,13.11,1456.53,0.9672491311057548
2007-04-30,0.0,508.36,29.75,13.66,1508.44,0.9460375273534357
2007-05-01,0.0,495.67,30.29,14.62,1610.64,0.7487696124568672
2007-05-02,0.0,459.86,29.51,15.52,1737.8,0.5557440183107627
2007-05-03,0.0,411.69,29.22,17.16,1938.05,0.4772610844271816
2007-05-04,14.46,261.84,27.18,17.52,2002.45,0.45180715992439874
2007-05-05,14.96,243.23,26.22,17.49,1998.42,0.5387747353089074
2007-05-06,0.0,420.9,30.56,18.05,2074.21,0.7466484520816353
2007-05-07,0.0,394.47,29.99,18.57,2138.95,0.8272525463404482
2007-05-08,0.0,507.39,27.18,11.4,1313.72,0.7169522068283886
2007-05-09,0.0,528.5,29.7,12.03,1344.1,0.5811979428135456
2007-05-10,0.0,497.23,31.35,14.86,1637.02,0.5154419711813563
2007-05-11,0.0,456.93,32.4,17.5,1965.85,0.45180715992439874
2007-05-12,0.0,454.0,32.18,17.59,1981.99,0.4221109146711518
2007-05-13,0.7,417.81,32.27,18.56,2116.98,0.392414669417905
2007-05-14,0.0,421.61,31.39,18.41,2111.39,0.37120306566558575
2007-05-15,0.0,400.56,29.9,18.07,2061.62,0.3542337826637304
2007-05-16,7.04,284.57,28.81,18.73,2156.28,0.3499914619132666
2007-05-17,5.41,337.44,26.87,14.85,1690.5,0.36483958453989
2007-05-18,0.0,471.87,26.0,12.41,1412.03,0.3775665467912815
2007-05-19,0.0,504.52,26.24,11.12,1272.41,0.3584761034141943
2007-05-20,0.0,520.7,27.7,11.5,1283.9,0.3436279807875708
2007-05-21,0.0,523.26,29.5,12.75,1379.6,0.3287798581609474
2007-05-22,0.0,482.83,29.65,14.93,1628.72,0.3160528959095559
2007-05-23,0.0,429.18,29.25,16.81,1880.59,0.30332593365816435
2007-05-24,0.96,379.12,28.74,17.09,1921.48,0.3054470940333963
2007-05-25,0.0,422.35,28.91,16.72,1872.28,0.30332593365816435
2007-05-26,0.0,432.82,29.34,16.65,1852.09,0.2927201317820048
2007-05-27,0.0,441.54,29.39,16.48,1797.85,0.2927201317820048
2007-05-28,0.0,425.7,29.47,17.18,1893.06,0.286356650656309
2007-05-29,1.94,363.26,29.42,18.94,2177.14,0.2842354902810771
2007-05-30,24.38,235.59,27.92,19.6,2287.91,0.30120477328293244
2007-05-31,18.47,249.36,27.45,18.84,2174.35,0.41150511279499224
2007-06-01,0.0,474.01,29.82,16.01,1775.7,0.5557440183107627
2007-06-02,1.44,441.91,30.65,17.03,1898.67,0.678771320074214
2007-06-03,0.55,413.64,31.53,19.19,2214.81,0.572713301312618
2007-06-04,19.33,293.13,30.8,19.88,2316.37,0.5281689334327477
2007-06-05,0.0,383.15,30.81,20.06,2335.36,0.5302900938079798
2007-06-06,0.0,410.6,32.08,20.13,2343.94,0.48574572592810933
2007-06-07,0.0,364.42,32.2,21.92,2627.4,0.41150511279499224
2007-06-08,1.37,294.78,32.35,23.2,2832.66,0.36908190529035384
2007-06-09,0.0,396.88,34.08,22.65,2743.01,0.339385660037107
2007-06-10,12.02,351.94,34.06,20.29,2362.6,0.3202952166600197
2007-06-11,0.0,458.12,35.07,21.01,2472.11,0.33726449966187505
2007-06-12,0.0,450.35,35.66,21.77,2595.89,0.4221109146711518
2007-06-13,0.0,445.09,34.42,21.07,2489.44,0.4136262731702241
2007-06-14,2.54,407.02,33.09,20.0,2319.2,0.3521126222884985
2007-06-15,0.0,445.23,32.54,19.55,2276.47,0.30968941478386014
2007-06-16,0.0,423.94,32.5,20.34,2373.56,0.2905989714067728
2007-06-17,0.0,432.41,32.39,19.96,2316.92,0.27787200915538135
2007-06-18,1.66,377.93,32.32,21.63,2580.32,0.26726620727922173
2007-06-19,11.47,306.66,32.37,21.02,2483.45,0.26726620727922173
2007-06-20,28.15,340.53,32.5,19.5,2276.42,0.2927201317820048
2007-06-21,0.0,472.03,32.74,18.93,2188.34,0.3436279807875708
2007-06-22,0.0,489.29,33.33,18.46,2118.61,0.3436279807875708
2007-06-23,0.0,458.97,33.3,19.81,2304.26,0.3584761034141943
2007-06-24,0.0,403.3,32.76,21.55,2567.26,0.3309010185361793
2007-06-25,0.0,372.65,31.43,21.54,2566.7,0.2969624525324686
2007-06-26,8.67,301.17,31.99,21.11,2497.94,0.2821143299058452
2007-06-27,0.0,407.73,32.37,21.23,2516.67,0.30120477328293244
2007-06-28,0.43,442.3,32.8,20.17,2347.94,0.30756825440862817
2007-06-29,0.0,428.19,33.04,20.88,2460.54,0.3160528959095559
2007-06-30,0.0,428.28,33.89,21.43,2549.54,0.28847781103154096
2007-07-01,0.0,433.08,34.57,21.78,2604.56,0.2948412921572367
2007-07-02,0.0,440.33,34.63,21.55,2566.84,0.2821143299058452
2007-07-03,12.17,314.38,33.87,22.0,2639.43,0.2651450469039899
2007-07-04,27.38,275.79,31.73,21.86,2617.05,0.3542337826637304
2007-07-05,33.53,274.03,30.75,21.14,2503.08,0.57483446168785
2007-07-06,16.22,292.1,30.85,20.5,2400.0,0.6681655181980544
2007-07-07,5.73,268.09,31.27,21.85,2616.65,0.7211945275788523
2007-07-08,17.18,284.41,32.19,22.08,2652.98,0.7742235369596503
2007-07-09,1.06,392.47,33.06,21.72,2594.59,0.8399795085918398
2007-07-10,0.0,380.85,33.5,23.0,2801.69,0.704225244576997
2007-07-11,5.99,271.61,33.67,23.83,2954.53,0.6384692729448075
2007-07-12,0.0,406.1,33.98,22.69,2749.64,0.5069573296804286
2007-07-13,10.52,323.09,33.41,21.36,2537.69,0.5048361693051967
2007-07-14,17.44,303.91,31.5,20.82,2451.27,0.7127098860779246
2007-07-15,17.28,238.22,28.38,20.79,2446.3,1.4508736966586324
2007-07-16,12.51,208.17,26.56,20.25,2360.8,1.8899538943316396
2007-07-17,1.52,349.91,28.81,20.51,2401.02,2.0087388753446267
2007-07-18,3.19,367.78,30.85,20.92,2466.51,1.5802644795477794
2007-07-19,0.0,393.96,32.45,22.35,2695.55,1.3236040741447173
2007-07-20,0.0,405.33,33.04,22.5,2720.0,1.0881552724939743
2007-07-21,7.46,346.28,32.64,20.17,2349.04,0.9651279707305229
2007-07-22,0.0,444.93,32.5,20.77,2443.83,0.8505853104679993
2007-07-23,0.0,445.57,31.48,20.0,2329.15,0.9693702914809867
2007-07-24,2.92,392.34,31.81,20.55,2408.27,1.0223993008617847
2007-07-25,0.0,418.4,31.5,20.95,2472.26,1.1326996403738447
2007-07-26,0.0,408.84,32.24,21.84,2614.98,1.092397593244438
2007-07-27,0.0,432.03,32.87,21.54,2566.77,0.7275580087045481
2007-07-28,0.0,449.57,32.55,20.65,2423.28,0.598167225815401
2007-07-29,0.0,429.53,33.02,21.77,2603.25,0.5281689334327477
2007-07-30,0.0,404.78,33.48,23.02,2803.54,0.5090784900556604
2007-07-31,14.6,321.85,33.33,22.08,2653.01,1.2642115836382235
2007-08-01,5.85,310.19,32.8,22.27,2683.55,2.9272013178200478
2007-08-02,6.81,323.75,32.89,21.7,2591.33,2.9272013178200478
2007-08-03,0.0,445.57,33.48,21.57,2571.18,3.499914619132666
2007-08-04,0.0,431.23,34.01,22.47,2714.84,2.0554044035997294
2007-08-05,0.0,423.42,34.29,22.92,2786.55,1.3172405930190214
2007-08-06,0.0,398.39,34.44,23.88,2970.59,0.9545221688543633
2007-08-07,0.15,389.25,34.86,24.43,3068.65,0.7763446973348823
2007-08-08,0.0,409.14,35.5,24.27,3042.53,0.6702866785732864
2007-08-09,0.0,398.39,36.0,25.0,3160.06,0.6024095465658649
2007-08-10,0.0,381.39,35.88,25.47,3272.58,0.598167225815401
2007-08-11,0.0,416.76,37.11,25.02,3171.32,0.5536228579355308
2007-08-12,0.0,471.18,38.47,23.2,2837.98,0.49423036742903703
2007-08-13,0.0,442.85,37.64,24.03,2992.68,0.4539283202996306
2007-08-14,0.0,423.07,37.08,24.4,3063.93,0.443322518423471
2007-08-15,0.0,417.23,36.44,24.04,3005.06,0.6151365088172563
2007-08-16,0.0,405.13,35.85,23.98,2989.81,0.5154419711813563
2007-08-17,0.0,410.13,35.36,23.37,2860.35,0.43483787692254333
2007-08-18,0.0,404.94,35.14,23.33,2858.47,0.40726279204452837
2007-08-19,2.32,399.78,34.73,22.54,2727.09,0.3966569901683688
2007-08-20,1.38,369.04,34.15,22.6,2736.22,0.3945358297931369
2007-08-21,0.0,402.8,35.04,23.25,2842.42,0.38180886754174537
2007-08-22,0.0,420.59,36.5,23.52,2884.18,0.36908190529035384
2007-08-23,0.0,428.45,36.23,22.91,2785.05,0.3563549430389623
2007-08-24,0.0,409.72,35.81,23.31,2849.48,0.34574914116280275
2007-08-25,9.41,346.59,35.24,22.79,2766.37,0.4327167165473114
2007-08-26,0.25,375.6,33.21,22.47,2715.6,0.4581706410500944
2007-08-27,0.27,389.52,33.98,22.55,2728.1,0.4221109146711518
2007-08-28,13.11,281.65,32.65,22.02,2643.51,0.3775665467912815
2007-08-29,3.16,278.29,31.89,22.26,2681.27,0.40302047129406454
2007-08-30,2.06,358.15,33.24,22.5,2720.0,0.5515016975602989
2007-08-31,14.57,296.57,33.0,21.51,2561.68,0.6596808766971267
2007-09-01,9.95,287.38,32.48,21.51,2561.98,0.8993719990983334
2007-09-02,16.15,269.27,31.66,21.69,2589.94,1.0266416216122487
2007-09-03,8.43,280.72,31.91,22.22,2675.72,1.5526893946697646
2007-09-04,0.0,348.49,32.2,22.49,2718.14,2.184795186488876
2007-09-05,0.31,356.55,32.75,22.48,2717.09,1.7902593566957392
2007-09-06,0.0,379.53,33.03,22.0,2640.0,1.5802644795477794
2007-09-07,0.0,367.53,32.8,22.22,2675.66,1.2005767723812661
2007-09-08,1.78,342.42,32.75,22.48,2717.11,0.8993719990983334
2007-09-09,0.0,414.88,32.99,20.39,2381.84,0.7360426502054758
2007-09-10,0.0,421.06,32.98,20.02,2329.79,0.6299846314438798
2007-09-11,0.0,400.61,33.02,20.94,2470.02,0.5875614239392415
2007-09-12,0.0,375.89,32.72,21.69,2590.1,0.5896825843144734
2007-09-13,11.61,245.48,30.67,21.71,2593.15,0.6236211503181841
2007-09-14,13.95,202.62,29.36,22.3,2687.44,0.7402849709559397
2007-09-15,0.0,360.33,30.12,20.24,2358.88,0.7530119332073312
2007-09-16,0.0,483.1,30.85,14.8,1686.54,0.6575597163218948
2007-09-17,0.0,470.57,30.79,15.38,1750.4,0.6108941880667926
2007-09-18,0.0,444.05,31.82,17.53,2004.03,0.5366535749336754
2007-09-19,0.0,433.5,30.66,17.1,1939.08,0.4836245655528774
2007-09-20,0.0,459.01,31.04,15.7,1775.9,0.4475648391739348
2007-09-21,0.0,424.14,30.87,17.42,1987.47,0.4221109146711518
2007-09-22,3.94,246.3,28.92,20.37,2382.65,0.4136262731702241
2007-09-23,15.08,195.73,28.8,21.73,2596.22,0.5430170560593712
2007-09-24,11.56,215.38,29.94,22.0,2640.0,0.7508907728320993
2007-09-25,5.14,286.04,31.23,21.46,2553.51,0.9142201217249569
2007-09-26,0.0,389.2,31.99,19.88,2310.61,0.9184624424754207
2007-09-27,0.0,389.14,31.95,19.72,2297.51,0.7572542539577949
2007-09-28,0.0,398.0,32.43,19.48,2268.58,0.6278634710686479
2007-09-29,0.0,404.76,31.71,18.42,2116.69,0.5408958956841393
2007-09-30,0.0,409.48,31.13,17.57,2010.72,0.4836245655528774
2007-10-01,0.0,438.8,29.98,14.71,1673.86,0.4412013580482391
2007-10-02,0.0,435.22,30.42,14.96,1704.67,0.4093839524197603
2007-10-03,0.0,401.67,29.96,16.38,1854.78,0.3860511882922092
2007-10-04,0.0,333.1,29.83,19.28,2236.56,0.36696074491512193
2007-10-05,3.24,216.51,30.81,22.31,2690.03,0.36483958453989
2007-10-06,5.69,203.37,30.15,22.02,2643.15,0.3966569901683688
2007-10-07,0.0,283.8,30.02,21.2,2512.18,0.4221109146711518
2007-10-08,0.0,295.99,30.37,21.01,2481.65,0.3987781505436007
2007-10-09,2.13,287.39,31.55,21.01,2480.9,0.38180886754174537
2007-10-10,0.09,375.78,30.37,17.48,1996.03,0.37332422604081766
2007-10-11,0.0,430.77,29.84,13.22,1515.78,0.3584761034141943
2007-10-12,0.0,444.45,27.28,9.86,1228.85,0.3499914619132666
2007-10-13,0.0,434.13,25.99,9.32,1185.86,0.3309010185361793
2007-10-14,0.0,433.55,27.7,10.08,1246.45,0.31181057515909205
2007-10-15,0.0,384.5,28.98,14.34,1638.04,0.2969624525324686
2007-10-16,0.62,307.8,29.82,18.51,2132.44,0.286356650656309
2007-10-17,1.41,251.07,29.96,20.57,2411.08,0.27999316953061326
2007-10-18,22.66,171.48,30.28,22.48,2716.89,0.3054470940333963
2007-10-19,16.81,255.89,29.31,17.0,1920.0,0.5302900938079798
2007-10-20,0.0,411.65,27.09,10.6,1288.25,0.7339214898302439
2007-10-21,0.0,409.59,27.51,10.7,1295.81,0.5027150089299647
2007-10-22,26.64,255.13,27.19,14.73,1678.06,0.48574572592810933
2007-10-23,109.19,242.32,24.02,12.72,1461.16,5.875614239392415
2007-10-24,4.59,206.03,14.31,7.05,1004.16,11.051245554958296
2007-10-25,5.95,150.94,12.74,7.91,1073.01,13.999658476530664
2007-10-26,0.0,300.21,16.22,6.55,964.37,11.17851517747221
2007-10-27,0.0,371.71,20.64,6.86,988.81,6.724078389485182
2007-10-28,0.0,356.35,21.67,8.55,1123.63,3.0120477328293247
2007-10-29,0.0,354.96,23.08,9.67,1213.21,1.7308668661892457
2007-10-30,0.0,344.97,24.02,10.96,1316.47,1.279059706264847
2007-10-31,0.0,344.23,25.6,12.22,1417.61,1.0627013479911913
2007-11-01,0.0,349.72,26.95,12.82,1468.39,0.9269470839763485
2007-11-02,0.0,342.81,26.44,12.72,1457.84,0.833616027466144
2007-11-03,0.0,363.67,25.34,10.08,1246.45,0.7614965747082588
2007-11-04,0.0,385.54,23.32,6.01,921.44,0.7021040842017651
2007-11-05,0.0,372.07,24.37,7.64,1050.87,0.6575597163218948
2007-11-06,0.0,339.84,23.57,9.21,1176.64,0.6214999899429522
2007-11-07,0.0,369.55,18.46,2.19,720.0,0.5896825843144734
2007-11-08,0.0,362.05,16.75,0.97,640.0,0.5663498201869224
2007-11-09,0.0,368.67,20.31,3.09,767.02,0.549380537185067
2007-11-10,0.0,323.5,23.8,9.53,1202.68,0.5366535749336754
2007-11-11,0.0,312.57,24.42,10.73,1298.57,0.5239266126822839
2007-11-12,0.0,327.46,24.46,9.68,1214.77,0.5111996504308923
2007-11-13,0.0,292.47,24.98,12.42,1433.59,0.5048361693051967
2007-11-14,0.0,277.78,26.0,14.09,1606.8,0.5005938485547328
2007-11-15,0.0,335.28,24.47,8.69,1135.34,0.4899880466785732
2007-11-16,0.0,361.56,16.86,-0.54,596.12,0.47301876367671786
2007-11-17,0.0,347.22,18.9,2.12,719.64,0.4624129618005583
2007-11-18,0.0,286.49,23.43,10.44,1274.99,0.4602918014253264
2007-11-19,0.0,259.92,22.58,11.27,1341.98,0.4602918014253264
2007-11-20,0.0,294.23,24.93,11.23,1338.45,0.4560494806748625
2007-11-21,12.03,183.89,25.03,14.18,1618.49,0.4984726881795009
2007-11-22,4.84,268.77,23.54,9.04,1163.43,0.6554385559466629
2007-11-23,0.0,237.67,13.54,3.86,800.0,0.6554385559466629
2007-11-24,0.0,236.73,13.27,3.49,797.34,0.5939249050649372
2007-11-25,11.75,158.43,16.08,7.35,1027.94,0.5663498201869224
2007-11-26,24.3,167.86,20.05,10.43,1274.01,1.0393685838636402
2007-11-27,0.0,245.17,16.41,5.98,920.0,1.1666382063775553
2007-11-28,0.0,318.84,17.53,2.0,710.42,0.9799760933571464
2007-11-29,0.0,319.62,20.33,4.11,813.18,0.833616027466144
2007-11-30,0.0,297.77,20.94,6.35,949.01,0.7339214898302439
2007-12-01,0.0,326.39,22.46,4.79,862.89,0.6639231974475905
2007-12-02,0.0,264.21,24.96,11.94,1395.62,0.6193788295677203
2007-12-03,1.02,314.7,24.92,7.68,1054.18,0.5939249050649372
2007-12-04,0.0,344.56,18.14,-1.63,548.17,0.57483446168785
2007-12-05,0.0,348.98,21.0,-0.48,590.58,0.5578651786859946
2007-12-06,0.0,300.86,20.82,5.09,884.5,0.5408958956841393
2007-12-07,0.0,293.96,19.85,4.83,864.8,0.5281689334327477
2007-12-08,0.0,288.35,25.78,10.15,1251.82,0.521805452307052
2007-12-09,3.39,157.84,26.21,18.14,2091.32,0.521805452307052
2007-12-10,0.0,167.72,24.92,17.08,1940.0,0.5260477730575158
2007-12-11,0.0,233.21,25.53,14.18,1617.6,0.5154419711813563
2007-12-12,0.0,171.59,24.96,17.05,1931.45,0.5111996504308923
2007-12-13,0.38,165.32,25.06,17.5,2000.0,0.5154419711813563
2007-12-14,0.25,257.52,24.19,11.71,1376.66,0.5366535749336754
2007-12-15,0.0,257.04,23.26,10.99,1319.44,0.5366535749336754
2007-12-16,0.55,344.69,23.27,1.38,670.56,0.5196842919318201
2007-12-17,0.0,289.42,10.48,-2.74,500.42,0.5005938485547328
2007-12-18,0.0,297.11,14.05,-0.12,607.14,0.4836245655528774
2007-12-19,0.0,298.33,20.03,4.91,872.11,0.4602918014253264
2007-12-20,17.35,224.09,22.79,10.72,1297.5,0.5027150089299647
2007-12-21,25.8,181.29,21.44,11.76,1381.18,1.539962432418373
2007-12-22,4.42,195.09,21.67,12.16,1412.56,1.9811637904666122
2007-12-23,22.23,217.47,17.95,3.92,800.0,2.3332764127551107
2007-12-24,0.0,247.9,11.44,0.73,637.46,3.0756825440862823
2007-12-25,2.11,238.2,11.74,0.36,623.69,2.4393344315167065
2007-12-26,2.71,265.23,14.56,0.78,642.59,1.7902593566957392
2007-12-27,2.92,220.58,15.91,5.34,893.8,1.6035972436753305
2007-12-28,5.64,203.97,18.68,8.59,1126.9,1.5526893946697646
2007-12-29,4.3,280.25,21.36,5.58,916.22,1.3745119231502831
2007-12-30,28.91,193.87,17.45,5.82,924.53,2.227218393993515
2007-12-31,0.76,296.21,16.86,1.61,688.91,4.242320750463838
2008-01-01,0.0,310.15,15.5,2.0,720.0,4.115051127949922
2008-01-02,0.0,279.35,8.88,-1.93,526.31,2.502969242773664
2008-01-03,0.0,290.97,4.92,-6.34,373.57,1.7435938284406372
2008-01-04,0.0,324.9,9.37,-4.58,437.04,1.353300319397964
2008-01-05,0.0,333.71,16.74,1.12,662.82,1.1433054422500042
2008-01-06,0.0,297.74,20.65,7.76,1061.05,1.0266416216122487
2008-01-07,0.0,269.42,22.93,11.64,1371.56,0.9502798481038995
2008-01-08,0.0,216.59,23.48,14.91,1705.06,0.8930085179726378
2008-01-09,25.25,196.23,23.41,12.59,1455.65,1.4445102155329366
2008-01-10,7.19,158.25,20.6,13.21,1514.94,2.86356650656309
2008-01-11,23.71,248.64,20.45,5.19,890.33,3.5635494303896236
2008-01-12,0.0,325.31,16.49,2.58,726.05,4.348378769225433
2008-01-13,0.0,336.55,17.55,2.58,733.4,3.7544538641604963
2008-01-14,0.0,350.81,15.74,-0.3,600.0,2.418122827764387
2008-01-15,0.0,340.63,15.09,0.39,623.1,1.671474375682752
2008-01-16,13.61,203.2,14.06,4.13,810.36,1.4763276211614154
2008-01-17,15.0,144.9,10.59,4.85,867.69,2.715085280296856
2008-01-18,0.0,205.36,12.15,5.22,895.35,3.2241637703525163
2008-01-19,26.22,217.71,10.5,0.04,611.73,3.033259336581644
2008-01-20,8.92,223.35,4.76,-4.16,447.85,4.645341221757902
2008-01-21,0.0,347.42,8.47,-5.26,419.44,5.451382164346031
2008-01-22,0.0,355.25,14.07,-0.71,582.86,4.115051127949922
2008-01-23,1.03,189.96,14.52,7.79,1063.21,2.842354902810771
2008-01-24,8.97,181.14,11.97,3.93,810.15,2.227218393993515
2008-01-25,6.92,179.55,8.22,0.48,638.57,1.9238924603353502
2008-01-26,36.83,173.41,8.31,0.92,651.18,3.181740562847878
2008-01-27,0.86,222.99,10.54,3.42,793.7,5.875614239392415
2008-01-28,0.0,368.87,14.38,-0.5,599.99,6.999829238265332
2008-01-29,2.84,342.32,18.78,3.1,763.78,5.7483446168785
2008-01-30,9.03,326.92,18.12,0.34,623.44,3.818088675417453
2008-01-31,13.04,305.84,14.21,1.65,685.48,3.054470940333963
2008-02-01,63.66,272.4,15.96,2.03,719.83,6.236211503181841
2008-02-02,0.0,377.77,15.01,0.06,607.96,10.096723386103934
2008-02-03,0.0,374.5,19.97,4.71,859.17,13.087559515180939
2008-02-04,0.0,297.16,23.59,12.94,1487.44,9.205836028506528
2008-02-05,0.0,201.83,24.91,18.16,2092.82,5.21805452307052
2008-02-06,19.67,262.98,24.38,10.97,1317.67,3.9665699016836884
2008-02-07,0.0,402.45,17.45,1.0,650.36,4.412013580482391
2008-02-08,0.0,390.04,17.33,2.14,713.88,3.5847610341419425
2008-02-09,0.0,389.13,20.46,4.81,863.1,2.5666040540306216
2008-02-10,0.0,422.38,22.5,2.85,753.89,2.0278293187217145
2008-02-11,0.0,423.62,21.82,2.37,720.0,1.7138975831873904
2008-02-12,1.86,377.14,21.83,6.43,964.65,1.5569317154202282
2008-02-13,15.03,322.4,18.97,-0.08,608.35,2.184795186488876
2008-02-14,0.0,393.49,11.6,-2.74,500.95,2.502969242773664
2008-02-15,0.0,406.64,17.75,1.74,692.22,2.091464129978672
2008-02-16,3.97,292.49,20.87,8.0,1079.92,1.7881381963205074
2008-02-17,15.13,203.35,20.63,11.46,1356.74,2.0469197620988013
2008-02-18,8.63,314.49,19.98,5.03,882.04,2.9484129215723667
2008-02-19,0.0,425.58,17.67,0.22,617.22,2.5453924502783027
2008-02-20,0.0,411.68,19.75,3.29,776.22,2.0511620828492654
2008-02-21,14.77,247.24,21.4,9.75,1219.6,1.8644999698288565
2008-02-22,22.22,198.03,21.47,12.55,1449.89,2.227218393993515
2008-02-23,5.43,296.61,21.09,6.41,953.02,2.736296884049175
2008-02-24,0.0,393.91,17.57,2.93,754.31,2.736296884049175
2008-02-25,0.0,381.02,20.43,6.14,944.54,2.3120648090027913
2008-02-26,7.58,281.43,21.95,7.77,1061.74,2.142371978984238
2008-02-27,0.0,396.7,14.06,-0.37,600.07,2.0384351205978737
2008-02-28,0.0,407.58,13.51,-1.35,560.0,1.8157132811985224
2008-02-29,0.0,404.04,17.69,2.88,755.01,1.5654163569211559
2008-03-01,0.0,385.95,21.58,7.41,1032.94,1.380875404275979
2008-03-02,0.0,407.37,23.76,8.15,1091.84,1.2302730176345127
2008-03-03,0.0,326.19,23.57,12.23,1418.2,1.1305784799986127
2008-03-04,37.04,305.74,21.78,6.82,985.57,2.3544880165074296
2008-03-05,0.0,395.19,13.99,0.54,636.02,4.348378769225433
2008-03-06,0.0,438.01,18.04,1.62,689.22,4.4332251842347095
2008-03-07,20.99,322.12,19.01,3.09,767.32,3.6483958453989
2008-03-08,0.0,353.86,11.88,0.54,634.42,3.9665699016836884
2008-03-09,0.0,407.42,14.16,0.38,628.44,3.181740562847878
2008-03-10,0.0,437.95,18.9,3.1,765.73,2.3120648090027913
2008-03-11,8.86,281.28,19.19,6.86,988.94,1.9663156678399885
2008-03-12,0.0,414.7,19.39,5.42,911.62,2.0151023564703228
2008-03-13,0.0,446.38,21.29,5.42,908.32,1.9429829037124373
2008-03-14,0.0,424.79,23.68,8.97,1157.35,1.6587474134313605
2008-03-15,0.0,373.97,27.57,14.85,1691.66,1.4551160174090962
2008-03-16,0.0,464.95,27.64,9.92,1233.74,1.2917866685162385
2008-03-17,0.0,432.45,24.63,9.62,1209.77,1.1539112441261639
2008-03-18,0.0,311.99,24.6,14.77,1681.86,1.0584590272407273
2008-03-19,14.45,207.38,23.52,15.17,1733.35,1.122093838497685
2008-03-20,0.0,483.23,22.35,5.17,890.04,1.5017815456641985
2008-03-21,0.0,481.23,21.79,4.99,879.05,1.3681484420245875
2008-03-22,0.0,471.61,24.37,7.73,1058.02,1.1433054422500042
2008-03-23,0.0,440.19,23.02,8.34,1107.34,1.0117934989856252
2008-03-24,0.0,453.13,18.0,3.36,788.87,0.912098961349725
2008-03-25,0.0,479.95,16.64,0.72,640.0,0.8421006689670717
2008-03-26,0.0,481.59,20.4,3.98,808.92,0.7933139803367376
2008-03-27,0.0,462.95,23.39,7.68,1054.64,0.7636177350834907
2008-03-28,0.0,411.28,26.02,12.58,1446.22,0.7508907728320993
2008-03-29,0.0,340.63,26.81,16.18,1830.38,0.7508907728320993
2008-03-30,13.39,254.63,25.68,15.77,1786.29,1.4763276211614154
2008-03-31,0.0,296.74,24.74,16.07,1814.37,2.0405562809731057
2008-04-01,1.05,219.82,23.75,17.47,1994.42,1.665110894557056
2008-04-02,18.74,154.3,23.74,18.09,2084.53,2.6514504690398986
2008-04-03,0.08,299.27,26.11,17.66,2024.91,4.4968599954916675
2008-04-04,0.0,331.0,27.44,18.01,2080.58,3.6483958453989
2008-04-05,52.89,281.89,25.47,14.94,1701.53,5.599863390612265
2008-04-06,0.0,343.82,21.72,12.8,1466.51,8.378583482166079
2008-04-07,0.0,470.44,26.38,12.11,1408.86,8.505853104679993
2008-04-08,0.0,439.82,26.48,13.62,1558.47,5.154419711813563
2008-04-09,0.0,375.7,25.56,15.41,1753.15,2.7787200915538133
2008-04-10,0.0,310.89,26.72,18.52,2135.11,1.9323771018362779
2008-04-11,0.0,274.47,28.27,21.07,2490.69,1.6057184040505625
2008-04-12,12.46,360.43,27.06,13.0,1480.03,1.8263190830746818
2008-04-13,0.0,529.86,22.5,6.6,967.77,2.1169180544814545
2008-04-14,0.0,523.02,18.64,3.77,801.62,1.5654163569211559
2008-04-15,0.0,536.96,16.69,1.4,672.41,1.2642115836382235
2008-04-16,0.0,550.35,19.88,3.25,779.98,1.1157303573719892
2008-04-17,0.0,528.68,22.47,6.69,975.61,1.0266416216122487
2008-04-18,0.0,478.18,23.47,10.06,1244.76,0.9651279707305229
2008-04-19,20.6,392.05,23.7,8.06,1084.98,1.0393685838636402
2008-04-20,0.0,528.22,25.53,9.27,1181.45,1.355421479773196
2008-04-21,0.0,521.74,27.99,11.63,1370.76,1.3490579986475002
2008-04-22,0.0,537.24,29.92,11.91,1392.62,1.0245204612370167
2008-04-23,0.1,512.37,30.39,13.92,1593.17,0.8548276312184633
2008-04-24,0.0,462.68,29.5,15.92,1798.54,0.755133093582563
2008-04-25,0.0,473.97,27.94,14.27,1621.73,0.6914982823256055
2008-04-26,0.0,427.05,27.53,15.95,1801.9,0.6469539144457352
2008-04-27,9.16,248.75,25.89,17.61,2017.98,0.755133093582563
2008-04-28,6.29,320.22,24.02,13.09,1493.96,1.0054300178599294
2008-04-29,0.0,535.04,24.46,8.5,1120.0,0.88452387647171
2008-04-30,0.0,527.59,25.36,9.51,1200.75,0.7636177350834907
2008-05-01,0.0,457.62,26.74,13.82,1580.54,0.6851348011999097
2008-05-02,0.0,360.52,26.59,16.99,1935.3,0.6236211503181841
2008-05-03,35.29,275.93,27.52,17.56,2010.02,0.6575597163218948
2008-05-04,1.08,472.12,27.22,12.94,1481.98,1.2917866685162385
2008-05-05,0.0,482.23,26.63,12.39,1431.51,1.4487525362834006
2008-05-06,0.0,471.49,25.84,12.1,1408.23,1.1348208007490765
2008-05-07,0.0,483.18,27.75,13.17,1507.81,0.886645036846942
2008-05-08,0.0,394.19,28.95,17.73,2029.24,0.7190733672036205
2008-05-09,0.0,359.43,29.49,19.35,2249.53,0.6321057918191118
2008-05-10,0.0,368.35,30.96,20.25,2365.56,0.5833191031887777
2008-05-11,0.0,346.16,30.5,20.55,2407.82,0.549380537185067
2008-05-12,0.0,539.28,27.7,9.91,1233.19,0.5175631315565882
2008-05-13,0.0,484.92,27.47,12.78,1463.75,0.4921092070538051
2008-05-14,0.0,416.44,27.86,15.98,1802.87,0.47513992405194977
2008-05-15,20.38,247.71,27.01,18.14,2087.85,0.48574572592810933
2008-05-16,24.73,209.83,26.23,19.0,2199.94,0.5769556220630819
2008-05-17,3.93,367.87,23.76,11.97,1397.94,0.7254368483293162
2008-05-18,0.0,454.31,26.12,13.62,1558.66,0.7678600558339546
2008-05-19,0.0,456.32,28.67,15.75,1785.46,0.7127098860779246
2008-05-20,0.0,434.16,30.94,18.55,2137.6,0.625742310693416
2008-05-21,0.0,391.11,31.29,20.48,2397.21,0.5578651786859946
2008-05-22,0.0,375.06,30.31,20.36,2376.9,0.5175631315565882
2008-05-23,7.07,269.25,28.94,19.82,2306.97,0.5005938485547328
2008-05-24,0.52,357.2,29.56,20.31,2369.96,0.5005938485547328
2008-05-25,0.0,390.04,32.42,21.97,2634.5,0.5090784900556604
2008-05-26,0.0,426.73,32.37,20.64,2423.11,0.5090784900556604
2008-05-27,1.45,380.25,31.43,21.02,2482.55,0.5939249050649372
2008-05-28,0.0,447.0,31.35,19.01,2201.26,0.598167225815401
2008-05-29,0.0,434.66,31.63,19.79,2303.48,0.5239266126822839
2008-05-30,0.0,397.94,31.38,21.0,2480.0,0.4772610844271816
2008-05-31,0.0,444.25,31.88,19.8,2303.62,0.44544367879870295
2008-06-01,0.0,429.03,32.19,20.56,2409.03,0.4242320750463837
2008-06-02,0.0,431.07,33.44,21.39,2542.6,0.4093839524197603
2008-06-03,0.0,405.63,33.26,22.24,2678.39,0.3966569901683688
2008-06-04,0.0,384.54,33.13,22.92,2787.09,0.3860511882922092
2008-06-05,0.0,390.4,32.75,22.51,2721.98,0.37332422604081766
2008-06-06,0.0,377.01,32.57,22.9,2784.09,0.36483958453989
2008-06-07,0.0,422.8,33.58,22.19,2670.76,0.3563549430389623
2008-06-08,0.0,452.99,33.91,21.21,2513.11,0.3499914619132666
2008-06-09,0.0,453.75,33.65,20.93,2469.41,0.3436279807875708
2008-06-10,12.16,319.04,33.0,21.49,2558.11,0.339385660037107
2008-06-11,5.47,326.49,32.21,20.66,2425.95,0.3330221789114112
2008-06-12,7.97,326.82,32.12,20.65,2424.67,0.3563549430389623
2008-06-13,15.03,323.32,32.54,21.16,2505.14,0.4199897542959199
2008-06-14,5.26,331.87,32.43,21.08,2492.4,0.4645341221757902
2008-06-15,20.95,324.62,31.93,20.44,2390.58,0.5154419711813563
2008-06-16,1.29,409.09,32.49,20.26,2360.81,1.3172405930190214
2008-06-17,0.68,438.13,33.99,21.21,2512.94,0.9417952066029719
2008-06-18,1.12,436.78,33.56,20.58,2413.22,0.651196235196199
2008-06-19,0.0,481.7,32.04,18.5,2122.75,0.5302900938079798
2008-06-20,0.0,488.29,32.79,18.65,2146.3,0.47301876367671786
2008-06-21,18.32,347.05,32.64,19.6,2285.93,0.4836245655528774
2008-06-22,13.12,331.43,32.17,20.01,2330.29,0.5175631315565882
2008-06-23,0.0,460.89,32.43,19.36,2248.83,0.5578651786859946
2008-06-24,0.0,452.43,33.08,20.14,2347.06,0.5239266126822839
2008-06-25,0.0,437.16,33.09,20.74,2438.1,0.4624129618005583
2008-06-26,12.46,345.5,31.97,18.86,2177.39,0.43908019767300716
2008-06-27,5.63,325.82,31.98,20.17,2350.93,0.4687764429262541
2008-06-28,3.84,338.01,32.96,21.4,2544.4,0.5090784900556604
2008-06-29,6.42,307.67,32.97,21.58,2572.36,0.4602918014253264
2008-06-30,9.49,291.61,31.32,21.0,2480.14,0.5260477730575158
2008-07-01,2.44,400.18,30.74,18.88,2179.97,0.5196842919318201
2008-07-02,0.0,469.28,31.94,18.48,2129.27,0.5005938485547328
2008-07-03,0.0,432.86,32.32,20.22,2355.4,0.4772610844271816
2008-07-04,2.6,418.35,32.08,20.12,2347.01,0.44544367879870295
2008-07-05,0.0,433.6,33.18,20.75,2440.49,0.43483787692254333
2008-07-06,0.18,391.14,32.75,21.76,2601.77,0.3945358297931369
2008-07-07,0.71,395.41,31.97,20.7,2432.19,0.36908190529035384
2008-07-08,1.91,413.93,33.18,20.81,2450.14,0.3542337826637304
2008-07-09,0.0,397.47,32.72,21.72,2595.1,0.3627184241646581
2008-07-10,7.26,332.31,32.98,22.14,2661.9,0.3987781505436007
2008-07-11,0.0,381.12,33.47,22.9,2784.82,0.4242320750463837
2008-07-12,0.0,393.93,34.82,23.53,2891.65,0.38817234866744116
2008-07-13,3.21,334.21,35.63,23.66,2918.94,0.3542337826637304
2008-07-14,5.55,342.48,34.38,22.63,2740.08,0.3563549430389623
2008-07-15,0.0,458.61,33.19,19.71,2295.81,0.42635323542161563
2008-07-16,0.0,485.05,34.31,19.21,2227.22,0.390293509042673
2008-07-17,5.53,377.28,34.23,20.87,2458.86,0.3521126222884985
2008-07-18,0.31,441.57,33.87,20.54,2405.73,0.34574914116280275
2008-07-19,0.0,445.32,34.18,20.91,2465.59,0.339385660037107
2008-07-20,0.0,452.69,35.25,21.36,2538.14,0.3245375374104836
2008-07-21,0.0,447.05,35.83,22.01,2641.91,0.31393173553432396
2008-07-22,0.0,433.87,35.3,22.16,2665.36,0.3054470940333963
2008-07-23,0.53,361.06,33.33,22.74,2758.93,0.30120477328293244
2008-07-24,0.74,383.24,32.92,21.78,2605.36,0.30756825440862817
2008-07-25,0.0,421.81,34.08,21.81,2608.91,0.3542337826637304
2008-07-26,8.49,380.18,34.47,22.21,2673.38,0.36483958453989
2008-07-27,16.94,308.2,33.83,22.03,2645.37,0.5430170560593712
2008-07-28,7.42,339.71,35.33,21.36,2538.05,0.8930085179726378
2008-07-29,0.0,400.88,34.61,22.9,2783.96,0.8611911123441589
2008-07-30,7.07,279.43,33.15,23.02,2805.35,0.5939249050649372
2008-07-31,0.0,355.42,32.76,22.98,2799.46,0.5069573296804286
2008-08-01,18.8,244.33,30.71,22.24,2677.89,0.5387747353089074
2008-08-02,8.28,294.99,32.91,22.0,2640.0,0.7318003294550119
2008-08-03,0.0,429.16,33.93,21.45,2552.04,0.9439163669782038
2008-08-04,0.0,389.04,32.47,21.79,2606.17,1.3999658476530663
2008-08-05,0.0,371.02,32.49,22.41,2706.36,1.0966399139949021
2008-08-06,0.0,410.27,33.88,22.16,2664.84,0.7127098860779246
2008-08-07,0.0,418.33,34.72,22.47,2715.27,0.5557440183107627
2008-08-08,25.24,323.64,33.8,21.2,2511.97,0.4878668863033413
2008-08-09,0.0,448.48,31.39,18.61,2139.85,0.49423036742903703
2008-08-10,0.0,444.87,32.36,19.42,2261.18,0.6639231974475905
2008-08-11,28.64,294.02,30.95,20.24,2365.38,0.6066518673163287
2008-08-12,15.45,225.46,28.61,21.03,2484.97,0.6214999899429522
2008-08-13,19.9,211.39,29.05,21.99,2638.94,1.567537517296388
2008-08-14,0.0,391.65,31.18,20.69,2430.2,1.7096552624369266
2008-08-15,0.0,412.62,32.41,21.01,2481.14,1.3936023665273707
2008-08-16,9.73,284.78,31.54,21.5,2559.32,1.0605801876159595
2008-08-17,8.97,245.71,30.38,22.15,2663.65,0.8272525463404482
2008-08-18,8.72,287.93,31.16,21.19,2510.17,1.0033088574846976
2008-08-19,0.07,387.22,31.59,21.48,2556.5,0.935431725477276
2008-08-20,3.36,301.49,31.24,22.13,2661.35,0.7614965747082588
2008-08-21,0.18,367.41,31.83,22.41,2705.71,0.6490750748209672
2008-08-22,0.0,409.31,33.5,22.36,2697.01,0.5854402635640096
2008-08-23,0.0,389.63,31.73,21.64,2581.76,0.5366535749336754
2008-08-24,11.74,198.37,26.79,20.84,2453.75,0.5854402635640096
2008-08-25,20.51,150.85,26.29,21.93,2628.01,0.6490750748209672
2008-08-26,12.82,253.05,29.56,21.67,2587.46,0.810283263338593
2008-08-27,0.0,415.0,31.24,20.77,2442.73,0.8208890652147526
2008-08-28,0.0,420.86,32.64,21.62,2578.56,0.7360426502054758
2008-08-29,0.0,405.61,32.88,22.32,2690.78,0.6151365088172563
2008-08-30,0.0,423.78,33.49,22.01,2640.86,0.5557440183107627
2008-08-31,0.59,407.23,32.91,21.82,2610.63,0.5111996504308923
2008-09-01,45.67,230.33,30.38,23.1,2816.7,0.6321057918191118
2008-09-02,48.75,145.08,27.64,23.44,2881.62,3.287798581609474
2008-09-03,25.1,147.22,28.35,24.09,3007.25,4.45443678798703
2008-09-04,1.84,216.46,29.47,24.48,3077.24,5.387747353089074
2008-09-05,7.84,260.55,30.62,22.59,2734.57,5.5574401831076266
2008-09-06,0.0,384.21,30.47,21.41,2545.67,4.369590372977752
2008-09-07,0.0,395.63,30.65,21.21,2514.34,2.6514504690398986
2008-09-08,0.0,412.66,31.58,21.37,2538.86,1.5145085079155898
2008-09-09,1.4,408.48,32.66,21.29,2525.78,1.1030033951205978
2008-09-10,0.0,425.45,32.71,21.62,2579.41,0.9545221688543633
2008-09-11,2.59,307.84,32.31,22.47,2715.44,0.8421006689670717
2008-09-12,3.98,231.28,31.45,24.29,3041.06,0.7339214898302439
2008-09-13,1.89,209.66,30.11,25.39,3249.2,0.6596808766971267
2008-09-14,0.0,267.31,30.49,24.62,3098.94,0.6151365088172563
2008-09-15,3.44,281.93,29.8,21.48,2556.98,0.5811979428135456
2008-09-16,0.0,379.27,25.78,17.55,2007.51,0.5599863390612265
2008-09-17,0.0,465.26,26.71,14.92,1704.86,0.545138216434603
2008-09-18,0.0,462.66,27.65,15.63,1770.43,0.5302900938079798
2008-09-19,0.0,423.94,27.62,17.28,1964.71,0.5111996504308923
2008-09-20,20.75,303.54,28.18,18.86,2177.98,0.5154419711813563
2008-09-21,22.22,286.58,27.92,18.98,2197.19,2.2060067902411955
2008-09-22,0.0,416.53,28.38,18.01,2078.55,3.9877815054360073
2008-09-23,0.0,425.15,28.95,17.87,2049.66,3.7120306566558576
2008-09-24,0.0,451.58,29.48,16.52,1881.87,1.9981330734684675
2008-09-25,0.0,464.67,27.53,14.0,1600.0,1.2005767723812661
2008-09-26,0.0,481.54,28.21,12.86,1468.66,0.8972508387231015
2008-09-27,0.0,493.92,29.82,12.06,1405.09,0.7466484520816353
2008-09-28,0.0,473.58,29.85,13.79,1579.39,0.653317395571431
2008-09-29,0.0,441.55,30.53,16.45,1861.29,0.5918037446897053
2008-09-30,0.0,450.05,30.78,15.74,1781.69,0.5472593768098349
2008-10-01,0.0,449.03,29.0,14.23,1619.73,0.5133208108061244
2008-10-02,0.0,467.03,27.32,11.06,1324.96,0.48574572592810933
2008-10-03,0.0,438.35,27.86,13.16,1513.79,0.4645341221757902
2008-10-04,0.0,424.93,28.89,14.37,1629.39,0.4496859995491667
2008-10-05,0.0,432.21,29.08,13.63,1563.14,0.43695903729777524
2008-10-06,0.0,375.92,28.73,16.38,1854.93,0.4284743957968476
2008-10-07,9.41,239.97,28.26,18.25,2100.2,0.43059555617207945
2008-10-08,24.58,237.9,27.5,17.66,2026.13,0.755133093582563
2008-10-09,0.0,369.08,25.52,13.73,1578.04,2.969624525324686
2008-10-10,0.0,355.67,26.21,14.8,1688.31,1.8348037245756095
2008-10-11,0.0,359.7,27.7,15.73,1778.94,1.1030033951205978
2008-10-12,0.0,303.36,27.18,17.5,1998.78,0.8463429897175356
2008-10-13,0.0,257.19,26.4,18.35,2115.44,0.6914982823256055
2008-10-14,0.0,279.32,27.78,18.66,2145.64,0.6045307069410968
2008-10-15,0.0,339.79,29.06,17.04,1927.01,0.5515016975602989
2008-10-16,0.0,356.77,29.0,15.92,1793.77,0.5133208108061244
2008-10-17,0.0,334.56,27.55,15.72,1777.64,0.48574572592810933
2008-10-18,0.59,344.71,23.29,10.7,1296.18,0.4645341221757902
2008-10-19,0.0,383.65,23.04,8.99,1159.27,0.44544367879870295
2008-10-20,0.0,375.63,22.9,9.06,1164.87,0.43059555617207945
2008-10-21,0.0,392.45,24.32,8.77,1141.48,0.41574743354545607
2008-10-22,0.0,379.9,24.16,9.23,1178.5,0.4051416316692965
2008-10-23,4.88,205.46,23.13,13.59,1555.7,0.3966569901683688
2008-10-24,3.7,213.93,21.58,12.4,1431.76,0.40302047129406454
2008-10-25,0.0,391.87,23.07,6.96,996.67,0.40089931091883263
2008-10-26,0.0,400.56,24.73,7.23,1018.34,0.40089931091883263
2008-10-27,0.0,385.5,23.19,7.17,1013.57,0.3860511882922092
2008-10-28,0.0,391.12,16.58,0.92,649.21,0.36908190529035384
2008-10-29,0.0,395.89,16.56,0.22,617.43,0.3563549430389623
2008-10-30,0.0,404.64,19.17,1.24,659.57,0.34574914116280275
2008-10-31,0.0,402.6,22.07,3.29,780.66,0.339385660037107
2008-11-01,0.0,389.82,23.17,5.29,901.03,0.3351433392866432
2008-11-02,0.0,390.74,23.36,4.93,874.55,0.3287798581609474
2008-11-03,0.0,371.68,24.15,7.11,1008.92,0.3245375374104836
2008-11-04,0.0,352.35,24.24,8.58,1126.6,0.31817405628478784
2008-11-05,0.0,355.34,24.13,7.98,1078.49,0.31393173553432396
2008-11-06,0.0,349.49,24.73,8.55,1123.81,0.31181057515909205
2008-11-07,0.0,320.99,24.59,10.25,1259.8,0.30968941478386014
2008-11-08,0.12,367.69,21.96,3.96,803.86,0.30968941478386014
2008-11-09,0.0,363.66,21.47,3.53,793.73,0.30968941478386014
2008-11-10,0.0,350.83,19.33,2.52,724.73,0.30756825440862817
2008-11-11,0.0,337.44,21.53,5.19,890.92,0.3054470940333963
2008-11-12,0.0,256.4,23.06,11.55,1364.3,0.30968941478386014
2008-11-13,9.18,155.85,22.47,13.34,1526.87,0.31393173553432396
2008-11-14,0.0,211.15,23.88,14.47,1649.16,0.34150682041233893
2008-11-15,0.77,287.97,23.11,8.97,1157.9,0.36908190529035384
2008-11-16,0.0,302.75,14.5,0.7,640.84,0.36483958453989
2008-11-17,0.0,326.81,16.14,0.18,614.61,0.3499914619132666
2008-11-18,0.0,325.95,17.84,1.55,684.27,0.33726449966187505
2008-11-19,0.0,326.3,14.19,-1.96,523.6,0.3309010185361793
2008-11-20,0.0,338.43,18.93,0.89,646.66,0.3245375374104836
2008-11-21,0.0,344.36,20.55,1.27,661.92,0.34787030153803467
2008-11-22,0.0,307.79,12.8,-2.45,511.08,0.37332422604081766
2008-11-23,0.0,311.39,17.52,1.21,666.14,0.37332422604081766
2008-11-24,0.0,246.31,21.72,9.51,1200.57,0.38180886754174537
2008-11-25,7.97,250.92,21.67,2.24,719.59,0.3945358297931369
2008-11-26,0.0,319.65,17.42,-0.01,600.0,0.41150511279499224
2008-11-27,0.0,279.32,19.62,5.19,890.65,0.4199897542959199
2008-11-28,8.54,141.84,22.6,13.32,1529.57,0.4242320750463837
2008-11-29,21.14,95.57,22.11,16.06,1810.35,0.43695903729777524
2008-11-30,20.17,158.22,19.0,9.19,1174.86,0.5472593768098349
2008-12-01,0.0,264.16,15.0,2.54,724.53,0.7127098860779246
2008-12-02,0.0,295.22,12.16,-2.19,523.7,0.7678600558339546
2008-12-03,0.0,314.66,16.2,-0.28,599.06,0.7148310464531566
2008-12-04,8.13,228.3,20.0,3.86,806.5,0.6045307069410968
2008-12-05,5.96,251.76,15.87,-0.13,608.15,0.5133208108061244
2008-12-06,0.0,279.23,13.36,-0.11,608.54,0.48574572592810933
2008-12-07,0.0,297.28,14.14,-0.82,574.28,0.4921092070538051
2008-12-08,0.0,312.17,16.67,0.07,608.63,0.4687764429262541
2008-12-09,0.0,261.32,20.61,7.69,1056.23,0.43908019767300716
2008-12-10,16.75,195.65,21.79,8.83,1146.16,0.4496859995491667
2008-12-11,28.47,179.4,11.65,0.98,654.02,0.6384692729448075
2008-12-12,3.48,205.88,9.51,-0.26,600.0,1.2472423006363682
2008-12-13,0.0,284.72,13.56,-0.28,598.45,1.5760221587973156
2008-12-14,0.0,251.97,16.66,4.71,859.05,1.3129982722685576
2008-12-15,4.58,177.89,20.71,11.39,1350.95,1.0839129517435104
2008-12-16,15.21,147.43,21.85,12.68,1469.49,0.9036143198487975
2008-12-17,0.0,169.09,20.83,13.25,1522.1,1.1433054422500042
2008-12-18,0.0,163.17,24.08,16.65,1891.57,1.2111825742574256
2008-12-19,0.0,175.39,24.96,16.99,1919.03,1.1136091969967574
2008-12-20,0.0,151.78,23.92,17.32,1971.43,0.9566433292295954
2008-12-21,2.48,246.42,22.31,6.75,979.65,0.8421006689670717
2008-12-22,0.0,294.78,9.97,-2.98,490.14,0.7742235369596503
2008-12-23,0.0,285.75,11.5,-0.82,577.37,0.7318003294550119
2008-12-24,4.9,214.92,21.54,8.12,1089.95,0.7021040842017651
2008-12-25,6.69,178.92,23.31,15.1,1723.81,0.676650159698982
2008-12-26,0.0,178.35,23.07,15.9,1803.8,0.6745289993237501
2008-12-27,0.0,152.54,24.37,18.3,2103.31,0.7402849709559397
2008-12-28,1.03,275.79,23.48,10.07,1245.72,0.7593754143330269
2008-12-29,12.1,177.47,17.08,7.77,1061.68,0.7424061313311715
2008-12-30,0.0,336.85,18.31,1.21,656.74,0.8527064708432313
2008-12-31,6.05,257.16,17.69,4.49,859.21,0.9417952066029719
2009-01-01,0.0,313.27,16.02,0.8,643.92,0.8548276312184633
2009-01-02,0.0,263.12,20.24,8.3,1105.76,0.7593754143330269
2009-01-03,7.2,129.31,22.35,14.97,1707.3,0.7381638105807077
2009-01-04,10.97,153.31,22.62,13.72,1577.77,1.0393685838636402
2009-01-05,2.42,163.12,23.32,15.33,1740.75,1.041489744238872
2009-01-06,8.69,110.85,21.98,15.74,1778.01,1.071185989492119
2009-01-07,13.6,209.38,21.68,8.78,1142.28,1.4402678947824727
2009-01-08,0.0,276.49,19.82,7.41,1032.42,1.9875272715923078
2009-01-09,0.0,321.44,20.73,4.81,864.42,1.5993549229248667
2009-01-10,6.95,257.3,22.12,8.99,1159.15,1.2875443477657746
2009-01-11,14.92,250.42,21.24,4.3,824.29,1.0817917913682786
2009-01-12,0.0,302.61,11.88,-1.18,565.04,1.0945187536196699
2009-01-13,0.0,332.27,14.25,-1.32,560.15,1.2684539043886873
2009-01-14,0.0,339.36,13.12,-2.84,495.91,1.2917866685162385
2009-01-15,0.0,326.15,12.92,-1.68,545.04,1.145426602625236
2009-01-16,0.0,319.6,9.61,-4.11,446.61,0.8972508387231015
2009-01-17,0.0,315.14,9.35,-3.91,453.0,0.7763446973348823
2009-01-18,2.36,300.08,15.79,0.91,651.2,0.7211945275788523
2009-01-19,0.0,348.84,18.85,1.99,719.03,0.6999829238265332
2009-01-20,0.0,346.54,12.97,-2.7,504.35,0.680892480449446
2009-01-21,0.0,327.85,7.84,-5.76,400.0,0.651196235196199
2009-01-22,0.0,355.14,11.67,-4.32,442.7,0.6214999899429522
2009-01-23,0.0,366.25,19.53,1.4,675.21,0.6002883861906331
2009-01-24,1.38,316.01,21.29,7.38,1030.21,0.5875614239392415
2009-01-25,2.58,185.02,14.87,6.96,996.68,0.5769556220630819
2009-01-26,0.0,220.23,15.91,7.78,1062.33,0.5769556220630819
2009-01-27,0.0,269.23,20.87,10.24,1259.52,0.5790767824383137
2009-01-28,1.59,291.06,21.73,9.58,1206.4,0.57483446168785
2009-01-29,0.0,320.46,14.26,1.67,689.23,0.5578651786859946
2009-01-30,0.0,350.84,14.36,-0.13,605.95,0.5408958956841393
2009-01-31,0.0,365.88,15.44,-0.2,600.0,0.5324112541832116
2009-02-01,0.0,373.29,18.81,2.07,711.36,0.5196842919318201
2009-02-02,6.08,240.47,18.1,5.3,900.71,0.5069573296804286
2009-02-03,1.94,344.78,14.31,-1.77,538.56,0.5154419711813563
2009-02-04,0.0,382.31,13.33,-3.57,474.64,0.5515016975602989
2009-02-05,0.0,344.38,9.34,-4.42,440.0,0.5705921409373861
2009-02-06,0.0,396.59,15.94,-2.65,505.07,0.5557440183107627
2009-02-07,0.0,396.95,20.95,1.57,685.38,0.521805452307052
2009-02-08,0.0,377.21,22.74,5.18,893.3,0.496351527804269
2009-02-09,0.0,339.06,23.04,8.4,1111.68,0.4836245655528774
2009-02-10,0.54,241.71,22.49,12.95,1485.08,0.47301876367671786
2009-02-11,4.43,186.4,23.31,13.71,1572.91,0.46665528255102207
2009-02-12,4.03,324.73,23.4,5.47,917.94,0.4624129618005583
2009-02-13,1.33,343.65,20.94,6.87,989.35,0.4836245655528774
2009-02-14,28.07,187.91,19.62,10.57,1285.37,0.5515016975602989
2009-02-15,4.1,176.42,18.78,10.56,1284.88,0.9439163669782038
2009-02-16,0.41,343.27,17.13,4.35,827.82,1.2323941780097447
2009-02-17,0.0,362.76,16.14,2.61,728.89,1.1030033951205978
2009-02-18,0.74,341.66,20.61,8.0,1080.23,0.9014931594735653
2009-02-19,2.57,294.15,20.57,7.1,1007.9,0.7487696124568672
2009-02-20,0.0,416.6,14.96,-1.37,560.0,0.755133093582563
2009-02-21,0.0,423.61,16.03,-0.79,576.75,0.6872559615751416
2009-02-22,2.04,406.54,17.14,1.39,670.8,0.6236211503181841
2009-02-23,0.0,410.11,14.82,-0.43,599.71,0.5705921409373861
2009-02-24,0.0,419.62,16.76,0.53,638.28,0.5408958956841393
2009-02-25,0.0,371.23,19.95,6.31,955.41,0.5324112541832116
2009-02-26,0.0,349.65,22.6,9.85,1228.14,0.5133208108061244
2009-02-27,0.0,280.0,24.1,14.33,1629.36,0.496351527804269
2009-02-28,4.48,219.69,24.91,14.64,1669.88,0.48574572592810933
2009-03-01,4.2,330.11,17.86,0.75,642.5,0.4836245655528774
2009-03-02,0.0,390.43,12.39,-0.89,574.51,0.5302900938079798
2009-03-03,0.0,410.33,13.41,-0.8,575.71,0.5769556220630819
2009-03-04,0.0,436.13,16.08,0.08,606.42,0.5366535749336754
2009-03-05,0.0,429.93,20.22,4.27,832.14,0.4921092070538051
2009-03-06,0.0,397.96,22.62,8.47,1117.95,0.4687764429262541
2009-03-07,0.0,387.15,25.22,11.35,1348.2,0.4539283202996306
2009-03-08,0.0,337.12,25.7,14.33,1626.8,0.443322518423471
2009-03-09,0.0,328.18,26.32,15.49,1759.52,0.43483787692254333
2009-03-10,0.0,342.6,26.9,15.63,1770.1,0.42635323542161563
2009-03-11,0.0,375.98,27.11,14.52,1649.12,0.417868593920688
2009-03-12,0.0,414.51,25.45,11.2,1335.63,0.41150511279499224
2009-03-13,0.0,363.1,23.8,12.23,1418.47,0.40302047129406454
2009-03-14,6.57,272.81,23.76,14.5,1653.47,0.40302047129406454
2009-03-15,36.21,225.05,22.76,14.0,1600.4,0.9842184141076102
2009-03-16,12.44,180.54,21.4,14.65,1669.6,2.396911224012068
2009-03-17,4.65,229.6,21.76,13.02,1482.44,2.5666040540306216
2009-03-18,0.0,455.22,24.03,8.82,1145.73,2.08934296960344
2009-03-19,0.0,465.41,25.91,9.74,1219.59,1.5993549229248667
2009-03-20,0.0,441.07,25.6,11.0,1319.96,1.202697932756498
2009-03-21,0.0,470.31,23.25,7.42,1033.46,0.8951296783478696
2009-03-22,0.0,478.18,24.46,8.02,1081.55,0.72967916907978
2009-03-23,0.0,462.96,24.03,8.79,1143.35,0.6405904333200394
2009-03-24,0.4,404.68,23.83,11.36,1349.07,0.5854402635640096
2009-03-25,6.95,219.84,24.09,15.93,1807.35,0.5536228579355308
2009-03-26,52.94,195.33,23.0,16.07,1817.1,1.0627013479911913
2009-03-27,106.15,192.13,22.12,15.51,1760.87,7.02104084201765
2009-03-28,62.28,293.55,24.38,13.5,1559.58,29.69624525324686
2009-03-29,0.0,481.22,21.14,6.68,974.46,41.5747433545456
2009-03-30,0.0,495.4,20.67,5.43,913.79,29.059897140677286
2009-03-31,2.3,430.99,23.73,10.47,1277.83,17.838958755700435
2009-04-01,7.16,305.98,24.58,13.68,1564.97,10.584590272407274
2009-04-02,2.44,341.52,23.04,13.68,1565.67,8.060409425881291
2009-04-03,12.51,368.55,25.06,10.04,1243.33,6.405904333200394
2009-04-04,0.0,475.95,22.3,8.75,1139.81,4.305955561720794
2009-04-05,3.06,355.01,26.05,13.1,1506.3,2.7787200915538133
2009-04-06,0.0,541.43,24.9,6.69,975.4,2.1635835827365573
2009-04-07,0.0,496.42,16.09,2.35,724.03,1.7308668661892457
2009-04-08,0.0,532.47,18.25,2.04,718.47,1.412692809904458
2009-04-09,0.0,519.26,23.45,7.18,1014.54,1.2323941780097447
2009-04-10,0.0,324.1,24.77,16.33,1853.69,1.1157303573719892
2009-04-11,0.0,467.45,26.59,12.86,1473.85,1.0266416216122487
2009-04-12,0.0,478.21,24.76,10.83,1306.6,0.9481586877286676
2009-04-13,63.64,302.25,25.35,14.34,1636.27,4.199897542959199
2009-04-14,3.26,386.63,25.31,10.8,1303.94,7.4452729170640355
2009-04-15,0.0,498.12,21.8,7.04,1003.06,6.00288386190633
2009-04-16,0.0,481.08,22.88,8.73,1138.64,3.627184241646581
2009-04-17,0.0,425.03,23.37,11.62,1369.62,2.5241808465259834
2009-04-18,0.0,387.73,23.81,13.46,1545.84,1.8199556019489862
2009-04-19,1.76,310.71,24.11,15.73,1778.99,1.4529948570338642
2009-04-20,2.71,425.72,25.87,11.55,1363.94,1.2917866685162385
2009-04-21,0.0,511.05,24.88,9.61,1208.99,1.1878498101298745
2009-04-22,0.87,509.37,27.27,10.93,1314.47,1.122093838497685
2009-04-23,0.0,506.71,29.61,13.54,1553.54,1.0669436687416551
2009-04-24,0.0,458.46,29.39,15.68,1774.68,0.9820972537323783
2009-04-25,0.0,388.87,28.04,17.17,1948.95,0.9014931594735653
2009-04-26,0.0,441.95,28.83,15.73,1779.31,0.8421006689670717
2009-04-27,0.0,388.27,27.93,16.98,1926.56,0.7954351407119695
2009-04-28,0.0,410.26,27.39,15.85,1787.63,0.755133093582563
2009-04-29,0.0,413.53,27.93,16.29,1846.58,0.7211945275788523
2009-04-30,0.0,407.39,28.23,16.8,1909.02,0.6936194427008374
2009-05-01,0.0,380.26,27.81,17.41,1985.27,0.6702866785732864
2009-05-02,0.0,376.43,29.52,18.98,2196.49,0.6490750748209672
2009-05-03,0.0,362.07,29.44,19.5,2279.41,0.6321057918191118
2009-05-04,44.35,271.1,27.86,18.23,2098.84,0.7911928199615056
2009-05-05,16.54,259.67,28.35,19.2,2223.55,3.627184241646581
2009-05-06,0.12,337.0,29.33,20.45,2397.53,4.772610844271817
2009-05-07,0.0,323.75,29.35,21.01,2482.15,2.9059897140677284
2009-05-08,0.0,355.49,30.28,21.05,2488.15,1.6120818851762582
2009-05-09,0.0,380.35,30.11,20.31,2370.19,1.2196672157583532
2009-05-10,0.0,388.07,30.71,20.54,2405.8,1.0011876971094655
2009-05-11,1.18,448.05,30.55,17.77,2040.28,0.8696757538450867
2009-05-12,0.0,407.33,29.83,19.31,2242.84,0.8017986218376653
2009-05-13,16.33,287.6,30.35,20.53,2405.35,1.0881552724939743
2009-05-14,0.0,392.8,29.98,20.04,2333.13,1.7054129416864625
2009-05-15,1.19,384.48,29.31,19.08,2213.34,1.1687593667527871
2009-05-16,5.25,336.17,30.04,18.96,2193.7,1.308755951518094
2009-05-17,14.93,339.73,28.89,17.31,1969.29,1.5208719890412856
2009-05-18,5.51,387.26,24.28,10.81,1304.78,1.955709865963829
2009-05-19,0.0,511.31,24.08,10.75,1299.93,1.412692809904458
2009-05-20,0.0,517.7,26.28,12.26,1421.44,1.0966399139949021
2009-05-21,0.0,445.29,27.5,16.36,1853.04,0.9269470839763485
2009-05-22,6.78,251.26,26.71,19.28,2240.58,0.808162102963361
2009-05-23,12.41,237.43,26.57,19.59,2283.54,2.114796894106223
2009-05-24,20.52,240.92,26.1,19.17,2222.86,5.875614239392415
2009-05-25,30.91,234.29,26.46,19.78,2305.16,5.324112541832116
2009-05-26,11.74,283.71,27.2,18.92,2186.74,5.387747353089074
2009-05-27,1.36,412.06,30.36,19.48,2267.31,4.242320750463838
2009-05-28,0.0,448.62,31.48,20.34,2378.64,2.6726620727922175
2009-05-29,0.0,494.76,30.5,17.69,2030.17,1.9196501395848864
2009-05-30,0.0,493.7,29.08,16.65,1887.88,1.3405733571465728
2009-05-31,0.0,527.09,30.77,16.07,1812.2,1.0202781404865529
2009-06-01,0.0,521.7,32.18,17.21,1954.36,0.8590699519689271
2009-06-02,0.0,491.83,31.52,18.23,2098.06,0.7466484520816353
2009-06-03,5.23,385.25,30.03,19.52,2272.1,0.6724078389485182
2009-06-04,8.56,283.49,28.32,19.61,2288.73,0.653317395571431
2009-06-05,10.36,315.96,27.96,18.01,2080.86,0.7275580087045481
2009-06-06,0.0,512.85,28.3,14.61,1658.79,0.7318003294550119
2009-06-07,0.0,514.77,29.8,15.51,1760.45,0.6681655181980544
2009-06-08,0.0,513.08,30.85,16.22,1834.22,0.6066518673163287
2009-06-09,0.0,464.98,31.95,19.23,2235.42,0.5621074994364584
2009-06-10,0.0,431.79,32.98,21.34,2535.15,0.5260477730575158
2009-06-11,0.0,415.68,33.37,22.2,2671.76,0.5005938485547328
2009-06-12,0.0,398.75,32.98,22.46,2713.57,0.4772610844271816
2009-06-13,0.0,404.85,33.1,22.33,2692.51,0.4539283202996306
2009-06-14,0.0,408.14,33.55,22.54,2726.8,0.43483787692254333
2009-06-15,0.0,416.77,33.99,22.57,2731.62,0.417868593920688
2009-06-16,0.0,406.64,34.32,23.18,2832.56,0.40302047129406454
2009-06-17,0.0,435.3,35.28,22.85,2777.42,0.390293509042673
2009-06-18,0.0,425.05,35.57,23.5,2889.1,0.37544538641604963
2009-06-19,0.0,437.72,36.43,23.63,2914.65,0.36483958453989
2009-06-20,0.0,423.97,36.5,24.21,3031.59,0.3521126222884985
2009-06-21,0.0,429.22,36.86,24.14,3018.58,0.34574914116280275
2009-06-22,0.0,425.95,37.0,24.23,3036.29,0.33726449966187505
2009-06-23,0.0,443.4,37.89,23.92,2974.93,0.3287798581609474
2009-06-24,0.0,433.15,37.89,24.2,3032.4,0.31817405628478784
2009-06-25,0.0,432.52,36.51,23.15,2824.73,0.30968941478386014
2009-06-26,0.0,415.64,35.68,23.19,2830.24,0.30968941478386014
2009-06-27,0.0,393.83,35.52,23.87,2963.1,0.34787030153803467
2009-06-28,0.0,418.75,36.93,23.96,2990.15,0.32241637703525167
2009-06-29,0.42,416.17,37.24,23.98,2989.23,0.30756825440862817
2009-06-30,0.0,424.99,35.23,22.52,2723.25,0.3245375374104836
2009-07-01,0.0,468.36,36.65,21.6,2576.58,0.3160528959095559
2009-07-02,0.0,454.25,37.38,22.72,2755.56,0.30120477328293244
2009-07-03,0.0,478.65,37.79,21.62,2578.82,0.2948412921572367
2009-07-04,0.19,450.28,36.79,22.2,2671.73,0.2969624525324686
2009-07-05,5.63,404.91,36.68,22.78,2764.97,0.31393173553432396
2009-07-06,13.49,298.15,33.94,22.57,2731.29,0.40089931091883263
2009-07-07,24.99,232.95,30.63,22.33,2693.47,0.38817234866744116
2009-07-08,8.45,276.45,32.23,22.04,2646.11,0.5133208108061244
2009-07-09,0.0,415.76,34.0,21.85,2615.23,0.46665528255102207
2009-07-10,0.0,424.2,34.12,21.6,2575.23,0.3839300279169773
2009-07-11,0.0,414.03,34.29,22.08,2652.65,0.3436279807875708
2009-07-12,0.0,388.93,33.86,22.65,2743.36,0.31817405628478784
2009-07-13,22.39,306.72,34.45,22.35,2696.76,0.31817405628478784
2009-07-14,16.14,288.61,32.73,21.85,2615.9,0.5430170560593712
2009-07-15,0.35,327.97,31.72,22.83,2772.07,0.4984726881795009
2009-07-16,0.0,395.13,34.6,23.02,2802.63,0.5090784900556604
2009-07-17,3.78,342.23,33.49,22.01,2640.97,0.48574572592810933
2009-07-18,10.67,291.95,32.32,21.71,2593.89,0.42635323542161563
2009-07-19,0.0,448.86,31.75,18.82,2172.29,0.40302047129406454
2009-07-20,0.0,464.02,31.37,17.84,2054.07,0.41574743354545607
2009-07-21,0.0,447.91,32.1,19.08,2212.34,0.47938224480241365
2009-07-22,0.0,386.17,32.0,21.31,2529.46,0.417868593920688
2009-07-23,3.65,341.8,31.35,21.98,2637.01,0.3563549430389623
2009-07-24,0.0,418.02,32.46,20.71,2433.31,0.3202952166600197
2009-07-25,0.0,454.69,33.64,20.14,2348.15,0.30120477328293244
2009-07-26,0.0,448.19,34.33,20.9,2463.73,0.30120477328293244
2009-07-27,2.57,426.53,33.62,20.79,2446.29,0.2905989714067728
2009-07-28,11.47,292.02,32.35,21.59,2574.49,0.28847781103154096
2009-07-29,11.63,273.57,32.07,22.22,2675.38,0.32241637703525167
2009-07-30,0.53,346.7,33.44,23.8,2947.47,0.36696074491512193
2009-07-31,17.24,274.5,32.97,23.08,2813.46,0.40302047129406454
2009-08-01,11.34,262.64,32.88,23.58,2904.21,0.4199897542959199
2009-08-02,11.91,287.58,32.95,22.73,2757.06,0.4242320750463837
2009-08-03,0.0,383.58,32.71,22.63,2740.22,0.4560494806748625
2009-08-04,0.0,426.56,34.44,22.51,2722.36,0.5515016975602989
2009-08-05,0.0,422.04,34.95,23.03,2805.43,0.49423036742903703
2009-08-06,0.0,404.15,33.87,22.79,2766.26,0.3966569901683688
2009-08-07,0.0,427.4,33.76,21.8,2607.43,0.3563549430389623
2009-08-08,2.78,358.57,33.47,22.61,2737.31,0.3245375374104836
2009-08-09,12.93,262.33,31.97,23.01,2801.81,0.33726449966187505
2009-08-10,2.05,343.85,33.21,22.85,2776.37,0.45180715992439874
2009-08-11,5.55,305.05,33.48,22.44,2709.84,0.40302047129406454
2009-08-12,4.1,304.64,32.95,22.45,2712.23,0.36908190529035384
2009-08-13,4.9,365.66,33.32,21.49,2558.09,0.38180886754174537
2009-08-14,0.0,416.74,33.4,21.91,2626.06,0.36059726378942614
2009-08-15,0.0,399.54,33.33,22.47,2714.44,0.3563549430389623
2009-08-16,2.42,371.14,32.86,22.4,2703.61,0.3245375374104836
2009-08-17,1.76,358.66,32.25,22.42,2707.55,0.3054470940333963
2009-08-18,8.93,265.98,31.7,22.71,2753.06,0.3202952166600197
2009-08-19,27.43,265.88,30.94,22.11,2656.88,0.32241637703525167
2009-08-20,14.03,252.34,31.03,22.77,2763.87,0.5790767824383137
2009-08-21,8.74,278.24,31.85,22.46,2714.07,0.8272525463404482
2009-08-22,7.1,323.99,32.0,20.42,2387.28,0.6066518673163287
2009-08-23,0.0,476.18,30.57,17.37,1979.07,0.5918037446897053
2009-08-24,0.0,487.03,29.55,16.03,1804.13,0.5239266126822839
2009-08-25,0.0,474.86,29.27,16.36,1857.16,0.4687764429262541
2009-08-26,0.0,472.99,30.14,17.05,1933.05,0.3966569901683688
2009-08-27,1.36,411.04,30.59,18.87,2180.72,0.3499914619132666
2009-08-28,0.0,433.59,30.14,18.59,2137.82,0.32241637703525167
2009-08-29,6.1,384.18,32.48,20.09,2345.26,0.30968941478386014
2009-08-30,0.0,398.44,32.29,21.42,2547.8,0.30968941478386014
2009-08-31,0.0,414.43,31.33,19.99,2328.97,0.3309010185361793
2009-09-01,0.0,436.47,31.1,18.85,2176.33,0.32241637703525167
2009-09-02,0.0,462.7,31.15,17.54,2003.83,0.2948412921572367
2009-09-03,0.0,426.81,30.89,18.89,2183.03,0.27575084878014944
2009-09-04,0.54,388.34,30.86,20.11,2342.21,0.26726620727922173
2009-09-05,7.4,297.43,31.5,20.57,2411.65,0.390293509042673
2009-09-06,21.86,270.99,30.66,21.03,2484.11,0.7402849709559397
2009-09-07,27.25,266.75,30.23,20.85,2455.64,1.1645170460023233
2009-09-08,0.06,377.73,31.11,20.77,2443.26,0.835737187841376
2009-09-09,0.0,381.31,31.23,20.7,2431.34,0.6384692729448075
2009-09-10,0.0,377.32,31.93,21.37,2538.66,0.5833191031887777
2009-09-11,0.0,371.4,31.3,21.02,2482.55,0.4921092070538051
2009-09-12,12.42,213.73,28.31,21.14,2502.06,0.4560494806748625
2009-09-13,10.12,172.14,27.31,21.75,2599.61,0.4899880466785732
2009-09-14,16.2,245.84,29.86,21.38,2540.83,0.6384692729448075
2009-09-15,10.06,234.72,31.25,23.01,2801.92,1.2323941780097447
2009-09-16,5.77,242.58,30.99,22.46,2713.56,1.5569317154202282
2009-09-17,6.2,250.36,30.92,22.34,2694.56,1.3914812061521387
2009-09-18,7.26,278.04,31.5,21.65,2584.76,1.1284573196233807
2009-09-19,24.55,261.39,30.95,21.46,2553.36,0.9693702914809867
2009-09-20,0.0,334.3,31.25,22.14,2662.26,0.9990665367342337
2009-09-21,0.0,358.33,31.56,21.55,2567.49,0.7763446973348823
2009-09-22,9.49,249.29,31.3,22.86,2777.04,0.6957406030760693
2009-09-23,38.27,261.72,31.19,21.66,2586.14,1.3193617533942534
2009-09-24,2.9,302.01,31.56,22.48,2716.24,3.0756825440862823
2009-09-25,0.0,368.25,32.5,22.02,2643.29,2.4393344315167065
2009-09-26,5.37,303.89,31.17,22.22,2675.29,1.9472252244629016
2009-09-27,15.2,278.13,31.19,20.85,2455.26,1.851773007577465
2009-09-28,0.0,381.51,32.33,21.23,2516.81,1.7457149888158692
2009-09-29,0.0,459.72,30.41,15.23,1737.99,1.175122847878483
2009-09-30,0.0,457.98,25.92,11.93,1394.08,0.9481586877286676
2009-10-01,0.0,461.48,26.7,12.01,1400.93,0.7148310464531566
2009-10-02,8.43,322.32,28.64,15.39,1746.42,0.572713301312618
2009-10-03,0.0,394.39,28.17,16.75,1899.97,0.5154419711813563
2009-10-04,2.33,343.34,28.1,17.65,2017.35,0.4878668863033413
2009-10-05,15.2,221.39,27.96,20.15,2356.62,0.5175631315565882
2009-10-06,3.43,241.09,29.37,21.53,2564.97,0.5302900938079798
2009-10-07,2.62,304.03,32.35,22.96,2794.33,0.5027150089299647
2009-10-08,0.0,302.27,31.65,22.96,2793.75,0.47301876367671786
2009-10-09,0.51,312.32,32.35,22.94,2789.77,0.4475648391739348
2009-10-10,5.6,271.29,30.42,19.53,2281.88,0.47938224480241365
2009-10-11,4.75,229.41,24.91,17.96,2061.97,0.5048361693051967
2009-10-12,15.7,204.04,25.62,18.55,2141.91,0.7254368483293162
2009-10-13,14.52,240.47,28.24,19.13,2216.92,1.8432883660765376
2009-10-14,28.2,194.55,27.39,20.39,2386.3,3.033259336581644
2009-10-15,14.5,231.5,29.3,20.35,2377.36,4.836245655528774
2009-10-16,27.06,312.25,27.92,13.54,1563.47,5.833191031887776
2009-10-17,0.0,364.5,17.99,8.0,1080.0,5.133208108061243
2009-10-18,0.0,403.64,16.76,4.85,867.71,4.072627920445283
2009-10-19,0.0,439.01,18.8,3.76,801.93,2.9059897140677284
2009-10-20,0.0,453.06,21.4,3.61,793.84,1.957831026339061
2009-10-21,0.0,424.92,24.76,8.62,1129.34,1.2748173855143832
2009-10-22,0.03,368.81,26.84,14.02,1603.13,0.9905818952333061
2009-10-23,4.68,270.75,25.5,13.2,1511.38,0.8739180745955505
2009-10-24,0.0,385.92,21.0,7.71,1056.95,0.8251313859652163
2009-10-25,0.0,396.27,19.96,5.87,926.28,0.7572542539577949
2009-10-26,0.0,377.03,20.73,7.44,1035.54,0.6999829238265332
2009-10-27,8.41,212.27,20.44,11.61,1368.63,0.6469539144457352
2009-10-28,1.78,319.26,21.94,10.19,1254.95,0.625742310693416
2009-10-29,0.0,331.38,25.32,13.68,1565.46,0.6278634710686479
2009-10-30,0.0,291.57,28.53,18.28,2102.41,0.6384692729448075
2009-10-31,22.38,281.95,24.43,10.0,1240.0,0.7508907728320993
2009-11-01,0.0,390.72,21.69,6.32,945.33,1.0287627819874805
2009-11-02,0.0,395.02,22.45,6.11,935.23,0.9248259236011166
2009-11-03,0.0,382.24,22.78,7.18,1014.71,0.8314948670909121
2009-11-04,0.0,365.48,24.64,9.63,1210.58,0.6639231974475905
2009-11-05,0.0,359.18,24.6,9.7,1216.11,0.5663498201869224
2009-11-06,0.0,388.9,23.47,5.48,912.5,0.5111996504308923
2009-11-07,0.0,379.49,23.84,6.25,943.21,0.47301876367671786
2009-11-08,0.0,349.02,24.91,9.5,1199.96,0.443322518423471
2009-11-09,6.08,227.61,23.02,14.01,1600.75,0.443322518423471
2009-11-10,52.56,92.86,20.8,16.37,1855.88,2.9484129215723667
2009-11-11,0.0,239.54,21.8,12.74,1459.29,5.833191031887776
2009-11-12,0.0,320.86,21.94,8.42,1113.83,6.9149828232560555
2009-11-13,0.0,343.78,20.37,5.01,881.16,4.857457259281094
2009-11-14,0.0,354.8,21.7,4.68,854.07,2.418122827764387
2009-11-15,0.0,341.89,22.0,5.89,926.74,1.6545050926808964
2009-11-16,0.0,331.68,23.1,7.33,1026.23,1.3745119231502831
2009-11-17,4.97,267.77,22.72,4.11,819.22,1.3002713100171661
2009-11-18,0.0,286.97,15.32,3.2,775.97,1.30451363076763
2009-11-19,0.0,309.73,16.83,3.15,771.83,1.1899709705051065
2009-11-20,0.0,321.4,18.84,4.0,812.36,1.0839129517435104
2009-11-21,0.12,236.65,17.76,8.05,1084.34,1.0181569801113208
2009-11-22,5.38,87.17,16.55,12.22,1417.68,0.9778549329819145
2009-11-23,0.0,129.34,16.72,11.82,1386.0,0.9990665367342337
2009-11-24,0.0,237.44,18.54,9.01,1160.67,1.0096723386103934
2009-11-25,0.0,277.94,19.53,7.73,1058.25,0.9863395744828422
2009-11-26,0.0,323.61,17.38,2.34,720.02,0.935431725477276
2009-11-27,0.0,338.86,16.06,-0.55,595.48,0.8824027160964782
2009-11-28,0.0,321.71,16.76,1.45,676.58,0.8442218293423036
2009-11-29,0.0,324.43,19.21,2.99,757.05,0.8251313859652163
2009-11-30,4.01,296.46,22.0,5.48,906.71,0.8590699519689271
2009-12-01,16.47,177.78,15.18,5.21,891.6,1.3342098760208767
2009-12-02,55.55,157.2,14.83,6.33,953.44,3.881723486674411
2009-12-03,0.0,234.81,14.86,5.23,887.32,6.3846927294480755
2009-12-04,0.0,191.69,11.02,3.69,794.61,8.10283263338593
2009-12-05,5.5,187.07,9.88,0.03,609.28,6.808924804494459
2009-12-06,0.0,290.44,11.08,-1.11,565.34,4.115051127949922
2009-12-07,10.65,212.3,14.31,2.45,731.73,2.715085280296856
2009-12-08,54.0,158.65,17.79,9.57,1205.38,4.0302047129406455
2009-12-09,14.19,166.44,22.38,13.22,1521.26,7.954351407119694
2009-12-10,0.0,317.34,18.14,2.88,751.36,10.69064829116887
2009-12-11,0.02,193.54,9.5,2.26,722.06,10.542167064902635
2009-12-12,39.49,141.27,9.84,2.88,750.63,6.872559615751417
2009-12-13,59.81,170.21,16.48,7.62,1049.75,8.802815557212462
2009-12-14,10.18,134.11,20.45,14.53,1657.52,12.281518572592809
2009-12-15,60.65,122.1,20.36,14.33,1626.11,17.49957309566333
2009-12-16,13.64,224.13,17.37,4.81,863.81,21.84795186488876
2009-12-17,0.62,255.87,14.0,4.36,833.45,25.453924502783025
2009-12-18,51.33,152.0,11.53,4.71,857.69,20.7873716772728
2009-12-19,3.56,273.21,13.5,2.86,750.74,15.548105550449964
2009-12-20,0.0,329.21,13.65,-0.63,583.58,15.760221587973156
2009-12-21,0.0,327.58,13.8,-0.49,591.47,14.148139702796897
2009-12-22,0.0,333.37,16.98,1.12,651.99,9.608856499800591
2009-12-23,0.0,278.68,19.0,7.48,1038.26,5.918037446897053
2009-12-24,14.28,158.53,18.98,11.02,1321.76,4.369590372977752
2009-12-25,22.45,233.83,16.13,2.51,721.08,5.430170560593712
2009-12-26,0.0,280.5,10.37,-0.34,598.95,6.681655181980544
2009-12-27,0.0,301.01,13.93,1.75,691.1,6.872559615751417
2009-12-28,0.0,315.25,12.04,-0.94,571.09,5.811979428135457
2009-12-29,0.0,306.47,9.89,-2.07,522.06,4.369590372977752
2009-12-30,2.64,250.67,12.79,3.41,782.1,3.2453753741048357
2009-12-31,23.98,192.02,16.45,7.19,1015.39,3.775665467912815
2010-01-01,2.68,221.64,16.19,4.6,847.93,4.857457259281094
2010-01-02,0.0,267.41,10.65,-0.61,588.7,4.539283202996306
2010-01-03,0.0,284.85,9.51,-2.73,501.14,3.6908190529035387
2010-01-04,0.0,228.21,6.09,-2.85,492.18,2.9272013178200478
2010-01-05,0.0,275.61,4.03,-7.27,360.0,2.3544880165074296
2010-01-06,0.0,304.98,7.15,-6.16,382.08,2.0151023564703228
2010-01-07,2.53,272.66,10.47,-3.23,480.64,1.8348037245756095
2010-01-08,9.99,197.02,5.64,-4.85,440.0,1.8751057717050164
2010-01-09,0.0,261.42,1.74,-8.49,320.59,1.9069231773334947
2010-01-10,0.0,293.19,3.83,-8.23,322.15,1.7711689133186521
2010-01-11,0.0,325.08,5.66,-8.68,320.0,1.6269300078028817
2010-01-12,0.0,348.2,11.76,-5.23,421.22,1.5314777909174453
2010-01-13,0.0,341.3,11.53,-4.51,440.0,1.4742064607861833
2010-01-14,0.0,339.21,13.29,-2.56,505.67,1.4275409325310813
2010-01-15,0.0,334.23,16.28,0.69,636.19,1.3681484420245875
2010-01-16,8.49,194.39,16.46,6.02,936.87,1.3978446872778345
2010-01-17,6.42,138.37,15.45,8.48,1118.24,1.76904775294342
2010-01-18,0.0,236.13,13.49,4.47,838.74,1.7796535548195798
2010-01-19,0.0,337.18,18.84,3.25,780.3,1.5654163569211559
2010-01-20,19.82,238.51,20.2,7.91,1073.19,1.4699641400357197
2010-01-21,40.13,177.9,21.74,12.21,1417.13,4.221109146711518
2010-01-22,0.0,345.64,22.92,6.32,947.54,6.299846314438798
2010-01-23,0.0,317.52,19.9,6.27,941.72,6.2574231069341595
2010-01-24,15.5,215.93,20.97,9.17,1173.25,4.602918014253264
2010-01-25,0.0,322.23,18.5,4.98,878.47,4.581706410500944
2010-01-26,0.0,340.76,17.27,2.7,736.12,4.17868593920688
2010-01-27,0.0,358.7,16.61,0.79,640.0,3.1605289590955588
2010-01-28,0.0,366.7,17.51,1.04,644.08,2.375699620259749
2010-01-29,11.87,274.26,18.5,4.96,871.5,1.9832849508418442
2010-01-30,20.8,242.96,15.05,2.37,720.0,4.093839524197603
2010-01-31,0.0,258.29,8.06,-0.81,576.38,5.875614239392415
2010-02-01,0.0,342.69,11.86,-1.41,553.67,4.878668863033413
2010-02-02,3.13,307.27,15.97,1.74,691.18,3.1181057515909205
2010-02-03,0.0,317.01,15.8,3.82,801.05,2.3332764127551107
2010-02-04,32.25,176.34,13.96,5.92,929.22,2.2484299977458337
2010-02-05,51.33,122.86,13.46,8.16,1092.43,7.169522068283885
2010-02-06,0.0,231.53,12.98,5.51,920.0,13.511791590227322
2010-02-07,0.0,198.47,8.99,2.92,753.34,18.114709604480584
2010-02-08,0.0,343.19,11.26,-0.66,581.47,13.55421479773196
2010-02-09,22.38,282.51,15.0,0.82,641.32,9.354317254772761
2010-02-10,0.0,334.34,8.95,-2.12,525.88,7.657388954587226
2010-02-11,0.08,249.74,6.83,-0.6,584.73,7.275580087045481
2010-02-12,26.66,144.28,4.77,-0.53,587.81,6.27863471068648
2010-02-13,5.94,282.74,7.13,-2.5,520.0,7.657388954587226
2010-02-14,0.0,411.87,12.98,-1.63,549.97,8.569487915936952
2010-02-15,6.43,294.6,12.92,-0.22,598.99,6.872559615751417
2010-02-16,0.0,413.72,10.22,-4.16,445.78,5.133208108061243
2010-02-17,0.0,409.59,10.9,-3.24,479.56,4.072627920445283
2010-02-18,0.0,432.82,13.03,-2.96,483.41,3.2453753741048357
2010-02-19,0.0,440.12,15.0,-1.85,532.89,2.7787200915538133
2010-02-20,0.0,445.05,17.77,-0.09,600.17,2.502969242773664
2010-02-21,0.0,432.8,18.84,2.3,722.67,2.3332764127551107
2010-02-22,26.31,262.95,18.99,7.7,1056.0,2.269641601498153
2010-02-23,0.0,390.65,17.46,4.42,833.85,3.2453753741048357
2010-02-24,1.29,349.05,12.89,1.83,700.56,4.348378769225433
2010-02-25,0.0,447.74,12.05,-3.88,452.05,4.093839524197603
2010-02-26,0.0,444.8,13.93,-1.67,544.98,3.415068204123389
2010-02-27,6.16,322.32,16.32,1.68,688.1,2.587815657782941
2010-02-28,0.0,441.8,17.03,1.65,691.92,2.418122827764387
2010-03-01,6.7,407.14,17.1,2.9,752.27,2.3120648090027913
2010-03-02,31.68,253.91,12.9,3.15,770.6,4.4968599954916675
2010-03-03,0.0,331.55,11.29,2.08,713.06,6.702866785732863
2010-03-04,0.0,461.77,14.09,-1.64,548.72,7.424061313311715
2010-03-05,0.0,469.69,15.59,-0.91,567.15,5.281689334327477
2010-03-06,0.0,471.96,17.49,0.44,633.96,3.6059726378942614
2010-03-07,0.0,478.76,19.03,0.86,640.16,2.60902726153526
2010-03-08,0.49,431.53,19.7,4.89,871.2,2.184795186488876
2010-03-09,0.7,336.16,19.76,8.76,1140.57,1.9938907527180036
2010-03-10,5.13,177.61,20.26,13.28,1523.56,1.9344982622115097
2010-03-11,14.17,222.23,23.28,14.29,1626.94,2.121160375231919
2010-03-12,0.0,384.78,24.13,11.68,1374.55,2.396911224012068
2010-03-13,0.0,413.78,20.52,7.11,1008.74,2.1635835827365573
2010-03-14,0.0,452.9,20.44,4.65,852.12,1.8772269320802482
2010-03-15,0.0,454.02,21.25,5.26,895.63,1.6587474134313605
2010-03-16,0.0,408.65,18.3,5.27,901.22,1.5208719890412856
2010-03-17,2.76,227.08,14.84,6.93,994.79,1.457237177784328
2010-03-18,0.0,306.69,16.17,7.5,1040.0,1.4636006589100239
2010-03-19,0.0,454.4,19.48,4.58,846.08,1.436025574032009
2010-03-20,0.11,467.16,21.43,5.63,915.53,1.3851177250264428
2010-03-21,35.37,340.02,18.66,4.2,815.75,2.290853205250472
2010-03-22,0.0,379.99,13.32,2.74,739.86,3.7544538641604963
2010-03-23,0.0,475.3,19.39,4.12,816.26,3.9029350904267304
2010-03-24,0.0,477.26,21.84,6.06,933.6,2.884778110315409
2010-03-25,3.35,311.36,21.9,10.63,1290.5,2.1635835827365573
2010-03-26,1.81,420.93,22.84,8.58,1126.07,1.643899290804737
2010-03-27,0.0,454.97,20.34,6.34,947.56,1.4169351306549216
2010-03-28,0.0,442.15,23.35,9.71,1216.74,1.2960289892667023
2010-03-29,0.0,454.27,21.89,7.98,1078.23,1.198455612006034
2010-03-30,0.0,498.21,21.21,5.03,882.66,1.1136091969967574
2010-03-31,0.0,495.58,22.87,6.62,970.05,1.045732064989336
2010-04-01,0.0,486.78,24.67,8.54,1123.4,0.9905818952333061
2010-04-02,0.0,443.98,25.31,11.29,1343.08,0.9587644896048273
2010-04-03,2.16,297.51,24.46,15.15,1729.78,0.9333105651020441
2010-04-04,2.56,264.43,22.97,15.33,1746.03,0.9905818952333061
2010-04-05,0.0,379.57,26.09,15.26,1735.84,1.090276432869206
2010-04-06,0.0,460.17,27.18,13.04,1495.7,1.0563378668654955
2010-04-07,0.0,379.0,26.67,16.04,1815.17,0.9693702914809867
2010-04-08,21.54,320.46,25.74,13.47,1551.83,0.9248259236011166
2010-04-09,0.0,523.39,22.58,5.75,920.09,1.1772440082537148
2010-04-10,0.0,502.68,23.88,7.97,1077.7,1.302392470392398
2010-04-11,0.0,536.26,25.93,7.2,1015.88,1.1496689233757
2010-04-12,0.0,494.57,26.75,10.65,1291.91,0.9566433292295954
2010-04-13,0.0,483.51,26.8,11.37,1349.42,0.8421006689670717
2010-04-14,0.0,473.28,27.19,12.3,1423.9,0.7763446973348823
2010-04-15,0.0,462.56,27.25,12.89,1473.84,0.7339214898302439
2010-04-16,0.0,460.93,27.56,13.09,1496.14,0.704225244576997
2010-04-17,0.0,478.42,28.01,12.45,1436.4,0.678771320074214
2010-04-18,0.33,450.32,28.03,13.31,1529.75,0.653317395571431
2010-04-19,0.0,432.1,27.48,14.31,1625.03,0.6278634710686479
2010-04-20,0.0,370.36,23.78,13.46,1553.87,0.6087730276915607
2010-04-21,0.0,434.92,23.54,10.92,1313.92,0.5875614239392415
2010-04-22,0.0,468.43,26.5,12.09,1407.45,0.5790767824383137
2010-04-23,11.2,317.26,26.4,16.18,1833.47,0.5642286598116903
2010-04-24,6.99,179.94,25.91,19.43,2257.67,0.5833191031887777
2010-04-25,4.06,389.34,28.3,16.16,1826.01,0.6724078389485182
2010-04-26,0.0,463.61,28.9,14.74,1678.67,0.6978617634513012
2010-04-27,0.28,448.42,26.0,12.83,1466.3,0.8293737067156802
2010-04-28,0.0,513.68,23.5,7.87,1069.66,0.8378583482166079
2010-04-29,0.0,492.7,24.73,10.04,1243.39,0.6427115936952713
2010-04-30,1.45,329.87,26.04,16.3,1849.94,0.5578651786859946
2010-05-01,10.02,171.34,26.67,20.75,2440.19,0.5366535749336754
2010-05-02,22.33,137.66,27.02,22.35,2696.77,0.5833191031887777
2010-05-03,55.61,199.5,28.23,21.36,2537.23,3.881723486674411
2010-05-04,0.04,411.64,30.28,18.69,2157.58,6.108941880667926
2010-05-05,0.0,472.85,31.25,16.93,1921.42,4.602918014253264
2010-05-06,0.0,453.62,31.23,17.81,2048.02,2.121160375231919
2010-05-07,0.0,398.83,30.63,19.41,2260.46,1.3257252345199493
2010-05-08,0.0,411.08,29.95,18.46,2116.48,1.0605801876159595
2010-05-09,0.0,509.92,27.38,12.28,1422.06,0.9248259236011166
2010-05-10,0.0,456.48,26.3,13.88,1589.84,0.833616027466144
2010-05-11,0.0,426.58,29.33,17.68,2024.82,0.7678600558339546
2010-05-12,0.0,357.0,30.36,20.97,2476.48,0.7233156879540843
2010-05-13,0.0,302.57,30.43,22.73,2756.22,0.6872559615751416
2010-05-14,0.0,391.25,30.44,20.3,2367.84,0.6596808766971267
2010-05-15,0.38,393.7,30.09,19.98,2318.39,0.6448327540705033
2010-05-16,30.12,257.36,27.35,19.25,2239.85,2.121160375231919
2010-05-17,12.54,322.09,27.91,17.31,1968.88,2.9059897140677284
2010-05-18,2.78,414.72,30.83,19.3,2239.06,1.8835904132059438
2010-05-19,4.24,384.45,30.7,18.38,2110.81,1.5378412720431411
2010-05-20,5.42,352.94,31.17,20.17,2355.12,1.1136091969967574
2010-05-21,1.21,355.95,31.48,22.11,2657.84,0.8972508387231015
2010-05-22,0.0,433.53,32.55,21.19,2511.04,0.7869504992110419
2010-05-23,0.0,438.52,32.99,21.32,2531.87,0.7105887257026927
2010-05-24,0.0,458.68,33.96,21.08,2493.4,0.678771320074214
2010-05-25,0.13,461.67,33.55,20.51,2401.1,0.6469539144457352
2010-05-26,12.27,367.59,31.99,18.23,2100.86,0.8930085179726378
2010-05-27,0.0,455.16,31.79,19.62,2288.7,0.7127098860779246
2010-05-28,0.0,471.47,32.64,19.65,2290.01,0.6066518673163287
2010-05-29,4.11,447.89,32.5,19.52,2275.27,0.5621074994364584
2010-05-30,11.21,393.41,31.42,18.43,2122.89,0.6236211503181841
2010-05-31,7.1,317.71,31.12,20.16,2355.75,0.8017986218376653
2010-06-01,22.15,307.33,31.89,21.09,2494.62,1.3363310363961087
2010-06-02,4.72,352.12,31.75,20.88,2460.61,1.3002713100171661
2010-06-03,16.16,313.15,30.53,19.65,2292.22,1.0733071498673508
2010-06-04,17.69,299.19,30.5,20.33,2373.19,1.173001687503251
2010-06-05,11.64,258.65,29.83,21.45,2552.75,1.1899709705051065
2010-06-06,15.91,299.65,32.13,21.78,2605.55,3.13931735534324
2010-06-07,0.0,409.71,33.4,22.49,2718.2,3.881723486674411
2010-06-08,0.0,429.6,33.0,21.56,2570.03,2.3120648090027913
2010-06-09,0.0,428.73,33.76,22.18,2669.18,1.3490579986475002
2010-06-10,0.0,401.76,33.65,23.06,2809.59,0.9884607348580741
2010-06-11,0.0,385.15,33.5,23.47,2881.17,0.8060409425881291
2010-06-12,0.0,397.37,33.49,23.01,2801.74,0.6957406030760693
2010-06-13,0.0,411.13,34.8,23.52,2892.3,0.625742310693416
2010-06-14,0.0,407.26,35.47,24.14,3022.03,0.572713301312618
2010-06-15,0.0,406.29,34.73,23.54,2890.97,0.5324112541832116
2010-06-16,7.54,391.24,34.05,22.24,2678.81,0.5324112541832116
2010-06-17,17.91,340.59,34.41,22.66,2745.54,0.6108941880667926
2010-06-18,0.0,430.46,35.0,22.81,2770.14,0.6681655181980544
2010-06-19,0.0,425.95,34.49,22.58,2733.37,0.7127098860779246
2010-06-20,6.82,347.14,34.61,21.07,2491.88,0.8145255840890567
2010-06-21,0.0,434.01,35.41,22.82,2771.9,0.6830136408246779
2010-06-22,0.0,400.55,33.83,22.86,2777.54,0.5515016975602989
2010-06-23,5.38,277.32,32.79,23.16,2825.6,0.5684709805621542
2010-06-24,0.28,415.49,33.39,21.9,2624.69,0.7381638105807077
2010-06-25,0.0,429.98,34.59,22.55,2727.42,0.9460375273534357
2010-06-26,0.0,440.86,35.33,22.64,2742.94,0.7254368483293162
2010-06-27,0.0,415.21,35.09,23.49,2882.1,0.572713301312618
2010-06-28,23.89,313.39,34.47,22.99,2798.34,0.706346404952229
2010-06-29,9.66,272.22,31.36,22.31,2689.12,1.0499743857397998
2010-06-30,23.21,270.02,31.39,23.26,2844.94,0.9651279707305229
2010-07-01,6.06,244.06,30.76,23.4,2867.78,0.7911928199615056
2010-07-02,15.62,262.23,30.9,22.5,2719.25,1.3363310363961087
2010-07-03,2.04,359.52,31.74,22.43,2708.26,1.6587474134313605
2010-07-04,0.0,432.98,32.18,20.98,2476.98,1.251484621386832
2010-07-05,4.64,357.66,31.37,22.21,2673.77,0.9672491311057548
2010-07-06,14.15,243.69,30.95,23.24,2838.82,1.0266416216122487
2010-07-07,6.24,252.7,31.27,23.25,2841.39,1.3723907627750513
2010-07-08,0.0,406.28,33.41,22.99,2798.04,1.1708805271280192
2010-07-09,0.0,431.25,34.85,23.19,2832.15,0.8930085179726378
2010-07-10,3.89,378.54,34.67,22.89,2781.95,0.8378583482166079
2010-07-11,0.01,403.87,34.08,23.53,2898.48,0.9566433292295954
2010-07-12,0.0,399.05,33.94,23.59,2907.93,0.7508907728320993
2010-07-13,0.0,369.49,34.04,24.65,3105.94,0.625742310693416
2010-07-14,0.0,392.56,34.5,24.3,3045.68,0.5515016975602989
2010-07-15,0.06,413.2,35.56,24.38,3060.92,0.5069573296804286
2010-07-16,5.68,344.95,34.63,24.31,3050.02,0.572713301312618
2010-07-17,6.89,305.54,33.65,23.2,2833.21,0.6024095465658649
2010-07-18,9.85,286.55,32.69,23.31,2853.18,0.5663498201869224
2010-07-19,2.81,365.29,32.91,23.01,2800.87,0.6108941880667926
2010-07-20,5.27,316.88,33.51,22.76,2762.19,0.7084675653274608
2010-07-21,1.84,356.53,33.43,23.57,2905.76,0.6554385559466629
2010-07-22,0.0,428.2,34.53,23.39,2870.48,0.6278634710686479
2010-07-23,0.0,448.99,34.96,22.83,2772.9,0.6342269521943437
2010-07-24,0.6,401.56,34.84,24.2,3024.47,0.5599863390612265
2010-07-25,22.12,286.95,33.38,24.0,2988.7,0.549380537185067
2010-07-26,13.96,268.94,32.3,23.91,2969.38,0.7148310464531566
2010-07-27,4.79,327.16,33.49,23.17,2827.81,0.912098961349725
2010-07-28,3.33,403.27,33.79,21.33,2532.05,0.676650159698982
2010-07-29,0.0,457.19,34.38,22.14,2663.17,0.6278634710686479
2010-07-30,0.0,431.59,35.38,23.79,2945.58,0.598167225815401
2010-07-31,0.0,435.33,36.37,24.21,3033.41,0.5536228579355308
2010-08-01,0.0,447.94,37.83,24.5,3080.51,0.48574572592810933
2010-08-02,0.0,411.52,37.92,26.01,3370.36,0.4412013580482391
2010-08-03,1.56,390.31,36.42,25.25,3221.12,0.41574743354545607
2010-08-04,12.05,304.74,35.78,24.64,3102.76,0.40726279204452837
2010-08-05,13.9,321.94,35.13,23.17,2829.18,0.7614965747082588
2010-08-06,2.07,351.78,33.26,23.31,2854.34,0.6914982823256055
2010-08-07,0.0,395.22,34.71,24.03,2995.69,0.6490750748209672
2010-08-08,3.87,385.38,35.35,24.35,3056.49,0.5302900938079798
2010-08-09,10.3,299.2,34.63,24.06,3005.1,0.4984726881795009
2010-08-10,3.17,373.99,35.53,23.7,2928.65,0.4921092070538051
2010-08-11,0.67,402.72,35.52,24.04,2995.78,0.4560494806748625
2010-08-12,2.97,326.68,34.18,24.34,3054.92,0.4221109146711518
2010-08-13,23.67,256.67,32.87,24.14,3020.01,0.40726279204452837
2010-08-14,6.61,223.67,31.54,24.29,3045.4,0.5069573296804286
2010-08-15,24.73,287.79,33.44,23.65,2916.79,0.6957406030760693
2010-08-16,19.67,305.8,34.62,23.47,2876.02,1.0096723386103934
2010-08-17,12.16,256.6,33.44,24.63,3103.21,1.6502627719304326
2010-08-18,6.11,213.9,32.16,25.17,3199.63,1.7902593566957392
2010-08-19,4.91,254.54,32.03,24.71,3114.13,1.3236040741447173
2010-08-20,10.24,279.88,32.97,23.51,2893.61,0.9863395744828422
2010-08-21,0.0,374.53,34.36,24.49,3078.79,0.8039197822128972
2010-08-22,4.49,351.68,35.4,24.5,3080.0,0.7127098860779246
2010-08-23,12.65,328.85,35.0,22.49,2718.57,1.3172405930190214
2010-08-24,0.0,434.22,34.87,22.49,2717.89,1.8178344415737544
2010-08-25,0.0,461.07,34.23,20.64,2421.95,1.3872388854016748
2010-08-26,0.0,442.15,33.53,20.91,2465.47,0.9057354802240293
2010-08-27,5.47,328.33,31.8,22.05,2647.99,0.6936194427008374
2010-08-28,31.05,247.56,29.79,21.75,2599.96,0.6278634710686479
2010-08-29,25.63,196.24,28.16,22.16,2664.81,0.6978617634513012
2010-08-30,10.28,239.35,30.04,22.45,2712.0,1.0669436687416551
2010-08-31,9.61,295.56,31.03,22.1,2655.83,1.1008822347453657
2010-09-01,0.12,396.64,31.53,21.39,2542.43,1.045732064989336
2010-09-02,0.0,440.94,32.45,20.42,2386.88,0.8505853104679993
2010-09-03,0.0,439.46,32.98,20.79,2445.79,0.6702866785732864
2010-09-04,0.0,436.99,32.41,20.42,2386.72,0.5705921409373861
2010-09-05,0.0,476.17,31.34,17.57,2011.49,0.5090784900556604
2010-09-06,0.0,458.49,31.9,18.75,2169.84,0.46665528255102207
2010-09-07,0.0,441.92,33.19,20.33,2383.58,0.43908019767300716
2010-09-08,0.0,412.11,33.77,22.02,2642.5,0.417868593920688
2010-09-09,0.0,413.96,33.47,21.67,2587.02,0.4093839524197603
2010-09-10,0.0,401.2,33.59,22.22,2674.84,0.4051416316692965
2010-09-11,0.0,367.27,33.45,23.33,2856.43,0.392414669417905
2010-09-12,0.0,393.15,35.09,23.45,2872.16,0.38180886754174537
2010-09-13,0.0,474.18,34.0,18.17,2093.92,0.36908190529035384
2010-09-14,0.0,480.54,33.1,16.85,1907.89,0.3563549430389623
2010-09-15,0.0,447.6,33.87,19.25,2233.25,0.34574914116280275
2010-09-16,0.0,427.44,33.38,19.79,2307.34,0.33726449966187505
2010-09-17,0.0,400.78,33.77,21.13,2500.2,0.3309010185361793
2010-09-18,0.0,403.33,34.49,21.31,2529.7,0.3245375374104836
2010-09-19,0.0,384.69,34.59,22.08,2652.52,0.3202952166600197
2010-09-20,0.0,395.17,34.74,21.55,2568.68,0.3160528959095559
2010-09-21,0.0,408.86,33.99,20.17,2350.33,0.31181057515909205
2010-09-22,0.0,396.14,33.38,20.25,2367.63,0.30756825440862817
2010-09-23,0.0,397.22,33.0,19.82,2309.87,0.3054470940333963
2010-09-24,0.07,386.47,33.41,20.45,2391.79,0.3160528959095559
2010-09-25,0.0,366.97,33.21,21.21,2513.11,0.31393173553432396
2010-09-26,10.33,277.18,32.53,20.5,2399.56,0.3436279807875708
2010-09-27,10.42,332.15,29.46,15.44,1756.45,0.5642286598116903
2010-09-28,0.0,433.94,27.49,12.72,1459.41,0.4242320750463837
2010-09-29,0.0,437.71,28.01,12.53,1442.28,0.37332422604081766
2010-09-30,0.0,455.56,28.78,11.46,1356.76,0.339385660037107
2010-10-01,0.0,433.96,29.67,13.31,1528.91,0.31817405628478784
2010-10-02,0.0,431.69,29.08,12.75,1459.6,0.30332593365816435
2010-10-03,0.0,419.85,27.34,11.91,1392.61,0.2927201317820048
2010-10-04,0.0,445.62,24.5,7.65,1051.66,0.286356650656309
2010-10-05,0.0,443.47,23.56,6.76,981.08,0.2842354902810771
2010-10-06,0.0,453.66,25.66,7.25,1019.92,0.286356650656309
2010-10-07,0.0,462.14,28.08,7.79,1062.95,0.2842354902810771
2010-10-08,0.0,453.55,30.16,9.54,1203.3,0.2821143299058452
2010-10-09,0.0,434.2,31.49,11.86,1388.44,0.2821143299058452
2010-10-10,0.0,405.25,31.72,13.95,1595.51,0.27787200915538135
2010-10-11,0.0,376.32,30.11,14.3,1627.62,0.27575084878014944
2010-10-12,0.0,317.29,28.98,16.41,1857.76,0.2715085280296856
2010-10-13,0.0,355.8,28.89,14.28,1628.8,0.2715085280296856
2010-10-14,0.0,376.88,28.44,12.58,1446.64,0.27787200915538135
2010-10-15,0.0,429.58,26.81,6.99,999.3,0.2715085280296856
2010-10-16,0.0,424.73,28.12,7.99,1079.24,0.2715085280296856
2010-10-17,0.0,417.89,28.62,8.55,1124.31,0.2693873676544537
2010-10-18,0.0,392.0,28.93,10.58,1286.62,0.2693873676544537
2010-10-19,0.0,363.33,28.5,12.06,1405.07,0.2693873676544537
2010-10-20,0.0,339.99,28.23,13.12,1503.05,0.26726620727922173
2010-10-21,0.0,361.08,27.19,10.73,1298.48,0.2651450469039899
2010-10-22,0.0,382.26,28.79,10.16,1252.81,0.2693873676544537
2010-10-23,0.0,371.99,28.78,10.65,1291.91,0.26726620727922173
2010-10-24,1.14,294.64,29.12,14.92,1696.95,0.26726620727922173
2010-10-25,4.71,194.91,29.13,18.42,2123.02,0.2715085280296856
2010-10-26,0.0,178.55,30.05,21.88,2621.27,0.27575084878014944
2010-10-27,5.49,108.71,30.53,23.83,2953.68,0.286356650656309
2010-10-28,16.68,209.13,29.48,17.0,1920.0,0.37332422604081766
2010-10-29,0.0,350.21,24.95,8.4,1111.69,0.6618020370723586
2010-10-30,0.0,387.3,24.19,4.42,833.37,0.5408958956841393
2010-10-31,0.0,362.36,25.96,7.82,1065.51,0.4242320750463837
2010-11-01,0.0,311.45,27.06,12.24,1419.55,0.37332422604081766
2010-11-02,0.0,231.44,26.17,15.79,1791.03,0.34787030153803467
2010-11-03,18.21,98.81,23.02,17.47,1995.94,0.3945358297931369
2010-11-04,19.16,185.24,20.93,10.52,1281.71,0.7233156879540843
2010-11-05,0.0,321.8,17.99,3.83,802.03,0.8314948670909121
2010-11-06,0.0,341.25,15.94,0.68,640.0,0.6872559615751416
2010-11-07,0.0,350.17,16.99,0.9,640.99,0.598167225815401
2010-11-08,0.0,366.8,19.42,1.45,675.62,0.545138216434603
2010-11-09,0.0,372.28,22.82,3.41,787.81,0.5196842919318201
2010-11-10,0.0,365.11,23.94,4.74,859.06,0.5005938485547328
2010-11-11,0.0,358.89,25.11,5.86,921.38,0.4836245655528774
2010-11-12,0.0,346.7,25.62,7.18,1014.1,0.48150340517764556
2010-11-13,0.0,330.6,25.43,8.26,1100.54,0.47301876367671786
2010-11-14,0.0,255.34,23.82,11.99,1398.85,0.46665528255102207
2010-11-15,27.19,116.02,19.99,13.46,1546.24,0.4984726881795009
2010-11-16,13.71,161.99,19.58,10.48,1278.24,0.7318003294550119
2010-11-17,0.0,331.86,20.0,3.93,804.57,0.8654334330946228
2010-11-18,0.0,315.32,20.49,5.56,910.94,0.7763446973348823
2010-11-19,0.0,266.01,20.49,8.71,1136.42,0.6745289993237501
2010-11-20,0.0,271.07,21.17,9.04,1163.25,0.6108941880667926
2010-11-21,0.0,285.96,23.42,10.13,1250.26,0.57483446168785
2010-11-22,0.0,283.06,25.83,12.34,1435.41,0.5515016975602989
2010-11-23,0.0,214.18,26.51,16.87,1912.49,0.545138216434603
2010-11-24,1.59,184.24,26.5,17.67,2027.18,0.5302900938079798
2010-11-25,0.0,203.14,26.2,17.06,1938.19,0.5175631315565882
2010-11-26,15.25,218.99,22.21,8.24,1099.29,0.5154419711813563
2010-11-27,0.0,325.82,15.42,-0.59,591.48,0.5854402635640096
2010-11-28,0.0,335.95,17.49,0.03,610.22,0.7614965747082588
2010-11-29,1.54,258.7,20.01,7.03,1004.5,0.8145255840890567
2010-11-30,13.13,228.91,23.0,7.64,1050.83,0.78482933883581
2010-12-01,4.26,283.03,16.31,-1.1,568.02,1.145426602625236
2010-12-02,0.0,315.91,15.02,-0.6,591.74,1.016035819736089
2010-12-03,0.0,318.83,17.89,1.18,654.51,0.8124044237138248
2010-12-04,0.0,304.2,21.4,5.29,895.16,0.6936194427008374
2010-12-05,0.0,308.94,19.86,3.38,790.03,0.6130153484420245
2010-12-06,0.0,268.28,10.21,-2.21,524.19,0.545138216434603
2010-12-07,0.0,296.17,10.08,-4.31,440.0,0.4921092070538051
2010-12-08,0.0,271.12,10.42,-2.12,523.74,0.4581706410500944
2010-12-09,0.0,295.55,9.02,-5.06,435.17,0.4772610844271816
2010-12-10,0.0,329.15,13.94,-3.79,458.3,0.4899880466785732
2010-12-11,0.0,312.34,18.93,2.38,727.19,0.4921092070538051
2010-12-12,10.03,223.57,18.45,3.33,783.54,0.5472593768098349
2010-12-13,0.0,258.28,9.01,-2.38,519.32,0.6936194427008374
2010-12-14,0.0,274.7,7.07,-5.24,420.5,0.6618020370723586
2010-12-15,0.0,307.21,13.05,-2.49,508.42,0.6151365088172563
2010-12-16,0.0,224.4,19.98,9.48,1198.58,0.5896825843144734
2010-12-17,0.0,273.64,20.86,7.13,1010.29,0.5642286598116903
2010-12-18,2.06,187.09,11.35,3.34,787.4,0.5387747353089074
2010-12-19,0.0,279.01,13.15,0.0,600.0,0.521805452307052
2010-12-20,0.0,302.16,14.64,-0.58,593.25,0.5090784900556604
2010-12-21,0.0,253.85,17.63,5.7,915.35,0.5005938485547328
2010-12-22,0.0,244.83,23.01,11.1,1328.22,0.47089760330148595
2010-12-23,0.0,296.58,18.1,2.89,751.29,0.4539283202996306
2010-12-24,0.0,291.75,14.6,0.06,606.52,0.443322518423471
2010-12-25,6.85,208.27,12.68,1.77,701.95,0.44544367879870295
2010-12-26,3.99,156.3,6.51,-0.55,590.65,0.47089760330148595
2010-12-27,0.0,250.13,6.0,-4.88,440.0,0.5324112541832116
2010-12-28,0.0,314.09,9.99,-5.63,400.0,0.545138216434603
2010-12-29,0.0,322.91,14.85,-2.24,520.28,0.5324112541832116
2010-12-30,13.39,204.65,18.5,5.37,897.39,0.521805452307052
2010-12-31,3.8,137.92,20.31,13.41,1538.57,0.5705921409373861
2011-01-01,15.42,138.3,20.33,12.62,1449.87,0.7742235369596503
2011-01-02,13.7,240.88,15.51,1.76,698.25,2.080858328102512
2011-01-03,0.0,320.05,12.64,-2.46,509.77,2.108433412980527
2011-01-04,0.0,325.21,16.68,0.64,639.9,1.412692809904458
2011-01-05,26.28,209.76,19.49,6.91,992.71,1.1517900837509318
2011-01-06,0.54,300.62,18.09,3.2,775.85,1.6608685738065923
2011-01-07,0.0,330.59,17.92,1.46,676.92,1.8793480924554802
2011-01-08,0.0,314.6,16.67,2.02,711.22,1.4232986117806175
2011-01-09,7.11,163.04,9.7,2.03,715.75,1.0520955461150316
2011-01-10,8.88,121.79,6.88,0.94,651.15,0.886645036846942
2011-01-11,0.0,139.04,5.63,0.66,636.12,0.835737187841376
2011-01-12,0.0,270.35,6.35,-4.26,441.5,0.7699812162091865
2011-01-13,0.0,307.09,5.86,-6.86,360.0,0.7084675653274608
2011-01-14,0.0,318.0,7.42,-6.07,393.47,0.6596808766971267
2011-01-15,0.0,338.32,11.73,-3.61,465.45,0.625742310693416
2011-01-16,0.0,287.61,14.89,3.07,765.69,0.6066518673163287
2011-01-17,0.0,243.14,15.48,6.01,922.48,0.5854402635640096
2011-01-18,0.53,281.24,18.98,7.18,1014.55,0.57483446168785
2011-01-19,24.56,211.43,17.51,6.04,922.88,0.8124044237138248
2011-01-20,0.0,283.32,14.33,3.13,770.5,1.561174036170692
2011-01-21,2.64,284.12,13.4,-0.21,599.39,1.3490579986475002
2011-01-22,0.0,321.87,8.89,-4.03,441.25,1.0499743857397998
2011-01-23,0.0,354.13,11.98,-3.53,475.18,0.8717969142203186
2011-01-24,0.0,355.73,15.79,-0.11,606.01,0.7699812162091865
2011-01-25,13.96,200.18,16.11,6.01,932.79,0.7593754143330269
2011-01-26,0.76,287.61,13.34,1.54,683.11,0.9990665367342337
2011-01-27,0.0,357.92,13.23,-2.0,520.0,1.1496689233757
2011-01-28,0.0,374.65,17.4,0.25,620.86,0.9842184141076102
2011-01-29,0.0,380.98,20.04,1.93,714.32,0.833616027466144
2011-01-30,0.33,349.72,20.18,4.99,879.41,0.7381638105807077
2011-01-31,14.45,159.39,17.68,10.17,1253.71,0.9057354802240293
2011-02-01,5.76,255.8,19.51,9.66,1212.58,1.3257252345199493
2011-02-02,21.1,294.29,15.2,-2.4,514.61,2.4393344315167065
2011-02-03,1.36,137.75,2.49,-1.93,532.39,3.415068204123389
2011-02-04,15.39,102.57,3.52,-0.45,591.39,2.693873676544537
2011-02-05,17.79,208.48,7.01,-0.93,571.24,3.669607449151219
2011-02-06,0.0,387.92,11.45,-3.11,480.0,4.072627920445283
2011-02-07,0.6,380.21,15.51,-0.02,610.64,2.7575084878014944
2011-02-08,0.0,381.27,11.57,-2.36,520.02,1.9238924603353502
2011-02-09,1.96,359.87,12.31,-1.17,565.39,1.4826911022871112
2011-02-10,11.13,271.65,12.87,-0.16,600.0,1.4529948570338642
2011-02-11,0.0,354.74,7.53,-4.6,439.65,1.6417781304295052
2011-02-12,0.0,424.31,13.13,-4.59,440.0,1.4720853004109515
2011-02-13,0.0,436.78,16.95,-2.87,490.83,1.2451211402611362
2011-02-14,0.0,434.64,19.95,-0.02,602.56,1.092397593244438
2011-02-15,0.0,417.87,22.01,3.77,800.0,0.992703055608538
2011-02-16,0.0,388.58,21.12,5.55,919.03,0.9227047632258847
2011-02-17,0.0,354.65,20.86,7.56,1044.63,0.8675545934698548
2011-02-18,0.0,350.9,23.89,10.5,1280.1,0.8251313859652163
2011-02-19,0.0,359.04,25.05,11.06,1324.78,0.7933139803367376
2011-02-20,0.0,386.36,24.7,9.15,1172.26,0.7593754143330269
2011-02-21,0.0,321.73,24.44,12.68,1458.14,0.7318003294550119
2011-02-22,0.0,286.81,25.42,15.25,1740.18,0.706346404952229
2011-02-23,0.0,339.87,25.0,12.72,1457.82,0.680892480449446
2011-02-24,0.0,335.45,26.39,14.15,1611.91,0.6575597163218948
2011-02-25,7.6,261.98,26.95,14.02,1601.29,0.6554385559466629
2011-02-26,0.0,412.57,24.0,8.01,1080.59,0.7275580087045481
2011-02-27,0.0,363.61,25.87,12.68,1466.68,0.833616027466144
2011-02-28,0.66,294.66,26.55,16.01,1804.29,0.7508907728320993
2011-03-01,0.4,442.33,26.18,7.65,1051.68,0.6872559615751416
2011-03-02,0.0,426.01,22.42,6.44,954.92,0.6469539144457352
2011-03-03,0.0,409.26,22.13,7.29,1022.89,0.6087730276915607
2011-03-04,0.0,289.0,20.93,11.83,1386.5,0.5896825843144734
2011-03-05,38.85,185.89,20.3,12.67,1453.37,1.0308839423627125
2011-03-06,49.71,267.87,17.5,6.02,921.39,3.7120306566558576
2011-03-07,0.0,396.59,13.87,0.85,640.65,5.981672258154011
2011-03-08,13.66,317.54,18.85,6.0,936.05,5.493805371850669
2011-03-09,73.52,227.91,21.29,11.8,1383.62,5.260477730575158
2011-03-10,24.9,339.63,21.03,5.02,881.2,8.35737187841376
2011-03-11,0.0,465.02,18.36,1.5,680.0,10.096723386103934
2011-03-12,0.0,460.58,20.42,3.64,796.67,9.205836028506528
2011-03-13,0.0,419.7,22.49,7.98,1078.68,5.281689334327477
2011-03-14,0.0,385.87,24.46,11.56,1365.18,2.7999316953061326
2011-03-15,7.96,322.01,24.0,9.24,1179.49,2.0766160073520483
2011-03-16,0.0,465.12,22.04,5.67,921.45,2.0447986017235693
2011-03-17,0.0,472.1,23.66,6.73,978.41,1.8454095264517694
2011-03-18,0.0,473.85,26.64,9.06,1164.59,1.56965867767162
2011-03-19,0.0,440.96,27.46,11.92,1393.64,1.3639061212741237
2011-03-20,0.0,446.07,27.44,11.66,1372.6,1.2175460553831214
2011-03-21,0.0,461.2,27.41,10.76,1300.81,1.1008822347453657
2011-03-22,0.0,423.82,27.66,13.2,1513.09,1.0117934989856252
2011-03-23,0.0,371.76,27.72,15.68,1776.52,0.9481586877286676
2011-03-24,0.0,423.59,27.5,13.16,1508.76,0.8993719990983334
2011-03-25,0.0,491.51,25.95,7.81,1065.18,0.8442218293423036
2011-03-26,0.0,449.1,26.97,11.32,1345.2,0.8039197822128972
2011-03-27,0.0,308.05,28.97,19.12,2219.25,0.7721023765844184
2011-03-28,0.0,398.51,26.95,14.08,1610.74,0.7402849709559397
2011-03-29,0.0,409.45,23.59,10.79,1303.5,0.7339214898302439
2011-03-30,20.94,250.61,22.46,12.66,1456.13,0.7636177350834907
2011-03-31,9.46,265.86,18.78,9.23,1178.45,0.9757337726066826
2011-04-01,0.0,467.53,22.02,7.23,1018.49,1.1157303573719892
2011-04-02,0.0,483.73,26.69,10.25,1259.69,1.1263361592481487
2011-04-03,0.0,436.2,27.85,13.65,1566.54,0.9439163669782038
2011-04-04,0.0,418.05,28.42,14.87,1699.04,0.8145255840890567
2011-04-05,24.36,403.52,26.1,5.43,904.86,0.8399795085918398
2011-04-06,0.0,485.14,20.19,4.44,835.05,1.2663327440134553
2011-04-07,0.0,469.69,24.42,8.88,1150.04,1.2302730176345127
2011-04-08,0.0,364.09,28.18,16.61,1889.83,0.9757337726066826
2011-04-09,0.0,303.95,29.02,19.61,2287.12,0.8314948670909121
2011-04-10,0.0,306.45,29.93,20.46,2393.67,0.7360426502054758
2011-04-11,0.0,325.6,29.76,19.85,2307.73,0.6702866785732864
2011-04-12,2.0,481.13,28.55,12.46,1436.48,0.6236211503181841
2011-04-13,0.0,511.75,26.6,9.02,1161.46,0.5854402635640096
2011-04-14,0.0,486.68,26.62,10.57,1285.88,0.5536228579355308
2011-04-15,0.0,404.27,27.16,14.87,1691.36,0.5387747353089074
2011-04-16,6.34,371.33,25.85,11.5,1360.16,0.5281689334327477
2011-04-17,0.0,508.99,23.82,7.43,1034.39,0.5175631315565882
2011-04-18,0.0,497.34,25.06,9.15,1172.37,0.5557440183107627
2011-04-19,0.0,376.97,27.41,16.4,1857.98,0.5960460654401691
2011-04-20,0.0,310.95,29.64,20.64,2422.21,0.5536228579355308
2011-04-21,0.0,358.23,29.91,19.46,2273.87,0.5154419711813563
2011-04-22,0.0,354.74,28.76,18.65,2148.43,0.4878668863033413
2011-04-23,0.0,385.04,29.63,18.45,2127.59,0.4687764429262541
2011-04-24,0.0,388.33,29.36,18.3,2107.01,0.45180715992439874
2011-04-25,0.0,342.9,29.43,19.98,2326.6,0.4327167165473114
2011-04-26,0.2,370.01,29.17,18.82,2179.1,0.4199897542959199
2011-04-27,6.85,238.5,28.4,19.91,2320.86,0.41150511279499224
2011-04-28,1.31,506.34,27.51,11.72,1377.57,0.40726279204452837
2011-04-29,0.0,533.04,25.14,8.5,1119.75,0.4136262731702241
2011-04-30,0.0,525.67,27.06,10.32,1265.79,0.4093839524197603
2011-05-01,0.0,468.93,28.52,14.47,1651.65,0.3945358297931369
2011-05-02,0.0,374.55,29.74,19.21,2225.82,0.38180886754174537
2011-05-03,0.0,463.11,29.13,15.43,1749.32,0.36908190529035384
2011-05-04,0.49,510.09,22.55,7.73,1058.69,0.36059726378942614
2011-05-05,0.0,544.94,24.35,7.47,1036.41,0.3563549430389623
2011-05-06,0.0,551.78,26.01,8.23,1094.54,0.3499914619132666
2011-05-07,0.0,535.86,27.63,10.54,1279.42,0.34787030153803467
2011-05-08,0.0,477.76,29.97,15.44,1750.02,0.339385660037107
2011-05-09,0.0,435.52,31.4,18.31,2105.05,0.3309010185361793
2011-05-10,0.0,434.85,32.11,18.82,2170.23,0.32241637703525167
2011-05-11,0.0,460.88,32.0,17.53,1998.84,0.31393173553432396
2011-05-12,0.0,459.17,32.31,17.91,2056.09,0.30756825440862817
2011-05-13,0.23,402.47,31.0,19.13,2220.28,0.30120477328293244
2011-05-14,10.53,308.35,27.5,16.13,1820.03,0.3054470940333963
2011-05-15,0.0,473.22,24.44,11.15,1329.96,0.3160528959095559
2011-05-16,0.0,486.42,23.69,9.98,1235.13,0.34574914116280275
2011-05-17,0.0,505.22,22.3,8.0,1076.89,0.34574914116280275
2011-05-18,0.0,550.6,24.77,7.5,1035.59,0.3266586977857155
2011-05-19,0.0,530.13,27.71,10.93,1309.13,0.31393173553432396
2011-05-20,0.0,471.8,29.87,15.49,1755.54,0.3054470940333963
2011-05-21,0.0,406.77,31.52,19.41,2257.2,0.2948412921572367
2011-05-22,0.0,396.46,32.61,20.6,2416.25,0.28847781103154096
2011-05-23,0.0,385.45,32.85,21.18,2508.14,0.2821143299058452
2011-05-24,0.0,364.82,32.7,21.78,2604.27,0.27575084878014944
2011-05-25,0.0,360.0,32.71,21.92,2626.9,0.2693873676544537
2011-05-26,14.38,283.51,31.94,20.67,2426.47,0.27575084878014944
2011-05-27,20.2,319.23,29.5,16.96,1922.8,0.4327167165473114
2011-05-28,0.0,417.58,31.81,19.11,2218.16,0.4539283202996306
2011-05-29,0.0,427.61,33.37,20.01,2332.67,0.392414669417905
2011-05-30,0.0,444.78,33.7,19.63,2285.63,0.390293509042673
2011-05-31,0.0,443.8,34.08,19.97,2317.78,0.3309010185361793
2011-06-01,0.0,443.67,35.72,21.07,2490.57,0.27787200915538135
2011-06-02,0.0,408.84,36.43,23.07,2810.58,0.24393344315167065
2011-06-03,0.0,439.75,36.19,21.59,2573.38,0.22272183939935147
2011-06-04,0.0,435.85,37.44,22.71,2744.92,0.21211603752319186
2011-06-05,0.0,418.04,37.02,23.27,2827.87,0.20151023564703227
2011-06-06,0.0,427.31,36.95,22.92,2767.79,0.20151023564703227
2011-06-07,3.97,390.67,35.84,20.7,2385.19,0.1951467545213365
2011-06-08,3.01,446.63,35.3,19.15,1874.36,0.19090443377087268
2011-06-09,6.44,368.78,33.47,19.41,1945.15,0.19726791489656845
2011-06-10,0.0,470.48,33.9,19.52,1767.06,0.23969112240120682
2011-06-11,6.25,418.97,35.09,19.38,1852.33,0.2651450469039899
2011-06-12,0.0,477.56,34.94,19.85,1817.86,0.28847781103154096
2011-06-13,1.75,437.87,35.25,20.83,2017.55,0.2948412921572367
2011-06-14,1.5,449.64,36.0,21.17,1974.01,0.2948412921572367
2011-06-15,0.0,417.94,35.59,22.67,2260.45,0.25241808465259835
2011-06-16,0.0,374.03,35.03,23.74,2542.43,0.23120648090027915
2011-06-17,0.08,398.45,35.52,23.41,2420.25,0.22272183939935147
2011-06-18,0.0,394.12,35.51,23.68,2473.67,0.21847951864888762
2011-06-19,0.0,380.8,35.84,24.45,2626.6,0.20787371677272803
2011-06-20,0.0,385.56,35.7,24.18,2573.81,0.19938907527180036
2011-06-21,10.12,289.83,34.07,22.77,2640.7,0.20151023564703227
2011-06-22,23.53,292.7,31.67,20.42,2338.17,0.22484299977458336
2011-06-23,7.2,251.53,31.5,22.01,2641.88,0.2842354902810771
2011-06-24,0.02,325.88,31.54,22.39,2666.06,0.2927201317820048
2011-06-25,0.0,401.83,33.98,22.06,2488.03,0.2651450469039899
2011-06-26,0.0,376.85,34.46,23.29,2730.78,0.24393344315167065
2011-06-27,0.0,377.0,35.01,23.74,2803.89,0.23120648090027915
2011-06-28,0.0,416.65,35.11,22.51,2519.3,0.21847951864888762
2011-06-29,3.49,359.09,35.0,20.68,2280.09,0.2269641601498153
2011-06-30,0.0,428.14,34.94,22.22,2287.59,0.24393344315167065
2011-07-01,0.0,428.62,36.11,23.16,2409.83,0.2269641601498153
2011-07-02,0.0,441.43,36.81,23.2,2377.26,0.20999487714795995
2011-07-03,0.0,449.48,36.59,22.74,2295.15,0.19938907527180036
2011-07-04,0.0,443.84,36.26,22.74,2313.73,0.19090443377087268
2011-07-05,6.65,337.31,34.93,21.5,2262.83,0.1930255941461046
2011-07-06,23.8,373.25,34.4,20.37,2062.63,0.20575255639749612
2011-07-07,0.0,446.76,34.24,21.07,2125.93,0.3351433392866432
2011-07-08,0.0,412.26,35.28,23.22,2498.98,0.37544538641604963
2011-07-09,0.0,395.77,35.78,24.2,2695.23,0.339385660037107
2011-07-10,0.0,383.0,36.1,24.94,2849.49,0.2842354902810771
2011-07-11,0.73,385.94,36.35,24.5,2781.54,0.27362968840491747
2011-07-12,11.51,312.98,35.19,23.5,2766.52,0.5302900938079798
2011-07-13,36.06,314.33,35.21,22.94,2719.26,0.6278634710686479
2011-07-14,22.85,304.67,34.56,22.87,2765.41,0.8824027160964782
2011-07-15,13.81,280.31,32.56,23.16,2819.38,0.8399795085918398
2011-07-16,2.91,332.09,31.89,22.76,2761.3,0.6024095465658649
2011-07-17,24.25,208.81,30.24,23.27,2843.23,0.704225244576997
2011-07-18,46.52,202.95,29.5,22.91,2785.31,1.0245204612370167
2011-07-19,6.96,272.81,30.48,21.92,2626.76,1.7563207906920286
2011-07-20,0.0,407.74,33.09,22.09,2655.09,1.4232986117806175
2011-07-21,0.0,383.65,33.5,23.24,2840.79,1.0393685838636402
2011-07-22,9.04,311.87,32.93,23.0,2799.84,0.7211945275788523
2011-07-23,16.27,252.27,30.79,22.44,2710.95,1.041489744238872
2011-07-24,22.33,246.82,30.84,22.7,2751.5,2.1041910922300633
2011-07-25,22.31,261.91,30.97,22.31,2689.43,3.796877071665134
2011-07-26,26.31,251.95,31.13,22.86,2778.38,3.6908190529035387
2011-07-27,3.02,343.13,31.66,22.48,2716.42,3.5211262228849853
2011-07-28,9.13,242.94,30.8,23.0,2800.57,3.3514333928664315
2011-07-29,9.99,267.17,32.0,23.27,2844.1,3.054470940333963
2011-07-30,7.16,302.98,33.02,22.71,2753.74,2.3544880165074296
2011-07-31,1.11,420.79,34.9,23.15,2825.13,1.6502627719304326
2011-08-01,6.53,304.47,34.28,23.76,2941.43,1.30451363076763
2011-08-02,9.79,365.42,35.47,23.51,2888.35,1.0627013479911913
2011-08-03,0.12,414.07,35.64,24.44,3070.18,1.4402678947824727
2011-08-04,0.0,412.35,36.07,24.91,3146.35,1.0075511782351614
2011-08-05,6.18,341.68,35.95,23.42,2867.8,0.8293737067156802
2011-08-06,0.0,420.41,34.85,23.78,2945.08,1.0054300178599294
2011-08-07,0.0,415.73,34.99,24.07,3009.34,1.0754283102425828
2011-08-08,0.0,401.55,34.47,24.19,3030.45,0.7784658577101141
2011-08-09,0.0,404.04,35.02,24.52,3083.6,0.6321057918191118
2011-08-10,0.0,412.0,34.95,24.2,3031.81,0.545138216434603
2011-08-11,0.0,409.99,35.29,24.52,3083.75,0.4772610844271816
2011-08-12,0.0,426.05,34.96,23.69,2927.04,0.43483787692254333
2011-08-13,22.8,334.84,35.0,22.86,2778.12,0.43908019767300716
2011-08-14,12.26,315.77,34.07,23.12,2819.78,0.4624129618005583
2011-08-15,0.0,455.76,34.44,21.9,2624.25,0.42635323542161563
2011-08-16,0.0,499.96,33.28,18.64,2144.18,0.37544538641604963
2011-08-17,0.0,489.13,34.33,19.69,2291.04,0.34574914116280275
2011-08-18,0.0,456.77,34.26,21.11,2497.6,0.32241637703525167
2011-08-19,0.0,451.31,34.97,21.78,2604.08,0.30968941478386014
2011-08-20,0.0,428.42,35.16,22.82,2770.6,0.2948412921572367
2011-08-21,0.0,426.45,35.51,23.05,2808.12,0.2821143299058452
2011-08-22,0.0,433.81,35.53,22.61,2737.54,0.27999316953061326
2011-08-23,11.67,338.6,35.98,22.61,2738.31,0.27575084878014944
2011-08-24,5.62,412.23,36.25,22.05,2648.45,0.2693873676544537
2011-08-25,11.96,360.12,36.27,21.82,2611.16,0.2715085280296856
2011-08-26,0.0,422.56,35.85,22.66,2745.48,0.2905989714067728
2011-08-27,0.0,430.77,36.48,22.54,2726.4,0.28847781103154096
2011-08-28,0.0,453.22,35.41,20.5,2399.87,0.3521126222884985
2011-08-29,0.0,459.72,35.52,20.04,2326.97,0.30332593365816435
2011-08-30,0.0,459.12,35.99,20.21,2354.19,0.26726620727922173
2011-08-31,0.0,454.39,36.04,20.31,2369.84,0.2502969242773664
2011-09-01,0.0,405.25,34.85,21.72,2594.66,0.23756996202597488
2011-09-02,18.17,223.37,31.52,22.92,2786.99,0.23332764127551103
2011-09-03,41.46,130.14,27.28,22.67,2747.09,0.4496859995491667
2011-09-04,91.34,148.82,27.44,22.23,2676.5,4.581706410500944
2011-09-05,62.64,210.54,27.69,20.28,2365.04,9.205836028506528
2011-09-06,22.39,325.19,26.22,14.14,1612.4,13.533003193979642
2011-09-07,0.0,463.6,26.45,12.61,1449.09,15.908702814239389
2011-09-08,0.0,468.98,26.96,12.58,1449.48,15.251143097917495
2011-09-09,0.0,464.27,27.81,13.3,1527.1,10.457320649893358
2011-09-10,0.0,474.45,29.18,13.57,1561.55,3.9241466941790497
2011-09-11,0.0,468.36,30.51,14.69,1673.03,1.9323771018362779
2011-09-12,0.0,444.77,31.37,16.49,1872.39,1.3936023665273707
2011-09-13,0.0,414.06,32.48,18.7,2151.65,1.1560324045013957
2011-09-14,0.0,390.05,33.0,20.1,2336.45,1.0054300178599294
2011-09-15,0.0,363.16,31.5,20.03,2325.37,0.8951296783478696
2011-09-16,0.0,402.16,26.65,14.44,1647.25,0.7721023765844184
2011-09-17,0.0,413.39,28.5,15.42,1748.4,0.6999829238265332
2011-09-18,0.0,396.32,30.5,17.73,2028.29,0.6490750748209672
2011-09-19,9.56,258.04,28.4,19.67,2292.3,0.6299846314438798
2011-09-20,30.99,220.73,28.69,20.03,2330.29,1.0775494706178148
2011-09-21,0.0,321.1,29.42,19.79,2306.85,1.8135921208232906
2011-09-22,0.0,323.71,29.8,20.04,2339.53,1.97904263009138
2011-09-23,12.89,269.46,30.78,19.56,2276.4,1.4636006589100239
2011-09-24,0.0,384.78,29.91,17.8,2044.1,1.1687593667527871
2011-09-25,0.0,362.29,29.76,18.58,2145.11,0.9863395744828422
2011-09-26,0.0,351.54,31.05,20.05,2339.54,0.835737187841376
2011-09-27,0.0,331.93,31.47,21.19,2509.64,0.7169522068283886
2011-09-28,0.91,335.27,30.75,20.34,2374.58,0.6957406030760693
2011-09-29,23.57,285.86,28.98,17.83,2051.72,1.671474375682752
2011-09-30,0.0,396.69,28.92,16.52,1881.74,1.6757166964332157
2011-10-01,0.0,467.52,27.01,10.49,1279.4,1.2917866685162385
2011-10-02,0.0,460.13,24.19,8.55,1123.9,0.9672491311057548
2011-10-03,0.0,452.03,23.82,8.28,1102.6,0.7636177350834907
2011-10-04,0.0,453.34,25.72,9.14,1171.42,0.651196235196199
2011-10-05,0.0,448.2,27.72,10.57,1285.68,0.5790767824383137
2011-10-06,0.0,429.12,29.0,12.6,1448.29,0.5281689334327477
2011-10-07,0.0,393.0,28.21,14.11,1609.24,0.4921092070538051
2011-10-08,0.0,359.59,28.28,15.79,1793.01,0.46665528255102207
2011-10-09,0.0,342.38,28.14,16.45,1861.12,0.44544367879870295
2011-10-10,0.0,349.39,28.32,16.27,1839.96,0.4284743957968476
2011-10-11,0.0,284.23,26.32,17.25,1962.66,0.4136262731702241
2011-10-12,0.0,195.03,23.32,17.56,2010.26,0.40726279204452837
2011-10-13,7.11,256.0,26.84,15.55,1764.27,0.40726279204452837
2011-10-14,0.0,409.92,27.21,11.94,1395.2,0.4136262731702241
2011-10-15,0.0,425.64,28.51,11.3,1344.15,0.40089931091883263
2011-10-16,0.0,427.69,29.81,11.55,1363.71,0.3860511882922092
2011-10-17,0.0,422.19,29.73,11.69,1375.57,0.37544538641604963
2011-10-18,0.0,412.09,29.47,11.96,1396.44,0.36483958453989
2011-10-19,0.0,430.82,24.11,5.75,920.74,0.36696074491512193
2011-10-20,0.0,388.89,17.25,2.93,754.17,0.3563549430389623
2011-10-21,0.0,427.24,21.55,3.07,765.23,0.34574914116280275
2011-10-22,0.0,417.02,22.56,4.39,831.18,0.34150682041233893
2011-10-23,0.0,406.71,22.94,5.18,894.1,0.33726449966187505
2011-10-24,0.0,372.2,24.97,9.19,1174.87,0.3330221789114112
2011-10-25,0.0,366.13,25.18,9.52,1202.0,0.3266586977857155
2011-10-26,0.0,373.17,26.44,9.67,1213.83,0.32241637703525167
2011-10-27,0.0,357.76,26.51,10.53,1282.51,0.31817405628478784
2011-10-28,0.0,345.34,26.08,10.75,1299.63,0.31393173553432396
2011-10-29,0.0,341.42,18.98,4.64,851.12,0.30968941478386014
2011-10-30,0.0,357.57,19.33,3.68,795.0,0.30968941478386014
2011-10-31,0.0,374.35,20.06,2.83,746.35,0.3054470940333963
2011-11-01,0.0,367.68,21.69,4.52,841.23,0.3054470940333963
2011-11-02,0.0,360.65,22.89,5.86,924.3,0.30332593365816435
2011-11-03,0.06,349.53,23.5,7.08,1006.12,0.3054470940333963
2011-11-04,1.0,310.4,19.21,4.08,811.91,0.30968941478386014
2011-11-05,0.0,321.96,19.11,4.98,878.28,0.31181057515909205
2011-11-06,0.0,329.24,22.14,6.97,998.21,0.31181057515909205
2011-11-07,0.0,284.41,24.0,11.23,1338.68,0.30968941478386014
2011-11-08,0.0,269.08,24.96,12.81,1467.27,0.30756825440862817
2011-11-09,4.07,180.37,24.29,13.64,1568.1,0.30756825440862817
2011-11-10,6.69,219.09,18.87,5.86,920.6,0.31393173553432396
2011-11-11,0.0,349.18,16.71,-0.53,597.57,0.3266586977857155
2011-11-12,0.0,356.18,18.89,0.32,624.93,0.3309010185361793
2011-11-13,0.0,339.14,22.46,4.66,855.78,0.3351433392866432
2011-11-14,2.03,192.49,24.95,15.19,1725.16,0.3351433392866432
2011-11-15,3.25,124.4,25.99,18.68,2148.2,0.3351433392866432
2011-11-16,5.72,130.7,26.78,18.64,2141.95,0.37332422604081766
2011-11-17,3.46,254.01,23.24,7.97,1077.78,0.3966569901683688
2011-11-18,0.0,333.4,17.23,0.73,640.1,0.4136262731702241
2011-11-19,0.0,318.01,20.65,4.8,862.59,0.3987781505436007
2011-11-20,0.0,254.84,25.13,12.98,1493.58,0.37544538641604963
2011-11-21,0.0,187.02,26.45,17.79,2047.03,0.3563549430389623
2011-11-22,0.49,165.09,26.61,18.99,2198.35,0.34574914116280275
2011-11-23,8.49,198.81,23.96,11.62,1369.36,0.34787030153803467
2011-11-24,0.0,296.61,21.08,7.04,1003.55,0.34574914116280275
2011-11-25,0.0,317.54,21.02,5.28,900.66,0.34150682041233893
2011-11-26,0.0,276.0,23.35,10.31,1265.05,0.34787030153803467
2011-11-27,19.76,196.15,22.53,10.51,1281.06,0.40089931091883263
2011-11-28,2.64,197.09,13.16,4.23,818.76,0.57483446168785
2011-11-29,1.4,233.53,10.66,0.43,632.8,0.7127098860779246
2011-11-30,0.0,300.36,13.41,-0.02,600.0,0.7275580087045481
2011-12-01,0.0,332.9,13.87,-2.48,516.91,0.5833191031887777
2011-12-02,0.0,344.81,17.39,-1.08,565.87,0.48574572592810933
2011-12-03,0.0,320.82,19.86,3.61,793.75,0.43483787692254333
2011-12-04,0.0,282.65,22.12,8.64,1130.87,0.4093839524197603
2011-12-05,2.31,162.38,22.6,15.05,1713.23,0.3966569901683688
2011-12-06,4.48,221.75,22.42,7.97,1077.99,0.3966569901683688
2011-12-07,10.57,125.99,9.65,3.24,776.56,0.40089931091883263
2011-12-08,0.0,226.33,7.21,-1.61,546.01,0.4284743957968476
2011-12-09,0.0,286.35,10.96,-1.43,560.0,0.48574572592810933
2011-12-10,0.0,269.85,12.22,0.8,642.0,0.5069573296804286
2011-12-11,0.0,243.45,11.85,2.07,710.8,0.4581706410500944
2011-12-12,0.0,223.29,13.1,4.42,842.6,0.417868593920688
2011-12-13,0.0,238.58,16.69,7.18,1014.39,0.3966569901683688
2011-12-14,0.0,222.56,18.18,9.36,1188.57,0.38180886754174537
2011-12-15,0.0,245.22,22.59,12.08,1406.63,0.37332422604081766
2011-12-16,3.04,165.89,22.65,13.67,1565.7,0.37120306566558575
2011-12-17,1.41,295.94,21.25,6.99,998.87,0.36908190529035384
2011-12-18,0.0,306.0,15.05,1.38,670.05,0.38180886754174537
2011-12-19,0.0,329.36,17.02,0.68,640.0,0.40089931091883263
2011-12-20,1.81,282.88,20.03,5.61,911.5,0.3945358297931369
2011-12-21,2.42,172.68,23.33,15.33,1741.24,0.4093839524197603
2011-12-22,5.69,162.4,22.27,13.24,1518.54,0.4984726881795009
2011-12-23,19.44,166.76,18.66,9.75,1220.34,0.7657388954587226
2011-12-24,0.0,216.71,15.23,6.96,997.15,0.8717969142203186
2011-12-25,5.63,139.34,14.68,7.94,1075.18,0.7869504992110419
2011-12-26,22.63,123.49,15.48,9.64,1211.3,1.5060238664146623
2011-12-27,21.74,221.63,16.86,4.55,844.13,1.7245033850635498
2011-12-28,0.0,313.79,14.09,0.55,639.87,2.0257081583464824
2011-12-29,0.0,316.42,16.08,1.97,714.31,1.8666211302040883
2011-12-30,0.0,319.84,19.88,4.85,865.31,1.7138975831873904
2011-12-31,0.0,299.69,21.28,7.97,1077.84,1.2387576591354406
2012-01-01,0.0,283.32,22.5,8.83,1146.05,0.8972508387231015
2012-01-02,0.0,313.46,18.01,2.54,722.82,0.7424061313311715
2012-01-03,0.0,308.27,11.74,-2.5,520.0,0.6448327540705033
2012-01-04,0.0,324.39,12.1,-3.57,474.02,0.5705921409373861
2012-01-05,0.0,332.58,18.54,1.23,666.5,0.5260477730575158
2012-01-06,0.0,312.87,20.43,4.99,878.95,0.5005938485547328
2012-01-07,0.38,295.47,21.53,7.45,1036.29,0.4772610844271816
2012-01-08,0.31,255.5,22.79,11.3,1343.79,0.4645341221757902
2012-01-09,5.0,194.64,23.28,13.18,1508.24,0.4581706410500944
2012-01-10,4.32,108.26,21.26,15.49,1759.41,0.4560494806748625
2012-01-11,0.37,256.71,19.12,8.0,1080.0,0.4602918014253264
2012-01-12,0.0,271.42,15.39,3.95,806.56,0.5069573296804286
2012-01-13,0.0,326.49,11.83,-3.0,480.0,0.4921092070538051
2012-01-14,0.0,346.8,13.49,-3.38,480.0,0.4560494806748625
2012-01-15,0.0,354.59,16.96,-1.12,562.03,0.42635323542161563
2012-01-16,0.0,347.02,19.75,2.32,721.65,0.40726279204452837
2012-01-17,0.49,222.75,21.47,12.26,1420.65,0.3987781505436007
2012-01-18,39.92,247.13,18.67,3.45,786.51,0.5769556220630819
2012-01-19,0.0,331.86,16.5,1.5,680.39,1.1581535648766275
2012-01-20,2.97,255.32,21.43,8.17,1096.52,1.2705750647639193
2012-01-21,0.0,187.46,24.81,17.11,1940.5,1.045732064989336
2012-01-22,0.41,173.27,24.34,17.15,1944.04,0.8463429897175356
2012-01-23,5.03,155.38,23.55,15.22,1737.39,0.7869504992110419
2012-01-24,4.68,245.32,22.05,9.62,1209.88,0.912098961349725
2012-01-25,2.88,208.92,21.03,11.4,1352.18,0.833616027466144
2012-01-26,22.09,160.85,23.05,14.61,1657.56,0.8145255840890567
2012-01-27,3.54,314.55,20.49,6.55,963.78,1.8581364887031608
2012-01-28,0.0,342.5,19.26,4.43,834.76,2.2060067902411955
2012-01-29,0.0,368.83,18.0,1.3,663.98,1.66935321530752
2012-01-30,0.0,370.27,16.73,0.28,622.73,1.3236040741447173
2012-01-31,0.0,353.24,20.35,5.01,877.83,0.9651279707305229
2012-02-01,23.26,184.0,21.17,12.03,1402.14,0.8760392349707824
2012-02-02,16.81,111.56,20.31,15.14,1731.06,1.5993549229248667
2012-02-03,1.23,153.26,21.0,15.8,1783.99,2.059646724350193
2012-02-04,2.51,158.38,22.22,15.95,1798.78,1.7457149888158692
2012-02-05,11.82,197.03,21.35,12.54,1442.93,1.8411672057013055
2012-02-06,0.0,299.83,17.52,7.68,1054.25,1.9302559414610458
2012-02-07,0.0,352.57,19.04,6.45,956.69,1.646020451179969
2012-02-08,0.0,343.7,19.14,7.12,1009.92,1.3872388854016748
2012-02-09,0.0,356.15,16.68,4.16,815.4,1.071185989492119
2012-02-10,4.02,210.44,14.38,5.68,914.83,0.8781603953460143
2012-02-11,2.88,260.11,11.63,2.31,720.0,0.8187679048395206
2012-02-12,0.0,372.77,9.32,-2.9,490.06,0.8145255840890567
2012-02-13,0.0,392.79,12.28,-1.14,563.78,0.7933139803367376
2012-02-14,12.78,265.81,17.54,6.14,943.28,0.7890716595862738
2012-02-15,14.93,315.84,19.0,7.05,1003.63,0.8951296783478696
2012-02-16,31.83,222.28,20.63,11.75,1379.97,1.7011706209359987
2012-02-17,0.0,333.71,21.3,11.06,1324.68,3.5847610341419425
2012-02-18,32.41,218.95,19.08,10.88,1310.59,4.751399240519498
2012-02-19,56.09,224.17,15.28,7.27,1021.45,8.633122727193909
2012-02-20,0.0,410.2,15.43,2.48,720.0,11.411842818747722
2012-02-21,0.0,396.85,19.85,7.18,1017.99,12.55726942137296
2012-02-22,0.35,371.29,22.12,10.32,1265.21,9.311894047268122
2012-02-23,0.0,299.04,23.8,15.14,1720.6,5.281689334327477
2012-02-24,2.18,314.11,23.75,12.68,1458.52,2.693873676544537
2012-02-25,0.0,405.29,18.94,6.28,946.33,1.8920750547068714
2012-02-26,0.0,315.86,15.1,6.78,984.3,1.5866279606734752
2012-02-27,7.81,202.79,15.83,9.49,1199.58,1.4169351306549216
2012-02-28,7.91,207.84,19.55,12.61,1453.34,1.4466313759081686
2012-02-29,1.39,268.79,24.08,16.82,1909.24,1.5951126021744029
2012-03-01,0.99,255.45,26.32,19.19,2231.15,1.412692809904458
2012-03-02,10.9,205.97,26.07,19.59,2283.6,1.2875443477657746
2012-03-03,11.93,348.16,24.58,9.01,1160.82,1.2005767723812661
2012-03-04,0.01,470.75,17.88,3.24,777.27,1.2599692628877597
2012-03-05,0.0,479.63,21.5,5.21,886.31,1.2323941780097447
2012-03-06,0.0,476.18,22.36,6.17,935.59,1.1072457158710616
2012-03-07,0.0,445.01,22.58,8.77,1141.52,0.9820972537323783
2012-03-08,0.0,346.94,23.85,14.46,1648.24,0.8993719990983334
2012-03-09,13.83,282.0,23.24,12.98,1482.99,0.8781603953460143
2012-03-10,1.76,367.0,19.51,8.48,1118.31,0.9990665367342337
2012-03-11,0.0,396.01,21.38,10.7,1295.94,1.2642115836382235
2012-03-12,23.59,243.64,22.38,14.14,1610.9,1.9175289792096546
2012-03-13,4.26,285.17,23.91,15.99,1810.07,2.969624525324686
2012-03-14,0.0,373.19,27.12,17.01,1921.1,2.142371978984238
2012-03-15,0.0,403.09,27.64,16.33,1852.76,1.646020451179969
2012-03-16,0.0,455.39,27.75,13.84,1587.26,1.2726962251391514
2012-03-17,0.0,442.01,27.8,14.63,1661.61,1.0499743857397998
2012-03-18,0.0,401.35,27.68,16.49,1873.72,0.9205836028506528
2012-03-19,0.0,365.81,27.09,17.36,1976.86,0.8399795085918398
2012-03-20,0.0,312.74,26.56,18.61,2141.29,0.7742235369596503
2012-03-21,0.0,318.76,26.44,18.47,2126.95,0.7254368483293162
2012-03-22,92.14,274.36,23.69,14.72,1677.21,3.818088675417453
2012-03-23,40.74,253.01,23.86,15.86,1800.27,18.98438535832567
2012-03-24,0.0,465.59,27.47,14.01,1602.95,25.241808465259833
2012-03-25,0.0,492.21,26.9,11.96,1396.73,22.90853205250472
2012-03-26,0.0,482.31,27.28,12.96,1482.88,15.781433191725474
2012-03-27,0.0,482.47,27.74,13.21,1514.21,8.88766197222174
2012-03-28,0.0,462.11,28.14,14.55,1657.46,3.9029350904267304
2012-03-29,0.0,425.41,27.24,15.46,1756.92,2.3332764127551107
2012-03-30,0.0,385.69,27.33,17.01,1934.1,1.8751057717050164
2012-03-31,5.43,321.81,27.97,17.5,2000.64,1.7351091869397095
2012-04-01,0.0,393.16,28.48,17.64,2021.71,1.5951126021744029
2012-04-02,0.55,393.25,29.01,18.15,2091.6,1.408450489153994
2012-04-03,15.96,324.42,28.82,16.67,1892.14,1.7054129416864625
2012-04-04,29.15,299.12,26.65,16.32,1850.64,2.2060067902411955
2012-04-05,4.13,287.66,25.47,16.0,1800.0,3.1605289590955588
2012-04-06,0.0,495.43,26.4,12.3,1423.82,3.499914619132666
2012-04-07,0.0,478.28,24.75,11.83,1386.02,2.587815657782941
2012-04-08,0.0,500.34,26.01,11.67,1373.57,1.775411234069116
2012-04-09,0.0,480.55,26.79,13.3,1528.69,1.380875404275979
2012-04-10,0.0,498.4,26.73,12.28,1422.08,1.1878498101298745
2012-04-11,0.0,467.27,26.5,13.57,1561.37,1.0669436687416551
2012-04-12,0.0,489.88,24.5,10.75,1299.88,0.9714914518562187
2012-04-13,0.0,492.23,24.97,10.97,1317.45,0.8972508387231015
2012-04-14,0.0,494.76,27.14,12.53,1442.71,0.833616027466144
2012-04-15,0.0,394.2,27.96,17.47,1997.63,0.7827081784605779
2012-04-16,0.0,357.74,28.45,19.18,2228.52,0.7445272917064034
2012-04-17,19.77,291.13,26.45,16.56,1884.68,0.8293737067156802
2012-04-18,21.17,345.34,24.86,12.6,1450.27,1.4042081684035301
2012-04-19,0.0,481.73,25.38,12.02,1401.3,2.3332764127551107
2012-04-20,0.0,484.14,26.49,12.69,1455.36,1.9811637904666122
2012-04-21,0.0,436.04,24.83,13.24,1517.63,1.45935833815956
2012-04-22,0.0,482.9,22.73,9.44,1195.22,1.071185989492119
2012-04-23,0.0,512.87,23.23,8.44,1114.83,0.9057354802240293
2012-04-24,0.0,548.9,21.15,4.56,845.06,0.7975563010872014
2012-04-25,0.0,498.89,24.95,10.59,1287.17,0.7211945275788523
2012-04-26,0.0,458.51,28.08,15.01,1707.0,0.6660443578228225
2012-04-27,0.0,431.73,28.38,16.42,1866.73,0.6236211503181841
2012-04-28,0.0,425.83,28.2,16.52,1871.64,0.5854402635640096
2012-04-29,0.0,455.47,28.55,15.62,1769.85,0.5515016975602989
2012-04-30,0.0,469.3,30.23,16.29,1846.69,0.5239266126822839
2012-05-01,0.0,449.97,30.74,17.5,2000.22,0.5048361693051967
2012-05-02,16.8,325.93,28.83,18.75,2159.9,0.5408958956841393
2012-05-03,27.25,216.79,27.14,19.75,2298.9,1.4020870080282983
2012-05-04,3.81,312.82,30.2,20.03,2335.25,1.4254197721558493
2012-05-05,0.73,367.55,30.69,20.18,2349.28,1.1093668762462934
2012-05-06,5.5,320.47,30.88,18.75,2161.3,1.0308839423627125
2012-05-07,4.1,339.27,30.51,17.48,1997.4,1.355421479773196
2012-05-08,2.2,404.45,30.7,17.95,2066.73,1.4020870080282983
2012-05-09,0.0,404.18,29.47,18.55,2127.33,1.279059706264847
2012-05-10,0.0,474.84,26.76,13.7,1575.92,1.1326996403738447
2012-05-11,0.0,477.19,26.68,13.54,1553.29,0.9863395744828422
2012-05-12,7.29,275.63,26.13,16.98,1931.12,0.8145255840890567
2012-05-13,10.86,295.81,27.16,17.57,2010.49,0.8654334330946228
2012-05-14,0.0,418.9,27.13,16.44,1869.37,0.9778549329819145
2012-05-15,0.0,430.79,28.13,16.88,1912.87,0.9290682443515804
2012-05-16,0.0,433.91,28.93,17.39,1982.41,0.808162102963361
2012-05-17,0.0,483.59,29.96,16.11,1817.95,0.6575597163218948
2012-05-18,0.0,497.32,30.7,15.97,1798.95,0.5642286598116903
2012-05-19,0.0,472.59,30.42,16.92,1922.52,0.5048361693051967
2012-05-20,0.0,472.61,30.79,17.21,1953.35,0.46665528255102207
2012-05-21,0.0,504.22,31.69,16.26,1839.76,0.43483787692254333
2012-05-22,0.0,476.93,31.38,17.35,1976.48,0.4221109146711518
2012-05-23,0.0,496.08,31.88,16.8,1904.12,0.4136262731702241
2012-05-24,0.0,458.93,32.04,18.7,2162.38,0.3966569901683688
2012-05-25,0.0,451.59,32.38,19.34,2253.89,0.38180886754174537
2012-05-26,0.0,484.61,33.35,18.51,2122.09,0.36908190529035384
2012-05-27,0.0,473.08,34.53,19.84,2312.66,0.3563549430389623
2012-05-28,0.0,452.05,34.95,21.06,2489.4,0.34574914116280275
2012-05-29,0.0,420.88,34.61,22.1,2655.41,0.3351433392866432
2012-05-30,0.0,418.96,34.32,22.0,2640.0,0.3245375374104836
2012-05-31,0.81,456.22,33.3,19.18,2227.45,0.3160528959095559
2012-06-01,11.23,337.02,31.2,18.29,2103.44,0.31393173553432396
2012-06-02,0.0,488.79,29.22,14.85,1696.32,0.31393173553432396
2012-06-03,0.0,476.16,31.4,17.0,1930.43,0.30756825440862817
2012-06-04,0.0,412.16,33.11,20.91,2466.31,0.30120477328293244
2012-06-05,0.0,391.7,33.48,21.96,2634.12,0.2948412921572367
2012-06-06,0.59,397.61,33.49,21.72,2594.42,0.2905989714067728
2012-06-07,0.88,396.68,32.84,21.15,2503.46,0.2821143299058452
2012-06-08,11.68,326.44,31.4,21.16,2506.06,0.2969624525324686
2012-06-09,27.26,200.03,27.93,21.09,2494.85,0.680892480449446
2012-06-10,54.06,150.34,26.32,21.42,2546.79,4.136262731702241
2012-06-11,19.74,212.39,28.86,21.67,2587.31,7.233156879540842
2012-06-12,10.78,316.3,31.51,19.71,2296.94,4.815034051776456
2012-06-13,0.0,392.6,30.76,20.11,2343.33,2.3332764127551107
2012-06-14,0.95,377.73,31.66,20.84,2454.62,1.327846394895181
2012-06-15,0.0,402.13,31.93,20.76,2441.3,0.9820972537323783
2012-06-16,0.0,401.79,30.99,20.07,2331.88,0.7827081784605779
2012-06-17,0.0,445.8,30.89,18.46,2125.5,0.6469539144457352
2012-06-18,0.0,403.85,31.27,20.33,2380.08,0.545138216434603
2012-06-19,0.0,418.98,31.35,19.93,2321.94,0.47938224480241365
2012-06-20,0.0,419.35,31.47,20.12,2342.94,0.43483787692254333
2012-06-21,0.0,448.77,32.39,19.76,2301.2,0.40302047129406454
2012-06-22,0.0,425.11,32.49,20.83,2452.63,0.37968770716651346
2012-06-23,0.0,426.08,33.41,21.54,2566.83,0.3563549430389623
2012-06-24,0.0,408.98,33.9,22.58,2732.76,0.3542337826637304
2012-06-25,0.0,409.53,34.89,23.4,2863.74,0.34787030153803467
2012-06-26,0.0,429.46,35.94,23.46,2873.88,0.32241637703525167
2012-06-27,0.0,458.14,34.86,21.5,2558.97,0.30120477328293244
2012-06-28,0.0,434.47,35.12,22.68,2748.43,0.2821143299058452
2012-06-29,0.0,420.05,35.74,23.7,2928.52,0.2715085280296856
2012-06-30,0.0,409.3,35.51,24.0,3000.0,0.260902726153526
2012-07-01,0.0,435.55,35.49,23.0,2800.0,0.2545392450278302
2012-07-02,0.0,429.26,35.22,23.1,2816.75,0.24605460352690256
2012-07-03,0.0,453.27,35.45,22.32,2690.77,0.2418122827764387
2012-07-04,18.17,352.42,35.29,21.4,2543.35,0.2502969242773664
2012-07-05,9.95,425.55,34.96,21.0,2479.78,0.3266586977857155
2012-07-06,0.01,410.7,33.14,22.12,2658.59,0.30756825440862817
2012-07-07,9.76,356.72,32.39,21.62,2579.29,0.2842354902810771
2012-07-08,7.7,290.56,32.18,22.56,2728.92,0.30968941478386014
2012-07-09,10.9,250.37,30.64,22.41,2705.97,0.30332593365816435
2012-07-10,12.55,232.62,29.64,22.13,2660.15,0.3266586977857155
2012-07-11,13.25,240.02,30.08,22.24,2678.26,0.4539283202996306
2012-07-12,13.33,277.71,31.12,21.78,2605.05,0.6002883861906331
2012-07-13,13.13,318.67,31.93,20.65,2423.39,0.625742310693416
2012-07-14,10.33,264.86,30.24,21.53,2564.48,0.572713301312618
2012-07-15,10.72,221.61,29.57,22.56,2728.89,0.6893771219503736
2012-07-16,8.57,290.43,31.47,22.65,2743.68,0.6024095465658649
2012-07-17,0.0,424.68,33.89,22.41,2705.25,0.5154419711813563
2012-07-18,29.17,321.04,33.51,21.97,2634.64,0.47513992405194977
2012-07-19,43.04,292.73,31.39,21.58,2572.73,1.0605801876159595
2012-07-20,25.57,236.64,28.5,21.24,2517.74,3.4787030153803467
2012-07-21,29.07,256.25,29.12,21.21,2513.39,5.451382164346031
2012-07-22,3.87,264.39,30.64,23.13,2828.07,6.978617634513013
2012-07-23,0.0,380.21,32.31,22.98,2797.7,7.678600558339546
2012-07-24,0.0,395.24,33.31,23.34,2862.18,5.47259376809835
2012-07-25,0.0,379.4,33.73,24.21,3030.4,2.3120648090027913
2012-07-26,0.0,384.34,34.0,24.33,3052.79,1.357542640148428
2012-07-27,0.96,382.13,33.6,23.72,2932.8,1.0648225083664231
2012-07-28,1.55,337.51,32.99,23.72,2932.63,0.8802815557212463
2012-07-29,0.0,392.04,33.23,23.65,2917.34,0.7572542539577949
2012-07-30,0.0,401.94,34.94,24.69,3111.39,0.6469539144457352
2012-07-31,0.0,361.31,34.03,25.27,3225.74,0.5642286598116903
2012-08-01,0.0,378.7,34.3,25.06,3173.95,0.5027150089299647
2012-08-02,0.0,402.76,34.57,24.56,3089.87,0.4581706410500944
2012-08-03,0.0,409.56,33.43,23.55,2894.96,0.44544367879870295
2012-08-04,10.81,316.18,33.45,23.23,2836.98,0.47513992405194977
2012-08-05,1.88,378.89,33.41,23.12,2818.55,0.4921092070538051
2012-08-06,16.24,323.46,33.33,22.8,2767.87,0.43908019767300716
2012-08-07,14.18,342.46,33.17,21.94,2631.02,0.5027150089299647
2012-08-08,0.0,424.73,33.49,23.0,2802.08,0.5111996504308923
2012-08-09,13.93,350.35,32.37,22.03,2644.56,0.549380537185067
2012-08-10,27.24,338.4,32.0,20.74,2438.57,0.7678600558339546
2012-08-11,5.75,283.01,30.72,22.38,2700.56,0.9417952066029719
2012-08-12,0.0,444.02,31.93,20.95,2471.49,0.7190733672036205
2012-08-13,3.54,405.83,32.97,22.18,2668.17,0.572713301312618
2012-08-14,1.82,379.86,33.45,23.68,2924.4,0.4836245655528774
2012-08-15,8.46,310.24,33.9,23.4,2869.9,0.5939249050649372
2012-08-16,14.57,308.14,33.33,23.1,2816.41,0.6002883861906331
2012-08-17,11.32,314.55,32.22,21.84,2614.21,0.8145255840890567
2012-08-18,7.49,263.13,30.1,22.19,2670.32,0.6554385559466629
2012-08-19,7.79,234.43,28.56,21.78,2605.3,0.5833191031887777
2012-08-20,0.0,347.22,28.25,20.66,2426.26,0.6490750748209672
2012-08-21,3.89,372.13,30.17,20.53,2404.79,0.5875614239392415
2012-08-22,0.0,414.75,30.6,20.59,2414.38,0.5154419711813563
2012-08-23,0.0,469.1,31.19,18.84,2173.73,0.4496859995491667
2012-08-24,0.0,454.01,31.52,19.65,2287.35,0.3945358297931369
2012-08-25,1.84,373.83,31.44,21.15,2504.09,0.3563549430389623
2012-08-26,3.18,390.55,31.84,21.0,2480.1,0.339385660037107
2012-08-27,0.0,436.8,32.29,20.72,2435.35,0.3351433392866432
2012-08-28,20.19,316.27,31.16,21.92,2627.36,0.3266586977857155
2012-08-29,84.07,176.38,27.77,22.63,2740.98,3.8605118829220917
2012-08-30,119.96,137.6,26.97,23.08,2812.2,16.035972436753305
2012-08-31,33.7,171.14,28.69,23.72,2933.21,26.30238865287579
2012-09-01,3.29,267.17,31.11,24.48,3076.12,30.968941478386014
2012-09-02,0.0,353.63,32.63,24.06,3005.19,28.84778110315409
2012-09-03,0.0,340.03,32.5,24.37,3058.22,22.060067902411955
2012-09-04,0.22,364.23,32.58,23.66,2917.92,11.539112441261636
2012-09-05,25.43,331.52,32.67,22.78,2764.24,5.72713301312618
2012-09-06,0.0,378.41,32.08,22.85,2775.42,3.7120306566558576
2012-09-07,0.0,371.43,31.91,22.94,2790.56,2.884778110315409
2012-09-08,0.0,411.31,33.08,22.4,2703.61,2.087221809228208
2012-09-09,0.62,467.24,30.65,17.99,2079.19,1.6820801775589116
2012-09-10,0.0,487.43,28.74,15.24,1739.26,1.4911757437880389
2012-09-11,0.0,478.11,29.39,16.1,1820.9,1.3384521967713405
2012-09-12,0.0,439.77,29.87,18.28,2104.16,1.1857286497546426
2012-09-13,0.0,424.34,30.26,19.15,2219.71,1.0754283102425828
2012-09-14,0.0,430.69,31.1,19.4,2264.39,0.9969453763590018
2012-09-15,0.0,434.48,30.8,18.89,2181.77,0.9311894047268122
2012-09-16,0.0,408.54,30.38,19.59,2279.86,0.9630068103552911
2012-09-17,33.52,232.77,28.36,21.01,2481.47,1.3639061212741237
2012-09-18,18.43,229.84,27.32,20.17,2347.72,3.775665467912815
2012-09-19,0.33,428.48,26.84,15.5,1759.99,5.0907849005566055
2012-09-20,0.0,447.42,26.63,14.41,1637.18,4.836245655528774
2012-09-21,0.0,452.92,28.72,15.54,1761.68,2.5453924502783027
2012-09-22,0.0,449.7,30.32,16.73,1898.35,1.853894167952697
2012-09-23,0.0,427.98,31.11,18.36,2109.19,1.412692809904458
2012-09-24,0.0,411.98,30.04,18.22,2097.62,1.1857286497546426
2012-09-25,0.0,420.36,28.92,16.81,1903.9,1.0096723386103934
2012-09-26,0.0,436.97,29.55,16.28,1844.25,0.9227047632258847
2012-09-27,0.0,426.22,30.38,17.26,1965.33,0.8569487915936952
2012-09-28,0.0,390.7,30.73,19.01,2200.98,0.8060409425881291
2012-09-29,15.35,260.89,28.09,19.98,2329.45,0.7742235369596503
2012-09-30,48.75,147.61,25.56,20.53,2405.25,0.8654334330946228
2012-10-01,26.27,227.52,25.3,17.28,1965.6,2.7999316953061326
2012-10-02,1.06,301.99,23.13,15.07,1717.88,5.705921409373861
2012-10-03,0.0,390.48,25.69,14.26,1624.71,7.360426502054758
2012-10-04,0.0,416.49,28.36,14.85,1689.58,6.024095465658649
2012-10-05,0.0,407.53,29.31,15.85,1788.35,2.86356650656309
2012-10-06,0.0,408.9,29.83,15.9,1794.54,1.7287457058140139
2012-10-07,0.0,385.57,25.09,13.15,1504.01,1.3787542439007472
2012-10-08,0.0,400.93,22.26,9.85,1228.07,1.196334451630802
2012-10-09,0.0,419.13,22.41,8.81,1145.06,1.0839129517435104
2012-10-10,0.0,436.82,25.96,10.18,1254.14,1.0033088574846976
2012-10-11,0.0,406.47,27.71,13.47,1542.5,0.9396740462277401
2012-10-12,0.0,392.77,28.46,14.65,1663.67,0.88452387647171
2012-10-13,0.0,384.24,28.5,14.98,1717.33,0.8399795085918398
2012-10-14,0.0,344.75,29.44,17.66,2020.63,0.7996774614624333
2012-10-15,3.03,281.8,28.75,17.19,1950.9,0.7911928199615056
2012-10-16,0.0,400.73,26.12,11.55,1364.27,0.9184624424754207
2012-10-17,0.0,376.02,25.76,12.45,1435.99,1.071185989492119
2012-10-18,14.72,275.0,26.76,13.51,1550.99,0.9545221688543633
2012-10-19,0.0,413.21,25.9,9.36,1188.41,0.8421006689670717
2012-10-20,0.0,419.93,25.44,7.93,1074.19,0.7890716595862738
2012-10-21,0.0,414.41,26.2,8.65,1132.24,0.7381638105807077
2012-10-22,0.0,399.5,27.0,10.24,1259.51,0.6893771219503736
2012-10-23,0.0,382.47,27.76,11.87,1389.61,0.653317395571431
2012-10-24,0.0,350.9,28.01,14.0,1600.01,0.6342269521943437
2012-10-25,0.0,335.77,28.02,14.7,1671.57,0.6151365088172563
2012-10-26,0.0,344.87,28.51,14.41,1636.29,0.6045307069410968
2012-10-27,0.0,358.81,22.7,8.6,1128.0,0.5875614239392415
2012-10-28,0.0,295.94,15.81,5.59,916.12,0.5769556220630819
2012-10-29,0.0,351.01,16.99,3.7,799.34,0.572713301312618
2012-10-30,0.0,372.45,17.8,2.55,729.28,0.5599863390612265
2012-10-31,0.0,380.36,21.31,4.42,841.29,0.5472593768098349
2012-11-01,0.0,349.19,24.11,8.8,1143.8,0.545138216434603
2012-11-02,0.0,340.52,25.3,10.14,1251.51,0.5345324145584435
2012-11-03,0.0,323.77,27.24,12.67,1453.82,0.5196842919318201
2012-11-04,0.99,286.07,26.22,13.55,1563.77,0.5133208108061244
2012-11-05,5.42,206.45,21.17,10.05,1243.94,0.5196842919318201
2012-11-06,2.32,217.8,17.72,8.12,1089.75,0.5430170560593712
2012-11-07,0.0,284.73,16.4,5.12,889.51,0.572713301312618
2012-11-08,0.0,350.26,18.15,2.48,720.0,0.5939249050649372
2012-11-09,0.0,355.7,19.13,2.66,732.45,0.57483446168785
2012-11-10,0.0,347.53,22.49,5.94,927.28,0.5430170560593712
2012-11-11,0.0,296.84,24.72,11.34,1346.92,0.5260477730575158
2012-11-12,11.76,226.58,23.3,9.68,1214.34,0.5302900938079798
2012-11-13,0.0,310.0,16.41,2.93,754.36,0.625742310693416
2012-11-14,0.0,308.16,15.93,2.44,730.07,0.6999829238265332
2012-11-15,0.0,329.14,17.22,1.98,706.29,0.704225244576997
2012-11-16,0.0,318.55,17.76,3.08,766.09,0.6427115936952713
2012-11-17,0.0,316.56,18.14,3.38,788.87,0.5896825843144734
2012-11-18,0.0,324.73,18.93,3.34,784.95,0.5557440183107627
2012-11-19,0.0,319.95,20.03,4.6,849.78,0.5345324145584435
2012-11-20,0.0,308.97,21.08,6.3,944.19,0.521805452307052
2012-11-21,0.0,322.4,22.74,6.47,957.6,0.5133208108061244
2012-11-22,0.0,328.72,23.08,5.99,920.17,0.5069573296804286
2012-11-23,0.0,323.12,23.37,6.52,961.87,0.4984726881795009
2012-11-24,0.0,318.89,19.25,3.24,778.5,0.4899880466785732
2012-11-25,0.0,326.77,15.51,-0.98,567.48,0.48574572592810933
2012-11-26,0.0,314.82,18.72,2.75,744.1,0.48150340517764556
2012-11-27,14.95,164.23,18.37,8.54,1122.99,0.5090784900556604
2012-11-28,1.27,242.82,15.66,3.79,800.0,0.6236211503181841
2012-11-29,0.0,312.88,16.77,0.89,641.65,0.7105887257026927
2012-11-30,0.0,312.15,19.89,3.58,789.08,0.7105887257026927
2012-12-01,0.0,305.52,22.17,5.99,932.11,0.6596808766971267
2012-12-02,0.0,276.23,23.5,9.41,1192.86,0.6002883861906331
2012-12-03,0.0,267.71,24.61,10.92,1313.96,0.5599863390612265
2012-12-04,0.79,206.7,24.34,14.39,1638.48,0.5366535749336754
2012-12-05,8.45,107.21,22.45,15.96,1796.71,0.5281689334327477
2012-12-06,2.48,164.53,22.25,13.56,1562.14,0.6299846314438798
2012-12-07,0.0,204.65,23.53,13.81,1584.81,0.7021040842017651
2012-12-08,1.01,169.26,22.99,15.05,1721.55,0.7402849709559397
2012-12-09,0.0,216.18,23.92,13.77,1581.47,0.6914982823256055
2012-12-10,8.12,189.37,24.0,11.75,1379.81,0.6427115936952713
2012-12-11,19.23,236.31,17.61,3.28,779.16,0.7763446973348823
2012-12-12,0.0,212.46,10.26,1.41,672.79,1.0754283102425828
2012-12-13,0.0,310.08,15.04,-0.5,600.0,1.1857286497546426
2012-12-14,0.0,305.97,16.36,0.96,646.48,0.9587644896048273
2012-12-15,0.0,285.26,19.48,5.44,900.09,0.7721023765844184
2012-12-16,0.93,216.39,22.33,12.16,1412.94,0.678771320074214
2012-12-17,28.35,124.29,20.65,13.5,1560.0,0.651196235196199
2012-12-18,0.0,289.88,18.97,5.0,880.0,0.8654334330946228
2012-12-19,0.0,310.44,20.84,4.73,858.2,1.3978446872778345
2012-12-20,13.55,228.45,22.68,6.74,979.51,1.30451363076763
2012-12-21,0.0,317.37,16.73,0.48,638.62,1.2939078288914705
2012-12-22,0.0,326.45,14.49,-2.44,520.0,1.5569317154202282
2012-12-23,0.0,297.98,16.98,2.65,737.86,1.2705750647639193
2012-12-24,4.7,173.18,20.63,10.46,1276.91,0.9948242159837699
2012-12-25,19.62,182.33,22.64,11.69,1375.53,0.9057354802240293
2012-12-26,16.86,255.67,18.42,3.5,800.0,2.184795186488876
2012-12-27,0.0,227.66,9.78,0.75,641.6,4.687764429262541
2012-12-28,20.22,202.24,13.86,2.34,725.24,4.878668863033413
2012-12-29,27.79,192.86,12.66,2.54,723.34,3.796877071665134
2012-12-30,0.0,292.46,9.87,-2.5,520.0,4.242320750463838
2012-12-31,13.89,242.66,11.27,0.02,621.67,3.5847610341419425
2013-01-01,0.32,268.84,19.81,8.74,1139.0,2.736296884049175
2013-01-02,9.83,174.96,14.24,5.83,924.45,2.0278293187217145
2013-01-03,7.19,170.85,9.13,1.5,680.0,2.0426774413483377
2013-01-04,0.0,316.6,12.97,-0.03,600.0,2.184795186488876
2013-01-05,0.0,255.46,11.69,2.51,730.79,1.8623788094536244
2013-01-06,18.22,140.02,10.48,4.22,820.37,1.5272354701669815
2013-01-07,4.58,287.49,14.91,1.39,671.44,1.5781433191725476
2013-01-08,0.0,271.3,16.2,6.05,935.27,1.7584419510672604
2013-01-09,5.01,188.68,19.01,11.55,1363.71,1.5208719890412856
2013-01-10,8.5,120.21,21.14,15.42,1753.27,1.329967555270413
2013-01-11,19.35,134.95,22.76,16.26,1841.77,1.6014760833000985
2013-01-12,7.74,123.24,23.68,18.59,2134.35,2.7575084878014944
2013-01-13,13.67,173.01,23.12,14.51,1653.54,2.5666040540306216
2013-01-14,31.6,231.41,17.69,5.6,915.83,3.13931735534324
2013-01-15,12.46,150.31,11.53,4.97,877.4,4.815034051776456
2013-01-16,7.2,129.32,8.8,3.37,779.34,6.702866785732863
2013-01-17,2.57,211.92,9.45,1.49,678.99,7.636177350834906
2013-01-18,0.0,329.12,12.81,0.25,618.63,6.660443578228224
2013-01-19,0.0,363.67,16.32,0.34,627.32,4.2635323542161565
2013-01-20,0.0,366.89,18.04,1.57,685.75,2.7787200915538133
2013-01-21,0.0,360.12,18.3,2.8,744.33,2.0957064507291356
2013-01-22,0.0,346.37,15.88,2.23,719.82,1.777532394444348
2013-01-23,0.0,369.59,17.45,1.52,681.42,1.5739009984220838
2013-01-24,0.0,369.43,20.69,4.35,827.94,1.4254197721558493
2013-01-25,0.0,359.82,22.41,6.97,997.83,1.3172405930190214
2013-01-26,0.0,338.37,22.39,8.98,1158.43,1.2366364987602088
2013-01-27,0.0,331.04,21.68,9.05,1164.26,1.175122847878483
2013-01-28,0.0,329.54,23.31,10.66,1292.8,1.1242149988729169
2013-01-29,0.0,240.92,23.72,15.48,1758.72,1.0839129517435104
2013-01-30,22.33,281.17,23.13,7.05,1004.16,1.1878498101298745
2013-01-31,11.74,351.46,17.21,0.02,608.6,2.7787200915538133
2013-02-01,0.0,377.31,16.58,1.63,690.77,3.5635494303896236
2013-02-02,0.0,404.79,17.99,-0.48,591.41,2.630238865287579
2013-02-03,0.0,393.97,19.86,2.61,734.17,1.9684368282152205
2013-02-04,1.11,329.97,16.1,3.25,779.8,1.4911757437880389
2013-02-05,6.39,242.07,19.97,8.59,1126.96,1.4275409325310813
2013-02-06,6.31,270.16,20.99,10.25,1260.28,1.6226876870524178
2013-02-07,36.53,231.11,22.66,11.54,1362.81,2.418122827764387
2013-02-08,0.0,323.8,21.92,10.07,1245.59,4.878668863033413
2013-02-09,0.0,353.08,19.35,6.1,937.34,4.815034051776456
2013-02-10,0.0,263.96,21.06,11.97,1397.52,3.0120477328293247
2013-02-11,38.28,169.27,20.47,12.88,1470.74,2.142371978984238
2013-02-12,24.09,136.96,18.03,12.19,1415.29,2.736296884049175
2013-02-13,7.08,243.05,16.37,5.99,928.09,4.2635323542161565
2013-02-14,0.58,343.21,14.5,2.47,728.36,4.921092070538051
2013-02-15,0.0,405.94,17.82,1.62,689.83,4.008993109188326
2013-02-16,0.0,365.36,13.36,0.34,623.96,2.9059897140677284
2013-02-17,0.0,406.92,13.43,-2.23,520.0,2.1635835827365573
2013-02-18,0.0,384.07,17.48,3.21,771.51,1.8178344415737544
2013-02-19,11.6,278.65,18.95,5.49,905.62,1.9154078188344228
2013-02-20,0.0,362.48,15.99,3.52,795.58,2.6726620727922175
2013-02-21,0.0,371.98,18.26,5.23,896.89,2.821143299058452
2013-02-22,22.08,209.74,20.24,11.27,1341.73,2.693873676544537
2013-02-23,19.81,154.32,16.84,10.8,1303.62,4.984726881795009
2013-02-24,0.23,371.51,19.02,6.67,973.66,7.890716595862737
2013-02-25,52.76,209.72,20.19,11.76,1380.62,10.117934989856252
2013-02-26,31.23,247.43,17.67,7.79,1063.24,11.136091969967573
2013-02-27,0.0,383.72,17.68,5.59,909.28,11.45426602625236
2013-02-28,0.0,383.76,15.21,3.37,781.22,10.266416216122487
2013-03-01,0.0,413.84,14.39,1.33,666.54,7.339214898302438
2013-03-02,0.0,381.14,9.99,-0.94,565.1,4.3271671654731145
2013-03-03,0.0,447.94,11.37,-2.94,487.92,2.842354902810771
2013-03-04,0.0,473.28,17.01,0.31,624.34,2.290853205250472
2013-03-05,0.0,465.97,22.48,5.67,915.37,2.0257081583464824
2013-03-06,0.0,458.42,18.31,3.0,760.0,1.8644999698288565
2013-03-07,0.0,449.32,16.0,1.68,694.55,1.720261064313086
2013-03-08,0.0,489.8,20.39,2.06,720.0,1.590870281423939
2013-03-09,0.0,455.72,22.12,6.4,954.37,1.4826911022871112
2013-03-10,0.0,346.45,24.02,13.62,1560.57,1.408450489153994
2013-03-11,11.91,318.56,19.86,6.66,973.1,1.3745119231502831
2013-03-12,4.7,436.81,18.5,2.81,744.49,2.2484299977458337
2013-03-13,0.0,469.68,18.54,2.69,735.29,2.86356650656309
2013-03-14,0.0,470.94,19.0,2.82,745.27,2.269641601498153
2013-03-15,0.0,483.44,21.5,3.93,800.0,1.7626842718177245
2013-03-16,0.0,468.13,24.08,7.2,1015.84,1.457237177784328
2013-03-17,0.0,416.84,24.11,10.4,1272.01,1.3257252345199493
2013-03-18,0.0,349.13,26.37,15.37,1744.74,1.2557269421372959
2013-03-19,7.21,327.36,25.5,11.37,1349.38,1.2175460553831214
2013-03-20,0.0,432.98,20.73,7.1,1008.22,1.173001687503251
2013-03-21,0.0,453.14,18.7,4.37,829.21,1.119972678122453
2013-03-22,0.68,376.01,18.72,7.87,1069.22,1.069064829116887
2013-03-23,3.34,207.93,21.12,14.22,1622.42,1.0393685838636402
2013-03-24,2.27,351.11,21.76,8.98,1158.41,1.041489744238872
2013-03-25,0.0,463.06,16.31,1.99,718.81,1.043610904614104
2013-03-26,0.0,465.26,13.57,-0.57,585.72,1.0181569801113208
2013-03-27,0.0,485.18,14.53,-0.88,570.16,0.9693702914809867
2013-03-28,0.0,515.58,19.0,0.87,642.59,0.9248259236011166
2013-03-29,0.0,507.89,21.61,3.59,798.84,0.8951296783478696
2013-03-30,0.0,463.69,23.82,8.22,1097.78,0.8781603953460143
2013-03-31,4.61,345.58,24.48,11.88,1390.39,0.8760392349707824
2013-04-01,10.97,296.32,24.13,11.79,1382.82,1.4402678947824727
2013-04-02,0.0,467.09,25.19,9.39,1190.98,1.4805699419118794
2013-04-03,33.94,250.05,20.06,10.51,1281.09,1.646020451179969
2013-04-04,18.34,211.5,16.55,9.9,1232.05,3.9665699016836884
2013-04-05,1.0,393.02,19.25,7.85,1067.94,4.4968599954916675
2013-04-06,0.0,503.04,22.0,5.56,920.0,2.884778110315409
2013-04-07,0.0,489.36,24.1,8.27,1101.84,1.900559696207799
2013-04-08,0.0,432.78,26.0,12.75,1465.61,1.4445102155329366
2013-04-09,0.0,293.78,27.12,18.68,2155.83,1.2472423006363682
2013-04-10,0.0,246.45,26.98,20.07,2335.96,1.1390631214995404
2013-04-11,23.57,306.53,26.36,14.47,1643.28,1.1878498101298745
2013-04-12,20.93,444.2,24.45,8.67,1133.69,3.4574914116280278
2013-04-13,0.0,517.39,25.0,8.23,1098.3,5.811979428135457
2013-04-14,58.38,309.09,23.43,12.01,1400.49,5.8544026356400956
2013-04-15,5.14,306.89,24.97,15.68,1777.02,6.490750748209671
2013-04-16,0.0,317.76,28.24,19.62,2282.76,7.424061313311715
2013-04-17,0.0,326.76,28.75,19.87,2309.38,6.957406030760693
2013-04-18,0.0,313.52,27.24,19.04,2207.64,4.5604948067486255
2013-04-19,22.85,414.2,24.71,6.71,977.18,3.330221789114112
2013-04-20,0.0,550.46,19.87,3.0,759.51,4.857457259281094
2013-04-21,0.0,530.72,22.01,5.96,928.96,4.412013580482391
2013-04-22,0.0,519.96,24.93,8.76,1140.46,2.969624525324686
2013-04-23,0.0,435.52,25.97,13.63,1559.8,2.0957064507291356
2013-04-24,11.91,293.06,23.36,14.68,1671.87,1.694807139810303
2013-04-25,14.34,386.21,22.91,11.27,1341.79,1.7605631114424927
2013-04-26,0.0,487.42,24.73,10.77,1301.39,1.9726791489656843
2013-04-27,0.0,445.21,26.94,14.58,1658.78,1.7223822246883178
2013-04-28,6.55,266.3,25.5,16.54,1878.92,1.4487525362834006
2013-04-29,18.04,304.44,26.21,15.73,1784.08,1.6820801775589116
2013-04-30,0.05,403.18,26.38,16.02,1814.76,1.7096552624369266
2013-05-01,46.67,241.77,25.17,17.41,1986.16,4.305955561720794
2013-05-02,47.63,218.18,23.66,16.99,1918.82,12.217883761335852
2013-05-03,5.35,351.9,23.34,11.44,1355.37,23.120648090027913
2013-05-04,4.76,497.25,21.98,4.61,849.13,18.644999698288565
2013-05-05,0.0,472.01,19.19,7.41,1032.53,11.645170460023234
2013-05-06,0.0,506.1,21.25,7.94,1074.9,7.848293388358099
2013-05-07,0.0,507.77,24.6,10.78,1302.27,4.136262731702241
2013-05-08,0.0,509.22,27.06,12.68,1454.76,2.6726620727922175
2013-05-09,0.0,469.68,27.58,14.78,1685.5,2.0978276111043677
2013-05-10,33.07,276.2,25.06,15.97,1807.93,1.8772269320802482
2013-05-11,26.9,258.68,24.14,15.89,1795.29,2.5666040540306216
2013-05-12,0.16,428.81,25.59,14.67,1673.45,3.7332422604081765
2013-05-13,0.0,527.24,25.52,10.74,1298.98,3.4574914116280278
2013-05-14,0.0,536.28,27.53,11.64,1371.25,2.693873676544537
2013-05-15,0.0,505.21,28.36,13.85,1586.37,1.8920750547068714
2013-05-16,0.0,430.79,28.33,16.84,1913.53,1.5229931494165176
2013-05-17,0.0,342.0,28.5,19.78,2302.24,1.3490579986475002
2013-05-18,0.0,327.33,30.01,21.51,2561.21,1.2429999798859044
2013-05-19,0.0,304.92,28.93,21.36,2537.36,1.173001687503251
2013-05-20,0.0,346.6,30.94,22.13,2660.76,1.1284573196233807
2013-05-21,0.0,374.8,30.88,21.4,2543.33,1.0669436687416551
2013-05-22,9.14,278.5,28.22,19.37,2259.57,1.0096723386103934
2013-05-23,5.59,404.26,30.77,18.77,2163.52,1.1136091969967574
2013-05-24,0.0,471.17,31.26,18.41,2114.34,1.1560324045013957
2013-05-25,0.0,512.29,29.85,15.35,1748.26,1.0478532253645678
2013-05-26,0.0,498.33,29.52,15.81,1787.24,0.9311894047268122
2013-05-27,0.0,460.08,29.71,17.59,2012.01,0.8378583482166079
2013-05-28,0.0,486.65,30.0,16.6,1887.42,0.7742235369596503
2013-05-29,0.22,363.42,29.93,20.75,2442.55,0.7211945275788523
2013-05-30,1.74,310.53,29.36,21.88,2620.92,0.6872559615751416
2013-05-31,3.55,252.01,30.0,22.47,2714.7,0.676650159698982
2013-06-01,0.0,354.32,30.87,21.95,2631.49,0.6745289993237501
2013-06-02,9.51,319.89,31.02,19.85,2309.81,0.6724078389485182
2013-06-03,0.0,427.04,31.62,20.46,2393.63,0.8272525463404482
2013-06-04,0.0,376.21,32.11,22.56,2729.1,1.1602747252518595
2013-06-05,4.88,309.46,31.77,22.32,2691.11,0.9439163669782038
2013-06-06,17.13,365.02,32.12,19.23,2236.48,0.8060409425881291
2013-06-07,8.39,329.52,30.38,19.29,2246.17,0.886645036846942
2013-06-08,2.57,373.95,30.67,19.91,2321.33,0.8187679048395206
2013-06-09,3.73,313.39,29.76,20.75,2439.63,0.7657388954587226
2013-06-10,14.41,281.41,30.19,21.17,2507.46,1.2875443477657746
2013-06-11,0.0,395.26,33.08,22.97,2795.56,2.821143299058452
2013-06-12,0.0,412.07,33.69,23.0,2799.6,2.5453924502783027
2013-06-13,0.0,409.16,34.0,23.46,2873.29,1.9514675452133652
2013-06-14,2.2,419.07,33.67,22.37,2699.15,1.1517900837509318
2013-06-15,0.0,473.53,33.01,20.31,2369.26,0.88452387647171
2013-06-16,0.0,444.95,33.84,22.0,2640.14,0.7487696124568672
2013-06-17,0.0,376.03,32.8,23.5,2887.87,0.6660443578228225
2013-06-18,3.18,313.62,32.93,22.87,2779.45,0.6214999899429522
2013-06-19,6.53,335.43,31.09,21.92,2627.6,0.6130153484420245
2013-06-20,10.89,310.33,32.12,21.7,2592.48,0.7318003294550119
2013-06-21,14.61,321.58,32.02,21.04,2486.14,0.9693702914809867
2013-06-22,0.0,424.13,32.02,21.23,2517.3,0.8421006689670717
2013-06-23,0.28,415.99,32.21,21.6,2576.21,0.6978617634513012
2013-06-24,6.37,304.45,31.54,22.42,2707.99,0.7211945275788523
2013-06-25,4.81,364.57,32.06,22.22,2674.72,0.7911928199615056
2013-06-26,0.0,423.01,33.62,22.81,2769.44,0.6914982823256055
2013-06-27,0.0,403.1,34.04,23.89,2969.47,0.653317395571431
2013-06-28,0.0,403.72,34.2,23.97,2979.84,0.5790767824383137
2013-06-29,1.42,411.04,33.48,21.97,2635.41,0.5154419711813563
2013-06-30,4.58,431.83,33.47,20.64,2422.99,0.4687764429262541
2013-07-01,0.0,459.26,31.7,19.76,2299.02,0.4475648391739348
2013-07-02,0.0,449.62,31.36,19.86,2309.54,0.4242320750463837
2013-07-03,6.13,308.54,30.35,21.06,2490.17,0.42635323542161563
2013-07-04,1.01,373.87,31.45,21.75,2600.31,0.4412013580482391
2013-07-05,17.42,215.98,27.82,21.52,2562.58,0.7105887257026927
2013-07-06,21.91,187.18,26.98,21.7,2592.8,0.8633122727193909
2013-07-07,14.16,194.31,27.59,22.14,2662.38,1.6905648190598392
2013-07-08,20.07,280.87,30.46,21.95,2632.55,3.839300279169773
2013-07-09,0.0,432.25,32.37,21.72,2595.7,4.369590372977752
2013-07-10,4.69,339.48,32.56,22.77,2763.9,2.9272013178200478
2013-07-11,11.83,281.25,30.15,21.66,2586.3,1.8793480924554802
2013-07-12,13.07,335.49,31.86,20.81,2449.3,2.032071639472178
2013-07-13,2.2,412.05,32.24,20.97,2475.55,1.8199556019489862
2013-07-14,9.17,341.89,31.56,20.65,2424.46,1.7245033850635498
2013-07-15,9.06,352.73,31.33,21.46,2553.94,1.4190562910301536
2013-07-16,7.06,274.84,29.96,21.85,2616.32,1.6778378568084478
2013-07-17,1.95,380.19,32.0,22.11,2657.85,1.870863450954552
2013-07-18,3.11,360.54,32.53,21.8,2608.05,1.9154078188344228
2013-07-19,11.63,328.33,31.95,21.28,2525.16,1.5760221587973156
2013-07-20,0.49,404.49,31.97,22.08,2652.6,1.5335989512926773
2013-07-21,6.85,322.95,30.34,22.16,2665.96,1.2896655081410067
2013-07-22,11.29,274.92,30.63,22.48,2717.32,1.5378412720431411
2013-07-23,15.03,291.67,32.5,23.44,2876.14,1.7626842718177245
2013-07-24,0.0,389.05,32.62,23.53,2893.78,1.512387347540358
2013-07-25,4.21,336.63,32.64,22.28,2685.51,1.3342098760208767
2013-07-26,0.0,458.82,32.88,21.32,2531.36,1.2429999798859044
2013-07-27,13.23,260.41,29.66,22.18,2668.96,1.0096723386103934
2013-07-28,17.49,266.85,29.97,22.28,2684.81,1.0266416216122487
2013-07-29,0.0,425.41,32.85,22.65,2744.76,1.1072457158710616
2013-07-30,0.0,408.09,33.38,23.7,2930.98,0.9502798481038995
2013-07-31,0.0,405.49,33.5,23.93,2977.32,0.8230102255899845
2013-08-01,2.25,386.41,33.61,23.47,2878.18,0.7827081784605779
2013-08-02,4.01,446.11,34.0,21.5,2560.73,0.8145255840890567
2013-08-03,0.0,460.3,34.5,22.52,2723.4,0.9693702914809867
2013-08-04,0.0,439.38,34.7,23.39,2866.38,0.8272525463404482
2013-08-05,5.48,363.6,34.62,23.5,2880.32,0.6999829238265332
2013-08-06,11.79,343.44,34.47,23.41,2865.89,0.6469539144457352
2013-08-07,1.67,397.41,34.99,23.42,2867.44,0.72967916907978
2013-08-08,0.0,397.22,34.22,24.14,3019.59,0.8421006689670717
2013-08-09,2.94,331.29,32.62,23.98,2993.0,0.9227047632258847
2013-08-10,0.0,394.44,32.97,23.22,2836.09,0.8675545934698548
2013-08-11,6.42,323.82,32.46,23.1,2816.46,1.041489744238872
2013-08-12,23.05,297.17,31.97,23.52,2897.17,1.1369419611243083
2013-08-13,14.76,302.47,32.5,22.64,2743.08,1.090276432869206
2013-08-14,27.91,210.18,28.16,22.22,2675.15,1.1114880366215254
2013-08-15,9.7,320.94,30.4,21.99,2638.5,1.4614794985347919
2013-08-16,0.0,390.0,30.59,21.56,2569.0,2.4393344315167065
2013-08-17,3.19,265.48,27.6,21.47,2555.47,2.502969242773664
2013-08-18,34.15,200.42,26.56,21.17,2507.19,2.2484299977458337
2013-08-19,9.9,271.49,29.34,21.9,2623.69,2.969624525324686
2013-08-20,10.2,307.55,31.49,21.88,2620.38,3.054470940333963
2013-08-21,1.88,336.15,31.46,22.72,2755.05,2.587815657782941
2013-08-22,0.07,422.13,32.47,22.04,2647.18,1.8114709604480586
2013-08-23,0.0,389.53,31.09,22.02,2643.3,1.7711689133186521
2013-08-24,8.05,240.77,28.85,21.99,2639.1,1.30451363076763
2013-08-25,10.37,282.53,29.52,21.97,2635.78,1.2896655081410067
2013-08-26,0.0,408.14,30.65,21.15,2503.7,1.3129982722685576
2013-08-27,0.0,480.48,30.72,18.19,2095.17,1.1093668762462934
2013-08-28,0.0,488.99,31.17,17.93,2063.27,0.8993719990983334
2013-08-29,0.0,482.42,32.48,19.01,2201.78,0.7954351407119695
2013-08-30,0.0,447.87,32.73,20.75,2440.01,0.7127098860779246
2013-08-31,0.0,431.27,33.5,21.94,2630.82,0.6469539144457352
2013-09-01,0.0,419.36,33.91,22.71,2753.49,0.5939249050649372
2013-09-02,0.0,405.61,33.87,23.2,2831.6,0.5536228579355308
2013-09-03,0.89,398.3,34.07,23.1,2816.02,0.521805452307052
2013-09-04,9.2,314.82,33.06,22.02,2643.07,0.5048361693051967
2013-09-05,0.0,406.49,32.91,22.33,2692.85,0.5239266126822839
2013-09-06,1.86,386.08,32.99,22.12,2659.04,0.6554385559466629
2013-09-07,0.0,432.55,33.04,21.23,2517.46,1.0117934989856252
2013-09-08,0.0,443.36,33.24,20.73,2436.8,0.7954351407119695
2013-09-09,0.0,428.66,33.31,21.32,2531.74,0.6130153484420245
2013-09-10,0.0,419.14,33.37,21.65,2584.35,0.5260477730575158
2013-09-11,4.1,389.97,33.06,21.59,2574.24,0.48150340517764556
2013-09-12,0.0,424.6,33.2,21.04,2486.08,0.4602918014253264
2013-09-13,0.0,417.1,33.71,21.5,2560.05,0.4539283202996306
2013-09-14,0.18,402.43,32.11,20.8,2447.74,0.443322518423471
2013-09-15,0.0,430.32,32.44,19.65,2288.62,0.42635323542161563
2013-09-16,0.0,424.35,33.48,20.42,2387.52,0.41150511279499224
2013-09-17,0.0,397.03,33.2,21.22,2515.64,0.40302047129406454
2013-09-18,0.11,329.44,31.34,22.14,2663.1,0.3966569901683688
2013-09-19,3.26,293.47,31.3,22.27,2683.8,0.3839300279169773
2013-09-20,2.0,297.42,31.56,22.16,2665.21,0.38817234866744116
2013-09-21,28.53,199.56,28.41,21.46,2552.87,0.41574743354545607
2013-09-22,17.65,235.81,26.8,18.62,2142.71,0.5599863390612265
2013-09-23,0.0,408.08,29.89,17.67,2024.71,0.7721023765844184
2013-09-24,19.04,251.67,30.05,20.5,2404.16,0.9205836028506528
2013-09-25,12.59,318.82,31.33,20.25,2361.36,1.1623958856270913
2013-09-26,0.0,413.76,31.5,18.21,2096.86,1.361784960898892
2013-09-27,0.0,377.31,29.97,18.67,2148.15,0.9608856499800592
2013-09-28,0.0,397.98,29.98,17.71,2033.53,0.7487696124568672
2013-09-29,0.0,396.2,28.91,16.84,1907.75,0.6193788295677203
2013-09-30,1.64,304.03,27.49,19.11,2218.16,0.5430170560593712
2013-10-01,0.21,332.55,29.35,19.72,2297.98,0.5048361693051967
2013-10-02,2.91,230.89,28.88,21.12,2498.88,0.48574572592810933
2013-10-03,0.36,303.62,30.07,21.32,2531.93,0.6024095465658649
2013-10-04,0.0,319.32,31.3,21.77,2602.86,0.8166467444642886
2013-10-05,4.37,267.34,31.18,21.79,2605.87,0.7763446973348823
2013-10-06,18.62,271.25,29.44,18.46,2126.43,0.7869504992110419
2013-10-07,1.95,381.17,25.35,12.97,1488.16,1.069064829116887
2013-10-08,0.0,419.92,25.07,11.82,1385.43,0.9545221688543633
2013-10-09,0.0,404.15,26.3,13.55,1552.83,0.755133093582563
2013-10-10,0.0,353.05,27.23,16.65,1885.01,0.653317395571431
2013-10-11,0.0,375.48,29.08,17.02,1924.0,0.6024095465658649
2013-10-12,0.0,369.42,30.01,17.94,2069.73,0.5621074994364584
2013-10-13,0.0,362.72,31.0,18.92,2186.89,0.5324112541832116
2013-10-14,0.0,361.76,29.89,18.0,2079.99,0.5090784900556604
2013-10-15,0.0,361.82,29.09,17.28,1965.27,0.4878668863033413
2013-10-16,0.0,346.14,29.0,17.89,2060.2,0.43908019767300716
2013-10-17,1.06,278.35,26.69,18.12,2085.8,0.41574743354545607
2013-10-18,0.01,297.21,23.45,15.0,1707.6,0.41150511279499224
2013-10-19,6.77,216.68,21.48,13.46,1542.94,0.41574743354545607
2013-10-20,1.94,336.88,23.25,11.1,1327.64,0.4327167165473114
2013-10-21,0.0,359.13,22.56,11.31,1344.68,0.46665528255102207
2013-10-22,0.0,367.6,25.09,12.79,1470.17,0.4624129618005583
2013-10-23,0.0,406.12,24.66,9.65,1211.88,0.45180715992439874
2013-10-24,0.0,425.71,24.64,7.19,1015.45,0.4284743957968476
2013-10-25,0.0,398.26,21.17,6.71,976.92,0.4093839524197603
2013-10-26,0.0,424.79,22.32,4.72,857.47,0.3945358297931369
2013-10-27,0.0,403.29,23.05,7.07,1005.84,0.3839300279169773
2013-10-28,0.0,371.14,26.02,11.69,1375.11,0.3775665467912815
2013-10-29,0.0,347.01,26.78,13.66,1569.05,0.3775665467912815
2013-10-30,0.0,314.84,26.4,14.92,1703.93,0.37544538641604963
2013-10-31,0.0,206.06,26.0,19.02,2205.43,0.3775665467912815
2013-11-01,15.13,250.43,25.5,12.83,1470.01,0.3987781505436007
2013-11-02,0.0,364.1,23.67,9.07,1165.39,0.4539283202996306
2013-11-03,0.0,356.2,20.56,6.73,978.77,0.5154419711813563
2013-11-04,0.0,360.67,21.5,6.9,991.64,0.521805452307052
2013-11-05,0.0,282.82,23.06,12.6,1453.7,0.47301876367671786
2013-11-06,0.0,314.51,25.86,13.26,1521.13,0.43483787692254333
2013-11-07,9.4,251.11,22.15,9.43,1194.58,0.43483787692254333
2013-11-08,0.0,344.32,18.57,4.88,870.24,0.521805452307052
2013-11-09,0.0,369.84,22.24,5.53,920.0,0.5918037446897053
2013-11-10,0.0,321.19,23.54,10.2,1256.11,0.5345324145584435
2013-11-11,0.0,347.93,23.85,8.23,1098.73,0.47513992405194977
2013-11-12,0.0,354.62,22.57,6.33,949.35,0.43695903729777524
2013-11-13,0.0,352.47,14.97,-0.27,599.2,0.41574743354545607
2013-11-14,0.0,361.45,16.74,0.09,614.67,0.392414669417905
2013-11-15,7.67,207.07,19.14,9.25,1179.66,0.3987781505436007
2013-11-16,11.35,132.55,21.93,15.0,1709.38,0.41574743354545607
2013-11-17,2.43,147.38,25.45,18.51,2128.97,0.4602918014253264
2013-11-18,6.66,205.69,24.89,14.45,1636.02,0.49423036742903703
2013-11-19,0.0,311.92,20.55,6.7,975.84,0.5281689334327477
2013-11-20,0.0,345.22,20.7,3.69,800.0,0.5090784900556604
2013-11-21,0.0,261.23,20.78,9.67,1214.0,0.47301876367671786
2013-11-22,0.0,199.8,22.77,14.53,1653.65,0.4496859995491667
2013-11-23,0.39,242.61,18.95,9.17,1173.68,0.4496859995491667
2013-11-24,0.0,249.26,12.38,2.79,745.72,0.43695903729777524
2013-11-25,0.39,247.28,12.46,2.86,749.19,0.43059555617207945
2013-11-26,37.93,164.25,12.95,4.89,871.48,0.5599863390612265
2013-11-27,5.21,199.19,9.62,-0.32,599.55,1.4296620929063133
2013-11-28,0.0,311.79,9.68,-3.0,480.0,1.4529948570338642
2013-11-29,0.0,354.7,14.69,-3.0,480.0,1.1305784799986127
2013-11-30,0.0,358.72,18.67,-1.13,560.0,0.8930085179726378
2013-12-01,0.0,342.28,19.84,1.87,705.29,0.7508907728320993
2013-12-02,0.0,299.51,21.1,7.04,1003.37,0.6660443578228225
2013-12-03,6.23,147.92,22.38,14.1,1608.22,0.6130153484420245
2013-12-04,0.0,163.94,24.36,17.5,2000.0,0.6024095465658649
2013-12-05,0.9,105.48,24.33,20.0,2320.0,0.6724078389485182
2013-12-06,2.94,244.89,25.16,12.15,1413.43,0.704225244576997
2013-12-07,4.7,193.11,13.61,3.46,784.99,0.9375528858525082
2013-12-08,18.4,128.6,9.8,3.92,809.36,0.8675545934698548
2013-12-09,15.55,135.34,15.23,8.66,1132.82,0.78482933883581
2013-12-10,4.92,190.15,12.38,2.87,749.82,0.7657388954587226
2013-12-11,0.0,312.94,13.57,0.16,617.58,0.8802815557212463
2013-12-12,0.0,309.23,13.6,0.56,633.41,0.9778549329819145
2013-12-13,0.0,330.09,14.59,-0.58,593.32,0.8590699519689271
2013-12-14,5.02,237.99,20.86,6.44,965.27,0.7402849709559397
2013-12-15,2.35,242.44,12.38,1.25,660.16,0.6745289993237501
2013-12-16,0.0,333.18,13.99,-1.91,527.03,0.6490750748209672
2013-12-17,0.0,341.56,17.9,-0.34,600.0,0.6681655181980544
2013-12-18,0.0,333.01,18.76,1.35,668.0,0.6448327540705033
2013-12-19,0.0,332.9,20.5,2.55,728.03,0.5939249050649372
2013-12-20,0.0,244.98,22.74,12.08,1406.15,0.5684709805621542
2013-12-21,0.0,154.0,23.83,17.49,1998.98,0.545138216434603
2013-12-22,46.63,153.84,21.95,13.53,1550.31,1.807228639697595
2013-12-23,22.74,215.06,15.02,2.65,735.93,4.624129618005583
2013-12-24,0.0,289.06,10.78,-1.43,560.0,3.2241637703525163
2013-12-25,0.0,285.0,8.92,-2.94,485.17,1.851773007577465
2013-12-26,0.0,289.04,12.38,-0.11,604.84,1.2939078288914705
2013-12-27,0.0,275.28,15.01,3.2,771.05,1.0499743857397998
2013-12-28,28.59,107.11,10.84,5.61,910.23,1.306634791142862
2013-12-29,15.42,179.3,14.77,5.44,910.03,3.7120306566558576
2013-12-30,0.0,237.82,13.32,4.41,832.58,3.881723486674411
2013-12-31,0.0,131.78,9.41,5.07,885.3,2.60902726153526
2014-01-01,1.99,140.16,11.41,4.94,874.76,1.76904775294342
2014-01-02,7.97,186.44,14.02,2.57,733.46,1.7351091869397095
2014-01-03,0.0,269.76,9.25,-3.14,480.0,1.9429829037124373
2014-01-04,0.0,308.58,12.48,-3.01,486.76,1.4148139702796898
2014-01-05,0.0,318.17,17.02,0.2,620.37,1.1836074893794106
2014-01-06,3.07,307.07,14.9,-5.15,426.69,1.0563378668654955
2014-01-07,0.0,254.77,1.47,-9.51,287.21,0.9545221688543633
2014-01-08,0.0,315.35,6.96,-8.33,320.36,0.888766197222174
2014-01-09,0.0,341.16,15.58,-3.09,485.32,0.8442218293423036
2014-01-10,0.52,262.9,17.96,5.0,875.12,0.8145255840890567
2014-01-11,19.77,227.54,21.93,6.44,962.44,0.9778549329819145
2014-01-12,0.0,338.01,20.3,1.75,700.15,1.2599692628877597
2014-01-13,9.91,177.48,17.01,7.01,1000.82,1.2960289892667023
2014-01-14,13.02,249.09,18.3,4.65,851.8,1.590870281423939
2014-01-15,0.0,279.33,14.15,1.6,688.19,1.5993549229248667
2014-01-16,0.0,330.26,12.44,-3.6,470.5,1.353300319397964
2014-01-17,0.0,330.88,14.65,-1.53,547.94,1.098761074370134
2014-01-18,0.0,345.01,13.81,-3.5,480.0,0.9439163669782038
2014-01-19,1.68,333.04,16.87,0.53,634.42,0.8569487915936952
2014-01-20,0.0,354.06,18.42,-0.07,601.05,0.8124044237138248
2014-01-21,0.0,322.46,15.73,0.71,639.06,0.7678600558339546
2014-01-22,0.0,346.59,11.99,-4.57,440.0,0.72967916907978
2014-01-23,0.0,313.59,12.19,-1.62,546.79,0.6893771219503736
2014-01-24,0.0,206.53,5.29,-2.62,502.6,0.6575597163218948
2014-01-25,0.0,321.24,11.01,-3.0,491.2,0.6342269521943437
2014-01-26,0.0,330.47,14.65,-0.17,600.9,0.6299846314438798
2014-01-27,3.73,214.76,17.48,5.34,903.0,0.625742310693416
2014-01-28,2.37,329.47,13.11,-3.99,445.89,0.6639231974475905
2014-01-29,2.14,208.42,0.49,-7.51,347.88,0.7105887257026927
2014-01-30,0.0,365.73,6.21,-9.3,296.13,0.6893771219503736
2014-01-31,0.0,398.4,14.47,-4.93,434.02,0.6745289993237501
2014-02-01,0.0,384.68,19.4,0.79,642.24,0.6872559615751416
2014-02-02,5.3,208.63,20.01,8.94,1155.49,0.7148310464531566
2014-02-03,9.32,236.38,18.21,4.69,855.29,0.7572542539577949
2014-02-04,2.17,224.93,14.78,5.1,888.35,0.9524010084791315
2014-02-05,23.38,234.95,16.27,3.62,799.86,1.7987439981966669
2014-02-06,1.51,165.46,5.54,-0.88,571.6,2.7575084878014944
2014-02-07,1.4,326.37,10.14,-2.59,511.25,1.9344982622115097
2014-02-08,1.0,347.66,15.25,1.37,676.85,1.438146734407241
2014-02-09,0.0,360.33,18.5,3.57,794.01,1.1857286497546426
2014-02-10,1.0,287.24,18.47,7.12,1009.27,1.043610904614104
2014-02-11,18.22,166.45,10.16,2.84,747.54,1.0584590272407273
2014-02-12,39.92,94.06,6.13,2.34,725.86,3.3514333928664315
2014-02-13,0.0,285.75,10.61,1.19,658.3,5.790767824383138
2014-02-14,0.0,396.99,15.41,-0.24,600.0,5.430170560593712
2014-02-15,0.01,376.87,16.45,2.34,721.85,3.3938566003710697
2014-02-16,0.0,419.21,19.38,1.75,699.85,2.2060067902411955
2014-02-17,0.0,363.04,22.54,8.82,1145.42,1.563295196545924
2014-02-18,0.0,267.1,23.13,14.08,1606.67,1.3257252345199493
2014-02-19,0.0,263.89,24.62,15.79,1783.35,1.1920921308803383
2014-02-20,0.0,245.32,25.4,17.35,1977.26,1.1072457158710616
2014-02-21,50.44,309.59,21.48,6.13,931.92,2.7575084878014944
2014-02-22,0.0,399.14,18.79,4.9,872.27,4.772610844271817
2014-02-23,10.65,220.53,18.79,9.78,1222.71,5.0907849005566055
2014-02-24,9.03,273.22,20.97,10.99,1318.81,4.115051127949922
2014-02-25,0.0,350.6,22.47,11.19,1335.15,4.348378769225433
2014-02-26,32.76,300.57,18.06,4.94,874.85,3.415068204123389
2014-02-27,0.95,415.24,11.7,-2.48,510.11,3.8605118829220917
2014-02-28,0.0,455.77,14.33,-1.88,531.64,3.2453753741048357
2014-03-01,0.0,425.44,21.96,7.05,1008.24,2.290853205250472
2014-03-02,0.0,367.83,23.79,12.1,1408.28,1.747836149191101
2014-03-03,2.02,443.69,20.26,1.55,684.33,1.4784487815366472
2014-03-04,3.18,173.96,3.96,-0.95,571.77,1.3257252345199493
2014-03-05,6.92,248.17,9.76,1.08,659.48,1.2620904232629917
2014-03-06,3.11,254.84,13.72,6.08,939.91,1.3151194326437896
2014-03-07,3.3,275.39,15.64,5.8,921.02,1.412692809904458
2014-03-08,0.0,445.09,19.48,5.36,908.9,1.5208719890412856
2014-03-09,0.0,434.73,22.42,8.56,1124.92,1.3469368382722684
2014-03-10,0.0,462.97,24.5,8.49,1119.14,1.1878498101298745
2014-03-11,8.0,326.48,21.61,11.42,1353.91,1.1008822347453657
2014-03-12,13.87,276.6,19.5,9.36,1188.69,1.7181399039378542
2014-03-13,0.0,505.44,18.93,0.86,645.71,4.17868593920688
2014-03-14,0.0,491.12,19.43,2.38,720.0,4.3271671654731145
2014-03-15,3.36,331.22,20.13,9.58,1206.49,2.4393344315167065
2014-03-16,34.26,268.96,23.67,13.27,1520.29,2.1635835827365573
2014-03-17,8.28,373.25,20.47,5.73,919.79,2.6514504690398986
2014-03-18,0.0,388.11,14.81,4.44,838.75,2.1041910922300633
2014-03-19,0.0,484.91,21.2,5.49,904.75,1.8857115735811758
2014-03-20,0.0,466.42,23.51,8.54,1123.5,1.7393515076901733
2014-03-21,0.0,501.27,23.89,6.25,940.35,1.3363310363961087
2014-03-22,0.0,464.59,25.56,10.07,1245.63,1.1602747252518595
2014-03-23,4.64,301.5,23.93,11.99,1399.18,1.0817917913682786
2014-03-24,0.18,384.33,19.53,8.79,1142.9,1.1708805271280192
2014-03-25,0.0,462.71,18.11,4.23,828.73,1.2875443477657746
2014-03-26,0.0,483.99,15.3,0.53,637.36,1.1857286497546426
2014-03-27,0.0,424.46,18.67,6.47,963.11,1.0351262631131763
2014-03-28,71.79,201.57,20.22,13.15,1512.56,1.7138975831873904
2014-03-29,27.56,285.73,21.51,11.02,1321.75,5.0907849005566055
2014-03-30,0.0,504.62,22.0,5.81,922.84,7.063464049522289
2014-03-31,0.0,529.8,23.21,4.88,870.42,7.508907728320993
2014-04-01,0.0,492.61,24.9,8.91,1152.74,5.451382164346031
2014-04-02,0.0,405.38,26.12,14.37,1633.71,2.969624525324686
2014-04-03,0.0,301.93,26.87,18.46,2120.88,1.928134781085814
2014-04-04,2.38,258.52,25.96,18.13,2089.63,1.5887491210487072
2014-04-05,11.14,225.79,20.9,13.11,1501.03,1.561174036170692
2014-04-06,6.09,280.04,21.65,11.67,1373.29,1.720261064313086
2014-04-07,12.78,293.04,23.4,12.77,1476.01,1.8623788094536244
2014-04-08,2.73,397.19,19.71,7.7,1055.95,1.7287457058140139
2014-04-09,9.18,360.66,21.02,7.29,1023.1,1.6057184040505625
2014-04-10,0.0,516.59,23.05,6.96,996.75,1.6523839323056646
2014-04-11,0.0,490.73,24.79,9.8,1223.98,1.3936023665273707
2014-04-12,0.0,440.2,26.26,13.58,1561.94,1.19421329125557
2014-04-13,0.0,404.24,26.84,15.63,1770.64,1.0817917913682786
2014-04-14,13.89,323.59,25.19,15.13,1720.46,1.119972678122453
2014-04-15,52.17,360.09,19.07,5.89,927.66,4.136262731702241
2014-04-16,0.0,524.07,17.45,2.33,720.07,4.899880466785732
2014-04-17,0.0,483.11,19.43,6.08,935.08,3.5211262228849853
2014-04-18,14.38,235.05,19.27,11.71,1377.09,2.9272013178200478
2014-04-19,0.06,467.89,23.74,10.77,1301.25,3.2665869778571546
2014-04-20,0.0,505.09,25.87,11.0,1320.0,2.418122827764387
2014-04-21,0.0,460.21,24.82,12.32,1425.96,1.7245033850635498
2014-04-22,0.0,441.4,25.18,13.39,1538.88,1.382996564651211
2014-04-23,0.0,460.85,27.0,14.15,1611.73,1.2090614138821936
2014-04-24,0.0,466.91,28.13,14.85,1695.8,1.1030033951205978
2014-04-25,0.0,408.37,29.0,17.95,2061.88,1.0139146593608572
2014-04-26,0.0,417.07,28.75,17.46,1999.26,0.9333105651020441
2014-04-27,0.0,319.71,28.55,20.29,2376.79,0.8717969142203186
2014-04-28,0.0,307.21,28.98,21.07,2491.17,0.8230102255899845
2014-04-29,70.11,272.9,26.97,17.89,2061.11,5.430170560593712
2014-04-30,19.65,324.47,26.5,15.5,1758.13,12.345153383849766
2014-05-01,0.0,515.16,23.89,10.01,1240.61,10.69064829116887
2014-05-02,0.0,487.17,23.36,10.84,1307.3,7.402849709559396
2014-05-03,0.0,542.02,26.38,10.26,1260.96,3.096894147838601
2014-05-04,0.0,530.97,29.5,13.04,1499.71,1.8263190830746818
2014-05-05,0.0,507.21,30.31,14.85,1696.21,1.406329328778762
2014-05-06,0.0,510.58,29.18,13.66,1567.38,1.2048190931317297
2014-05-07,0.0,456.61,29.01,16.02,1817.01,1.071185989492119
2014-05-08,0.0,396.58,29.28,18.49,2127.92,0.9757337726066826
2014-05-09,6.65,316.63,27.25,18.85,2175.39,1.1539112441261639
2014-05-10,85.12,280.89,27.67,18.09,2079.38,7.487696124568673
2014-05-11,0.0,270.73,28.67,21.95,2632.38,11.411842818747722
2014-05-12,12.83,255.3,29.46,22.25,2680.34,13.193617533942534
2014-05-13,0.0,384.8,29.97,20.1,2341.05,9.524010084791314
2014-05-14,9.69,380.87,28.22,16.44,1867.91,4.793822448024136
2014-05-15,16.41,459.23,24.22,9.39,1191.35,4.157474335454561
2014-05-16,0.0,530.19,24.34,9.7,1215.74,3.287798581609474
2014-05-17,0.0,497.55,27.04,13.49,1547.41,2.184795186488876
2014-05-18,0.0,502.3,28.71,14.39,1631.43,1.6969283001855349
2014-05-19,0.0,509.08,29.22,14.4,1632.19,1.4232986117806175
2014-05-20,0.0,483.4,29.28,15.73,1778.46,1.2578481025125279
2014-05-21,0.0,460.19,30.09,17.35,1976.79,1.1369419611243083
2014-05-22,0.0,461.77,30.77,17.77,2043.69,1.041489744238872
2014-05-23,0.0,456.29,31.5,18.59,2134.61,0.9672491311057548
2014-05-24,0.0,437.45,31.04,19.0,2199.44,0.9057354802240293
2014-05-25,0.0,479.97,31.87,17.81,2046.7,0.8527064708432313
2014-05-26,0.0,454.63,31.43,18.53,2127.1,0.8039197822128972
2014-05-27,0.02,370.13,30.7,20.84,2454.99,0.7614965747082588
2014-05-28,25.1,208.7,27.19,20.33,2374.12,1.202697932756498
2014-05-29,46.3,179.09,25.69,20.0,2324.53,7.042252445769971
2014-05-30,24.95,189.52,27.19,21.1,2496.23,10.96639913994902
2014-05-31,12.73,174.36,26.69,21.32,2531.37,13.342098760208769
2014-06-01,22.88,217.73,28.1,21.22,2515.05,13.914812061521387
2014-06-02,10.71,216.24,28.59,21.86,2616.9,11.22093838497685
2014-06-03,7.94,253.84,29.22,21.31,2529.13,8.569487915936952
2014-06-04,11.68,304.41,30.24,20.5,2399.83,6.893771219503735
2014-06-05,0.0,409.23,31.25,21.24,2518.54,4.836245655528774
2014-06-06,0.0,421.11,32.46,21.89,2622.59,2.969624525324686
2014-06-07,0.0,377.14,33.19,23.9,2977.03,2.184795186488876
2014-06-08,0.0,384.07,33.19,23.66,2920.75,1.7817747151948118
2014-06-09,0.0,368.27,32.63,23.68,2925.55,1.5293566305422133
2014-06-10,29.61,289.6,30.21,21.12,2498.41,1.3936023665273707
2014-06-11,29.62,305.51,29.93,20.18,2357.02,2.6514504690398986
2014-06-12,0.0,469.76,31.5,19.18,2228.82,3.9665699016836884
2014-06-13,7.61,291.89,28.52,19.52,2272.89,3.054470940333963
2014-06-14,0.0,447.63,30.41,19.35,2252.64,2.502969242773664
2014-06-15,0.0,443.84,31.46,20.39,2382.49,2.3332764127551107
2014-06-16,1.74,390.36,31.86,21.91,2625.45,1.872984611329784
2014-06-17,0.0,431.63,33.0,22.2,2671.64,1.5145085079155898
2014-06-18,0.0,461.17,33.28,21.36,2538.24,1.2663327440134553
2014-06-19,0.05,454.59,33.43,21.76,2601.66,1.1008822347453657
2014-06-20,0.66,445.49,33.44,21.64,2581.94,1.0308839423627125
2014-06-21,9.11,419.85,34.01,21.44,2550.15,0.9757337726066826
2014-06-22,3.29,409.3,32.95,21.75,2599.79,0.9714914518562187
2014-06-23,4.9,347.21,32.31,21.5,2560.29,1.406329328778762
2014-06-24,11.13,329.84,32.5,21.82,2611.6,1.5548105550449964
2014-06-25,6.51,342.16,32.19,21.02,2483.01,2.121160375231919
2014-06-26,12.53,322.76,30.99,20.99,2478.66,1.974800309340916
2014-06-27,8.0,316.84,31.06,21.23,2516.32,2.3120648090027913
2014-06-28,8.51,312.65,31.38,21.58,2572.42,2.502969242773664
2014-06-29,4.48,351.39,32.5,23.02,2803.81,1.7817747151948118
2014-06-30,0.0,397.8,33.49,23.69,2925.25,1.4254197721558493
2014-07-01,0.0,404.29,34.04,23.83,2958.65,1.2684539043886873
2014-07-02,0.0,418.25,34.5,23.61,2909.44,1.1030033951205978
2014-07-03,0.0,456.44,33.5,21.33,2532.46,0.935431725477276
2014-07-04,0.0,456.67,31.91,20.08,2336.54,0.8399795085918398
2014-07-05,0.0,479.48,31.16,18.5,2119.99,0.7636177350834907
2014-07-06,0.0,480.01,32.19,19.17,2226.62,0.704225244576997
2014-07-07,0.0,488.72,32.95,19.18,2228.37,0.6618020370723586
2014-07-08,0.0,444.2,32.94,21.01,2481.14,0.6321057918191118
2014-07-09,8.64,321.22,31.92,21.85,2615.33,0.6087730276915607
2014-07-10,8.19,322.99,32.08,21.74,2598.36,0.6893771219503736
2014-07-11,14.96,321.63,32.55,21.62,2579.35,0.8293737067156802
2014-07-12,6.88,333.23,33.13,21.88,2620.8,0.8378583482166079
2014-07-13,1.06,356.5,32.58,22.87,2778.53,0.9417952066029719
2014-07-14,7.33,295.46,32.11,22.55,2727.33,1.0266416216122487
2014-07-15,5.65,293.06,32.43,23.24,2838.62,0.912098961349725
2014-07-16,4.15,323.09,31.03,20.55,2407.34,0.9502798481038995
2014-07-17,0.0,469.6,30.1,17.77,2042.51,1.147547763000468
2014-07-18,10.74,291.32,28.94,20.19,2353.82,0.9905818952333061
2014-07-19,12.32,221.19,29.23,22.46,2713.69,0.9778549329819145
2014-07-20,8.64,253.4,30.31,22.4,2704.43,1.3236040741447173
2014-07-21,5.28,315.26,31.54,22.45,2712.14,1.853894167952697
2014-07-22,0.0,402.94,31.98,22.04,2645.71,1.542083592793605
2014-07-23,5.95,367.97,31.01,20.54,2405.76,1.2154248950078894
2014-07-24,0.0,422.81,31.78,21.22,2515.19,1.226030696884049
2014-07-25,0.81,405.32,33.21,22.81,2770.14,1.1008822347453657
2014-07-26,0.0,403.58,33.9,23.53,2891.81,1.3702696023998193
2014-07-27,0.0,388.79,34.15,24.2,3029.85,1.3002713100171661
2014-07-28,0.0,372.07,34.19,24.76,3126.07,0.9587644896048273
2014-07-29,0.0,444.42,32.82,21.18,2508.77,0.7827081784605779
2014-07-30,0.0,475.46,30.81,18.32,2105.98,0.6660443578228225
2014-07-31,0.0,472.03,30.69,18.31,2104.45,0.5918037446897053
2014-08-01,0.0,368.56,29.21,20.6,2416.63,0.5515016975602989
2014-08-02,0.0,417.98,31.47,21.0,2480.13,0.5239266126822839
2014-08-03,1.88,399.46,32.59,21.9,2623.32,0.5154419711813563
2014-08-04,5.8,317.31,32.52,21.95,2631.74,0.5833191031887777
2014-08-05,3.81,386.1,33.32,21.48,2556.31,0.7169522068283886
2014-08-06,0.0,433.33,34.12,22.62,2738.7,0.8505853104679993
2014-08-07,0.0,425.67,33.94,22.76,2762.34,0.7318003294550119
2014-08-08,0.22,409.0,34.52,23.72,2933.32,0.6002883861906331
2014-08-09,2.95,381.89,34.51,22.91,2785.06,0.5599863390612265
2014-08-10,30.14,343.42,33.67,21.14,2502.07,0.6448327540705033
2014-08-11,0.11,436.8,33.5,21.83,2612.11,1.2111825742574256
2014-08-12,4.89,317.32,32.89,21.94,2630.55,0.9205836028506528
2014-08-13,0.0,410.88,32.56,22.0,2639.94,0.7487696124568672
2014-08-14,0.0,468.58,32.06,19.26,2241.92,0.6193788295677203
2014-08-15,0.0,481.54,32.47,18.82,2171.35,0.5324112541832116
2014-08-16,0.0,467.97,33.46,20.12,2345.43,0.48150340517764556
2014-08-17,9.09,317.57,32.35,22.66,2745.02,0.47301876367671786
2014-08-18,7.5,311.55,33.5,23.09,2815.13,0.4687764429262541
2014-08-19,0.0,376.1,33.41,23.38,2867.52,0.47938224480241365
2014-08-20,0.0,391.12,34.2,23.43,2870.56,0.4539283202996306
2014-08-21,0.0,406.4,35.07,23.47,2876.81,0.43059555617207945
2014-08-22,0.0,420.51,35.5,23.15,2824.4,0.4242320750463837
2014-08-23,0.0,409.68,35.91,23.81,2955.37,0.4327167165473114
2014-08-24,0.0,414.89,35.94,23.53,2887.29,0.43483787692254333
2014-08-25,0.0,348.13,33.47,24.01,2997.88,0.42635323542161563
2014-08-26,0.0,400.05,33.01,21.86,2616.81,0.392414669417905
2014-08-27,0.0,404.89,33.28,21.8,2607.66,0.37544538641604963
2014-08-28,0.0,391.04,33.08,22.13,2661.46,0.36696074491512193
2014-08-29,4.89,351.32,32.96,21.91,2624.88,0.37120306566558575
2014-08-30,11.5,269.0,32.41,22.73,2756.55,0.4327167165473114
2014-08-31,6.7,334.2,33.42,22.47,2715.74,0.4327167165473114
2014-09-01,0.0,382.08,33.71,22.83,2773.01,0.47301876367671786
2014-09-02,0.0,365.59,33.15,22.95,2792.17,0.496351527804269
2014-09-03,8.83,289.37,32.98,22.06,2649.16,0.496351527804269
2014-09-04,0.0,373.98,32.55,22.14,2661.99,0.48150340517764556
2014-09-05,1.65,373.15,32.52,21.69,2590.41,0.4624129618005583
2014-09-06,1.32,368.4,32.75,21.36,2537.35,0.6151365088172563
2014-09-07,0.0,393.55,33.36,21.92,2626.5,0.6490750748209672
2014-09-08,7.12,298.51,33.16,22.06,2649.01,0.6914982823256055
2014-09-09,0.0,377.14,33.04,22.24,2678.09,0.6236211503181841
2014-09-10,0.0,345.75,33.13,23.41,2865.59,0.4772610844271816
2014-09-11,2.15,293.27,32.7,23.35,2855.47,0.4624129618005583
2014-09-12,0.0,361.65,32.88,22.62,2739.17,0.5027150089299647
2014-09-13,0.0,338.94,30.62,21.57,2570.53,0.651196235196199
2014-09-14,0.0,409.74,30.82,19.16,2223.45,0.5281689334327477
2014-09-15,0.0,379.18,32.44,21.66,2586.24,0.5239266126822839
2014-09-16,20.23,313.74,32.93,21.65,2584.74,0.4496859995491667
2014-09-17,15.43,297.58,32.57,20.99,2478.15,0.5642286598116903
2014-09-18,0.0,363.11,31.5,21.28,2524.23,1.4508736966586324
2014-09-19,5.18,277.54,31.02,20.58,2413.09,1.0287627819874805
2014-09-20,0.0,377.21,31.02,20.28,2364.39,0.8145255840890567
2014-09-21,0.0,412.18,31.47,19.07,2211.4,0.6851348011999097
2014-09-22,0.0,413.0,31.34,18.83,2173.47,0.572713301312618
2014-09-23,0.0,465.93,29.68,14.44,1635.15,0.4984726881795009
2014-09-24,0.0,429.12,28.95,15.85,1793.77,0.4496859995491667
2014-09-25,0.0,422.22,28.62,15.81,1784.64,0.4199897542959199
2014-09-26,0.0,388.68,28.14,16.85,1907.71,0.40302047129406454
2014-09-27,0.0,356.75,27.5,17.5,2000.0,0.392414669417905
2014-09-28,3.32,236.39,27.19,20.22,2355.89,0.3860511882922092
2014-09-29,4.85,216.72,29.0,21.47,2555.71,0.40302047129406454
2014-09-30,0.0,317.45,29.3,20.39,2382.42,0.4836245655528774
2014-10-01,0.0,343.61,29.31,19.44,2266.88,0.4496859995491667
2014-10-02,0.0,315.27,30.86,21.69,2591.09,0.417868593920688
2014-10-03,10.84,273.87,29.11,18.3,2105.76,0.4221109146711518
2014-10-04,0.19,417.88,23.39,11.06,1324.92,0.5515016975602989
2014-10-05,0.0,463.86,24.08,8.37,1109.72,0.6405904333200394
2014-10-06,0.0,430.97,27.54,13.1,1504.39,0.5324112541832116
2014-10-07,0.0,390.31,29.73,16.98,1929.03,0.4624129618005583
2014-10-08,0.0,383.42,30.8,17.99,2076.55,0.4199897542959199
2014-10-09,0.0,371.39,30.81,18.47,2120.42,0.3945358297931369
2014-10-10,4.45,286.32,31.19,20.9,2464.47,0.38180886754174537
2014-10-11,0.0,319.78,31.17,20.82,2450.72,0.37120306566558575
2014-10-12,0.0,310.79,30.65,20.69,2430.67,0.37544538641604963
2014-10-13,0.14,318.83,30.4,20.01,2333.01,0.417868593920688
2014-10-14,30.26,286.07,26.26,13.65,1568.86,0.6851348011999097
2014-10-15,0.0,417.82,24.26,9.59,1207.09,0.9566433292295954
2014-10-16,0.0,436.62,26.11,9.01,1160.71,0.8548276312184633
2014-10-17,0.0,434.54,27.95,10.05,1244.03,0.6384692729448075
2014-10-18,0.0,398.21,28.48,13.14,1505.7,0.5133208108061244
2014-10-19,0.0,390.9,25.89,11.38,1350.24,0.4475648391739348
2014-10-20,0.0,413.57,25.73,9.21,1177.01,0.4093839524197603
2014-10-21,0.0,405.56,26.69,10.23,1258.17,0.3839300279169773
2014-10-22,0.0,392.42,26.59,10.92,1313.3,0.36908190529035384
2014-10-23,0.0,411.37,25.0,7.85,1068.12,0.3542337826637304
2014-10-24,0.0,400.67,24.87,8.33,1106.78,0.34574914116280275
2014-10-25,0.0,403.5,26.3,8.82,1145.27,0.34150682041233893
2014-10-26,0.0,384.32,28.63,11.81,1384.77,0.339385660037107
2014-10-27,0.0,351.15,27.83,13.31,1529.95,0.3351433392866432
2014-10-28,0.0,330.76,28.04,14.43,1638.45,0.3309010185361793
2014-10-29,0.0,310.5,28.38,15.58,1766.17,0.3287798581609474
2014-10-30,0.2,357.27,24.7,9.39,1191.51,0.3287798581609474
2014-10-31,0.0,374.53,23.59,6.78,982.41,0.3309010185361793
2014-11-01,0.0,371.94,18.93,2.66,732.55,0.32241637703525167
2014-11-02,0.0,378.51,17.53,0.5,640.0,0.31393173553432396
2014-11-03,0.0,383.95,21.18,2.71,736.42,0.31181057515909205
2014-11-04,0.0,356.64,24.49,7.6,1047.75,0.3160528959095559
2014-11-05,0.0,285.45,25.5,13.03,1496.57,0.32241637703525167
2014-11-06,0.0,241.78,24.25,14.1,1608.06,0.390293509042673
2014-11-07,0.0,314.89,20.2,6.53,962.61,0.4051416316692965
2014-11-08,0.0,308.66,18.86,5.57,920.0,0.40302047129406454
2014-11-09,0.0,338.74,20.96,5.11,888.97,0.40302047129406454
2014-11-10,0.0,365.64,21.91,3.08,766.42,0.40302047129406454
2014-11-11,0.0,327.91,24.3,8.03,1082.79,0.40089931091883263
2014-11-12,0.0,271.08,21.03,8.75,1140.01,0.4051416316692965
2014-11-13,5.07,145.43,9.74,2.09,715.36,0.41150511279499224
2014-11-14,0.0,263.2,9.16,-1.83,534.68,0.41574743354545607
2014-11-15,0.0,320.43,12.95,-1.74,540.46,0.417868593920688
2014-11-16,0.0,327.14,21.71,5.44,904.23,0.4199897542959199
2014-11-17,35.61,264.11,21.31,2.45,720.39,0.4475648391739348
2014-11-18,0.0,279.42,9.82,-2.36,519.12,0.678771320074214
2014-11-19,0.0,340.43,12.41,-4.45,440.0,1.332088715645645
2014-11-20,0.0,346.16,18.05,-0.28,600.0,1.2196672157583532
2014-11-21,0.0,336.79,21.0,2.94,755.59,0.8972508387231015
2014-11-22,0.0,281.46,20.39,6.85,987.92,0.7105887257026927
2014-11-23,13.66,124.66,20.93,13.53,1551.54,0.6575597163218948
2014-11-24,6.99,179.99,22.53,12.99,1479.24,0.7318003294550119
2014-11-25,0.0,244.4,17.42,6.64,972.83,0.7148310464531566
2014-11-26,0.0,320.16,15.73,-0.03,600.0,0.6978617634513012
2014-11-27,0.0,303.99,15.88,1.24,659.97,0.6321057918191118
2014-11-28,0.0,317.19,15.84,-0.05,600.0,0.57483446168785
2014-11-29,0.0,335.59,20.46,1.76,701.01,0.5430170560593712
2014-11-30,0.0,279.71,23.51,9.39,1191.37,0.5260477730575158
2014-12-01,0.0,251.19,24.64,12.3,1423.83,0.5111996504308923
2014-12-02,0.0,286.39,24.77,9.93,1234.21,0.4984726881795009
2014-12-03,0.0,270.05,23.67,10.28,1262.28,0.4878668863033413
2014-12-04,0.0,262.57,24.39,11.42,1353.36,0.43483787692254333
2014-12-05,0.0,235.95,25.09,13.66,1568.44,0.41150511279499224
2014-12-06,0.0,231.08,25.57,14.28,1622.62,0.40302047129406454
2014-12-07,0.0,269.69,20.34,7.24,1018.98,0.3966569901683688
2014-12-08,0.0,251.43,17.06,5.48,918.01,0.3860511882922092
2014-12-09,0.0,306.34,18.82,3.0,760.0,0.38180886754174537
2014-12-10,0.0,304.11,15.94,0.74,639.02,0.37968770716651346
2014-12-11,0.0,292.65,15.43,1.24,659.55,0.37544538641604963
2014-12-12,0.0,253.45,15.95,4.38,830.21,0.37332422604081766
2014-12-13,0.0,271.8,18.9,5.67,916.04,0.37120306566558575
2014-12-14,0.0,299.07,19.63,3.99,810.37,0.37120306566558575
2014-12-15,0.0,301.42,20.54,4.47,838.9,0.37332422604081766
2014-12-16,1.83,255.42,20.17,6.91,993.18,0.37120306566558575
2014-12-17,0.0,295.9,16.22,1.37,669.6,0.37120306566558575
2014-12-18,0.0,269.73,16.94,3.97,801.25,0.37544538641604963
2014-12-19,24.0,118.83,13.43,6.82,985.24,0.4136262731702241
2014-12-20,31.52,71.33,11.05,7.42,1033.48,0.8760392349707824
2014-12-21,0.0,146.07,13.34,7.63,1050.19,1.7011706209359987
2014-12-22,25.8,129.55,17.89,10.95,1315.93,1.6014760833000985
2014-12-23,13.14,110.43,21.0,14.93,1697.06,1.620566526677186
2014-12-24,51.38,223.6,19.09,4.86,869.07,2.7575084878014944
2014-12-25,0.0,302.11,14.09,0.06,604.86,3.9877815054360073
2014-12-26,0.0,307.33,17.53,2.71,736.68,3.2453753741048357
2014-12-27,14.63,135.83,18.92,11.57,1365.64,2.227218393993515
2014-12-28,32.37,164.13,21.83,12.64,1451.98,2.9272013178200478
2014-12-29,5.45,122.62,17.31,11.14,1330.88,4.115051127949922
2014-12-30,0.0,249.67,14.33,4.64,851.39,3.7332422604081765
2014-12-31,0.0,295.58,13.13,0.87,647.21,3.0120477328293247
