Date,prcp(mm/day),srad(W/m2),tmax(C),tmin(C),vp(Pa),flow(mm/day)
1980-02-14,0.0,398.58,17.53,1.89,701.33,1.3030889748772738
1980-02-15,0.0,412.79,19.99,2.76,745.56,1.1460903032053131
1980-02-16,8.39,268.18,20.0,7.27,1021.78,1.0047914987005486
1980-02-17,0.0,380.42,15.47,1.84,707.51,0.9419920300317642
1980-02-18,0.0,396.65,10.94,-3.2,480.96,0.87919256136298
1980-02-19,0.0,426.42,17.17,0.03,610.53,0.8242430262777938
1980-02-20,0.0,402.11,19.7,4.58,846.6,0.7614435576090094
1980-02-21,0.0,354.21,23.17,10.71,1297.13,0.6947191221484261
1980-02-22,0.0,306.5,24.63,14.34,1628.47,0.6122948195206468
1980-02-23,0.0,353.44,27.42,14.63,1666.0,0.5455703840600634
1980-02-24,0.0,297.84,25.63,15.79,1784.07,0.4945458157666762
1980-02-25,0.0,293.91,23.95,14.48,1638.49,0.45529614784868605
1980-02-26,0.0,465.94,19.03,-1.69,545.25,0.4160464799306958
1980-02-27,0.0,454.54,15.9,-2.7,504.35,0.3767968120127057
1980-02-28,0.0,446.66,21.27,2.72,737.91,0.3532470112619116
1980-02-29,0.0,374.59,22.09,8.81,1145.11,0.31399734334392143
1980-03-01,0.0,358.64,15.76,4.02,808.89,0.27867264221773025
1980-03-02,0.0,358.79,5.7,-5.43,409.91,0.2629727750505342
1980-03-03,2.28,475.39,8.96,-8.49,320.0,0.2472729078833381
1980-03-04,0.0,543.54,15.77,-5.72,397.5,0.23549800750794106
1980-03-05,0.69,375.2,18.36,5.13,890.32,0.23549800750794106
1980-03-06,13.72,286.8,20.19,7.06,1004.51,0.31399734334392143
1980-03-07,0.0,427.03,23.26,7.03,1002.61,0.3807217788045047
1980-03-08,8.55,217.25,23.4,13.9,1591.73,0.5298705168928673
1980-03-09,7.75,147.16,22.49,16.37,1856.48,0.7928432919434015
1980-03-10,9.61,177.52,21.31,14.06,1604.82,1.0126414322841464
1980-03-11,0.0,381.41,22.81,9.98,1238.5,1.365888443546058
1980-03-12,21.85,311.16,19.92,5.81,920.3,1.5032622812590237
1980-03-13,65.2,216.03,13.77,5.46,908.47,2.900550459139474
1980-03-14,0.0,353.18,16.56,5.91,921.07,4.199714467224949
1980-03-15,0.0,456.93,17.99,2.3,720.62,6.005199191452498
1980-03-16,0.0,461.23,20.85,4.66,852.82,5.848200519780536
1980-03-17,0.0,384.31,24.0,11.6,1368.33,4.592211146404851
1980-03-18,24.1,239.17,22.64,13.09,1497.55,3.7012436846664736
1980-03-19,0.0,452.28,21.56,6.33,948.06,3.234172636442391
1980-03-20,2.65,343.2,24.13,11.62,1369.71,4.003466127634998
1980-03-21,9.36,250.61,23.88,14.02,1601.97,4.238964135142939
1980-03-22,0.0,494.25,21.57,4.09,808.85,3.5952695812878996
1980-03-23,0.0,470.6,20.78,5.08,886.67,2.9868997285590524
1980-03-24,0.0,418.51,23.36,10.16,1252.77,2.4334794109153908
1980-03-25,6.03,333.12,23.76,9.2,1175.9,2.021357897776494
1980-03-26,0.47,392.23,21.84,9.93,1234.2,1.6798857868899797
1980-03-27,1.83,255.51,18.19,11.38,1350.07,1.4169130118394453
1980-03-28,17.12,316.7,22.37,9.78,1222.55,1.3933632110886514
1980-03-29,10.82,286.0,21.55,10.91,1313.02,1.6720358533063817
1980-03-30,29.48,326.86,26.16,12.76,1461.25,2.6846772855905283
1980-03-31,0.0,429.91,25.5,12.52,1441.6,4.435212474732889
1980-04-01,0.0,408.61,22.88,11.21,1336.81,6.044448859370487
1980-04-02,0.0,428.08,23.25,10.94,1314.81,5.337954836846664
1980-04-03,4.1,276.17,24.83,14.87,1697.84,4.042715795552988
1980-04-04,16.28,244.35,25.12,16.59,1884.36,3.4421958764077383
1980-04-05,0.0,509.04,24.38,8.28,1102.03,3.2302476696505917
1980-04-06,0.0,521.31,21.5,5.26,900.65,3.0104495293098466
1980-04-07,0.0,447.76,23.0,10.47,1277.68,2.928025226682067
1980-04-08,7.28,260.65,25.06,15.84,1787.04,2.767101588218307
1980-04-09,16.21,275.66,25.44,15.51,1760.63,3.1949229685244007
1980-04-10,0.0,501.86,24.94,9.32,1185.31,3.453970776783135
1980-04-11,0.0,539.12,26.44,7.69,1055.21,3.6816188507074785
1980-04-12,8.33,334.8,25.33,12.39,1431.21,3.171373167773606
1980-04-13,4.59,315.37,27.28,15.08,1726.15,2.731776887092116
1980-04-14,11.84,271.87,24.78,15.08,1726.24,2.241156038117239
1980-04-15,0.0,504.57,21.47,6.57,965.22,2.005658030609298
1980-04-16,0.0,524.88,23.54,6.99,998.85,2.048832665319087
1980-04-17,0.0,497.47,23.5,8.5,1120.0,1.8408094253537393
1980-04-18,0.0,479.2,24.01,9.93,1234.8,1.4757875137164307
1980-04-19,5.91,275.58,21.57,12.07,1405.95,1.2324395726248916
1980-04-20,0.59,413.35,24.0,12.28,1422.56,0.9262921628645682
1980-04-21,0.0,537.18,28.18,9.88,1230.66,0.7575185908172104
1980-04-22,0.0,541.86,30.0,10.76,1300.51,0.663319387814034
1980-04-23,0.0,532.98,32.44,13.0,1485.81,0.5769701183944556
1980-04-24,0.0,481.44,32.05,16.15,1823.91,0.4709960150158821
1980-04-25,0.0,468.99,30.42,15.53,1762.73,0.3571719780537106
1980-04-26,3.68,370.2,28.5,16.51,1879.53,0.2825976090095293
1980-04-27,3.22,297.31,27.52,16.46,1867.46,0.2668977418423332
1980-04-28,0.05,476.3,25.49,11.13,1330.33,0.2590478082587352
1980-04-29,0.0,463.04,24.17,10.63,1290.72,0.21587317354894595
1980-04-30,0.0,495.25,25.3,10.03,1242.75,0.18839840600635285
1980-05-01,0.0,444.86,25.0,12.06,1404.42,0.1609236384637597
1980-05-02,0.0,506.41,26.5,10.32,1265.44,0.1295239041293676
1980-05-03,0.0,455.53,25.81,12.15,1412.12,0.10597410337857346
1980-05-04,0.0,450.32,26.66,12.99,1480.48,0.09419920300317643
1980-05-05,0.0,462.01,28.48,14.05,1604.0,0.08634926941957839
1980-05-06,0.0,479.33,29.83,14.34,1628.89,0.07849933583598036
1980-05-07,0.0,489.38,31.13,14.72,1674.86,0.06279946866878429
1980-05-08,3.18,334.7,29.92,15.77,1787.43,0.05494953508518625
1980-05-09,2.7,345.31,25.72,13.9,1592.36,0.05494953508518625
1980-05-10,0.0,502.84,25.11,9.09,1167.31,0.05494953508518625
1980-05-11,0.0,464.23,28.94,14.26,1621.03,0.05102456829338723
1980-05-12,0.0,455.57,31.09,16.34,1854.97,0.043174634709789196
1980-05-13,0.0,450.99,32.52,17.6,2016.35,0.03728718452209067
1980-05-14,0.0,423.72,32.5,18.69,2149.82,0.03296972105111175
1980-05-15,0.34,373.24,30.64,19.19,2230.04,0.027474767542593124
1980-05-16,0.0,321.47,27.13,17.98,2072.85,0.022764807392434302
1980-05-17,11.34,189.2,26.19,19.3,2246.1,0.023157304071614204
1980-05-18,6.29,276.01,31.16,20.19,2350.28,0.05102456829338723
1980-05-19,0.39,355.7,31.19,20.51,2401.57,0.06279946866878429
1980-05-20,30.7,278.1,30.18,19.29,2245.81,0.17269853883915678
1980-05-21,0.0,442.65,31.0,17.38,1980.72,0.16877357204735774
1980-05-22,20.24,287.81,29.68,19.17,2227.4,0.2001733063817499
1980-05-23,15.61,234.87,28.0,19.64,2291.46,0.4945458157666762
1980-05-24,25.41,283.85,30.0,19.51,2277.52,1.7623100895177588
1980-05-25,0.0,409.0,29.96,18.53,2126.23,3.081098931562229
1980-05-26,0.0,436.59,29.99,17.53,2004.82,3.5206952122437185
1980-05-27,0.0,453.84,29.53,16.42,1867.28,2.8299010568870915
1980-05-28,0.0,499.53,30.44,14.99,1718.57,1.7309103551833667
1980-05-29,0.0,490.33,30.42,15.44,1754.86,0.9262921628645682
1980-05-30,0.0,468.82,30.17,16.28,1844.04,0.5298705168928673
1980-05-31,0.0,469.92,30.36,16.35,1855.69,0.3218472769275194
1980-06-01,0.0,450.27,30.61,17.46,1994.34,0.223723107132544
1980-06-02,0.0,465.44,31.43,17.44,1991.0,0.1609236384637597
1980-06-03,0.0,491.14,34.0,18.0,2080.13,0.11774900375397053
1980-06-04,0.0,472.37,35.5,20.01,2321.69,0.08634926941957839
1980-06-05,0.0,446.16,34.24,20.38,2380.47,0.06279946866878429
1980-06-06,0.0,371.87,31.53,21.15,2503.6,0.04709960150158821
1980-06-07,0.0,398.42,33.14,21.62,2578.45,0.03453970776783136
1980-06-08,0.0,424.26,35.5,22.4,2704.55,0.02668977418423332
1980-06-09,0.0,450.73,33.36,19.77,2302.23,0.02040982731735489
1980-06-10,0.0,475.49,32.54,18.05,2082.69,0.016484860525555874
1980-06-11,0.0,524.4,33.93,16.16,1826.89,0.01334488709211666
1980-06-12,0.0,493.73,32.69,17.14,1944.14,0.012952390412936757
1980-06-13,0.0,457.63,30.42,17.14,1941.75,0.021979814034074497
1980-06-14,0.0,504.71,32.0,15.93,1794.59,0.018839840600635285
1980-06-15,0.0,479.65,34.84,19.1,2216.35,0.01609236384637597
1980-06-16,0.0,434.84,36.0,21.87,2619.63,0.012559893733756858
1980-06-17,0.0,435.76,35.48,21.4,2543.4,0.010597410337857348
1980-06-18,15.55,329.8,33.26,20.42,2387.01,0.02040982731735489
1980-06-19,2.29,359.2,29.91,19.5,2280.15,0.06279946866878429
1980-06-20,0.0,355.86,30.64,20.54,2405.71,0.043174634709789196
1980-06-21,0.43,327.32,30.44,20.95,2472.29,0.02904475425931273
1980-06-22,6.2,275.98,30.82,20.27,2363.21,0.02865225758013283
1980-06-23,8.62,294.39,30.19,20.88,2461.34,0.025512284146693615
1980-06-24,4.98,247.02,31.44,22.06,2649.87,0.043174634709789196
1980-06-25,12.33,215.21,29.9,22.05,2648.57,0.08242430262777936
1980-06-26,8.66,259.17,29.53,20.11,2337.27,0.12559893733756858
1980-06-27,0.0,402.53,32.33,20.64,2422.25,0.07849933583598036
1980-06-28,0.0,411.87,34.41,21.98,2636.35,0.05102456829338723
1980-06-29,0.0,393.79,34.0,22.39,2701.85,0.03336221773029165
1980-06-30,0.0,398.55,35.0,23.03,2803.81,0.023942297429974006
1980-07-01,0.0,462.31,34.52,20.06,2313.61,0.016877357204735776
1980-07-02,0.0,399.76,33.85,22.12,2657.99,0.01334488709211666
1980-07-03,0.0,411.52,34.93,22.6,2731.65,0.010989907017037248
1980-07-04,0.0,404.55,35.16,23.14,2802.92,0.009812416979497545
1980-07-05,0.0,421.81,36.5,23.5,2851.74,0.00902742362113774
1980-07-06,0.0,432.49,37.86,23.93,2927.05,0.008242430262777937
1980-07-07,13.15,342.47,35.81,21.49,2553.17,0.009419920300317642
1980-07-08,0.0,403.99,34.5,22.53,2715.47,0.011382403696217151
1980-07-09,0.0,438.25,36.2,22.5,2653.7,0.009419920300317642
1980-07-10,0.0,461.23,38.5,23.04,2697.46,0.007849933583598036
1980-07-11,0.0,424.92,39.12,25.14,3119.47,0.007064940225238232
1980-07-12,0.0,447.88,38.68,23.94,2840.39,0.006279946866878429
1980-07-13,0.0,462.46,40.34,24.28,2833.84,0.006279946866878429
1980-07-14,0.0,405.64,38.21,25.41,3118.05,0.005494953508518624
1980-07-15,0.0,412.51,34.8,22.7,2659.23,0.005494953508518624
1980-07-16,0.0,468.64,35.0,20.64,2253.59,0.005494953508518624
1980-07-17,0.0,452.17,35.75,21.9,2460.21,0.005494953508518624
1980-07-18,0.0,430.39,35.22,22.36,2577.52,0.005102456829338723
1980-07-19,0.0,384.87,34.8,23.64,2841.4,0.005102456829338723
1980-07-20,0.0,411.91,34.78,22.65,2629.11,0.005102456829338723
1980-07-21,0.0,431.01,34.91,21.97,2491.92,0.004709960150158821
1980-07-22,0.0,421.55,33.92,21.51,2448.16,0.00431746347097892
1980-07-23,9.03,311.97,33.59,21.23,2511.72,0.005494953508518624
1980-07-24,11.97,268.46,31.41,21.45,2551.54,0.007064940225238232
1980-07-25,17.57,243.16,29.89,21.16,2505.25,0.011774900375397053
1980-07-26,19.95,258.18,31.5,22.06,2649.95,0.012559893733756858
1980-07-27,0.0,374.27,32.5,21.81,2609.27,0.009812416979497545
1980-07-28,0.0,415.09,34.37,21.8,2605.58,0.007849933583598036
1980-07-29,0.0,395.72,34.0,22.23,2677.13,0.00667244354605833
1980-07-30,0.0,456.05,35.49,20.79,2430.13,0.006279946866878429
1980-07-31,0.0,441.68,36.55,22.17,2653.05,0.005494953508518624
1980-08-01,0.0,433.18,37.0,22.79,2754.21,0.005102456829338723
1980-08-02,0.0,412.19,37.52,24.01,2989.98,0.004709960150158821
1980-08-03,0.0,417.15,37.49,23.72,2928.28,0.00431746347097892
1980-08-04,0.0,436.77,37.37,22.7,2739.95,0.00431746347097892
1980-08-05,0.0,412.43,37.37,23.76,2937.77,0.0035717197805371064
1980-08-06,0.0,435.18,36.31,22.02,2633.3,0.0034539707767831354
1980-08-07,0.0,435.1,35.95,21.69,2577.73,0.003296972105111175
1980-08-08,0.0,436.94,36.08,21.65,2570.88,0.0029437250938492633
1980-08-09,0.1,424.35,36.74,22.64,2734.1,0.0029829747617672532
1980-08-10,15.36,321.42,35.38,21.49,2558.44,0.0029829747617672532
1980-08-11,0.0,421.1,34.5,21.18,2508.83,0.002904475425931273
1980-08-12,26.29,307.7,35.64,22.53,2724.22,0.002433479410915391
1980-08-13,0.0,404.47,35.03,22.28,2684.72,0.00211948206757147
1980-08-14,0.0,400.37,34.48,22.0,2639.23,0.00211948206757147
1980-08-15,0.0,401.19,34.67,22.12,2658.68,0.00211948206757147
1980-08-16,0.0,394.68,34.65,22.36,2698.27,0.00211948206757147
1980-08-17,0.0,368.83,33.87,22.73,2757.08,0.001962483395899509
1980-08-18,0.0,394.02,32.23,20.49,2397.97,0.0018839840600635284
1980-08-19,0.0,400.37,34.43,21.91,2626.09,0.0018054847242275482
1980-08-20,2.91,399.98,35.83,22.38,2697.79,0.0018839840600635284
1980-08-21,0.0,408.57,36.38,22.92,2778.27,0.0023549800750794106
1980-08-22,0.0,394.51,34.36,21.98,2620.48,0.002747476754259312
1980-08-23,0.0,370.71,32.61,21.47,2513.85,0.0038464674559630374
1980-08-24,0.0,410.52,31.5,19.02,2121.57,0.0031399734334392145
1980-08-25,0.0,430.97,31.01,17.66,1918.67,0.0023549800750794106
1980-08-26,0.0,395.34,31.76,19.59,2215.27,0.0020409827317354893
1980-08-27,0.0,428.81,31.98,18.37,2004.93,0.0018054847242275482
1980-08-28,0.0,424.73,32.9,19.16,2111.91,0.0017269853883915677
1980-08-29,0.0,415.3,33.21,19.78,2206.2,0.0016484860525555875
1980-08-30,0.0,422.0,33.46,19.65,2179.09,0.0015699867167196073
1980-08-31,0.0,429.72,34.45,20.0,2209.21,0.0015699867167196073
1980-09-01,0.0,438.73,35.37,20.14,2202.95,0.0014914873808836266
1980-09-02,0.0,413.11,35.38,21.25,2412.82,0.0015699867167196073
1980-09-03,0.0,402.93,35.33,21.62,2486.0,0.0015699867167196073
1980-09-04,0.0,378.22,34.53,21.99,2588.7,0.0016484860525555875
1980-09-05,0.0,410.12,34.7,20.74,2350.81,0.001962483395899509
1980-09-06,0.0,424.2,35.38,20.5,2292.55,0.0031399734334392145
1980-09-07,0.23,442.1,35.8,19.6,2134.6,0.002904475425931273
1980-09-08,6.74,312.15,35.41,20.5,2399.59,0.0025119787467513715
1980-09-09,4.43,332.36,32.89,19.36,2248.6,0.00211948206757147
1980-09-10,0.0,414.49,32.12,18.06,2046.71,0.0018054847242275482
1980-09-11,0.0,350.9,32.0,20.62,2418.68,0.0017269853883915677
1980-09-12,0.0,368.42,32.5,20.27,2361.8,0.0016484860525555875
1980-09-13,0.0,372.61,31.84,19.53,2275.62,0.0016484860525555875
1980-09-14,0.0,385.28,33.0,19.81,2291.4,0.0015699867167196073
1980-09-15,0.0,407.8,36.43,21.07,2451.72,0.0017269853883915677
1980-09-16,0.0,387.56,37.26,22.49,2689.55,0.0016484860525555875
1980-09-17,0.0,344.23,35.19,22.88,2767.66,0.00219798140340745
1980-09-18,0.24,341.23,33.45,21.61,2576.07,0.0029829747617672532
1980-09-19,0.0,353.74,34.24,21.65,2574.01,0.0031792231013572044
1980-09-20,0.0,326.37,32.67,21.52,2562.93,0.003375471440947155
1980-09-21,0.0,351.84,33.97,21.43,2535.86,0.0036894687842910765
1980-09-22,10.61,285.14,34.97,21.47,2538.46,0.00431746347097892
1980-09-23,10.6,277.46,34.99,21.07,2490.11,0.00431746347097892
1980-09-24,0.0,356.41,35.33,21.95,2592.44,0.00431746347097892
1980-09-25,0.29,352.09,33.99,21.0,2428.14,0.004709960150158821
1980-09-26,0.0,341.3,33.45,21.04,2457.34,0.005102456829338723
1980-09-27,0.0,346.23,31.76,19.45,2237.35,0.011774900375397053
1980-09-28,1.48,283.16,27.4,17.87,2059.15,0.022764807392434302
1980-09-29,22.82,153.27,23.01,16.91,1914.54,0.03218472769275194
1980-09-30,21.42,111.75,20.76,16.56,1880.62,0.025904780825873514
1980-10-01,10.36,117.16,22.35,17.93,2067.09,0.043174634709789196
1980-10-02,1.43,249.56,26.0,18.43,2117.62,0.023942297429974006
1980-10-03,0.0,325.0,25.98,15.97,1801.88,0.016877357204735776
1980-10-04,0.0,430.97,24.72,9.45,1196.2,0.01334488709211666
1980-10-05,0.0,445.58,26.64,9.48,1198.58,0.011382403696217151
1980-10-06,0.0,419.25,25.0,10.03,1242.1,0.010204913658677445
1980-10-07,0.0,431.48,23.78,8.04,1082.98,0.009419920300317642
1980-10-08,0.0,450.3,26.44,7.95,1076.06,0.00902742362113774
1980-10-09,0.0,436.64,28.67,10.49,1279.05,0.007849933583598036
1980-10-10,0.0,419.12,29.97,12.65,1452.24,0.007457436904418133
1980-10-11,0.0,408.89,30.87,13.74,1573.37,0.00667244354605833
1980-10-12,0.0,412.76,28.8,11.64,1370.88,0.006279946866878429
1980-10-13,0.0,413.09,23.87,7.45,1036.16,0.005887450187698527
1980-10-14,0.0,439.15,24.92,5.36,903.6,0.005887450187698527
1980-10-15,0.0,409.86,26.67,9.18,1174.08,0.005887450187698527
1980-10-16,0.0,378.51,28.28,12.63,1450.25,0.005887450187698527
1980-10-17,0.0,317.14,28.3,16.08,1818.42,0.005887450187698527
1980-10-18,0.0,309.62,29.3,17.15,1943.59,0.005887450187698527
1980-10-19,0.0,272.69,29.92,19.35,2256.78,0.005494953508518624
1980-10-20,0.0,324.45,27.94,15.07,1720.67,0.005494953508518624
1980-10-21,0.0,333.9,24.92,11.9,1392.16,0.005494953508518624
1980-10-22,0.41,270.6,23.57,13.73,1572.65,0.005494953508518624
1980-10-23,11.47,146.71,21.09,14.4,1633.76,0.00667244354605833
1980-10-24,5.21,122.55,17.24,11.95,1395.71,0.008242430262777937
1980-10-25,0.0,221.67,18.85,11.5,1360.0,0.007849933583598036
1980-10-26,0.0,399.65,20.15,2.78,742.44,0.007064940225238232
1980-10-27,0.0,394.06,22.5,4.78,862.4,0.00667244354605833
1980-10-28,6.12,182.48,21.35,12.62,1449.34,0.007064940225238232
1980-10-29,3.1,145.9,22.13,15.72,1778.0,0.007457436904418133
1980-10-30,17.13,171.91,21.27,12.9,1474.66,0.010597410337857348
1980-10-31,6.26,153.18,15.78,8.65,1131.76,0.012952390412936757
1980-11-01,0.0,315.4,20.64,7.89,1071.4,0.010204913658677445
1980-11-02,0.0,362.34,23.59,6.6,967.81,0.00863492694195784
1980-11-03,0.0,309.25,23.41,10.29,1263.02,0.007849933583598036
1980-11-04,0.0,283.36,25.53,13.61,1568.64,0.007457436904418133
1980-11-05,0.0,330.97,22.39,7.87,1069.56,0.007457436904418133
1980-11-06,0.0,346.8,20.94,5.2,893.78,0.007064940225238232
1980-11-07,0.0,375.81,22.77,3.22,775.47,0.007064940225238232
1980-11-08,0.0,355.92,25.02,7.12,1009.23,0.00667244354605833
1980-11-09,0.0,349.94,26.0,8.22,1097.81,0.00667244354605833
1980-11-10,0.0,322.31,26.31,10.88,1310.78,0.006279946866878429
1980-11-11,0.0,322.11,23.07,8.18,1094.0,0.006279946866878429
1980-11-12,0.0,357.85,18.51,0.74,640.91,0.006279946866878429
1980-11-13,0.0,361.73,20.91,1.9,706.45,0.006279946866878429
1980-11-14,0.0,315.65,24.5,9.42,1193.42,0.006279946866878429
1980-11-15,3.99,142.83,23.2,15.43,1754.46,0.006279946866878429
1980-11-16,0.0,146.56,20.18,14.51,1649.42,0.006279946866878429
1980-11-17,5.12,157.1,17.25,9.21,1176.96,0.00667244354605833
1980-11-18,1.63,214.5,16.64,8.35,1108.18,0.00667244354605833
1980-11-19,0.0,284.07,13.5,1.96,708.1,0.00667244354605833
1980-11-20,0.0,264.87,11.83,1.44,676.45,0.00667244354605833
1980-11-21,0.0,304.9,15.84,2.47,729.03,0.007064940225238232
1980-11-22,0.0,330.56,16.5,0.37,625.53,0.007064940225238232
1980-11-23,0.0,256.1,19.22,8.07,1085.25,0.007064940225238232
1980-11-24,5.6,114.44,20.5,14.17,1616.01,0.007457436904418133
1980-11-25,3.87,189.99,19.0,8.3,1104.12,0.007849933583598036
1980-11-26,0.0,219.4,16.55,7.72,1057.71,0.007849933583598036
1980-11-27,16.01,181.36,18.65,8.43,1114.1,0.011382403696217151
1980-11-28,0.0,255.88,15.39,4.5,840.0,0.010597410337857348
1980-11-29,0.0,312.37,15.57,0.21,616.12,0.009419920300317642
1980-11-30,0.0,331.48,17.59,-0.86,571.09,0.00863492694195784
1980-12-01,0.0,343.24,20.44,-1.27,560.4,0.00863492694195784
1980-12-02,0.0,314.27,22.51,4.72,856.69,0.008242430262777937
1980-12-03,0.0,289.54,19.79,4.86,868.88,0.007849933583598036
1980-12-04,0.0,312.75,17.5,0.31,621.3,0.007457436904418133
1980-12-05,0.0,328.17,20.49,0.27,621.21,0.007457436904418133
1980-12-06,0.0,322.88,21.49,1.58,686.29,0.007064940225238232
1980-12-07,0.0,321.88,23.01,2.71,737.06,0.007064940225238232
1980-12-08,0.0,318.65,24.37,4.03,807.1,0.007064940225238232
1980-12-09,0.0,265.33,25.0,10.46,1276.94,0.007064940225238232
1980-12-10,1.07,201.44,23.5,13.51,1561.12,0.006279946866878429
1980-12-11,0.0,254.66,17.4,4.79,863.5,0.00667244354605833
1980-12-12,0.0,318.33,18.01,-0.93,569.38,0.00667244354605833
1980-12-13,0.0,313.11,20.03,1.41,671.35,0.00667244354605833
1980-12-14,0.0,289.68,18.98,3.19,772.79,0.00667244354605833
1980-12-15,0.0,319.2,18.98,-0.91,572.48,0.006279946866878429
1980-12-16,1.48,240.54,14.53,1.77,699.42,0.00667244354605833
1980-12-17,0.0,159.58,12.84,5.45,916.09,0.00667244354605833
1980-12-18,0.0,292.72,15.23,-1.3,560.0,0.00667244354605833
1980-12-19,0.0,299.5,18.61,0.68,640.54,0.007064940225238232
1980-12-20,0.0,240.13,17.11,4.5,840.32,0.007457436904418133
1980-12-21,0.0,185.12,8.45,-0.27,599.81,0.007064940225238232
1980-12-22,0.0,156.84,5.88,-1.19,561.54,0.00667244354605833
1980-12-23,16.52,134.48,8.73,0.54,634.22,0.007457436904418133
1980-12-24,1.83,232.14,14.15,0.56,640.0,0.008242430262777937
1980-12-25,0.21,253.41,13.54,0.35,628.08,0.008242430262777937
1980-12-26,0.0,189.04,4.04,-4.64,440.0,0.007849933583598036
1980-12-27,4.47,87.49,2.94,-2.14,521.92,0.008242430262777937
1980-12-28,9.36,123.22,7.26,-0.1,600.62,0.01334488709211666
1980-12-29,3.13,144.36,13.95,5.0,880.0,0.02001733063817499
1980-12-30,0.0,185.12,13.37,5.02,881.36,0.016877357204735776
1980-12-31,1.56,164.74,13.66,5.01,880.68,0.014522377129656365
1981-01-01,0.0,290.4,17.68,1.41,672.48,0.012952390412936757
1981-01-02,0.0,283.92,15.33,0.0,600.18,0.012167397054576956
1981-01-03,0.0,312.81,14.98,-3.25,480.0,0.011382403696217151
1981-01-04,0.0,270.02,15.26,1.21,656.95,0.010989907017037248
1981-01-05,0.0,313.25,10.14,-7.35,355.95,0.010204913658677445
1981-01-06,0.0,322.49,12.52,-6.25,378.4,0.009812416979497545
1981-01-07,9.29,142.78,13.17,4.28,822.66,0.011774900375397053
1981-01-08,0.0,279.56,10.97,-3.19,481.14,0.01334488709211666
1981-01-09,0.0,266.31,9.65,-3.38,477.3,0.01334488709211666
1981-01-10,0.0,243.48,8.47,-2.96,486.93,0.012559893733756858
1981-01-11,0.0,286.16,7.92,-6.29,376.53,0.011774900375397053
1981-01-12,0.0,263.3,5.31,-7.08,360.0,0.011382403696217151
1981-01-13,0.0,320.42,6.46,-10.47,280.0,0.010989907017037248
1981-01-14,0.0,316.42,13.27,-3.65,462.0,0.010989907017037248
1981-01-15,0.0,276.56,16.48,2.74,741.4,0.010597410337857348
1981-01-16,0.0,330.88,16.51,-2.01,526.51,0.010597410337857348
1981-01-17,0.0,313.5,12.5,-3.57,466.93,0.010204913658677445
1981-01-18,0.0,338.7,13.32,-5.32,414.6,0.010204913658677445
1981-01-19,0.0,338.45,16.13,-2.65,504.81,0.010204913658677445
1981-01-20,0.0,297.31,16.39,1.69,695.6,0.010204913658677445
1981-01-21,3.0,121.23,13.0,6.07,925.88,0.011774900375397053
1981-01-22,0.0,142.35,11.59,5.65,920.0,0.012167397054576956
1981-01-23,0.0,177.57,13.12,5.58,920.0,0.011382403696217151
1981-01-24,0.0,309.72,14.87,-0.07,600.26,0.010989907017037248
1981-01-25,0.0,352.41,17.0,-2.09,520.0,0.010989907017037248
1981-01-26,0.0,362.09,19.5,-1.0,560.0,0.010989907017037248
1981-01-27,0.0,308.31,19.51,4.58,846.72,0.010989907017037248
1981-01-28,13.9,148.58,18.5,9.98,1238.54,0.012952390412936757
1981-01-29,0.0,360.18,18.5,-0.68,585.99,0.014914873808836266
1981-01-30,0.0,365.23,19.55,-0.12,600.0,0.014129880450476464
1981-01-31,0.0,340.07,12.63,-3.38,479.09,0.013737383771296562
1981-02-01,0.0,366.79,19.35,-0.02,603.8,0.012952390412936757
1981-02-02,21.46,232.06,19.08,4.98,878.4,0.01609236384637597
1981-02-03,0.0,333.49,10.5,-4.35,440.0,0.018839840600635285
1981-02-04,0.0,337.14,9.02,-5.74,400.81,0.01766235056309558
1981-02-05,0.0,320.78,9.04,-4.35,440.0,0.016877357204735776
1981-02-06,1.23,288.73,11.83,0.16,615.49,0.01609236384637597
1981-02-07,5.43,153.88,11.64,3.97,807.2,0.016877357204735776
1981-02-08,0.0,226.29,15.51,6.91,992.79,0.016484860525555874
1981-02-09,0.0,370.79,14.74,-1.91,532.06,0.015699867167196072
1981-02-10,0.0,364.99,20.02,3.35,786.38,0.015699867167196072
1981-02-11,42.76,213.72,21.0,9.36,1188.76,0.07849933583598036
1981-02-12,0.0,411.03,13.55,-6.46,367.05,0.10597410337857346
1981-02-13,0.0,338.49,11.42,-2.02,527.53,0.06279946866878429
1981-02-14,0.0,306.83,14.57,2.79,746.07,0.043174634709789196
1981-02-15,0.0,339.41,19.5,5.77,920.0,0.03375471440947155
1981-02-16,0.0,316.45,22.0,9.46,1197.16,0.027867264221773023
1981-02-17,0.0,270.82,22.65,12.5,1440.0,0.023942297429974006
1981-02-18,13.54,129.75,19.93,14.01,1601.18,0.05494953508518625
1981-02-19,8.85,178.6,22.38,14.09,1607.33,0.08634926941957839
1981-02-20,0.0,297.06,22.71,12.0,1399.96,0.09027423621137741
1981-02-21,0.0,397.98,23.92,7.0,1000.01,0.08242430262777936
1981-02-22,0.0,416.85,23.93,5.17,893.75,0.07457436904418134
1981-02-23,0.0,325.02,21.38,9.36,1188.53,0.08242430262777936
1981-02-24,0.0,396.61,20.41,4.62,849.46,0.07457436904418134
1981-02-25,0.0,452.23,22.43,1.18,654.74,0.06279946866878429
1981-02-26,0.0,443.05,25.65,4.91,872.97,0.05494953508518625
1981-02-27,0.0,415.49,24.39,6.62,969.23,0.04709960150158821
1981-02-28,0.0,464.66,24.81,1.72,697.56,0.043174634709789196
1981-03-01,0.0,335.54,24.99,12.44,1434.86,0.03924966791799018
1981-03-02,0.0,287.07,23.97,13.88,1590.43,0.03532470112619116
1981-03-03,0.0,411.5,21.19,5.43,914.51,0.03296972105111175
1981-03-04,0.0,390.05,22.25,7.83,1066.42,0.03061474097603234
1981-03-05,27.92,223.65,22.21,12.25,1419.64,0.07064940225238232
1981-03-06,1.05,406.68,19.89,4.16,815.14,0.1098990701703725
1981-03-07,0.0,349.51,17.03,5.62,918.83,0.09027423621137741
1981-03-08,0.0,385.29,16.71,3.75,800.0,0.07849933583598036
1981-03-09,0.0,463.75,19.69,1.16,653.07,0.08634926941957839
1981-03-10,0.0,454.64,19.81,1.92,707.58,0.09419920300317643
1981-03-11,0.0,451.49,20.42,2.86,748.87,0.09027423621137741
1981-03-12,0.0,440.88,19.3,2.86,748.71,0.07849933583598036
1981-03-13,0.0,421.09,21.41,5.95,926.99,0.07064940225238232
1981-03-14,0.0,419.39,21.12,6.09,934.42,0.06279946866878429
1981-03-15,0.0,509.2,22.94,-0.35,599.77,0.05494953508518625
1981-03-16,4.96,286.32,21.09,7.91,1072.94,0.05102456829338723
1981-03-17,0.0,492.83,20.21,-0.13,600.4,0.05494953508518625
1981-03-18,17.59,295.04,21.86,8.04,1083.54,0.058874501876985265
1981-03-19,11.4,272.9,16.89,4.9,871.64,0.10597410337857346
1981-03-20,0.0,390.51,14.15,1.12,649.82,0.10204913658677446
1981-03-21,0.0,480.24,18.36,-0.43,598.62,0.09812416979497544
1981-03-22,29.58,241.23,17.19,6.75,979.88,0.1530737048801617
1981-03-23,2.76,268.57,13.04,4.63,850.71,0.29829747617672536
1981-03-24,0.0,376.21,16.15,4.02,801.46,0.29829747617672536
1981-03-25,0.0,458.85,19.51,2.96,756.82,0.30222244296852435
1981-03-26,0.0,479.87,22.0,3.77,802.64,0.32577224371931846
1981-03-27,0.0,473.55,24.56,6.56,965.12,0.3179223101357204
1981-03-28,0.0,422.14,23.17,8.64,1131.13,0.2825976090095293
1981-03-29,0.0,381.94,23.3,10.77,1301.51,0.23157304071614204
1981-03-30,15.43,234.71,23.66,13.99,1598.83,0.2001733063817499
1981-03-31,0.0,448.43,28.0,11.96,1396.73,0.22764807392434303
1981-04-01,36.81,242.71,26.42,16.09,1815.99,0.3218472769275194
1981-04-02,1.34,468.64,25.5,8.73,1138.12,0.6397695870632398
1981-04-03,0.0,517.13,25.83,5.68,920.0,0.7575185908172104
1981-04-04,0.0,424.13,27.44,12.8,1469.0,0.9105922956973721
1981-04-05,0.0,345.17,27.51,16.31,1850.24,0.9930165983251514
1981-04-06,1.36,470.17,23.99,7.65,1052.19,1.114690568870921
1981-04-07,0.0,476.58,21.97,5.57,919.95,1.0087164654923475
1981-04-08,0.0,463.16,24.24,8.39,1111.43,0.7418187236500143
1981-04-09,0.0,448.92,26.1,10.85,1308.07,0.5023957493502743
1981-04-10,0.0,458.46,28.24,12.21,1416.66,0.3336221773029165
1981-04-11,0.0,443.84,27.97,12.85,1467.8,0.2433479410915391
1981-04-12,0.0,439.57,29.49,14.35,1628.3,0.1962483395899509
1981-04-13,0.0,462.93,31.97,15.06,1724.96,0.1609236384637597
1981-04-14,0.0,386.56,30.25,17.6,2015.73,0.1295239041293676
1981-04-15,0.0,323.95,26.23,16.5,1880.0,0.10597410337857346
1981-04-16,0.0,446.84,23.79,9.93,1234.05,0.09027423621137741
1981-04-17,0.0,494.11,26.9,10.07,1245.73,0.07064940225238232
1981-04-18,0.0,493.66,30.37,12.71,1459.15,0.05494953508518625
1981-04-19,0.0,448.71,31.52,16.06,1811.57,0.043174634709789196
1981-04-20,0.0,437.0,31.79,16.97,1921.99,0.02982974761767253
1981-04-21,11.92,308.29,25.54,12.91,1472.88,0.02629727750505342
1981-04-22,3.59,246.35,21.84,12.49,1438.89,0.031399734334392145
1981-04-23,0.0,393.32,27.18,15.05,1723.95,0.03807217788045047
1981-04-24,1.04,315.24,27.48,18.04,2083.0,0.04709960150158821
1981-04-25,0.0,489.23,25.33,9.58,1206.59,0.06279946866878429
1981-04-26,0.0,507.06,27.34,10.29,1262.87,0.08634926941957839
1981-04-27,0.0,523.87,31.7,12.32,1425.5,0.07457436904418134
1981-04-28,0.0,494.82,32.5,14.73,1674.28,0.058874501876985265
1981-04-29,0.0,458.62,31.48,15.83,1792.03,0.03924966791799018
1981-04-30,0.0,457.37,31.48,15.94,1799.64,0.025512284146693615
1981-05-01,0.0,444.8,31.49,16.45,1866.41,0.01609236384637597
1981-05-02,0.0,469.42,27.45,12.11,1408.54,0.010989907017037248
1981-05-03,0.0,510.09,25.96,8.84,1147.02,0.008242430262777937
1981-05-04,0.0,536.68,28.42,8.96,1123.98,0.006279946866878429
1981-05-05,0.0,535.32,30.87,10.7,1259.31,0.005887450187698527
1981-05-06,0.0,406.35,29.51,16.46,1869.87,0.005102456829338723
1981-05-07,25.48,257.06,24.71,14.68,1669.54,0.008242430262777937
1981-05-08,3.66,299.44,22.0,10.46,1276.41,0.00902742362113774
1981-05-09,0.0,326.13,24.3,15.05,1718.59,0.008242430262777937
1981-05-10,0.0,354.89,26.41,16.14,1822.9,0.008242430262777937
1981-05-11,0.0,357.81,28.23,17.74,2038.08,0.007849933583598036
1981-05-12,0.0,535.41,26.96,8.73,1138.53,0.007457436904418133
1981-05-13,0.0,514.55,27.5,10.58,1233.26,0.007064940225238232
1981-05-14,0.0,497.33,29.27,12.84,1429.29,0.00667244354605833
1981-05-15,0.0,447.84,30.0,15.63,1757.79,0.006279946866878429
1981-05-16,0.0,532.2,27.92,9.54,1131.66,0.005887450187698527
1981-05-17,0.0,511.18,29.0,11.64,1312.54,0.005887450187698527
1981-05-18,0.0,465.79,31.45,15.95,1765.24,0.005494953508518624
1981-05-19,5.69,262.34,30.51,19.82,2309.73,0.006279946866878429
1981-05-20,6.4,303.05,30.1,18.0,2080.26,0.005887450187698527
1981-05-21,2.29,416.61,25.94,12.08,1394.15,0.005887450187698527
1981-05-22,0.0,554.56,29.3,9.06,1055.97,0.005494953508518624
1981-05-23,0.0,545.56,31.47,11.15,1210.41,0.005102456829338723
1981-05-24,0.0,483.61,31.5,14.74,1593.27,0.005102456829338723
1981-05-25,0.0,469.38,32.32,16.09,1747.14,0.004709960150158821
1981-05-26,0.0,376.7,30.06,18.14,2090.91,0.004709960150158821
1981-05-27,2.82,286.12,28.4,18.53,2124.99,0.004709960150158821
1981-05-28,0.49,390.32,31.01,18.37,2107.78,0.004709960150158821
1981-05-29,0.0,482.14,32.67,16.21,1747.88,0.004709960150158821
1981-05-30,0.0,482.7,34.48,17.53,1886.75,0.00431746347097892
1981-05-31,0.0,414.77,35.0,20.97,2445.12,0.00431746347097892
1981-06-01,5.93,348.33,34.99,20.45,2385.63,0.0038464674559630374
1981-06-02,9.85,295.51,34.17,21.21,2513.94,0.005102456829338723
1981-06-03,13.56,303.67,33.47,20.39,2382.11,0.012167397054576956
1981-06-04,0.0,359.18,33.51,22.28,2684.9,0.008242430262777937
1981-06-05,0.0,366.28,34.5,22.87,2778.54,0.005102456829338723
1981-06-06,0.0,361.39,34.78,23.23,2838.08,0.00431746347097892
1981-06-07,0.0,355.04,34.66,23.36,2858.24,0.0037287184522090664
1981-06-08,15.7,273.88,32.87,21.53,2565.07,0.003924966791799018
1981-06-09,0.0,361.06,34.5,22.96,2793.86,0.005102456829338723
1981-06-10,0.0,351.49,35.5,24.07,3010.09,0.004709960150158821
1981-06-11,4.15,371.11,35.95,23.0,2799.46,0.005102456829338723
1981-06-12,30.24,280.81,33.5,21.88,2620.04,0.020802323996534793
1981-06-13,10.0,301.77,34.5,21.98,2636.03,0.02708227086341322
1981-06-14,0.0,408.84,36.5,22.98,2796.12,0.01962483395899509
1981-06-15,0.0,445.74,37.47,22.1,2655.39,0.01334488709211666
1981-06-16,0.0,440.88,37.84,22.64,2741.8,0.023549800750794107
1981-06-17,0.0,428.55,37.56,23.04,2804.85,0.1609236384637597
1981-06-18,0.0,430.46,37.5,22.84,2761.58,0.12559893733756858
1981-06-19,4.37,307.52,35.22,22.01,2641.09,0.07849933583598036
1981-06-20,0.0,416.26,35.63,22.07,2650.13,0.05494953508518625
1981-06-21,0.0,455.23,37.48,22.0,2500.35,0.09027423621137741
1981-06-22,0.0,447.24,37.5,22.51,2586.65,0.06279946866878429
1981-06-23,0.0,432.93,38.3,23.73,2807.02,0.07457436904418134
1981-06-24,0.0,439.17,37.11,22.66,2628.67,0.07457436904418134
1981-06-25,17.54,361.92,36.36,20.67,2412.53,0.05102456829338723
1981-06-26,0.0,421.1,35.94,22.26,2662.22,0.03336221773029165
1981-06-27,0.31,346.88,32.3,22.05,2647.81,0.01805484724227548
1981-06-28,0.0,399.78,30.87,19.26,2239.63,0.011382403696217151
1981-06-29,0.0,498.49,31.47,15.75,1680.01,0.007849933583598036
1981-06-30,0.0,527.82,32.5,14.76,1537.53,0.005887450187698527
1981-07-01,0.79,413.58,30.93,18.98,2053.98,0.005494953508518624
1981-07-02,2.45,268.08,26.99,19.14,2221.93,0.005494953508518624
1981-07-03,2.02,298.45,28.67,20.3,2367.79,0.005102456829338723
1981-07-04,0.41,373.14,31.52,21.0,2421.75,0.004709960150158821
1981-07-05,0.0,391.13,33.53,22.09,2538.49,0.005102456829338723
1981-07-06,0.0,425.64,35.39,22.34,2477.85,0.004709960150158821
1981-07-07,0.0,451.64,35.94,21.66,2319.79,0.004709960150158821
1981-07-08,0.0,414.12,36.0,23.11,2619.26,0.004709960150158821
1981-07-09,0.0,424.93,35.74,22.47,2497.67,0.00431746347097892
1981-07-10,0.0,421.45,36.42,23.06,2591.77,0.0038464674559630374
1981-07-11,0.0,440.82,37.47,23.05,2537.66,0.0036109694484550963
1981-07-12,0.0,387.06,35.41,23.46,2750.13,0.003336221773029165
1981-07-13,0.82,430.91,36.99,22.35,2460.85,0.0031399734334392145
1981-07-14,0.0,416.38,37.93,24.27,2794.39,0.002904475425931273
1981-07-15,0.0,394.9,37.98,25.13,2999.94,0.0027082270863413222
1981-07-16,0.0,378.79,38.0,25.76,3160.73,0.0027082270863413222
1981-07-17,0.0,410.91,37.49,24.27,2817.28,0.0027082270863413222
1981-07-18,0.24,372.23,35.32,23.97,2883.37,0.003336221773029165
1981-07-19,0.0,372.38,33.95,22.96,2723.22,0.003924966791799018
1981-07-20,0.0,418.66,35.71,22.76,2575.7,0.003336221773029165
1981-07-21,8.44,287.99,35.36,23.64,2911.46,0.007849933583598036
1981-07-22,0.0,421.18,35.99,23.07,2576.76,0.007849933583598036
1981-07-23,0.0,445.16,36.45,22.5,2432.36,0.006279946866878429
1981-07-24,0.0,451.03,35.98,21.91,2334.34,0.01609236384637597
1981-07-25,0.0,434.41,36.04,22.66,2482.37,0.027474767542593124
1981-07-26,14.59,324.28,35.78,22.82,2731.0,0.01609236384637597
1981-07-27,7.37,308.43,36.0,23.16,2821.71,0.012559893733756858
1981-07-28,0.43,414.62,36.49,23.08,2696.86,0.011382403696217151
1981-07-29,2.74,425.9,37.26,23.0,2660.89,0.020802323996534793
1981-07-30,23.61,326.12,35.03,21.5,2559.31,0.03571719780537106
1981-07-31,17.66,225.76,27.26,19.58,2285.06,0.03807217788045047
1981-08-01,19.05,221.74,28.81,21.1,2495.96,0.03807217788045047
1981-08-02,16.28,274.21,30.93,20.83,2453.08,0.1098990701703725
1981-08-03,5.28,315.75,33.17,20.63,2421.45,0.1334488709211666
1981-08-04,0.0,396.95,33.8,22.01,2641.88,0.09419920300317643
1981-08-05,0.0,406.08,34.0,21.83,2613.06,0.07064940225238232
1981-08-06,0.0,405.07,34.92,22.6,2736.13,0.058874501876985265
1981-08-07,0.0,383.98,34.51,23.1,2815.69,0.0667244354605833
1981-08-08,22.69,282.4,33.74,22.79,2765.62,0.1098990701703725
1981-08-09,14.26,237.07,31.0,22.5,2720.29,0.1609236384637597
1981-08-10,4.09,314.89,34.0,21.5,2560.0,0.09419920300317643
1981-08-11,10.99,314.99,34.05,21.51,2561.53,0.058874501876985265
1981-08-12,1.31,379.15,32.93,21.49,2558.43,0.03689468784291077
1981-08-13,0.3,397.44,32.67,21.09,2495.04,0.02433479410915391
1981-08-14,0.0,407.94,32.36,20.74,2438.33,0.01609236384637597
1981-08-15,0.0,417.66,32.5,20.46,2394.25,0.013737383771296562
1981-08-16,0.0,425.16,33.59,20.99,2478.0,0.01334488709211666
1981-08-17,39.1,294.82,33.48,22.1,2656.62,0.01530737048801617
1981-08-18,15.24,228.73,29.51,21.63,2580.69,0.01530737048801617
1981-08-19,23.91,157.16,24.78,19.85,2307.83,0.01805484724227548
1981-08-20,0.38,231.0,24.4,19.0,2200.0,0.02433479410915391
1981-08-21,2.68,160.33,24.0,19.72,2297.31,0.021587317354894598
1981-08-22,0.0,364.81,27.35,18.52,2123.93,0.016484860525555874
1981-08-23,8.93,233.2,26.63,19.53,2282.7,0.014522377129656365
1981-08-24,6.29,322.45,28.44,17.49,1998.47,0.01530737048801617
1981-08-25,0.0,466.68,31.48,18.25,2100.23,0.01334488709211666
1981-08-26,0.0,420.92,30.5,19.45,2266.66,0.03689468784291077
1981-08-27,0.0,395.66,28.97,19.14,2223.15,0.05494953508518625
1981-08-28,11.68,262.81,29.48,21.05,2487.96,0.06279946866878429
1981-08-29,17.35,240.71,30.0,22.41,2706.05,0.09419920300317643
1981-08-30,0.0,338.29,30.23,22.1,2655.82,0.0667244354605833
1981-08-31,0.0,413.5,31.36,20.5,2399.83,0.058874501876985265
1981-09-01,0.0,443.03,31.7,19.44,2269.8,0.03924966791799018
1981-09-02,0.0,439.53,31.96,19.74,2298.97,0.03453970776783136
1981-09-03,0.0,451.67,32.41,19.38,2261.27,0.05102456829338723
1981-09-04,0.0,450.58,31.96,19.03,2205.03,0.043174634709789196
1981-09-05,0.0,383.05,29.68,19.98,2318.68,0.027474767542593124
1981-09-06,0.0,389.61,30.47,20.39,2382.88,0.018839840600635285
1981-09-07,0.0,405.81,31.8,20.8,2447.56,0.014522377129656365
1981-09-08,0.47,397.23,33.36,21.5,2560.09,0.011382403696217151
1981-09-09,1.65,362.85,31.0,20.44,2390.59,0.009419920300317642
1981-09-10,0.0,441.14,30.46,18.0,2069.9,0.007457436904418133
1981-09-11,0.0,476.24,31.19,16.37,1857.53,0.006279946866878429
1981-09-12,0.0,483.16,32.27,16.3,1847.7,0.006279946866878429
1981-09-13,0.0,450.55,32.49,18.42,2117.06,0.00667244354605833
1981-09-14,0.0,431.79,32.93,19.63,2290.37,0.006279946866878429
1981-09-15,0.0,428.3,33.46,20.05,2328.64,0.006279946866878429
1981-09-16,5.62,376.61,32.19,20.02,2323.33,0.00667244354605833
1981-09-17,7.04,292.67,29.98,18.92,2186.93,0.007064940225238232
1981-09-18,0.0,464.23,27.57,13.02,1491.12,0.006279946866878429
1981-09-19,0.0,497.71,25.08,8.21,1096.76,0.005887450187698527
1981-09-20,0.0,498.6,26.7,8.62,1129.57,0.005887450187698527
1981-09-21,0.0,478.89,28.47,11.13,1330.62,0.005887450187698527
1981-09-22,0.0,449.9,30.45,14.27,1625.88,0.006279946866878429
1981-09-23,0.0,425.07,30.67,15.73,1783.5,0.00667244354605833
1981-09-24,0.0,428.5,29.11,14.2,1618.12,0.00667244354605833
1981-09-25,0.0,447.68,27.99,11.82,1385.68,0.006279946866878429
1981-09-26,0.0,443.11,28.8,12.41,1434.38,0.006279946866878429
1981-09-27,0.0,428.64,30.14,13.99,1599.11,0.005887450187698527
1981-09-28,0.0,422.9,31.96,15.31,1744.52,0.005494953508518624
1981-09-29,0.0,395.56,31.52,16.35,1852.4,0.005494953508518624
1981-09-30,0.0,385.16,31.4,16.61,1885.19,0.005494953508518624
1981-10-01,0.0,387.64,32.57,17.17,1947.37,0.005494953508518624
1981-10-02,0.0,340.45,31.44,18.61,2136.84,0.005102456829338723
1981-10-03,0.0,450.6,27.17,8.17,1093.86,0.005887450187698527
1981-10-04,0.0,465.99,27.9,6.59,966.95,0.005887450187698527
1981-10-05,0.0,418.5,30.0,12.01,1400.82,0.006279946866878429
1981-10-06,0.0,392.62,32.08,15.02,1717.82,0.006279946866878429
1981-10-07,0.0,338.02,30.51,16.77,1905.23,0.005494953508518624
1981-10-08,0.13,332.96,25.8,12.98,1478.81,0.006279946866878429
1981-10-09,1.58,211.5,21.3,13.03,1492.97,0.006279946866878429
1981-10-10,20.63,139.63,21.37,14.86,1694.7,0.007457436904418133
1981-10-11,3.97,161.57,19.9,12.5,1440.32,0.008242430262777937
1981-10-12,0.0,301.45,22.0,11.15,1331.6,0.007457436904418133
1981-10-13,0.0,335.58,22.14,9.67,1213.33,0.007064940225238232
1981-10-14,0.0,319.57,22.32,10.51,1280.97,0.006279946866878429
1981-10-15,0.0,365.69,24.79,10.08,1246.67,0.005494953508518624
1981-10-16,0.0,392.84,27.15,9.82,1225.78,0.005102456829338723
1981-10-17,0.0,359.77,27.02,11.75,1380.05,0.004709960150158821
1981-10-18,0.0,343.23,28.46,13.8,1582.03,0.004709960150158821
1981-10-19,0.0,380.62,25.4,8.66,1133.0,0.00431746347097892
1981-10-20,0.0,418.53,22.81,2.9,752.28,0.003924966791799018
1981-10-21,0.0,365.26,25.42,9.41,1192.45,0.00431746347097892
1981-10-22,0.0,330.88,27.03,12.85,1470.6,0.00431746347097892
1981-10-23,0.0,317.94,28.7,14.86,1697.62,0.00431746347097892
1981-10-24,0.0,341.48,25.82,10.91,1312.87,0.00431746347097892
1981-10-25,10.05,127.53,14.79,8.8,1143.67,0.005887450187698527
1981-10-26,2.59,309.64,27.66,11.79,1382.99,0.00667244354605833
1981-10-27,4.16,193.75,27.04,16.47,1868.2,0.006279946866878429
1981-10-28,0.0,356.35,24.98,8.97,1157.48,0.00902742362113774
1981-10-29,0.0,337.62,24.88,10.05,1243.68,0.009812416979497545
1981-10-30,0.0,240.47,21.27,12.01,1400.89,0.011382403696217151
1981-10-31,0.0,219.69,21.13,12.82,1466.16,0.009419920300317642
1981-11-01,0.0,215.26,20.93,12.83,1468.65,0.007064940225238232
1981-11-02,0.0,282.37,24.23,12.86,1471.54,0.007064940225238232
1981-11-03,0.0,246.37,25.5,15.84,1791.68,0.007457436904418133
1981-11-04,0.0,280.97,25.51,14.26,1620.96,0.007064940225238232
1981-11-05,11.47,118.83,22.56,16.87,1909.62,0.010204913658677445
1981-11-06,13.56,179.15,22.49,13.91,1592.83,0.016484860525555874
1981-11-07,0.0,362.5,21.5,5.22,897.62,0.01609236384637597
1981-11-08,0.0,389.35,22.49,1.56,684.82,0.012559893733756858
1981-11-09,0.0,361.6,24.0,5.93,926.94,0.011382403696217151
1981-11-10,6.34,152.3,20.88,12.98,1487.97,0.012167397054576956
1981-11-11,4.78,179.67,20.5,11.0,1320.15,0.010204913658677445
1981-11-12,0.0,300.98,19.0,6.28,942.95,0.007457436904418133
1981-11-13,0.0,323.12,15.85,1.78,699.51,0.010597410337857348
1981-11-14,0.0,361.6,18.01,-0.45,595.5,0.009419920300317642
1981-11-15,0.0,370.41,22.34,1.1,652.16,0.007849933583598036
1981-11-16,0.0,326.92,22.5,6.43,954.64,0.007457436904418133
1981-11-17,4.9,189.45,19.77,9.12,1169.32,0.007849933583598036
1981-11-18,0.0,339.86,21.36,3.88,806.45,0.007457436904418133
1981-11-19,0.0,358.67,23.96,2.78,742.41,0.007457436904418133
1981-11-20,0.0,250.82,22.1,11.09,1327.43,0.00667244354605833
1981-11-21,0.0,325.78,15.71,0.03,606.5,0.007457436904418133
1981-11-22,0.0,338.0,15.53,-1.71,539.78,0.007849933583598036
1981-11-23,0.0,345.34,17.95,-1.0,564.07,0.007849933583598036
1981-11-24,5.65,208.42,18.81,5.77,921.41,0.00863492694195784
1981-11-25,0.0,318.92,17.5,1.12,651.42,0.009419920300317642
1981-11-26,0.0,338.47,21.51,1.5,679.7,0.009419920300317642
1981-11-27,0.0,300.42,24.97,8.55,1124.16,0.009812416979497545
1981-11-28,0.0,262.09,26.43,12.83,1472.05,0.009812416979497545
1981-11-29,0.0,316.35,22.94,4.74,857.24,0.010204913658677445
1981-11-30,0.0,205.44,19.28,9.63,1210.68,0.010204913658677445
1981-12-01,0.0,244.68,24.09,11.45,1356.35,0.010597410337857348
1981-12-02,28.36,163.29,22.73,11.89,1391.36,0.012952390412936757
1981-12-03,0.0,293.11,18.52,2.58,729.97,0.012952390412936757
1981-12-04,0.0,254.17,16.5,3.74,802.43,0.012559893733756858
1981-12-05,0.0,254.11,14.0,1.22,657.5,0.01334488709211666
1981-12-06,0.0,283.26,13.35,-1.86,531.54,0.01334488709211666
1981-12-07,0.0,313.88,18.91,-0.38,598.62,0.010597410337857348
1981-12-08,0.0,274.18,22.31,6.77,981.51,0.005887450187698527
1981-12-09,0.0,278.79,19.5,3.95,800.0,0.006279946866878429
1981-12-10,0.0,276.3,10.28,-4.4,441.96,0.005887450187698527
1981-12-11,0.0,277.17,8.39,-6.43,370.37,0.005887450187698527
1981-12-12,0.0,238.81,7.85,-4.14,440.12,0.006279946866878429
1981-12-13,0.0,192.51,10.5,1.2,660.96,0.005887450187698527
1981-12-14,9.74,128.71,15.08,6.82,985.56,0.00667244354605833
1981-12-15,15.8,127.7,16.61,8.5,1119.9,0.00863492694195784
1981-12-16,0.09,240.59,12.79,0.94,642.54,0.00902742362113774
1981-12-17,0.0,308.05,16.82,-1.45,560.0,0.007849933583598036
1981-12-18,5.15,175.57,14.57,3.06,764.57,0.007849933583598036
1981-12-19,0.0,259.54,6.64,-5.85,400.0,0.007457436904418133
1981-12-20,0.0,275.52,5.01,-8.68,320.0,0.007064940225238232
1981-12-21,0.0,327.25,12.0,-8.23,323.68,0.007457436904418133
1981-12-22,0.0,289.59,20.65,4.13,810.04,0.02040982731735489
1981-12-23,0.0,213.53,23.85,12.93,1474.57,0.02629727750505342
1981-12-24,4.76,132.3,21.31,12.8,1466.72,0.027474767542593124
1981-12-25,19.94,130.36,16.34,8.48,1118.65,0.029437250938492632
1981-12-26,3.1,97.63,10.47,5.31,904.63,0.043174634709789196
1981-12-27,1.95,103.85,9.97,5.86,920.0,0.058874501876985265
1981-12-28,0.95,138.66,12.07,6.52,961.7,0.07064940225238232
1981-12-29,4.82,94.36,14.6,9.72,1217.88,0.10204913658677446
1981-12-30,0.0,222.81,13.18,4.14,813.57,0.13737383771296563
1981-12-31,32.15,192.73,14.49,3.52,792.25,0.14914873808836268
1982-01-01,0.28,221.53,15.35,5.29,902.45,0.21587317354894595
1982-01-02,0.0,221.88,15.42,5.44,912.68,0.22764807392434303
1982-01-03,6.25,160.55,18.47,8.68,1134.5,0.2668977418423332
1982-01-04,15.37,156.83,20.0,10.47,1277.35,0.3375471440947155
1982-01-05,0.0,306.01,16.35,0.5,640.0,0.36894687842910767
1982-01-06,0.0,333.97,20.39,0.21,616.84,0.34539707767831357
1982-01-07,2.23,207.78,22.73,10.43,1274.31,0.36894687842910767
1982-01-08,4.3,176.17,19.77,9.0,1160.0,0.37287184522090666
1982-01-09,0.0,285.97,13.4,-0.09,605.75,0.3571719780537106
1982-01-10,0.0,279.15,10.5,-2.19,521.26,0.3179223101357204
1982-01-11,0.0,295.45,0.95,-12.35,240.0,0.30222244296852435
1982-01-12,0.0,285.67,2.67,-9.88,280.0,0.2629727750505342
1982-01-13,18.54,127.0,5.04,-1.59,547.18,0.2668977418423332
1982-01-14,22.98,73.32,4.12,0.51,639.98,0.40819654634709784
1982-01-15,0.0,297.53,8.98,-4.47,440.0,0.5416454172682644
1982-01-16,0.0,333.5,14.88,-2.19,519.74,0.6083698527288477
1982-01-17,0.0,326.03,13.41,-2.54,509.73,0.7221938896910193
1982-01-18,0.0,340.77,14.35,-3.11,481.77,0.7771434247762055
1982-01-19,0.0,322.16,22.77,6.15,934.51,0.7418187236500143
1982-01-20,0.0,236.08,23.96,13.38,1540.86,0.6515444874386369
1982-01-21,0.0,262.38,24.96,12.82,1465.29,0.5416454172682644
1982-01-22,0.0,285.46,21.83,8.78,1142.56,0.4631460814322841
1982-01-23,4.56,270.15,23.71,7.23,1018.23,0.40819654634709784
1982-01-24,4.63,223.77,17.51,4.36,828.64,0.4160464799306958
1982-01-25,0.0,347.69,15.9,-0.94,565.55,0.40819654634709784
1982-01-26,0.0,295.6,12.8,0.48,633.31,0.4003466127634998
1982-01-27,0.0,325.39,8.69,-5.2,423.98,0.3767968120127057
1982-01-28,0.0,369.97,16.88,-1.93,531.44,0.3532470112619116
1982-01-29,0.0,339.35,18.13,2.62,733.2,0.3336221773029165
1982-01-30,0.0,342.22,21.72,5.55,913.26,0.3571719780537106
1982-01-31,0.0,302.44,23.97,10.55,1283.98,0.29829747617672536
1982-02-01,0.0,325.11,21.29,6.7,975.76,0.27474767542593126
1982-02-02,1.98,173.38,15.3,7.97,1077.23,0.2668977418423332
1982-02-03,9.58,188.62,16.76,7.06,1004.86,0.2668977418423332
1982-02-04,6.24,196.24,19.47,9.3,1184.21,0.32577224371931846
1982-02-05,0.0,255.19,20.04,10.42,1273.49,0.40427157955529885
1982-02-06,0.16,189.01,19.75,13.0,1480.0,0.38857171238810273
1982-02-07,0.0,351.83,17.0,2.67,740.68,0.4317463470978919
1982-02-08,0.0,360.94,17.91,2.94,755.07,0.40427157955529885
1982-02-09,7.85,259.63,22.46,8.01,1080.8,0.3807217788045047
1982-02-10,4.36,275.01,20.74,5.19,891.79,0.38857171238810273
1982-02-11,0.0,252.02,14.45,5.81,920.98,0.3924966791799018
1982-02-12,27.92,193.5,13.85,5.03,882.22,0.5220205833092693
1982-02-13,27.38,225.19,14.98,5.5,919.8,0.8988173953219749
1982-02-14,0.0,399.03,18.61,1.21,656.47,1.1617901703725093
1982-02-15,0.0,379.75,22.91,6.77,981.35,2.001733063817499
1982-02-16,3.67,200.27,24.46,15.4,1751.69,3.4382709096159396
1982-02-17,16.62,206.19,24.14,14.3,1624.07,3.7208685186254686
1982-02-18,0.0,318.71,21.08,9.88,1230.34,3.0222244296852434
1982-02-19,0.0,321.46,19.51,8.42,1113.59,2.3078804735778222
1982-02-20,0.0,412.42,21.99,4.82,865.48,1.9310836615651168
1982-02-21,0.0,368.5,22.36,8.55,1124.32,1.8800590932717294
1982-02-22,0.0,394.48,19.99,5.05,884.02,1.6955856540571754
1982-02-23,0.0,446.51,21.43,1.29,663.69,1.2873891077100776
1982-02-24,0.0,428.59,25.98,7.09,1007.18,0.9733917643661564
1982-02-25,0.0,377.74,24.91,10.5,1280.2,0.7732184579844065
1982-02-26,6.54,285.61,14.72,1.54,683.01,0.6593944210222349
1982-02-27,1.38,295.8,10.24,1.35,668.06,0.5573452844354605
1982-02-28,0.0,205.19,8.87,3.18,774.51,0.46707104822408313
1982-03-01,0.0,280.1,11.86,3.93,801.39,0.45137118105688706
1982-03-02,0.0,470.96,19.43,-0.06,600.0,0.45529614784868605
1982-03-03,0.0,461.03,21.94,3.3,784.37,0.447446214265088
1982-03-04,0.0,413.02,24.35,9.2,1176.26,0.45137118105688706
1982-03-05,0.0,358.97,23.5,11.5,1359.95,0.447446214265088
1982-03-06,12.35,176.28,21.6,14.5,1640.0,0.43959628068149
1982-03-07,14.38,238.02,19.98,10.28,1262.45,0.6476195206468379
1982-03-08,0.0,438.14,14.83,-0.21,599.86,1.0165663990759457
1982-03-09,0.0,475.45,18.44,0.1,610.96,1.0636660005775338
1982-03-10,0.0,464.64,22.68,4.64,851.47,1.1578652035807102
1982-03-11,0.0,422.45,25.0,9.78,1222.66,1.0715159341611318
1982-03-12,0.0,438.32,27.23,10.63,1290.41,0.894892428530176
1982-03-13,0.0,442.81,30.07,12.31,1424.96,0.7300438232746173
1982-03-14,0.0,404.53,28.37,13.5,1552.06,0.6279946866878429
1982-03-15,0.0,396.48,29.84,15.07,1725.69,0.5141706497256713
1982-03-16,0.0,387.41,26.47,13.01,1481.93,0.43959628068149
1982-03-17,9.82,291.3,27.49,13.98,1598.56,0.39642164597170076
1982-03-18,0.66,322.07,25.66,15.06,1717.49,0.3767968120127057
1982-03-19,0.0,388.4,28.73,15.05,1723.78,0.3650219116373086
1982-03-20,0.0,377.38,30.49,17.03,1925.4,0.3650219116373086
1982-03-21,0.0,372.81,29.98,16.88,1910.34,0.3767968120127057
1982-03-22,0.0,355.61,27.16,15.44,1755.37,0.3532470112619116
1982-03-23,0.59,394.19,23.89,10.14,1251.46,0.32577224371931846
1982-03-24,10.04,207.88,20.66,12.62,1449.42,0.3061474097603234
1982-03-25,5.06,239.73,21.33,12.11,1409.13,0.36109694484550964
1982-03-26,0.0,354.53,20.92,10.8,1303.88,0.39642164597170076
1982-03-27,0.0,414.73,16.5,4.63,850.64,0.4121215131388969
1982-03-28,0.0,357.19,12.68,3.27,781.08,0.3924966791799018
1982-03-29,0.0,431.6,18.42,5.81,921.85,0.3532470112619116
1982-03-30,0.0,434.14,23.11,9.7,1216.2,0.32577224371931846
1982-03-31,0.0,443.7,24.93,10.7,1296.27,0.3218472769275194
1982-04-01,0.0,472.2,28.96,12.52,1441.37,0.2825976090095293
1982-04-02,1.94,426.8,27.83,14.29,1623.22,0.23549800750794106
1982-04-03,4.18,225.6,25.01,16.64,1890.94,0.219798140340745
1982-04-04,0.0,439.48,25.31,11.9,1391.97,0.21194820675714693
1982-04-05,32.02,294.58,22.54,11.35,1347.85,0.219798140340745
1982-04-06,12.76,178.14,17.52,11.5,1360.0,0.435671313889691
1982-04-07,0.0,504.01,17.19,1.79,702.86,0.6201447531042449
1982-04-08,7.18,264.72,16.43,7.46,1037.09,1.0008665319087495
1982-04-09,4.72,345.65,19.97,7.01,1000.6,1.4954123476754257
1982-04-10,0.6,453.2,20.19,7.68,1054.28,1.5425119491770138
1982-04-11,1.93,442.45,20.25,8.35,1108.31,1.307013941669073
1982-04-12,0.0,554.17,24.18,4.93,874.56,0.9812416979497545
1982-04-13,0.0,511.36,25.73,9.59,1207.27,0.7261188564828183
1982-04-14,0.0,482.39,27.5,12.76,1460.78,0.5573452844354605
1982-04-15,0.0,441.45,27.71,14.94,1709.98,0.42389641351429386
1982-04-16,0.0,432.32,28.0,15.64,1770.98,0.3414721108865145
1982-04-17,7.52,305.11,29.03,17.55,2008.56,0.2943725093849263
1982-04-18,22.55,289.66,25.59,15.38,1750.46,0.4199714467224949
1982-04-19,4.46,344.1,22.68,10.31,1264.46,0.5808950851862547
1982-04-20,2.58,394.33,26.1,13.6,1563.85,0.7849933583598036
1982-04-21,0.0,450.96,28.36,15.44,1755.0,0.9027423621137741
1982-04-22,0.0,453.84,27.5,14.67,1667.9,0.8517177938203869
1982-04-23,0.0,486.83,22.34,8.76,1140.75,0.7339687900664164
1982-04-24,0.0,536.94,22.5,5.96,926.05,0.5691201848108576
1982-04-25,35.37,267.97,20.97,12.04,1403.25,0.4631460814322841
1982-04-26,35.8,281.33,26.0,16.11,1819.95,1.1460903032053131
1982-04-27,10.6,307.62,26.68,15.52,1761.32,2.252930938492636
1982-04-28,0.0,416.68,24.65,13.59,1567.19,3.485370511117528
1982-04-29,0.0,405.02,23.0,12.61,1448.98,3.5049953450765226
1982-04-30,0.0,393.05,21.98,12.2,1416.15,3.2066978688997976
1982-05-01,0.0,490.7,25.0,11.29,1343.31,2.5747782154201553
1982-05-02,0.0,488.86,26.5,12.62,1449.79,1.750535189142362
1982-05-03,0.0,526.02,28.58,12.0,1400.0,1.106840635287323
1982-05-04,0.0,512.16,28.79,12.94,1478.7,0.7849933583598036
1982-05-05,0.0,517.65,28.73,12.46,1436.92,0.5691201848108576
1982-05-06,0.0,507.7,28.99,12.99,1481.15,0.40427157955529885
1982-05-07,0.0,490.07,28.32,13.43,1544.86,0.31007237655212244
1982-05-08,0.0,430.02,29.36,16.83,1906.19,0.2472729078833381
1982-05-09,0.0,466.49,28.9,14.94,1707.11,0.20409827317354892
1982-05-10,0.0,531.11,29.57,11.82,1385.84,0.16484860525555872
1982-05-11,0.0,543.36,31.44,12.03,1402.23,0.1295239041293676
1982-05-12,0.0,530.27,31.39,13.03,1489.27,0.10204913658677446
1982-05-13,0.0,529.74,31.65,13.19,1511.09,0.07849933583598036
1982-05-14,0.0,522.24,32.4,14.15,1611.85,0.06279946866878429
1982-05-15,0.0,516.44,32.99,14.79,1673.04,0.05102456829338723
1982-05-16,0.0,506.78,32.92,15.23,1737.85,0.03924966791799018
1982-05-17,0.0,438.36,31.52,17.56,2007.16,0.03257722437193185
1982-05-18,3.06,312.19,29.46,16.74,1899.09,0.03179223101357204
1982-05-19,0.85,326.58,27.88,17.95,2071.9,0.02708227086341322
1982-05-20,0.0,400.41,29.01,17.04,1927.13,0.02982974761767253
1982-05-21,0.0,431.44,30.48,17.06,1929.1,0.03767968120127057
1982-05-22,0.0,422.3,31.0,17.84,2053.91,0.031007237655212242
1982-05-23,1.31,383.1,30.01,18.08,2086.71,0.02629727750505342
1982-05-24,7.73,279.87,30.46,19.36,2256.82,0.023549800750794107
1982-05-25,7.27,278.62,31.0,19.83,2309.55,0.023942297429974006
1982-05-26,0.55,364.41,30.5,19.33,2251.4,0.03218472769275194
1982-05-27,6.53,253.44,30.99,20.93,2469.04,0.05494953508518625
1982-05-28,3.02,349.84,32.5,20.5,2399.65,0.08634926941957839
1982-05-29,0.0,391.03,33.62,21.19,2510.17,0.0667244354605833
1982-05-30,27.77,334.5,34.0,20.62,2419.44,0.05102456829338723
1982-05-31,16.14,264.49,30.25,19.77,2301.91,0.09812416979497544
1982-06-01,0.0,362.42,30.97,20.12,2339.64,0.1962483395899509
1982-06-02,0.48,379.16,33.0,21.08,2492.45,0.27867264221773025
1982-06-03,0.0,333.71,32.5,22.53,2725.37,0.2001733063817499
1982-06-04,21.54,263.11,30.9,20.77,2443.05,0.19232337279815187
1982-06-05,24.9,293.3,32.23,20.62,2418.48,0.5455703840600634
1982-06-06,0.0,402.38,31.83,19.96,2321.2,0.7732184579844065
1982-06-07,0.0,445.42,31.49,17.99,2077.87,0.9733917643661564
1982-06-08,0.0,479.36,33.8,18.12,2089.61,0.8556427606121859
1982-06-09,0.0,460.52,35.79,20.52,2403.02,0.5573452844354605
1982-06-10,0.0,452.83,35.97,21.13,2500.72,0.31399734334392143
1982-06-11,2.58,386.48,34.0,19.33,2252.85,0.223723107132544
1982-06-12,0.0,425.34,30.81,18.6,2140.24,0.16877357204735774
1982-06-13,12.77,308.46,31.39,20.14,2345.15,0.1295239041293676
1982-06-14,0.0,435.01,31.99,19.49,2278.07,0.10204913658677446
1982-06-15,0.0,416.23,32.85,21.01,2481.7,0.08242430262777936
1982-06-16,11.88,343.13,33.87,20.97,2475.01,0.07064940225238232
1982-06-17,22.81,285.31,30.38,20.3,2367.44,0.14522377129656366
1982-06-18,21.66,160.94,25.21,20.17,2347.5,0.21587317354894595
1982-06-19,0.0,431.68,32.01,19.99,2318.9,0.27867264221773025
1982-06-20,0.0,402.88,33.0,21.86,2618.3,0.23942297429974008
1982-06-21,0.0,389.5,33.0,22.38,2700.4,0.18839840600635285
1982-06-22,12.62,275.86,31.5,21.88,2621.16,0.18447343921455384
1982-06-23,15.88,288.17,31.5,21.4,2544.18,0.18054847242275482
1982-06-24,0.0,436.93,31.78,19.78,2301.95,0.2590478082587352
1982-06-25,0.0,369.85,30.98,21.42,2547.87,0.4160464799306958
1982-06-26,2.05,362.89,31.49,20.82,2451.61,0.6358446202714408
1982-06-27,11.83,295.15,31.27,20.95,2471.27,0.5063207161420732
1982-06-28,9.43,313.83,32.33,20.97,2474.78,0.4827709153912792
1982-06-29,7.43,314.24,32.32,21.0,2480.0,0.5651952180190586
1982-06-30,3.67,316.36,33.32,22.09,2654.01,0.47884594859948015
1982-07-01,0.0,400.08,33.3,22.41,2705.62,0.435671313889691
1982-07-02,0.0,393.42,32.48,22.02,2642.64,0.3375471440947155
1982-07-03,0.0,447.08,34.0,21.14,2502.28,0.2590478082587352
1982-07-04,0.0,451.79,36.26,22.45,2711.39,0.19232337279815187
1982-07-05,0.29,459.09,34.81,20.95,2471.42,0.13737383771296563
1982-07-06,9.57,293.44,31.83,21.4,2543.72,0.10204913658677446
1982-07-07,12.81,245.95,29.6,21.49,2558.32,0.08634926941957839
1982-07-08,12.65,286.24,31.31,21.5,2559.97,0.08242430262777936
1982-07-09,10.57,301.61,31.95,21.48,2556.22,0.1609236384637597
1982-07-10,16.0,330.75,32.39,20.52,2403.15,0.5494953508518625
1982-07-11,23.69,315.85,32.0,21.04,2485.87,1.1303904360381172
1982-07-12,2.31,376.48,31.98,21.49,2557.84,1.3737383771296563
1982-07-13,15.11,308.01,31.9,21.38,2540.31,1.4443877793820386
1982-07-14,7.52,290.04,31.29,21.69,2590.74,2.088082333237077
1982-07-15,15.73,281.79,30.96,21.78,2605.52,2.908400392723072
1982-07-16,18.96,278.32,30.44,21.57,2571.32,2.672902385215131
1982-07-17,9.05,292.05,30.89,21.43,2549.1,2.500203846375974
1982-07-18,15.65,277.05,30.41,21.53,2564.65,3.088948865145827
1982-07-19,8.23,362.03,32.49,21.69,2590.07,3.4775205775339297
1982-07-20,0.0,436.24,33.5,21.82,2611.03,3.104648732313023
1982-07-21,0.0,430.67,34.0,22.38,2700.99,2.3275053075368177
1982-07-22,0.0,445.55,33.8,21.58,2573.02,1.550361882760612
1982-07-23,2.35,387.41,32.45,22.26,2681.73,0.9459169968235632
1982-07-24,15.21,291.26,31.41,21.76,2601.65,0.7261188564828183
1982-07-25,0.0,431.05,32.98,21.51,2562.38,0.6515444874386369
1982-07-26,0.0,414.48,34.0,22.88,2781.15,0.6358446202714408
1982-07-27,0.0,407.64,33.84,22.99,2797.77,0.6947191221484261
1982-07-28,0.0,399.09,33.46,23.0,2799.39,0.6319196534796419
1982-07-29,2.63,304.6,31.69,22.71,2753.49,0.6515444874386369
1982-07-30,5.64,343.04,32.26,22.51,2721.21,0.443521247473289
1982-07-31,0.0,415.89,32.83,22.0,2640.0,0.3061474097603234
1982-08-01,10.37,255.94,30.73,22.59,2734.24,0.2590478082587352
1982-08-02,6.28,277.58,31.47,22.48,2717.32,0.23549800750794106
1982-08-03,0.0,439.42,32.39,20.97,2475.35,0.23549800750794106
1982-08-04,0.0,456.57,32.96,20.72,2435.09,0.27474767542593126
1982-08-05,0.0,420.19,31.66,21.09,2494.45,0.2865225758013283
1982-08-06,7.99,356.08,31.99,19.83,2306.85,0.2472729078833381
1982-08-07,0.0,427.3,33.05,21.76,2601.9,0.2080232399653479
1982-08-08,0.0,409.4,33.47,22.7,2752.74,0.16877357204735774
1982-08-09,10.78,367.86,33.49,21.61,2577.38,0.1530737048801617
1982-08-10,7.68,389.34,33.28,21.0,2480.29,0.6240697198960438
1982-08-11,0.0,423.35,33.0,21.72,2595.75,2.0606075656944842
1982-08-12,0.0,429.85,33.42,21.75,2600.17,2.1822815362402537
1982-08-13,20.03,308.74,32.5,21.68,2589.16,1.3423386427952642
1982-08-14,22.18,283.5,30.88,21.44,2549.68,1.2795391741264797
1982-08-15,0.0,419.59,31.57,20.54,2406.04,0.9694667975743574
1982-08-16,5.61,353.23,30.99,21.39,2542.67,1.1735650707479062
1982-08-17,0.0,391.07,31.6,21.48,2557.52,1.4443877793820386
1982-08-18,23.25,272.55,29.25,20.39,2381.82,1.365888443546058
1982-08-19,6.38,292.28,29.45,21.16,2505.7,1.5228871152180188
1982-08-20,0.0,394.59,31.86,21.65,2584.52,1.9271586947733175
1982-08-21,0.0,404.29,32.81,22.07,2650.98,1.9153837943979206
1982-08-22,0.0,404.11,33.0,22.18,2668.23,1.5150371816344208
1982-08-23,0.0,428.74,33.49,21.52,2562.61,1.067590967369333
1982-08-24,0.0,424.01,34.97,22.73,2756.83,0.9027423621137741
1982-08-25,0.0,398.37,35.38,24.02,2999.77,0.7575185908172104
1982-08-26,0.0,392.54,34.48,23.52,2887.1,0.6907941553566271
1982-08-27,0.0,364.11,33.77,23.94,2986.71,0.5298705168928673
1982-08-28,5.72,314.03,34.62,22.43,2709.45,0.3571719780537106
1982-08-29,0.0,385.86,31.26,21.04,2486.08,0.25119787467513716
1982-08-30,0.0,425.16,30.5,18.95,2191.86,0.20409827317354892
1982-08-31,0.0,445.48,30.65,18.04,2082.89,0.17269853883915678
1982-09-01,0.0,420.92,31.21,19.4,2263.51,0.14914873808836268
1982-09-02,0.0,394.6,31.99,21.0,2480.0,0.11774900375397053
1982-09-03,0.0,393.31,32.6,21.5,2560.33,0.08634926941957839
1982-09-04,0.0,374.49,31.68,21.41,2545.94,0.0667244354605833
1982-09-05,0.0,368.88,29.46,19.79,2303.25,0.05494953508518625
1982-09-06,0.0,464.37,29.95,16.14,1827.33,0.04709960150158821
1982-09-07,0.0,472.61,30.5,15.88,1796.33,0.03807217788045047
1982-09-08,0.0,393.35,29.46,18.68,2154.42,0.03571719780537106
1982-09-09,0.0,281.35,27.62,20.62,2419.62,0.02982974761767253
1982-09-10,5.37,180.99,26.41,20.62,2418.88,0.02904475425931273
1982-09-11,13.71,213.9,28.15,21.11,2497.41,0.03493220444701126
1982-09-12,12.14,200.64,28.5,21.94,2630.08,0.09419920300317643
1982-09-13,0.0,370.72,30.79,20.78,2444.16,0.5102456829338723
1982-09-14,0.0,396.84,30.95,19.86,2310.33,0.9105922956973721
1982-09-15,0.0,382.31,32.33,21.41,2546.36,0.6005199191452497
1982-09-16,0.0,398.11,33.46,21.49,2558.6,0.3375471440947155
1982-09-17,0.0,394.0,32.63,20.91,2464.85,0.21587317354894595
1982-09-18,0.0,392.66,32.23,20.5,2400.0,0.14522377129656366
1982-09-19,0.0,378.66,32.06,20.86,2458.26,0.09419920300317643
1982-09-20,17.46,263.78,31.05,21.05,2487.57,0.0667244354605833
1982-09-21,8.13,236.64,27.23,19.0,2200.27,0.08634926941957839
1982-09-22,0.0,425.43,25.73,13.59,1564.87,0.15699867167196072
1982-09-23,0.0,463.26,25.93,11.44,1355.36,0.19232337279815187
1982-09-24,0.0,471.23,26.98,11.36,1348.71,0.2080232399653479
1982-09-25,0.0,455.23,26.45,11.81,1384.75,0.16484860525555872
1982-09-26,3.95,254.04,23.93,14.89,1696.99,0.11774900375397053
1982-09-27,0.0,445.69,26.98,12.5,1439.78,0.09419920300317643
1982-09-28,0.0,448.17,29.0,13.48,1551.51,0.07064940225238232
1982-09-29,0.0,413.07,28.94,15.47,1757.65,0.058874501876985265
1982-09-30,0.0,389.32,27.83,15.7,1776.68,0.043174634709789196
1982-10-01,0.0,414.78,27.49,13.96,1595.77,0.03571719780537106
1982-10-02,0.0,438.69,28.37,12.77,1464.08,0.02982974761767253
1982-10-03,0.0,403.66,28.5,14.92,1701.72,0.02433479410915391
1982-10-04,0.0,373.58,28.0,15.9,1798.04,0.021587317354894598
1982-10-05,0.87,277.85,27.42,19.09,2214.63,0.02001733063817499
1982-10-06,0.0,328.08,29.46,19.03,2204.63,0.018839840600635285
1982-10-07,0.0,339.49,30.0,18.98,2197.36,0.01726985388391568
1982-10-08,0.0,302.64,28.9,19.5,2279.62,0.01726985388391568
1982-10-09,0.0,304.85,30.61,20.69,2430.2,0.016484860525555874
1982-10-10,0.0,336.98,31.68,19.96,2319.21,0.0223723107132544
1982-10-11,37.36,212.22,28.02,19.04,2205.95,0.09812416979497544
1982-10-12,4.2,251.67,27.26,17.16,1945.98,0.29044754259312733
1982-10-13,1.59,281.89,28.47,19.14,2221.92,0.5063207161420732
1982-10-14,6.07,215.87,27.77,18.4,2114.66,0.5455703840600634
1982-10-15,0.0,410.89,25.21,9.64,1211.06,0.38857171238810273
1982-10-16,0.0,400.1,25.5,10.35,1268.23,0.25119787467513716
1982-10-17,0.0,398.86,22.69,7.93,1074.55,0.1766235056309558
1982-10-18,0.0,382.21,22.35,8.53,1122.52,0.12559893733756858
1982-10-19,0.0,371.17,25.88,11.87,1389.57,0.09027423621137741
1982-10-20,0.0,349.01,27.5,14.29,1623.34,0.06279946866878429
1982-10-21,0.0,361.83,28.4,13.88,1590.56,0.05494953508518625
1982-10-22,4.46,251.11,25.71,13.25,1522.2,0.04709960150158821
1982-10-23,2.19,200.33,16.62,9.5,1199.95,0.04709960150158821
1982-10-24,2.47,226.05,15.14,7.28,1022.62,0.043174634709789196
1982-10-25,0.0,342.22,17.56,5.78,920.0,0.03807217788045047
1982-10-26,0.0,392.61,22.19,5.95,924.59,0.03571719780537106
1982-10-27,0.0,402.86,22.05,4.37,830.49,0.03924966791799018
1982-10-28,0.0,402.08,22.99,4.8,863.69,0.03807217788045047
1982-10-29,0.0,395.5,24.5,6.18,940.68,0.03336221773029165
1982-10-30,0.0,344.41,25.57,11.24,1339.23,0.02982974761767253
1982-10-31,0.0,312.83,26.49,13.87,1587.42,0.02629727750505342
1982-11-01,0.64,272.47,27.55,16.87,1912.76,0.03453970776783136
1982-11-02,0.0,299.26,27.53,15.41,1752.41,0.03924966791799018
1982-11-03,0.0,294.88,27.31,15.34,1747.12,0.03453970776783136
1982-11-04,5.75,208.98,24.53,14.38,1631.71,0.02982974761767253
1982-11-05,0.0,334.99,16.62,3.36,786.04,0.02629727750505342
1982-11-06,0.0,372.54,15.79,-0.74,580.26,0.025512284146693615
1982-11-07,0.0,370.41,17.43,0.31,623.45,0.023549800750794107
1982-11-08,0.0,361.34,21.16,3.84,803.31,0.02433479410915391
1982-11-09,0.0,347.59,23.34,6.58,967.77,0.02865225758013283
1982-11-10,0.0,348.62,23.44,6.07,925.43,0.031007237655212242
1982-11-11,0.0,313.17,24.58,9.73,1218.11,0.03218472769275194
1982-11-12,0.0,226.42,26.0,15.98,1798.55,0.03218472769275194
1982-11-13,4.7,239.63,22.86,7.28,1022.39,0.031007237655212242
1982-11-14,0.0,335.57,18.8,2.24,720.26,0.03218472769275194
1982-11-15,0.0,264.04,18.14,6.66,973.49,0.03218472769275194
1982-11-16,0.0,302.52,17.63,3.71,797.1,0.031007237655212242
1982-11-17,0.0,289.38,21.42,7.85,1068.33,0.02982974761767253
1982-11-18,1.3,200.61,20.62,12.05,1403.88,0.02982974761767253
1982-11-19,0.0,201.74,21.12,12.49,1439.32,0.031007237655212242
1982-11-20,0.0,220.79,21.68,12.12,1409.32,0.03218472769275194
1982-11-21,0.0,203.46,24.15,15.19,1734.85,0.03336221773029165
1982-11-22,0.0,265.66,25.85,13.0,1480.0,0.03218472769275194
1982-11-23,0.0,295.36,26.46,10.99,1318.97,0.031007237655212242
1982-11-24,0.0,245.1,24.98,13.22,1516.39,0.03218472769275194
1982-11-25,0.0,271.95,20.32,7.45,1035.6,0.031007237655212242
1982-11-26,3.0,145.16,17.65,9.44,1195.39,0.02982974761767253
1982-11-27,0.12,226.09,21.94,11.75,1380.35,0.031007237655212242
1982-11-28,0.0,186.95,21.81,13.85,1587.83,0.03336221773029165
1982-11-29,3.31,126.77,24.5,17.21,1955.93,0.03689468784291077
1982-11-30,0.0,195.82,24.0,15.53,1761.74,0.043174634709789196
1982-12-01,0.0,213.81,27.39,17.56,2008.81,0.043174634709789196
1982-12-02,0.0,207.9,26.49,17.11,1938.68,0.04709960150158821
1982-12-03,0.0,226.1,26.94,16.5,1880.0,0.04709960150158821
1982-12-04,0.0,229.62,26.34,15.73,1778.15,0.04709960150158821
1982-12-05,1.63,174.68,25.59,17.36,1976.94,0.05102456829338723
1982-12-06,13.27,179.54,23.7,13.05,1490.56,0.05102456829338723
1982-12-07,0.0,253.16,19.52,8.67,1133.32,0.0667244354605833
1982-12-08,0.0,166.3,17.28,10.99,1319.24,0.0667244354605833
1982-12-09,0.0,241.74,20.8,10.84,1307.42,0.07064940225238232
1982-12-10,0.0,256.11,18.67,8.27,1101.59,0.08634926941957839
1982-12-11,10.69,140.17,15.49,9.02,1161.36,0.09027423621137741
1982-12-12,34.1,201.79,16.91,6.01,920.85,0.29829747617672536
1982-12-13,0.0,279.59,8.63,-2.14,520.0,0.36894687842910767
1982-12-14,0.0,321.07,13.08,-1.69,544.36,0.49847078255847527
1982-12-15,1.08,292.49,21.94,8.61,1128.86,0.5573452844354605
1982-12-16,9.93,171.79,19.61,10.85,1308.36,0.5180956165174704
1982-12-17,0.0,310.49,15.12,1.27,662.41,0.42389641351429386
1982-12-18,0.0,305.32,11.41,-1.65,547.48,0.3414721108865145
1982-12-19,3.08,236.09,12.75,-1.53,555.81,0.31007237655212244
1982-12-20,0.0,291.66,14.24,1.77,701.3,0.29829747617672536
1982-12-21,0.0,310.99,15.49,0.84,642.6,0.27867264221773025
1982-12-22,0.0,336.84,17.5,-2.05,521.02,0.2472729078833381
1982-12-23,0.0,333.56,20.45,0.63,637.9,0.23157304071614204
1982-12-24,0.01,286.94,22.72,8.88,1150.53,0.21587317354894595
1982-12-25,0.0,255.71,24.5,12.82,1466.12,0.20409827317354892
1982-12-26,0.0,292.7,25.0,10.0,1240.0,0.19232337279815187
1982-12-27,0.0,266.06,23.61,11.14,1331.12,0.18447343921455384
1982-12-28,0.0,231.51,25.55,15.0,1720.0,0.18054847242275482
1982-12-29,13.31,183.17,22.5,11.58,1366.03,0.19232337279815187
1982-12-30,21.02,149.4,15.46,7.55,1043.7,0.3414721108865145
1982-12-31,14.84,78.87,9.52,5.77,920.0,0.6201447531042449
1983-01-01,8.14,72.09,8.93,5.86,920.89,0.871342627779382
1983-01-02,19.71,89.69,11.0,7.03,1002.54,1.6053114178457981
1983-01-03,11.0,94.95,11.27,7.08,1006.14,2.194056436615651
1983-01-04,0.0,260.38,11.01,1.42,673.71,2.535528547502165
1983-01-05,0.0,214.28,10.79,3.39,788.38,2.653277551256136
1983-01-06,0.0,322.45,15.02,0.64,636.65,2.2921806064106263
1983-01-07,0.0,334.69,17.49,1.21,657.16,1.789784857060352
1983-01-08,0.0,338.98,18.57,1.55,683.7,1.4404628125902394
1983-01-09,29.01,189.96,15.45,6.14,934.97,1.1657151371643082
1983-01-10,27.43,117.95,12.36,7.18,1014.63,1.4129880450476464
1983-01-11,0.0,215.21,14.83,7.39,1031.21,2.680752318798729
1983-01-12,0.0,293.29,12.11,1.05,643.65,5.2202058330926935
1983-01-13,0.0,332.67,10.52,-3.39,477.33,4.356713138896909
1983-01-14,0.0,358.41,14.67,-3.34,479.54,3.336221773029165
1983-01-15,0.0,274.12,13.11,3.29,776.5,2.5904780825873517
1983-01-16,0.0,336.34,10.68,-3.14,480.64,2.1822815362402537
1983-01-17,0.0,345.75,12.51,-2.34,518.29,1.585686583886803
1983-01-18,0.0,331.52,11.0,-2.08,525.44,1.2049648050822983
1983-01-19,0.0,334.43,7.53,-5.36,416.75,0.9890916315333524
1983-01-20,3.42,170.06,4.74,-1.49,552.54,0.8634926941957838
1983-01-21,30.89,165.73,5.81,-1.03,567.78,1.0283412994513426
1983-01-22,15.28,127.01,8.62,3.5,786.87,1.8722091596881314
1983-01-23,4.03,131.49,10.82,5.49,908.67,3.132123499855616
1983-01-24,0.0,291.29,11.46,1.6,688.32,3.924966791799018
1983-01-25,0.0,334.64,11.71,-0.63,586.28,3.6855438174992776
1983-01-26,0.0,360.19,13.85,-0.76,579.94,3.2106228356915962
1983-01-27,12.88,211.61,12.18,2.98,758.45,2.7160770199249202
1983-01-28,14.11,208.35,13.51,4.5,839.81,2.4452543112907876
1983-01-29,0.0,376.51,16.0,-0.03,601.7,2.4334794109153908
1983-01-30,11.73,255.97,17.44,4.79,863.04,2.920175293098469
1983-01-31,0.0,361.63,20.33,5.29,902.94,3.2734223043603805
1983-02-01,0.0,364.98,23.18,6.98,998.37,3.4343459428241405
1983-02-02,30.39,141.85,21.49,15.13,1729.12,3.591344614496101
1983-02-03,0.0,330.77,17.57,5.31,905.18,3.7718930869188556
1983-02-04,0.0,341.08,12.47,0.08,606.82,5.808950851862546
1983-02-05,0.0,313.17,11.51,0.96,640.0,5.9266998556165165
1983-02-06,7.12,203.0,12.02,3.55,792.7,4.47446214265088
1983-02-07,0.0,225.05,10.94,4.41,833.1,3.5324701126191154
1983-02-08,0.0,398.14,12.42,-3.2,480.24,2.9790497949754546
1983-02-09,0.0,415.89,15.57,-2.98,485.0,2.464879145249783
1983-02-10,0.0,387.7,16.39,1.05,644.48,2.0331327981518914
1983-02-11,2.43,278.58,14.92,4.61,848.77,1.7387602887669649
1983-02-12,0.0,252.87,10.08,2.55,724.55,1.4836374473000287
1983-02-13,15.89,171.64,8.12,1.71,696.69,1.3698134103378572
1983-02-14,31.77,232.07,11.62,2.34,720.61,2.1273320011550676
1983-02-15,0.0,422.37,17.5,0.44,634.89,3.740493352584464
1983-02-16,0.0,409.48,18.5,2.88,750.32,7.614435576090095
1983-02-17,23.26,240.45,19.04,9.0,1159.81,8.360179266531906
1983-02-18,0.0,409.46,18.5,3.45,794.84,7.810683915680045
1983-02-19,0.0,427.48,19.57,2.36,720.0,7.614435576090095
1983-02-20,0.0,415.84,20.49,4.31,827.28,5.808950851862546
1983-02-21,0.0,403.52,19.39,4.29,828.75,4.356713138896909
1983-02-22,6.05,258.02,20.51,8.79,1143.2,3.402946208489748
1983-02-23,14.82,205.29,18.92,10.38,1270.4,2.7945763557609005
1983-02-24,0.0,372.29,21.07,8.07,1085.91,2.366754975454808
1983-02-25,2.77,276.06,18.76,8.09,1087.26,2.229381137741842
1983-02-26,0.0,411.1,13.44,-0.73,582.8,2.382454842622004
1983-02-27,0.0,302.69,11.33,2.44,723.0,2.3314302743286164
1983-02-28,6.42,163.75,13.0,6.98,998.23,2.0331327981518914
1983-03-01,8.95,260.38,18.8,8.12,1089.25,1.8329594917701415
1983-03-02,0.0,439.49,23.34,6.77,981.51,1.7152104880161707
1983-03-03,0.0,457.08,24.59,6.17,935.53,1.7073605544325727
1983-03-04,0.0,452.04,25.02,6.93,994.42,1.7152104880161707
1983-03-05,0.0,353.71,25.01,13.34,1534.56,1.6524110193473864
1983-03-06,40.56,204.97,25.26,16.82,1905.37,1.6524110193473864
1983-03-07,18.97,211.87,23.86,15.35,1747.92,2.245081004909038
1983-03-08,0.0,343.71,25.45,14.5,1640.0,3.379396407738954
1983-03-09,0.0,403.59,23.99,10.38,1270.42,5.063207161420733
1983-03-10,0.0,387.73,18.06,6.18,937.21,4.8669588218307815
1983-03-11,0.0,365.7,12.98,2.69,736.24,3.732643419000866
1983-03-12,0.0,457.51,17.0,1.99,718.08,2.880925625180479
1983-03-13,0.0,498.24,21.24,1.69,695.3,2.1862065030320528
1983-03-14,0.0,481.34,22.51,4.42,833.41,1.6759608200981806
1983-03-15,0.0,432.12,21.71,7.17,1013.63,1.3030889748772738
1983-03-16,12.35,212.01,19.47,11.34,1346.88,1.102915668495524
1983-03-17,37.65,206.62,18.35,10.71,1297.19,1.8682841928963325
1983-03-18,5.17,174.68,18.82,12.58,1446.78,3.4225710424487437
1983-03-19,0.0,375.11,22.38,11.34,1346.85,5.965949523534507
1983-03-20,0.0,441.47,23.5,9.37,1189.43,5.9266998556165165
1983-03-21,10.58,276.87,20.83,10.48,1278.32,4.592211146404851
1983-03-22,0.0,412.46,14.83,3.55,798.84,3.8072177880450475
1983-03-23,0.0,459.67,16.2,2.8,745.33,3.630594282414091
1983-03-24,10.21,293.95,13.5,3.29,783.59,2.9986746289344497
1983-03-25,10.11,365.35,15.56,1.09,649.87,2.5512284146693616
1983-03-26,0.0,503.38,18.94,2.63,732.36,2.284330672827028
1983-03-27,17.99,277.14,21.29,11.21,1336.8,2.382454842622004
1983-03-28,0.0,407.13,21.5,10.17,1253.41,2.6061779497545476
1983-03-29,0.0,505.02,19.32,3.16,772.46,2.8770006583886802
1983-03-30,0.0,479.88,19.5,4.73,858.53,2.8299010568870915
1983-03-31,10.28,215.37,16.76,9.49,1198.91,2.5433784810857634
1983-04-01,0.0,482.34,18.96,4.51,840.93,2.233306104533641
1983-04-02,2.28,375.73,22.8,9.64,1210.84,2.0959322668206757
1983-04-03,0.0,473.14,22.91,8.85,1148.09,2.0449076985272883
1983-04-04,0.0,535.34,24.01,5.27,901.29,1.8133346578111462
1983-04-05,0.0,497.2,25.98,9.67,1213.53,1.5425119491770138
1983-04-06,0.0,439.88,28.9,15.07,1725.18,1.291314074501877
1983-04-07,4.67,262.37,26.98,17.06,1929.09,1.1107656020791221
1983-04-08,2.0,268.65,24.64,17.54,2006.53,0.9733917643661564
1983-04-09,17.36,139.34,22.0,17.38,1980.79,0.9537669304071613
1983-04-10,0.0,406.8,21.88,11.02,1321.36,1.0832908345365289
1983-04-11,0.0,497.01,23.91,8.86,1149.05,1.2481394397920875
1983-04-12,0.0,499.95,23.09,8.23,1098.52,1.4090630782558473
1983-04-13,0.0,494.68,24.5,9.87,1229.39,1.2991640080854747
1983-04-14,0.0,382.57,24.48,14.59,1660.38,1.1107656020791221
1983-04-15,19.72,217.78,22.44,15.42,1753.38,0.9655418307825584
1983-04-16,0.0,483.36,19.19,6.09,933.36,1.0597410337857347
1983-04-17,0.0,533.83,20.76,4.4,832.4,1.314863875252671
1983-04-18,4.35,400.63,19.38,6.06,929.41,1.4208379786312444
1983-04-19,0.0,519.64,16.5,1.66,693.11,1.4247629454230435
1983-04-20,0.0,557.78,17.8,0.07,613.71,1.350188576378862
1983-04-21,0.0,551.91,20.31,2.48,727.84,1.1971148714987003
1983-04-22,0.0,538.87,23.14,5.68,917.42,1.0204913658677446
1983-04-23,58.2,321.47,24.7,12.56,1449.01,1.326638775628068
1983-04-24,0.12,363.68,23.1,13.49,1557.78,2.8024262893444982
1983-04-25,0.0,454.15,20.43,8.11,1088.57,5.9266998556165165
1983-04-26,0.0,549.72,25.28,6.75,980.21,6.358446202714409
1983-04-27,0.0,551.71,27.55,8.07,1085.78,4.3959628068149
1983-04-28,0.0,529.33,28.43,10.44,1275.57,2.928025226682067
1983-04-29,0.0,500.03,27.81,11.82,1385.4,1.8957589604389253
1983-04-30,0.0,466.04,27.61,13.21,1512.95,1.310938908460872
1983-05-01,0.0,424.68,28.58,15.84,1786.96,0.9930165983251514
1983-05-02,0.0,407.05,28.47,16.46,1873.89,0.7810683915680044
1983-05-03,0.0,393.04,29.05,17.54,2006.76,0.6201447531042449
1983-05-04,8.87,338.88,27.05,13.75,1579.64,0.5337954836846664
1983-05-05,0.0,534.45,26.55,9.05,1164.02,0.49062084897487723
1983-05-06,0.0,498.81,27.98,12.27,1421.96,0.42389641351429386
1983-05-07,0.0,522.6,28.14,10.82,1305.86,0.3571719780537106
1983-05-08,0.0,416.05,27.02,14.82,1691.57,0.31007237655212244
1983-05-09,0.0,399.55,27.11,15.37,1749.34,0.2668977418423332
1983-05-10,0.0,400.76,26.37,14.67,1671.35,0.23157304071614204
1983-05-11,0.0,521.34,27.99,10.44,1275.11,0.1962483395899509
1983-05-12,0.0,495.83,29.0,12.68,1456.82,0.16484860525555872
1983-05-13,0.0,468.23,29.81,14.72,1675.76,0.13737383771296563
1983-05-14,0.0,431.32,30.4,16.73,1898.57,0.1098990701703725
1983-05-15,0.0,422.5,30.99,17.44,1990.2,0.08242430262777936
1983-05-16,1.94,319.93,30.0,19.11,2217.51,0.07457436904418134
1983-05-17,0.07,432.14,28.1,14.72,1675.49,0.06279946866878429
1983-05-18,0.0,388.97,25.23,13.99,1598.98,0.043174634709789196
1983-05-19,0.0,321.26,25.6,16.59,1882.76,0.03493220444701126
1983-05-20,0.0,312.9,27.89,19.05,2208.67,0.031007237655212242
1983-05-21,0.0,382.55,30.17,18.93,2188.51,0.027867264221773023
1983-05-22,0.0,391.28,31.07,19.5,2279.75,0.025904780825873514
1983-05-23,0.0,401.37,30.43,18.61,2138.11,0.025904780825873514
1983-05-24,0.17,415.79,30.53,18.02,2074.62,0.025119787467513716
1983-05-25,1.82,382.23,29.52,17.58,2013.59,0.02472729078833381
1983-05-26,0.0,420.1,30.31,17.93,2065.54,0.031399734334392145
1983-05-27,0.0,438.4,29.2,16.48,1873.45,0.05102456829338723
1983-05-28,0.0,474.79,29.82,15.53,1762.14,0.07849933583598036
1983-05-29,0.0,485.12,31.01,15.99,1807.57,0.10597410337857346
1983-05-30,0.0,424.86,30.5,18.24,2097.24,0.07849933583598036
1983-05-31,0.0,443.0,31.48,18.31,2104.47,0.05494953508518625
1983-06-01,0.0,466.01,30.88,16.79,1903.91,0.03571719780537106
1983-06-02,0.0,483.1,29.0,14.44,1647.92,0.025904780825873514
1983-06-03,0.0,488.21,30.49,15.31,1741.85,0.01962483395899509
1983-06-04,0.0,438.82,32.5,19.19,2230.17,0.01334488709211666
1983-06-05,0.0,424.14,31.99,19.47,2269.69,0.010989907017037248
1983-06-06,25.41,320.24,32.36,19.76,2300.58,0.009812416979497545
1983-06-07,12.61,272.26,30.48,20.5,2400.75,0.010204913658677445
1983-06-08,16.06,246.0,26.97,18.54,2133.11,0.014914873808836266
1983-06-09,0.0,397.51,28.02,17.39,1983.14,0.10597410337857346
1983-06-10,0.0,410.21,27.83,16.96,1917.16,0.37287184522090666
1983-06-11,0.0,444.82,28.99,16.8,1904.38,0.42782138030609296
1983-06-12,0.0,448.34,29.5,17.15,1947.3,0.2943725093849263
1983-06-13,0.0,454.16,30.0,17.34,1976.18,0.1766235056309558
1983-06-14,0.0,508.75,30.5,15.14,1726.52,0.09812416979497544
1983-06-15,0.0,505.4,32.48,16.61,1884.68,0.05102456829338723
1983-06-16,0.0,491.94,31.98,17.01,1898.46,0.03061474097603234
1983-06-17,0.0,479.08,31.87,17.48,1958.43,0.01923233727981519
1983-06-18,0.0,467.48,31.49,17.56,1986.03,0.014129880450476464
1983-06-19,0.0,407.82,30.39,18.93,2189.22,0.010204913658677445
1983-06-20,0.0,381.14,30.55,19.99,2320.52,0.00863492694195784
1983-06-21,2.67,257.16,29.41,21.34,2533.8,0.008242430262777937
1983-06-22,9.66,204.0,28.39,21.42,2547.69,0.010204913658677445
1983-06-23,10.94,209.19,28.29,21.24,2518.06,0.011774900375397053
1983-06-24,0.0,417.95,30.5,19.02,2202.62,0.012559893733756858
1983-06-25,0.0,475.65,33.97,19.39,2172.61,0.010204913658677445
1983-06-26,0.0,451.76,34.48,20.88,2346.33,0.008242430262777937
1983-06-27,0.0,415.46,33.01,21.15,2461.92,0.007064940225238232
1983-06-28,7.05,284.57,31.5,21.22,2515.47,0.00667244354605833
1983-06-29,4.0,273.28,31.46,21.71,2594.03,0.00667244354605833
1983-06-30,14.26,302.25,32.08,21.01,2480.86,0.007457436904418133
1983-07-01,17.92,295.46,31.59,21.0,2479.52,0.010989907017037248
1983-07-02,1.04,432.71,34.0,21.15,2497.79,0.00902742362113774
1983-07-03,0.0,437.63,34.0,21.41,2541.27,0.00902742362113774
1983-07-04,0.0,427.42,35.34,22.82,2769.19,0.00902742362113774
1983-07-05,0.0,443.94,34.65,21.64,2573.16,0.007849933583598036
1983-07-06,7.73,319.89,33.0,21.1,2496.36,0.012167397054576956
1983-07-07,0.0,359.18,30.27,21.11,2496.87,0.012952390412936757
1983-07-08,0.0,349.63,29.55,20.74,2438.59,0.012952390412936757
1983-07-09,0.0,494.32,31.63,17.18,1879.07,0.014522377129656365
1983-07-10,0.0,495.36,34.0,18.74,2054.52,0.011774900375397053
1983-07-11,0.0,471.64,34.93,20.48,2317.79,0.010597410337857348
1983-07-12,5.43,318.32,33.93,21.62,2578.74,0.007849933583598036
1983-07-13,0.0,409.6,34.37,22.54,2724.24,0.005102456829338723
1983-07-14,0.0,435.08,34.96,22.08,2629.45,0.004709960150158821
1983-07-15,0.0,432.13,36.0,23.12,2729.29,0.004709960150158821
1983-07-16,0.0,469.56,36.85,22.15,2500.7,0.004709960150158821
1983-07-17,0.0,454.74,36.94,22.88,2642.47,0.00431746347097892
1983-07-18,0.0,447.68,36.68,23.03,2665.6,0.004709960150158821
1983-07-19,0.0,451.42,36.61,22.77,2616.09,0.005494953508518624
1983-07-20,4.4,400.95,36.83,22.95,2705.44,0.005494953508518624
1983-07-21,0.0,460.01,37.04,22.38,2557.04,0.005494953508518624
1983-07-22,0.0,437.91,38.46,24.12,2879.01,0.005102456829338723
1983-07-23,16.45,339.4,37.87,22.97,2627.39,0.005102456829338723
1983-07-24,0.0,407.1,38.18,25.26,2916.66,0.00431746347097892
1983-07-25,6.94,297.58,37.5,24.83,3113.8,0.005102456829338723
1983-07-26,15.29,306.27,34.91,22.49,2714.05,0.03767968120127057
1983-07-27,0.0,376.17,32.36,21.69,2551.09,0.012559893733756858
1983-07-28,0.0,391.32,31.93,20.81,2402.76,0.005102456829338723
1983-07-29,2.54,344.21,31.61,20.19,2322.8,0.00431746347097892
1983-07-30,5.65,265.83,30.97,21.15,2503.2,0.005887450187698527
1983-07-31,6.18,294.87,32.5,21.28,2525.27,0.012167397054576956
1983-08-01,0.0,403.84,33.42,21.5,2527.8,0.005887450187698527
1983-08-02,11.73,291.93,31.89,20.78,2444.24,0.005887450187698527
1983-08-03,17.66,265.62,31.5,21.67,2586.76,0.014522377129656365
1983-08-04,0.0,377.39,32.02,21.37,2539.43,0.01923233727981519
1983-08-05,0.0,410.24,33.66,21.48,2553.04,0.01766235056309558
1983-08-06,0.0,399.98,33.91,21.99,2636.15,0.012952390412936757
1983-08-07,0.0,385.9,33.2,21.87,2618.65,0.010597410337857348
1983-08-08,0.0,415.22,33.96,21.4,2536.97,0.007849933583598036
1983-08-09,0.0,428.91,35.48,22.0,2619.37,0.007064940225238232
1983-08-10,0.0,414.92,35.93,22.92,2774.74,0.007064940225238232
1983-08-11,0.0,397.25,35.5,23.27,2840.84,0.005494953508518624
1983-08-12,0.0,396.65,35.03,22.91,2781.91,0.003924966791799018
1983-08-13,1.37,347.59,32.78,22.47,2715.25,0.003650219116373086
1983-08-14,0.0,403.47,30.71,19.31,2249.41,0.003336221773029165
1983-08-15,0.0,492.89,30.86,15.52,1720.58,0.003100723765521224
1983-08-16,0.0,477.05,31.59,16.83,1880.01,0.002747476754259312
1983-08-17,0.0,472.29,33.11,18.11,2038.64,0.0025904780825873517
1983-08-18,0.0,465.48,34.99,19.71,2248.55,0.0025119787467513715
1983-08-19,0.0,465.74,36.91,20.86,2410.16,0.0023157304071614202
1983-08-20,0.0,448.93,38.93,22.95,2747.5,0.00219798140340745
1983-08-21,0.0,431.06,39.37,24.06,2965.8,0.0020802323996534796
1983-08-22,0.0,432.78,39.03,23.7,2900.47,0.0018447343921455383
1983-08-23,0.0,426.78,38.14,23.32,2830.88,0.0015699867167196073
1983-08-24,0.0,431.6,37.4,22.5,2700.82,0.0014129880450476464
1983-08-25,0.0,368.9,35.26,23.58,2902.98,0.0014129880450476464
1983-08-26,8.76,259.39,32.85,22.49,2717.91,0.0016092363846375972
1983-08-27,6.73,266.68,33.75,22.84,2774.39,0.00211948206757147
1983-08-28,0.0,415.4,37.17,22.84,2774.7,0.0023549800750794106
1983-08-29,0.0,406.98,37.21,23.11,2818.2,0.001766235056309558
1983-08-30,0.0,385.71,35.68,22.87,2778.43,0.001766235056309558
1983-08-31,0.0,386.65,34.72,22.04,2647.01,0.0018447343921455383
1983-09-01,21.12,234.91,30.17,20.99,2479.11,0.004709960150158821
1983-09-02,6.98,204.52,28.66,21.43,2548.07,0.007457436904418133
1983-09-03,0.0,316.69,30.88,21.5,2560.47,0.007457436904418133
1983-09-04,0.0,358.67,33.66,22.3,2687.49,0.005887450187698527
1983-09-05,0.0,355.91,34.5,23.03,2804.35,0.008242430262777937
1983-09-06,8.26,302.06,34.44,21.59,2573.7,0.0026689774184233323
1983-09-07,0.0,403.97,33.9,20.42,2387.22,0.0020409827317354893
1983-09-08,0.0,382.11,34.05,21.45,2551.45,0.0023157304071614202
1983-09-09,0.0,338.68,34.0,23.12,2818.48,0.002629727750505342
1983-09-10,0.0,393.52,34.88,21.47,2554.57,0.002433479410915391
1983-09-11,0.0,390.67,35.5,21.94,2631.04,0.003296972105111175
1983-09-12,0.0,363.7,33.74,21.69,2589.9,0.010597410337857348
1983-09-13,11.33,211.79,28.83,20.48,2397.3,0.009419920300317642
1983-09-14,7.7,166.99,26.93,20.68,2429.19,0.007849933583598036
1983-09-15,0.22,346.93,26.0,15.88,1791.39,0.00667244354605833
1983-09-16,0.0,373.15,28.66,17.45,1991.58,0.005887450187698527
1983-09-17,0.0,443.67,30.97,15.85,1788.42,0.005102456829338723
1983-09-18,0.0,430.43,31.6,17.0,1920.14,0.003924966791799018
1983-09-19,14.34,304.07,31.5,19.07,2210.56,0.003336221773029165
1983-09-20,18.85,250.18,31.0,20.86,2457.78,0.003375471440947155
1983-09-21,11.47,271.59,30.49,19.4,2262.47,0.006279946866878429
1983-09-22,6.41,339.62,25.74,11.12,1329.82,0.011382403696217151
1983-09-23,0.0,475.48,24.39,8.36,1109.19,0.00667244354605833
1983-09-24,0.0,458.66,25.68,10.29,1263.24,0.007064940225238232
1983-09-25,0.0,428.92,24.86,11.18,1334.57,0.007457436904418133
1983-09-26,0.0,425.86,25.7,11.84,1387.35,0.007457436904418133
1983-09-27,0.0,442.06,25.9,10.87,1309.65,0.00667244354605833
1983-09-28,0.0,427.42,26.27,11.92,1393.9,0.005887450187698527
1983-09-29,0.0,308.78,24.5,15.53,1762.77,0.005887450187698527
1983-09-30,0.0,387.85,24.76,12.6,1448.24,0.005887450187698527
1983-10-01,0.0,419.26,27.46,12.91,1473.43,0.006279946866878429
1983-10-02,0.0,425.73,29.87,13.89,1590.81,0.005887450187698527
1983-10-03,0.0,440.37,31.31,13.35,1533.39,0.0035717197805371064
1983-10-04,0.0,415.24,31.9,15.34,1745.48,0.0028259760900952928
1983-10-05,0.0,341.35,31.97,19.48,2270.43,0.0029437250938492633
1983-10-06,1.98,337.45,30.52,18.36,2112.66,0.0026689774184233323
1983-10-07,0.0,313.54,28.0,17.34,1975.61,0.002629727750505342
1983-10-08,0.0,272.96,25.98,17.16,1945.61,0.0027082270863413222
1983-10-09,0.0,234.71,24.91,17.5,2000.35,0.0026689774184233323
1983-10-10,0.0,265.92,26.5,17.9,2063.94,0.0027082270863413222
1983-10-11,0.0,215.89,24.66,17.99,2072.4,0.002747476754259312
1983-10-12,0.0,271.65,28.49,19.49,2272.01,0.002747476754259312
1983-10-13,6.04,210.21,29.67,20.08,2333.64,0.004709960150158821
1983-10-14,0.0,359.51,24.01,11.53,1362.73,0.005494953508518624
1983-10-15,0.0,325.8,24.02,13.02,1493.78,0.004709960150158821
1983-10-16,0.0,343.6,25.52,13.33,1533.54,0.00431746347097892
1983-10-17,0.0,311.2,26.73,15.88,1791.11,0.004709960150158821
1983-10-18,0.0,343.33,27.88,15.26,1740.43,0.0038464674559630374
1983-10-19,0.0,350.2,28.0,14.78,1685.22,0.0034539707767831354
1983-10-20,0.0,305.12,26.22,15.45,1756.17,0.003100723765521224
1983-10-21,0.0,237.84,22.5,14.81,1686.5,0.003100723765521224
1983-10-22,0.0,227.62,21.61,14.41,1634.36,0.0034539707767831354
1983-10-23,14.58,197.08,25.46,16.69,1893.47,0.005102456829338723
1983-10-24,12.01,248.13,25.37,13.61,1563.07,0.005102456829338723
1983-10-25,0.0,356.92,23.91,10.79,1303.07,0.004709960150158821
1983-10-26,0.0,347.2,23.24,10.72,1297.53,0.00431746347097892
1983-10-27,0.0,404.07,22.18,5.09,886.5,0.0038464674559630374
1983-10-28,0.0,416.0,23.78,4.06,807.84,0.0032577224371931842
1983-10-29,0.0,398.72,26.29,7.48,1038.34,0.0029829747617672532
1983-10-30,0.0,348.98,24.0,10.07,1245.63,0.003100723765521224
1983-10-31,0.0,295.3,23.0,12.25,1420.23,0.003100723765521224
1983-11-01,0.0,319.48,24.8,12.5,1440.04,0.0029437250938492633
1983-11-02,0.0,356.14,25.34,10.35,1263.97,0.002904475425931273
1983-11-03,0.0,371.73,25.84,9.06,1158.54,0.003061474097603234
1983-11-04,0.0,323.3,25.75,12.69,1454.77,0.0028652257580132827
1983-11-05,0.0,332.68,23.05,9.66,1212.76,0.0028259760900952928
1983-11-06,0.0,368.47,19.52,3.48,792.43,0.0027082270863413222
1983-11-07,10.58,255.24,19.61,6.49,959.47,0.003924966791799018
1983-11-08,17.71,142.45,19.01,12.33,1426.14,0.007064940225238232
1983-11-09,5.97,125.61,20.86,14.96,1711.25,0.005494953508518624
1983-11-10,0.0,173.15,21.62,15.36,1748.66,0.004709960150158821
1983-11-11,0.0,333.84,19.95,5.65,918.35,0.004709960150158821
1983-11-12,0.0,322.91,16.0,2.75,741.57,0.0038857171238810277
1983-11-13,0.0,350.46,17.01,1.07,646.79,0.0036109694484550963
1983-11-14,0.0,363.21,19.15,0.83,640.06,0.0038072177880450466
1983-11-15,4.37,208.39,23.92,11.91,1392.45,0.0036894687842910765
1983-11-16,6.07,223.06,19.0,6.25,939.64,0.00431746347097892
1983-11-17,0.0,312.95,14.79,1.27,662.09,0.00431746347097892
1983-11-18,0.0,357.84,18.24,-0.66,586.45,0.003493220444701126
1983-11-19,0.0,357.09,22.38,1.98,712.79,0.003493220444701126
1983-11-20,20.87,203.87,21.5,9.09,1167.49,0.012167397054576956
1983-11-21,15.07,247.89,20.41,6.67,973.32,0.014522377129656365
1983-11-22,0.0,335.77,22.5,3.57,800.0,0.007457436904418133
1983-11-23,0.0,332.31,24.47,5.07,885.93,0.006279946866878429
1983-11-24,13.89,162.23,23.49,13.28,1523.35,0.009419920300317642
1983-11-25,25.51,222.35,18.41,3.43,792.04,0.03414721108865145
1983-11-26,0.0,329.99,18.06,-0.44,600.0,0.021194820675714696
1983-11-27,0.0,317.42,24.27,6.0,927.4,0.013737383771296562
1983-11-28,11.6,114.64,23.5,16.41,1865.96,0.010989907017037248
1983-11-29,0.0,264.65,19.0,6.28,942.65,0.010989907017037248
1983-11-30,0.0,314.84,17.0,0.0,607.42,0.009812416979497545
1983-12-01,0.0,299.94,19.31,3.26,780.41,0.00863492694195784
1983-12-02,0.0,303.11,21.24,4.42,833.47,0.00863492694195784
1983-12-03,0.0,240.16,25.02,12.7,1456.01,0.00863492694195784
1983-12-04,7.61,162.7,24.97,14.07,1605.47,0.009419920300317642
1983-12-05,0.0,292.41,23.79,7.38,1030.41,0.008242430262777937
1983-12-06,14.96,139.29,24.0,14.95,1711.92,0.009419920300317642
1983-12-07,0.0,317.93,20.47,1.51,680.54,0.010989907017037248
1983-12-08,0.0,310.11,15.12,-2.43,520.0,0.010597410337857348
1983-12-09,0.0,314.31,18.5,-0.62,590.1,0.010204913658677445
1983-12-10,0.0,296.57,20.22,2.52,728.82,0.009419920300317642
1983-12-11,0.0,222.96,22.36,10.43,1274.28,0.011774900375397053
1983-12-12,28.93,109.43,18.5,11.31,1344.6,0.043174634709789196
1983-12-13,0.0,175.94,15.7,7.25,1019.62,0.03218472769275194
1983-12-14,0.13,218.8,19.37,8.37,1109.98,0.021587317354894598
1983-12-15,7.74,132.35,17.43,9.02,1161.86,0.02472729078833381
1983-12-16,0.0,277.36,15.87,1.04,647.2,0.030222244296852437
1983-12-17,0.0,250.2,15.54,2.86,749.64,0.03061474097603234
1983-12-18,15.89,111.81,13.5,7.07,1005.87,0.0667244354605833
1983-12-19,13.51,142.09,13.52,5.68,916.15,0.1962483395899509
1983-12-20,0.0,143.27,11.5,5.4,910.92,0.14914873808836268
1983-12-21,6.18,124.92,8.75,1.79,703.25,0.14914873808836268
1983-12-22,4.19,122.41,10.13,3.52,791.75,0.16484860525555872
1983-12-23,0.24,144.49,10.52,4.87,869.28,0.15699867167196072
1983-12-24,0.0,255.88,8.74,-2.23,520.0,0.14522377129656366
1983-12-25,0.0,290.14,0.07,-12.78,240.0,0.12167397054576955
1983-12-26,0.0,286.59,-0.0,-12.37,240.0,0.1098990701703725
1983-12-27,0.0,314.25,8.09,-7.03,360.0,0.09419920300317643
1983-12-28,12.8,217.05,17.02,3.15,772.08,0.14914873808836268
1983-12-29,35.06,178.76,16.33,6.14,931.52,0.5063207161420732
1983-12-30,0.0,241.37,8.03,-1.58,550.54,0.6201447531042449
1983-12-31,0.0,285.14,5.26,-6.73,360.0,0.5102456829338723
1984-01-01,0.0,310.14,8.9,-4.89,431.51,0.6397695870632398
1984-01-02,0.0,330.73,12.88,-3.63,450.24,0.7104189893156222
1984-01-03,0.0,309.12,13.11,-0.81,560.14,0.5848200519780536
1984-01-04,0.0,339.72,15.44,-2.65,468.58,0.435671313889691
1984-01-05,0.09,305.43,15.98,2.28,678.81,0.34932204447011256
1984-01-06,0.0,337.53,19.48,1.5,611.8,0.30222244296852435
1984-01-07,0.0,322.28,18.43,3.0,696.2,0.2708227086341322
1984-01-08,0.0,346.08,17.5,-1.21,506.5,0.25119787467513716
1984-01-09,0.0,349.81,19.5,-0.2,528.13,0.23549800750794106
1984-01-10,4.99,185.34,19.46,9.57,1205.31,0.23157304071614204
1984-01-11,1.59,313.41,17.99,3.47,740.76,0.2472729078833381
1984-01-12,0.0,157.25,6.25,0.95,641.33,0.23942297429974008
1984-01-13,1.25,111.13,4.8,0.96,640.0,0.23942297429974008
1984-01-14,0.0,226.44,9.35,1.33,666.25,0.25512284146693615
1984-01-15,0.0,169.65,9.14,3.38,782.77,0.25119787467513716
1984-01-16,4.0,138.46,9.03,2.78,743.71,0.2433479410915391
1984-01-17,2.37,139.54,11.97,6.28,944.29,0.25512284146693615
1984-01-18,6.96,184.44,17.87,8.67,1133.69,0.2708227086341322
1984-01-19,20.51,226.27,17.49,5.3,904.11,0.40819654634709784
1984-01-20,0.0,231.2,7.81,-0.04,606.96,0.5220205833092693
1984-01-21,0.0,246.33,7.57,-0.84,572.85,0.6201447531042449
1984-01-22,0.0,323.37,7.38,-5.01,439.45,0.7300438232746173
1984-01-23,0.0,333.78,12.34,-1.09,563.21,0.6790192549812301
1984-01-24,36.32,184.76,15.52,6.87,989.48,0.7457436904418133
1984-01-25,16.78,134.94,17.59,11.48,1358.77,1.4993373144672248
1984-01-26,11.57,151.48,16.14,9.35,1187.76,2.284330672827028
1984-01-27,42.31,88.22,14.0,10.25,1260.07,4.238964135142939
1984-01-28,0.0,300.88,16.56,5.52,911.84,6.436945538550389
1984-01-29,0.0,332.37,17.24,4.31,824.51,8.124681259023967
1984-01-30,0.0,379.28,19.71,1.93,714.53,7.261188564828182
1984-01-31,0.0,388.93,18.03,-0.73,581.34,4.9062084897487725
1984-02-01,0.0,378.99,13.48,-2.63,509.6,3.5952695812878996
1984-02-02,0.0,393.04,17.01,-1.49,556.1,2.692527219174126
1984-02-03,0.0,366.41,21.79,6.02,933.32,2.0920073000288766
1984-02-04,2.74,223.66,19.92,10.73,1298.44,1.7073605544325727
1984-02-05,0.0,346.46,16.06,3.47,797.62,1.4561626797574356
1984-02-06,0.0,404.47,11.57,-5.59,403.87,1.3030889748772738
1984-02-07,0.0,366.72,8.51,-4.26,440.0,1.1382403696217152
1984-02-08,0.0,414.14,12.37,-5.16,426.59,0.9262921628645682
1984-02-09,0.0,428.63,18.03,-3.73,461.96,0.7849933583598036
1984-02-10,0.0,420.65,22.01,1.14,653.95,0.7025690557320242
1984-02-11,0.0,390.31,23.98,6.96,996.9,0.6358446202714408
1984-02-12,0.0,366.42,24.0,9.02,1161.21,0.5926699855616516
1984-02-13,17.99,165.22,20.82,13.47,1549.24,0.663319387814034
1984-02-14,15.78,188.94,20.92,12.82,1465.28,0.9930165983251514
1984-02-15,0.0,397.66,21.98,5.06,884.89,1.1931899047069014
1984-02-16,0.0,390.27,22.48,5.98,920.0,1.346263609587063
1984-02-17,0.0,388.74,24.12,7.42,1033.86,1.2834641409182788
1984-02-18,0.0,413.59,24.5,5.4,912.01,1.1617901703725093
1984-02-19,0.0,394.43,25.53,7.99,1079.15,1.0361912330349408
1984-02-20,0.0,330.23,23.93,11.03,1322.36,0.914517262489171
1984-02-21,0.0,288.49,20.24,9.86,1228.54,0.8163930926941957
1984-02-22,11.83,199.89,17.99,8.86,1148.46,0.7221938896910193
1984-02-23,8.26,137.02,14.48,8.64,1130.85,0.7614435576090094
1984-02-24,0.0,391.52,20.89,5.28,901.9,0.8242430262777938
1984-02-25,0.0,355.6,19.91,6.59,967.27,0.9105922956973721
1984-02-26,0.0,411.31,18.37,1.49,679.54,0.9223671960727692
1984-02-27,41.74,177.33,18.19,10.08,1246.79,1.122540502454519
1984-02-28,0.0,366.12,16.65,3.2,775.7,2.1077071671960725
1984-02-29,0.0,254.56,8.09,0.06,605.02,3.587419647704302
1984-03-01,0.0,390.29,11.77,-1.95,524.32,4.631460814322841
1984-03-02,0.0,440.4,15.93,-1.39,559.57,4.3959628068149
1984-03-03,0.0,431.07,20.44,3.54,793.86,3.4461208431995374
1984-03-04,0.0,439.16,22.85,5.04,883.14,2.5316035807103665
1984-03-05,0.0,364.71,23.93,10.65,1291.92,1.9428585619405137
1984-03-06,56.38,158.41,22.4,15.5,1759.83,2.123407034363269
1984-03-07,25.21,298.13,19.8,5.81,922.63,5.887450187698526
1984-03-08,0.0,446.43,18.27,1.46,676.86,18.44734392145538
1984-03-09,0.0,384.12,16.41,3.66,795.66,13.34488709211666
1984-03-10,0.0,460.52,15.87,-1.02,564.36,8.242430262777937
1984-03-11,0.0,451.17,17.91,1.77,697.19,5.063207161420733
1984-03-12,0.0,462.01,19.46,2.5,720.0,3.51677024545192
1984-03-13,9.2,226.16,21.35,12.13,1410.01,2.767101588218307
1984-03-14,0.0,421.61,22.57,8.0,1080.34,2.3157304071614204
1984-03-15,0.0,474.21,25.25,6.43,954.16,2.0252828645682928
1984-03-16,0.0,458.71,27.42,9.53,1202.15,1.778009956684955
1984-03-17,0.0,401.8,26.19,12.21,1416.56,1.4954123476754257
1984-03-18,0.0,416.26,26.03,11.5,1360.0,1.338413676003465
1984-03-19,0.0,447.61,28.88,12.09,1407.41,1.1971148714987003
1984-03-20,0.0,357.79,26.59,15.02,1721.46,1.0126414322841464
1984-03-21,11.67,333.07,20.52,5.81,920.09,0.9066673289055731
1984-03-22,0.0,485.18,24.29,6.19,935.12,0.8399428934449898
1984-03-23,0.0,452.26,25.97,9.75,1220.08,0.8517177938203869
1984-03-24,0.0,468.29,26.49,8.92,1153.82,0.9027423621137741
1984-03-25,17.31,276.87,27.06,14.73,1678.52,0.8634926941957838
1984-03-26,0.0,464.21,25.01,8.26,1100.72,0.7614435576090094
1984-03-27,2.52,260.49,20.24,11.45,1355.69,0.6476195206468379
1984-03-28,15.57,259.74,27.39,16.14,1823.18,0.6319196534796419
1984-03-29,4.43,315.76,26.09,11.92,1393.61,0.7418187236500143
1984-03-30,0.0,453.27,18.9,3.98,803.44,0.914517262489171
1984-03-31,0.0,465.44,19.53,3.92,805.95,1.0047914987005486
1984-04-01,0.0,421.66,20.72,7.34,1026.87,1.0754409009529309
1984-04-02,0.0,478.47,22.24,5.85,920.13,0.9302171296563672
1984-04-03,9.87,233.84,20.08,11.1,1328.16,0.7614435576090094
1984-04-04,15.29,212.43,22.84,14.65,1667.43,0.6986440889402251
1984-04-05,0.0,370.09,20.09,9.25,1180.02,0.7261188564828183
1984-04-06,0.0,436.16,21.24,7.75,1059.69,0.7967682587352005
1984-04-07,0.0,494.87,24.4,7.43,1034.76,1.1460903032053131
1984-04-08,0.0,463.59,25.87,10.44,1275.39,1.2481394397920875
1984-04-09,16.29,200.27,22.05,14.58,1658.58,1.142165336413514
1984-04-10,3.02,341.77,19.32,9.13,1170.64,1.2167397054576954
1984-04-11,0.0,414.28,20.25,8.45,1115.85,1.2010398382904994
1984-04-12,0.0,520.83,23.98,6.12,929.66,1.1617901703725093
1984-04-13,0.0,491.63,28.1,11.3,1343.87,1.1303904360381172
1984-04-14,0.0,441.83,29.69,15.36,1747.11,0.9459169968235632
1984-04-15,0.0,398.98,26.56,14.73,1677.0,0.7614435576090094
1984-04-16,0.0,439.12,21.65,8.96,1156.72,0.6162197863124458
1984-04-17,0.0,425.53,20.0,8.12,1089.83,0.47884594859948015
1984-04-18,0.0,518.2,22.39,5.87,920.78,0.38857171238810273
1984-04-19,0.0,529.99,25.34,7.34,1027.04,0.3179223101357204
1984-04-20,5.88,415.77,28.0,12.6,1448.23,0.2629727750505342
1984-04-21,0.0,480.96,29.51,13.76,1579.52,0.22764807392434303
1984-04-22,0.0,384.6,29.12,17.76,2041.04,0.1962483395899509
1984-04-23,43.43,236.7,25.49,17.0,1920.47,0.4631460814322841
1984-04-24,0.0,456.87,23.88,10.76,1300.82,1.2873891077100776
1984-04-25,0.0,545.71,29.4,9.93,1234.73,2.284330672827028
1984-04-26,0.0,537.67,31.42,11.71,1376.47,2.629727750505342
1984-04-27,0.0,425.48,28.87,15.97,1797.85,2.233306104533641
1984-04-28,6.55,331.48,29.66,15.98,1798.92,1.6170863182211954
1984-04-29,0.0,365.48,28.43,17.93,2068.28,1.1735650707479062
1984-04-30,0.0,392.42,30.52,18.86,2177.8,0.8203180594859947
1984-05-01,0.0,379.05,29.68,18.7,2153.22,0.5730451516026566
1984-05-02,1.63,410.84,28.8,16.2,1834.93,0.4199714467224949
1984-05-03,37.35,268.74,27.08,17.22,1955.96,0.37287184522090666
1984-05-04,31.49,287.25,28.81,17.88,2058.38,1.087215801328328
1984-05-05,0.0,474.57,29.45,14.68,1672.32,6.397695870632399
1984-05-06,0.0,414.13,31.0,18.54,2132.28,10.597410337857347
1984-05-07,0.0,417.72,33.27,20.3,2368.64,6.829442217730291
1984-05-08,1.5,381.17,31.96,20.0,2320.6,4.1212151313889684
1984-05-09,17.14,395.63,28.06,10.75,1299.99,2.700377152757724
1984-05-10,0.0,501.31,24.77,9.49,1199.54,1.8565092925209352
1984-05-11,0.0,520.72,26.85,10.0,1240.11,1.4208379786312444
1984-05-12,0.0,525.74,30.42,12.4,1432.4,1.2128147386658965
1984-05-13,0.0,486.87,31.97,15.86,1789.9,0.871342627779382
1984-05-14,0.0,459.69,33.1,18.04,2083.45,0.6044448859370487
1984-05-15,0.0,447.32,30.45,16.52,1880.16,0.447446214265088
1984-05-16,0.0,481.77,25.54,10.91,1313.07,0.3375471440947155
1984-05-17,0.0,524.17,25.48,8.51,1120.62,0.2590478082587352
1984-05-18,0.0,542.8,27.5,8.82,1145.75,0.2001733063817499
1984-05-19,0.0,519.94,31.0,12.98,1482.19,0.14914873808836268
1984-05-20,0.0,478.36,31.02,15.33,1746.79,0.10204913658677446
1984-05-21,0.0,443.5,32.47,18.1,2087.1,0.07064940225238232
1984-05-22,0.0,375.82,32.0,20.38,2381.22,0.05494953508518625
1984-05-23,3.52,195.96,28.49,21.0,2479.39,0.043174634709789196
1984-05-24,0.0,335.83,29.48,19.7,2295.7,0.04709960150158821
1984-05-25,0.0,439.86,30.89,17.28,1964.83,0.05102456829338723
1984-05-26,0.0,383.54,31.37,20.0,2320.0,0.04709960150158821
1984-05-27,12.63,240.82,28.43,19.56,2283.33,0.043174634709789196
1984-05-28,33.2,185.76,27.17,20.6,2415.72,0.10597410337857346
1984-05-29,15.34,199.9,27.0,20.0,2320.0,0.5180956165174704
1984-05-30,9.79,317.21,24.59,13.21,1514.61,1.0047914987005486
1984-05-31,0.0,498.98,23.17,8.86,1149.04,1.7230604215997687
1984-06-01,0.0,536.16,26.61,9.5,1200.13,1.9036088940225238
1984-06-02,0.0,530.16,31.0,12.91,1474.25,1.4051381114640484
1984-06-03,0.0,502.22,33.92,16.52,1881.76,0.9302171296563672
1984-06-04,0.0,480.73,35.03,18.49,2118.96,0.6162197863124458
1984-06-05,0.0,447.66,34.41,19.61,2287.75,0.4199714467224949
1984-06-06,0.0,410.71,32.89,20.0,2320.0,0.2865225758013283
1984-06-07,0.0,387.92,31.86,20.02,2322.52,0.2001733063817499
1984-06-08,0.0,438.16,31.21,17.65,2023.97,0.14522377129656366
1984-06-09,0.0,450.85,30.94,16.94,1915.05,0.10204913658677446
1984-06-10,0.0,458.64,31.54,17.12,1939.64,0.07064940225238232
1984-06-11,0.0,428.54,31.42,18.42,2115.58,0.04709960150158821
1984-06-12,0.0,426.31,32.04,19.07,2211.84,0.03924966791799018
1984-06-13,2.11,363.32,30.98,20.04,2328.53,0.03218472769275194
1984-06-14,9.35,271.65,30.65,20.36,2378.16,0.030222244296852437
1984-06-15,0.0,415.85,32.5,20.08,2332.21,0.03767968120127057
1984-06-16,0.0,436.73,32.64,19.45,2271.04,0.03767968120127057
1984-06-17,0.0,446.89,33.2,19.57,2285.85,0.05102456829338723
1984-06-18,0.0,468.03,34.43,19.61,2288.56,0.04709960150158821
1984-06-19,0.0,455.73,36.17,21.44,2549.94,0.03414721108865145
1984-06-20,0.0,430.11,37.5,23.53,2887.68,0.02708227086341322
1984-06-21,6.51,311.98,35.41,22.57,2730.84,0.01923233727981519
1984-06-22,10.65,273.83,31.21,20.99,2478.53,0.014522377129656365
1984-06-23,1.9,308.33,30.5,21.76,2601.94,0.012952390412936757
1984-06-24,0.0,423.75,33.0,20.43,2389.02,0.010597410337857348
1984-06-25,0.0,390.26,33.47,22.04,2645.7,0.008242430262777937
1984-06-26,0.0,420.92,33.0,20.44,2390.96,0.007064940225238232
1984-06-27,0.0,381.19,31.88,20.89,2461.6,0.008242430262777937
1984-06-28,8.74,343.91,32.5,20.4,2384.28,0.02472729078833381
1984-06-29,6.79,260.97,30.93,21.1,2495.44,0.058874501876985265
1984-06-30,7.65,273.47,29.93,20.5,2399.55,0.03885717123881028
1984-07-01,4.46,255.01,30.55,21.63,2581.16,0.03924966791799018
1984-07-02,1.8,348.13,29.79,20.4,2383.5,0.03924966791799018
1984-07-03,0.0,456.4,31.14,18.01,2080.62,0.03885717123881028
1984-07-04,0.0,432.18,33.0,20.53,2404.75,0.03493220444701126
1984-07-05,0.0,417.15,33.45,21.52,2563.56,0.025512284146693615
1984-07-06,0.0,427.76,33.91,21.47,2555.22,0.018447343921455386
1984-07-07,7.04,321.12,34.0,21.51,2561.91,0.011774900375397053
1984-07-08,0.0,440.87,34.0,21.0,2480.0,0.009419920300317642
1984-07-09,0.0,400.86,32.78,21.63,2580.95,0.00667244354605833
1984-07-10,0.0,454.21,33.38,20.07,2332.02,0.005887450187698527
1984-07-11,0.0,447.46,35.06,21.57,2570.51,0.004709960150158821
1984-07-12,0.0,457.82,35.77,21.57,2571.63,0.005102456829338723
1984-07-13,0.0,445.71,35.0,21.5,2560.66,0.005887450187698527
1984-07-14,0.0,431.2,34.5,21.67,2586.55,0.004709960150158821
1984-07-15,11.54,298.13,33.36,22.08,2653.35,0.00431746347097892
1984-07-16,0.0,440.37,33.5,20.58,2412.87,0.0037679681201270568
1984-07-17,0.0,404.13,33.5,22.02,2642.9,0.0031792231013572044
1984-07-18,26.36,286.24,32.0,21.68,2588.5,0.020802323996534793
1984-07-19,23.24,234.87,28.51,20.82,2451.23,0.03453970776783136
1984-07-20,11.17,212.9,27.02,20.36,2376.81,0.0223723107132544
1984-07-21,4.36,302.3,29.0,21.0,2480.0,0.027867264221773023
1984-07-22,7.21,284.89,30.0,20.5,2400.76,0.0223723107132544
1984-07-23,0.48,389.37,31.0,21.0,2480.0,0.014914873808836266
1984-07-24,0.0,414.78,32.5,21.37,2539.94,0.010597410337857348
1984-07-25,0.0,431.6,33.5,21.51,2562.36,0.008242430262777937
1984-07-26,0.0,428.55,34.5,22.39,2702.42,0.007064940225238232
1984-07-27,35.99,341.04,33.97,20.86,2457.73,0.005887450187698527
1984-07-28,2.95,401.15,31.5,20.5,2400.0,0.005494953508518624
1984-07-29,16.41,277.83,28.59,19.5,2280.0,0.010204913658677445
1984-07-30,20.92,229.88,26.58,19.5,2280.0,0.2433479410915391
1984-07-31,10.29,222.58,27.93,20.98,2476.71,1.546436915968813
1984-08-01,5.39,256.17,30.44,22.02,2643.24,2.170506635864857
1984-08-02,10.77,266.68,32.06,23.06,2809.35,2.1862065030320528
1984-08-03,0.03,435.58,33.42,21.42,2547.08,1.6955856540571754
1984-08-04,0.0,435.93,33.75,21.66,2584.92,1.2088897718740974
1984-08-05,0.0,435.76,34.48,22.17,2667.84,0.7732184579844065
1984-08-06,0.0,433.17,35.5,23.0,2800.03,0.49847078255847527
1984-08-07,0.0,427.39,34.91,22.81,2769.73,0.3336221773029165
1984-08-08,0.0,427.19,34.48,22.47,2714.47,0.219798140340745
1984-08-09,0.0,425.88,34.49,22.54,2725.74,0.13737383771296563
1984-08-10,0.0,427.96,34.85,22.72,2755.51,0.08634926941957839
1984-08-11,0.0,443.58,34.5,21.84,2614.18,0.05102456829338723
1984-08-12,5.17,339.51,33.0,20.51,2402.16,0.03257722437193185
1984-08-13,0.0,431.65,33.49,21.6,2575.78,0.0223723107132544
1984-08-14,0.0,442.66,34.41,21.73,2597.03,0.01609236384637597
1984-08-15,0.0,460.64,35.38,21.5,2559.6,0.011774900375397053
1984-08-16,0.0,442.24,35.5,22.39,2701.75,0.00902742362113774
1984-08-17,0.0,415.44,33.86,22.26,2681.48,0.00902742362113774
1984-08-18,0.06,449.58,32.98,20.0,2320.37,0.011774900375397053
1984-08-19,12.49,304.72,32.5,21.29,2525.84,0.00863492694195784
1984-08-20,8.85,284.86,30.5,20.5,2400.0,0.00863492694195784
1984-08-21,7.71,268.07,29.42,20.46,2393.42,0.007064940225238232
1984-08-22,0.24,295.94,27.74,20.55,2408.05,0.00667244354605833
1984-08-23,0.0,364.62,29.97,20.57,2411.3,0.006279946866878429
1984-08-24,6.24,274.25,30.5,21.25,2520.57,0.005494953508518624
1984-08-25,0.0,391.48,30.5,20.19,2350.19,0.005494953508518624
1984-08-26,0.0,439.9,30.61,18.44,2115.77,0.05494953508518625
1984-08-27,0.0,418.88,30.5,19.13,2220.91,0.058874501876985265
1984-08-28,0.0,446.5,30.7,18.0,2080.15,0.03689468784291077
1984-08-29,0.0,454.41,31.49,18.02,2081.28,0.022764807392434302
1984-08-30,0.0,431.99,33.01,19.96,2322.99,0.016484860525555874
1984-08-31,0.0,419.87,34.0,21.06,2489.82,0.016877357204735776
1984-09-01,0.0,441.84,34.47,20.16,2345.76,0.012952390412936757
1984-09-02,0.0,440.24,33.49,19.42,2266.95,0.00902742362113774
1984-09-03,0.0,440.44,33.76,19.48,2277.18,0.007064940225238232
1984-09-04,5.19,387.82,33.5,20.45,2391.3,0.008242430262777937
1984-09-05,14.38,204.85,26.45,19.38,2261.43,0.007849933583598036
1984-09-06,0.0,405.03,27.46,16.08,1819.38,0.007457436904418133
1984-09-07,0.0,444.11,28.0,14.75,1679.83,0.005494953508518624
1984-09-08,0.0,401.03,27.98,16.55,1877.09,0.00431746347097892
1984-09-09,0.08,291.79,27.0,19.29,2246.48,0.00431746347097892
1984-09-10,0.22,260.36,27.5,20.72,2435.06,0.007064940225238232
1984-09-11,0.0,356.28,31.29,21.07,2491.54,0.00863492694195784
1984-09-12,0.0,440.94,33.59,18.94,2190.46,0.007849933583598036
1984-09-13,0.0,417.86,33.98,20.33,2372.65,0.006279946866878429
1984-09-14,0.0,429.86,35.46,20.55,2408.48,0.005102456829338723
1984-09-15,0.0,414.91,34.92,20.9,2464.38,0.004709960150158821
1984-09-16,11.05,310.23,30.03,17.25,1959.55,0.004709960150158821
1984-09-17,0.0,300.53,22.64,14.98,1716.44,0.004709960150158821
1984-09-18,0.0,356.47,25.45,15.74,1779.44,0.004709960150158821
1984-09-19,0.0,404.35,26.92,15.05,1717.15,0.003924966791799018
1984-09-20,0.0,489.03,28.0,10.33,1266.46,0.0036894687842910765
1984-09-21,0.0,484.54,30.37,11.7,1376.08,0.003924966791799018
1984-09-22,0.0,434.39,30.5,15.29,1741.53,0.005102456829338723
1984-09-23,0.0,396.17,30.5,17.15,1948.34,0.005102456829338723
1984-09-24,0.0,386.8,30.96,17.79,2046.25,0.005102456829338723
1984-09-25,0.0,407.84,31.48,16.95,1916.48,0.00431746347097892
1984-09-26,0.0,439.29,33.45,15.96,1801.85,0.0038857171238810277
1984-09-27,0.0,359.15,30.63,18.36,2109.07,0.0038464674559630374
1984-09-28,26.57,207.77,22.52,14.43,1636.57,0.011382403696217151
1984-09-29,34.73,253.26,23.73,13.42,1547.25,0.27867264221773025
1984-09-30,0.0,329.26,25.02,14.88,1700.14,0.3414721108865145
1984-10-01,24.67,277.97,23.75,12.06,1405.04,0.5063207161420732
1984-10-02,0.0,435.05,22.0,7.05,1003.8,0.42389641351429386
1984-10-03,0.0,447.57,24.5,7.88,1070.4,0.32577224371931846
1984-10-04,0.0,452.53,27.5,9.26,1180.9,0.29044754259312733
1984-10-05,0.0,425.33,27.99,11.42,1353.56,0.23942297429974008
1984-10-06,0.0,392.24,27.99,13.36,1537.18,0.17269853883915678
1984-10-07,0.0,343.01,28.05,15.91,1793.91,0.11774900375397053
1984-10-08,0.0,305.93,28.0,17.41,1984.83,0.08242430262777936
1984-10-09,0.0,338.5,28.48,16.19,1831.54,0.058874501876985265
1984-10-10,0.0,348.97,28.6,15.5,1760.14,0.043174634709789196
1984-10-11,0.0,303.82,26.94,16.1,1816.06,0.03257722437193185
1984-10-12,0.0,361.79,27.0,13.29,1525.91,0.02472729078833381
1984-10-13,0.0,393.9,28.89,12.48,1438.14,0.01923233727981519
1984-10-14,0.0,401.24,29.99,12.46,1436.69,0.014914873808836266
1984-10-15,0.0,359.51,29.75,15.01,1714.07,0.012559893733756858
1984-10-16,0.0,341.08,30.49,16.52,1875.96,0.011382403696217151
1984-10-17,0.0,296.19,30.89,18.98,2196.28,0.010204913658677445
1984-10-18,0.64,267.22,30.89,19.94,2317.79,0.009419920300317642
1984-10-19,0.0,300.98,31.14,18.69,2151.61,0.00902742362113774
1984-10-20,0.0,284.25,30.18,18.77,2162.41,0.00863492694195784
1984-10-21,0.0,267.72,30.0,19.47,2271.21,0.007849933583598036
1984-10-22,0.0,246.98,30.36,20.7,2432.61,0.007849933583598036
1984-10-23,0.0,275.63,30.14,19.21,2233.57,0.007849933583598036
1984-10-24,0.0,320.02,29.63,16.4,1864.17,0.007849933583598036
1984-10-25,0.0,297.71,29.17,17.19,1950.41,0.007849933583598036
1984-10-26,0.0,282.68,28.8,17.66,2025.11,0.007457436904418133
1984-10-27,0.0,262.17,29.62,19.27,2242.49,0.007457436904418133
1984-10-28,23.87,171.41,29.51,20.56,2409.93,0.007457436904418133
1984-10-29,4.57,180.19,29.44,19.94,2315.48,0.009419920300317642
1984-10-30,0.47,225.37,29.07,19.9,2311.91,0.009812416979497545
1984-10-31,0.0,203.53,27.5,19.75,2299.62,0.010204913658677445
1984-11-01,0.0,179.8,26.11,19.5,2280.0,0.009812416979497545
1984-11-02,0.0,236.67,26.49,17.68,2028.38,0.009812416979497545
1984-11-03,0.9,231.59,23.65,15.11,1728.64,0.01334488709211666
1984-11-04,1.28,210.1,19.54,12.07,1405.27,0.02472729078833381
1984-11-05,0.0,258.19,22.11,13.18,1508.74,0.031007237655212242
1984-11-06,0.0,325.2,20.02,7.85,1068.15,0.03179223101357204
1984-11-07,0.0,360.35,17.0,2.37,722.17,0.02982974761767253
1984-11-08,0.0,368.32,16.66,0.95,646.01,0.025904780825873514
1984-11-09,0.0,388.3,19.96,0.08,613.4,0.023942297429974006
1984-11-10,0.0,378.74,24.01,3.87,803.87,0.022764807392434302
1984-11-11,7.32,229.0,21.68,9.24,1178.95,0.0223723107132544
1984-11-12,0.0,309.52,15.5,3.53,798.42,0.023157304071614204
1984-11-13,0.0,361.3,15.57,-0.83,576.85,0.021587317354894598
1984-11-14,0.0,378.99,18.53,-1.83,535.83,0.018839840600635285
1984-11-15,0.0,377.24,22.43,0.4,628.46,0.01609236384637597
1984-11-16,0.0,321.97,22.98,8.08,1086.02,0.014129880450476464
1984-11-17,0.0,354.82,20.27,1.86,704.01,0.012167397054576956
1984-11-18,0.0,346.76,23.74,5.11,886.86,0.011382403696217151
1984-11-19,2.2,204.54,24.65,14.03,1602.32,0.010204913658677445
1984-11-20,0.1,285.44,21.43,8.45,1116.28,0.009812416979497545
1984-11-21,0.0,234.15,11.5,2.28,720.27,0.00902742362113774
1984-11-22,11.89,160.31,9.16,0.99,640.0,0.015699867167196072
1984-11-23,0.0,306.31,16.5,2.43,722.81,0.01766235056309558
1984-11-24,0.0,321.81,18.84,2.77,744.38,0.020802323996534793
1984-11-25,0.0,347.08,19.61,-0.47,597.83,0.021194820675714696
1984-11-26,0.0,320.68,21.03,3.83,803.57,0.02001733063817499
1984-11-27,0.0,290.36,24.49,9.31,1184.83,0.02001733063817499
1984-11-28,9.35,177.02,21.68,10.56,1284.64,0.023942297429974006
1984-11-29,0.0,300.87,15.47,0.22,617.6,0.03885717123881028
1984-11-30,0.0,327.72,18.02,-1.04,567.75,0.03846467455963038
1984-12-01,0.0,276.39,20.45,5.92,926.3,0.03571719780537106
1984-12-02,0.2,221.16,22.48,11.34,1347.09,0.03296972105111175
1984-12-03,0.0,256.28,22.55,8.93,1154.42,0.030222244296852437
1984-12-04,0.0,288.71,19.41,3.26,774.7,0.02904475425931273
1984-12-05,9.23,135.58,14.02,5.42,907.63,0.02825976090095293
1984-12-06,2.03,125.08,10.79,5.11,888.96,0.02904475425931273
1984-12-07,0.0,270.68,8.19,-5.46,405.72,0.029437250938492632
1984-12-08,0.0,312.0,14.92,-3.39,479.18,0.02825976090095293
1984-12-09,0.0,323.83,18.73,-2.0,520.19,0.027474767542593124
1984-12-10,0.0,293.84,19.77,2.78,742.78,0.031399734334392145
1984-12-11,0.0,247.08,20.3,7.18,1014.52,0.043174634709789196
1984-12-12,0.0,277.85,20.0,4.32,827.19,0.04709960150158821
1984-12-13,0.0,269.23,22.0,6.81,984.43,0.04709960150158821
1984-12-14,0.0,295.14,23.42,5.43,914.1,0.043174634709789196
1984-12-15,0.0,281.93,23.83,7.3,1023.83,0.043174634709789196
1984-12-16,0.0,262.71,23.96,9.14,1171.17,0.043174634709789196
1984-12-17,0.0,255.07,24.49,10.29,1263.07,0.043174634709789196
1984-12-18,0.0,280.03,25.11,8.65,1131.84,0.043174634709789196
1984-12-19,0.0,273.41,25.49,9.45,1196.38,0.03807217788045047
1984-12-20,0.0,254.3,24.82,10.5,1280.14,0.03571719780537106
1984-12-21,0.0,219.99,23.18,11.48,1358.26,0.03296972105111175
1984-12-22,0.0,190.07,22.31,12.49,1439.03,0.03061474097603234
1984-12-23,0.0,227.0,20.84,8.99,1158.96,0.02982974761767253
1984-12-24,0.0,254.0,23.88,9.78,1222.79,0.02904475425931273
1984-12-25,0.0,245.62,25.28,11.79,1383.22,0.027867264221773023
1984-12-26,0.0,215.12,22.81,11.84,1386.97,0.025119787467513716
1984-12-27,0.0,245.8,21.66,8.94,1154.99,0.023549800750794107
1984-12-28,0.0,285.4,24.49,7.92,1073.7,0.021979814034074497
1984-12-29,0.0,270.43,26.0,10.59,1287.03,0.021979814034074497
1984-12-30,0.0,270.57,26.5,11.13,1329.89,0.021979814034074497
1984-12-31,0.0,270.5,26.25,10.86,1308.46,0.021194820675714696
1985-01-01,0.0,239.49,26.1,13.74,1579.48,0.02040982731735489
1985-01-02,1.44,173.59,25.0,15.99,1799.56,0.01962483395899509
1985-01-03,19.01,109.98,22.0,15.25,1737.21,0.020802323996534793
1985-01-04,12.52,206.15,17.14,3.61,799.98,0.02982974761767253
1985-01-05,0.0,248.23,10.1,-1.01,560.0,0.03846467455963038
1985-01-06,0.0,299.91,12.31,-2.62,510.13,0.03924966791799018
1985-01-07,0.0,316.26,15.88,-1.03,561.59,0.05102456829338723
1985-01-08,0.0,291.4,15.43,1.16,654.29,0.08242430262777936
1985-01-09,0.0,289.14,13.5,-0.34,599.74,0.08634926941957839
1985-01-10,0.0,237.7,13.48,3.04,762.85,0.07849933583598036
1985-01-11,0.0,252.27,14.65,3.35,788.36,0.0667244354605833
1985-01-12,0.0,297.35,12.07,-2.0,520.37,0.05494953508518625
1985-01-13,0.0,311.4,10.6,-4.47,440.0,0.04709960150158821
1985-01-14,0.0,284.67,12.38,-0.6,591.84,0.03924966791799018
1985-01-15,0.0,275.49,12.05,-0.2,600.0,0.03453970776783136
1985-01-16,0.0,326.83,12.03,-4.13,443.11,0.031007237655212242
1985-01-17,0.69,252.76,16.5,5.05,883.79,0.02904475425931273
1985-01-18,0.0,241.31,14.22,4.01,806.96,0.02982974761767253
1985-01-19,0.0,240.27,12.91,2.91,752.41,0.03375471440947155
1985-01-20,0.0,337.6,12.07,-4.56,440.0,0.031007237655212242
1985-01-21,0.0,331.56,-2.57,-17.47,160.0,0.02668977418423332
1985-01-22,0.0,356.07,7.37,-10.35,280.0,0.02433479410915391
1985-01-23,0.0,317.85,7.97,-6.07,391.72,0.021979814034074497
1985-01-24,0.0,333.87,12.84,-2.72,502.26,0.01962483395899509
1985-01-25,0.0,329.63,15.94,0.67,640.0,0.01962483395899509
1985-01-26,0.0,364.91,13.94,-4.58,439.86,0.021979814034074497
1985-01-27,0.0,379.61,11.23,-8.74,318.8,0.01962483395899509
1985-01-28,1.37,273.44,13.51,2.48,720.0,0.020802323996534793
1985-01-29,0.0,254.6,12.39,2.47,720.0,0.025512284146693615
1985-01-30,1.47,311.43,12.85,-1.67,546.54,0.031007237655212242
1985-01-31,8.54,245.78,24.16,8.75,1140.28,0.03924966791799018
1985-02-01,0.0,243.87,24.35,14.11,1608.62,0.04709960150158821
1985-02-02,11.45,143.63,23.36,15.6,1767.63,0.058874501876985265
1985-02-03,0.0,329.7,20.36,5.85,922.24,0.07457436904418134
1985-02-04,8.69,176.62,12.14,3.44,794.31,0.07849933583598036
1985-02-05,13.79,145.51,9.5,2.75,742.36,0.11382403696217151
1985-02-06,34.56,204.84,14.05,4.06,814.4,0.23157304071614204
1985-02-07,0.0,308.27,11.67,0.3,622.99,0.3650219116373086
1985-02-08,0.0,331.87,10.31,-2.07,525.12,0.42389641351429386
1985-02-09,0.0,382.23,12.4,-3.7,463.84,0.5102456829338723
1985-02-10,0.0,408.76,15.8,-3.57,472.69,0.5259455501010684
1985-02-11,2.13,369.75,18.11,1.44,675.05,0.40427157955529885
1985-02-12,0.0,373.29,14.98,-0.37,600.0,0.2943725093849263
1985-02-13,0.0,309.85,9.56,-1.43,560.0,0.22764807392434303
1985-02-14,0.0,367.33,11.79,-2.44,520.0,0.18054847242275482
1985-02-15,0.0,367.63,11.86,-2.14,524.0,0.15699867167196072
1985-02-16,0.0,398.29,12.45,-3.87,451.07,0.14522377129656366
1985-02-17,0.0,432.16,17.7,-3.11,482.56,0.18839840600635285
1985-02-18,0.0,418.16,18.49,-0.64,588.62,0.1609236384637597
1985-02-19,0.0,397.27,22.27,4.75,859.84,0.1334488709211666
1985-02-20,0.0,320.24,21.17,9.0,1160.0,0.12559893733756858
1985-02-21,0.0,398.96,19.5,2.86,748.66,0.11382403696217151
1985-02-22,0.0,358.84,21.87,7.8,1064.1,0.10597410337857346
1985-02-23,0.0,328.69,24.49,11.89,1391.59,0.10597410337857346
1985-02-24,0.0,356.19,27.5,13.08,1492.94,0.09812416979497544
1985-02-25,0.0,346.84,27.49,13.87,1589.77,0.09419920300317643
1985-02-26,0.0,322.02,26.42,14.5,1640.0,0.08634926941957839
1985-02-27,2.12,231.26,25.31,16.35,1856.04,0.08242430262777936
1985-02-28,0.0,302.07,22.55,12.22,1417.73,0.07849933583598036
1985-03-01,6.62,247.22,19.95,8.89,1151.16,0.07849933583598036
1985-03-02,5.55,159.99,18.73,12.19,1415.24,0.11774900375397053
1985-03-03,0.0,412.07,22.41,7.06,1005.09,0.1295239041293676
1985-03-04,0.0,423.37,26.48,9.48,1189.81,0.12559893733756858
1985-03-05,0.0,344.27,25.79,13.69,1573.85,0.1295239041293676
1985-03-06,0.0,430.42,23.0,6.38,949.69,0.1295239041293676
1985-03-07,0.0,405.65,20.48,5.8,920.12,0.12559893733756858
1985-03-08,0.0,436.61,25.91,8.16,1077.59,0.11382403696217151
1985-03-09,0.0,414.19,28.17,11.6,1357.36,0.09419920300317643
1985-03-10,0.0,393.75,25.01,10.3,1262.24,0.07849933583598036
1985-03-11,0.0,456.03,25.37,6.5,949.78,0.07064940225238232
1985-03-12,0.0,333.1,25.93,14.32,1625.3,0.06279946866878429
1985-03-13,0.0,482.5,26.52,5.48,862.45,0.05494953508518625
1985-03-14,0.0,451.24,28.88,10.57,1141.05,0.04709960150158821
1985-03-15,0.0,400.51,26.8,12.0,1323.92,0.043174634709789196
1985-03-16,13.0,220.94,17.33,8.15,1091.67,0.043174634709789196
1985-03-17,9.25,181.02,16.24,9.02,1161.97,0.1098990701703725
1985-03-18,0.0,379.53,16.0,4.04,802.83,0.1609236384637597
1985-03-19,0.0,473.26,16.99,0.21,609.84,0.1609236384637597
1985-03-20,0.0,509.59,21.42,1.02,622.7,0.1766235056309558
1985-03-21,6.73,258.67,19.72,9.68,1214.58,0.18054847242275482
1985-03-22,4.55,179.26,16.82,10.11,1248.76,0.18447343921455384
1985-03-23,0.0,423.85,21.12,7.6,1042.95,0.1766235056309558
1985-03-24,0.0,424.9,22.51,8.86,1135.81,0.1609236384637597
1985-03-25,0.0,486.72,21.53,4.45,816.66,0.1530737048801617
1985-03-26,0.0,513.81,22.45,3.04,728.28,0.14129880450476465
1985-03-27,0.0,512.3,25.51,5.61,853.1,0.12167397054576955
1985-03-28,0.0,440.77,28.25,12.78,1426.65,0.10204913658677446
1985-03-29,0.0,427.67,29.72,14.61,1596.2,0.09027423621137741
1985-03-30,0.0,436.57,30.14,14.48,1557.13,0.07849933583598036
1985-03-31,0.0,412.21,29.51,15.16,1658.27,0.06279946866878429
1985-04-01,0.0,430.9,25.85,11.08,1275.12,0.05102456829338723
1985-04-02,0.0,473.78,22.0,5.54,869.42,0.043174634709789196
1985-04-03,0.0,532.32,23.93,2.87,680.6,0.03257722437193185
1985-04-04,0.0,498.88,28.48,9.44,1003.11,0.027474767542593124
1985-04-05,0.0,469.66,27.98,11.11,1105.11,0.02629727750505342
1985-04-06,16.08,288.91,25.3,12.65,1452.35,0.02708227086341322
1985-04-07,0.0,505.76,26.24,7.49,896.21,0.03571719780537106
1985-04-08,0.0,452.77,23.71,8.51,1019.77,0.03532470112619116
1985-04-09,0.0,455.83,19.32,4.5,794.12,0.03061474097603234
1985-04-10,0.0,488.78,19.46,3.07,701.82,0.02708227086341322
1985-04-11,0.0,507.78,24.16,5.92,810.1,0.02629727750505342
1985-04-12,5.01,285.44,22.93,11.12,1329.37,0.023942297429974006
1985-04-13,10.13,140.41,19.71,14.5,1639.67,0.02472729078833381
1985-04-14,4.66,181.22,21.58,14.79,1685.74,0.036502191163730865
1985-04-15,0.18,336.25,24.96,15.0,1720.0,0.04709960150158821
1985-04-16,3.9,292.39,25.0,13.09,1493.96,0.04709960150158821
1985-04-17,0.0,487.65,27.95,11.24,1220.27,0.05494953508518625
1985-04-18,0.0,465.59,27.95,12.5,1346.51,0.04709960150158821
1985-04-19,0.0,462.7,28.49,13.26,1411.48,0.03846467455963038
1985-04-20,0.0,493.08,29.48,12.35,1291.69,0.02825976090095293
1985-04-21,0.0,495.21,29.77,12.24,1277.3,0.02040982731735489
1985-04-22,0.0,494.73,30.05,12.44,1293.83,0.015699867167196072
1985-04-23,0.0,456.93,30.5,14.79,1545.57,0.012167397054576956
1985-04-24,0.0,381.36,30.45,18.0,2016.42,0.00902742362113774
1985-04-25,0.0,452.87,30.98,15.66,1633.59,0.00667244354605833
1985-04-26,0.0,508.47,32.4,13.93,1383.12,0.005494953508518624
1985-04-27,0.0,451.67,33.03,17.48,1815.01,0.004709960150158821
1985-04-28,1.41,384.49,32.49,18.33,2019.28,0.005102456829338723
1985-04-29,0.0,380.33,29.84,17.85,1996.01,0.00431746347097892
1985-04-30,0.0,427.59,27.91,14.5,1562.98,0.003650219116373086
1985-05-01,0.0,476.47,29.0,13.31,1374.71,0.003375471440947155
1985-05-02,0.0,408.32,28.5,15.89,1690.86,0.0034539707767831354
1985-05-03,18.51,244.37,26.38,17.0,1920.0,0.006279946866878429
1985-05-04,0.0,487.37,24.46,9.56,1083.97,0.006279946866878429
1985-05-05,0.0,538.57,26.97,8.84,974.61,0.006279946866878429
1985-05-06,0.0,522.07,29.83,12.18,1182.79,0.005494953508518624
1985-05-07,0.0,496.96,32.25,15.76,1434.78,0.0037287184522090664
1985-05-08,0.06,428.11,30.3,17.5,1503.2,0.0037679681201270568
1985-05-09,21.85,305.21,26.13,14.67,1524.17,0.00431746347097892
1985-05-10,11.55,276.88,28.41,17.71,2012.59,0.00431746347097892
1985-05-11,1.4,380.44,29.99,17.98,1872.82,0.00431746347097892
1985-05-12,0.0,440.22,31.0,17.77,1733.21,0.003924966791799018
1985-05-13,3.09,313.75,31.5,18.56,2067.36,0.0036894687842910765
1985-05-14,0.0,477.44,33.28,17.67,1639.49,0.0034539707767831354
1985-05-15,0.0,435.9,33.45,19.5,1916.15,0.003414721108865145
1985-05-16,0.0,425.96,32.54,19.11,1899.01,0.0037287184522090664
1985-05-17,0.0,396.43,29.84,18.0,1848.41,0.003414721108865145
1985-05-18,0.0,479.73,28.92,14.02,1322.34,0.0032577224371931842
1985-05-19,0.0,500.3,30.01,13.93,1278.1,0.003100723765521224
1985-05-20,0.1,370.44,27.79,17.15,1814.61,0.0032184727692751943
1985-05-21,0.0,391.08,31.37,19.77,2055.71,0.002904475425931273
1985-05-22,13.03,294.48,31.85,20.48,2360.85,0.00431746347097892
1985-05-23,11.08,293.48,30.71,19.17,2217.39,0.006279946866878429
1985-05-24,0.0,437.96,30.26,17.28,1796.73,0.005887450187698527
1985-05-25,0.0,483.06,28.39,13.91,1404.5,0.005102456829338723
1985-05-26,0.0,513.62,29.5,13.42,1316.74,0.004709960150158821
1985-05-27,0.0,537.96,31.5,13.5,1279.76,0.00431746347097892
1985-05-28,0.0,490.79,32.0,16.47,1609.9,0.00431746347097892
1985-05-29,0.0,451.99,32.49,18.55,1883.74,0.003924966791799018
1985-05-30,5.64,311.8,31.3,19.51,2251.17,0.003532470112619116
1985-05-31,0.0,460.95,33.45,19.05,1913.07,0.0030222244296852436
1985-06-01,0.0,449.0,36.0,21.53,2197.11,0.0030222244296852436
1985-06-02,0.0,431.67,38.07,23.68,2525.28,0.002629727750505342
1985-06-03,0.0,431.95,38.14,23.73,2530.63,0.002433479410915391
1985-06-04,0.0,458.2,38.46,22.92,2343.78,0.0018447343921455383
1985-06-05,0.0,431.65,37.49,23.4,2486.25,0.0018054847242275482
1985-06-06,0.0,447.97,37.83,23.05,2388.13,0.001530737048801617
1985-06-07,7.01,433.87,36.55,21.5,2218.67,0.0014522377129656365
1985-06-08,26.81,352.86,34.55,18.95,2100.34,0.002433479410915391
1985-06-09,13.19,326.35,34.98,20.66,2420.56,0.0019232337279815187
1985-06-10,0.0,424.1,36.01,21.98,2548.76,0.0018447343921455383
1985-06-11,0.0,391.61,35.0,22.45,2682.67,0.0016484860525555875
1985-06-12,8.44,272.58,32.5,21.46,2553.69,0.002433479410915391
1985-06-13,8.27,367.68,29.5,16.08,1804.83,0.003924966791799018
1985-06-14,0.0,453.58,28.37,14.78,1668.27,0.0037679681201270568
1985-06-15,6.33,238.97,27.52,18.91,2186.56,0.0036109694484550963
1985-06-16,54.52,238.03,28.98,20.13,2340.34,0.016484860525555874
1985-06-17,0.0,360.37,32.44,21.81,2609.82,0.012559893733756858
1985-06-18,6.76,256.71,32.5,22.57,2731.82,0.018839840600635285
1985-06-19,3.21,279.08,31.27,20.64,2422.4,0.22764807392434303
1985-06-20,1.49,429.23,29.63,17.2,1951.45,0.3218472769275194
1985-06-21,0.0,467.27,30.98,16.62,1882.84,0.223723107132544
1985-06-22,0.0,471.6,32.41,17.43,1986.17,0.12559893733756858
1985-06-23,0.0,452.18,32.5,18.35,2106.98,0.06279946866878429
1985-06-24,0.0,445.74,33.0,19.03,2202.46,0.03257722437193185
1985-06-25,0.0,432.15,33.36,19.93,2314.22,0.02040982731735489
1985-06-26,0.0,459.82,34.98,19.99,2320.27,0.013737383771296562
1985-06-27,0.0,383.92,33.3,21.87,2618.98,0.009419920300317642
1985-06-28,0.73,377.22,30.5,19.72,2297.2,0.006279946866878429
1985-06-29,7.9,302.56,30.31,20.51,2402.16,0.005494953508518624
1985-06-30,27.19,266.91,29.72,20.02,2323.95,0.005102456829338723
1985-07-01,0.0,340.78,29.5,20.39,2383.05,0.00431746347097892
1985-07-02,0.0,423.78,31.84,19.66,2292.47,0.003924966791799018
1985-07-03,0.0,446.01,32.5,19.32,2251.07,0.003532470112619116
1985-07-04,0.0,458.51,33.49,19.57,2283.46,0.0034539707767831354
1985-07-05,5.46,355.12,31.89,19.71,2296.75,0.003532470112619116
1985-07-06,7.82,277.0,30.36,20.5,2400.0,0.00431746347097892
1985-07-07,13.37,286.44,31.26,20.96,2472.88,0.004709960150158821
1985-07-08,0.0,425.45,33.11,21.0,2480.0,0.004709960150158821
1985-07-09,0.0,444.97,35.01,21.65,2583.47,0.0037679681201270568
1985-07-10,0.0,442.43,35.93,22.43,2708.82,0.003296972105111175
1985-07-11,0.0,435.13,36.2,22.9,2784.04,0.00431746347097892
1985-07-12,10.51,339.54,35.01,21.22,2515.09,0.08242430262777936
1985-07-13,0.0,451.75,34.0,20.54,2406.91,0.058874501876985265
1985-07-14,0.0,429.01,34.0,21.51,2561.17,0.018447343921455386
1985-07-15,0.04,409.07,33.67,21.91,2625.2,0.010204913658677445
1985-07-16,0.0,424.38,34.0,21.5,2560.0,0.007064940225238232
1985-07-17,14.41,310.34,33.5,21.5,2560.0,0.010204913658677445
1985-07-18,0.45,372.46,32.47,21.89,2622.69,0.010597410337857348
1985-07-19,0.0,439.65,32.95,19.98,2321.35,0.009812416979497545
1985-07-20,0.0,470.75,33.5,18.94,2190.22,0.007457436904418133
1985-07-21,0.0,417.7,34.0,21.63,2580.78,0.005887450187698527
1985-07-22,0.0,395.9,34.55,22.94,2790.89,0.004709960150158821
1985-07-23,20.19,330.05,34.0,20.84,2453.88,0.0038857171238810277
1985-07-24,6.2,253.19,30.96,22.02,2643.91,0.003414721108865145
1985-07-25,11.19,239.67,30.63,22.34,2694.08,0.003532470112619116
1985-07-26,0.01,346.21,31.97,22.81,2769.54,0.003414721108865145
1985-07-27,0.0,402.22,33.24,22.05,2648.57,0.005102456829338723
1985-07-28,21.07,280.33,31.96,21.99,2638.09,0.03532470112619116
1985-07-29,16.1,260.59,31.0,22.0,2640.0,0.21194820675714693
1985-07-30,2.22,340.89,31.74,21.5,2560.0,0.1609236384637597
1985-07-31,25.95,275.94,32.03,22.21,2673.88,0.07849933583598036
1985-08-01,8.11,301.55,33.4,22.17,2667.46,0.05494953508518625
1985-08-02,15.22,298.97,32.35,21.51,2560.87,0.2865225758013283
1985-08-03,0.0,374.46,28.94,19.55,2283.74,0.1098990701703725
1985-08-04,0.0,437.51,29.5,17.92,2064.24,0.05494953508518625
1985-08-05,3.14,353.87,29.0,19.4,2260.31,0.03296972105111175
1985-08-06,6.58,250.07,29.44,21.17,2507.46,0.043174634709789196
1985-08-07,9.86,261.43,30.16,21.43,2549.01,0.09812416979497544
1985-08-08,32.95,236.34,28.5,21.0,2480.0,0.3650219116373086
1985-08-09,16.85,220.14,29.23,22.28,2685.13,0.5808950851862547
1985-08-10,2.69,352.31,32.0,21.39,2542.94,0.7535936240254114
1985-08-11,0.0,440.81,33.0,20.96,2473.87,1.134315402829916
1985-08-12,0.0,438.66,33.0,21.07,2490.77,1.0558160669939358
1985-08-13,0.1,423.87,32.5,21.22,2515.99,0.675094288189431
1985-08-14,0.0,418.83,32.51,21.44,2550.96,0.37287184522090666
1985-08-15,0.0,412.56,32.5,21.68,2588.96,0.21194820675714693
1985-08-16,0.0,435.24,33.5,21.56,2569.06,0.1334488709211666
1985-08-17,0.0,412.71,34.0,22.75,2760.52,0.09419920300317643
1985-08-18,7.1,302.01,33.39,22.68,2748.24,0.09419920300317643
1985-08-19,0.0,419.08,33.66,22.34,2693.69,0.0667244354605833
1985-08-20,0.0,451.91,33.84,21.04,2486.63,0.03807217788045047
1985-08-21,0.0,445.61,34.0,21.37,2539.98,0.02001733063817499
1985-08-22,0.0,412.31,32.41,21.56,2569.85,0.011774900375397053
1985-08-23,9.27,324.18,31.89,21.03,2484.06,0.008242430262777937
1985-08-24,3.45,374.65,31.5,21.21,2513.32,0.11774900375397053
1985-08-25,20.44,291.07,32.01,21.89,2621.62,0.3336221773029165
1985-08-26,20.52,312.39,32.26,21.01,2481.44,0.5180956165174704
1985-08-27,4.1,341.23,32.0,19.08,2213.0,0.871342627779382
1985-08-28,10.55,273.07,30.17,21.0,2479.3,0.9694667975743574
1985-08-29,10.14,218.75,29.12,22.14,2663.05,1.2481394397920875
1985-08-30,24.74,260.66,29.55,21.0,2480.0,1.4129880450476464
1985-08-31,37.33,247.4,28.35,20.49,2398.88,2.001733063817499
1985-09-01,8.05,236.24,28.99,21.5,2560.0,2.3432051747040132
1985-09-02,9.94,277.4,31.47,21.97,2635.28,2.920175293098469
1985-09-03,0.0,410.19,32.47,21.29,2526.22,2.9672748946000573
1985-09-04,0.0,421.51,32.51,20.75,2440.78,2.135181934738666
1985-09-05,0.0,424.24,32.17,20.22,2354.79,1.4169130118394453
1985-09-06,0.0,426.44,32.5,20.21,2353.98,0.8831175281547788
1985-09-07,0.0,415.8,33.55,21.27,2523.81,0.5887450187698526
1985-09-08,0.0,398.86,33.77,21.98,2637.01,0.4317463470978919
1985-09-09,0.0,398.62,34.36,22.34,2694.17,0.3179223101357204
1985-09-10,0.0,390.69,34.51,22.72,2755.02,0.23942297429974008
1985-09-11,0.0,396.96,34.61,22.46,2712.87,0.18054847242275482
1985-09-12,0.0,349.14,30.8,21.27,2522.92,0.13737383771296563
1985-09-13,0.0,323.72,26.98,18.82,2170.4,0.10204913658677446
1985-09-14,0.0,427.41,23.62,12.3,1424.28,0.07849933583598036
1985-09-15,0.0,440.56,26.02,13.65,1565.71,0.058874501876985265
1985-09-16,0.0,464.66,27.41,13.27,1521.15,0.04709960150158821
1985-09-17,0.0,436.71,28.0,15.09,1718.08,0.03924966791799018
1985-09-18,0.0,419.81,28.98,16.55,1876.61,0.02865225758013283
1985-09-19,0.02,427.72,29.42,16.41,1860.24,0.0223723107132544
1985-09-20,0.0,361.37,29.0,18.88,2182.02,0.01805484724227548
1985-09-21,0.0,309.03,28.0,19.77,2301.65,0.014914873808836266
1985-09-22,0.0,370.69,29.5,18.89,2184.05,0.012952390412936757
1985-09-23,0.0,415.61,30.11,17.24,1958.37,0.012952390412936757
1985-09-24,0.0,387.73,31.06,19.15,2222.64,0.011774900375397053
1985-09-25,0.0,359.22,30.47,19.81,2306.88,0.010597410337857348
1985-09-26,0.0,367.66,29.96,19.04,2206.55,0.010597410337857348
1985-09-27,0.0,389.76,28.0,16.36,1855.95,0.010204913658677445
1985-09-28,0.0,466.15,25.97,9.89,1230.86,0.009812416979497545
1985-09-29,0.0,450.94,28.11,12.21,1416.78,0.009419920300317642
1985-09-30,0.0,400.05,29.63,16.25,1840.83,0.00902742362113774
1985-10-01,0.0,357.74,30.5,18.78,2164.87,0.009419920300317642
1985-10-02,24.14,211.42,28.01,19.52,2281.56,0.011382403696217151
1985-10-03,0.79,344.03,31.25,19.64,2290.96,0.014522377129656365
1985-10-04,0.0,302.81,31.52,21.67,2586.66,0.020802323996534793
1985-10-05,12.74,216.54,29.0,20.07,2335.94,0.18447343921455384
1985-10-06,0.0,442.9,24.6,8.61,1128.78,0.49062084897487723
1985-10-07,0.0,433.96,22.98,7.7,1056.17,0.47492098180768116
1985-10-08,0.0,412.95,25.69,11.08,1326.62,0.3807217788045047
1985-10-09,0.0,339.38,27.97,16.69,1892.63,0.2825976090095293
1985-10-10,2.64,248.51,26.92,18.36,2112.56,0.2080232399653479
1985-10-11,5.42,108.49,26.0,21.7,2591.88,0.27474767542593126
1985-10-12,1.0,155.38,25.91,21.31,2530.01,0.3807217788045047
1985-10-13,0.0,265.12,28.0,19.68,2294.22,0.42389641351429386
1985-10-14,0.0,348.54,30.41,18.07,2085.84,0.4317463470978919
1985-10-15,0.0,343.1,31.49,19.08,2213.42,0.36109694484550964
1985-10-16,0.0,313.94,31.0,20.07,2336.2,0.2708227086341322
1985-10-17,0.0,220.95,27.82,20.94,2470.35,0.20409827317354892
1985-10-18,0.0,244.32,26.78,19.27,2243.85,0.15699867167196072
1985-10-19,0.0,263.24,28.02,19.73,2297.9,0.1295239041293676
1985-10-20,0.0,288.16,29.0,19.57,2284.16,0.1098990701703725
1985-10-21,0.0,313.77,29.92,19.04,2206.87,0.09419920300317643
1985-10-22,3.44,217.44,27.65,19.04,2206.0,0.08242430262777936
1985-10-23,0.0,213.05,24.92,18.55,2134.46,0.07457436904418134
1985-10-24,0.0,280.14,26.92,17.98,2072.46,0.07457436904418134
1985-10-25,0.0,317.51,28.0,17.17,1946.53,0.07064940225238232
1985-10-26,0.06,238.93,25.13,17.83,2052.42,0.06279946866878429
1985-10-27,3.44,151.93,22.62,16.92,1916.05,0.05494953508518625
1985-10-28,42.98,134.84,24.0,18.86,2178.47,0.08634926941957839
1985-10-29,0.0,279.51,22.5,14.34,1627.39,0.16484860525555872
1985-10-30,0.64,221.75,18.69,12.75,1461.52,0.1766235056309558
1985-10-31,28.47,202.89,23.7,15.86,1794.99,0.2943725093849263
1985-11-01,4.46,149.88,24.08,18.51,2123.4,0.5298705168928673
1985-11-02,0.0,233.23,21.87,15.49,1759.07,0.6358446202714408
1985-11-03,0.0,325.15,24.31,13.91,1592.53,0.8006932255269996
1985-11-04,8.12,249.28,21.2,11.93,1394.59,0.887042494946578
1985-11-05,0.0,342.18,16.47,6.11,929.05,0.7496686572336124
1985-11-06,0.0,382.5,20.34,5.96,920.0,0.6986440889402251
1985-11-07,0.0,383.76,22.55,6.9,992.08,0.663319387814034
1985-11-08,0.43,353.44,19.77,7.72,1057.47,0.6319196534796419
1985-11-09,0.0,386.24,23.36,5.81,920.78,0.5494953508518625
1985-11-10,0.0,355.05,25.92,11.22,1337.45,0.4592211146404851
1985-11-11,0.0,322.37,27.3,14.68,1673.28,0.38857171238810273
1985-11-12,5.79,206.72,25.0,17.17,1949.38,0.3414721108865145
1985-11-13,0.0,230.05,24.45,17.0,1920.0,0.3218472769275194
1985-11-14,0.0,298.63,26.0,15.03,1722.77,0.31399734334392143
1985-11-15,0.0,302.92,27.0,15.43,1754.43,0.3218472769275194
1985-11-16,0.0,270.9,25.79,16.11,1817.32,0.3061474097603234
1985-11-17,0.0,269.62,27.48,17.44,1991.02,0.27867264221773025
1985-11-18,0.0,292.01,27.5,15.96,1800.43,0.25512284146693615
1985-11-19,0.0,269.29,27.5,17.19,1952.64,0.23157304071614204
1985-11-20,31.92,116.54,25.5,20.27,2364.16,0.443521247473289
1985-11-21,26.68,99.01,24.85,20.49,2398.44,2.727851920300317
1985-11-22,79.73,195.73,23.72,14.39,1632.52,6.829442217730291
1985-11-23,0.0,247.46,20.65,12.26,1420.79,15.071872480508228
1985-11-24,0.0,278.61,21.36,11.3,1343.72,19.82108229858504
1985-11-25,0.0,252.97,22.45,13.46,1547.45,12.442144730002886
1985-11-26,0.0,275.38,26.27,15.25,1740.14,7.457436904418135
1985-11-27,0.0,274.26,27.04,15.68,1774.62,5.102456829338723
1985-11-28,0.0,242.83,27.0,17.38,1981.45,3.8660922899220327
1985-11-29,0.0,212.82,27.0,18.76,2160.96,3.088948865145827
1985-11-30,8.81,145.94,25.96,18.61,2141.69,2.614027883338146
1985-12-01,6.26,148.58,21.27,14.19,1615.19,2.2882556396188276
1985-12-02,11.52,163.87,18.74,10.92,1313.73,2.5119787467513714
1985-12-03,0.0,316.68,13.84,0.48,635.52,2.6611274848397337
1985-12-04,0.0,304.82,13.57,1.07,649.67,2.7553266878429103
1985-12-05,2.47,185.01,12.79,5.61,913.74,2.645427617672538
1985-12-06,0.0,248.9,12.17,3.35,788.1,2.390304776205602
1985-12-07,0.0,317.8,13.01,-0.51,596.93,1.8800590932717294
1985-12-08,0.0,313.42,15.58,2.0,714.49,1.4718625469246316
1985-12-09,0.0,327.96,20.39,3.86,802.22,1.2599143401674846
1985-12-10,0.0,324.63,21.03,4.7,856.1,1.126465469246318
1985-12-11,0.0,298.07,24.73,10.65,1291.8,1.0126414322841464
1985-12-12,7.78,182.98,24.28,14.24,1619.45,0.87919256136298
1985-12-13,28.01,80.43,21.2,17.35,1976.07,1.0322662662431417
1985-12-14,0.0,319.41,18.7,3.22,777.68,1.538586982385215
1985-12-15,0.0,316.04,10.56,-3.35,479.17,1.8054847242275482
1985-12-16,0.0,325.65,12.62,-3.03,481.35,2.0998572336124743
1985-12-17,0.0,324.46,15.77,-0.46,597.46,2.088082333237077
1985-12-18,0.0,274.16,13.6,2.44,720.27,1.9428585619405137
1985-12-19,0.0,282.59,12.69,0.93,645.46,1.6131613514293963
1985-12-20,0.0,315.29,13.58,-1.62,549.22,1.2481394397920875
1985-12-21,0.0,286.28,10.04,-2.31,520.0,1.0244163326595435
1985-12-22,0.0,304.03,10.33,-3.67,466.09,0.8399428934449898
1985-12-23,0.0,307.3,16.94,1.53,682.48,0.7261188564828183
1985-12-24,0.0,234.18,19.81,9.68,1214.67,0.655469454230436
1985-12-25,0.0,322.98,16.88,-0.81,575.2,0.6122948195206468
1985-12-26,0.0,277.41,3.36,-8.53,320.0,0.5730451516026566
1985-12-27,0.0,331.49,14.52,-4.32,440.21,0.5377204504764654
1985-12-28,4.19,184.0,13.1,2.48,721.31,0.5180956165174704
1985-12-29,4.16,155.5,14.64,6.0,920.09,0.5494953508518625
1985-12-30,0.0,300.64,13.35,-1.5,559.67,0.5730451516026566
1985-12-31,0.0,331.69,18.05,-1.83,533.4,0.5769701183944556
1986-01-01,2.76,179.13,16.06,6.5,962.31,0.6005199191452497
1986-01-02,0.0,267.87,17.52,5.05,881.61,0.6122948195206468
1986-01-03,0.0,240.1,20.08,9.17,1173.28,0.6122948195206468
1986-01-04,1.4,213.3,16.89,7.75,1060.32,0.6358446202714408
1986-01-05,1.55,175.32,12.66,5.6,915.89,0.6083698527288477
1986-01-06,0.0,331.76,14.19,-3.72,462.59,0.5612702512272595
1986-01-07,0.0,285.96,16.12,2.79,745.64,0.5180956165174704
1986-01-08,0.0,266.5,11.42,-0.1,601.11,0.47492098180768116
1986-01-09,0.0,296.26,10.27,-3.16,481.01,0.443521247473289
1986-01-10,12.85,139.38,10.22,2.94,756.67,0.443521247473289
1986-01-11,10.83,163.27,12.81,3.99,800.0,0.6083698527288477
1986-01-12,0.0,342.54,16.78,-2.0,520.0,0.7967682587352005
1986-01-13,0.0,276.67,14.05,2.08,720.0,1.0204913658677446
1986-01-14,0.0,338.33,14.78,-2.6,511.6,1.1460903032053131
1986-01-15,0.0,303.15,14.13,0.48,632.98,1.1382403696217152
1986-01-16,0.0,334.3,19.51,2.3,719.58,1.0204913658677446
1986-01-17,0.0,306.26,22.0,7.31,1025.13,0.8556427606121859
1986-01-18,0.0,255.2,20.43,9.52,1201.41,0.7300438232746173
1986-01-19,4.03,125.64,18.02,11.49,1359.16,0.6711693213976321
1986-01-20,0.0,291.87,15.98,3.52,799.32,0.6162197863124458
1986-01-21,0.0,351.52,19.48,1.25,661.93,0.5808950851862547
1986-01-22,0.0,350.95,22.24,3.75,799.88,0.5534203176436615
1986-01-23,1.59,264.14,18.43,7.0,1000.0,0.5651952180190586
1986-01-24,0.0,279.36,11.86,0.86,641.22,0.6397695870632398
1986-01-25,4.66,120.38,10.03,4.34,829.52,0.6515444874386369
1986-01-26,4.54,101.33,10.74,6.0,920.0,0.682944221773029
1986-01-27,1.73,305.2,8.03,-5.29,417.07,0.7496686572336124
1986-01-28,0.0,333.9,2.57,-10.81,279.74,0.7418187236500143
1986-01-29,0.0,398.41,18.76,-4.99,433.66,0.6986440889402251
1986-01-30,0.0,344.48,16.66,1.7,696.0,0.675094288189431
1986-01-31,0.0,371.71,16.37,-1.29,558.14,0.6476195206468379
1986-02-01,0.0,369.61,20.92,2.77,743.08,0.6044448859370487
1986-02-02,0.0,358.25,23.25,5.92,920.92,0.5691201848108576
1986-02-03,0.0,343.49,24.48,8.31,1105.06,0.5337954836846664
1986-02-04,0.0,336.78,25.89,9.91,1233.12,0.49847078255847527
1986-02-05,12.48,159.94,21.71,13.43,1548.39,0.47884594859948015
1986-02-06,45.7,105.83,20.16,15.0,1719.84,1.0047914987005486
1986-02-07,0.0,294.48,21.08,9.45,1195.91,2.4531042448743863
1986-02-08,11.24,222.05,17.82,6.57,965.7,4.356713138896909
1986-02-09,3.52,128.77,15.15,10.23,1258.52,5.416454172682645
1986-02-10,26.75,117.8,17.06,11.72,1377.81,5.259455501010684
1986-02-11,43.46,209.18,18.36,8.5,1120.12,7.339687900664163
1986-02-12,0.0,348.41,11.5,-1.17,560.0,13.1878884204447
1986-02-13,0.0,312.14,8.5,-1.85,534.0,13.34488709211666
1986-02-14,0.0,411.01,14.22,-2.99,485.0,8.75267594571181
1986-02-15,1.42,291.24,14.55,3.93,805.28,5.769701183944556
1986-02-16,0.0,426.59,19.43,0.22,618.66,4.238964135142939
1986-02-17,0.0,401.85,23.77,6.5,959.86,3.410796142073347
1986-02-18,0.02,346.12,24.6,11.26,1340.87,2.7788764885937045
1986-02-19,0.0,323.33,25.52,13.4,1543.83,2.252930938492636
1986-02-20,0.0,345.02,26.65,13.43,1548.73,1.9428585619405137
1986-02-21,0.0,345.89,26.23,13.32,1530.48,1.6367111521801903
1986-02-22,0.0,302.05,25.51,14.94,1707.13,1.346263609587063
1986-02-23,4.57,239.1,21.82,11.1,1327.68,1.2402895062084898
1986-02-24,0.0,390.39,20.99,6.5,959.65,1.098990701703725
1986-02-25,0.0,372.73,18.16,5.0,880.0,0.9616168639907593
1986-02-26,0.0,437.64,17.6,-0.03,600.0,0.8046181923187986
1986-02-27,0.0,248.73,20.61,12.63,1450.67,0.6986440889402251
1986-02-28,0.0,341.43,17.6,6.68,974.32,0.6044448859370487
1986-03-01,3.42,291.54,12.0,0.71,640.0,0.5651952180190586
1986-03-02,0.0,438.09,12.82,-2.46,519.88,0.5769701183944556
1986-03-03,0.0,449.39,19.93,2.99,759.23,0.5612702512272595
1986-03-04,0.0,397.99,18.75,5.79,919.74,0.5416454172682644
1986-03-05,0.0,431.64,15.88,1.5,679.89,0.5259455501010684
1986-03-06,0.0,459.49,20.0,3.05,764.13,0.4945458157666762
1986-03-07,0.0,470.16,21.27,3.0,760.0,0.4592211146404851
1986-03-08,0.0,428.95,19.28,4.46,837.18,0.42389641351429386
1986-03-09,0.0,475.96,22.91,3.62,800.0,0.38464674559630374
1986-03-10,0.0,411.01,25.47,10.76,1300.73,0.36109694484550964
1986-03-11,0.0,354.98,26.72,14.56,1650.7,0.34932204447011256
1986-03-12,0.0,404.63,28.39,13.27,1523.75,0.34539707767831357
1986-03-13,21.38,264.81,28.43,15.96,1799.28,0.3650219116373086
1986-03-14,32.51,228.75,24.27,14.42,1633.61,0.8595677274039849
1986-03-15,0.0,369.6,23.56,11.25,1340.31,1.781934923476754
1986-03-16,0.0,398.48,24.9,11.25,1340.27,3.4382709096159396
1986-03-17,0.0,425.41,25.02,9.92,1233.55,3.9053419578400224
1986-03-18,0.0,414.88,26.0,11.55,1364.25,3.3322968062373657
1986-03-19,0.0,344.97,28.91,17.42,1986.42,2.5865531157955526
1986-03-20,10.54,300.51,24.07,10.97,1317.51,1.9036088940225238
1986-03-21,4.73,232.98,13.78,5.13,890.01,1.5346620155934159
1986-03-22,0.0,398.32,12.43,0.84,639.92,1.2834641409182788
1986-03-23,0.0,509.85,17.31,-1.25,560.0,1.087215801328328
1986-03-24,0.0,509.95,23.5,3.66,800.0,0.875267594571181
1986-03-25,0.0,479.75,24.37,6.83,986.29,0.7418187236500143
1986-03-26,0.0,363.25,23.5,12.18,1414.02,0.6436945538550388
1986-03-27,0.0,436.9,25.98,11.05,1324.28,0.5730451516026566
1986-03-28,0.0,416.02,25.41,11.81,1384.83,0.5180956165174704
1986-03-29,0.0,486.45,25.39,7.61,1048.88,0.45529614784868605
1986-03-30,0.0,495.04,25.99,7.36,1028.97,0.4003466127634998
1986-03-31,0.0,510.62,28.78,8.0,1080.0,0.3532470112619116
1986-04-01,0.0,504.95,29.44,9.0,1159.64,0.3179223101357204
1986-04-02,0.0,498.98,30.5,10.33,1266.22,0.29044754259312733
1986-04-03,0.0,474.22,30.88,12.42,1433.97,0.2590478082587352
1986-04-04,0.0,438.24,28.77,12.99,1481.8,0.22764807392434303
1986-04-05,0.0,452.1,29.42,12.85,1468.1,0.2001733063817499
1986-04-06,0.0,445.47,29.55,13.44,1550.68,0.1766235056309558
1986-04-07,4.91,328.38,30.76,14.98,1711.53,0.15699867167196072
1986-04-08,3.3,288.39,29.5,16.5,1880.0,0.14914873808836268
1986-04-09,0.0,342.79,25.0,14.34,1627.34,0.1530737048801617
1986-04-10,0.0,476.6,20.91,5.01,880.68,0.1962483395899509
1986-04-11,0.0,508.02,24.35,5.98,925.67,0.23157304071614204
1986-04-12,0.0,498.98,26.33,8.12,1089.86,0.2080232399653479
1986-04-13,0.52,416.56,26.89,12.91,1476.25,0.1766235056309558
1986-04-14,0.0,477.22,28.01,10.72,1297.24,0.14914873808836268
1986-04-15,0.0,404.66,26.4,12.99,1479.4,0.12167397054576955
1986-04-16,0.0,387.5,23.0,10.8,1303.65,0.09812416979497544
1986-04-17,0.0,486.86,20.82,4.37,830.29,0.08242430262777936
1986-04-18,0.0,487.45,23.37,6.47,957.35,0.0667244354605833
1986-04-19,0.0,457.11,23.89,8.49,1119.1,0.05102456829338723
1986-04-20,0.0,496.57,25.88,7.82,1065.79,0.043174634709789196
1986-04-21,1.43,300.78,25.45,14.79,1685.8,0.03767968120127057
1986-04-22,0.0,425.8,22.68,8.88,1150.45,0.03218472769275194
1986-04-23,0.0,498.79,20.47,3.52,794.02,0.027474767542593124
1986-04-24,0.0,547.12,24.18,3.25,780.36,0.023549800750794107
1986-04-25,0.0,550.88,30.33,7.31,1013.39,0.021194820675714696
1986-04-26,0.0,482.63,32.49,13.91,1592.34,0.018447343921455386
1986-04-27,0.0,500.67,34.9,14.46,1613.18,0.014914873808836266
1986-04-28,0.0,465.55,33.83,15.82,1782.56,0.013737383771296562
1986-04-29,0.0,443.67,31.5,15.26,1739.51,0.012167397054576956
1986-04-30,0.0,513.07,31.6,11.46,1328.13,0.010597410337857348
1986-05-01,0.0,479.64,33.46,15.0,1690.82,0.012952390412936757
1986-05-02,0.0,413.81,31.84,17.17,1947.9,0.00863492694195784
1986-05-03,0.0,405.04,27.89,14.41,1632.99,0.007457436904418133
1986-05-04,0.0,495.4,25.37,8.0,1079.97,0.007064940225238232
1986-05-05,0.0,470.33,27.87,11.43,1354.19,0.007457436904418133
1986-05-06,0.0,475.39,31.49,14.09,1601.69,0.007064940225238232
1986-05-07,0.0,440.23,32.67,16.79,1896.05,0.007064940225238232
1986-05-08,5.63,325.55,33.5,17.65,2023.99,0.007457436904418133
1986-05-09,0.0,376.1,30.39,17.64,1997.59,0.007064940225238232
1986-05-10,0.0,366.69,26.07,14.35,1618.97,0.00667244354605833
1986-05-11,0.0,521.97,27.37,8.57,960.76,0.006279946866878429
1986-05-12,0.0,463.97,29.85,14.05,1309.87,0.005887450187698527
1986-05-13,0.48,302.97,26.59,17.16,1663.22,0.005887450187698527
1986-05-14,0.0,333.5,28.0,17.82,1637.53,0.006279946866878429
1986-05-15,0.0,418.05,29.29,16.16,1274.0,0.005887450187698527
1986-05-16,0.0,415.32,28.91,15.93,1263.19,0.007064940225238232
1986-05-17,0.0,441.14,29.97,15.99,1189.92,0.005887450187698527
1986-05-18,0.0,447.96,30.41,16.16,1182.98,0.005102456829338723
1986-05-19,0.0,317.04,28.99,19.43,1825.52,0.005102456829338723
1986-05-20,0.0,417.88,29.18,16.48,1281.4,0.01805484724227548
1986-05-21,0.0,432.56,29.37,16.06,1211.98,0.09027423621137741
1986-05-22,0.0,495.59,28.07,12.2,861.6,0.0667244354605833
1986-05-23,0.0,550.94,31.61,12.07,747.53,0.05102456829338723
1986-05-24,0.0,518.8,35.06,17.06,1057.25,0.02982974761767253
1986-05-25,0.0,508.7,36.41,19.02,1145.15,0.02040982731735489
1986-05-26,0.0,447.95,34.13,19.94,1386.77,0.0223723107132544
1986-05-27,0.0,360.75,31.69,20.99,1766.05,0.03767968120127057
1986-05-28,0.0,421.31,32.91,20.21,1492.59,0.02472729078833381
1986-05-29,5.94,287.44,33.28,21.54,2070.16,0.01766235056309558
1986-05-30,0.0,441.8,33.8,20.45,1523.09,0.014522377129656365
1986-05-31,0.0,447.8,34.0,20.58,1469.04,0.012167397054576956
1986-06-01,0.0,442.71,33.78,20.61,1486.78,0.010597410337857348
1986-06-02,0.0,458.78,34.98,21.02,1466.52,0.009812416979497545
1986-06-03,0.0,365.73,31.79,21.5,1829.46,0.00902742362113774
1986-06-04,11.25,198.17,28.0,20.8,2385.07,0.010597410337857348
1986-06-05,5.59,285.97,30.39,20.95,2171.62,0.010597410337857348
1986-06-06,0.0,428.76,32.5,20.43,1715.53,0.010204913658677445
1986-06-07,0.0,480.33,35.48,21.01,1609.8,0.010204913658677445
1986-06-08,0.0,451.56,36.38,22.86,1875.02,0.010989907017037248
1986-06-09,9.01,336.63,36.46,22.98,2264.61,0.010597410337857348
1986-06-10,13.44,307.35,34.03,21.99,2332.09,0.0223723107132544
1986-06-11,29.1,302.17,33.48,21.73,2421.07,0.1766235056309558
1986-06-12,0.0,411.22,34.99,22.92,2316.96,0.16877357204735774
1986-06-13,5.25,355.26,34.81,22.5,2126.09,0.07064940225238232
1986-06-14,0.0,408.23,32.79,21.46,1905.91,0.03610969448455096
1986-06-15,3.28,330.43,31.3,21.5,2162.78,0.025119787467513716
1986-06-16,4.32,349.46,32.5,21.57,2133.54,0.02040982731735489
1986-06-17,0.0,459.04,34.92,21.57,1834.65,0.01726985388391568
1986-06-18,0.0,453.05,34.69,21.52,1845.81,0.11774900375397053
1986-06-19,10.59,292.23,31.75,20.99,2179.55,0.3375471440947155
1986-06-20,0.0,407.95,32.5,21.38,1929.2,0.1098990701703725
1986-06-21,0.0,391.9,32.44,21.94,2040.09,0.05102456829338723
1986-06-22,0.0,453.75,31.52,19.34,1601.2,0.031007237655212242
1986-06-23,0.0,510.56,33.38,18.68,1398.14,0.021194820675714696
1986-06-24,0.0,510.49,35.52,20.44,1536.68,0.016484860525555874
1986-06-25,0.0,457.75,35.14,22.39,1878.78,0.01609236384637597
1986-06-26,0.0,448.31,35.41,22.9,1962.41,0.013737383771296562
1986-06-27,0.0,446.56,35.41,22.96,1975.56,0.012559893733756858
1986-06-28,0.0,459.61,36.5,23.32,1967.08,0.010989907017037248
1986-06-29,11.32,344.69,35.49,21.97,2164.43,0.009812416979497545
1986-06-30,0.0,458.48,35.69,22.53,2009.72,0.00902742362113774
1986-07-01,0.0,427.17,35.64,23.64,2240.96,0.00863492694195784
1986-07-02,0.07,417.63,36.0,24.3,2359.82,0.007849933583598036
1986-07-03,0.0,422.2,34.5,22.9,2172.71,0.007457436904418133
1986-07-04,0.0,405.45,33.07,22.15,2137.98,0.007064940225238232
1986-07-05,1.69,330.3,30.64,21.36,2266.28,0.006279946866878429
1986-07-06,0.0,431.94,32.71,21.0,1943.09,0.00667244354605833
1986-07-07,0.0,485.73,35.2,21.07,1750.68,0.006279946866878429
1986-07-08,0.0,478.32,38.0,23.55,1989.63,0.005887450187698527
1986-07-09,0.0,471.39,39.0,24.55,2124.61,0.004709960150158821
1986-07-10,0.0,436.88,38.5,25.5,2369.19,0.004709960150158821
1986-07-11,0.0,438.39,38.0,25.03,2306.6,0.004709960150158821
1986-07-12,0.0,453.69,38.49,24.79,2220.36,0.005102456829338723
1986-07-13,0.03,476.26,37.97,23.41,1980.31,0.007457436904418133
1986-07-14,0.0,494.79,38.1,22.56,1831.64,0.012952390412936757
1986-07-15,0.12,486.91,38.4,22.92,1891.58,0.00902742362113774
1986-07-16,9.84,335.51,36.87,22.82,2354.16,0.007064940225238232
1986-07-17,4.65,342.71,36.5,21.98,2301.63,0.005494953508518624
1986-07-18,0.0,459.85,38.0,23.43,2189.98,0.004709960150158821
1986-07-19,0.0,445.6,40.0,25.37,2485.97,0.003924966791799018
1986-07-20,0.0,470.39,40.5,24.49,2281.56,0.0037679681201270568
1986-07-21,0.0,445.79,38.91,24.34,2335.61,0.0034539707767831354
1986-07-22,0.0,393.44,34.68,22.94,2336.79,0.002904475425931273
1986-07-23,0.0,412.11,35.0,22.63,2239.89,0.0025119787467513715
1986-07-24,0.0,416.92,35.36,22.79,2245.27,0.0025512284146693614
1986-07-25,0.0,396.74,35.35,23.47,2400.53,0.0026689774184233323
1986-07-26,18.51,267.34,33.41,22.89,2715.34,0.0029437250938492633
1986-07-27,0.0,411.84,34.31,21.98,2308.29,0.003296972105111175
1986-07-28,0.0,378.56,34.06,22.92,2533.85,0.0032577224371931842
1986-07-29,4.98,342.21,35.69,23.89,2782.41,0.003375471440947155
1986-07-30,0.0,443.33,36.71,22.65,2346.15,0.0038072177880450466
1986-07-31,0.0,436.77,37.24,23.25,2446.14,0.0036894687842910765
1986-08-01,0.0,428.34,37.81,23.92,2566.63,0.003061474097603234
1986-08-02,6.65,316.58,36.39,22.6,2672.59,0.0032184727692751943
1986-08-03,0.0,410.67,35.01,22.26,2434.98,0.00863492694195784
1986-08-04,21.79,292.04,33.5,21.5,2557.72,0.03336221773029165
1986-08-05,1.0,387.14,32.92,20.55,2349.98,0.04709960150158821
1986-08-06,11.51,282.83,33.05,21.6,2576.61,0.05102456829338723
1986-08-07,0.0,403.59,33.95,21.45,2489.2,0.08242430262777936
1986-08-08,0.0,391.53,34.98,22.71,2703.47,0.03924966791799018
1986-08-09,0.0,414.32,35.49,22.23,2580.54,0.023549800750794107
1986-08-10,0.0,411.85,34.64,21.65,2503.26,0.016484860525555874
1986-08-11,0.0,371.74,34.19,22.77,2742.21,0.012952390412936757
1986-08-12,10.23,256.92,31.71,21.79,2607.06,0.010989907017037248
1986-08-13,26.64,210.46,29.5,21.88,2620.82,0.1962483395899509
1986-08-14,22.63,163.28,28.39,22.71,2753.55,0.675094288189431
1986-08-15,6.87,226.06,31.0,22.84,2774.18,0.3807217788045047
1986-08-16,0.0,385.26,33.52,22.33,2692.84,0.18839840600635285
1986-08-17,0.0,390.19,33.96,22.54,2726.31,0.09812416979497544
1986-08-18,0.0,389.97,33.94,22.57,2731.57,0.058874501876985265
1986-08-19,5.52,272.69,32.5,22.45,2711.62,0.0667244354605833
1986-08-20,8.38,232.38,30.5,22.5,2720.0,0.08242430262777936
1986-08-21,6.08,277.02,31.06,21.22,2515.68,0.0667244354605833
1986-08-22,0.0,409.23,32.42,20.92,2467.94,0.10204913658677446
1986-08-23,0.0,408.07,33.88,22.07,2650.74,0.07064940225238232
1986-08-24,0.0,406.19,34.88,22.85,2775.4,0.043174634709789196
1986-08-25,0.0,351.21,32.74,23.13,2820.74,0.02982974761767253
1986-08-26,0.18,367.31,32.0,21.97,2635.99,0.02472729078833381
1986-08-27,0.0,376.06,33.47,22.89,2782.69,0.02668977418423332
1986-08-28,18.58,295.63,32.56,21.5,2560.0,0.043174634709789196
1986-08-29,27.21,330.84,25.13,13.66,1572.48,0.1609236384637597
1986-08-30,29.94,146.69,17.64,13.55,1562.1,0.5141706497256713
1986-08-31,14.38,200.9,21.59,15.78,1782.23,1.0518911002021367
1986-09-01,0.0,365.52,27.26,18.49,2124.62,1.0008665319087495
1986-09-02,0.0,347.34,28.43,20.1,2336.04,0.5965949523534507
1986-09-03,0.05,400.66,30.48,20.12,2341.03,0.4199714467224949
1986-09-04,18.46,256.35,29.74,21.43,2548.87,0.37287184522090666
1986-09-05,10.51,238.77,29.97,22.33,2693.48,0.8517177938203869
1986-09-06,0.0,322.42,29.39,21.79,2606.13,1.6053114178457981
1986-09-07,0.0,387.02,29.53,20.0,2320.0,1.569986716719607
1986-09-08,0.0,438.37,30.47,18.75,2160.82,0.8517177938203869
1986-09-09,0.0,424.13,29.51,18.62,2140.21,0.5691201848108576
1986-09-10,12.83,265.26,29.13,20.75,2440.02,0.36894687842910767
1986-09-11,0.0,429.94,31.38,19.67,2293.74,0.2825976090095293
1986-09-12,0.0,372.65,31.41,21.85,2616.31,0.219798140340745
1986-09-13,0.0,368.33,31.0,21.53,2564.6,0.1766235056309558
1986-09-14,0.0,374.26,30.21,20.6,2415.76,0.14129880450476465
1986-09-15,0.0,440.2,30.42,17.92,2063.78,0.11382403696217151
1986-09-16,0.0,431.68,31.92,19.32,2251.27,0.09027423621137741
1986-09-17,0.09,326.82,28.06,20.09,2334.64,0.07457436904418134
1986-09-18,0.0,371.1,27.76,18.48,2122.09,0.06279946866878429
1986-09-19,0.0,431.25,29.93,17.59,2014.33,0.05494953508518625
1986-09-20,0.0,430.56,31.89,18.86,2176.98,0.043174634709789196
1986-09-21,0.0,414.2,32.96,20.34,2373.69,0.03689468784291077
1986-09-22,0.0,415.81,32.5,19.79,2304.08,0.03179223101357204
1986-09-23,0.0,406.38,31.55,19.48,2270.35,0.02668977418423332
1986-09-24,0.0,409.38,33.09,20.25,2361.23,0.023549800750794107
1986-09-25,0.0,396.15,33.74,21.21,2514.04,0.01962483395899509
1986-09-26,0.0,389.53,33.82,21.47,2555.2,0.01805484724227548
1986-09-27,0.0,388.25,34.63,21.95,2631.24,0.015699867167196072
1986-09-28,0.0,407.64,35.41,21.16,2505.1,0.012559893733756858
1986-09-29,3.97,282.75,32.64,22.56,2729.78,0.014129880450476464
1986-09-30,0.0,362.67,32.5,20.97,2474.51,0.01805484724227548
1986-10-01,0.0,362.47,33.42,21.5,2560.0,0.014129880450476464
1986-10-02,0.0,366.43,34.48,21.85,2616.7,0.012952390412936757
1986-10-03,0.0,360.6,34.43,21.97,2634.63,0.011774900375397053
1986-10-04,0.0,363.7,34.45,21.61,2578.1,0.010989907017037248
1986-10-05,0.0,353.39,34.23,21.73,2597.16,0.010597410337857348
1986-10-06,0.0,347.78,32.5,20.51,2401.47,0.009812416979497545
1986-10-07,0.0,326.64,28.25,17.9,2058.24,0.009419920300317642
1986-10-08,0.0,342.57,29.56,18.24,2098.32,0.00902742362113774
1986-10-09,16.66,237.86,29.9,19.96,2319.38,0.012559893733756858
1986-10-10,17.73,196.93,27.57,19.5,2280.07,0.023942297429974006
1986-10-11,0.0,261.34,22.86,15.33,1746.52,0.03610969448455096
1986-10-12,0.0,237.98,22.36,15.6,1767.72,0.02825976090095293
1986-10-13,0.0,290.73,28.24,19.03,2204.23,0.02433479410915391
1986-10-14,3.16,178.52,28.61,21.16,2506.36,0.021587317354894598
1986-10-15,0.0,324.27,23.5,13.56,1559.29,0.01962483395899509
1986-10-16,0.0,384.81,21.63,8.93,1154.26,0.01726985388391568
1986-10-17,0.0,412.37,22.0,7.03,1002.03,0.014522377129656365
1986-10-18,0.0,400.69,22.5,7.96,1077.06,0.01334488709211666
1986-10-19,0.0,382.5,20.5,7.24,1019.32,0.010989907017037248
1986-10-20,0.0,429.38,21.46,3.86,802.43,0.010204913658677445
1986-10-21,0.0,434.43,23.47,3.96,805.66,0.009812416979497545
1986-10-22,0.0,423.05,24.68,5.73,919.46,0.009812416979497545
1986-10-23,0.0,414.88,25.8,6.99,999.29,0.009419920300317642
1986-10-24,0.0,331.62,25.47,13.02,1492.83,0.009419920300317642
1986-10-25,2.87,158.79,24.05,17.38,1982.32,0.00902742362113774
1986-10-26,0.39,178.23,25.04,19.05,2207.4,0.00863492694195784
1986-10-27,0.0,290.97,24.57,14.28,1622.41,0.008242430262777937
1986-10-28,0.0,368.84,23.5,8.81,1144.46,0.007457436904418133
1986-10-29,2.91,198.68,20.54,12.29,1422.83,0.007457436904418133
1986-10-30,11.06,182.38,22.47,14.27,1621.94,0.011774900375397053
1986-10-31,9.83,135.62,20.5,14.71,1674.95,0.012559893733756858
1986-11-01,8.81,84.46,18.94,15.53,1762.12,0.015699867167196072
1986-11-02,0.46,188.38,21.85,15.86,1789.0,0.016877357204735776
1986-11-03,0.0,258.16,24.66,15.89,1791.63,0.01726985388391568
1986-11-04,0.0,316.27,23.45,12.0,1400.0,0.016484860525555874
1986-11-05,0.0,311.2,24.52,13.09,1501.23,0.015699867167196072
1986-11-06,0.0,246.59,27.82,18.96,2194.26,0.01530737048801617
1986-11-07,0.0,278.17,29.39,18.7,2152.01,0.01530737048801617
1986-11-08,0.0,267.97,29.5,19.2,2232.16,0.01530737048801617
1986-11-09,0.0,290.36,29.5,17.81,2049.69,0.015699867167196072
1986-11-10,0.0,231.15,26.08,17.74,2037.78,0.014914873808836266
1986-11-11,0.0,279.03,26.59,15.75,1780.65,0.013737383771296562
1986-11-12,0.0,229.78,26.08,17.6,2016.11,0.01530737048801617
1986-11-13,0.0,213.89,20.64,13.28,1525.6,0.012952390412936757
1986-11-14,0.0,343.65,14.51,0.65,634.63,0.012167397054576956
1986-11-15,0.0,270.77,12.98,3.65,799.74,0.011774900375397053
1986-11-16,0.0,288.38,18.58,7.94,1075.42,0.012559893733756858
1986-11-17,30.71,172.1,22.61,14.43,1638.09,0.05102456829338723
1986-11-18,6.02,167.25,26.06,18.83,2173.56,0.13737383771296563
1986-11-19,0.0,260.73,22.93,13.47,1553.28,0.1098990701703725
1986-11-20,37.03,157.05,17.5,10.88,1310.15,0.1295239041293676
1986-11-21,0.0,301.9,17.17,6.53,962.72,0.2865225758013283
1986-11-22,0.0,359.31,19.27,2.37,721.4,0.3571719780537106
1986-11-23,0.0,333.63,23.62,8.96,1157.2,0.3532470112619116
1986-11-24,0.0,315.52,26.67,12.66,1452.5,0.3650219116373086
1986-11-25,0.0,268.94,26.93,16.15,1824.26,0.34932204447011256
1986-11-26,0.0,193.55,25.97,18.98,2197.35,0.2865225758013283
1986-11-27,0.0,250.43,22.88,13.8,1582.72,0.23157304071614204
1986-11-28,9.66,120.99,18.04,12.92,1473.41,0.20409827317354892
1986-11-29,6.07,146.08,17.74,11.48,1358.4,0.2668977418423332
1986-11-30,16.52,91.92,16.03,12.27,1421.79,0.31007237655212244
1986-12-01,19.19,86.19,14.28,10.8,1304.15,0.4121215131388969
1986-12-02,10.2,99.91,14.06,10.03,1242.57,0.5220205833092693
1986-12-03,0.0,260.35,14.95,6.08,931.83,0.7378937568582153
1986-12-04,0.0,300.8,13.5,2.33,720.0,0.7771434247762055
1986-12-05,0.0,273.57,13.87,4.37,830.24,0.7339687900664164
1986-12-06,0.0,314.4,13.43,0.95,642.39,0.6515444874386369
1986-12-07,0.0,344.81,17.93,-0.47,592.14,0.5730451516026566
1986-12-08,0.0,313.75,23.59,8.57,1125.94,0.49062084897487723
1986-12-09,0.0,285.04,24.63,12.18,1414.18,0.4121215131388969
1986-12-10,8.78,139.17,24.02,17.18,1948.5,0.36894687842910767
1986-12-11,24.42,110.63,23.0,17.77,2043.67,0.5887450187698526
1986-12-12,31.69,147.93,21.06,14.11,1608.9,1.334488709211666
1986-12-13,0.0,305.42,15.21,2.53,729.6,2.4688041120415822
1986-12-14,0.0,284.38,11.31,0.72,638.21,3.548169979786312
1986-12-15,0.0,215.68,13.74,6.49,959.32,3.5520949465781113
1986-12-16,3.71,174.67,17.69,9.46,1196.89,3.1831480681490034
1986-12-17,0.0,279.63,18.4,7.38,1030.2,2.617952850129945
1986-12-18,0.18,227.42,19.01,10.81,1304.49,1.9507084955241116
1986-12-19,0.15,292.82,16.22,4.08,813.31,1.4993373144672248
1986-12-20,7.01,173.59,14.99,7.17,1013.61,1.2206646722494945
1986-12-21,0.0,264.1,14.6,4.83,866.25,1.0911407681201268
1986-12-22,0.0,262.2,11.13,1.93,711.41,1.0008665319087495
1986-12-23,13.22,190.11,12.8,4.09,810.81,0.9773167311579554
1986-12-24,11.41,194.94,20.3,10.66,1292.45,1.2285146058330925
1986-12-25,0.0,249.98,16.82,8.14,1091.41,1.5071872480508228
1986-12-26,0.0,161.68,11.73,6.84,987.46,1.9821082298585038
1986-12-27,0.0,239.23,14.46,6.59,966.88,2.0331327981518914
1986-12-28,0.0,302.99,14.49,2.66,734.45,1.742685255558764
1986-12-29,0.0,318.07,15.43,1.77,701.16,1.4836374473000287
1986-12-30,0.0,297.46,14.24,2.48,728.07,1.2049648050822983
1986-12-31,0.0,266.8,11.5,1.86,708.34,1.0165663990759457
1987-01-01,42.44,123.55,10.09,4.32,826.5,1.2756142073346808
1987-01-02,0.0,224.9,10.23,2.0,719.86,1.8761341264799305
1987-01-03,0.0,315.67,12.22,-1.96,527.51,3.0693240311868317
1987-01-04,32.21,187.32,9.89,0.53,639.69,3.779743020502454
1987-01-05,20.17,195.35,12.91,2.89,751.81,4.984707825584753
1987-01-06,0.0,319.7,14.37,-0.14,600.49,6.083698527288478
1987-01-07,0.0,332.84,18.41,1.64,690.93,6.67244354605833
1987-01-08,0.0,287.92,16.83,4.87,869.94,5.887450187698526
1987-01-09,0.0,333.88,16.98,0.79,639.23,4.47446214265088
1987-01-10,12.42,184.73,16.91,7.49,1039.14,3.5128452786601208
1987-01-11,0.0,294.93,13.8,1.94,714.87,2.959424961016459
1987-01-12,0.0,325.06,13.26,-0.91,567.9,2.6258027837135427
1987-01-13,0.0,340.27,18.47,1.82,704.87,2.6022529829627485
1987-01-14,0.0,348.12,20.84,2.5,720.44,2.3981547097891998
1987-01-15,2.98,181.84,17.55,9.09,1167.1,2.0959322668206757
1987-01-16,11.38,84.29,15.93,12.19,1415.6,1.993883130233901
1987-01-17,19.79,142.06,15.0,8.5,1120.0,2.668977418423332
1987-01-18,10.85,130.89,13.49,7.67,1053.59,3.8307675887958412
1987-01-19,11.86,211.33,20.73,9.7,1216.1,5.9266998556165165
1987-01-20,0.0,323.66,15.75,2.56,724.44,6.750942881894311
1987-01-21,3.33,152.05,10.78,4.91,873.01,5.887450187698526
1987-01-22,45.9,75.26,6.89,3.93,800.0,6.397695870632399
1987-01-23,0.0,240.55,6.94,-0.9,567.91,10.283412994513426
1987-01-24,0.0,347.39,12.17,-1.93,525.4,12.638393069592835
1987-01-25,10.3,233.23,16.58,4.86,868.54,9.498419636153622
1987-01-26,5.44,239.2,14.89,3.0,760.0,6.7901925498123
1987-01-27,0.0,210.39,5.0,-1.45,560.0,5.455703840600634
1987-01-28,0.0,319.49,11.09,-0.27,598.93,4.435212474732889
1987-01-29,0.0,386.82,17.1,-1.32,560.0,3.767968120127057
1987-01-30,0.0,302.79,21.5,10.28,1262.44,3.124273566272018
1987-01-31,0.0,345.95,19.39,5.5,919.98,2.5865531157955526
1987-02-01,0.0,378.03,16.35,-0.17,600.0,2.1116321339878716
1987-02-02,11.23,205.96,17.0,7.64,1051.21,1.8015597574357491
1987-02-03,0.0,329.71,20.0,7.5,1040.0,1.6877357204735777
1987-02-04,0.0,318.9,18.85,7.2,1015.81,1.6170863182211954
1987-02-05,0.0,259.48,15.89,7.5,1040.0,1.5346620155934159
1987-02-06,8.92,171.21,11.96,5.17,893.34,1.4875624140918278
1987-02-07,14.34,114.61,12.73,8.42,1113.34,1.8525843257291363
1987-02-08,1.44,377.02,18.72,2.5,720.0,2.6415026508807387
1987-02-09,0.0,410.62,17.16,-0.38,599.98,3.6973187178746745
1987-02-10,0.0,413.66,13.93,-3.16,480.0,3.7287184522090673
1987-02-11,0.0,417.44,18.31,-0.01,600.0,3.2145478024833953
1987-02-12,0.0,406.93,22.58,5.0,880.0,2.5669282818365575
1987-02-13,0.0,403.92,21.5,4.94,875.27,1.9507084955241116
1987-02-14,0.0,404.31,21.31,4.75,860.21,1.6092363846375972
1987-02-15,0.0,384.4,20.41,5.7,919.86,1.2952390412936758
1987-02-16,24.06,260.82,15.72,3.87,802.34,1.2599143401674846
1987-02-17,0.0,229.29,7.5,0.81,640.0,1.8565092925209352
1987-02-18,0.0,221.73,10.04,3.64,800.0,2.9711998613918564
1987-02-19,0.0,300.23,13.47,4.37,829.35,3.3401467398209643
1987-02-20,0.0,345.37,14.0,2.95,755.68,2.931950193473866
1987-02-21,14.9,194.41,11.76,4.14,811.16,2.727851920300317
1987-02-22,18.43,159.55,10.91,4.87,869.54,2.7592516546347094
1987-02-23,0.0,303.84,14.84,5.77,919.12,3.391171308114351
1987-02-24,0.0,335.77,14.14,3.98,800.0,4.278213803060929
1987-02-25,0.0,212.75,13.23,7.43,1034.52,4.3959628068149
1987-02-26,6.31,177.5,11.93,5.53,920.0,3.924966791799018
1987-02-27,11.0,109.43,7.95,4.31,825.02,3.351921640196361
1987-02-28,0.6,403.31,17.99,5.13,890.54,2.8770006583886802
1987-03-01,28.51,228.38,20.55,11.96,1396.64,3.0614740976032335
1987-03-02,0.0,426.04,19.21,5.35,908.28,3.6855438174992776
1987-03-03,0.0,468.11,21.0,3.32,785.38,5.063207161420733
1987-03-04,0.0,442.45,19.96,5.0,880.0,4.945458157666762
1987-03-05,0.0,432.53,17.13,3.4,792.08,3.8582423563384345
1987-03-06,0.0,441.07,17.5,3.22,776.56,2.924100259890268
1987-03-07,7.71,264.09,17.02,7.96,1077.06,2.1783565694484546
1987-03-08,26.98,229.29,21.94,13.35,1536.05,2.621877816921744
1987-03-09,2.2,254.89,20.0,12.73,1458.29,3.548169979786312
1987-03-10,0.0,314.58,15.12,6.97,997.62,5.337954836846664
1987-03-11,0.0,400.51,11.51,0.8,640.0,5.102456829338723
1987-03-12,1.8,244.41,9.56,2.86,749.09,4.042715795552988
1987-03-13,0.0,476.55,14.91,0.6,640.0,3.2420225700259886
1987-03-14,0.0,493.19,17.79,2.0,720.0,2.535528547502165
1987-03-15,0.0,510.42,21.47,3.01,760.54,1.9467835287323128
1987-03-16,0.0,499.16,24.08,6.53,962.56,1.6131613514293963
1987-03-17,0.0,452.17,20.87,7.87,1069.45,1.338413676003465
1987-03-18,0.0,309.92,16.9,9.7,1215.94,1.114690568870921
1987-03-19,12.87,247.37,19.45,11.55,1364.08,1.102915668495524
1987-03-20,0.0,455.0,19.53,6.85,988.11,1.2402895062084898
1987-03-21,0.0,494.33,23.49,7.48,1038.17,1.3030889748772738
1987-03-22,0.0,498.02,23.9,7.46,1036.73,1.142165336413514
1987-03-23,0.0,460.64,21.98,8.44,1114.91,1.0440411666185385
1987-03-24,0.0,379.47,20.98,11.0,1320.0,0.9498419636153623
1987-03-25,31.65,227.78,22.0,14.36,1629.44,0.9262921628645682
1987-03-26,0.24,240.27,22.4,16.5,1880.0,1.1382403696217152
1987-03-27,2.5,240.95,23.28,16.49,1878.46,1.365888443546058
1987-03-28,0.53,346.55,26.27,17.01,1921.4,2.3471301414958123
1987-03-29,11.85,259.76,24.4,15.99,1801.08,3.6894687842910767
1987-03-30,17.76,209.72,23.07,16.21,1832.88,3.9092669246318215
1987-03-31,11.32,378.88,20.24,5.03,882.12,3.9092669246318215
1987-04-01,0.0,498.87,13.39,-0.44,597.32,4.3959628068149
1987-04-02,0.0,517.83,18.11,2.72,737.59,4.631460814322841
1987-04-03,5.33,357.11,18.5,5.6,919.5,4.081965463470978
1987-04-04,0.0,493.24,14.67,1.44,675.29,3.3283718394455666
1987-04-05,0.0,517.06,17.46,2.64,730.87,2.5669282818365575
1987-04-06,0.0,522.55,18.52,3.06,765.01,1.9585584291077096
1987-04-07,0.0,496.19,20.78,6.49,959.55,1.577836650303205
1987-04-08,0.0,502.19,21.52,6.62,969.91,1.2952390412936758
1987-04-09,0.0,507.68,24.98,8.92,1153.89,1.0479661334103378
1987-04-10,0.0,523.98,27.07,9.23,1178.64,0.914517262489171
1987-04-11,0.0,504.34,26.86,10.26,1261.12,0.8046181923187986
1987-04-12,0.0,484.77,28.0,12.41,1432.85,0.6593944210222349
1987-04-13,0.0,491.44,29.87,13.5,1559.99,0.5180956165174704
1987-04-14,0.0,447.74,27.97,14.5,1639.65,0.42782138030609296
1987-04-15,8.98,265.63,27.07,17.43,1989.53,0.47492098180768116
1987-04-16,0.0,463.15,23.87,10.71,1296.56,0.6122948195206468
1987-04-17,0.0,444.01,21.02,8.93,1154.61,0.45529614784868605
1987-04-18,1.79,370.72,21.72,10.58,1286.65,0.40427157955529885
1987-04-19,0.0,473.34,25.5,11.5,1360.0,0.40427157955529885
1987-04-20,0.0,496.02,27.52,12.02,1401.6,0.40427157955529885
1987-04-21,0.0,498.68,29.5,13.45,1552.7,0.3650219116373086
1987-04-22,0.0,505.54,30.91,13.99,1599.06,0.31399734334392143
1987-04-23,0.0,431.33,29.19,16.38,1861.12,0.2590478082587352
1987-04-24,0.0,432.09,28.83,15.96,1797.12,0.22764807392434303
1987-04-25,0.0,480.2,26.0,11.31,1345.06,0.18839840600635285
1987-04-26,0.0,459.74,23.94,10.35,1268.03,0.14914873808836268
1987-04-27,0.0,493.69,25.0,9.5,1200.0,0.11774900375397053
1987-04-28,0.0,470.65,27.92,12.91,1473.11,0.09419920300317643
1987-04-29,0.0,487.23,27.4,11.43,1354.43,0.07457436904418134
1987-04-30,0.0,531.78,32.31,12.17,1413.22,0.058874501876985265
1987-05-01,0.0,469.98,32.99,16.54,1883.47,0.043174634709789196
1987-05-02,0.0,478.26,32.0,15.39,1751.15,0.03571719780537106
1987-05-03,0.0,462.74,31.83,15.99,1799.42,0.02825976090095293
1987-05-04,0.0,472.16,32.5,15.96,1796.5,0.023942297429974006
1987-05-05,3.77,372.79,29.47,12.29,1422.84,0.05102456829338723
1987-05-06,0.0,440.83,24.4,10.86,1308.94,0.12559893733756858
1987-05-07,0.0,484.31,28.0,11.86,1388.44,0.1295239041293676
1987-05-08,0.0,400.08,29.91,17.19,1951.03,0.13737383771296563
1987-05-09,0.0,463.34,28.58,13.49,1558.29,0.10597410337857346
1987-05-10,0.0,495.6,27.37,10.93,1314.64,0.07457436904418134
1987-05-11,0.0,433.31,27.25,13.83,1586.32,0.05102456829338723
1987-05-12,5.51,266.58,27.5,17.0,1921.45,0.03807217788045047
1987-05-13,16.97,205.73,26.41,18.66,2146.41,0.058874501876985265
1987-05-14,4.49,227.77,26.49,18.78,2164.11,0.2001733063817499
1987-05-15,9.48,233.93,27.36,18.73,2156.6,0.27474767542593126
1987-05-16,0.0,414.35,29.5,17.0,1920.0,0.3767968120127057
1987-05-17,0.0,430.21,29.95,16.72,1897.09,0.4003466127634998
1987-05-18,0.0,417.21,30.31,17.5,2000.0,0.30222244296852435
1987-05-19,0.0,392.03,31.54,19.5,2280.0,0.1962483395899509
1987-05-20,1.32,354.67,31.5,20.0,2320.0,0.14129880450476465
1987-05-21,0.0,311.83,29.36,20.52,2402.84,0.1098990701703725
1987-05-22,0.0,368.49,29.5,19.0,2200.0,0.08242430262777936
1987-05-23,2.61,315.08,29.16,19.44,2270.22,0.058874501876985265
1987-05-24,0.0,411.69,30.47,18.4,2110.57,0.05102456829338723
1987-05-25,0.0,430.99,30.93,18.1,2078.73,0.043174634709789196
1987-05-26,0.0,445.77,30.9,17.5,1992.64,0.03453970776783136
1987-05-27,0.0,446.01,30.0,16.82,1899.87,0.027474767542593124
1987-05-28,0.0,415.33,30.0,18.07,2080.26,0.023549800750794107
1987-05-29,0.0,438.17,30.85,18.02,2038.92,0.023157304071614204
1987-05-30,0.0,445.45,30.9,17.98,2021.51,0.01805484724227548
1987-05-31,0.0,483.33,31.98,17.48,1798.89,0.012952390412936757
1987-06-01,0.0,473.18,33.28,19.0,1978.75,0.010204913658677445
1987-06-02,0.0,414.05,33.51,21.56,2433.28,0.009812416979497545
1987-06-03,0.0,443.51,34.99,21.71,2384.54,0.00863492694195784
1987-06-04,10.96,368.29,33.29,21.34,2433.55,0.012559893733756858
1987-06-05,8.16,369.34,30.83,20.0,2269.24,0.0223723107132544
1987-06-06,0.0,478.28,30.49,17.03,1796.31,0.029437250938492632
1987-06-07,0.0,481.7,30.5,17.07,1683.9,0.022764807392434302
1987-06-08,0.0,493.46,31.4,17.33,1677.18,0.014914873808836266
1987-06-09,0.0,518.17,32.49,16.99,1592.56,0.011382403696217151
1987-06-10,0.0,502.85,34.5,19.24,1843.13,0.009812416979497545
1987-06-11,0.0,452.32,33.37,20.51,2090.3,0.00863492694195784
1987-06-12,0.0,456.12,34.1,20.8,2114.96,0.009419920300317642
1987-06-13,9.54,286.2,32.71,21.99,2596.86,0.00902742362113774
1987-06-14,21.07,150.56,26.97,22.0,2640.0,0.021979814034074497
1987-06-15,13.72,282.42,31.2,21.0,2480.0,0.19232337279815187
1987-06-16,3.13,301.82,32.58,22.31,2667.43,0.2001733063817499
1987-06-17,4.04,292.14,32.1,22.0,2639.62,0.18447343921455384
1987-06-18,1.93,365.16,32.59,22.15,2613.63,0.29044754259312733
1987-06-19,1.75,364.94,33.0,21.64,2569.92,0.5141706497256713
1987-06-20,15.83,287.93,32.99,22.36,2697.18,0.30222244296852435
1987-06-21,3.37,273.73,32.5,22.58,2732.13,0.3414721108865145
1987-06-22,5.96,287.52,31.0,22.35,2696.78,0.5573452844354605
1987-06-23,23.72,248.3,30.5,21.99,2638.84,0.9027423621137741
1987-06-24,0.0,402.39,33.73,22.5,2683.48,1.2559893733756857
1987-06-25,28.15,297.42,33.5,22.53,2725.34,1.6602609529309844
1987-06-26,50.51,279.82,31.8,21.99,2638.31,2.017432930984695
1987-06-27,6.99,282.47,31.97,22.06,2650.27,2.5865531157955526
1987-06-28,0.0,467.05,31.5,18.41,2116.56,2.700377152757724
1987-06-29,0.0,474.21,31.86,18.35,2102.72,2.2607808720762343
1987-06-30,0.0,402.97,32.14,21.4,2544.69,2.1273320011550676
1987-07-01,0.0,372.77,32.5,22.77,2763.84,1.365888443546058
1987-07-02,5.06,320.1,33.46,23.58,2902.76,0.9419920300317642
1987-07-03,18.2,307.64,33.26,22.26,2681.08,2.1391069015304645
1987-07-04,8.52,305.88,32.5,21.78,2604.23,5.691201848108576
1987-07-05,0.0,431.37,34.0,22.05,2647.56,5.965949523534507
1987-07-06,21.54,323.9,34.59,22.5,2720.0,4.592211146404851
1987-07-07,0.1,457.51,33.94,20.92,2467.65,3.336221773029165
1987-07-08,0.0,432.86,34.97,22.78,2764.91,2.2254561709500433
1987-07-09,0.0,428.79,35.5,23.4,2866.61,1.3187888420444698
1987-07-10,0.0,427.68,35.97,23.86,2966.6,0.887042494946578
1987-07-11,0.0,428.67,35.5,23.5,2880.0,0.5887450187698526
1987-07-12,0.99,423.76,35.2,22.99,2798.09,0.3767968120127057
1987-07-13,0.0,465.84,35.7,22.0,2640.0,0.32969721051111744
1987-07-14,0.0,405.95,35.5,24.16,3025.42,0.2668977418423332
1987-07-15,0.0,406.47,34.0,22.98,2796.36,0.21587317354894595
1987-07-16,0.0,477.41,33.0,19.27,2243.09,0.18447343921455384
1987-07-17,0.0,450.57,32.42,19.95,2321.22,0.12167397054576955
1987-07-18,0.0,442.92,31.92,19.84,2308.7,0.07849933583598036
1987-07-19,0.0,515.68,32.39,16.57,1880.26,0.05102456829338723
1987-07-20,0.0,488.03,32.72,18.18,2090.78,0.03336221773029165
1987-07-21,0.0,503.1,34.45,18.36,2108.97,0.021979814034074497
1987-07-22,0.0,494.74,36.5,19.93,2314.3,0.01609236384637597
1987-07-23,0.0,466.57,37.5,21.95,2632.59,0.01334488709211666
1987-07-24,0.07,440.91,35.9,21.94,2630.39,0.011774900375397053
1987-07-25,2.73,403.99,33.82,20.63,2420.01,0.010597410337857348
1987-07-26,0.0,427.34,34.3,21.28,2524.5,0.011382403696217151
1987-07-27,0.0,418.68,35.5,22.46,2713.08,0.010597410337857348
1987-07-28,0.0,404.58,35.5,23.01,2801.9,0.012167397054576956
1987-07-29,30.75,304.24,33.99,21.84,2614.01,0.04709960150158821
1987-07-30,0.0,389.57,33.46,22.0,2640.0,0.020802323996534793
1987-07-31,0.0,384.35,34.36,22.85,2776.01,0.014129880450476464
1987-08-01,0.0,395.0,34.48,22.49,2718.09,0.010989907017037248
1987-08-02,1.98,290.64,32.81,23.97,2993.78,0.010597410337857348
1987-08-03,0.0,377.22,34.46,23.13,2820.93,0.009812416979497545
1987-08-04,0.0,366.67,34.97,23.91,2977.53,0.00902742362113774
1987-08-05,0.0,352.78,35.3,24.66,3105.03,0.008242430262777937
1987-08-06,0.0,372.32,35.81,24.39,3061.98,0.01766235056309558
1987-08-07,0.0,377.68,35.0,23.58,2899.88,0.02629727750505342
1987-08-08,0.0,366.03,35.5,24.38,3060.74,0.022764807392434302
1987-08-09,14.72,278.86,35.93,24.5,3079.35,0.014914873808836266
1987-08-10,0.0,402.65,37.22,24.24,3037.85,0.015699867167196072
1987-08-11,16.86,285.12,34.86,23.34,2853.91,0.043174634709789196
1987-08-12,21.63,250.29,33.0,23.5,2879.34,0.023157304071614204
1987-08-13,0.0,330.87,32.33,23.05,2807.8,0.01766235056309558
1987-08-14,0.0,356.51,31.47,21.52,2563.53,0.01334488709211666
1987-08-15,0.0,358.56,31.33,21.4,2543.91,0.011382403696217151
1987-08-16,13.53,238.63,31.23,22.62,2739.47,0.010597410337857348
1987-08-17,4.8,315.58,32.94,23.47,2874.9,0.009812416979497545
1987-08-18,0.0,377.17,34.42,23.46,2873.49,0.00863492694195784
1987-08-19,0.0,378.81,34.99,23.88,2970.46,0.008242430262777937
1987-08-20,5.04,288.67,33.95,23.22,2835.26,0.007849933583598036
1987-08-21,0.0,411.25,33.44,21.66,2585.85,0.007849933583598036
1987-08-22,0.0,438.45,33.89,20.9,2464.41,0.00902742362113774
1987-08-23,0.0,464.28,36.19,21.08,2493.35,0.00863492694195784
1987-08-24,0.0,399.69,35.23,23.42,2867.81,0.007064940225238232
1987-08-25,0.0,417.62,33.86,21.67,2587.17,0.007457436904418133
1987-08-26,12.53,325.51,34.53,21.41,2545.22,0.006279946866878429
1987-08-27,0.0,413.51,34.97,22.59,2733.82,0.00667244354605833
1987-08-28,0.0,396.13,35.32,23.51,2881.97,0.00667244354605833
1987-08-29,0.0,398.15,35.5,23.49,2879.84,0.00667244354605833
1987-08-30,13.52,287.77,33.92,22.86,2777.63,0.006279946866878429
1987-08-31,41.68,303.79,33.95,22.0,2639.7,0.03218472769275194
1987-09-01,25.41,270.17,30.78,21.05,2487.92,0.21194820675714693
1987-09-02,5.62,216.13,29.0,21.75,2599.64,0.17269853883915678
1987-09-03,24.22,163.91,26.82,21.57,2570.8,0.2865225758013283
1987-09-04,7.18,119.04,24.99,21.37,2538.99,0.6319196534796419
1987-09-05,22.93,191.67,25.88,19.95,2318.03,0.7143439561074212
1987-09-06,22.55,183.57,27.61,21.86,2617.46,1.4365378457984406
1987-09-07,9.85,257.45,30.79,22.04,2646.13,1.3423386427952642
1987-09-08,0.0,396.41,32.41,21.49,2558.06,1.0204913658677446
1987-09-09,0.0,394.22,32.5,21.64,2582.19,0.7614435576090094
1987-09-10,0.0,418.22,32.64,20.67,2427.1,0.5220205833092693
1987-09-11,0.0,376.41,33.0,22.56,2729.98,0.3571719780537106
1987-09-12,17.87,239.98,30.08,21.99,2638.0,0.4121215131388969
1987-09-13,14.73,251.63,29.44,20.99,2478.54,1.106840635287323
1987-09-14,0.0,388.93,31.45,20.75,2439.63,1.4443877793820386
1987-09-15,0.0,390.99,31.5,20.58,2413.2,1.2167397054576954
1987-09-16,0.0,373.93,31.5,21.16,2505.19,0.8556427606121859
1987-09-17,0.0,343.0,31.86,22.52,2723.4,0.7457436904418133
1987-09-18,0.0,360.41,32.53,22.4,2704.61,0.6005199191452497
1987-09-19,9.75,280.52,32.83,22.05,2647.8,0.40427157955529885
1987-09-20,6.75,264.68,30.41,21.55,2568.07,0.3375471440947155
1987-09-21,0.0,451.55,29.68,15.77,1781.78,0.3571719780537106
1987-09-22,0.0,419.0,28.98,17.02,1930.61,0.46707104822408313
1987-09-23,0.0,429.65,27.62,15.3,1741.46,0.3767968120127057
1987-09-24,0.0,465.81,27.99,13.16,1508.82,0.25119787467513716
1987-09-25,0.0,467.47,28.45,13.08,1498.88,0.18054847242275482
1987-09-26,0.0,457.99,28.93,13.91,1592.4,0.14522377129656366
1987-09-27,0.0,420.87,29.0,16.13,1824.45,0.11382403696217151
1987-09-28,0.0,371.37,28.69,18.14,2090.82,0.09027423621137741
1987-09-29,0.0,407.0,29.97,17.37,1978.65,0.07457436904418134
1987-09-30,9.44,215.25,27.5,19.96,2321.63,0.07064940225238232
1987-10-01,0.0,427.26,26.43,13.31,1529.59,0.08242430262777936
1987-10-02,0.0,467.09,26.75,10.02,1241.36,0.07457436904418134
1987-10-03,0.0,404.58,24.77,12.48,1438.78,0.058874501876985265
1987-10-04,0.0,457.57,20.99,5.54,915.41,0.04709960150158821
1987-10-05,0.0,473.8,23.5,5.17,893.38,0.03846467455963038
1987-10-06,0.0,448.69,25.92,8.86,1149.19,0.03296972105111175
1987-10-07,0.0,399.17,24.51,10.89,1311.51,0.02865225758013283
1987-10-08,0.0,442.06,22.41,5.95,926.69,0.022764807392434302
1987-10-09,0.0,434.61,23.3,6.83,986.17,0.01923233727981519
1987-10-10,0.0,378.57,24.5,11.28,1342.59,0.01609236384637597
1987-10-11,0.0,307.66,24.73,14.63,1665.01,0.01334488709211666
1987-10-12,0.0,314.5,23.32,12.96,1484.94,0.014522377129656365
1987-10-13,0.0,327.64,19.62,9.0,1160.0,0.012559893733756858
1987-10-14,0.0,387.94,19.01,5.29,902.74,0.011382403696217151
1987-10-15,0.0,392.57,20.5,6.05,930.77,0.010989907017037248
1987-10-16,0.0,405.11,23.22,7.06,1004.53,0.010204913658677445
1987-10-17,0.0,404.17,25.69,8.67,1133.48,0.009812416979497545
1987-10-18,0.0,422.65,26.85,7.21,1017.18,0.009419920300317642
1987-10-19,0.0,396.99,27.06,9.34,1187.44,0.009419920300317642
1987-10-20,0.0,364.5,27.46,11.79,1383.39,0.009812416979497545
1987-10-21,0.0,296.7,24.72,13.23,1516.39,0.009812416979497545
1987-10-22,0.0,379.31,20.0,4.14,815.08,0.00902742362113774
1987-10-23,0.0,402.85,21.35,2.89,753.7,0.009419920300317642
1987-10-24,0.0,314.71,24.46,11.58,1366.23,0.009419920300317642
1987-10-25,0.57,231.75,23.13,14.09,1607.35,0.009812416979497545
1987-10-26,0.0,263.35,22.43,12.35,1427.7,0.010989907017037248
1987-10-27,6.88,160.8,19.94,12.11,1409.06,0.01530737048801617
1987-10-28,0.0,288.92,19.02,8.01,1080.77,0.014129880450476464
1987-10-29,0.0,386.73,20.0,2.11,714.42,0.016484860525555874
1987-10-30,0.0,384.37,22.78,3.99,806.82,0.015699867167196072
1987-10-31,0.0,369.12,23.91,6.03,928.18,0.016484860525555874
1987-11-01,0.0,313.8,25.5,11.41,1352.64,0.01923233727981519
1987-11-02,0.0,290.79,25.99,13.08,1498.03,0.021587317354894598
1987-11-03,0.0,266.77,26.44,14.76,1682.9,0.023549800750794107
1987-11-04,12.6,132.7,23.52,16.86,1908.86,0.02629727750505342
1987-11-05,3.97,197.55,27.0,16.5,1875.3,0.03414721108865145
1987-11-06,0.0,333.83,23.39,8.02,1081.35,0.036502191163730865
1987-11-07,0.0,366.06,21.35,3.09,766.48,0.036502191163730865
1987-11-08,0.0,344.46,24.49,7.56,1044.85,0.03296972105111175
1987-11-09,0.0,313.85,25.5,10.65,1292.26,0.029437250938492632
1987-11-10,2.07,237.79,27.99,16.96,1916.84,0.02904475425931273
1987-11-11,0.0,347.67,23.05,5.12,889.2,0.02982974761767253
1987-11-12,0.0,350.87,15.92,-1.68,545.26,0.02865225758013283
1987-11-13,0.0,369.67,21.5,-0.05,607.23,0.027474767542593124
1987-11-14,0.0,358.59,23.45,2.55,728.45,0.027474767542593124
1987-11-15,0.0,353.08,24.17,3.43,785.99,0.027474767542593124
1987-11-16,0.02,220.72,25.0,14.5,1646.56,0.02629727750505342
1987-11-17,15.99,133.65,24.69,16.5,1880.0,0.04709960150158821
1987-11-18,0.0,210.72,23.4,13.83,1586.74,0.10204913658677446
1987-11-19,0.0,236.37,17.91,7.58,1046.54,0.10204913658677446
1987-11-20,0.0,251.46,16.59,5.49,912.99,0.07457436904418134
1987-11-21,0.0,297.42,13.4,-0.38,600.0,0.058874501876985265
1987-11-22,0.0,340.12,15.98,-2.22,519.49,0.05102456829338723
1987-11-23,0.0,334.65,21.74,2.82,747.27,0.04709960150158821
1987-11-24,0.0,315.03,23.5,6.03,927.18,0.043174634709789196
1987-11-25,0.0,271.83,24.43,10.29,1263.34,0.03924966791799018
1987-11-26,2.0,144.95,22.56,15.73,1778.15,0.03924966791799018
1987-11-27,2.6,115.26,22.99,16.5,1878.9,0.043174634709789196
1987-11-28,0.03,156.39,19.92,12.89,1471.08,0.043174634709789196
1987-11-29,0.0,151.5,17.51,11.0,1320.0,0.043174634709789196
1987-11-30,0.0,208.54,16.5,7.5,1040.0,0.04709960150158821
1987-12-01,0.0,250.03,14.03,3.0,759.93,0.03924966791799018
1987-12-02,0.0,289.88,13.91,0.1,612.48,0.036502191163730865
1987-12-03,0.0,327.0,16.44,-1.78,538.95,0.03336221773029165
1987-12-04,0.0,222.78,15.5,5.5,920.0,0.03218472769275194
1987-12-05,0.0,299.69,13.0,-2.26,518.17,0.03218472769275194
1987-12-06,0.0,299.4,13.39,-1.98,524.51,0.03179223101357204
1987-12-07,0.0,291.83,17.49,2.37,725.01,0.031399734334392145
1987-12-08,0.0,220.04,19.42,9.21,1176.71,0.031007237655212242
1987-12-09,0.0,249.54,23.6,11.09,1327.22,0.03179223101357204
1987-12-10,0.04,217.75,23.49,12.94,1475.07,0.03571719780537106
1987-12-11,0.0,286.44,20.48,5.54,914.51,0.03807217788045047
1987-12-12,0.0,285.29,21.26,6.35,942.79,0.03924966791799018
1987-12-13,0.0,264.11,18.0,5.46,880.16,0.03924966791799018
1987-12-14,0.0,278.71,22.59,8.6,1036.59,0.03807217788045047
1987-12-15,14.63,160.27,23.08,13.43,1548.19,0.07064940225238232
1987-12-16,0.0,300.36,17.35,2.1,711.53,0.1530737048801617
1987-12-17,0.0,282.25,11.01,-2.11,520.7,0.11774900375397053
1987-12-18,0.0,299.14,11.84,-3.01,485.62,0.09419920300317643
1987-12-19,0.0,309.02,18.16,1.28,644.14,0.08634926941957839
1987-12-20,0.0,277.94,24.0,9.35,1069.41,0.09027423621137741
1987-12-21,0.0,178.14,22.31,14.18,1601.55,0.09027423621137741
1987-12-22,8.02,122.68,18.48,11.51,1360.85,0.09419920300317643
1987-12-23,0.0,295.32,17.89,3.1,746.74,0.10597410337857346
1987-12-24,0.23,295.08,22.02,6.59,914.36,0.09419920300317643
1987-12-25,0.0,193.23,23.53,14.98,1709.68,0.10597410337857346
1987-12-26,0.0,192.05,25.22,16.5,1874.82,0.11774900375397053
1987-12-27,0.0,221.87,24.7,14.37,1610.94,0.11382403696217151
1987-12-28,5.66,155.45,23.42,14.04,1603.24,0.1098990701703725
1987-12-29,6.02,230.85,20.1,3.45,792.59,0.11382403696217151
1987-12-30,0.0,297.53,11.5,-3.08,477.79,0.09812416979497544
1987-12-31,0.0,304.66,15.13,-0.61,582.57,0.08242430262777936
1988-01-01,0.0,288.92,20.43,7.55,1044.27,0.07457436904418134
1988-01-02,11.94,208.47,18.09,6.41,953.17,0.10204913658677446
1988-01-03,16.53,107.27,7.95,3.13,770.08,0.23549800750794106
1988-01-04,4.47,167.93,10.82,2.72,737.61,0.3807217788045047
1988-01-05,0.0,296.46,11.1,-0.99,560.75,0.4003466127634998
1988-01-06,0.0,301.72,9.26,-3.0,480.0,0.4160464799306958
1988-01-07,0.0,247.65,6.09,-2.76,500.97,0.40427157955529885
1988-01-08,8.23,99.81,0.52,-3.71,463.8,0.36109694484550964
1988-01-09,0.0,113.29,1.41,-2.14,520.0,0.29829747617672536
1988-01-10,0.0,194.64,4.43,-2.03,521.37,0.2629727750505342
1988-01-11,0.0,269.75,8.43,-1.42,553.81,0.25512284146693615
1988-01-12,0.0,343.42,11.96,-4.0,447.91,0.23942297429974008
1988-01-13,0.0,328.37,13.43,-0.79,577.89,0.223723107132544
1988-01-14,0.0,301.88,9.69,-1.92,526.77,0.2001733063817499
1988-01-15,0.0,269.93,7.83,-1.74,542.5,0.17269853883915678
1988-01-16,0.0,354.56,11.49,-5.08,431.04,0.1530737048801617
1988-01-17,4.74,271.65,17.14,4.0,803.77,0.14129880450476465
1988-01-18,7.27,163.69,16.47,8.88,1150.78,0.18447343921455384
1988-01-19,17.55,183.23,22.16,13.0,1480.0,0.31399734334392143
1988-01-20,8.28,151.87,21.9,14.66,1664.99,0.435671313889691
1988-01-21,6.8,157.75,18.0,10.8,1303.93,0.6593944210222349
1988-01-22,0.0,306.43,13.26,1.92,713.33,0.8831175281547788
1988-01-23,0.0,348.42,12.76,-1.57,554.49,0.8595677274039849
1988-01-24,0.0,312.43,11.87,0.49,630.95,0.7025690557320242
1988-01-25,5.06,131.31,9.91,4.5,839.99,0.5612702512272595
1988-01-26,0.0,277.42,8.23,-0.91,568.38,0.447446214265088
1988-01-27,0.0,333.32,6.85,-5.1,430.75,0.40819654634709784
1988-01-28,0.0,380.84,10.91,-5.61,400.0,0.3807217788045047
1988-01-29,0.0,393.2,15.88,-3.46,479.88,0.3336221773029165
1988-01-30,0.0,381.6,18.5,1.1,653.14,0.2943725093849263
1988-01-31,0.0,337.96,21.09,7.93,1074.53,0.27867264221773025
1988-02-01,0.0,348.61,23.28,8.95,1155.99,0.2865225758013283
1988-02-02,0.0,326.55,25.31,12.18,1414.8,0.2943725093849263
1988-02-03,0.0,251.47,24.19,15.3,1742.18,0.29044754259312733
1988-02-04,5.28,205.83,22.94,13.35,1536.42,0.2865225758013283
1988-02-05,4.28,333.11,18.84,4.06,805.08,0.31007237655212244
1988-02-06,1.02,220.5,7.9,0.84,640.0,0.3532470112619116
1988-02-07,0.0,373.28,8.14,-5.52,406.22,0.36894687842910767
1988-02-08,0.0,240.13,8.59,1.27,661.82,0.3571719780537106
1988-02-09,0.0,366.06,14.34,0.69,635.87,0.32577224371931846
1988-02-10,0.0,391.01,16.49,0.49,632.0,0.2865225758013283
1988-02-11,0.0,306.07,14.97,4.79,862.95,0.25512284146693615
1988-02-12,1.48,268.63,12.68,3.4,788.37,0.23942297429974008
1988-02-13,0.0,373.56,9.78,-3.18,479.84,0.223723107132544
1988-02-14,0.0,426.32,15.38,-3.18,479.65,0.20409827317354892
1988-02-15,6.0,261.29,16.5,4.65,851.64,0.219798140340745
1988-02-16,0.0,387.73,14.88,0.84,640.0,0.2708227086341322
1988-02-17,0.0,423.66,15.74,-1.66,547.4,0.27867264221773025
1988-02-18,0.09,366.03,14.95,2.14,713.52,0.29044754259312733
1988-02-19,43.91,207.87,16.61,7.8,1064.09,0.6005199191452497
1988-02-20,24.84,173.55,16.43,9.32,1185.78,1.1617901703725093
1988-02-21,5.43,242.62,13.64,5.3,904.06,2.2254561709500433
1988-02-22,0.0,444.77,16.52,-2.03,522.31,2.959424961016459
1988-02-23,0.0,441.88,20.81,1.86,704.23,2.731776887092116
1988-02-24,0.0,346.04,19.35,7.5,1039.81,1.8682841928963325
1988-02-25,0.0,407.91,13.5,-1.23,559.37,1.322713808836269
1988-02-26,0.0,406.77,12.82,-1.71,544.46,1.106840635287323
1988-02-27,0.0,465.03,22.33,0.7,638.8,0.894892428530176
1988-02-28,0.0,416.63,20.36,4.59,847.1,0.6868691885648281
1988-02-29,0.0,466.93,21.56,0.72,639.94,0.5573452844354605
1988-03-01,0.0,427.89,20.9,4.41,832.58,0.49847078255847527
1988-03-02,0.0,463.52,21.97,1.91,709.64,0.45137118105688706
1988-03-03,0.0,307.87,20.75,10.68,1294.71,0.4709960150158821
1988-03-04,25.9,152.96,20.62,14.28,1622.39,0.5691201848108576
1988-03-05,0.0,267.88,19.81,11.47,1357.69,0.8124681259023966
1988-03-06,0.0,318.68,18.5,8.62,1129.85,0.9733917643661564
1988-03-07,0.0,442.04,21.91,5.22,897.48,1.0401161998267396
1988-03-08,0.0,439.35,23.48,6.83,986.71,0.890967461738377
1988-03-09,16.3,188.62,21.01,13.2,1515.63,0.8046181923187986
1988-03-10,12.23,235.1,18.97,9.32,1185.76,0.875267594571181
1988-03-11,0.0,422.94,17.42,3.28,782.53,1.0008665319087495
1988-03-12,0.0,476.86,23.56,4.47,837.93,1.0754409009529309
1988-03-13,0.0,356.22,24.29,12.46,1436.84,1.0087164654923475
1988-03-14,0.0,446.25,20.35,4.44,835.56,0.9302171296563672
1988-03-15,0.0,410.62,11.96,-0.89,568.8,0.8595677274039849
1988-03-16,0.0,448.59,12.51,-2.32,518.4,0.7143439561074212
1988-03-17,0.0,481.98,16.32,-1.09,560.0,0.5377204504764654
1988-03-18,10.81,335.29,17.45,2.6,729.34,0.43959628068149
1988-03-19,7.48,241.77,14.99,5.67,920.0,0.43959628068149
1988-03-20,0.0,464.66,18.99,2.91,753.08,0.45137118105688706
1988-03-21,0.0,484.48,25.18,6.39,951.08,0.4709960150158821
1988-03-22,0.0,432.16,22.94,7.92,1073.78,0.4709960150158821
1988-03-23,0.0,415.76,23.48,9.45,1196.07,0.43959628068149
1988-03-24,0.0,444.91,25.14,9.5,1200.0,0.40819654634709784
1988-03-25,0.0,435.31,26.44,11.13,1330.51,0.38857171238810273
1988-03-26,1.29,314.45,25.0,15.03,1713.81,0.42389641351429386
1988-03-27,0.0,419.67,24.46,10.59,1287.2,0.3924966791799018
1988-03-28,0.0,509.46,24.85,5.43,910.37,0.3375471440947155
1988-03-29,0.0,471.06,24.93,8.44,1115.06,0.29044754259312733
1988-03-30,0.0,457.82,25.89,10.27,1261.5,0.25512284146693615
1988-03-31,0.0,445.99,26.0,11.13,1330.62,0.223723107132544
1988-04-01,0.0,393.48,24.5,12.5,1440.13,0.1962483395899509
1988-04-02,0.0,398.58,25.98,13.57,1564.93,0.1766235056309558
1988-04-03,0.0,355.48,26.0,15.18,1734.18,0.15699867167196072
1988-04-04,1.53,287.11,25.84,17.25,1959.78,0.14522377129656366
1988-04-05,0.0,485.75,30.42,12.54,1442.42,0.14522377129656366
1988-04-06,0.0,455.01,29.1,13.5,1560.0,0.1295239041293676
1988-04-07,0.0,430.72,24.5,11.02,1321.73,0.10597410337857346
1988-04-08,0.0,488.8,23.97,7.43,1034.35,0.08242430262777936
1988-04-09,0.0,492.09,25.3,8.21,1094.45,0.0667244354605833
1988-04-10,0.0,488.6,26.01,9.0,1151.1,0.05102456829338723
1988-04-11,12.96,270.75,24.12,13.35,1535.26,0.043174634709789196
1988-04-12,13.17,306.12,19.05,7.08,1006.74,0.04709960150158821
1988-04-13,0.0,439.81,19.18,6.05,927.06,0.04709960150158821
1988-04-14,0.0,507.19,24.18,6.86,988.59,0.03924966791799018
1988-04-15,0.0,490.53,28.42,11.29,1343.07,0.03453970776783136
1988-04-16,0.0,463.37,26.98,11.74,1378.89,0.02982974761767253
1988-04-17,0.0,520.45,26.0,7.57,1045.23,0.02708227086341322
1988-04-18,0.0,443.19,26.6,12.26,1421.17,0.02433479410915391
1988-04-19,45.21,285.07,26.56,14.92,1706.6,0.16484860525555872
1988-04-20,0.0,502.39,24.92,8.11,1088.54,0.2708227086341322
1988-04-21,0.0,497.0,27.85,10.77,1301.36,0.3650219116373086
1988-04-22,0.0,478.78,31.69,14.75,1676.83,0.4945458157666762
1988-04-23,1.75,370.64,29.5,17.25,1960.34,0.4121215131388969
1988-04-24,13.81,260.11,29.28,18.84,2176.1,0.3532470112619116
1988-04-25,16.8,293.4,27.22,15.31,1744.75,0.36894687842910767
1988-04-26,38.52,174.62,20.6,14.37,1629.29,0.6947191221484261
1988-04-27,0.0,429.75,25.43,12.68,1454.5,0.9302171296563672
1988-04-28,0.0,467.07,25.16,10.96,1317.07,1.314863875252671
1988-04-29,0.0,515.65,23.3,6.94,995.52,1.554286849552411
1988-04-30,0.0,451.3,22.42,9.36,1188.95,1.3541135431706612
1988-05-01,0.0,422.76,23.83,11.72,1377.76,0.9616168639907593
1988-05-02,0.0,509.91,25.35,9.01,1160.89,0.655469454230436
1988-05-03,0.0,483.32,26.1,10.92,1313.97,0.40819654634709784
1988-05-04,3.8,410.43,26.84,12.84,1470.84,0.2865225758013283
1988-05-05,12.03,297.24,25.46,14.02,1601.46,0.3650219116373086
1988-05-06,0.0,477.16,25.37,10.73,1298.72,0.47884594859948015
1988-05-07,0.0,493.46,27.96,12.0,1400.15,0.45529614784868605
1988-05-08,0.0,486.87,28.49,12.83,1467.66,0.3571719780537106
1988-05-09,0.0,450.86,28.04,14.23,1618.48,0.2590478082587352
1988-05-10,0.0,384.82,27.0,16.0,1804.08,0.2080232399653479
1988-05-11,0.0,458.59,28.45,14.33,1626.54,0.16877357204735774
1988-05-12,0.0,454.44,28.99,14.92,1707.92,0.1334488709211666
1988-05-13,8.27,258.14,26.21,16.72,1897.27,0.10204913658677446
1988-05-14,0.0,320.68,25.76,17.07,1930.87,0.11774900375397053
1988-05-15,0.0,454.44,29.06,15.4,1752.39,0.17269853883915678
1988-05-16,0.0,472.21,32.0,16.91,1912.95,0.20409827317354892
1988-05-17,14.95,341.99,31.49,17.38,1980.71,0.18839840600635285
1988-05-18,0.0,438.27,29.23,16.36,1854.62,0.2080232399653479
1988-05-19,0.0,451.59,30.0,16.41,1863.68,0.14522377129656366
1988-05-20,0.0,485.53,30.93,15.63,1770.31,0.09027423621137741
1988-05-21,0.0,498.72,31.82,15.64,1763.75,0.058874501876985265
1988-05-22,0.0,390.74,31.0,19.74,2299.16,0.043174634709789196
1988-05-23,0.0,424.67,32.4,19.62,2287.72,0.03179223101357204
1988-05-24,0.0,447.67,32.5,18.68,2143.94,0.02668977418423332
1988-05-25,10.05,325.43,29.96,17.2,1953.64,0.03689468784291077
1988-05-26,0.0,430.98,25.46,13.39,1542.28,0.031399734334392145
1988-05-27,0.0,491.86,24.98,10.42,1272.39,0.020802323996534793
1988-05-28,0.0,549.4,28.15,9.49,1178.58,0.014914873808836266
1988-05-29,0.0,535.99,31.5,12.84,1453.45,0.011774900375397053
1988-05-30,0.0,497.31,31.65,15.19,1725.93,0.010204913658677445
1988-05-31,0.0,514.33,31.81,14.19,1604.9,0.00902742362113774
1988-06-01,0.0,492.8,32.85,16.16,1815.6,0.008242430262777937
1988-06-02,0.0,452.77,33.99,19.0,2194.27,0.007064940225238232
1988-06-03,0.0,441.43,34.5,19.92,2294.19,0.00667244354605833
1988-06-04,0.0,501.39,31.34,14.49,1607.93,0.00667244354605833
1988-06-05,0.0,468.72,26.0,11.8,1379.83,0.006279946866878429
1988-06-06,0.0,472.34,31.0,15.74,1763.49,0.006279946866878429
1988-06-07,0.0,440.56,33.2,18.9,2164.82,0.005887450187698527
1988-06-08,0.0,382.64,32.0,20.26,2355.97,0.005494953508518624
1988-06-09,0.0,399.39,33.01,20.45,2367.58,0.005102456829338723
1988-06-10,12.1,344.57,31.06,16.36,1856.46,0.005102456829338723
1988-06-11,0.0,478.29,26.33,11.71,1353.35,0.005494953508518624
1988-06-12,0.0,477.72,27.5,12.57,1424.86,0.005102456829338723
1988-06-13,0.0,495.09,29.5,13.16,1458.54,0.004709960150158821
1988-06-14,0.0,413.6,28.49,15.89,1787.45,0.004709960150158821
1988-06-15,0.0,454.77,30.36,15.78,1761.74,0.004709960150158821
1988-06-16,0.0,490.81,31.49,14.94,1628.86,0.004709960150158821
1988-06-17,0.0,492.92,33.15,16.06,1704.96,0.004709960150158821
1988-06-18,0.0,454.58,33.79,18.4,2001.65,0.00431746347097892
1988-06-19,0.03,395.2,32.43,19.75,2273.67,0.003924966791799018
1988-06-20,0.0,414.01,32.74,19.36,2196.0,0.003924966791799018
1988-06-21,0.0,450.61,34.46,19.13,2095.26,0.0038464674559630374
1988-06-22,0.0,455.28,35.99,20.0,2192.0,0.0037287184522090664
1988-06-23,0.0,417.08,37.02,22.37,2601.84,0.003336221773029165
1988-06-24,0.0,418.74,38.0,22.97,2686.64,0.003100723765521224
1988-06-25,0.0,379.17,35.37,22.51,2687.88,0.0029829747617672532
1988-06-26,0.0,367.57,35.34,22.96,2771.86,0.0028652257580132827
1988-06-27,3.11,261.94,31.35,21.82,2611.98,0.0032184727692751943
1988-06-28,0.0,393.44,30.48,18.39,2097.26,0.003414721108865145
1988-06-29,0.0,479.11,33.35,17.2,1831.31,0.0030222244296852436
1988-06-30,1.5,416.15,34.21,20.27,2304.16,0.003100723765521224
1988-07-01,3.13,329.49,30.75,20.08,2334.09,0.003924966791799018
1988-07-02,0.0,404.84,29.5,17.44,1974.15,0.0038072177880450466
1988-07-03,0.0,252.65,28.37,21.32,2531.54,0.0038464674559630374
1988-07-04,0.0,308.44,29.5,20.85,2456.32,0.003924966791799018
1988-07-05,0.0,381.52,30.5,19.5,2264.58,0.0037287184522090664
1988-07-06,0.0,387.45,30.5,19.38,2245.35,0.0034539707767831354
1988-07-07,0.0,461.78,31.5,17.42,1907.16,0.0032184727692751943
1988-07-08,0.0,503.66,34.28,17.37,1825.61,0.0031399734334392145
1988-07-09,0.0,467.22,34.8,19.51,2139.13,0.003296972105111175
1988-07-10,0.0,416.99,35.07,21.83,2551.57,0.0029829747617672532
1988-07-11,4.76,266.0,33.42,22.81,2770.26,0.0029437250938492633
1988-07-12,9.37,238.18,31.94,22.87,2779.0,0.0035717197805371064
1988-07-13,0.0,385.81,35.14,23.38,2808.54,0.003336221773029165
1988-07-14,0.0,375.73,35.51,24.02,2942.94,0.003061474097603234
1988-07-15,0.0,418.88,36.79,23.47,2757.61,0.003061474097603234
1988-07-16,0.0,423.21,36.95,23.5,2752.79,0.0037679681201270568
1988-07-17,0.0,418.35,36.46,23.41,2752.43,0.003296972105111175
1988-07-18,0.0,422.53,36.49,23.33,2732.92,0.0028259760900952928
1988-07-19,0.0,462.01,35.74,21.55,2129.34,0.0025119787467513715
1988-07-20,0.0,415.52,35.0,22.77,2415.13,0.002433479410915391
1988-07-21,0.0,423.15,35.48,22.95,2418.45,0.0022372310713254396
1988-07-22,0.0,433.76,34.5,21.87,2250.44,0.0022372310713254396
1988-07-23,17.61,240.35,30.7,22.21,2672.45,0.0025904780825873517
1988-07-24,2.12,326.69,31.81,22.37,2588.62,0.0026689774184233323
1988-07-25,0.0,446.33,33.97,21.37,2080.34,0.002433479410915391
1988-07-26,0.0,471.11,34.04,21.02,1608.96,0.00219798140340745
1988-07-27,0.0,456.76,34.51,21.84,1728.67,0.0023549800750794106
1988-07-28,0.0,475.57,35.0,21.47,1635.88,0.0029829747617672532
1988-07-29,0.0,452.37,34.91,22.37,1796.99,0.003650219116373086
1988-07-30,1.93,400.07,34.0,22.09,1944.02,0.005494953508518624
1988-07-31,3.81,365.11,35.39,21.55,1993.28,0.00431746347097892
1988-08-01,0.0,443.37,34.74,22.35,1902.22,0.003650219116373086
1988-08-02,0.11,447.36,35.0,22.23,1878.11,0.003414721108865145
1988-08-03,0.85,439.6,35.0,21.89,1827.58,0.0036109694484550963
1988-08-04,9.44,296.75,33.64,22.53,2253.26,0.003375471440947155
1988-08-05,0.0,388.57,33.0,22.45,2046.01,0.003532470112619116
1988-08-06,15.03,306.92,34.0,22.3,2290.92,0.0034539707767831354
1988-08-07,3.32,384.79,34.08,22.79,2260.7,0.0031399734334392145
1988-08-08,4.46,322.27,34.0,21.52,2298.21,0.0031399734334392145
1988-08-09,0.0,440.37,34.26,21.7,2034.82,0.0030222244296852436
1988-08-10,7.93,339.15,33.87,23.0,2495.45,0.0028652257580132827
1988-08-11,23.15,245.19,31.88,22.97,2787.34,0.03179223101357204
1988-08-12,9.77,270.94,32.38,22.33,2683.39,0.015699867167196072
1988-08-13,6.36,264.0,31.61,22.0,2639.77,0.009812416979497545
1988-08-14,3.22,268.85,31.3,22.48,2694.42,0.013737383771296562
1988-08-15,5.01,247.45,31.22,22.49,2718.81,0.010204913658677445
1988-08-16,7.02,206.3,29.4,22.5,2720.0,0.00902742362113774
1988-08-17,0.0,401.09,32.49,21.58,2407.03,0.012559893733756858
1988-08-18,0.0,431.99,34.38,22.0,2390.74,0.010204913658677445
1988-08-19,0.0,430.7,35.0,22.47,2461.04,0.007849933583598036
1988-08-20,0.0,409.29,34.45,22.83,2566.56,0.007064940225238232
1988-08-21,0.0,381.13,34.0,23.44,2728.99,0.006279946866878429
1988-08-22,12.04,266.95,32.61,22.95,2791.38,0.025904780825873514
1988-08-23,4.48,264.14,31.97,22.52,2723.66,0.03885717123881028
1988-08-24,3.34,313.05,33.0,22.97,2746.55,0.023549800750794107
1988-08-25,0.0,394.42,33.28,22.33,2576.53,0.02001733063817499
1988-08-26,0.0,432.54,33.75,21.23,2343.63,0.021979814034074497
1988-08-27,3.86,325.06,31.69,20.74,2395.23,0.01805484724227548
1988-08-28,12.29,203.72,28.75,22.13,2660.7,0.06279946866878429
1988-08-29,0.0,350.46,32.0,22.78,2754.72,0.11382403696217151
1988-08-30,23.13,293.22,32.92,22.17,2667.43,0.11382403696217151
1988-08-31,30.89,271.68,30.23,21.0,2480.27,0.6044448859370487
1988-09-01,9.67,209.96,26.98,20.51,2401.28,0.4709960150158821
1988-09-02,16.45,214.38,27.17,20.63,2420.33,0.27867264221773025
1988-09-03,4.5,274.91,29.56,21.39,2542.58,0.2433479410915391
1988-09-04,16.4,265.41,30.51,21.73,2596.71,0.2668977418423332
1988-09-05,24.57,226.17,27.16,20.32,2370.79,0.45137118105688706
1988-09-06,9.68,215.14,25.21,18.98,2196.34,0.7182689228992203
1988-09-07,0.0,386.9,26.5,17.5,2000.0,0.7967682587352005
1988-09-08,14.05,277.94,24.5,16.28,1845.23,0.7457436904418133
1988-09-09,51.92,295.65,26.86,17.61,2015.0,1.1617901703725093
1988-09-10,21.47,246.53,29.72,22.01,2641.13,2.005658030609298
1988-09-11,5.92,269.71,31.0,22.15,2663.77,3.0182994628934443
1988-09-12,11.72,286.79,30.5,22.07,2650.6,3.363696540571758
1988-09-13,0.0,422.28,31.22,19.83,2306.27,2.5904780825873517
1988-09-14,0.0,409.41,31.99,20.83,2452.06,1.7152104880161707
1988-09-15,0.0,392.93,31.27,20.8,2447.53,1.0911407681201268
1988-09-16,0.0,309.7,29.47,22.04,2646.29,0.7261188564828183
1988-09-17,30.44,213.89,28.07,21.54,2565.6,0.5848200519780536
1988-09-18,19.58,199.94,26.38,20.55,2408.46,1.0440411666185385
1988-09-19,0.0,366.63,28.77,19.92,2314.41,1.8839840600635285
1988-09-20,0.0,382.54,30.85,21.0,2480.17,3.9642164597170075
1988-09-21,0.0,411.64,32.95,21.14,2502.67,3.4421958764077383
1988-09-22,0.0,455.88,32.12,17.63,2020.64,2.3746049090384056
1988-09-23,0.0,446.64,32.0,17.96,2071.71,1.6053114178457981
1988-09-24,0.0,407.4,32.5,20.47,2395.73,1.0204913658677446
1988-09-25,0.11,361.85,31.5,21.67,2587.91,0.7143439561074212
1988-09-26,37.28,229.56,27.27,20.0,2320.0,0.5769701183944556
1988-09-27,0.0,336.48,25.54,17.5,2000.0,0.5848200519780536
1988-09-28,0.0,437.5,28.04,15.11,1728.48,0.5416454172682644
1988-09-29,0.0,334.93,28.5,19.96,2322.21,0.8203180594859947
1988-09-30,0.0,319.36,28.5,20.43,2389.34,1.1539402367889111
1988-10-01,0.0,345.08,29.0,19.85,2308.38,1.0322662662431417
1988-10-02,0.0,351.86,29.65,20.0,2320.0,0.7889183251516025
1988-10-03,22.8,213.67,26.0,19.02,2203.89,0.682944221773029
1988-10-04,0.0,233.28,22.85,17.5,2000.0,0.8556427606121859
1988-10-05,0.0,368.89,23.46,13.94,1594.95,0.887042494946578
1988-10-06,0.0,422.87,22.99,10.71,1296.57,0.9851666647415535
1988-10-07,0.0,396.54,21.5,10.67,1293.65,0.9302171296563672
1988-10-08,0.0,436.31,20.04,6.9,992.22,0.8517177938203869
1988-10-09,0.0,443.71,20.87,6.68,974.39,0.6907941553566271
1988-10-10,0.0,438.36,22.0,7.52,1041.76,0.5259455501010684
1988-10-11,0.0,419.84,23.6,9.83,1226.78,0.4199714467224949
1988-10-12,0.0,401.31,23.12,10.37,1269.84,0.3532470112619116
1988-10-13,0.0,422.95,20.84,6.77,981.48,0.29044754259312733
1988-10-14,0.0,453.12,19.4,2.3,720.75,0.22764807392434303
1988-10-15,0.0,445.27,22.12,4.59,849.34,0.18054847242275482
1988-10-16,0.0,434.85,23.84,6.44,955.24,0.1530737048801617
1988-10-17,0.0,423.0,25.62,8.39,1110.92,0.1295239041293676
1988-10-18,0.0,402.46,27.0,10.68,1294.23,0.11382403696217151
1988-10-19,0.0,365.87,27.0,13.07,1492.37,0.09812416979497544
1988-10-20,0.0,346.8,24.41,11.83,1386.21,0.08242430262777936
1988-10-21,7.01,228.27,23.8,13.32,1531.86,0.08242430262777936
1988-10-22,0.0,362.02,22.87,9.45,1196.4,0.09027423621137741
1988-10-23,0.0,414.57,22.0,4.03,807.67,0.07457436904418134
1988-10-24,0.0,360.47,23.91,9.92,1233.37,0.06279946866878429
1988-10-25,0.0,394.08,23.0,6.07,934.21,0.05494953508518625
1988-10-26,0.0,387.11,23.96,6.92,993.78,0.04709960150158821
1988-10-27,0.0,304.52,23.99,12.25,1420.4,0.043174634709789196
1988-10-28,10.98,238.73,27.24,14.09,1607.26,0.03924966791799018
1988-10-29,0.0,291.4,26.72,14.97,1715.11,0.043174634709789196
1988-10-30,0.0,257.32,23.24,13.45,1551.67,0.043174634709789196
1988-10-31,0.0,259.25,20.82,11.08,1326.59,0.03924966791799018
1988-11-01,9.56,209.1,17.87,7.39,1031.25,0.03336221773029165
1988-11-02,0.0,345.04,22.51,7.24,1019.42,0.03336221773029165
1988-11-03,0.0,350.34,23.26,6.89,991.18,0.03218472769275194
1988-11-04,15.27,166.75,20.5,11.73,1378.66,0.03532470112619116
1988-11-05,16.04,154.88,22.58,14.32,1625.48,0.0667244354605833
1988-11-06,0.0,293.17,20.67,8.26,1100.62,0.12559893733756858
1988-11-07,0.0,334.97,20.0,4.71,856.52,0.1334488709211666
1988-11-08,0.0,362.8,24.07,4.95,875.79,0.12559893733756858
1988-11-09,0.0,303.17,25.48,11.22,1337.58,0.1609236384637597
1988-11-10,0.0,282.96,26.5,13.3,1527.52,0.17269853883915678
1988-11-11,0.0,241.32,23.99,13.44,1545.85,0.15699867167196072
1988-11-12,0.0,269.34,20.36,8.68,1134.4,0.1334488709211666
1988-11-13,0.0,261.99,21.98,10.57,1285.31,0.1098990701703725
1988-11-14,0.0,321.04,23.02,7.39,1031.32,0.09419920300317643
1988-11-15,0.0,306.78,23.74,9.08,1166.46,0.08242430262777936
1988-11-16,0.0,308.81,26.74,11.23,1338.15,0.07849933583598036
1988-11-17,1.0,212.67,24.93,15.5,1760.38,0.07064940225238232
1988-11-18,0.0,270.82,20.73,8.84,1147.09,0.058874501876985265
1988-11-19,0.0,242.08,22.65,12.14,1411.58,0.05494953508518625
1988-11-20,0.0,219.72,26.04,16.21,1833.74,0.06279946866878429
1988-11-21,0.0,314.89,24.16,8.07,1085.98,0.06279946866878429
1988-11-22,0.46,179.22,15.75,8.66,1132.47,0.05494953508518625
1988-11-23,18.44,75.89,12.63,8.97,1157.62,0.05494953508518625
1988-11-24,0.0,235.6,18.5,9.0,1160.0,0.07457436904418134
1988-11-25,0.0,326.5,20.5,4.22,819.19,0.08634926941957839
1988-11-26,0.0,306.79,24.0,8.79,1143.12,0.1098990701703725
1988-11-27,0.0,222.79,25.89,16.07,1816.17,0.18839840600635285
1988-11-28,2.41,276.03,24.48,9.0,1159.92,0.23942297429974008
1988-11-29,0.0,293.15,14.0,0.91,640.0,0.23942297429974008
1988-11-30,0.0,308.83,18.42,3.16,771.3,0.21194820675714693
1988-12-01,0.0,286.34,16.5,3.24,779.5,0.18839840600635285
1988-12-02,0.0,300.87,13.69,-0.51,598.27,0.16484860525555872
1988-12-03,0.0,334.09,16.92,-1.81,535.45,0.1295239041293676
1988-12-04,0.0,308.24,18.97,2.89,750.91,0.10204913658677446
1988-12-05,0.0,312.23,17.18,0.54,635.21,0.09027423621137741
1988-12-06,0.0,326.13,17.99,-1.02,560.0,0.08242430262777936
1988-12-07,0.0,315.63,20.0,1.91,711.7,0.07457436904418134
1988-12-08,0.0,311.72,21.99,3.94,806.03,0.0667244354605833
1988-12-09,0.11,241.5,18.42,6.87,989.65,0.06279946866878429
1988-12-10,0.0,271.91,14.11,0.95,647.19,0.058874501876985265
1988-12-11,11.78,141.93,11.42,3.3,783.72,0.07064940225238232
1988-12-12,4.67,123.15,6.1,-0.61,591.44,0.11382403696217151
1988-12-13,0.0,301.68,10.14,-5.25,419.98,0.11382403696217151
1988-12-14,0.0,315.83,15.66,-2.11,521.12,0.10597410337857346
1988-12-15,0.0,300.11,19.49,2.93,754.03,0.11382403696217151
1988-12-16,8.52,181.33,15.74,4.44,834.86,0.14522377129656366
1988-12-17,0.0,240.95,8.97,-1.88,529.41,0.20409827317354892
1988-12-18,0.0,267.7,8.01,-4.55,440.0,0.19232337279815187
1988-12-19,0.0,314.59,14.59,-3.26,479.27,0.18839840600635285
1988-12-20,0.0,327.66,20.35,-1.12,560.0,0.21194820675714693
1988-12-21,0.0,305.19,24.12,5.32,901.54,0.20409827317354892
1988-12-22,0.0,270.58,22.95,7.85,1068.31,0.18447343921455384
1988-12-23,0.0,215.92,21.61,10.46,1277.02,0.1766235056309558
1988-12-24,0.0,222.23,23.85,12.0,1400.0,0.1766235056309558
1988-12-25,0.0,204.89,23.06,12.51,1440.67,0.16484860525555872
1988-12-26,0.0,270.17,18.96,4.45,836.41,0.1530737048801617
1988-12-27,0.0,285.82,20.61,4.35,829.27,0.13737383771296563
1988-12-28,0.0,245.2,24.43,11.06,1324.41,0.12559893733756858
1988-12-29,0.0,263.19,18.53,4.6,848.36,0.12167397054576955
1988-12-30,0.0,202.82,16.34,6.63,972.23,0.11382403696217151
1988-12-31,0.0,233.01,17.43,5.62,910.29,0.1098990701703725
1989-01-01,9.27,154.51,23.89,13.94,1595.1,0.10597410337857346
1989-01-02,0.0,289.33,21.93,6.49,959.47,0.11382403696217151
1989-01-03,0.0,262.58,19.7,6.81,984.6,0.11382403696217151
1989-01-04,0.0,301.53,19.56,3.48,798.12,0.1098990701703725
1989-01-05,0.0,324.68,16.03,-2.14,520.11,0.10597410337857346
1989-01-06,0.0,314.18,20.76,3.26,774.06,0.1295239041293676
1989-01-07,0.0,211.22,23.1,13.19,1509.97,0.16484860525555872
1989-01-08,0.0,243.19,24.98,13.0,1480.0,0.16484860525555872
1989-01-09,0.0,236.75,22.33,11.14,1330.84,0.1530737048801617
1989-01-10,0.01,209.87,15.75,6.68,974.07,0.1334488709211666
1989-01-11,0.0,156.31,13.65,7.2,1015.61,0.11382403696217151
1989-01-12,0.33,163.71,16.61,9.71,1216.92,0.10597410337857346
1989-01-13,0.0,180.28,20.7,12.81,1465.0,0.1098990701703725
1989-01-14,0.0,238.98,17.27,6.78,982.07,0.11382403696217151
1989-01-15,0.0,328.16,25.13,6.41,954.62,0.1098990701703725
1989-01-16,4.34,269.03,22.05,7.35,1027.92,0.11774900375397053
1989-01-17,0.0,309.94,16.9,1.99,712.25,0.12559893733756858
1989-01-18,0.0,337.2,18.48,0.79,640.58,0.14522377129656366
1989-01-19,0.0,339.77,19.45,1.44,675.77,0.19232337279815187
1989-01-20,0.06,227.79,17.0,7.49,1039.3,0.2001733063817499
1989-01-21,0.0,240.15,14.02,4.16,814.16,0.18839840600635285
1989-01-22,0.87,170.73,9.5,3.0,760.0,0.1766235056309558
1989-01-23,0.0,305.09,19.11,5.14,890.97,0.17269853883915678
1989-01-24,0.0,343.02,20.98,3.5,794.07,0.16484860525555872
1989-01-25,0.0,370.93,21.99,0.64,640.0,0.14914873808836268
1989-01-26,0.0,363.2,24.0,3.75,798.31,0.1295239041293676
1989-01-27,0.0,282.36,23.85,11.24,1338.94,0.12559893733756858
1989-01-28,0.0,341.23,22.02,5.45,905.69,0.12167397054576955
1989-01-29,0.0,337.36,23.51,7.23,1018.6,0.11382403696217151
1989-01-30,7.22,176.82,22.5,12.82,1465.87,0.11382403696217151
1989-01-31,2.84,294.27,20.69,5.96,926.97,0.1609236384637597
1989-02-01,0.0,350.7,23.03,6.03,931.35,0.1766235056309558
1989-02-02,0.0,257.72,25.16,14.26,1621.07,0.16484860525555872
1989-02-03,0.0,298.32,27.9,14.45,1635.71,0.16484860525555872
1989-02-04,0.0,268.11,26.0,14.85,1696.59,0.16877357204735774
1989-02-05,0.0,292.98,25.19,13.05,1489.5,0.1609236384637597
1989-02-06,0.0,296.7,25.31,13.02,1485.86,0.14522377129656366
1989-02-07,0.0,216.02,23.06,14.96,1711.98,0.13737383771296563
1989-02-08,0.0,315.91,18.6,6.39,951.62,0.1295239041293676
1989-02-09,0.0,339.12,13.69,0.62,640.0,0.11382403696217151
1989-02-10,0.0,385.04,11.29,-5.05,432.02,0.09812416979497544
1989-02-11,0.0,404.93,14.91,-4.06,442.73,0.09027423621137741
1989-02-12,0.0,399.36,20.01,0.84,640.56,0.08634926941957839
1989-02-13,0.0,399.58,23.5,3.59,799.95,0.07849933583598036
1989-02-14,0.0,339.64,26.38,11.37,1349.71,0.07457436904418134
1989-02-15,0.0,341.66,27.99,12.69,1455.44,0.07457436904418134
1989-02-16,0.0,363.65,29.0,12.0,1400.0,0.0667244354605833
1989-02-17,0.0,401.93,25.31,5.91,920.0,0.058874501876985265
1989-02-18,0.0,129.9,6.1,2.0,720.0,0.05102456829338723
1989-02-19,0.0,237.29,9.7,1.77,701.2,0.04709960150158821
1989-02-20,0.0,320.66,16.57,4.83,866.77,0.05102456829338723
1989-02-21,19.68,200.02,22.36,12.53,1442.5,0.06279946866878429
1989-02-22,9.11,166.37,17.56,10.0,1240.0,0.1530737048801617
1989-02-23,0.0,360.7,12.06,-0.8,576.2,0.2001733063817499
1989-02-24,2.47,279.87,5.52,-5.06,433.05,0.23157304071614204
1989-02-25,0.0,410.63,9.87,-5.02,438.4,0.29044754259312733
1989-02-26,0.0,436.3,17.08,-0.55,595.68,0.3061474097603234
1989-02-27,0.0,340.52,21.29,9.46,1196.45,0.29044754259312733
1989-02-28,6.81,205.56,20.38,11.99,1399.46,0.2668977418423332
1989-03-01,3.04,250.25,16.73,6.92,993.63,0.2472729078833381
1989-03-02,15.15,91.99,10.25,7.0,999.76,0.25119787467513716
1989-03-03,20.72,208.22,15.5,7.49,1039.29,0.36894687842910767
1989-03-04,0.22,195.17,15.94,10.54,1282.82,0.5102456829338723
1989-03-05,0.43,390.47,27.19,13.2,1514.4,0.682944221773029
1989-03-06,3.39,256.19,25.61,14.65,1664.62,0.7928432919434015
1989-03-07,0.0,415.94,17.5,4.14,811.51,0.7692934911926075
1989-03-08,2.0,287.07,7.76,0.2,615.87,0.6947191221484261
1989-03-09,0.0,258.14,8.15,1.5,680.0,0.6201447531042449
1989-03-10,0.0,441.83,16.18,2.0,717.21,0.5573452844354605
1989-03-11,0.0,476.07,19.45,2.37,709.89,0.4709960150158821
1989-03-12,0.0,502.17,27.07,5.17,818.86,0.4003466127634998
1989-03-13,0.0,462.81,26.96,9.83,1150.26,0.3571719780537106
1989-03-14,0.0,480.85,27.68,9.11,1055.79,0.3179223101357204
1989-03-15,0.0,445.19,28.47,12.87,1382.84,0.2865225758013283
1989-03-16,0.0,406.62,26.99,13.98,1541.56,0.2668977418423332
1989-03-17,0.0,380.46,25.43,14.0,1572.02,0.25512284146693615
1989-03-18,0.0,456.99,28.49,12.82,1355.1,0.219798140340745
1989-03-19,0.0,441.71,27.44,13.31,1384.07,0.19232337279815187
1989-03-20,0.0,445.94,24.8,10.89,1097.01,0.17269853883915678
1989-03-21,0.69,336.78,25.5,15.23,1608.43,0.16484860525555872
1989-03-22,3.01,313.78,21.0,8.81,1112.46,0.1609236384637597
1989-03-23,16.37,173.59,11.06,5.52,912.74,0.23942297429974008
1989-03-24,6.05,242.18,13.36,5.29,903.01,0.37287184522090666
1989-03-25,0.0,499.64,21.85,5.48,807.47,0.45529614784868605
1989-03-26,0.0,519.11,26.38,7.35,872.52,0.5612702512272595
1989-03-27,0.0,479.37,27.4,11.44,1179.06,0.5298705168928673
1989-03-28,0.0,468.32,27.88,12.7,1286.9,0.435671313889691
1989-03-29,0.0,451.22,28.92,14.51,1459.11,0.3924966791799018
1989-03-30,0.02,325.22,26.66,17.45,1965.2,0.3375471440947155
1989-03-31,0.0,441.38,27.01,13.45,1386.12,0.2943725093849263
1989-04-01,0.0,525.1,23.06,4.72,714.29,0.23942297429974008
1989-04-02,0.0,536.66,22.43,3.03,608.0,0.18054847242275482
1989-04-03,0.0,493.05,26.99,9.99,980.44,0.14129880450476465
1989-04-04,0.0,443.02,29.34,14.77,1392.15,0.12167397054576955
1989-04-05,0.27,419.57,27.43,13.95,1371.36,0.1334488709211666
1989-04-06,0.27,420.06,22.67,9.99,1087.94,0.10597410337857346
1989-04-07,6.13,288.47,19.43,8.25,1093.53,0.07457436904418134
1989-04-08,0.0,548.36,24.16,3.21,612.52,0.058874501876985265
1989-04-09,11.77,336.64,24.03,9.43,1153.31,0.05102456829338723
1989-04-10,31.3,165.64,14.48,8.64,1131.07,0.11774900375397053
1989-04-11,19.42,215.47,11.35,4.02,801.81,0.447446214265088
1989-04-12,0.0,489.54,16.41,1.68,689.48,0.6476195206468379
1989-04-13,0.0,499.95,20.68,5.06,864.58,1.07936586774473
1989-04-14,0.0,529.04,23.49,5.59,871.43,1.2599143401674846
1989-04-15,11.24,224.76,23.09,14.95,1711.92,1.1774900375397053
1989-04-16,0.0,438.66,24.53,11.5,1353.08,1.07936586774473
1989-04-17,0.0,470.61,26.04,11.43,1333.07,0.894892428530176
1989-04-18,0.0,507.07,28.85,11.7,1312.24,0.7849933583598036
1989-04-19,0.0,459.1,29.46,14.78,1640.49,0.6083698527288477
1989-04-20,12.12,340.43,27.11,13.0,1480.0,0.4631460814322841
1989-04-21,0.0,457.36,23.47,9.79,1218.05,0.37287184522090666
1989-04-22,0.0,488.4,26.38,10.5,1255.55,0.3179223101357204
1989-04-23,0.0,474.14,29.76,13.84,1551.24,0.27867264221773025
1989-04-24,0.0,443.33,30.29,15.82,1770.68,0.23942297429974008
1989-04-25,0.0,454.52,30.99,16.0,1777.85,0.223723107132544
1989-04-26,0.0,430.79,32.03,17.96,2041.49,0.19232337279815187
1989-04-27,0.0,431.58,32.87,18.66,2117.29,0.14522377129656366
1989-04-28,0.0,435.22,32.82,18.48,2094.35,0.09812416979497544
1989-04-29,0.0,417.9,32.0,18.5,2104.26,0.0667244354605833
1989-04-30,0.0,392.94,29.58,17.54,2002.27,0.05102456829338723
1989-05-01,14.89,242.01,27.61,18.38,2110.68,0.09812416979497544
1989-05-02,16.57,299.49,25.54,14.28,1622.56,0.1295239041293676
1989-05-03,0.0,476.21,25.08,10.92,1308.97,0.1962483395899509
1989-05-04,0.0,456.06,25.0,11.79,1382.93,0.25512284146693615
1989-05-05,0.0,393.34,28.3,17.04,1934.88,0.18839840600635285
1989-05-06,8.8,320.53,28.45,15.94,1803.04,0.18054847242275482
1989-05-07,0.0,518.98,26.54,9.98,1222.74,0.21587317354894595
1989-05-08,0.0,548.18,23.84,6.09,925.53,0.1962483395899509
1989-05-09,0.0,461.57,25.21,11.87,1389.66,0.1530737048801617
1989-05-10,27.81,230.53,25.02,16.81,1904.88,0.223723107132544
1989-05-11,0.0,489.74,23.8,9.18,1174.4,0.5455703840600634
1989-05-12,0.0,507.81,23.48,8.02,1081.48,0.7732184579844065
1989-05-13,0.0,500.05,24.41,9.23,1178.21,0.8556427606121859
1989-05-14,0.0,385.07,25.33,14.77,1682.74,0.7418187236500143
1989-05-15,0.0,369.81,28.49,17.98,2077.32,0.5887450187698526
1989-05-16,0.0,468.91,28.55,14.25,1619.92,0.4160464799306958
1989-05-17,0.0,510.15,28.46,12.07,1405.15,0.27867264221773025
1989-05-18,0.0,487.74,28.97,13.7,1575.97,0.1766235056309558
1989-05-19,0.0,463.18,28.5,14.5,1640.0,0.11774900375397053
1989-05-20,0.0,502.23,29.57,13.44,1547.57,0.07457436904418134
1989-05-21,0.0,457.86,31.07,16.75,1899.98,0.05102456829338723
1989-05-22,0.03,379.27,30.5,19.41,2265.81,0.03414721108865145
1989-05-23,0.11,367.88,30.72,20.0,2320.0,0.02668977418423332
1989-05-24,0.0,450.49,31.04,17.34,1967.27,0.022764807392434302
1989-05-25,0.0,475.94,31.89,16.88,1894.28,0.01805484724227548
1989-05-26,0.0,413.71,33.0,20.4,2384.27,0.014914873808836266
1989-05-27,0.0,449.13,35.17,20.59,2392.15,0.011774900375397053
1989-05-28,0.1,401.08,33.15,21.0,2480.0,0.009812416979497545
1989-05-29,0.0,417.06,29.92,17.87,2055.13,0.008242430262777937
1989-05-30,0.0,432.76,30.89,18.07,2074.51,0.008242430262777937
1989-05-31,0.0,441.75,32.5,18.9,2156.55,0.007457436904418133
1989-06-01,0.0,451.33,34.47,20.0,2240.99,0.00667244354605833
1989-06-02,0.0,448.87,35.61,21.09,2310.88,0.006279946866878429
1989-06-03,0.0,426.85,35.5,21.89,2469.74,0.005887450187698527
1989-06-04,0.0,410.57,34.5,21.69,2478.21,0.005494953508518624
1989-06-05,0.0,409.44,34.03,21.38,2423.16,0.005102456829338723
1989-06-06,21.04,286.42,30.76,19.71,2296.77,0.005887450187698527
1989-06-07,11.23,264.53,29.52,19.78,2302.04,0.00667244354605833
1989-06-08,10.51,230.64,27.99,19.85,2308.31,0.00667244354605833
1989-06-09,15.41,217.93,27.53,19.93,2314.02,0.007064940225238232
1989-06-10,0.0,353.08,31.09,21.3,2528.79,0.00667244354605833
1989-06-11,0.0,419.15,32.42,20.22,2355.6,0.005887450187698527
1989-06-12,0.0,435.13,33.5,20.5,2395.57,0.005887450187698527
1989-06-13,0.0,410.26,33.66,21.54,2565.91,0.005102456829338723
1989-06-14,0.0,403.78,33.91,21.94,2630.59,0.004709960150158821
1989-06-15,7.46,301.3,33.5,21.79,2605.74,0.005102456829338723
1989-06-16,14.39,304.42,31.63,20.22,2355.33,0.005494953508518624
1989-06-17,22.19,277.31,30.38,20.51,2401.21,0.005887450187698527
1989-06-18,6.21,305.04,31.45,20.25,2359.66,0.006279946866878429
1989-06-19,16.61,313.8,31.06,19.63,2290.62,0.007064940225238232
1989-06-20,30.1,297.3,30.0,19.6,2286.47,0.009812416979497545
1989-06-21,8.61,302.45,30.79,20.03,2325.35,0.00902742362113774
1989-06-22,8.38,311.29,31.0,19.79,2303.24,0.32969721051111744
1989-06-23,12.22,286.17,30.35,20.44,2389.8,1.0597410337857347
1989-06-24,0.0,428.05,32.09,20.36,2376.99,0.9851666647415535
1989-06-25,0.0,394.78,31.97,21.47,2554.72,0.6240697198960438
1989-06-26,0.0,401.47,32.0,21.35,2536.73,0.4709960150158821
1989-06-27,0.0,436.74,32.51,20.5,2399.83,0.39642164597170076
1989-06-28,0.0,451.12,33.97,20.99,2478.34,0.3807217788045047
1989-06-29,1.73,401.21,33.49,21.86,2617.65,0.34932204447011256
1989-06-30,20.16,277.35,30.64,21.32,2531.09,0.31399734334392143
1989-07-01,0.0,373.35,29.5,20.36,2378.52,0.4199714467224949
1989-07-02,0.0,418.86,29.5,19.06,2209.49,0.5416454172682644
1989-07-03,0.0,383.02,30.73,21.3,2528.08,0.5691201848108576
1989-07-04,25.36,313.1,31.51,20.89,2463.1,0.6397695870632398
1989-07-05,22.78,319.17,32.04,21.07,2490.52,0.7810683915680044
1989-07-06,1.24,409.4,32.95,21.38,2540.48,1.4051381114640484
1989-07-07,4.9,343.31,33.02,22.07,2651.24,2.8142011897198955
1989-07-08,0.0,413.11,33.98,22.9,2784.32,2.614027883338146
1989-07-09,2.24,373.46,33.62,22.57,2730.67,1.5111122148426217
1989-07-10,0.04,423.73,33.98,22.36,2698.3,0.9694667975743574
1989-07-11,0.0,415.91,34.97,23.44,2870.37,0.8046181923187986
1989-07-12,0.0,425.2,34.31,22.62,2739.9,0.6083698527288477
1989-07-13,38.67,322.74,32.92,21.39,2542.45,0.7261188564828183
1989-07-14,0.0,414.18,32.38,21.57,2570.99,0.5651952180190586
1989-07-15,0.0,395.94,33.27,22.9,2784.18,0.37287184522090666
1989-07-16,12.59,259.6,31.54,23.05,2807.59,0.4827709153912792
1989-07-17,0.0,358.26,31.61,22.79,2766.38,0.6907941553566271
1989-07-18,0.03,367.0,31.06,22.11,2657.57,0.6986440889402251
1989-07-19,2.88,347.46,31.81,21.91,2625.95,0.9498419636153623
1989-07-20,10.09,301.75,31.48,21.43,2549.02,0.8595677274039849
1989-07-21,8.78,315.31,32.28,21.46,2554.09,0.6279946866878429
1989-07-22,16.68,297.39,31.05,21.29,2526.6,0.6201447531042449
1989-07-23,21.02,246.38,28.51,21.06,2489.73,0.8046181923187986
1989-07-24,8.67,327.32,31.53,20.4,2384.51,1.2128147386658965
1989-07-25,0.0,435.81,33.0,21.51,2561.99,2.382454842622004
1989-07-26,0.0,420.21,32.0,21.31,2529.54,3.1949229685244007
1989-07-27,0.0,428.17,32.5,21.43,2548.25,2.7749515218019054
1989-07-28,0.0,422.41,33.55,22.49,2718.58,2.4805790124169795
1989-07-29,0.0,436.7,34.9,22.91,2785.37,1.7034355876407739
1989-07-30,0.0,428.01,34.74,23.07,2811.49,0.9537669304071613
1989-07-31,10.98,323.24,34.1,22.4,2704.3,0.5769701183944556
1989-08-01,6.94,307.36,34.0,23.11,2817.03,0.443521247473289
1989-08-02,10.99,293.95,32.5,22.5,2719.88,0.7182689228992203
1989-08-03,0.0,415.4,32.85,21.99,2638.07,1.2010398382904994
1989-08-04,0.0,447.99,33.99,21.5,2559.51,1.07936586774473
1989-08-05,0.0,458.89,35.35,21.93,2629.16,1.0440411666185385
1989-08-06,0.0,423.9,35.55,23.51,2887.71,0.8203180594859947
1989-08-07,0.0,391.95,34.49,23.92,2981.71,0.5180956165174704
1989-08-08,0.03,438.6,32.33,20.45,2392.06,0.3414721108865145
1989-08-09,33.99,202.62,23.36,17.61,2017.06,0.3767968120127057
1989-08-10,0.0,274.03,24.39,18.56,2133.11,0.7614435576090094
1989-08-11,0.0,323.27,25.26,18.25,2100.29,1.0322662662431417
1989-08-12,0.0,405.57,26.0,16.81,1905.52,1.2599143401674846
1989-08-13,0.0,443.26,29.0,18.06,2079.89,1.0322662662431417
1989-08-14,14.71,229.53,26.93,20.44,2390.45,0.8163930926941957
1989-08-15,8.94,289.24,29.47,21.38,2540.55,0.8006932255269996
1989-08-16,24.77,312.23,30.94,20.59,2414.28,1.126465469246318
1989-08-17,5.74,313.39,32.34,21.78,2604.19,1.3894382442968523
1989-08-18,2.09,392.91,31.5,20.16,2348.72,2.896625492347675
1989-08-19,0.44,419.74,31.5,20.72,2434.96,3.2184727692751944
1989-08-20,0.0,390.98,32.09,22.19,2671.11,2.5630033150447584
1989-08-21,0.4,349.3,32.48,23.52,2886.7,1.4365378457984406
1989-08-22,0.0,389.59,33.0,22.86,2778.24,0.8242430262777938
1989-08-23,0.0,400.89,34.23,23.38,2861.81,0.5455703840600634
1989-08-24,8.37,302.37,34.5,23.48,2876.95,0.4160464799306958
1989-08-25,10.68,298.21,32.99,22.5,2720.0,0.4199714467224949
1989-08-26,0.0,398.08,32.36,21.98,2637.41,0.39642164597170076
1989-08-27,0.22,362.89,31.56,22.46,2713.56,0.36109694484550964
1989-08-28,1.36,344.27,31.26,22.06,2650.07,0.6476195206468379
1989-08-29,0.0,368.52,31.5,22.33,2692.87,0.5063207161420732
1989-08-30,0.0,404.21,32.51,21.92,2627.52,0.3807217788045047
1989-08-31,11.01,264.67,31.44,22.77,2762.78,0.2865225758013283
1989-09-01,2.94,335.74,31.5,21.94,2630.7,0.3179223101357204
1989-09-02,0.0,384.13,33.03,23.01,2801.05,0.32969721051111744
1989-09-03,15.74,283.56,31.73,22.21,2672.82,0.25512284146693615
1989-09-04,0.6,355.12,28.25,19.67,2291.07,0.23942297429974008
1989-09-05,1.41,356.68,28.19,20.02,2325.86,0.3807217788045047
1989-09-06,5.57,218.67,28.14,21.72,2594.93,0.6947191221484261
1989-09-07,7.03,197.1,28.19,22.52,2723.16,0.7104189893156222
1989-09-08,0.0,383.84,30.0,20.76,2441.86,0.6358446202714408
1989-09-09,0.0,406.86,30.8,20.43,2388.95,0.49847078255847527
1989-09-10,0.0,426.61,31.0,19.61,2288.22,0.40819654634709784
1989-09-11,0.0,416.0,31.05,19.99,2319.11,0.3532470112619116
1989-09-12,0.0,432.35,31.5,19.5,2279.22,0.3571719780537106
1989-09-13,0.0,421.77,31.49,19.76,2300.85,0.30222244296852435
1989-09-14,6.76,282.66,30.5,20.67,2427.12,0.2708227086341322
1989-09-15,3.69,359.81,31.97,20.43,2388.0,0.7535936240254114
1989-09-16,2.87,303.17,31.5,21.66,2586.18,1.2402895062084898
1989-09-17,0.0,408.45,30.77,19.43,2261.36,1.1303904360381172
1989-09-18,0.0,423.9,30.0,18.03,2073.79,0.9498419636153623
1989-09-19,0.0,359.47,26.86,17.91,2060.19,0.7025690557320242
1989-09-20,0.0,234.52,24.03,18.75,2160.16,0.4866958821830782
1989-09-21,39.76,145.16,24.5,20.19,2352.41,0.447446214265088
1989-09-22,74.75,241.8,28.39,20.49,2398.98,2.421704510539994
1989-09-23,3.1,290.14,28.29,19.82,2305.19,6.162197863124458
1989-09-24,3.39,345.21,26.27,14.02,1601.83,9.733917643661563
1989-09-25,4.25,157.44,18.18,13.87,1589.7,8.517177938203869
1989-09-26,0.78,318.5,24.15,16.61,1883.01,6.044448859370487
1989-09-27,0.0,248.1,23.76,18.3,2103.8,4.592211146404851
1989-09-28,0.0,293.46,21.74,15.33,1746.15,3.559944880161709
1989-09-29,0.0,328.41,26.33,18.53,2128.85,2.704302119549523
1989-09-30,0.0,345.62,29.25,20.42,2387.41,2.0723824660698815
1989-10-01,15.97,189.14,27.97,22.36,2697.05,1.5425119491770138
1989-10-02,14.15,244.12,27.45,19.56,2278.87,1.4757875137164307
1989-10-03,0.0,404.52,30.2,18.46,2117.21,1.4522377129656365
1989-10-04,0.0,409.38,29.14,17.18,1948.72,1.5307370488016168
1989-10-05,0.0,393.08,27.62,16.69,1890.22,1.350188576378862
1989-10-06,0.0,413.61,30.5,17.33,1975.13,1.0636660005775338
1989-10-07,0.0,391.02,31.0,18.73,2159.27,0.875267594571181
1989-10-08,0.0,356.84,27.96,17.92,2060.22,0.6947191221484261
1989-10-09,0.0,402.63,23.49,11.95,1396.22,0.5063207161420732
1989-10-10,4.41,254.35,17.77,11.14,1330.91,0.38464674559630374
1989-10-11,0.0,399.56,25.4,13.52,1556.62,0.3571719780537106
1989-10-12,0.0,409.25,26.79,13.79,1583.29,0.36109694484550964
1989-10-13,0.0,393.34,26.0,14.04,1603.03,0.3650219116373086
1989-10-14,0.0,334.13,26.52,17.13,1942.85,0.3767968120127057
1989-10-15,0.0,327.88,27.87,18.49,2126.94,0.36109694484550964
1989-10-16,0.0,335.55,29.49,19.37,2255.83,0.32969721051111744
1989-10-17,0.0,356.35,30.28,18.86,2178.08,0.31007237655212244
1989-10-18,40.8,188.69,26.58,19.89,2311.12,0.9027423621137741
1989-10-19,38.57,287.65,22.39,10.9,1311.91,2.896625492347675
1989-10-20,0.0,365.99,13.08,3.3,783.84,3.924966791799018
1989-10-21,0.0,432.77,17.47,2.15,719.98,6.279946866878428
1989-10-22,0.0,435.85,22.5,4.63,850.6,5.455703840600634
1989-10-23,0.0,411.67,22.84,7.31,1024.9,3.924966791799018
1989-10-24,0.0,392.07,22.99,8.84,1147.53,2.7553266878429103
1989-10-25,0.0,384.0,22.84,8.86,1148.54,1.7662350563095577
1989-10-26,0.0,363.32,23.03,10.12,1249.59,1.106840635287323
1989-10-27,0.0,354.4,25.0,11.92,1393.65,0.8438678602367888
1989-10-28,0.0,313.62,23.92,13.04,1491.75,0.682944221773029
1989-10-29,0.0,322.23,25.0,13.29,1525.86,0.5573452844354605
1989-10-30,0.0,253.99,24.5,15.88,1792.53,0.46707104822408313
1989-10-31,0.0,244.12,25.92,17.42,1986.48,0.4121215131388969
1989-11-01,0.0,302.24,25.11,13.95,1595.65,0.3767968120127057
1989-11-02,0.19,267.17,23.52,14.17,1613.49,0.3414721108865145
1989-11-03,0.28,276.5,19.87,10.46,1276.8,0.3218472769275194
1989-11-04,0.0,362.54,20.84,6.03,927.58,0.3414721108865145
1989-11-05,0.0,364.64,22.32,6.75,980.03,0.3218472769275194
1989-11-06,0.0,357.62,25.9,9.83,1226.4,0.2943725093849263
1989-11-07,0.0,277.84,25.5,14.75,1681.44,0.2865225758013283
1989-11-08,0.0,185.77,24.44,17.78,2043.78,0.27867264221773025
1989-11-09,2.49,145.64,24.3,17.98,2076.28,0.29044754259312733
1989-11-10,0.0,360.03,23.5,6.72,977.5,0.2865225758013283
1989-11-11,0.0,362.34,25.23,7.27,1021.45,0.2668977418423332
1989-11-12,0.0,357.13,27.04,8.67,1133.85,0.25119787467513716
1989-11-13,0.0,360.45,27.99,8.13,1090.25,0.22764807392434303
1989-11-14,0.0,329.66,26.5,10.29,1263.37,0.20409827317354892
1989-11-15,18.35,188.29,24.78,14.12,1609.38,0.20409827317354892
1989-11-16,13.33,221.96,23.19,9.94,1235.05,0.29829747617672536
1989-11-17,0.0,307.51,13.36,0.18,614.63,0.3375471440947155
1989-11-18,0.0,280.73,13.5,1.86,709.06,0.4121215131388969
1989-11-19,0.0,273.65,15.8,4.23,823.38,0.5220205833092693
1989-11-20,0.0,348.66,20.41,1.6,688.18,0.47884594859948015
1989-11-21,0.0,305.6,24.03,8.98,1158.75,0.3807217788045047
1989-11-22,0.0,332.96,22.66,4.9,872.23,0.32577224371931846
1989-11-23,19.68,229.17,20.32,5.52,919.98,0.3650219116373086
1989-11-24,0.0,266.23,11.27,0.05,608.85,0.42389641351429386
1989-11-25,0.0,334.54,20.93,2.62,734.93,0.443521247473289
1989-11-26,0.48,218.32,19.78,10.32,1265.6,0.5102456829338723
1989-11-27,0.34,247.32,20.81,9.59,1207.47,0.5298705168928673
1989-11-28,0.0,245.66,25.61,13.81,1585.05,0.5141706497256713
1989-11-29,2.67,243.79,23.28,8.81,1144.46,0.49847078255847527
1989-11-30,0.0,306.37,14.53,-0.87,571.45,0.5259455501010684
1989-12-01,0.0,314.72,17.46,0.53,634.8,0.49847078255847527
1989-12-02,0.0,300.26,17.93,2.08,718.37,0.45137118105688706
1989-12-03,0.0,228.9,14.38,3.86,800.0,0.40819654634709784
1989-12-04,0.0,294.79,10.72,-4.12,440.78,0.36109694484550964
1989-12-05,0.0,298.96,16.49,0.57,635.17,0.3218472769275194
1989-12-06,0.0,308.75,21.24,3.4,791.09,0.29829747617672536
1989-12-07,0.0,224.03,21.77,10.64,1290.95,0.27867264221773025
1989-12-08,49.17,166.92,18.16,7.36,1028.57,0.5337954836846664
1989-12-09,21.65,114.35,8.63,1.93,713.38,1.8761341264799305
1989-12-10,0.0,123.55,6.28,1.1,648.75,4.199714467224949
1989-12-11,0.0,243.12,15.49,3.96,800.09,6.122948195206467
1989-12-12,1.71,246.73,16.59,3.74,800.0,5.887450187698526
1989-12-13,7.44,187.52,14.82,3.19,775.14,4.827709153912791
1989-12-14,0.0,283.76,11.79,-2.0,520.0,3.9642164597170075
1989-12-15,0.0,315.81,15.7,-2.12,520.0,3.402946208489748
1989-12-16,0.58,274.09,14.62,-0.09,606.04,2.908400392723072
1989-12-17,0.0,208.71,6.34,-2.61,511.39,2.4531042448743863
1989-12-18,9.95,101.69,4.44,-0.99,568.21,2.0802323996534793
1989-12-19,23.42,60.67,2.95,-0.03,602.37,2.1391069015304645
1989-12-20,0.0,118.46,5.46,0.97,640.0,2.672902385215131
1989-12-21,0.0,252.17,9.68,-1.04,569.25,3.846467455963037
1989-12-22,0.0,254.34,7.79,-2.75,499.71,4.670710482240831
1989-12-23,0.64,190.55,-1.44,-8.5,320.0,4.435212474732889
1989-12-24,0.0,257.53,0.86,-9.03,317.73,3.8817921570892286
1989-12-25,0.0,294.12,4.82,-7.3,360.0,3.3126719722783706
1989-12-26,0.0,303.72,11.52,-1.89,529.36,2.43740437770719
1989-12-27,0.0,333.37,14.33,-3.48,477.47,2.021357897776494
1989-12-28,0.0,317.65,17.91,1.15,657.75,1.778009956684955
1989-12-29,0.0,331.95,19.03,-0.39,597.34,1.5896115506786022
1989-12-30,0.0,322.58,21.34,2.95,756.11,1.3972881778804502
1989-12-31,8.44,191.43,20.12,8.62,1129.95,1.2088897718740974
1990-01-01,9.43,190.08,18.25,5.92,920.0,1.1971148714987003
1990-01-02,0.0,285.26,12.94,-1.2,560.72,1.2285146058330925
1990-01-03,0.0,284.03,18.5,3.94,802.6,1.4404628125902394
1990-01-04,0.0,271.93,21.97,7.99,1079.04,1.585686583886803
1990-01-05,0.0,210.5,21.34,11.42,1353.91,1.4679375801328327
1990-01-06,27.07,91.64,18.15,12.79,1462.86,1.2991640080854747
1990-01-07,48.54,74.58,14.43,10.32,1265.85,1.8133346578111462
1990-01-08,23.7,108.77,16.13,9.91,1232.75,5.651952180190586
1990-01-09,0.0,237.72,16.1,5.33,904.58,19.271586947733176
1990-01-10,0.0,264.39,18.46,5.87,920.16,15.93536517470401
1990-01-11,0.0,323.12,21.13,3.05,763.62,9.498419636153622
1990-01-12,0.0,247.43,18.89,7.5,1040.0,6.240697198960438
1990-01-13,0.0,294.14,13.16,-0.76,578.81,4.631460814322841
1990-01-14,0.0,329.03,14.98,-2.29,520.0,3.646294149581287
1990-01-15,0.0,333.76,19.95,1.58,686.17,2.873075691596881
1990-01-16,0.0,335.56,22.75,3.8,800.0,2.2647058388680334
1990-01-17,0.0,320.51,23.48,6.36,948.7,1.8722091596881314
1990-01-18,0.0,298.89,24.0,8.93,1154.01,1.6013864510539992
1990-01-19,0.0,276.11,24.92,11.52,1361.48,1.365888443546058
1990-01-20,0.0,199.23,21.64,13.0,1479.96,1.1853399711233032
1990-01-21,12.71,107.75,20.5,14.5,1640.0,1.134315402829916
1990-01-22,0.0,299.87,19.42,5.5,913.63,1.098990701703725
1990-01-23,0.0,341.18,20.5,2.86,748.97,1.11861553566272
1990-01-24,0.0,337.94,22.79,5.33,906.61,1.1931899047069014
1990-01-25,6.7,186.7,24.05,12.99,1479.59,1.2402895062084898
1990-01-26,12.01,244.08,19.15,3.9,801.92,1.8211845913947442
1990-01-27,0.0,351.64,15.85,-1.19,560.0,2.873075691596881
1990-01-28,0.0,345.25,20.0,3.17,773.77,3.7169435518336695
1990-01-29,5.94,261.19,24.5,6.97,997.71,3.2537974704013854
1990-01-30,5.81,276.28,20.8,1.71,696.35,2.672902385215131
1990-01-31,1.26,273.37,18.5,7.32,1025.59,2.3078804735778222
1990-02-01,0.0,321.36,20.6,6.42,955.71,1.9860331966503029
1990-02-02,0.02,251.72,24.76,14.27,1621.61,1.8800590932717294
1990-02-03,0.0,299.88,27.52,14.07,1605.38,1.825109558186543
1990-02-04,3.62,184.41,26.46,16.22,1834.55,1.6877357204735777
1990-02-05,0.0,314.97,19.88,6.67,973.31,1.6641859197227833
1990-02-06,0.0,356.0,19.16,2.96,757.04,2.013507964192896
1990-02-07,0.0,277.83,21.96,10.42,1273.77,2.245081004909038
1990-02-08,0.0,334.31,22.5,7.56,1044.82,1.778009956684955
1990-02-09,0.0,290.73,24.99,12.51,1440.7,1.4954123476754257
1990-02-10,23.1,184.76,23.9,14.0,1600.04,1.3894382442968523
1990-02-11,9.78,162.68,17.15,9.18,1174.47,1.9075338608143226
1990-02-12,0.0,347.25,20.05,5.54,920.0,2.4884289460005773
1990-02-13,0.0,389.98,22.5,4.34,826.84,3.0065245625180474
1990-02-14,0.0,374.63,24.48,7.6,1047.98,2.727851920300317
1990-02-15,0.0,348.44,26.32,11.38,1350.26,2.2254561709500433
1990-02-16,11.68,221.42,27.24,16.73,1898.06,1.785859890268553
1990-02-17,13.96,154.64,22.93,15.6,1768.36,1.6759608200981806
1990-02-18,8.34,187.63,18.8,10.29,1263.05,1.778009956684955
1990-02-19,12.53,172.72,16.15,8.61,1128.87,2.4805790124169795
1990-02-20,4.4,176.2,16.95,9.24,1178.84,3.100723765521224
1990-02-21,0.0,319.97,18.42,7.36,1028.73,3.846467455963037
1990-02-22,8.07,226.59,24.56,13.9,1592.05,3.924966791799018
1990-02-23,4.37,191.15,21.07,12.88,1470.54,3.693393751082876
1990-02-24,0.0,402.72,18.95,4.04,804.64,3.2106228356915962
1990-02-25,0.0,395.82,16.34,2.44,724.78,2.8024262893444982
1990-02-26,0.0,371.81,12.03,0.07,607.72,2.5237536471267683
1990-02-27,0.0,437.0,17.88,1.34,667.37,2.0959322668206757
1990-02-28,0.0,444.54,21.45,3.83,800.0,1.6681108865145824
1990-03-01,0.0,424.07,20.85,5.41,913.0,1.2991640080854747
1990-03-02,0.0,354.38,19.8,8.53,1122.35,1.0401161998267396
1990-03-03,0.0,226.98,18.02,11.59,1367.49,0.9537669304071613
1990-03-04,0.0,421.62,20.0,5.55,915.02,0.887042494946578
1990-03-05,0.0,445.63,22.45,5.91,921.51,0.7849933583598036
1990-03-06,0.0,427.6,23.08,7.8,1063.8,0.7378937568582153
1990-03-07,0.0,396.98,20.57,7.62,1049.92,0.6790192549812301
1990-03-08,0.0,216.71,12.63,6.92,993.28,0.5965949523534507
1990-03-09,0.0,402.2,21.05,8.28,1102.05,0.5337954836846664
1990-03-10,0.0,440.54,27.0,10.96,1316.97,0.49062084897487723
1990-03-11,0.0,446.65,28.91,11.96,1396.62,0.4631460814322841
1990-03-12,0.0,439.28,29.5,12.94,1474.83,0.443521247473289
1990-03-13,0.0,432.71,29.0,12.94,1475.57,0.4160464799306958
1990-03-14,0.0,432.99,27.91,12.25,1419.71,0.39642164597170076
1990-03-15,0.0,358.91,27.5,15.96,1802.76,0.3650219116373086
1990-03-16,0.0,330.56,28.5,18.15,2092.37,0.3375471440947155
1990-03-17,26.07,284.73,26.95,15.02,1721.35,0.32577224371931846
1990-03-18,0.0,437.94,22.97,8.86,1148.65,0.4121215131388969
1990-03-19,0.0,462.97,23.5,7.65,1052.1,0.5141706497256713
1990-03-20,0.0,490.32,21.57,3.9,804.86,0.667244354605833
1990-03-21,0.0,483.33,18.0,1.36,668.62,0.6711693213976321
1990-03-22,0.0,506.28,22.09,2.58,727.57,0.5651952180190586
1990-03-23,0.0,472.04,25.85,8.39,1111.28,0.4592211146404851
1990-03-24,0.0,457.34,27.25,10.45,1276.07,0.37287184522090666
1990-03-25,0.0,442.07,27.52,11.51,1360.51,0.3218472769275194
1990-03-26,0.0,427.38,27.0,12.0,1400.0,0.27474767542593126
1990-03-27,0.0,333.5,21.26,11.1,1328.35,0.23942297429974008
1990-03-28,0.0,318.51,19.19,9.82,1225.59,0.20409827317354892
1990-03-29,12.61,198.74,20.28,12.71,1458.28,0.1962483395899509
1990-03-30,7.85,179.02,18.4,11.9,1392.35,0.21587317354894595
1990-03-31,14.25,163.9,20.57,14.69,1671.29,0.45529614784868605
1990-04-01,0.0,429.28,25.97,12.44,1435.3,0.5730451516026566
1990-04-02,1.36,368.4,26.42,14.91,1702.68,0.6201447531042449
1990-04-03,0.0,361.06,20.6,10.49,1279.19,0.5887450187698526
1990-04-04,0.0,494.94,18.98,3.33,785.93,0.4945458157666762
1990-04-05,0.0,526.72,25.01,5.93,925.06,0.3767968120127057
1990-04-06,0.0,460.56,26.48,11.54,1363.57,0.31007237655212244
1990-04-07,6.12,350.82,23.41,8.44,1115.37,0.25119787467513716
1990-04-08,0.0,497.63,19.55,3.46,795.1,0.21194820675714693
1990-04-09,0.0,472.8,22.0,7.06,1004.62,0.18839840600635285
1990-04-10,0.0,380.72,25.01,13.8,1582.54,0.18839840600635285
1990-04-11,4.14,266.7,24.64,14.71,1674.69,0.16877357204735774
1990-04-12,0.0,508.68,20.35,4.25,822.15,0.14129880450476465
1990-04-13,0.0,518.11,20.96,4.21,818.75,0.1098990701703725
1990-04-14,0.0,453.34,21.76,8.33,1106.21,0.08242430262777936
1990-04-15,0.0,430.55,26.35,13.25,1520.3,0.08242430262777936
1990-04-16,0.0,473.22,28.24,12.76,1466.35,0.07457436904418134
1990-04-17,0.0,515.37,29.99,11.55,1320.15,0.05494953508518625
1990-04-18,0.0,493.75,28.29,11.67,1361.51,0.043174634709789196
1990-04-19,0.0,290.79,18.54,10.99,1319.58,0.03493220444701126
1990-04-20,0.0,391.73,23.72,12.8,1463.9,0.029437250938492632
1990-04-21,0.0,502.77,26.86,10.78,1282.04,0.02668977418423332
1990-04-22,0.0,455.94,28.0,14.21,1603.99,0.023549800750794107
1990-04-23,0.0,456.51,27.15,13.61,1546.9,0.02040982731735489
1990-04-24,0.0,525.46,27.82,10.59,1210.44,0.01805484724227548
1990-04-25,0.0,539.4,29.48,10.81,1206.83,0.01609236384637597
1990-04-26,0.0,515.22,30.53,13.15,1403.92,0.012559893733756858
1990-04-27,0.0,523.11,30.13,12.24,1287.85,0.010597410337857348
1990-04-28,0.51,403.81,28.17,15.98,1789.91,0.009812416979497545
1990-04-29,18.36,333.15,27.84,14.04,1602.9,0.016877357204735776
1990-04-30,0.0,467.11,32.43,16.57,1794.97,0.02472729078833381
1990-05-01,0.0,459.29,33.96,18.14,1958.35,0.021979814034074497
1990-05-02,0.0,507.29,35.14,16.26,1662.14,0.01766235056309558
1990-05-03,0.0,447.53,33.88,18.37,1998.09,0.01530737048801617
1990-05-04,0.0,344.23,30.85,20.02,2323.27,0.01334488709211666
1990-05-05,0.0,339.36,30.03,19.66,2292.42,0.011774900375397053
1990-05-06,2.69,360.49,26.85,13.65,1549.2,0.010597410337857348
1990-05-07,0.0,465.78,24.14,10.01,1194.35,0.009419920300317642
1990-05-08,0.0,505.66,26.07,9.79,1130.1,0.008242430262777937
1990-05-09,2.16,301.0,25.99,16.59,1883.84,0.008242430262777937
1990-05-10,7.04,260.21,29.39,19.09,2214.24,0.008242430262777937
1990-05-11,0.0,549.03,28.79,9.22,1058.34,0.007457436904418133
1990-05-12,0.0,485.82,27.77,12.33,1299.47,0.007457436904418133
1990-05-13,2.09,384.07,28.8,17.03,1862.79,0.007457436904418133
1990-05-14,0.0,455.22,30.83,16.41,1675.84,0.007457436904418133
1990-05-15,0.0,460.35,31.9,17.03,1723.84,0.007064940225238232
1990-05-16,0.0,456.7,33.28,18.33,1865.21,0.006279946866878429
1990-05-17,0.0,388.41,33.01,20.89,2325.87,0.007064940225238232
1990-05-18,0.0,481.17,30.69,15.45,1486.78,0.00667244354605833
1990-05-19,0.0,515.28,30.45,13.41,1200.64,0.005887450187698527
1990-05-20,0.0,438.05,32.49,18.69,1749.54,0.005102456829338723
1990-05-21,0.0,372.75,32.5,21.21,2106.11,0.004709960150158821
1990-05-22,9.91,319.6,31.18,18.06,1841.16,0.005494953508518624
1990-05-23,0.0,477.66,27.38,12.89,1152.54,0.005887450187698527
1990-05-24,0.0,472.41,27.0,12.94,1121.87,0.005102456829338723
1990-05-25,0.0,484.91,28.97,14.3,1158.06,0.005102456829338723
1990-05-26,0.0,470.68,31.13,16.86,1365.9,0.005102456829338723
1990-05-27,0.0,455.6,33.35,19.44,1614.17,0.004709960150158821
1990-05-28,18.04,298.49,32.22,20.21,2125.84,0.00667244354605833
1990-05-29,17.11,255.47,28.89,19.19,2214.63,0.009419920300317642
1990-05-30,0.0,489.84,28.1,13.37,1268.31,0.00667244354605833
1990-05-31,0.0,461.03,28.02,14.58,1413.01,0.005887450187698527
1990-06-01,0.0,434.72,28.98,16.56,1634.18,0.005887450187698527
1990-06-02,0.0,380.0,29.0,18.49,1949.61,0.006279946866878429
1990-06-03,0.0,419.86,32.87,20.45,2074.47,0.007457436904418133
1990-06-04,0.0,392.25,33.11,21.56,2284.39,0.006279946866878429
1990-06-05,0.0,445.87,32.49,19.17,1866.62,0.005887450187698527
1990-06-06,0.0,423.99,32.82,20.29,2043.92,0.005887450187698527
1990-06-07,0.0,451.61,35.32,21.32,2088.99,0.004709960150158821
1990-06-08,0.0,426.49,35.08,22.0,2240.05,0.004709960150158821
1990-06-09,20.78,303.45,33.53,21.31,2461.63,0.003924966791799018
1990-06-10,0.0,401.99,33.54,21.59,2379.61,0.0037287184522090664
1990-06-11,7.19,290.71,32.59,21.2,2507.41,0.00431746347097892
1990-06-12,0.0,468.51,30.5,16.63,1694.44,0.0036109694484550963
1990-06-13,0.0,459.15,30.01,16.62,1712.69,0.0031399734334392145
1990-06-14,0.0,486.48,32.51,17.47,1742.27,0.002472729078833381
1990-06-15,0.0,434.44,34.57,21.3,2295.22,0.00431746347097892
1990-06-16,6.05,329.66,32.65,21.98,2498.89,0.004709960150158821
1990-06-17,0.0,384.74,31.78,21.0,2274.31,0.002904475425931273
1990-06-18,0.0,447.84,33.02,19.98,1994.33,0.002747476754259312
1990-06-19,0.0,459.97,35.96,21.8,2172.15,0.0026689774184233323
1990-06-20,0.0,508.16,37.5,20.46,1890.6,0.00215873173548946
1990-06-21,0.0,472.17,38.5,22.92,2272.18,0.001962483395899509
1990-06-22,0.0,400.61,36.64,24.39,2696.32,0.0019232337279815187
1990-06-23,1.52,353.59,33.88,22.89,2598.57,0.0023157304071614202
1990-06-24,0.0,483.12,33.4,18.73,1785.85,0.00215873173548946
1990-06-25,0.0,489.93,33.78,18.68,1764.44,0.0019232337279815187
1990-06-26,0.0,458.46,33.58,19.89,1966.87,0.0020802323996534796
1990-06-27,0.0,440.76,33.28,20.3,2056.79,0.0020802323996534796
1990-06-28,0.0,468.7,34.39,20.09,1882.2,0.0022764807392434304
1990-06-29,0.0,478.57,36.11,21.09,1901.8,0.0022372310713254396
1990-06-30,0.0,465.85,37.5,22.91,2003.59,0.00215873173548946
1990-07-01,0.0,457.21,38.5,23.97,2151.04,0.001766235056309558
1990-07-02,0.0,438.33,36.99,23.5,2147.99,0.0014129880450476464
1990-07-03,0.0,410.88,34.44,22.41,2112.61,0.0015699867167196073
1990-07-04,0.0,441.69,33.29,20.34,1797.77,0.001766235056309558
1990-07-05,0.0,462.46,36.54,22.14,1919.63,0.0015699867167196073
1990-07-06,0.0,443.71,38.0,23.98,2188.0,0.0012952390412936758
1990-07-07,0.0,456.48,38.39,23.86,2060.41,0.001098990701703725
1990-07-08,0.0,417.78,37.47,24.58,2289.04,0.001059741033785735
1990-07-09,0.0,437.85,36.76,23.26,2060.85,0.0009027423621137741
1990-07-10,0.0,446.48,37.36,23.36,2043.32,0.0009419920300317642
1990-07-11,0.0,460.59,37.24,22.69,1878.65,0.0010204913658677446
1990-07-12,8.21,332.57,35.8,21.7,2160.49,0.0011382403696217152
1990-07-13,16.92,311.0,34.11,21.36,2269.0,0.0012559893733756857
1990-07-14,6.35,194.13,29.59,22.4,2702.09,0.0013344887092116662
1990-07-15,0.0,338.02,31.61,22.05,2474.1,0.001059741033785735
1990-07-16,0.0,383.85,33.01,21.85,2314.6,0.0011382403696217152
1990-07-17,2.34,345.72,32.5,21.52,2382.67,0.001373738377129656
1990-07-18,10.11,218.61,30.36,22.27,2683.11,0.0019232337279815187
1990-07-19,6.65,216.7,30.27,22.38,2700.27,0.0019232337279815187
1990-07-20,9.16,270.17,31.72,21.61,2576.85,0.00219798140340745
1990-07-21,7.61,332.71,33.73,21.92,2564.16,0.001962483395899509
1990-07-22,4.51,295.9,34.01,22.65,2730.56,0.0018054847242275482
1990-07-23,0.0,411.82,35.4,23.0,2646.85,0.001962483395899509
1990-07-24,0.0,413.46,35.4,22.97,2641.44,0.001962483395899509
1990-07-25,0.0,386.36,33.99,22.86,2694.97,0.0018054847242275482
1990-07-26,0.0,359.81,33.0,22.97,2760.25,0.0014522377129656365
1990-07-27,0.0,417.95,33.0,21.11,2373.9,0.0009419920300317642
1990-07-28,0.0,375.98,32.83,22.43,2645.46,0.001098990701703725
1990-07-29,0.0,421.56,33.5,21.65,2347.0,0.0011774900375397053
1990-07-30,0.0,466.07,35.35,21.38,2199.58,0.0012167397054576954
1990-07-31,0.0,474.01,37.46,22.53,2324.19,0.0009812416979497545
1990-08-01,5.55,390.31,37.0,22.97,2603.18,0.0014522377129656365
1990-08-02,21.64,340.79,35.02,21.02,2450.94,0.00431746347097892
1990-08-03,15.81,289.83,32.5,21.76,2601.76,0.006279946866878429
1990-08-04,0.0,383.73,32.58,21.99,2635.23,0.003924966791799018
1990-08-05,0.0,447.49,33.6,20.48,2331.35,0.003336221773029165
1990-08-06,0.0,430.78,34.6,21.93,2572.07,0.0031399734334392145
1990-08-07,24.39,299.47,33.11,22.31,2689.06,0.0031399734334392145
1990-08-08,0.0,392.36,32.2,21.5,2559.61,0.0038072177880450466
1990-08-09,46.21,287.33,31.0,20.91,2465.14,0.005887450187698527
1990-08-10,16.9,331.14,31.43,20.89,2462.58,0.00431746347097892
1990-08-11,0.0,434.75,32.69,20.49,2399.19,0.00431746347097892
1990-08-12,0.0,437.94,32.96,20.56,2409.98,0.0037679681201270568
1990-08-13,0.0,402.38,33.0,21.85,2615.25,0.0031399734334392145
1990-08-14,0.0,389.38,33.31,22.5,2719.86,0.005887450187698527
1990-08-15,0.0,416.09,33.43,21.56,2570.27,0.007064940225238232
1990-08-16,0.0,410.52,34.5,22.54,2727.11,0.007849933583598036
1990-08-17,10.12,328.86,33.93,22.46,2713.69,0.036502191163730865
1990-08-18,0.0,405.22,33.15,21.49,2558.21,0.012952390412936757
1990-08-19,0.0,398.51,33.55,21.99,2638.29,0.00863492694195784
1990-08-20,0.0,404.79,33.91,22.0,2639.36,0.00667244354605833
1990-08-21,0.0,399.64,34.37,22.5,2719.9,0.005494953508518624
1990-08-22,11.18,344.93,33.63,22.36,2698.32,0.005102456829338723
1990-08-23,10.27,277.91,32.37,21.99,2638.89,0.005494953508518624
1990-08-24,2.25,358.24,32.24,21.5,2559.21,0.005494953508518624
1990-08-25,0.0,331.65,31.89,22.82,2770.62,0.005494953508518624
1990-08-26,0.0,375.33,33.27,22.51,2721.98,0.005887450187698527
1990-08-27,0.0,387.1,34.26,22.8,2767.62,0.004709960150158821
1990-08-28,0.0,412.55,35.1,22.32,2691.62,0.00431746347097892
1990-08-29,0.0,416.99,36.34,22.97,2795.26,0.003924966791799018
1990-08-30,6.15,301.74,34.66,22.41,2705.91,0.003924966791799018
1990-08-31,0.0,402.92,32.56,20.82,2451.3,0.0038072177880450466
1990-09-01,0.0,370.49,33.0,22.42,2706.92,0.0038072177880450466
1990-09-02,0.0,392.91,33.35,21.79,2606.68,0.004709960150158821
1990-09-03,0.0,440.99,34.57,20.4,2383.55,0.0038857171238810277
1990-09-04,0.0,426.66,33.54,20.29,2366.97,0.0036894687842910765
1990-09-05,0.0,399.01,31.32,19.76,2300.79,0.003336221773029165
1990-09-06,0.0,445.63,33.0,18.77,2163.46,0.003296972105111175
1990-09-07,0.0,442.03,35.22,20.29,2366.04,0.0029829747617672532
1990-09-08,0.0,405.66,35.82,22.39,2703.18,0.002786726422177302
1990-09-09,0.0,384.39,34.64,22.38,2700.69,0.002747476754259312
1990-09-10,0.0,387.54,34.41,22.02,2642.64,0.0025512284146693614
1990-09-11,0.0,387.14,33.88,21.57,2570.41,0.002472729078833381
1990-09-12,0.03,356.76,33.16,22.16,2665.19,0.002394229742997401
1990-09-13,0.0,390.64,32.88,20.5,2399.29,0.0022372310713254396
1990-09-14,0.0,376.96,32.35,20.6,2416.7,0.0022764807392434304
1990-09-15,0.0,371.46,33.64,21.76,2601.68,0.00219798140340745
1990-09-16,0.0,400.12,34.15,20.73,2437.14,0.00215873173548946
1990-09-17,0.0,465.16,32.79,15.71,1779.66,0.001962483395899509
1990-09-18,0.0,410.89,29.96,16.7,1892.77,0.0019232337279815187
1990-09-19,0.0,457.58,30.52,14.24,1619.45,0.0018839840600635284
1990-09-20,0.0,439.0,34.21,17.74,2039.06,0.0018839840600635284
1990-09-21,0.0,403.87,35.43,20.48,2396.78,0.0018054847242275482
1990-09-22,0.0,369.31,35.42,22.07,2651.18,0.0016877357204735776
1990-09-23,0.0,407.84,32.83,18.02,2073.59,0.0016484860525555875
1990-09-24,0.0,467.56,27.87,10.07,1245.58,0.0014914873808836266
1990-09-25,0.0,478.91,27.49,8.33,1106.36,0.001530737048801617
1990-09-26,0.0,471.53,30.48,10.64,1291.17,0.0015699867167196073
1990-09-27,0.0,451.85,32.03,13.02,1493.09,0.001530737048801617
1990-09-28,0.0,370.69,31.24,17.42,1987.22,0.0015699867167196073
1990-09-29,0.0,252.88,27.39,18.97,2195.15,0.001962483395899509
1990-09-30,1.0,243.07,27.09,19.05,2208.04,0.0020802323996534796
1990-10-01,0.0,347.36,30.45,17.77,2042.45,0.0018447343921455383
1990-10-02,0.0,371.29,31.88,17.52,2003.43,0.0018839840600635284
1990-10-03,0.0,358.14,32.26,18.42,2114.61,0.0018054847242275482
1990-10-04,0.0,336.59,32.97,19.93,2320.62,0.001962483395899509
1990-10-05,0.0,344.28,30.76,17.68,2026.54,0.001962483395899509
1990-10-06,0.0,415.83,30.52,13.03,1496.39,0.0018839840600635284
1990-10-07,0.0,319.78,31.5,19.24,2237.73,0.0019232337279815187
1990-10-08,0.0,354.22,31.92,17.73,2035.26,0.0018839840600635284
1990-10-09,0.0,301.92,30.86,19.33,2249.42,0.0018839840600635284
1990-10-10,77.42,154.45,27.53,20.26,2362.97,0.025904780825873514
1990-10-11,79.42,105.59,25.64,20.87,2458.54,0.14522377129656366
1990-10-12,52.08,137.27,27.8,21.38,2541.17,0.32969721051111744
1990-10-13,0.0,234.14,28.52,20.22,2355.57,0.23549800750794106
1990-10-14,0.0,320.27,29.78,17.62,2018.27,0.23157304071614204
1990-10-15,0.0,375.22,30.5,14.86,1694.67,0.19232337279815187
1990-10-16,0.0,373.64,29.5,13.96,1596.92,0.09027423621137741
1990-10-17,0.0,311.7,29.35,17.35,1976.15,0.04709960150158821
1990-10-18,0.0,234.75,28.0,19.5,2280.29,0.02982974761767253
1990-10-19,0.64,388.77,25.46,9.34,1187.21,0.023157304071614204
1990-10-20,0.0,376.35,24.05,9.13,1170.06,0.018447343921455386
1990-10-21,0.0,285.26,26.0,15.6,1768.06,0.01530737048801617
1990-10-22,9.49,173.68,27.33,18.98,2197.13,0.05494953508518625
1990-10-23,20.86,173.02,26.44,18.28,2102.44,0.10597410337857346
1990-10-24,0.0,332.01,25.6,13.08,1495.74,0.1295239041293676
1990-10-25,0.0,343.79,22.97,10.25,1260.01,0.14522377129656366
1990-10-26,0.0,339.51,17.82,6.06,926.99,0.1098990701703725
1990-10-27,0.0,383.08,18.75,4.09,810.0,0.07064940225238232
1990-10-28,0.0,408.78,22.86,4.31,824.96,0.05102456829338723
1990-10-29,0.0,370.58,22.5,7.42,1033.65,0.03807217788045047
1990-10-30,0.0,382.1,21.19,4.87,869.41,0.02982974761767253
1990-10-31,0.0,395.47,23.26,4.53,843.77,0.025119787467513716
1990-11-01,0.0,392.52,24.96,5.59,915.08,0.021587317354894598
1990-11-02,0.0,369.65,26.0,8.6,1128.15,0.018447343921455386
1990-11-03,0.0,332.71,26.41,11.77,1381.67,0.016484860525555874
1990-11-04,0.0,304.3,26.34,13.43,1544.05,0.016484860525555874
1990-11-05,0.0,333.25,27.03,11.95,1396.1,0.01530737048801617
1990-11-06,0.0,348.98,24.86,8.67,1133.31,0.014522377129656365
1990-11-07,0.0,341.91,23.5,7.92,1073.2,0.012952390412936757
1990-11-08,0.0,328.19,21.42,7.0,999.97,0.012559893733756858
1990-11-09,25.69,209.44,21.51,9.91,1232.68,0.02472729078833381
1990-11-10,29.59,174.01,20.9,11.52,1361.23,0.25119787467513716
1990-11-11,0.0,338.53,20.2,4.06,805.89,0.40819654634709784
1990-11-12,0.0,325.68,23.5,7.5,1039.94,0.5023957493502743
1990-11-13,0.0,308.76,22.09,7.42,1033.67,0.45529614784868605
1990-11-14,0.0,324.09,21.52,5.53,915.19,0.3571719780537106
1990-11-15,0.0,316.43,22.01,6.44,956.57,0.2825976090095293
1990-11-16,0.0,302.65,23.18,8.3,1103.67,0.223723107132544
1990-11-17,0.0,253.34,21.16,9.57,1205.84,0.16877357204735774
1990-11-18,0.0,295.75,18.01,4.02,803.59,0.1295239041293676
1990-11-19,0.0,335.35,19.4,1.5,680.39,0.09812416979497544
1990-11-20,0.0,333.37,22.38,3.71,800.0,0.07849933583598036
1990-11-21,0.0,302.34,22.54,6.5,960.0,0.06279946866878429
1990-11-22,0.0,283.03,22.81,7.99,1079.17,0.05494953508518625
1990-11-23,0.0,214.31,21.27,10.96,1316.88,0.05102456829338723
1990-11-24,0.0,249.37,21.5,9.05,1164.23,0.04709960150158821
1990-11-25,0.0,310.47,23.5,5.61,916.57,0.043174634709789196
1990-11-26,0.0,303.01,23.99,6.58,966.79,0.03924966791799018
1990-11-27,0.0,289.15,25.46,8.95,1156.38,0.03728718452209067
1990-11-28,3.32,158.46,27.86,16.54,1876.85,0.05102456829338723
1990-11-29,0.0,206.95,24.89,14.3,1624.23,0.0667244354605833
1990-11-30,0.0,280.36,16.23,1.82,701.34,0.06279946866878429
1990-12-01,0.0,301.46,19.07,2.47,726.77,0.05494953508518625
1990-12-02,0.0,244.06,22.56,10.05,1243.95,0.06279946866878429
1990-12-03,0.0,205.08,23.1,12.93,1475.17,0.10204913658677446
1990-12-04,2.0,241.45,21.48,9.29,1183.15,0.11382403696217151
1990-12-05,0.0,292.68,13.75,-1.55,556.38,0.09419920300317643
1990-12-06,0.0,310.88,15.52,-1.98,521.42,0.10204913658677446
1990-12-07,3.39,190.12,15.16,2.67,738.1,0.1098990701703725
1990-12-08,6.94,125.88,12.94,5.43,914.25,0.1609236384637597
1990-12-09,0.0,285.59,15.0,0.05,605.12,0.19232337279815187
1990-12-10,0.0,306.53,18.43,0.58,638.29,0.15699867167196072
1990-12-11,0.0,307.91,20.35,1.85,708.3,0.1295239041293676
1990-12-12,0.0,278.1,18.66,3.52,799.86,0.12167397054576955
1990-12-13,0.0,291.42,22.66,5.51,917.32,0.11382403696217151
1990-12-14,0.0,186.04,20.11,10.98,1318.15,0.10597410337857346
1990-12-15,0.0,193.69,18.34,9.04,1163.11,0.09812416979497544
1990-12-16,0.0,229.82,21.65,9.99,1238.84,0.08634926941957839
1990-12-17,0.0,238.0,22.67,10.31,1264.81,0.08242430262777936
1990-12-18,0.0,235.05,24.97,12.5,1440.0,0.07849933583598036
1990-12-19,16.77,106.23,22.5,15.72,1777.88,0.1609236384637597
1990-12-20,17.55,118.58,17.63,10.59,1287.46,0.4199714467224949
1990-12-21,0.44,137.6,15.83,9.86,1228.68,0.8006932255269996
1990-12-22,0.0,214.17,23.49,13.36,1536.83,1.1460903032053131
1990-12-23,0.0,211.59,25.86,15.57,1765.64,1.11861553566272
1990-12-24,0.0,302.97,23.22,5.97,927.54,0.8477928270285877
1990-12-25,0.0,227.31,9.04,-0.57,590.17,0.6436945538550388
1990-12-26,0.0,216.24,11.46,2.49,727.26,0.49847078255847527
1990-12-27,0.0,127.38,10.95,6.11,931.63,0.40819654634709784
1990-12-28,0.0,142.06,10.46,5.13,890.15,0.3571719780537106
1990-12-29,0.0,228.2,18.55,8.93,1154.32,0.31007237655212244
1990-12-30,0.0,231.7,24.0,13.72,1575.51,0.29044754259312733
1990-12-31,0.0,192.57,23.34,15.34,1745.55,0.2825976090095293
1991-01-01,10.49,203.62,17.19,7.28,1022.74,0.2865225758013283
1991-01-02,10.56,136.65,11.58,5.94,921.15,0.4317463470978919
1991-01-03,0.0,120.55,11.73,8.12,1089.49,0.6201447531042449
1991-01-04,0.0,135.34,13.45,9.31,1184.96,0.7496686572336124
1991-01-05,0.0,196.03,15.11,8.85,1148.19,0.7339687900664164
1991-01-06,0.0,277.77,20.26,9.84,1227.01,0.6279946866878429
1991-01-07,0.0,264.74,23.4,13.42,1544.43,0.5298705168928673
1991-01-08,3.71,262.6,20.86,5.85,920.0,0.4709960150158821
1991-01-09,0.0,147.57,7.81,3.51,795.15,0.4317463470978919
1991-01-10,0.0,240.42,12.31,4.66,853.12,0.39642164597170076
1991-01-11,32.65,192.62,18.89,10.09,1246.92,0.5023957493502743
1991-01-12,10.72,170.73,18.69,11.26,1340.55,0.875267594571181
1991-01-13,0.0,304.58,13.93,3.07,765.45,1.8211845913947442
1991-01-14,0.0,352.88,14.13,-1.45,559.86,2.4884289460005773
1991-01-15,0.0,352.79,19.44,2.8,745.98,1.825109558186543
1991-01-16,8.02,194.29,22.43,13.45,1551.66,1.310938908460872
1991-01-17,0.0,346.86,19.9,4.7,856.12,1.0597410337857347
1991-01-18,0.0,349.26,16.57,2.02,717.83,0.9537669304071613
1991-01-19,29.24,214.1,14.0,4.76,860.95,0.9498419636153623
1991-01-20,34.48,107.39,12.53,8.47,1117.71,2.4334794109153908
1991-01-21,0.0,246.13,12.34,4.99,879.05,4.5137118105688705
1991-01-22,0.0,319.15,8.26,-2.13,521.12,5.298705168928674
1991-01-23,0.0,362.37,11.39,-2.65,507.22,4.160464799306959
1991-01-24,28.12,184.85,10.49,3.37,789.66,3.559944880161709
1991-01-25,16.2,153.1,8.95,3.34,786.84,3.7169435518336695
1991-01-26,0.0,357.21,11.5,-1.29,560.18,4.552961478486861
1991-01-27,0.0,384.84,15.01,-1.68,545.56,4.9062084897487725
1991-01-28,20.47,182.37,15.35,8.34,1107.6,4.788459485994801
1991-01-29,9.35,86.5,15.24,12.14,1411.58,4.788459485994801
1991-01-30,45.51,145.0,19.32,13.79,1583.47,6.476195206468379
1991-01-31,6.77,187.89,17.39,10.25,1259.79,10.361912330349407
1991-02-01,0.0,357.36,14.34,2.19,717.84,12.049648050822984
1991-02-02,0.0,367.68,19.39,5.45,914.72,10.401161998267396
1991-02-03,0.0,347.27,21.0,8.39,1111.06,7.418187236500143
1991-02-04,0.0,375.93,22.44,7.0,999.99,5.377204504764654
1991-02-05,0.0,376.02,22.0,6.74,979.35,4.160464799306959
1991-02-06,1.04,277.95,20.91,12.0,1399.72,3.324446872653768
1991-02-07,5.56,177.7,21.0,13.85,1587.98,2.6611274848397337
1991-02-08,0.0,325.41,19.02,8.38,1110.62,2.3314302743286164
1991-02-09,0.0,363.47,18.99,6.1,934.89,2.2019063701992487
1991-02-10,0.0,400.94,21.75,4.91,872.99,2.19798140340745
1991-02-11,0.0,375.29,20.02,6.03,922.77,1.9310836615651168
1991-02-12,0.0,383.91,18.2,3.94,801.46,1.6013864510539992
1991-02-13,0.0,361.61,19.43,6.82,985.47,1.3187888420444698
1991-02-14,0.0,230.24,20.65,13.84,1587.01,1.098990701703725
1991-02-15,0.0,430.57,17.5,-0.53,597.96,0.9576918971989603
1991-02-16,0.0,389.65,5.16,-7.33,358.17,0.8281679930695927
1991-02-17,0.0,419.96,11.55,-3.53,477.65,0.7221938896910193
1991-02-18,0.0,428.06,22.5,4.5,840.39,0.655469454230436
1991-02-19,0.0,365.86,24.88,11.63,1370.44,0.6083698527288477
1991-02-20,0.0,366.57,27.5,13.67,1572.68,0.5769701183944556
1991-02-21,0.0,376.33,27.38,12.99,1478.93,0.5612702512272595
1991-02-22,0.0,370.32,27.32,13.5,1560.0,0.5416454172682644
1991-02-23,3.73,294.44,24.28,10.06,1244.9,0.5298705168928673
1991-02-24,0.0,326.29,15.82,5.6,917.35,0.5180956165174704
1991-02-25,0.0,336.72,18.13,7.44,1035.11,0.5141706497256713
1991-02-26,0.0,287.35,16.86,8.41,1112.91,0.5455703840600634
1991-02-27,0.0,434.65,15.2,-0.46,600.0,0.5455703840600634
1991-02-28,0.0,456.27,19.5,0.76,639.1,0.49847078255847527
1991-03-01,0.0,409.43,24.09,8.47,1117.97,0.4592211146404851
1991-03-02,48.65,225.88,22.57,12.67,1453.46,0.8085431591105977
1991-03-03,57.76,208.09,21.92,13.1,1496.3,2.7945763557609005
1991-03-04,0.0,332.93,16.64,6.31,945.79,8.281679930695928
1991-03-05,0.0,425.0,17.33,2.46,721.5,15.778366503032052
1991-03-06,0.0,429.74,23.55,7.57,1045.66,12.167397054576956
1991-03-07,0.0,291.92,26.35,16.93,1914.31,7.692934911926074
1991-03-08,0.0,402.31,24.58,10.47,1277.52,5.416454172682645
1991-03-09,0.0,368.3,16.24,4.76,861.19,4.1212151313889684
1991-03-10,0.0,340.29,14.74,4.58,846.11,3.1635232341900084
1991-03-11,0.0,464.81,16.89,0.1,608.34,2.429554444123592
1991-03-12,0.0,467.86,21.0,3.5,796.03,1.825109558186543
1991-03-13,5.47,267.76,22.1,10.85,1308.11,1.4051381114640484
1991-03-14,0.0,385.62,22.18,9.82,1225.49,1.1460903032053131
1991-03-15,0.0,436.34,18.88,4.43,834.79,1.0322662662431417
1991-03-16,0.0,300.96,16.02,7.43,1034.18,0.9930165983251514
1991-03-17,6.57,182.51,14.99,8.44,1115.37,0.9459169968235632
1991-03-18,3.29,259.44,21.77,12.04,1403.26,0.9380670632399652
1991-03-19,0.0,445.59,22.0,7.51,1040.43,0.9302171296563672
1991-03-20,0.0,491.09,22.93,5.27,901.98,0.9302171296563672
1991-03-21,0.0,471.52,26.56,9.7,1215.83,0.890967461738377
1991-03-22,0.0,435.74,28.17,13.33,1532.32,0.8163930926941957
1991-03-23,0.0,410.07,29.5,15.86,1788.43,0.7300438232746173
1991-03-24,0.0,389.46,28.51,16.12,1823.16,0.6476195206468379
1991-03-25,0.0,508.92,28.33,8.35,1107.73,0.5730451516026566
1991-03-26,0.0,517.07,28.0,7.14,1010.99,0.5102456829338723
1991-03-27,0.0,437.14,29.4,14.24,1620.67,0.42782138030609296
1991-03-28,0.0,352.48,29.14,17.86,2057.8,0.3767968120127057
1991-03-29,0.0,309.89,27.89,18.48,2118.8,0.3571719780537106
1991-03-30,38.81,325.71,24.69,11.05,1324.23,0.5180956165174704
1991-03-31,0.0,406.23,21.22,9.42,1193.47,0.7182689228992203
1991-04-01,0.0,483.56,22.99,7.12,1009.93,1.1617901703725093
1991-04-02,0.0,504.54,25.29,7.38,1030.52,1.734835321975166
1991-04-03,0.0,484.86,24.98,8.43,1114.75,1.8839840600635285
1991-04-04,0.0,380.58,24.5,13.11,1497.38,1.4836374473000287
1991-04-05,21.54,291.95,25.0,13.37,1538.56,1.0322662662431417
1991-04-06,3.76,320.17,25.5,15.2,1735.19,1.326638775628068
1991-04-07,0.0,375.99,26.5,15.31,1744.41,1.8015597574357491
1991-04-08,9.77,240.04,27.17,17.88,2060.11,1.970333329483107
1991-04-09,8.89,256.25,26.8,17.95,2071.32,2.048832665319087
1991-04-10,5.8,279.19,27.45,16.59,1883.55,1.8722091596881314
1991-04-11,0.0,469.43,26.9,12.18,1414.12,1.825109558186543
1991-04-12,0.0,354.84,26.25,16.3,1847.43,1.7662350563095577
1991-04-13,0.03,282.47,24.41,16.94,1919.8,1.5817616170950042
1991-04-14,6.05,251.69,26.56,17.54,2006.41,1.307013941669073
1991-04-15,0.0,338.53,27.3,18.01,2080.79,1.095065734911926
1991-04-16,5.21,269.95,29.07,18.91,2185.28,0.9655418307825584
1991-04-17,19.16,269.95,28.25,18.13,2090.61,0.9812416979497545
1991-04-18,0.0,418.85,26.9,15.0,1720.0,0.9616168639907593
1991-04-19,24.8,269.94,26.91,17.24,1958.51,0.8988173953219749
1991-04-20,24.48,265.08,24.05,15.08,1725.78,0.887042494946578
1991-04-21,7.23,316.42,22.22,11.49,1359.3,1.1382403696217152
1991-04-22,0.0,477.76,22.37,9.43,1194.7,1.9860331966503029
1991-04-23,7.85,268.21,21.72,13.08,1493.27,2.0684574992780824
1991-04-24,0.0,449.22,26.19,14.26,1620.92,1.9310836615651168
1991-04-25,0.0,496.3,27.05,13.1,1498.37,1.6641859197227833
1991-04-26,0.0,389.93,25.07,15.67,1773.6,1.3305637424198669
1991-04-27,6.64,222.93,25.8,18.92,2187.75,1.0440411666185385
1991-04-28,19.78,320.69,29.85,18.6,2139.57,1.7623100895177588
1991-04-29,11.63,318.16,31.38,20.03,2329.64,4.1212151313889684
1991-04-30,14.14,338.56,32.14,19.54,2277.42,5.848200519780536
1991-05-01,18.55,318.61,31.08,19.89,2311.38,6.240697198960438
1991-05-02,0.04,458.02,29.77,17.73,2036.85,6.201447531042448
1991-05-03,0.0,548.19,29.75,12.76,1461.18,5.6127025122725955
1991-05-04,0.0,462.22,29.0,17.01,1920.81,4.081965463470978
1991-05-05,9.74,322.36,29.99,19.06,2209.78,2.920175293098469
1991-05-06,13.18,331.58,29.47,18.19,2093.33,2.5237536471267683
1991-05-07,0.0,422.45,28.31,17.95,2068.24,2.0449076985272883
1991-05-08,0.0,408.05,27.5,17.72,2035.06,1.8604342593127343
1991-05-09,0.0,397.45,28.97,19.3,2247.99,1.5974614842622004
1991-05-10,0.0,422.37,29.97,19.35,2255.08,1.2167397054576954
1991-05-11,2.75,361.42,29.4,19.89,2311.11,1.0244163326595435
1991-05-12,5.23,289.95,28.03,19.0,2200.0,0.9616168639907593
1991-05-13,7.78,272.05,28.5,20.05,2331.67,1.0754409009529309
1991-05-14,18.06,300.4,30.0,20.2,2352.57,1.142165336413514
1991-05-15,3.86,313.7,31.33,20.72,2434.63,1.8761341264799305
1991-05-16,2.74,370.65,32.49,21.0,2479.97,4.435212474732889
1991-05-17,12.52,321.23,32.07,20.9,2463.29,5.494953508518625
1991-05-18,0.0,443.18,32.3,20.53,2404.39,4.9062084897487725
1991-05-19,0.64,412.94,30.82,20.28,2365.19,3.9210418250072183
1991-05-20,2.14,413.88,25.68,15.48,1758.13,3.159598267398209
1991-05-21,17.81,189.88,24.24,18.84,2175.73,2.7906513889691014
1991-05-22,16.77,206.97,26.96,20.94,2470.44,4.631460814322841
1991-05-23,2.74,253.6,27.8,21.25,2520.48,6.554694542304359
1991-05-24,1.47,277.74,28.0,21.25,2520.41,6.7901925498123
1991-05-25,0.0,374.44,29.66,21.16,2504.98,5.730451516026566
1991-05-26,0.66,383.57,31.05,21.59,2574.23,4.356713138896909
1991-05-27,7.34,271.75,31.0,22.6,2735.28,3.190998001732601
1991-05-28,16.42,292.55,32.0,22.68,2748.12,2.1665816690730577
1991-05-29,0.0,431.52,33.49,22.5,2720.0,1.742685255558764
1991-05-30,39.16,303.55,32.6,22.79,2765.79,2.123407034363269
1991-05-31,17.1,346.43,32.97,21.0,2480.77,3.1281985330638173
1991-06-01,20.22,358.63,32.5,19.94,2316.23,6.51544487438637
1991-06-02,0.59,453.71,31.9,20.47,2394.63,20.056580306092982
1991-06-03,0.0,452.85,32.33,21.02,2483.61,15.54286849552411
1991-06-04,0.0,418.17,33.74,23.36,2858.18,10.793658677447299
1991-06-05,0.0,440.59,32.35,21.54,2566.0,7.104189893156223
1991-06-06,0.0,376.33,26.18,18.35,2108.11,4.788459485994801
1991-06-07,2.53,391.85,25.36,16.09,1814.9,3.2459475368177877
1991-06-08,0.0,513.83,26.48,14.0,1600.18,2.048832665319087
1991-06-09,0.0,525.74,28.52,14.84,1693.01,1.310938908460872
1991-06-10,0.0,517.4,29.46,15.85,1790.59,0.9459169968235632
1991-06-11,0.0,507.87,30.0,16.63,1887.9,0.7104189893156222
1991-06-12,0.0,490.38,31.46,18.4,2112.62,0.5337954836846664
1991-06-13,0.0,455.57,32.93,20.95,2472.18,0.4160464799306958
1991-06-14,23.28,321.68,32.5,21.61,2577.9,0.3532470112619116
1991-06-15,17.49,295.53,30.88,21.5,2559.48,0.682944221773029
1991-06-16,0.0,420.54,32.5,21.98,2636.66,0.9027423621137741
1991-06-17,0.0,401.24,33.5,23.44,2869.85,0.6044448859370487
1991-06-18,11.82,321.88,33.0,22.09,2654.14,0.4827709153912792
1991-06-19,3.67,334.59,31.57,21.98,2636.34,0.49847078255847527
1991-06-20,0.0,386.91,32.49,23.0,2800.0,0.875267594571181
1991-06-21,0.0,401.82,33.25,23.04,2806.69,1.2088897718740974
1991-06-22,0.0,396.51,33.53,23.35,2856.16,0.7182689228992203
1991-06-23,0.0,422.79,33.79,22.55,2727.92,0.447446214265088
1991-06-24,0.0,395.81,31.95,21.97,2635.93,0.31007237655212244
1991-06-25,1.98,303.78,28.5,20.52,2403.0,0.22764807392434303
1991-06-26,0.0,356.72,29.38,20.98,2477.55,0.18054847242275482
1991-06-27,3.49,325.28,31.08,21.2,2512.65,0.14522377129656366
1991-06-28,0.1,378.27,31.83,22.46,2713.89,0.11774900375397053
1991-06-29,10.67,275.88,31.84,22.79,2766.11,0.09027423621137741
1991-06-30,0.0,420.82,32.93,22.01,2642.14,0.07457436904418134
1991-07-01,0.0,411.56,33.58,22.89,2782.7,0.0667244354605833
1991-07-02,0.0,443.17,34.41,22.31,2690.29,0.08242430262777936
1991-07-03,7.03,381.71,34.94,23.06,2809.71,0.07457436904418134
1991-07-04,0.07,375.41,33.5,23.96,2988.98,0.06279946866878429
1991-07-05,20.65,298.68,33.16,23.0,2800.0,0.0667244354605833
1991-07-06,15.21,295.37,32.53,22.61,2736.85,0.09419920300317643
1991-07-07,7.98,294.56,33.0,23.0,2799.48,0.09027423621137741
1991-07-08,0.0,413.77,33.39,22.63,2740.54,0.09419920300317643
1991-07-09,6.07,313.91,33.01,22.21,2673.74,0.07849933583598036
1991-07-10,0.09,424.26,33.0,22.0,2640.0,0.07457436904418134
1991-07-11,0.0,423.92,33.91,22.85,2775.53,0.08634926941957839
1991-07-12,5.46,387.82,34.92,23.0,2800.0,0.23942297429974008
1991-07-13,0.0,433.88,35.96,23.99,2996.78,0.1530737048801617
1991-07-14,0.0,437.2,36.0,23.84,2962.32,0.08634926941957839
1991-07-15,10.71,332.65,33.91,21.99,2638.88,0.0667244354605833
1991-07-16,25.26,307.76,31.32,21.2,2512.68,0.23942297429974008
1991-07-17,32.01,308.37,30.5,20.51,2401.41,1.0047914987005486
1991-07-18,13.4,308.98,31.17,21.06,2489.02,1.2677642737510826
1991-07-19,9.91,291.06,31.31,21.91,2625.73,2.3471301414958123
1991-07-20,11.1,309.47,33.08,23.02,2802.45,2.4531042448743863
1991-07-21,2.39,411.2,33.04,21.99,2637.87,2.5080537799595723
1991-07-22,0.0,432.09,34.0,22.47,2714.61,1.966408362691308
1991-07-23,0.0,392.11,34.5,24.28,3044.32,1.3305637424198669
1991-07-24,0.0,420.28,35.51,24.0,3000.0,0.9616168639907593
1991-07-25,13.7,336.17,34.43,21.98,2636.13,0.875267594571181
1991-07-26,5.77,354.55,32.49,21.95,2631.46,0.9027423621137741
1991-07-27,2.97,338.86,32.37,22.44,2710.63,2.3196553739532195
1991-07-28,9.3,335.19,32.62,22.86,2777.77,4.003466127634998
1991-07-29,17.68,279.48,32.5,23.06,2810.18,2.7867264221773027
1991-07-30,41.72,262.45,31.01,22.53,2724.48,2.9476500606410623
1991-07-31,21.04,196.6,28.33,22.46,2712.93,4.1212151313889684
1991-08-01,24.0,184.37,27.99,22.62,2738.41,9.694667975743574
1991-08-02,27.13,221.21,29.73,23.12,2819.27,13.972881778804503
1991-08-03,0.0,387.47,32.68,23.14,2823.04,14.247629454230433
1991-08-04,0.0,417.14,34.0,23.14,2822.97,11.578652035807101
1991-08-05,0.0,428.49,35.09,23.47,2875.9,7.810683915680045
1991-08-06,0.0,429.86,34.61,23.0,2800.0,5.298705168928674
1991-08-07,0.0,411.25,34.37,23.52,2884.95,3.6109694484550965
1991-08-08,0.0,404.51,34.5,23.84,2961.53,2.1273320011550676
1991-08-09,1.19,381.43,34.48,24.0,2998.72,1.1853399711233032
1991-08-10,0.0,396.07,33.68,23.5,2880.0,0.7928432919434015
1991-08-11,1.05,419.82,33.18,22.14,2662.99,0.7025690557320242
1991-08-12,15.19,295.83,32.07,22.5,2719.97,0.8517177938203869
1991-08-13,26.12,306.86,31.73,22.25,2679.7,0.867417660987583
1991-08-14,10.98,297.66,31.4,21.76,2602.2,1.1460903032053131
1991-08-15,10.25,275.36,29.22,21.28,2525.53,1.1774900375397053
1991-08-16,0.0,413.17,30.5,20.52,2403.6,1.1696401039561073
1991-08-17,0.0,430.82,31.9,20.96,2472.8,2.15873173548946
1991-08-18,0.0,438.57,32.5,21.04,2485.68,1.8604342593127343
1991-08-19,0.0,408.41,33.02,22.52,2722.88,1.142165336413514
1991-08-20,3.84,358.89,32.6,22.97,2795.25,0.7300438232746173
1991-08-21,0.0,499.58,31.45,17.17,1948.5,0.4945458157666762
1991-08-22,0.0,463.36,31.14,18.7,2153.24,0.3807217788045047
1991-08-23,0.0,431.93,31.01,19.9,2313.08,0.3218472769275194
1991-08-24,22.84,275.15,30.42,21.63,2580.21,0.38857171238810273
1991-08-25,41.03,256.69,30.67,22.57,2731.35,0.3650219116373086
1991-08-26,71.63,241.71,30.24,22.77,2763.65,1.6877357204735777
1991-08-27,16.59,221.69,29.5,22.83,2773.46,10.675909673693328
1991-08-28,5.64,266.53,30.85,22.41,2706.12,16.210112850129942
1991-08-29,3.33,311.06,31.5,22.88,2780.51,9.969415651169506
1991-08-30,3.73,277.64,31.5,22.39,2702.83,6.7901925498123
1991-08-31,0.0,420.0,32.07,20.94,2470.27,4.984707825584753
1991-09-01,0.0,430.07,33.44,21.34,2534.41,3.826842622004042
1991-09-02,0.0,399.1,32.21,21.58,2573.27,2.9633499278082582
1991-09-03,0.0,361.25,28.45,19.74,2298.21,2.174431602656656
1991-09-04,0.0,408.6,30.5,19.86,2310.76,1.4954123476754257
1991-09-05,0.0,437.19,31.5,19.4,2261.52,1.0204913658677446
1991-09-06,0.0,425.97,32.5,20.55,2407.29,0.7104189893156222
1991-09-07,0.0,419.14,33.0,21.13,2501.02,0.5023957493502743
1991-09-08,25.0,309.3,31.87,20.5,2399.76,0.42389641351429386
1991-09-09,0.0,451.02,29.98,17.16,1948.16,0.435671313889691
1991-09-10,0.0,414.08,30.64,19.25,2237.42,0.4317463470978919
1991-09-11,0.0,426.05,32.01,19.63,2287.83,0.4631460814322841
1991-09-12,0.0,417.76,33.43,20.9,2463.66,0.4121215131388969
1991-09-13,0.0,399.41,34.0,22.01,2641.22,0.3179223101357204
1991-09-14,0.0,396.83,34.53,22.32,2691.81,0.2433479410915391
1991-09-15,0.0,393.86,34.69,22.44,2711.19,0.18447343921455384
1991-09-16,0.0,383.49,34.19,22.44,2710.57,0.13737383771296563
1991-09-17,0.0,365.06,33.34,22.5,2720.0,0.10597410337857346
1991-09-18,0.0,391.28,32.55,20.72,2434.55,0.08634926941957839
1991-09-19,0.0,378.89,32.51,21.1,2495.32,0.0667244354605833
1991-09-20,20.55,314.48,30.72,17.97,2070.44,0.05494953508518625
1991-09-21,0.0,293.77,22.95,15.77,1782.28,0.04709960150158821
1991-09-22,0.0,391.02,25.79,15.1,1720.77,0.0667244354605833
1991-09-23,0.0,423.94,29.18,16.17,1829.6,0.18447343921455384
1991-09-24,0.0,412.01,30.5,17.55,2007.35,0.31007237655212244
1991-09-25,12.81,257.89,29.37,19.57,2280.37,0.23942297429974008
1991-09-26,3.98,342.19,25.66,14.96,1707.29,0.20409827317354892
1991-09-27,0.0,408.37,26.0,13.58,1562.75,0.18839840600635285
1991-09-28,0.0,442.87,26.0,11.36,1348.77,0.14914873808836268
1991-09-29,0.0,408.7,26.78,13.7,1575.68,0.12559893733756858
1991-09-30,0.0,367.09,27.52,16.15,1827.33,0.1098990701703725
1991-10-01,0.0,351.44,28.03,17.18,1954.34,0.09027423621137741
1991-10-02,5.1,199.68,26.15,18.53,2125.65,0.08242430262777936
1991-10-03,3.51,217.91,25.93,17.52,2003.48,0.08242430262777936
1991-10-04,0.0,344.55,27.32,16.69,1895.37,0.07064940225238232
1991-10-05,0.95,264.8,27.66,19.45,2272.75,0.07457436904418134
1991-10-06,2.74,263.04,26.52,18.19,2092.94,0.08242430262777936
1991-10-07,0.0,412.29,22.02,8.85,1148.19,0.0667244354605833
1991-10-08,0.0,457.65,21.48,4.74,859.06,0.05102456829338723
1991-10-09,0.0,421.6,23.99,9.33,1186.42,0.043174634709789196
1991-10-10,0.0,359.12,25.98,14.35,1635.01,0.03924966791799018
1991-10-11,0.0,387.06,26.94,13.53,1555.22,0.04709960150158821
1991-10-12,0.0,405.74,28.15,13.01,1490.58,0.04709960150158821
1991-10-13,0.0,435.45,27.36,9.48,1198.46,0.03532470112619116
1991-10-14,0.0,427.57,27.41,9.82,1225.31,0.02825976090095293
1991-10-15,0.0,385.12,27.82,13.28,1524.2,0.023157304071614204
1991-10-16,9.68,290.74,23.99,10.57,1285.75,0.023157304071614204
1991-10-17,0.0,407.05,22.25,6.7,976.31,0.031399734334392145
1991-10-18,0.0,421.06,24.5,6.84,987.31,0.03807217788045047
1991-10-19,0.0,426.02,26.99,7.41,1033.16,0.05102456829338723
1991-10-20,0.0,408.6,27.41,9.2,1175.69,0.05494953508518625
1991-10-21,0.0,350.58,25.55,11.76,1380.97,0.043174634709789196
1991-10-22,0.0,320.21,25.29,13.05,1490.94,0.03571719780537106
1991-10-23,0.0,310.6,28.48,16.13,1821.26,0.02982974761767253
1991-10-24,0.0,265.64,28.0,17.82,2051.49,0.02433479410915391
1991-10-25,1.52,234.58,27.72,18.71,2156.34,0.02040982731735489
1991-10-26,0.85,254.74,27.53,17.77,2042.9,0.01726985388391568
1991-10-27,0.0,288.44,27.86,16.42,1863.09,0.02001733063817499
1991-10-28,0.0,340.15,28.24,13.64,1569.66,0.01962483395899509
1991-10-29,0.0,294.06,25.41,13.9,1592.34,0.01805484724227548
1991-10-30,0.0,319.0,21.99,9.48,1198.16,0.016484860525555874
1991-10-31,0.0,359.94,24.99,8.93,1154.13,0.014522377129656365
1991-11-01,0.0,329.11,25.27,11.05,1324.21,0.013737383771296562
1991-11-02,0.0,287.14,23.26,11.59,1366.8,0.012167397054576956
1991-11-03,0.0,256.62,16.71,7.07,1005.48,0.010989907017037248
1991-11-04,0.03,299.15,13.4,1.72,694.21,0.010597410337857348
1991-11-05,0.0,328.8,13.94,0.25,620.27,0.010204913658677445
1991-11-06,0.0,315.56,16.36,3.16,768.42,0.009812416979497545
1991-11-07,0.0,341.82,18.0,2.65,739.97,0.009419920300317642
1991-11-08,0.0,341.47,16.97,1.58,686.52,0.00902742362113774
1991-11-09,15.35,168.65,11.85,3.34,787.36,0.02472729078833381
1991-11-10,8.56,84.76,7.77,3.88,800.0,0.043174634709789196
1991-11-11,0.0,294.5,14.5,2.56,730.99,0.07064940225238232
1991-11-12,0.0,352.77,18.0,1.17,653.42,0.08634926941957839
1991-11-13,0.0,327.46,17.92,3.26,780.77,0.10204913658677446
1991-11-14,0.0,351.29,20.57,2.95,756.08,0.10204913658677446
1991-11-15,0.0,347.36,24.05,5.71,919.33,0.08242430262777936
1991-11-16,0.0,324.06,25.0,8.68,1134.75,0.0667244354605833
1991-11-17,0.0,293.59,23.66,10.01,1240.83,0.05494953508518625
1991-11-18,0.0,253.68,22.37,11.45,1356.37,0.04709960150158821
1991-11-19,0.0,255.06,24.8,13.57,1564.71,0.043174634709789196
1991-11-20,0.0,268.02,26.98,14.58,1653.41,0.03807217788045047
1991-11-21,0.0,207.65,27.0,17.9,2064.09,0.03610969448455096
1991-11-22,0.0,213.1,25.13,16.0,1800.0,0.03610969448455096
1991-11-23,0.0,272.93,23.21,10.89,1311.1,0.03767968120127057
1991-11-24,0.0,297.12,20.28,6.48,958.41,0.03493220444701126
1991-11-25,0.0,306.75,12.53,-1.39,560.0,0.031399734334392145
1991-11-26,0.0,311.23,12.49,-2.03,520.0,0.02982974761767253
1991-11-27,0.0,310.84,15.0,0.11,609.23,0.02825976090095293
1991-11-28,0.0,325.05,19.0,1.75,694.5,0.027867264221773023
1991-11-29,0.0,305.97,24.49,7.99,1076.71,0.02865225758013283
1991-11-30,0.0,282.46,25.54,10.91,1310.83,0.027474767542593124
1991-12-01,0.0,169.82,25.72,17.91,2065.0,0.029437250938492632
1991-12-02,0.0,150.0,26.07,19.2,2231.5,0.03257722437193185
1991-12-03,7.45,191.49,26.5,16.17,1829.75,0.03767968120127057
1991-12-04,17.38,241.5,18.89,3.0,760.0,0.08242430262777936
1991-12-05,0.0,277.9,10.7,-1.97,527.89,0.11774900375397053
1991-12-06,0.0,288.89,15.28,1.27,662.8,0.1530737048801617
1991-12-07,0.0,311.95,19.96,2.86,750.25,0.16877357204735774
1991-12-08,0.0,292.65,22.0,6.52,960.93,0.15699867167196072
1991-12-09,0.0,232.87,24.99,13.48,1555.58,0.12559893733756858
1991-12-10,3.02,160.37,23.62,13.24,1519.38,0.10597410337857346
1991-12-11,0.0,267.01,21.43,7.76,1060.5,0.09419920300317643
1991-12-12,0.0,261.26,21.01,7.89,1070.78,0.07849933583598036
1991-12-13,0.0,241.05,24.61,12.44,1435.03,0.07064940225238232
1991-12-14,0.89,188.6,23.57,14.75,1680.24,0.0667244354605833
1991-12-15,0.0,286.6,19.23,4.61,848.31,0.0667244354605833
1991-12-16,0.0,268.61,12.82,0.43,634.16,0.058874501876985265
1991-12-17,0.0,321.83,15.12,-3.01,480.0,0.05494953508518625
1991-12-18,0.0,309.82,17.84,0.69,638.66,0.05102456829338723
1991-12-19,0.0,300.12,15.01,-0.84,574.09,0.04709960150158821
1991-12-20,0.0,279.88,11.76,-1.91,533.12,0.03924966791799018
1991-12-21,0.0,315.38,19.6,0.84,633.98,0.03885717123881028
1991-12-22,0.0,286.17,22.17,6.2,936.46,0.03885717123881028
1991-12-23,0.0,259.18,21.82,8.2,1094.31,0.03807217788045047
1991-12-24,2.38,187.42,19.87,9.97,1237.99,0.043174634709789196
1991-12-25,0.0,244.23,17.37,5.5,911.04,0.043174634709789196
1991-12-26,0.0,154.19,14.16,7.46,1036.79,0.043174634709789196
1991-12-27,2.19,99.15,12.15,7.88,1070.72,0.05494953508518625
1991-12-28,12.9,84.08,12.3,7.84,1067.51,0.07457436904418134
1991-12-29,18.92,87.2,12.24,7.73,1058.24,0.14129880450476465
1991-12-30,0.0,251.07,14.22,3.48,795.56,0.20409827317354892
1991-12-31,0.0,223.85,13.0,3.83,801.96,0.2943725093849263
1992-01-01,0.0,213.84,12.73,4.44,834.85,0.3061474097603234
1992-01-02,1.52,188.31,14.65,7.39,1031.32,0.2472729078833381
1992-01-03,7.5,120.46,15.98,9.86,1229.13,0.21194820675714693
1992-01-04,0.0,219.58,14.49,5.89,920.57,0.2080232399653479
1992-01-05,0.0,264.32,16.61,5.5,918.83,0.1962483395899509
1992-01-06,0.0,267.64,17.54,6.17,933.45,0.1962483395899509
1992-01-07,0.0,326.4,17.33,0.98,641.36,0.18839840600635285
1992-01-08,0.0,338.88,18.51,0.23,618.58,0.16877357204735774
1992-01-09,1.12,279.5,20.19,7.92,1073.22,0.14914873808836268
1992-01-10,0.03,219.72,18.18,9.55,1204.17,0.1334488709211666
1992-01-11,0.0,327.48,13.49,-1.79,536.79,0.11774900375397053
1992-01-12,0.0,340.42,17.79,0.32,625.39,0.10597410337857346
1992-01-13,56.88,169.58,18.37,9.57,1205.82,0.2865225758013283
1992-01-14,57.38,161.52,18.46,10.2,1255.92,1.291314074501877
1992-01-15,0.0,319.21,12.34,-1.42,560.0,2.5159037135431706
1992-01-16,0.0,245.26,8.0,-0.91,569.28,3.6973187178746745
1992-01-17,0.0,334.98,9.97,-4.72,440.0,3.646294149581287
1992-01-18,0.0,310.9,12.72,-0.04,605.58,2.688602252382327
1992-01-19,20.43,197.72,11.42,1.67,693.35,1.8879090268553274
1992-01-20,0.0,336.46,10.96,-3.47,479.33,1.3815883107132543
1992-01-21,0.0,356.85,16.0,-1.16,563.53,1.1892649379151023
1992-01-22,0.0,361.58,18.42,0.42,633.48,1.2559893733756857
1992-01-23,30.08,201.36,18.5,8.28,1102.59,1.5896115506786022
1992-01-24,13.35,243.25,17.0,4.55,844.01,2.005658030609298
1992-01-25,0.0,359.06,12.87,-2.99,483.4,2.4805790124169795
1992-01-26,0.0,346.04,15.5,0.84,640.1,2.908400392723072
1992-01-27,0.0,294.64,16.98,5.87,920.0,2.880925625180479
1992-01-28,4.94,164.21,15.8,8.29,1103.16,2.43740437770719
1992-01-29,20.43,105.26,12.5,8.02,1081.26,2.1037822004042734
1992-01-30,7.67,96.35,12.02,7.98,1078.77,2.1037822004042734
1992-01-31,6.58,179.35,16.7,8.54,1123.2,2.7592516546347094
1992-02-01,0.0,318.65,17.64,5.55,917.74,3.324446872653768
1992-02-02,0.0,370.44,15.32,-0.58,592.91,3.4225710424487437
1992-02-03,0.0,371.21,17.98,1.6,687.66,3.065399064395033
1992-02-04,0.0,395.97,21.0,0.77,640.0,2.43740437770719
1992-02-05,0.0,344.39,19.57,5.24,894.72,1.7544601559341608
1992-02-06,19.27,227.32,14.09,3.08,766.78,1.4522377129656365
1992-02-07,17.98,238.04,13.74,2.74,739.13,1.9153837943979206
1992-02-08,0.0,365.05,15.45,0.98,646.03,2.841675957262489
1992-02-09,0.0,378.11,12.97,-2.25,519.86,3.6266693156222924
1992-02-10,0.0,313.14,12.65,1.74,693.51,3.4775205775339297
1992-02-11,0.0,268.82,13.92,5.14,891.01,2.8770006583886802
1992-02-12,0.0,382.35,18.05,2.72,741.85,2.0684574992780824
1992-02-13,0.0,330.32,17.74,5.86,920.0,1.4561626797574356
1992-02-14,0.0,276.93,18.03,8.77,1141.76,1.122540502454519
1992-02-15,4.26,197.16,20.28,11.48,1358.45,0.9812416979497545
1992-02-16,9.32,218.34,22.87,12.99,1479.44,0.9066673289055731
1992-02-17,14.11,316.43,21.15,8.17,1093.22,0.9498419636153623
1992-02-18,19.28,125.63,16.01,11.01,1321.19,1.8015597574357491
1992-02-19,2.33,236.64,21.0,12.94,1476.21,3.139973433439214
1992-02-20,0.0,406.3,21.29,5.88,920.39,4.592211146404851
1992-02-21,0.0,390.03,18.37,4.9,872.14,4.788459485994801
1992-02-22,0.0,393.5,20.5,6.56,964.48,4.042715795552988
1992-02-23,9.3,224.53,23.0,13.58,1566.7,3.1792231013572043
1992-02-24,0.3,258.69,23.15,15.4,1752.37,2.4805790124169795
1992-02-25,1.11,231.2,23.01,16.37,1858.79,2.1312569679468667
1992-02-26,2.56,215.58,22.54,15.42,1753.87,2.0723824660698815
1992-02-27,0.0,426.17,18.52,4.08,812.32,1.8604342593127343
1992-02-28,0.0,428.21,18.76,4.02,801.82,1.6013864510539992
1992-02-29,0.0,387.06,22.35,9.5,1200.02,1.2677642737510826
1992-03-01,0.0,461.91,23.61,4.5,839.88,1.0283412994513426
1992-03-02,0.0,465.7,26.07,5.75,919.74,0.894892428530176
1992-03-03,0.0,453.42,27.53,8.5,1120.08,0.7221938896910193
1992-03-04,0.0,416.34,27.51,11.92,1393.31,0.6162197863124458
1992-03-05,0.0,380.74,26.14,13.25,1519.91,0.5455703840600634
1992-03-06,7.31,191.32,22.5,15.14,1730.91,0.5023957493502743
1992-03-07,7.08,215.5,24.84,16.3,1846.87,0.49062084897487723
1992-03-08,0.0,414.1,26.79,12.53,1442.64,0.49847078255847527
1992-03-09,0.0,456.95,26.7,9.5,1200.11,0.5220205833092693
1992-03-10,4.13,315.47,24.84,13.98,1598.07,0.5259455501010684
1992-03-11,10.1,359.39,18.45,1.5,679.61,0.5808950851862547
1992-03-12,0.0,419.64,13.9,1.32,665.3,0.6476195206468379
1992-03-13,0.0,377.76,15.8,5.1,888.09,0.6436945538550388
1992-03-14,0.0,492.27,17.99,0.48,634.29,0.5926699855616516
1992-03-15,0.0,491.64,20.49,2.5,731.64,0.5180956165174704
1992-03-16,0.0,502.78,19.13,0.14,615.34,0.443521247473289
1992-03-17,0.0,511.41,20.0,-0.22,600.0,0.3767968120127057
1992-03-18,0.0,447.06,21.99,6.8,984.1,0.34539707767831357
1992-03-19,17.68,266.86,23.5,12.34,1426.86,0.3807217788045047
1992-03-20,10.56,333.28,23.04,7.82,1065.35,0.5298705168928673
1992-03-21,0.0,462.14,16.96,1.5,680.07,0.6790192549812301
1992-03-22,0.0,436.67,19.83,5.55,914.96,0.7575185908172104
1992-03-23,1.63,317.17,19.77,10.5,1280.0,0.675094288189431
1992-03-24,0.0,430.5,17.53,4.0,808.25,0.5887450187698526
1992-03-25,5.38,361.67,18.43,5.83,924.35,0.5180956165174704
1992-03-26,17.08,204.16,17.5,9.74,1219.48,0.6907941553566271
1992-03-27,0.0,415.29,21.31,8.02,1081.34,0.8320929598613916
1992-03-28,0.0,513.9,21.2,1.91,709.44,0.9616168639907593
1992-03-29,0.0,474.01,20.25,4.07,807.39,0.9262921628645682
1992-03-30,5.82,279.63,19.25,10.0,1240.0,0.8124681259023966
1992-03-31,23.69,244.41,21.0,11.51,1360.65,1.2010398382904994
1992-04-01,0.0,478.45,22.27,6.4,951.63,1.8133346578111462
1992-04-02,0.0,485.77,20.54,4.66,852.73,2.5433784810857634
1992-04-03,0.0,443.82,15.99,2.9,753.44,2.67682735200693
1992-04-04,0.0,513.49,19.59,2.22,720.0,1.9036088940225238
1992-04-05,0.0,503.19,21.0,3.92,805.03,1.1696401039561073
1992-04-06,0.0,492.33,19.49,3.17,773.64,0.8124681259023966
1992-04-07,3.85,264.0,19.75,9.61,1208.72,0.663319387814034
1992-04-08,9.63,219.85,21.89,13.69,1575.11,0.5926699855616516
1992-04-09,0.0,471.98,24.98,9.49,1199.22,0.6122948195206468
1992-04-10,0.0,450.41,26.02,11.57,1365.6,0.6083698527288477
1992-04-11,3.89,355.12,25.84,13.79,1583.11,0.5612702512272595
1992-04-12,9.19,267.21,24.88,14.43,1635.14,0.5651952180190586
1992-04-13,0.0,345.24,24.45,14.6,1655.9,0.7457436904418133
1992-04-14,0.0,485.65,22.99,7.81,1064.57,0.9380670632399652
1992-04-15,0.0,520.5,26.98,9.02,1161.29,1.0715159341611318
1992-04-16,0.0,479.9,28.47,12.88,1471.49,0.9694667975743574
1992-04-17,0.0,454.75,28.2,14.01,1600.45,0.7300438232746173
1992-04-18,0.0,469.93,27.35,12.54,1443.29,0.5494953508518625
1992-04-19,0.0,395.87,26.54,15.09,1722.95,0.47492098180768116
1992-04-20,8.07,223.05,26.89,18.72,2155.36,0.447446214265088
1992-04-21,12.32,200.4,26.66,19.5,2280.0,0.6083698527288477
1992-04-22,22.54,292.54,27.49,16.47,1867.72,1.1107656020791221
1992-04-23,0.0,496.19,28.9,13.02,1489.25,2.15873173548946
1992-04-24,0.0,505.19,30.48,13.59,1564.43,2.7828014553855036
1992-04-25,0.0,441.78,30.44,16.7,1896.11,2.692527219174126
1992-04-26,0.0,505.04,25.4,9.53,1202.5,1.993883130233901
1992-04-27,0.0,452.74,18.94,6.58,966.78,1.1578652035807102
1992-04-28,0.0,419.25,18.0,7.09,1006.85,0.7496686572336124
1992-04-29,0.0,499.16,20.26,5.81,920.0,0.5259455501010684
1992-04-30,0.0,519.58,23.65,7.44,1034.84,0.4003466127634998
1992-05-01,0.0,474.13,26.6,12.3,1423.86,0.3414721108865145
1992-05-02,0.0,518.94,29.94,12.48,1438.61,0.2865225758013283
1992-05-03,0.0,490.88,31.38,15.14,1730.01,0.223723107132544
1992-05-04,0.0,506.64,30.07,13.32,1528.61,0.16484860525555872
1992-05-05,0.0,506.4,27.94,11.77,1381.58,0.11774900375397053
1992-05-06,0.38,462.99,26.13,12.0,1399.99,0.08634926941957839
1992-05-07,5.66,192.57,15.5,9.31,1184.66,0.0667244354605833
1992-05-08,0.0,285.75,15.02,8.14,1091.4,0.05494953508518625
1992-05-09,0.0,484.15,23.49,9.57,1204.98,0.04709960150158821
1992-05-10,0.0,538.52,28.84,10.84,1263.76,0.03924966791799018
1992-05-11,0.0,527.95,29.84,12.18,1372.13,0.03453970776783136
1992-05-12,0.0,509.41,29.86,13.14,1474.78,0.027474767542593124
1992-05-13,0.0,397.23,28.0,16.45,1865.6,0.022764807392434302
1992-05-14,17.16,273.08,26.5,16.39,1862.22,0.021979814034074497
1992-05-15,0.05,367.66,27.63,17.43,1988.32,0.02040982731735489
1992-05-16,0.55,373.37,28.13,17.48,1996.19,0.01923233727981519
1992-05-17,0.0,421.19,29.0,16.92,1916.66,0.025119787467513716
1992-05-18,0.0,468.06,29.49,15.46,1742.31,0.031007237655212242
1992-05-19,0.0,491.86,30.95,15.49,1693.26,0.02865225758013283
1992-05-20,3.76,367.7,29.52,17.43,1980.27,0.02982974761767253
1992-05-21,0.0,402.37,27.1,15.74,1779.47,0.05102456829338723
1992-05-22,0.0,479.77,27.99,13.39,1502.94,0.05494953508518625
1992-05-23,0.0,541.53,29.99,11.5,1269.7,0.04709960150158821
1992-05-24,0.0,546.14,32.35,12.91,1348.17,0.03885717123881028
1992-05-25,0.0,513.64,32.99,15.39,1610.55,0.029437250938492632
1992-05-26,0.0,424.26,30.68,17.79,1996.08,0.021979814034074497
1992-05-27,0.0,372.13,27.53,16.98,1919.14,0.01609236384637597
1992-05-28,2.47,277.62,25.38,16.72,1895.87,0.012952390412936757
1992-05-29,10.54,217.13,25.21,17.56,2008.89,0.023549800750794107
1992-05-30,15.2,253.25,27.89,18.69,2152.52,0.219798140340745
1992-05-31,10.48,279.92,28.97,18.61,2139.42,0.3179223101357204
1992-06-01,0.0,434.35,28.0,15.8,1786.66,0.3336221773029165
1992-06-02,0.0,375.39,27.77,17.75,2038.87,0.29829747617672536
1992-06-03,12.38,261.58,26.94,19.48,2276.41,0.2433479410915391
1992-06-04,41.65,242.95,27.57,19.41,2262.21,0.6397695870632398
1992-06-05,0.0,393.64,30.0,19.54,2275.13,1.0715159341611318
1992-06-06,0.0,448.12,31.76,18.83,2173.37,1.3187888420444698
1992-06-07,0.0,426.79,33.0,20.49,2399.12,0.9105922956973721
1992-06-08,0.24,392.75,32.5,21.33,2533.21,0.4631460814322841
1992-06-09,14.71,242.03,30.45,22.04,2645.97,0.38857171238810273
1992-06-10,8.71,247.94,30.96,22.43,2708.67,0.6319196534796419
1992-06-11,15.39,286.52,31.4,21.5,2560.0,0.7182689228992203
1992-06-12,42.0,287.27,26.83,17.52,2003.53,0.7300438232746173
1992-06-13,5.16,185.3,24.22,18.77,2163.94,1.2638393069592837
1992-06-14,5.74,244.75,28.12,20.37,2379.23,3.8660922899220327
1992-06-15,0.0,405.41,30.32,20.0,2320.0,4.670710482240831
1992-06-16,8.18,292.23,30.8,20.95,2471.63,3.658069049956684
1992-06-17,0.0,375.05,30.27,21.05,2487.31,3.402946208489748
1992-06-18,0.0,444.16,30.28,18.9,2183.68,2.7592516546347094
1992-06-19,0.0,430.97,31.45,20.34,2374.87,1.8604342593127343
1992-06-20,0.0,460.52,32.91,20.3,2367.37,1.122540502454519
1992-06-21,0.0,485.29,32.99,19.25,2239.23,0.7575185908172104
1992-06-22,1.03,406.72,31.05,19.69,2294.47,0.5259455501010684
1992-06-23,0.0,414.7,28.5,18.85,2176.65,0.3650219116373086
1992-06-24,8.46,400.02,31.5,19.7,2294.75,0.29829747617672536
1992-06-25,0.0,464.73,33.41,21.07,2492.0,0.2629727750505342
1992-06-26,0.0,446.16,32.95,21.46,2554.04,0.2472729078833381
1992-06-27,0.0,430.21,32.5,21.66,2584.89,0.18447343921455384
1992-06-28,0.0,419.88,31.92,21.49,2558.54,0.13737383771296563
1992-06-29,0.0,421.45,32.0,21.46,2553.95,0.16484860525555872
1992-06-30,0.28,411.44,32.44,21.99,2638.39,0.23549800750794106
1992-07-01,9.38,332.62,32.5,21.09,2493.79,0.2629727750505342
1992-07-02,7.76,291.05,30.4,21.25,2519.74,0.2472729078833381
1992-07-03,10.94,299.29,31.45,21.73,2597.34,0.2668977418423332
1992-07-04,13.28,341.4,33.19,21.0,2480.0,0.6319196534796419
1992-07-05,0.0,470.27,33.49,20.51,2401.45,1.0008665319087495
1992-07-06,0.0,446.71,33.19,21.31,2528.99,0.9655418307825584
1992-07-07,0.0,433.32,33.5,22.06,2650.39,0.5926699855616516
1992-07-08,0.0,440.69,34.98,22.83,2773.37,0.3571719780537106
1992-07-09,0.0,422.96,36.01,24.19,3030.4,0.219798140340745
1992-07-10,0.0,440.95,36.53,23.71,2933.21,0.12559893733756858
1992-07-11,0.0,425.06,36.5,24.3,3047.17,0.07457436904418134
1992-07-12,0.0,431.91,35.76,23.43,2868.74,0.058874501876985265
1992-07-13,0.0,451.22,35.28,22.09,2654.29,0.03728718452209067
1992-07-14,0.0,413.4,34.5,22.92,2786.75,0.022764807392434302
1992-07-15,0.0,429.02,34.0,21.91,2625.95,0.016877357204735776
1992-07-16,9.32,305.45,33.01,21.92,2626.99,0.016877357204735776
1992-07-17,8.29,285.6,31.98,21.96,2633.68,0.014129880450476464
1992-07-18,9.42,301.8,32.33,21.54,2566.01,0.029437250938492632
1992-07-19,15.58,303.54,32.15,21.31,2529.59,0.14129880450476465
1992-07-20,0.0,396.84,32.0,21.5,2560.23,0.09027423621137741
1992-07-21,8.56,300.12,32.0,21.45,2552.66,1.2402895062084898
1992-07-22,0.94,362.42,31.85,22.26,2681.21,1.4051381114640484
1992-07-23,10.22,297.57,32.43,21.93,2629.16,1.6131613514293963
1992-07-24,0.28,398.36,32.99,22.34,2693.73,1.5032622812590237
1992-07-25,0.0,386.0,33.79,23.41,2866.35,0.9262921628645682
1992-07-26,0.0,393.65,34.12,23.44,2870.86,0.6476195206468379
1992-07-27,0.0,372.03,34.28,24.29,3046.54,0.5063207161420732
1992-07-28,0.0,400.57,34.4,23.4,2864.83,0.34932204447011256
1992-07-29,2.03,374.88,34.01,23.12,2819.24,0.21587317354894595
1992-07-30,0.0,406.88,33.92,22.79,2766.13,0.12559893733756858
1992-07-31,0.0,428.9,34.5,22.36,2697.33,0.08242430262777936
1992-08-01,2.24,414.8,34.11,21.88,2620.12,0.05494953508518625
1992-08-02,10.47,340.99,33.93,22.37,2699.14,0.043174634709789196
1992-08-03,6.87,359.0,33.48,22.11,2657.23,0.06279946866878429
1992-08-04,30.03,321.88,33.46,21.41,2546.04,0.05494953508518625
1992-08-05,0.0,429.19,33.5,21.44,2550.99,0.12559893733756858
1992-08-06,10.44,322.06,33.0,21.03,2484.68,0.4003466127634998
1992-08-07,17.66,266.95,31.09,22.0,2640.78,0.4317463470978919
1992-08-08,10.18,267.11,31.0,22.0,2639.39,0.435671313889691
1992-08-09,3.47,386.82,32.92,21.9,2623.39,0.7025690557320242
1992-08-10,0.0,425.39,34.43,22.34,2694.57,0.5494953508518625
1992-08-11,0.0,432.25,34.63,22.18,2669.18,0.3767968120127057
1992-08-12,0.0,406.44,34.0,22.75,2760.25,0.2708227086341322
1992-08-13,4.95,288.09,32.5,22.36,2697.99,0.21587317354894595
1992-08-14,10.53,193.28,28.54,22.52,2723.35,0.18054847242275482
1992-08-15,30.29,128.56,25.1,21.41,2545.61,0.2590478082587352
1992-08-16,36.86,221.84,27.11,20.48,2396.84,1.0597410337857347
1992-08-17,14.06,256.91,29.44,21.39,2542.03,4.5137118105688705
1992-08-18,2.3,336.64,30.45,21.18,2509.19,6.083698527288478
1992-08-19,14.06,277.4,31.0,21.96,2633.31,5.298705168928674
1992-08-20,18.01,276.78,29.83,21.02,2482.93,4.9062084897487725
1992-08-21,0.0,366.79,30.23,21.42,2547.45,4.984707825584753
1992-08-22,36.13,275.51,30.46,21.6,2575.26,4.9062084897487725
1992-08-23,2.02,316.28,30.37,22.41,2705.91,4.356713138896909
1992-08-24,4.94,224.49,29.77,22.92,2786.57,4.1212151313889684
1992-08-25,7.32,231.9,29.0,22.05,2647.77,3.3558466069881603
1992-08-26,3.06,303.84,30.5,22.19,2669.71,2.4060046433727975
1992-08-27,0.0,379.16,31.92,22.6,2736.02,1.7112855212243718
1992-08-28,7.08,276.96,31.49,22.56,2729.6,1.3894382442968523
1992-08-29,0.0,441.05,30.5,19.22,2233.53,1.0558160669939358
1992-08-30,0.0,471.76,30.47,17.72,2035.22,0.8281679930695927
1992-08-31,0.0,463.59,31.5,18.79,2167.01,0.6476195206468379
1992-09-01,0.0,444.0,31.5,19.66,2291.49,0.4709960150158821
1992-09-02,4.66,384.54,30.97,20.43,2388.32,0.3650219116373086
1992-09-03,0.0,417.45,31.5,20.71,2432.99,0.3218472769275194
1992-09-04,15.79,324.19,31.5,20.05,2331.53,0.3336221773029165
1992-09-05,15.32,254.61,29.2,21.36,2538.26,0.38464674559630374
1992-09-06,9.38,239.33,29.23,21.95,2631.5,0.5651952180190586
1992-09-07,0.0,372.31,30.56,21.51,2560.81,0.7496686572336124
1992-09-08,6.89,300.04,30.5,20.5,2399.95,1.095065734911926
1992-09-09,4.21,312.42,30.39,20.8,2447.63,1.142165336413514
1992-09-10,9.63,267.73,29.38,21.03,2484.18,0.9105922956973721
1992-09-11,10.87,316.67,31.0,20.0,2319.79,0.8046181923187986
1992-09-12,9.16,294.52,29.58,19.97,2317.58,1.2991640080854747
1992-09-13,0.0,407.15,27.87,17.89,2062.98,2.6375776840889396
1992-09-14,0.0,417.79,27.68,17.1,1939.81,2.1862065030320528
1992-09-15,0.0,406.45,27.99,17.62,2019.08,1.2599143401674846
1992-09-16,0.0,379.74,29.68,19.88,2310.72,0.8085431591105977
1992-09-17,0.0,403.1,30.5,19.53,2276.74,0.5494953508518625
1992-09-18,0.0,412.48,30.96,19.33,2252.13,0.4003466127634998
1992-09-19,0.0,408.69,31.34,19.62,2288.2,0.31007237655212244
1992-09-20,0.0,397.3,31.5,20.1,2335.92,0.23942297429974008
1992-09-21,0.0,352.69,31.26,21.59,2573.75,0.1766235056309558
1992-09-22,0.0,359.42,32.26,22.0,2640.0,0.1334488709211666
1992-09-23,0.0,387.37,32.5,20.84,2455.19,0.1334488709211666
1992-09-24,13.1,368.31,28.39,15.7,1777.2,0.5691201848108576
1992-09-25,0.0,220.11,19.85,14.79,1686.32,0.8831175281547788
1992-09-26,0.0,273.69,22.38,15.81,1785.67,0.7967682587352005
1992-09-27,1.81,310.67,28.15,19.04,2206.83,0.6122948195206468
1992-09-28,0.0,318.42,29.5,20.8,2448.25,0.47492098180768116
1992-09-29,0.0,264.81,27.61,20.83,2453.05,0.4003466127634998
1992-09-30,0.0,417.84,25.21,13.21,1516.38,0.30222244296852435
1992-10-01,0.0,422.69,22.0,10.17,1253.87,0.20409827317354892
1992-10-02,0.0,423.42,22.95,10.78,1302.19,0.13737383771296563
1992-10-03,15.33,265.53,22.37,15.15,1725.5,0.12559893733756858
1992-10-04,42.9,259.4,27.13,17.66,2024.47,0.682944221773029
1992-10-05,9.38,261.96,24.14,14.83,1691.86,1.3972881778804502
1992-10-06,1.75,306.05,19.04,10.86,1308.84,2.6611274848397337
1992-10-07,0.0,396.59,22.76,11.4,1352.2,2.3981547097891998
1992-10-08,4.0,297.17,25.56,15.16,1732.47,1.4914873808836266
1992-10-09,9.44,223.31,27.0,19.29,2247.07,0.9812416979497545
1992-10-10,0.0,402.73,26.55,13.63,1563.06,0.7732184579844065
1992-10-11,0.0,374.37,24.51,13.39,1537.84,0.5965949523534507
1992-10-12,0.0,436.71,22.62,7.56,1044.57,0.47492098180768116
1992-10-13,0.0,437.45,24.0,7.97,1077.86,0.3807217788045047
1992-10-14,0.0,431.69,26.5,9.87,1229.59,0.3061474097603234
1992-10-15,0.0,411.61,27.5,12.02,1401.84,0.2472729078833381
1992-10-16,0.0,389.87,27.5,13.39,1540.37,0.1962483395899509
1992-10-17,0.0,322.98,26.39,16.01,1806.99,0.16484860525555872
1992-10-18,0.14,332.97,21.95,11.57,1365.5,0.13737383771296563
1992-10-19,0.0,409.91,19.37,4.82,865.71,0.1098990701703725
1992-10-20,0.0,410.11,20.8,5.61,912.58,0.08634926941957839
1992-10-21,0.0,404.61,23.93,8.13,1090.18,0.0667244354605833
1992-10-22,0.0,393.17,25.5,9.9,1231.95,0.05494953508518625
1992-10-23,0.0,356.84,23.88,10.97,1317.41,0.04709960150158821
1992-10-24,0.0,404.57,23.36,6.47,957.83,0.03924966791799018
1992-10-25,0.0,350.3,24.02,10.84,1306.81,0.03689468784291077
1992-10-26,0.0,380.86,25.38,9.2,1176.25,0.03218472769275194
1992-10-27,0.0,375.44,26.99,10.44,1275.47,0.029437250938492632
1992-10-28,0.0,324.36,26.81,13.68,1570.6,0.02668977418423332
1992-10-29,0.0,325.74,26.96,13.41,1541.16,0.025512284146693615
1992-10-30,0.0,257.71,25.97,16.07,1816.0,0.022764807392434302
1992-10-31,0.0,226.17,25.57,17.06,1930.38,0.02040982731735489
1992-11-01,0.0,303.76,25.54,13.28,1525.72,0.02001733063817499
1992-11-02,0.0,217.98,24.97,16.72,1896.8,0.018447343921455386
1992-11-03,0.0,218.52,25.53,17.14,1949.8,0.016877357204735776
1992-11-04,0.0,217.54,27.11,18.53,2130.31,0.018447343921455386
1992-11-05,3.24,158.37,26.5,18.19,2093.97,0.025119787467513716
1992-11-06,3.57,250.32,20.6,6.45,957.02,0.03296972105111175
1992-11-07,0.0,239.23,14.45,5.81,925.18,0.03453970776783136
1992-11-08,0.0,265.71,13.78,3.9,804.98,0.03336221773029165
1992-11-09,0.0,291.63,15.96,4.57,845.88,0.03414721108865145
1992-11-10,0.0,239.66,17.27,8.28,1102.21,0.030222244296852437
1992-11-11,0.0,249.21,19.97,10.37,1269.22,0.031007237655212242
1992-11-12,11.89,119.66,22.01,16.08,1816.33,0.03885717123881028
1992-11-13,17.24,200.73,22.05,11.53,1362.16,0.12559893733756858
1992-11-14,0.0,338.97,17.47,2.72,737.75,0.19232337279815187
1992-11-15,0.0,337.17,17.84,2.99,759.24,0.223723107132544
1992-11-16,0.0,326.86,16.43,2.37,720.12,0.21587317354894595
1992-11-17,0.0,325.87,14.93,0.85,641.74,0.18839840600635285
1992-11-18,0.0,343.74,20.98,3.92,806.83,0.14914873808836268
1992-11-19,0.0,316.51,23.56,8.59,1127.0,0.11382403696217151
1992-11-20,0.0,231.68,20.78,11.57,1365.87,0.09027423621137741
1992-11-21,26.82,154.3,21.36,13.39,1538.37,0.2825976090095293
1992-11-22,54.32,103.01,23.48,18.22,2097.12,1.2402895062084898
1992-11-23,0.5,168.86,24.51,18.04,2073.88,5.769701183944556
1992-11-24,9.03,166.26,23.76,15.52,1762.85,8.006932255269996
1992-11-25,9.84,188.32,24.51,15.85,1787.73,6.397695870632399
1992-11-26,52.74,135.07,23.4,16.83,1908.34,5.141706497256713
1992-11-27,20.53,183.94,19.44,10.5,1280.0,5.494953508518625
1992-11-28,2.53,301.3,14.75,2.43,725.05,8.90967461738377
1992-11-29,0.0,306.15,13.7,1.52,681.65,9.027423621137741
1992-11-30,0.0,326.68,15.41,0.81,640.0,6.90794155356627
1992-12-01,0.0,271.32,14.62,4.38,830.03,5.180956165174703
1992-12-02,0.0,321.81,15.34,0.88,640.07,3.924966791799018
1992-12-03,0.0,328.01,14.63,-0.81,576.1,2.9398001270574645
1992-12-04,0.0,315.63,15.03,0.59,640.0,2.1077071671960725
1992-12-05,1.91,210.6,15.4,6.58,966.1,1.55821181634421
1992-12-06,0.0,292.41,12.42,0.16,614.76,1.1892649379151023
1992-12-07,4.19,127.16,9.74,3.81,801.74,1.0283412994513426
1992-12-08,6.11,172.59,10.27,2.1,714.92,0.9498419636153623
1992-12-09,0.0,186.62,8.03,1.57,685.98,0.894892428530176
1992-12-10,30.17,141.53,10.7,4.08,809.84,1.0636660005775338
1992-12-11,0.0,186.72,11.89,5.35,907.36,1.4600876465492345
1992-12-12,0.0,297.74,13.0,0.2,616.34,2.15873173548946
1992-12-13,0.0,297.45,13.5,0.55,640.0,2.873075691596881
1992-12-14,0.0,259.39,12.55,2.43,720.78,3.0182994628934443
1992-12-15,0.0,277.78,14.4,3.05,765.0,2.5983280161709494
1992-12-16,0.0,290.82,20.1,7.05,1004.08,1.9467835287323128
1992-12-17,3.11,148.06,20.47,13.21,1514.81,1.4286879122148424
1992-12-18,0.12,297.6,18.95,5.57,911.93,1.1617901703725093
1992-12-19,0.0,262.86,16.72,6.52,961.85,1.0636660005775338
1992-12-20,0.0,272.58,22.05,10.48,1278.69,1.0087164654923475
1992-12-21,0.0,253.03,21.19,10.96,1316.47,0.9616168639907593
1992-12-22,0.0,204.07,18.27,10.74,1299.26,0.9105922956973721
1992-12-23,0.0,249.55,23.24,12.79,1463.55,0.8595677274039849
1992-12-24,0.0,246.32,21.63,11.56,1365.0,0.8046181923187986
1992-12-25,0.0,318.5,17.07,1.47,678.09,0.7457436904418133
1992-12-26,0.0,262.09,15.42,4.82,865.99,0.6907941553566271
1992-12-27,1.96,198.24,11.18,4.06,805.83,0.6436945538550388
1992-12-28,0.42,155.5,8.38,3.14,771.21,0.6162197863124458
1992-12-29,0.77,176.55,11.76,5.59,917.37,0.5691201848108576
1992-12-30,0.03,115.36,13.52,9.76,1221.09,0.5377204504764654
1992-12-31,0.4,145.96,12.64,7.68,1069.23,0.5298705168928673
1993-01-01,0.0,307.21,23.16,8.79,1143.27,0.5259455501010684
1993-01-02,0.0,301.12,21.19,8.03,1082.51,0.5180956165174704
1993-01-03,0.0,240.78,15.65,7.08,1006.63,0.49847078255847527
1993-01-04,1.71,239.55,19.05,9.36,1188.9,0.47884594859948015
1993-01-05,4.48,151.33,23.61,16.17,1829.5,0.47884594859948015
1993-01-06,0.0,203.4,23.21,15.76,1781.15,0.4866958821830782
1993-01-07,14.4,116.54,20.15,14.83,1692.68,0.6005199191452497
1993-01-08,37.46,111.05,19.45,14.48,1640.49,1.1578652035807102
1993-01-09,11.92,128.43,17.55,11.86,1388.61,2.9476500606410623
1993-01-10,0.0,171.74,12.78,7.31,1025.17,5.298705168928674
1993-01-11,15.52,81.22,10.75,7.48,1038.27,6.201447531042448
1993-01-12,35.67,103.33,12.32,8.05,1083.94,6.044448859370487
1993-01-13,26.78,168.08,17.62,10.03,1242.69,10.440411666185387
1993-01-14,0.0,304.21,17.78,6.04,923.42,20.68457499278082
1993-01-15,0.0,267.25,13.87,4.76,860.59,14.522377129656364
1993-01-16,6.25,132.96,11.53,6.1,929.82,9.22367196072769
1993-01-17,0.0,314.04,14.53,2.8,744.05,6.59394421022235
1993-01-18,0.0,319.56,17.28,4.94,875.15,5.180956165174703
1993-01-19,0.0,267.51,16.81,7.72,1057.77,4.199714467224949
1993-01-20,0.0,257.22,13.34,5.03,882.02,3.4421958764077383
1993-01-21,7.73,212.3,15.69,6.1,934.03,2.8573758244296847
1993-01-22,4.67,199.94,20.0,10.89,1311.44,2.390304776205602
1993-01-23,0.0,366.61,19.59,2.64,732.78,2.0684574992780824
1993-01-24,0.0,364.66,20.5,3.99,805.63,1.8996839272307247
1993-01-25,3.28,273.53,19.98,4.78,862.82,1.750535189142362
1993-01-26,0.0,183.72,9.5,4.26,820.52,1.554286849552411
1993-01-27,0.0,342.26,12.46,0.29,622.35,1.3423386427952642
1993-01-28,0.0,390.52,17.98,-0.99,562.52,1.142165336413514
1993-01-29,0.0,379.12,18.27,1.99,713.02,1.0283412994513426
1993-01-30,0.0,338.8,16.32,4.44,835.36,0.9380670632399652
1993-01-31,0.0,393.17,17.38,-0.34,599.62,0.8517177938203869
1993-02-01,0.0,373.73,19.26,4.18,816.78,0.7967682587352005
1993-02-02,0.0,382.41,18.19,2.38,720.0,0.7535936240254114
1993-02-03,0.0,397.81,13.22,-3.63,466.08,0.7064940225238232
1993-02-04,0.0,397.41,15.59,-1.58,547.99,0.6593944210222349
1993-02-05,0.79,334.73,16.12,3.09,765.75,0.5926699855616516
1993-02-06,5.14,131.76,12.54,7.36,1028.53,0.5612702512272595
1993-02-07,15.94,141.07,11.85,6.34,947.07,0.6436945538550388
1993-02-08,17.9,131.16,10.51,5.5,915.27,1.0832908345365289
1993-02-09,0.0,251.35,12.97,5.4,905.76,1.6681108865145824
1993-02-10,9.72,165.67,13.95,7.36,1029.06,2.233306104533641
1993-02-11,1.12,278.41,16.58,6.98,998.03,2.500203846375974
1993-02-12,3.21,225.88,20.61,10.51,1281.15,2.649352584464337
1993-02-13,1.24,346.89,19.65,7.5,1040.0,2.5080537799595723
1993-02-14,0.0,343.99,14.59,3.16,772.65,2.2215312041582442
1993-02-15,0.0,383.5,15.16,1.23,658.1,1.9899581634421017
1993-02-16,3.66,319.0,17.35,5.6,914.56,1.6445610857637885
1993-02-17,9.7,321.13,18.07,3.55,791.63,1.4600876465492345
1993-02-18,0.0,352.18,13.32,1.7,695.92,1.6327861853883914
1993-02-19,0.0,398.62,10.16,-3.96,448.97,2.0095829974010972
1993-02-20,0.0,361.25,11.03,-0.85,575.92,1.8486593589373372
1993-02-21,0.0,312.3,16.8,6.8,983.94,1.5425119491770138
1993-02-22,2.84,233.31,21.39,11.94,1395.41,1.2481394397920875
1993-02-23,0.0,429.77,20.92,3.93,800.88,1.087215801328328
1993-02-24,0.0,427.5,16.01,0.26,621.42,0.9773167311579554
1993-02-25,0.0,364.19,12.01,0.5,639.65,0.8477928270285877
1993-02-26,20.73,181.43,10.73,3.95,807.36,0.867417660987583
1993-02-27,2.26,253.16,11.34,3.56,797.68,1.0401161998267396
1993-02-28,0.0,381.3,12.86,1.41,672.61,1.4208379786312444
1993-03-01,0.0,446.0,15.09,-0.52,598.52,1.7152104880161707
1993-03-02,0.0,435.67,16.18,1.57,685.25,1.6288612185965925
1993-03-03,18.44,235.42,16.48,7.81,1064.65,1.5896115506786022
1993-03-04,15.37,215.1,18.27,10.61,1288.8,2.1037822004042734
1993-03-05,0.0,338.03,16.48,7.5,1040.0,3.147823367022812
1993-03-06,0.0,437.1,15.22,2.17,717.83,4.042715795552988
1993-03-07,0.0,467.14,19.12,3.45,786.7,4.042715795552988
1993-03-08,0.0,443.31,21.4,7.04,1002.85,3.336221773029165
1993-03-09,0.0,458.72,23.77,7.63,1050.53,2.366754975454808
1993-03-10,0.0,462.9,26.38,9.04,1163.25,1.6524110193473864
1993-03-11,0.0,442.8,25.89,10.21,1257.18,1.2167397054576954
1993-03-12,0.0,395.41,19.03,7.04,1003.52,0.9890916315333524
1993-03-13,25.54,326.13,17.19,3.41,792.61,1.1814150043315044
1993-03-14,0.0,417.73,8.57,-3.6,471.42,1.7073605544325727
1993-03-15,0.0,444.44,8.01,-5.39,413.85,2.3942297429974007
1993-03-16,0.0,463.09,13.2,-1.6,546.59,2.4923539127923764
1993-03-17,5.65,249.94,16.83,7.62,1049.71,2.3314302743286164
1993-03-18,1.99,325.98,15.6,6.82,985.66,2.194056436615651
1993-03-19,0.0,445.74,14.19,0.93,640.12,2.052757632110886
1993-03-20,0.0,451.74,16.79,3.01,761.0,1.8211845913947442
1993-03-21,0.0,430.49,20.34,7.38,1030.41,1.550361882760612
1993-03-22,0.0,385.49,21.5,10.44,1275.2,1.2716892405428817
1993-03-23,16.4,244.48,21.84,12.9,1473.34,1.1774900375397053
1993-03-24,28.6,180.46,22.08,15.72,1777.34,1.935008628356916
1993-03-25,0.0,466.16,25.0,10.04,1243.51,3.6188193820386942
1993-03-26,25.05,315.23,24.36,11.99,1399.29,4.827709153912791
1993-03-27,23.31,150.57,17.84,13.0,1481.07,4.945458157666762
1993-03-28,0.0,396.52,21.22,10.46,1276.98,5.730451516026566
1993-03-29,0.0,487.75,24.8,8.96,1157.09,6.358446202714409
1993-03-30,0.0,505.02,27.45,9.57,1205.35,5.534203176436614
1993-03-31,13.05,314.38,26.29,13.82,1583.37,4.5137118105688705
1993-04-01,23.58,240.47,23.47,15.04,1723.26,4.1212151313889684
1993-04-02,0.0,453.55,23.43,10.09,1247.17,4.435212474732889
1993-04-03,0.0,501.0,17.02,1.9,708.37,4.356713138896909
1993-04-04,0.0,456.16,19.49,6.37,949.81,3.7875929540860516
1993-04-05,38.91,276.61,20.57,10.79,1303.03,3.740493352584464
1993-04-06,14.75,321.07,17.99,6.5,960.26,5.416454172682645
1993-04-07,0.0,429.28,17.82,6.44,955.23,8.674176609875829
1993-04-08,0.0,506.51,21.42,6.05,926.73,8.006932255269996
1993-04-09,0.0,449.74,22.26,9.85,1227.86,6.162197863124458
1993-04-10,5.89,322.4,22.46,10.98,1318.74,4.945458157666762
1993-04-11,0.0,534.03,25.01,7.39,1031.46,4.003466127634998
1993-04-12,0.0,523.47,28.93,11.05,1324.08,3.2223977360669935
1993-04-13,0.0,481.07,28.86,13.79,1583.55,2.429554444123592
1993-04-14,0.0,505.8,29.26,12.58,1446.1,1.778009956684955
1993-04-15,0.0,430.62,28.23,15.75,1779.66,1.307013941669073
1993-04-16,3.66,262.31,24.02,15.75,1779.89,1.0204913658677446
1993-04-17,0.0,507.52,22.76,7.52,1041.28,0.8438678602367888
1993-04-18,0.0,507.54,21.8,6.72,977.36,0.7025690557320242
1993-04-19,0.0,542.49,23.48,5.76,920.72,0.6005199191452497
1993-04-20,0.0,525.18,24.98,8.13,1090.28,0.5298705168928673
1993-04-21,0.0,464.58,24.97,11.37,1349.77,0.47492098180768116
1993-04-22,0.0,541.05,22.94,5.17,893.42,0.40819654634709784
1993-04-23,0.0,553.11,21.47,2.72,737.37,0.34539707767831357
1993-04-24,0.0,548.13,25.0,5.86,924.78,0.2825976090095293
1993-04-25,0.0,505.22,26.51,9.89,1231.06,0.2433479410915391
1993-04-26,11.28,301.52,27.0,14.89,1697.72,0.223723107132544
1993-04-27,8.43,396.45,24.99,9.74,1219.26,0.2433479410915391
1993-04-28,0.0,494.08,22.98,7.39,1031.32,0.29044754259312733
1993-04-29,0.0,546.05,24.41,5.34,902.86,0.31007237655212244
1993-04-30,0.0,555.67,26.31,5.84,921.38,0.2865225758013283
1993-05-01,0.0,441.37,26.47,12.54,1443.41,0.2472729078833381
1993-05-02,0.0,364.0,27.0,16.02,1809.89,0.1962483395899509
1993-05-03,0.0,298.21,26.01,17.39,1981.84,0.16484860525555872
1993-05-04,0.35,287.81,25.94,17.6,2016.74,0.14522377129656366
1993-05-05,9.9,256.84,28.46,18.38,2111.08,0.13737383771296563
1993-05-06,0.0,428.36,30.4,16.73,1898.54,0.17269853883915678
1993-05-07,0.0,443.16,31.05,16.55,1879.47,0.15699867167196072
1993-05-08,0.0,445.65,30.64,16.16,1826.05,0.1295239041293676
1993-05-09,0.0,437.68,29.42,15.5,1759.67,0.10597410337857346
1993-05-10,0.0,462.12,28.92,13.94,1594.99,0.08634926941957839
1993-05-11,0.0,440.25,28.5,14.66,1666.06,0.07457436904418134
1993-05-12,0.0,464.08,29.47,14.5,1640.0,0.06279946866878429
1993-05-13,4.47,371.83,28.87,16.91,1915.37,0.05494953508518625
1993-05-14,22.07,313.91,26.84,14.41,1638.03,0.09812416979497544
1993-05-15,0.0,464.96,28.28,13.65,1570.23,0.1962483395899509
1993-05-16,0.0,461.12,30.49,15.45,1755.6,0.23549800750794106
1993-05-17,0.0,455.42,31.01,16.14,1823.94,0.23942297429974008
1993-05-18,0.0,421.11,31.52,18.06,2083.0,0.18839840600635285
1993-05-19,0.0,410.21,30.36,17.66,2026.28,0.12559893733756858
1993-05-20,0.2,406.39,28.23,15.93,1801.21,0.08242430262777936
1993-05-21,0.0,503.18,26.58,10.52,1281.86,0.05494953508518625
1993-05-22,0.0,491.95,24.66,9.57,1205.77,0.03924966791799018
1993-05-23,0.0,516.87,26.5,9.84,1227.12,0.03061474097603234
1993-05-24,0.0,501.73,28.0,11.98,1398.33,0.02001733063817499
1993-05-25,0.0,470.6,29.38,14.67,1667.52,0.014522377129656365
1993-05-26,0.0,442.63,29.14,15.66,1773.03,0.011382403696217151
1993-05-27,0.0,397.57,29.0,17.35,1978.35,0.009419920300317642
1993-05-28,0.0,442.82,29.45,16.05,1815.64,0.007457436904418133
1993-05-29,0.0,402.5,30.25,18.42,2118.85,0.006279946866878429
1993-05-30,0.0,418.03,30.91,18.6,2135.4,0.005102456829338723
1993-05-31,4.33,304.8,31.41,19.5,2280.0,0.14522377129656366
1993-06-01,8.07,302.46,31.28,19.46,2269.89,0.38464674559630374
1993-06-02,27.02,266.46,30.41,20.32,2371.1,0.4827709153912792
1993-06-03,0.0,364.21,30.71,20.26,2361.16,1.4640126133410336
1993-06-04,0.0,425.62,32.99,19.82,2305.71,2.209756303782847
1993-06-05,0.0,398.57,33.49,21.31,2529.12,1.4286879122148424
1993-06-06,0.0,378.36,33.72,22.29,2685.73,0.87919256136298
1993-06-07,0.0,405.56,33.78,21.39,2542.08,0.5298705168928673
1993-06-08,0.0,402.78,35.33,22.7,2752.43,0.2708227086341322
1993-06-09,0.0,431.15,36.47,22.41,2704.97,0.14129880450476465
1993-06-10,0.0,429.9,36.41,22.41,2706.19,0.07849933583598036
1993-06-11,19.51,336.7,36.35,21.52,2563.93,0.04709960150158821
1993-06-12,6.33,345.44,34.85,20.1,2336.46,0.03061474097603234
1993-06-13,5.41,290.98,32.79,21.24,2518.15,0.020802323996534793
1993-06-14,0.29,341.41,29.87,20.44,2390.18,0.016484860525555874
1993-06-15,0.0,430.71,30.59,18.07,2083.08,0.012167397054576956
1993-06-16,0.0,427.29,31.68,19.14,2221.36,0.00902742362113774
1993-06-17,0.0,449.97,31.54,18.12,2085.85,0.007064940225238232
1993-06-18,0.0,447.13,31.82,18.45,2118.98,0.005887450187698527
1993-06-19,0.0,457.56,31.75,17.9,2063.96,0.011382403696217151
1993-06-20,0.0,479.68,32.36,17.37,1979.62,0.00667244354605833
1993-06-21,0.0,457.3,33.0,18.92,2187.36,0.006279946866878429
1993-06-22,0.0,420.04,33.97,21.31,2529.22,0.004709960150158821
1993-06-23,0.0,432.51,33.47,20.5,2400.0,0.00431746347097892
1993-06-24,5.64,298.54,32.29,20.94,2469.7,0.004709960150158821
1993-06-25,16.14,309.28,31.49,20.57,2411.92,0.00667244354605833
1993-06-26,7.42,292.12,31.82,20.92,2467.04,0.005102456829338723
1993-06-27,28.16,284.14,31.99,21.48,2557.15,0.004709960150158821
1993-06-28,0.14,381.46,32.16,21.5,2560.0,0.005102456829338723
1993-06-29,10.23,294.22,32.51,21.5,2560.26,0.07849933583598036
1993-06-30,4.26,327.85,33.49,21.62,2579.08,0.2080232399653479
1993-07-01,0.0,403.81,34.0,22.27,2683.17,0.21194820675714693
1993-07-02,0.0,419.51,33.63,21.35,2535.52,0.16877357204735774
1993-07-03,0.0,411.93,35.05,22.68,2747.9,0.1609236384637597
1993-07-04,0.0,411.25,35.8,23.27,2843.32,0.2825976090095293
1993-07-05,0.0,414.79,35.99,23.32,2820.54,0.3571719780537106
1993-07-06,0.0,427.54,35.99,22.87,2681.53,0.223723107132544
1993-07-07,0.0,430.09,35.39,22.3,2592.18,0.16877357204735774
1993-07-08,0.0,444.69,35.0,21.4,2431.3,0.10204913658677446
1993-07-09,0.0,444.24,34.96,21.4,2432.17,0.23942297429974008
1993-07-10,0.0,441.23,36.08,22.39,2555.81,0.16877357204735774
1993-07-11,0.0,441.35,36.5,22.72,2604.08,0.09812416979497544
1993-07-12,0.0,438.51,36.46,22.83,2627.67,0.05102456829338723
1993-07-13,0.0,433.3,35.49,22.27,2559.94,0.02708227086341322
1993-07-14,0.0,415.37,35.0,22.49,2634.06,0.014522377129656365
1993-07-15,0.0,436.15,35.74,22.22,2547.44,0.010204913658677445
1993-07-16,0.0,427.2,36.86,23.39,2728.21,0.005887450187698527
1993-07-17,2.12,362.18,36.91,23.7,2833.87,0.004709960150158821
1993-07-18,15.99,312.93,36.48,23.32,2846.48,0.00431746347097892
1993-07-19,0.0,398.46,35.87,23.69,2889.29,0.007457436904418133
1993-07-20,0.0,400.86,35.93,23.69,2885.8,0.01334488709211666
1993-07-21,0.0,423.37,36.81,23.51,2818.3,0.008242430262777937
1993-07-22,0.0,422.79,36.01,22.93,2732.87,0.00902742362113774
1993-07-23,0.0,423.3,36.38,23.17,2771.51,0.008242430262777937
1993-07-24,0.0,397.32,36.24,24.01,2957.17,0.010597410337857348
1993-07-25,0.0,418.85,36.48,23.31,2802.83,0.00902742362113774
1993-07-26,0.0,393.02,35.88,23.85,2902.62,0.00667244354605833
1993-07-27,0.0,417.69,35.99,23.0,2693.39,0.007064940225238232
1993-07-28,0.0,419.21,36.94,23.57,2778.18,0.00902742362113774
1993-07-29,16.17,328.18,38.39,23.74,2916.83,0.010204913658677445
1993-07-30,0.34,455.91,37.38,21.94,2521.06,0.016877357204735776
1993-07-31,0.0,463.01,35.84,20.5,2308.11,0.010597410337857348
1993-08-01,0.0,472.93,35.36,19.57,2171.31,0.006279946866878429
1993-08-02,0.0,432.44,35.98,21.77,2544.72,0.007064940225238232
1993-08-03,0.0,385.37,35.16,23.0,2789.66,0.007849933583598036
1993-08-04,0.0,401.18,34.95,22.26,2646.01,0.007457436904418133
1993-08-05,6.12,303.48,33.85,21.22,2514.94,0.007457436904418133
1993-08-06,0.0,415.8,34.39,21.22,2485.14,0.007849933583598036
1993-08-07,1.09,363.02,34.29,21.96,2619.51,0.007849933583598036
1993-08-08,0.0,353.62,32.87,22.32,2691.1,0.00863492694195784
1993-08-09,11.96,243.73,30.83,21.6,2576.03,0.009812416979497545
1993-08-10,1.7,304.38,29.58,20.57,2411.29,0.00902742362113774
1993-08-11,0.0,393.88,31.5,20.01,2324.09,0.008242430262777937
1993-08-12,0.0,424.21,32.86,19.92,2308.66,0.007457436904418133
1993-08-13,0.0,419.55,34.41,21.34,2474.39,0.007064940225238232
1993-08-14,4.25,328.21,34.39,22.77,2757.75,0.013737383771296562
1993-08-15,0.93,349.34,33.46,22.98,2795.1,0.008242430262777937
1993-08-16,0.0,444.41,33.5,19.6,2219.9,0.00667244354605833
1993-08-17,0.0,458.06,34.42,19.59,2190.99,0.005887450187698527
1993-08-18,0.0,439.54,35.99,21.47,2480.81,0.00667244354605833
1993-08-19,17.88,312.96,35.73,22.1,2655.22,0.005494953508518624
1993-08-20,0.0,379.74,34.12,22.4,2703.38,0.010989907017037248
1993-08-21,0.0,384.78,35.49,23.24,2838.52,0.00902742362113774
1993-08-22,0.0,375.49,35.5,23.6,2904.51,0.005494953508518624
1993-08-23,0.05,362.47,34.82,23.53,2887.1,0.004709960150158821
1993-08-24,0.0,391.04,32.9,21.0,2480.32,0.003375471440947155
1993-08-25,0.0,448.13,33.5,18.91,2170.52,0.0026689774184233323
1993-08-26,0.0,391.18,33.34,21.21,2513.11,0.0022764807392434304
1993-08-27,1.76,331.99,31.48,21.09,2494.73,0.0020802323996534796
1993-08-28,0.03,334.34,31.19,21.58,2573.27,0.0018054847242275482
1993-08-29,0.0,371.27,32.31,21.32,2530.62,0.0014914873808836266
1993-08-30,0.0,379.1,32.62,21.34,2533.86,0.001530737048801617
1993-08-31,0.0,418.56,33.41,20.39,2381.05,0.0017269853883915677
1993-09-01,0.0,418.67,34.22,21.07,2419.58,0.0036894687842910765
1993-09-02,0.0,385.3,34.44,22.52,2697.57,0.001530737048801617
1993-09-03,0.0,382.57,34.31,22.5,2696.04,0.0009812416979497545
1993-09-04,0.0,386.67,34.45,22.41,2679.81,0.0034539707767831354
1993-09-05,0.12,325.84,32.0,22.56,2729.74,0.002904475425931273
1993-09-06,6.37,231.56,31.0,22.38,2701.02,0.0016092363846375972
1993-09-07,18.17,240.95,30.41,21.5,2559.49,0.0009812416979497545
1993-09-08,30.77,209.07,28.43,21.03,2484.01,0.0010204913658677446
1993-09-09,0.31,331.87,30.49,21.08,2493.25,0.0009812416979497545
1993-09-10,2.85,315.85,31.4,21.88,2621.03,0.001373738377129656
1993-09-11,0.0,410.23,30.06,17.91,2062.76,0.0014522377129656365
1993-09-12,0.0,421.8,30.11,17.37,1981.18,0.0015699867167196073
1993-09-13,0.0,449.82,31.0,16.46,1866.64,0.0014129880450476464
1993-09-14,0.0,421.44,31.45,18.1,2082.95,0.0018447343921455383
1993-09-15,0.0,391.69,32.06,19.91,2316.41,0.0036894687842910765
1993-09-16,0.0,373.44,32.98,21.38,2540.74,0.005102456829338723
1993-09-17,8.99,275.37,32.97,21.64,2582.14,0.005102456829338723
1993-09-18,6.45,259.97,32.16,21.8,2607.67,0.0035717197805371064
1993-09-19,0.0,375.72,32.94,21.2,2512.29,0.0032577224371931842
1993-09-20,0.0,346.04,32.07,21.67,2586.9,0.0027082270863413222
1993-09-21,3.17,317.28,30.93,20.86,2458.11,0.0029437250938492633
1993-09-22,4.49,298.04,31.06,18.83,2173.44,0.0029829747617672532
1993-09-23,0.0,424.31,32.14,17.84,2049.83,0.0029829747617672532
1993-09-24,0.0,428.76,33.26,18.22,2095.64,0.0029829747617672532
1993-09-25,0.0,382.14,33.48,20.8,2447.43,0.0026689774184233323
1993-09-26,0.0,365.02,33.46,21.46,2550.47,0.002433479410915391
1993-09-27,1.37,323.25,31.99,20.99,2477.71,0.0027082270863413222
1993-09-28,0.0,461.33,28.2,11.65,1311.13,0.002472729078833381
1993-09-29,0.0,447.08,26.5,11.13,1274.44,0.0020409827317354893
1993-09-30,0.0,446.89,25.21,9.86,1183.61,0.0019232337279815187
1993-10-01,0.0,468.02,24.36,7.25,985.48,0.0018054847242275482
1993-10-02,0.0,458.56,26.53,9.27,1125.75,0.0018447343921455383
1993-10-03,0.0,444.27,29.6,12.37,1373.89,0.001766235056309558
1993-10-04,0.0,427.66,30.86,14.21,1559.39,0.0016484860525555875
1993-10-05,0.0,425.69,30.65,13.79,1522.97,0.001530737048801617
1993-10-06,0.0,365.34,28.17,15.19,1719.59,0.0018054847242275482
1993-10-07,0.45,238.88,23.85,16.37,1857.15,0.0018054847242275482
1993-10-08,1.41,189.99,24.0,17.4,1983.42,0.002001733063817499
1993-10-09,0.0,323.72,28.35,17.0,1920.0,0.002786726422177302
1993-10-10,0.0,310.61,29.55,18.45,2121.26,0.0018054847242275482
1993-10-11,0.0,406.38,27.92,11.72,1364.44,0.0015699867167196073
1993-10-12,0.0,348.09,20.37,8.59,1127.18,0.0014914873808836266
1993-10-13,0.0,413.02,23.54,7.37,1029.44,0.0016484860525555875
1993-10-14,0.0,375.33,24.7,10.6,1287.66,0.0018054847242275482
1993-10-15,0.0,302.94,25.5,14.82,1688.68,0.0017269853883915677
1993-10-16,9.76,152.71,24.2,17.41,1986.09,0.001962483395899509
1993-10-17,11.05,132.5,23.61,17.82,2050.81,0.00219798140340745
1993-10-18,0.0,316.33,27.66,16.0,1800.0,0.001962483395899509
1993-10-19,0.0,328.59,30.21,17.29,1965.69,0.0018054847242275482
1993-10-20,0.0,302.63,29.52,17.93,2069.53,0.0023549800750794106
1993-10-21,0.0,312.09,30.0,17.68,2029.17,0.0031792231013572044
1993-10-22,0.0,310.9,29.81,17.47,1995.76,0.003100723765521224
1993-10-23,0.0,270.04,22.15,12.77,1461.86,0.0025512284146693614
1993-10-24,4.49,153.89,18.99,12.36,1428.81,0.0028652257580132827
1993-10-25,4.35,166.88,22.5,15.03,1720.57,0.0025512284146693614
1993-10-26,18.37,168.73,22.15,14.63,1660.43,0.003650219116373086
1993-10-27,1.94,310.77,23.59,11.01,1320.97,0.003336221773029165
1993-10-28,0.0,333.86,24.61,11.84,1387.55,0.00431746347097892
1993-10-29,0.0,384.0,21.51,5.45,907.38,0.0038857171238810277
1993-10-30,32.22,230.23,21.51,10.46,1276.57,0.01726985388391568
1993-10-31,11.46,278.39,20.0,5.11,888.64,0.01334488709211666
1993-11-01,0.0,333.72,11.12,-0.38,600.0,0.00667244354605833
1993-11-02,0.0,385.39,15.25,-0.42,600.0,0.005102456829338723
1993-11-03,0.0,380.77,20.2,3.92,807.89,0.00431746347097892
1993-11-04,0.0,354.76,23.47,8.74,1138.87,0.0036894687842910765
1993-11-05,32.27,163.06,22.52,15.09,1724.51,0.0223723107132544
1993-11-06,35.11,100.49,20.35,16.0,1800.0,0.1295239041293676
1993-11-07,0.33,353.47,18.49,3.26,780.21,0.11382403696217151
1993-11-08,0.0,318.94,15.0,3.25,777.74,0.0667244354605833
1993-11-09,10.9,156.28,13.53,6.76,981.15,0.06279946866878429
1993-11-10,11.71,162.93,14.0,7.0,1000.0,0.1334488709211666
1993-11-11,0.0,370.18,18.19,1.59,686.87,0.1334488709211666
1993-11-12,0.0,369.7,20.01,2.69,741.63,0.10597410337857346
1993-11-13,0.0,338.64,24.72,9.48,1198.43,0.10204913658677446
1993-11-14,0.0,306.94,27.5,13.99,1599.59,0.09812416979497544
1993-11-15,0.0,286.91,28.5,15.88,1790.61,0.08242430262777936
1993-11-16,0.0,283.52,28.1,15.5,1760.0,0.0667244354605833
1993-11-17,0.0,249.79,27.0,16.5,1880.0,0.05494953508518625
1993-11-18,0.0,271.31,25.96,14.35,1636.14,0.04709960150158821
1993-11-19,0.0,283.4,23.48,11.4,1352.27,0.03924966791799018
1993-11-20,0.0,253.87,20.38,10.35,1267.73,0.03453970776783136
1993-11-21,0.0,319.61,18.01,3.89,804.98,0.02825976090095293
1993-11-22,0.0,308.75,19.85,6.07,933.76,0.02433479410915391
1993-11-23,0.0,288.75,21.95,9.06,1165.01,0.020802323996534793
1993-11-24,0.0,277.53,23.03,10.52,1281.42,0.01923233727981519
1993-11-25,0.0,291.25,22.61,8.9,1152.2,0.016877357204735776
1993-11-26,0.0,227.43,20.9,11.3,1344.03,0.01530737048801617
1993-11-27,25.11,125.05,18.88,12.29,1423.06,0.1530737048801617
1993-11-28,0.0,270.12,17.4,5.9,925.19,0.2865225758013283
1993-11-29,0.0,324.19,16.93,0.83,643.25,0.27474767542593126
1993-11-30,0.0,332.68,18.38,0.69,637.82,0.3061474097603234
1993-12-01,0.0,294.85,17.58,3.76,799.33,0.2825976090095293
1993-12-02,0.0,262.4,16.49,5.13,890.39,0.2433479410915391
1993-12-03,0.0,294.11,19.35,5.38,907.57,0.1962483395899509
1993-12-04,0.0,275.5,23.02,9.94,1235.04,0.14914873808836268
1993-12-05,3.36,196.28,22.56,10.45,1276.38,0.12559893733756858
1993-12-06,0.0,271.42,18.91,6.2,940.59,0.10597410337857346
1993-12-07,0.0,302.91,18.5,3.1,765.18,0.09027423621137741
1993-12-08,0.0,307.93,18.29,2.15,718.9,0.08242430262777936
1993-12-09,0.0,313.92,19.98,2.39,725.11,0.08242430262777936
1993-12-10,3.39,207.99,17.77,6.06,929.85,0.07849933583598036
1993-12-11,9.98,135.36,13.94,6.3,943.6,0.10204913658677446
1993-12-12,0.0,298.55,12.01,-2.79,496.78,0.1098990701703725
1993-12-13,0.0,291.36,11.58,-2.54,515.27,0.10204913658677446
1993-12-14,9.27,197.46,14.58,2.37,721.71,0.12167397054576955
1993-12-15,9.73,165.11,15.03,6.51,960.62,0.1962483395899509
1993-12-16,0.0,224.33,13.62,3.97,802.72,0.223723107132544
1993-12-17,0.0,293.25,16.87,2.0,714.55,0.23157304071614204
1993-12-18,0.0,301.5,18.9,2.72,740.85,0.23157304071614204
1993-12-19,0.0,267.45,17.17,4.25,821.75,0.21587317354894595
1993-12-20,3.37,246.16,13.75,1.13,655.27,0.19232337279815187
1993-12-21,9.17,179.13,14.47,3.69,799.92,0.21194820675714693
1993-12-22,0.0,228.23,10.79,0.96,644.06,0.22764807392434303
1993-12-23,21.99,123.6,7.46,0.92,642.51,0.3414721108865145
1993-12-24,3.94,147.89,6.85,0.02,608.39,0.49062084897487723
1993-12-25,0.0,237.96,9.03,-0.85,574.98,0.5730451516026566
1993-12-26,0.0,294.38,11.33,-2.64,508.42,0.6397695870632398
1993-12-27,0.0,317.22,16.15,-1.2,564.43,0.6476195206468379
1993-12-28,0.0,321.05,20.01,1.18,654.17,0.5651952180190586
1993-12-29,0.0,278.48,19.46,5.58,920.0,0.4592211146404851
1993-12-30,0.0,303.26,15.97,0.36,628.23,0.38857171238810273
1993-12-31,0.0,311.96,10.86,-5.11,426.15,0.3571719780537106
1994-01-01,6.07,278.75,13.52,-2.2,520.93,0.34539707767831357
1994-01-02,3.39,194.0,14.46,4.07,818.43,0.36109694484550964
1994-01-03,5.91,158.4,15.76,6.61,969.15,0.3650219116373086
1994-01-04,0.49,168.6,14.11,6.94,995.24,0.3767968120127057
1994-01-05,0.0,234.92,9.49,-0.45,599.46,0.38857171238810273
1994-01-06,0.0,327.7,15.27,-2.55,511.04,0.3650219116373086
1994-01-07,0.0,330.19,20.52,1.52,681.77,0.34932204447011256
1994-01-08,0.0,288.88,20.37,6.13,930.82,0.32577224371931846
1994-01-09,0.0,292.38,10.47,-2.91,492.87,0.29829747617672536
1994-01-10,0.0,286.42,10.25,-2.59,508.91,0.27474767542593126
1994-01-11,0.0,299.82,15.18,0.98,648.18,0.25512284146693615
1994-01-12,21.7,154.6,17.21,8.55,1124.37,0.27474767542593126
1994-01-13,3.75,119.8,14.75,8.36,1108.83,0.38464674559630374
1994-01-14,0.36,171.23,10.97,4.26,820.47,0.6162197863124458
1994-01-15,0.0,249.9,10.4,0.13,616.87,0.8203180594859947
1994-01-16,0.0,269.56,4.58,-6.41,373.46,0.8320929598613916
1994-01-17,0.0,360.79,18.38,-2.84,495.34,0.7496686572336124
1994-01-18,17.52,251.67,17.33,0.47,635.3,0.7535936240254114
1994-01-19,0.0,332.54,7.46,-7.87,332.86,0.8163930926941957
1994-01-20,0.0,263.72,3.97,-6.39,373.11,0.8831175281547788
1994-01-21,0.0,277.6,7.0,-4.12,442.96,0.9105922956973721
1994-01-22,0.0,356.28,11.52,-6.11,390.19,0.8517177938203869
1994-01-23,0.0,370.01,15.44,-4.54,440.0,0.7653685244008084
1994-01-24,0.0,369.79,18.47,-1.68,545.67,0.6907941553566271
1994-01-25,0.0,368.68,21.38,1.04,649.53,0.6201447531042449
1994-01-26,0.0,343.41,22.37,5.47,915.92,0.5573452844354605
1994-01-27,0.0,252.2,19.64,9.5,1200.0,0.5180956165174704
1994-01-28,14.58,171.3,19.98,11.0,1320.12,0.47492098180768116
1994-01-29,15.83,171.92,20.25,11.29,1343.25,0.6122948195206468
1994-01-30,15.67,80.4,12.8,9.11,1168.61,1.0283412994513426
1994-01-31,8.03,127.64,10.78,4.97,877.39,1.5346620155934159
1994-02-01,0.0,304.43,10.75,-0.72,583.84,1.9507084955241116
1994-02-02,0.0,263.22,8.85,-0.45,597.96,2.2019063701992487
1994-02-03,0.0,351.18,10.14,-4.19,440.0,2.013507964192896
1994-02-04,0.0,386.58,15.17,-3.1,482.73,1.6681108865145824
1994-02-05,11.17,260.97,16.37,2.03,718.1,1.346263609587063
1994-02-06,10.25,110.78,14.74,9.82,1225.74,1.2206646722494945
1994-02-07,0.0,258.36,17.98,8.91,1153.08,1.2088897718740974
1994-02-08,2.72,307.28,23.14,9.45,1196.03,1.2088897718740974
1994-02-09,0.0,311.37,25.48,13.24,1521.24,1.2481394397920875
1994-02-10,0.03,312.99,25.54,13.37,1530.86,1.2285146058330925
1994-02-11,0.59,371.33,22.49,6.62,972.14,1.1382403696217152
1994-02-12,0.0,338.5,18.93,6.11,936.06,1.0479661334103378
1994-02-13,0.0,350.4,17.58,4.17,816.48,0.9341420964481663
1994-02-14,0.0,398.84,16.83,-0.19,600.0,0.8203180594859947
1994-02-15,0.0,416.75,18.49,-0.63,586.76,0.7339687900664164
1994-02-16,0.0,364.69,19.16,4.88,870.53,0.663319387814034
1994-02-17,0.0,316.32,18.5,7.24,1019.4,0.5769701183944556
1994-02-18,0.0,291.12,20.5,10.41,1272.53,0.5063207161420732
1994-02-19,0.0,321.41,23.05,11.37,1349.5,0.443521247473289
1994-02-20,0.0,314.25,23.49,12.2,1416.13,0.40427157955529885
1994-02-21,0.0,336.53,24.5,12.24,1419.34,0.38464674559630374
1994-02-22,0.0,354.47,24.3,11.4,1352.38,0.36894687842910767
1994-02-23,0.0,319.6,24.88,14.0,1599.61,0.34539707767831357
1994-02-24,14.32,266.49,24.09,11.92,1393.53,0.4003466127634998
1994-02-25,0.0,449.0,18.02,0.3,624.23,0.4827709153912792
1994-02-26,0.0,435.85,19.68,3.0,758.81,0.5926699855616516
1994-02-27,0.0,426.38,16.83,1.42,673.56,0.6436945538550388
1994-02-28,0.0,309.65,12.93,3.77,799.12,0.5612702512272595
1994-03-01,3.04,357.17,18.81,6.68,974.3,0.4709960150158821
1994-03-02,54.54,233.6,20.22,10.35,1267.91,0.9066673289055731
1994-03-03,7.63,297.31,17.29,5.9,921.26,2.1626567022812586
1994-03-04,0.0,430.02,20.2,4.4,832.18,5.691201848108576
1994-03-05,0.0,433.92,24.47,7.73,1058.35,6.6331938781403395
1994-03-06,0.0,455.01,25.51,6.88,990.75,5.416454172682645
1994-03-07,0.0,450.59,26.73,8.33,1106.22,4.042715795552988
1994-03-08,0.0,425.45,27.04,10.44,1275.1,2.959424961016459
1994-03-09,0.0,371.78,26.84,13.47,1554.88,1.9978080970257002
1994-03-10,6.39,254.31,24.41,13.0,1480.0,1.4326128790066415
1994-03-11,0.77,415.47,16.04,1.71,696.45,1.2010398382904994
1994-03-12,0.0,432.5,16.0,1.08,652.1,1.0322662662431417
1994-03-13,0.0,419.58,19.94,5.45,902.99,0.9341420964481663
1994-03-14,5.81,299.48,21.31,7.84,1067.28,0.9302171296563672
1994-03-15,0.0,439.83,22.86,6.96,996.76,0.8831175281547788
1994-03-16,0.0,413.56,23.33,9.09,1167.41,0.8124681259023966
1994-03-17,0.0,490.01,19.0,0.43,629.91,0.7496686572336124
1994-03-18,0.0,500.71,23.92,3.32,782.7,0.675094288189431
1994-03-19,0.0,463.16,26.26,8.48,1118.24,0.5730451516026566
1994-03-20,0.0,471.02,27.5,8.73,1138.25,0.47492098180768116
1994-03-21,0.0,418.5,28.21,12.78,1462.98,0.4121215131388969
1994-03-22,0.0,374.1,27.32,14.28,1625.3,0.3650219116373086
1994-03-23,0.0,454.59,25.17,8.24,1099.19,0.31007237655212244
1994-03-24,0.0,368.19,25.98,13.45,1544.7,0.27474767542593126
1994-03-25,13.55,207.59,26.0,17.0,1919.97,0.2708227086341322
1994-03-26,0.0,410.18,24.56,10.5,1280.29,0.2825976090095293
1994-03-27,0.0,384.46,27.71,14.53,1651.9,0.30222244296852435
1994-03-28,0.0,384.33,29.62,16.27,1842.6,0.3218472769275194
1994-03-29,18.24,286.6,21.91,9.88,1230.49,0.36109694484550964
1994-03-30,0.0,399.87,19.0,6.52,961.68,0.43959628068149
1994-03-31,0.0,405.91,21.34,8.42,1113.63,0.5180956165174704
1994-04-01,0.0,472.23,21.5,5.16,892.22,0.5651952180190586
1994-04-02,0.0,490.55,22.5,4.78,862.78,0.5298705168928673
1994-04-03,0.0,491.48,25.0,6.83,986.04,0.47492098180768116
1994-04-04,0.0,444.51,25.45,10.13,1250.44,0.4160464799306958
1994-04-05,0.0,443.3,25.5,10.39,1271.55,0.34932204447011256
1994-04-06,0.0,386.39,27.0,14.42,1639.67,0.29044754259312733
1994-04-07,0.28,387.72,25.28,13.0,1489.41,0.23942297429974008
1994-04-08,0.0,450.73,22.31,7.73,1058.68,0.1962483395899509
1994-04-09,0.0,422.59,24.42,10.86,1308.75,0.15699867167196072
1994-04-10,0.0,443.41,27.08,12.2,1416.34,0.12559893733756858
1994-04-11,0.0,452.03,28.9,13.29,1526.74,0.10204913658677446
1994-04-12,0.0,386.21,28.03,15.62,1770.0,0.08242430262777936
1994-04-13,3.85,187.58,26.0,18.56,2134.24,0.07064940225238232
1994-04-14,0.01,404.39,26.98,14.29,1629.03,0.0667244354605833
1994-04-15,0.0,404.57,30.0,16.88,1910.52,0.05494953508518625
1994-04-16,1.19,338.02,29.45,17.82,2050.38,0.04709960150158821
1994-04-17,0.0,510.28,26.34,8.98,1149.5,0.03924966791799018
1994-04-18,0.0,528.2,27.42,8.64,1112.62,0.029437250938492632
1994-04-19,0.0,521.03,28.5,10.17,1196.13,0.025512284146693615
1994-04-20,0.0,504.25,30.74,12.98,1432.98,0.021194820675714696
1994-04-21,0.0,474.6,31.49,15.23,1688.57,0.01805484724227548
1994-04-22,10.21,302.25,29.96,17.35,1976.47,0.01923233727981519
1994-04-23,5.24,328.7,25.25,11.99,1399.06,0.02904475425931273
1994-04-24,0.0,479.22,25.5,10.2,1254.66,0.02708227086341322
1994-04-25,0.0,487.55,28.75,12.41,1425.75,0.021979814034074497
1994-04-26,0.0,459.79,29.5,14.4,1629.13,0.01805484724227548
1994-04-27,0.0,451.23,29.51,14.81,1683.5,0.014522377129656365
1994-04-28,0.0,448.85,29.6,14.96,1706.02,0.011774900375397053
1994-04-29,0.0,461.16,29.16,14.03,1579.69,0.010204913658677445
1994-04-30,0.0,441.89,28.66,14.53,1612.65,0.010204913658677445
1994-05-01,0.59,398.44,30.12,17.62,1960.19,0.009812416979497545
1994-05-02,0.0,390.61,28.99,17.13,1893.44,0.009812416979497545
1994-05-03,0.0,325.75,24.46,15.42,1753.44,0.009419920300317642
1994-05-04,44.02,219.65,22.33,14.56,1655.47,0.4003466127634998
1994-05-05,0.0,326.72,20.87,12.38,1430.14,0.7182689228992203
1994-05-06,0.0,483.94,25.49,10.9,1296.82,1.0440411666185385
1994-05-07,0.0,500.87,28.53,12.53,1377.55,1.2245896390412936
1994-05-08,0.0,444.3,28.91,15.52,1704.04,1.0165663990759457
1994-05-09,0.0,509.98,28.6,12.19,1308.33,0.7261188564828183
1994-05-10,0.0,437.86,27.35,14.47,1598.08,0.4592211146404851
1994-05-11,0.0,455.53,28.0,14.39,1566.39,0.3061474097603234
1994-05-12,0.0,467.43,30.52,15.94,1696.05,0.2080232399653479
1994-05-13,0.0,392.21,29.58,17.96,2041.94,0.14522377129656366
1994-05-14,0.0,429.23,29.27,16.37,1800.86,0.10204913658677446
1994-05-15,16.6,311.31,30.88,18.82,2168.17,0.08634926941957839
1994-05-16,21.14,315.93,31.45,18.39,2111.28,0.25119787467513716
1994-05-17,0.0,467.33,30.85,16.03,1797.03,0.219798140340745
1994-05-18,0.0,477.83,28.34,13.65,1553.99,0.20409827317354892
1994-05-19,4.59,396.8,25.7,12.34,1427.09,0.32969721051111744
1994-05-20,0.0,432.25,22.0,10.37,1269.62,0.34932204447011256
1994-05-21,0.0,479.61,23.01,9.49,1199.0,0.3061474097603234
1994-05-22,0.0,523.01,27.23,10.77,1259.67,0.27867264221773025
1994-05-23,0.0,542.35,31.41,12.55,1380.93,0.20409827317354892
1994-05-24,0.0,519.7,32.89,15.07,1635.88,0.13737383771296563
1994-05-25,0.0,482.97,32.48,16.79,1869.16,0.09027423621137741
1994-05-26,0.0,450.67,31.78,17.79,1997.35,0.05494953508518625
1994-05-27,0.0,368.54,30.3,19.69,2295.33,0.03610969448455096
1994-05-28,0.0,405.68,28.76,17.2,1953.77,0.02668977418423332
1994-05-29,0.0,413.78,28.93,17.14,1945.81,0.01805484724227548
1994-05-30,12.41,279.21,27.11,17.07,1939.21,0.01726985388391568
1994-05-31,5.05,245.79,28.43,19.64,2291.1,0.01766235056309558
1994-06-01,0.0,362.6,30.54,20.47,2360.89,0.02001733063817499
1994-06-02,0.0,401.06,31.99,20.48,2241.43,0.016484860525555874
1994-06-03,0.0,418.93,32.61,20.28,2169.03,0.014129880450476464
1994-06-04,0.0,373.56,31.63,20.9,2359.89,0.013737383771296562
1994-06-05,0.0,364.71,30.8,20.57,2334.18,0.012952390412936757
1994-06-06,9.89,253.22,30.56,21.26,2521.84,0.010597410337857348
1994-06-07,9.37,204.02,28.6,21.5,2560.0,0.01962483395899509
1994-06-08,4.09,261.96,31.0,22.34,2694.38,0.1098990701703725
1994-06-09,5.04,285.99,31.67,21.17,2506.68,0.2472729078833381
1994-06-10,13.07,301.92,31.05,20.0,2320.0,0.2865225758013283
1994-06-11,0.0,381.51,30.51,20.36,2369.07,0.2433479410915391
1994-06-12,0.0,382.81,31.32,21.02,2470.6,0.29829747617672536
1994-06-13,0.0,421.7,31.46,19.93,2245.41,1.2049648050822983
1994-06-14,7.78,318.55,33.0,20.92,2467.75,0.6358446202714408
1994-06-15,29.73,300.89,32.72,21.66,2585.97,0.4317463470978919
1994-06-16,13.29,264.54,31.22,22.02,2643.51,0.7771434247762055
1994-06-17,6.1,257.3,30.17,21.53,2565.11,1.2481394397920875
1994-06-18,12.91,277.21,30.17,20.85,2456.67,0.914517262489171
1994-06-19,2.49,349.19,30.48,20.58,2412.84,0.682944221773029
1994-06-20,0.0,433.17,32.13,20.45,2392.6,0.6083698527288477
1994-06-21,0.0,449.96,34.0,21.3,2528.28,0.5377204504764654
1994-06-22,0.0,424.08,34.0,22.5,2720.14,0.5220205833092693
1994-06-23,0.0,410.96,33.27,22.56,2730.27,0.39642164597170076
1994-06-24,3.69,327.72,32.99,21.94,2631.11,0.23942297429974008
1994-06-25,9.4,303.23,31.0,21.16,2505.78,0.14914873808836268
1994-06-26,7.83,309.78,30.01,20.09,2336.4,0.1098990701703725
1994-06-27,6.93,323.14,31.77,20.93,2468.75,0.1098990701703725
1994-06-28,13.7,325.32,32.39,21.33,2532.78,0.36109694484550964
1994-06-29,30.08,303.99,31.43,22.05,2648.77,0.8517177938203869
1994-06-30,20.31,316.27,31.0,20.62,2419.33,1.4247629454230435
1994-07-01,0.0,453.41,32.16,20.35,2376.18,1.3423386427952642
1994-07-02,0.31,409.73,32.05,21.63,2581.42,1.0440411666185385
1994-07-03,8.62,300.0,31.38,21.66,2586.15,0.8360179266531909
1994-07-04,19.25,263.47,30.13,22.07,2651.52,0.7496686572336124
1994-07-05,19.1,269.39,30.3,22.05,2648.76,0.8438678602367888
1994-07-06,7.27,292.35,30.92,21.71,2593.82,1.1814150043315044
1994-07-07,0.0,427.6,31.61,20.99,2478.34,2.5630033150447584
1994-07-08,3.09,347.02,32.27,21.45,2551.58,4.278213803060929
1994-07-09,0.0,419.91,33.0,22.27,2683.49,3.320521905861969
1994-07-10,0.0,438.55,33.5,21.96,2632.99,1.6955856540571754
1994-07-11,0.0,429.93,33.0,21.89,2622.61,0.9459169968235632
1994-07-12,0.01,439.72,32.97,21.47,2555.87,0.6515444874386369
1994-07-13,21.39,336.06,32.87,21.05,2487.38,0.40819654634709784
1994-07-14,3.75,341.79,32.45,21.73,2596.38,0.34539707767831357
1994-07-15,0.0,407.35,32.55,22.3,2688.27,0.32577224371931846
1994-07-16,0.0,418.91,33.4,22.53,2725.08,0.4160464799306958
1994-07-17,0.0,430.88,33.83,22.36,2697.27,0.46707104822408313
1994-07-18,1.3,420.99,34.12,22.43,2709.2,0.3924966791799018
1994-07-19,0.73,402.49,33.81,22.87,2778.41,0.27867264221773025
1994-07-20,0.0,418.48,32.74,21.89,2622.1,0.2001733063817499
1994-07-21,15.4,293.43,31.22,21.63,2580.78,0.2629727750505342
1994-07-22,4.38,287.58,31.28,22.0,2640.0,0.34932204447011256
1994-07-23,22.09,293.28,31.48,21.93,2628.48,0.45529614784868605
1994-07-24,9.24,283.2,31.05,22.01,2640.87,0.5416454172682644
1994-07-25,2.74,385.28,32.47,22.26,2681.47,0.5612702512272595
1994-07-26,2.54,386.6,32.41,21.43,2548.03,0.7339687900664164
1994-07-27,3.64,293.75,31.4,21.86,2617.01,1.0479661334103378
1994-07-28,17.12,225.6,28.48,21.84,2615.13,1.087215801328328
1994-07-29,4.62,249.53,28.97,21.53,2565.03,0.9733917643661564
1994-07-30,4.94,305.45,30.0,20.36,2377.47,0.8046181923187986
1994-07-31,3.55,311.3,30.43,21.13,2500.9,0.7849933583598036
1994-08-01,0.0,418.45,31.29,21.09,2495.12,0.87919256136298
1994-08-02,0.0,440.05,32.89,21.51,2561.89,1.0165663990759457
1994-08-03,0.0,439.21,33.43,21.85,2615.34,0.9498419636153623
1994-08-04,0.0,421.92,33.11,22.17,2667.8,0.6868691885648281
1994-08-05,0.0,426.17,32.98,21.86,2617.83,0.447446214265088
1994-08-06,5.46,318.19,31.53,21.19,2509.96,0.3179223101357204
1994-08-07,0.0,379.74,29.73,20.77,2443.1,0.23157304071614204
1994-08-08,0.0,453.26,29.27,17.92,2065.05,0.16484860525555872
1994-08-09,0.0,452.44,30.18,18.66,2149.03,0.11774900375397053
1994-08-10,0.0,473.74,31.3,18.55,2135.55,0.07849933583598036
1994-08-11,0.7,463.89,32.01,19.14,2221.23,0.05102456829338723
1994-08-12,11.3,332.77,32.4,21.11,2496.81,0.03610969448455096
1994-08-13,12.37,292.24,30.96,21.36,2537.67,0.02982974761767253
1994-08-14,13.88,275.54,31.0,22.08,2652.46,0.03061474097603234
1994-08-15,6.86,302.3,32.0,21.77,2602.99,0.05494953508518625
1994-08-16,8.16,255.24,29.5,21.61,2577.83,0.1766235056309558
1994-08-17,17.38,229.12,29.49,22.57,2730.8,0.37287184522090666
1994-08-18,6.24,270.43,30.5,22.02,2643.83,0.6005199191452497
1994-08-19,6.04,251.15,29.39,21.82,2610.49,0.6907941553566271
1994-08-20,0.0,397.19,31.24,21.56,2569.06,0.8477928270285877
1994-08-21,0.0,396.78,31.84,22.02,2642.86,0.9655418307825584
1994-08-22,6.55,293.94,31.33,21.74,2598.47,0.8477928270285877
1994-08-23,0.0,440.0,30.96,19.64,2289.1,0.6711693213976321
1994-08-24,0.0,433.85,30.76,19.67,2290.53,0.49847078255847527
1994-08-25,0.0,440.69,29.43,18.31,2104.72,0.3650219116373086
1994-08-26,0.0,478.37,30.5,17.3,1969.54,0.2668977418423332
1994-08-27,0.0,476.93,31.5,17.83,2052.14,0.18447343921455384
1994-08-28,0.0,461.3,32.4,19.06,2209.03,0.1295239041293676
1994-08-29,0.0,452.0,33.45,20.11,2338.08,0.08242430262777936
1994-08-30,0.0,438.51,33.98,20.96,2474.3,0.05102456829338723
1994-08-31,0.0,415.11,34.0,21.93,2629.17,0.03375471440947155
1994-09-01,0.0,392.39,33.49,22.41,2705.61,0.025512284146693615
1994-09-02,2.03,404.49,33.43,21.52,2562.79,0.03924966791799018
1994-09-03,33.53,310.08,30.61,19.24,2237.64,0.18839840600635285
1994-09-04,0.0,283.88,24.35,17.8,2047.59,0.11774900375397053
1994-09-05,0.0,429.09,26.92,15.62,1769.62,0.16484860525555872
1994-09-06,0.0,450.22,28.72,15.99,1799.22,0.2080232399653479
1994-09-07,0.0,401.64,30.41,19.33,2250.64,0.14129880450476465
1994-09-08,19.54,299.58,30.69,19.6,2287.75,0.10597410337857346
1994-09-09,27.94,297.1,29.44,18.71,2153.56,0.2708227086341322
1994-09-10,15.14,270.07,29.46,20.0,2328.05,0.2708227086341322
1994-09-11,0.5,357.46,29.76,20.09,2340.78,0.6319196534796419
1994-09-12,0.0,396.14,30.0,19.08,2213.09,1.11861553566272
1994-09-13,0.0,435.75,30.01,17.2,1952.65,1.0715159341611318
1994-09-14,0.0,441.69,29.52,16.37,1856.59,0.7182689228992203
1994-09-15,0.0,430.46,30.5,17.44,1991.98,0.42389641351429386
1994-09-16,5.16,317.66,30.96,20.62,2420.41,0.31399734334392143
1994-09-17,4.27,241.22,30.58,21.56,2569.69,0.27474767542593126
1994-09-18,16.67,250.95,30.56,21.01,2482.35,0.2943725093849263
1994-09-19,0.0,373.96,28.45,17.76,2042.18,0.3061474097603234
1994-09-20,0.0,380.96,26.61,15.85,1793.48,0.3061474097603234
1994-09-21,0.0,308.22,25.84,17.63,2021.44,0.31007237655212244
1994-09-22,0.0,396.69,27.0,15.43,1754.35,0.31399734334392143
1994-09-23,0.0,412.66,27.47,14.97,1712.32,0.25512284146693615
1994-09-24,9.52,262.28,28.64,18.51,2129.19,0.2708227086341322
1994-09-25,0.0,322.65,28.81,19.62,2289.92,0.25119787467513716
1994-09-26,0.0,321.33,28.14,19.14,2222.57,0.21587317354894595
1994-09-27,0.0,446.16,28.99,13.94,1593.71,0.23942297429974008
1994-09-28,0.0,412.54,29.44,16.2,1833.2,0.21587317354894595
1994-09-29,0.0,392.88,30.72,18.1,2082.47,0.1609236384637597
1994-09-30,0.0,411.73,30.34,16.62,1884.94,0.11382403696217151
1994-10-01,0.0,414.69,29.85,15.88,1793.46,0.07457436904418134
1994-10-02,46.83,247.47,28.29,18.48,2129.12,0.223723107132544
1994-10-03,82.39,152.31,23.8,18.46,2120.69,4.827709153912791
1994-10-04,0.39,328.27,22.53,13.16,1506.37,13.5803850996246
1994-10-05,0.0,422.5,23.52,9.99,1238.81,15.778366503032052
1994-10-06,0.0,419.41,24.99,11.19,1334.89,10.087164654923475
1994-10-07,0.0,381.18,25.25,13.31,1527.96,6.6331938781403395
1994-10-08,0.0,325.61,25.0,15.42,1753.71,4.47446214265088
1994-10-09,0.0,311.63,27.5,18.04,2075.79,3.0575491308114344
1994-10-10,26.8,258.6,28.0,17.28,1965.34,2.0292078313600923
1994-10-11,21.11,244.11,21.25,11.87,1389.32,1.6563359861391853
1994-10-12,49.67,137.88,16.43,11.73,1378.14,2.5904780825873517
1994-10-13,79.47,157.39,20.4,14.86,1692.14,18.172596246029453
1994-10-14,0.0,190.8,22.36,17.31,1969.85,40.819654634709785
1994-10-15,0.0,252.84,22.13,15.4,1751.67,25.865531157955527
1994-10-16,0.0,317.57,21.02,12.24,1418.81,14.483127461738373
1994-10-17,0.0,413.09,22.78,8.63,1130.28,9.145172624891712
1994-10-18,0.0,423.74,23.96,8.17,1093.42,6.044448859370487
1994-10-19,0.0,414.13,26.07,10.12,1249.78,4.435212474732889
1994-10-20,0.0,361.91,27.44,14.8,1688.73,3.308747005486572
1994-10-21,0.0,349.03,27.55,15.37,1749.64,2.386379809413803
1994-10-22,16.11,228.54,26.72,16.76,1900.61,1.8604342593127343
1994-10-23,5.36,217.63,26.93,17.54,2006.56,1.5817616170950042
1994-10-24,0.0,351.28,26.56,14.09,1607.56,1.569986716719607
1994-10-25,0.0,383.52,26.5,11.45,1355.62,1.970333329483107
1994-10-26,0.0,360.06,25.86,12.39,1431.53,2.056682598902685
1994-10-27,0.0,377.74,22.72,8.45,1115.73,1.6955856540571754
1994-10-28,0.0,353.27,18.57,6.44,956.93,1.2716892405428817
1994-10-29,3.0,250.52,21.34,9.82,1225.82,1.0126414322841464
1994-10-30,4.38,196.8,23.79,15.25,1734.28,0.9576918971989603
1994-10-31,0.0,214.18,24.75,17.95,2061.56,0.9851666647415535
1994-11-01,1.61,255.43,25.07,15.55,1763.76,0.9027423621137741
1994-11-02,0.0,386.57,21.62,5.41,908.75,0.8517177938203869
1994-11-03,0.0,389.97,22.5,5.05,883.91,0.8085431591105977
1994-11-04,0.0,377.88,24.95,7.84,1066.99,0.7378937568582153
1994-11-05,0.0,354.39,26.48,11.09,1327.32,0.6476195206468379
1994-11-06,0.0,315.32,27.01,14.26,1621.09,0.5769701183944556
1994-11-07,0.0,314.56,26.58,13.72,1573.44,0.5220205833092693
1994-11-08,0.0,308.67,24.0,11.77,1381.64,0.4709960150158821
1994-11-09,0.0,284.61,26.01,14.71,1676.09,0.435671313889691
1994-11-10,0.0,264.12,26.98,16.49,1875.17,0.4121215131388969
1994-11-11,29.28,240.55,23.99,10.24,1259.47,0.87919256136298
1994-11-12,0.0,210.03,16.62,9.17,1173.45,1.2245896390412936
1994-11-13,0.0,298.43,22.0,9.53,1202.61,1.4718625469246316
1994-11-14,0.0,300.46,24.49,11.19,1335.41,1.6210112850129943
1994-11-15,0.0,269.85,24.95,13.32,1529.56,1.4404628125902394
1994-11-16,3.37,153.1,23.69,15.93,1794.42,1.134315402829916
1994-11-17,3.03,127.03,19.0,12.92,1473.84,1.0087164654923475
1994-11-18,0.0,195.91,20.16,12.88,1470.38,0.9419920300317642
1994-11-19,0.0,257.19,24.18,13.65,1569.98,0.890967461738377
1994-11-20,0.0,288.08,23.89,11.47,1357.72,0.8320929598613916
1994-11-21,7.93,176.83,23.72,14.21,1620.92,0.7771434247762055
1994-11-22,0.83,280.5,25.0,12.45,1435.76,0.8085431591105977
1994-11-23,0.0,300.65,21.34,7.99,1079.18,1.0204913658677446
1994-11-24,0.0,335.05,15.27,-0.45,595.28,1.546436915968813
1994-11-25,0.0,311.18,16.0,2.27,720.0,2.040982731735489
1994-11-26,0.0,280.36,17.73,5.99,920.0,1.9310836615651168
1994-11-27,0.12,250.87,18.9,8.7,1136.11,1.5228871152180188
1994-11-28,0.0,279.06,25.22,12.33,1429.0,1.1460903032053131
1994-11-29,20.08,146.37,22.65,14.72,1677.75,0.9930165983251514
1994-11-30,20.68,152.99,17.96,9.97,1237.32,1.322713808836269
1994-12-01,0.0,284.66,16.42,4.03,808.26,2.5394535142939643
1994-12-02,0.0,304.14,18.49,4.24,825.97,4.749209818076811
1994-12-03,0.0,298.87,22.94,8.42,1113.49,5.180956165174703
1994-12-04,0.71,227.36,25.0,14.81,1687.43,4.042715795552988
1994-12-05,23.85,133.92,24.48,17.21,1953.02,3.4500458099913365
1994-12-06,0.0,220.13,23.46,14.39,1631.77,3.3479966734045625
1994-12-07,0.0,271.15,22.99,10.93,1314.8,3.752268252959861
1994-12-08,0.0,262.89,21.99,10.63,1290.42,3.567794813745307
1994-12-09,0.0,233.18,20.9,11.42,1353.25,3.092873831937626
1994-12-10,0.0,217.74,20.25,11.63,1370.3,2.519828680334969
1994-12-11,26.49,214.56,19.83,7.09,1007.48,2.3000305399942245
1994-12-12,0.0,276.41,12.5,1.15,656.29,2.272555772451631
1994-12-13,0.0,177.72,10.58,4.29,823.44,2.896625492347675
1994-12-14,0.0,123.16,10.47,6.32,946.03,3.7247934854172673
1994-12-15,0.0,156.03,13.49,8.14,1091.14,3.6541440831648853
1994-12-16,0.29,227.34,14.31,5.98,922.58,3.0300743632688416
1994-12-17,1.81,134.67,11.82,7.3,1024.16,2.3785298758302047
1994-12-18,0.0,189.19,14.54,7.88,1070.15,1.8486593589373372
1994-12-19,0.0,311.01,15.53,1.37,670.73,1.5071872480508228
1994-12-20,0.0,308.84,14.92,1.03,651.56,1.2520644065838866
1994-12-21,10.94,182.08,14.47,5.27,898.51,1.1735650707479062
1994-12-22,20.69,67.97,11.46,8.58,1126.71,1.6720358533063817
1994-12-23,8.28,74.56,11.5,8.39,1111.3,2.386379809413803
1994-12-24,5.91,175.03,15.68,7.52,1041.71,3.7993678544614493
1994-12-25,0.0,319.16,16.46,2.1,720.0,4.749209818076811
1994-12-26,0.0,282.28,16.39,5.5,919.88,4.631460814322841
1994-12-27,0.0,306.64,17.02,4.01,810.1,3.9642164597170075
1994-12-28,0.0,336.05,19.48,1.33,666.62,3.2380976032341895
1994-12-29,0.0,331.86,21.0,3.09,767.47,2.5237536471267683
1994-12-30,4.64,215.73,18.84,6.73,978.59,1.9193087611897195
1994-12-31,0.95,137.55,12.18,7.71,1056.66,1.538586982385215
1995-01-01,1.73,130.4,12.55,7.55,1043.76,1.2716892405428817
1995-01-02,0.02,158.88,13.41,7.23,1018.28,1.114690568870921
1995-01-03,0.0,263.07,12.32,1.15,656.1,1.0440411666185385
1995-01-04,0.0,256.46,10.47,-0.15,603.56,0.9851666647415535
1995-01-05,0.0,262.78,8.19,-2.61,506.47,0.9341420964481663
1995-01-06,0.0,333.97,16.29,-1.7,542.09,0.875267594571181
1995-01-07,18.43,212.94,20.94,7.68,1054.37,0.9066673289055731
1995-01-08,0.0,310.37,14.93,0.33,625.83,0.9733917643661564
1995-01-09,0.0,320.94,14.68,-0.84,573.11,1.11861553566272
1995-01-10,0.0,318.93,16.96,1.46,676.82,1.334488709211666
1995-01-11,0.0,319.94,19.38,3.53,792.73,1.4247629454230435
1995-01-12,0.0,322.83,21.5,5.09,887.25,1.2834641409182788
1995-01-13,0.0,301.03,23.73,9.19,1174.98,1.1107656020791221
1995-01-14,17.91,162.95,22.83,13.77,1581.24,1.2363645394166904
1995-01-15,28.36,139.76,18.98,11.71,1376.66,2.241156038117239
1995-01-16,0.58,220.03,17.48,8.58,1126.64,3.7718930869188556
1995-01-17,0.0,302.51,18.02,4.78,862.36,5.416454172682645
1995-01-18,0.0,316.34,18.6,4.29,823.18,5.494953508518625
1995-01-19,0.0,275.25,18.76,7.42,1033.57,4.47446214265088
1995-01-20,0.92,283.92,16.95,5.37,909.54,3.548169979786312
1995-01-21,0.0,285.82,13.76,2.44,720.59,2.7082270863413225
1995-01-22,0.0,303.3,13.82,1.54,683.43,2.0252828645682928
1995-01-23,6.37,204.27,12.63,2.3,719.83,1.6092363846375972
1995-01-24,0.31,265.41,8.91,-0.97,562.14,1.3737383771296563
1995-01-25,0.0,347.39,11.99,-3.09,481.07,1.1892649379151023
1995-01-26,0.0,341.29,14.59,-0.04,606.71,1.106840635287323
1995-01-27,0.0,357.42,15.89,-0.24,600.43,1.0283412994513426
1995-01-28,5.67,230.94,18.05,5.77,919.67,0.9616168639907593
1995-01-29,8.06,168.68,17.88,9.78,1222.57,0.9302171296563672
1995-01-30,0.0,259.0,13.87,4.66,852.77,0.9341420964481663
1995-01-31,0.0,298.54,9.78,-1.13,561.38,0.9773167311579554
1995-02-01,0.0,357.74,14.5,-0.85,573.78,1.0244163326595435
1995-02-02,0.0,345.72,19.97,4.97,877.36,1.0244163326595435
1995-02-03,0.0,367.54,22.91,5.34,905.04,0.9773167311579554
1995-02-04,7.76,262.92,20.94,5.44,913.01,0.9655418307825584
1995-02-05,0.0,249.27,9.44,0.85,640.0,0.9890916315333524
1995-02-06,0.0,329.56,8.43,-3.79,457.71,0.9616168639907593
1995-02-07,0.0,307.66,8.97,-1.91,528.54,0.9105922956973721
1995-02-08,0.0,326.85,9.54,-2.13,520.0,0.8517177938203869
1995-02-09,0.0,382.47,6.83,-8.11,323.86,0.7849933583598036
1995-02-10,6.2,271.54,12.82,-0.8,576.28,0.7261188564828183
1995-02-11,44.01,187.49,17.03,8.82,1145.99,1.0911407681201268
1995-02-12,32.64,220.21,15.33,5.68,916.54,3.744418319376263
1995-02-13,0.0,301.42,13.08,3.31,777.66,9.576918971989603
1995-02-14,0.0,348.18,15.01,2.84,747.35,11.382403696217152
1995-02-15,9.04,213.21,16.73,7.49,1039.24,7.810683915680045
1995-02-16,0.0,319.13,23.49,12.18,1414.03,5.808950851862546
1995-02-17,2.98,234.74,24.5,14.61,1660.77,4.670710482240831
1995-02-18,13.25,200.22,16.88,8.68,1134.66,4.1212151313889684
1995-02-19,7.68,134.15,11.94,6.96,996.61,4.1212151313889684
1995-02-20,7.83,156.46,15.5,9.6,1207.85,4.788459485994801
1995-02-21,0.0,289.63,16.5,8.06,1084.65,5.416454172682645
1995-02-22,0.0,425.83,15.46,0.07,611.93,5.377204504764654
1995-02-23,0.0,421.66,18.18,2.84,747.35,4.631460814322841
1995-02-24,0.0,377.2,20.47,7.98,1078.4,3.783667987294253
1995-02-25,0.0,440.94,19.0,2.3,722.18,2.9633499278082582
1995-02-26,0.0,451.85,20.5,2.53,729.88,2.213681270574646
1995-02-27,0.0,412.58,22.96,8.17,1093.5,1.7466102223505628
1995-02-28,5.24,247.22,23.27,13.87,1589.67,1.4561626797574356
1995-03-01,16.19,189.28,21.35,14.02,1601.24,1.5071872480508228
1995-03-02,8.03,258.15,19.0,8.72,1137.97,1.51896214842622
1995-03-03,0.0,412.14,18.86,5.51,920.0,1.7662350563095577
1995-03-04,0.0,385.21,19.58,7.79,1063.47,1.9310836615651168
1995-03-05,0.0,324.98,18.01,9.08,1166.67,1.9036088940225238
1995-03-06,1.68,347.96,21.39,11.39,1350.93,1.6877357204735777
1995-03-07,0.0,376.39,25.3,13.78,1582.43,1.3972881778804502
1995-03-08,1.71,335.43,24.51,14.39,1631.07,1.1578652035807102
1995-03-09,6.97,372.2,18.5,2.48,728.08,1.0715159341611318
1995-03-10,0.0,436.19,13.58,0.76,638.99,1.0165663990759457
1995-03-11,0.0,491.46,17.56,0.25,621.28,0.9969415651169505
1995-03-12,0.0,487.77,22.14,4.34,830.87,0.9576918971989603
1995-03-13,0.0,460.73,23.5,7.73,1058.42,0.8831175281547788
1995-03-14,0.0,424.39,23.5,10.08,1246.0,0.8006932255269996
1995-03-15,0.0,398.99,23.93,11.72,1377.43,0.7300438232746173
1995-03-16,3.82,314.33,23.66,13.17,1509.9,0.6593944210222349
1995-03-17,14.63,256.42,22.85,13.21,1514.27,0.7261188564828183
1995-03-18,0.62,349.09,23.13,13.3,1526.77,0.9498419636153623
1995-03-19,1.18,440.48,21.62,7.31,1024.62,1.4169130118394453
1995-03-20,0.0,483.63,23.0,6.35,950.29,1.310938908460872
1995-03-21,0.0,433.51,25.94,11.78,1382.35,1.2049648050822983
1995-03-22,0.0,468.39,27.72,10.82,1305.49,1.0754409009529309
1995-03-23,0.0,395.91,29.0,15.91,1796.24,0.9105922956973721
1995-03-24,0.0,446.78,28.33,12.83,1466.63,0.7653685244008084
1995-03-25,0.0,441.7,22.92,8.84,1146.84,0.6515444874386369
1995-03-26,0.0,506.27,24.39,5.68,919.78,0.5612702512272595
1995-03-27,0.0,452.02,25.5,10.52,1281.25,0.5063207161420732
1995-03-28,0.0,373.23,25.98,14.75,1680.94,0.435671313889691
1995-03-29,0.0,433.64,24.96,11.43,1354.53,0.37287184522090666
1995-03-30,0.0,400.3,24.18,12.21,1417.02,0.32969721051111744
1995-03-31,1.04,375.83,23.2,11.1,1328.06,0.29829747617672536
1995-04-01,0.02,378.64,18.88,8.28,1102.38,0.2825976090095293
1995-04-02,0.0,488.23,22.15,6.2,936.11,0.2590478082587352
1995-04-03,0.0,513.67,23.86,5.75,919.59,0.23157304071614204
1995-04-04,0.0,489.6,25.44,8.59,1127.26,0.20409827317354892
1995-04-05,0.0,379.83,23.58,12.26,1420.84,0.18054847242275482
1995-04-06,15.47,232.32,19.31,10.79,1303.09,0.2080232399653479
1995-04-07,2.24,365.19,22.36,9.99,1239.53,0.25119787467513716
1995-04-08,0.0,497.96,25.99,8.86,1148.62,0.27474767542593126
1995-04-09,0.0,492.87,27.63,10.43,1274.56,0.30222244296852435
1995-04-10,0.0,474.4,28.95,12.7,1455.89,0.29044754259312733
1995-04-11,0.0,417.08,28.84,15.61,1768.6,0.2433479410915391
1995-04-12,0.0,280.9,26.63,18.62,2142.64,0.19232337279815187
1995-04-13,1.1,303.88,26.37,17.39,1981.82,0.14522377129656366
1995-04-14,0.0,479.99,25.58,10.37,1269.85,0.10597410337857346
1995-04-15,0.0,502.94,25.5,8.89,1151.47,0.07457436904418134
1995-04-16,0.0,519.43,28.9,10.21,1246.94,0.05102456829338723
1995-04-17,0.0,491.67,30.02,12.76,1461.26,0.03689468784291077
1995-04-18,0.0,459.95,30.69,15.07,1722.9,0.02904475425931273
1995-04-19,0.0,453.84,31.0,15.71,1777.19,0.022764807392434302
1995-04-20,0.0,455.84,31.47,15.98,1802.97,0.01805484724227548
1995-04-21,0.0,410.34,31.48,18.19,2093.73,0.012167397054576956
1995-04-22,0.0,448.46,31.13,16.21,1834.91,0.009419920300317642
1995-04-23,0.0,415.14,30.31,17.13,1943.0,0.007457436904418133
1995-04-24,13.06,301.41,27.65,15.51,1760.52,0.009812416979497545
1995-04-25,0.59,506.32,22.4,5.89,925.55,0.010204913658677445
1995-04-26,0.0,523.41,24.27,6.97,997.83,0.010597410337857348
1995-04-27,0.0,462.61,25.47,11.17,1333.35,0.012559893733756858
1995-04-28,0.0,444.64,27.49,13.68,1568.28,0.010597410337857348
1995-04-29,0.0,487.23,28.88,12.67,1458.77,0.021194820675714696
1995-04-30,0.0,463.47,30.17,14.87,1691.35,0.02472729078833381
1995-05-01,0.0,463.96,31.48,15.78,1779.44,0.01962483395899509
1995-05-02,0.0,424.42,30.48,16.84,1909.66,0.012952390412936757
1995-05-03,0.0,496.09,24.78,8.93,1153.68,0.009419920300317642
1995-05-04,0.0,465.32,25.6,11.19,1335.25,0.008242430262777937
1995-05-05,0.0,427.34,29.05,15.68,1779.52,0.00667244354605833
1995-05-06,0.0,477.09,29.19,13.44,1520.01,0.005887450187698527
1995-05-07,0.0,500.97,28.93,11.9,1354.25,0.011382403696217151
1995-05-08,0.0,507.47,30.44,12.73,1412.92,0.00863492694195784
1995-05-09,0.0,449.13,30.63,15.89,1786.79,0.007457436904418133
1995-05-10,0.0,330.44,29.5,19.53,2277.4,0.006279946866878429
1995-05-11,0.0,313.58,28.74,19.47,2270.32,0.007457436904418133
1995-05-12,0.0,318.46,29.88,20.3,2368.5,0.00431746347097892
1995-05-13,0.93,413.6,31.04,18.07,1924.84,0.0038072177880450466
1995-05-14,0.0,395.11,32.98,20.64,2086.05,0.005102456829338723
1995-05-15,0.0,477.2,34.85,18.92,1686.74,0.009812416979497545
1995-05-16,9.49,362.36,33.98,17.55,1782.69,0.02825976090095293
1995-05-17,0.0,431.08,33.78,20.16,1934.95,0.012167397054576956
1995-05-18,0.0,390.27,33.91,21.83,2242.0,0.00863492694195784
1995-05-19,13.99,268.52,31.99,21.12,2465.38,0.010204913658677445
1995-05-20,3.04,401.15,28.2,15.97,1566.73,0.014914873808836266
1995-05-21,0.0,455.63,27.5,14.28,1298.47,0.011382403696217151
1995-05-22,0.0,487.3,29.9,15.12,1249.96,0.009419920300317642
1995-05-23,0.0,474.71,29.82,15.57,1309.49,0.007457436904418133
1995-05-24,0.0,459.5,30.19,16.49,1410.0,0.00667244354605833
1995-05-25,0.0,483.72,30.92,16.17,1330.27,0.006279946866878429
1995-05-26,0.0,504.14,32.96,16.94,1340.36,0.005887450187698527
1995-05-27,0.0,458.86,33.4,19.32,1647.44,0.00667244354605833
1995-05-28,0.0,471.33,32.66,18.17,1512.98,0.005102456829338723
1995-05-29,0.0,461.01,32.56,18.59,1575.33,0.007064940225238232
1995-05-30,20.68,314.97,32.61,19.94,2040.14,0.012167397054576956
1995-05-31,10.72,284.41,31.09,20.09,2187.28,0.012167397054576956
1995-06-01,9.64,250.11,31.14,21.59,2506.47,0.012952390412936757
1995-06-02,7.58,229.38,30.5,21.94,2630.45,0.01530737048801617
1995-06-03,21.31,186.49,27.56,21.04,2487.18,0.05494953508518625
1995-06-04,26.32,175.99,27.5,21.45,2551.64,0.058874501876985265
1995-06-05,54.79,203.59,28.47,21.5,2560.0,0.2943725093849263
1995-06-06,53.17,242.46,29.88,21.5,2560.0,3.9642164597170075
1995-06-07,0.0,386.88,32.0,21.53,2564.64,24.72729078833381
1995-06-08,0.0,407.18,33.44,22.06,2649.81,15.85686583886803
1995-06-09,0.0,421.99,35.5,23.0,2800.46,8.674176609875829
1995-06-10,0.0,469.91,35.09,20.49,2398.49,5.6127025122725955
1995-06-11,0.0,439.58,34.21,21.12,2498.71,3.8150677216286453
1995-06-12,0.0,392.33,32.48,21.6,2575.83,2.5669282818365575
1995-06-13,0.36,394.64,28.23,17.83,2052.3,1.5896115506786022
1995-06-14,0.0,465.3,27.44,14.96,1713.33,1.0244163326595435
1995-06-15,0.0,493.14,28.28,14.51,1643.15,0.8360179266531909
1995-06-16,0.0,472.12,29.0,16.04,1810.42,0.6279946866878429
1995-06-17,0.18,447.52,29.0,16.86,1911.33,0.443521247473289
1995-06-18,0.81,420.05,28.96,17.33,1976.39,0.3218472769275194
1995-06-19,1.23,372.42,28.31,18.39,2111.07,0.2590478082587352
1995-06-20,0.0,443.52,27.96,16.39,1861.65,0.27867264221773025
1995-06-21,8.05,315.27,28.5,17.74,2038.75,0.42389641351429386
1995-06-22,9.51,308.82,30.24,19.57,2281.66,0.5141706497256713
1995-06-23,12.51,301.25,30.61,20.71,2433.21,0.4592211146404851
1995-06-24,0.0,410.84,30.99,20.39,2383.14,0.40427157955529885
1995-06-25,0.21,408.23,31.91,21.24,2517.65,0.6476195206468379
1995-06-26,0.78,376.69,32.0,22.45,2711.71,0.9773167311579554
1995-06-27,0.0,414.44,33.41,22.5,2720.0,0.8085431591105977
1995-06-28,3.3,406.86,33.02,21.98,2636.33,0.4866958821830782
1995-06-29,7.61,361.42,31.43,21.5,2560.0,0.3336221773029165
1995-06-30,0.69,422.02,31.91,20.78,2444.66,0.2865225758013283
1995-07-01,0.0,419.55,32.26,21.52,2563.65,0.2708227086341322
1995-07-02,0.0,392.69,31.5,21.76,2602.24,0.32969721051111744
1995-07-03,5.31,295.49,31.5,21.64,2582.95,0.3061474097603234
1995-07-04,0.0,410.85,32.96,22.16,2665.39,0.22764807392434303
1995-07-05,0.0,421.96,34.02,22.47,2715.14,0.1609236384637597
1995-07-06,0.0,434.95,34.9,22.53,2724.49,0.14522377129656366
1995-07-07,0.0,444.25,34.5,21.79,2606.97,0.14522377129656366
1995-07-08,0.0,447.95,34.66,21.71,2593.0,0.07064940225238232
1995-07-09,0.0,457.73,34.33,21.02,2483.43,0.03610969448455096
1995-07-10,0.0,460.75,34.94,21.35,2535.98,0.0223723107132544
1995-07-11,0.0,467.44,34.75,20.88,2460.99,0.016484860525555874
1995-07-12,1.78,404.32,34.01,21.25,2519.69,0.011382403696217151
1995-07-13,2.17,383.26,33.24,22.18,2669.3,0.010597410337857348
1995-07-14,1.55,338.2,31.84,22.08,2653.42,0.014129880450476464
1995-07-15,9.62,306.04,33.5,22.42,2707.61,0.012559893733756858
1995-07-16,0.0,411.72,34.95,23.41,2865.64,0.012559893733756858
1995-07-17,22.99,314.23,34.08,22.5,2719.83,0.010597410337857348
1995-07-18,0.0,398.23,32.92,22.36,2697.0,0.013737383771296562
1995-07-19,0.0,407.08,33.54,22.51,2721.5,0.02040982731735489
1995-07-20,0.0,417.27,34.69,23.0,2800.0,0.014129880450476464
1995-07-21,6.34,385.75,35.55,23.99,2993.45,0.007849933583598036
1995-07-22,0.0,419.63,35.36,23.35,2856.01,0.00667244354605833
1995-07-23,0.11,404.3,35.93,24.29,3045.83,0.005494953508518624
1995-07-24,0.0,412.92,36.02,24.0,3000.0,0.007064940225238232
1995-07-25,5.67,337.11,35.5,23.02,2803.05,0.007457436904418133
1995-07-26,1.33,436.75,34.39,21.04,2486.52,0.031007237655212242
1995-07-27,10.92,291.93,32.39,21.91,2625.96,0.09812416979497544
1995-07-28,0.0,356.69,32.42,22.99,2798.92,0.2629727750505342
1995-07-29,8.98,284.27,32.5,22.99,2798.1,0.2865225758013283
1995-07-30,7.74,260.42,31.83,22.82,2771.21,0.27867264221773025
1995-07-31,0.0,376.55,32.46,22.47,2715.12,0.2865225758013283
1995-08-01,4.32,285.58,32.45,22.67,2747.24,0.23942297429974008
1995-08-02,20.81,243.64,31.4,23.12,2818.5,0.1766235056309558
1995-08-03,43.16,218.04,29.73,22.64,2742.8,0.5023957493502743
1995-08-04,10.69,238.78,31.3,23.34,2854.33,1.2795391741264797
1995-08-05,0.0,357.41,32.25,23.09,2813.67,4.199714467224949
1995-08-06,0.0,371.12,33.0,23.33,2852.54,5.180956165174703
1995-08-07,0.0,401.32,33.96,23.13,2821.46,3.822917655212243
1995-08-08,27.48,269.73,31.28,22.38,2700.76,2.23723107132544
1995-08-09,0.0,364.47,29.26,20.62,2418.53,1.1460903032053131
1995-08-10,0.0,415.79,31.05,20.59,2413.87,0.7889183251516025
1995-08-11,0.0,424.96,32.25,21.22,2515.34,0.5534203176436615
1995-08-12,0.0,436.7,33.99,22.04,2646.11,0.40427157955529885
1995-08-13,0.0,452.63,35.74,22.45,2712.71,0.3179223101357204
1995-08-14,0.0,435.92,36.5,23.64,2913.8,0.223723107132544
1995-08-15,0.0,406.91,36.34,24.7,3111.75,0.1334488709211666
1995-08-16,5.71,344.06,34.97,22.93,2789.59,0.08242430262777936
1995-08-17,0.0,414.65,35.5,23.7,2928.59,0.05494953508518625
1995-08-18,0.0,423.51,36.7,24.11,3017.07,0.031007237655212242
1995-08-19,0.58,412.24,35.51,23.38,2861.35,0.029437250938492632
1995-08-20,3.72,277.15,31.78,22.5,2720.0,0.025119787467513716
1995-08-21,0.0,374.61,31.01,21.58,2573.06,0.021587317354894598
1995-08-22,0.0,426.81,32.44,20.88,2460.49,0.01923233727981519
1995-08-23,9.62,296.9,31.75,21.82,2610.51,0.016877357204735776
1995-08-24,20.5,195.83,28.76,22.76,2761.88,0.043174634709789196
1995-08-25,83.78,99.94,25.77,23.02,2803.03,0.7339687900664164
1995-08-26,79.55,165.31,28.02,23.23,2836.41,4.238964135142939
1995-08-27,0.51,252.78,30.11,24.4,3064.73,16.327861853883913
1995-08-28,1.96,259.83,30.03,23.49,2879.87,16.445610857637885
1995-08-29,0.0,360.99,29.79,21.45,2552.62,9.851666647415534
1995-08-30,0.0,413.05,31.0,20.75,2439.22,6.51544487438637
1995-08-31,0.0,414.47,31.0,20.65,2423.26,4.592211146404851
1995-09-01,0.0,424.63,31.44,20.48,2397.02,3.159598267398209
1995-09-02,0.0,412.55,31.23,20.65,2424.47,1.9232337279815186
1995-09-03,0.0,435.2,29.53,18.3,2107.09,1.0832908345365289
1995-09-04,0.0,459.68,28.6,16.36,1853.12,0.7575185908172104
1995-09-05,0.95,370.66,27.73,18.09,2084.63,0.5180956165174704
1995-09-06,3.75,228.18,25.0,18.33,2106.91,0.3807217788045047
1995-09-07,0.28,293.21,26.44,19.81,2304.76,0.3414721108865145
1995-09-08,0.0,330.48,28.0,20.34,2374.61,0.3218472769275194
1995-09-09,0.0,348.74,28.86,20.58,2412.05,0.2943725093849263
1995-09-10,0.0,422.47,30.79,19.54,2282.88,0.25119787467513716
1995-09-11,0.0,411.09,31.0,20.14,2342.43,0.23157304071614204
1995-09-12,1.75,330.62,30.32,21.02,2483.2,0.27867264221773025
1995-09-13,0.28,337.56,29.65,21.5,2560.59,0.25119787467513716
1995-09-14,12.35,272.33,30.5,21.57,2571.88,0.23157304071614204
1995-09-15,1.39,362.81,30.0,20.48,2396.02,0.2708227086341322
1995-09-16,0.0,368.9,30.06,21.03,2485.06,0.2668977418423332
1995-09-17,0.92,348.52,31.02,22.21,2673.82,0.31007237655212244
1995-09-18,0.0,382.06,30.5,20.97,2474.82,0.40819654634709784
1995-09-19,0.0,404.36,28.47,18.42,2114.59,0.38464674559630374
1995-09-20,0.0,352.75,27.58,19.4,2262.63,0.36894687842910767
1995-09-21,0.0,380.84,29.5,20.08,2337.3,0.2943725093849263
1995-09-22,0.0,386.14,30.66,20.73,2436.72,0.23549800750794106
1995-09-23,0.43,416.63,30.45,18.42,2117.61,0.19232337279815187
1995-09-24,8.26,283.8,20.86,12.24,1419.33,0.16484860525555872
1995-09-25,8.68,257.61,20.71,13.03,1489.85,0.17269853883915678
1995-09-26,20.83,224.27,24.47,17.61,2017.99,0.19232337279815187
1995-09-27,4.84,290.49,27.1,19.7,2295.73,0.2943725093849263
1995-09-28,0.0,323.55,27.5,19.5,2280.27,0.5455703840600634
1995-09-29,0.0,405.29,27.5,16.37,1856.61,0.7967682587352005
1995-09-30,0.0,371.98,26.97,17.26,1962.24,0.7771434247762055
1995-10-01,0.0,318.06,26.34,18.56,2134.36,0.6358446202714408
1995-10-02,0.0,371.48,28.49,18.46,2119.22,0.5298705168928673
1995-10-03,0.0,356.45,29.0,19.44,2269.9,0.4121215131388969
1995-10-04,0.01,309.64,30.01,21.93,2629.32,0.32969721051111744
1995-10-05,0.03,257.17,31.1,24.46,3073.05,0.29044754259312733
1995-10-06,0.0,364.49,30.96,20.46,2394.71,0.23549800750794106
1995-10-07,0.0,357.58,30.5,20.21,2359.24,0.18054847242275482
1995-10-08,0.0,430.19,30.0,15.24,1733.77,0.14522377129656366
1995-10-09,0.0,391.99,28.43,16.4,1859.02,0.11382403696217151
1995-10-10,0.0,327.72,27.0,18.08,2080.36,0.10597410337857346
1995-10-11,0.0,224.08,26.0,20.39,2382.81,0.09812416979497544
1995-10-12,0.0,168.62,24.0,19.98,2318.43,0.09027423621137741
1995-10-13,7.73,187.3,26.91,20.55,2408.65,0.09812416979497544
1995-10-14,8.26,227.53,29.5,21.05,2488.62,0.1098990701703725
1995-10-15,16.69,319.86,26.75,11.88,1390.07,0.18054847242275482
1995-10-16,0.0,434.15,23.35,8.31,1104.73,0.223723107132544
1995-10-17,0.0,427.24,24.0,9.0,1159.71,0.2865225758013283
1995-10-18,0.0,394.7,24.49,11.68,1374.76,0.27474767542593126
1995-10-19,0.0,369.79,26.03,14.2,1616.76,0.21194820675714693
1995-10-20,0.0,375.78,27.45,14.67,1669.52,0.1609236384637597
1995-10-21,0.0,427.85,25.48,7.99,1079.35,0.12559893733756858
1995-10-22,0.0,429.55,22.17,4.96,876.42,0.09027423621137741
1995-10-23,0.0,413.94,24.5,8.0,1080.27,0.0667244354605833
1995-10-24,0.0,380.16,27.44,12.82,1474.02,0.05102456829338723
1995-10-25,0.0,358.54,28.5,14.86,1694.25,0.043174634709789196
1995-10-26,0.0,366.84,27.5,13.11,1504.16,0.036502191163730865
1995-10-27,0.0,336.51,28.28,15.41,1750.2,0.043174634709789196
1995-10-28,22.86,228.68,27.2,16.08,1812.07,0.10597410337857346
1995-10-29,0.0,387.21,21.99,6.06,928.11,0.19232337279815187
1995-10-30,0.0,361.53,20.82,6.87,989.56,0.2080232399653479
1995-10-31,2.43,219.14,19.81,11.79,1383.43,0.18839840600635285
1995-11-01,0.02,208.92,22.32,15.32,1743.65,0.16484860525555872
1995-11-02,1.08,224.24,26.29,18.3,2103.47,0.1530737048801617
1995-11-03,9.13,168.02,27.03,18.89,2182.15,0.20409827317354892
1995-11-04,3.4,283.84,21.3,7.84,1067.28,0.31007237655212244
1995-11-05,0.0,310.7,15.12,3.96,805.7,0.2943725093849263
1995-11-06,0.0,303.44,15.41,4.49,839.31,0.23942297429974008
1995-11-07,12.57,251.56,23.4,9.41,1192.73,0.21587317354894595
1995-11-08,30.68,256.61,22.86,8.2,1095.84,0.3336221773029165
1995-11-09,0.0,354.28,16.09,1.09,649.1,0.4160464799306958
1995-11-10,0.0,350.01,17.74,2.36,722.69,0.5063207161420732
1995-11-11,1.49,315.81,22.45,7.62,1049.69,0.5180956165174704
1995-11-12,8.95,276.46,18.86,-0.05,600.64,0.4317463470978919
1995-11-13,0.0,334.4,15.74,0.4,629.89,0.36109694484550964
1995-11-14,2.43,240.32,15.75,4.12,815.2,0.34539707767831357
1995-11-15,0.0,314.0,12.95,-0.71,583.33,0.3336221773029165
1995-11-16,0.0,316.73,13.62,-0.38,599.15,0.31007237655212244
1995-11-17,0.0,311.35,14.46,0.61,635.29,0.27867264221773025
1995-11-18,0.0,325.03,17.43,1.85,704.54,0.2433479410915391
1995-11-19,0.0,325.64,20.48,4.12,816.96,0.21194820675714693
1995-11-20,0.0,320.28,21.0,4.96,875.04,0.18839840600635285
1995-11-21,0.0,276.74,19.89,7.31,1025.18,0.17269853883915678
1995-11-22,0.0,343.84,18.14,-0.4,596.41,0.1530737048801617
1995-11-23,0.0,340.34,17.82,-0.55,591.01,0.12167397054576955
1995-11-24,0.0,302.26,18.5,3.72,800.78,0.10204913658677446
1995-11-25,4.21,139.71,14.15,6.5,960.0,0.09812416979497544
1995-11-26,0.0,287.12,14.8,1.56,684.5,0.09419920300317643
1995-11-27,0.0,326.34,20.99,2.93,754.71,0.09419920300317643
1995-11-28,0.0,303.51,24.03,7.69,1055.06,0.09812416979497544
1995-11-29,2.0,217.08,23.92,13.71,1576.43,0.10597410337857346
1995-11-30,0.0,297.99,19.02,3.66,800.0,0.11774900375397053
1995-12-01,0.0,309.19,17.08,0.49,633.81,0.1098990701703725
1995-12-02,0.0,316.62,21.0,2.5,730.98,0.1098990701703725
1995-12-03,0.0,309.44,21.67,3.4,782.79,0.16877357204735774
1995-12-04,0.0,288.0,22.12,5.85,921.98,0.14914873808836268
1995-12-05,0.0,225.42,22.52,10.81,1305.1,0.1295239041293676
1995-12-06,7.26,128.28,20.3,11.89,1391.46,0.12167397054576955
1995-12-07,4.23,171.18,19.25,8.13,1090.66,0.11382403696217151
1995-12-08,0.0,228.31,12.89,1.92,708.69,0.11382403696217151
1995-12-09,7.67,99.03,10.29,4.49,840.48,0.11774900375397053
1995-12-10,11.86,177.22,8.92,-2.06,527.22,0.18054847242275482
1995-12-11,0.0,262.88,8.1,-4.53,440.0,0.223723107132544
1995-12-12,0.0,303.81,12.67,-3.78,458.57,0.2668977418423332
1995-12-13,0.0,314.52,16.97,-1.47,554.97,0.3061474097603234
1995-12-14,0.0,280.85,20.5,5.07,881.59,0.3061474097603234
1995-12-15,0.0,257.58,23.26,9.32,1185.36,0.2825976090095293
1995-12-16,0.0,229.45,24.47,12.4,1431.63,0.25512284146693615
1995-12-17,0.0,223.74,21.74,10.43,1274.12,0.23549800750794106
1995-12-18,2.56,130.85,17.18,10.26,1260.61,0.21587317354894595
1995-12-19,5.75,125.5,18.97,11.29,1343.39,0.219798140340745
1995-12-20,0.0,263.29,20.31,6.92,993.43,0.23157304071614204
1995-12-21,0.0,256.92,9.51,-2.43,515.47,0.223723107132544
1995-12-22,0.0,249.32,8.22,-2.98,490.02,0.223723107132544
1995-12-23,0.0,237.45,8.0,-2.28,520.15,0.219798140340745
1995-12-24,0.0,256.98,7.33,-3.98,444.61,0.1962483395899509
1995-12-25,0.0,269.3,7.6,-4.66,440.0,0.16877357204735774
1995-12-26,0.0,258.78,8.0,-3.5,475.49,0.14914873808836268
1995-12-27,0.0,262.92,9.42,-2.25,520.0,0.13737383771296563
1995-12-28,0.0,280.36,10.0,-2.8,496.36,0.12167397054576955
1995-12-29,0.0,296.92,10.49,-3.8,456.56,0.1098990701703725
1995-12-30,0.0,311.25,15.52,-0.75,581.01,0.10597410337857346
1995-12-31,3.83,148.22,16.5,8.22,1097.34,0.14522377129656366
1996-01-01,9.23,81.11,17.09,12.25,1420.27,0.18054847242275482
1996-01-02,10.26,109.35,21.36,14.5,1640.0,0.29829747617672536
1996-01-03,0.0,284.48,22.29,6.87,989.46,0.39642164597170076
1996-01-04,0.0,257.06,10.1,-1.91,527.48,0.5259455501010684
1996-01-05,0.0,291.74,12.78,-1.94,525.11,0.5337954836846664
1996-01-06,0.0,313.31,16.36,-0.77,579.14,0.45529614784868605
1996-01-07,14.35,232.6,15.7,-0.9,568.29,0.4317463470978919
1996-01-08,0.13,268.53,7.29,-5.23,421.36,0.4709960150158821
1996-01-09,0.0,300.93,8.86,-5.98,400.0,0.5023957493502743
1996-01-10,0.0,288.86,12.84,-1.21,559.86,0.5573452844354605
1996-01-11,0.0,311.57,14.02,-2.0,520.0,0.5377204504764654
1996-01-12,2.98,180.14,12.87,2.27,719.25,0.47492098180768116
1996-01-13,0.0,279.94,11.5,-1.48,560.0,0.42389641351429386
1996-01-14,0.0,329.25,18.18,0.15,611.81,0.3807217788045047
1996-01-15,0.0,313.97,20.72,4.16,815.68,0.3571719780537106
1996-01-16,0.0,287.64,19.27,5.28,902.09,0.36109694484550964
1996-01-17,0.0,225.12,17.8,7.87,1069.21,0.3807217788045047
1996-01-18,3.5,180.2,21.88,11.1,1327.94,0.3532470112619116
1996-01-19,4.88,239.18,22.38,5.65,918.64,0.36894687842910767
1996-01-20,0.0,317.59,10.19,-4.74,439.98,0.45529614784868605
1996-01-21,0.0,231.28,9.65,0.14,615.55,0.45529614784868605
1996-01-22,0.0,295.39,11.5,-1.62,550.17,0.4003466127634998
1996-01-23,0.0,345.73,17.84,-0.1,603.72,0.3571719780537106
1996-01-24,5.99,215.38,20.05,6.92,993.32,0.3532470112619116
1996-01-25,0.0,347.13,16.38,-1.08,564.42,0.34539707767831357
1996-01-26,0.0,345.95,18.39,0.98,648.93,0.3336221773029165
1996-01-27,5.89,220.42,20.31,7.06,1004.61,0.32969721051111744
1996-01-28,0.0,350.61,14.58,-2.29,519.03,0.3414721108865145
1996-01-29,0.0,334.77,16.93,1.42,673.79,0.3336221773029165
1996-01-30,1.21,299.07,20.07,6.88,990.44,0.34932204447011256
1996-01-31,6.59,192.71,20.92,10.01,1240.6,0.36894687842910767
1996-02-01,0.0,294.97,18.63,5.8,920.0,0.3650219116373086
1996-02-02,8.65,171.06,15.69,6.73,978.65,0.36109694484550964
1996-02-03,14.46,215.93,12.78,1.22,657.24,0.4317463470978919
1996-02-04,0.0,171.06,1.75,-4.17,443.13,0.5494953508518625
1996-02-05,0.0,301.11,1.4,-9.78,280.16,0.6711693213976321
1996-02-06,0.0,368.35,8.62,-7.01,360.0,0.655469454230436
1996-02-07,0.0,385.82,13.5,-4.18,441.08,0.5926699855616516
1996-02-08,0.0,393.57,18.63,-0.54,591.84,0.5298705168928673
1996-02-09,0.0,315.9,22.0,8.91,1152.6,0.4592211146404851
1996-02-10,0.0,391.52,23.0,3.84,802.7,0.40819654634709784
1996-02-11,0.0,326.64,23.0,9.23,1178.58,0.36109694484550964
1996-02-12,0.0,380.22,20.03,2.85,748.32,0.32577224371931846
1996-02-13,0.0,366.19,12.6,-2.31,520.0,0.3061474097603234
1996-02-14,0.0,385.11,18.58,1.73,698.22,0.27867264221773025
1996-02-15,6.14,227.47,21.08,9.35,1187.98,0.2472729078833381
1996-02-16,2.21,357.34,18.42,2.52,723.18,0.30222244296852435
1996-02-17,0.0,342.22,9.5,-3.29,479.88,0.29044754259312733
1996-02-18,0.0,379.16,13.9,-1.26,558.58,0.25119787467513716
1996-02-19,0.0,367.43,17.78,3.18,769.86,0.2472729078833381
1996-02-20,5.53,244.99,21.7,9.06,1165.05,0.2433479410915391
1996-02-21,0.0,378.89,23.34,7.41,1032.63,0.2472729078833381
1996-02-22,0.0,360.02,23.5,9.03,1162.29,0.25119787467513716
1996-02-23,0.0,313.64,24.5,12.54,1443.0,0.25512284146693615
1996-02-24,0.0,295.02,26.23,15.12,1729.54,0.25119787467513716
1996-02-25,0.0,437.96,26.0,5.45,911.22,0.23157304071614204
1996-02-26,0.0,415.42,27.85,9.2,1176.38,0.20409827317354892
1996-02-27,0.0,380.32,26.99,11.42,1353.81,0.18839840600635285
1996-02-28,7.13,202.86,23.43,13.95,1596.31,0.1766235056309558
1996-02-29,0.98,259.82,19.05,10.16,1253.11,0.18054847242275482
1996-03-01,3.03,242.02,14.5,5.52,920.0,0.18054847242275482
1996-03-02,0.0,255.09,14.47,6.57,965.96,0.1766235056309558
1996-03-03,0.0,405.65,18.29,3.57,799.79,0.18054847242275482
1996-03-04,0.0,453.76,20.33,1.74,695.3,0.16877357204735774
1996-03-05,0.0,451.61,22.89,3.84,791.86,0.14129880450476465
1996-03-06,15.33,301.0,24.28,10.99,1319.45,0.18447343921455384
1996-03-07,20.74,172.11,22.11,14.55,1647.77,0.40819654634709784
1996-03-08,10.69,364.83,20.39,-0.99,560.41,0.6436945538550388
1996-03-09,0.0,380.18,6.28,-5.87,397.47,0.8320929598613916
1996-03-10,0.0,358.55,6.95,-4.16,440.93,0.8988173953219749
1996-03-11,0.0,340.34,10.64,0.35,628.37,0.8163930926941957
1996-03-12,0.0,434.96,14.97,0.1,607.93,0.6868691885648281
1996-03-13,0.0,487.92,17.5,-1.46,559.58,0.5887450187698526
1996-03-14,0.0,498.77,22.0,1.09,650.31,0.47492098180768116
1996-03-15,0.0,461.05,24.99,7.17,1013.31,0.3924966791799018
1996-03-16,4.13,344.41,25.88,11.96,1396.56,0.3375471440947155
1996-03-17,7.07,225.19,23.52,14.01,1600.75,0.30222244296852435
1996-03-18,23.73,189.33,21.6,14.0,1600.0,0.37287184522090666
1996-03-19,0.0,230.65,17.5,10.99,1319.41,0.6044448859370487
1996-03-20,0.0,350.98,13.01,3.07,765.3,0.8634926941957838
1996-03-21,0.0,351.99,11.78,1.97,717.74,1.102915668495524
1996-03-22,0.0,460.3,14.84,0.38,630.62,1.102915668495524
1996-03-23,0.0,513.1,18.1,-0.5,597.29,0.9655418307825584
1996-03-24,0.0,505.83,20.64,2.24,718.47,0.7378937568582153
1996-03-25,0.0,459.29,23.26,7.67,1050.96,0.5102456829338723
1996-03-26,0.0,406.35,24.5,11.69,1375.0,0.38857171238810273
1996-03-27,0.0,413.44,25.33,12.32,1425.4,0.3414721108865145
1996-03-28,23.58,240.24,19.55,10.76,1301.1,0.447446214265088
1996-03-29,1.05,308.44,17.54,9.32,1185.84,0.682944221773029
1996-03-30,1.73,370.62,19.93,9.51,1200.75,0.9773167311579554
1996-03-31,4.99,241.79,19.29,10.59,1286.86,1.3423386427952642
1996-04-01,5.13,243.43,20.69,11.83,1386.58,1.550361882760612
1996-04-02,0.0,439.63,18.97,6.26,940.76,1.4051381114640484
1996-04-03,0.0,527.1,22.79,4.44,831.59,1.0832908345365289
1996-04-04,0.0,493.14,25.5,9.26,1172.33,0.9184422292809702
1996-04-05,0.0,443.56,26.55,12.88,1470.63,0.7928432919434015
1996-04-06,6.48,345.32,24.25,10.1,1247.76,0.667244354605833
1996-04-07,5.64,276.73,16.1,6.6,967.68,0.6162197863124458
1996-04-08,0.0,487.1,18.73,4.36,828.82,0.5926699855616516
1996-04-09,0.0,431.76,19.54,7.61,1048.97,0.5573452844354605
1996-04-10,0.0,516.6,17.61,1.67,691.77,0.5023957493502743
1996-04-11,0.0,546.85,20.38,1.8,696.57,0.435671313889691
1996-04-12,0.0,550.12,24.99,5.25,856.3,0.37287184522090666
1996-04-13,0.0,507.64,26.58,9.98,1200.03,0.3218472769275194
1996-04-14,0.0,439.9,28.9,15.52,1754.52,0.2708227086341322
1996-04-15,2.44,332.08,28.15,17.47,1995.37,0.22764807392434303
1996-04-16,0.11,433.28,21.42,9.5,1200.28,0.2001733063817499
1996-04-17,0.0,535.17,23.58,5.92,911.8,0.1766235056309558
1996-04-18,0.0,537.36,26.81,8.02,1024.58,0.15699867167196072
1996-04-19,0.0,475.06,27.37,12.19,1392.93,0.12167397054576955
1996-04-20,0.0,437.21,28.9,15.13,1710.84,0.09419920300317643
1996-04-21,3.24,351.1,30.01,15.0,1709.93,0.09419920300317643
1996-04-22,0.0,455.37,29.79,15.21,1698.69,0.1098990701703725
1996-04-23,0.0,419.65,29.55,16.71,1888.63,0.12559893733756858
1996-04-24,0.41,536.1,27.2,8.85,1058.67,0.09812416979497544
1996-04-25,0.0,544.08,25.35,6.7,922.57,0.06279946866878429
1996-04-26,4.45,388.46,27.99,13.98,1574.62,0.03767968120127057
1996-04-27,1.79,391.55,28.29,14.55,1650.98,0.02629727750505342
1996-04-28,0.0,516.99,28.5,10.75,1208.72,0.01962483395899509
1996-04-29,0.0,370.02,28.54,17.3,1968.45,0.014914873808836266
1996-04-30,28.93,282.61,25.55,14.43,1634.41,0.3414721108865145
1996-05-01,0.0,494.22,22.92,7.16,1008.82,0.7575185908172104
1996-05-02,0.0,515.68,25.49,8.02,1062.59,0.894892428530176
1996-05-03,0.0,510.87,28.44,10.8,1246.81,0.6868691885648281
1996-05-04,0.0,479.45,30.81,14.52,1558.92,0.435671313889691
1996-05-05,0.0,425.62,32.0,17.9,2001.13,0.29044754259312733
1996-05-06,0.0,419.81,32.96,18.92,2132.68,0.19232337279815187
1996-05-07,0.0,437.81,32.22,17.48,1926.61,0.1295239041293676
1996-05-08,0.0,387.37,31.65,19.08,2196.74,0.2865225758013283
1996-05-09,0.0,420.03,31.36,17.56,1963.3,0.3336221773029165
1996-05-10,0.0,415.44,30.99,17.51,1968.46,0.17269853883915678
1996-05-11,0.0,406.24,30.99,18.0,2042.85,0.07457436904418134
1996-05-12,0.0,398.93,29.89,17.51,1986.46,0.03885717123881028
1996-05-13,0.0,467.63,26.42,11.92,1344.95,0.02472729078833381
1996-05-14,0.0,447.35,23.58,10.31,1247.08,0.016484860525555874
1996-05-15,0.0,449.69,25.37,11.74,1354.01,0.012167397054576956
1996-05-16,0.0,455.69,28.5,14.13,1530.9,0.009812416979497545
1996-05-17,0.0,435.7,31.72,17.72,1919.34,0.007457436904418133
1996-05-18,0.0,459.24,34.0,18.63,1974.79,0.005887450187698527
1996-05-19,0.0,434.17,35.02,20.52,2257.2,0.005494953508518624
1996-05-20,3.56,349.84,35.26,20.58,2361.28,0.009419920300317642
1996-05-21,0.0,438.27,34.42,19.9,2157.65,0.010597410337857348
1996-05-22,0.0,409.47,34.66,21.25,2397.51,0.00667244354605833
1996-05-23,0.0,387.33,33.93,21.5,2484.1,0.006279946866878429
1996-05-24,0.0,368.94,32.97,21.5,2518.36,0.005102456829338723
1996-05-25,0.0,400.62,33.86,21.25,2418.86,0.005494953508518624
1996-05-26,0.0,440.94,33.0,19.06,2048.9,0.003532470112619116
1996-05-27,12.52,315.72,33.6,20.11,2340.81,0.003296972105111175
1996-05-28,0.22,374.16,32.41,20.99,2457.2,0.003493220444701126
1996-05-29,0.0,388.49,30.0,18.63,2110.59,0.0037287184522090664
1996-05-30,0.0,360.04,30.0,19.58,2270.14,0.0029437250938492633
1996-05-31,0.0,440.94,28.0,15.18,1638.23,0.0037287184522090664
1996-06-01,0.0,445.78,27.37,14.58,1573.67,0.00215873173548946
1996-06-02,0.0,440.85,28.0,15.42,1664.77,0.002001733063817499
1996-06-03,0.0,479.11,28.1,14.05,1475.81,0.0020409827317354893
1996-06-04,0.0,467.49,30.0,16.14,1688.33,0.0017269853883915677
1996-06-05,0.0,470.05,31.5,17.35,1747.59,0.001766235056309558
1996-06-06,0.0,483.91,32.3,17.58,1635.44,0.0016484860525555875
1996-06-07,0.0,482.89,32.68,18.0,1610.08,0.0016092363846375972
1996-06-08,3.35,402.22,32.27,19.01,1885.38,0.0019232337279815187
1996-06-09,15.82,277.24,31.22,20.64,2393.13,0.002433479410915391
1996-06-10,0.0,370.01,30.06,19.82,2177.16,0.002394229742997401
1996-06-11,0.0,386.12,31.51,20.6,2236.9,0.0019232337279815187
1996-06-12,0.0,472.21,33.01,18.73,1816.31,0.001530737048801617
1996-06-13,0.0,461.06,33.5,19.57,1930.99,0.002001733063817499
1996-06-14,9.72,326.76,33.14,19.93,2261.35,0.00431746347097892
1996-06-15,9.82,320.1,31.94,19.31,2223.79,0.00863492694195784
1996-06-16,3.21,328.27,31.48,19.54,2241.66,0.010204913658677445
1996-06-17,5.97,283.46,30.5,20.03,2320.01,0.010989907017037248
1996-06-18,0.0,402.05,30.95,19.93,2083.85,0.00863492694195784
1996-06-19,0.0,422.61,32.88,20.94,2152.96,0.00667244354605833
1996-06-20,0.0,412.71,33.07,21.5,2248.76,0.005887450187698527
1996-06-21,4.39,340.95,33.75,20.51,2278.94,0.005102456829338723
1996-06-22,0.82,404.21,34.54,21.84,2335.2,0.003924966791799018
1996-06-23,0.0,450.02,36.44,22.71,2331.14,0.0038464674559630374
1996-06-24,0.0,438.87,36.94,23.5,2470.37,0.003924966791799018
1996-06-25,0.0,445.99,36.54,22.92,2369.87,0.0038857171238810277
1996-06-26,0.04,407.32,34.83,23.0,2495.67,0.001962483395899509
1996-06-27,1.86,350.66,31.5,22.0,2367.15,0.0016877357204735776
1996-06-28,0.0,459.76,31.23,18.43,1676.81,0.001530737048801617
1996-06-29,0.0,488.08,31.7,17.61,1526.05,0.001373738377129656
1996-06-30,0.0,495.56,33.11,18.44,1543.01,0.0012559893733756857
1996-07-01,0.0,477.59,35.98,21.53,1833.63,0.0012559893733756857
1996-07-02,0.0,460.17,37.5,23.39,2086.74,0.0012167397054576954
1996-07-03,0.0,436.15,37.07,24.0,2241.23,0.0014522377129656365
1996-07-04,0.0,468.89,34.56,20.75,1784.53,0.0012952390412936758
1996-07-05,14.93,383.73,32.75,20.81,2032.05,0.008242430262777937
1996-07-06,31.12,270.63,30.71,20.96,2391.34,0.015699867167196072
1996-07-07,0.0,335.6,31.48,22.5,2612.91,0.010989907017037248
1996-07-08,0.0,375.89,32.77,22.5,2507.38,0.016877357204735776
1996-07-09,0.0,368.7,32.5,22.5,2528.89,0.008242430262777937
1996-07-10,0.0,392.76,33.5,22.59,2475.73,0.012167397054576956
1996-07-11,7.12,337.97,33.73,22.56,2564.16,0.011382403696217151
1996-07-12,3.43,278.28,30.5,21.5,2559.62,0.00431746347097892
1996-07-13,0.0,421.35,32.0,20.53,2195.13,0.0028652257580132827
1996-07-14,23.37,306.29,33.0,21.57,2541.1,0.006279946866878429
1996-07-15,4.82,290.68,33.0,22.3,2687.68,0.03571719780537106
1996-07-16,5.83,302.6,33.12,21.86,2617.69,0.09027423621137741
1996-07-17,2.23,306.15,32.53,23.01,2799.68,0.07849933583598036
1996-07-18,0.0,381.89,33.51,22.99,2762.08,0.05494953508518625
1996-07-19,0.0,414.09,34.96,23.03,2716.6,0.02825976090095293
1996-07-20,0.0,412.06,35.81,23.73,2831.08,0.016484860525555874
1996-07-21,2.64,361.28,35.44,23.5,2826.99,0.009419920300317642
1996-07-22,6.71,277.46,33.09,23.04,2806.94,0.01334488709211666
1996-07-23,11.24,293.78,34.5,23.5,2880.09,0.013737383771296562
1996-07-24,0.67,401.99,34.5,23.0,2771.76,0.009419920300317642
1996-07-25,6.47,280.83,33.0,22.98,2796.8,0.00863492694195784
1996-07-26,11.65,307.0,31.04,21.41,2545.28,0.00902742362113774
1996-07-27,0.0,350.85,31.03,22.12,2659.56,0.008242430262777937
1996-07-28,4.65,340.21,32.68,21.04,2483.15,0.007849933583598036
1996-07-29,5.55,327.29,33.0,20.92,2467.32,0.013737383771296562
1996-07-30,0.0,449.75,34.39,21.58,2488.71,0.010204913658677445
1996-07-31,0.0,432.81,34.4,22.28,2622.26,0.010204913658677445
1996-08-01,9.5,308.59,33.0,22.0,2640.08,0.013737383771296562
1996-08-02,4.8,258.04,30.38,22.03,2644.34,0.013737383771296562
1996-08-03,0.81,323.93,30.49,22.5,2720.0,0.02865225758013283
1996-08-04,0.95,364.16,31.44,22.39,2702.6,0.058874501876985265
1996-08-05,12.46,295.67,32.46,22.4,2704.77,0.0667244354605833
1996-08-06,17.57,256.64,30.69,22.5,2720.0,0.0667244354605833
1996-08-07,10.24,235.54,29.5,22.23,2677.35,0.14129880450476465
1996-08-08,0.0,348.34,30.0,21.8,2607.84,0.21194820675714693
1996-08-09,0.0,410.7,30.85,20.65,2423.71,0.14914873808836268
1996-08-10,11.25,253.85,30.46,22.51,2721.24,0.1098990701703725
1996-08-11,12.95,240.53,29.84,22.45,2711.76,0.09419920300317643
1996-08-12,8.33,244.59,29.98,22.51,2721.3,0.14129880450476465
1996-08-13,0.0,389.25,30.42,21.16,2505.14,0.1530737048801617
1996-08-14,0.0,412.53,30.51,20.49,2398.06,0.11382403696217151
1996-08-15,0.0,425.38,29.63,19.34,2254.86,0.08242430262777936
1996-08-16,0.0,448.6,31.08,19.54,2283.26,0.05494953508518625
1996-08-17,0.0,452.77,32.0,20.0,2319.65,0.03493220444701126
1996-08-18,0.0,456.82,32.35,20.02,2323.44,0.027867264221773023
1996-08-19,2.35,354.74,32.03,20.58,2412.72,0.01726985388391568
1996-08-20,0.0,426.42,31.86,20.86,2456.8,0.012559893733756858
1996-08-21,0.0,433.64,31.5,20.26,2361.7,0.007849933583598036
1996-08-22,0.0,464.81,31.56,18.87,2180.25,0.005494953508518624
1996-08-23,0.0,465.85,32.15,19.15,2223.88,0.0037679681201270568
1996-08-24,0.0,450.57,32.2,19.8,2304.06,0.002629727750505342
1996-08-25,0.0,419.43,32.0,20.85,2456.47,0.002747476754259312
1996-08-26,0.1,404.25,31.0,20.47,2395.94,0.0035717197805371064
1996-08-27,9.26,323.15,31.46,19.87,2309.36,0.0038072177880450466
1996-08-28,11.03,292.0,31.5,21.45,2551.56,0.010204913658677445
1996-08-29,2.3,369.96,30.5,20.94,2469.83,0.00902742362113774
1996-08-30,0.0,365.48,30.5,21.48,2556.16,0.012167397054576956
1996-08-31,0.0,351.27,29.5,21.08,2493.53,0.01530737048801617
1996-09-01,5.21,241.59,28.0,20.57,2410.42,0.01726985388391568
1996-09-02,5.34,230.48,28.5,21.39,2541.97,0.03610969448455096
1996-09-03,6.52,239.86,28.99,21.49,2557.95,0.05102456829338723
1996-09-04,12.59,287.44,30.68,21.0,2480.0,0.12559893733756858
1996-09-05,0.0,352.91,30.2,21.52,2563.93,0.3336221773029165
1996-09-06,0.0,406.01,31.45,20.61,2416.86,0.4827709153912792
1996-09-07,0.0,410.86,33.0,21.46,2553.0,0.4160464799306958
1996-09-08,0.0,397.76,33.0,21.92,2626.46,0.223723107132544
1996-09-09,0.0,410.19,33.28,21.44,2549.84,0.11774900375397053
1996-09-10,0.13,373.9,31.8,21.55,2567.82,0.07064940225238232
1996-09-11,8.12,245.39,29.9,21.5,2560.0,0.05494953508518625
1996-09-12,0.0,371.7,29.78,19.9,2312.35,0.08634926941957839
1996-09-13,0.0,409.37,30.47,18.91,2186.03,0.07457436904418134
1996-09-14,0.0,496.15,29.93,13.08,1495.18,0.043174634709789196
1996-09-15,0.0,494.91,29.47,12.57,1447.77,0.03061474097603234
1996-09-16,0.0,418.57,30.55,18.0,2076.29,0.021979814034074497
1996-09-17,0.59,300.04,31.47,23.09,2815.05,0.01726985388391568
1996-09-18,0.0,427.11,31.97,18.48,2118.09,0.014522377129656365
1996-09-19,0.0,456.28,28.08,13.75,1579.66,0.012559893733756858
1996-09-20,0.0,468.45,27.53,12.26,1421.12,0.010597410337857348
1996-09-21,0.0,421.42,27.49,14.87,1692.47,0.010204913658677445
1996-09-22,0.0,384.93,27.37,16.35,1855.62,0.008242430262777937
1996-09-23,0.0,478.22,30.12,12.58,1446.37,0.003924966791799018
1996-09-24,0.0,466.9,31.57,14.08,1606.57,0.00863492694195784
1996-09-25,0.0,447.11,31.93,15.6,1768.29,0.0029437250938492633
1996-09-26,0.0,405.49,31.44,17.7,2029.05,0.0025119787467513715
1996-09-27,0.0,369.58,31.5,19.39,2258.29,0.002433479410915391
1996-09-28,0.0,354.42,31.5,19.92,2314.49,0.0022372310713254396
1996-09-29,5.67,244.92,30.5,20.13,2340.59,0.00211948206757147
1996-09-30,7.28,177.61,25.25,18.53,2126.82,0.003100723765521224
1996-10-01,15.48,100.71,22.62,19.05,2207.56,0.008242430262777937
1996-10-02,5.48,113.51,22.76,18.7,2153.05,0.009812416979497545
1996-10-03,0.0,219.98,25.37,19.14,2222.88,0.00902742362113774
1996-10-04,0.0,284.72,26.09,17.78,2044.44,0.00667244354605833
1996-10-05,0.0,388.87,23.5,11.25,1339.94,0.005887450187698527
1996-10-06,0.0,276.28,21.41,13.69,1572.92,0.005102456829338723
1996-10-07,18.16,153.02,19.32,13.9,1591.96,0.014522377129656365
1996-10-08,67.75,153.42,20.08,14.64,1665.2,0.3061474097603234
1996-10-09,0.0,328.36,24.93,15.15,1731.89,0.6044448859370487
1996-10-10,0.0,439.74,25.0,8.52,1121.66,0.8595677274039849
1996-10-11,0.0,395.84,22.99,9.84,1226.83,0.7849933583598036
1996-10-12,0.0,396.47,22.78,9.37,1189.39,0.5220205833092693
1996-10-13,0.0,414.01,23.46,8.44,1115.12,0.29044754259312733
1996-10-14,0.0,408.45,25.0,9.94,1235.25,0.16484860525555872
1996-10-15,0.0,414.66,26.9,10.61,1289.04,0.10204913658677446
1996-10-16,0.0,383.78,27.12,12.93,1482.84,0.0667244354605833
1996-10-17,0.0,361.28,27.27,14.16,1614.64,0.05102456829338723
1996-10-18,0.0,350.33,27.8,15.07,1725.02,0.03767968120127057
1996-10-19,0.0,438.29,25.39,5.1,887.88,0.027474767542593124
1996-10-20,0.0,427.77,21.11,3.06,765.03,0.018447343921455386
1996-10-21,0.0,427.05,23.97,4.68,854.01,0.011774900375397053
1996-10-22,0.0,415.29,27.33,7.84,1067.26,0.009812416979497545
1996-10-23,0.0,345.81,26.5,13.05,1493.68,0.007064940225238232
1996-10-24,0.0,419.32,24.51,4.65,852.14,0.003924966791799018
1996-10-25,0.0,414.8,25.32,5.3,899.92,0.0035717197805371064
1996-10-26,0.0,365.03,26.69,11.13,1330.05,0.003100723765521224
1996-10-27,0.0,279.27,27.48,16.75,1900.39,0.003532470112619116
1996-10-28,0.0,312.1,28.36,15.65,1771.85,0.003414721108865145
1996-10-29,0.0,307.85,29.54,16.65,1889.65,0.003414721108865145
1996-10-30,0.0,270.67,28.79,17.81,2047.31,0.0038857171238810277
1996-10-31,0.0,304.57,27.5,14.6,1663.27,0.0037679681201270568
1996-11-01,0.0,344.4,27.5,11.4,1351.83,0.003375471440947155
1996-11-02,0.0,302.11,25.47,12.34,1426.91,0.0032577224371931842
1996-11-03,0.0,353.29,18.07,2.08,715.74,0.0027082270863413222
1996-11-04,0.0,353.75,18.03,1.68,690.84,0.002394229742997401
1996-11-05,0.0,294.02,24.17,10.93,1314.73,0.002394229742997401
1996-11-06,0.0,255.46,26.02,14.45,1644.28,0.0025904780825873517
1996-11-07,0.0,219.97,26.59,16.6,1884.92,0.003061474097603234
1996-11-08,14.53,182.14,26.23,15.01,1720.97,0.009812416979497545
1996-11-09,13.31,259.53,18.43,3.69,800.0,0.01334488709211666
1996-11-10,0.0,330.22,15.92,0.09,607.33,0.02040982731735489
1996-11-11,0.0,326.51,15.62,-0.11,601.72,0.02040982731735489
1996-11-12,0.0,300.94,13.96,0.16,612.6,0.014914873808836266
1996-11-13,0.0,306.68,15.32,0.87,644.93,0.01334488709211666
1996-11-14,0.0,315.5,18.69,3.08,764.43,0.010989907017037248
1996-11-15,0.0,299.69,18.83,4.28,822.77,0.010597410337857348
1996-11-16,0.0,223.02,13.0,3.43,790.46,0.011382403696217151
1996-11-17,0.0,248.93,17.41,6.14,932.68,0.010597410337857348
1996-11-18,0.0,285.18,21.81,7.85,1068.26,0.010204913658677445
1996-11-19,2.26,206.98,22.05,12.01,1400.8,0.010989907017037248
1996-11-20,0.0,215.02,21.49,11.92,1393.3,0.012167397054576956
1996-11-21,0.0,250.45,22.5,11.0,1320.16,0.011382403696217151
1996-11-22,6.76,210.34,21.97,8.53,1122.34,0.010989907017037248
1996-11-23,0.0,325.64,16.56,0.02,602.45,0.009812416979497545
1996-11-24,0.0,306.32,20.89,5.54,911.0,0.009812416979497545
1996-11-25,0.0,293.3,23.77,8.98,1158.64,0.009419920300317642
1996-11-26,0.0,242.54,22.87,11.61,1368.5,0.008242430262777937
1996-11-27,0.0,283.97,15.0,1.83,704.18,0.008242430262777937
1996-11-28,0.0,313.08,14.9,-0.89,571.08,0.006279946866878429
1996-11-29,0.0,294.88,14.58,0.23,619.47,0.005887450187698527
1996-11-30,0.0,273.78,19.46,6.11,932.0,0.00667244354605833
1996-12-01,40.78,110.3,20.97,14.51,1640.82,0.03610969448455096
1996-12-02,17.33,245.54,19.0,5.98,920.0,0.15699867167196072
1996-12-03,0.0,307.86,17.42,1.44,674.93,0.23157304071614204
1996-12-04,0.0,302.53,17.04,1.54,683.19,0.3218472769275194
1996-12-05,0.0,244.52,16.0,4.95,875.94,0.3532470112619116
1996-12-06,0.0,246.18,17.55,6.19,943.07,0.2865225758013283
1996-12-07,2.07,211.71,22.44,10.43,1274.5,0.2080232399653479
1996-12-08,3.75,249.74,21.66,3.73,799.74,0.1766235056309558
1996-12-09,0.0,249.37,13.51,2.04,720.0,0.14129880450476465
1996-12-10,0.0,318.13,15.96,-1.94,525.13,0.1098990701703725
1996-12-11,0.0,304.47,21.0,3.85,802.78,0.09419920300317643
1996-12-12,0.0,258.09,23.5,10.18,1254.7,0.07849933583598036
1996-12-13,4.62,169.73,22.48,11.5,1360.0,0.07849933583598036
1996-12-14,0.0,281.19,18.5,4.11,808.89,0.07064940225238232
1996-12-15,0.0,280.37,16.44,2.35,720.0,0.08242430262777936
1996-12-16,0.0,294.96,15.65,0.12,609.29,0.06279946866878429
1996-12-17,0.0,258.03,18.08,5.29,897.68,0.058874501876985265
1996-12-18,9.43,204.11,18.38,4.49,839.49,0.0667244354605833
1996-12-19,25.3,107.08,7.03,1.12,649.97,0.1962483395899509
1996-12-20,0.0,236.45,5.21,-5.25,419.99,0.31007237655212244
1996-12-21,0.0,290.12,8.26,-6.22,382.1,0.42782138030609296
1996-12-22,0.0,298.38,12.95,-2.75,501.44,0.4945458157666762
1996-12-23,0.0,320.62,19.18,-0.32,600.0,0.45137118105688706
1996-12-24,0.0,309.63,23.0,4.23,823.81,0.34932204447011256
1996-12-25,0.96,315.89,20.89,1.61,687.95,0.27867264221773025
1996-12-26,0.0,287.35,16.61,1.25,662.4,0.23942297429974008
1996-12-27,0.0,221.8,17.9,7.22,1017.81,0.2080232399653479
1996-12-28,0.0,228.16,21.42,10.13,1250.13,0.18839840600635285
1996-12-29,0.0,237.24,23.5,11.46,1356.43,0.17269853883915678
1996-12-30,0.0,258.0,24.5,10.88,1310.36,0.16484860525555872
1996-12-31,0.0,247.62,24.0,11.17,1333.4,0.15699867167196072
1997-01-01,1.49,208.63,23.0,12.62,1449.43,0.14914873808836268
1997-01-02,8.66,148.81,20.26,11.92,1393.9,0.14914873808836268
1997-01-03,0.0,200.59,21.5,12.98,1478.6,0.14129880450476465
1997-01-04,0.0,215.55,22.48,13.16,1505.23,0.1334488709211666
1997-01-05,3.06,169.74,22.39,14.04,1603.59,0.1334488709211666
1997-01-06,2.3,221.21,19.99,9.28,1182.25,0.1530737048801617
1997-01-07,6.49,182.25,16.94,8.44,1114.96,0.1609236384637597
1997-01-08,12.04,111.67,9.59,4.11,813.97,0.219798140340745
1997-01-09,32.32,190.96,13.25,2.85,748.98,0.3571719780537106
1997-01-10,7.87,226.14,13.17,1.49,679.52,0.663319387814034
1997-01-11,0.0,261.84,10.0,-0.45,595.82,1.1500152699971122
1997-01-12,0.0,317.34,10.0,-4.19,440.0,1.6563359861391853
1997-01-13,0.0,315.19,11.22,-2.79,497.19,1.3894382442968523
1997-01-14,0.0,297.84,12.01,-0.58,588.95,1.0087164654923475
1997-01-15,0.0,323.08,15.48,0.59,633.64,0.7692934911926075
1997-01-16,4.51,224.57,16.94,4.49,843.0,0.5926699855616516
1997-01-17,0.0,329.58,10.18,-4.44,440.0,0.5063207161420732
1997-01-18,0.0,269.02,5.0,-5.11,430.62,0.435671313889691
1997-01-19,0.0,308.23,7.38,-5.08,433.99,0.4003466127634998
1997-01-20,0.0,344.63,14.35,-1.72,542.63,0.3571719780537106
1997-01-21,0.0,363.04,19.25,0.0,601.01,0.31399734334392143
1997-01-22,0.0,346.69,22.29,5.05,883.76,0.27867264221773025
1997-01-23,0.0,270.14,22.5,11.44,1355.14,0.2708227086341322
1997-01-24,0.0,292.94,24.04,11.5,1360.0,0.25512284146693615
1997-01-25,6.66,205.1,22.0,11.0,1320.0,0.2472729078833381
1997-01-26,0.0,366.38,18.0,0.22,617.3,0.2433479410915391
1997-01-27,0.0,351.21,19.73,3.71,796.94,0.2433479410915391
1997-01-28,0.0,319.29,21.92,8.44,1114.96,0.29044754259312733
1997-01-29,1.83,317.79,20.11,7.14,1011.15,0.27867264221773025
1997-01-30,23.31,125.53,8.72,3.28,782.2,0.2708227086341322
1997-01-31,0.0,286.61,13.81,3.46,790.9,0.3061474097603234
1997-02-01,0.0,359.94,18.91,3.07,765.76,0.3767968120127057
1997-02-02,0.0,339.52,20.54,6.18,938.65,0.43959628068149
1997-02-03,0.0,312.48,22.63,9.86,1229.19,0.4631460814322841
1997-02-04,0.0,280.84,22.44,11.5,1360.0,0.4317463470978919
1997-02-05,0.0,309.67,22.95,10.44,1275.57,0.38857171238810273
1997-02-06,0.0,372.43,21.35,4.32,825.61,0.3532470112619116
1997-02-07,0.0,315.86,17.45,5.07,885.6,0.31007237655212244
1997-02-08,2.21,235.18,18.0,8.94,1155.49,0.2629727750505342
1997-02-09,0.0,290.95,15.65,5.0,879.93,0.2433479410915391
1997-02-10,1.54,183.76,10.52,4.49,839.49,0.22764807392434303
1997-02-11,0.55,220.01,9.88,2.77,741.28,0.21194820675714693
1997-02-12,0.0,392.08,13.59,-2.45,520.0,0.2001733063817499
1997-02-13,6.92,228.84,13.22,4.34,829.51,0.1962483395899509
1997-02-14,23.46,171.39,11.62,4.46,837.27,0.4317463470978919
1997-02-15,41.65,192.48,12.98,4.94,875.31,1.2716892405428817
1997-02-16,0.0,400.68,16.43,0.76,640.0,2.382454842622004
1997-02-17,0.0,418.87,17.61,0.03,602.22,3.8660922899220327
1997-02-18,0.0,419.29,20.65,2.61,733.98,3.9642164597170075
1997-02-19,0.0,417.44,23.5,5.24,898.85,3.402946208489748
1997-02-20,0.0,400.51,24.93,8.32,1105.38,2.500203846375974
1997-02-21,0.0,340.25,26.56,13.91,1592.73,1.6445610857637885
1997-02-22,37.24,213.06,25.7,15.89,1791.05,1.3187888420444698
1997-02-23,0.0,420.02,20.01,3.46,796.88,1.3030889748772738
1997-02-24,0.0,326.32,15.5,5.02,881.74,1.6013864510539992
1997-02-25,5.38,163.57,13.75,7.47,1037.83,2.1508818019058618
1997-02-26,3.54,287.91,22.01,8.68,1134.51,2.43740437770719
1997-02-27,0.0,355.2,26.94,14.51,1652.46,2.1783565694484546
1997-02-28,0.0,327.95,27.5,16.43,1868.65,1.7387602887669649
1997-03-01,0.0,339.91,28.33,16.5,1880.0,1.307013941669073
1997-03-02,0.0,341.74,28.94,17.0,1920.14,1.0636660005775338
1997-03-03,0.0,338.22,28.5,17.0,1920.0,0.9302171296563672
1997-03-04,0.0,399.48,28.37,13.8,1581.85,0.8085431591105977
1997-03-05,0.0,409.15,28.48,13.33,1529.14,0.655469454230436
1997-03-06,0.0,375.98,25.6,13.01,1485.98,0.5455703840600634
1997-03-07,0.0,471.22,20.72,2.5,720.04,0.43959628068149
1997-03-08,0.0,471.11,23.49,4.86,868.78,0.3650219116373086
1997-03-09,0.0,441.64,25.0,8.72,1137.93,0.3218472769275194
1997-03-10,0.0,426.77,26.67,11.04,1323.09,0.29044754259312733
1997-03-11,0.0,382.29,27.5,14.29,1623.33,0.2590478082587352
1997-03-12,0.0,433.08,26.5,10.45,1275.89,0.2472729078833381
1997-03-13,0.0,363.6,24.5,12.43,1434.76,0.223723107132544
1997-03-14,17.2,181.21,23.98,16.65,1890.85,0.223723107132544
1997-03-15,0.53,389.57,22.44,9.75,1219.64,0.2629727750505342
1997-03-16,0.0,431.99,18.54,4.15,811.62,0.30222244296852435
1997-03-17,0.0,454.38,19.58,3.61,795.15,0.3061474097603234
1997-03-18,0.0,424.69,23.52,8.9,1151.93,0.31007237655212244
1997-03-19,3.54,278.9,25.0,13.58,1566.74,0.32577224371931846
1997-03-20,3.86,239.06,23.49,13.88,1590.3,0.3650219116373086
1997-03-21,0.0,243.05,20.95,14.18,1614.37,0.3767968120127057
1997-03-22,0.0,440.88,26.24,11.51,1361.08,0.3650219116373086
1997-03-23,0.0,478.96,27.47,9.98,1238.51,0.3375471440947155
1997-03-24,0.0,462.49,23.48,7.93,1074.36,0.2825976090095293
1997-03-25,0.0,384.94,23.5,11.92,1393.43,0.23549800750794106
1997-03-26,3.43,229.61,24.46,16.09,1816.56,0.21194820675714693
1997-03-27,0.0,492.59,25.98,8.13,1090.58,0.23549800750794106
1997-03-28,0.0,469.71,26.51,10.2,1256.24,0.23549800750794106
1997-03-29,4.01,258.31,27.5,16.93,1914.12,0.2080232399653479
1997-03-30,0.0,393.55,28.26,15.68,1774.58,0.1609236384637597
1997-03-31,3.31,387.48,26.43,10.28,1262.15,0.13737383771296563
1997-04-01,0.0,487.95,20.47,4.3,823.91,0.11382403696217151
1997-04-02,0.0,519.4,21.23,2.6,727.9,0.08634926941957839
1997-04-03,0.0,522.19,23.99,4.56,844.5,0.07457436904418134
1997-04-04,0.0,521.8,26.0,6.13,930.55,0.0667244354605833
1997-04-05,0.0,473.51,27.0,10.39,1271.02,0.05102456829338723
1997-04-06,0.0,407.25,27.93,14.68,1669.2,0.03924966791799018
1997-04-07,0.0,363.28,27.8,16.53,1882.28,0.027474767542593124
1997-04-08,0.0,512.34,25.85,7.51,1039.89,0.018447343921455386
1997-04-09,0.0,436.52,23.51,9.99,1239.53,0.016877357204735776
1997-04-10,0.0,484.1,23.0,7.21,1009.37,0.012952390412936757
1997-04-11,0.0,479.52,21.85,6.56,961.69,0.010597410337857348
1997-04-12,5.2,253.93,24.5,14.67,1671.02,0.011774900375397053
1997-04-13,3.12,303.75,25.57,15.14,1730.45,0.009812416979497545
1997-04-14,0.0,457.84,22.78,8.55,1120.05,0.008242430262777937
1997-04-15,0.0,433.19,19.02,6.39,951.83,0.007457436904418133
1997-04-16,0.0,498.52,23.36,7.12,998.73,0.007064940225238232
1997-04-17,0.0,478.06,23.98,8.82,1126.62,0.006279946866878429
1997-04-18,0.0,534.0,21.87,3.55,768.41,0.005102456829338723
1997-04-19,0.0,542.49,23.06,3.68,763.71,0.004709960150158821
1997-04-20,0.0,485.62,26.5,9.99,1194.75,0.004709960150158821
1997-04-21,0.29,464.27,27.96,12.33,1404.02,0.004709960150158821
1997-04-22,0.0,393.12,29.0,16.43,1863.05,0.004709960150158821
1997-04-23,15.43,294.78,27.2,15.0,1720.0,0.00863492694195784
1997-04-24,0.0,475.54,22.97,7.79,1059.21,0.008242430262777937
1997-04-25,0.0,494.56,23.83,7.36,1021.67,0.007064940225238232
1997-04-26,0.0,379.36,22.79,11.58,1366.4,0.006279946866878429
1997-04-27,8.54,245.89,23.0,13.61,1563.9,0.015699867167196072
1997-04-28,49.34,210.95,24.19,16.18,1831.56,0.3924966791799018
1997-04-29,14.26,250.42,24.0,14.47,1639.1,0.8556427606121859
1997-04-30,0.0,441.82,25.47,12.0,1400.0,1.0911407681201268
1997-05-01,0.0,410.53,26.75,14.44,1635.56,1.3423386427952642
1997-05-02,0.0,487.35,27.49,11.8,1384.16,1.0126414322841464
1997-05-03,0.0,420.9,28.48,15.77,1782.38,0.6515444874386369
1997-05-04,14.18,358.65,25.5,11.0,1319.72,0.5455703840600634
1997-05-05,0.0,534.57,24.36,6.99,999.32,0.37287184522090666
1997-05-06,0.0,525.1,26.49,9.21,1176.89,0.2668977418423332
1997-05-07,0.0,467.14,27.0,12.61,1448.96,0.3218472769275194
1997-05-08,0.0,501.14,27.74,11.62,1369.47,0.443521247473289
1997-05-09,0.0,445.67,29.15,15.42,1753.49,0.3924966791799018
1997-05-10,6.03,379.49,27.91,11.5,1360.0,0.25512284146693615
1997-05-11,0.0,516.39,23.78,7.57,1045.52,0.1766235056309558
1997-05-12,4.82,377.98,23.64,11.51,1360.42,0.14129880450476465
1997-05-13,12.27,322.65,25.32,12.73,1458.14,0.2433479410915391
1997-05-14,0.0,535.22,27.4,9.14,1170.89,0.39642164597170076
1997-05-15,0.0,453.58,28.5,14.33,1626.75,0.7104189893156222
1997-05-16,0.0,486.86,27.5,12.01,1400.93,0.5612702512272595
1997-05-17,0.0,509.78,27.48,10.86,1256.73,0.36109694484550964
1997-05-18,0.0,506.56,30.0,13.09,1439.48,0.23942297429974008
1997-05-19,0.0,440.11,30.5,16.74,1884.28,0.14914873808836268
1997-05-20,3.16,275.36,31.0,20.0,2320.0,0.10597410337857346
1997-05-21,0.0,372.93,30.0,19.07,2210.76,0.08242430262777936
1997-05-22,0.0,421.74,27.6,15.31,1740.31,0.0667244354605833
1997-05-23,0.0,427.78,27.49,14.99,1710.98,0.05102456829338723
1997-05-24,7.67,248.08,26.0,17.37,1978.44,0.05102456829338723
1997-05-25,6.59,214.94,26.83,19.2,2231.73,0.1098990701703725
1997-05-26,8.75,281.08,29.98,19.33,2253.47,0.10597410337857346
1997-05-27,11.37,251.98,29.0,19.71,2295.72,0.08634926941957839
1997-05-28,0.0,291.56,21.76,14.45,1639.51,0.0667244354605833
1997-05-29,0.0,324.58,23.26,14.96,1713.8,0.05494953508518625
1997-05-30,0.0,447.47,27.02,14.38,1612.95,0.04709960150158821
1997-05-31,0.0,422.6,29.01,16.97,1910.92,0.05102456829338723
1997-06-01,18.11,266.18,28.0,18.46,2118.57,0.07457436904418134
1997-06-02,0.0,388.79,27.5,17.02,1923.49,0.23549800750794106
1997-06-03,0.0,445.13,27.99,15.49,1753.67,1.098990701703725
1997-06-04,0.0,372.99,26.04,16.44,1867.87,1.326638775628068
1997-06-05,1.44,296.51,22.28,14.84,1693.62,0.7928432919434015
1997-06-06,9.95,199.78,20.5,14.5,1640.0,0.49847078255847527
1997-06-07,6.12,193.57,20.14,14.5,1639.74,0.435671313889691
1997-06-08,3.9,262.72,22.35,14.67,1667.84,0.3924966791799018
1997-06-09,0.0,472.14,25.37,13.5,1560.0,0.32969721051111744
1997-06-10,0.0,493.03,26.91,14.01,1599.43,0.2668977418423332
1997-06-11,1.56,388.33,27.53,18.27,2101.63,0.2472729078833381
1997-06-12,0.78,402.73,28.5,18.74,2157.68,0.20409827317354892
1997-06-13,0.0,428.13,31.34,20.42,2386.97,0.1609236384637597
1997-06-14,1.81,406.68,31.8,20.84,2452.65,0.12559893733756858
1997-06-15,13.49,301.02,29.5,20.0,2320.0,0.10204913658677446
1997-06-16,0.0,459.52,30.0,18.58,2133.22,0.08634926941957839
1997-06-17,0.0,447.99,31.66,20.46,2393.03,0.09812416979497544
1997-06-18,18.03,321.33,31.99,21.5,2560.0,0.11382403696217151
1997-06-19,15.06,303.61,31.0,21.5,2560.0,0.23549800750794106
1997-06-20,0.0,431.22,31.67,21.2,2511.21,0.47884594859948015
1997-06-21,0.0,481.11,31.99,19.5,2280.0,1.0008665319087495
1997-06-22,0.0,453.35,31.49,20.28,2365.36,1.114690568870921
1997-06-23,0.0,456.92,32.5,20.85,2455.59,0.8085431591105977
1997-06-24,0.0,455.52,32.74,20.95,2472.77,0.5298705168928673
1997-06-25,0.0,448.59,32.9,21.33,2533.57,0.36109694484550964
1997-06-26,0.0,453.46,33.48,21.5,2560.0,0.2472729078833381
1997-06-27,0.44,449.43,33.0,20.99,2478.58,0.17269853883915678
1997-06-28,28.09,284.5,30.5,21.5,2560.0,0.14522377129656366
1997-06-29,9.93,293.32,30.22,21.0,2480.0,0.16484860525555872
1997-06-30,0.0,427.24,31.59,21.01,2481.55,0.38464674559630374
1997-07-01,7.19,286.82,30.5,21.53,2564.79,0.7300438232746173
1997-07-02,0.0,415.48,32.33,22.0,2640.0,0.6044448859370487
1997-07-03,0.0,455.24,34.99,22.5,2720.0,0.3650219116373086
1997-07-04,0.0,452.99,36.48,23.52,2884.46,0.29044754259312733
1997-07-05,0.0,456.63,36.25,23.07,2811.55,0.2668977418423332
1997-07-06,0.0,462.54,34.0,21.08,2492.07,0.2943725093849263
1997-07-07,0.0,433.15,32.5,21.0,2480.0,0.27474767542593126
1997-07-08,10.07,314.71,31.36,20.5,2400.0,0.2001733063817499
1997-07-09,11.45,340.6,32.42,20.0,2320.24,0.1295239041293676
1997-07-10,0.0,433.1,32.6,21.0,2480.0,0.08634926941957839
1997-07-11,0.0,383.35,31.76,22.0,2640.0,0.058874501876985265
1997-07-12,0.0,394.4,31.58,21.5,2560.0,0.043174634709789196
1997-07-13,0.0,471.0,32.51,19.3,2248.54,0.02668977418423332
1997-07-14,0.0,471.56,32.98,19.55,2283.84,0.014522377129656365
1997-07-15,0.0,446.03,33.67,21.06,2489.49,0.010597410337857348
1997-07-16,5.74,332.62,34.12,21.49,2559.01,0.007849933583598036
1997-07-17,30.8,337.34,33.5,21.0,2480.0,0.007064940225238232
1997-07-18,0.0,444.04,32.96,20.5,2400.0,0.005887450187698527
1997-07-19,1.48,405.92,33.35,21.5,2560.0,0.005102456829338723
1997-07-20,0.0,427.84,33.27,21.25,2519.35,0.00431746347097892
1997-07-21,0.0,398.74,33.33,22.38,2701.14,0.0035717197805371064
1997-07-22,0.0,368.57,33.3,23.38,2861.03,0.003100723765521224
1997-07-23,0.0,347.97,32.93,23.76,2941.33,0.002904475425931273
1997-07-24,15.65,288.34,33.5,23.81,2955.56,0.0027082270863413222
1997-07-25,11.83,285.78,33.49,23.24,2838.49,0.003924966791799018
1997-07-26,2.92,364.65,33.22,23.0,2800.0,0.005102456829338723
1997-07-27,0.0,411.59,33.56,22.3,2688.58,0.0037679681201270568
1997-07-28,0.0,421.81,34.48,22.54,2726.44,0.003296972105111175
1997-07-29,0.0,405.34,34.91,23.42,2866.73,0.0037287184522090664
1997-07-30,15.65,296.93,33.5,22.65,2744.09,0.012952390412936757
1997-07-31,35.29,315.82,29.23,18.3,2103.62,0.07064940225238232
1997-08-01,57.12,162.58,21.95,17.22,1955.71,0.4827709153912792
1997-08-02,0.0,392.97,28.01,18.35,2107.62,0.7810683915680044
1997-08-03,0.0,423.46,31.78,20.49,2397.87,1.0047914987005486
1997-08-04,3.01,364.67,32.04,22.0,2640.0,1.0361912330349408
1997-08-05,3.88,361.07,32.83,21.84,2614.63,0.875267594571181
1997-08-06,0.0,436.78,33.0,20.98,2476.7,0.6044448859370487
1997-08-07,0.0,388.82,30.84,20.97,2474.88,0.443521247473289
1997-08-08,0.0,442.17,29.62,18.14,2089.56,0.7889183251516025
1997-08-09,0.0,413.04,29.74,19.27,2242.84,1.4443877793820386
1997-08-10,5.73,253.86,29.0,20.97,2474.92,1.4169130118394453
1997-08-11,3.67,313.96,29.34,19.93,2314.74,0.8634926941957838
1997-08-12,0.0,454.65,31.91,19.43,2268.38,0.5494953508518625
1997-08-13,0.0,447.2,33.0,20.57,2411.8,0.38857171238810273
1997-08-14,0.0,419.82,34.0,22.42,2707.02,0.29829747617672536
1997-08-15,0.0,418.19,34.46,22.82,2770.91,0.219798140340745
1997-08-16,19.49,315.88,34.14,22.46,2713.8,0.14129880450476465
1997-08-17,26.78,317.2,33.62,22.0,2640.0,0.09027423621137741
1997-08-18,7.51,309.44,33.0,22.5,2720.0,0.07064940225238232
1997-08-19,0.0,437.49,34.67,22.11,2658.4,0.08634926941957839
1997-08-20,0.0,423.36,34.46,22.5,2719.98,0.15699867167196072
1997-08-21,8.93,330.5,34.0,21.32,2531.98,0.2865225758013283
1997-08-22,0.0,467.34,31.5,18.13,2090.66,0.19232337279815187
1997-08-23,0.0,461.53,30.5,17.52,2002.51,0.09419920300317643
1997-08-24,0.0,431.39,29.0,17.53,2005.41,0.05494953508518625
1997-08-25,0.0,481.63,30.05,15.94,1801.76,0.05102456829338723
1997-08-26,0.0,475.29,30.62,16.55,1881.97,0.05102456829338723
1997-08-27,0.0,465.24,31.31,17.47,1995.3,0.043174634709789196
1997-08-28,0.0,446.52,32.28,18.99,2197.66,0.029437250938492632
1997-08-29,0.0,452.05,34.47,20.12,2339.54,0.01962483395899509
1997-08-30,0.0,427.86,34.52,21.22,2515.11,0.014129880450476464
1997-08-31,0.0,423.54,33.72,20.57,2411.93,0.011382403696217151
1997-09-01,6.44,365.09,33.08,21.07,2491.29,0.00902742362113774
1997-09-02,0.0,333.37,31.41,22.02,2643.93,0.007064940225238232
1997-09-03,0.0,364.78,32.08,21.47,2555.22,0.007849933583598036
1997-09-04,0.24,363.96,30.95,20.45,2392.59,0.007849933583598036
1997-09-05,0.0,476.64,26.5,12.02,1401.41,0.007457436904418133
1997-09-06,0.0,492.84,28.34,12.16,1412.69,0.016877357204735776
1997-09-07,0.0,482.65,29.58,13.5,1554.55,0.01962483395899509
1997-09-08,0.0,472.38,31.36,15.15,1732.03,0.011774900375397053
1997-09-09,0.0,433.91,31.83,17.42,1986.42,0.007457436904418133
1997-09-10,0.0,374.82,31.0,19.27,2243.02,0.002904475425931273
1997-09-11,6.35,269.09,29.79,18.87,2178.46,0.0025904780825873517
1997-09-12,0.0,392.78,31.83,19.09,2214.61,0.00215873173548946
1997-09-13,0.0,379.73,33.23,20.65,2424.2,0.001962483395899509
1997-09-14,0.0,363.72,33.46,21.43,2548.91,0.001962483395899509
1997-09-15,0.0,346.42,32.86,21.59,2574.69,0.0036109694484550963
1997-09-16,0.0,357.85,32.31,20.64,2422.99,0.02472729078833381
1997-09-17,0.0,365.17,32.07,20.06,2329.1,0.03846467455963038
1997-09-18,0.0,368.32,31.81,19.66,2292.74,0.01530737048801617
1997-09-19,0.0,381.57,31.78,18.97,2195.28,0.009812416979497545
1997-09-20,0.0,386.92,33.57,19.98,2318.65,0.007457436904418133
1997-09-21,0.0,385.33,34.17,20.41,2384.86,0.005494953508518624
1997-09-22,0.0,344.3,30.38,19.2,2232.48,0.007064940225238232
1997-09-23,0.0,336.21,28.02,17.49,1998.78,0.007457436904418133
1997-09-24,0.0,352.57,31.36,19.6,2282.49,0.005494953508518624
1997-09-25,15.09,236.64,30.45,20.32,2374.8,0.005102456829338723
1997-09-26,22.83,142.97,25.95,20.44,2391.56,0.014129880450476464
1997-09-27,22.34,156.68,26.47,20.46,2393.63,0.05494953508518625
1997-09-28,13.24,141.91,25.44,20.17,2346.41,0.18447343921455384
1997-09-29,0.0,335.42,28.15,18.0,2080.0,0.27867264221773025
1997-09-30,0.0,447.81,30.0,13.3,1524.71,0.3650219116373086
1997-10-01,0.0,445.66,30.5,13.49,1554.07,0.32969721051111744
1997-10-02,0.0,414.7,28.5,13.88,1590.65,0.219798140340745
1997-10-03,0.0,420.69,26.49,11.7,1375.94,0.11774900375397053
1997-10-04,0.0,388.78,27.0,13.71,1569.24,0.06279946866878429
1997-10-05,0.0,378.94,28.98,15.73,1781.97,0.04709960150158821
1997-10-06,0.0,401.51,29.92,15.07,1720.4,0.036502191163730865
1997-10-07,0.0,393.7,30.0,15.5,1759.67,0.023942297429974006
1997-10-08,0.0,387.73,30.41,16.09,1817.87,0.016877357204735776
1997-10-09,0.0,349.68,30.0,17.73,2035.31,0.010204913658677445
1997-10-10,0.0,351.2,30.0,17.55,2007.98,0.007457436904418133
1997-10-11,0.0,372.9,29.5,15.81,1786.41,0.006279946866878429
1997-10-12,0.0,348.75,29.19,16.73,1895.81,0.00431746347097892
1997-10-13,0.0,344.2,28.96,16.69,1895.17,0.0038857171238810277
1997-10-14,0.0,318.22,29.03,17.87,2058.93,0.005102456829338723
1997-10-15,0.0,316.38,28.78,17.68,2028.53,0.00431746347097892
1997-10-16,14.76,231.62,24.17,13.98,1598.72,0.00902742362113774
1997-10-17,0.0,212.94,19.32,13.0,1480.0,0.012167397054576956
1997-10-18,1.27,155.02,18.51,13.56,1562.97,0.010989907017037248
1997-10-19,20.11,110.54,17.1,13.0,1480.0,0.010989907017037248
1997-10-20,0.0,354.73,20.71,9.05,1164.36,0.010204913658677445
1997-10-21,0.0,408.13,23.49,7.55,1044.26,0.008242430262777937
1997-10-22,0.0,384.64,23.35,9.04,1163.23,0.007064940225238232
1997-10-23,3.87,239.15,18.85,8.74,1138.88,0.011774900375397053
1997-10-24,0.0,366.86,21.3,8.14,1091.02,0.0223723107132544
1997-10-25,8.81,245.39,24.71,13.09,1499.83,0.027474767542593124
1997-10-26,34.69,154.67,24.76,17.97,2074.83,0.10597410337857346
1997-10-27,46.9,173.61,23.17,15.53,1762.13,0.5259455501010684
1997-10-28,0.0,375.81,18.58,4.07,805.66,0.8242430262777938
1997-10-29,0.0,320.87,17.0,5.82,920.0,0.9890916315333524
1997-10-30,0.0,335.94,19.43,7.19,1015.12,1.087215801328328
1997-10-31,0.0,303.54,20.5,9.88,1230.68,0.9459169968235632
1997-11-01,22.07,149.34,19.82,13.45,1544.2,0.871342627779382
1997-11-02,15.8,184.49,21.92,13.79,1583.01,0.8124681259023966
1997-11-03,0.0,360.54,21.0,6.87,989.57,0.890967461738377
1997-11-04,0.0,371.26,20.0,4.84,867.31,0.9537669304071613
1997-11-05,0.0,364.67,17.7,3.29,782.74,0.9184422292809702
1997-11-06,0.0,341.73,19.38,6.38,950.36,0.7771434247762055
1997-11-07,5.86,220.3,19.38,9.1,1168.21,0.6319196534796419
1997-11-08,2.0,240.46,14.74,7.11,1008.7,0.5141706497256713
1997-11-09,0.0,331.98,16.42,4.24,818.81,0.435671313889691
1997-11-10,0.0,350.54,18.43,4.43,834.67,0.37287184522090666
1997-11-11,0.0,347.55,19.52,5.36,908.05,0.3336221773029165
1997-11-12,0.0,319.17,17.58,5.64,920.0,0.3179223101357204
1997-11-13,40.0,125.29,13.49,8.32,1105.46,0.5534203176436615
1997-11-14,17.9,138.36,15.69,9.85,1227.82,0.887042494946578
1997-11-15,0.0,293.63,18.33,7.73,1058.26,1.2245896390412936
1997-11-16,0.0,311.65,15.49,3.89,804.44,1.9036088940225238
1997-11-17,0.0,340.52,12.11,-1.69,543.36,2.0606075656944842
1997-11-18,0.0,340.76,12.92,-1.5,551.24,1.6563359861391853
1997-11-19,0.0,326.17,15.0,1.37,670.54,1.1892649379151023
1997-11-20,0.0,346.46,16.49,0.5,637.76,0.9537669304071613
1997-11-21,0.0,338.88,21.35,4.92,873.07,0.8046181923187986
1997-11-22,1.39,274.3,25.37,12.45,1436.32,0.663319387814034
1997-11-23,7.94,196.4,23.4,12.53,1442.33,0.5887450187698526
1997-11-24,0.0,322.44,18.54,3.77,800.5,0.5494953508518625
1997-11-25,0.0,325.33,15.35,0.35,627.11,0.5063207161420732
1997-11-26,0.0,322.48,17.52,2.08,712.26,0.4631460814322841
1997-11-27,0.0,314.54,20.75,5.39,905.19,0.4317463470978919
1997-11-28,0.0,300.15,21.76,7.32,1025.46,0.40819654634709784
1997-11-29,0.0,253.42,23.17,11.79,1383.49,0.3924966791799018
1997-11-30,36.41,107.83,21.0,15.19,1735.28,0.5298705168928673
1997-12-01,0.0,266.32,20.5,8.5,1120.0,0.663319387814034
1997-12-02,0.0,305.35,20.18,4.86,869.18,0.9380670632399652
1997-12-03,0.0,284.23,20.37,6.77,981.28,1.365888443546058
1997-12-04,0.0,215.24,20.95,11.66,1372.83,1.5425119491770138
1997-12-05,0.69,283.76,17.03,3.95,804.87,1.3580385099624601
1997-12-06,0.0,286.76,11.61,-1.27,560.0,1.098990701703725
1997-12-07,0.0,279.59,9.03,-3.27,480.0,0.9341420964481663
1997-12-08,0.0,286.77,10.59,-2.58,512.32,0.7692934911926075
1997-12-09,0.63,224.21,11.63,2.31,721.75,0.6711693213976321
1997-12-10,15.81,188.33,19.72,8.26,1100.8,0.675094288189431
1997-12-11,0.0,291.35,22.42,7.38,1030.05,0.6986440889402251
1997-12-12,7.0,145.88,14.66,6.67,973.7,0.7300438232746173
1997-12-13,1.11,115.16,10.51,6.09,927.96,0.8399428934449898
1997-12-14,9.84,97.06,10.0,5.02,881.32,0.9616168639907593
1997-12-15,12.47,112.68,8.01,2.28,720.0,1.0832908345365289
1997-12-16,0.0,254.28,14.33,3.29,783.04,1.11861553566272
1997-12-17,0.0,326.66,18.55,-0.35,600.0,1.114690568870921
1997-12-18,0.0,313.99,18.0,1.06,645.05,1.0832908345365289
1997-12-19,0.0,318.6,18.5,0.62,640.0,1.0283412994513426
1997-12-20,0.0,320.39,19.49,1.03,642.35,0.9537669304071613
1997-12-21,0.0,305.05,19.56,3.19,775.09,0.87919256136298
1997-12-22,6.84,201.04,20.14,7.13,1010.35,0.7692934911926075
1997-12-23,14.79,130.98,16.68,9.35,1188.15,0.7025690557320242
1997-12-24,33.18,96.32,14.51,9.45,1196.1,1.0322662662431417
1997-12-25,32.48,158.83,19.18,10.21,1257.18,2.7357018538839153
1997-12-26,0.0,291.16,19.11,5.0,880.0,7.0256905573202415
1997-12-27,19.64,132.63,13.0,6.24,938.94,9.616168639907594
1997-12-28,1.65,261.38,10.84,-1.01,561.46,8.163930926941957
1997-12-29,2.0,235.9,10.01,0.83,642.59,7.064940225238231
1997-12-30,0.0,200.24,9.5,2.0,720.0,6.044448859370487
1997-12-31,0.0,209.14,9.72,1.92,713.93,4.945458157666762
1998-01-01,0.0,311.46,10.06,-4.0,440.0,4.003466127634998
1998-01-02,0.0,315.65,12.51,-2.17,522.31,3.175298134565405
1998-01-03,0.0,329.84,19.0,1.48,678.33,2.421704510539994
1998-01-04,0.0,299.15,22.0,7.72,1057.49,1.8368844585619404
1998-01-05,1.7,261.4,23.5,12.0,1399.97,1.4914873808836266
1998-01-06,2.97,148.87,23.45,15.5,1760.0,1.2599143401674846
1998-01-07,2.4,120.74,23.18,17.85,2055.67,1.1853399711233032
1998-01-08,26.23,117.74,23.15,16.97,1917.81,1.2520644065838866
1998-01-09,0.0,242.57,20.47,10.67,1293.96,1.4090630782558473
1998-01-10,0.0,297.41,14.5,2.0,720.0,1.6484860525555876
1998-01-11,0.0,324.2,16.51,1.46,676.59,2.2254561709500433
1998-01-12,0.0,331.2,18.47,2.47,720.79,2.7828014553855036
1998-01-13,0.0,300.65,19.1,6.11,928.99,2.429554444123592
1998-01-14,2.6,158.22,18.13,11.3,1343.8,1.789784857060352
1998-01-15,12.0,137.33,12.63,6.28,943.99,1.4208379786312444
1998-01-16,24.47,115.25,10.95,5.77,920.62,1.5817616170950042
1998-01-17,0.0,232.14,13.55,5.22,897.63,3.2145478024833953
1998-01-18,0.0,332.43,15.64,1.08,646.74,5.494953508518625
1998-01-19,8.49,217.98,13.84,2.69,734.85,4.945458157666762
1998-01-20,4.67,234.37,12.81,0.5,639.64,4.003466127634998
1998-01-21,0.0,308.95,13.73,1.65,691.75,3.2027729021079985
1998-01-22,0.0,293.06,15.77,4.62,849.82,2.6022529829627485
1998-01-23,56.82,161.83,18.55,10.92,1313.81,3.8660922899220327
1998-01-24,3.83,154.56,17.73,10.59,1287.47,9.890916315333524
1998-01-25,0.0,331.8,13.5,0.37,629.23,11.02915668495524
1998-01-26,0.0,340.01,14.68,0.93,645.24,8.595677274039849
1998-01-27,22.73,218.61,15.0,4.44,836.52,6.750942881894311
1998-01-28,2.05,244.34,14.26,4.99,879.52,6.005199191452498
1998-01-29,0.0,365.99,17.41,1.5,680.35,6.122948195206467
1998-01-30,0.0,359.04,18.0,2.92,753.23,6.005199191452498
1998-01-31,0.0,361.3,16.5,1.64,691.13,4.984707825584753
1998-02-01,0.0,353.65,14.41,0.73,637.99,3.924966791799018
1998-02-02,0.0,328.01,14.73,3.08,764.06,3.073248997978631
1998-02-03,16.58,175.28,17.59,10.18,1254.07,2.5904780825873517
1998-02-04,43.12,242.15,17.73,6.56,964.77,3.0496991972278367
1998-02-05,1.82,212.44,9.5,2.8,743.95,6.6331938781403395
1998-02-06,0.0,310.24,10.04,0.2,615.9,9.459169968235633
1998-02-07,0.0,276.03,11.5,3.03,762.28,7.418187236500143
1998-02-08,0.0,276.38,12.55,4.12,809.39,5.494953508518625
1998-02-09,0.0,289.35,14.11,5.24,899.5,4.278213803060929
1998-02-10,0.0,380.74,15.8,2.07,720.0,3.391171308114351
1998-02-11,0.0,384.37,18.6,4.42,834.03,2.594403049379151
1998-02-12,0.0,357.75,19.15,6.96,996.94,1.9467835287323128
1998-02-13,0.0,375.04,16.98,3.95,800.0,1.5228871152180188
1998-02-14,0.0,360.65,14.0,2.15,720.0,1.2245896390412936
1998-02-15,0.0,327.31,13.7,3.49,790.74,1.0754409009529309
1998-02-16,21.09,236.34,16.37,6.55,964.32,1.0401161998267396
1998-02-17,57.72,157.95,19.39,13.27,1523.46,2.9790497949754546
1998-02-18,0.0,340.51,21.95,10.86,1308.48,6.162197863124458
1998-02-19,0.0,419.56,20.4,4.32,825.47,9.22367196072769
1998-02-20,1.89,401.96,21.06,6.56,964.89,7.496686572336124
1998-02-21,0.0,423.16,20.33,4.22,817.4,5.377204504764654
1998-02-22,8.14,348.06,17.38,5.5,917.76,4.238964135142939
1998-02-23,38.48,172.49,14.5,8.1,1087.92,5.180956165174703
1998-02-24,0.0,355.63,17.16,6.2,936.32,10.95065734911926
1998-02-25,0.0,433.56,22.0,5.53,918.33,12.049648050822984
1998-02-26,0.0,440.46,23.93,6.27,941.55,8.046181923187985
1998-02-27,11.91,288.96,22.98,9.81,1224.73,5.848200519780536
1998-02-28,8.87,236.51,23.0,13.31,1528.26,5.023957493502743
1998-03-01,0.0,394.38,23.93,10.6,1287.65,4.8669588218307815
1998-03-02,0.0,420.92,20.92,6.65,972.08,4.631460814322841
1998-03-03,0.0,419.49,15.25,1.97,717.25,4.081965463470978
1998-03-04,0.0,449.47,15.23,0.0,600.0,3.363696540571758
1998-03-05,0.0,384.56,15.53,4.03,805.18,2.5512284146693616
1998-03-06,8.48,193.59,15.49,8.61,1128.84,2.040982731735489
1998-03-07,14.75,145.45,15.57,10.56,1284.42,2.0095829974010972
1998-03-08,30.75,209.03,19.14,11.59,1367.36,3.2027729021079985
1998-03-09,37.55,230.34,19.76,11.34,1347.34,8.281679930695928
1998-03-10,0.0,422.63,15.0,2.41,721.09,20.48832665319087
1998-03-11,0.0,412.37,10.43,-1.3,560.0,15.896115506786023
1998-03-12,0.0,394.73,8.92,-1.79,537.79,9.184422292809701
1998-03-13,0.0,467.54,10.65,-3.72,462.76,6.083698527288478
1998-03-14,0.0,503.63,16.57,-1.57,554.07,4.47446214265088
1998-03-15,0.0,487.6,21.48,4.06,805.62,3.5128452786601208
1998-03-16,0.0,472.96,22.88,6.5,959.86,2.7082270863413225
1998-03-17,0.0,399.86,21.24,9.31,1184.8,2.0331327981518914
1998-03-18,15.13,238.13,17.74,9.22,1177.92,1.577836650303205
1998-03-19,31.78,269.57,21.85,11.54,1363.3,1.6955856540571754
1998-03-20,0.0,359.52,23.58,13.16,1511.58,2.3549800750794105
1998-03-21,0.0,485.23,23.86,7.08,1006.15,4.827709153912791
1998-03-22,0.0,382.04,14.5,4.28,822.28,4.8669588218307815
1998-03-23,0.0,477.44,18.0,3.24,779.09,3.8896420906728264
1998-03-24,0.0,401.6,18.54,7.48,1038.05,2.9358751602656654
1998-03-25,0.0,407.07,19.69,8.22,1097.87,2.1116321339878716
1998-03-26,0.0,467.55,23.54,8.63,1130.62,1.5268120820098179
1998-03-27,0.0,469.43,25.62,10.37,1269.61,1.1539402367889111
1998-03-28,0.0,474.73,26.5,10.93,1314.69,0.9851666647415535
1998-03-29,0.0,440.91,27.45,13.65,1566.44,0.8595677274039849
1998-03-30,0.0,414.71,28.2,15.5,1760.0,0.7496686572336124
1998-03-31,0.0,393.81,28.14,16.42,1867.39,0.6593944210222349
1998-04-01,5.98,243.92,27.89,19.04,2205.86,0.5926699855616516
1998-04-02,5.51,381.3,28.0,12.36,1428.6,0.5377204504764654
1998-04-03,0.0,416.32,27.52,15.33,1745.3,0.5063207161420732
1998-04-04,10.26,290.89,25.01,14.36,1631.38,0.5180956165174704
1998-04-05,0.0,478.28,22.22,7.98,1078.14,0.5259455501010684
1998-04-06,0.0,504.73,22.33,6.29,943.0,0.4866958821830782
1998-04-07,0.0,495.72,25.17,8.99,1159.35,0.4317463470978919
1998-04-08,0.0,409.09,26.0,13.87,1589.7,0.5808950851862547
1998-04-09,57.49,215.58,24.15,16.39,1859.82,1.6327861853883914
1998-04-10,0.0,480.95,25.39,10.22,1257.62,5.455703840600634
1998-04-11,0.0,429.48,19.33,7.35,1028.15,11.460903032053132
1998-04-12,0.0,496.68,21.95,6.56,965.05,8.320929598613917
1998-04-13,0.0,510.55,23.0,6.77,981.48,5.573452844354605
1998-04-14,25.57,302.33,20.85,10.0,1240.12,4.042715795552988
1998-04-15,9.99,263.55,21.49,14.0,1600.0,3.4068711752815477
1998-04-16,0.0,404.65,25.64,14.48,1638.52,3.2812722379439787
1998-04-17,0.0,340.68,26.39,17.25,1960.0,3.9092669246318215
1998-04-18,0.0,336.23,27.52,18.43,2114.41,3.924966791799018
1998-04-19,0.0,352.89,26.97,17.48,1996.68,3.3008970719029738
1998-04-20,0.0,410.14,24.58,13.67,1567.55,2.4138545769563957
1998-04-21,0.0,447.2,24.5,12.22,1417.23,1.6249362518047932
1998-04-22,2.53,400.91,23.57,10.89,1311.57,1.1578652035807102
1998-04-23,0.0,456.01,20.87,8.78,1142.24,0.9341420964481663
1998-04-24,1.16,444.42,21.52,7.79,1063.03,0.7692934911926075
1998-04-25,0.0,517.47,24.52,9.0,1160.0,0.6397695870632398
1998-04-26,0.0,520.42,26.31,10.26,1260.57,0.5337954836846664
1998-04-27,0.0,503.78,27.28,12.04,1403.13,0.42389641351429386
1998-04-28,0.0,434.91,24.38,12.76,1462.23,0.34539707767831357
1998-04-29,0.0,353.3,21.52,12.91,1473.45,0.3179223101357204
1998-04-30,9.38,225.02,22.54,15.37,1749.98,0.3336221773029165
1998-05-01,24.22,269.03,25.0,16.03,1807.92,0.5612702512272595
1998-05-02,0.0,455.78,26.5,14.19,1615.31,0.8006932255269996
1998-05-03,0.0,486.98,27.0,13.25,1519.2,1.1500152699971122
1998-05-04,19.92,346.55,26.65,14.0,1600.0,2.23723107132544
1998-05-05,4.37,370.84,26.31,12.52,1441.41,3.11642363268842
1998-05-06,0.0,497.25,28.0,13.62,1569.78,4.042715795552988
1998-05-07,0.0,446.25,29.0,16.78,1902.72,3.579569714120704
1998-05-08,0.0,387.48,29.52,19.35,2255.14,2.6101029165463467
1998-05-09,0.0,473.94,30.0,16.36,1858.37,1.6484860525555876
1998-05-10,0.0,429.86,29.06,17.5,2000.0,1.067590967369333
1998-05-11,0.0,436.04,29.4,17.55,2008.09,0.8988173953219749
1998-05-12,0.0,480.29,28.41,15.04,1722.81,0.7457436904418133
1998-05-13,0.0,501.87,29.0,14.53,1644.75,0.5926699855616516
1998-05-14,0.0,472.37,29.42,16.18,1829.36,0.4709960150158821
1998-05-15,0.0,462.37,30.35,17.19,1951.52,0.3767968120127057
1998-05-16,0.0,487.54,31.04,16.5,1874.32,0.30222244296852435
1998-05-17,0.0,457.22,32.0,18.52,2122.57,0.2472729078833381
1998-05-18,0.0,440.49,32.5,19.52,2281.33,0.20409827317354892
1998-05-19,0.0,464.08,32.0,18.0,2080.0,0.1530737048801617
1998-05-20,0.0,504.2,33.5,16.91,1912.68,0.1098990701703725
1998-05-21,0.0,477.23,34.5,18.98,2196.76,0.07064940225238232
1998-05-22,0.0,424.97,33.71,20.77,2442.54,0.043174634709789196
1998-05-23,0.0,415.59,33.59,21.04,2486.28,0.029437250938492632
1998-05-24,0.0,436.33,34.0,20.53,2405.21,0.021587317354894598
1998-05-25,0.0,431.76,34.5,21.15,2503.36,0.01805484724227548
1998-05-26,0.0,435.3,34.56,21.12,2499.31,0.01334488709211666
1998-05-27,0.0,418.52,34.35,21.68,2588.49,0.010597410337857348
1998-05-28,1.49,382.78,32.29,20.95,2472.14,0.009419920300317642
1998-05-29,0.0,389.69,32.17,20.99,2478.46,0.007457436904418133
1998-05-30,0.0,392.54,32.4,20.99,2477.92,0.005102456829338723
1998-05-31,0.0,394.04,32.9,21.28,2525.49,0.004709960150158821
1998-06-01,0.0,395.82,34.01,22.1,2655.73,0.004709960150158821
1998-06-02,0.0,412.79,35.86,22.89,2782.71,0.00431746347097892
1998-06-03,0.0,419.69,36.5,23.03,2804.63,0.003532470112619116
1998-06-04,0.0,405.65,36.4,23.57,2897.17,0.0029437250938492633
1998-06-05,10.71,314.64,34.75,21.83,2612.99,0.0037287184522090664
1998-06-06,10.37,311.04,31.5,19.5,2280.0,0.007849933583598036
1998-06-07,0.0,440.96,29.39,16.73,1898.37,0.006279946866878429
1998-06-08,0.0,512.75,29.07,13.15,1489.64,0.005102456829338723
1998-06-09,0.0,478.37,29.98,15.47,1748.18,0.0034539707767831354
1998-06-10,0.22,439.63,32.5,19.01,2197.56,0.00431746347097892
1998-06-11,2.22,431.36,34.67,20.5,2393.97,0.010597410337857348
1998-06-12,0.0,413.21,35.08,22.13,2660.3,0.007457436904418133
1998-06-13,0.0,386.03,35.26,23.32,2851.4,0.005494953508518624
1998-06-14,0.0,459.89,36.0,20.8,2426.44,0.0038857171238810277
1998-06-15,0.0,400.89,36.26,23.52,2884.68,0.0029829747617672532
1998-06-16,0.0,379.26,35.75,23.99,2994.58,0.002629727750505342
1998-06-17,0.0,417.92,35.68,22.48,2701.45,0.0025904780825873517
1998-06-18,0.0,480.51,36.47,20.51,2193.99,0.002433479410915391
1998-06-19,0.0,464.14,36.88,21.6,2372.5,0.00902742362113774
1998-06-20,20.08,343.51,35.31,20.5,2397.17,0.01609236384637597
1998-06-21,0.0,442.05,34.96,21.0,2421.98,0.008242430262777937
1998-06-22,0.0,448.24,36.76,22.0,2549.73,0.005887450187698527
1998-06-23,0.0,441.58,37.81,23.0,2713.63,0.004709960150158821
1998-06-24,0.0,431.95,38.0,23.5,2812.88,0.0036109694484550963
1998-06-25,0.0,426.66,38.39,23.96,2901.86,0.003532470112619116
1998-06-26,0.0,438.53,37.08,22.5,2644.18,0.0030222244296852436
1998-06-27,0.0,443.22,37.49,22.5,2632.76,0.003924966791799018
1998-06-28,5.49,350.66,39.05,21.92,2627.46,0.0029829747617672532
1998-06-29,0.0,441.07,38.47,23.0,2733.44,0.0028652257580132827
1998-06-30,0.0,439.2,38.5,23.0,2736.33,0.002747476754259312
1998-07-01,0.0,387.43,37.93,24.73,3097.24,0.0029437250938492633
1998-07-02,0.0,411.67,36.74,22.92,2738.84,0.0032577224371931842
1998-07-03,0.08,409.3,35.5,22.02,2602.8,0.002786726422177302
1998-07-04,0.0,406.07,35.84,22.5,2647.66,0.002904475425931273
1998-07-05,0.84,389.05,36.0,23.0,2751.55,0.003336221773029165
1998-07-06,0.0,364.39,34.91,23.28,2836.55,0.003061474097603234
1998-07-07,0.0,364.97,34.12,22.66,2732.41,0.0028652257580132827
1998-07-08,0.0,418.32,35.98,22.18,2584.83,0.002786726422177302
1998-07-09,0.0,410.32,37.41,24.08,2548.53,0.0025119787467513715
1998-07-10,0.0,405.04,37.06,24.0,2557.26,0.0028652257580132827
1998-07-11,0.0,391.55,36.5,24.08,2614.67,0.0032184727692751943
1998-07-12,13.21,263.43,34.3,23.43,2853.5,0.004709960150158821
1998-07-13,2.52,307.76,31.78,21.59,2508.88,0.003924966791799018
1998-07-14,0.0,368.71,31.58,20.99,2203.74,0.00431746347097892
1998-07-15,0.0,311.32,31.93,23.07,2600.2,0.005494953508518624
1998-07-16,5.89,224.13,32.1,23.46,2875.95,0.004709960150158821
1998-07-17,19.12,229.32,32.51,23.67,2920.29,0.003924966791799018
1998-07-18,5.83,259.06,33.11,23.07,2811.76,0.003061474097603234
1998-07-19,0.0,388.63,34.06,22.72,2527.19,0.0028259760900952928
1998-07-20,0.0,418.07,34.96,22.5,2414.41,0.003296972105111175
1998-07-21,0.0,404.42,34.93,22.99,2522.36,0.0034539707767831354
1998-07-22,0.0,408.16,35.0,23.0,2498.82,0.003061474097603234
1998-07-23,0.0,433.91,35.5,22.51,2360.2,0.002394229742997401
1998-07-24,0.0,410.91,35.0,23.0,2487.23,0.002394229742997401
1998-07-25,0.0,412.49,35.0,22.98,2481.26,0.00211948206757147
1998-07-26,0.0,399.08,35.0,23.5,2597.2,0.0020802323996534796
1998-07-27,0.0,404.54,34.5,23.0,2513.01,0.00211948206757147
1998-07-28,14.76,300.89,34.0,22.52,2702.86,0.002472729078833381
1998-07-29,8.62,302.35,34.05,22.52,2723.24,0.002472729078833381
1998-07-30,0.0,420.87,35.0,23.0,2561.64,0.002394229742997401
1998-07-31,0.0,424.94,35.5,23.5,2456.28,0.002433479410915391
1998-08-01,0.73,376.03,32.5,21.97,2391.41,0.002394229742997401
1998-08-02,0.0,376.23,29.5,20.13,2168.48,0.0025512284146693614
1998-08-03,0.0,443.2,31.25,19.78,1824.99,0.0023157304071614202
1998-08-04,0.0,471.92,32.4,19.73,1711.3,0.0022372310713254396
1998-08-05,0.0,513.74,33.15,18.33,1480.4,0.0020802323996534796
1998-08-06,0.0,505.75,33.12,18.6,1524.37,0.0020802323996534796
1998-08-07,0.17,438.88,31.92,20.26,1854.41,0.0020802323996534796
1998-08-08,5.82,272.21,31.52,22.13,2565.87,0.0020802323996534796
1998-08-09,17.85,271.56,31.09,21.82,2561.27,0.0022764807392434304
1998-08-10,24.52,260.9,31.0,22.19,2669.74,0.002394229742997401
1998-08-11,0.0,432.35,34.0,21.98,2416.66,0.0023157304071614202
1998-08-12,0.0,417.7,34.5,22.83,2576.65,0.0020802323996534796
1998-08-13,15.12,292.83,32.5,21.99,2637.76,0.0020802323996534796
1998-08-14,8.72,272.71,32.0,22.41,2704.91,0.00219798140340745
1998-08-15,14.38,294.34,32.96,22.18,2668.86,0.0028259760900952928
1998-08-16,0.8,404.4,34.0,22.24,2674.31,0.005102456829338723
1998-08-17,10.73,334.86,34.02,21.78,2601.89,0.012559893733756858
1998-08-18,0.0,396.87,33.49,22.23,2676.75,0.003336221773029165
1998-08-19,8.74,312.96,32.5,20.68,2428.93,0.002786726422177302
1998-08-20,0.0,413.71,32.5,20.8,2447.82,0.0023549800750794106
1998-08-21,0.0,435.68,31.01,18.72,2158.81,0.0018054847242275482
1998-08-22,0.0,433.87,31.96,19.51,2269.61,0.0016877357204735776
1998-08-23,0.0,428.27,32.03,19.75,2299.32,0.001530737048801617
1998-08-24,0.0,440.68,32.55,19.55,2282.71,0.0014914873808836266
1998-08-25,0.0,437.77,33.75,20.48,2396.91,0.0014914873808836266
1998-08-26,0.0,420.29,34.86,21.98,2635.84,0.001373738377129656
1998-08-27,0.0,426.04,35.93,22.38,2700.38,0.0012167397054576954
1998-08-28,0.0,417.75,36.5,23.05,2807.91,0.0012559893733756857
1998-08-29,0.0,399.75,36.57,23.83,2957.44,0.0014522377129656365
1998-08-30,0.0,399.94,36.5,23.71,2928.85,0.0014914873808836266
1998-08-31,0.0,412.74,36.5,23.02,2803.25,0.0015699867167196073
1998-09-01,11.59,311.47,34.95,22.05,2647.16,0.0018054847242275482
1998-09-02,0.0,325.09,31.17,22.04,2646.93,0.0018054847242275482
1998-09-03,54.43,217.25,29.0,21.29,2526.49,0.11774900375397053
1998-09-04,35.43,314.42,31.47,18.97,2194.59,0.04709960150158821
1998-09-05,0.0,424.71,33.21,20.01,2322.06,0.014522377129656365
1998-09-06,0.0,401.24,33.13,20.91,2465.39,0.009419920300317642
1998-09-07,0.0,373.4,32.18,21.17,2507.74,0.006279946866878429
1998-09-08,0.0,399.95,33.5,21.01,2481.71,0.005102456829338723
1998-09-09,12.19,350.19,32.48,16.53,1873.71,0.013737383771296562
1998-09-10,0.0,461.06,27.33,12.92,1476.13,0.007849933583598036
1998-09-11,0.0,454.58,27.85,13.5,1560.07,0.005887450187698527
1998-09-12,0.0,437.61,28.93,15.05,1724.08,0.004709960150158821
1998-09-13,0.0,428.07,30.23,16.33,1852.99,0.0034539707767831354
1998-09-14,0.0,412.44,31.0,17.55,2008.19,0.0032577224371931842
1998-09-15,0.0,372.29,31.35,19.51,2280.23,0.0035717197805371064
1998-09-16,0.0,352.57,31.56,20.42,2387.37,0.003336221773029165
1998-09-17,0.0,310.97,30.99,21.43,2549.47,0.004709960150158821
1998-09-18,10.74,159.42,28.55,22.42,2706.54,0.014914873808836266
1998-09-19,16.64,180.79,28.62,21.69,2591.14,0.016877357204735776
1998-09-20,3.79,210.81,29.87,22.49,2718.7,0.05102456829338723
1998-09-21,19.98,183.22,30.0,22.92,2786.83,0.10204913658677446
1998-09-22,5.46,193.8,30.54,23.0,2800.68,0.03924966791799018
1998-09-23,0.0,295.6,30.5,21.84,2614.08,0.021979814034074497
1998-09-24,0.0,370.75,28.89,17.77,2042.63,0.012167397054576956
1998-09-25,0.0,361.91,28.5,17.78,2043.53,0.010989907017037248
1998-09-26,0.0,342.53,30.0,19.78,2301.74,0.007849933583598036
1998-09-27,0.0,321.88,31.31,21.62,2579.71,0.007064940225238232
1998-09-28,0.0,313.57,31.33,21.96,2633.15,0.006279946866878429
1998-09-29,1.95,245.84,30.15,22.53,2724.77,0.005494953508518624
1998-09-30,36.33,203.87,29.34,21.75,2599.22,0.05102456829338723
1998-10-01,10.86,172.02,27.85,21.74,2597.97,0.05102456829338723
1998-10-02,0.0,353.3,28.65,18.35,2108.01,0.03885717123881028
1998-10-03,0.0,341.76,28.0,18.14,2088.46,0.027474767542593124
1998-10-04,15.95,244.63,28.92,19.48,2277.15,0.02040982731735489
1998-10-05,0.0,317.48,28.94,19.84,2307.54,0.014914873808836266
1998-10-06,0.0,283.43,28.5,20.64,2422.26,0.010989907017037248
1998-10-07,5.89,176.75,28.0,21.67,2586.52,0.009812416979497545
1998-10-08,18.58,222.9,29.0,20.69,2430.32,0.11774900375397053
1998-10-09,0.0,375.29,27.86,16.66,1889.85,0.07457436904418134
1998-10-10,0.0,409.7,25.8,13.09,1494.69,0.03689468784291077
1998-10-11,0.0,406.62,26.0,13.32,1530.24,0.02629727750505342
1998-10-12,0.0,410.9,26.9,13.55,1562.63,0.02001733063817499
1998-10-13,0.0,403.15,27.11,14.12,1609.9,0.016877357204735776
1998-10-14,0.0,411.35,26.99,13.21,1513.84,0.014522377129656365
1998-10-15,0.0,430.75,27.5,11.45,1355.83,0.011774900375397053
1998-10-16,0.0,411.63,26.99,12.53,1442.0,0.009812416979497545
1998-10-17,0.0,392.28,26.01,12.96,1481.37,0.008242430262777937
1998-10-18,0.0,390.39,27.23,13.62,1563.86,0.007457436904418133
1998-10-19,0.0,386.7,28.85,14.64,1665.79,0.007064940225238232
1998-10-20,0.0,369.48,29.52,16.01,1807.65,0.006279946866878429
1998-10-21,0.0,343.36,27.62,15.8,1786.39,0.005887450187698527
1998-10-22,0.0,363.83,21.42,9.27,1181.56,0.005494953508518624
1998-10-23,0.0,408.18,18.5,3.33,785.83,0.003924966791799018
1998-10-24,0.0,416.06,20.43,3.59,794.82,0.00431746347097892
1998-10-25,0.0,424.2,23.63,4.14,812.05,0.005102456829338723
1998-10-26,0.0,418.61,25.73,5.59,917.19,0.005887450187698527
1998-10-27,0.0,406.26,26.53,7.22,1017.33,0.00431746347097892
1998-10-28,0.0,400.38,26.9,7.55,1043.97,0.00431746347097892
1998-10-29,0.0,373.02,27.0,9.99,1238.81,0.00431746347097892
1998-10-30,0.0,369.38,28.0,10.53,1282.01,0.003924966791799018
1998-10-31,0.0,340.11,28.5,12.89,1476.59,0.0036109694484550963
1998-11-01,0.0,313.55,28.0,14.08,1606.36,0.0032184727692751943
1998-11-02,0.0,301.38,27.5,14.19,1615.43,0.0036109694484550963
1998-11-03,0.04,254.86,27.33,16.43,1866.43,0.00431746347097892
1998-11-04,1.82,272.54,24.48,12.92,1475.17,0.005102456829338723
1998-11-05,0.0,227.47,18.57,9.63,1210.79,0.004709960150158821
1998-11-06,0.0,300.23,17.66,4.96,876.8,0.0036894687842910765
1998-11-07,0.0,310.96,16.54,3.02,761.88,0.0038857171238810277
1998-11-08,0.0,322.54,19.07,4.24,819.23,0.00431746347097892
1998-11-09,1.44,272.59,22.72,10.52,1281.78,0.005102456829338723
1998-11-10,0.0,258.54,25.32,13.5,1560.0,0.005494953508518624
1998-11-11,0.0,259.84,26.07,14.0,1600.65,0.005887450187698527
1998-11-12,0.0,306.71,22.87,8.11,1089.06,0.00667244354605833
1998-11-13,0.0,291.06,21.5,7.88,1070.61,0.008242430262777937
1998-11-14,0.0,236.82,21.65,11.18,1334.3,0.010597410337857348
1998-11-15,0.0,197.99,22.37,13.78,1582.11,0.011774900375397053
1998-11-16,2.47,157.35,24.17,16.33,1849.04,0.012952390412936757
1998-11-17,2.69,201.34,25.87,15.37,1749.53,0.015699867167196072
1998-11-18,0.0,272.19,24.23,11.43,1354.05,0.020802323996534793
1998-11-19,0.0,217.87,22.13,12.61,1450.19,0.023157304071614204
1998-11-20,0.0,210.19,22.29,13.13,1501.46,0.02629727750505342
1998-11-21,0.0,235.98,22.5,11.96,1396.77,0.02825976090095293
1998-11-22,0.0,261.92,19.0,7.38,1030.42,0.030222244296852437
1998-11-23,0.0,259.5,21.9,10.13,1250.74,0.029437250938492632
1998-11-24,5.08,163.39,23.8,14.28,1624.7,0.031007237655212242
1998-11-25,0.0,236.99,24.75,14.23,1620.54,0.030222244296852437
1998-11-26,0.0,279.86,24.85,11.71,1377.02,0.02904475425931273
1998-11-27,0.0,342.96,23.5,3.67,800.61,0.023549800750794107
1998-11-28,0.0,341.67,23.0,3.15,771.87,0.01726985388391568
1998-11-29,0.0,333.02,24.5,5.33,904.15,0.010204913658677445
1998-11-30,0.0,304.85,24.51,8.71,1136.8,0.00431746347097892
1998-12-01,0.0,282.63,25.01,11.01,1320.86,0.00431746347097892
1998-12-02,0.0,294.19,25.5,10.21,1256.91,0.00431746347097892
1998-12-03,0.0,287.5,25.5,10.62,1289.62,0.004709960150158821
1998-12-04,0.0,290.53,26.0,10.51,1280.68,0.005494953508518624
1998-12-05,0.0,272.59,26.0,11.87,1389.24,0.005494953508518624
1998-12-06,0.0,245.24,26.13,13.89,1591.24,0.00431746347097892
1998-12-07,0.0,259.68,27.0,13.55,1564.05,0.003924966791799018
1998-12-08,0.0,240.59,27.35,15.2,1735.66,0.003532470112619116
1998-12-09,0.0,250.43,26.5,13.77,1577.52,0.0038072177880450466
1998-12-10,0.0,254.74,20.56,8.35,1108.26,0.003924966791799018
1998-12-11,0.0,272.7,18.82,5.45,912.63,0.0037679681201270568
1998-12-12,0.0,245.87,19.0,7.54,1043.33,0.0032577224371931842
1998-12-13,2.0,171.63,18.56,11.19,1334.86,0.0036109694484550963
1998-12-14,4.27,183.17,19.6,8.27,1101.85,0.00431746347097892
1998-12-15,3.62,152.1,11.94,4.43,834.73,0.005494953508518624
1998-12-16,6.25,142.27,11.33,3.52,800.0,0.007849933583598036
1998-12-17,0.0,300.78,17.5,1.71,696.6,0.00667244354605833
1998-12-18,0.0,319.19,15.48,-2.5,520.0,0.004709960150158821
1998-12-19,0.0,302.33,18.13,1.64,690.37,0.00431746347097892
1998-12-20,0.0,285.38,24.02,8.08,1086.23,0.00431746347097892
1998-12-21,0.0,268.49,25.0,10.32,1265.44,0.0038072177880450466
1998-12-22,0.0,220.12,25.23,14.0,1600.22,0.00431746347097892
1998-12-23,0.0,273.8,24.04,9.0,1159.66,0.005102456829338723
1998-12-24,0.0,133.26,11.64,5.92,923.64,0.003924966791799018
1998-12-25,25.21,106.77,8.54,2.6,728.29,0.01805484724227548
1998-12-26,27.81,51.42,4.03,1.54,683.33,0.10597410337857346
1998-12-27,2.48,143.83,7.01,0.49,637.41,0.06279946866878429
1998-12-28,0.0,207.8,11.09,2.69,735.21,0.03885717123881028
1998-12-29,1.0,197.47,14.01,6.19,937.02,0.02708227086341322
1998-12-30,0.0,239.06,13.71,4.01,803.66,0.021194820675714696
1998-12-31,0.0,308.64,12.31,-2.15,520.0,0.031399734334392145
1999-01-01,0.0,289.01,15.08,-0.81,573.95,0.03807217788045047
1999-01-02,4.59,255.46,16.7,1.89,705.31,0.043174634709789196
1999-01-03,22.43,187.2,17.75,4.88,870.38,0.13737383771296563
1999-01-04,0.0,243.29,8.25,-3.5,478.33,0.14129880450476465
1999-01-05,0.0,234.42,3.92,-7.06,360.0,0.11774900375397053
1999-01-06,0.0,278.25,5.58,-8.34,320.0,0.12559893733756858
1999-01-07,0.0,315.92,12.94,-4.94,440.0,0.1334488709211666
1999-01-08,0.0,303.62,18.79,1.67,693.57,0.11774900375397053
1999-01-09,4.64,205.21,20.3,5.74,918.87,0.10204913658677446
1999-01-10,4.53,244.08,15.51,-0.9,568.84,0.10597410337857346
1999-01-11,0.0,278.66,11.91,-2.0,520.0,0.09027423621137741
1999-01-12,0.0,322.2,16.86,-1.46,560.0,0.08242430262777936
1999-01-13,0.0,319.34,19.91,1.62,686.88,0.09812416979497544
1999-01-14,0.09,288.82,21.22,5.78,920.7,0.14522377129656366
1999-01-15,7.48,199.25,20.38,6.95,996.36,0.14129880450476465
1999-01-16,0.0,330.11,18.17,-0.53,594.5,0.1334488709211666
1999-01-17,0.0,317.54,20.9,3.34,781.66,0.14914873808836268
1999-01-18,9.21,189.41,22.0,9.54,1202.88,0.15699867167196072
1999-01-19,4.19,249.46,21.45,2.62,729.39,0.16877357204735774
1999-01-20,0.0,327.58,21.15,3.06,764.67,0.14914873808836268
1999-01-21,0.0,298.94,23.0,7.43,1034.6,0.18839840600635285
1999-01-22,0.0,238.32,24.54,12.95,1478.4,0.2080232399653479
1999-01-23,29.15,155.5,25.2,15.31,1744.48,0.219798140340745
1999-01-24,54.27,160.86,21.97,12.14,1411.1,0.6476195206468379
1999-01-25,0.0,319.73,20.41,4.12,809.4,0.9223671960727692
1999-01-26,0.0,317.68,21.66,5.53,920.0,1.1539402367889111
1999-01-27,0.0,294.82,22.07,7.78,1062.08,1.573911683511406
1999-01-28,0.0,294.43,23.38,9.06,1164.83,1.4954123476754257
1999-01-29,0.0,307.88,24.5,9.19,1175.17,1.1931899047069014
1999-01-30,0.0,268.66,22.24,9.93,1234.27,1.0440411666185385
1999-01-31,11.74,137.24,14.78,7.46,1037.16,0.9105922956973721
1999-02-01,22.77,115.13,12.26,6.42,954.68,0.8517177938203869
1999-02-02,16.5,146.96,15.31,8.26,1101.09,0.9812416979497545
1999-02-03,0.0,217.86,16.05,7.62,1049.23,1.1382403696217152
1999-02-04,6.07,206.5,20.77,9.37,1189.8,1.6367111521801903
1999-02-05,0.0,371.01,22.01,3.59,794.44,2.1273320011550676
1999-02-06,0.0,382.47,21.5,2.13,719.53,2.1391069015304645
1999-02-07,0.0,366.51,24.41,6.42,954.11,2.0684574992780824
1999-02-08,0.0,329.97,25.86,10.79,1302.96,1.7387602887669649
1999-02-09,0.0,340.76,25.62,10.02,1241.56,1.2873891077100776
1999-02-10,0.0,308.06,24.5,11.36,1348.86,1.0361912330349408
1999-02-11,0.0,305.42,24.55,11.8,1384.23,0.914517262489171
1999-02-12,0.0,314.25,25.64,12.5,1439.69,0.7771434247762055
1999-02-13,1.8,392.91,21.44,-0.24,599.89,0.663319387814034
1999-02-14,0.0,358.69,11.92,-2.28,518.87,0.5887450187698526
1999-02-15,0.0,403.09,14.08,-3.52,478.17,0.5259455501010684
1999-02-16,0.0,421.77,19.57,-0.75,579.98,0.4631460814322841
1999-02-17,0.0,398.34,22.65,4.45,836.29,0.4199714467224949
1999-02-18,5.03,239.14,23.0,10.51,1280.6,0.39642164597170076
1999-02-19,0.0,323.3,20.97,8.74,1139.13,0.40819654634709784
1999-02-20,0.0,377.48,18.85,3.93,800.0,0.3924966791799018
1999-02-21,0.61,310.34,14.84,3.99,807.14,0.37287184522090666
1999-02-22,0.0,380.06,12.12,-2.12,520.19,0.3807217788045047
1999-02-23,0.0,329.38,9.3,-2.02,520.0,0.36894687842910767
1999-02-24,0.0,331.57,11.21,-0.1,600.82,0.3414721108865145
1999-02-25,0.0,419.17,14.79,-1.72,542.06,0.3179223101357204
1999-02-26,0.0,405.45,18.91,3.06,763.97,0.29829747617672536
1999-02-27,0.0,398.11,21.54,5.98,920.0,0.27867264221773025
1999-02-28,4.66,261.88,22.43,9.74,1219.08,0.2708227086341322
1999-03-01,0.0,394.93,21.01,6.03,927.07,0.27474767542593126
1999-03-02,0.0,458.4,22.1,1.48,678.21,0.27474767542593126
1999-03-03,0.0,417.52,22.06,5.05,883.86,0.25512284146693615
1999-03-04,0.0,419.9,16.75,0.19,615.4,0.23549800750794106
1999-03-05,0.0,433.77,17.17,-0.54,592.75,0.219798140340745
1999-03-06,0.0,398.73,20.61,4.9,872.38,0.20409827317354892
1999-03-07,0.0,383.84,21.29,6.61,968.61,0.223723107132544
1999-03-08,0.0,415.58,16.19,0.43,629.27,0.21194820675714693
1999-03-09,0.0,374.04,16.61,3.35,784.11,0.18839840600635285
1999-03-10,6.46,293.87,18.94,4.7,855.84,0.1962483395899509
1999-03-11,0.0,413.3,17.52,2.37,721.23,0.1962483395899509
1999-03-12,0.0,414.86,17.0,1.88,706.25,0.18839840600635285
1999-03-13,0.0,412.82,17.77,2.76,740.51,0.18447343921455384
1999-03-14,7.75,272.68,20.56,7.83,1066.8,0.2001733063817499
1999-03-15,0.86,386.93,19.7,5.24,899.04,0.23549800750794106
1999-03-16,0.0,440.73,16.99,0.98,640.0,0.23549800750794106
1999-03-17,0.0,469.5,23.0,4.25,819.92,0.23157304071614204
1999-03-18,0.0,466.69,25.99,7.1,1008.23,0.23157304071614204
1999-03-19,0.0,456.75,26.08,8.12,1089.83,0.219798140340745
1999-03-20,0.0,457.16,23.95,6.34,947.58,0.1962483395899509
1999-03-21,0.0,368.12,21.78,9.32,1185.36,0.18054847242275482
1999-03-22,0.0,438.01,20.84,5.15,891.62,0.16484860525555872
1999-03-23,0.0,485.31,23.0,3.7,800.81,0.14129880450476465
1999-03-24,0.0,463.12,25.59,7.5,1040.34,0.12167397054576955
1999-03-25,0.0,430.69,26.78,10.5,1280.0,0.10597410337857346
1999-03-26,5.36,270.34,22.22,9.99,1238.81,0.10204913658677446
1999-03-27,0.0,383.1,16.66,4.12,813.24,0.09419920300317643
1999-03-28,0.0,457.44,20.15,3.7,800.0,0.09419920300317643
1999-03-29,0.0,481.95,24.16,5.55,919.88,0.09812416979497544
1999-03-30,0.0,456.33,24.71,7.68,1054.73,0.08634926941957839
1999-03-31,0.0,336.36,23.5,12.35,1428.38,0.07849933583598036
1999-04-01,3.94,203.6,24.68,15.92,1800.61,0.07457436904418134
1999-04-02,3.62,284.74,27.51,15.65,1772.23,0.08242430262777936
1999-04-03,0.0,409.13,29.99,15.43,1754.02,0.07849933583598036
1999-04-04,0.0,368.9,29.51,16.98,1918.31,0.07457436904418134
1999-04-05,0.0,423.72,31.25,16.0,1799.38,0.07457436904418134
1999-04-06,0.0,359.31,28.61,16.75,1898.44,0.07849933583598036
1999-04-07,2.61,310.65,27.32,16.96,1918.45,0.08242430262777936
1999-04-08,6.78,278.7,30.01,17.69,2029.81,0.09812416979497544
1999-04-09,0.0,332.9,30.37,19.55,2283.76,0.07064940225238232
1999-04-10,0.0,305.63,29.62,19.99,2318.98,0.058874501876985265
1999-04-11,0.0,373.72,30.59,18.46,2117.55,0.05102456829338723
1999-04-12,0.0,443.19,30.28,15.24,1728.36,0.04709960150158821
1999-04-13,0.0,504.58,27.19,9.31,1157.08,0.03924966791799018
1999-04-14,0.0,483.2,25.0,8.83,1139.23,0.03532470112619116
1999-04-15,0.0,430.32,27.02,13.24,1517.56,0.029437250938492632
1999-04-16,0.0,450.25,26.76,12.28,1419.16,0.02040982731735489
1999-04-17,0.0,352.07,20.67,10.9,1311.62,0.01530737048801617
1999-04-18,0.0,523.28,20.93,3.8,790.86,0.011382403696217151
1999-04-19,0.0,534.63,21.99,4.06,790.14,0.00902742362113774
1999-04-20,0.0,530.99,25.87,7.43,963.71,0.009419920300317642
1999-04-21,0.0,526.04,30.23,11.18,1212.76,0.00667244354605833
1999-04-22,0.0,492.82,30.94,13.96,1483.73,0.005102456829338723
1999-04-23,0.0,481.56,31.12,14.81,1581.62,0.00431746347097892
1999-04-24,0.0,461.31,32.5,17.21,1735.49,0.0032577224371931842
1999-04-25,12.47,388.51,32.89,14.51,1295.07,0.003414721108865145
1999-04-26,0.0,316.1,23.83,15.04,1615.9,0.0028652257580132827
1999-04-27,0.0,422.71,30.24,17.45,1598.97,0.0023157304071614202
1999-04-28,0.0,455.7,30.9,16.87,1472.07,0.002001733063817499
1999-04-29,1.65,475.25,25.69,11.62,1061.73,0.0014914873808836266
1999-04-30,7.73,182.06,13.45,7.53,1042.54,0.0023549800750794106
1999-05-01,10.91,168.8,13.01,7.61,1048.47,0.00863492694195784
1999-05-02,0.18,435.77,22.15,10.22,1072.71,0.007849933583598036
1999-05-03,0.0,540.38,25.48,8.62,733.23,0.005494953508518624
1999-05-04,0.0,565.06,28.48,9.67,627.75,0.0036894687842910765
1999-05-05,0.26,415.55,26.97,15.54,1205.43,0.0029437250938492633
1999-05-06,14.84,301.98,28.9,17.54,1578.7,0.006279946866878429
1999-05-07,14.18,270.95,27.5,17.47,1804.66,0.015699867167196072
1999-05-08,0.0,459.4,28.88,15.49,1293.29,0.009812416979497545
1999-05-09,0.0,552.94,30.14,11.55,873.33,0.005887450187698527
1999-05-10,0.0,522.13,30.49,13.57,1033.34,0.00431746347097892
1999-05-11,0.0,502.91,29.5,13.66,1072.84,0.00431746347097892
1999-05-12,0.0,412.38,27.44,15.61,1395.24,0.0025904780825873517
1999-05-13,0.0,467.0,29.66,15.65,1277.46,0.0027082270863413222
1999-05-14,0.54,438.43,29.51,16.37,1395.11,0.00667244354605833
1999-05-15,0.0,402.88,25.58,14.49,1319.78,0.005887450187698527
1999-05-16,0.0,504.69,26.67,11.57,945.19,0.004709960150158821
1999-05-17,0.0,487.61,28.45,13.8,1099.61,0.0038464674559630374
1999-05-18,0.0,474.69,29.22,15.1,1208.42,0.003336221773029165
1999-05-19,0.0,467.96,30.23,16.37,1309.82,0.0031399734334392145
1999-05-20,0.0,488.58,29.54,15.11,1140.24,0.002472729078833381
1999-05-21,0.0,513.29,29.5,14.05,1024.73,0.0022764807392434304
1999-05-22,0.0,511.13,31.0,15.48,1111.96,0.002001733063817499
1999-05-23,0.0,456.13,32.26,19.0,1490.24,0.001766235056309558
1999-05-24,0.0,443.19,32.51,19.77,1589.63,0.001530737048801617
1999-05-25,0.0,570.34,32.49,13.25,860.26,0.0012559893733756857
1999-05-26,0.0,512.31,32.57,16.73,1175.18,0.002001733063817499
1999-05-27,7.44,337.72,31.09,17.7,1655.64,0.007849933583598036
1999-05-28,0.0,503.6,29.97,14.77,1129.34,0.007849933583598036
1999-05-29,0.0,478.49,29.64,15.61,1238.3,0.007064940225238232
1999-05-30,0.0,471.19,29.84,15.96,1239.03,0.0018447343921455383
1999-05-31,0.0,490.43,29.87,14.9,1124.37,0.0016092363846375972
1999-06-01,0.0,474.36,30.5,16.09,1234.65,0.0016484860525555875
1999-06-02,0.0,503.45,31.93,16.03,1162.9,0.00431746347097892
1999-06-03,0.0,465.7,33.34,19.0,1470.41,0.003650219116373086
1999-06-04,0.0,455.16,34.51,20.34,1612.22,0.0007064940225238232
1999-06-05,0.0,406.05,33.59,21.35,1858.01,0.0007064940225238232
1999-06-06,0.0,413.14,32.22,19.88,1692.72,0.0006672443546058331
1999-06-07,0.0,452.04,32.5,18.7,1479.78,0.0005887450187698526
1999-06-08,0.0,488.92,33.44,18.03,1330.86,0.0014914873808836266
1999-06-09,0.0,502.82,34.03,18.03,1229.8,0.006279946866878429
1999-06-10,0.0,400.8,31.93,20.29,1700.39,0.008242430262777937
1999-06-11,4.92,187.71,28.43,21.38,2539.08,0.009812416979497545
1999-06-12,3.66,353.75,29.53,18.88,1755.5,0.013737383771296562
1999-06-13,0.0,467.84,30.59,16.92,1253.12,0.012167397054576956
1999-06-14,0.0,420.57,32.0,19.85,1598.34,0.012167397054576956
1999-06-15,8.29,281.46,33.07,21.97,2269.86,0.011774900375397053
1999-06-16,15.88,321.43,34.09,20.96,2072.99,0.012559893733756858
1999-06-17,42.47,278.45,32.37,21.39,2408.67,0.01530737048801617
1999-06-18,0.0,359.59,29.0,18.95,2121.52,0.014129880450476464
1999-06-19,0.0,436.3,28.24,15.83,1633.84,0.012167397054576956
1999-06-20,0.0,321.27,26.35,17.87,2050.8,0.012167397054576956
1999-06-21,0.0,311.19,26.52,18.44,2113.36,0.012559893733756858
1999-06-22,0.0,375.4,29.11,18.97,2093.55,0.010989907017037248
1999-06-23,0.0,440.35,30.29,17.87,1832.13,0.005494953508518624
1999-06-24,0.0,428.15,30.41,18.58,1936.78,0.005887450187698527
1999-06-25,7.69,255.5,30.01,21.0,2479.5,0.00667244354605833
1999-06-26,7.4,268.01,31.5,21.83,2613.22,0.007064940225238232
1999-06-27,10.5,268.03,31.56,22.0,2640.0,0.007849933583598036
1999-06-28,15.53,228.58,29.7,22.0,2640.69,0.010989907017037248
1999-06-29,42.1,210.89,29.06,22.16,2665.57,0.03924966791799018
1999-06-30,61.23,272.2,29.54,20.5,2400.0,0.19232337279815187
1999-07-01,13.82,302.52,31.39,20.91,2465.32,0.14914873808836268
1999-07-02,2.86,340.62,30.53,20.48,2396.47,0.10204913658677446
1999-07-03,1.36,396.3,31.71,21.1,2496.45,0.04709960150158821
1999-07-04,0.0,396.81,32.0,21.93,2628.49,0.027474767542593124
1999-07-05,0.0,431.17,33.17,21.68,2589.03,0.021194820675714696
1999-07-06,0.0,437.04,34.55,22.51,2721.22,0.012952390412936757
1999-07-07,18.31,338.09,33.97,21.53,2564.03,0.043174634709789196
1999-07-08,0.0,434.13,33.0,21.57,2571.47,0.043174634709789196
1999-07-09,0.0,442.98,34.0,22.06,2649.78,0.058874501876985265
1999-07-10,0.0,429.71,34.13,22.67,2747.03,0.1962483395899509
1999-07-11,31.21,347.24,34.0,22.51,2721.0,0.2080232399653479
1999-07-12,31.01,301.0,31.5,21.5,2560.0,0.18447343921455384
1999-07-13,23.34,241.37,28.35,21.15,2504.6,0.3061474097603234
1999-07-14,4.63,236.31,26.76,20.34,2373.7,0.3336221773029165
1999-07-15,6.43,277.77,29.3,20.89,2461.6,0.46707104822408313
1999-07-16,0.32,372.16,30.78,22.09,2654.8,0.6711693213976321
1999-07-17,13.02,291.29,30.68,21.68,2588.97,0.7418187236500143
1999-07-18,18.6,307.41,31.73,21.89,2622.93,0.667244354605833
1999-07-19,7.31,311.78,32.0,21.98,2636.91,0.6907941553566271
1999-07-20,0.0,429.59,33.09,22.27,2683.43,0.6240697198960438
1999-07-21,0.0,427.01,34.5,23.36,2857.29,0.49062084897487723
1999-07-22,0.0,417.9,35.47,24.37,3059.41,0.6005199191452497
1999-07-23,0.0,417.3,36.0,24.81,3129.45,0.6476195206468379
1999-07-24,0.0,448.47,36.0,23.54,2888.64,0.4866958821830782
1999-07-25,0.0,426.89,35.25,23.81,2954.43,0.34539707767831357
1999-07-26,0.0,449.34,35.49,23.0,2800.03,0.25512284146693615
1999-07-27,0.0,462.4,37.0,23.28,2844.74,0.18839840600635285
1999-07-28,0.0,454.18,37.0,23.52,2884.82,0.1334488709211666
1999-07-29,0.0,432.09,36.68,24.13,3020.47,0.08634926941957839
1999-07-30,0.0,430.27,37.18,24.44,3070.42,0.058874501876985265
1999-07-31,0.0,448.95,38.5,24.37,3058.91,0.043174634709789196
1999-08-01,0.0,448.69,39.0,24.56,3088.81,0.03296972105111175
1999-08-02,0.0,433.22,38.37,24.8,3127.48,0.023157304071614204
1999-08-03,0.0,458.9,36.06,21.98,2637.51,0.014522377129656365
1999-08-04,0.0,465.4,34.0,20.19,2353.49,0.00863492694195784
1999-08-05,0.0,470.09,34.34,20.11,2338.03,0.005102456829338723
1999-08-06,0.0,476.43,35.49,20.47,2395.04,0.0032184727692751943
1999-08-07,0.0,444.08,35.5,21.99,2638.07,0.0022764807392434304
1999-08-08,0.0,413.21,36.19,23.74,2936.75,0.0016877357204735776
1999-08-09,0.0,408.45,35.7,23.53,2887.63,0.001373738377129656
1999-08-10,0.0,389.1,34.76,23.54,2893.2,0.0011382403696217152
1999-08-11,0.0,389.25,35.3,23.9,2975.1,0.0009027423621137741
1999-08-12,0.0,421.32,37.37,23.92,2979.41,0.0007849933583598036
1999-08-13,0.0,426.75,38.17,24.03,2999.87,0.0007457436904418133
1999-08-14,13.38,311.52,36.92,23.79,2950.41,0.0025512284146693614
1999-08-15,26.46,328.31,36.27,22.04,2645.79,0.008242430262777937
1999-08-16,0.0,399.2,35.0,22.56,2729.18,0.00431746347097892
1999-08-17,0.0,383.97,34.95,23.03,2805.02,0.0026689774184233323
1999-08-18,0.0,382.32,35.59,23.5,2880.63,0.0022764807392434304
1999-08-19,0.0,398.33,36.29,23.3,2848.72,0.0020802323996534796
1999-08-20,18.63,326.14,35.64,21.37,2539.79,0.0032577224371931842
1999-08-21,10.78,373.11,34.46,20.56,2409.49,0.00667244354605833
1999-08-22,0.0,404.87,34.0,21.06,2489.17,0.020802323996534793
1999-08-23,19.99,318.65,33.0,20.27,2363.91,0.04709960150158821
1999-08-24,10.08,305.43,32.5,21.02,2482.5,0.03493220444701126
1999-08-25,16.64,293.25,32.5,21.06,2488.95,0.03924966791799018
1999-08-26,0.0,348.89,33.12,22.43,2708.9,0.025904780825873514
1999-08-27,0.0,347.25,34.0,23.22,2835.69,0.01726985388391568
1999-08-28,0.0,370.2,33.5,21.98,2637.04,0.01805484724227548
1999-08-29,3.75,241.03,31.79,22.86,2777.72,0.025512284146693615
1999-08-30,0.0,324.43,30.52,21.22,2515.08,0.027474767542593124
1999-08-31,0.0,471.16,30.9,15.51,1761.19,0.020802323996534793
1999-09-01,0.0,477.25,29.5,13.99,1599.45,0.014129880450476464
1999-09-02,0.0,486.52,31.18,14.49,1643.18,0.00902742362113774
1999-09-03,0.0,465.83,33.12,16.99,1921.62,0.00667244354605833
1999-09-04,0.0,435.14,33.19,18.62,2139.29,0.00431746347097892
1999-09-05,0.0,456.13,34.88,18.54,2126.33,0.003532470112619116
1999-09-06,0.0,394.74,36.05,22.46,2713.69,0.002629727750505342
1999-09-07,4.54,328.39,35.92,22.1,2655.7,0.0023549800750794106
1999-09-08,0.88,378.56,33.92,21.13,2501.5,0.002394229742997401
1999-09-09,0.0,349.77,32.0,20.98,2477.26,0.0025904780825873517
1999-09-10,0.0,385.06,32.88,20.2,2352.98,0.0022764807392434304
1999-09-11,0.0,402.45,32.67,19.2,2231.47,0.0020409827317354893
1999-09-12,0.0,445.96,31.5,15.97,1805.97,0.0016877357204735776
1999-09-13,0.0,415.91,30.03,16.32,1847.13,0.0014914873808836266
1999-09-14,0.0,403.76,29.59,16.48,1870.68,0.0016092363846375972
1999-09-15,14.6,252.24,29.96,19.48,2276.38,0.00219798140340745
1999-09-16,0.0,353.35,28.13,17.27,1963.69,0.001962483395899509
1999-09-17,0.0,444.81,30.45,14.73,1676.87,0.0017269853883915677
1999-09-18,0.0,331.95,28.1,17.89,2054.24,0.001530737048801617
1999-09-19,10.4,182.16,26.0,19.0,2200.22,0.0029437250938492633
1999-09-20,17.19,136.89,22.95,18.01,2079.03,0.003493220444701126
1999-09-21,8.16,180.28,25.29,18.6,2136.01,0.003924966791799018
1999-09-22,4.77,306.47,26.5,14.06,1604.92,0.003650219116373086
1999-09-23,0.0,465.11,24.93,8.98,1158.68,0.002629727750505342
1999-09-24,0.0,414.65,25.08,11.87,1389.52,0.002629727750505342
1999-09-25,0.0,382.31,26.16,14.15,1613.57,0.0025904780825873517
1999-09-26,3.27,342.39,29.0,17.28,1965.54,0.0037679681201270568
1999-09-27,33.09,167.31,27.5,20.86,2457.56,0.036502191163730865
1999-09-28,28.59,133.61,27.2,21.95,2631.5,0.10597410337857346
1999-09-29,24.33,195.32,29.99,21.89,2622.98,0.16877357204735774
1999-09-30,28.75,300.57,28.91,15.28,1740.07,0.5180956165174704
1999-10-01,0.0,439.85,25.8,10.37,1269.31,0.8006932255269996
1999-10-02,0.0,425.76,26.8,11.95,1395.7,1.0911407681201268
1999-10-03,0.0,384.67,29.32,16.25,1837.58,1.11861553566272
1999-10-04,0.0,302.55,28.06,18.73,2157.2,0.9105922956973721
1999-10-05,10.64,183.75,24.04,17.16,1945.92,0.6790192549812301
1999-10-06,0.0,322.23,23.5,14.2,1615.89,0.5023957493502743
1999-10-07,0.0,407.04,25.05,11.63,1370.1,0.42389641351429386
1999-10-08,0.0,374.24,26.72,14.66,1667.57,0.3767968120127057
1999-10-09,0.0,366.08,28.68,16.48,1869.98,0.32969721051111744
1999-10-10,0.0,309.56,29.01,19.22,2234.91,0.2865225758013283
1999-10-11,0.0,261.35,29.0,21.0,2480.0,0.25119787467513716
1999-10-12,22.71,174.89,26.74,20.02,2324.36,0.29044754259312733
1999-10-13,3.42,180.59,24.08,18.06,2084.73,0.4709960150158821
1999-10-14,0.0,277.71,25.22,17.37,1979.0,0.38857171238810273
1999-10-15,0.0,333.14,26.01,15.96,1799.78,0.31399734334392143
1999-10-16,3.44,218.17,24.5,17.08,1937.74,0.27867264221773025
1999-10-17,5.8,169.82,24.39,18.3,2103.79,0.2629727750505342
1999-10-18,0.0,363.18,26.5,14.93,1708.54,0.2472729078833381
1999-10-19,0.0,345.14,27.0,16.0,1807.94,0.23942297429974008
1999-10-20,3.84,233.63,26.24,16.8,1904.24,0.23157304071614204
1999-10-21,5.79,285.14,24.28,12.52,1441.94,0.22764807392434303
1999-10-22,0.0,394.56,21.5,7.84,1067.59,0.23549800750794106
1999-10-23,0.0,391.26,22.0,8.36,1109.17,0.223723107132544
1999-10-24,0.0,414.54,19.0,3.59,798.34,0.18447343921455384
1999-10-25,0.0,421.21,18.31,1.86,707.01,0.14914873808836268
1999-10-26,0.0,418.83,20.93,3.56,794.0,0.11774900375397053
1999-10-27,0.0,416.95,23.43,4.71,856.84,0.08634926941957839
1999-10-28,0.0,402.6,24.28,6.47,957.75,0.0667244354605833
1999-10-29,0.0,388.23,24.49,7.65,1052.35,0.05102456829338723
1999-10-30,0.0,341.25,24.82,11.5,1359.75,0.03924966791799018
1999-10-31,0.0,278.18,25.18,15.19,1730.75,0.03610969448455096
1999-11-01,6.22,197.53,25.93,16.82,1905.49,0.031399734334392145
1999-11-02,9.75,240.32,24.22,12.19,1415.4,0.030222244296852437
1999-11-03,0.0,387.28,19.24,2.42,721.56,0.031399734334392145
1999-11-04,0.0,390.1,17.03,-0.45,599.26,0.02904475425931273
1999-11-05,0.0,385.41,20.31,2.14,718.04,0.025119787467513716
1999-11-06,0.0,380.06,23.0,4.4,834.27,0.021979814034074497
1999-11-07,0.0,370.94,24.5,6.07,925.59,0.020802323996534793
1999-11-08,0.0,359.45,25.54,7.74,1059.49,0.01962483395899509
1999-11-09,0.0,342.86,25.64,9.05,1164.26,0.01923233727981519
1999-11-10,0.0,333.71,25.85,9.61,1209.09,0.01923233727981519
1999-11-11,0.0,313.78,25.93,10.89,1311.33,0.01962483395899509
1999-11-12,0.0,262.37,23.45,11.84,1386.87,0.018839840600635285
1999-11-13,0.0,276.35,20.21,7.97,1077.7,0.01726985388391568
1999-11-14,0.0,321.25,24.16,7.87,1069.86,0.01609236384637597
1999-11-15,0.0,317.08,23.97,7.66,1053.02,0.014522377129656365
1999-11-16,0.0,333.93,19.46,1.8,704.22,0.012167397054576956
1999-11-17,0.0,324.32,17.0,0.27,620.53,0.010989907017037248
1999-11-18,0.0,333.99,17.89,-0.37,597.58,0.010204913658677445
1999-11-19,0.0,311.42,22.38,5.3,897.62,0.009812416979497545
1999-11-20,0.0,278.69,24.75,9.77,1221.61,0.00902742362113774
1999-11-21,0.0,235.67,23.56,11.56,1364.69,0.009419920300317642
1999-11-22,0.0,154.11,21.0,13.63,1570.45,0.011382403696217151
1999-11-23,0.0,171.19,23.36,15.02,1721.75,0.012952390412936757
1999-11-24,0.0,179.57,24.48,15.67,1773.72,0.014129880450476464
1999-11-25,6.06,102.25,23.28,16.82,1905.7,0.014522377129656365
1999-11-26,8.23,147.12,24.85,15.38,1748.82,0.01726985388391568
1999-11-27,0.0,314.4,23.16,5.44,913.35,0.01805484724227548
1999-11-28,0.0,318.98,22.39,4.08,806.48,0.02001733063817499
1999-11-29,0.0,313.93,22.61,4.54,843.23,0.020802323996534793
1999-11-30,0.0,304.43,18.75,2.0,710.55,0.05494953508518625
1999-12-01,0.0,286.16,11.29,-3.32,480.12,0.11382403696217151
1999-12-02,0.0,310.52,12.77,-4.48,440.0,0.1098990701703725
1999-12-03,0.0,324.39,17.94,-1.95,524.88,0.09419920300317643
1999-12-04,0.0,316.99,21.25,1.58,682.45,0.07457436904418134
1999-12-05,0.0,289.93,23.5,6.46,956.86,0.058874501876985265
1999-12-06,2.0,249.49,22.13,8.73,1138.24,0.04709960150158821
1999-12-07,0.44,296.94,17.0,0.23,620.13,0.03924966791799018
1999-12-08,0.0,305.49,17.28,-0.55,589.16,0.036502191163730865
1999-12-09,0.0,277.17,20.66,5.16,887.06,0.03257722437193185
1999-12-10,0.0,275.57,23.51,7.66,1052.7,0.03179223101357204
1999-12-11,0.0,298.95,23.32,4.94,874.8,0.02982974761767253
1999-12-12,0.0,257.94,21.5,7.2,1016.31,0.029437250938492632
1999-12-13,2.05,194.34,22.1,11.09,1327.45,0.03061474097603234
1999-12-14,7.7,158.26,20.25,9.4,1192.02,0.043174634709789196
1999-12-15,0.0,297.97,18.64,1.04,643.33,0.05494953508518625
1999-12-16,0.0,279.62,17.92,2.31,720.44,0.07064940225238232
1999-12-17,0.0,288.69,15.34,-0.84,574.85,0.07064940225238232
1999-12-18,0.0,225.5,14.01,2.89,750.56,0.0667244354605833
1999-12-19,27.4,91.18,14.02,8.51,1120.46,0.14522377129656366
1999-12-20,0.0,122.96,14.95,9.43,1194.45,0.23942297429974008
1999-12-21,2.17,160.17,14.47,6.22,939.27,0.29829747617672536
1999-12-22,7.34,65.41,12.55,8.93,1154.42,0.4317463470978919
1999-12-23,0.0,198.65,12.98,4.02,808.45,0.5298705168928673
1999-12-24,0.0,275.75,13.0,-0.93,565.69,0.5063207161420732
1999-12-25,0.0,275.01,11.89,-2.08,520.99,0.40819654634709784
1999-12-26,0.0,293.87,10.17,-5.49,400.43,0.3414721108865145
1999-12-27,0.0,285.25,13.5,-1.53,553.69,0.29829747617672536
1999-12-28,0.0,288.81,13.6,-1.63,548.03,0.2590478082587352
1999-12-29,0.0,282.39,13.58,-0.93,566.21,0.223723107132544
1999-12-30,0.0,308.26,15.86,-1.45,560.0,0.1962483395899509
1999-12-31,0.0,289.49,18.51,2.87,747.2,0.1766235056309558
2000-01-01,0.89,243.07,19.97,8.65,1132.18,0.16484860525555872
2000-01-02,0.0,268.22,22.52,9.19,1175.27,0.15699867167196072
2000-01-03,0.0,289.05,24.99,9.5,1200.29,0.14914873808836268
2000-01-04,3.14,247.37,25.06,10.6,1287.68,0.14914873808836268
2000-01-05,3.67,256.8,19.11,3.54,792.89,0.1609236384637597
2000-01-06,0.0,259.67,13.41,1.9,707.39,0.16877357204735774
2000-01-07,5.81,196.52,15.41,3.64,795.31,0.19232337279815187
2000-01-08,0.0,302.23,18.07,3.02,761.37,0.219798140340745
2000-01-09,0.0,284.65,20.2,6.48,958.63,0.22764807392434303
2000-01-10,9.87,204.22,23.0,9.87,1229.56,0.2708227086341322
2000-01-11,0.0,329.38,22.0,3.62,800.12,0.3336221773029165
2000-01-12,0.0,338.83,23.48,3.52,797.87,0.39642164597170076
2000-01-13,0.0,329.51,23.57,5.17,893.4,0.4709960150158821
2000-01-14,0.0,340.58,19.29,0.48,631.16,0.4709960150158821
2000-01-15,0.0,329.56,11.99,-4.02,440.0,0.435671313889691
2000-01-16,0.0,341.29,16.28,-1.48,554.88,0.4160464799306958
2000-01-17,0.0,291.69,18.37,5.15,891.35,0.34932204447011256
2000-01-18,0.0,260.24,17.48,6.43,954.49,0.29044754259312733
2000-01-19,0.17,260.16,16.24,5.18,894.74,0.25119787467513716
2000-01-20,2.22,248.71,15.84,4.75,859.55,0.23157304071614204
2000-01-21,0.0,336.3,12.48,-3.18,481.16,0.21194820675714693
2000-01-22,0.0,311.85,9.3,-3.95,443.92,0.19232337279815187
2000-01-23,15.13,171.24,10.33,1.68,694.0,0.19232337279815187
2000-01-24,17.85,159.05,11.24,3.31,776.57,0.2629727750505342
2000-01-25,6.76,172.39,6.65,-0.86,571.42,0.3571719780537106
2000-01-26,0.0,266.5,6.77,-3.3,481.22,0.45529614784868605
2000-01-27,0.0,311.43,6.1,-6.31,375.18,0.6083698527288477
2000-01-28,0.0,290.94,6.5,-4.62,439.01,0.6515444874386369
2000-01-29,14.46,107.0,4.84,-0.0,603.97,0.6083698527288477
2000-01-30,10.31,95.7,5.47,1.18,657.52,0.6986440889402251
2000-01-31,3.6,190.93,6.61,-0.66,582.93,0.9223671960727692
2000-02-01,0.0,342.71,10.98,-3.0,480.0,1.2638393069592837
2000-02-02,0.0,355.48,12.48,-2.45,513.33,1.51896214842622
2000-02-03,0.0,383.79,13.2,-4.5,440.0,1.4012131446722491
2000-02-04,0.0,386.94,16.7,-1.66,547.01,1.095065734911926
2000-02-05,0.0,385.06,15.29,-2.52,511.46,0.8831175281547788
2000-02-06,0.0,385.55,12.59,-4.84,440.0,0.7104189893156222
2000-02-07,0.0,396.76,15.92,-3.06,480.0,0.5691201848108576
2000-02-08,0.0,379.44,17.0,-0.08,600.0,0.47884594859948015
2000-02-09,0.0,367.64,18.0,2.0,711.93,0.4160464799306958
2000-02-10,0.0,402.19,20.33,0.56,638.02,0.37287184522090666
2000-02-11,0.0,386.29,22.0,4.1,815.52,0.34539707767831357
2000-02-12,0.0,330.42,22.1,8.8,1143.68,0.3218472769275194
2000-02-13,0.0,313.96,20.86,8.93,1154.22,0.30222244296852435
2000-02-14,26.14,229.0,21.93,10.53,1282.37,0.4631460814322841
2000-02-15,0.0,395.9,22.45,5.19,893.79,0.6201447531042449
2000-02-16,0.0,400.41,21.33,3.96,800.0,0.9223671960727692
2000-02-17,0.0,392.2,23.39,6.45,956.21,1.9114588276061215
2000-02-18,0.0,336.85,23.29,10.26,1260.92,2.3275053075368177
2000-02-19,0.0,349.46,24.49,10.58,1286.48,1.8408094253537393
2000-02-20,0.0,424.31,22.81,3.38,784.35,1.2559893733756857
2000-02-21,0.0,400.44,16.41,0.4,628.66,0.871342627779382
2000-02-22,0.0,409.88,17.27,0.34,626.6,0.6868691885648281
2000-02-23,0.0,406.16,19.26,2.34,720.0,0.5534203176436615
2000-02-24,0.0,373.09,22.57,7.45,1036.02,0.4709960150158821
2000-02-25,0.0,392.91,24.45,7.67,1053.97,0.42389641351429386
2000-02-26,0.0,394.02,24.5,7.7,1056.3,0.38464674559630374
2000-02-27,8.14,323.0,24.22,9.22,1177.64,0.3571719780537106
2000-02-28,4.53,340.47,22.36,7.41,1033.12,0.36894687842910767
2000-02-29,0.0,416.83,21.88,3.58,796.36,0.4003466127634998
2000-03-01,0.0,404.34,22.99,5.41,911.81,0.447446214265088
2000-03-02,0.0,378.79,24.46,8.45,1115.97,0.4709960150158821
2000-03-03,0.0,433.45,24.47,4.5,839.72,0.5259455501010684
2000-03-04,15.73,283.66,23.16,7.57,1045.22,0.5730451516026566
2000-03-05,0.0,394.31,21.89,5.68,920.0,0.5808950851862547
2000-03-06,0.0,411.69,24.09,6.59,967.46,0.5651952180190586
2000-03-07,0.0,429.36,25.52,6.62,969.5,0.6397695870632398
2000-03-08,0.0,423.99,26.4,7.96,1077.04,0.6397695870632398
2000-03-09,0.0,393.91,27.14,10.74,1298.88,0.5808950851862547
2000-03-10,0.0,373.62,27.5,12.34,1427.48,0.5023957493502743
2000-03-11,1.65,336.29,27.5,13.03,1495.4,0.43959628068149
2000-03-12,0.18,441.4,23.94,5.13,887.72,0.36894687842910767
2000-03-13,0.0,397.72,16.98,2.26,723.56,0.3179223101357204
2000-03-14,0.0,424.38,19.41,2.9,751.83,0.27867264221773025
2000-03-15,0.0,440.13,22.41,4.48,838.71,0.2472729078833381
2000-03-16,14.33,292.08,24.31,10.51,1281.0,0.23549800750794106
2000-03-17,13.25,221.59,24.47,15.01,1707.13,0.2865225758013283
2000-03-18,0.0,354.82,22.29,9.67,1213.28,0.3375471440947155
2000-03-19,0.0,186.3,15.98,10.09,1247.35,0.5455703840600634
2000-03-20,33.23,237.58,21.8,11.11,1328.42,0.9498419636153623
2000-03-21,0.0,425.99,23.76,8.06,1085.11,1.0754409009529309
2000-03-22,0.0,408.33,23.84,9.2,1175.87,1.2363645394166904
2000-03-23,0.0,382.75,21.89,8.87,1149.62,1.4286879122148424
2000-03-24,0.0,406.01,20.81,7.01,1000.5,1.2049648050822983
2000-03-25,0.0,476.84,24.92,6.5,960.12,0.9537669304071613
2000-03-26,0.0,417.1,26.95,11.89,1390.95,0.7496686572336124
2000-03-27,3.8,288.08,25.84,12.68,1460.81,0.5848200519780536
2000-03-28,3.45,370.29,23.45,7.53,1042.58,0.47492098180768116
2000-03-29,0.0,448.44,25.9,9.66,1212.91,0.40819654634709784
2000-03-30,18.65,270.47,24.55,12.8,1464.35,0.4199714467224949
2000-03-31,0.0,329.92,22.41,12.2,1415.81,0.5220205833092693
2000-04-01,0.0,417.09,24.48,10.69,1295.4,0.6986440889402251
2000-04-02,0.0,378.18,25.4,13.38,1540.88,0.9890916315333524
2000-04-03,0.0,353.72,26.91,15.78,1782.21,1.0715159341611318
2000-04-04,2.02,372.67,26.09,14.03,1602.56,0.9341420964481663
2000-04-05,0.0,510.31,20.48,2.95,756.2,0.7457436904418133
2000-04-06,0.0,520.94,22.95,4.36,829.69,0.5612702512272595
2000-04-07,0.0,511.91,26.41,7.88,1067.5,0.447446214265088
2000-04-08,3.94,429.93,26.14,9.0,1159.84,0.3807217788045047
2000-04-09,1.27,503.06,22.07,2.39,720.0,0.3414721108865145
2000-04-10,0.0,533.58,21.58,2.34,723.49,0.2865225758013283
2000-04-11,0.0,518.77,24.93,6.35,948.01,0.23942297429974008
2000-04-12,0.0,463.78,26.94,11.39,1351.48,0.21587317354894595
2000-04-13,0.0,445.88,25.68,11.34,1346.85,0.19232337279815187
2000-04-14,9.73,242.21,16.72,8.0,1079.81,0.18447343921455384
2000-04-15,10.29,214.14,17.13,9.57,1205.25,0.2472729078833381
2000-04-16,0.0,428.67,25.43,12.3,1423.74,0.29044754259312733
2000-04-17,0.0,463.92,28.51,13.25,1522.98,0.32969721051111744
2000-04-18,0.0,485.06,28.0,11.5,1359.85,0.3414721108865145
2000-04-19,0.0,451.03,25.71,11.28,1342.04,0.31399734334392143
2000-04-20,0.0,481.27,27.78,11.51,1360.92,0.2629727750505342
2000-04-21,0.0,469.65,29.09,13.19,1510.02,0.20409827317354892
2000-04-22,0.0,516.92,27.15,8.79,1136.98,0.14914873808836268
2000-04-23,0.0,491.51,23.43,7.27,1021.72,0.10597410337857346
2000-04-24,15.73,313.7,23.74,11.21,1337.01,0.09027423621137741
2000-04-25,15.74,243.62,21.42,13.08,1497.52,0.18054847242275482
2000-04-26,0.0,380.84,21.0,10.21,1256.42,0.19232337279815187
2000-04-27,0.0,468.89,23.62,9.14,1171.27,0.1766235056309558
2000-04-28,6.28,347.46,25.49,11.1,1327.65,0.18447343921455384
2000-04-29,0.0,499.53,25.23,9.0,1147.0,0.18839840600635285
2000-04-30,0.0,502.68,26.29,9.57,1166.88,0.16484860525555872
2000-05-01,0.0,521.59,27.05,9.04,1100.22,0.12559893733756858
2000-05-02,0.0,471.16,28.34,12.76,1439.32,0.09419920300317643
2000-05-03,0.0,441.61,29.39,14.91,1675.26,0.07064940225238232
2000-05-04,0.0,402.3,28.93,16.13,1820.8,0.04709960150158821
2000-05-05,0.0,442.8,28.49,14.22,1602.85,0.03414721108865145
2000-05-06,0.0,459.31,29.36,14.32,1592.95,0.025119787467513716
2000-05-07,0.0,504.22,30.74,13.21,1433.13,0.01805484724227548
2000-05-08,0.0,509.63,31.19,13.27,1429.8,0.01334488709211666
2000-05-09,0.0,482.64,32.15,15.58,1684.61,0.009812416979497545
2000-05-10,0.0,434.2,32.0,17.82,2005.31,0.007064940225238232
2000-05-11,0.0,443.82,32.5,17.93,2002.44,0.004709960150158821
2000-05-12,0.0,443.67,33.97,19.11,2144.19,0.003924966791799018
2000-05-13,0.0,428.8,34.5,20.16,2300.73,0.0029829747617672532
2000-05-14,0.0,410.99,33.86,20.27,2336.38,0.0028652257580132827
2000-05-15,0.0,435.94,30.5,16.56,1773.46,0.002433479410915391
2000-05-16,0.0,460.9,28.29,13.64,1455.39,0.0018447343921455383
2000-05-17,0.0,482.66,29.86,13.96,1448.67,0.0018054847242275482
2000-05-18,0.0,456.74,31.46,16.5,1725.37,0.0018447343921455383
2000-05-19,0.0,435.69,32.59,18.32,1958.24,0.0019232337279815187
2000-05-20,0.0,466.18,34.49,18.5,1914.21,0.0016877357204735776
2000-05-21,0.0,392.91,32.89,20.27,2284.49,0.0013344887092116662
2000-05-22,0.11,389.03,31.94,19.71,2219.29,0.0017269853883915677
2000-05-23,0.0,431.71,31.38,17.8,1906.49,0.0027082270863413222
2000-05-24,0.0,410.44,33.99,20.72,2303.52,0.002747476754259312
2000-05-25,0.0,397.13,34.99,21.9,2493.44,0.0022372310713254396
2000-05-26,10.39,329.87,35.28,22.03,2604.91,0.0028652257580132827
2000-05-27,0.0,401.02,35.08,21.74,2503.76,0.003100723765521224
2000-05-28,0.0,394.61,35.44,22.34,2571.6,0.002629727750505342
2000-05-29,0.0,434.66,33.51,19.39,2064.82,0.002433479410915391
2000-05-30,0.0,491.58,30.37,14.37,1451.44,0.0020409827317354893
2000-05-31,0.0,462.34,28.91,14.58,1519.57,0.0018839840600635284
2000-06-01,0.0,514.55,31.78,14.33,1408.14,0.0012167397054576954
2000-06-02,0.0,510.01,35.38,17.19,1669.48,0.001098990701703725
2000-06-03,0.0,495.28,37.36,19.52,1852.19,0.0010204913658677446
2000-06-04,0.0,469.05,37.01,20.55,2028.4,0.0016484860525555875
2000-06-05,13.3,309.48,34.89,20.99,2437.81,0.002747476754259312
2000-06-06,4.76,309.97,31.42,19.79,2266.99,0.002472729078833381
2000-06-07,0.0,475.7,30.17,14.98,1535.07,0.00219798140340745
2000-06-08,0.0,471.45,29.5,14.66,1515.48,0.0011774900375397053
2000-06-09,0.0,480.0,30.94,15.42,1566.42,0.0011774900375397053
2000-06-10,0.0,499.08,31.78,15.11,1498.4,0.0012167397054576954
2000-06-11,0.0,487.76,32.37,16.11,1607.63,0.0008242430262777937
2000-06-12,0.0,460.0,33.87,18.55,1907.04,0.0006672443546058331
2000-06-13,0.0,428.86,34.97,20.7,2230.07,0.0005494953508518625
2000-06-14,0.0,424.76,35.42,21.21,2305.42,0.0005887450187698526
2000-06-15,0.0,426.51,35.5,21.34,2241.13,0.0007064940225238232
2000-06-16,7.71,295.47,34.07,21.26,2479.55,0.0009027423621137741
2000-06-17,3.8,282.32,33.5,21.93,2606.16,0.0012952390412936758
2000-06-18,0.0,372.18,33.82,22.14,2490.65,0.0010204913658677446
2000-06-19,6.6,304.43,34.48,21.5,2367.14,0.0007849933583598036
2000-06-20,2.03,354.52,34.0,21.99,2345.92,0.0006672443546058331
2000-06-21,0.0,364.5,33.04,22.0,2337.49,0.0005494953508518625
2000-06-22,14.69,290.41,32.59,21.58,2472.82,0.0005494953508518625
2000-06-23,16.16,342.63,33.37,20.56,2268.74,0.0005494953508518625
2000-06-24,0.0,425.44,33.42,20.07,2109.98,0.00043174634709789193
2000-06-25,0.0,407.19,33.77,21.02,2275.51,0.00043174634709789193
2000-06-26,0.0,380.55,33.51,21.79,2426.63,0.00043174634709789193
2000-06-27,0.0,412.42,32.5,19.89,2084.57,0.00043174634709789193
2000-06-28,4.96,302.89,31.6,20.92,2428.14,0.0003924966791799018
2000-06-29,13.07,273.49,32.15,21.94,2593.43,0.0003924966791799018
2000-06-30,2.17,309.6,31.53,21.24,2437.81,0.0003924966791799018
2000-07-01,0.0,436.37,31.98,19.0,1943.16,0.0003924966791799018
2000-07-02,0.0,432.42,31.5,18.88,1939.3,0.0003924966791799018
2000-07-03,0.0,471.85,32.22,18.02,1763.15,0.0003924966791799018
2000-07-04,0.0,476.2,32.96,18.5,1794.77,0.0003924966791799018
2000-07-05,0.0,480.56,35.21,20.0,1938.96,0.0003924966791799018
2000-07-06,0.0,442.81,36.5,22.52,2341.12,0.0003532470112619116
2000-07-07,2.97,321.56,36.08,22.62,2653.55,0.0009812416979497545
2000-07-08,0.0,423.19,34.56,21.84,2299.48,0.0013344887092116662
2000-07-09,0.0,437.27,33.42,20.49,2091.11,0.0014129880450476464
2000-07-10,0.0,458.81,35.0,20.96,2094.05,0.0008634926941957839
2000-07-11,0.0,451.8,36.57,22.5,2301.96,0.0008634926941957839
2000-07-12,2.51,431.69,36.04,22.13,2310.86,0.0011382403696217152
2000-07-13,0.0,433.63,34.98,22.0,2308.49,0.0011382403696217152
2000-07-14,23.54,303.49,34.58,22.5,2640.69,0.001059741033785735
2000-07-15,0.0,445.02,35.4,21.9,2292.03,0.0008634926941957839
2000-07-16,0.0,490.31,36.76,20.83,2042.65,0.0005887450187698526
2000-07-17,0.0,478.65,36.5,21.1,2105.64,0.0003532470112619116
2000-07-18,0.0,491.55,36.5,20.35,1986.85,0.0003532470112619116
2000-07-19,0.0,469.01,37.38,21.98,2237.82,0.0003532470112619116
2000-07-20,0.0,453.3,39.02,23.74,2515.29,0.0003532470112619116
2000-07-21,0.0,480.84,38.64,22.05,2215.9,0.0003532470112619116
2000-07-22,0.0,466.99,37.98,22.13,2262.48,0.0003532470112619116
2000-07-23,12.77,327.35,36.65,22.02,2576.25,0.00043174634709789193
2000-07-24,20.93,284.49,33.07,21.49,2542.99,0.02668977418423332
2000-07-25,9.17,268.11,29.64,20.56,2407.29,0.043174634709789196
2000-07-26,1.41,329.46,30.12,20.53,2393.65,0.021979814034074497
2000-07-27,0.0,374.11,31.87,20.92,2408.66,0.02040982731735489
2000-07-28,0.0,411.03,32.92,20.52,2250.63,0.020802323996534793
2000-07-29,17.75,313.29,33.0,20.05,2321.23,0.018839840600635285
2000-07-30,0.0,354.67,31.3,20.92,2460.64,0.010204913658677445
2000-07-31,5.37,356.91,33.0,21.26,2484.52,0.0006279946866878429
2000-08-01,7.42,266.76,32.5,21.93,2628.22,0.0005494953508518625
2000-08-02,5.46,281.5,32.54,21.34,2535.1,0.00215873173548946
2000-08-03,7.6,276.83,32.05,21.2,2512.59,0.010989907017037248
2000-08-04,10.87,269.85,31.97,21.55,2567.32,0.03061474097603234
2000-08-05,0.0,342.46,31.16,21.5,2559.94,0.016877357204735776
2000-08-06,0.0,385.72,33.49,22.0,2639.33,0.007457436904418133
2000-08-07,0.0,386.16,34.43,22.72,2754.8,0.00431746347097892
2000-08-08,0.0,367.3,34.56,23.51,2886.03,0.0017269853883915677
2000-08-09,0.0,388.71,35.5,23.5,2878.29,0.0035717197805371064
2000-08-10,9.7,355.01,35.28,22.23,2673.85,0.00431746347097892
2000-08-11,7.01,358.11,33.99,22.0,2639.04,0.09419920300317643
2000-08-12,0.0,389.75,32.72,21.35,2536.47,0.15699867167196072
2000-08-13,0.0,437.21,33.4,19.95,2314.79,0.03924966791799018
2000-08-14,0.0,443.6,32.5,18.94,2185.31,0.016484860525555874
2000-08-15,0.0,447.95,33.47,19.51,2265.55,0.007064940225238232
2000-08-16,0.0,444.51,34.49,20.4,2377.97,0.005102456829338723
2000-08-17,0.0,443.98,36.43,21.77,2592.45,0.0036894687842910765
2000-08-18,0.0,427.1,37.11,23.03,2799.94,0.0025119787467513715
2000-08-19,15.42,326.08,34.84,22.59,2733.83,0.0022372310713254396
2000-08-20,0.0,379.12,31.89,21.16,2505.26,0.0029829747617672532
2000-08-21,0.0,391.86,30.2,19.43,2266.86,0.0022764807392434304
2000-08-22,0.0,410.67,30.09,18.7,2152.88,0.0014129880450476464
2000-08-23,0.0,410.37,31.5,19.81,2308.12,0.0007064940225238232
2000-08-24,0.0,436.71,33.41,20.03,2326.48,0.0005887450187698526
2000-08-25,0.37,408.62,33.85,21.02,2482.79,0.0006279946866878429
2000-08-26,0.0,429.23,33.13,19.92,2313.72,0.0005102456829338723
2000-08-27,0.0,409.73,33.5,21.0,2480.31,0.0004709960150158821
2000-08-28,0.0,436.96,33.81,19.95,2317.27,0.0003924966791799018
2000-08-29,0.0,395.45,33.0,21.04,2486.73,0.0003924966791799018
2000-08-30,0.0,384.73,31.42,20.17,2347.51,0.0003532470112619116
2000-08-31,0.0,372.5,30.12,19.5,2280.0,0.0003532470112619116
2000-09-01,1.99,330.36,31.98,20.87,2458.57,0.0003924966791799018
2000-09-02,8.12,249.05,31.55,22.0,2640.25,0.0006672443546058331
2000-09-03,8.87,225.11,30.06,21.74,2599.08,0.00215873173548946
2000-09-04,20.02,224.81,29.77,21.5,2560.0,0.00902742362113774
2000-09-05,17.31,183.97,27.25,20.84,2454.34,0.06279946866878429
2000-09-06,9.94,171.49,23.9,18.27,2102.9,0.07849933583598036
2000-09-07,1.86,212.81,23.57,18.34,2107.8,0.07849933583598036
2000-09-08,1.59,271.58,26.77,19.45,2271.46,0.0667244354605833
2000-09-09,0.0,343.72,29.03,19.85,2311.74,0.05102456829338723
2000-09-10,0.0,379.34,30.17,19.56,2279.42,0.0667244354605833
2000-09-11,0.0,409.46,30.5,18.58,2133.26,0.07849933583598036
2000-09-12,0.0,426.06,31.0,18.14,2090.92,0.06279946866878429
2000-09-13,0.0,415.23,31.95,19.32,2247.6,0.04709960150158821
2000-09-14,0.0,426.27,32.5,19.1,2215.28,0.03257722437193185
2000-09-15,0.0,418.08,33.0,19.82,2309.5,0.023157304071614204
2000-09-16,0.0,443.37,31.51,17.31,1974.82,0.01530737048801617
2000-09-17,0.0,388.23,25.41,14.99,1707.51,0.00863492694195784
2000-09-18,9.87,209.3,22.71,15.98,1798.64,0.008242430262777937
2000-09-19,5.08,317.52,25.4,15.97,1797.8,0.010204913658677445
2000-09-20,26.77,316.31,29.57,17.41,1985.78,0.027867264221773023
2000-09-21,22.05,268.57,30.46,20.24,2361.57,0.043174634709789196
2000-09-22,17.99,215.18,30.02,22.26,2681.03,0.058874501876985265
2000-09-23,19.97,210.08,29.71,22.37,2698.6,0.07064940225238232
2000-09-24,0.0,331.6,31.75,22.36,2697.04,0.10204913658677446
2000-09-25,0.0,360.01,32.61,21.97,2634.91,0.1962483395899509
2000-09-26,0.0,442.36,30.35,15.88,1801.55,0.447446214265088
2000-09-27,0.0,444.87,24.12,10.96,1316.52,0.6162197863124458
2000-09-28,0.0,447.92,24.2,10.64,1291.42,0.5180956165174704
2000-09-29,0.0,435.85,25.49,12.18,1414.46,0.32577224371931846
2000-09-30,0.0,371.7,25.36,15.08,1721.96,0.219798140340745
2000-10-01,0.0,402.76,26.5,14.51,1651.23,0.15699867167196072
2000-10-02,0.0,441.13,27.0,12.33,1426.1,0.11774900375397053
2000-10-03,0.0,448.78,27.54,11.66,1373.16,0.08634926941957839
2000-10-04,0.0,423.64,28.49,13.88,1589.01,0.06279946866878429
2000-10-05,0.0,358.19,29.42,17.94,2070.89,0.05102456829338723
2000-10-06,0.0,373.38,31.97,18.84,2174.39,0.043174634709789196
2000-10-07,0.0,361.13,29.77,17.51,1999.38,0.03493220444701126
2000-10-08,0.0,391.34,24.5,11.34,1348.45,0.02865225758013283
2000-10-09,0.0,401.06,16.46,3.65,798.98,0.021587317354894598
2000-10-10,0.0,438.13,17.38,1.71,696.23,0.01609236384637597
2000-10-11,0.0,450.19,20.83,2.93,754.78,0.011774900375397053
2000-10-12,0.0,462.54,24.46,3.39,787.23,0.009419920300317642
2000-10-13,0.0,452.59,25.5,4.75,859.82,0.007064940225238232
2000-10-14,0.0,450.09,26.62,5.19,893.17,0.005494953508518624
2000-10-15,0.0,448.9,28.0,5.44,913.22,0.003924966791799018
2000-10-16,0.0,439.55,28.49,6.55,964.2,0.003414721108865145
2000-10-17,0.0,424.2,28.52,7.93,1074.67,0.0025512284146693614
2000-10-18,0.0,405.73,29.0,9.53,1202.44,0.0023549800750794106
2000-10-19,0.0,372.91,28.44,11.53,1362.14,0.0018839840600635284
2000-10-20,0.0,285.84,26.5,14.91,1697.09,0.0018447343921455383
2000-10-21,0.0,325.7,26.33,12.51,1441.46,0.0016484860525555875
2000-10-22,0.0,355.3,27.66,11.36,1348.83,0.0016484860525555875
2000-10-23,0.0,331.92,27.47,12.39,1432.36,0.0016484860525555875
2000-10-24,0.0,335.64,25.39,10.15,1252.25,0.0014522377129656365
2000-10-25,0.0,349.43,25.59,9.07,1165.76,0.0014129880450476464
2000-10-26,0.0,340.45,26.0,9.82,1225.94,0.001373738377129656
2000-10-27,0.0,344.85,26.47,9.61,1209.09,0.001373738377129656
2000-10-28,0.0,343.94,28.48,11.0,1320.0,0.001373738377129656
2000-10-29,0.0,322.02,27.89,11.92,1393.43,0.0013344887092116662
2000-10-30,0.0,335.06,24.84,8.16,1092.92,0.0012167397054576954
2000-10-31,0.0,357.32,26.53,7.25,1019.85,0.0011774900375397053
2000-11-01,0.0,355.98,26.75,7.2,1015.8,0.0012167397054576954
2000-11-02,0.0,353.92,27.5,7.63,1050.01,0.001373738377129656
2000-11-03,0.0,328.45,28.38,10.35,1268.02,0.001373738377129656
2000-11-04,0.0,311.38,28.61,11.6,1368.21,0.001373738377129656
2000-11-05,4.24,206.64,26.49,12.19,1415.0,0.0014914873808836266
2000-11-06,0.0,226.27,22.38,11.36,1348.6,0.001373738377129656
2000-11-07,0.0,204.08,25.38,15.18,1727.37,0.001373738377129656
2000-11-08,0.0,251.71,28.94,15.46,1757.05,0.0013344887092116662
2000-11-09,0.0,204.46,28.1,17.47,1994.09,0.0011382403696217152
2000-11-10,0.04,289.8,25.26,9.76,1220.48,0.0009419920300317642
2000-11-11,0.0,329.46,23.15,4.59,847.16,0.0009027423621137741
2000-11-12,0.0,338.76,20.97,1.64,691.04,0.0008634926941957839
2000-11-13,0.0,318.77,21.0,3.52,795.31,0.0008634926941957839
2000-11-14,2.0,279.26,20.2,5.96,930.5,0.0008634926941957839
2000-11-15,0.0,320.24,18.16,0.92,642.78,0.0009419920300317642
2000-11-16,1.06,301.71,19.03,1.02,641.49,0.0008242430262777937
2000-11-17,7.37,174.34,18.2,7.09,1007.55,0.0008634926941957839
2000-11-18,9.29,146.68,14.46,5.6,916.45,0.0008634926941957839
2000-11-19,25.95,85.13,9.08,4.32,825.29,0.005887450187698527
2000-11-20,13.73,138.09,10.63,3.39,786.91,0.00863492694195784
2000-11-21,0.0,279.91,13.16,-0.32,596.86,0.01334488709211666
2000-11-22,0.0,301.92,11.47,-3.63,468.17,0.014914873808836266
2000-11-23,0.0,299.1,14.4,-0.84,574.54,0.010597410337857348
2000-11-24,0.0,304.57,16.58,0.55,639.67,0.007064940225238232
2000-11-25,16.01,177.81,20.54,8.93,1154.21,0.02040982731735489
2000-11-26,0.01,241.78,20.46,8.62,1129.47,0.043174634709789196
2000-11-27,0.0,287.7,18.0,3.21,772.27,0.05494953508518625
2000-11-28,0.0,313.42,18.62,1.19,654.9,0.06279946866878429
2000-11-29,0.0,285.12,19.41,4.45,835.94,0.0667244354605833
2000-11-30,0.0,306.77,18.41,1.55,680.69,0.0667244354605833
2000-12-01,0.0,318.33,17.08,-0.98,561.46,0.058874501876985265
2000-12-02,0.0,278.47,16.55,2.46,729.6,0.05102456829338723
2000-12-03,1.0,191.6,9.52,1.25,663.06,0.043174634709789196
2000-12-04,0.0,243.46,7.83,-3.02,481.82,0.036502191163730865
2000-12-05,0.0,318.94,12.35,-5.09,431.92,0.031007237655212242
2000-12-06,0.0,319.19,14.07,-3.99,442.5,0.02668977418423332
2000-12-07,0.0,285.14,13.2,-1.45,560.0,0.0223723107132544
2000-12-08,0.0,311.09,17.85,-0.22,600.5,0.021587317354894598
2000-12-09,16.73,201.47,19.0,4.76,861.0,0.023549800750794107
2000-12-10,22.23,70.58,10.5,6.5,960.08,0.05494953508518625
2000-12-11,1.32,90.12,11.08,7.17,1013.25,0.07064940225238232
2000-12-12,0.0,211.6,17.4,7.78,1062.64,0.08242430262777936
2000-12-13,0.0,285.3,18.5,3.86,804.03,0.10204913658677446
2000-12-14,0.0,204.2,14.48,5.57,910.9,0.10204913658677446
2000-12-15,1.4,188.36,17.64,8.45,1116.03,0.09419920300317643
2000-12-16,7.13,151.97,17.76,9.06,1164.69,0.08634926941957839
2000-12-17,5.35,212.78,20.18,6.5,960.0,0.08634926941957839
2000-12-18,0.0,310.54,11.19,-4.84,440.0,0.08242430262777936
2000-12-19,2.89,215.76,9.5,-3.65,469.09,0.07457436904418134
2000-12-20,0.01,258.47,4.43,-7.22,360.0,0.07457436904418134
2000-12-21,0.0,295.43,7.4,-7.23,360.0,0.08242430262777936
2000-12-22,0.0,290.4,10.8,-3.61,472.76,0.08242430262777936
2000-12-23,0.0,284.5,9.99,-3.76,458.58,0.07457436904418134
2000-12-24,0.0,293.85,10.64,-3.92,452.77,0.06279946866878429
2000-12-25,0.0,289.65,11.5,-2.81,496.08,0.058874501876985265
2000-12-26,0.0,284.52,10.42,-3.41,475.89,0.05102456829338723
2000-12-27,0.0,270.98,11.29,-1.46,556.31,0.04709960150158821
2000-12-28,15.44,181.43,11.99,1.28,665.1,0.07064940225238232
2000-12-29,33.37,195.96,8.98,-2.64,508.62,0.2472729078833381
2000-12-30,0.0,229.2,6.04,-3.37,480.0,0.3218472769275194
2000-12-31,16.69,212.58,7.51,-3.0,494.31,0.36109694484550964
2001-01-01,0.0,273.12,6.55,-6.94,233.04,0.37287184522090666
2001-01-02,0.0,281.49,6.92,-7.17,208.5,0.32969721051111744
2001-01-03,0.0,293.41,6.56,-8.44,194.86,0.2943725093849263
2001-01-04,0.0,298.04,8.21,-7.14,196.79,0.2433479410915391
2001-01-05,0.0,315.42,12.64,-4.46,206.42,0.1962483395899509
2001-01-06,0.0,308.31,14.41,-1.9,244.9,0.16484860525555872
2001-01-07,0.0,332.68,16.0,-3.17,198.35,0.14522377129656366
2001-01-08,10.98,231.64,16.61,0.14,350.66,0.14914873808836268
2001-01-09,0.0,277.69,10.59,-2.95,354.64,0.16484860525555872
2001-01-10,0.0,289.07,9.24,-5.01,305.19,0.16484860525555872
2001-01-11,0.0,341.44,15.63,-4.37,252.61,0.15699867167196072
2001-01-12,5.74,162.56,14.51,4.59,763.33,0.15699867167196072
2001-01-13,0.0,252.81,14.81,2.97,592.73,0.1609236384637597
2001-01-14,0.0,243.78,17.5,6.13,721.06,0.1609236384637597
2001-01-15,0.0,270.29,20.05,7.0,698.03,0.16484860525555872
2001-01-16,0.0,223.83,18.9,8.66,883.4,0.1609236384637597
2001-01-17,0.0,164.72,15.71,8.5,1032.89,0.1530737048801617
2001-01-18,0.0,227.91,20.39,9.97,936.79,0.14522377129656366
2001-01-19,0.0,278.85,25.19,11.57,864.92,0.14129880450476465
2001-01-20,7.77,253.4,19.11,0.93,483.77,0.1609236384637597
2001-01-21,0.0,290.02,10.3,-3.0,413.28,0.18839840600635285
2001-01-22,10.72,232.59,11.66,-2.86,456.39,0.19232337279815187
2001-01-23,13.64,215.74,12.71,-0.46,587.27,0.25119787467513716
2001-01-24,0.0,312.21,14.86,-0.06,572.62,0.31007237655212244
2001-01-25,0.0,315.6,13.53,-1.4,519.77,0.3179223101357204
2001-01-26,0.0,351.48,12.62,-5.29,378.6,0.3336221773029165
2001-01-27,0.0,358.0,17.16,-1.69,471.78,0.30222244296852435
2001-01-28,0.0,372.92,19.5,-1.29,464.94,0.29829747617672536
2001-01-29,0.0,360.68,20.5,1.53,568.9,0.2943725093849263
2001-01-30,3.53,210.88,20.0,7.35,1023.56,0.2590478082587352
2001-01-31,2.99,181.99,18.68,8.83,1145.77,0.23549800750794106
2001-02-01,0.0,184.72,16.23,8.9,1151.32,0.21587317354894595
2001-02-02,0.0,185.59,12.0,5.0,879.7,0.219798140340745
2001-02-03,0.0,269.97,11.5,1.04,649.43,0.223723107132544
2001-02-04,9.94,148.48,10.5,3.43,794.36,0.23549800750794106
2001-02-05,0.0,344.15,15.8,1.35,632.59,0.2825976090095293
2001-02-06,0.0,392.18,17.65,-1.13,494.9,0.29829747617672536
2001-02-07,0.0,402.63,20.27,-0.12,515.21,0.31007237655212244
2001-02-08,0.0,400.07,22.5,2.22,597.83,0.2943725093849263
2001-02-09,0.0,390.13,24.0,4.94,717.07,0.27474767542593126
2001-02-10,2.46,304.86,22.05,7.41,961.97,0.25119787467513716
2001-02-11,2.21,278.65,18.4,4.56,828.5,0.23157304071614204
2001-02-12,3.03,185.83,13.25,4.41,832.9,0.21194820675714693
2001-02-13,0.0,177.08,10.93,5.0,879.69,0.1962483395899509
2001-02-14,0.0,284.77,18.87,8.4,1094.77,0.18447343921455384
2001-02-15,0.0,318.61,24.64,12.07,1299.13,0.18839840600635285
2001-02-16,0.0,311.41,25.32,13.02,1385.86,0.18839840600635285
2001-02-17,1.65,355.45,23.22,8.8,1006.74,0.1766235056309558
2001-02-18,0.0,390.19,17.39,1.38,611.51,0.16484860525555872
2001-02-19,0.0,407.77,18.55,1.18,587.6,0.14914873808836268
2001-02-20,0.0,412.49,21.47,3.47,670.72,0.1295239041293676
2001-02-21,0.0,340.13,24.49,11.21,1198.05,0.11774900375397053
2001-02-22,7.69,254.07,23.13,10.05,1232.41,0.11774900375397053
2001-02-23,3.04,333.96,18.95,4.84,813.23,0.1530737048801617
2001-02-24,0.0,350.91,20.1,7.15,939.63,0.18447343921455384
2001-02-25,0.21,293.45,25.42,14.61,1575.8,0.23157304071614204
2001-02-26,0.0,396.88,27.62,11.64,1136.59,0.25119787467513716
2001-02-27,0.0,417.14,26.24,9.32,960.04,0.23549800750794106
2001-02-28,0.0,315.46,22.37,11.76,1301.08,0.21194820675714693
2001-03-01,0.0,352.36,22.33,10.24,1126.45,0.17269853883915678
2001-03-02,0.57,360.85,25.42,12.16,1238.98,0.1530737048801617
2001-03-03,18.86,225.24,26.42,15.99,1798.65,0.1609236384637597
2001-03-04,29.17,238.54,24.47,13.53,1551.05,0.23549800750794106
2001-03-05,0.0,383.26,19.9,6.51,960.21,0.3061474097603234
2001-03-06,0.0,367.4,13.74,1.64,691.08,0.4199714467224949
2001-03-07,0.0,422.51,13.94,-0.92,568.96,0.5808950851862547
2001-03-08,0.0,459.54,17.13,-0.53,583.24,0.5887450187698526
2001-03-09,0.0,407.22,17.82,3.97,805.62,0.47884594859948015
2001-03-10,1.06,405.01,17.31,2.36,719.25,0.3767968120127057
2001-03-11,0.0,460.1,19.52,2.66,702.46,0.3179223101357204
2001-03-12,13.14,235.38,20.53,10.97,1317.6,0.27474767542593126
2001-03-13,26.65,243.98,23.2,13.13,1507.4,0.3061474097603234
2001-03-14,0.0,461.42,24.92,7.52,1028.9,0.38857171238810273
2001-03-15,25.89,295.4,24.28,10.96,1317.14,0.6083698527288477
2001-03-16,2.91,392.62,26.25,12.0,1400.11,0.9694667975743574
2001-03-17,0.0,433.24,24.12,8.79,1143.15,1.314863875252671
2001-03-18,0.0,274.44,16.48,8.56,1124.85,1.7112855212243718
2001-03-19,0.0,183.59,13.0,8.08,1086.3,1.51896214842622
2001-03-20,30.49,240.41,16.76,7.75,1060.22,1.291314074501877
2001-03-21,19.59,240.19,14.13,5.5,920.0,1.4129880450476464
2001-03-22,0.0,463.71,19.25,4.47,837.68,1.9232337279815186
2001-03-23,0.0,481.94,21.74,5.46,914.51,3.041849263644239
2001-03-24,0.0,507.04,23.89,5.14,891.2,3.2812722379439787
2001-03-25,5.2,326.07,20.68,7.33,1026.47,2.4531042448743863
2001-03-26,0.0,457.91,17.0,3.0,759.99,1.6131613514293963
2001-03-27,0.0,461.48,16.29,2.18,720.0,1.07936586774473
2001-03-28,0.0,466.65,16.35,2.11,717.16,0.8556427606121859
2001-03-29,11.89,326.79,20.28,7.34,1026.8,0.7300438232746173
2001-03-30,4.2,306.26,22.64,11.24,1339.06,0.6907941553566271
2001-03-31,0.0,402.83,22.65,10.93,1314.45,0.682944221773029
2001-04-01,0.0,469.11,21.46,6.92,993.52,0.6790192549812301
2001-04-02,0.0,527.32,21.06,2.5,720.0,0.6319196534796419
2001-04-03,0.45,404.44,20.51,8.24,1099.55,0.5691201848108576
2001-04-04,0.6,311.62,20.51,11.62,1369.81,0.5220205833092693
2001-04-05,0.0,388.52,22.42,11.41,1352.84,0.45529614784868605
2001-04-06,0.0,429.7,24.25,11.5,1360.0,0.40427157955529885
2001-04-07,0.0,463.98,28.46,13.5,1560.0,0.3650219116373086
2001-04-08,0.0,454.32,29.67,15.0,1720.0,0.32969721051111744
2001-04-09,0.0,456.86,30.1,15.27,1741.57,0.2943725093849263
2001-04-10,0.0,469.57,31.17,15.5,1760.0,0.2668977418423332
2001-04-11,0.0,458.41,31.5,16.27,1840.85,0.23549800750794106
2001-04-12,0.0,418.16,31.0,17.78,2044.29,0.19232337279815187
2001-04-13,0.12,425.74,30.79,17.38,1980.32,0.1530737048801617
2001-04-14,0.4,409.8,30.31,17.21,1955.11,0.12167397054576955
2001-04-15,3.66,322.73,27.44,16.5,1880.0,0.10204913658677446
2001-04-16,1.57,385.89,25.92,13.64,1569.21,0.09812416979497544
2001-04-17,0.0,529.37,23.39,6.1,934.23,0.08634926941957839
2001-04-18,0.0,538.18,19.04,1.54,683.59,0.0667244354605833
2001-04-19,0.0,553.31,20.5,1.34,666.86,0.05102456829338723
2001-04-20,0.0,538.14,24.4,5.45,916.39,0.03885717123881028
2001-04-21,0.0,511.27,26.5,8.98,1158.38,0.030222244296852437
2001-04-22,0.0,488.64,27.38,11.07,1325.4,0.023157304071614204
2001-04-23,0.0,486.04,27.44,11.39,1350.85,0.014129880450476464
2001-04-24,0.0,463.7,28.61,13.49,1547.97,0.014129880450476464
2001-04-25,8.63,313.04,24.41,12.01,1400.86,0.008242430262777937
2001-04-26,0.0,428.37,20.0,7.72,1057.82,0.007849933583598036
2001-04-27,0.0,545.92,24.37,5.28,891.84,0.005102456829338723
2001-04-28,0.0,537.7,28.0,8.56,1102.68,0.004709960150158821
2001-04-29,0.0,483.54,28.0,11.85,1385.97,0.003924966791799018
2001-04-30,0.0,418.87,25.0,12.23,1418.63,0.0037287184522090664
2001-05-01,0.0,471.1,25.53,10.45,1275.56,0.003296972105111175
2001-05-02,0.0,478.82,26.28,10.82,1300.92,0.0031399734334392145
2001-05-03,0.0,479.04,27.04,11.37,1347.9,0.0025119787467513715
2001-05-04,0.0,490.83,28.0,11.37,1339.7,0.0018839840600635284
2001-05-05,0.0,488.09,29.34,12.48,1428.22,0.0020802323996534796
2001-05-06,0.0,499.7,30.49,12.67,1419.7,0.0016092363846375972
2001-05-07,0.0,384.68,27.01,15.04,1723.19,0.0016092363846375972
2001-05-08,0.0,395.33,25.38,13.29,1524.72,0.0023157304071614202
2001-05-09,0.0,460.54,26.32,11.48,1349.84,0.0012952390412936758
2001-05-10,0.0,433.66,26.65,12.98,1476.91,0.0013344887092116662
2001-05-11,0.0,483.14,29.5,13.06,1469.48,0.0013344887092116662
2001-05-12,0.0,438.9,29.28,14.95,1694.5,0.0012559893733756857
2001-05-13,0.0,431.27,29.5,15.46,1747.64,0.001766235056309558
2001-05-14,0.0,450.7,29.21,14.34,1614.69,0.0008242430262777937
2001-05-15,0.0,482.76,30.97,14.12,1555.31,0.0007849933583598036
2001-05-16,0.0,482.75,33.5,15.97,1732.49,0.0007849933583598036
2001-05-17,0.0,470.29,34.5,17.38,1903.67,0.0007457436904418133
2001-05-18,0.0,445.29,35.0,19.0,2135.46,0.0008242430262777937
2001-05-19,0.0,461.89,34.66,18.03,1989.05,0.0007457436904418133
2001-05-20,0.0,376.31,31.72,19.44,2264.85,0.0007064940225238232
2001-05-21,0.95,327.22,31.15,20.49,2398.33,0.0007849933583598036
2001-05-22,0.0,424.69,32.51,18.4,2086.78,0.0008242430262777937
2001-05-23,5.43,368.25,30.03,13.24,1518.81,0.0007064940225238232
2001-05-24,0.0,531.92,30.2,11.06,1224.95,0.0007064940225238232
2001-05-25,0.0,478.54,31.0,14.64,1591.49,0.0008634926941957839
2001-05-26,0.0,418.44,29.5,16.01,1794.47,0.0009027423621137741
2001-05-27,0.0,478.81,30.22,14.05,1534.18,0.0008634926941957839
2001-05-28,0.0,404.89,31.62,18.49,2100.19,0.0007849933583598036
2001-05-29,7.6,272.19,30.35,19.06,2209.96,0.0007457436904418133
2001-05-30,14.65,288.12,30.0,18.04,2081.44,0.0007849933583598036
2001-05-31,0.0,426.11,32.37,18.38,2108.17,0.0007064940225238232
2001-06-01,0.0,372.6,32.1,20.3,2367.88,0.0006279946866878429
2001-06-02,0.0,331.19,30.56,20.51,2401.91,0.0005887450187698526
2001-06-03,3.99,358.97,32.51,19.43,2210.7,0.0007064940225238232
2001-06-04,10.76,337.07,33.5,18.57,2128.92,0.0008242430262777937
2001-06-05,0.0,430.65,34.5,20.41,2285.55,0.0007849933583598036
2001-06-06,0.0,419.11,34.11,20.53,2323.29,0.0007849933583598036
2001-06-07,6.55,284.91,33.56,21.5,2560.0,0.0007849933583598036
2001-06-08,8.98,268.06,32.49,21.5,2560.0,0.0011774900375397053
2001-06-09,11.4,223.59,29.43,20.84,2455.1,0.0012167397054576954
2001-06-10,10.98,176.23,26.95,20.57,2411.09,0.0028259760900952928
2001-06-11,9.88,200.12,28.26,20.99,2477.98,0.002433479410915391
2001-06-12,13.97,209.13,28.55,21.0,2480.41,0.00902742362113774
2001-06-13,16.64,229.85,29.87,21.5,2560.0,0.03571719780537106
2001-06-14,0.0,371.52,30.69,20.38,2379.27,0.01726985388391568
2001-06-15,1.89,439.23,32.48,19.06,2117.43,0.007064940225238232
2001-06-16,0.0,404.21,32.72,21.17,2483.28,0.0035717197805371064
2001-06-17,0.0,411.16,32.5,20.86,2427.11,0.0031399734334392145
2001-06-18,0.0,450.79,31.51,18.73,2082.32,0.00215873173548946
2001-06-19,0.0,447.91,31.86,19.28,2033.38,0.007849933583598036
2001-06-20,19.42,301.51,31.5,20.43,2379.3,0.012167397054576956
2001-06-21,7.07,361.86,31.5,20.5,2341.01,0.012559893733756858
2001-06-22,8.8,317.97,31.83,20.08,2332.94,0.014914873808836266
2001-06-23,11.48,326.57,30.5,18.97,2191.9,0.0223723107132544
2001-06-24,0.0,434.43,30.38,18.94,2114.04,0.014522377129656365
2001-06-25,0.0,420.93,30.45,19.51,2212.4,0.0223723107132544
2001-06-26,6.22,304.1,30.95,20.5,2399.22,0.06279946866878429
2001-06-27,11.37,310.71,31.36,20.7,2431.47,0.14914873808836268
2001-06-28,7.93,292.16,31.0,21.12,2499.77,0.07064940225238232
2001-06-29,10.39,258.24,29.5,21.24,2519.13,0.06279946866878429
2001-06-30,0.0,396.26,30.57,20.74,2438.71,0.04709960150158821
2001-07-01,7.3,300.16,31.47,21.4,2543.81,0.043174634709789196
2001-07-02,13.35,323.48,32.5,21.12,2499.14,0.16877357204735774
2001-07-03,10.63,326.79,33.0,21.38,2541.48,0.09419920300317643
2001-07-04,22.9,319.82,32.5,21.43,2548.41,0.2472729078833381
2001-07-05,8.18,307.95,32.5,22.05,2648.79,0.2001733063817499
2001-07-06,0.0,424.84,32.53,21.66,2585.31,0.10204913658677446
2001-07-07,0.0,447.87,33.48,21.53,2565.07,0.08242430262777936
2001-07-08,0.0,425.8,33.0,21.98,2637.32,0.10597410337857346
2001-07-09,0.0,399.06,33.43,23.19,2830.49,0.08242430262777936
2001-07-10,0.0,432.69,35.0,23.04,2805.68,0.05494953508518625
2001-07-11,0.0,418.74,34.5,23.09,2814.12,0.03061474097603234
2001-07-12,1.44,404.4,34.51,23.08,2813.27,0.01530737048801617
2001-07-13,14.37,327.95,32.88,20.98,2476.99,0.016877357204735776
2001-07-14,11.38,351.3,30.95,19.12,2219.03,0.03846467455963038
2001-07-15,0.0,470.21,31.0,18.19,2094.94,0.022764807392434302
2001-07-16,0.0,478.72,31.11,17.84,2053.51,0.014914873808836266
2001-07-17,0.0,472.08,31.5,18.38,2110.77,0.058874501876985265
2001-07-18,0.0,483.22,32.58,18.65,2143.72,0.04709960150158821
2001-07-19,0.0,465.89,34.1,20.5,2400.0,0.027867264221773023
2001-07-20,0.0,391.69,32.16,21.86,2617.49,0.021194820675714696
2001-07-21,0.0,367.36,30.27,21.09,2493.77,0.023157304071614204
2001-07-22,0.0,413.8,30.56,19.89,2315.06,0.01609236384637597
2001-07-23,8.73,266.67,31.22,22.3,2687.83,0.011382403696217151
2001-07-24,13.87,228.86,29.53,22.28,2684.32,0.010597410337857348
2001-07-25,5.48,281.2,30.39,21.5,2559.52,0.015699867167196072
2001-07-26,8.61,296.27,32.0,21.87,2618.72,0.03924966791799018
2001-07-27,24.05,310.73,32.96,21.96,2634.0,0.07849933583598036
2001-07-28,0.5,384.57,32.02,22.03,2644.07,0.08634926941957839
2001-07-29,0.0,398.48,32.41,22.0,2640.0,0.11774900375397053
2001-07-30,0.0,415.62,33.5,22.24,2678.04,0.14522377129656366
2001-07-31,0.0,434.05,32.68,20.87,2458.65,0.17269853883915678
2001-08-01,0.0,442.46,31.49,19.59,2287.25,0.20409827317354892
2001-08-02,0.0,466.51,31.73,18.72,2154.6,0.12559893733756858
2001-08-03,0.0,464.46,32.1,19.02,2203.79,0.06279946866878429
2001-08-04,0.0,464.87,32.47,19.19,2230.0,0.03296972105111175
2001-08-05,0.0,431.79,32.49,20.53,2405.08,0.016484860525555874
2001-08-06,0.0,394.29,31.98,21.5,2560.0,0.010597410337857348
2001-08-07,0.0,404.26,33.13,22.06,2649.59,0.007457436904418133
2001-08-08,0.0,418.83,34.5,22.5,2720.0,0.005102456829338723
2001-08-09,0.0,384.28,33.52,23.0,2800.0,0.0037287184522090664
2001-08-10,0.0,414.87,34.98,23.0,2800.0,0.0027082270863413222
2001-08-11,0.0,429.4,34.5,22.0,2640.0,0.002433479410915391
2001-08-12,0.0,416.03,33.54,21.79,2606.33,0.001766235056309558
2001-08-13,0.0,415.76,34.0,22.13,2661.44,0.0018054847242275482
2001-08-14,4.3,257.22,31.35,22.5,2720.0,0.0018054847242275482
2001-08-15,0.12,368.83,31.15,21.5,2560.0,0.0018839840600635284
2001-08-16,0.0,397.98,32.5,21.79,2605.76,0.001766235056309558
2001-08-17,0.0,422.15,34.55,22.47,2715.78,0.0017269853883915677
2001-08-18,16.56,321.9,35.0,22.49,2718.77,0.00667244354605833
2001-08-19,20.8,307.61,32.7,21.5,2560.0,0.023942297429974006
2001-08-20,0.0,387.68,32.5,22.06,2649.28,0.01530737048801617
2001-08-21,0.0,411.91,32.5,21.15,2503.65,0.011382403696217151
2001-08-22,0.0,465.58,32.52,18.68,2149.17,0.010989907017037248
2001-08-23,0.0,458.97,32.5,18.78,2164.09,0.00902742362113774
2001-08-24,0.35,439.4,33.5,19.99,2319.11,0.00863492694195784
2001-08-25,1.86,394.92,33.0,20.0,2320.27,0.007457436904418133
2001-08-26,0.0,427.98,32.0,19.43,2269.07,0.005887450187698527
2001-08-27,0.0,426.71,33.5,20.5,2400.0,0.00431746347097892
2001-08-28,0.0,412.57,34.12,21.47,2555.12,0.004709960150158821
2001-08-29,0.0,408.43,34.08,21.53,2564.48,0.00431746347097892
2001-08-30,0.0,384.54,33.5,22.0,2640.0,0.004709960150158821
2001-08-31,12.28,281.96,33.0,21.92,2627.93,0.004709960150158821
2001-09-01,3.92,277.53,31.76,21.5,2560.0,0.005102456829338723
2001-09-02,0.0,323.27,30.45,21.65,2583.57,0.005102456829338723
2001-09-03,15.41,256.69,30.35,21.0,2480.26,0.007064940225238232
2001-09-04,15.29,265.65,30.81,21.0,2480.0,0.027867264221773023
2001-09-05,0.0,376.22,31.0,20.39,2382.73,0.07457436904418134
2001-09-06,0.0,367.97,30.99,20.63,2420.23,0.05102456829338723
2001-09-07,0.0,358.81,30.5,20.57,2411.09,0.03336221773029165
2001-09-08,0.0,359.32,31.1,21.01,2482.37,0.0223723107132544
2001-09-09,5.71,269.61,30.1,21.05,2488.28,0.018839840600635285
2001-09-10,4.67,228.2,29.54,21.5,2560.0,0.02433479410915391
2001-09-11,10.13,261.32,30.95,21.34,2534.15,0.02708227086341322
2001-09-12,4.85,274.7,30.0,20.26,2362.38,0.03571719780537106
2001-09-13,0.0,340.63,29.0,19.89,2312.35,0.03846467455963038
2001-09-14,0.02,326.93,27.5,18.98,2197.09,0.025904780825873514
2001-09-15,0.0,394.3,25.99,15.4,1750.43,0.01962483395899509
2001-09-16,0.0,471.58,26.17,11.78,1382.71,0.01334488709211666
2001-09-17,0.0,482.55,27.41,11.7,1376.38,0.010597410337857348
2001-09-18,0.0,462.32,28.47,13.61,1567.01,0.007849933583598036
2001-09-19,0.0,459.87,29.79,14.47,1640.62,0.005494953508518624
2001-09-20,0.0,408.33,31.0,18.1,2087.69,0.005102456829338723
2001-09-21,0.0,375.42,32.0,20.33,2372.1,0.004709960150158821
2001-09-22,0.0,404.62,32.34,19.14,2223.06,0.004709960150158821
2001-09-23,3.48,292.1,31.13,20.18,2349.0,0.005494953508518624
2001-09-24,11.94,256.47,29.49,19.54,2276.01,0.006279946866878429
2001-09-25,5.7,312.14,26.35,14.16,1617.1,0.005887450187698527
2001-09-26,0.0,444.02,24.82,10.91,1312.6,0.005102456829338723
2001-09-27,0.0,448.06,25.81,11.22,1337.54,0.00431746347097892
2001-09-28,0.0,448.57,26.42,11.45,1355.92,0.003924966791799018
2001-09-29,0.0,433.48,25.2,11.21,1337.05,0.00431746347097892
2001-09-30,0.0,459.01,24.9,8.91,1152.93,0.003650219116373086
2001-10-01,0.0,478.34,24.73,6.56,964.69,0.0027082270863413222
2001-10-02,0.0,480.01,26.82,7.07,1005.25,0.0027082270863413222
2001-10-03,0.0,470.02,28.94,9.02,1161.7,0.0023157304071614202
2001-10-04,0.0,441.63,29.0,11.35,1348.13,0.0023157304071614202
2001-10-05,0.0,396.45,27.62,13.16,1505.78,0.002433479410915391
2001-10-06,0.0,381.61,28.11,14.18,1617.42,0.002472729078833381
2001-10-07,0.0,417.36,25.03,9.19,1175.44,0.002433479410915391
2001-10-08,0.0,425.26,24.52,7.86,1068.89,0.001962483395899509
2001-10-09,0.0,392.02,23.87,9.18,1174.11,0.0018447343921455383
2001-10-10,0.0,344.65,24.97,12.44,1435.05,0.0018839840600635284
2001-10-11,0.0,350.19,26.96,13.63,1570.57,0.0019232337279815187
2001-10-12,0.0,325.71,27.98,15.55,1763.74,0.0018839840600635284
2001-10-13,0.0,281.18,27.5,17.03,1924.77,0.001766235056309558
2001-10-14,0.0,321.19,28.23,15.61,1772.41,0.00215873173548946
2001-10-15,0.55,390.33,27.06,9.7,1215.77,0.0019232337279815187
2001-10-16,0.0,412.6,26.59,7.67,1053.81,0.0016484860525555875
2001-10-17,0.0,430.13,23.93,3.44,788.57,0.0014914873808836266
2001-10-18,0.0,399.0,21.31,4.01,800.78,0.0016484860525555875
2001-10-19,0.0,398.81,25.9,7.38,1030.25,0.001530737048801617
2001-10-20,0.0,374.02,27.0,9.97,1237.32,0.0014914873808836266
2001-10-21,0.0,373.47,28.11,10.52,1281.25,0.0016484860525555875
2001-10-22,0.0,302.41,28.99,15.65,1772.96,0.001962483395899509
2001-10-23,0.0,264.89,29.0,17.48,1996.74,0.0019232337279815187
2001-10-24,0.0,260.36,30.0,18.4,2112.25,0.002001733063817499
2001-10-25,0.0,288.62,29.72,16.61,1884.09,0.0020409827317354893
2001-10-26,0.0,395.22,26.61,5.85,908.16,0.001962483395899509
2001-10-27,0.0,377.77,19.22,1.17,653.82,0.0020802323996534796
2001-10-28,0.0,374.07,17.06,-0.71,578.0,0.0020409827317354893
2001-10-29,0.0,385.03,18.96,-0.54,589.62,0.0018054847242275482
2001-10-30,0.0,390.11,20.5,-0.23,601.65,0.0018054847242275482
2001-10-31,0.0,391.11,24.98,2.85,746.56,0.0018839840600635284
2001-11-01,0.0,345.75,26.92,8.84,1144.51,0.0020802323996534796
2001-11-02,2.92,212.28,26.67,14.53,1644.95,0.0020802323996534796
2001-11-03,1.54,254.73,27.39,13.45,1539.61,0.001766235056309558
2001-11-04,0.0,297.46,26.8,12.11,1409.27,0.0016877357204735776
2001-11-05,0.0,361.48,24.41,4.45,838.72,0.0017269853883915677
2001-11-06,0.0,362.18,21.0,1.32,664.81,0.001766235056309558
2001-11-07,0.0,375.3,22.33,0.28,620.3,0.0018447343921455383
2001-11-08,0.0,367.12,25.0,2.93,754.11,0.0018447343921455383
2001-11-09,0.0,350.24,25.46,4.87,869.12,0.0020409827317354893
2001-11-10,0.0,347.21,25.0,4.37,829.84,0.001962483395899509
2001-11-11,0.0,341.31,25.0,4.59,847.31,0.001766235056309558
2001-11-12,0.0,309.51,23.5,6.03,922.69,0.0017269853883915677
2001-11-13,0.0,275.11,21.55,6.78,982.44,0.0018839840600635284
2001-11-14,0.0,211.01,19.72,9.07,1165.33,0.0017269853883915677
2001-11-15,0.0,155.75,19.04,11.41,1352.95,0.0014522377129656365
2001-11-16,0.0,253.02,22.87,9.6,1207.71,0.0014522377129656365
2001-11-17,0.0,308.73,25.0,7.02,1000.81,0.0014914873808836266
2001-11-18,0.0,292.71,23.86,7.38,1025.95,0.0016484860525555875
2001-11-19,0.0,295.95,23.28,6.49,957.18,0.001766235056309558
2001-11-20,0.0,302.28,24.01,6.38,948.21,0.0016877357204735776
2001-11-21,0.0,309.77,21.7,3.42,780.77,0.0018054847242275482
2001-11-22,0.0,302.27,21.25,3.42,782.82,0.0016092363846375972
2001-11-23,1.95,208.26,21.18,9.07,1165.35,0.0016092363846375972
2001-11-24,5.44,133.19,24.28,14.88,1701.28,0.0016877357204735776
2001-11-25,0.1,182.08,26.13,16.07,1811.49,0.0016877357204735776
2001-11-26,0.0,211.0,26.83,15.03,1722.5,0.0017269853883915677
2001-11-27,0.0,246.42,27.5,13.21,1514.26,0.0018447343921455383
2001-11-28,0.0,261.26,27.0,11.72,1377.8,0.0018447343921455383
2001-11-29,0.0,238.07,27.0,13.49,1558.18,0.0018839840600635284
2001-11-30,0.0,195.31,25.93,15.44,1755.02,0.0016877357204735776
2001-12-01,0.0,242.88,25.27,11.87,1387.34,0.0016877357204735776
2001-12-02,0.0,280.65,24.41,8.06,1067.47,0.0016877357204735776
2001-12-03,0.0,276.38,22.49,6.77,928.65,0.0017269853883915677
2001-12-04,0.0,294.43,22.08,4.81,714.13,0.0016877357204735776
2001-12-05,0.0,280.49,23.82,7.64,875.78,0.0016484860525555875
2001-12-06,0.0,280.42,25.5,9.08,955.74,0.0016484860525555875
2001-12-07,0.0,279.08,26.06,9.75,998.84,0.0016484860525555875
2001-12-08,0.0,261.94,26.0,11.24,1135.62,0.002001733063817499
2001-12-09,1.81,223.3,25.0,12.93,1310.01,0.0022764807392434304
2001-12-10,6.81,167.91,20.93,10.03,1199.75,0.0018447343921455383
2001-12-11,0.0,131.53,14.85,8.95,1150.67,0.0018447343921455383
2001-12-12,0.0,110.93,16.07,11.21,1332.17,0.0018054847242275482
2001-12-13,0.0,147.76,19.77,13.15,1431.77,0.0017269853883915677
2001-12-14,0.0,190.21,24.1,15.22,1458.43,0.0018054847242275482
2001-12-15,0.0,249.85,25.03,12.62,1056.53,0.001766235056309558
2001-12-16,0.0,266.29,23.24,9.86,862.85,0.0017269853883915677
2001-12-17,0.0,261.93,23.49,10.51,905.22,0.0016877357204735776
2001-12-18,3.3,215.96,22.56,8.12,876.37,0.001766235056309558
2001-12-19,0.0,306.65,19.56,3.05,540.42,0.001766235056309558
2001-12-20,0.0,300.2,17.34,1.79,518.44,0.0016877357204735776
2001-12-21,0.0,319.66,16.05,-1.67,394.37,0.001766235056309558
2001-12-22,0.0,329.87,17.68,-1.9,375.03,0.0016877357204735776
2001-12-23,0.0,284.75,19.31,4.98,618.39,0.0016484860525555875
2001-12-24,0.0,299.14,18.02,2.65,390.64,0.003650219116373086
2001-12-25,0.0,279.03,13.19,-0.22,310.16,0.0025119787467513715
2001-12-26,0.0,266.67,9.44,-2.95,291.83,0.0018447343921455383
2001-12-27,0.0,305.91,10.79,-4.9,214.47,0.002001733063817499
2001-12-28,0.0,323.66,15.37,-2.63,213.0,0.0018447343921455383
2001-12-29,0.0,319.81,18.85,1.05,276.66,0.0016484860525555875
2001-12-30,0.0,291.35,15.27,0.57,302.42,0.0016877357204735776
2001-12-31,0.0,275.65,11.04,-2.2,285.75,0.0014522377129656365
2002-01-01,0.0,282.69,11.37,-2.83,493.21,0.001530737048801617
2002-01-02,12.43,178.87,10.17,-0.82,574.52,0.0025512284146693614
2002-01-03,10.5,62.31,0.95,-2.24,520.45,0.0029437250938492633
2002-01-04,0.0,217.05,4.4,-5.09,430.08,0.0022372310713254396
2002-01-05,0.0,308.08,9.05,-7.0,360.0,0.0020802323996534796
2002-01-06,8.73,234.87,15.48,-1.67,543.99,0.0028652257580132827
2002-01-07,0.0,272.06,16.18,2.78,742.69,0.0029829747617672532
2002-01-08,0.0,284.16,9.68,-4.0,440.0,0.001962483395899509
2002-01-09,0.0,311.03,12.23,-3.89,448.55,0.001962483395899509
2002-01-10,0.0,316.36,19.48,2.02,712.07,0.002001733063817499
2002-01-11,0.0,289.07,20.4,5.54,911.19,0.003296972105111175
2002-01-12,25.13,233.44,19.82,4.8,863.67,0.005102456829338723
2002-01-13,20.1,246.06,17.69,2.2,719.98,0.011382403696217151
2002-01-14,17.56,222.62,15.99,1.31,664.82,0.008242430262777937
2002-01-15,0.0,217.92,12.91,3.49,799.35,0.00863492694195784
2002-01-16,0.0,337.76,16.5,-2.01,520.41,0.007064940225238232
2002-01-17,0.0,328.25,17.31,0.03,607.27,0.005494953508518624
2002-01-18,0.0,333.43,18.48,0.62,640.0,0.004709960150158821
2002-01-19,3.91,271.36,21.7,6.23,938.35,0.004709960150158821
2002-01-20,3.36,303.61,23.39,3.49,791.34,0.005494953508518624
2002-01-21,0.0,281.87,17.33,4.44,836.75,0.004709960150158821
2002-01-22,0.0,333.18,18.49,1.49,679.51,0.003924966791799018
2002-01-23,0.0,293.69,21.64,7.69,1055.23,0.003924966791799018
2002-01-24,0.0,267.92,26.24,13.43,1538.44,0.0037679681201270568
2002-01-25,2.39,212.15,24.49,13.91,1592.9,0.00431746347097892
2002-01-26,0.0,214.71,16.66,7.81,1065.01,0.003924966791799018
2002-01-27,0.0,250.94,18.06,7.42,1033.95,0.00431746347097892
2002-01-28,0.0,281.11,22.03,9.43,1194.75,0.0035717197805371064
2002-01-29,0.0,318.25,25.48,9.93,1234.78,0.003336221773029165
2002-01-30,0.0,298.88,26.49,12.33,1426.04,0.003061474097603234
2002-01-31,0.0,248.72,26.52,15.5,1760.0,0.0029829747617672532
2002-02-01,0.0,290.36,27.53,14.0,1600.0,0.003296972105111175
2002-02-02,0.0,358.79,26.48,7.34,1026.89,0.0031792231013572044
2002-02-03,0.0,303.68,16.2,3.09,766.88,0.0023549800750794106
2002-02-04,0.0,294.16,14.19,2.02,710.38,0.002472729078833381
2002-02-05,0.0,336.13,13.12,-1.36,560.0,0.00211948206757147
2002-02-06,13.46,168.76,9.66,1.34,667.44,0.00431746347097892
2002-02-07,25.37,223.88,14.34,2.45,729.77,0.03375471440947155
2002-02-08,0.0,323.08,13.63,0.62,638.16,0.027474767542593124
2002-02-09,0.0,389.22,19.0,0.37,629.14,0.01923233727981519
2002-02-10,0.0,328.22,21.92,8.04,1082.96,0.015699867167196072
2002-02-11,0.0,365.96,21.28,4.96,877.06,0.01726985388391568
2002-02-12,0.0,397.34,18.11,-0.46,598.93,0.027474767542593124
2002-02-13,0.0,362.08,16.71,1.58,686.46,0.04709960150158821
2002-02-14,0.0,364.88,16.92,1.55,682.87,0.03885717123881028
2002-02-15,0.0,334.61,16.43,3.34,783.86,0.03296972105111175
2002-02-16,0.0,338.21,17.66,4.49,839.12,0.02865225758013283
2002-02-17,0.0,406.25,19.82,1.61,688.43,0.025904780825873514
2002-02-18,0.0,410.89,16.5,-1.5,549.91,0.021194820675714696
2002-02-19,0.0,420.22,16.67,-1.95,525.98,0.021587317354894598
2002-02-20,3.99,296.64,22.31,5.19,891.88,0.01805484724227548
2002-02-21,0.0,331.01,23.6,10.71,1296.41,0.016484860525555874
2002-02-22,0.0,394.12,21.39,4.96,877.02,0.01726985388391568
2002-02-23,0.0,377.98,19.65,4.74,859.25,0.016484860525555874
2002-02-24,0.0,365.3,13.97,0.44,629.91,0.01609236384637597
2002-02-25,0.0,439.77,18.86,-0.95,564.01,0.015699867167196072
2002-02-26,0.0,430.98,22.68,3.02,761.3,0.012952390412936757
2002-02-27,0.0,472.98,21.93,-3.33,479.22,0.010597410337857348
2002-02-28,0.0,387.57,7.74,-6.97,360.0,0.010989907017037248
2002-03-01,0.0,446.31,13.68,-5.92,398.81,0.009812416979497545
2002-03-02,30.74,256.69,18.98,5.96,924.98,0.06279946866878429
2002-03-03,29.01,247.37,20.65,8.18,1094.75,0.18054847242275482
2002-03-04,0.0,409.58,15.06,-0.98,566.92,0.2080232399653479
2002-03-05,0.0,390.51,10.47,-4.01,440.0,0.2080232399653479
2002-03-06,0.0,454.18,17.17,-2.45,520.0,0.21587317354894595
2002-03-07,0.0,444.84,21.88,2.47,722.86,0.1766235056309558
2002-03-08,0.0,395.08,24.02,7.81,1065.02,0.1295239041293676
2002-03-09,0.0,369.88,26.5,11.43,1354.62,0.09812416979497544
2002-03-10,0.0,416.5,25.14,7.52,1041.91,0.07457436904418134
2002-03-11,0.0,456.02,21.88,1.91,712.7,0.05494953508518625
2002-03-12,8.24,280.75,22.66,8.46,1116.48,0.05102456829338723
2002-03-13,0.0,320.63,21.84,10.06,1245.19,0.058874501876985265
2002-03-14,0.0,386.48,22.33,7.57,1045.98,0.10204913658677446
2002-03-15,0.0,409.51,27.03,10.35,1267.72,0.09419920300317643
2002-03-16,0.0,387.45,28.14,12.65,1451.69,0.09419920300317643
2002-03-17,0.0,370.3,29.98,15.13,1730.34,0.09812416979497544
2002-03-18,0.0,336.2,30.43,17.22,1955.91,0.08242430262777936
2002-03-19,0.0,323.79,29.12,16.85,1907.74,0.06279946866878429
2002-03-20,0.0,322.44,29.0,17.0,1920.0,0.05102456829338723
2002-03-21,20.33,263.69,27.25,14.45,1637.68,0.08242430262777936
2002-03-22,0.0,395.27,19.67,5.95,928.35,0.09027423621137741
2002-03-23,0.0,463.31,17.19,0.02,601.32,0.08242430262777936
2002-03-24,0.0,492.94,22.32,2.28,720.0,0.07849933583598036
2002-03-25,0.0,452.72,26.9,9.05,1163.95,0.08634926941957839
2002-03-26,7.53,364.52,28.79,12.5,1440.0,0.07849933583598036
2002-03-27,0.0,433.22,27.56,11.01,1320.45,0.09419920300317643
2002-03-28,0.0,414.17,23.72,9.01,1160.89,0.09027423621137741
2002-03-29,0.0,420.59,25.34,10.4,1272.16,0.07849933583598036
2002-03-30,0.0,337.25,27.01,15.6,1769.05,0.07457436904418134
2002-03-31,5.84,320.79,28.41,15.71,1777.06,0.07849933583598036
2002-04-01,5.87,338.73,26.5,14.16,1613.15,0.07457436904418134
2002-04-02,0.0,426.8,27.0,12.03,1402.6,0.06279946866878429
2002-04-03,0.0,427.05,29.16,13.87,1590.01,0.05102456829338723
2002-04-04,0.0,414.34,26.94,12.75,1461.85,0.03375471440947155
2002-04-05,0.0,426.41,22.28,8.38,1110.29,0.015699867167196072
2002-04-06,0.0,452.39,21.86,6.96,996.83,0.012952390412936757
2002-04-07,0.0,480.31,22.5,6.08,926.5,0.010989907017037248
2002-04-08,0.0,411.22,24.51,11.33,1346.11,0.00902742362113774
2002-04-09,0.0,414.85,27.0,13.44,1550.83,0.007457436904418133
2002-04-10,15.34,219.75,24.66,16.05,1808.42,0.007457436904418133
2002-04-11,12.48,141.23,21.63,16.49,1877.91,0.008242430262777937
2002-04-12,0.0,287.52,24.23,16.09,1814.4,0.00667244354605833
2002-04-13,0.0,309.3,25.0,16.26,1840.91,0.007457436904418133
2002-04-14,0.0,404.2,27.35,15.22,1737.59,0.006279946866878429
2002-04-15,0.0,421.19,29.02,16.08,1804.28,0.006279946866878429
2002-04-16,0.0,441.65,30.4,16.43,1813.86,0.005102456829338723
2002-04-17,0.0,449.58,31.0,16.57,1813.04,0.004709960150158821
2002-04-18,0.0,455.82,31.99,17.04,1850.02,0.00431746347097892
2002-04-19,0.0,431.74,31.86,18.01,2000.37,0.003924966791799018
2002-04-20,0.0,462.78,33.65,18.0,1923.88,0.0031792231013572044
2002-04-21,0.0,447.98,33.58,18.68,2014.57,0.0025904780825873517
2002-04-22,0.0,452.81,32.56,17.79,1907.3,0.002472729078833381
2002-04-23,0.0,501.05,30.03,13.51,1409.88,0.0025512284146693614
2002-04-24,0.0,505.78,28.5,12.13,1289.79,0.0022764807392434304
2002-04-25,0.0,436.56,30.7,17.3,1880.31,0.0022372310713254396
2002-04-26,0.0,486.05,29.26,14.01,1466.59,0.0022372310713254396
2002-04-27,0.0,378.53,25.72,15.32,1735.59,0.00219798140340745
2002-04-28,0.0,376.39,28.04,17.53,1995.33,0.0018447343921455383
2002-04-29,0.0,444.57,32.97,19.14,2058.03,0.0016092363846375972
2002-04-30,4.58,375.88,29.34,13.25,1511.99,0.00431746347097892
2002-05-01,0.0,380.54,27.8,17.13,1938.09,0.0016092363846375972
2002-05-02,0.0,454.71,32.74,18.56,1986.5,0.0011382403696217152
2002-05-03,0.0,441.08,33.19,19.56,2132.79,0.0011774900375397053
2002-05-04,0.0,496.0,32.23,16.27,1661.92,0.0013344887092116662
2002-05-05,0.0,470.18,27.9,14.04,1503.92,0.0014522377129656365
2002-05-06,0.0,500.16,27.58,12.43,1319.03,0.0014914873808836266
2002-05-07,0.0,498.17,30.5,14.93,1534.75,0.0014914873808836266
2002-05-08,0.0,480.08,32.5,17.48,1750.37,0.0014522377129656365
2002-05-09,0.0,470.5,33.54,19.0,1786.79,0.0014914873808836266
2002-05-10,0.0,483.19,34.5,19.0,1753.12,0.0015699867167196073
2002-05-11,0.0,457.36,33.96,19.5,1864.06,0.0014914873808836266
2002-05-12,0.0,423.7,32.84,19.82,1979.01,0.0011774900375397053
2002-05-13,4.3,336.55,33.61,18.94,2056.68,0.0007457436904418133
2002-05-14,0.0,566.17,31.74,10.83,979.49,0.0009027423621137741
2002-05-15,0.0,545.31,28.74,9.95,959.87,0.0009419920300317642
2002-05-16,0.0,540.95,30.48,11.54,1059.29,0.0009419920300317642
2002-05-17,0.0,503.01,32.0,14.97,1361.49,0.0009812416979497545
2002-05-18,25.43,337.91,31.13,16.37,1777.49,0.0007849933583598036
2002-05-19,20.14,390.76,25.77,8.24,1082.08,0.0009027423621137741
2002-05-20,0.0,505.06,22.59,6.55,925.37,0.0009419920300317642
2002-05-21,0.0,533.64,24.17,6.25,887.51,0.0009812416979497545
2002-05-22,0.0,477.4,24.16,9.21,1113.79,0.0009812416979497545
2002-05-23,0.0,507.26,25.16,8.61,1040.59,0.0010204913658677446
2002-05-24,0.0,520.95,29.03,11.04,1183.86,0.0009812416979497545
2002-05-25,0.0,499.65,32.0,14.51,1485.04,0.0009812416979497545
2002-05-26,0.0,484.99,32.08,15.31,1581.72,0.0008634926941957839
2002-05-27,0.0,444.43,30.7,15.95,1710.68,0.0008242430262777937
2002-05-28,0.0,416.33,31.05,17.3,1902.96,0.0007457436904418133
2002-05-29,0.0,392.06,30.58,17.85,2010.51,0.0007457436904418133
2002-05-30,0.0,391.56,31.65,18.85,2130.95,0.0007064940225238232
2002-05-31,0.0,392.01,32.0,19.08,2159.22,0.0007457436904418133
2002-06-01,0.0,454.67,34.0,18.38,1806.56,0.0007457436904418133
2002-06-02,0.0,453.98,36.93,21.0,1880.4,0.0006672443546058331
2002-06-03,0.0,467.94,38.3,21.4,1881.13,0.0007849933583598036
2002-06-04,1.88,388.26,36.23,22.0,2183.92,0.0007849933583598036
2002-06-05,0.0,395.1,34.06,21.02,2068.93,0.0006279946866878429
2002-06-06,0.0,396.03,34.0,21.0,2063.46,0.0006279946866878429
2002-06-07,34.05,251.61,32.52,21.61,2551.1,0.0008634926941957839
2002-06-08,0.0,372.1,29.93,18.27,2004.9,0.0007849933583598036
2002-06-09,0.0,419.58,29.61,16.37,1703.99,0.0007064940225238232
2002-06-10,0.0,467.59,31.79,16.19,1593.58,0.0006279946866878429
2002-06-11,0.0,459.19,32.23,16.94,1640.04,0.0006672443546058331
2002-06-12,0.0,440.17,33.82,19.04,1894.34,0.0006279946866878429
2002-06-13,0.0,428.1,35.39,20.93,2139.53,0.0006279946866878429
2002-06-14,0.0,443.52,36.45,21.21,2133.16,0.0006672443546058331
2002-06-15,0.0,456.9,33.65,18.52,1802.9,0.0005887450187698526
2002-06-16,0.0,501.22,33.03,15.93,1467.07,0.0005494953508518625
2002-06-17,0.0,383.07,32.88,20.76,2238.06,0.0005494953508518625
2002-06-18,0.0,321.35,30.0,20.41,2342.09,0.0006279946866878429
2002-06-19,1.06,340.67,30.27,19.5,2153.52,0.0005887450187698526
2002-06-20,0.0,331.28,29.5,20.0,2171.54,0.0007457436904418133
2002-06-21,23.26,185.95,27.33,20.5,2400.0,0.0007849933583598036
2002-06-22,33.65,148.47,25.7,20.5,2400.0,0.001962483395899509
2002-06-23,23.77,156.38,26.9,21.47,2555.77,0.001373738377129656
2002-06-24,10.39,212.85,29.05,21.56,2569.11,0.001766235056309558
2002-06-25,16.31,228.55,30.06,22.04,2646.8,0.0016877357204735776
2002-06-26,4.36,248.07,30.27,21.92,2627.77,0.0016092363846375972
2002-06-27,0.0,338.94,31.5,22.5,2720.0,0.0016877357204735776
2002-06-28,0.0,385.25,32.88,22.25,2679.78,0.0015699867167196073
2002-06-29,0.0,381.46,31.73,21.5,2560.0,0.0013344887092116662
2002-06-30,0.0,384.94,31.78,21.48,2555.09,0.001373738377129656
2002-07-01,0.0,430.79,33.13,21.07,2465.26,0.0012559893733756857
2002-07-02,0.0,431.85,32.95,20.99,2454.97,0.001059741033785735
2002-07-03,14.06,332.02,33.0,20.67,2426.47,0.003100723765521224
2002-07-04,0.97,434.95,32.5,20.5,2394.53,0.031007237655212242
2002-07-05,0.0,446.58,34.0,21.37,2522.66,0.00667244354605833
2002-07-06,0.0,430.74,34.71,22.54,2711.63,0.00219798140340745
2002-07-07,0.0,406.75,32.79,21.91,2624.11,0.01726985388391568
2002-07-08,10.47,308.29,31.53,21.72,2594.95,0.0223723107132544
2002-07-09,2.4,337.29,32.02,21.76,2601.18,0.010989907017037248
2002-07-10,0.0,426.04,33.5,22.0,2623.09,0.009812416979497545
2002-07-11,0.0,432.19,34.09,22.34,2652.4,0.036502191163730865
2002-07-12,13.68,313.65,32.76,21.87,2619.42,0.40427157955529885
2002-07-13,1.96,327.63,30.1,21.86,2617.37,0.23942297429974008
2002-07-14,0.0,384.27,32.35,22.92,2786.42,0.09812416979497544
2002-07-15,0.0,421.67,34.45,23.41,2852.46,0.043174634709789196
2002-07-16,0.0,441.43,35.42,23.49,2857.25,0.014522377129656365
2002-07-17,0.0,438.68,36.0,24.01,2968.31,0.010989907017037248
2002-07-18,0.0,450.88,36.81,23.99,2946.71,0.007064940225238232
2002-07-19,0.0,464.6,37.47,23.72,2880.56,0.005887450187698527
2002-07-20,0.0,477.1,37.88,23.19,2763.91,0.005494953508518624
2002-07-21,14.0,350.99,36.0,22.16,2666.32,0.008242430262777937
2002-07-22,21.53,337.2,34.03,21.46,2553.9,0.1334488709211666
2002-07-23,11.41,274.02,31.0,22.02,2642.69,0.10597410337857346
2002-07-24,9.63,273.3,31.51,22.3,2687.27,0.1962483395899509
2002-07-25,0.0,402.75,32.59,21.91,2625.14,0.1334488709211666
2002-07-26,0.09,416.33,33.5,22.04,2645.99,0.06279946866878429
2002-07-27,0.0,406.65,33.55,22.4,2704.45,0.03257722437193185
2002-07-28,0.0,422.24,34.5,22.5,2720.36,0.018447343921455386
2002-07-29,0.0,430.06,35.0,22.5,2720.0,0.012167397054576956
2002-07-30,0.0,428.28,35.16,22.62,2739.62,0.009812416979497545
2002-07-31,0.0,446.38,35.5,22.06,2649.91,0.00863492694195784
2002-08-01,0.0,446.58,34.13,21.02,2482.88,0.007064940225238232
2002-08-02,0.0,416.24,32.55,21.03,2485.21,0.00667244354605833
2002-08-03,0.0,427.78,33.2,21.09,2494.5,0.005887450187698527
2002-08-04,0.0,411.81,32.54,21.19,2509.79,0.005102456829338723
2002-08-05,0.0,434.53,33.86,21.3,2527.89,0.004709960150158821
2002-08-06,0.0,467.21,36.48,21.51,2561.21,0.004709960150158821
2002-08-07,0.0,447.53,36.81,22.56,2730.03,0.005494953508518624
2002-08-08,0.0,494.38,31.5,16.33,1850.62,0.005102456829338723
2002-08-09,0.0,498.97,31.49,15.92,1797.12,0.004709960150158821
2002-08-10,0.0,485.69,31.77,16.75,1902.7,0.004709960150158821
2002-08-11,0.0,488.75,32.58,16.98,1925.09,0.0037287184522090664
2002-08-12,0.0,505.29,33.79,16.53,1882.2,0.0038857171238810277
2002-08-13,0.0,444.38,32.75,18.9,2183.34,0.005887450187698527
2002-08-14,20.58,292.45,31.5,21.0,2480.0,0.007064940225238232
2002-08-15,12.66,282.01,33.0,21.76,2601.3,0.00667244354605833
2002-08-16,0.0,377.42,33.89,22.42,2706.62,0.006279946866878429
2002-08-17,0.0,380.33,33.91,22.33,2692.37,0.00667244354605833
2002-08-18,2.75,363.85,34.5,21.99,2638.62,0.00863492694195784
2002-08-19,3.0,381.39,35.0,21.54,2566.05,0.00863492694195784
2002-08-20,0.0,410.68,34.6,21.66,2586.26,0.00902742362113774
2002-08-21,0.0,406.91,34.0,21.33,2533.55,0.007849933583598036
2002-08-22,0.0,404.83,34.5,21.67,2587.51,0.005494953508518624
2002-08-23,0.0,412.26,35.57,22.0,2640.0,0.005494953508518624
2002-08-24,0.0,406.83,36.59,22.86,2777.59,0.005102456829338723
2002-08-25,14.13,293.77,36.0,23.0,2799.91,0.005494953508518624
2002-08-26,20.84,272.97,33.2,21.89,2622.71,0.00667244354605833
2002-08-27,16.11,231.89,30.0,21.09,2495.01,0.00902742362113774
2002-08-28,10.69,216.82,29.71,21.5,2560.0,0.013737383771296562
2002-08-29,19.11,177.51,28.14,21.67,2587.9,0.012952390412936757
2002-08-30,37.04,160.54,27.47,21.77,2603.12,0.05102456829338723
2002-08-31,14.99,159.42,27.47,21.9,2624.27,0.06279946866878429
2002-09-01,0.77,222.68,27.31,21.4,2544.65,0.03571719780537106
2002-09-02,0.0,212.78,27.5,22.05,2647.25,0.02472729078833381
2002-09-03,0.0,297.71,29.7,21.75,2600.51,0.058874501876985265
2002-09-04,0.0,388.54,32.34,20.98,2476.36,0.13737383771296563
2002-09-05,0.0,385.86,32.99,21.62,2578.78,0.10204913658677446
2002-09-06,0.0,381.35,32.5,21.43,2549.41,0.0667244354605833
2002-09-07,0.0,398.22,31.5,20.03,2328.33,0.04709960150158821
2002-09-08,0.0,394.24,31.0,19.86,2308.95,0.03532470112619116
2002-09-09,0.0,403.05,31.0,19.53,2274.76,0.02472729078833381
2002-09-10,0.0,467.9,32.92,17.59,2012.66,0.01726985388391568
2002-09-11,0.0,459.16,35.0,19.38,2257.77,0.011382403696217151
2002-09-12,0.0,433.47,34.72,20.65,2424.41,0.00902742362113774
2002-09-13,19.09,258.1,30.87,21.42,2546.88,0.014129880450476464
2002-09-14,20.28,240.05,30.4,21.81,2609.19,0.027867264221773023
2002-09-15,17.93,231.95,29.63,21.5,2560.0,0.07457436904418134
2002-09-16,0.0,299.53,30.01,22.15,2663.91,0.1609236384637597
2002-09-17,0.0,360.28,31.58,21.5,2560.77,0.19232337279815187
2002-09-18,7.97,259.48,31.54,22.0,2640.0,0.18839840600635285
2002-09-19,11.85,243.09,30.64,22.03,2644.17,0.1766235056309558
2002-09-20,3.66,246.57,30.12,21.47,2555.37,0.13737383771296563
2002-09-21,0.0,374.76,30.87,20.49,2398.17,0.1098990701703725
2002-09-22,0.0,382.6,31.0,20.28,2364.45,0.13737383771296563
2002-09-23,1.08,334.48,29.97,20.84,2454.64,0.18054847242275482
2002-09-24,3.31,263.3,28.99,21.33,2532.08,0.14914873808836268
2002-09-25,19.19,150.41,26.52,21.9,2623.85,0.1334488709211666
2002-09-26,19.35,165.76,27.43,22.27,2682.93,0.2708227086341322
2002-09-27,7.62,225.48,30.71,23.03,2804.44,0.4866958821830782
2002-09-28,0.0,357.25,30.84,21.13,2500.56,0.6083698527288477
2002-09-29,1.08,278.99,29.23,21.6,2575.58,0.6122948195206468
2002-09-30,0.0,287.61,28.32,21.07,2491.8,0.5220205833092693
2002-10-01,0.0,332.34,29.55,20.61,2418.12,0.4121215131388969
2002-10-02,0.0,383.04,30.5,19.08,2213.17,0.3767968120127057
2002-10-03,0.0,396.47,30.94,18.51,2122.0,0.3336221773029165
2002-10-04,0.0,390.51,31.0,18.72,2154.78,0.2629727750505342
2002-10-05,0.0,377.12,32.1,20.11,2337.01,0.1962483395899509
2002-10-06,0.0,371.9,33.0,20.87,2459.6,0.14129880450476465
2002-10-07,0.0,378.43,32.5,20.0,2320.69,0.10204913658677446
2002-10-08,0.28,372.78,31.11,19.06,2209.41,0.07457436904418134
2002-10-09,14.45,229.9,24.21,16.06,1809.84,0.058874501876985265
2002-10-10,8.06,178.79,23.89,17.91,2064.7,0.07064940225238232
2002-10-11,14.08,223.36,27.98,19.9,2314.18,0.18839840600635285
2002-10-12,0.0,348.8,28.52,18.47,2118.31,0.1962483395899509
2002-10-13,0.0,343.58,28.67,18.72,2154.54,0.2001733063817499
2002-10-14,8.21,206.28,24.1,17.11,1944.18,0.3336221773029165
2002-10-15,2.83,213.97,20.22,13.69,1575.05,0.38464674559630374
2002-10-16,7.61,231.73,19.94,12.19,1415.02,0.43959628068149
2002-10-17,0.0,420.76,22.36,8.65,1132.2,0.39642164597170076
2002-10-18,0.0,431.25,22.25,7.2,1015.91,0.3414721108865145
2002-10-19,0.0,409.68,23.04,9.27,1181.41,0.29044754259312733
2002-10-20,0.0,404.9,26.04,11.52,1361.68,0.23549800750794106
2002-10-21,0.0,354.65,26.67,15.17,1733.23,0.18447343921455384
2002-10-22,0.0,331.78,25.73,15.43,1754.77,0.14522377129656366
2002-10-23,0.0,254.64,20.71,13.83,1586.16,0.11774900375397053
2002-10-24,11.04,156.49,20.96,15.4,1751.91,0.1098990701703725
2002-10-25,6.57,128.14,20.53,16.03,1804.48,0.12167397054576955
2002-10-26,0.0,196.37,21.06,15.77,1783.75,0.1295239041293676
2002-10-27,0.0,253.54,24.37,16.99,1919.45,0.14522377129656366
2002-10-28,2.66,251.4,27.1,18.0,2080.0,0.18447343921455384
2002-10-29,19.7,194.01,27.98,19.87,2309.86,0.2668977418423332
2002-10-30,8.17,194.44,26.9,18.8,2169.81,0.32969721051111744
2002-10-31,0.0,379.48,25.29,10.45,1275.6,0.3414721108865145
2002-11-01,0.0,366.69,20.71,7.75,1060.12,0.31007237655212244
2002-11-02,0.0,378.69,20.32,6.15,934.53,0.2825976090095293
2002-11-03,0.0,350.06,19.62,7.54,1043.35,0.25119787467513716
2002-11-04,8.86,191.14,19.25,11.82,1385.43,0.219798140340745
2002-11-05,21.59,130.44,17.36,12.57,1445.51,0.2001733063817499
2002-11-06,29.54,224.92,22.32,12.71,1456.87,0.32969721051111744
2002-11-07,0.0,376.2,17.89,3.57,795.55,0.5298705168928673
2002-11-08,0.0,382.5,18.84,3.04,763.3,0.7732184579844065
2002-11-09,0.0,361.7,23.18,8.14,1090.8,0.867417660987583
2002-11-10,17.94,225.84,25.09,13.97,1599.88,0.7928432919434015
2002-11-11,16.17,189.2,27.39,18.35,2108.51,0.7143439561074212
2002-11-12,20.23,200.97,24.55,15.11,1720.69,1.067590967369333
2002-11-13,6.79,217.51,19.22,10.26,1260.96,2.3942297429974007
2002-11-14,0.0,356.54,18.23,3.15,772.19,2.767101588218307
2002-11-15,0.0,335.12,19.78,6.11,930.99,2.209756303782847
2002-11-16,31.9,226.56,22.5,10.76,1300.79,1.6838107536817786
2002-11-17,16.53,206.96,16.48,6.87,989.62,1.593536517470401
2002-11-18,0.0,324.43,12.06,-0.03,600.72,1.4208379786312444
2002-11-19,0.0,361.93,17.02,0.09,607.03,1.4365378457984406
2002-11-20,0.0,322.16,18.92,5.77,922.6,1.3698134103378572
2002-11-21,0.0,257.35,19.3,10.04,1243.31,1.2167397054576954
2002-11-22,0.0,287.98,18.5,7.5,1040.06,1.0204913658677446
2002-11-23,0.0,338.99,13.92,-1.01,563.03,0.8477928270285877
2002-11-24,0.0,339.98,15.69,-0.13,600.0,0.7025690557320242
2002-11-25,0.0,342.14,20.08,2.48,720.15,0.5965949523534507
2002-11-26,0.0,323.57,21.0,4.95,875.95,0.5180956165174704
2002-11-27,0.0,316.45,19.37,3.99,806.67,0.4709960150158821
2002-11-28,0.0,337.73,17.53,-0.64,585.89,0.435671313889691
2002-11-29,0.0,322.84,13.55,-2.46,520.0,0.3807217788045047
2002-11-30,0.0,298.65,15.76,1.59,687.03,0.32969721051111744
2002-12-01,0.0,315.81,16.94,0.78,640.08,0.29044754259312733
2002-12-02,0.0,318.1,13.62,-2.58,511.63,0.2629727750505342
2002-12-03,0.0,325.31,17.28,-0.55,595.99,0.2472729078833381
2002-12-04,0.0,293.81,17.3,2.43,723.47,0.23942297429974008
2002-12-05,8.54,110.26,8.36,2.3,719.9,0.23157304071614204
2002-12-06,0.0,193.6,9.78,1.54,683.12,0.23549800750794106
2002-12-07,0.0,285.09,12.28,-1.58,548.52,0.2472729078833381
2002-12-08,0.0,303.01,14.03,-1.72,541.14,0.2825976090095293
2002-12-09,0.0,232.73,13.7,3.24,772.76,0.31007237655212244
2002-12-10,14.25,127.36,10.45,3.36,789.02,0.3532470112619116
2002-12-11,7.01,102.73,10.98,5.39,905.45,0.43959628068149
2002-12-12,0.0,155.08,11.7,5.3,903.99,0.5063207161420732
2002-12-13,15.9,164.58,15.94,6.15,932.72,0.663319387814034
2002-12-14,0.0,261.65,16.28,3.98,800.0,0.8360179266531909
2002-12-15,0.0,291.48,12.46,-1.85,532.39,0.9498419636153623
2002-12-16,0.0,295.29,15.14,0.06,605.19,1.0597410337857347
2002-12-17,0.0,304.56,18.07,1.37,669.72,0.9969415651169505
2002-12-18,0.0,249.15,16.78,4.93,873.74,0.8831175281547788
2002-12-19,0.0,213.06,18.05,8.41,1112.44,0.7535936240254114
2002-12-20,8.07,159.7,19.95,10.23,1258.16,0.655469454230436
2002-12-21,0.0,297.91,16.06,0.49,639.25,0.5965949523534507
2002-12-22,0.0,298.66,17.55,1.5,680.34,0.5377204504764654
2002-12-23,0.0,304.92,21.09,3.65,797.55,0.5141706497256713
2002-12-24,36.02,194.31,19.72,6.86,989.19,0.5494953508518625
2002-12-25,22.09,187.93,17.77,6.87,989.85,0.7496686572336124
2002-12-26,0.0,265.38,9.54,-2.5,520.0,0.9890916315333524
2002-12-27,0.0,273.92,10.48,-2.17,520.0,1.3541135431706612
2002-12-28,0.0,296.57,13.0,-1.51,559.03,1.5071872480508228
2002-12-29,0.0,301.69,15.29,0.09,606.65,1.2442144730002886
2002-12-30,0.0,326.66,19.11,-0.0,600.0,1.0283412994513426
2002-12-31,4.58,285.99,20.06,2.0,712.74,0.887042494946578
2003-01-01,14.73,156.45,19.75,10.28,1262.16,0.8281679930695927
2003-01-02,0.0,196.76,17.57,8.94,1154.91,0.8203180594859947
2003-01-03,0.0,215.03,15.43,6.06,924.44,0.87919256136298
2003-01-04,0.0,257.77,9.87,-1.54,556.55,0.8988173953219749
2003-01-05,0.0,293.41,12.01,-2.01,520.0,0.87919256136298
2003-01-06,0.0,311.34,15.85,-0.18,602.0,0.8085431591105977
2003-01-07,0.0,318.4,14.19,-2.25,520.0,0.7143439561074212
2003-01-08,0.0,289.38,12.62,-0.87,569.81,0.6358446202714408
2003-01-09,0.0,297.15,18.86,4.13,810.17,0.5691201848108576
2003-01-10,0.0,261.3,20.73,8.53,1122.3,0.5102456829338723
2003-01-11,0.0,328.59,17.5,-0.04,600.35,0.45137118105688706
2003-01-12,0.0,242.2,11.0,0.86,640.28,0.40819654634709784
2003-01-13,0.0,136.04,6.55,1.37,669.94,0.37287184522090666
2003-01-14,0.0,295.85,11.41,-1.9,528.02,0.34539707767831357
2003-01-15,0.0,319.14,13.59,-1.73,540.53,0.31007237655212244
2003-01-16,0.0,321.32,11.96,-3.24,480.04,0.30222244296852435
2003-01-17,1.34,325.99,14.02,-1.67,542.78,0.2825976090095293
2003-01-18,0.0,301.1,6.53,-6.4,367.97,0.2668977418423332
2003-01-19,0.0,284.32,6.9,-4.89,440.0,0.25512284146693615
2003-01-20,0.0,311.18,11.5,-2.26,520.0,0.2433479410915391
2003-01-21,0.0,296.56,18.73,5.47,912.43,0.23942297429974008
2003-01-22,6.88,228.03,20.15,6.27,942.77,0.25512284146693615
2003-01-23,10.09,152.23,7.91,0.35,627.99,0.2943725093849263
2003-01-24,0.0,316.0,3.84,-9.25,300.07,0.3218472769275194
2003-01-25,0.0,333.78,5.71,-8.67,320.0,0.3571719780537106
2003-01-26,0.0,300.38,9.44,-2.71,503.01,0.39642164597170076
2003-01-27,0.0,306.74,11.26,-1.28,561.18,0.39642164597170076
2003-01-28,0.0,335.39,9.53,-4.72,440.0,0.36894687842910767
2003-01-29,0.0,369.16,16.22,-1.8,535.39,0.3414721108865145
2003-01-30,0.0,339.91,20.66,5.17,877.81,0.3218472769275194
2003-01-31,0.0,310.48,18.14,5.17,893.35,0.30222244296852435
2003-02-01,0.0,211.49,11.65,4.04,802.83,0.29044754259312733
2003-02-02,0.0,350.27,17.08,1.52,681.27,0.2865225758013283
2003-02-03,0.0,377.75,21.5,2.56,690.97,0.2708227086341322
2003-02-04,2.0,330.78,20.89,6.5,946.77,0.2629727750505342
2003-02-05,0.0,383.1,18.77,0.17,593.27,0.25119787467513716
2003-02-06,10.12,229.77,15.0,3.03,762.39,0.2433479410915391
2003-02-07,10.03,109.36,9.15,4.49,839.24,0.2865225758013283
2003-02-08,0.0,239.05,10.14,2.0,720.0,0.3375471440947155
2003-02-09,0.44,286.45,12.51,2.0,720.0,0.3650219116373086
2003-02-10,7.0,243.14,15.88,3.89,805.82,0.435671313889691
2003-02-11,0.0,385.83,15.78,-0.36,600.0,0.49062084897487723
2003-02-12,0.0,391.3,16.92,-0.01,600.0,0.4866958821830782
2003-02-13,0.0,393.54,18.77,1.5,680.0,0.4866958821830782
2003-02-14,0.0,404.68,19.0,0.74,639.96,0.4631460814322841
2003-02-15,0.0,370.76,21.07,5.65,915.64,0.435671313889691
2003-02-16,21.07,258.49,23.53,9.67,1213.76,0.4121215131388969
2003-02-17,17.42,236.96,13.01,1.93,708.92,0.5180956165174704
2003-02-18,0.0,226.59,8.83,1.62,689.36,0.6162197863124458
2003-02-19,0.0,366.17,14.42,1.0,640.0,0.7614435576090094
2003-02-20,0.0,369.86,18.22,4.34,827.48,0.8320929598613916
2003-02-21,0.0,287.58,18.69,8.96,1156.86,0.8360179266531909
2003-02-22,9.21,196.73,19.99,11.22,1337.79,0.8163930926941957
2003-02-23,11.03,287.43,20.99,6.5,960.0,0.8046181923187986
2003-02-24,0.0,420.36,18.33,1.56,684.69,0.7810683915680044
2003-02-25,0.0,405.53,22.09,6.02,921.99,0.875267594571181
2003-02-26,0.0,353.27,21.01,8.41,1112.55,0.8438678602367888
2003-02-27,16.15,150.63,12.51,6.5,959.98,0.8831175281547788
2003-02-28,0.0,184.36,9.62,4.43,834.16,1.0008665319087495
2003-03-01,19.4,198.37,13.86,6.18,934.23,1.1382403696217152
2003-03-02,25.53,192.9,16.94,9.51,1200.78,1.5150371816344208
2003-03-03,0.0,357.17,16.72,5.65,915.5,1.6445610857637885
2003-03-04,7.92,203.27,15.11,7.52,1041.52,1.8957589604389253
2003-03-05,1.23,261.99,17.25,10.07,1245.32,1.9546334623159107
2003-03-06,13.44,240.84,23.62,14.11,1608.95,1.774084989893156
2003-03-07,24.5,265.9,21.27,11.07,1325.81,2.052757632110886
2003-03-08,0.9,346.19,16.15,6.61,968.88,2.460954178457984
2003-03-09,0.0,376.98,18.5,7.78,1062.16,3.1988479353161994
2003-03-10,0.0,431.0,22.0,8.12,1089.51,3.2027729021079985
2003-03-11,0.0,464.38,24.5,7.77,1061.29,2.7200019867167193
2003-03-12,0.0,457.57,24.43,8.32,1105.75,2.1430318683222636
2003-03-13,3.59,316.07,25.93,12.73,1458.67,1.6406361189719894
2003-03-14,8.62,270.0,23.44,13.1,1495.96,1.307013941669073
2003-03-15,21.31,280.28,19.07,8.87,1149.69,1.2245896390412936
2003-03-16,27.52,162.88,13.96,8.91,1152.57,2.0292078313600923
2003-03-17,10.19,197.98,17.27,11.1,1327.62,3.4068711752815477
2003-03-18,15.42,167.58,18.21,13.15,1503.62,4.827709153912791
2003-03-19,11.58,225.06,21.62,14.5,1640.11,5.887450187698526
2003-03-20,19.61,252.9,23.29,15.0,1706.69,5.887450187698526
2003-03-21,26.02,303.7,25.59,14.81,1687.79,6.476195206468379
2003-03-22,0.0,496.57,26.51,10.28,1262.44,7.732184579844065
2003-03-23,0.0,474.19,24.93,10.85,1308.34,7.300438232746172
2003-03-24,0.0,479.08,24.22,9.93,1234.69,5.651952180190586
2003-03-25,0.0,511.32,25.48,8.43,1114.35,4.1212151313889684
2003-03-26,0.0,492.21,26.5,11.0,1320.07,2.9790497949754546
2003-03-27,0.0,429.27,25.5,13.96,1596.88,2.194056436615651
2003-03-28,2.07,312.16,24.0,15.03,1722.72,1.573911683511406
2003-03-29,0.0,458.25,26.42,13.43,1543.89,1.1735650707479062
2003-03-30,3.07,397.5,26.47,7.89,1071.55,1.0008665319087495
2003-03-31,3.0,354.62,12.67,1.38,670.55,0.887042494946578
2003-04-01,0.0,504.43,16.09,1.76,701.15,0.7771434247762055
2003-04-02,0.0,509.81,23.0,7.18,1014.02,0.6947191221484261
2003-04-03,0.0,515.81,25.5,8.49,1118.82,0.6122948195206468
2003-04-04,0.0,495.55,26.5,10.54,1283.57,0.5298705168928673
2003-04-05,0.0,443.96,27.08,13.8,1583.89,0.443521247473289
2003-04-06,4.88,346.66,27.24,15.98,1798.28,0.38464674559630374
2003-04-07,23.19,244.0,25.53,16.86,1913.12,0.3650219116373086
2003-04-08,10.64,324.53,24.82,12.55,1444.19,0.5573452844354605
2003-04-09,26.67,163.9,15.43,10.41,1272.86,1.8722091596881314
2003-04-10,28.17,239.37,14.81,7.5,1039.99,3.3008970719029738
2003-04-11,6.04,197.77,11.67,6.01,921.03,5.298705168928674
2003-04-12,0.0,477.13,19.5,7.08,1006.74,5.6127025122725955
2003-04-13,0.0,539.27,26.5,8.85,1147.7,4.945458157666762
2003-04-14,0.0,530.2,27.97,10.54,1283.21,3.8778671902974295
2003-04-15,0.0,506.76,27.43,11.54,1363.26,2.8573758244296847
2003-04-16,0.0,498.21,26.5,11.1,1328.26,1.9193087611897195
2003-04-17,0.0,478.13,26.43,11.9,1391.68,1.2677642737510826
2003-04-18,4.52,295.89,27.0,15.8,1789.39,0.9930165983251514
2003-04-19,0.0,387.86,26.53,15.63,1770.62,0.8438678602367888
2003-04-20,0.0,320.29,23.64,15.24,1739.27,0.7614435576090094
2003-04-21,0.0,390.24,24.57,14.06,1604.74,0.6593944210222349
2003-04-22,0.0,392.78,25.59,14.98,1714.51,0.5573452844354605
2003-04-23,0.0,508.57,24.34,9.05,1163.99,0.4592211146404851
2003-04-24,0.0,515.35,23.41,8.0,1079.71,0.37287184522090666
2003-04-25,1.1,352.2,23.0,13.99,1599.11,0.31399734334392143
2003-04-26,17.33,270.94,23.64,14.54,1646.33,0.3336221773029165
2003-04-27,0.0,482.0,26.49,12.52,1441.6,0.34539707767831357
2003-04-28,0.0,472.57,26.97,13.36,1536.61,0.39642164597170076
2003-04-29,0.0,482.63,27.6,13.55,1564.21,0.4827709153912792
2003-04-30,0.0,483.91,29.0,14.51,1641.61,0.4945458157666762
2003-05-01,0.0,435.49,28.0,15.89,1791.22,0.43959628068149
2003-05-02,9.5,334.19,27.85,15.5,1760.0,0.3650219116373086
2003-05-03,10.02,362.74,29.5,15.22,1737.96,0.3532470112619116
2003-05-04,0.0,413.88,26.87,16.05,1808.72,0.36894687842910767
2003-05-05,0.0,397.81,29.99,19.31,2250.04,0.39642164597170076
2003-05-06,3.27,348.27,31.05,20.43,2389.11,0.447446214265088
2003-05-07,0.0,409.58,31.41,20.05,2328.44,0.4317463470978919
2003-05-08,0.0,395.4,31.5,20.67,2427.06,0.34539707767831357
2003-05-09,0.0,395.76,32.1,21.02,2483.86,0.2708227086341322
2003-05-10,0.0,431.58,33.08,20.33,2373.05,0.18839840600635285
2003-05-11,0.0,421.42,32.98,20.5,2400.0,0.12167397054576955
2003-05-12,2.96,433.45,30.86,16.77,1900.75,0.09419920300317643
2003-05-13,0.0,524.99,29.0,12.53,1442.02,0.07849933583598036
2003-05-14,0.0,478.82,27.54,13.94,1594.83,0.058874501876985265
2003-05-15,3.53,323.56,25.66,16.64,1888.35,0.043174634709789196
2003-05-16,0.63,389.81,28.18,17.91,2062.78,0.03846467455963038
2003-05-17,12.15,305.55,29.87,19.0,2200.24,0.05494953508518625
2003-05-18,20.48,292.97,29.91,19.61,2289.16,0.09027423621137741
2003-05-19,8.94,275.61,26.59,17.5,2000.44,0.11774900375397053
2003-05-20,0.0,365.26,24.59,15.79,1783.57,0.1334488709211666
2003-05-21,0.0,408.46,26.91,16.56,1884.6,0.15699867167196072
2003-05-22,36.2,286.61,27.0,17.77,2041.75,0.16484860525555872
2003-05-23,29.6,244.56,26.15,18.42,2113.76,0.45137118105688706
2003-05-24,0.0,378.18,25.19,16.3,1847.72,0.7496686572336124
2003-05-25,0.0,399.1,29.03,19.0,2200.0,0.8281679930695927
2003-05-26,0.0,433.28,30.5,19.0,2200.32,0.6593944210222349
2003-05-27,0.0,358.34,28.46,19.78,2302.21,0.49847078255847527
2003-05-28,0.0,496.81,28.02,14.59,1653.6,0.37287184522090666
2003-05-29,0.0,503.39,28.77,14.85,1695.28,0.2629727750505342
2003-05-30,0.0,531.09,29.5,13.86,1589.0,0.1609236384637597
2003-05-31,0.0,520.42,29.75,14.59,1654.09,0.09812416979497544
2003-06-01,0.0,509.6,32.06,16.76,1901.77,0.06279946866878429
2003-06-02,0.0,514.52,29.52,14.63,1660.35,0.03924966791799018
2003-06-03,9.39,339.7,30.23,19.0,2200.27,0.030222244296852437
2003-06-04,9.9,263.63,29.0,20.34,2374.33,0.03218472769275194
2003-06-05,1.42,362.49,29.73,19.61,2286.37,0.043174634709789196
2003-06-06,0.15,395.29,30.5,20.33,2372.18,0.03728718452209067
2003-06-07,25.34,225.41,29.0,21.8,2607.3,0.09027423621137741
2003-06-08,16.74,240.73,29.76,22.0,2640.0,0.6279946866878429
2003-06-09,0.0,390.65,31.22,21.31,2529.97,1.6877357204735777
2003-06-10,0.0,432.75,32.73,21.11,2496.94,2.4452543112907876
2003-06-11,0.53,419.83,33.48,21.6,2576.01,2.233306104533641
2003-06-12,29.62,314.02,32.94,21.96,2633.2,1.4208379786312444
2003-06-13,12.41,319.69,31.99,21.02,2483.22,1.07936586774473
2003-06-14,18.44,328.42,31.98,20.53,2405.31,0.9184422292809702
2003-06-15,0.0,421.52,32.52,21.52,2562.97,3.489295477909327
2003-06-16,25.53,318.8,33.49,22.11,2657.19,5.887450187698526
2003-06-17,20.85,307.52,32.0,21.5,2560.04,6.7901925498123
2003-06-18,7.64,287.04,31.5,21.93,2629.18,5.416454172682645
2003-06-19,0.0,363.42,31.5,22.5,2720.0,4.788459485994801
2003-06-20,0.0,372.66,31.87,22.56,2729.72,4.238964135142939
2003-06-21,0.0,421.09,30.48,19.86,2309.84,3.2616474039849837
2003-06-22,0.0,457.61,29.55,17.7,2032.55,2.233306104533641
2003-06-23,0.0,464.09,30.99,18.49,2118.81,1.326638775628068
2003-06-24,0.0,477.29,32.0,18.57,2130.47,0.8438678602367888
2003-06-25,0.0,469.33,31.5,18.51,2121.3,0.5573452844354605
2003-06-26,0.0,474.1,32.52,18.92,2186.48,0.37287184522090666
2003-06-27,0.0,456.49,33.0,20.07,2330.47,0.25512284146693615
2003-06-28,0.2,423.53,32.5,21.0,2480.0,0.17269853883915678
2003-06-29,10.88,274.39,30.5,21.41,2545.81,0.1334488709211666
2003-06-30,20.28,307.36,31.5,20.98,2477.21,0.27867264221773025
2003-07-01,24.02,280.56,30.8,21.64,2582.53,0.6711693213976321
2003-07-02,9.42,210.23,28.42,22.16,2666.19,1.8643592261045336
2003-07-03,13.37,276.64,30.5,21.77,2602.66,3.120348599480219
2003-07-04,0.0,392.53,31.64,22.0,2640.0,3.171373167773606
2003-07-05,10.22,302.78,31.5,21.56,2570.23,3.732643419000866
2003-07-06,0.0,417.78,32.93,22.21,2673.87,3.159598267398209
2003-07-07,10.42,289.15,32.86,23.13,2821.2,2.5276786139185674
2003-07-08,11.22,333.1,33.6,22.48,2716.94,2.0802323996534793
2003-07-09,0.0,409.11,34.39,23.45,2873.15,1.1382403696217152
2003-07-10,0.0,405.74,34.52,23.69,2925.75,0.8477928270285877
2003-07-11,0.0,413.19,34.0,23.06,2808.93,0.887042494946578
2003-07-12,0.0,416.83,33.43,22.49,2719.2,0.7535936240254114
2003-07-13,3.29,397.59,32.5,21.56,2570.04,0.5141706497256713
2003-07-14,1.43,385.55,31.32,21.19,2509.66,0.36894687842910767
2003-07-15,2.37,333.93,29.55,21.57,2571.66,0.6240697198960438
2003-07-16,0.0,403.93,31.5,21.52,2562.45,0.5573452844354605
2003-07-17,0.02,423.75,33.0,22.01,2641.13,0.49847078255847527
2003-07-18,0.0,429.44,33.3,22.0,2640.0,0.5259455501010684
2003-07-19,0.14,416.67,32.5,21.77,2603.36,0.4631460814322841
2003-07-20,21.47,361.94,31.72,21.0,2480.0,0.6005199191452497
2003-07-21,0.0,390.51,31.78,22.04,2647.02,1.106840635287323
2003-07-22,0.0,409.24,33.09,22.5,2720.0,1.4718625469246316
2003-07-23,14.36,268.11,30.37,21.93,2629.02,1.6720358533063817
2003-07-24,24.27,258.77,28.93,21.13,2500.85,1.6955856540571754
2003-07-25,26.48,282.59,29.67,21.0,2480.0,1.962483395899509
2003-07-26,28.39,279.2,30.48,21.92,2626.97,3.587419647704302
2003-07-27,3.8,264.13,30.5,22.57,2730.59,5.141706497256713
2003-07-28,0.5,397.96,32.14,22.52,2723.5,5.180956165174703
2003-07-29,6.6,329.05,33.19,22.02,2644.0,5.494953508518625
2003-07-30,0.0,448.88,33.14,21.59,2573.68,5.259455501010684
2003-07-31,0.01,422.98,32.49,22.0,2640.0,3.767968120127057
2003-08-01,6.96,296.78,31.5,22.04,2646.84,2.849525890846087
2003-08-02,9.16,286.54,31.0,22.0,2640.0,2.3275053075368177
2003-08-03,15.83,307.91,31.5,21.5,2560.0,2.03705776494369
2003-08-04,12.76,307.12,31.52,21.54,2566.86,1.8918339936471265
2003-08-05,6.28,307.57,31.3,21.35,2536.8,2.617952850129945
2003-08-06,31.19,279.77,30.97,22.21,2673.9,5.063207161420733
2003-08-07,29.77,275.6,30.93,22.42,2706.92,3.811142754836846
2003-08-08,9.77,280.69,30.5,21.89,2623.17,3.07717396477043
2003-08-09,19.81,302.89,31.0,21.43,2548.5,2.668977418423332
2003-08-10,0.0,402.76,30.88,21.4,2543.77,7.418187236500143
2003-08-11,8.12,320.92,30.84,20.5,2400.0,8.75267594571181
2003-08-12,9.43,312.19,30.87,20.96,2472.99,6.005199191452498
2003-08-13,9.41,295.75,31.08,21.8,2608.11,4.8669588218307815
2003-08-14,1.48,335.13,31.53,23.01,2801.22,4.631460814322841
2003-08-15,1.56,357.74,32.0,23.06,2810.22,6.90794155356627
2003-08-16,7.46,361.17,32.5,22.36,2698.25,5.651952180190586
2003-08-17,39.79,330.95,32.5,21.5,2560.0,4.984707825584753
2003-08-18,0.0,419.22,32.5,22.03,2645.0,4.552961478486861
2003-08-19,0.0,428.21,33.0,22.04,2646.96,4.788459485994801
2003-08-20,0.0,406.69,32.57,22.47,2714.8,4.8669588218307815
2003-08-21,0.0,391.13,31.95,22.5,2720.07,3.489295477909327
2003-08-22,0.0,377.55,31.01,22.12,2659.25,2.3785298758302047
2003-08-23,0.0,401.67,32.0,22.07,2650.79,1.5268120820098179
2003-08-24,0.0,408.11,33.0,22.57,2730.56,1.2677642737510826
2003-08-25,5.03,324.21,33.01,22.89,2782.34,1.098990701703725
2003-08-26,0.0,419.96,33.81,22.5,2720.0,0.8438678602367888
2003-08-27,0.0,415.03,34.0,22.8,2767.72,0.6593944210222349
2003-08-28,0.0,417.28,34.0,22.63,2741.28,0.6162197863124458
2003-08-29,0.0,410.22,33.46,22.48,2717.13,0.6319196534796419
2003-08-30,2.84,304.11,32.83,22.4,2704.11,0.6240697198960438
2003-08-31,0.0,384.19,33.0,23.0,2800.32,0.5455703840600634
2003-09-01,2.06,377.62,32.5,22.56,2729.71,0.5416454172682644
2003-09-02,5.5,290.87,32.07,22.05,2647.27,0.6593944210222349
2003-09-03,0.0,389.69,32.29,22.08,2652.75,0.6515444874386369
2003-09-04,0.0,390.31,32.5,22.18,2668.65,0.7143439561074212
2003-09-05,39.63,280.6,32.01,22.28,2684.68,0.8006932255269996
2003-09-06,31.53,252.53,27.97,20.01,2321.78,1.3187888420444698
2003-09-07,8.89,151.97,22.68,18.44,2114.85,2.245081004909038
2003-09-08,17.23,176.07,23.97,18.98,2196.18,3.1831480681490034
2003-09-09,0.0,321.44,26.27,19.05,2207.88,3.924966791799018
2003-09-10,0.0,376.14,27.52,18.59,2133.82,4.670710482240831
2003-09-11,0.0,409.45,27.5,17.39,1982.53,4.081965463470978
2003-09-12,0.0,419.83,28.0,17.32,1971.29,3.0693240311868317
2003-09-13,0.0,430.85,29.0,17.5,1999.54,2.0684574992780824
2003-09-14,0.0,429.85,30.5,18.55,2129.76,1.2756142073346808
2003-09-15,0.0,424.97,31.0,19.01,2201.78,0.87919256136298
2003-09-16,0.0,424.44,31.05,18.95,2192.02,0.663319387814034
2003-09-17,0.0,434.78,29.5,17.16,1945.36,0.5102456829338723
2003-09-18,0.0,449.51,29.49,16.18,1829.31,0.3807217788045047
2003-09-19,0.0,469.19,30.83,15.53,1762.28,0.2943725093849263
2003-09-20,0.0,463.63,31.48,16.04,1808.05,0.23157304071614204
2003-09-21,0.0,411.83,31.5,18.93,2189.53,0.18054847242275482
2003-09-22,0.0,361.36,31.46,21.0,2479.92,0.14522377129656366
2003-09-23,12.3,244.81,29.51,20.6,2416.17,0.1295239041293676
2003-09-24,0.0,396.86,29.0,17.41,1985.96,0.16877357204735774
2003-09-25,0.0,413.34,28.99,16.5,1872.64,0.16877357204735774
2003-09-26,0.0,363.49,28.5,18.22,2094.95,0.1766235056309558
2003-09-27,0.0,327.35,29.49,20.34,2374.76,0.18447343921455384
2003-09-28,0.0,350.65,29.18,19.2,2232.27,0.15699867167196072
2003-09-29,0.0,455.6,25.82,10.99,1319.18,0.12167397054576955
2003-09-30,0.0,448.46,23.5,9.41,1192.99,0.09419920300317643
2003-10-01,0.0,454.15,24.98,9.82,1225.35,0.07849933583598036
2003-10-02,0.0,433.96,24.73,10.72,1297.45,0.0667244354605833
2003-10-03,0.0,430.84,23.42,9.61,1208.88,0.05494953508518625
2003-10-04,0.0,437.34,25.4,10.44,1274.84,0.043174634709789196
2003-10-05,0.0,442.67,28.5,11.87,1389.66,0.04709960150158821
2003-10-06,0.0,407.18,28.14,13.82,1585.96,0.09812416979497544
2003-10-07,6.19,206.3,25.52,17.2,1952.11,0.09419920300317643
2003-10-08,2.92,216.79,25.46,17.03,1928.96,0.08634926941957839
2003-10-09,2.85,205.86,24.9,17.41,1985.41,0.1098990701703725
2003-10-10,0.0,269.01,25.4,17.07,1932.1,0.18054847242275482
2003-10-11,0.0,212.53,24.22,17.86,2057.84,0.23549800750794106
2003-10-12,0.0,255.96,25.0,17.16,1945.78,0.219798140340745
2003-10-13,2.8,237.74,25.9,15.97,1805.95,0.1766235056309558
2003-10-14,3.08,249.93,27.0,15.84,1791.21,0.14129880450476465
2003-10-15,0.0,413.38,25.43,9.61,1208.81,0.12167397054576955
2003-10-16,0.0,419.86,24.5,7.95,1076.1,0.10204913658677446
2003-10-17,3.29,369.7,26.0,10.19,1255.45,0.08634926941957839
2003-10-18,0.0,370.11,25.43,11.84,1386.82,0.18054847242275482
2003-10-19,0.0,394.13,24.48,9.26,1180.64,0.4317463470978919
2003-10-20,0.0,396.12,25.5,9.7,1216.05,0.47492098180768116
2003-10-21,0.0,392.7,28.0,11.49,1359.28,0.2865225758013283
2003-10-22,0.0,374.89,28.5,12.94,1475.5,0.21194820675714693
2003-10-23,0.0,403.59,27.02,8.78,1142.35,0.1530737048801617
2003-10-24,0.0,377.7,25.99,9.98,1238.13,0.1098990701703725
2003-10-25,0.0,368.44,26.56,10.87,1309.51,0.07849933583598036
2003-10-26,0.0,302.27,26.67,14.85,1694.84,0.058874501876985265
2003-10-27,8.45,165.91,25.36,17.2,1951.48,0.05102456829338723
2003-10-28,36.04,140.55,22.28,15.68,1776.47,0.1530737048801617
2003-10-29,54.43,204.8,21.14,11.29,1343.1,0.9537669304071613
2003-10-30,0.0,345.35,24.5,10.19,1255.3,2.2961055732024254
2003-10-31,0.0,349.44,26.0,10.95,1315.91,3.4657456771585324
2003-11-01,0.0,350.03,27.0,11.43,1354.55,2.869150724805082
2003-11-02,0.0,354.29,27.5,11.18,1334.47,1.9389335951487148
2003-11-03,0.0,314.74,27.26,13.78,1581.43,1.1617901703725093
2003-11-04,2.41,193.48,27.0,18.54,2134.01,0.8163930926941957
2003-11-05,4.27,149.49,28.88,21.0,2479.79,0.6907941553566271
2003-11-06,0.0,219.41,28.5,19.75,2301.91,0.675094288189431
2003-11-07,0.0,245.11,28.19,18.21,2097.39,0.6358446202714408
2003-11-08,0.0,193.7,24.43,17.07,1939.66,0.5926699855616516
2003-11-09,0.0,256.26,20.59,10.83,1306.62,0.5494953508518625
2003-11-10,0.0,231.22,15.97,7.55,1044.01,0.4827709153912792
2003-11-11,0.0,312.19,20.92,7.66,1053.06,0.4317463470978919
2003-11-12,0.0,329.95,25.91,10.04,1243.24,0.3807217788045047
2003-11-13,0.0,296.38,26.0,12.49,1439.17,0.32969721051111744
2003-11-14,0.0,365.21,19.42,0.34,626.11,0.27474767542593126
2003-11-15,0.0,335.43,17.98,2.33,720.67,0.23157304071614204
2003-11-16,0.0,339.47,23.69,6.37,949.8,0.20409827317354892
2003-11-17,0.0,307.11,26.02,11.01,1320.72,0.18447343921455384
2003-11-18,0.0,290.83,27.0,12.93,1474.93,0.1766235056309558
2003-11-19,11.33,188.36,26.33,14.98,1709.86,0.18839840600635285
2003-11-20,0.0,317.74,21.97,6.54,963.35,0.22764807392434303
2003-11-21,0.0,330.33,22.0,5.1,887.71,0.219798140340745
2003-11-22,0.0,334.85,23.5,5.49,915.99,0.223723107132544
2003-11-23,0.0,326.91,24.0,6.61,968.71,0.2433479410915391
2003-11-24,0.82,293.42,23.66,7.59,1047.56,0.2668977418423332
2003-11-25,0.0,339.71,20.99,1.93,706.68,0.25512284146693615
2003-11-26,0.0,280.97,16.88,3.83,804.17,0.22764807392434303
2003-11-27,0.0,239.85,21.29,10.18,1254.41,0.20409827317354892
2003-11-28,8.64,208.78,23.9,9.72,1217.7,0.2001733063817499
2003-11-29,0.0,339.45,21.66,0.76,640.0,0.21194820675714693
2003-11-30,0.0,284.67,12.03,-1.62,550.4,0.1962483395899509
2003-12-01,0.0,322.77,17.5,-0.6,587.66,0.18447343921455384
2003-12-02,0.0,311.57,18.53,1.4,671.37,0.18054847242275482
2003-12-03,0.0,284.56,15.3,1.01,648.3,0.17269853883915678
2003-12-04,11.39,141.0,12.87,4.54,844.05,0.20409827317354892
2003-12-05,4.04,112.11,10.8,4.35,832.34,0.3061474097603234
2003-12-06,0.0,224.53,10.65,0.47,633.87,0.3414721108865145
2003-12-07,0.0,275.85,12.06,-1.67,542.98,0.3767968120127057
2003-12-08,0.0,293.49,14.02,-1.72,541.8,0.36894687842910767
2003-12-09,0.0,309.99,17.5,-0.76,579.84,0.3336221773029165
2003-12-10,5.27,204.28,18.5,3.58,792.74,0.31007237655212244
2003-12-11,9.57,210.53,17.5,1.91,711.84,0.32577224371931846
2003-12-12,0.0,264.58,13.09,-0.72,582.31,0.32577224371931846
2003-12-13,0.0,240.51,13.88,1.73,697.88,0.31007237655212244
2003-12-14,13.94,133.12,12.31,4.05,815.49,0.36109694484550964
2003-12-15,0.0,222.12,10.42,-0.07,600.54,0.443521247473289
2003-12-16,0.0,287.06,16.13,0.51,632.91,0.5141706497256713
2003-12-17,0.9,275.03,17.34,2.67,736.16,0.5573452844354605
2003-12-18,0.0,261.93,13.77,0.48,634.16,0.5377204504764654
2003-12-19,0.0,263.09,14.37,0.89,643.9,0.47884594859948015
2003-12-20,0.0,244.52,9.97,-1.83,533.89,0.4160464799306958
2003-12-21,0.0,290.46,10.5,-4.84,440.0,0.3571719780537106
2003-12-22,0.0,307.94,13.57,-3.87,453.31,0.3061474097603234
2003-12-23,0.0,319.37,19.24,-0.74,581.09,0.2708227086341322
2003-12-24,0.15,280.95,19.61,4.19,824.07,0.25512284146693615
2003-12-25,0.0,312.82,17.0,-1.55,552.45,0.2433479410915391
2003-12-26,0.0,280.97,11.33,-3.2,481.36,0.23549800750794106
2003-12-27,0.0,318.91,16.4,-3.16,481.71,0.2433479410915391
2003-12-28,0.0,322.09,18.5,-2.05,526.56,0.223723107132544
2003-12-29,0.0,304.54,19.08,1.05,651.9,0.20409827317354892
2003-12-30,1.61,221.48,18.03,5.97,930.76,0.1962483395899509
2003-12-31,0.0,310.64,18.06,-0.38,595.0,0.18839840600635285
2004-01-01,0.0,325.91,19.5,-0.87,570.31,0.1766235056309558
2004-01-02,0.0,315.53,20.4,1.57,685.58,0.16877357204735774
2004-01-03,0.0,297.69,21.95,5.02,881.85,0.16484860525555872
2004-01-04,0.0,254.93,24.64,11.07,1325.42,0.16484860525555872
2004-01-05,0.0,235.57,25.38,13.11,1502.62,0.1609236384637597
2004-01-06,1.94,315.5,24.59,4.83,862.35,0.16484860525555872
2004-01-07,0.0,279.15,10.16,-3.42,475.33,0.15699867167196072
2004-01-08,0.0,294.8,9.65,-5.08,430.04,0.14522377129656366
2004-01-09,6.28,173.09,10.7,0.25,620.46,0.15699867167196072
2004-01-10,6.33,146.28,8.07,0.4,625.93,0.22764807392434303
2004-01-11,0.0,253.61,7.66,-3.81,455.38,0.2590478082587352
2004-01-12,0.0,287.8,11.4,-2.51,519.13,0.2629727750505342
2004-01-13,0.0,304.43,17.0,1.3,663.65,0.2708227086341322
2004-01-14,0.0,311.38,18.02,1.68,694.67,0.2590478082587352
2004-01-15,0.0,290.96,18.9,4.36,829.37,0.23549800750794106
2004-01-16,0.0,316.77,17.13,0.68,641.6,0.219798140340745
2004-01-17,0.0,299.65,15.65,1.01,641.14,0.2080232399653479
2004-01-18,2.0,239.99,18.24,7.35,1028.39,0.1962483395899509
2004-01-19,0.0,315.34,20.5,4.16,819.81,0.19232337279815187
2004-01-20,0.0,287.58,11.14,-1.9,530.46,0.18839840600635285
2004-01-21,0.0,319.99,12.0,-3.42,480.0,0.23549800750794106
2004-01-22,0.0,338.39,14.73,-2.49,520.0,0.27867264221773025
2004-01-23,0.0,303.96,14.67,0.58,639.88,0.23942297429974008
2004-01-24,0.0,310.65,15.57,1.05,643.88,0.223723107132544
2004-01-25,5.8,239.48,19.9,4.36,830.77,0.25119787467513716
2004-01-26,24.84,151.28,11.22,3.14,769.53,0.31399734334392143
2004-01-27,44.28,140.45,8.53,1.24,661.66,1.0283412994513426
2004-01-28,0.0,276.51,9.06,-2.36,519.19,1.6524110193473864
2004-01-29,0.0,333.46,10.59,-4.47,440.0,2.3275053075368177
2004-01-30,0.0,338.63,14.04,-1.58,553.32,2.252930938492636
2004-01-31,0.0,280.55,13.5,2.1,720.0,1.7976347906439498
2004-02-01,0.0,251.42,11.95,2.38,720.15,1.310938908460872
2004-02-02,3.89,150.68,11.16,4.13,812.68,0.9694667975743574
2004-02-03,1.91,268.59,13.95,2.84,749.61,0.8399428934449898
2004-02-04,0.0,363.6,14.78,-1.15,561.09,0.7614435576090094
2004-02-05,0.0,324.67,16.64,3.71,799.05,0.7143439561074212
2004-02-06,14.23,205.86,19.86,9.48,1198.63,0.675094288189431
2004-02-07,23.24,285.01,22.43,4.56,844.81,0.8046181923187986
2004-02-08,0.0,339.97,11.94,-1.17,561.37,0.9733917643661564
2004-02-09,0.0,285.96,12.16,1.9,711.99,1.1971148714987003
2004-02-10,0.0,256.13,14.73,5.73,920.0,1.2991640080854747
2004-02-11,8.5,184.9,15.4,6.94,995.2,1.2363645394166904
2004-02-12,18.47,151.87,13.49,6.94,995.03,1.1853399711233032
2004-02-13,15.38,131.49,10.93,5.59,920.0,1.2834641409182788
2004-02-14,18.51,157.91,12.89,6.48,958.6,1.781934923476754
2004-02-15,14.39,144.04,11.83,6.28,942.78,3.0457742304360376
2004-02-16,0.0,350.49,15.68,4.1,808.79,4.160464799306959
2004-02-17,3.69,181.15,8.45,1.66,693.11,4.749209818076811
2004-02-18,0.0,314.87,9.16,0.07,606.15,4.356713138896909
2004-02-19,0.0,433.5,16.55,-0.47,600.0,3.4186460756569446
2004-02-20,0.0,438.95,19.58,1.5,680.0,2.582628149003754
2004-02-21,0.0,429.25,21.57,4.51,841.08,1.8839840600635285
2004-02-22,0.0,449.83,21.55,2.0,720.0,1.3698134103378572
2004-02-23,0.0,436.29,20.72,3.53,800.0,1.095065734911926
2004-02-24,1.94,326.71,19.34,8.09,1087.54,0.9537669304071613
2004-02-25,17.47,234.74,15.27,6.22,938.12,0.8556427606121859
2004-02-26,31.95,193.61,8.92,2.0,720.0,1.2285146058330925
2004-02-27,0.0,199.46,5.95,0.93,643.93,2.0959322668206757
2004-02-28,0.0,328.15,8.78,0.03,604.06,3.2380976032341895
2004-02-29,0.0,478.48,18.5,-0.97,562.27,3.924966791799018
2004-03-01,0.0,448.19,21.5,5.23,898.58,3.587419647704302
2004-03-02,0.0,425.65,24.0,9.0,1160.0,2.629727750505342
2004-03-03,0.0,441.43,26.44,9.5,1200.0,1.7976347906439498
2004-03-04,0.0,401.32,26.87,12.84,1466.81,1.307013941669073
2004-03-05,0.0,367.03,27.04,15.0,1720.08,1.0754409009529309
2004-03-06,0.0,348.94,26.51,15.51,1760.83,0.9419920300317642
2004-03-07,0.0,426.36,25.84,10.97,1317.25,0.8517177938203869
2004-03-08,0.0,476.36,25.34,6.52,961.83,0.7535936240254114
2004-03-09,0.0,470.9,18.0,1.5,680.0,0.655469454230436
2004-03-10,1.44,377.64,15.24,3.13,770.36,0.6122948195206468
2004-03-11,0.0,465.57,15.6,0.0,600.0,0.5848200519780536
2004-03-12,0.0,476.03,20.94,3.54,795.96,0.5612702512272595
2004-03-13,0.0,491.55,22.03,2.77,741.84,0.5023957493502743
2004-03-14,0.0,456.29,22.57,6.04,923.36,0.45529614784868605
2004-03-15,0.0,400.4,25.62,11.8,1384.07,0.4003466127634998
2004-03-16,0.0,342.88,25.64,14.34,1632.7,0.36894687842910767
2004-03-17,0.0,416.51,21.93,7.81,1064.99,0.3571719780537106
2004-03-18,0.0,476.1,23.26,5.01,880.96,0.3375471440947155
2004-03-19,0.0,480.09,27.49,7.77,1061.23,0.3179223101357204
2004-03-20,0.0,429.05,27.42,11.55,1364.06,0.27867264221773025
2004-03-21,0.0,421.67,25.61,10.64,1291.5,0.25119787467513716
2004-03-22,0.0,519.2,24.64,2.45,726.91,0.22764807392434303
2004-03-23,0.0,452.13,15.48,0.32,624.39,0.1962483395899509
2004-03-24,0.0,467.7,17.78,1.64,690.97,0.17269853883915678
2004-03-25,0.0,448.11,22.59,6.95,996.36,0.15699867167196072
2004-03-26,0.0,438.93,24.48,8.99,1159.31,0.14914873808836268
2004-03-27,0.0,445.17,25.5,9.38,1190.14,0.14914873808836268
2004-03-28,0.0,456.69,28.0,10.52,1281.6,0.14129880450476465
2004-03-29,0.0,453.36,28.34,10.86,1308.84,0.13737383771296563
2004-03-30,5.17,307.82,23.04,8.91,1152.95,0.12559893733756858
2004-03-31,0.0,406.36,21.32,7.7,1055.78,0.11774900375397053
2004-04-01,0.0,446.78,19.63,4.37,829.31,0.11774900375397053
2004-04-02,0.0,447.17,19.84,4.63,850.17,0.1098990701703725
2004-04-03,0.0,467.46,21.6,5.1,888.39,0.09812416979497544
2004-04-04,0.0,469.02,23.55,6.66,972.96,0.08634926941957839
2004-04-05,0.0,507.78,22.93,3.43,788.76,0.07849933583598036
2004-04-06,0.0,490.97,22.44,4.2,816.02,0.07064940225238232
2004-04-07,0.0,485.88,25.5,7.21,1016.67,0.058874501876985265
2004-04-08,0.0,394.64,25.64,12.17,1413.51,0.05494953508518625
2004-04-09,2.75,394.66,26.77,11.83,1386.58,0.058874501876985265
2004-04-10,0.0,472.55,28.74,10.84,1307.58,0.05494953508518625
2004-04-11,0.0,446.97,29.5,13.0,1480.07,0.05102456829338723
2004-04-12,0.0,329.38,28.5,17.45,1992.2,0.05494953508518625
2004-04-13,4.31,265.77,25.5,14.02,1602.35,0.09419920300317643
2004-04-14,6.65,359.53,20.72,5.49,914.42,0.14914873808836268
2004-04-15,0.0,471.13,19.11,3.33,786.17,0.13737383771296563
2004-04-16,0.0,524.47,24.99,4.95,875.51,0.11774900375397053
2004-04-17,0.0,515.19,27.3,7.5,1039.91,0.08634926941957839
2004-04-18,0.0,501.86,28.5,9.46,1195.49,0.0667244354605833
2004-04-19,0.0,485.18,28.92,10.86,1308.53,0.04709960150158821
2004-04-20,0.0,439.4,29.01,13.42,1547.02,0.03218472769275194
2004-04-21,0.0,435.2,29.5,14.2,1616.68,0.023157304071614204
2004-04-22,0.0,433.85,29.0,13.91,1592.89,0.01805484724227548
2004-04-23,0.0,432.29,29.5,14.45,1638.52,0.013737383771296562
2004-04-24,0.0,444.46,31.0,15.11,1728.22,0.010989907017037248
2004-04-25,0.0,446.44,30.45,14.6,1655.4,0.00902742362113774
2004-04-26,0.0,370.9,28.61,16.4,1860.05,0.007457436904418133
2004-04-27,17.4,317.09,26.72,12.82,1471.28,0.008242430262777937
2004-04-28,0.0,500.64,24.37,7.13,994.52,0.00667244354605833
2004-04-29,0.0,413.42,25.06,11.86,1387.66,0.005887450187698527
2004-04-30,0.0,344.3,26.02,15.32,1745.81,0.006279946866878429
2004-05-01,13.63,221.88,26.54,17.5,2000.0,0.01334488709211666
2004-05-02,14.9,252.09,28.0,17.56,2009.89,0.03610969448455096
2004-05-03,25.62,308.05,26.77,13.89,1591.38,0.14522377129656366
2004-05-04,0.0,475.15,23.47,8.36,1108.4,0.18054847242275482
2004-05-05,0.0,485.62,24.07,8.5,1120.09,0.2472729078833381
2004-05-06,0.0,496.0,29.47,12.41,1432.15,0.25119787467513716
2004-05-07,0.0,500.41,32.5,14.5,1627.97,0.14914873808836268
2004-05-08,0.0,496.2,32.95,15.1,1651.49,0.09812416979497544
2004-05-09,0.0,480.21,32.37,15.5,1715.51,0.0667244354605833
2004-05-10,0.0,455.02,29.5,14.52,1635.15,0.03885717123881028
2004-05-11,2.22,337.65,28.4,17.05,1927.47,0.02825976090095293
2004-05-12,7.02,208.93,27.09,18.92,2187.62,0.058874501876985265
2004-05-13,0.0,345.14,28.38,18.0,2080.0,0.12167397054576955
2004-05-14,0.0,402.36,29.5,17.04,1899.73,0.11774900375397053
2004-05-15,0.0,411.33,29.5,16.89,1812.4,0.08634926941957839
2004-05-16,0.0,413.1,29.5,17.08,1767.87,0.06279946866878429
2004-05-17,0.0,406.13,29.5,17.5,1825.73,0.05494953508518625
2004-05-18,0.0,399.78,29.5,17.91,1867.51,0.03257722437193185
2004-05-19,0.0,416.52,29.5,17.5,1785.85,0.02001733063817499
2004-05-20,0.0,427.84,31.05,18.49,1864.1,0.012559893733756858
2004-05-21,0.0,439.81,32.03,18.92,1883.8,0.00902742362113774
2004-05-22,0.0,440.36,33.04,19.77,1974.3,0.00667244354605833
2004-05-23,0.0,454.62,33.96,20.0,1961.09,0.00431746347097892
2004-05-24,0.0,458.65,33.65,19.64,1914.7,0.00431746347097892
2004-05-25,0.0,478.36,34.49,19.51,1839.11,0.0036894687842910765
2004-05-26,0.0,478.86,34.95,20.01,1765.51,0.0035717197805371064
2004-05-27,0.0,480.63,35.0,20.5,1492.41,0.002786726422177302
2004-05-28,0.0,459.39,34.5,21.05,1604.13,0.0030222244296852436
2004-05-29,0.0,430.1,33.4,21.21,1710.58,0.002629727750505342
2004-05-30,0.0,434.86,33.98,21.5,1720.11,0.0025512284146693614
2004-05-31,0.0,430.25,35.0,22.43,1820.66,0.002786726422177302
2004-06-01,1.35,447.59,33.07,19.64,1514.89,0.0026689774184233323
2004-06-02,0.0,435.63,32.21,19.8,1575.03,0.0025904780825873517
2004-06-03,0.0,456.82,33.5,20.18,1546.8,0.0023157304071614202
2004-06-04,0.0,432.31,32.56,20.35,1634.13,0.002433479410915391
2004-06-05,0.0,430.42,32.0,20.05,1614.93,0.0022764807392434304
2004-06-06,0.0,464.7,32.85,19.69,1482.83,0.0025119787467513715
2004-06-07,16.52,335.93,32.89,20.05,1867.93,0.003100723765521224
2004-06-08,0.26,441.85,33.0,20.5,1786.75,0.002747476754259312
2004-06-09,0.11,351.1,30.5,21.35,2145.32,0.0025512284146693614
2004-06-10,14.93,268.83,30.52,21.0,2345.65,0.002786726422177302
2004-06-11,7.16,319.49,33.33,21.49,2346.87,0.002786726422177302
2004-06-12,0.0,431.38,34.69,22.21,2179.25,0.0028652257580132827
2004-06-13,25.08,313.82,34.36,22.01,2477.33,0.006279946866878429
2004-06-14,40.14,245.01,30.2,21.5,2560.0,0.010989907017037248
2004-06-15,8.88,255.12,31.06,21.9,2624.19,0.02629727750505342
2004-06-16,3.68,308.0,31.24,22.0,2640.0,0.03924966791799018
2004-06-17,4.21,277.12,32.13,22.0,2640.0,0.1962483395899509
2004-06-18,0.0,386.5,33.5,22.57,2731.08,0.20409827317354892
2004-06-19,0.0,398.94,34.52,22.97,2790.97,0.14129880450476465
2004-06-20,0.0,387.48,34.0,23.0,2799.11,0.1295239041293676
2004-06-21,8.03,306.44,31.59,22.5,2720.0,0.11382403696217151
2004-06-22,37.76,271.74,30.98,21.53,2565.4,0.1295239041293676
2004-06-23,6.56,302.9,32.49,21.5,2560.0,0.18054847242275482
2004-06-24,20.49,304.48,32.45,21.5,2560.0,0.23549800750794106
2004-06-25,6.88,307.02,32.5,21.5,2560.0,0.39642164597170076
2004-06-26,3.41,297.11,31.85,21.5,2560.0,0.6436945538550388
2004-06-27,0.0,409.0,31.21,20.64,2422.02,0.6358446202714408
2004-06-28,0.0,417.47,32.01,21.02,2483.42,0.47492098180768116
2004-06-29,0.0,412.61,32.4,21.53,2565.07,0.3061474097603234
2004-06-30,10.7,303.86,32.36,21.85,2616.3,0.21194820675714693
2004-07-01,14.13,307.71,31.48,21.0,2480.69,0.223723107132544
2004-07-02,10.16,282.79,30.69,21.53,2564.03,0.49062084897487723
2004-07-03,4.39,311.09,31.17,21.5,2560.0,0.7967682587352005
2004-07-04,0.0,384.21,32.02,22.48,2716.43,0.7261188564828183
2004-07-05,0.0,428.6,33.92,22.5,2720.41,0.7732184579844065
2004-07-06,0.0,435.33,35.0,23.07,2811.17,0.6201447531042449
2004-07-07,0.0,459.88,35.5,22.36,2697.28,0.3650219116373086
2004-07-08,0.0,460.01,34.29,21.5,2560.0,0.23157304071614204
2004-07-09,0.0,438.98,34.17,22.21,2673.29,0.15699867167196072
2004-07-10,0.0,428.04,34.45,22.79,2766.72,0.10597410337857346
2004-07-11,0.5,446.02,35.25,22.5,2720.0,0.07064940225238232
2004-07-12,0.0,449.95,35.0,22.28,2684.52,0.04709960150158821
2004-07-13,0.0,426.27,34.67,23.0,2800.0,0.023942297429974006
2004-07-14,0.0,418.27,35.5,23.82,2956.25,0.013737383771296562
2004-07-15,0.0,439.19,35.5,22.93,2788.27,0.007849933583598036
2004-07-16,0.42,463.95,33.98,20.35,2375.93,0.005102456829338723
2004-07-17,0.0,424.87,33.0,21.49,2558.89,0.005102456829338723
2004-07-18,0.0,408.67,32.29,21.5,2559.38,0.005887450187698527
2004-07-19,4.1,372.61,31.36,21.3,2527.4,0.00667244354605833
2004-07-20,0.0,452.95,33.5,20.72,2435.6,0.009812416979497545
2004-07-21,0.0,463.06,33.98,20.53,2404.75,0.011382403696217151
2004-07-22,0.0,446.06,34.41,21.48,2557.14,0.010989907017037248
2004-07-23,0.0,437.3,34.81,22.07,2650.91,0.01334488709211666
2004-07-24,0.0,414.07,34.8,22.94,2789.8,0.00863492694195784
2004-07-25,0.09,379.1,32.87,22.63,2741.39,0.005887450187698527
2004-07-26,0.0,377.89,32.5,22.42,2707.51,0.00431746347097892
2004-07-27,0.0,396.39,33.39,22.5,2720.0,0.0034539707767831354
2004-07-28,0.68,405.6,33.96,22.52,2722.77,0.00431746347097892
2004-07-29,11.61,278.06,32.17,22.73,2756.88,0.004709960150158821
2004-07-30,0.0,349.36,31.5,22.5,2719.48,0.00431746347097892
2004-07-31,0.0,383.04,33.04,22.69,2751.19,0.0037287184522090664
2004-08-01,0.0,385.99,32.99,22.52,2722.58,0.003375471440947155
2004-08-02,6.23,256.78,32.5,23.5,2880.48,0.0032577224371931842
2004-08-03,14.59,280.15,33.03,22.95,2792.61,0.0031399734334392145
2004-08-04,0.0,421.63,34.67,22.47,2714.58,0.0032577224371931842
2004-08-05,0.0,425.19,35.58,22.96,2793.84,0.0032184727692751943
2004-08-06,0.0,436.73,34.92,22.0,2640.17,0.002904475425931273
2004-08-07,0.0,448.35,29.79,17.61,2017.07,0.002629727750505342
2004-08-08,0.0,485.28,29.52,15.7,1778.98,0.002433479410915391
2004-08-09,0.0,464.66,30.6,17.42,1986.49,0.0022764807392434304
2004-08-10,0.0,449.25,30.57,18.03,2082.59,0.0022764807392434304
2004-08-11,8.32,256.78,29.0,20.4,2383.63,0.0023157304071614202
2004-08-12,13.88,202.53,27.99,21.5,2560.0,0.0029829747617672532
2004-08-13,18.0,181.7,27.16,21.5,2560.0,0.00667244354605833
2004-08-14,26.49,194.45,27.5,21.5,2560.0,0.00667244354605833
2004-08-15,18.7,267.82,30.3,21.5,2560.0,0.007457436904418133
2004-08-16,0.0,394.09,30.45,20.5,2400.0,0.007064940225238232
2004-08-17,0.0,383.16,29.95,20.44,2390.4,0.005887450187698527
2004-08-18,0.0,419.75,31.14,20.14,2341.99,0.005494953508518624
2004-08-19,0.0,413.1,32.47,21.44,2550.43,0.004709960150158821
2004-08-20,0.0,422.26,33.0,21.52,2562.88,0.00431746347097892
2004-08-21,0.0,400.26,32.72,22.13,2661.53,0.00431746347097892
2004-08-22,28.16,301.05,32.0,21.54,2566.49,0.0038464674559630374
2004-08-23,11.2,294.75,31.55,21.5,2560.0,0.004709960150158821
2004-08-24,0.0,370.08,31.11,21.86,2617.9,0.005494953508518624
2004-08-25,0.0,390.78,31.5,21.5,2559.42,0.003924966791799018
2004-08-26,0.0,400.73,31.5,21.13,2500.12,0.0037679681201270568
2004-08-27,0.0,394.23,31.5,21.35,2535.96,0.005102456829338723
2004-08-28,0.0,393.5,32.0,21.72,2595.35,0.00431746347097892
2004-08-29,0.0,398.58,32.34,21.73,2596.34,0.003650219116373086
2004-08-30,0.0,413.26,33.01,21.62,2579.1,0.0031792231013572044
2004-08-31,1.3,399.03,33.28,21.48,2556.67,0.0032577224371931842
2004-09-01,1.46,384.51,32.49,21.5,2560.0,0.003100723765521224
2004-09-02,14.63,289.26,32.0,21.64,2582.26,0.003493220444701126
2004-09-03,14.67,280.58,29.93,20.98,2476.27,0.0036894687842910765
2004-09-04,0.0,368.15,30.48,21.08,2492.18,0.003375471440947155
2004-09-05,0.0,325.43,30.5,22.45,2712.55,0.003924966791799018
2004-09-06,35.07,192.97,29.0,23.0,2800.0,0.12167397054576955
2004-09-07,39.05,141.46,27.12,23.0,2800.0,0.23549800750794106
2004-09-08,26.55,213.11,28.93,22.5,2720.04,0.667244354605833
2004-09-09,0.0,385.64,30.1,20.66,2425.37,2.0684574992780824
2004-09-10,0.01,384.0,31.07,21.42,2546.48,2.657202518047935
2004-09-11,0.0,333.56,29.01,21.19,2510.28,2.0723824660698815
2004-09-12,0.0,363.73,28.82,20.04,2326.07,1.1539402367889111
2004-09-13,8.42,280.91,28.42,20.13,2340.72,0.8124681259023966
2004-09-14,2.69,242.58,26.49,20.03,2324.2,0.7261188564828183
2004-09-15,0.0,301.81,27.54,20.63,2420.64,0.7025690557320242
2004-09-16,0.0,237.63,27.64,22.33,2693.26,0.6593944210222349
2004-09-17,4.02,203.99,30.15,23.79,2948.93,0.49847078255847527
2004-09-18,0.0,437.55,29.97,17.9,2060.12,0.36894687842910767
2004-09-19,0.0,467.72,29.0,15.21,1736.4,0.2629727750505342
2004-09-20,0.0,437.56,25.53,14.21,1616.51,0.18054847242275482
2004-09-21,0.0,417.33,25.06,14.61,1658.3,0.1295239041293676
2004-09-22,0.0,447.53,27.84,15.17,1728.72,0.09027423621137741
2004-09-23,0.0,462.09,29.63,15.15,1732.28,0.0667244354605833
2004-09-24,0.0,448.27,30.0,16.08,1813.25,0.043174634709789196
2004-09-25,0.0,387.43,28.59,18.09,2087.62,0.027867264221773023
2004-09-26,28.99,201.52,26.92,20.47,2394.48,0.021587317354894598
2004-09-27,31.55,155.06,26.09,21.33,2532.13,0.18054847242275482
2004-09-28,19.97,224.54,28.08,20.74,2438.34,0.46707104822408313
2004-09-29,0.0,410.25,30.55,18.42,2114.46,0.9616168639907593
2004-09-30,0.0,386.72,29.98,19.09,2214.84,2.0684574992780824
2004-10-01,0.0,366.58,30.0,19.9,2315.46,1.966408362691308
2004-10-02,0.0,362.23,30.49,20.4,2383.4,1.2049648050822983
2004-10-03,0.0,382.47,30.72,19.5,2280.0,0.7535936240254114
2004-10-04,0.0,414.96,29.96,16.92,1919.14,0.5730451516026566
2004-10-05,0.0,414.35,28.36,15.53,1762.76,0.443521247473289
2004-10-06,0.0,396.96,28.41,16.25,1839.43,0.3375471440947155
2004-10-07,0.0,385.01,26.76,15.27,1741.69,0.25119787467513716
2004-10-08,0.0,378.12,24.08,13.13,1503.61,0.18839840600635285
2004-10-09,0.0,295.14,23.81,15.99,1802.91,0.15699867167196072
2004-10-10,0.0,256.23,25.75,18.92,2187.55,0.14914873808836268
2004-10-11,0.0,255.5,25.67,18.84,2173.61,0.4317463470978919
2004-10-12,0.0,274.65,27.0,19.41,2265.18,0.3179223101357204
2004-10-13,0.0,308.68,27.0,18.15,2092.32,0.2472729078833381
2004-10-14,0.0,388.76,25.48,13.0,1479.99,0.27474767542593126
2004-10-15,22.18,259.15,22.02,11.99,1399.3,0.2668977418423332
2004-10-16,0.0,400.46,21.33,8.23,1098.74,0.2668977418423332
2004-10-17,0.0,406.4,26.31,11.25,1339.76,0.2433479410915391
2004-10-18,0.0,365.89,26.27,13.76,1580.73,0.29044754259312733
2004-10-19,0.0,305.28,26.33,16.74,1899.49,0.29044754259312733
2004-10-20,11.7,213.59,26.61,17.77,2043.65,0.25512284146693615
2004-10-21,0.0,245.25,23.7,16.56,1884.91,0.25119787467513716
2004-10-22,0.0,258.14,22.96,15.5,1759.94,0.30222244296852435
2004-10-23,0.0,340.15,23.22,12.5,1439.87,0.34932204447011256
2004-10-24,0.0,340.63,22.14,11.51,1361.11,0.32577224371931846
2004-10-25,0.0,319.24,22.98,13.15,1505.49,0.29829747617672536
2004-10-26,0.0,354.52,25.04,12.78,1462.28,0.25512284146693615
2004-10-27,0.0,337.61,24.03,12.59,1447.58,0.19232337279815187
2004-10-28,0.0,325.03,25.22,14.01,1600.73,0.15699867167196072
2004-10-29,0.0,272.56,24.75,15.98,1804.18,0.13737383771296563
2004-10-30,0.0,297.77,26.67,16.49,1878.92,0.12167397054576955
2004-10-31,0.0,323.68,28.55,16.49,1878.77,0.1098990701703725
2004-11-01,0.0,320.37,29.0,16.81,1904.44,0.09419920300317643
2004-11-02,0.0,311.59,29.0,17.16,1946.01,0.08242430262777936
2004-11-03,0.0,284.73,29.5,19.0,2200.0,0.07457436904418134
2004-11-04,1.95,285.14,29.42,18.24,2099.49,0.0667244354605833
2004-11-05,0.0,361.06,25.51,10.39,1271.37,0.07064940225238232
2004-11-06,0.0,371.88,21.14,5.54,918.91,0.07849933583598036
2004-11-07,0.0,375.53,22.5,5.73,920.0,0.07064940225238232
2004-11-08,0.0,349.49,22.58,8.0,1079.79,0.07849933583598036
2004-11-09,0.0,323.93,22.55,9.61,1208.97,0.08242430262777936
2004-11-10,0.0,331.37,18.13,4.99,877.72,0.07457436904418134
2004-11-11,0.0,316.38,20.28,7.58,1046.51,0.07064940225238232
2004-11-12,1.35,209.3,21.33,13.23,1518.45,0.0667244354605833
2004-11-13,0.05,221.18,21.0,12.98,1478.02,0.07064940225238232
2004-11-14,0.0,292.3,16.48,5.43,910.08,0.07849933583598036
2004-11-15,0.0,326.56,15.93,2.65,732.71,0.07064940225238232
2004-11-16,0.0,358.12,17.76,0.8,641.62,0.0667244354605833
2004-11-17,0.0,353.75,19.26,2.04,720.0,0.0667244354605833
2004-11-18,0.0,350.45,21.0,3.26,781.17,0.06279946866878429
2004-11-19,0.0,334.77,22.82,6.12,930.58,0.05102456829338723
2004-11-20,0.0,278.63,24.39,11.84,1386.86,0.04709960150158821
2004-11-21,6.45,141.59,24.01,16.18,1829.89,0.03924966791799018
2004-11-22,0.0,152.95,22.76,16.6,1887.94,0.03924966791799018
2004-11-23,7.08,176.41,23.62,15.5,1759.72,0.03924966791799018
2004-11-24,2.1,196.35,23.9,15.55,1764.17,0.04709960150158821
2004-11-25,0.0,245.22,22.98,12.49,1438.85,0.10597410337857346
2004-11-26,0.0,313.47,15.39,0.96,642.54,0.1609236384637597
2004-11-27,9.35,196.69,15.03,4.16,816.3,0.2080232399653479
2004-11-28,0.0,225.88,15.98,6.89,990.99,0.31399734334392143
2004-11-29,0.0,293.95,18.2,4.61,848.61,0.3218472769275194
2004-11-30,0.0,286.8,20.33,6.9,992.19,0.25512284146693615
2004-12-01,0.0,282.62,21.65,8.2,1096.32,0.21587317354894595
2004-12-02,0.0,313.08,18.12,2.23,720.5,0.18839840600635285
2004-12-03,0.0,308.59,18.03,2.32,720.23,0.16484860525555872
2004-12-04,0.0,290.06,17.01,3.0,760.23,0.1530737048801617
2004-12-05,0.0,305.92,17.66,2.0,720.0,0.13737383771296563
2004-12-06,0.0,291.24,19.96,5.29,896.56,0.14129880450476465
2004-12-07,0.0,241.75,24.37,12.81,1469.09,0.13737383771296563
2004-12-08,0.0,176.18,24.45,16.6,1882.07,0.12167397054576955
2004-12-09,1.53,155.77,23.97,16.53,1875.86,0.1098990701703725
2004-12-10,18.52,132.82,25.0,17.14,1943.04,0.10597410337857346
2004-12-11,0.0,300.3,22.18,6.5,960.0,0.09812416979497544
2004-12-12,0.0,231.9,12.55,2.88,750.79,0.09419920300317643
2004-12-13,0.0,260.14,15.32,3.68,803.73,0.08634926941957839
2004-12-14,0.0,313.4,16.92,0.11,609.44,0.08634926941957839
2004-12-15,0.0,273.61,8.45,-3.78,457.95,0.09812416979497544
2004-12-16,0.0,305.73,9.98,-5.03,431.47,0.10204913658677446
2004-12-17,0.0,310.47,14.63,-1.39,554.33,0.1098990701703725
2004-12-18,0.0,313.4,16.73,0.05,607.83,0.10597410337857346
2004-12-19,0.0,315.49,16.5,-0.44,600.0,0.09419920300317643
2004-12-20,0.0,318.52,12.48,-4.43,440.0,0.10204913658677446
2004-12-21,0.0,282.87,8.31,-4.81,440.0,0.08634926941957839
2004-12-22,0.0,321.85,18.21,-0.71,581.9,0.07457436904418134
2004-12-23,4.95,219.97,22.04,5.7,916.54,0.07064940225238232
2004-12-24,1.29,298.94,21.29,1.84,705.58,0.07457436904418134
2004-12-25,13.57,80.09,5.62,1.52,681.8,0.07457436904418134
2004-12-26,30.89,92.91,4.53,-0.44,600.0,0.22764807392434303
2004-12-27,0.0,230.44,7.03,-2.95,484.02,0.49062084897487723
2004-12-28,0.0,289.63,11.25,-3.1,482.25,0.675094288189431
2004-12-29,0.0,307.66,15.06,-1.49,552.01,0.8831175281547788
2004-12-30,0.0,319.09,18.56,-0.09,601.02,0.8634926941957838
2004-12-31,0.0,313.38,16.81,-0.79,576.51,0.6947191221484261
2005-01-01,0.0,286.73,20.94,6.61,968.52,0.5377204504764654
2005-01-02,0.0,281.87,22.31,8.23,1098.14,0.46707104822408313
2005-01-03,0.0,284.91,23.5,9.01,1160.56,0.3924966791799018
2005-01-04,0.0,290.73,23.93,8.91,1152.62,0.32577224371931846
2005-01-05,0.0,295.92,24.03,8.59,1127.4,0.29044754259312733
2005-01-06,0.0,256.87,24.06,11.83,1386.06,0.2590478082587352
2005-01-07,0.0,234.8,24.0,13.21,1513.64,0.23942297429974008
2005-01-08,0.0,215.09,24.54,14.83,1692.8,0.21587317354894595
2005-01-09,0.0,237.61,23.57,12.78,1462.52,0.1962483395899509
2005-01-10,0.0,276.48,21.84,8.85,1147.67,0.18447343921455384
2005-01-11,0.0,284.22,21.99,8.49,1119.56,0.1766235056309558
2005-01-12,0.0,277.21,22.27,9.36,1189.09,0.16877357204735774
2005-01-13,0.0,263.06,24.33,12.13,1410.52,0.16484860525555872
2005-01-14,26.04,184.38,23.39,12.46,1436.55,0.2433479410915391
2005-01-15,0.0,209.59,13.08,4.9,872.16,0.36894687842910767
2005-01-16,0.0,194.94,11.41,4.0,800.0,0.4160464799306958
2005-01-17,0.0,310.21,12.0,-1.63,549.75,0.46707104822408313
2005-01-18,0.0,283.28,6.99,-4.41,440.0,0.4317463470978919
2005-01-19,0.0,308.29,7.04,-5.87,395.59,0.36894687842910767
2005-01-20,0.0,321.22,11.94,-2.19,522.81,0.31399734334392143
2005-01-21,0.0,328.6,17.93,2.66,737.97,0.2629727750505342
2005-01-22,0.0,335.1,19.65,3.66,799.94,0.22764807392434303
2005-01-23,0.0,375.37,16.76,-4.05,440.19,0.20409827317354892
2005-01-24,0.0,332.74,6.87,-7.18,359.92,0.18447343921455384
2005-01-25,0.0,347.61,12.71,-2.94,490.86,0.16484860525555872
2005-01-26,0.0,322.43,17.81,3.89,806.54,0.15699867167196072
2005-01-27,0.0,279.09,18.01,6.92,993.45,0.16484860525555872
2005-01-28,0.0,285.65,11.32,0.5,639.63,0.19232337279815187
2005-01-29,11.07,112.91,4.36,-0.64,588.78,0.16877357204735774
2005-01-30,15.6,145.26,7.18,0.61,634.08,0.2668977418423332
2005-01-31,0.0,244.97,10.87,2.32,719.74,0.36109694484550964
2005-02-01,0.0,251.52,12.0,3.3,783.96,0.5063207161420732
2005-02-02,0.0,130.21,9.0,4.98,878.26,0.5965949523534507
2005-02-03,12.99,69.55,6.95,4.36,828.55,0.5887450187698526
2005-02-04,0.01,213.71,8.77,2.39,720.0,0.6515444874386369
2005-02-05,0.0,363.96,14.56,0.92,644.47,0.7418187236500143
2005-02-06,0.0,385.24,17.45,1.56,684.61,0.8085431591105977
2005-02-07,0.0,378.75,18.74,3.33,786.29,0.7653685244008084
2005-02-08,0.0,402.83,21.39,2.58,726.45,0.7300438232746173
2005-02-09,0.18,390.06,22.49,5.06,884.49,0.5887450187698526
2005-02-10,5.26,221.91,16.89,8.13,1090.63,0.4866958821830782
2005-02-11,0.0,383.39,12.92,-1.5,559.92,0.43959628068149
2005-02-12,0.0,396.56,14.7,-0.94,565.02,0.40427157955529885
2005-02-13,0.0,405.58,18.83,1.68,694.14,0.3807217788045047
2005-02-14,1.22,344.55,20.0,4.72,857.64,0.36109694484550964
2005-02-15,0.25,277.53,17.95,8.55,1123.67,0.3375471440947155
2005-02-16,0.0,266.8,19.24,10.48,1278.65,0.3179223101357204
2005-02-17,0.0,301.54,20.47,10.3,1263.79,0.3061474097603234
2005-02-18,0.0,409.03,17.04,1.06,649.19,0.29829747617672536
2005-02-19,0.0,421.42,15.34,-1.42,560.0,0.30222244296852435
2005-02-20,0.0,421.83,18.54,1.53,684.52,0.2943725093849263
2005-02-21,0.0,343.24,21.59,9.72,1217.95,0.23549800750794106
2005-02-22,0.0,333.19,24.91,13.43,1547.19,0.20409827317354892
2005-02-23,2.65,319.89,26.5,12.14,1410.98,0.18839840600635285
2005-02-24,3.35,261.61,25.0,13.06,1494.25,0.19232337279815187
2005-02-25,1.62,391.88,21.5,7.91,1072.55,0.18447343921455384
2005-02-26,0.0,355.98,13.76,2.92,753.43,0.16484860525555872
2005-02-27,17.44,270.01,15.5,4.45,835.62,0.18054847242275482
2005-02-28,26.7,156.52,12.42,6.77,981.22,0.3767968120127057
2005-03-01,0.0,338.26,13.88,3.91,811.5,0.5808950851862547
2005-03-02,0.0,426.65,13.27,-1.02,561.24,0.8124681259023966
2005-03-03,0.0,406.09,12.52,-0.46,600.0,0.8320929598613916
2005-03-04,0.0,425.36,13.91,-0.49,597.07,0.6868691885648281
2005-03-05,0.0,452.46,19.16,1.81,704.83,0.5494953508518625
2005-03-06,0.0,468.65,22.0,2.28,723.01,0.4317463470978919
2005-03-07,0.0,454.44,20.99,3.03,762.18,0.34932204447011256
2005-03-08,6.98,330.89,22.57,5.51,913.33,0.32577224371931846
2005-03-09,0.0,397.87,14.12,0.97,645.64,0.31399734334392143
2005-03-10,0.0,279.79,10.53,2.51,723.71,0.32577224371931846
2005-03-11,0.0,395.93,16.89,4.26,821.17,0.3218472769275194
2005-03-12,0.0,432.05,19.87,4.92,871.88,0.2708227086341322
2005-03-13,0.0,447.44,25.44,8.66,1110.57,0.23549800750794106
2005-03-14,0.0,406.88,26.61,12.3,1422.72,0.20409827317354892
2005-03-15,0.0,425.98,23.5,8.83,1139.09,0.17269853883915678
2005-03-16,23.52,241.26,17.0,7.71,1056.58,0.2629727750505342
2005-03-17,14.9,188.5,11.25,4.53,842.17,0.6515444874386369
2005-03-18,0.0,131.84,6.81,3.63,800.0,1.0636660005775338
2005-03-19,0.0,402.66,14.5,2.71,737.11,1.5150371816344208
2005-03-20,0.0,476.25,20.24,4.02,801.82,1.4051381114640484
2005-03-21,0.0,449.56,22.14,7.52,1040.6,1.11861553566272
2005-03-22,9.12,286.19,21.45,12.6,1448.25,0.9223671960727692
2005-03-23,47.78,217.84,22.42,14.44,1641.9,1.4286879122148424
2005-03-24,0.0,467.68,25.88,10.11,1248.49,3.0614740976032335
2005-03-25,0.0,446.71,23.99,9.91,1232.43,4.592211146404851
2005-03-26,17.33,263.95,22.28,12.45,1436.31,4.31746347097892
2005-03-27,66.0,202.13,22.6,15.45,1756.08,5.6127025122725955
2005-03-28,43.09,231.39,21.35,13.26,1520.1,9.890916315333524
2005-03-29,0.0,335.47,18.56,9.96,1236.56,16.563359861391856
2005-03-30,0.0,502.94,26.54,9.02,1161.41,12.638393069592835
2005-03-31,0.0,490.55,27.48,10.57,1285.27,7.496686572336124
2005-04-01,12.36,224.87,22.21,14.26,1620.86,5.102456829338723
2005-04-02,12.59,221.46,19.06,11.58,1366.59,4.042715795552988
2005-04-03,0.0,403.96,18.63,7.95,1075.9,3.5246201790355176
2005-04-04,0.0,497.24,23.48,8.03,1082.0,3.4618207103667333
2005-04-05,0.0,530.27,27.5,8.65,1131.64,3.081098931562229
2005-04-06,0.0,519.59,27.91,10.05,1243.91,2.4805790124169795
2005-04-07,0.0,439.84,25.3,12.86,1468.78,1.8525843257291363
2005-04-08,19.6,175.54,20.46,14.94,1710.26,1.7152104880161707
2005-04-09,0.0,375.25,22.5,13.0,1480.0,1.8682841928963325
2005-04-10,0.0,463.8,23.16,10.35,1268.33,2.272555772451631
2005-04-11,0.0,528.9,24.92,8.04,1082.96,2.3118054403696213
2005-04-12,0.0,499.14,25.51,10.63,1290.51,2.0841573664452784
2005-04-13,2.41,364.41,24.5,14.0,1600.13,1.5150371816344208
2005-04-14,0.93,452.46,21.67,8.28,1102.68,1.0754409009529309
2005-04-15,0.0,447.43,17.7,6.52,961.38,0.8831175281547788
2005-04-16,0.0,510.56,21.2,6.58,966.77,0.7378937568582153
2005-04-17,0.0,535.87,21.0,4.47,837.49,0.5926699855616516
2005-04-18,0.0,552.15,24.0,5.44,908.97,0.4866958821830782
2005-04-19,0.0,559.53,27.52,7.17,1013.97,0.4160464799306958
2005-04-20,0.0,522.81,27.99,10.68,1294.15,0.3571719780537106
2005-04-21,0.0,494.59,28.0,12.3,1423.86,0.3414721108865145
2005-04-22,0.0,493.03,28.95,12.94,1480.65,0.27867264221773025
2005-04-23,15.14,342.57,27.5,13.7,1575.9,0.25512284146693615
2005-04-24,0.0,496.99,21.97,7.17,1013.78,0.25119787467513716
2005-04-25,0.0,492.68,17.9,3.73,804.24,0.23157304071614204
2005-04-26,0.0,481.54,21.29,7.09,1007.54,0.22764807392434303
2005-04-27,6.45,243.62,21.39,12.77,1463.51,0.2590478082587352
2005-04-28,0.0,524.3,24.08,6.95,996.18,0.29829747617672536
2005-04-29,0.0,521.97,25.42,8.25,1099.91,0.27867264221773025
2005-04-30,0.0,461.09,27.43,13.21,1514.17,0.2590478082587352
2005-05-01,11.1,253.84,24.32,14.96,1701.45,0.2668977418423332
2005-05-02,0.0,462.42,25.37,11.27,1341.25,0.2943725093849263
2005-05-03,0.0,495.19,25.82,9.96,1236.54,0.29044754259312733
2005-05-04,0.0,425.06,24.59,12.12,1409.67,0.2629727750505342
2005-05-05,12.1,296.09,24.61,13.42,1544.71,0.2865225758013283
2005-05-06,9.81,239.74,19.26,11.07,1325.62,0.45529614784868605
2005-05-07,0.0,474.07,24.16,10.2,1256.07,0.5377204504764654
2005-05-08,0.0,510.72,28.4,11.51,1360.62,0.4827709153912792
2005-05-09,0.0,464.48,30.11,15.16,1730.22,0.3767968120127057
2005-05-10,0.0,459.64,30.35,15.52,1761.41,0.27474767542593126
2005-05-11,0.0,451.21,29.6,15.37,1749.74,0.1962483395899509
2005-05-12,0.0,439.84,28.58,15.09,1724.05,0.14914873808836268
2005-05-13,0.0,461.46,30.04,15.24,1739.02,0.12167397054576955
2005-05-14,0.0,431.71,29.54,16.13,1820.61,0.10204913658677446
2005-05-15,0.0,409.99,29.97,17.3,1967.84,0.08634926941957839
2005-05-16,0.0,407.14,29.78,17.32,1971.22,0.0667244354605833
2005-05-17,23.38,296.44,29.43,17.59,2012.32,0.058874501876985265
2005-05-18,5.76,338.02,28.5,17.41,1985.04,0.1609236384637597
2005-05-19,0.0,392.75,28.17,16.96,1922.25,0.4003466127634998
2005-05-20,17.03,322.61,30.0,17.25,1959.84,0.3532470112619116
2005-05-21,20.36,357.23,28.88,14.41,1637.51,0.3571719780537106
2005-05-22,0.0,438.63,24.08,12.04,1403.38,0.4003466127634998
2005-05-23,0.0,462.1,29.01,15.26,1741.14,0.5416454172682644
2005-05-24,0.0,473.89,31.5,16.7,1897.0,0.5573452844354605
2005-05-25,0.0,523.4,29.36,12.36,1428.54,0.447446214265088
2005-05-26,0.0,463.7,25.03,11.87,1389.26,0.3414721108865145
2005-05-27,0.0,488.63,28.88,13.73,1578.76,0.23157304071614204
2005-05-28,0.0,459.67,30.5,16.45,1863.11,0.14914873808836268
2005-05-29,0.0,438.21,31.49,18.22,2099.31,0.09419920300317643
2005-05-30,5.24,303.9,29.76,18.16,2091.71,0.07064940225238232
2005-05-31,0.0,223.54,24.56,18.88,2181.42,0.05494953508518625
2005-06-01,14.5,184.2,25.76,19.53,2273.12,0.0667244354605833
2005-06-02,47.37,219.43,27.74,20.22,2355.82,0.1530737048801617
2005-06-03,24.0,261.24,29.2,20.0,2320.69,0.682944221773029
2005-06-04,44.7,249.5,29.5,20.77,2443.44,6.554694542304359
2005-06-05,10.23,227.85,29.79,21.83,2613.59,33.990212416979496
2005-06-06,20.58,284.04,31.5,21.16,2505.9,22.52930938492636
2005-06-07,0.0,386.08,31.89,21.37,2539.97,14.326128790066415
2005-06-08,0.0,367.17,32.0,22.19,2669.75,9.027423621137741
2005-06-09,0.0,378.12,32.0,21.94,2630.58,5.730451516026566
2005-06-10,0.37,340.63,31.0,22.27,2683.38,4.081965463470978
2005-06-11,5.85,216.53,29.0,22.08,2652.31,3.2380976032341895
2005-06-12,11.31,195.37,29.0,22.91,2785.51,2.43740437770719
2005-06-13,6.0,222.76,30.57,23.52,2884.79,1.9036088940225238
2005-06-14,2.45,360.48,32.66,23.05,2808.38,1.8761341264799305
2005-06-15,0.0,417.53,34.72,23.45,2873.0,1.7230604215997687
2005-06-16,0.0,448.59,34.58,22.14,2662.56,1.2952390412936758
2005-06-17,0.0,473.66,33.51,20.23,2356.85,0.9262921628645682
2005-06-18,0.0,429.68,31.74,20.67,2427.93,0.6436945538550388
2005-06-19,12.5,349.72,30.23,18.74,2158.63,0.45137118105688706
2005-06-20,0.0,454.63,28.84,17.56,2009.11,0.3414721108865145
2005-06-21,0.0,448.48,28.6,17.61,2015.38,0.2708227086341322
2005-06-22,0.0,480.02,30.8,18.14,2091.24,0.2080232399653479
2005-06-23,0.0,472.29,32.25,19.61,2288.17,0.16877357204735774
2005-06-24,5.06,349.84,32.0,19.79,2309.0,0.13737383771296563
2005-06-25,0.0,389.8,29.98,20.91,2465.67,0.1609236384637597
2005-06-26,6.22,217.17,27.62,21.53,2564.71,0.18054847242275482
2005-06-27,15.66,298.35,31.94,22.6,2735.33,0.1766235056309558
2005-06-28,16.78,260.03,30.5,22.91,2786.09,0.2943725093849263
2005-06-29,23.32,184.47,27.5,22.6,2735.7,0.7889183251516025
2005-06-30,14.0,247.81,29.55,22.58,2733.37,1.6524110193473864
2005-07-01,0.0,411.72,32.87,23.07,2811.19,3.383321374530753
2005-07-02,4.27,417.84,33.93,22.66,2745.46,3.108573699104822
2005-07-03,8.29,376.6,33.5,22.8,2767.98,2.4688041120415822
2005-07-04,0.0,417.43,33.0,22.83,2773.27,1.7034355876407739
2005-07-05,0.0,388.55,32.55,23.36,2862.07,1.1578652035807102
2005-07-06,0.0,423.97,33.25,22.76,2762.24,1.3855132775050532
2005-07-07,0.08,423.18,33.94,23.22,2838.13,1.7191354548079698
2005-07-08,0.0,456.86,33.0,21.29,2526.69,2.1508818019058618
2005-07-09,10.61,350.85,32.5,22.57,2730.91,1.538586982385215
2005-07-10,24.23,232.51,30.62,23.79,2949.74,1.0204913658677446
2005-07-11,3.49,291.48,30.86,23.76,2940.83,0.9262921628645682
2005-07-12,0.04,402.86,32.68,22.91,2785.43,0.9576918971989603
2005-07-13,6.53,385.36,33.74,22.77,2763.28,1.0047914987005486
2005-07-14,19.28,328.02,33.2,22.0,2639.7,1.0558160669939358
2005-07-15,0.0,426.09,32.85,22.13,2661.55,1.750535189142362
2005-07-16,15.32,322.01,32.96,22.14,2662.88,2.8927005255558758
2005-07-17,0.0,435.73,33.82,22.62,2738.51,2.91625032630667
2005-07-18,0.0,419.35,34.0,23.35,2860.19,1.8996839272307247
2005-07-19,0.0,432.96,34.0,22.87,2779.34,1.102915668495524
2005-07-20,0.0,425.81,34.5,23.48,2882.57,0.8399428934449898
2005-07-21,0.0,432.55,35.0,23.58,2900.31,0.5651952180190586
2005-07-22,0.0,434.18,35.0,23.55,2892.89,0.36894687842910767
2005-07-23,0.0,424.92,34.53,23.6,2903.06,0.2590478082587352
2005-07-24,0.0,419.23,34.0,23.43,2875.29,0.21587317354894595
2005-07-25,0.0,418.26,33.12,22.74,2758.18,0.2001733063817499
2005-07-26,0.0,440.47,35.0,23.17,2827.62,0.16877357204735774
2005-07-27,0.0,450.2,36.59,23.75,2939.88,0.12167397054576955
2005-07-28,0.0,424.67,36.5,24.66,3105.02,0.08242430262777936
2005-07-29,0.0,418.1,35.48,24.02,3000.28,0.058874501876985265
2005-07-30,30.41,307.93,33.49,22.71,2754.33,0.03728718452209067
2005-07-31,11.83,288.21,32.5,22.79,2766.54,0.02708227086341322
2005-08-01,7.17,247.94,30.5,22.71,2752.99,0.058874501876985265
2005-08-02,0.0,316.93,29.77,22.48,2716.52,0.2472729078833381
2005-08-03,0.0,380.17,31.49,22.23,2677.2,0.7771434247762055
2005-08-04,0.0,408.13,32.2,21.89,2622.28,0.887042494946578
2005-08-05,0.0,399.22,32.5,22.42,2706.95,0.7339687900664164
2005-08-06,0.0,396.65,32.0,22.11,2656.81,0.4592211146404851
2005-08-07,22.85,284.47,31.61,22.36,2697.57,0.31007237655212244
2005-08-08,14.79,264.83,31.44,22.99,2798.72,0.2668977418423332
2005-08-09,0.0,340.04,31.3,23.2,2831.29,0.22764807392434303
2005-08-10,0.0,370.32,32.15,23.0,2799.44,0.18054847242275482
2005-08-11,38.71,281.53,32.43,23.06,2809.32,0.3532470112619116
2005-08-12,0.0,377.53,32.85,23.36,2857.86,0.31399734334392143
2005-08-13,0.0,388.25,33.53,23.57,2896.57,0.2708227086341322
2005-08-14,0.0,402.96,34.0,23.4,2864.79,0.32969721051111744
2005-08-15,0.0,386.29,33.48,23.57,2896.46,0.6044448859370487
2005-08-16,0.0,397.32,34.55,24.02,3002.64,0.4199714467224949
2005-08-17,8.76,307.49,35.0,24.14,3022.2,0.2668977418423332
2005-08-18,0.0,412.31,34.79,23.58,2899.47,0.18839840600635285
2005-08-19,0.0,407.94,34.42,23.45,2872.21,0.14129880450476465
2005-08-20,0.0,421.84,35.5,23.64,2914.05,0.09812416979497544
2005-08-21,0.0,404.55,36.5,25.02,3163.97,0.07457436904418134
2005-08-22,11.58,321.69,36.46,23.87,2967.97,0.05494953508518625
2005-08-23,0.0,408.68,33.8,22.76,2761.33,0.05494953508518625
2005-08-24,0.25,377.78,33.0,22.94,2790.3,0.05494953508518625
2005-08-25,0.0,388.55,33.13,22.95,2792.68,0.058874501876985265
2005-08-26,0.0,288.66,28.5,21.97,2635.55,0.043174634709789196
2005-08-27,0.0,324.45,29.98,22.44,2709.98,0.03571719780537106
2005-08-28,0.0,368.27,31.98,22.89,2782.59,0.14522377129656366
2005-08-29,8.38,272.53,32.5,23.48,2876.52,0.11774900375397053
2005-08-30,6.04,261.97,32.76,24.11,3017.71,0.12559893733756858
2005-08-31,0.0,349.78,33.0,24.24,3038.12,0.13737383771296563
2005-09-01,0.0,401.52,33.3,22.62,2739.4,0.10204913658677446
2005-09-02,0.0,436.02,33.0,20.86,2457.88,0.07064940225238232
2005-09-03,0.0,450.78,32.49,19.67,2293.9,0.04709960150158821
2005-09-04,0.0,452.37,32.5,19.46,2267.57,0.02708227086341322
2005-09-05,0.0,413.02,30.6,19.68,2294.52,0.01766235056309558
2005-09-06,0.0,373.13,29.16,19.85,2308.17,0.012167397054576956
2005-09-07,0.0,349.56,28.5,19.98,2319.85,0.00902742362113774
2005-09-08,0.0,365.5,29.5,20.28,2364.79,0.007457436904418133
2005-09-09,0.0,406.83,30.51,19.54,2274.08,0.006279946866878429
2005-09-10,0.0,469.44,31.26,16.86,1914.44,0.005494953508518624
2005-09-11,0.0,453.33,31.5,17.74,2038.36,0.005102456829338723
2005-09-12,0.0,408.13,31.0,19.42,2263.1,0.004709960150158821
2005-09-13,0.0,400.18,31.7,20.19,2353.94,0.004709960150158821
2005-09-14,0.0,408.02,33.24,20.87,2459.7,0.004709960150158821
2005-09-15,0.0,439.06,34.36,19.86,2313.38,0.004709960150158821
2005-09-16,0.0,434.8,35.5,20.62,2418.83,0.004709960150158821
2005-09-17,0.0,407.77,35.5,21.96,2633.47,0.004709960150158821
2005-09-18,0.0,406.23,35.91,22.14,2662.5,0.004709960150158821
2005-09-19,0.0,407.99,34.57,21.01,2481.0,0.004709960150158821
2005-09-20,0.0,394.07,33.89,21.1,2495.27,0.004709960150158821
2005-09-21,0.0,375.34,32.96,21.2,2512.01,0.00431746347097892
2005-09-22,0.0,359.16,32.47,21.42,2546.89,0.003924966791799018
2005-09-23,0.0,349.98,31.99,21.31,2530.24,0.0038464674559630374
2005-09-24,0.0,373.37,32.5,20.64,2422.08,0.0036894687842910765
2005-09-25,0.0,380.2,32.16,19.83,2310.08,0.00431746347097892
2005-09-26,0.0,393.17,32.33,19.08,2212.41,0.004709960150158821
2005-09-27,0.0,335.74,31.0,20.46,2394.02,0.005102456829338723
2005-09-28,0.0,305.72,30.02,20.68,2429.02,0.005102456829338723
2005-09-29,0.0,372.48,31.41,18.97,2194.82,0.00431746347097892
2005-09-30,0.0,368.44,32.37,19.69,2295.3,0.003924966791799018
2005-10-01,0.0,300.02,29.93,20.51,2401.02,0.003532470112619116
2005-10-02,0.0,298.81,30.48,20.99,2478.51,0.003061474097603234
2005-10-03,0.0,322.44,30.0,19.69,2293.65,0.002904475425931273
2005-10-04,0.0,280.0,29.0,20.42,2387.23,0.002904475425931273
2005-10-05,52.77,170.02,28.27,21.52,2563.89,0.018447343921455386
2005-10-06,43.69,125.35,27.4,22.54,2726.44,0.443521247473289
2005-10-07,29.88,134.71,28.24,22.94,2790.93,0.9969415651169505
2005-10-08,4.91,183.33,27.55,21.63,2580.95,2.3628300086630087
2005-10-09,0.0,263.98,28.04,20.19,2350.46,3.289122171527577
2005-10-10,0.0,248.82,28.5,21.17,2506.76,2.7435517874675135
2005-10-11,0.0,195.7,25.19,19.85,2307.89,1.9310836615651168
2005-10-12,0.0,157.93,23.9,19.75,2299.73,1.2756142073346808
2005-10-13,0.0,228.13,23.5,17.5,2000.0,0.9616168639907593
2005-10-14,0.0,356.97,26.43,15.56,1764.46,0.7143439561074212
2005-10-15,0.0,393.6,27.51,14.3,1626.0,0.5455703840600634
2005-10-16,0.0,410.51,27.05,12.5,1440.17,0.4317463470978919
2005-10-17,0.0,421.31,26.5,10.83,1306.12,0.3414721108865145
2005-10-18,0.0,419.38,26.99,11.05,1324.07,0.2668977418423332
2005-10-19,0.0,420.37,29.01,11.73,1378.4,0.20409827317354892
2005-10-20,0.0,409.14,29.93,13.14,1503.2,0.15699867167196072
2005-10-21,0.0,381.1,30.0,15.42,1753.88,0.12167397054576955
2005-10-22,0.0,336.79,29.99,18.09,2087.27,0.10204913658677446
2005-10-23,0.0,385.65,26.51,12.03,1402.2,0.08242430262777936
2005-10-24,0.62,317.87,20.5,10.35,1268.35,0.07457436904418134
2005-10-25,0.0,383.63,18.0,4.94,874.94,0.06279946866878429
2005-10-26,0.0,393.95,16.98,3.09,766.88,0.05102456829338723
2005-10-27,0.0,404.85,19.53,3.77,802.78,0.03924966791799018
2005-10-28,0.0,388.13,19.57,4.93,874.52,0.03179223101357204
2005-10-29,0.0,377.74,18.88,4.92,873.39,0.027474767542593124
2005-10-30,0.0,402.44,19.53,2.69,734.99,0.02472729078833381
2005-10-31,0.0,402.47,22.22,4.04,813.57,0.021587317354894598
2005-11-01,0.0,384.5,24.5,7.34,1026.88,0.02001733063817499
2005-11-02,0.0,342.35,25.5,11.49,1359.52,0.016877357204735776
2005-11-03,0.0,383.91,25.0,6.67,973.56,0.014914873808836266
2005-11-04,0.0,372.59,24.5,6.97,997.81,0.012952390412936757
2005-11-05,0.0,353.99,25.0,8.62,1129.87,0.011382403696217151
2005-11-06,0.0,345.77,26.0,9.6,1208.22,0.010597410337857348
2005-11-07,0.0,327.17,27.5,11.82,1385.87,0.010597410337857348
2005-11-08,0.0,334.18,27.99,11.19,1335.24,0.010204913658677445
2005-11-09,0.0,332.83,28.33,11.09,1326.94,0.009419920300317642
2005-11-10,0.0,311.05,28.0,12.19,1415.39,0.00902742362113774
2005-11-11,0.0,350.37,24.5,5.16,887.25,0.007849933583598036
2005-11-12,0.0,329.44,20.33,3.28,777.23,0.007457436904418133
2005-11-13,0.0,308.1,24.09,7.94,1075.35,0.007457436904418133
2005-11-14,0.0,294.73,26.5,10.78,1302.46,0.007064940225238232
2005-11-15,0.0,247.11,25.97,13.49,1551.28,0.007064940225238232
2005-11-16,0.0,226.26,27.8,16.26,1841.18,0.007457436904418133
2005-11-17,0.0,351.89,28.12,5.23,894.73,0.007457436904418133
2005-11-18,0.0,289.59,15.8,1.4,671.92,0.006279946866878429
2005-11-19,0.0,293.02,14.86,0.22,616.94,0.00667244354605833
2005-11-20,32.52,181.84,17.48,5.87,926.07,0.007064940225238232
2005-11-21,40.73,109.36,17.24,10.62,1289.48,0.3532470112619116
2005-11-22,6.47,167.2,16.5,6.15,932.29,0.6711693213976321
2005-11-23,0.0,258.6,14.94,2.47,720.92,0.7300438232746173
2005-11-24,0.0,243.89,16.92,5.15,892.31,0.8399428934449898
2005-11-25,0.0,282.49,22.42,7.26,1020.89,0.7496686572336124
2005-11-26,0.0,257.41,18.11,5.26,900.02,0.5141706497256713
2005-11-27,0.0,211.8,17.96,7.86,1068.8,0.36109694484550964
2005-11-28,0.0,197.68,20.27,10.76,1301.16,0.2825976090095293
2005-11-29,0.0,188.36,23.37,14.16,1612.56,0.22764807392434303
2005-11-30,0.0,310.52,22.58,4.68,854.5,0.18447343921455384
2005-12-01,0.0,297.61,17.45,1.57,684.51,0.1530737048801617
2005-12-02,0.0,277.33,16.5,2.32,724.68,0.1334488709211666
2005-12-03,0.0,310.89,16.31,-0.98,566.23,0.12559893733756858
2005-12-04,0.31,270.41,18.46,4.55,848.8,0.1098990701703725
2005-12-05,1.3,192.89,22.0,12.52,1441.56,0.11774900375397053
2005-12-06,25.05,198.7,17.81,4.54,842.97,0.31399734334392143
2005-12-07,0.0,236.04,13.44,2.49,729.32,0.5534203176436615
2005-12-08,13.2,131.62,13.46,5.81,921.77,0.7928432919434015
2005-12-09,6.56,142.73,13.5,5.28,900.48,1.095065734911926
2005-12-10,0.0,285.24,14.85,0.75,640.33,1.07936586774473
2005-12-11,0.0,254.3,14.63,2.97,757.45,1.0244163326595435
2005-12-12,0.0,270.35,14.71,2.03,715.92,0.9184422292809702
2005-12-13,0.0,296.84,16.49,1.42,673.27,0.7653685244008084
2005-12-14,0.0,256.45,12.45,1.02,647.6,0.6279946866878429
2005-12-15,3.96,155.04,11.65,3.07,766.07,0.5259455501010684
2005-12-16,1.47,258.34,15.66,1.8,703.59,0.47492098180768116
2005-12-17,0.0,243.65,12.51,2.13,720.0,0.443521247473289
2005-12-18,16.0,79.82,8.88,4.97,877.41,0.5612702512272595
2005-12-19,0.0,190.98,11.15,3.83,802.66,0.7496686572336124
2005-12-20,0.0,290.71,14.48,1.13,655.84,0.894892428530176
2005-12-21,0.0,293.5,13.48,-0.25,602.35,0.9694667975743574
2005-12-22,0.0,315.11,12.5,-3.53,474.26,0.9027423621137741
2005-12-23,0.0,324.97,13.33,-4.34,440.12,0.7928432919434015
2005-12-24,0.0,329.33,15.48,-3.53,473.17,0.6868691885648281
2005-12-25,3.72,248.53,17.28,-0.69,583.47,0.5926699855616516
2005-12-26,0.0,249.64,17.56,6.18,934.77,0.5691201848108576
2005-12-27,0.0,287.91,14.62,0.67,640.89,0.5455703840600634
2005-12-28,0.0,309.44,18.46,1.62,689.0,0.46707104822408313
2005-12-29,14.83,195.6,18.5,5.97,927.28,0.45529614784868605
2005-12-30,0.0,291.34,16.71,2.1,718.08,0.46707104822408313
2005-12-31,0.0,284.95,18.18,4.05,813.29,0.5416454172682644
2006-01-01,0.0,264.94,20.03,6.64,972.4,0.7143439561074212
2006-01-02,37.04,165.5,19.5,9.07,1165.46,1.1735650707479062
2006-01-03,0.0,191.55,19.59,10.75,1300.37,2.484503979208778
2006-01-04,0.0,278.25,18.99,4.88,870.01,3.540320046202714
2006-01-05,0.0,282.67,20.4,5.81,923.28,4.31746347097892
2006-01-06,0.0,317.76,19.72,1.78,702.42,4.003466127634998
2006-01-07,0.0,260.54,10.9,-1.03,560.14,3.0614740976032335
2006-01-08,0.0,293.08,14.1,-0.37,599.98,2.15873173548946
2006-01-09,0.0,306.38,19.85,3.52,789.84,1.4090630782558473
2006-01-10,0.0,311.45,22.29,5.16,892.83,1.0754409009529309
2006-01-11,0.0,287.8,23.36,8.43,1114.53,0.9341420964481663
2006-01-12,0.0,280.36,23.04,8.88,1150.56,0.8399428934449898
2006-01-13,0.0,272.44,22.5,9.09,1167.08,0.7692934911926075
2006-01-14,0.0,306.65,19.58,3.96,800.0,0.7535936240254114
2006-01-15,0.0,285.02,13.72,0.59,636.78,0.7614435576090094
2006-01-16,0.0,271.98,15.91,3.57,790.4,0.7575185908172104
2006-01-17,12.31,185.89,19.09,7.97,1077.52,0.7732184579844065
2006-01-18,4.08,288.4,20.19,3.16,773.19,0.8006932255269996
2006-01-19,0.0,314.06,14.12,-0.8,576.19,0.7732184579844065
2006-01-20,0.0,344.31,18.71,0.25,618.64,0.7771434247762055
2006-01-21,0.0,324.45,22.76,6.04,936.88,0.7575185908172104
2006-01-22,0.34,247.18,22.71,11.24,1339.46,0.6986440889402251
2006-01-23,4.31,162.21,20.63,11.45,1356.03,0.655469454230436
2006-01-24,0.27,213.75,19.22,10.19,1255.44,0.6907941553566271
2006-01-25,0.0,294.31,19.0,5.84,920.0,0.7300438232746173
2006-01-26,0.0,340.21,15.5,-0.66,583.37,0.6711693213976321
2006-01-27,0.0,325.76,14.44,-0.19,600.83,0.6044448859370487
2006-01-28,0.0,318.11,16.37,2.27,721.01,0.5965949523534507
2006-01-29,0.0,296.48,19.63,6.71,979.89,0.5337954836846664
2006-01-30,12.51,144.97,19.45,11.78,1382.3,0.49847078255847527
2006-01-31,5.08,289.17,19.66,4.93,874.55,0.5377204504764654
2006-02-01,0.0,364.57,18.59,0.64,637.95,0.6083698527288477
2006-02-02,36.63,251.99,18.17,2.85,751.39,0.8203180594859947
2006-02-03,32.63,186.89,18.63,8.61,1128.45,1.8525843257291363
2006-02-04,3.05,151.91,19.63,11.78,1382.73,3.151748333814611
2006-02-05,0.0,340.74,15.91,1.44,675.45,4.278213803060929
2006-02-06,0.0,341.77,13.67,-0.54,593.56,4.1212151313889684
2006-02-07,0.0,337.51,14.41,0.6,640.0,3.5089203118683217
2006-02-08,0.0,338.19,13.02,-0.5,600.0,2.617952850129945
2006-02-09,0.0,343.93,13.77,0.07,606.86,1.8094096910193471
2006-02-10,0.0,383.34,13.54,-2.95,484.05,1.2991640080854747
2006-02-11,8.2,246.27,14.5,1.94,711.72,1.095065734911926
2006-02-12,0.0,316.41,11.5,-0.03,600.0,0.9969415651169505
2006-02-13,0.0,323.84,9.0,-2.54,516.66,0.9537669304071613
2006-02-14,0.0,371.72,11.58,-2.81,495.0,0.9459169968235632
2006-02-15,0.0,410.12,18.07,-0.3,598.98,0.8438678602367888
2006-02-16,0.0,396.51,20.71,3.29,776.03,0.7418187236500143
2006-02-17,0.0,402.31,24.04,5.67,917.13,0.6711693213976321
2006-02-18,0.0,376.79,23.97,8.0,1080.0,0.6279946866878429
2006-02-19,0.0,313.55,16.38,5.26,900.97,0.6319196534796419
2006-02-20,0.0,181.33,12.21,6.54,963.32,0.6436945538550388
2006-02-21,0.35,195.75,15.6,9.23,1178.44,0.667244354605833
2006-02-22,0.0,309.79,21.59,10.79,1303.44,0.663319387814034
2006-02-23,0.0,312.77,23.0,11.98,1398.1,0.6397695870632398
2006-02-24,0.0,368.26,19.08,5.88,920.0,0.6162197863124458
2006-02-25,40.81,247.14,17.88,6.94,995.29,0.655469454230436
2006-02-26,41.67,205.1,13.65,5.36,901.38,1.291314074501877
2006-02-27,0.0,419.15,14.38,-0.64,587.93,2.3432051747040132
2006-02-28,0.0,425.57,18.86,2.9,753.11,3.665918983540283
2006-03-01,0.0,415.79,23.31,7.27,1021.73,3.854317389546635
2006-03-02,0.0,383.93,24.78,10.77,1301.32,3.293047138319376
2006-03-03,0.0,368.0,23.36,10.65,1292.09,2.4923539127923764
2006-03-04,0.0,444.87,19.93,3.02,761.42,1.6563359861391853
2006-03-05,0.0,433.38,17.46,1.8,704.03,1.1853399711233032
2006-03-06,0.0,401.47,20.34,6.26,941.54,0.9733917643661564
2006-03-07,0.0,424.21,22.07,6.5,960.0,0.8399428934449898
2006-03-08,0.0,453.64,18.21,1.15,651.67,0.7182689228992203
2006-03-09,0.0,443.21,21.43,4.83,865.29,0.6083698527288477
2006-03-10,0.0,353.17,24.75,12.77,1469.98,0.5259455501010684
2006-03-11,0.0,358.07,27.35,14.91,1704.83,0.4592211146404851
2006-03-12,0.0,379.53,28.49,15.0,1720.0,0.4121215131388969
2006-03-13,0.0,402.32,29.43,14.58,1652.5,0.3767968120127057
2006-03-14,1.37,323.88,28.0,15.41,1752.52,0.3650219116373086
2006-03-15,0.0,484.0,23.0,3.78,800.0,0.38857171238810273
2006-03-16,0.0,469.74,20.73,3.3,783.81,0.3336221773029165
2006-03-17,0.0,449.92,23.17,6.94,995.33,0.2825976090095293
2006-03-18,0.0,455.59,24.09,7.5,1040.0,0.2433479410915391
2006-03-19,0.0,407.89,16.85,4.1,808.69,0.20409827317354892
2006-03-20,0.0,279.83,16.53,8.69,1135.48,0.1766235056309558
2006-03-21,9.88,244.01,17.99,8.68,1134.56,0.1766235056309558
2006-03-22,0.0,388.02,18.7,6.98,998.03,0.19232337279815187
2006-03-23,0.47,365.67,16.47,5.45,910.31,0.2001733063817499
2006-03-24,0.0,310.91,13.71,5.1,888.39,0.23942297429974008
2006-03-25,0.0,443.93,15.22,1.42,673.46,0.2590478082587352
2006-03-26,0.0,461.55,15.3,0.63,640.0,0.29044754259312733
2006-03-27,0.0,491.11,16.65,0.0,600.22,0.2825976090095293
2006-03-28,0.0,493.99,20.35,2.82,745.74,0.223723107132544
2006-03-29,0.0,422.34,23.01,9.34,1187.09,0.18054847242275482
2006-03-30,0.0,380.77,23.5,11.7,1376.1,0.1530737048801617
2006-03-31,0.0,429.07,24.99,11.04,1322.94,0.14522377129656366
2006-04-01,0.0,398.82,27.37,14.5,1640.0,0.1334488709211666
2006-04-02,0.0,400.03,29.12,15.97,1800.5,0.12167397054576955
2006-04-03,0.0,433.58,31.0,16.0,1800.0,0.1098990701703725
2006-04-04,0.0,502.27,28.91,10.21,1235.07,0.09812416979497544
2006-04-05,0.0,525.87,25.19,5.5,901.64,0.08242430262777936
2006-04-06,0.0,540.84,27.54,5.7,896.43,0.0667244354605833
2006-04-07,0.0,515.26,29.02,9.26,1152.57,0.05102456829338723
2006-04-08,0.0,473.41,29.96,12.98,1478.03,0.04709960150158821
2006-04-09,27.51,338.12,24.67,9.88,1230.14,0.11774900375397053
2006-04-10,0.0,468.37,20.99,5.83,921.2,0.1609236384637597
2006-04-11,0.0,478.59,23.05,7.06,1004.49,0.21194820675714693
2006-04-12,0.0,475.61,25.5,9.31,1185.04,0.2668977418423332
2006-04-13,0.0,484.15,27.0,10.01,1241.17,0.21194820675714693
2006-04-14,0.0,480.78,29.08,12.0,1399.83,0.15699867167196072
2006-04-15,0.0,464.63,31.98,15.2,1736.27,0.1098990701703725
2006-04-16,0.0,442.55,32.04,16.5,1880.0,0.07457436904418134
2006-04-17,0.0,394.14,31.0,17.98,2074.8,0.05102456829338723
2006-04-18,0.0,422.38,28.6,14.84,1693.46,0.03689468784291077
2006-04-19,0.0,359.42,23.38,12.69,1457.36,0.031007237655212242
2006-04-20,6.5,270.51,25.28,14.35,1627.97,0.03846467455963038
2006-04-21,0.0,448.7,29.11,14.0,1600.12,0.03846467455963038
2006-04-22,0.0,424.64,29.37,15.26,1741.05,0.02982974761767253
2006-04-23,11.12,306.24,28.8,15.41,1752.95,0.023157304071614204
2006-04-24,0.0,450.73,30.69,15.06,1722.58,0.02001733063817499
2006-04-25,0.0,432.6,31.59,16.64,1888.73,0.015699867167196072
2006-04-26,0.0,414.38,31.5,17.48,1997.1,0.012952390412936757
2006-04-27,26.89,294.73,28.41,15.93,1794.58,0.02825976090095293
2006-04-28,0.0,460.92,24.74,9.96,1236.81,0.06279946866878429
2006-04-29,0.0,460.87,24.84,10.01,1240.75,0.058874501876985265
2006-04-30,0.0,383.39,22.52,11.16,1333.0,0.05102456829338723
2006-05-01,0.0,410.19,21.66,9.43,1194.37,0.043174634709789196
2006-05-02,0.0,517.82,24.96,7.12,1009.96,0.03296972105111175
2006-05-03,0.0,478.32,28.89,12.55,1444.28,0.023942297429974006
2006-05-04,0.0,448.75,31.0,15.84,1771.21,0.016484860525555874
2006-05-05,0.0,440.51,31.5,16.93,1799.05,0.011382403696217151
2006-05-06,0.0,411.2,30.5,17.5,1904.6,0.009812416979497545
2006-05-07,0.0,382.04,29.05,17.5,1958.97,0.00902742362113774
2006-05-08,4.15,361.08,27.74,15.96,1766.72,0.00863492694195784
2006-05-09,0.0,276.37,22.02,14.68,1669.56,0.007849933583598036
2006-05-10,0.0,332.59,23.26,14.34,1627.1,0.007849933583598036
2006-05-11,12.97,308.99,26.46,14.7,1672.75,0.010597410337857348
2006-05-12,0.0,499.98,25.02,10.0,1157.44,0.010989907017037248
2006-05-13,0.0,523.65,25.77,9.48,1074.12,0.010989907017037248
2006-05-14,4.0,338.47,27.17,14.0,1601.79,0.009812416979497545
2006-05-15,5.78,305.36,25.99,14.77,1682.49,0.00863492694195784
2006-05-16,0.0,503.84,25.11,10.24,1174.8,0.013737383771296562
2006-05-17,0.0,490.83,24.63,10.42,1200.53,0.021979814034074497
2006-05-18,0.0,487.5,27.09,12.65,1372.67,0.014129880450476464
2006-05-19,0.0,486.55,29.38,14.46,1528.65,0.009812416979497545
2006-05-20,0.0,503.99,31.45,15.13,1558.08,0.008242430262777937
2006-05-21,0.0,479.9,35.0,19.02,1997.65,0.007457436904418133
2006-05-22,0.0,480.46,34.05,18.25,1910.04,0.00667244354605833
2006-05-23,0.0,457.24,33.0,18.46,1977.36,0.00667244354605833
2006-05-24,0.0,424.06,31.51,18.66,2067.17,0.007064940225238232
2006-05-25,0.0,431.5,33.46,20.0,2213.86,0.005494953508518624
2006-05-26,0.0,427.38,34.5,21.0,2353.07,0.005494953508518624
2006-05-27,0.0,430.38,34.91,21.5,2189.97,0.005102456829338723
2006-05-28,0.18,448.92,35.0,21.41,1772.51,0.007064940225238232
2006-05-29,0.0,492.61,34.27,19.0,1438.15,0.00431746347097892
2006-05-30,0.0,499.95,32.98,17.5,1303.95,0.004709960150158821
2006-05-31,0.0,456.52,32.37,18.8,1515.28,0.004709960150158821
2006-06-01,10.62,365.88,31.98,20.29,1915.54,0.005102456829338723
2006-06-02,0.0,426.82,31.5,19.28,1731.98,0.004709960150158821
2006-06-03,11.01,317.28,32.5,19.97,2078.33,0.00431746347097892
2006-06-04,0.0,426.25,30.03,18.05,1695.06,0.003924966791799018
2006-06-05,0.0,491.06,31.47,16.72,1429.65,0.01334488709211666
2006-06-06,0.0,513.19,28.99,13.5,1151.43,0.009419920300317642
2006-06-07,0.0,523.96,29.99,13.63,1138.94,0.007457436904418133
2006-06-08,0.0,472.15,32.77,18.2,1592.2,0.00667244354605833
2006-06-09,0.0,481.42,34.0,18.62,1604.72,0.006279946866878429
2006-06-10,0.0,483.92,34.37,18.7,1602.6,0.005887450187698527
2006-06-11,0.0,475.88,36.44,20.68,1810.55,0.006279946866878429
2006-06-12,0.0,436.99,35.35,21.5,2008.93,0.00431746347097892
2006-06-13,0.11,326.89,30.58,21.14,2287.77,0.010204913658677445
2006-06-14,52.91,177.84,27.61,21.04,2486.36,0.03493220444701126
2006-06-15,0.0,360.01,31.2,20.61,2394.73,0.018447343921455386
2006-06-16,0.0,412.02,31.5,19.2,2110.09,0.009812416979497545
2006-06-17,0.0,445.33,30.5,17.17,1814.89,0.007064940225238232
2006-06-18,0.0,463.01,30.2,16.24,1688.8,0.005887450187698527
2006-06-19,0.0,425.2,30.51,18.04,1947.91,0.005494953508518624
2006-06-20,0.0,431.3,32.79,19.83,2101.24,0.004709960150158821
2006-06-21,0.0,424.9,34.5,21.5,2325.18,0.00431746347097892
2006-06-22,0.0,448.22,35.62,21.49,2259.46,0.0029829747617672532
2006-06-23,0.0,441.98,34.7,21.0,2216.57,0.0025119787467513715
2006-06-24,0.0,384.99,33.05,21.73,2456.51,0.00215873173548946
2006-06-25,0.0,355.44,32.18,22.0,2572.4,0.0029437250938492633
2006-06-26,8.95,221.08,30.03,22.01,2641.73,0.005102456829338723
2006-06-27,12.81,272.17,31.64,21.4,2544.44,0.005102456829338723
2006-06-28,5.57,354.2,32.37,21.04,2453.08,0.00431746347097892
2006-06-29,11.56,337.69,33.08,19.5,2279.33,0.003924966791799018
2006-06-30,0.0,463.14,33.46,19.38,2140.48,0.0035717197805371064
2006-07-01,0.0,458.15,34.0,19.93,2219.97,0.003061474097603234
2006-07-02,0.0,435.17,33.57,20.5,2342.81,0.002629727750505342
2006-07-03,0.0,443.04,34.0,20.51,2326.18,0.0022764807392434304
2006-07-04,0.0,461.46,34.42,20.0,2223.01,0.001962483395899509
2006-07-05,0.0,450.97,34.5,20.52,2312.01,0.0016877357204735776
2006-07-06,0.0,439.08,34.8,21.27,2441.09,0.002472729078833381
2006-07-07,0.0,398.56,31.47,20.24,2349.02,0.0012952390412936758
2006-07-08,0.0,473.82,30.52,16.65,1814.44,0.0012952390412936758
2006-07-09,0.0,495.04,30.21,15.64,1591.62,0.0011774900375397053
2006-07-10,0.0,497.1,32.29,17.17,1733.05,0.0012952390412936758
2006-07-11,0.0,462.71,33.5,19.71,2079.44,0.0012167397054576954
2006-07-12,0.0,436.96,33.94,21.09,2311.08,0.0012559893733756857
2006-07-13,0.0,424.88,33.98,21.5,2394.42,0.0012167397054576954
2006-07-14,0.0,437.37,35.45,21.99,2428.96,0.0011382403696217152
2006-07-15,0.0,426.66,36.93,23.42,2661.86,0.0009027423621137741
2006-07-16,12.95,316.22,37.16,23.94,2967.98,0.001059741033785735
2006-07-17,0.0,421.7,36.0,22.79,2646.96,0.0011774900375397053
2006-07-18,0.0,440.12,35.23,21.5,2419.52,0.0013344887092116662
2006-07-19,0.0,452.47,35.98,21.5,2390.41,0.0012559893733756857
2006-07-20,0.0,465.08,35.53,20.59,2214.85,0.0011382403696217152
2006-07-21,0.0,435.87,34.89,21.31,2376.78,0.001059741033785735
2006-07-22,0.0,416.75,35.45,22.5,2590.72,0.0011774900375397053
2006-07-23,38.0,319.92,35.0,21.59,2569.11,0.0009812416979497545
2006-07-24,21.03,282.97,33.44,22.23,2676.15,0.0008634926941957839
2006-07-25,0.0,376.8,33.32,22.12,2659.34,0.0009812416979497545
2006-07-26,0.0,356.21,33.61,23.0,2800.0,0.0009812416979497545
2006-07-27,0.0,392.47,35.08,22.83,2760.73,0.0008634926941957839
2006-07-28,0.0,416.85,36.5,22.92,2745.31,0.0007849933583598036
2006-07-29,0.0,436.4,36.51,22.09,2583.45,0.0006672443546058331
2006-07-30,0.0,381.35,34.0,22.37,2697.52,0.0017269853883915677
2006-07-31,0.0,346.59,32.01,22.0,2639.93,0.0006279946866878429
2006-08-01,0.0,406.76,35.32,22.52,2701.97,0.0006672443546058331
2006-08-02,0.0,399.38,36.44,23.64,2896.24,0.0007457436904418133
2006-08-03,0.0,392.96,36.92,24.26,3017.5,0.0006672443546058331
2006-08-04,15.25,300.83,37.03,24.02,3003.39,0.0007849933583598036
2006-08-05,0.0,444.05,36.07,21.46,2525.33,0.0008634926941957839
2006-08-06,0.0,395.25,35.54,23.05,2808.06,0.0007849933583598036
2006-08-07,0.0,405.74,36.0,23.0,2794.45,0.0006672443546058331
2006-08-08,8.17,302.55,36.0,23.1,2815.91,0.0006279946866878429
2006-08-09,9.06,305.76,35.44,22.54,2726.65,0.006279946866878429
2006-08-10,21.33,288.95,35.5,23.48,2878.84,0.008242430262777937
2006-08-11,1.46,356.8,35.5,23.95,2987.49,0.00431746347097892
2006-08-12,7.71,285.37,34.18,22.67,2747.58,0.002629727750505342
2006-08-13,1.58,334.68,30.14,20.59,2414.66,0.0018839840600635284
2006-08-14,0.0,355.9,30.64,20.73,2437.38,0.001766235056309558
2006-08-15,0.0,413.59,32.67,20.34,2374.81,0.001530737048801617
2006-08-16,0.0,413.27,33.5,21.0,2480.0,0.001373738377129656
2006-08-17,0.0,388.45,33.58,22.03,2644.88,0.0012952390412936758
2006-08-18,0.0,361.22,33.04,22.61,2738.23,0.0013344887092116662
2006-08-19,0.0,353.9,32.68,22.65,2744.43,0.0014522377129656365
2006-08-20,0.0,358.62,33.39,23.11,2818.13,0.001373738377129656
2006-08-21,2.65,379.7,34.6,22.91,2786.08,0.005494953508518624
2006-08-22,5.78,304.93,35.02,22.62,2739.81,0.008242430262777937
2006-08-23,16.73,297.04,35.02,22.97,2795.83,0.020802323996534793
2006-08-24,26.38,275.44,33.08,22.52,2722.7,0.023942297429974006
2006-08-25,13.1,256.18,31.44,22.02,2642.55,0.05102456829338723
2006-08-26,0.0,323.5,31.5,22.66,2746.21,0.018447343921455386
2006-08-27,0.0,340.26,32.28,22.86,2776.81,0.00902742362113774
2006-08-28,0.02,363.07,33.0,22.76,2760.81,0.005494953508518624
2006-08-29,0.0,390.21,34.48,22.9,2784.07,0.0036109694484550963
2006-08-30,4.0,287.7,34.5,23.08,2812.88,0.0031399734334392145
2006-08-31,4.33,320.35,33.08,22.58,2732.87,0.005887450187698527
2006-09-01,6.04,249.9,30.43,22.0,2640.0,0.005494953508518624
2006-09-02,0.0,361.46,30.99,21.18,2509.58,0.02040982731735489
2006-09-03,0.0,366.78,31.91,21.78,2605.49,0.012559893733756858
2006-09-04,0.0,391.76,33.0,21.77,2602.96,0.01609236384637597
2006-09-05,16.28,288.38,32.97,22.02,2642.79,0.021979814034074497
2006-09-06,17.78,322.35,32.5,21.55,2567.37,0.07457436904418134
2006-09-07,19.1,233.63,29.0,21.15,2504.11,0.04709960150158821
2006-09-08,0.24,337.73,28.37,19.86,2308.85,0.06279946866878429
2006-09-09,0.0,365.34,29.78,20.26,2361.06,0.03453970776783136
2006-09-10,0.0,365.26,30.0,20.43,2389.41,0.01962483395899509
2006-09-11,0.0,398.48,30.5,19.61,2289.1,0.010989907017037248
2006-09-12,0.0,369.05,29.36,19.69,2295.25,0.008242430262777937
2006-09-13,6.35,251.14,27.79,19.42,2267.47,0.007064940225238232
2006-09-14,1.15,318.11,27.73,19.2,2231.91,0.00667244354605833
2006-09-15,0.0,461.95,29.93,15.92,1793.53,0.005494953508518624
2006-09-16,0.0,443.75,30.16,16.97,1921.65,0.00431746347097892
2006-09-17,0.0,441.13,30.51,17.18,1948.5,0.004709960150158821
2006-09-18,2.1,400.51,31.12,18.03,2076.25,0.0038464674559630374
2006-09-19,10.85,311.1,31.98,19.25,2239.91,0.00667244354605833
2006-09-20,0.0,459.79,30.0,15.08,1722.82,0.009812416979497545
2006-09-21,0.0,458.43,28.54,13.9,1592.03,0.007064940225238232
2006-09-22,0.0,434.59,29.47,15.87,1792.79,0.005494953508518624
2006-09-23,0.0,412.23,31.5,18.39,2114.13,0.005102456829338723
2006-09-24,0.0,383.22,32.86,20.67,2426.63,0.004709960150158821
2006-09-25,0.0,393.49,32.06,19.37,2258.56,0.00431746347097892
2006-09-26,0.0,420.24,29.62,15.93,1800.29,0.0037287184522090664
2006-09-27,0.0,418.26,29.5,15.73,1780.28,0.0037679681201270568
2006-09-28,0.0,424.15,30.0,15.56,1766.39,0.004709960150158821
2006-09-29,0.0,462.07,28.67,11.49,1358.89,0.0038464674559630374
2006-09-30,0.0,458.48,27.33,10.44,1275.22,0.00667244354605833
2006-10-01,0.0,456.62,29.48,11.62,1369.98,0.003532470112619116
2006-10-02,0.0,417.26,30.92,15.26,1736.43,0.0032577224371931842
2006-10-03,0.0,417.55,30.73,14.82,1691.04,0.0032184727692751943
2006-10-04,0.0,426.21,30.0,13.33,1531.44,0.0031399734334392145
2006-10-05,0.0,408.54,30.5,14.63,1661.4,0.0030222244296852436
2006-10-06,6.58,322.54,32.0,14.93,1708.86,0.0030222244296852436
2006-10-07,0.0,431.12,29.61,11.41,1353.05,0.0030222244296852436
2006-10-08,3.23,255.56,22.03,11.34,1347.39,0.003061474097603234
2006-10-09,0.0,246.73,21.05,13.09,1497.71,0.003414721108865145
2006-10-10,0.0,276.37,23.86,14.56,1650.86,0.003493220444701126
2006-10-11,0.0,336.63,27.5,15.04,1723.04,0.0036109694484550963
2006-10-12,0.0,362.98,28.19,14.0,1600.0,0.003414721108865145
2006-10-13,0.0,434.85,27.5,7.5,1040.0,0.0034539707767831354
2006-10-14,0.0,427.98,22.71,3.9,803.59,0.0030222244296852436
2006-10-15,0.0,417.92,23.5,5.11,886.53,0.0030222244296852436
2006-10-16,0.0,420.23,24.6,5.28,900.2,0.003061474097603234
2006-10-17,0.0,306.58,26.38,14.12,1611.19,0.0032184727692751943
2006-10-18,0.0,214.78,27.97,19.53,2280.39,0.0038464674559630374
2006-10-19,0.0,247.34,29.57,19.52,2275.79,0.0032184727692751943
2006-10-20,0.0,269.99,29.5,18.47,2117.5,0.003336221773029165
2006-10-21,0.0,397.09,28.58,9.45,1195.61,0.0029437250938492633
2006-10-22,0.0,370.07,26.21,9.61,1209.03,0.0028652257580132827
2006-10-23,0.01,329.14,20.66,7.39,1030.88,0.002629727750505342
2006-10-24,0.0,376.97,17.9,1.56,684.95,0.002433479410915391
2006-10-25,0.0,361.89,17.97,2.49,728.18,0.001962483395899509
2006-10-26,0.0,322.73,17.92,4.75,858.67,0.0020409827317354893
2006-10-27,7.07,215.23,22.33,10.52,1281.73,0.002629727750505342
2006-10-28,2.84,196.73,21.47,12.48,1438.06,0.003061474097603234
2006-10-29,0.0,356.61,22.42,6.21,937.11,0.0025512284146693614
2006-10-30,0.0,381.14,24.67,5.56,920.0,0.002472729078833381
2006-10-31,0.0,379.24,27.18,7.33,1026.14,0.0022764807392434304
2006-11-01,0.0,344.28,26.98,10.19,1255.1,0.0025119787467513715
2006-11-02,0.0,313.0,26.66,12.08,1406.24,0.002629727750505342
2006-11-03,0.0,348.56,22.68,5.99,929.88,0.0025904780825873517
2006-11-04,0.0,335.29,15.85,0.92,642.74,0.0023157304071614202
2006-11-05,0.0,296.22,16.41,3.9,805.77,0.001962483395899509
2006-11-06,0.0,282.89,18.91,6.96,996.85,0.00215873173548946
2006-11-07,5.62,165.67,21.09,11.93,1394.41,0.002747476754259312
2006-11-08,0.0,167.96,18.26,11.57,1365.67,0.003296972105111175
2006-11-09,0.0,258.93,20.42,9.32,1185.78,0.003296972105111175
2006-11-10,0.0,341.13,25.42,7.61,1048.83,0.003061474097603234
2006-11-11,0.0,340.12,26.38,8.12,1089.35,0.00431746347097892
2006-11-12,0.0,352.72,24.58,5.11,888.45,0.0028259760900952928
2006-11-13,0.0,352.53,20.37,1.53,682.02,0.002786726422177302
2006-11-14,0.0,350.69,22.5,3.13,769.84,0.002786726422177302
2006-11-15,19.5,248.6,24.37,6.57,966.0,0.0032577224371931842
2006-11-16,21.86,193.78,24.5,12.13,1410.32,0.023549800750794107
2006-11-17,0.0,244.26,16.41,5.54,920.0,0.01766235056309558
2006-11-18,0.0,281.66,15.42,2.24,720.0,0.013737383771296562
2006-11-19,0.0,316.91,17.59,1.2,655.81,0.011774900375397053
2006-11-20,0.0,305.51,17.52,2.08,720.0,0.011382403696217151
2006-11-21,17.41,171.93,13.0,2.87,749.48,0.012952390412936757
2006-11-22,8.19,106.49,8.46,2.68,734.07,0.021587317354894598
2006-11-23,0.0,239.79,14.46,3.82,800.48,0.021194820675714696
2006-11-24,0.0,305.23,18.54,3.01,761.16,0.01923233727981519
2006-11-25,0.0,320.65,20.58,2.96,756.52,0.01805484724227548
2006-11-26,0.0,333.47,21.69,1.77,701.63,0.016484860525555874
2006-11-27,0.0,295.02,22.39,6.23,944.6,0.01530737048801617
2006-11-28,0.0,258.77,24.58,10.93,1314.42,0.015699867167196072
2006-11-29,0.0,223.69,25.43,14.03,1601.84,0.01609236384637597
2006-11-30,0.71,172.44,25.02,16.37,1859.14,0.018839840600635285
2006-12-01,3.88,113.89,24.82,17.59,2013.74,0.02001733063817499
2006-12-02,0.0,310.23,22.53,5.03,880.01,0.018839840600635285
2006-12-03,3.89,179.81,16.32,6.64,971.71,0.01923233727981519
2006-12-04,0.0,184.27,11.73,3.94,800.0,0.02433479410915391
2006-12-05,0.0,318.51,14.74,-2.59,512.46,0.0223723107132544
2006-12-06,0.0,326.76,17.98,-1.44,555.4,0.02040982731735489
2006-12-07,0.0,290.56,19.5,3.82,803.33,0.01962483395899509
2006-12-08,0.0,318.79,15.82,-2.98,482.17,0.01726985388391568
2006-12-09,0.0,297.42,8.74,-7.14,360.0,0.015699867167196072
2006-12-10,0.0,311.95,14.74,-3.45,471.88,0.015699867167196072
2006-12-11,0.0,294.87,18.95,2.18,715.68,0.015699867167196072
2006-12-12,0.0,297.04,21.5,4.09,816.06,0.01609236384637597
2006-12-13,0.0,243.82,20.5,7.92,1073.2,0.014522377129656365
2006-12-14,0.0,179.48,20.4,11.81,1385.09,0.014914873808836266
2006-12-15,0.0,191.17,20.12,11.1,1327.83,0.014914873808836266
2006-12-16,0.0,298.23,21.5,4.42,833.51,0.014129880450476464
2006-12-17,0.0,297.51,24.44,6.57,965.65,0.012952390412936757
2006-12-18,0.0,296.44,25.0,6.96,996.71,0.012559893733756858
2006-12-19,0.0,294.71,25.0,7.13,1010.12,0.012167397054576956
2006-12-20,0.0,281.03,24.06,7.81,1064.92,0.011382403696217151
2006-12-21,0.0,202.45,20.67,10.58,1286.36,0.010989907017037248
2006-12-22,26.52,117.31,19.75,12.15,1412.18,0.01766235056309558
2006-12-23,16.53,79.73,21.49,16.33,1853.53,0.03179223101357204
2006-12-24,6.76,191.05,21.5,8.1,1088.01,0.023942297429974006
2006-12-25,26.1,168.71,20.44,9.33,1186.11,0.05102456829338723
2006-12-26,0.0,237.21,19.72,8.13,1090.41,0.05494953508518625
2006-12-27,0.0,226.81,11.16,1.0,640.0,0.03453970776783136
2006-12-28,0.0,299.88,15.38,-0.53,597.91,0.025512284146693615
2006-12-29,0.0,289.88,19.37,3.84,805.07,0.02433479410915391
2006-12-30,4.92,145.25,21.33,12.15,1412.66,0.0223723107132544
2006-12-31,2.74,127.36,23.03,15.68,1774.36,0.02472729078833381
2007-01-01,3.32,161.23,22.81,13.46,1543.3,0.02433479410915391
2007-01-02,0.0,288.84,17.35,4.0,806.39,0.023157304071614204
2007-01-03,0.0,280.3,17.48,4.84,867.45,0.021979814034074497
2007-01-04,0.0,220.49,21.41,12.02,1401.64,0.021194820675714696
2007-01-05,12.66,155.08,22.83,14.0,1599.74,0.021194820675714696
2007-01-06,0.0,238.63,23.62,13.07,1491.7,0.0223723107132544
2007-01-07,10.17,200.45,23.94,13.27,1524.18,0.021587317354894598
2007-01-08,9.72,175.99,22.81,12.68,1454.03,0.03375471440947155
2007-01-09,0.0,324.15,17.05,1.0,640.0,0.05494953508518625
2007-01-10,0.0,325.46,15.84,0.01,600.5,0.06279946866878429
2007-01-11,0.0,320.89,15.24,0.12,611.25,0.07064940225238232
2007-01-12,0.0,325.45,20.19,3.9,804.19,0.07849933583598036
2007-01-13,0.0,312.96,23.34,7.95,1076.24,0.07849933583598036
2007-01-14,0.0,291.11,23.79,10.34,1267.42,0.07849933583598036
2007-01-15,0.0,283.08,25.0,12.08,1406.14,0.07064940225238232
2007-01-16,0.0,266.96,23.58,12.02,1401.31,0.0667244354605833
2007-01-17,3.79,254.33,16.95,4.64,851.42,0.06279946866878429
2007-01-18,12.08,152.72,8.6,1.35,667.94,0.07849933583598036
2007-01-19,0.0,204.12,9.96,2.7,736.2,0.10597410337857346
2007-01-20,0.0,262.9,13.5,3.5,800.0,0.12167397054576955
2007-01-21,0.0,319.58,15.95,2.32,720.0,0.14522377129656366
2007-01-22,15.47,205.59,18.48,7.66,1053.1,0.18447343921455384
2007-01-23,0.0,203.41,13.22,6.04,923.97,0.2433479410915391
2007-01-24,0.0,155.98,10.57,5.31,904.99,0.27474767542593126
2007-01-25,0.0,236.56,12.46,4.09,809.91,0.34539707767831357
2007-01-26,0.0,362.36,14.0,-2.48,520.0,0.38464674559630374
2007-01-27,11.66,274.91,14.86,-2.02,520.0,0.3061474097603234
2007-01-28,13.3,243.0,15.51,2.63,735.89,0.27474767542593126
2007-01-29,0.0,355.04,11.54,-3.15,480.0,0.2825976090095293
2007-01-30,0.0,322.2,9.29,-2.69,504.9,0.2590478082587352
2007-01-31,0.0,321.31,11.0,-1.0,564.9,0.2590478082587352
2007-02-01,35.46,247.86,12.23,-0.26,599.08,0.27474767542593126
2007-02-02,26.59,137.26,11.21,5.4,904.98,0.5298705168928673
2007-02-03,0.0,303.33,11.84,1.28,664.75,0.7653685244008084
2007-02-04,0.0,287.9,9.56,-0.07,603.76,1.0008665319087495
2007-02-05,0.0,339.47,12.78,0.33,625.73,1.0244163326595435
2007-02-06,0.0,362.62,11.79,-2.05,520.82,0.8242430262777938
2007-02-07,0.0,380.59,16.31,0.44,631.16,0.663319387814034
2007-02-08,0.0,387.34,20.82,3.76,800.42,0.5220205833092693
2007-02-09,0.21,354.53,18.35,4.75,859.76,0.42389641351429386
2007-02-10,0.47,344.87,14.8,2.43,720.13,0.34932204447011256
2007-02-11,0.0,406.21,15.17,-1.91,526.87,0.30222244296852435
2007-02-12,0.0,402.09,19.04,2.02,707.81,0.2590478082587352
2007-02-13,9.81,298.81,22.5,5.31,902.46,0.22764807392434303
2007-02-14,2.81,328.31,20.4,6.95,995.77,0.25512284146693615
2007-02-15,0.0,366.72,12.17,-0.76,578.88,0.27474767542593126
2007-02-16,0.0,349.44,9.85,-1.85,531.99,0.31399734334392143
2007-02-17,0.0,406.12,10.45,-5.0,440.0,0.32577224371931846
2007-02-18,0.0,378.19,11.48,-2.05,520.75,0.2825976090095293
2007-02-19,0.0,398.4,12.89,-2.14,520.0,0.27474767542593126
2007-02-20,0.0,415.87,16.84,0.1,608.65,0.2590478082587352
2007-02-21,4.0,258.2,19.02,6.84,987.35,0.2433479410915391
2007-02-22,0.02,337.45,21.1,9.02,1161.41,0.2590478082587352
2007-02-23,0.0,425.51,23.83,4.99,879.13,0.25512284146693615
2007-02-24,0.0,431.6,19.33,0.72,639.88,0.25512284146693615
2007-02-25,4.37,282.56,21.97,7.4,1032.37,0.2472729078833381
2007-02-26,0.0,387.39,23.53,8.27,1101.86,0.2865225758013283
2007-02-27,0.0,426.02,23.38,5.29,901.48,0.3061474097603234
2007-02-28,0.0,446.19,24.5,4.28,822.59,0.29829747617672536
2007-03-01,0.0,351.91,22.98,9.95,1236.28,0.32969721051111744
2007-03-02,22.04,255.2,20.02,8.02,1081.21,0.4160464799306958
2007-03-03,0.0,407.43,19.69,4.11,808.68,0.5259455501010684
2007-03-04,0.0,375.82,17.54,3.96,803.09,0.5926699855616516
2007-03-05,0.0,431.59,15.77,-1.08,560.0,0.6122948195206468
2007-03-06,0.0,452.42,19.55,0.41,630.14,0.5259455501010684
2007-03-07,0.0,457.48,22.88,2.73,738.27,0.4160464799306958
2007-03-08,0.0,427.8,23.64,5.93,921.12,0.32969721051111744
2007-03-09,0.0,371.58,23.16,9.14,1171.18,0.2708227086341322
2007-03-10,0.0,380.95,23.32,8.96,1156.84,0.23157304071614204
2007-03-11,0.0,418.24,24.4,7.74,1058.88,0.1962483395899509
2007-03-12,0.0,428.28,26.13,8.52,1121.26,0.16877357204735774
2007-03-13,0.0,435.78,28.05,9.61,1208.78,0.1609236384637597
2007-03-14,0.0,402.42,28.0,11.96,1396.97,0.14129880450476465
2007-03-15,0.0,367.1,26.5,12.74,1462.79,0.12167397054576955
2007-03-16,4.79,256.76,26.1,13.65,1569.13,0.12167397054576955
2007-03-17,0.0,457.35,21.92,3.76,800.11,0.1334488709211666
2007-03-18,0.0,426.91,16.5,0.99,640.0,0.1098990701703725
2007-03-19,0.0,457.38,19.88,2.17,718.93,0.09419920300317643
2007-03-20,0.0,472.73,23.91,4.41,832.71,0.08242430262777936
2007-03-21,0.0,440.61,25.0,7.69,1054.85,0.07457436904418134
2007-03-22,0.0,365.98,24.49,11.35,1348.3,0.0667244354605833
2007-03-23,0.0,419.9,25.99,9.98,1238.55,0.06279946866878429
2007-03-24,0.0,445.69,28.66,10.57,1285.4,0.05494953508518625
2007-03-25,0.0,452.55,30.69,11.79,1383.16,0.05102456829338723
2007-03-26,0.0,395.36,29.3,14.24,1618.94,0.043174634709789196
2007-03-27,0.0,411.86,28.4,12.71,1456.66,0.03846467455963038
2007-03-28,0.0,440.2,29.04,11.7,1375.63,0.03414721108865145
2007-03-29,0.0,436.97,29.0,11.97,1397.71,0.02865225758013283
2007-03-30,0.0,405.12,26.12,11.5,1359.86,0.022764807392434302
2007-03-31,0.0,370.86,24.49,11.69,1375.51,0.018447343921455386
2007-04-01,0.0,383.08,26.29,12.76,1461.24,0.016484860525555874
2007-04-02,0.0,375.45,29.3,15.75,1780.27,0.012952390412936757
2007-04-03,0.0,365.39,30.01,16.84,1907.38,0.011382403696217151
2007-04-04,0.0,373.79,30.97,17.4,1982.53,0.009419920300317642
2007-04-05,0.0,469.76,27.47,9.84,1205.75,0.00863492694195784
2007-04-06,0.0,455.34,20.95,5.31,893.86,0.00667244354605833
2007-04-07,0.0,450.31,18.72,3.71,800.0,0.005102456829338723
2007-04-08,0.0,474.75,13.81,-1.98,521.88,0.00431746347097892
2007-04-09,0.0,492.34,16.49,-0.53,580.88,0.0038464674559630374
2007-04-10,0.0,458.86,18.36,3.11,756.13,0.003650219116373086
2007-04-11,0.0,443.85,23.25,8.35,1067.26,0.003532470112619116
2007-04-12,0.0,413.74,27.54,13.57,1502.99,0.0036109694484550963
2007-04-13,0.0,530.7,27.67,6.97,884.05,0.0034539707767831354
2007-04-14,0.0,516.95,28.32,8.49,986.79,0.0032184727692751943
2007-04-15,17.58,383.56,28.0,8.22,1083.91,0.0038857171238810277
2007-04-16,0.0,452.84,21.54,6.39,946.33,0.003336221773029165
2007-04-17,0.0,491.2,24.46,6.94,958.26,0.003493220444701126
2007-04-18,0.0,507.82,26.54,7.73,979.34,0.0034539707767831354
2007-04-19,0.0,465.17,24.02,8.2,1028.89,0.0032184727692751943
2007-04-20,0.0,442.84,24.48,9.76,1159.06,0.0032577224371931842
2007-04-21,0.0,466.74,22.45,6.85,943.62,0.002904475425931273
2007-04-22,0.0,517.78,26.0,7.01,900.28,0.002472729078833381
2007-04-23,0.0,513.43,27.45,8.68,956.03,0.0025119787467513715
2007-04-24,0.0,489.35,29.0,11.5,1166.6,0.0025119787467513715
2007-04-25,0.0,484.73,29.84,12.43,1238.76,0.0020409827317354893
2007-04-26,0.0,426.68,30.98,16.21,1657.77,0.0018839840600635284
2007-04-27,0.0,417.14,31.34,17.01,1752.61,0.0023157304071614202
2007-04-28,0.0,472.72,29.93,13.48,1284.87,0.001766235056309558
2007-04-29,0.0,501.0,28.97,11.27,1026.96,0.0016877357204735776
2007-04-30,0.0,522.39,30.93,11.48,1001.27,0.001766235056309558
2007-05-01,0.0,524.04,32.5,12.52,1056.58,0.0016484860525555875
2007-05-02,0.0,503.79,32.94,14.06,1189.76,0.0014129880450476464
2007-05-03,0.0,507.55,33.0,14.43,944.9,0.002904475425931273
2007-05-04,0.0,466.51,31.74,15.99,815.61,0.0015699867167196073
2007-05-05,0.37,363.1,29.25,17.8,1197.31,0.00431746347097892
2007-05-06,3.61,267.75,26.0,14.95,1287.7,0.003924966791799018
2007-05-07,0.0,467.47,24.0,9.05,602.95,0.0018447343921455383
2007-05-08,0.0,419.85,24.85,11.86,791.24,0.0016484860525555875
2007-05-09,3.95,233.09,26.0,16.49,1570.69,0.0017269853883915677
2007-05-10,0.0,367.68,27.89,16.7,1220.66,0.0017269853883915677
2007-05-11,0.0,449.21,29.92,15.65,937.14,0.0017269853883915677
2007-05-12,0.29,457.73,31.58,16.82,967.03,0.0016092363846375972
2007-05-13,0.0,456.18,31.9,17.32,999.42,0.0014522377129656365
2007-05-14,0.0,450.03,29.29,15.35,917.48,0.001373738377129656
2007-05-15,0.0,456.1,28.08,14.34,736.8,0.001373738377129656
2007-05-16,0.0,512.17,29.99,13.66,599.09,0.0018054847242275482
2007-05-17,0.0,451.42,29.45,15.94,771.69,0.0016484860525555875
2007-05-18,0.0,425.18,27.5,15.23,804.49,0.0034539707767831354
2007-05-19,0.0,496.05,26.5,11.54,543.49,0.003414721108865145
2007-05-20,0.0,548.98,27.0,9.13,427.22,0.0032184727692751943
2007-05-21,0.0,559.75,30.33,11.3,483.38,0.002786726422177302
2007-05-22,0.0,538.36,30.64,13.05,564.52,0.0038857171238810277
2007-05-23,0.0,463.73,29.92,16.2,725.76,0.002629727750505342
2007-05-24,0.0,449.85,28.87,15.88,725.47,0.001530737048801617
2007-05-25,0.0,481.08,29.0,14.87,651.68,0.0007064940225238232
2007-05-26,0.0,502.63,29.42,14.28,607.82,0.0007457436904418133
2007-05-27,0.0,509.82,30.11,14.56,607.93,0.00219798140340745
2007-05-28,0.0,487.56,29.71,15.29,641.28,0.0003924966791799018
2007-05-29,0.0,498.35,30.69,15.8,666.02,0.00011774900375397052
2007-05-30,0.0,538.15,31.99,14.96,632.51,0.00015699867167196072
2007-05-31,0.0,506.46,32.16,16.97,725.01,0.00023549800750794105
2007-06-01,0.0,441.59,31.06,18.89,831.77,0.0001962483395899509
2007-06-02,63.77,290.15,28.0,18.03,804.12,0.002629727750505342
2007-06-03,37.77,181.55,24.69,18.26,2098.16,0.010989907017037248
2007-06-04,6.08,290.44,30.78,19.5,2171.87,0.005887450187698527
2007-06-05,3.36,292.75,31.94,20.21,2286.89,0.0036894687842910765
2007-06-06,0.0,451.39,32.41,18.74,1755.37,0.0027082270863413222
2007-06-07,5.32,377.09,33.49,20.38,2113.5,0.0037287184522090664
2007-06-08,0.0,432.99,34.5,21.0,2078.06,0.006279946866878429
2007-06-09,0.0,445.81,35.5,21.22,2068.35,0.00211948206757147
2007-06-10,0.0,435.33,35.48,21.62,2143.8,0.0019232337279815187
2007-06-11,18.39,322.0,34.0,21.95,2498.47,0.0014522377129656365
2007-06-12,13.54,298.89,30.34,18.52,2115.56,0.0018839840600635284
2007-06-13,9.93,291.91,28.65,17.47,1994.58,0.0020802323996534796
2007-06-14,0.0,376.17,28.0,17.44,1969.5,0.003375471440947155
2007-06-15,4.36,340.85,28.61,17.77,2015.26,0.0028652257580132827
2007-06-16,0.0,385.04,29.36,18.51,2082.43,0.002472729078833381
2007-06-17,0.0,412.12,31.6,19.49,2161.39,0.002394229742997401
2007-06-18,0.0,431.46,33.56,20.43,2237.43,0.0014914873808836266
2007-06-19,0.09,419.57,33.74,21.03,2341.85,0.0016092363846375972
2007-06-20,1.71,373.58,31.85,20.93,2416.78,0.001962483395899509
2007-06-21,0.0,309.69,28.21,20.21,2353.78,0.003061474097603234
2007-06-22,0.0,473.17,31.5,17.7,1844.85,0.0026689774184233323
2007-06-23,0.0,481.47,34.47,19.57,2033.38,0.0022372310713254396
2007-06-24,0.0,479.0,36.0,20.78,2182.87,0.00211948206757147
2007-06-25,0.0,443.69,34.89,21.5,2360.26,0.0018839840600635284
2007-06-26,0.0,427.55,33.36,20.98,2330.27,0.00219798140340745
2007-06-27,0.0,406.22,32.63,21.19,2408.99,0.0025904780825873517
2007-06-28,0.0,427.81,32.8,20.66,2290.4,0.0028259760900952928
2007-06-29,0.0,431.84,33.35,21.07,2335.09,0.0032577224371931842
2007-06-30,0.0,436.72,34.03,21.5,2381.44,0.00431746347097892
2007-07-01,11.49,326.65,34.34,21.5,2549.43,0.00902742362113774
2007-07-02,17.88,292.22,32.22,21.5,2560.0,0.012952390412936757
2007-07-03,0.0,329.97,28.82,20.39,2383.02,0.00902742362113774
2007-07-04,0.0,408.83,29.48,18.58,2127.2,0.005887450187698527
2007-07-05,0.0,443.3,30.65,18.31,2069.19,0.005102456829338723
2007-07-06,0.0,424.47,32.24,20.33,2349.43,0.003924966791799018
2007-07-07,1.24,388.65,33.1,21.93,2611.91,0.003100723765521224
2007-07-08,11.43,268.86,31.96,22.38,2700.51,0.002904475425931273
2007-07-09,2.72,313.03,33.5,23.0,2800.0,0.004709960150158821
2007-07-10,0.0,394.68,34.3,23.24,2835.57,0.00431746347097892
2007-07-11,10.51,310.21,35.21,23.23,2836.27,0.001530737048801617
2007-07-12,0.0,442.46,34.87,21.83,2600.17,0.001373738377129656
2007-07-13,0.0,453.92,34.17,20.79,2431.42,0.0014522377129656365
2007-07-14,4.85,381.16,33.63,21.25,2515.83,0.0023549800750794106
2007-07-15,8.51,291.48,31.74,21.27,2523.28,0.002747476754259312
2007-07-16,0.0,418.11,33.21,21.4,2538.77,0.0022372310713254396
2007-07-17,0.0,418.82,34.0,21.98,2630.96,0.0006279946866878429
2007-07-18,0.0,435.62,35.47,22.42,2691.74,0.0005102456829338723
2007-07-19,0.03,432.67,35.51,22.55,2713.45,0.0004709960150158821
2007-07-20,0.0,442.66,35.42,22.0,2622.22,0.0004709960150158821
2007-07-21,11.33,352.43,34.22,21.0,2480.0,0.0005494953508518625
2007-07-22,0.0,424.58,31.0,19.25,2239.81,0.00043174634709789193
2007-07-23,0.0,487.81,31.0,16.6,1874.31,0.0003924966791799018
2007-07-24,0.0,479.6,32.0,17.76,2029.0,0.0003532470112619116
2007-07-25,0.0,422.44,32.0,20.17,2350.3,0.0003924966791799018
2007-07-26,0.16,406.67,32.41,21.03,2484.95,0.0005494953508518625
2007-07-27,0.0,435.59,33.59,20.87,2458.35,0.0006279946866878429
2007-07-28,30.83,325.97,34.01,21.19,2510.77,0.0006279946866878429
2007-07-29,22.07,274.47,31.88,22.0,2640.0,0.0008634926941957839
2007-07-30,15.06,285.51,32.33,22.42,2707.59,0.0011382403696217152
2007-07-31,0.0,359.55,31.5,22.01,2641.16,0.001059741033785735
2007-08-01,0.0,391.54,32.11,21.47,2555.03,0.0011382403696217152
2007-08-02,0.0,396.47,32.86,21.83,2612.17,0.0008242430262777937
2007-08-03,16.48,264.98,30.5,21.49,2558.57,0.002786726422177302
2007-08-04,2.15,300.91,29.4,21.41,2545.93,0.003924966791799018
2007-08-05,0.0,411.33,34.0,22.29,2686.9,0.0029437250938492633
2007-08-06,0.0,422.1,36.0,23.31,2849.18,0.0023549800750794106
2007-08-07,0.0,416.37,36.82,24.02,3003.48,0.0020409827317354893
2007-08-08,0.0,403.05,37.45,24.92,3148.31,0.001766235056309558
2007-08-09,0.0,404.64,37.73,25.0,3160.0,0.0018839840600635284
2007-08-10,0.0,420.64,37.97,24.44,3071.17,0.0022372310713254396
2007-08-11,21.43,312.31,37.86,24.5,3080.73,0.0016877357204735776
2007-08-12,0.0,401.26,35.54,23.5,2879.27,0.0014129880450476464
2007-08-13,8.96,325.55,34.5,23.05,2807.91,0.0016484860525555875
2007-08-14,0.0,428.96,35.84,22.47,2715.19,0.001766235056309558
2007-08-15,0.0,424.24,35.94,22.69,2749.6,0.0018447343921455383
2007-08-16,0.0,398.2,35.56,23.44,2871.6,0.0020409827317354893
2007-08-17,0.0,383.85,34.76,23.4,2863.22,0.00215873173548946
2007-08-18,0.0,414.97,34.7,22.13,2660.15,0.001766235056309558
2007-08-19,0.0,417.69,34.58,21.92,2627.06,0.0012167397054576954
2007-08-20,0.0,424.87,35.5,22.24,2678.95,0.0008634926941957839
2007-08-21,0.0,432.54,36.5,22.5,2720.62,0.0007849933583598036
2007-08-22,0.0,434.92,37.5,23.01,2800.95,0.001059741033785735
2007-08-23,0.0,414.52,36.08,22.97,2794.81,0.0013344887092116662
2007-08-24,0.0,356.1,33.43,23.17,2827.29,0.0012559893733756857
2007-08-25,0.0,364.17,33.57,22.99,2799.13,0.0012167397054576954
2007-08-26,2.58,354.12,33.5,22.36,2697.24,0.0012559893733756857
2007-08-27,14.76,284.86,33.5,22.4,2703.86,0.0020802323996534796
2007-08-28,15.47,256.49,32.12,22.57,2731.07,0.002472729078833381
2007-08-29,11.9,274.41,32.15,22.72,2755.39,0.0020802323996534796
2007-08-30,3.12,368.77,33.46,22.23,2676.03,0.0020409827317354893
2007-08-31,25.83,234.69,31.02,22.46,2713.4,0.006279946866878429
2007-09-01,32.29,136.56,27.02,22.49,2717.92,0.010989907017037248
2007-09-02,15.54,150.33,26.9,21.94,2630.72,0.058874501876985265
2007-09-03,0.0,385.24,31.13,20.24,2359.71,0.07849933583598036
2007-09-04,0.0,431.13,32.01,18.98,2196.02,0.04709960150158821
2007-09-05,0.0,438.39,32.52,18.92,2186.81,0.027474767542593124
2007-09-06,0.0,409.78,32.5,20.15,2346.08,0.07849933583598036
2007-09-07,0.0,408.81,32.17,19.89,2312.53,0.4160464799306958
2007-09-08,0.0,431.81,31.5,18.26,2100.86,0.47492098180768116
2007-09-09,0.0,442.07,31.5,17.68,2029.15,0.3571719780537106
2007-09-10,0.0,417.3,32.81,19.79,2302.4,0.25119787467513716
2007-09-11,0.0,392.09,33.03,20.99,2478.38,0.17269853883915678
2007-09-12,6.53,283.91,33.06,21.5,2560.38,0.12559893733756858
2007-09-13,17.52,259.31,31.78,21.74,2597.78,0.2708227086341322
2007-09-14,15.47,259.74,32.0,21.91,2625.1,0.29829747617672536
2007-09-15,0.0,336.46,31.0,21.45,2551.91,0.31007237655212244
2007-09-16,0.0,365.54,29.89,19.48,2274.86,0.219798140340745
2007-09-17,0.0,365.95,27.29,17.28,1965.1,0.2943725093849263
2007-09-18,0.0,407.75,27.5,15.79,1784.6,0.32577224371931846
2007-09-19,0.0,394.11,27.24,16.11,1823.15,0.2708227086341322
2007-09-20,5.6,265.44,26.49,18.65,2149.96,0.2080232399653479
2007-09-21,8.71,148.54,26.26,21.37,2539.88,0.18054847242275482
2007-09-22,18.4,207.19,28.56,21.46,2553.66,0.17269853883915678
2007-09-23,0.0,357.35,31.23,21.07,2491.66,0.1962483395899509
2007-09-24,0.0,381.1,32.0,20.62,2419.35,0.19232337279815187
2007-09-25,0.0,386.13,31.54,19.94,2315.42,0.1530737048801617
2007-09-26,0.09,353.42,30.5,20.34,2374.99,0.12559893733756858
2007-09-27,0.0,394.2,31.99,19.66,2290.96,0.1609236384637597
2007-09-28,0.0,384.08,32.0,20.0,2322.77,0.1530737048801617
2007-09-29,0.0,421.31,30.24,16.53,1875.34,0.09812416979497544
2007-09-30,0.0,420.71,28.5,15.0,1708.0,0.0667244354605833
2007-10-01,0.0,393.01,28.0,15.75,1783.37,0.05102456829338723
2007-10-02,2.67,328.25,28.99,17.29,1970.44,0.03924966791799018
2007-10-03,15.92,204.09,27.5,19.7,2293.3,0.04709960150158821
2007-10-04,18.06,97.08,25.76,22.31,2690.28,0.07064940225238232
2007-10-05,7.56,135.76,26.88,22.0,2640.0,0.09812416979497544
2007-10-06,3.47,199.34,29.5,22.5,2720.0,0.10204913658677446
2007-10-07,0.0,278.61,29.5,21.57,2571.45,0.16484860525555872
2007-10-08,0.0,308.14,29.86,20.9,2464.78,0.27474767542593126
2007-10-09,0.0,358.16,30.53,19.37,2258.42,0.2865225758013283
2007-10-10,0.0,368.99,31.5,19.48,2272.81,0.2825976090095293
2007-10-11,0.0,429.05,29.86,13.87,1589.77,0.2629727750505342
2007-10-12,0.0,442.59,25.5,9.27,1181.58,0.21194820675714693
2007-10-13,0.0,448.85,26.08,8.4,1112.27,0.16484860525555872
2007-10-14,0.0,439.21,26.5,9.2,1176.36,0.12559893733756858
2007-10-15,0.0,419.27,27.52,11.48,1358.01,0.09812416979497544
2007-10-16,0.0,364.89,28.47,15.74,1781.45,0.07849933583598036
2007-10-17,0.0,338.7,29.5,17.79,2046.12,0.06279946866878429
2007-10-18,0.0,321.31,30.39,19.26,2241.68,0.05102456829338723
2007-10-19,1.94,292.1,30.56,19.69,2295.4,0.043174634709789196
2007-10-20,0.0,321.31,25.68,15.1,1728.38,0.03453970776783136
2007-10-21,0.0,400.59,26.95,10.71,1296.8,0.02904475425931273
2007-10-22,0.0,335.68,28.0,15.65,1775.33,0.023942297429974006
2007-10-23,0.0,247.88,29.19,20.54,2407.1,0.020802323996534793
2007-10-24,21.29,251.47,29.94,16.93,1914.23,0.020802323996534793
2007-10-25,11.4,200.61,22.06,13.82,1582.78,0.02865225758013283
2007-10-26,9.95,212.81,23.21,13.95,1595.98,0.04709960150158821
2007-10-27,0.0,256.92,23.17,14.75,1681.61,0.07457436904418134
2007-10-28,0.0,285.14,23.0,13.46,1550.15,0.07457436904418134
2007-10-29,0.0,267.26,19.0,10.58,1286.4,0.0667244354605833
2007-10-30,0.0,339.36,20.67,8.74,1138.82,0.058874501876985265
2007-10-31,0.0,360.43,24.03,9.97,1237.31,0.05494953508518625
2007-11-01,0.0,326.98,26.89,14.31,1625.49,0.05102456829338723
2007-11-02,0.0,351.69,26.0,11.55,1363.95,0.043174634709789196
2007-11-03,0.0,379.18,23.42,6.37,949.83,0.03336221773029165
2007-11-04,0.0,383.82,22.4,4.26,820.45,0.027474767542593124
2007-11-05,0.0,375.32,23.0,5.1,888.37,0.021979814034074497
2007-11-06,0.0,379.29,24.0,4.66,852.53,0.018447343921455386
2007-11-07,0.0,383.66,21.25,1.17,653.33,0.014522377129656365
2007-11-08,0.0,359.35,15.92,-0.77,579.37,0.014129880450476464
2007-11-09,0.0,364.15,18.03,0.07,611.93,0.012559893733756858
2007-11-10,0.0,344.98,20.5,3.85,800.0,0.011774900375397053
2007-11-11,0.0,342.23,20.45,3.85,801.34,0.010597410337857348
2007-11-12,0.0,348.31,20.41,3.03,762.22,0.009812416979497545
2007-11-13,0.0,348.01,23.0,4.83,866.61,0.00902742362113774
2007-11-14,0.0,327.24,25.11,8.39,1111.57,0.008242430262777937
2007-11-15,0.0,304.04,25.56,10.49,1279.52,0.008242430262777937
2007-11-16,0.0,354.38,18.72,-0.49,600.0,0.007849933583598036
2007-11-17,0.0,343.75,16.2,-1.81,535.82,0.007457436904418133
2007-11-18,0.0,325.09,19.98,2.94,756.68,0.007457436904418133
2007-11-19,0.0,291.84,23.48,8.5,1120.0,0.007849933583598036
2007-11-20,0.0,318.96,25.0,7.14,1011.1,0.007064940225238232
2007-11-21,0.0,303.01,25.78,9.0,1160.31,0.007064940225238232
2007-11-22,0.0,267.64,25.0,10.91,1312.62,0.00667244354605833
2007-11-23,0.0,314.54,22.27,4.4,832.27,0.00667244354605833
2007-11-24,0.0,245.27,14.87,3.0,759.98,0.005887450187698527
2007-11-25,0.0,179.61,14.63,6.29,949.62,0.006279946866878429
2007-11-26,6.21,155.24,21.2,10.86,1308.68,0.00667244354605833
2007-11-27,0.0,241.78,22.97,10.2,1256.28,0.00667244354605833
2007-11-28,0.0,256.24,18.95,5.5,910.3,0.005887450187698527
2007-11-29,0.0,203.89,18.0,7.83,1066.41,0.005887450187698527
2007-11-30,0.0,247.78,19.99,6.89,991.5,0.007457436904418133
2007-12-01,0.0,287.8,19.53,3.19,774.95,0.007849933583598036
2007-12-02,0.0,261.6,21.84,7.27,1021.5,0.008242430262777937
2007-12-03,0.0,235.85,23.12,10.28,1262.55,0.00902742362113774
2007-12-04,0.0,316.79,19.84,0.0,600.48,0.008242430262777937
2007-12-05,0.0,302.96,18.12,0.1,608.02,0.007457436904418133
2007-12-06,0.0,266.97,17.02,2.49,729.11,0.007457436904418133
2007-12-07,0.0,205.44,16.03,5.81,919.88,0.00667244354605833
2007-12-08,0.0,258.48,20.99,6.86,988.82,0.007064940225238232
2007-12-09,0.0,277.39,25.05,8.66,1133.2,0.006279946866878429
2007-12-10,0.0,282.23,26.49,9.25,1180.0,0.005887450187698527
2007-12-11,0.0,277.17,26.5,9.7,1216.3,0.00667244354605833
2007-12-12,0.0,263.06,26.5,11.02,1321.25,0.006279946866878429
2007-12-13,0.0,263.34,26.5,11.01,1321.05,0.006279946866878429
2007-12-14,0.0,257.21,26.46,11.5,1360.0,0.005887450187698527
2007-12-15,17.97,219.6,25.05,10.0,1239.64,0.006279946866878429
2007-12-16,34.49,177.21,20.37,7.98,1078.55,0.014522377129656365
2007-12-17,0.0,265.0,12.02,-1.57,554.61,0.02865225758013283
2007-12-18,0.0,291.67,12.06,-3.82,454.32,0.027474767542593124
2007-12-19,0.0,299.98,16.46,-0.85,576.22,0.03061474097603234
2007-12-20,16.83,217.74,19.46,5.73,920.0,0.03493220444701126
2007-12-21,59.42,162.63,19.18,8.41,1113.02,0.219798140340745
2007-12-22,0.2,157.42,15.18,7.97,1077.96,0.47884594859948015
2007-12-23,0.0,188.76,18.24,9.43,1194.38,0.5416454172682644
2007-12-24,0.0,291.46,17.96,2.08,718.8,0.5494953508518625
2007-12-25,9.61,193.4,15.25,2.37,720.0,0.5455703840600634
2007-12-26,0.0,189.77,11.59,3.04,763.06,0.42389641351429386
2007-12-27,0.0,181.92,12.06,3.96,800.04,0.3375471440947155
2007-12-28,0.0,236.45,19.17,7.63,1050.12,0.2825976090095293
2007-12-29,23.19,155.1,23.58,13.35,1534.82,0.2629727750505342
2007-12-30,17.42,83.25,21.89,16.78,1902.73,0.40819654634709784
2007-12-31,0.02,286.22,21.7,6.4,955.42,0.6162197863124458
2008-01-01,0.0,282.38,18.29,4.95,876.08,0.7418187236500143
2008-01-02,0.0,315.89,14.47,-1.5,559.93,0.8006932255269996
2008-01-03,0.0,236.54,4.26,-5.15,427.77,0.7535936240254114
2008-01-04,0.0,301.85,6.95,-6.73,360.13,0.6044448859370487
2008-01-05,0.0,319.63,12.54,-3.31,476.23,0.4945458157666762
2008-01-06,0.0,313.65,17.83,2.07,711.1,0.435671313889691
2008-01-07,0.0,313.98,22.43,5.92,920.0,0.3807217788045047
2008-01-08,0.0,298.74,23.0,8.07,1085.83,0.3375471440947155
2008-01-09,0.0,276.64,23.6,10.51,1280.62,0.31007237655212244
2008-01-10,0.0,267.66,24.54,12.0,1400.31,0.2825976090095293
2008-01-11,13.58,179.05,24.14,13.53,1560.56,0.2629727750505342
2008-01-12,4.37,177.93,21.37,11.66,1372.61,0.27867264221773025
2008-01-13,0.0,206.6,18.39,10.1,1248.08,0.3532470112619116
2008-01-14,0.0,311.33,17.89,3.38,790.62,0.3414721108865145
2008-01-15,0.0,301.18,14.96,1.76,700.55,0.31007237655212244
2008-01-16,22.7,211.0,12.23,0.7,636.27,0.2825976090095293
2008-01-17,17.93,118.22,8.3,2.65,740.04,0.3532470112619116
2008-01-18,0.0,167.61,9.39,3.36,788.84,0.5337954836846664
2008-01-19,30.86,180.61,13.34,4.14,810.89,0.6907941553566271
2008-01-20,0.0,232.2,6.96,-1.51,554.36,0.9969415651169505
2008-01-21,0.0,286.89,7.35,-3.77,460.38,1.1735650707479062
2008-01-22,1.8,315.01,11.6,-1.46,552.11,1.2363645394166904
2008-01-23,0.54,306.46,17.41,4.53,842.47,1.1617901703725093
2008-01-24,0.0,230.65,16.03,7.41,1032.73,0.9812416979497545
2008-01-25,0.0,348.05,12.86,-2.54,515.37,0.8242430262777938
2008-01-26,0.0,236.78,7.83,-0.5,592.71,0.6986440889402251
2008-01-27,0.0,263.65,10.6,1.01,641.18,0.5926699855616516
2008-01-28,0.0,366.65,16.5,-0.7,583.94,0.5220205833092693
2008-01-29,0.0,371.77,17.47,-0.2,599.86,0.45529614784868605
2008-01-30,0.0,348.61,18.5,3.34,781.44,0.39642164597170076
2008-01-31,0.02,368.46,15.93,-0.71,581.93,0.3532470112619116
2008-02-01,2.97,262.48,18.07,3.91,805.36,0.31399734334392143
2008-02-02,0.0,389.91,18.86,-0.73,582.13,0.2943725093849263
2008-02-03,0.0,389.12,20.05,0.46,631.01,0.2825976090095293
2008-02-04,0.0,372.56,23.77,5.78,919.64,0.2668977418423332
2008-02-05,0.0,301.78,26.07,13.5,1553.08,0.25119787467513716
2008-02-06,7.37,239.99,27.5,14.82,1691.43,0.23942297429974008
2008-02-07,5.63,285.02,25.98,7.57,1045.29,0.23157304071614204
2008-02-08,0.0,377.01,19.38,2.88,751.17,0.23549800750794106
2008-02-09,0.0,377.54,20.42,3.81,800.8,0.23157304071614204
2008-02-10,0.0,402.31,22.0,2.32,720.04,0.23549800750794106
2008-02-11,0.0,401.79,20.91,1.51,681.04,0.21194820675714693
2008-02-12,1.43,382.19,21.99,2.98,758.1,0.1766235056309558
2008-02-13,8.51,247.88,22.24,8.67,1133.63,0.1609236384637597
2008-02-14,0.0,415.97,17.52,-2.48,516.35,0.14914873808836268
2008-02-15,0.0,399.87,16.35,-1.58,552.66,0.1295239041293676
2008-02-16,0.0,406.28,20.59,1.17,653.47,0.11774900375397053
2008-02-17,0.0,339.03,23.97,9.32,1185.38,0.11382403696217151
2008-02-18,36.16,227.71,25.0,12.24,1418.81,0.25119787467513716
2008-02-19,0.0,384.51,21.29,3.85,800.0,0.5848200519780536
2008-02-20,0.0,371.52,17.83,1.88,710.61,1.0087164654923475
2008-02-21,3.24,366.63,20.35,3.52,793.96,1.4208379786312444
2008-02-22,25.64,178.93,15.82,6.93,994.04,1.550361882760612
2008-02-23,33.2,191.85,18.2,8.51,1120.95,2.0998572336124743
2008-02-24,0.0,391.72,22.0,4.71,856.72,3.073248997978631
2008-02-25,0.0,367.3,21.06,5.58,912.28,4.31746347097892
2008-02-26,0.0,352.38,21.85,7.15,1011.99,4.1212151313889684
2008-02-27,0.0,374.27,17.74,2.39,720.0,3.4578957435749342
2008-02-28,0.0,342.39,10.07,-2.72,502.06,2.7867264221773027
2008-02-29,0.0,364.38,12.66,-1.3,558.87,2.284330672827028
2008-03-01,0.0,383.64,18.9,3.49,799.14,1.7623100895177588
2008-03-02,0.0,423.68,22.5,3.83,800.34,1.346263609587063
2008-03-03,0.0,391.68,23.59,7.33,1026.64,1.0715159341611318
2008-03-04,15.21,249.85,25.2,12.18,1414.3,0.9066673289055731
2008-03-05,0.0,388.68,23.09,7.6,1048.07,0.894892428530176
2008-03-06,0.0,418.15,20.94,3.93,801.15,1.0832908345365289
2008-03-07,23.33,264.49,22.92,9.5,1199.95,1.2049648050822983
2008-03-08,0.0,317.42,20.43,9.12,1169.31,1.314863875252671
2008-03-09,0.0,396.59,13.5,-0.82,574.4,1.5150371816344208
2008-03-10,0.0,419.07,17.01,1.27,663.8,1.4836374473000287
2008-03-11,2.35,358.23,20.41,2.83,748.37,1.2716892405428817
2008-03-12,0.0,414.39,21.34,5.81,921.26,1.087215801328328
2008-03-13,0.0,458.36,22.81,4.27,821.77,1.0008665319087495
2008-03-14,0.0,431.06,24.0,7.26,1020.62,0.8988173953219749
2008-03-15,8.09,236.8,23.07,12.96,1481.73,0.7692934911926075
2008-03-16,0.0,384.05,25.5,11.74,1379.43,0.6947191221484261
2008-03-17,0.0,392.27,21.96,8.51,1120.5,0.5887450187698526
2008-03-18,0.0,361.11,21.64,9.74,1219.3,0.49847078255847527
2008-03-19,12.52,241.82,24.16,13.63,1564.2,0.447446214265088
2008-03-20,0.0,452.86,26.52,9.5,1200.0,0.46707104822408313
2008-03-21,0.0,457.86,20.88,4.6,847.61,0.4945458157666762
2008-03-22,0.0,438.61,23.52,8.16,1093.16,0.5180956165174704
2008-03-23,0.0,430.32,23.71,8.7,1135.69,0.5220205833092693
2008-03-24,0.0,429.4,20.0,5.5,913.11,0.4945458157666762
2008-03-25,0.0,451.06,15.46,0.45,634.97,0.4631460814322841
2008-03-26,0.0,489.24,18.45,0.84,640.55,0.38464674559630374
2008-03-27,0.0,486.57,23.37,5.24,896.89,0.3179223101357204
2008-03-28,0.0,453.43,25.62,9.31,1185.08,0.27474767542593126
2008-03-29,0.0,446.39,27.39,11.17,1333.56,0.2433479410915391
2008-03-30,0.0,435.07,24.2,9.16,1172.71,0.223723107132544
2008-03-31,0.0,307.14,16.64,7.59,1047.08,0.1962483395899509
2008-04-01,0.0,400.47,22.46,9.7,1216.33,0.18447343921455384
2008-04-02,0.0,415.87,28.92,14.66,1667.49,0.2080232399653479
2008-04-03,25.53,307.37,27.48,13.75,1579.71,0.2080232399653479
2008-04-04,0.0,254.47,19.95,12.7,1457.25,0.34932204447011256
2008-04-05,17.16,305.53,28.48,15.13,1722.83,0.8438678602367888
2008-04-06,0.66,297.66,24.99,15.86,1789.15,1.734835321975166
2008-04-07,0.0,329.26,24.4,14.72,1676.41,2.7592516546347094
2008-04-08,0.0,268.18,18.18,10.98,1318.41,2.665052451631533
2008-04-09,0.0,404.08,21.61,9.93,1234.11,1.8408094253537393
2008-04-10,0.0,474.52,25.5,10.28,1262.78,1.2481394397920875
2008-04-11,0.0,472.79,28.0,12.48,1438.05,0.9694667975743574
2008-04-12,2.54,363.21,30.2,15.88,1793.29,0.7810683915680044
2008-04-13,0.0,494.11,26.41,10.29,1263.5,0.6711693213976321
2008-04-14,0.0,486.08,20.0,5.29,903.04,0.5573452844354605
2008-04-15,0.0,431.81,16.91,4.97,877.68,0.47884594859948015
2008-04-16,0.0,531.5,19.38,2.16,720.0,0.40819654634709784
2008-04-17,0.0,553.8,23.51,3.59,798.93,0.3650219116373086
2008-04-18,0.0,550.45,26.39,5.84,920.0,0.3179223101357204
2008-04-19,0.42,479.41,27.0,10.43,1274.2,0.23942297429974008
2008-04-20,0.0,490.84,26.52,10.35,1267.97,0.2001733063817499
2008-04-21,0.0,487.06,26.97,10.91,1313.1,0.15699867167196072
2008-04-22,0.0,472.28,25.51,10.53,1282.58,0.11774900375397053
2008-04-23,0.0,400.68,24.81,13.03,1491.33,0.09027423621137741
2008-04-24,0.0,388.77,26.07,14.67,1668.11,0.07064940225238232
2008-04-25,0.0,434.04,28.14,14.84,1693.83,0.05102456829338723
2008-04-26,6.95,354.77,28.56,14.36,1628.77,0.043174634709789196
2008-04-27,21.32,319.9,27.11,15.0,1720.0,0.03375471440947155
2008-04-28,11.63,276.35,27.98,17.49,1998.8,0.07064940225238232
2008-04-29,0.0,476.47,23.87,9.89,1231.33,0.16484860525555872
2008-04-30,0.0,539.08,21.92,4.64,851.29,0.1962483395899509
2008-05-01,0.0,531.29,25.3,7.8,1063.95,0.2433479410915391
2008-05-02,0.0,495.37,27.48,11.65,1371.6,0.30222244296852435
2008-05-03,0.0,484.82,28.43,12.92,1473.83,0.2865225758013283
2008-05-04,0.0,461.0,29.76,14.97,1713.77,0.21587317354894595
2008-05-05,0.0,485.66,30.44,14.24,1619.09,0.1334488709211666
2008-05-06,0.0,465.03,29.5,14.4,1631.78,0.08242430262777936
2008-05-07,0.0,441.53,29.0,14.97,1713.65,0.05494953508518625
2008-05-08,0.0,403.47,30.5,17.64,2022.63,0.03689468784291077
2008-05-09,1.02,372.62,31.81,19.38,2261.48,0.02629727750505342
2008-05-10,0.0,377.12,31.23,19.29,2247.04,0.02472729078833381
2008-05-11,14.14,268.48,29.75,18.83,2173.07,0.025904780825873514
2008-05-12,0.0,479.09,28.0,12.52,1441.9,0.03179223101357204
2008-05-13,0.0,497.22,26.57,10.45,1275.62,0.025119787467513716
2008-05-14,0.0,460.79,25.56,11.39,1351.1,0.01766235056309558
2008-05-15,0.0,431.54,28.37,14.95,1709.27,0.014522377129656365
2008-05-16,0.0,389.82,29.0,17.19,1951.51,0.01609236384637597
2008-05-17,0.0,474.0,28.19,13.2,1514.16,0.02040982731735489
2008-05-18,0.0,458.23,28.3,14.18,1614.78,0.01805484724227548
2008-05-19,0.0,426.0,29.88,16.93,1914.08,0.012167397054576956
2008-05-20,5.85,327.57,31.44,18.36,2106.58,0.007457436904418133
2008-05-21,2.88,372.84,32.0,17.67,2014.43,0.00431746347097892
2008-05-22,0.0,467.57,29.51,15.03,1691.26,0.0025904780825873517
2008-05-23,0.0,383.38,27.5,16.62,1879.66,0.0014522377129656365
2008-05-24,0.0,390.43,29.65,18.32,2006.89,0.001373738377129656
2008-05-25,0.0,501.79,30.34,14.4,1413.23,0.001373738377129656
2008-05-26,0.0,492.79,28.48,13.3,1339.57,0.0010204913658677446
2008-05-27,0.0,498.94,30.57,14.61,1432.92,0.0007457436904418133
2008-05-28,12.26,354.85,31.99,16.5,1829.88,0.0005102456829338723
2008-05-29,0.0,413.22,30.67,18.12,1980.92,0.0008634926941957839
2008-05-30,0.0,289.61,25.92,18.05,2081.1,0.0016877357204735776
2008-05-31,0.0,402.11,30.46,18.68,2069.25,0.0003924966791799018
2008-06-01,0.0,427.99,34.38,21.01,2301.8,0.001962483395899509
2008-06-02,5.31,327.63,33.5,20.0,2300.92,0.001059741033785735
2008-06-03,0.0,404.57,32.5,20.5,2246.7,0.0001962483395899509
2008-06-04,0.0,421.59,34.28,21.43,2324.6,0.00015699867167196072
2008-06-05,0.0,422.71,35.5,22.41,2452.07,0.0012559893733756857
2008-06-06,0.0,441.95,35.34,21.78,2170.04,0.0020802323996534796
2008-06-07,0.0,463.67,35.5,21.0,2017.42,0.0008242430262777937
2008-06-08,0.0,473.9,36.5,21.24,2014.42,0.0003532470112619116
2008-06-09,0.0,474.03,37.0,21.51,2043.81,0.00015699867167196072
2008-06-10,0.0,469.33,36.77,21.47,2032.94,0.00011774900375397052
2008-06-11,0.0,480.61,35.5,20.0,1843.87,0.0001962483395899509
2008-06-12,0.0,443.47,33.65,20.16,1956.6,0.0004709960150158821
2008-06-13,0.0,426.63,33.15,20.41,2029.17,0.0005494953508518625
2008-06-14,0.0,469.75,34.0,19.48,1768.16,0.0
2008-06-15,13.77,360.55,34.06,20.38,2133.41,0.0003924966791799018
2008-06-16,0.0,420.06,32.45,20.0,2039.03,0.010204913658677445
2008-06-17,0.0,443.09,35.09,21.3,2131.58,0.0031792231013572044
2008-06-18,0.0,460.68,34.93,20.57,1914.29,0.0014914873808836266
2008-06-19,0.0,472.02,33.54,18.96,1719.92,0.001059741033785735
2008-06-20,0.0,461.36,33.94,19.72,1822.3,0.0009027423621137741
2008-06-21,0.0,442.12,34.63,21.06,2018.18,0.0008634926941957839
2008-06-22,7.61,321.73,33.6,20.29,2222.32,0.0006672443546058331
2008-06-23,0.0,418.85,33.0,20.43,2060.09,0.0005494953508518625
2008-06-24,0.0,449.3,34.88,20.85,2026.44,0.0003924966791799018
2008-06-25,0.0,453.2,36.0,21.57,2100.01,0.00023549800750794105
2008-06-26,0.0,459.0,35.5,20.98,2016.58,0.0007849933583598036
2008-06-27,0.0,449.07,34.96,21.0,2046.8,0.00431746347097892
2008-06-28,4.93,351.08,34.5,22.0,2434.92,0.0018447343921455383
2008-06-29,7.84,300.54,33.64,21.51,2517.53,0.0003924966791799018
2008-06-30,0.0,318.67,30.57,21.49,2527.33,0.00031399734334392143
2008-07-01,0.0,427.37,31.55,18.92,1943.94,0.00031399734334392143
2008-07-02,0.0,453.82,32.4,18.6,1852.27,0.0001962483395899509
2008-07-03,0.0,434.23,32.61,19.73,1862.11,0.0005887450187698526
2008-07-04,0.0,429.75,34.0,21.04,2015.85,0.0005494953508518625
2008-07-05,9.57,320.47,34.11,21.0,2167.99,0.0014129880450476464
2008-07-06,14.73,301.44,33.0,20.95,2294.74,7.849933583598036e-05
2008-07-07,0.0,394.67,32.5,21.03,2161.13,0.00011774900375397052
2008-07-08,0.0,397.64,32.41,20.94,2144.19,0.0001962483395899509
2008-07-09,0.0,426.65,33.0,20.52,2019.18,0.00015699867167196072
2008-07-10,10.53,309.66,34.55,21.95,2502.51,0.00011774900375397052
2008-07-11,39.98,294.72,34.35,22.5,2683.07,7.849933583598036e-05
2008-07-12,1.98,366.82,33.0,21.99,2605.0,3.924966791799018e-05
2008-07-13,0.0,420.43,33.0,20.58,2313.23,7.849933583598036e-05
2008-07-14,14.87,300.85,33.37,21.49,2558.86,0.0023549800750794106
2008-07-15,6.38,339.42,32.5,21.36,2536.11,0.003414721108865145
2008-07-16,0.0,377.0,32.0,21.32,2531.44,0.0014914873808836266
2008-07-17,1.49,347.38,31.4,21.25,2520.13,0.001098990701703725
2008-07-18,0.32,342.97,31.43,22.06,2649.53,0.0011382403696217152
2008-07-19,0.0,376.41,32.91,22.34,2693.1,0.0022764807392434304
2008-07-20,0.0,403.5,34.49,22.72,2738.39,0.00027474767542593127
2008-07-21,0.0,460.31,37.0,22.27,2561.11,0.00015699867167196072
2008-07-22,0.0,446.18,35.49,21.8,2528.09,0.00015699867167196072
2008-07-23,0.0,396.15,33.02,21.79,2600.92,0.00015699867167196072
2008-07-24,0.0,425.14,33.8,21.39,2512.43,0.00015699867167196072
2008-07-25,0.0,423.39,33.25,21.09,2470.67,7.849933583598036e-05
2008-07-26,6.56,315.77,34.27,21.97,2634.89,0.012167397054576956
2008-07-27,10.84,333.23,33.88,22.36,2651.37,0.01805484724227548
2008-07-28,7.63,351.06,33.99,22.77,2681.8,0.00431746347097892
2008-07-29,0.0,395.06,34.0,22.89,2708.5,0.0038464674559630374
2008-07-30,0.0,398.39,35.0,23.5,2800.88,0.00215873173548946
2008-07-31,0.0,379.09,34.5,23.78,2885.74,0.001530737048801617
2008-08-01,0.0,389.4,34.52,23.5,2816.52,0.0009419920300317642
2008-08-02,0.0,413.59,34.45,22.63,2645.85,0.0005494953508518625
2008-08-03,0.0,393.15,34.0,23.02,2738.45,0.0005494953508518625
2008-08-04,0.0,411.63,34.62,22.87,2683.98,0.0004709960150158821
2008-08-05,0.0,438.94,36.22,22.97,2659.29,0.0020802323996534796
2008-08-06,0.0,440.33,37.5,23.74,2778.65,0.00011774900375397052
2008-08-07,16.24,366.97,38.0,23.5,2795.09,7.849933583598036e-05
2008-08-08,2.85,384.18,36.3,22.0,2565.98,0.0001962483395899509
2008-08-09,0.0,419.12,32.0,20.24,2316.38,0.00015699867167196072
2008-08-10,0.0,446.49,33.5,20.33,2271.21,0.00015699867167196072
2008-08-11,0.0,424.48,34.0,21.53,2471.94,3.924966791799018e-05
2008-08-12,5.32,310.5,32.28,21.74,2555.74,7.849933583598036e-05
2008-08-13,27.75,188.77,27.42,21.25,2519.29,0.0038464674559630374
2008-08-14,0.0,351.37,28.41,19.5,2278.5,0.003375471440947155
2008-08-15,0.0,393.21,31.59,20.84,2442.33,0.0015699867167196073
2008-08-16,0.0,407.49,32.5,21.0,2461.46,0.001059741033785735
2008-08-17,0.05,407.25,32.05,20.53,2388.3,0.00219798140340745
2008-08-18,0.45,373.58,31.42,21.0,2477.04,0.0004709960150158821
2008-08-19,9.81,271.62,31.0,21.47,2551.6,0.0007064940225238232
2008-08-20,7.58,249.7,31.04,22.26,2682.32,0.0005887450187698526
2008-08-21,19.6,204.76,29.78,22.94,2790.92,0.007457436904418133
2008-08-22,28.59,156.24,27.98,23.0,2800.0,0.043174634709789196
2008-08-23,17.91,136.63,27.73,23.47,2875.72,0.018447343921455386
2008-08-24,11.29,192.7,29.43,23.31,2848.96,3.924966791799018e-05
2008-08-25,2.06,301.06,31.39,23.0,2799.48,0.0
2008-08-26,5.87,266.99,32.27,23.16,2825.86,0.0
2008-08-27,0.0,359.38,32.7,23.41,2865.27,0.0
2008-08-28,0.0,394.41,33.02,22.47,2715.08,0.0
2008-08-29,0.0,410.66,33.5,22.18,2668.53,0.003532470112619116
2008-08-30,0.0,378.69,33.0,22.95,2791.7,0.005887450187698527
2008-08-31,0.0,341.19,32.7,23.94,2981.45,0.007064940225238232
2008-09-01,8.65,226.78,31.5,24.09,3011.87,0.013737383771296562
2008-09-02,0.0,348.52,30.5,21.96,2634.24,0.01805484724227548
2008-09-03,0.0,440.53,31.0,19.03,2205.35,0.014129880450476464
2008-09-04,0.0,450.27,30.78,18.37,2110.58,0.012952390412936757
2008-09-05,0.0,416.5,31.0,20.03,2330.94,0.014914873808836266
2008-09-06,0.0,355.29,30.46,21.78,2604.77,0.01805484724227548
2008-09-07,0.0,441.58,34.35,21.34,2534.6,0.01805484724227548
2008-09-08,0.0,421.97,34.0,21.99,2637.88,0.016484860525555874
2008-09-09,0.0,391.44,33.0,22.54,2726.25,0.018447343921455386
2008-09-10,0.0,397.29,33.0,22.3,2687.58,0.01923233727981519
2008-09-11,14.69,280.42,32.5,22.74,2758.64,0.01962483395899509
2008-09-12,19.47,247.31,31.17,23.0,2800.29,0.016877357204735776
2008-09-13,0.0,391.04,31.97,21.51,2561.59,0.02001733063817499
2008-09-14,0.0,395.6,33.0,22.03,2644.35,0.010597410337857348
2008-09-15,0.0,398.58,33.67,22.33,2692.08,0.003650219116373086
2008-09-16,0.0,415.89,33.69,21.43,2548.02,0.0035717197805371064
2008-09-17,0.0,380.56,31.23,21.05,2487.47,0.005494953508518624
2008-09-18,0.0,331.15,26.56,18.72,2155.82,0.007849933583598036
2008-09-19,0.0,432.14,28.51,16.52,1879.9,0.007849933583598036
2008-09-20,0.0,404.27,27.5,16.78,1902.44,0.005887450187698527
2008-09-21,0.0,365.66,26.43,17.14,1946.92,0.005494953508518624
2008-09-22,0.0,322.8,26.34,18.29,2103.03,0.00667244354605833
2008-09-23,0.0,432.43,28.54,15.57,1765.7,0.007849933583598036
2008-09-24,0.0,432.49,27.5,14.51,1642.37,0.008242430262777937
2008-09-25,0.0,410.21,25.4,13.77,1580.93,0.00863492694195784
2008-09-26,0.0,380.0,25.42,14.94,1707.95,0.009812416979497545
2008-09-27,0.0,420.77,27.51,14.62,1659.62,0.009419920300317642
2008-09-28,0.0,456.38,30.85,14.24,1619.55,0.00902742362113774
2008-09-29,0.0,426.44,31.03,16.32,1851.0,0.008242430262777937
2008-09-30,0.0,407.36,31.46,17.55,2007.35,0.007849933583598036
2008-10-01,0.0,436.7,30.5,14.48,1644.85,0.007457436904418133
2008-10-02,0.0,471.18,29.48,9.89,1231.15,0.00667244354605833
2008-10-03,0.0,448.29,26.04,9.51,1201.12,0.006279946866878429
2008-10-04,0.0,440.9,28.74,11.75,1380.14,0.006279946866878429
2008-10-05,0.0,419.76,29.5,13.59,1565.87,0.00667244354605833
2008-10-06,0.0,362.65,28.5,15.93,1803.29,0.007064940225238232
2008-10-07,0.0,370.9,29.5,16.19,1834.42,0.007457436904418133
2008-10-08,22.19,246.42,29.0,17.74,2035.92,0.00902742362113774
2008-10-09,19.82,197.02,26.58,18.17,2093.98,0.01609236384637597
2008-10-10,13.22,163.85,25.22,18.46,2117.21,0.01962483395899509
2008-10-11,12.73,189.02,27.06,18.97,2194.49,0.020802323996534793
2008-10-12,16.02,143.51,24.95,19.06,2209.34,0.022764807392434302
2008-10-13,0.24,200.87,24.98,18.69,2150.67,0.025904780825873514
2008-10-14,0.0,364.68,27.93,14.72,1675.9,0.023549800750794107
2008-10-15,0.0,407.74,29.23,12.35,1427.63,0.025119787467513716
2008-10-16,0.0,416.37,30.17,11.64,1371.49,0.02472729078833381
2008-10-17,0.0,399.35,30.0,12.73,1458.79,0.023549800750794107
2008-10-18,7.28,278.89,28.27,13.18,1509.48,0.025119787467513716
2008-10-19,0.0,331.92,19.41,7.86,1069.1,0.027474767542593124
2008-10-20,0.0,375.16,20.49,6.19,938.12,0.02708227086341322
2008-10-21,0.0,395.2,22.17,5.68,916.25,0.025512284146693615
2008-10-22,0.0,379.2,23.5,7.61,1049.17,0.02472729078833381
2008-10-23,0.0,303.11,21.51,10.28,1262.75,0.021587317354894598
2008-10-24,79.74,168.8,20.56,12.7,1457.6,0.04709960150158821
2008-10-25,4.03,170.23,19.28,13.43,1541.22,0.07849933583598036
2008-10-26,0.0,361.57,22.0,7.13,1010.54,0.05494953508518625
2008-10-27,0.0,370.29,22.11,6.3,944.22,0.058874501876985265
2008-10-28,0.0,378.2,18.94,2.78,742.68,0.05102456829338723
2008-10-29,0.0,344.11,15.1,1.72,697.31,0.04709960150158821
2008-10-30,0.0,374.56,18.05,1.86,708.51,0.03846467455963038
2008-10-31,0.0,378.65,19.98,2.84,748.47,0.03767968120127057
2008-11-01,0.0,378.73,20.89,3.35,780.56,0.03807217788045047
2008-11-02,0.0,347.63,22.5,7.25,1020.4,0.03846467455963038
2008-11-03,0.0,281.21,22.0,10.94,1314.81,0.03885717123881028
2008-11-04,0.0,114.67,17.2,13.31,1530.0,0.03924966791799018
2008-11-05,0.0,161.41,18.09,12.5,1440.2,0.03924966791799018
2008-11-06,0.0,331.48,22.45,8.45,1116.04,0.043174634709789196
2008-11-07,0.0,354.98,25.0,8.13,1090.15,0.043174634709789196
2008-11-08,0.0,338.42,24.0,8.45,1116.14,0.043174634709789196
2008-11-09,0.0,345.01,21.08,4.98,878.73,0.043174634709789196
2008-11-10,0.0,345.1,19.46,3.17,773.55,0.043174634709789196
2008-11-11,0.0,330.21,20.78,5.11,887.9,0.04709960150158821
2008-11-12,0.0,296.34,21.26,7.7,1056.08,0.04709960150158821
2008-11-13,16.71,193.95,24.33,12.59,1451.01,0.05102456829338723
2008-11-14,17.43,132.27,23.3,15.81,1792.34,0.05102456829338723
2008-11-15,0.0,178.45,23.44,16.0,1800.0,0.08242430262777936
2008-11-16,0.0,328.82,19.75,3.95,800.0,0.05494953508518625
2008-11-17,0.0,316.88,15.68,1.29,663.54,0.03767968120127057
2008-11-18,0.0,331.96,15.5,-0.5,600.0,0.03453970776783136
2008-11-19,0.0,302.1,9.95,-3.22,480.72,0.03257722437193185
2008-11-20,0.0,322.41,13.87,-1.33,555.94,0.03179223101357204
2008-11-21,0.0,321.86,16.49,0.92,640.0,0.03571719780537106
2008-11-22,0.0,314.96,10.5,-4.13,444.77,0.03296972105111175
2008-11-23,0.0,323.93,13.33,-2.8,499.17,0.03414721108865145
2008-11-24,0.0,317.15,16.45,0.15,615.9,0.03296972105111175
2008-11-25,0.0,309.14,18.0,2.07,719.28,0.03375471440947155
2008-11-26,0.0,328.55,16.13,-1.85,532.4,0.03924966791799018
2008-11-27,0.0,319.44,16.62,-0.57,591.61,0.03532470112619116
2008-11-28,8.37,234.38,19.03,3.6,795.64,0.05102456829338723
2008-11-29,30.75,145.18,20.22,11.35,1347.93,0.10204913658677446
2008-11-30,32.49,115.39,18.87,12.12,1409.9,0.2668977418423332
2008-12-01,0.0,252.69,16.59,4.99,879.3,0.25512284146693615
2008-12-02,0.0,246.6,12.55,1.69,695.24,0.3375471440947155
2008-12-03,0.0,300.89,12.17,-2.71,503.46,0.4121215131388969
2008-12-04,0.0,312.83,15.79,-1.2,559.93,0.3807217788045047
2008-12-05,0.0,288.83,18.57,3.19,773.42,0.30222244296852435
2008-12-06,0.0,253.69,14.6,2.32,721.36,0.2080232399653479
2008-12-07,0.0,276.95,14.0,0.13,610.65,0.14914873808836268
2008-12-08,0.0,302.87,15.3,-1.16,560.0,0.12559893733756858
2008-12-09,0.0,299.97,19.37,2.55,735.38,0.12167397054576955
2008-12-10,1.88,203.48,23.42,11.62,1369.74,0.11774900375397053
2008-12-11,12.21,129.56,23.0,14.72,1675.4,0.12559893733756858
2008-12-12,0.0,252.91,19.0,6.5,960.0,0.1766235056309558
2008-12-13,0.0,298.04,15.0,-0.96,568.14,0.19232337279815187
2008-12-14,0.0,244.33,12.33,0.7,636.84,0.18839840600635285
2008-12-15,0.0,217.1,18.46,7.95,1076.17,0.18447343921455384
2008-12-16,0.0,256.3,24.0,10.26,1260.51,0.17269853883915678
2008-12-17,0.0,226.43,23.94,12.34,1427.52,0.15699867167196072
2008-12-18,0.0,243.13,25.36,12.5,1439.96,0.13737383771296563
2008-12-19,0.0,243.8,26.18,13.14,1502.08,0.12559893733756858
2008-12-20,0.0,193.85,24.54,14.98,1716.58,0.11774900375397053
2008-12-21,0.0,193.95,23.5,14.16,1612.58,0.1098990701703725
2008-12-22,0.0,318.48,17.49,-1.22,559.92,0.09812416979497544
2008-12-23,0.0,253.39,9.34,-2.28,517.34,0.09027423621137741
2008-12-24,0.0,273.78,17.11,3.51,786.08,0.08634926941957839
2008-12-25,0.0,275.75,24.97,10.06,1244.51,0.08634926941957839
2008-12-26,0.0,193.82,23.5,14.48,1638.34,0.08242430262777936
2008-12-27,0.0,170.53,22.28,14.73,1676.46,0.08242430262777936
2008-12-28,0.0,226.35,23.33,12.89,1470.87,0.08242430262777936
2008-12-29,0.0,248.13,24.5,12.5,1439.79,0.08242430262777936
2008-12-30,0.0,323.2,20.84,1.84,707.46,0.08242430262777936
2008-12-31,0.0,285.66,22.67,7.17,1073.62,0.07849933583598036
2009-01-01,0.0,300.76,14.81,-0.26,598.2,0.07457436904418134
2009-01-02,0.0,291.37,16.87,2.46,727.67,0.07064940225238232
2009-01-03,0.0,248.56,20.84,9.18,1174.38,0.0667244354605833
2009-01-04,0.0,210.18,21.16,11.72,1377.47,0.07064940225238232
2009-01-05,0.0,282.25,23.92,9.46,1196.55,0.0667244354605833
2009-01-06,0.0,254.41,24.28,11.93,1394.27,0.06279946866878429
2009-01-07,4.54,178.45,21.83,10.9,1312.21,0.0667244354605833
2009-01-08,0.0,303.03,19.41,4.16,812.41,0.07457436904418134
2009-01-09,0.0,316.8,17.09,0.92,641.27,0.07849933583598036
2009-01-10,0.0,341.12,19.93,0.05,605.72,0.07457436904418134
2009-01-11,3.56,244.09,20.5,3.15,768.8,0.07457436904418134
2009-01-12,0.0,308.06,16.09,1.27,664.46,0.08242430262777936
2009-01-13,0.0,227.46,12.01,2.76,744.65,0.08242430262777936
2009-01-14,0.0,289.88,11.1,-1.58,553.53,0.08242430262777936
2009-01-15,0.0,319.76,12.92,-2.17,520.04,0.07849933583598036
2009-01-16,0.0,313.69,9.76,-4.39,440.04,0.07457436904418134
2009-01-17,0.0,290.38,6.61,-5.56,406.79,0.07064940225238232
2009-01-18,11.07,226.74,10.72,-2.39,518.28,0.07064940225238232
2009-01-19,6.19,218.73,12.9,2.06,712.82,0.09027423621137741
2009-01-20,0.0,293.15,10.49,-1.77,538.54,0.10597410337857346
2009-01-21,0.0,274.52,5.11,-5.68,400.0,0.1098990701703725
2009-01-22,0.0,337.93,9.85,-5.51,400.0,0.11774900375397053
2009-01-23,0.0,355.6,16.72,-1.23,560.0,0.12167397054576955
2009-01-24,4.0,219.21,19.2,6.65,972.37,0.11382403696217151
2009-01-25,0.0,163.84,14.69,8.63,1130.09,0.11382403696217151
2009-01-26,0.0,131.17,13.22,8.47,1117.73,0.11774900375397053
2009-01-27,0.0,215.63,16.25,8.09,1087.49,0.11774900375397053
2009-01-28,3.19,219.5,21.11,8.77,1141.87,0.11774900375397053
2009-01-29,0.0,296.93,19.36,7.12,1009.69,0.12167397054576955
2009-01-30,0.0,328.74,15.98,2.13,719.18,0.12167397054576955
2009-01-31,0.0,355.7,13.51,-2.05,520.0,0.11774900375397053
2009-02-01,0.0,370.67,16.91,-0.5,594.43,0.11382403696217151
2009-02-02,0.0,333.52,14.88,1.08,647.13,0.10597410337857346
2009-02-03,0.0,322.98,12.88,0.03,612.36,0.1098990701703725
2009-02-04,0.0,350.07,8.3,-5.85,397.64,0.09812416979497544
2009-02-05,0.0,321.52,5.33,-6.72,360.0,0.09027423621137741
2009-02-06,0.0,385.13,11.3,-5.93,400.0,0.08242430262777936
2009-02-07,0.0,403.01,18.87,-1.6,552.09,0.08242430262777936
2009-02-08,0.0,396.66,22.0,2.0,720.0,0.09027423621137741
2009-02-09,0.0,389.4,23.92,4.75,860.1,0.09027423621137741
2009-02-10,0.0,383.17,24.0,5.77,920.0,0.09027423621137741
2009-02-11,0.0,338.35,24.68,10.24,1259.37,0.09027423621137741
2009-02-12,0.0,379.55,23.99,6.41,953.0,0.09027423621137741
2009-02-13,1.16,398.49,22.97,3.73,800.0,0.08634926941957839
2009-02-14,2.84,244.22,18.78,6.9,992.14,0.08634926941957839
2009-02-15,0.0,225.45,14.16,6.36,949.17,0.09419920300317643
2009-02-16,0.0,326.1,14.14,2.14,720.0,0.09419920300317643
2009-02-17,0.0,378.54,14.51,-0.52,598.22,0.09027423621137741
2009-02-18,16.68,255.35,18.02,5.42,909.44,0.09027423621137741
2009-02-19,11.19,263.11,20.06,7.94,1075.57,0.12167397054576955
2009-02-20,0.0,410.82,15.89,-1.41,559.06,0.14914873808836268
2009-02-21,0.0,412.4,13.95,-3.1,480.0,0.14522377129656366
2009-02-22,0.0,393.28,15.37,-0.08,601.2,0.14522377129656366
2009-02-23,0.0,406.14,13.47,-2.61,510.96,0.13737383771296563
2009-02-24,0.0,384.87,12.5,-2.17,520.07,0.12559893733756858
2009-02-25,0.0,384.3,17.28,2.12,715.35,0.11382403696217151
2009-02-26,0.0,373.75,20.92,5.94,923.49,0.1098990701703725
2009-02-27,0.0,373.73,23.22,8.0,1080.0,0.10597410337857346
2009-02-28,33.66,225.88,22.79,11.49,1359.35,0.10597410337857346
2009-03-01,25.12,275.99,18.0,4.01,800.7,0.3179223101357204
2009-03-02,0.0,304.45,11.34,1.0,646.65,0.4866958821830782
2009-03-03,0.0,353.08,9.46,-2.69,504.75,0.5887450187698526
2009-03-04,0.0,401.09,11.15,-3.45,475.52,0.6593944210222349
2009-03-05,0.0,433.11,16.56,-0.6,587.87,0.6358446202714408
2009-03-06,0.0,446.85,22.64,3.51,792.71,0.4866958821830782
2009-03-07,0.0,417.87,25.0,7.81,1064.8,0.34932204447011256
2009-03-08,0.0,408.0,26.48,9.84,1227.58,0.27867264221773025
2009-03-09,0.0,386.61,27.78,12.48,1438.67,0.2080232399653479
2009-03-10,0.0,414.44,28.41,11.49,1359.14,0.16484860525555872
2009-03-11,0.0,424.01,28.73,11.28,1342.11,0.13737383771296563
2009-03-12,0.0,427.8,27.17,10.0,1240.0,0.11774900375397053
2009-03-13,0.0,345.2,21.74,9.92,1233.27,0.10204913658677446
2009-03-14,0.0,253.96,15.48,7.72,1057.71,0.09027423621137741
2009-03-15,1.59,338.15,21.19,10.2,1255.96,0.08242430262777936
2009-03-16,10.96,207.48,22.93,14.17,1615.01,0.08634926941957839
2009-03-17,0.0,309.6,21.27,11.54,1363.07,0.09027423621137741
2009-03-18,0.0,406.7,22.45,8.6,1128.03,0.08242430262777936
2009-03-19,0.0,429.22,23.97,8.83,1131.95,0.07457436904418134
2009-03-20,0.0,447.18,23.0,7.01,988.34,0.07064940225238232
2009-03-21,0.0,423.36,19.0,4.87,869.88,0.06279946866878429
2009-03-22,0.0,473.5,19.6,2.63,726.02,0.058874501876985265
2009-03-23,0.0,497.15,22.5,3.43,748.81,0.05102456829338723
2009-03-24,0.0,482.68,23.5,5.51,866.45,0.043174634709789196
2009-03-25,0.0,428.12,23.5,8.91,1136.03,0.03924966791799018
2009-03-26,0.0,313.13,23.71,13.99,1599.3,0.03571719780537106
2009-03-27,0.0,304.91,24.0,14.69,1672.54,0.03414721108865145
2009-03-28,48.28,237.43,24.04,14.48,1638.13,0.04709960150158821
2009-03-29,0.0,361.26,22.21,11.4,1352.0,0.3571719780537106
2009-03-30,0.0,475.75,22.42,6.28,941.93,0.7614435576090094
2009-03-31,19.06,323.81,22.0,8.36,1108.87,1.1814150043315044
2009-04-01,27.14,235.96,21.74,12.63,1450.1,1.3933632110886514
2009-04-02,75.45,132.3,20.42,15.62,1769.73,2.3471301414958123
2009-04-03,25.57,224.6,21.29,13.03,1484.63,4.435212474732889
2009-04-04,0.0,479.01,24.39,8.75,1139.9,7.810683915680045
2009-04-05,0.0,396.55,23.15,11.75,1380.04,7.810683915680045
2009-04-06,4.0,313.44,22.47,10.5,1280.0,5.730451516026566
2009-04-07,0.0,465.64,17.33,4.05,804.13,4.003466127634998
2009-04-08,0.0,477.57,15.86,2.29,720.35,2.928025226682067
2009-04-09,0.0,499.29,23.04,7.5,1040.39,1.9585584291077096
2009-04-10,0.0,471.27,26.0,11.64,1371.54,1.2638393069592837
2009-04-11,0.0,437.49,26.09,13.45,1549.82,0.9498419636153623
2009-04-12,0.0,444.72,24.0,11.41,1352.94,0.7496686572336124
2009-04-13,39.21,257.19,22.24,13.38,1540.19,0.6240697198960438
2009-04-14,20.53,307.51,22.26,11.26,1341.13,0.7732184579844065
2009-04-15,0.0,489.16,24.0,9.3,1183.83,1.1578652035807102
2009-04-16,0.0,449.3,22.58,9.91,1233.06,1.742685255558764
2009-04-17,0.0,497.69,22.0,7.18,1014.18,2.2019063701992487
2009-04-18,0.0,541.04,23.85,5.9,920.89,2.017432930984695
2009-04-19,0.0,496.28,25.0,9.81,1224.84,1.365888443546058
2009-04-20,0.0,453.31,26.84,13.48,1549.05,0.9851666647415535
2009-04-21,0.0,510.03,26.6,10.5,1279.69,0.7025690557320242
2009-04-22,0.0,507.39,25.49,9.9,1231.79,0.435671313889691
2009-04-23,0.0,506.91,27.73,11.83,1386.34,0.29829747617672536
2009-04-24,0.0,487.72,31.03,15.42,1753.53,0.22764807392434303
2009-04-25,0.0,508.18,31.4,14.31,1625.63,0.18054847242275482
2009-04-26,0.0,508.84,30.37,13.37,1539.03,0.13737383771296563
2009-04-27,0.0,462.66,28.0,13.9,1592.37,0.10204913658677446
2009-04-28,0.0,459.72,27.74,13.77,1581.25,0.07457436904418134
2009-04-29,0.0,476.77,28.49,13.64,1569.83,0.05494953508518625
2009-04-30,0.0,458.28,28.52,14.56,1651.35,0.043174634709789196
2009-05-01,0.0,439.28,29.55,16.13,1820.83,0.03061474097603234
2009-05-02,0.0,441.16,30.51,16.62,1889.72,0.022764807392434302
2009-05-03,0.0,427.41,30.5,17.09,1934.85,0.01609236384637597
2009-05-04,0.9,379.99,30.14,18.0,2080.0,0.011774900375397053
2009-05-05,31.05,280.58,29.1,18.03,2080.98,0.010204913658677445
2009-05-06,17.06,282.0,29.07,18.0,2080.0,0.07064940225238232
2009-05-07,0.0,370.36,29.94,18.98,2196.89,0.14522377129656366
2009-05-08,0.0,405.4,30.82,18.5,2120.0,0.18447343921455384
2009-05-09,0.0,439.71,32.04,18.16,2092.61,0.19232337279815187
2009-05-10,0.0,426.4,32.3,18.94,2190.65,0.13737383771296563
2009-05-11,0.37,443.91,31.77,17.5,2000.0,0.09027423621137741
2009-05-12,0.0,408.37,25.5,13.98,1598.68,0.06279946866878429
2009-05-13,0.49,467.17,27.65,12.97,1477.99,0.04709960150158821
2009-05-14,4.35,338.41,28.38,17.67,2027.98,0.16877357204735774
2009-05-15,10.22,239.25,28.0,19.82,2305.63,0.29829747617672536
2009-05-16,10.89,254.09,29.09,19.5,2280.0,0.12559893733756858
2009-05-17,30.04,318.14,29.03,16.61,1888.82,0.31007237655212244
2009-05-18,13.72,339.05,23.04,10.54,1283.16,0.9616168639907593
2009-05-19,0.0,294.71,17.9,10.82,1305.43,1.322713808836269
2009-05-20,0.0,361.63,22.92,13.75,1578.17,1.6406361189719894
2009-05-21,30.62,216.61,24.2,17.06,1931.92,1.9978080970257002
2009-05-22,15.08,171.22,24.5,19.01,2201.56,2.241156038117239
2009-05-23,19.79,189.37,25.48,19.46,2274.14,2.1508818019058618
2009-05-24,0.0,322.68,27.3,19.46,2271.67,2.5473034478775625
2009-05-25,3.55,343.83,28.43,19.34,2253.65,2.9868997285590524
2009-05-26,7.6,312.94,29.23,19.96,2316.87,3.0614740976032335
2009-05-27,10.89,307.69,29.5,19.98,2318.73,3.3165969390701697
2009-05-28,0.0,395.65,30.3,20.5,2400.0,3.002599595726249
2009-05-29,13.32,322.14,30.95,20.01,2321.56,2.19798140340745
2009-05-30,0.0,448.08,31.0,19.48,2276.33,1.6367111521801903
2009-05-31,0.0,501.26,32.48,18.2,2096.23,1.307013941669073
2009-06-01,0.0,491.37,34.0,19.74,2298.44,1.126465469246318
2009-06-02,0.0,481.99,32.99,19.51,2280.54,0.9341420964481663
2009-06-03,0.0,452.2,31.9,19.98,2318.45,0.7535936240254114
2009-06-04,26.26,297.57,30.4,20.72,2434.72,0.5573452844354605
2009-06-05,12.39,263.29,28.5,20.46,2393.9,0.8046181923187986
2009-06-06,18.91,248.94,28.0,21.0,2480.0,1.1931899047069014
2009-06-07,0.94,310.59,28.0,21.0,2480.0,1.1814150043315044
2009-06-08,0.0,411.24,30.14,20.44,2390.01,1.1696401039561073
2009-06-09,0.0,463.1,32.99,20.86,2456.88,1.334488709211666
2009-06-10,0.0,469.46,33.5,20.99,2477.78,1.6759608200981806
2009-06-11,0.0,469.22,34.5,21.66,2585.67,1.142165336413514
2009-06-12,0.0,478.06,35.0,21.61,2578.23,0.7967682587352005
2009-06-13,0.0,455.99,34.12,21.96,2633.85,0.6279946866878429
2009-06-14,0.0,451.76,33.63,21.69,2589.73,0.43959628068149
2009-06-15,0.0,445.59,34.0,22.15,2664.5,0.30222244296852435
2009-06-16,0.0,464.0,35.15,22.17,2667.59,0.219798140340745
2009-06-17,0.0,472.67,34.81,21.51,2560.88,0.1609236384637597
2009-06-18,19.68,355.23,34.5,21.09,2493.85,0.11774900375397053
2009-06-19,0.0,473.63,34.97,21.31,2530.32,0.14129880450476465
2009-06-20,0.0,439.62,36.0,23.4,2864.62,0.1098990701703725
2009-06-21,0.0,428.33,36.5,24.04,3006.25,0.08242430262777936
2009-06-22,0.0,439.41,35.89,23.0,2800.41,0.058874501876985265
2009-06-23,0.0,444.77,35.0,22.0,2640.7,0.04709960150158821
2009-06-24,0.0,448.2,34.5,21.4,2543.35,0.03571719780537106
2009-06-25,0.0,435.39,34.83,22.07,2651.88,0.031399734334392145
2009-06-26,7.82,326.28,35.83,22.73,2756.63,0.027474767542593124
2009-06-27,0.0,406.83,36.0,23.91,2978.79,0.02001733063817499
2009-06-28,0.0,390.16,36.5,24.88,3140.47,0.016484860525555874
2009-06-29,0.0,432.67,36.96,23.5,2879.86,0.01530737048801617
2009-06-30,0.0,477.93,35.48,20.34,2375.59,0.012167397054576956
2009-07-01,0.0,481.94,36.0,20.44,2390.17,0.007457436904418133
2009-07-02,0.0,461.26,36.37,21.7,2591.63,0.006279946866878429
2009-07-03,0.0,476.84,36.01,20.6,2416.38,0.005887450187698527
2009-07-04,0.0,452.85,35.0,20.96,2474.03,0.005102456829338723
2009-07-05,0.04,427.44,34.51,21.52,2563.28,0.005102456829338723
2009-07-06,8.78,302.82,34.4,22.28,2685.17,0.006279946866878429
2009-07-07,24.9,240.35,31.37,22.5,2720.0,0.01530737048801617
2009-07-08,24.26,260.94,30.67,21.07,2491.4,0.02825976090095293
2009-07-09,0.59,357.32,29.5,19.79,2303.08,0.043174634709789196
2009-07-10,0.0,380.77,30.0,19.56,2284.73,0.09027423621137741
2009-07-11,0.0,431.95,31.74,19.18,2228.59,0.3767968120127057
2009-07-12,0.0,453.72,33.12,19.34,2254.92,0.5769701183944556
2009-07-13,13.02,308.36,33.56,21.39,2542.21,0.2590478082587352
2009-07-14,0.0,346.93,32.12,22.45,2711.74,0.19232337279815187
2009-07-15,0.0,387.72,33.16,21.96,2633.29,0.23157304071614204
2009-07-16,3.04,374.34,33.86,22.47,2715.93,0.223723107132544
2009-07-17,0.0,380.14,34.0,22.98,2796.67,0.13737383771296563
2009-07-18,0.0,406.66,32.0,20.5,2400.2,0.09419920300317643
2009-07-19,0.0,472.68,32.25,18.0,2070.23,0.06279946866878429
2009-07-20,0.0,439.91,31.5,18.81,2170.3,0.04709960150158821
2009-07-21,0.0,440.24,32.01,19.18,2229.36,0.043174634709789196
2009-07-22,0.0,438.23,33.46,20.38,2380.64,0.03728718452209067
2009-07-23,0.0,425.5,34.0,21.31,2528.9,0.025119787467513716
2009-07-24,0.0,402.3,33.1,21.51,2561.46,0.018447343921455386
2009-07-25,0.0,415.12,34.0,21.73,2597.57,0.016484860525555874
2009-07-26,0.0,415.92,34.04,21.75,2599.38,0.011382403696217151
2009-07-27,10.76,321.03,34.0,21.77,2603.05,0.007849933583598036
2009-07-28,0.0,420.58,34.0,21.5,2560.0,0.005887450187698527
2009-07-29,13.88,305.95,34.0,22.01,2641.08,0.006279946866878429
2009-07-30,9.71,299.64,33.44,21.96,2633.45,0.021587317354894598
2009-07-31,11.02,298.65,33.99,22.52,2723.29,0.1098990701703725
2009-08-01,10.41,318.61,33.5,22.47,2715.52,0.2001733063817499
2009-08-02,19.57,265.06,31.9,22.5,2720.0,0.219798140340745
2009-08-03,0.0,365.58,31.65,22.0,2640.0,0.14914873808836268
2009-08-04,0.0,411.55,33.52,21.98,2637.28,0.1295239041293676
2009-08-05,0.0,434.6,34.0,21.42,2547.82,0.09027423621137741
2009-08-06,0.0,451.13,34.48,20.92,2467.77,0.058874501876985265
2009-08-07,0.0,433.75,33.6,20.93,2468.75,0.03846467455963038
2009-08-08,0.0,415.44,33.5,21.5,2559.46,0.02472729078833381
2009-08-09,0.0,435.17,33.99,21.0,2479.35,0.015699867167196072
2009-08-10,0.0,442.87,35.0,21.35,2536.11,0.009812416979497545
2009-08-11,0.0,429.05,36.0,22.64,2741.88,0.00667244354605833
2009-08-12,25.33,320.14,35.05,22.0,2639.87,0.005494953508518624
2009-08-13,8.61,242.12,30.4,21.85,2616.08,0.07064940225238232
2009-08-14,4.26,254.11,31.01,21.94,2629.81,0.3650219116373086
2009-08-15,5.87,246.68,31.0,22.23,2677.38,0.5023957493502743
2009-08-16,0.0,339.04,31.63,22.51,2721.06,0.47884594859948015
2009-08-17,0.0,364.97,32.92,22.76,2762.07,0.3061474097603234
2009-08-18,0.0,384.27,33.0,22.22,2674.99,0.16877357204735774
2009-08-19,8.85,285.74,33.43,22.69,2750.47,0.09812416979497544
2009-08-20,0.0,384.69,33.5,22.64,2743.01,0.0667244354605833
2009-08-21,0.36,397.62,33.89,22.37,2698.66,0.058874501876985265
2009-08-22,15.03,328.42,33.0,21.25,2520.12,0.07457436904418134
2009-08-23,0.0,448.86,31.81,18.73,2156.78,0.07457436904418134
2009-08-24,0.0,482.08,32.65,17.53,2004.72,0.03885717123881028
2009-08-25,0.0,474.26,33.4,18.34,2107.65,0.023157304071614204
2009-08-26,0.0,410.96,32.94,20.92,2466.86,0.016484860525555874
2009-08-27,8.37,198.07,28.72,22.05,2648.63,0.020802323996534793
2009-08-28,13.08,173.12,26.98,21.4,2543.26,0.03885717123881028
2009-08-29,0.0,360.67,29.44,20.08,2333.55,0.09812416979497544
2009-08-30,0.0,397.42,32.69,21.44,2549.93,0.08242430262777936
2009-08-31,12.26,283.44,32.18,21.72,2594.9,0.09419920300317643
2009-09-01,0.0,328.82,29.45,21.0,2480.31,0.14914873808836268
2009-09-02,0.0,363.53,28.41,19.02,2202.58,0.09812416979497544
2009-09-03,0.0,416.59,29.47,18.01,2076.56,0.058874501876985265
2009-09-04,0.0,445.9,30.99,17.85,2052.67,0.03767968120127057
2009-09-05,0.0,442.19,31.45,18.32,2106.11,0.025119787467513716
2009-09-06,0.0,430.51,31.5,18.84,2173.86,0.018447343921455386
2009-09-07,0.0,442.27,31.37,18.07,2082.04,0.014914873808836266
2009-09-08,0.0,446.47,31.49,17.86,2057.7,0.014129880450476464
2009-09-09,9.44,387.39,32.0,19.01,2202.33,0.012167397054576956
2009-09-10,0.0,414.86,31.0,18.88,2181.47,0.012952390412936757
2009-09-11,0.0,397.36,29.99,18.78,2165.42,0.011382403696217151
2009-09-12,0.0,398.51,30.5,19.01,2201.52,0.00863492694195784
2009-09-13,0.0,363.52,30.51,20.27,2362.89,0.007849933583598036
2009-09-14,0.0,368.49,30.5,19.99,2319.48,0.007064940225238232
2009-09-15,0.0,375.31,31.0,20.03,2326.52,0.00667244354605833
2009-09-16,0.0,373.92,31.5,20.4,2383.3,0.005887450187698527
2009-09-17,8.87,229.35,29.8,21.34,2534.78,0.005887450187698527
2009-09-18,10.83,208.94,29.38,21.81,2609.51,0.007457436904418133
2009-09-19,0.0,320.67,30.69,21.64,2581.61,0.01766235056309558
2009-09-20,0.0,314.38,30.88,22.01,2641.39,0.021979814034074497
2009-09-21,0.0,331.37,30.7,21.28,2525.33,0.02001733063817499
2009-09-22,0.0,366.49,31.62,20.72,2435.1,0.013737383771296562
2009-09-23,1.99,337.43,31.32,21.63,2580.87,0.013737383771296562
2009-09-24,0.0,350.6,31.53,21.37,2539.22,0.018839840600635285
2009-09-25,0.0,394.38,32.99,20.51,2401.63,0.023549800750794107
2009-09-26,36.62,257.5,31.49,21.42,2547.37,0.03924966791799018
2009-09-27,0.0,334.92,29.69,20.06,2330.2,0.07457436904418134
2009-09-28,0.0,430.61,30.61,16.07,1812.32,0.0667244354605833
2009-09-29,0.0,449.35,29.16,13.45,1545.93,0.043174634709789196
2009-09-30,0.0,451.46,25.93,10.6,1287.81,0.027867264221773023
2009-10-01,0.0,449.2,26.63,10.9,1312.13,0.02001733063817499
2009-10-02,0.0,426.62,27.92,13.1,1500.53,0.014522377129656365
2009-10-03,0.0,411.92,28.89,14.55,1648.75,0.011774900375397053
2009-10-04,0.0,428.02,28.71,13.11,1503.79,0.009812416979497545
2009-10-05,21.24,257.67,25.46,14.86,1694.45,0.04709960150158821
2009-10-06,1.24,227.38,22.18,15.7,1775.9,0.11774900375397053
2009-10-07,0.0,333.84,28.33,17.74,2038.34,0.09419920300317643
2009-10-08,0.0,367.71,30.0,17.49,1997.75,0.06279946866878429
2009-10-09,0.0,365.16,31.7,18.77,2165.94,0.043174634709789196
2009-10-10,11.06,259.9,32.28,20.06,2332.98,0.03493220444701126
2009-10-11,0.0,312.01,29.85,19.62,2289.01,0.03924966791799018
2009-10-12,3.18,251.1,29.17,18.34,2107.72,0.043174634709789196
2009-10-13,0.0,283.84,24.37,15.87,1789.29,0.043174634709789196
2009-10-14,22.23,192.01,22.84,15.4,1752.07,0.0667244354605833
2009-10-15,12.25,226.11,22.35,13.41,1541.42,0.19232337279815187
2009-10-16,11.31,243.18,22.08,12.22,1417.31,0.3807217788045047
2009-10-17,5.28,232.51,17.09,8.14,1091.27,0.5180956165174704
2009-10-18,0.0,324.51,14.97,5.5,919.5,0.47884594859948015
2009-10-19,0.0,392.41,16.71,3.56,800.0,0.34932204447011256
2009-10-20,0.0,422.2,20.52,3.99,805.59,0.2472729078833381
2009-10-21,0.0,415.77,23.89,6.67,973.46,0.18447343921455384
2009-10-22,0.0,402.3,26.77,9.66,1212.96,0.1334488709211666
2009-10-23,0.0,350.63,28.5,14.65,1668.54,0.1098990701703725
2009-10-24,3.0,271.75,27.97,14.18,1614.27,0.08634926941957839
2009-10-25,0.0,355.03,24.27,10.53,1282.63,0.07457436904418134
2009-10-26,0.0,295.59,21.49,11.13,1330.19,0.06279946866878429
2009-10-27,9.63,180.56,21.91,13.68,1572.28,0.0667244354605833
2009-10-28,0.0,277.11,26.29,16.11,1823.49,0.42782138030609296
2009-10-29,0.0,305.26,27.21,15.52,1761.46,0.675094288189431
2009-10-30,0.0,258.84,25.27,16.08,1816.89,0.5259455501010684
2009-10-31,0.0,294.24,27.19,16.12,1823.93,0.29044754259312733
2009-11-01,0.0,314.42,23.81,12.2,1416.09,0.18447343921455384
2009-11-02,0.0,252.67,17.97,9.78,1222.74,0.12559893733756858
2009-11-03,0.0,345.16,19.92,6.99,999.24,0.09812416979497544
2009-11-04,0.0,373.58,23.94,7.5,1040.4,0.07849933583598036
2009-11-05,0.0,373.76,23.5,6.56,965.07,0.0667244354605833
2009-11-06,0.0,383.12,21.95,3.62,800.12,0.05494953508518625
2009-11-07,0.0,373.98,21.99,4.3,824.12,0.04709960150158821
2009-11-08,0.0,352.56,23.9,7.74,1058.95,0.03846467455963038
2009-11-09,0.0,316.53,25.0,11.29,1343.15,0.03296972105111175
2009-11-10,45.04,136.84,24.05,17.09,1941.0,0.03924966791799018
2009-11-11,22.9,158.19,21.84,13.95,1595.72,0.443521247473289
2009-11-12,0.0,188.86,16.4,9.74,1219.14,1.0244163326595435
2009-11-13,0.0,207.27,16.96,9.5,1200.0,1.2167397054576954
2009-11-14,0.0,318.16,23.08,8.92,1153.82,0.9890916315333524
2009-11-15,0.0,341.93,25.26,8.04,1082.97,0.7300438232746173
2009-11-16,0.0,333.62,25.0,8.29,1102.95,0.4709960150158821
2009-11-17,0.0,297.37,23.73,10.03,1242.17,0.31399734334392143
2009-11-18,0.0,253.61,24.66,13.5,1554.55,0.23157304071614204
2009-11-19,0.0,267.02,24.0,12.19,1415.32,0.18054847242275482
2009-11-20,0.0,310.44,23.0,8.28,1102.02,0.1530737048801617
2009-11-21,0.0,288.8,21.09,8.28,1102.44,0.1295239041293676
2009-11-22,16.55,123.86,15.75,9.57,1205.53,0.1334488709211666
2009-11-23,0.0,114.98,13.82,9.73,1218.0,0.2433479410915391
2009-11-24,0.0,91.93,14.21,11.12,1329.45,0.3807217788045047
2009-11-25,0.0,144.03,14.07,9.05,1163.8,0.46707104822408313
2009-11-26,0.0,279.83,16.32,5.0,879.92,0.43959628068149
2009-11-27,0.0,289.35,15.51,3.5,800.0,0.36109694484550964
2009-11-28,0.0,321.53,17.34,2.22,720.0,0.27867264221773025
2009-11-29,0.0,319.76,20.43,4.57,845.25,0.219798140340745
2009-11-30,0.0,322.73,22.02,5.14,891.08,0.18054847242275482
2009-12-01,0.64,292.36,19.0,5.16,889.81,0.1530737048801617
2009-12-02,38.15,181.87,19.53,9.09,1166.89,0.1962483395899509
2009-12-03,0.0,252.38,19.14,8.18,1094.71,0.5180956165174704
2009-12-04,9.22,184.22,13.48,3.45,789.74,0.8438678602367888
2009-12-05,8.68,193.64,13.12,3.72,800.0,1.322713808836269
2009-12-06,0.0,280.76,13.21,1.36,668.83,1.4365378457984406
2009-12-07,0.0,289.44,16.36,3.63,798.06,1.1617901703725093
2009-12-08,7.31,184.01,18.91,8.88,1150.66,0.9537669304071613
2009-12-09,13.42,189.64,23.31,12.35,1427.71,0.890967461738377
2009-12-10,0.0,302.98,21.47,6.61,968.59,0.9498419636153623
2009-12-11,0.0,235.04,10.36,1.29,663.59,0.9105922956973721
2009-12-12,33.78,161.75,10.17,1.97,708.96,0.8556427606121859
2009-12-13,34.09,175.48,15.67,6.21,941.85,2.252930938492636
2009-12-14,21.15,110.09,17.63,12.07,1405.25,5.180956165174703
2009-12-15,17.26,189.12,21.77,12.17,1413.35,9.105922956973721
2009-12-16,0.0,291.99,18.51,5.39,907.62,13.38413676003465
2009-12-17,0.0,304.52,15.29,1.43,674.24,11.617901703725092
2009-12-18,31.19,207.03,15.07,3.53,788.92,7.535936240254114
2009-12-19,0.0,263.13,13.54,3.01,760.61,6.005199191452498
2009-12-20,0.0,263.72,11.93,1.61,688.46,6.201447531042448
2009-12-21,0.0,301.65,11.74,-1.33,560.0,6.201447531042448
2009-12-22,0.0,313.55,14.3,-0.58,593.05,5.259455501010684
2009-12-23,0.0,305.42,15.41,0.94,640.8,3.846467455963037
2009-12-24,0.0,286.19,16.79,3.61,794.98,2.8534508576378856
2009-12-25,23.94,211.98,20.08,6.51,962.44,2.3314302743286164
2009-12-26,0.0,283.43,16.08,2.96,756.66,2.464879145249783
2009-12-27,0.0,230.31,13.0,3.58,795.34,3.2145478024833953
2009-12-28,0.0,255.38,12.83,2.16,720.0,3.399021241697949
2009-12-29,0.0,287.43,11.21,-1.39,560.0,3.0300743632688416
2009-12-30,0.6,271.45,12.8,0.38,627.86,2.5433784810857634
2009-12-31,4.0,210.39,16.93,4.58,847.04,2.048832665319087
2010-01-01,0.0,263.42,16.27,4.03,803.25,1.6916606872653766
2010-01-02,0.0,268.33,9.5,-2.49,520.0,1.550361882760612
2010-01-03,0.0,272.0,6.5,-5.52,400.0,1.4640126133410336
2010-01-04,0.0,273.84,6.48,-5.63,400.0,1.346263609587063
2010-01-05,0.0,252.43,6.0,-4.69,439.67,1.1931899047069014
2010-01-06,0.0,270.81,6.63,-5.16,427.31,1.106840635287323
2010-01-07,0.0,309.78,10.52,-4.44,440.0,1.0008665319087495
2010-01-08,0.0,284.89,9.61,-3.17,481.42,0.9105922956973721
2010-01-09,0.0,237.43,4.44,-5.18,425.77,0.8438678602367888
2010-01-10,0.0,266.67,4.36,-6.82,360.0,0.7810683915680044
2010-01-11,0.0,306.9,7.56,-6.48,361.55,0.7143439561074212
2010-01-12,0.0,317.06,10.55,-4.5,440.0,0.6947191221484261
2010-01-13,0.0,320.88,11.47,-3.88,449.4,0.675094288189431
2010-01-14,0.0,338.08,13.87,-3.51,477.88,0.6279946866878429
2010-01-15,0.0,351.68,18.3,-1.59,523.02,0.5926699855616516
2010-01-16,54.45,219.11,18.5,5.15,889.66,0.6005199191452497
2010-01-17,29.64,178.59,19.94,10.23,1258.15,1.4051381114640484
2010-01-18,0.0,293.2,20.0,6.61,968.94,2.7945763557609005
2010-01-19,0.0,333.01,20.34,3.54,800.0,5.063207161420733
2010-01-20,0.0,309.87,20.7,6.19,935.08,5.416454172682645
2010-01-21,36.16,176.97,17.52,7.95,1076.22,4.8669588218307815
2010-01-22,0.0,159.86,13.46,7.47,1037.31,5.377204504764654
2010-01-23,0.0,184.89,13.3,6.35,948.02,8.203180594859946
2010-01-24,15.1,182.72,18.68,8.9,1151.68,7.849933583598036
2010-01-25,13.29,224.66,21.0,9.36,1188.99,6.7901925498123
2010-01-26,0.0,308.54,15.96,2.94,755.5,5.494953508518625
2010-01-27,0.0,339.9,13.95,-1.07,560.82,4.31746347097892
2010-01-28,0.0,362.27,16.77,-0.58,592.53,3.4068711752815477
2010-01-29,0.0,334.66,17.5,2.88,750.39,2.7160770199249202
2010-01-30,25.19,235.59,14.82,2.09,719.86,2.4138545769563957
2010-01-31,0.0,255.94,8.14,-1.01,563.3,2.8299010568870915
2010-02-01,0.0,332.55,12.69,-0.76,579.29,4.042715795552988
2010-02-02,16.68,204.95,13.12,3.1,766.78,4.827709153912791
2010-02-03,0.0,237.78,11.23,3.01,760.57,4.8669588218307815
2010-02-04,0.0,259.46,12.84,3.76,800.0,4.592211146404851
2010-02-05,23.51,203.01,16.52,6.82,985.7,4.003466127634998
2010-02-06,12.57,210.73,16.05,6.26,940.99,3.924966791799018
2010-02-07,0.0,295.54,12.68,2.48,720.0,3.9210418250072183
2010-02-08,0.0,339.09,12.46,0.07,605.22,3.917116858215419
2010-02-09,0.0,349.72,15.09,1.92,705.33,3.5206952122437185
2010-02-10,0.0,362.08,12.72,-0.84,574.92,3.0222244296852434
2010-02-11,0.0,298.75,8.55,-1.18,559.86,2.421704510539994
2010-02-12,21.17,186.68,7.47,-0.08,600.94,1.9232337279815186
2010-02-13,0.0,262.35,6.78,-0.96,563.33,1.8486593589373372
2010-02-14,0.0,368.75,11.02,-1.28,560.0,1.8486593589373372
2010-02-15,10.19,294.44,12.59,-1.22,560.0,2.088082333237077
2010-02-16,0.0,361.38,9.58,-2.0,523.49,2.229381137741842
2010-02-17,0.0,372.37,9.43,-2.54,516.6,2.1194820675714694
2010-02-18,0.0,397.06,11.61,-1.73,541.63,1.9546334623159107
2010-02-19,0.0,431.82,15.84,-0.85,571.64,1.6445610857637885
2010-02-20,0.0,443.8,18.84,0.0,604.72,1.3933632110886514
2010-02-21,0.0,441.89,21.11,2.04,713.61,1.2285146058330925
2010-02-22,10.45,293.67,19.67,5.43,907.04,1.095065734911926
2010-02-23,0.0,360.4,19.49,7.2,1016.34,1.1460903032053131
2010-02-24,0.0,390.17,16.67,3.11,769.14,1.2756142073346808
2010-02-25,0.0,346.2,9.3,-1.32,559.27,1.2795391741264797
2010-02-26,0.0,392.15,11.23,-1.52,558.12,1.2206646722494945
2010-02-27,0.0,399.39,12.39,-0.58,593.33,1.0754409009529309
2010-02-28,0.0,417.79,14.47,0.38,630.52,0.9537669304071613
2010-03-01,0.0,442.8,16.36,0.27,621.98,0.8595677274039849
2010-03-02,8.06,269.96,13.53,2.61,734.79,0.7967682587352005
2010-03-03,0.0,306.59,10.05,1.5,679.69,0.8242430262777938
2010-03-04,0.0,400.8,11.84,-0.55,596.32,0.87919256136298
2010-03-05,0.0,440.21,13.64,-1.25,560.0,0.890967461738377
2010-03-06,0.0,467.93,15.41,-2.07,520.0,0.871342627779382
2010-03-07,0.0,476.27,17.88,-0.86,570.85,0.8242430262777938
2010-03-08,0.0,477.17,21.33,1.78,702.07,0.7182689228992203
2010-03-09,0.0,456.93,23.01,5.1,887.7,0.6240697198960438
2010-03-10,1.04,389.07,23.0,9.03,1162.12,0.5651952180190586
2010-03-11,31.88,181.64,18.94,11.71,1377.1,0.6711693213976321
2010-03-12,16.73,164.59,18.69,12.34,1427.07,1.774084989893156
2010-03-13,6.72,290.51,19.91,8.99,1159.02,3.9642164597170075
2010-03-14,0.0,357.61,17.0,6.16,932.83,6.476195206468379
2010-03-15,0.0,370.25,17.79,6.36,948.64,5.887450187698526
2010-03-16,0.0,412.41,18.39,5.1,888.13,4.709960150158821
2010-03-17,3.25,293.58,16.64,5.28,902.02,3.387246341322552
2010-03-18,0.0,354.58,15.9,5.5,919.7,2.3157304071614204
2010-03-19,0.0,465.95,22.0,5.5,920.0,1.6210112850129943
2010-03-20,0.0,468.94,23.58,6.63,970.62,1.2834641409182788
2010-03-21,0.2,432.27,22.46,8.14,1091.39,1.102915668495524
2010-03-22,0.0,413.21,19.3,6.54,963.14,0.9694667975743574
2010-03-23,0.0,444.41,18.41,4.5,840.15,0.8831175281547788
2010-03-24,0.0,487.16,23.15,5.94,920.0,0.8163930926941957
2010-03-25,0.0,472.7,24.0,7.64,1051.04,0.7339687900664164
2010-03-26,0.0,406.19,23.17,10.57,1285.67,0.6397695870632398
2010-03-27,0.0,411.16,21.5,8.91,1152.91,0.5691201848108576
2010-03-28,9.84,274.11,20.93,10.37,1269.48,0.5063207161420732
2010-03-29,5.37,313.23,22.5,11.14,1331.26,0.5259455501010684
2010-03-30,0.0,472.04,23.0,7.51,1040.87,0.5651952180190586
2010-03-31,0.0,501.03,25.05,7.33,1026.3,0.5180956165174704
2010-04-01,0.0,516.36,28.46,8.42,1113.69,0.4945458157666762
2010-04-02,0.0,518.83,30.36,9.29,1182.81,0.4827709153912792
2010-04-03,0.0,496.72,29.77,10.76,1300.97,0.38464674559630374
2010-04-04,0.0,473.79,29.48,12.2,1415.96,0.3061474097603234
2010-04-05,0.0,481.04,31.25,13.12,1502.52,0.25512284146693615
2010-04-06,0.0,470.06,31.46,14.12,1609.35,0.21587317354894595
2010-04-07,0.0,450.0,30.42,14.68,1670.6,0.18839840600635285
2010-04-08,29.73,328.77,28.99,14.31,1627.6,0.16877357204735774
2010-04-09,0.0,451.77,25.48,10.81,1304.88,0.40819654634709784
2010-04-10,0.0,472.72,23.0,7.5,1040.0,0.4631460814322841
2010-04-11,0.0,479.89,24.82,8.42,1113.47,0.4199714467224949
2010-04-12,0.0,465.99,25.01,9.28,1182.66,0.4003466127634998
2010-04-13,0.0,478.22,26.01,9.37,1189.88,0.32577224371931846
2010-04-14,0.0,468.98,26.44,10.16,1252.51,0.25119787467513716
2010-04-15,0.0,456.28,25.68,10.19,1255.27,0.19232337279815187
2010-04-16,0.0,486.9,26.98,9.5,1200.09,0.14914873808836268
2010-04-17,0.0,458.3,29.25,12.82,1466.1,0.11382403696217151
2010-04-18,0.0,432.37,27.42,12.7,1456.26,0.08634926941957839
2010-04-19,0.0,443.22,23.61,9.05,1163.65,0.0667244354605833
2010-04-20,0.72,449.87,23.5,8.0,1080.03,0.05102456829338723
2010-04-21,5.48,346.0,24.99,11.68,1374.02,0.04709960150158821
2010-04-22,0.0,473.6,26.48,10.02,1241.69,0.043174634709789196
2010-04-23,0.0,478.39,29.17,11.99,1398.9,0.03807217788045047
2010-04-24,7.93,257.16,27.5,16.57,1881.97,0.03414721108865145
2010-04-25,13.9,179.66,25.51,18.24,2097.88,0.06279946866878429
2010-04-26,0.0,347.86,27.0,16.14,1822.92,0.1295239041293676
2010-04-27,0.0,416.4,24.65,11.5,1360.12,0.09027423621137741
2010-04-28,0.0,456.4,22.43,7.81,1064.53,0.058874501876985265
2010-04-29,0.0,478.97,24.37,8.43,1114.06,0.04709960150158821
2010-04-30,0.0,456.95,27.07,11.87,1389.89,0.03807217788045047
2010-05-01,0.0,381.34,31.14,18.6,2140.42,0.02825976090095293
2010-05-02,0.0,352.65,32.95,21.37,2538.99,0.021587317354894598
2010-05-03,0.0,373.36,33.84,21.47,2554.4,0.01805484724227548
2010-05-04,29.49,212.71,28.24,19.91,2312.53,0.04709960150158821
2010-05-05,0.0,298.47,26.73,18.28,2102.23,0.20409827317354892
2010-05-06,0.0,379.25,30.5,19.09,2214.24,0.2825976090095293
2010-05-07,0.0,409.4,32.0,19.27,2243.35,0.27474767542593126
2010-05-08,0.0,449.3,32.5,18.09,2033.15,0.21587317354894595
2010-05-09,0.0,493.15,29.0,13.3,1475.41,0.1334488709211666
2010-05-10,0.0,467.64,26.5,12.47,1426.71,0.07457436904418134
2010-05-11,0.0,400.21,27.05,15.67,1776.34,0.04709960150158821
2010-05-12,0.0,418.43,29.4,17.11,1936.73,0.029437250938492632
2010-05-13,0.0,446.51,30.5,17.01,1908.08,0.01962483395899509
2010-05-14,0.0,434.27,30.29,17.5,1921.12,0.01334488709211666
2010-05-15,0.0,442.89,30.67,17.55,1911.13,0.010204913658677445
2010-05-16,12.5,350.93,32.86,18.64,2133.96,0.00863492694195784
2010-05-17,9.82,279.91,30.5,20.03,2325.71,0.014522377129656365
2010-05-18,3.21,372.95,29.92,19.42,2264.79,0.01334488709211666
2010-05-19,0.0,429.61,31.02,18.68,2108.55,0.009812416979497545
2010-05-20,0.0,509.73,31.5,15.58,1639.41,0.00902742362113774
2010-05-21,4.02,335.25,30.97,17.9,2063.06,0.007064940225238232
2010-05-22,0.0,427.89,31.03,18.86,2148.86,0.02708227086341322
2010-05-23,2.59,407.23,32.63,19.36,2201.1,0.03689468784291077
2010-05-24,3.48,390.94,30.91,18.9,2139.84,0.02982974761767253
2010-05-25,0.0,416.24,30.0,18.42,2089.65,0.03453970776783136
2010-05-26,0.0,407.7,29.5,18.29,2079.73,0.03296972105111175
2010-05-27,0.0,446.44,31.5,18.56,2055.16,0.031399734334392145
2010-05-28,0.0,476.47,33.54,18.88,2037.75,0.027474767542593124
2010-05-29,0.0,411.19,31.89,20.26,2326.28,0.01805484724227548
2010-05-30,10.46,270.71,30.5,20.85,2456.56,0.013737383771296562
2010-05-31,21.45,220.4,30.0,22.42,2706.6,0.013737383771296562
2010-06-01,4.06,309.38,31.11,20.99,2478.09,0.016484860525555874
2010-06-02,1.58,398.31,32.41,21.15,2503.26,0.014914873808836266
2010-06-03,4.82,317.27,32.5,20.49,2398.56,0.01962483395899509
2010-06-04,4.18,344.78,32.0,20.83,2453.15,0.03924966791799018
2010-06-05,0.0,412.08,33.47,21.59,2573.57,0.043174634709789196
2010-06-06,0.0,415.49,34.5,22.27,2682.73,0.043174634709789196
2010-06-07,0.0,392.9,33.0,22.0,2639.96,0.03257722437193185
2010-06-08,0.0,471.06,32.83,18.87,2158.22,0.021194820675714696
2010-06-09,0.0,437.51,32.83,20.31,2364.79,0.014522377129656365
2010-06-10,0.0,434.49,34.49,21.78,2516.36,0.00863492694195784
2010-06-11,0.0,440.5,35.5,22.4,2520.68,0.006279946866878429
2010-06-12,0.0,448.8,36.0,22.5,2480.34,0.003924966791799018
2010-06-13,0.0,441.14,37.0,23.51,2644.45,0.003375471440947155
2010-06-14,0.0,446.47,38.0,24.0,2699.27,0.0028652257580132827
2010-06-15,9.04,338.01,38.5,24.18,2989.75,0.0027082270863413222
2010-06-16,0.0,455.21,36.59,22.48,2486.38,0.0038857171238810277
2010-06-17,0.0,400.58,34.51,22.91,2684.79,0.0029829747617672532
2010-06-18,0.0,409.3,34.97,23.0,2676.45,0.005887450187698527
2010-06-19,0.0,427.56,35.79,23.04,2639.61,0.004709960150158821
2010-06-20,0.0,426.26,34.78,22.34,2538.68,0.0031399734334392145
2010-06-21,0.0,456.31,35.44,21.64,2368.46,0.003375471440947155
2010-06-22,0.0,419.59,34.5,22.35,2555.03,0.003650219116373086
2010-06-23,0.0,424.62,35.5,22.92,2627.2,0.0034539707767831354
2010-06-24,0.0,429.21,36.55,23.5,2702.74,0.0027082270863413222
2010-06-25,30.63,318.74,36.42,23.24,2838.26,0.0017269853883915677
2010-06-26,0.0,441.22,36.0,22.35,2630.56,0.00219798140340745
2010-06-27,5.83,417.58,36.5,22.5,2634.61,0.031399734334392145
2010-06-28,0.0,434.48,35.81,22.5,2629.12,0.058874501876985265
2010-06-29,0.5,394.9,35.0,23.13,2790.16,0.03807217788045047
2010-06-30,0.0,349.49,32.77,22.96,2793.15,0.016877357204735776
2010-07-01,8.72,213.44,30.39,22.87,2779.63,0.010989907017037248
2010-07-02,0.0,328.55,30.0,21.34,2534.8,0.010204913658677445
2010-07-03,0.0,475.68,31.0,17.06,1880.9,0.006279946866878429
2010-07-04,0.0,468.85,31.9,17.98,1995.64,0.00431746347097892
2010-07-05,0.0,452.88,32.49,19.07,2157.87,0.003532470112619116
2010-07-06,0.0,445.18,33.47,20.11,2298.48,0.0030222244296852436
2010-07-07,0.0,480.01,34.68,19.37,2147.09,0.005102456829338723
2010-07-08,0.0,501.16,37.69,20.5,2119.94,0.0031399734334392145
2010-07-09,0.0,453.05,38.69,23.49,2640.2,0.0019232337279815187
2010-07-10,6.04,391.39,37.5,23.81,2814.38,0.001098990701703725
2010-07-11,5.58,309.78,35.4,22.5,2720.0,0.007064940225238232
2010-07-12,17.05,305.3,35.06,22.5,2720.0,0.022764807392434302
2010-07-13,9.8,271.95,34.0,23.33,2852.24,0.03414721108865145
2010-07-14,5.23,287.33,34.5,23.57,2896.99,0.03414721108865145
2010-07-15,0.0,383.89,34.86,23.38,2861.11,0.01962483395899509
2010-07-16,0.0,389.5,34.45,22.91,2786.27,0.01334488709211666
2010-07-17,0.19,370.95,34.5,23.52,2888.98,0.010597410337857348
2010-07-18,0.0,379.7,34.84,23.6,2905.53,0.007849933583598036
2010-07-19,0.0,386.36,35.0,23.51,2882.15,0.006279946866878429
2010-07-20,0.0,379.0,35.67,24.28,3045.59,0.005102456829338723
2010-07-21,14.72,302.92,35.57,23.33,2852.71,0.007064940225238232
2010-07-22,0.0,438.3,36.5,22.57,2722.02,0.007849933583598036
2010-07-23,0.0,423.57,36.12,22.9,2782.95,0.02040982731735489
2010-07-24,0.0,428.43,35.93,22.55,2716.7,0.03846467455963038
2010-07-25,0.0,382.2,36.07,24.47,3070.64,0.0667244354605833
2010-07-26,0.0,410.59,38.04,24.83,3105.46,0.04709960150158821
2010-07-27,0.0,415.98,37.51,24.26,3002.27,0.025512284146693615
2010-07-28,0.0,398.67,36.21,24.01,2983.89,0.01609236384637597
2010-07-29,0.56,396.99,37.01,24.49,3060.63,0.011774900375397053
2010-07-30,0.0,413.19,37.96,24.59,3059.19,0.018447343921455386
2010-07-31,0.0,354.57,36.58,25.68,3306.83,0.012559893733756858
2010-08-01,0.68,396.36,36.21,23.6,2896.63,0.00863492694195784
2010-08-02,0.0,369.26,34.97,23.88,2970.25,0.023549800750794107
2010-08-03,0.0,364.7,34.36,23.64,2888.64,0.02001733063817499
2010-08-04,0.0,362.42,34.0,23.47,2862.93,0.02472729078833381
2010-08-05,0.0,393.65,35.94,23.95,2907.54,0.016484860525555874
2010-08-06,20.31,301.47,36.35,23.87,2969.19,0.008242430262777937
2010-08-07,0.14,369.6,34.0,23.38,2861.24,0.03453970776783136
2010-08-08,0.0,394.97,34.5,22.98,2790.37,0.08634926941957839
2010-08-09,0.0,403.75,35.0,23.06,2793.86,0.07849933583598036
2010-08-10,0.0,392.44,35.15,23.6,2900.61,0.04709960150158821
2010-08-11,0.0,404.98,35.41,23.32,2836.17,0.02708227086341322
2010-08-12,0.0,402.16,36.0,23.81,2934.49,0.014129880450476464
2010-08-13,0.0,394.38,36.5,24.42,3052.65,0.007849933583598036
2010-08-14,28.14,279.71,35.56,24.48,3076.52,0.00667244354605833
2010-08-15,13.42,235.1,33.0,24.39,3062.23,0.025119787467513716
2010-08-16,28.9,244.52,32.94,23.99,2997.37,0.03728718452209067
2010-08-17,0.0,365.53,34.6,24.06,3008.83,0.03571719780537106
2010-08-18,10.31,278.09,35.47,24.53,3085.24,0.058874501876985265
2010-08-19,0.0,371.44,35.47,24.5,3080.0,0.05102456829338723
2010-08-20,27.75,272.25,35.12,24.55,3088.73,0.05102456829338723
2010-08-21,13.79,287.82,35.0,24.5,3080.0,0.03807217788045047
2010-08-22,29.1,274.68,34.47,24.0,3000.0,0.02629727750505342
2010-08-23,24.52,308.99,33.84,23.5,2879.97,0.15699867167196072
2010-08-24,0.0,357.66,33.48,23.56,2895.19,0.2865225758013283
2010-08-25,0.0,350.15,32.62,23.15,2824.58,0.34932204447011256
2010-08-26,1.48,343.04,33.12,22.9,2784.57,0.4003466127634998
2010-08-27,0.0,331.64,31.49,22.86,2778.21,0.4199714467224949
2010-08-28,0.17,318.71,31.0,22.81,2769.14,0.36894687842910767
2010-08-29,0.0,353.11,30.4,21.44,2549.94,0.3571719780537106
2010-08-30,0.0,399.83,30.98,20.35,2378.1,0.3218472769275194
2010-08-31,0.0,442.76,31.99,19.35,2253.04,0.2472729078833381
2010-09-01,0.0,454.81,32.75,19.17,2226.75,0.223723107132544
2010-09-02,0.0,459.19,32.96,18.94,2190.92,0.1962483395899509
2010-09-03,0.0,470.5,33.57,18.51,2122.23,0.14914873808836268
2010-09-04,0.0,443.12,33.5,19.87,2311.75,0.10597410337857346
2010-09-05,0.0,454.84,32.0,18.07,2076.53,0.07457436904418134
2010-09-06,0.0,446.58,32.64,18.78,2170.95,0.05494953508518625
2010-09-07,0.0,411.93,33.01,20.62,2418.94,0.03885717123881028
2010-09-08,0.0,421.67,33.5,20.44,2390.74,0.02865225758013283
2010-09-09,0.0,404.66,34.48,21.84,2613.73,0.030222244296852437
2010-09-10,0.0,390.03,34.61,22.5,2720.11,0.03061474097603234
2010-09-11,24.48,314.95,35.62,21.69,2590.84,0.0223723107132544
2010-09-12,9.07,319.17,33.38,22.03,2645.03,0.18447343921455384
2010-09-13,0.0,396.06,32.0,20.04,2326.47,0.4709960150158821
2010-09-14,0.0,451.93,31.63,16.72,1897.62,0.36894687842910767
2010-09-15,0.0,456.24,32.0,16.42,1866.98,0.31007237655212244
2010-09-16,0.0,435.83,32.14,17.5,1999.61,0.219798140340745
2010-09-17,0.0,423.87,32.78,18.43,2116.79,0.1295239041293676
2010-09-18,0.0,421.73,32.99,18.5,2120.15,0.07849933583598036
2010-09-19,0.0,397.44,32.85,19.48,2274.55,0.05494953508518625
2010-09-20,0.0,437.06,34.98,18.46,2117.3,0.03807217788045047
2010-09-21,0.0,412.34,34.69,19.55,2280.08,0.027474767542593124
2010-09-22,0.0,396.02,33.33,19.25,2240.53,0.021587317354894598
2010-09-23,0.0,400.64,32.9,18.49,2123.92,0.018839840600635285
2010-09-24,0.0,390.77,33.0,18.86,2178.89,0.015699867167196072
2010-09-25,0.0,372.06,33.5,19.98,2323.41,0.010989907017037248
2010-09-26,15.53,223.95,31.56,21.45,2551.41,0.008242430262777937
2010-09-27,35.68,146.42,25.41,19.46,2268.49,0.022764807392434302
2010-09-28,19.12,250.34,26.57,15.75,1784.3,0.20409827317354892
2010-09-29,10.58,196.52,25.54,17.39,1984.15,0.3061474097603234
2010-09-30,1.84,191.04,24.23,18.27,2100.74,0.42782138030609296
2010-10-01,0.0,322.8,26.42,16.11,1820.41,
2010-10-02,0.0,377.55,26.55,13.82,1583.1,
2010-10-03,0.0,408.08,26.21,11.84,1387.43,
2010-10-04,0.0,393.73,25.0,11.51,1360.82,
2010-10-05,0.0,393.77,23.35,10.02,1241.56,
2010-10-06,0.0,423.46,23.37,8.1,1088.03,
2010-10-07,0.0,446.14,25.96,7.95,1075.79,
2010-10-08,0.0,438.1,28.48,10.13,1250.8,
2010-10-09,0.0,411.73,29.5,12.69,1458.15,
2010-10-10,0.0,409.46,29.5,12.56,1444.96,
2010-10-11,0.0,398.27,30.59,13.92,1592.39,
2010-10-12,0.0,370.76,30.0,15.04,1718.84,
2010-10-13,0.0,330.24,29.5,16.76,1900.42,
2010-10-14,0.0,374.46,28.62,13.4,1539.46,
2010-10-15,0.0,417.56,26.86,8.53,1122.24,
2010-10-16,0.0,424.38,26.0,6.76,980.94,
2010-10-17,0.0,422.29,25.93,6.49,959.26,
2010-10-18,0.0,413.58,27.78,8.3,1104.16,
2010-10-19,0.0,395.06,28.0,9.81,1224.88,
2010-10-20,0.0,367.02,27.37,11.35,1348.07,
2010-10-21,0.0,382.89,27.23,9.75,1220.26,
2010-10-22,0.0,393.29,27.07,8.36,1108.74,
2010-10-23,0.0,387.13,26.77,8.35,1108.17,
2010-10-24,0.0,333.49,27.43,12.67,1454.66,
2010-10-25,9.23,200.6,28.0,17.09,1938.88,
2010-10-26,0.0,219.62,29.29,19.94,2317.45,
2010-10-27,0.0,211.74,30.98,21.59,2574.22,
2010-10-28,0.0,278.7,30.8,18.03,2076.55,
2010-10-29,0.0,361.0,26.54,8.73,1138.35,
2010-10-30,0.0,366.88,24.37,5.91,925.89,
2010-10-31,0.0,356.49,26.44,8.07,1085.25,
2010-11-01,0.0,347.1,26.33,8.45,1116.13,
2010-11-02,0.0,291.92,23.99,10.25,1259.89,
2010-11-03,0.0,195.95,20.48,12.02,1401.51,
2010-11-04,2.21,184.64,18.52,10.1,1247.83,
2010-11-05,0.0,266.08,16.07,4.56,844.85,
2010-11-06,0.0,307.01,15.07,1.27,661.79,
2010-11-07,0.0,327.28,15.57,0.24,618.91,
2010-11-08,0.0,366.59,19.32,-0.42,600.0,
2010-11-09,0.0,369.08,24.03,2.56,727.12,
2010-11-10,0.0,373.1,25.73,2.58,726.2,
2010-11-11,0.0,349.01,25.0,4.96,876.3,
2010-11-12,0.0,337.98,22.0,3.27,778.65,
2010-11-13,0.0,364.5,21.85,-0.58,589.18,
2010-11-14,0.0,363.56,22.75,-0.34,599.58,
2010-11-15,0.0,339.91,24.47,3.97,800.0,
2010-11-16,4.82,207.52,24.09,10.02,1241.62,
2010-11-17,0.0,288.24,21.58,6.33,946.24,
2010-11-18,0.0,315.49,19.89,2.45,724.62,
2010-11-19,0.0,319.94,20.55,2.3,720.06,
2010-11-20,0.0,298.43,22.35,5.71,917.72,
2010-11-21,0.0,296.69,24.31,7.41,1033.09,
2010-11-22,0.0,300.75,25.41,7.83,1066.13,
2010-11-23,0.0,270.71,26.53,11.16,1333.04,
2010-11-24,0.0,216.71,24.0,12.53,1442.74,
2010-11-25,0.0,239.1,25.95,12.62,1449.45,
2010-11-26,10.09,191.01,24.03,9.72,1217.47,
2010-11-27,0.34,280.84,18.08,1.87,706.09,
2010-11-28,0.0,268.81,15.91,1.28,662.29,
2010-11-29,0.0,256.6,19.41,5.37,906.07,
2010-11-30,5.02,170.41,23.37,10.92,1313.81,
2010-12-01,0.0,317.56,24.35,3.45,793.92,
2010-12-02,0.0,260.99,11.87,-2.0,520.15,
2010-12-03,0.0,285.94,14.7,-1.73,541.93,
2010-12-04,0.0,281.01,18.16,1.51,680.74,
2010-12-05,0.0,258.6,16.73,2.03,715.2,
2010-12-06,0.0,247.36,10.43,-3.08,480.0,
2010-12-07,0.0,234.73,7.97,-4.53,440.0,
2010-12-08,0.0,252.23,7.35,-6.28,377.57,
2010-12-09,0.0,235.98,8.14,-4.23,444.2,
2010-12-10,0.0,272.91,12.64,-2.63,505.36,
2010-12-11,4.07,133.52,12.46,3.58,791.37,
2010-12-12,0.0,215.78,13.45,2.56,726.83,
2010-12-13,0.0,232.67,8.17,-3.27,480.13,
2010-12-14,0.0,239.45,4.49,-6.99,360.0,
2010-12-15,0.0,261.05,6.66,-6.2,384.33,
2010-12-16,0.0,266.66,14.58,0.75,639.11,
2010-12-17,8.71,147.94,18.47,8.91,1153.1,
2010-12-18,25.98,145.95,14.51,5.52,920.0,
2010-12-19,0.0,194.58,9.37,0.79,640.0,
2010-12-20,0.0,273.07,10.95,-2.38,519.92,
2010-12-21,0.0,297.5,14.53,-1.26,560.0,
2010-12-22,0.0,254.05,18.99,6.49,961.4,
2010-12-23,0.0,302.59,16.51,0.15,612.22,
2010-12-24,0.0,296.55,12.35,-3.05,481.07,
2010-12-25,11.31,226.13,13.09,-2.38,519.27,
2010-12-26,11.36,192.49,10.61,-1.41,560.0,
2010-12-27,0.0,211.81,5.42,-3.6,472.0,
2010-12-28,0.0,305.6,9.74,-6.01,397.96,
2010-12-29,0.0,309.6,12.66,-3.77,460.22,
2010-12-30,0.0,307.05,15.25,-1.26,560.34,
2010-12-31,0.0,295.28,20.11,4.35,826.51,
2011-01-01,8.58,204.1,23.32,9.55,1203.85,0.05102456829338723
2011-01-02,2.36,276.43,22.12,5.71,920.23,0.05494953508518625
2011-01-03,0.0,312.75,15.53,-0.75,579.34,0.058874501876985265
2011-01-04,0.0,294.92,12.94,-1.16,563.18,0.05494953508518625
2011-01-05,8.7,163.1,11.02,2.02,713.74,0.05494953508518625
2011-01-06,0.0,175.05,10.66,3.66,800.0,0.08634926941957839
2011-01-07,0.0,273.94,13.89,1.52,681.68,0.09812416979497544
2011-01-08,0.0,290.69,14.0,0.51,635.54,0.09419920300317643
2011-01-09,0.0,275.27,8.83,-3.14,479.86,0.09027423621137741
2011-01-10,12.0,100.32,4.1,-0.94,570.19,0.10204913658677446
2011-01-11,0.0,90.26,2.51,-0.65,587.82,0.1530737048801617
2011-01-12,0.0,215.64,4.8,-3.6,470.26,0.1530737048801617
2011-01-13,0.0,281.29,5.81,-6.05,393.18,0.1334488709211666
2011-01-14,0.0,331.53,8.44,-7.52,355.28,0.12559893733756858
2011-01-15,0.0,347.06,12.11,-6.06,391.93,0.12559893733756858
2011-01-16,0.0,343.47,14.99,-2.71,502.11,0.11774900375397053
2011-01-17,8.41,226.59,12.99,-0.39,600.0,0.10597410337857346
2011-01-18,4.66,112.74,11.36,5.67,914.97,0.1098990701703725
2011-01-19,0.17,252.19,13.9,3.61,799.79,0.1334488709211666
2011-01-20,0.0,335.28,16.54,0.33,625.03,0.1530737048801617
2011-01-21,0.0,313.33,14.62,0.78,639.79,0.1530737048801617
2011-01-22,0.0,294.94,10.03,-2.04,523.76,0.16877357204735774
2011-01-23,0.0,345.27,11.13,-4.82,440.0,0.23549800750794106
2011-01-24,0.0,359.26,13.99,-3.63,469.64,0.2433479410915391
2011-01-25,27.82,207.97,14.37,3.34,779.94,0.22764807392434303
2011-01-26,0.23,257.47,14.22,4.16,817.48,0.36894687842910767
2011-01-27,0.0,329.64,12.87,-1.14,560.0,0.4199714467224949
2011-01-28,0.0,339.36,15.27,0.41,628.95,0.40427157955529885
2011-01-29,0.0,369.11,18.99,0.8,641.67,0.4003466127634998
2011-01-30,0.0,347.62,22.2,5.93,922.53,0.31399734334392143
2011-01-31,4.49,209.7,20.0,8.91,1152.94,0.23942297429974008
2011-02-01,0.0,248.12,17.42,8.35,1107.75,0.21587317354894595
2011-02-02,10.51,224.56,21.08,9.31,1184.73,0.2080232399653479
2011-02-03,12.38,240.15,16.74,4.48,838.26,0.223723107132544
2011-02-04,35.16,146.53,9.42,3.12,769.91,0.32969721051111744
2011-02-05,12.32,215.2,14.03,3.93,805.26,0.6947191221484261
2011-02-06,0.0,322.66,15.19,3.29,778.45,0.9655418307825584
2011-02-07,15.81,178.24,12.0,4.29,830.76,1.067590967369333
2011-02-08,0.0,297.33,11.3,1.34,667.45,1.1578652035807102
2011-02-09,0.0,343.71,12.84,0.36,628.76,1.0401161998267396
2011-02-10,5.97,197.87,10.5,1.86,704.25,0.9341420964481663
2011-02-11,0.0,283.62,9.69,0.35,625.67,0.8438678602367888
2011-02-12,0.0,399.66,14.85,-1.83,533.77,0.7104189893156222
2011-02-13,0.0,412.3,17.29,-0.93,566.6,0.6005199191452497
2011-02-14,0.0,403.89,19.94,2.5,720.0,0.5141706497256713
2011-02-15,0.0,385.66,19.68,4.28,822.42,0.43959628068149
2011-02-16,0.0,377.99,20.13,5.4,909.83,0.3767968120127057
2011-02-17,0.0,374.1,22.32,7.44,1034.91,0.3336221773029165
2011-02-18,0.0,372.62,24.39,9.31,1184.8,0.31399734334392143
2011-02-19,0.0,390.21,25.44,8.98,1158.64,0.29044754259312733
2011-02-20,0.0,369.64,22.21,8.02,1081.39,0.2708227086341322
2011-02-21,0.0,347.45,23.42,10.46,1276.43,0.23549800750794106
2011-02-22,0.0,348.76,25.42,12.26,1420.75,0.219798140340745
2011-02-23,0.0,378.02,22.8,8.6,1128.01,0.20409827317354892
2011-02-24,0.0,393.81,22.4,7.28,1022.35,0.18839840600635285
2011-02-25,7.69,266.14,23.5,10.64,1291.22,0.2001733063817499
2011-02-26,0.0,393.44,23.99,8.87,1149.24,0.219798140340745
2011-02-27,0.0,409.19,26.7,10.03,1242.26,0.21194820675714693
2011-02-28,8.79,314.82,28.0,12.92,1479.9,0.20409827317354892
2011-03-01,11.61,304.4,24.49,9.01,1160.78,0.2472729078833381
2011-03-02,0.0,426.06,20.63,4.43,834.71,0.32577224371931846
2011-03-03,0.0,404.89,20.41,5.66,915.68,0.32577224371931846
2011-03-04,0.0,339.1,19.93,8.71,1137.2,0.29044754259312733
2011-03-05,0.0,322.81,20.91,10.38,1270.39,0.25119787467513716
2011-03-06,0.0,359.97,21.59,9.35,1187.61,0.23157304071614204
2011-03-07,0.0,429.97,18.18,2.49,725.39,0.21194820675714693
2011-03-08,0.0,392.16,18.52,5.07,885.73,0.18054847242275482
2011-03-09,14.92,273.75,22.32,9.75,1220.24,0.16877357204735774
2011-03-10,6.54,244.27,19.92,9.35,1188.29,0.2865225758013283
2011-03-11,0.0,371.33,15.91,3.87,800.0,0.38857171238810273
2011-03-12,0.0,479.55,20.05,0.56,637.74,0.4160464799306958
2011-03-13,0.0,468.44,24.42,5.01,880.42,0.4121215131388969
2011-03-14,0.0,471.61,26.48,6.45,956.14,0.3375471440947155
2011-03-15,0.0,434.37,26.0,9.19,1174.89,0.2708227086341322
2011-03-16,0.0,438.09,25.28,8.54,1123.1,0.223723107132544
2011-03-17,0.0,470.77,24.23,5.38,907.5,0.18054847242275482
2011-03-18,0.0,473.56,27.94,8.01,1081.05,0.14914873808836268
2011-03-19,0.0,463.85,30.48,10.79,1303.13,0.12559893733756858
2011-03-20,0.0,351.26,25.7,13.49,1559.08,0.10597410337857346
2011-03-21,0.0,389.43,25.59,11.86,1388.45,0.09027423621137741
2011-03-22,0.0,427.67,29.49,13.08,1492.55,0.07849933583598036
2011-03-23,0.0,384.42,29.5,15.45,1755.7,0.07064940225238232
2011-03-24,0.0,421.55,28.68,12.92,1478.8,0.06279946866878429
2011-03-25,0.0,476.07,24.68,6.27,944.11,0.05102456829338723
2011-03-26,21.72,355.52,25.84,7.38,1030.04,0.043174634709789196
2011-03-27,15.2,301.21,25.54,11.36,1348.44,0.043174634709789196
2011-03-28,16.32,216.16,15.72,7.02,1001.77,0.07457436904418134
2011-03-29,0.0,230.09,12.94,6.37,950.37,0.12559893733756858
2011-03-30,35.14,169.83,16.96,10.45,1276.32,0.2629727750505342
2011-03-31,4.75,159.57,16.99,11.02,1321.76,0.7732184579844065
2011-04-01,0.0,406.85,18.32,6.04,923.08,1.0047914987005486
2011-04-02,0.0,470.77,22.19,6.46,956.49,1.0754409009529309
2011-04-03,0.0,506.63,24.52,5.94,920.23,0.9419920300317642
2011-04-04,0.0,468.55,28.28,11.4,1352.4,0.6711693213976321
2011-04-05,16.1,374.91,26.25,7.64,1051.54,0.5337954836846664
2011-04-06,0.0,475.98,19.98,4.06,804.71,0.5141706497256713
2011-04-07,0.0,497.65,24.91,6.84,987.06,0.43959628068149
2011-04-08,0.0,472.05,28.64,11.42,1353.27,0.38857171238810273
2011-04-09,0.0,347.96,30.22,18.5,2127.88,0.3061474097603234
2011-04-10,0.0,399.81,31.72,17.6,2016.75,0.22764807392434303
2011-04-11,0.0,417.13,31.5,16.8,1903.71,0.16484860525555872
2011-04-12,3.46,342.61,29.41,14.01,1600.63,0.11382403696217151
2011-04-13,0.0,500.52,26.37,8.51,1120.5,0.08242430262777936
2011-04-14,0.0,499.54,26.74,8.89,1151.24,0.05494953508518625
2011-04-15,0.0,458.6,27.0,11.52,1361.78,0.03924966791799018
2011-04-16,0.0,423.68,28.0,14.17,1616.52,0.02982974761767253
2011-04-17,0.0,492.93,25.83,9.07,1165.76,0.023157304071614204
2011-04-18,0.0,530.61,26.24,6.94,995.34,0.01726985388391568
2011-04-19,0.0,513.69,29.68,10.69,1294.94,0.01334488709211666
2011-04-20,0.0,446.45,31.0,15.61,1769.35,0.009812416979497545
2011-04-21,0.0,426.0,31.44,17.0,1920.07,0.007457436904418133
2011-04-22,4.78,273.08,30.61,18.9,2183.94,0.005887450187698527
2011-04-23,0.0,375.92,30.34,18.36,2108.62,0.005102456829338723
2011-04-24,0.0,394.73,30.69,18.07,2082.52,0.003924966791799018
2011-04-25,0.0,428.16,30.98,17.07,1931.06,0.003296972105111175
2011-04-26,0.0,370.15,30.44,18.99,2198.57,0.0031399734334392145
2011-04-27,0.0,347.84,31.62,20.73,2437.48,0.002747476754259312
2011-04-28,10.89,280.01,29.56,18.03,2078.42,0.00219798140340745
2011-04-29,0.0,475.26,27.29,11.7,1375.78,0.00211948206757147
2011-04-30,0.0,496.78,27.87,10.77,1301.62,0.0017269853883915677
2011-05-01,0.0,454.2,28.5,13.41,1541.43,0.0014914873808836266
2011-05-02,0.0,419.59,29.0,15.43,1754.18,0.001530737048801617
2011-05-03,0.0,442.52,30.2,15.54,1763.13,0.0016092363846375972
2011-05-04,0.0,468.14,28.0,12.62,1449.48,0.001530737048801617
2011-05-05,0.0,468.48,24.01,9.38,1190.55,0.0014522377129656365
2011-05-06,2.84,366.75,24.68,10.21,1256.71,0.001373738377129656
2011-05-07,0.0,516.43,27.74,10.2,1171.68,0.0014522377129656365
2011-05-08,0.0,504.42,30.39,13.04,1404.66,0.0014914873808836266
2011-05-09,0.0,452.71,31.55,16.57,1769.62,0.0016092363846375972
2011-05-10,0.0,453.38,33.38,17.97,1914.89,0.0014522377129656365
2011-05-11,0.0,408.18,33.35,19.84,2232.63,0.0014129880450476464
2011-05-12,0.0,409.04,32.18,18.97,2097.65,0.0014129880450476464
2011-05-13,0.0,432.07,33.75,19.43,2101.42,0.001373738377129656
2011-05-14,3.29,320.76,31.43,18.54,2110.02,0.0013344887092116662
2011-05-15,0.0,420.3,28.28,15.54,1707.43,0.0013344887092116662
2011-05-16,0.0,425.0,24.14,11.8,1360.06,0.0013344887092116662
2011-05-17,0.0,423.07,23.04,11.0,1300.28,0.001373738377129656
2011-05-18,0.0,518.07,24.86,8.61,1020.6,0.0012952390412936758
2011-05-19,0.0,539.69,27.94,9.92,1077.88,0.0012952390412936758
2011-05-20,0.0,511.95,30.95,13.96,1410.87,0.0012167397054576954
2011-05-21,0.0,477.65,33.89,17.97,1849.04,0.0012167397054576954
2011-05-22,0.0,498.16,36.16,18.44,1853.07,0.0011774900375397053
2011-05-23,0.0,472.04,36.93,20.23,2110.06,0.0012167397054576954
2011-05-24,0.0,456.6,36.5,20.59,2189.32,0.0011774900375397053
2011-05-25,0.0,451.05,36.18,20.57,2198.23,0.0011382403696217152
2011-05-26,2.04,362.16,34.57,19.87,2244.46,0.001059741033785735
2011-05-27,0.0,400.21,33.75,20.62,2296.02,0.0010204913658677446
2011-05-28,0.0,387.98,32.94,20.4,2292.95,0.001059741033785735
2011-05-29,0.0,404.25,33.21,20.09,2215.33,0.0011382403696217152
2011-05-30,0.0,437.72,33.5,19.18,1991.6,0.0010204913658677446
2011-05-31,0.0,450.5,34.5,19.55,1940.17,0.0010204913658677446
2011-06-01,0.0,446.53,35.47,20.44,2049.37,0.0011774900375397053
2011-06-02,0.0,434.31,35.44,20.93,2136.98,0.0009419920300317642
2011-06-03,0.0,455.08,36.99,21.23,2117.53,0.0009812416979497545
2011-06-04,0.0,422.68,35.37,21.33,2215.98,0.001059741033785735
2011-06-05,0.0,436.28,36.07,21.35,2179.98,0.0010204913658677446
2011-06-06,0.0,441.76,35.81,21.0,2123.21,0.0009419920300317642
2011-06-07,0.0,427.39,33.92,20.16,2063.14,0.0009419920300317642
2011-06-08,0.0,443.96,33.8,19.56,1861.19,0.0009419920300317642
2011-06-09,0.0,450.79,34.2,19.7,1813.64,0.0009419920300317642
2011-06-10,0.0,469.81,34.39,19.0,1694.09,0.0009419920300317642
2011-06-11,0.0,475.36,34.8,19.0,1679.09,0.0009419920300317642
2011-06-12,0.0,464.24,35.27,19.85,1787.84,0.0009812416979497545
2011-06-13,0.0,470.01,37.97,21.58,1952.03,0.0009419920300317642
2011-06-14,0.0,450.31,37.04,21.68,2017.48,0.0009419920300317642
2011-06-15,36.79,335.26,35.82,20.32,2153.62,0.001059741033785735
2011-06-16,30.07,332.81,34.26,18.89,2165.36,0.0016877357204735776
2011-06-17,0.41,402.98,33.91,20.14,2299.47,0.0012167397054576954
2011-06-18,4.46,302.06,34.5,20.96,2474.21,0.0011382403696217152
2011-06-19,0.0,374.34,34.7,22.33,2687.41,0.0011382403696217152
2011-06-20,0.0,382.6,37.12,23.94,2948.88,0.0014129880450476464
2011-06-21,0.0,386.93,37.5,24.15,2976.92,0.001098990701703725
2011-06-22,0.0,405.21,37.48,23.5,2821.6,0.001059741033785735
2011-06-23,0.01,416.16,36.63,22.48,2640.03,0.0010204913658677446
2011-06-24,0.23,393.76,35.0,22.01,2612.61,0.0010204913658677446
2011-06-25,0.0,419.86,35.0,21.31,2369.18,0.0010204913658677446
2011-06-26,0.0,446.48,35.88,21.0,2186.7,0.0019232337279815187
2011-06-27,0.43,415.76,35.5,21.94,2289.34,0.00211948206757147
2011-06-28,38.48,276.79,33.77,22.04,2644.19,0.0018839840600635284
2011-06-29,46.21,299.5,34.0,21.51,2534.4,0.0025904780825873517
2011-06-30,0.0,395.43,33.5,21.0,2442.68,0.01334488709211666
2011-07-01,0.0,417.78,34.49,21.0,2393.31,0.00431746347097892
2011-07-02,0.0,415.15,34.45,21.09,2411.6,0.0025119787467513715
2011-07-03,0.0,372.93,33.0,21.53,2548.06,0.0020802323996534796
2011-07-04,0.0,406.34,34.48,21.56,2498.77,0.001962483395899509
2011-07-05,0.0,412.2,35.44,22.23,2507.14,0.0019232337279815187
2011-07-06,20.98,300.97,35.27,22.35,2683.04,0.012559893733756858
2011-07-07,0.0,407.5,35.0,21.98,2576.11,0.011382403696217151
2011-07-08,0.0,326.28,33.01,23.26,2833.84,0.006279946866878429
2011-07-09,0.0,333.75,33.5,23.51,2875.32,0.004709960150158821
2011-07-10,0.11,360.76,34.21,23.24,2825.0,0.003924966791799018
2011-07-11,0.0,375.31,34.94,23.44,2853.72,0.003924966791799018
2011-07-12,0.0,374.33,35.5,24.0,2974.14,0.0036894687842910765
2011-07-13,0.0,366.36,36.0,24.77,3103.29,0.003493220444701126
2011-07-14,1.35,366.55,35.93,24.0,2950.24,0.0036109694484550963
2011-07-15,23.56,246.33,31.5,22.5,2720.0,0.0037287184522090664
2011-07-16,0.0,294.03,29.99,22.3,2688.6,0.003650219116373086
2011-07-17,0.0,373.33,31.0,20.94,2465.14,0.003414721108865145
2011-07-18,0.0,419.6,32.0,20.23,2346.31,0.003100723765521224
2011-07-19,0.0,457.97,33.82,20.09,2302.77,0.003061474097603234
2011-07-20,0.0,441.64,36.26,22.51,2680.5,0.0030222244296852436
2011-07-21,0.0,431.99,37.0,23.42,2843.33,0.0031792231013572044
2011-07-22,0.0,416.81,36.8,23.93,2945.9,0.003336221773029165
2011-07-23,0.0,440.06,36.48,22.79,2715.73,0.0032184727692751943
2011-07-24,0.0,426.67,36.17,23.07,2781.54,0.0031792231013572044
2011-07-25,0.0,388.26,36.0,24.45,3056.66,0.0031792231013572044
2011-07-26,17.87,251.51,32.5,23.5,2880.0,0.003375471440947155
2011-07-27,0.0,304.3,30.75,22.98,2797.37,0.003414721108865145
2011-07-28,0.0,410.04,33.57,22.06,2638.99,0.003414721108865145
2011-07-29,0.0,421.01,35.46,23.06,2796.15,0.003336221773029165
2011-07-30,0.0,424.45,36.45,23.62,2893.92,0.0032577224371931842
2011-07-31,20.13,320.21,37.0,23.88,2972.27,0.0031792231013572044
2011-08-01,0.0,410.83,34.93,23.06,2803.73,0.003336221773029165
2011-08-02,0.0,412.7,34.76,22.83,2766.95,0.0036109694484550963
2011-08-03,0.0,425.83,36.37,23.48,2868.85,0.003414721108865145
2011-08-04,0.0,416.47,37.5,24.64,3093.73,0.0029437250938492633
2011-08-05,7.45,352.88,37.0,24.15,3014.04,0.003100723765521224
2011-08-06,8.95,317.72,36.03,24.14,3021.66,0.0031399734334392145
2011-08-07,0.0,425.44,36.5,23.47,2870.78,0.0028259760900952928
2011-08-08,0.0,408.83,36.98,24.4,3060.82,0.0028259760900952928
2011-08-09,22.93,332.31,37.0,22.82,2771.17,0.002786726422177302
2011-08-10,0.0,427.06,35.64,22.54,2726.59,0.002747476754259312
2011-08-11,0.0,426.89,36.69,23.2,2831.47,0.0029829747617672532
2011-08-12,0.0,442.71,37.0,22.58,2733.24,0.003532470112619116
2011-08-13,9.78,315.81,35.01,22.11,2657.59,0.0035717197805371064
2011-08-14,0.0,409.01,34.5,22.11,2657.5,0.004709960150158821
2011-08-15,0.0,408.24,34.2,21.77,2603.3,0.007457436904418133
2011-08-16,0.0,416.24,33.6,20.92,2466.52,0.004709960150158821
2011-08-17,0.0,409.45,33.49,21.05,2488.59,0.003650219116373086
2011-08-18,0.0,403.34,33.92,21.62,2579.11,0.003414721108865145
2011-08-19,0.0,417.19,34.5,21.5,2559.42,0.003414721108865145
2011-08-20,0.0,362.36,34.04,23.26,2841.81,0.003532470112619116
2011-08-21,0.0,373.03,34.5,23.24,2838.33,0.0035717197805371064
2011-08-22,9.2,327.82,35.47,22.88,2780.09,0.0038464674559630374
2011-08-23,0.0,407.53,34.65,22.0,2640.5,0.0034539707767831354
2011-08-24,0.0,381.07,33.62,22.22,2674.5,0.003414721108865145
2011-08-25,0.0,382.92,34.0,22.35,2696.61,0.003100723765521224
2011-08-26,0.0,345.95,33.65,23.3,2847.48,0.0031792231013572044
2011-08-27,0.0,395.69,35.6,22.89,2782.94,0.003100723765521224
2011-08-28,0.0,447.8,35.63,20.35,2376.55,0.002904475425931273
2011-08-29,0.0,450.91,36.39,20.56,2409.21,0.0029829747617672532
2011-08-30,0.0,371.01,34.72,22.98,2797.21,0.002786726422177302
2011-08-31,0.0,364.96,33.1,21.93,2628.1,0.0028259760900952928
2011-09-01,0.0,425.58,33.77,19.85,2310.02,0.0029829747617672532
2011-09-02,0.0,442.7,33.49,18.68,2148.49,0.003061474097603234
2011-09-03,0.0,420.2,33.36,19.61,2287.86,0.003296972105111175
2011-09-04,0.0,397.3,33.11,20.38,2380.41,0.003100723765521224
2011-09-05,7.14,259.91,33.0,22.24,2677.8,0.0028259760900952928
2011-09-06,0.0,359.54,31.5,20.55,2408.63,0.0031792231013572044
2011-09-07,0.0,444.53,28.9,14.79,1686.48,0.0028652257580132827
2011-09-08,0.0,438.91,27.46,13.84,1587.58,0.002433479410915391
2011-09-09,0.0,466.02,29.96,14.21,1617.02,0.0022764807392434304
2011-09-10,0.0,475.3,31.87,14.76,1680.59,0.0022372310713254396
2011-09-11,0.0,462.9,33.03,16.2,1834.19,0.0022372310713254396
2011-09-12,0.0,452.04,33.69,17.13,1946.66,0.0020802323996534796
2011-09-13,0.0,441.07,33.99,17.8,2042.16,0.0020409827317354893
2011-09-14,0.0,425.86,34.31,18.72,2159.67,0.0019232337279815187
2011-09-15,0.0,423.31,35.46,19.48,2269.16,0.0020802323996534796
2011-09-16,0.0,379.52,30.42,17.78,2044.86,0.00215873173548946
2011-09-17,0.0,302.82,23.49,14.64,1663.16,0.0018839840600635284
2011-09-18,0.0,270.53,24.14,16.31,1849.57,0.0017269853883915677
2011-09-19,0.0,337.03,26.88,16.5,1880.0,0.0016484860525555875
2011-09-20,2.45,226.79,28.0,19.81,2303.69,0.0017269853883915677
2011-09-21,24.32,177.37,28.67,21.47,2555.17,0.001766235056309558
2011-09-22,12.67,196.48,30.0,21.87,2618.93,0.001766235056309558
2011-09-23,7.82,201.56,30.76,22.31,2689.92,0.0019232337279815187
2011-09-24,7.16,257.15,32.21,21.65,2584.65,0.0019232337279815187
2011-09-25,29.0,247.71,32.52,21.46,2552.88,0.0018839840600635284
2011-09-26,9.08,252.01,31.5,20.58,2413.52,0.0019232337279815187
2011-09-27,0.67,347.05,31.97,20.15,2343.45,0.001962483395899509
2011-09-28,0.0,364.57,32.0,19.54,2276.96,0.0016484860525555875
2011-09-29,0.0,390.16,31.5,17.75,2037.75,0.001530737048801617
2011-09-30,0.0,419.54,31.35,15.65,1775.58,0.0014129880450476464
2011-10-01,0.0,449.91,27.48,10.4,1271.98,0.001373738377129656
2011-10-02,0.0,454.05,23.08,6.39,951.35,0.0012559893733756857
2011-10-03,0.0,446.81,24.04,7.47,1037.4,0.0013344887092116662
2011-10-04,0.0,460.1,26.56,7.77,1061.35,0.0011774900375397053
2011-10-05,0.0,436.57,27.01,9.76,1220.47,0.0011382403696217152
2011-10-06,0.0,415.74,27.56,11.4,1352.28,0.001098990701703725
2011-10-07,0.0,374.9,27.51,13.69,1573.34,0.001098990701703725
2011-10-08,0.0,292.34,26.33,16.43,1862.89,0.0011774900375397053
2011-10-09,3.65,174.63,25.07,17.54,2005.75,0.0009027423621137741
2011-10-10,29.68,115.4,23.26,18.55,2127.93,0.0008634926941957839
2011-10-11,17.54,79.62,22.11,19.1,2216.52,0.0009027423621137741
2011-10-12,4.06,130.5,23.36,18.78,2167.19,0.0012167397054576954
2011-10-13,8.35,220.91,26.19,16.98,1921.83,0.001059741033785735
2011-10-14,1.36,370.01,27.46,13.61,1568.71,0.0008634926941957839
2011-10-15,0.0,418.38,27.52,11.08,1326.65,0.0008634926941957839
2011-10-16,0.0,429.39,28.24,9.93,1234.48,0.0007849933583598036
2011-10-17,0.0,427.29,29.04,10.08,1246.25,0.0007457436904418133
2011-10-18,9.43,268.33,27.03,13.83,1584.58,0.0008242430262777937
2011-10-19,4.45,277.59,25.29,11.54,1363.41,0.0008634926941957839
2011-10-20,0.0,376.63,20.76,6.9,992.05,0.0009419920300317642
2011-10-21,0.0,390.44,19.27,4.28,822.63,0.0008634926941957839
2011-10-22,0.0,396.89,20.14,4.04,805.66,0.0007064940225238232
2011-10-23,0.0,399.41,22.01,4.85,868.31,0.0006672443546058331
2011-10-24,0.0,380.26,23.46,7.24,1019.53,0.0005494953508518625
2011-10-25,0.0,386.59,24.92,7.46,1036.97,0.00043174634709789193
2011-10-26,0.0,388.42,26.5,8.0,1079.88,0.00043174634709789193
2011-10-27,0.0,351.07,26.76,11.06,1324.85,0.00043174634709789193
2011-10-28,0.0,332.88,26.52,11.86,1388.62,0.0004709960150158821
2011-10-29,0.0,351.17,23.56,7.93,1074.18,0.0004709960150158821
2011-10-30,0.0,330.98,17.37,3.8,802.22,0.0005494953508518625
2011-10-31,0.0,333.47,19.66,5.63,915.16,0.0005102456829338723
2011-11-01,0.0,348.25,19.61,4.45,835.84,0.0005102456829338723
2011-11-02,0.0,352.04,20.5,4.76,860.0,0.0005494953508518625
2011-11-03,0.0,358.27,22.93,6.12,938.95,0.0004709960150158821
2011-11-04,2.04,330.23,22.29,7.44,1034.99,0.0003532470112619116
2011-11-05,0.0,258.49,17.91,7.86,1068.42,0.0003924966791799018
2011-11-06,0.0,279.68,19.58,8.32,1105.47,0.0003924966791799018
2011-11-07,0.0,311.9,23.35,9.51,1200.83,0.00015699867167196072
2011-11-08,0.0,320.29,24.98,9.93,1234.45,0.0001962483395899509
2011-11-09,0.0,332.0,24.5,8.09,1087.32,0.00031399734334392143
2011-11-10,0.0,338.48,23.73,6.29,943.39,0.00031399734334392143
2011-11-11,0.0,334.08,18.5,1.75,698.39,0.00043174634709789193
2011-11-12,0.0,361.82,17.79,-2.4,517.5,0.0004709960150158821
2011-11-13,0.0,346.07,22.26,2.8,744.57,0.0004709960150158821
2011-11-14,0.0,316.17,25.69,8.32,1105.24,0.0004709960150158821
2011-11-15,0.0,262.82,26.49,12.97,1481.02,0.0005494953508518625
2011-11-16,7.68,137.82,27.78,18.63,2143.73,0.0005494953508518625
2011-11-17,1.16,223.68,25.42,13.72,1577.51,0.0004709960150158821
2011-11-18,0.0,275.77,17.42,4.13,819.06,0.00043174634709789193
2011-11-19,0.0,287.55,19.83,5.34,902.56,0.0003924966791799018
2011-11-20,0.0,274.64,25.31,10.89,1311.57,0.00043174634709789193
2011-11-21,0.0,255.08,26.29,13.03,1484.91,0.0003924966791799018
2011-11-22,5.41,203.98,27.0,12.68,1454.43,0.00043174634709789193
2011-11-23,9.8,200.81,25.5,11.46,1357.14,0.0004709960150158821
2011-11-24,0.0,307.1,21.29,4.55,843.74,0.0005102456829338723
2011-11-25,0.0,328.61,21.45,2.15,716.06,0.0005494953508518625
2011-11-26,0.0,279.27,23.25,8.36,1108.69,0.0007064940225238232
2011-11-27,0.0,188.49,23.94,14.68,1671.35,0.0003924966791799018
2011-11-28,16.93,194.04,24.57,11.0,1320.0,0.0006672443546058331
2011-11-29,0.0,234.37,15.06,4.04,805.21,0.001098990701703725
2011-11-30,0.0,249.36,12.78,1.0,640.0,0.0009419920300317642
2011-12-01,0.0,286.8,15.08,0.41,628.29,0.0010204913658677446
2011-12-02,0.0,321.48,17.24,-1.38,556.93,0.0009812416979497545
2011-12-03,0.0,317.96,19.21,0.48,638.67,0.0009812416979497545
2011-12-04,0.0,254.47,20.73,7.61,1049.0,0.001059741033785735
2011-12-05,0.0,191.45,22.12,12.65,1452.71,0.0012167397054576954
2011-12-06,0.0,216.2,24.72,13.47,1555.36,0.0012952390412936758
2011-12-07,2.97,203.12,24.2,9.33,1186.39,0.001373738377129656
2011-12-08,0.0,284.05,16.51,1.22,658.33,0.0028652257580132827
2011-12-09,0.0,279.09,16.99,2.08,713.86,0.001766235056309558
2011-12-10,0.0,220.13,16.0,5.39,904.18,0.001530737048801617
2011-12-11,0.0,196.21,13.5,4.49,841.37,0.0015699867167196073
2011-12-12,11.43,102.23,11.0,5.21,897.06,0.0023549800750794106
2011-12-13,0.0,245.0,16.27,4.74,859.0,0.002786726422177302
2011-12-14,0.0,295.49,20.54,4.5,840.04,0.0026689774184233323
2011-12-15,0.0,291.69,22.98,6.77,981.51,0.00215873173548946
2011-12-16,0.0,285.1,24.0,8.0,1080.32,0.00211948206757147
2011-12-17,0.0,275.91,22.0,7.09,1007.16,0.002001733063817499
2011-12-18,0.0,292.29,17.96,2.01,713.67,0.00211948206757147
2011-12-19,0.0,307.68,18.92,0.97,648.12,0.0022764807392434304
2011-12-20,0.0,294.33,22.28,5.25,896.6,0.002472729078833381
2011-12-21,2.05,242.87,22.73,9.77,1221.87,0.0025904780825873517
2011-12-22,0.0,206.67,24.85,14.29,1623.05,0.0025119787467513715
2011-12-23,0.0,218.36,23.01,12.05,1403.69,0.002394229742997401
2011-12-24,0.0,255.33,19.52,6.64,971.28,0.0022372310713254396
2011-12-25,14.75,162.73,17.4,7.41,1032.66,0.0022764807392434304
2011-12-26,0.0,191.05,16.0,7.59,1047.16,0.002747476754259312
2011-12-27,13.54,186.22,19.26,7.27,1021.57,0.0037679681201270568
2011-12-28,0.0,276.45,16.55,2.88,750.21,0.0007457436904418133
2011-12-29,0.0,294.53,15.61,0.37,626.6,0.0008242430262777937
2011-12-30,0.0,311.41,18.49,0.87,643.76,0.0007849933583598036
2011-12-31,0.0,295.21,21.16,4.98,877.43,0.0009812416979497545
2012-01-01,0.0,294.86,21.68,4.12,814.07,0.0013344887092116662
2012-01-02,0.0,279.16,18.71,3.15,772.07,0.0016092363846375972
2012-01-03,0.0,256.72,9.48,-3.49,480.0,0.0015699867167196073
2012-01-04,0.0,274.87,8.22,-5.95,400.0,0.0015699867167196073
2012-01-05,0.0,291.64,14.45,-1.54,549.48,0.001530737048801617
2012-01-06,0.0,314.98,19.47,0.4,628.8,0.001530737048801617
2012-01-07,0.0,315.83,21.75,2.38,724.09,0.0015699867167196073
2012-01-08,0.0,280.12,23.42,7.59,1047.34,0.0016877357204735776
2012-01-09,0.0,274.37,23.5,8.24,1098.97,0.0017269853883915677
2012-01-10,0.0,270.27,22.81,8.07,1085.36,0.0017269853883915677
2012-01-11,7.18,160.46,20.0,9.4,1191.63,0.002001733063817499
2012-01-12,5.66,211.71,19.83,5.45,915.61,0.00215873173548946
2012-01-13,0.0,302.74,16.5,0.17,615.03,0.0018839840600635284
2012-01-14,0.0,263.68,10.74,-2.0,524.21,0.001766235056309558
2012-01-15,0.0,283.35,13.84,-0.4,597.83,0.0017269853883915677
2012-01-16,0.0,307.9,16.29,-0.08,605.22,0.0016484860525555875
2012-01-17,0.09,290.59,19.3,4.07,815.33,0.0016484860525555875
2012-01-18,3.09,217.03,20.52,6.24,938.84,0.0016092363846375972
2012-01-19,0.0,334.91,17.9,-0.96,565.76,0.0016484860525555875
2012-01-20,0.0,328.13,18.86,0.78,638.99,0.0016092363846375972
2012-01-21,8.71,194.26,22.56,9.68,1214.36,0.0016484860525555875
2012-01-22,10.0,158.46,21.0,11.14,1330.8,0.0025119787467513715
2012-01-23,0.0,217.91,18.67,8.68,1134.78,0.0022764807392434304
2012-01-24,0.0,263.89,21.79,9.02,1161.24,0.0022372310713254396
2012-01-25,0.0,320.97,23.47,6.35,954.13,0.0020802323996534796
2012-01-26,0.0,288.9,24.33,9.77,1221.25,0.001962483395899509
2012-01-27,7.5,199.74,23.29,10.5,1280.0,0.002433479410915391
2012-01-28,0.0,332.16,19.49,2.58,728.37,0.002629727750505342
2012-01-29,0.0,325.69,18.5,2.42,720.85,0.0022764807392434304
2012-01-30,0.0,368.42,18.82,-1.5,559.36,0.002001733063817499
2012-01-31,0.0,372.84,19.57,-1.19,560.0,0.0018839840600635284
2012-02-01,0.0,362.34,22.51,2.7,742.82,0.0018839840600635284
2012-02-02,0.0,336.76,24.78,7.21,1016.68,0.0018054847242275482
2012-02-03,0.0,300.14,23.0,8.66,1132.41,0.001766235056309558
2012-02-04,0.0,270.82,22.81,10.47,1277.5,0.0016484860525555875
2012-02-05,0.0,262.98,24.93,12.99,1483.48,0.0015699867167196073
2012-02-06,0.0,253.48,20.39,9.71,1216.66,0.0014522377129656365
2012-02-07,0.0,240.78,15.04,5.56,913.92,0.0014129880450476464
2012-02-08,0.0,343.84,17.51,2.26,720.88,0.0014129880450476464
2012-02-09,0.0,353.85,18.8,2.82,747.27,0.0012167397054576954
2012-02-10,0.0,287.55,16.27,4.71,856.93,0.0009419920300317642
2012-02-11,0.0,307.76,15.17,2.79,743.19,0.001059741033785735
2012-02-12,0.0,365.25,10.5,-4.91,440.0,0.0009812416979497545
2012-02-13,0.0,394.93,11.43,-6.45,365.25,0.0009419920300317642
2012-02-14,3.37,284.23,15.33,-1.43,551.55,0.001059741033785735
2012-02-15,0.36,215.2,16.78,8.68,1134.31,0.0012559893733756857
2012-02-16,2.32,246.54,21.81,10.81,1304.45,0.0012559893733756857
2012-02-17,0.42,282.1,22.03,10.89,1311.28,0.0012167397054576954
2012-02-18,0.0,326.8,20.86,8.13,1090.76,0.0011382403696217152
2012-02-19,41.92,269.71,23.12,8.4,1112.08,0.005887450187698527
2012-02-20,0.0,387.4,19.23,3.3,783.43,0.005102456829338723
2012-02-21,0.0,362.84,18.01,3.87,804.1,0.002786726422177302
2012-02-22,0.0,365.33,21.44,6.74,979.6,0.002001733063817499
2012-02-23,0.0,327.75,25.83,12.79,1474.58,0.0016877357204735776
2012-02-24,0.0,320.58,28.32,15.44,1755.27,0.0015699867167196073
2012-02-25,0.0,409.42,23.55,6.01,920.92,0.0014129880450476464
2012-02-26,0.0,320.16,14.37,3.22,777.22,0.0012167397054576954
2012-02-27,10.73,196.55,16.26,7.54,1043.19,0.0018054847242275482
2012-02-28,0.0,218.09,18.76,11.66,1373.14,0.003061474097603234
2012-02-29,0.0,348.14,25.17,12.52,1441.56,0.0026689774184233323
2012-03-01,0.0,320.15,26.42,15.23,1738.04,0.0022764807392434304
2012-03-02,20.2,201.65,25.37,17.52,2003.42,0.00211948206757147
2012-03-03,49.38,230.18,25.03,15.14,1731.11,0.012952390412936757
2012-03-04,64.96,293.36,19.26,6.5,960.0,0.1609236384637597
2012-03-05,0.0,426.53,18.64,4.0,800.04,0.03336221773029165
2012-03-06,0.0,457.15,20.67,3.53,790.42,0.010989907017037248
2012-03-07,0.0,410.83,21.23,7.24,1019.36,0.006279946866878429
2012-03-08,0.0,418.11,24.01,9.17,1173.9,0.005887450187698527
2012-03-09,0.0,373.59,25.5,12.97,1485.04,0.05102456829338723
2012-03-10,0.0,415.54,22.16,8.17,1093.33,0.06279946866878429
2012-03-11,0.0,376.34,20.94,9.12,1169.95,0.043174634709789196
2012-03-12,0.0,362.34,22.42,11.13,1330.01,0.029437250938492632
2012-03-13,0.0,374.41,25.55,13.51,1560.47,0.023157304071614204
2012-03-14,0.0,401.87,27.23,13.83,1585.97,0.021979814034074497
2012-03-15,0.0,442.82,29.0,13.0,1480.66,0.02040982731735489
2012-03-16,0.0,433.54,29.64,14.01,1600.91,0.015699867167196072
2012-03-17,0.0,420.57,29.4,14.61,1657.92,0.014129880450476464
2012-03-18,0.0,406.9,28.49,14.69,1669.6,0.011774900375397053
2012-03-19,0.0,424.42,28.45,13.77,1581.61,0.010204913658677445
2012-03-20,0.0,434.13,29.3,13.99,1599.49,0.008242430262777937
2012-03-21,0.0,413.13,28.5,14.65,1666.56,0.00667244354605833
2012-03-22,0.0,352.88,27.5,16.57,1879.13,0.005494953508518624
2012-03-23,0.0,368.15,28.46,16.94,1915.44,0.006279946866878429
2012-03-24,29.79,284.0,27.99,16.24,1838.55,0.021587317354894598
2012-03-25,0.0,409.62,24.66,12.2,1415.62,0.06279946866878429
2012-03-26,0.0,433.73,26.06,12.42,1433.32,0.11774900375397053
2012-03-27,0.0,428.85,25.57,12.29,1423.28,0.2668977418423332
2012-03-28,0.0,445.96,26.45,12.11,1408.82,0.6162197863124458
2012-03-29,0.0,455.53,28.56,13.12,1503.01,0.6122948195206468
2012-03-30,0.0,445.53,29.26,14.26,1621.15,0.4160464799306958
2012-03-31,0.0,392.39,28.0,15.75,1781.78,0.27867264221773025
2012-04-01,4.31,285.85,27.2,16.26,1841.71,0.2001733063817499
2012-04-02,0.0,417.36,30.94,17.01,1925.83,0.14522377129656366
2012-04-03,0.0,395.96,31.24,18.24,2099.51,0.1098990701703725
2012-04-04,0.0,428.62,30.82,16.53,1879.79,0.09027423621137741
2012-04-05,0.0,418.3,30.5,16.91,1916.11,0.0667244354605833
2012-04-06,11.38,338.8,25.55,11.36,1349.13,0.058874501876985265
2012-04-07,0.0,474.71,20.49,6.0,924.45,0.05102456829338723
2012-04-08,0.0,494.8,24.43,8.18,1094.15,0.03924966791799018
2012-04-09,0.0,492.52,27.0,10.38,1270.37,0.031399734334392145
2012-04-10,0.0,506.51,27.5,9.78,1222.03,0.02629727750505342
2012-04-11,0.0,506.65,26.84,9.16,1172.98,0.021587317354894598
2012-04-12,0.0,498.65,22.49,6.1,933.22,0.01805484724227548
2012-04-13,0.0,492.38,22.09,6.11,935.61,0.016484860525555874
2012-04-14,0.0,522.04,25.01,6.63,970.76,0.01530737048801617
2012-04-15,0.0,423.81,27.2,13.84,1582.71,0.014522377129656365
2012-04-16,0.0,446.98,28.37,13.85,1587.72,0.013737383771296562
2012-04-17,0.0,453.8,29.5,14.45,1641.95,0.01334488709211666
2012-04-18,0.0,423.83,29.0,15.48,1758.8,0.012559893733756858
2012-04-19,5.88,203.21,24.14,16.59,1883.19,0.012167397054576956
2012-04-20,0.0,255.62,23.58,16.64,1888.56,0.012167397054576956
2012-04-21,0.0,346.67,27.39,17.39,1983.05,0.012559893733756858
2012-04-22,6.47,295.2,26.5,15.05,1723.78,0.013737383771296562
2012-04-23,0.0,452.24,20.76,7.76,1060.89,0.00863492694195784
2012-04-24,0.0,482.14,20.08,5.82,920.54,0.007849933583598036
2012-04-25,0.0,520.23,25.24,8.1,1088.29,0.007849933583598036
2012-04-26,0.0,494.36,30.09,13.38,1536.87,0.008242430262777937
2012-04-27,0.0,451.48,31.26,16.5,1880.31,0.007849933583598036
2012-04-28,0.0,464.24,31.54,16.15,1824.33,0.006279946866878429
2012-04-29,0.0,473.98,32.5,16.39,1858.28,0.00667244354605833
2012-04-30,0.0,449.1,32.19,17.33,1972.76,0.00667244354605833
2012-05-01,0.0,427.25,31.87,18.03,2082.1,0.007064940225238232
2012-05-02,0.0,429.73,31.95,18.0,2080.09,0.007064940225238232
2012-05-03,0.0,431.77,31.99,17.94,2070.03,0.007064940225238232
2012-05-04,0.0,410.99,32.11,18.95,2191.92,0.007064940225238232
2012-05-05,0.0,430.48,33.95,19.56,2283.05,0.007064940225238232
2012-05-06,0.0,416.61,34.0,20.2,2352.57,0.00667244354605833
2012-05-07,16.65,266.87,29.99,19.82,2305.84,0.006279946866878429
2012-05-08,14.0,238.9,28.23,19.14,2222.4,0.006279946866878429
2012-05-09,8.63,292.59,30.02,18.46,2116.48,0.007064940225238232
2012-05-10,3.94,438.15,28.9,14.45,1642.27,0.007064940225238232
2012-05-11,0.0,497.24,28.19,12.62,1450.69,0.006279946866878429
2012-05-12,0.0,434.81,28.0,15.35,1745.01,0.006279946866878429
2012-05-13,3.99,310.94,27.0,16.41,1860.95,0.00667244354605833
2012-05-14,9.67,226.56,26.91,19.0,2199.97,0.007064940225238232
2012-05-15,9.29,300.34,29.64,18.43,2114.61,0.007064940225238232
2012-05-16,0.0,380.82,29.5,19.07,2210.79,0.007064940225238232
2012-05-17,0.0,369.17,28.0,18.25,2100.11,0.007064940225238232
2012-05-18,12.98,281.23,26.15,16.55,1883.76,0.007064940225238232
2012-05-19,0.0,415.45,25.48,14.62,1658.51,0.007064940225238232
2012-05-20,0.0,461.25,28.34,15.18,1734.23,0.007064940225238232
2012-05-21,0.0,443.21,29.5,16.79,1903.1,0.007064940225238232
2012-05-22,0.38,426.27,30.5,17.82,2051.23,0.007064940225238232
2012-05-23,0.0,463.85,31.14,17.19,1949.6,0.007064940225238232
2012-05-24,0.0,425.63,31.99,19.48,2267.03,0.007064940225238232
2012-05-25,0.0,447.75,33.0,19.46,2273.66,0.007064940225238232
2012-05-26,0.0,454.9,33.5,19.59,2287.2,0.006279946866878429
2012-05-27,0.0,408.46,32.43,20.69,2430.2,0.006279946866878429
2012-05-28,9.09,239.37,29.85,21.5,2560.0,0.00667244354605833
2012-05-29,32.82,207.38,28.41,21.53,2565.03,0.01334488709211666
2012-05-30,41.31,261.9,28.27,19.57,2281.19,0.036502191163730865
2012-05-31,0.0,449.3,32.0,19.39,2258.88,0.02472729078833381
2012-06-01,0.0,452.11,32.67,19.8,2304.11,0.1334488709211666
2012-06-02,0.0,448.25,30.2,18.09,2084.84,0.11774900375397053
2012-06-03,0.0,498.49,30.02,15.89,1724.15,0.07849933583598036
2012-06-04,7.49,359.89,30.54,18.32,2100.94,0.05494953508518625
2012-06-05,23.89,301.04,28.85,19.0,2200.0,0.03532470112619116
2012-06-06,24.11,235.38,26.61,19.28,2245.5,0.05102456829338723
2012-06-07,5.06,210.35,24.99,18.66,2151.28,0.09027423621137741
2012-06-08,0.0,404.21,27.66,17.81,2045.37,0.11382403696217151
2012-06-09,0.0,466.67,29.42,17.13,1941.67,0.12559893733756858
2012-06-10,26.91,313.11,30.0,20.15,2344.61,0.1334488709211666
2012-06-11,36.15,269.61,30.17,21.53,2564.64,0.3061474097603234
2012-06-12,11.69,280.54,30.37,21.3,2528.29,0.223723107132544
2012-06-13,0.0,400.28,31.85,21.69,2589.97,0.20409827317354892
2012-06-14,0.0,419.42,31.6,20.85,2456.26,0.30222244296852435
2012-06-15,0.0,436.01,30.64,19.5,2280.09,0.32577224371931846
2012-06-16,0.0,449.38,29.29,17.87,2058.31,0.36109694484550964
2012-06-17,0.0,477.22,29.05,16.52,1874.94,0.30222244296852435
2012-06-18,0.0,494.03,29.95,16.4,1863.73,0.18054847242275482
2012-06-19,0.0,489.23,30.5,17.04,1931.32,0.09027423621137741
2012-06-20,0.0,478.65,31.0,17.89,2058.9,0.043174634709789196
2012-06-21,0.0,457.63,31.5,19.17,2227.08,0.021194820675714696
2012-06-22,0.0,482.15,31.51,18.12,2089.4,0.010204913658677445
2012-06-23,0.0,473.18,32.96,19.56,2278.99,0.005102456829338723
2012-06-24,5.17,345.4,33.48,22.0,2640.0,0.0022764807392434304
2012-06-25,4.5,261.38,30.03,22.35,2695.24,0.0013344887092116662
2012-06-26,0.0,336.5,28.08,20.38,2380.02,0.0014129880450476464
2012-06-27,0.0,486.53,28.72,15.96,1801.93,0.001373738377129656
2012-06-28,0.0,528.86,32.6,16.23,1837.15,0.0012952390412936758
2012-06-29,0.0,516.73,35.99,18.86,2177.82,0.0013344887092116662
2012-06-30,0.0,459.78,37.51,22.98,2797.23,0.0012559893733756857
2012-07-01,0.0,459.58,38.27,23.43,2868.08,0.0012952390412936758
2012-07-02,7.34,371.46,36.83,21.83,2613.3,0.0012167397054576954
2012-07-03,0.0,414.27,34.21,22.52,2723.26,0.0012167397054576954
2012-07-04,0.28,465.26,35.5,20.96,2474.14,0.0011382403696217152
2012-07-05,0.0,415.9,34.5,22.58,2732.97,0.001059741033785735
2012-07-06,13.0,324.3,35.26,22.36,2696.85,0.0007457436904418133
2012-07-07,0.0,422.34,34.4,21.97,2634.89,0.0006672443546058331
2012-07-08,0.0,422.79,35.5,22.69,2750.93,0.0005494953508518625
2012-07-09,0.0,389.17,35.99,24.34,3055.08,0.0004709960150158821
2012-07-10,0.0,416.05,36.0,23.27,2843.95,0.00043174634709789193
2012-07-11,0.0,431.65,35.47,22.14,2662.54,0.0003532470112619116
2012-07-12,2.35,362.96,33.58,22.27,2683.33,0.0003924966791799018
2012-07-13,25.52,261.26,32.41,22.67,2747.12,0.00043174634709789193
2012-07-14,13.17,250.06,31.86,22.99,2799.05,0.0003924966791799018
2012-07-15,13.05,260.1,31.5,22.02,2642.94,0.0003532470112619116
2012-07-16,0.0,388.85,32.5,21.5,2560.15,0.0003532470112619116
2012-07-17,0.0,374.74,33.0,22.42,2707.39,0.0003532470112619116
2012-07-18,6.97,277.69,32.29,22.48,2717.6,0.00031399734334392143
2012-07-19,0.0,364.78,33.0,22.88,2780.99,0.00027474767542593127
2012-07-20,0.0,372.37,33.25,22.9,2783.21,0.00031399734334392143
2012-07-21,0.0,359.54,33.05,23.19,2830.13,0.00027474767542593127
2012-07-22,0.0,363.19,33.81,23.75,2940.92,0.00023549800750794105
2012-07-23,0.0,410.68,34.91,23.0,2800.0,0.0001962483395899509
2012-07-24,0.0,433.02,35.5,22.5,2720.0,0.00027474767542593127
2012-07-25,0.0,425.55,37.0,23.73,2934.17,0.0001962483395899509
2012-07-26,0.0,416.71,37.49,24.31,3049.72,0.0001962483395899509
2012-07-27,0.0,431.95,37.5,23.62,2909.49,0.00015699867167196072
2012-07-28,0.0,410.93,35.55,23.19,2830.8,0.00015699867167196072
2012-07-29,12.64,331.48,35.54,23.5,2880.0,0.00027474767542593127
2012-07-30,22.48,321.96,35.21,22.37,2698.95,0.00031399734334392143
2012-07-31,2.81,334.43,32.0,21.37,2539.28,0.00023549800750794105
2012-08-01,0.0,361.54,32.0,22.43,2709.38,0.00043174634709789193
2012-08-02,13.58,351.26,33.82,21.67,2586.79,0.00043174634709789193
2012-08-03,0.0,469.49,34.5,20.22,2354.63,0.00043174634709789193
2012-08-04,0.0,404.03,32.99,21.81,2610.07,0.00027474767542593127
2012-08-05,0.9,350.09,32.5,23.09,2815.04,0.0003532470112619116
2012-08-06,15.01,216.07,30.63,23.45,2873.33,0.0003924966791799018
2012-08-07,33.17,251.34,31.52,23.02,2803.38,0.001098990701703725
2012-08-08,11.81,241.59,31.06,23.05,2808.11,0.0026689774184233323
2012-08-09,23.27,270.93,31.79,22.61,2738.21,0.002433479410915391
2012-08-10,9.97,283.7,32.0,22.75,2759.27,0.00431746347097892
2012-08-11,8.09,288.03,31.18,22.01,2641.09,0.007064940225238232
2012-08-12,11.27,295.19,31.77,21.67,2587.24,0.006279946866878429
2012-08-13,0.0,431.36,32.47,20.77,2442.96,0.0038072177880450466
2012-08-14,0.0,457.78,33.23,20.1,2336.92,0.0028259760900952928
2012-08-15,0.0,430.84,33.48,21.39,2542.49,0.0022764807392434304
2012-08-16,1.42,401.51,33.36,22.09,2655.17,0.00211948206757147
2012-08-17,24.01,320.79,33.0,21.0,2480.51,0.00211948206757147
2012-08-18,0.0,392.13,32.03,21.55,2568.48,0.0019232337279815187
2012-08-19,42.74,267.26,31.84,22.56,2729.14,0.0019232337279815187
2012-08-20,11.21,210.15,29.1,22.32,2691.95,0.002001733063817499
2012-08-21,6.01,211.47,28.5,21.93,2628.11,0.0018054847242275482
2012-08-22,0.0,328.66,29.47,21.5,2560.0,0.001766235056309558
2012-08-23,0.0,330.46,28.88,21.0,2480.0,0.00863492694195784
2012-08-24,10.19,288.07,28.9,19.55,2284.23,0.03767968120127057
2012-08-25,0.0,440.93,29.97,18.4,2114.5,0.07849933583598036
2012-08-26,0.0,438.31,30.77,19.16,2224.77,0.07064940225238232
2012-08-27,7.81,306.63,30.17,20.96,2473.76,0.07064940225238232
2012-08-28,18.89,248.85,30.53,22.57,2730.51,0.14129880450476465
2012-08-29,15.05,289.89,31.54,21.79,2607.04,0.34932204447011256
2012-08-30,23.22,272.92,30.65,21.8,2607.31,0.6397695870632398
2012-08-31,0.0,382.47,31.58,21.93,2628.22,0.9066673289055731
2012-09-01,0.0,405.53,33.02,22.22,2674.87,0.682944221773029
2012-09-02,0.0,417.32,34.0,22.49,2718.59,1.0715159341611318
2012-09-03,0.0,382.63,32.99,23.06,2809.27,0.87919256136298
2012-09-04,7.19,296.49,32.5,22.63,2740.45,0.5887450187698526
2012-09-05,0.0,405.86,32.34,21.51,2561.22,0.7300438232746173
2012-09-06,0.0,397.49,32.5,21.85,2616.09,0.9773167311579554
2012-09-07,0.0,373.54,32.39,22.54,2726.66,0.6711693213976321
2012-09-08,6.83,299.27,32.5,22.49,2719.17,0.38464674559630374
2012-09-09,3.27,368.9,31.0,20.5,2400.66,0.3179223101357204
2012-09-10,0.0,451.88,28.73,16.14,1826.2,0.31399734334392143
2012-09-11,0.0,453.55,28.92,16.02,1810.41,0.2629727750505342
2012-09-12,0.0,436.08,28.97,16.8,1906.05,0.19232337279815187
2012-09-13,0.0,406.85,28.05,17.33,1972.94,0.1295239041293676
2012-09-14,0.0,397.41,28.55,18.07,2080.63,0.09419920300317643
2012-09-15,0.0,426.3,30.29,18.11,2085.44,0.07849933583598036
2012-09-16,0.0,434.03,30.99,18.14,2089.08,0.05102456829338723
2012-09-17,0.0,404.63,31.0,19.44,2267.06,0.031399734334392145
2012-09-18,0.0,342.1,29.5,20.51,2402.03,0.02040982731735489
2012-09-19,4.33,265.48,27.92,19.3,2247.31,0.018839840600635285
2012-09-20,0.0,362.0,28.0,18.35,2110.08,0.016877357204735776
2012-09-21,0.0,384.34,28.77,18.02,2073.78,0.01334488709211666
2012-09-22,0.0,446.33,30.8,16.17,1826.23,0.010597410337857348
2012-09-23,0.0,437.69,31.0,16.56,1882.97,0.008242430262777937
2012-09-24,0.0,473.65,28.67,11.98,1398.41,0.00667244354605833
2012-09-25,0.0,451.49,28.47,13.28,1525.12,0.005887450187698527
2012-09-26,0.0,429.68,29.45,15.13,1720.18,0.005102456829338723
2012-09-27,0.0,419.04,31.02,16.58,1879.38,0.004709960150158821
2012-09-28,0.0,403.88,31.0,17.23,1956.92,0.00431746347097892
2012-09-29,1.95,340.37,30.53,17.9,2063.69,0.00431746347097892
2012-09-30,10.64,213.71,28.99,20.37,2378.5,0.00431746347097892
2012-10-01,0.0,271.25,28.72,20.56,2410.2,0.004709960150158821
2012-10-02,0.0,272.56,30.44,22.03,2644.55,0.004709960150158821
2012-10-03,0.0,273.3,29.0,20.73,2437.48,0.00431746347097892
2012-10-04,4.38,193.83,26.98,19.94,2315.03,0.004709960150158821
2012-10-05,0.0,276.37,28.14,19.88,2312.14,0.004709960150158821
2012-10-06,0.0,320.5,29.62,19.48,2271.84,0.00431746347097892
2012-10-07,0.0,356.27,31.04,18.93,2188.91,0.003924966791799018
2012-10-08,0.0,372.34,27.34,15.0,1720.0,0.003924966791799018
2012-10-09,0.35,281.58,20.4,12.39,1431.02,0.003924966791799018
2012-10-10,0.0,364.25,23.35,11.93,1394.69,0.0038857171238810277
2012-10-11,0.0,387.45,25.42,12.35,1427.63,0.0036109694484550963
2012-10-12,0.0,397.93,25.82,11.84,1386.92,0.0038857171238810277
2012-10-13,0.0,388.76,27.39,13.35,1533.97,0.003924966791799018
2012-10-14,0.0,340.0,26.63,15.26,1740.74,0.003532470112619116
2012-10-15,6.29,299.2,28.59,14.43,1637.71,0.003336221773029165
2012-10-16,0.0,403.83,26.5,10.9,1311.6,0.0031399734334392145
2012-10-17,0.0,358.43,23.82,11.48,1358.66,0.003100723765521224
2012-10-18,0.0,349.49,25.54,13.17,1509.28,0.003061474097603234
2012-10-19,7.03,260.06,26.5,13.89,1589.99,0.003532470112619116
2012-10-20,0.0,405.59,25.5,8.56,1124.62,0.0035717197805371064
2012-10-21,0.0,393.35,24.5,8.47,1117.83,0.0034539707767831354
2012-10-22,0.0,394.65,24.84,8.34,1106.95,0.0031399734334392145
2012-10-23,0.0,396.5,26.37,8.91,1152.79,0.002904475425931273
2012-10-24,0.0,376.36,27.77,11.56,1364.5,0.002786726422177302
2012-10-25,0.0,339.99,28.99,15.01,1712.0,0.002786726422177302
2012-10-26,0.0,288.66,27.57,16.64,1888.65,0.002786726422177302
2012-10-27,0.0,208.59,25.31,18.02,2078.71,0.0029829747617672532
2012-10-28,0.0,314.36,24.0,12.32,1425.66,0.003100723765521224
2012-10-29,0.0,360.69,22.13,7.69,1054.93,0.0029437250938492633
2012-10-30,0.0,299.36,17.5,7.0,1000.0,0.002904475425931273
2012-10-31,0.0,325.98,18.65,6.46,956.65,0.0028259760900952928
2012-11-01,0.0,361.91,20.64,5.37,907.11,0.0029437250938492633
2012-11-02,0.0,389.46,22.68,3.49,796.48,0.0030222244296852436
2012-11-03,0.0,382.76,25.82,5.89,926.28,0.0029437250938492633
2012-11-04,0.0,360.18,27.94,9.52,1201.49,0.0025512284146693614
2012-11-05,0.0,327.97,25.38,10.05,1243.94,0.002394229742997401
2012-11-06,3.0,197.29,18.3,7.67,1053.48,0.0030222244296852436
2012-11-07,0.0,247.52,13.37,3.81,800.0,0.002904475425931273
2012-11-08,0.0,282.92,14.5,2.95,755.89,0.002904475425931273
2012-11-09,0.0,361.67,19.35,0.95,644.99,0.0029829747617672532
2012-11-10,0.0,366.7,21.57,1.6,687.84,0.0029829747617672532
2012-11-11,0.0,329.8,23.97,7.21,1016.89,0.0029437250938492633
2012-11-12,0.0,258.23,23.95,12.11,1409.01,0.0027082270863413222
2012-11-13,1.06,227.25,23.13,12.98,1478.36,0.0027082270863413222
2012-11-14,0.0,216.91,17.65,8.53,1122.17,0.003100723765521224
2012-11-15,8.83,98.05,12.03,7.01,1000.67,0.0036109694484550963
2012-11-16,0.0,119.91,11.54,7.01,1001.02,0.003532470112619116
2012-11-17,0.0,234.93,14.88,5.3,902.52,0.003532470112619116
2012-11-18,0.0,194.39,16.24,8.46,1116.91,0.0036109694484550963
2012-11-19,0.0,191.8,17.28,9.68,1214.27,0.003375471440947155
2012-11-20,0.0,279.13,19.66,7.43,1034.56,0.0031399734334392145
2012-11-21,0.0,319.27,20.0,4.59,846.86,0.0031792231013572044
2012-11-22,0.0,329.04,19.73,3.23,778.43,0.003532470112619116
2012-11-23,0.0,346.75,21.15,1.67,693.56,0.003493220444701126
2012-11-24,0.0,330.49,20.29,2.91,752.44,0.0034539707767831354
2012-11-25,0.0,335.15,17.2,-0.64,586.23,0.003414721108865145
2012-11-26,0.0,346.89,19.3,-1.44,558.58,0.003414721108865145
2012-11-27,0.0,309.95,19.0,2.74,745.72,0.00431746347097892
2012-11-28,8.58,139.15,13.67,6.01,920.83,0.005102456829338723
2012-11-29,0.0,288.76,15.81,1.75,665.17,0.004709960150158821
2012-11-30,0.0,284.11,19.83,5.57,853.73,0.004709960150158821
2012-12-01,0.0,283.58,22.41,7.82,980.76,0.00431746347097892
2012-12-02,0.0,260.61,24.37,11.31,1259.17,0.00431746347097892
2012-12-03,0.0,272.23,24.5,10.65,1187.16,0.00431746347097892
2012-12-04,0.0,260.16,23.01,10.39,1150.17,0.00431746347097892
2012-12-05,0.0,301.49,24.42,8.12,919.8,0.00431746347097892
2012-12-06,0.0,250.93,22.4,10.25,1162.1,0.00431746347097892
2012-12-07,0.0,202.47,18.67,9.6,1192.05,0.00431746347097892
2012-12-08,0.0,249.86,20.33,8.48,998.99,0.003924966791799018
2012-12-09,0.0,263.84,22.86,9.93,1033.07,0.0038857171238810277
2012-12-10,0.0,223.21,24.22,13.85,1422.87,0.0036109694484550963
2012-12-11,0.0,210.66,23.0,13.55,1441.37,0.0036894687842910765
2012-12-12,7.81,139.78,16.85,9.1,1163.78,0.003924966791799018
2012-12-13,10.12,101.02,10.69,5.48,917.42,0.005102456829338723
2012-12-14,0.0,226.97,13.18,3.72,794.95,0.004709960150158821
2012-12-15,0.0,243.11,16.86,6.08,930.2,0.00431746347097892
2012-12-16,0.0,213.32,20.94,11.34,1337.25,0.00431746347097892
2012-12-17,7.4,136.97,22.48,14.3,1625.71,0.004709960150158821
2012-12-18,3.36,217.29,19.69,9.11,1159.45,0.005102456829338723
2012-12-19,0.0,320.21,20.59,1.68,647.29,0.004709960150158821
2012-12-20,7.53,262.37,22.82,2.97,747.52,0.004709960150158821
2012-12-21,2.97,277.88,19.82,3.6,794.46,0.005494953508518624
2012-12-22,0.0,268.3,12.41,-0.28,600.0,0.005102456829338723
2012-12-23,0.0,308.21,15.23,-1.28,557.9,0.004709960150158821
2012-12-24,0.07,272.4,16.54,3.26,777.53,0.003924966791799018
2012-12-25,13.09,114.77,15.25,8.95,1155.68,0.004709960150158821
2012-12-26,16.38,168.33,18.14,8.5,1120.0,0.007457436904418133
2012-12-27,0.0,298.74,15.5,1.06,644.57,0.007457436904418133
2012-12-28,0.0,294.13,12.75,-1.12,560.11,0.010204913658677445
2012-12-29,20.99,218.35,15.07,1.27,664.26,0.03924966791799018
2012-12-30,0.0,261.58,11.91,0.71,637.68,0.09812416979497544
2012-12-31,10.5,239.96,13.49,0.99,650.97,0.1295239041293676
2013-01-01,0.0,299.43,18.69,2.88,752.84,0.14522377129656366
2013-01-02,1.0,192.72,19.5,10.83,1306.12,0.16484860525555872
2013-01-03,4.6,120.13,14.91,8.09,1087.14,0.16877357204735774
2013-01-04,0.0,217.66,12.8,3.38,786.41,0.17269853883915678
2013-01-05,0.0,287.51,13.81,-0.06,602.39,0.15699867167196072
2013-01-06,2.33,182.13,14.0,5.53,907.04,0.1334488709211666
2013-01-07,0.0,246.61,13.27,2.35,721.39,0.11382403696217151
2013-01-08,0.0,247.31,15.26,4.22,822.88,0.09419920300317643
2013-01-09,0.0,236.73,18.87,8.19,1095.15,0.07457436904418134
2013-01-10,0.0,236.97,21.95,10.97,1317.95,0.0667244354605833
2013-01-11,0.0,235.58,24.1,13.02,1482.7,0.06279946866878429
2013-01-12,0.0,260.98,25.91,13.02,1491.07,0.058874501876985265
2013-01-13,0.0,272.93,26.0,12.32,1425.73,0.05102456829338723
2013-01-14,0.0,248.16,25.93,14.03,1602.14,0.03924966791799018
2013-01-15,0.0,264.14,26.0,13.14,1503.55,0.03414721108865145
2013-01-16,0.0,263.28,26.47,13.69,1573.46,0.029437250938492632
2013-01-17,0.0,301.66,25.34,9.96,1236.45,0.027474767542593124
2013-01-18,0.0,322.91,18.52,2.53,724.22,0.025512284146693615
2013-01-19,0.0,306.36,15.8,1.72,694.54,0.021194820675714696
2013-01-20,0.0,326.44,18.88,2.85,749.68,0.01726985388391568
2013-01-21,0.0,345.48,18.9,0.99,646.79,0.01530737048801617
2013-01-22,0.0,324.66,16.71,1.48,678.73,0.018839840600635285
2013-01-23,0.0,330.21,13.91,-1.32,560.0,0.01923233727981519
2013-01-24,0.0,332.98,17.64,1.88,708.77,0.01609236384637597
2013-01-25,0.0,340.07,16.59,0.53,634.64,0.01334488709211666
2013-01-26,0.0,311.21,16.17,2.63,739.58,0.012559893733756858
2013-01-27,0.0,327.93,18.0,3.17,773.19,0.011774900375397053
2013-01-28,0.0,303.82,18.62,5.61,912.26,0.010204913658677445
2013-01-29,0.0,332.61,23.17,7.54,1043.01,0.010204913658677445
2013-01-30,0.0,330.09,26.17,10.32,1265.49,0.010597410337857348
2013-01-31,8.06,267.06,21.69,4.51,840.58,0.013737383771296562
2013-02-01,0.0,305.67,13.97,1.63,690.15,0.02668977418423332
2013-02-02,0.0,378.26,15.11,-3.45,479.92,0.025904780825873514
2013-02-03,0.0,356.36,16.54,0.09,613.39,0.023157304071614204
2013-02-04,0.0,359.32,15.5,-0.94,565.13,0.01962483395899509
2013-02-05,0.0,367.23,17.9,0.32,624.82,0.016484860525555874
2013-02-06,0.0,338.58,21.88,6.24,947.47,0.014914873808836266
2013-02-07,10.09,278.27,20.78,8.09,1087.12,0.03493220444701126
2013-02-08,37.99,174.11,16.06,7.9,1071.74,0.21194820675714693
2013-02-09,0.0,331.88,17.54,3.36,788.71,0.38464674559630374
2013-02-10,0.0,365.31,19.45,2.62,730.15,0.5455703840600634
2013-02-11,17.37,196.67,20.79,10.2,1256.1,0.7575185908172104
2013-02-12,44.83,115.92,18.08,12.36,1428.75,1.1617901703725093
2013-02-13,37.46,204.36,21.06,10.32,1265.48,2.672902385215131
2013-02-14,3.0,259.27,17.09,5.49,914.02,3.7208685186254686
2013-02-15,0.0,343.05,14.75,1.17,653.87,4.435212474732889
2013-02-16,0.0,322.54,14.24,2.02,720.0,3.5991945480796996
2013-02-17,0.0,318.72,9.5,-2.01,520.0,2.5394535142939643
2013-02-18,0.0,393.92,11.72,-4.33,440.0,1.8682841928963325
2013-02-19,0.86,362.39,15.93,0.29,623.03,1.322713808836269
2013-02-20,2.89,319.88,15.63,-0.09,600.0,0.9616168639907593
2013-02-21,0.0,419.36,18.67,0.28,622.37,0.7261188564828183
2013-02-22,0.0,326.68,18.93,6.9,992.46,0.5926699855616516
2013-02-23,43.32,181.74,16.2,8.1,1088.22,0.7849933583598036
2013-02-24,30.28,226.91,18.69,8.26,1101.01,3.924966791799018
2013-02-25,20.68,230.42,18.0,7.61,1048.56,9.22367196072769
2013-02-26,37.25,242.38,18.52,7.55,1043.86,9.262921628645682
2013-02-27,0.0,359.01,20.0,7.34,1027.27,9.262921628645682
2013-02-28,0.0,303.21,15.51,5.9,920.0,9.812416979497545
2013-03-01,0.0,313.65,13.5,3.81,799.9,7.575185908172103
2013-03-02,0.0,330.75,10.46,0.53,639.74,4.945458157666762
2013-03-03,0.0,304.15,8.73,-0.02,600.0,3.4578957435749342
2013-03-04,0.0,421.32,11.36,-2.38,518.1,2.535528547502165
2013-03-05,0.0,462.4,18.17,0.78,639.97,1.9232337279815186
2013-03-06,0.0,418.57,17.5,3.66,798.33,1.4914873808836266
2013-03-07,0.0,431.12,13.24,-0.62,590.29,1.1853399711233032
2013-03-08,0.0,452.12,16.31,0.91,640.0,0.9969415651169505
2013-03-09,0.0,458.13,17.99,2.0,720.0,0.8517177938203869
2013-03-10,0.0,463.48,20.47,3.53,800.0,0.7143439561074212
2013-03-11,0.0,422.68,22.5,8.23,1098.57,0.6005199191452497
2013-03-12,3.7,283.48,21.95,10.21,1256.55,0.5416454172682644
2013-03-13,0.0,441.64,19.75,5.02,881.62,0.5102456829338723
2013-03-14,0.0,442.79,16.83,2.3,720.0,0.47492098180768116
2013-03-15,0.0,484.09,18.91,1.07,645.29,0.435671313889691
2013-03-16,0.0,466.42,23.64,6.43,954.18,0.4121215131388969
2013-03-17,0.0,408.22,24.38,10.72,1297.39,0.38464674559630374
2013-03-18,9.08,266.24,23.5,12.44,1434.84,0.37287184522090666
2013-03-19,13.03,277.39,23.62,12.0,1400.0,0.4160464799306958
2013-03-20,0.0,452.0,21.77,6.5,960.14,0.5259455501010684
2013-03-21,0.0,423.78,16.93,3.94,800.0,0.667244354605833
2013-03-22,0.0,406.47,14.81,2.94,755.17,0.8046181923187986
2013-03-23,3.16,341.88,15.73,5.75,918.62,0.7300438232746173
2013-03-24,42.12,268.27,20.03,9.95,1235.79,0.7418187236500143
2013-03-25,0.0,406.33,17.11,5.46,915.58,1.0204913658677446
2013-03-26,0.0,404.49,12.35,1.17,654.15,2.021357897776494
2013-03-27,0.0,443.82,12.34,-0.46,598.49,3.1438984002310133
2013-03-28,0.0,486.09,16.29,0.88,640.0,2.95549999422466
2013-03-29,0.0,501.06,18.48,1.83,706.11,2.088082333237077
2013-03-30,0.0,481.18,22.93,6.81,984.56,1.365888443546058
2013-03-31,0.0,447.43,24.92,10.32,1265.85,0.9812416979497545
2013-04-01,7.73,292.39,25.51,13.45,1551.28,0.7614435576090094
2013-04-02,0.0,462.38,24.78,9.36,1189.12,0.6907941553566271
2013-04-03,0.0,463.46,24.0,8.69,1135.18,0.675094288189431
2013-04-04,9.0,275.71,19.04,8.61,1128.63,0.6397695870632398
2013-04-05,10.5,246.41,14.82,6.07,930.58,0.6711693213976321
2013-04-06,0.0,473.84,19.63,4.95,876.3,0.7692934911926075
2013-04-07,0.0,491.69,24.06,7.78,1062.54,0.8477928270285877
2013-04-08,0.0,487.28,26.47,10.09,1247.0,0.8556427606121859
2013-04-09,0.0,488.14,27.98,11.32,1345.28,0.7104189893156222
2013-04-10,0.0,464.48,28.49,13.13,1500.2,0.5651952180190586
2013-04-11,0.0,445.28,29.0,14.48,1639.28,0.4592211146404851
2013-04-12,10.46,294.32,29.28,17.1,1941.26,0.40427157955529885
2013-04-13,0.0,498.19,26.95,10.12,1249.63,0.42389641351429386
2013-04-14,4.57,414.29,23.96,10.96,1316.42,0.42389641351429386
2013-04-15,31.98,254.48,22.43,13.26,1521.88,0.7064940225238232
2013-04-16,0.0,370.25,25.85,15.41,1752.88,1.2520644065838866
2013-04-17,0.0,454.78,27.83,13.77,1581.51,2.013507964192896
2013-04-18,0.0,410.32,28.0,15.83,1786.57,2.3471301414958123
2013-04-19,4.62,418.55,29.34,15.74,1779.55,1.9232337279815186
2013-04-20,21.86,370.17,25.11,9.7,1215.76,1.577836650303205
2013-04-21,0.0,469.06,20.51,7.0,1000.14,1.825109558186543
2013-04-22,0.0,431.24,22.5,10.28,1262.27,2.4138545769563957
2013-04-23,0.0,462.44,22.46,8.92,1153.46,2.5119787467513714
2013-04-24,0.0,501.1,25.32,9.37,1189.72,2.056682598902685
2013-04-25,0.0,452.53,27.67,13.64,1565.69,1.4208379786312444
2013-04-26,0.0,471.56,26.89,12.1,1408.19,0.9498419636153623
2013-04-27,0.0,477.56,26.5,11.56,1364.91,0.6201447531042449
2013-04-28,0.0,416.89,26.22,14.06,1604.72,0.443521247473289
2013-04-29,8.5,267.46,26.63,16.65,1891.67,0.3767968120127057
2013-04-30,0.0,344.97,25.9,16.48,1876.18,0.4317463470978919
2013-05-01,0.0,331.11,24.82,16.0,1800.27,0.5259455501010684
2013-05-02,0.0,225.35,22.7,17.08,1934.52,0.38857171238810273
2013-05-03,6.15,185.55,22.0,16.0,1800.0,0.3336221773029165
2013-05-04,9.66,207.9,20.77,14.15,1612.26,0.3218472769275194
2013-05-05,19.82,231.75,21.75,14.28,1622.58,0.5063207161420732
2013-05-06,0.0,478.4,22.73,9.83,1226.21,0.8046181923187986
2013-05-07,0.0,422.55,21.95,11.37,1349.47,0.87919256136298
2013-05-08,0.0,496.27,24.25,10.6,1287.86,0.7732184579844065
2013-05-09,0.0,524.54,28.1,12.27,1421.37,0.6358446202714408
2013-05-10,0.0,511.22,29.87,14.36,1632.1,0.5102456829338723
2013-05-11,0.0,448.4,29.5,17.1,1939.77,0.4121215131388969
2013-05-12,0.0,433.1,28.5,16.88,1910.83,0.31399734334392143
2013-05-13,0.0,528.69,26.5,10.99,1319.49,0.23549800750794106
2013-05-14,0.0,548.17,24.8,8.36,1108.76,0.16877357204735774
2013-05-15,0.0,547.3,28.38,10.86,1308.7,0.1098990701703725
2013-05-16,0.0,498.24,30.42,15.23,1737.1,0.07064940225238232
2013-05-17,0.0,468.7,30.08,16.4,1863.39,0.043174634709789196
2013-05-18,0.0,458.45,30.5,17.15,1943.34,0.029437250938492632
2013-05-19,1.56,344.81,28.51,19.08,2212.98,0.03885717123881028
2013-05-20,0.0,334.22,28.88,20.27,2363.56,0.0667244354605833
2013-05-21,7.46,298.77,30.02,19.63,2290.5,0.06279946866878429
2013-05-22,6.16,314.56,30.06,18.69,2151.08,0.0667244354605833
2013-05-23,1.35,390.13,30.14,19.47,2275.84,0.07457436904418134
2013-05-24,0.0,467.66,30.11,17.04,1927.05,0.05102456829338723
2013-05-25,0.0,533.13,28.0,12.09,1407.07,0.023942297429974006
2013-05-26,0.0,554.63,29.19,11.32,1345.56,0.013737383771296562
2013-05-27,0.0,526.78,29.61,13.5,1545.49,0.009419920300317642
2013-05-28,0.0,482.87,29.93,16.09,1782.62,0.00667244354605833
2013-05-29,0.0,479.97,30.18,16.34,1812.01,0.005102456829338723
2013-05-30,0.0,456.9,30.98,17.85,2017.88,0.005102456829338723
2013-05-31,0.0,436.64,31.52,18.97,2176.87,0.004709960150158821
2013-06-01,0.0,430.48,31.8,19.26,2225.62,0.00431746347097892
2013-06-02,1.31,377.06,31.34,20.03,2327.02,0.00431746347097892
2013-06-03,0.0,382.93,32.0,20.91,2464.81,0.00431746347097892
2013-06-04,3.98,350.93,31.79,21.07,2491.76,0.00431746347097892
2013-06-05,24.13,238.63,30.25,21.49,2559.02,0.00431746347097892
2013-06-06,31.87,161.76,26.92,21.37,2538.58,0.00863492694195784
2013-06-07,45.77,197.32,27.94,21.17,2507.1,0.15699867167196072
2013-06-08,7.56,264.65,30.94,21.4,2543.54,0.7378937568582153
2013-06-09,0.0,315.65,30.95,22.63,2741.04,2.1626567022812586
2013-06-10,18.9,266.47,31.49,22.0,2640.0,2.7867264221773027
2013-06-11,11.14,292.45,32.1,21.41,2546.19,2.5159037135431706
2013-06-12,0.0,386.94,33.95,23.1,2816.25,1.8565092925209352
2013-06-13,0.0,397.19,35.46,24.02,3003.61,1.2873891077100776
2013-06-14,0.0,407.96,33.58,22.33,2692.38,0.7967682587352005
2013-06-15,0.0,459.14,31.0,18.46,2119.24,0.5063207161420732
2013-06-16,0.0,451.78,30.99,18.8,2167.32,0.34932204447011256
2013-06-17,0.0,444.08,32.13,20.0,2320.0,0.25119787467513716
2013-06-18,17.86,320.08,32.57,20.95,2472.25,0.27867264221773025
2013-06-19,1.0,326.48,31.03,22.53,2725.01,0.29044754259312733
2013-06-20,10.65,258.02,30.0,21.5,2559.31,0.31007237655212244
2013-06-21,0.0,395.34,29.67,19.75,2299.5,0.36109694484550964
2013-06-22,0.0,377.01,30.0,20.6,2416.32,0.3336221773029165
2013-06-23,12.23,288.04,30.5,20.91,2465.58,0.31007237655212244
2013-06-24,5.96,356.06,31.43,21.07,2491.49,0.29829747617672536
2013-06-25,6.6,340.6,32.0,21.37,2538.57,0.30222244296852435
2013-06-26,6.68,325.65,31.5,20.51,2401.27,0.34539707767831357
2013-06-27,4.09,318.92,32.56,22.47,2715.79,0.36894687842910767
2013-06-28,3.47,316.1,34.0,23.0,2800.0,0.29044754259312733
2013-06-29,1.48,397.99,32.35,22.09,2654.59,0.2001733063817499
2013-06-30,5.19,325.16,30.52,22.57,2731.62,0.14129880450476465
2013-07-01,24.99,266.26,29.82,21.88,2621.4,0.219798140340745
2013-07-02,20.18,244.74,29.0,21.96,2633.31,0.4945458157666762
2013-07-03,24.12,240.45,29.35,22.48,2717.13,1.4051381114640484
2013-07-04,13.24,230.32,30.14,23.57,2896.76,2.213681270574646
2013-07-05,7.75,270.04,30.97,23.01,2801.64,2.5669282818365575
2013-07-06,17.77,270.31,30.97,22.93,2788.18,2.67682735200693
2013-07-07,1.86,319.45,30.88,23.0,2800.0,2.845600924054288
2013-07-08,0.0,420.01,32.0,22.0,2640.0,3.0575491308114344
2013-07-09,0.0,418.05,32.5,22.42,2706.72,3.041849263644239
2013-07-10,0.0,395.31,31.71,22.5,2720.0,2.519828680334969
2013-07-11,14.5,308.68,31.09,22.52,2723.94,1.9978080970257002
2013-07-12,23.99,284.39,31.0,22.5,2719.48,1.593536517470401
2013-07-13,23.2,235.09,28.46,22.0,2640.0,1.3855132775050532
2013-07-14,32.4,209.4,28.02,22.45,2711.23,1.5071872480508228
2013-07-15,13.76,254.48,29.63,22.64,2741.86,4.749209818076811
2013-07-16,2.31,360.11,31.71,22.97,2795.33,5.9266998556165165
2013-07-17,0.0,452.79,32.42,21.74,2598.84,4.788459485994801
2013-07-18,5.66,354.53,33.12,21.5,2559.51,3.7718930869188556
2013-07-19,0.0,447.68,32.0,21.55,2567.67,3.1438984002310133
2013-07-20,13.46,285.55,30.0,21.97,2635.59,3.15567330060641
2013-07-21,22.02,259.23,29.49,22.48,2716.05,3.304822038694773
2013-07-22,14.11,295.09,30.89,22.47,2714.67,4.631460814322841
2013-07-23,1.86,382.62,31.47,23.0,2800.0,4.670710482240831
2013-07-24,0.0,396.69,30.51,22.11,2657.47,3.842542489171238
2013-07-25,6.94,331.11,31.43,21.5,2560.0,3.289122171527577
2013-07-26,0.0,453.58,32.0,21.5,2560.32,2.95549999422466
2013-07-27,0.0,414.38,32.19,23.0,2800.71,2.908400392723072
2013-07-28,0.0,413.47,31.43,22.45,2711.53,3.6423691827894884
2013-07-29,9.2,328.69,32.5,22.47,2714.63,2.629727750505342
2013-07-30,0.46,433.66,32.96,22.28,2684.5,1.9821082298585038
2013-07-31,0.0,455.71,32.91,22.0,2640.53,1.1539402367889111
2013-08-01,9.24,276.58,30.04,22.37,2699.75,0.7457436904418133
2013-08-02,0.0,416.02,31.89,22.51,2720.82,0.5926699855616516
2013-08-03,16.67,352.11,33.14,23.06,2810.12,0.7967682587352005
2013-08-04,0.0,428.74,33.5,23.15,2823.47,0.890967461738377
2013-08-05,0.0,389.8,32.0,23.2,2831.73,0.7064940225238232
2013-08-06,0.0,389.96,31.62,22.85,2775.46,0.4827709153912792
2013-08-07,0.0,404.37,31.31,22.19,2670.08,0.34932204447011256
2013-08-08,0.0,433.64,31.99,21.73,2596.88,0.27474767542593126
2013-08-09,0.0,433.78,32.99,22.43,2709.12,0.2433479410915391
2013-08-10,0.0,443.78,33.64,22.46,2713.44,0.31399734334392143
2013-08-11,0.0,438.43,34.36,23.09,2813.62,0.4827709153912792
2013-08-12,0.0,429.87,35.13,23.82,2957.18,0.3807217788045047
2013-08-13,0.0,422.19,34.5,23.53,2888.45,0.2472729078833381
2013-08-14,9.13,380.72,33.59,23.0,2800.0,0.14914873808836268
2013-08-15,29.74,291.78,30.03,20.99,2479.01,0.12559893733756858
2013-08-16,22.8,260.61,27.1,19.62,2286.32,0.34539707767831357
2013-08-17,13.24,234.1,26.94,20.42,2387.54,0.7418187236500143
2013-08-18,8.03,292.38,29.68,20.83,2452.63,1.7309103551833667
2013-08-19,16.71,294.79,31.7,22.36,2696.93,3.4343459428241405
2013-08-20,8.79,295.07,31.97,22.46,2713.21,5.377204504764654
2013-08-21,16.57,281.07,31.3,22.49,2717.81,6.51544487438637
2013-08-22,1.45,380.99,32.01,22.49,2718.98,6.67244354605833
2013-08-23,0.0,440.34,32.5,20.96,2473.62,5.023957493502743
2013-08-24,0.0,375.94,30.65,21.75,2600.35,3.5952695812878996
2013-08-25,0.0,360.53,27.93,19.9,2313.69,2.7474767542593126
2013-08-26,0.0,420.15,29.0,18.94,2190.53,1.8800590932717294
2013-08-27,0.0,439.69,30.36,19.21,2233.65,1.2402895062084898
2013-08-28,0.0,456.56,31.35,19.12,2219.88,0.9459169968235632
2013-08-29,0.0,446.41,32.57,20.4,2383.9,0.6162197863124458
2013-08-30,0.0,404.71,33.0,22.39,2702.08,0.42389641351429386
2013-08-31,0.0,379.07,32.66,22.94,2790.25,0.3414721108865145
2013-09-01,0.0,409.65,32.94,21.96,2634.08,0.27474767542593126
2013-09-02,0.0,396.34,32.93,22.42,2707.28,0.23157304071614204
2013-09-03,7.02,307.46,32.5,21.52,2562.89,0.1962483395899509
2013-09-04,3.94,345.15,32.98,22.14,2662.34,0.1530737048801617
2013-09-05,0.0,413.74,33.52,21.88,2620.76,0.15699867167196072
2013-09-06,0.0,413.4,32.99,21.41,2544.99,0.25512284146693615
2013-09-07,0.0,427.37,32.0,19.92,2313.57,0.16484860525555872
2013-09-08,0.0,446.74,31.93,18.83,2173.65,0.10204913658677446
2013-09-09,0.0,407.7,31.97,20.54,2406.6,0.0667244354605833
2013-09-10,0.0,398.35,32.0,20.92,2466.54,0.043174634709789196
2013-09-11,0.0,382.92,31.48,21.04,2486.03,0.02865225758013283
2013-09-12,0.0,404.73,31.42,20.1,2339.82,0.021979814034074497
2013-09-13,0.0,398.22,32.72,21.25,2520.16,0.01805484724227548
2013-09-14,0.46,413.96,32.15,19.7,2292.56,0.014914873808836266
2013-09-15,0.0,374.69,30.88,20.48,2397.6,0.012559893733756858
2013-09-16,0.0,394.28,32.67,20.9,2464.74,0.011774900375397053
2013-09-17,0.0,344.67,30.5,20.98,2477.21,0.07064940225238232
2013-09-18,0.0,352.95,27.17,17.83,2052.52,0.08242430262777936
2013-09-19,0.0,419.49,28.31,16.06,1816.91,0.03807217788045047
2013-09-20,0.0,423.72,29.5,16.57,1878.7,0.025904780825873514
2013-09-21,0.0,415.98,30.5,17.54,2005.77,0.01962483395899509
2013-09-22,11.23,228.44,28.1,19.83,2306.78,0.02001733063817499
2013-09-23,0.0,309.32,26.65,18.37,2112.62,0.03375471440947155
2013-09-24,0.0,289.56,26.92,19.18,2228.37,0.03885717123881028
2013-09-25,0.0,269.74,26.5,19.39,2261.16,0.02825976090095293
2013-09-26,7.26,208.45,25.0,17.84,2053.81,0.02708227086341322
2013-09-27,0.0,370.51,25.2,15.01,1719.64,0.02708227086341322
2013-09-28,0.0,409.16,26.25,14.16,1613.11,0.023549800750794107
2013-09-29,0.0,392.96,26.35,14.88,1700.12,0.01962483395899509
2013-09-30,0.0,409.04,26.05,13.68,1574.55,0.016484860525555874
2013-10-01,0.0,433.59,25.99,12.06,1404.71,0.014129880450476464
2013-10-02,0.0,435.28,27.98,13.12,1502.0,0.012559893733756858
2013-10-03,0.0,427.99,28.98,14.11,1608.55,0.010597410337857348
2013-10-04,0.0,388.83,29.93,16.96,1924.33,0.009419920300317642
2013-10-05,0.0,376.75,29.98,17.49,1998.22,0.00902742362113774
2013-10-06,0.0,386.2,31.0,17.59,2014.85,0.00902742362113774
2013-10-07,0.0,315.11,30.47,20.42,2386.83,0.00902742362113774
2013-10-08,2.2,303.44,26.0,16.5,1880.0,0.00902742362113774
2013-10-09,0.0,330.4,24.04,14.31,1625.13,0.00902742362113774
2013-10-10,0.0,412.53,26.22,11.87,1389.37,0.00863492694195784
2013-10-11,0.0,418.97,27.45,11.96,1396.48,0.00902742362113774
2013-10-12,0.0,420.91,28.88,12.45,1435.83,0.010204913658677445
2013-10-13,0.0,313.5,28.0,17.8,2045.11,0.01334488709211666
2013-10-14,0.0,235.54,25.0,17.99,2077.37,0.01805484724227548
2013-10-15,0.0,226.01,23.49,16.93,1914.18,0.014914873808836266
2013-10-16,0.0,367.78,26.5,13.87,1589.18,0.012559893733756858
2013-10-17,0.0,368.32,28.3,15.02,1719.85,0.010597410337857348
2013-10-18,0.0,334.61,29.1,17.31,1969.59,0.009812416979497545
2013-10-19,0.0,270.33,27.39,18.62,2139.98,0.009419920300317642
2013-10-20,0.0,308.55,26.15,16.02,1804.88,0.009419920300317642
2013-10-21,0.0,269.78,23.15,14.91,1700.07,0.010204913658677445
2013-10-22,0.47,197.32,21.3,15.33,1744.57,0.010597410337857348
2013-10-23,2.96,231.5,21.97,12.95,1475.93,0.010989907017037248
2013-10-24,0.0,411.16,21.5,5.01,880.57,0.010597410337857348
2013-10-25,0.0,384.41,19.69,5.43,912.19,0.009812416979497545
2013-10-26,0.0,386.97,18.15,3.48,793.46,0.009812416979497545
2013-10-27,0.0,406.34,21.3,3.75,799.67,0.009419920300317642
2013-10-28,0.0,361.06,24.45,9.98,1238.03,0.009419920300317642
2013-10-29,0.0,368.81,25.49,9.85,1228.37,0.009419920300317642
2013-10-30,0.0,370.32,26.39,10.03,1242.44,0.009419920300317642
2013-10-31,0.0,358.82,27.12,11.33,1346.71,0.009419920300317642
2013-11-01,4.87,283.57,27.58,15.66,1774.69,0.009812416979497545
2013-11-02,22.09,208.27,25.0,14.5,1640.0,0.010597410337857348
2013-11-03,0.0,350.91,21.99,7.5,1039.61,0.010597410337857348
2013-11-04,0.0,329.65,19.86,6.94,994.89,0.014129880450476464
2013-11-05,0.0,337.15,20.41,6.79,982.94,0.02040982731735489
2013-11-06,0.0,320.34,22.91,9.81,1225.1,0.021979814034074497
2013-11-07,0.0,308.7,24.68,11.78,1382.5,0.020802323996534793
2013-11-08,0.0,356.14,22.0,5.55,920.0,0.01923233727981519
2013-11-09,0.0,342.68,19.1,4.1,814.44,0.016484860525555874
2013-11-10,0.0,315.24,21.81,8.4,1112.31,0.014914873808836266
2013-11-11,0.0,333.81,21.9,6.96,996.9,0.012952390412936757
2013-11-12,0.0,338.41,21.72,6.05,933.4,0.01923233727981519
2013-11-13,0.0,360.04,18.12,0.24,618.71,0.020802323996534793
2013-11-14,0.0,340.69,14.36,-1.51,550.21,0.021587317354894598
2013-11-15,0.0,305.75,17.27,3.64,792.35,0.020802323996534793
2013-11-16,0.0,230.83,21.26,11.55,1363.91,0.02433479410915391
2013-11-17,0.0,226.79,24.22,14.35,1629.26,0.02668977418423332
2013-11-18,0.0,184.86,25.21,17.18,1951.38,0.027867264221773023
2013-11-19,0.0,321.3,23.94,7.73,941.51,0.027474767542593124
2013-11-20,0.0,214.1,16.5,7.65,1025.69,0.02668977418423332
2013-11-21,0.0,185.83,17.14,9.43,1183.6,0.02668977418423332
2013-11-22,3.97,153.89,20.88,12.4,1424.57,0.027867264221773023
2013-11-23,3.28,150.89,22.3,14.0,1591.27,0.03336221773029165
2013-11-24,0.0,291.33,17.5,4.14,759.86,0.03218472769275194
2013-11-25,0.0,268.55,10.92,-0.52,581.46,0.03924966791799018
2013-11-26,12.2,264.74,16.81,4.12,780.12,0.12559893733756858
2013-11-27,34.13,247.59,20.91,3.03,735.68,0.2668977418423332
2013-11-28,0.0,286.85,10.06,-2.66,507.31,0.3571719780537106
2013-11-29,0.0,305.62,12.8,-1.62,548.91,0.5651952180190586
2013-11-30,0.0,275.42,14.98,2.65,739.05,0.9262921628645682
2013-12-01,0.0,200.2,14.4,6.24,942.34,0.7418187236500143
2013-12-02,0.0,213.96,17.1,8.11,1088.41,0.4199714467224949
2013-12-03,0.0,248.93,18.96,7.95,1075.91,0.27867264221773025
2013-12-04,0.0,248.32,21.98,10.64,1289.5,0.2001733063817499
2013-12-05,0.0,237.87,24.48,13.46,1550.45,0.18447343921455384
2013-12-06,0.09,220.24,25.41,15.27,1741.9,0.15699867167196072
2013-12-07,0.0,242.88,26.72,15.04,1716.4,0.13737383771296563
2013-12-08,8.17,181.97,19.67,9.06,1164.94,0.14522377129656366
2013-12-09,4.4,149.77,17.04,8.98,1158.37,0.1530737048801617
2013-12-10,5.65,218.87,21.8,8.97,1157.83,0.16877357204735774
2013-12-11,0.0,306.53,18.68,3.35,782.91,0.2433479410915391
2013-12-12,0.0,282.78,14.84,2.22,720.0,0.2472729078833381
2013-12-13,0.0,321.36,15.11,-1.43,554.8,0.20409827317354892
2013-12-14,3.31,276.06,19.24,5.16,886.0,0.20409827317354892
2013-12-15,9.13,203.79,20.02,7.64,1051.24,0.20409827317354892
2013-12-16,0.0,311.96,15.5,-0.14,603.26,0.29044754259312733
2013-12-17,0.0,312.43,17.12,0.9,644.22,0.2590478082587352
2013-12-18,0.0,292.21,17.13,2.85,748.09,0.23549800750794106
2013-12-19,0.0,324.98,17.28,-1.07,562.38,0.23549800750794106
2013-12-20,0.0,318.3,21.84,3.11,766.86,0.21587317354894595
2013-12-21,0.0,281.31,24.95,9.76,1220.92,0.1962483395899509
2013-12-22,0.0,201.76,27.0,17.03,1932.86,0.18054847242275482
2013-12-23,9.93,164.66,25.53,14.71,1673.64,0.17269853883915678
2013-12-24,6.71,209.99,17.0,3.09,767.16,0.18839840600635285
2013-12-25,0.0,257.07,12.22,0.42,628.93,0.18447343921455384
2013-12-26,0.0,162.85,9.54,2.92,754.82,0.16877357204735774
2013-12-27,0.0,199.46,12.48,4.26,824.28,0.1609236384637597
2013-12-28,1.84,243.66,14.57,3.16,771.9,0.1530737048801617
2013-12-29,21.34,213.0,20.93,6.73,980.64,0.2080232399653479
2013-12-30,0.0,256.27,17.39,5.82,920.0,0.2943725093849263
2013-12-31,0.0,146.77,13.51,7.68,1054.37,0.3179223101357204
2014-01-01,4.36,102.84,12.0,6.58,967.01,0.3767968120127057
2014-01-02,15.2,121.8,13.59,7.07,1005.76,0.4592211146404851
2014-01-03,4.28,248.05,10.57,-2.54,512.6,0.5573452844354605
2014-01-04,0.0,237.19,7.71,-2.0,527.9,0.5220205833092693
2014-01-05,0.0,209.36,11.99,3.5,787.63,0.5691201848108576
2014-01-06,0.0,319.21,16.95,0.45,635.69,0.5651952180190586
2014-01-07,0.0,284.86,3.33,-8.89,315.28,0.46707104822408313
2014-01-08,0.0,295.41,6.48,-6.56,369.31,0.38464674559630374
2014-01-09,0.0,296.94,12.67,-0.84,576.12,0.3414721108865145
2014-01-10,0.0,230.19,18.68,8.9,1152.14,0.31007237655212244
2014-01-11,9.9,143.62,21.65,13.55,1554.33,0.3061474097603234
2014-01-12,18.75,232.55,20.11,5.0,880.0,0.3650219116373086
2014-01-13,0.0,321.99,18.0,2.05,718.15,0.447446214265088
2014-01-14,8.68,225.19,18.9,5.07,884.66,0.6358446202714408
2014-01-15,0.0,328.09,17.94,1.7,695.76,1.0204913658677446
2014-01-16,0.0,314.56,13.41,-0.81,575.97,1.0479661334103378
2014-01-17,0.0,334.24,15.67,-0.54,596.5,1.0244163326595435
2014-01-18,0.0,308.76,13.33,-0.16,600.25,0.9066673289055731
2014-01-19,0.0,321.43,14.69,0.16,612.89,0.6868691885648281
2014-01-20,0.0,343.88,17.75,0.72,640.0,0.5298705168928673
2014-01-21,0.0,331.75,18.92,3.24,777.94,0.45529614784868605
2014-01-22,0.0,341.94,12.35,-3.28,480.0,0.40819654634709784
2014-01-23,0.0,269.58,7.06,-3.13,480.0,0.36109694484550964
2014-01-24,0.0,269.0,6.37,-3.69,464.28,0.32577224371931846
2014-01-25,0.0,348.95,9.73,-5.71,400.25,0.29044754259312733
2014-01-26,0.0,340.76,13.56,-1.31,556.44,0.2668977418423332
2014-01-27,0.0,333.77,18.13,3.48,784.82,0.25512284146693615
2014-01-28,0.0,338.06,16.69,2.06,720.0,0.3179223101357204
2014-01-29,9.32,122.92,3.09,-2.31,518.47,0.4317463470978919
2014-01-30,0.0,159.84,1.23,-3.98,452.87,0.39642164597170076
2014-01-31,0.0,297.86,9.73,-1.46,551.05,0.3336221773029165
2014-02-01,6.52,213.89,12.89,2.14,713.4,0.31399734334392143
2014-02-02,7.29,234.03,19.56,7.14,1010.96,0.3767968120127057
2014-02-03,0.0,281.21,23.88,12.49,1440.05,0.3924966791799018
2014-02-04,0.0,225.24,19.45,11.18,1334.17,0.38464674559630374
2014-02-05,0.0,289.28,20.4,9.32,1185.21,0.4003466127634998
2014-02-06,1.13,378.93,19.02,1.92,712.96,0.40819654634709784
2014-02-07,3.0,234.59,13.41,1.89,706.47,0.38464674559630374
2014-02-08,2.01,285.96,13.94,3.56,791.01,0.3650219116373086
2014-02-09,0.03,370.91,17.54,2.02,719.93,0.36894687842910767
2014-02-10,0.0,370.92,20.39,4.5,839.87,0.36109694484550964
2014-02-11,0.0,325.27,16.14,4.01,800.9,0.3414721108865145
2014-02-12,19.4,106.79,4.56,0.3,623.96,0.4121215131388969
2014-02-13,30.5,139.53,5.9,0.32,625.82,1.07936586774473
2014-02-14,0.0,398.62,15.4,-0.48,600.0,1.817259624602945
2014-02-15,0.0,336.22,15.53,4.0,802.91,2.880925625180479
2014-02-16,0.0,418.68,16.86,-0.61,591.4,3.2616474039849837
2014-02-17,0.0,417.7,19.0,1.44,675.04,2.653277551256136
2014-02-18,0.0,405.23,22.69,5.87,922.62,1.9467835287323128
2014-02-19,0.0,384.2,25.33,9.96,1237.05,1.3737383771296563
2014-02-20,0.0,386.99,26.89,11.18,1334.21,1.0165663990759457
2014-02-21,0.0,362.27,24.75,11.35,1347.7,0.8360179266531909
2014-02-22,14.91,299.57,20.95,5.75,919.4,0.7849933583598036
2014-02-23,0.0,385.7,19.5,5.53,913.92,0.7261188564828183
2014-02-24,0.0,321.55,21.22,10.56,1284.46,0.7182689228992203
2014-02-25,0.0,385.19,23.89,9.8,1223.99,0.7064940225238232
2014-02-26,7.85,241.21,18.49,8.37,1109.63,0.6907941553566271
2014-02-27,12.62,276.23,13.25,1.8,699.46,0.7104189893156222
2014-02-28,0.0,452.67,15.6,-1.93,530.32,0.7300438232746173
2014-03-01,0.0,410.99,18.59,3.85,803.57,0.7457436904418133
2014-03-02,0.0,434.12,21.18,4.43,834.55,0.6947191221484261
2014-03-03,0.0,418.13,23.29,7.38,1030.43,0.6005199191452497
2014-03-04,1.49,381.69,17.18,2.28,720.0,0.5416454172682644
2014-03-05,1.54,145.5,5.71,1.65,692.32,0.5023957493502743
2014-03-06,7.65,112.04,7.0,3.0,759.96,0.5023957493502743
2014-03-07,24.68,121.66,7.49,3.24,778.38,0.9341420964481663
2014-03-08,0.0,437.37,16.53,1.73,698.56,1.3972881778804502
2014-03-09,0.0,446.57,22.61,6.32,945.55,2.15873173548946
2014-03-10,0.0,444.67,24.69,8.12,1089.35,2.3000305399942245
2014-03-11,0.0,452.7,26.26,8.88,1150.67,2.048832665319087
2014-03-12,7.55,327.69,25.58,9.67,1213.79,1.6445610857637885
2014-03-13,0.0,452.81,19.49,3.57,800.0,1.2873891077100776
2014-03-14,0.0,480.53,17.45,-0.54,592.58,1.102915668495524
2014-03-15,0.0,446.31,21.2,5.05,881.53,1.0322662662431417
2014-03-16,0.15,319.71,21.43,11.41,1352.63,0.8517177938203869
2014-03-17,24.76,184.58,17.43,10.31,1264.93,0.9105922956973721
2014-03-18,7.64,259.64,13.65,3.65,799.43,1.2442144730002886
2014-03-19,0.0,342.09,14.9,5.2,894.77,1.8329594917701415
2014-03-20,0.0,452.86,21.51,6.43,954.91,2.3000305399942245
2014-03-21,0.0,491.74,23.44,5.36,907.93,2.351055108287612
2014-03-22,0.0,433.12,23.55,9.46,1197.08,2.040982731735489
2014-03-23,0.0,411.76,25.11,11.95,1396.19,1.5150371816344208
2014-03-24,0.0,403.64,20.21,8.18,1094.03,1.11861553566272
2014-03-25,0.0,418.41,18.55,6.19,934.88,0.887042494946578
2014-03-26,0.0,494.19,16.5,0.25,621.5,0.7378937568582153
2014-03-27,0.0,497.93,17.4,0.82,640.12,0.663319387814034
2014-03-28,0.0,452.42,21.42,7.03,1002.56,0.5259455501010684
2014-03-29,7.25,263.55,23.02,12.78,1467.2,0.5063207161420732
2014-03-30,0.0,465.91,23.02,7.98,1078.54,0.5259455501010684
2014-03-31,0.0,536.02,24.02,3.29,782.83,0.5455703840600634
2014-04-01,0.0,534.81,27.72,6.14,937.28,0.5494953508518625
2014-04-02,0.0,523.0,29.4,8.57,1125.54,0.49847078255847527
2014-04-03,0.0,489.92,29.99,11.83,1385.74,0.4160464799306958
2014-04-04,0.0,464.3,29.16,12.65,1451.64,0.34932204447011256
2014-04-05,0.0,387.46,27.6,14.94,1710.52,0.29829747617672536
2014-04-06,12.57,216.7,22.52,13.9,1591.72,0.2629727750505342
2014-04-07,19.39,174.13,21.02,14.37,1629.95,0.3336221773029165
2014-04-08,37.11,233.82,21.94,12.96,1478.2,0.887042494946578
2014-04-09,0.0,416.05,21.99,9.46,1196.88,1.3894382442968523
2014-04-10,0.0,497.18,24.11,7.38,1030.15,1.9546334623159107
2014-04-11,0.0,477.83,25.72,9.9,1232.09,1.9193087611897195
2014-04-12,0.0,472.72,27.1,11.39,1351.42,1.538586982385215
2014-04-13,0.0,460.74,27.88,12.79,1462.98,1.0597410337857347
2014-04-14,0.0,397.99,28.0,15.8,1786.38,0.7182689228992203
2014-04-15,13.38,310.65,25.46,12.97,1484.78,0.5416454172682644
2014-04-16,8.38,390.83,19.69,4.45,835.83,0.5848200519780536
2014-04-17,0.0,429.33,18.72,6.22,942.13,0.6358446202714408
2014-04-18,2.87,267.69,18.07,10.81,1304.43,0.7378937568582153
2014-04-19,45.64,109.93,15.66,12.1,1407.82,1.8839840600635285
2014-04-20,8.44,235.09,18.55,10.46,1276.42,3.485370511117528
2014-04-21,0.0,455.65,23.82,10.44,1275.37,6.083698527288478
2014-04-22,0.0,491.67,26.89,11.24,1338.91,5.651952180190586
2014-04-23,8.54,362.23,28.46,13.17,1511.17,4.199714467224949
2014-04-24,0.0,502.63,28.41,11.69,1375.53,3.15567330060641
2014-04-25,0.0,415.14,27.75,15.41,1751.01,2.5590783482529593
2014-04-26,0.0,464.34,27.77,13.45,1547.74,2.1037822004042734
2014-04-27,0.0,485.44,29.62,13.88,1590.18,1.562136783136009
2014-04-28,0.0,424.44,30.93,17.69,2027.85,1.098990701703725
2014-04-29,0.0,322.49,29.5,20.22,2359.63,0.7535936240254114
2014-04-30,0.0,269.15,26.92,19.73,2298.56,0.5259455501010684
2014-05-01,8.39,228.59,25.27,17.5,2000.79,0.447446214265088
2014-05-02,6.77,217.06,21.5,14.72,1675.92,0.45137118105688706
2014-05-03,0.0,414.77,22.79,12.54,1443.3,0.47492098180768116
2014-05-04,0.0,535.65,28.38,11.76,1381.1,0.4199714467224949
2014-05-05,0.0,543.02,32.16,13.59,1562.68,0.3571719780537106
2014-05-06,0.0,515.93,32.37,15.51,1760.81,0.29044754259312733
2014-05-07,0.0,526.33,33.0,14.92,1702.48,0.23157304071614204
2014-05-08,0.0,491.74,32.78,16.75,1899.26,0.1609236384637597
2014-05-09,0.0,422.45,32.66,19.9,2311.67,0.10204913658677446
2014-05-10,0.0,385.9,31.39,20.36,2377.38,0.058874501876985265
2014-05-11,0.0,406.05,31.21,19.62,2288.43,0.03924966791799018
2014-05-12,0.54,433.74,31.5,18.5,2120.08,0.02904475425931273
2014-05-13,0.0,461.75,31.76,17.96,2073.32,0.02001733063817499
2014-05-14,0.11,434.13,30.77,18.27,2101.92,0.01530737048801617
2014-05-15,20.42,309.43,28.74,17.49,1998.3,0.06279946866878429
2014-05-16,14.94,375.73,25.0,10.94,1314.9,0.25119787467513716
2014-05-17,0.0,527.77,25.37,9.67,1213.75,0.21587317354894595
2014-05-18,0.0,515.73,27.07,11.44,1354.9,0.17269853883915678
2014-05-19,3.94,310.24,25.52,14.39,1631.36,0.1334488709211666
2014-05-20,0.0,469.5,26.63,12.99,1479.54,0.09419920300317643
2014-05-21,0.0,508.76,30.76,14.22,1617.74,0.05494953508518625
2014-05-22,0.0,479.16,32.53,17.12,1944.26,0.03375471440947155
2014-05-23,0.0,473.98,34.49,18.79,2168.7,0.022764807392434302
2014-05-24,0.0,432.83,33.45,20.0,2320.0,0.016484860525555874
2014-05-25,0.0,426.18,31.79,18.98,2196.73,0.010989907017037248
2014-05-26,14.08,308.46,30.48,18.53,2126.95,0.012952390412936757
2014-05-27,0.0,402.79,30.5,18.95,2192.47,0.03571719780537106
2014-05-28,0.0,408.85,31.57,19.64,2289.63,0.05102456829338723
2014-05-29,0.0,429.84,32.02,19.12,2219.66,0.03257722437193185
2014-05-30,0.0,399.0,31.89,20.08,2332.76,0.01805484724227548
2014-05-31,0.0,368.24,31.15,20.48,2396.03,0.07849933583598036
2014-06-01,30.96,270.6,29.51,19.46,2273.1,0.49062084897487723
2014-06-02,0.0,369.14,27.48,17.25,1962.06,0.34932204447011256
2014-06-03,0.0,406.63,29.09,17.48,1997.08,0.18839840600635285
2014-06-04,0.0,422.7,30.87,18.49,2119.22,0.11382403696217151
2014-06-05,0.0,393.59,33.14,21.52,2563.05,0.08634926941957839
2014-06-06,17.46,309.53,33.5,21.24,2517.7,0.0667244354605833
2014-06-07,10.33,306.06,32.0,20.31,2370.03,0.05494953508518625
2014-06-08,16.84,271.67,31.16,21.21,2514.0,0.05102456829338723
2014-06-09,0.0,390.49,33.25,22.0,2640.0,0.058874501876985265
2014-06-10,0.0,401.8,34.41,22.5,2720.03,0.06279946866878429
2014-06-11,10.36,313.7,33.03,20.83,2452.43,0.06279946866878429
2014-06-12,12.9,282.48,31.34,21.0,2480.0,0.05102456829338723
2014-06-13,0.0,383.79,31.55,20.98,2476.25,0.04709960150158821
2014-06-14,0.0,398.45,31.58,20.52,2402.9,0.03924966791799018
2014-06-15,0.0,404.85,32.37,20.99,2478.33,0.031399734334392145
2014-06-16,0.0,412.26,33.07,21.36,2537.6,0.025512284146693615
2014-06-17,0.0,440.3,33.44,20.65,2424.07,0.021979814034074497
2014-06-18,0.0,470.42,33.22,19.12,2218.65,0.018839840600635285
2014-06-19,0.0,463.52,34.0,19.98,2318.71,0.02040982731735489
2014-06-20,0.0,464.45,34.91,20.64,2422.4,0.025904780825873514
2014-06-21,0.0,455.94,35.5,21.48,2556.31,0.025119787467513716
2014-06-22,0.0,439.67,35.05,21.94,2630.48,0.023942297429974006
2014-06-23,34.03,317.51,33.56,21.51,2560.88,0.023942297429974006
2014-06-24,26.06,301.83,31.91,21.01,2481.14,0.030222244296852437
2014-06-25,8.74,300.42,32.45,21.5,2560.0,0.10204913658677446
2014-06-26,0.0,408.26,33.8,22.31,2689.11,0.05494953508518625
2014-06-27,0.0,403.19,33.5,22.26,2682.13,0.03767968120127057
2014-06-28,0.0,396.38,33.46,22.51,2722.33,0.031399734334392145
2014-06-29,0.0,401.71,33.0,21.99,2638.93,0.029437250938492632
2014-06-30,0.0,405.17,32.97,21.85,2615.55,0.02825976090095293
2014-07-01,0.0,425.93,34.0,21.82,2610.61,0.01923233727981519
2014-07-02,0.0,414.57,34.1,22.28,2684.75,0.010989907017037248
2014-07-03,0.0,411.33,35.02,23.1,2815.95,0.007849933583598036
2014-07-04,0.0,469.7,34.0,19.87,2314.47,0.007457436904418133
2014-07-05,0.0,434.48,32.82,20.48,2396.26,0.007457436904418133
2014-07-06,0.0,357.07,30.94,21.64,2582.94,0.007064940225238232
2014-07-07,0.0,415.32,32.47,21.01,2480.82,0.005494953508518624
2014-07-08,0.0,437.27,34.41,21.56,2569.71,0.003924966791799018
2014-07-09,0.0,420.02,34.94,22.61,2737.67,0.0023157304071614202
2014-07-10,0.0,439.27,34.91,21.76,2602.19,0.003061474097603234
2014-07-11,32.77,298.95,32.93,21.85,2615.33,0.01334488709211666
2014-07-12,18.88,265.6,30.98,21.96,2633.38,0.01962483395899509
2014-07-13,26.94,287.38,31.89,21.55,2567.43,0.012952390412936757
2014-07-14,0.0,367.09,33.49,23.39,2862.07,0.00863492694195784
2014-07-15,0.0,390.43,34.0,23.02,2802.62,0.006279946866878429
2014-07-16,5.52,285.48,32.67,22.36,2696.94,0.005887450187698527
2014-07-17,0.0,441.07,32.0,19.63,2286.34,0.005494953508518624
2014-07-18,0.0,425.93,31.95,20.23,2357.12,0.004709960150158821
2014-07-19,0.0,393.31,31.38,21.0,2480.0,0.00431746347097892
2014-07-20,0.9,363.17,30.83,21.5,2560.0,0.004709960150158821
2014-07-21,5.07,268.42,31.4,22.3,2687.29,0.009812416979497545
2014-07-22,30.73,297.28,32.27,22.03,2644.96,0.07064940225238232
2014-07-23,1.31,401.26,33.07,22.07,2651.72,0.03179223101357204
2014-07-24,0.0,399.08,33.67,22.92,2786.73,0.013737383771296562
2014-07-25,0.0,385.88,33.73,23.41,2865.71,0.00863492694195784
2014-07-26,12.88,313.54,33.99,23.0,2799.39,0.00667244354605833
2014-07-27,0.0,411.68,34.82,23.35,2857.57,0.005887450187698527
2014-07-28,0.0,397.46,35.34,24.24,3038.09,0.005102456829338723
2014-07-29,0.0,444.88,33.5,21.01,2482.14,0.004709960150158821
2014-07-30,0.0,442.48,31.88,19.85,2310.31,0.00431746347097892
2014-07-31,0.0,396.3,31.89,21.56,2569.17,0.004709960150158821
2014-08-01,0.0,336.57,30.74,22.45,2712.2,0.007064940225238232
2014-08-02,11.49,227.89,29.76,22.53,2724.05,0.007849933583598036
2014-08-03,6.12,225.03,29.16,22.23,2676.75,0.025119787467513716
2014-08-04,0.0,311.44,29.47,22.29,2686.82,0.012167397054576956
2014-08-05,0.0,397.15,31.9,21.93,2628.4,0.012167397054576956
2014-08-06,0.0,452.44,33.9,21.37,2538.82,0.00863492694195784
2014-08-07,0.0,474.84,35.41,21.27,2523.22,0.007064940225238232
2014-08-08,0.0,451.03,35.5,22.45,2711.26,0.00667244354605833
2014-08-09,9.62,314.91,33.76,22.5,2720.64,0.025904780825873514
2014-08-10,15.73,308.22,32.67,22.49,2718.13,0.02001733063817499
2014-08-11,27.26,280.67,32.0,22.64,2741.95,0.03689468784291077
2014-08-12,0.0,375.08,32.42,22.94,2789.77,0.022764807392434302
2014-08-13,0.0,393.38,33.11,22.89,2781.85,0.013737383771296562
2014-08-14,0.0,422.1,32.43,21.32,2531.31,0.010204913658677445
2014-08-15,0.0,410.74,32.51,21.75,2599.45,0.00863492694195784
2014-08-16,0.0,420.72,33.57,22.22,2675.17,0.00863492694195784
2014-08-17,0.0,454.1,34.79,21.59,2573.68,0.007064940225238232
2014-08-18,0.0,425.0,34.28,22.44,2710.35,0.005887450187698527
2014-08-19,0.0,412.98,32.99,21.86,2617.88,0.005494953508518624
2014-08-20,0.0,451.98,34.83,21.4,2544.76,0.005494953508518624
2014-08-21,0.0,454.67,35.56,21.65,2583.37,0.005102456829338723
2014-08-22,0.0,451.54,36.49,22.28,2684.33,0.004709960150158821
2014-08-23,0.0,431.73,37.01,23.47,2879.48,0.00431746347097892
2014-08-24,0.0,375.37,34.64,24.0,3000.0,0.00431746347097892
2014-08-25,0.0,410.34,31.0,19.85,2308.11,0.00431746347097892
2014-08-26,0.0,405.46,31.3,20.25,2361.11,0.003924966791799018
2014-08-27,0.0,463.98,31.68,17.92,2067.68,0.0037679681201270568
2014-08-28,0.0,489.46,33.0,17.24,1959.18,0.0038857171238810277
2014-08-29,0.0,483.6,34.29,18.26,2100.51,0.0037287184522090664
2014-08-30,0.0,440.2,34.44,20.61,2418.33,0.003650219116373086
2014-08-31,0.0,380.39,35.01,23.48,2877.49,0.003493220444701126
2014-09-01,0.0,427.47,35.5,21.61,2577.04,0.003296972105111175
2014-09-02,7.48,356.95,34.55,22.41,2705.22,0.003532470112619116
2014-09-03,0.0,404.41,33.93,21.13,2501.53,0.00431746347097892
2014-09-04,0.0,365.25,32.92,21.84,2614.28,0.00431746347097892
2014-09-05,0.0,325.8,31.92,22.41,2705.31,0.005494953508518624
2014-09-06,0.42,298.99,31.5,22.82,2771.74,0.005887450187698527
2014-09-07,12.84,228.32,30.99,22.5,2720.0,0.006279946866878429
2014-09-08,32.78,219.94,30.64,22.5,2720.0,0.012559893733756858
2014-09-09,14.5,218.22,29.5,21.81,2609.53,0.021979814034074497
2014-09-10,0.0,281.36,29.74,22.08,2652.78,0.016484860525555874
2014-09-11,0.0,365.7,32.55,21.62,2578.72,0.010204913658677445
2014-09-12,0.0,371.81,33.59,22.11,2657.86,0.007457436904418133
2014-09-13,0.0,350.89,33.65,22.91,2785.17,0.025512284146693615
2014-09-14,21.42,254.71,32.26,22.17,2667.38,0.3375471440947155
2014-09-15,16.19,225.85,30.49,21.99,2637.8,0.1295239041293676
2014-09-16,0.0,298.43,29.93,21.64,2582.21,0.09027423621137741
2014-09-17,5.74,283.67,31.43,20.06,2330.89,0.2080232399653479
2014-09-18,10.17,279.19,31.0,19.9,2311.79,0.3375471440947155
2014-09-19,0.0,340.2,29.89,20.2,2353.54,0.3807217788045047
2014-09-20,0.0,302.24,27.53,19.45,2272.67,0.5769701183944556
2014-09-21,0.0,431.25,29.02,15.69,1774.88,0.4709960150158821
2014-09-22,0.0,430.27,30.89,17.01,1925.47,0.3179223101357204
2014-09-23,28.7,275.2,27.32,16.97,1917.88,0.23157304071614204
2014-09-24,1.27,285.85,21.49,14.07,1605.63,0.18447343921455384
2014-09-25,0.0,271.14,22.17,15.46,1756.62,0.1609236384637597
2014-09-26,0.0,224.69,24.0,18.47,2122.53,0.2629727750505342
2014-09-27,0.0,239.38,24.86,19.01,2201.43,0.3532470112619116
2014-09-28,0.0,235.44,26.13,20.4,2384.19,0.3532470112619116
2014-09-29,4.93,169.96,24.5,20.0,2320.0,0.31399734334392143
2014-09-30,10.78,221.78,25.61,18.47,2117.69,0.29044754259312733
